2026-05-11 22:56:57,457 | INFO     | ⏳ Đang nạp AI Model vào bộ nhớ...
2026-05-11 22:57:00,909 | INFO     | ✅ Nạp Model thành công! Server AI đã sẵn sàng.
2026-05-11 22:57:28,397 | INFO     | [048397] ------------------------------------------
2026-05-11 22:57:28,398 | INFO     | [048397] 📥 NHẬN YÊU CẦU QUÉT KHUÔN MẶT MỚI
2026-05-11 22:57:28,424 | INFO     | [048397] Đã xử lý ảnh thành công. Kích thước tensor: (1, 48, 48, 1)
2026-05-11 22:57:35,742 | INFO     | [048397] 📊 Chi tiết dự đoán: {'ANGRY': 2.97, 'DISGUST': 0.11, 'FEAR': 6.27, 'HAPPY': 19.81, 'NEUTRAL': 24.75, 'SAD': 44.26, 'SURPRISE': 1.84}
2026-05-11 22:57:35,743 | INFO     | [048397] 🎯 KẾT QUẢ CHỐT: SAD (44.26%)
2026-05-11 22:57:35,743 | INFO     | [048397] ⏱️ Thời gian phản hồi: 7345.38 ms
2026-05-11 22:57:35,747 | INFO     | [055747] ------------------------------------------
2026-05-11 22:57:35,747 | INFO     | [055747] 📥 NHẬN YÊU CẦU QUÉT KHUÔN MẶT MỚI
2026-05-11 22:57:35,748 | INFO     | [055747] Đã xử lý ảnh thành công. Kích thước tensor: (1, 48, 48, 1)
2026-05-11 22:57:35,822 | INFO     | [055747] 📊 Chi tiết dự đoán: {'ANGRY': 3.66, 'DISGUST': 0.12, 'FEAR': 7.06, 'HAPPY': 15.76, 'NEUTRAL': 22.18, 'SAD': 48.93, 'SURPRISE': 2.28}
2026-05-11 22:57:35,822 | INFO     | [055747] 🎯 KẾT QUẢ CHỐT: SAD (48.93%)
2026-05-11 22:57:35,822 | INFO     | [055747] ⏱️ Thời gian phản hồi: 74.32 ms
2026-05-11 22:57:35,824 | INFO     | [055824] ------------------------------------------
2026-05-11 22:57:35,825 | INFO     | [055824] 📥 NHẬN YÊU CẦU QUÉT KHUÔN MẶT MỚI
2026-05-11 22:57:35,826 | INFO     | [055824] Đã xử lý ảnh thành công. Kích thước tensor: (1, 48, 48, 1)
2026-05-11 22:57:35,902 | INFO     | [055824] 📊 Chi tiết dự đoán: {'ANGRY': 3.86, 'DISGUST': 0.12, 'FEAR': 6.92, 'HAPPY': 18.96, 'NEUTRAL': 23.16, 'SAD': 44.72, 'SURPRISE': 2.26}
2026-05-11 22:57:35,902 | INFO     | [055824] 🎯 KẾT QUẢ CHỐT: SAD (44.72%)
2026-05-11 22:57:35,902 | INFO     | [055824] ⏱️ Thời gian phản hồi: 78.27 ms
2026-05-11 22:57:35,905 | INFO     | [055905] ------------------------------------------
2026-05-11 22:57:35,905 | INFO     | [055905] 📥 NHẬN YÊU CẦU QUÉT KHUÔN MẶT MỚI
2026-05-11 22:57:35,906 | INFO     | [055905] Đã xử lý ảnh thành công. Kích thước tensor: (1, 48, 48, 1)
2026-05-11 22:57:35,982 | INFO     | [055905] 📊 Chi tiết dự đoán: {'ANGRY': 4.3, 'DISGUST': 0.14, 'FEAR': 7.33, 'HAPPY': 17.36, 'NEUTRAL': 26.52, 'SAD': 41.56, 'SURPRISE': 2.78}
2026-05-11 22:57:35,982 | INFO     | [055905] 🎯 KẾT QUẢ CHỐT: SAD (41.56%)
2026-05-11 22:57:35,982 | INFO     | [055905] ⏱️ Thời gian phản hồi: 77.15 ms
2026-05-11 22:57:35,984 | INFO     | [055984] ------------------------------------------
2026-05-11 22:57:35,984 | INFO     | [055984] 📥 NHẬN YÊU CẦU QUÉT KHUÔN MẶT MỚI
2026-05-11 22:57:35,985 | INFO     | [055984] Đã xử lý ảnh thành công. Kích thước tensor: (1, 48, 48, 1)
2026-05-11 22:57:36,055 | INFO     | [055984] 📊 Chi tiết dự đoán: {'ANGRY': 4.79, 'DISGUST': 0.1, 'FEAR': 9.74, 'HAPPY': 10.03, 'NEUTRAL': 22.74, 'SAD': 49.86, 'SURPRISE': 2.74}
2026-05-11 22:57:36,055 | INFO     | [055984] 🎯 KẾT QUẢ CHỐT: SAD (49.86%)
2026-05-11 22:57:36,055 | INFO     | [055984] ⏱️ Thời gian phản hồi: 71.69 ms
2026-05-11 22:57:36,058 | INFO     | [056058] ------------------------------------------
2026-05-11 22:57:36,058 | INFO     | [056058] 📥 NHẬN YÊU CẦU QUÉT KHUÔN MẶT MỚI
2026-05-11 22:57:36,059 | INFO     | [056058] Đã xử lý ảnh thành công. Kích thước tensor: (1, 48, 48, 1)
2026-05-11 22:57:36,129 | INFO     | [056058] 📊 Chi tiết dự đoán: {'ANGRY': 4.3, 'DISGUST': 0.08, 'FEAR': 9.16, 'HAPPY': 11.06, 'NEUTRAL': 23.21, 'SAD': 49.54, 'SURPRISE': 2.64}
2026-05-11 22:57:36,129 | INFO     | [056058] 🎯 KẾT QUẢ CHỐT: SAD (49.54%)
2026-05-11 22:57:36,129 | INFO     | [056058] ⏱️ Thời gian phản hồi: 71.64 ms
2026-05-11 22:57:36,131 | INFO     | [056131] ------------------------------------------
2026-05-11 22:57:36,132 | INFO     | [056131] 📥 NHẬN YÊU CẦU QUÉT KHUÔN MẶT MỚI
2026-05-11 22:57:36,132 | INFO     | [056131] Đã xử lý ảnh thành công. Kích thước tensor: (1, 48, 48, 1)
2026-05-11 22:57:36,199 | INFO     | [056131] 📊 Chi tiết dự đoán: {'ANGRY': 4.55, 'DISGUST': 0.11, 'FEAR': 9.3, 'HAPPY': 12.32, 'NEUTRAL': 23.17, 'SAD': 47.65, 'SURPRISE': 2.9}
2026-05-11 22:57:36,199 | INFO     | [056131] 🎯 KẾT QUẢ CHỐT: SAD (47.65%)
2026-05-11 22:57:36,199 | INFO     | [056131] ⏱️ Thời gian phản hồi: 67.44 ms
2026-05-11 22:57:36,201 | INFO     | [056201] ------------------------------------------
2026-05-11 22:57:36,201 | INFO     | [056201] 📥 NHẬN YÊU CẦU QUÉT KHUÔN MẶT MỚI
2026-05-11 22:57:36,203 | INFO     | [056201] Đã xử lý ảnh thành công. Kích thước tensor: (1, 48, 48, 1)
2026-05-11 22:57:36,277 | INFO     | [056201] 📊 Chi tiết dự đoán: {'ANGRY': 4.42, 'DISGUST': 0.08, 'FEAR': 8.1, 'HAPPY': 13.15, 'NEUTRAL': 24.16, 'SAD': 46.97, 'SURPRISE': 3.12}
2026-05-11 22:57:36,278 | INFO     | [056201] 🎯 KẾT QUẢ CHỐT: SAD (46.97%)
2026-05-11 22:57:36,278 | INFO     | [056201] ⏱️ Thời gian phản hồi: 76.22 ms
2026-05-11 22:57:36,280 | INFO     | [056280] ------------------------------------------
2026-05-11 22:57:36,280 | INFO     | [056280] 📥 NHẬN YÊU CẦU QUÉT KHUÔN MẶT MỚI
2026-05-11 22:57:36,281 | INFO     | [056280] Đã xử lý ảnh thành công. Kích thước tensor: (1, 48, 48, 1)
2026-05-11 22:57:36,376 | INFO     | [056280] 📊 Chi tiết dự đoán: {'ANGRY': 4.77, 'DISGUST': 0.1, 'FEAR': 8.04, 'HAPPY': 16.67, 'NEUTRAL': 23.13, 'SAD': 44.32, 'SURPRISE': 2.97}
2026-05-11 22:57:36,377 | INFO     | [056280] 🎯 KẾT QUẢ CHỐT: SAD (44.32%)
2026-05-11 22:57:36,377 | INFO     | [056280] ⏱️ Thời gian phản hồi: 95.74 ms
2026-05-11 22:57:36,378 | INFO     | [056378] ------------------------------------------
2026-05-11 22:57:36,379 | INFO     | [056378] 📥 NHẬN YÊU CẦU QUÉT KHUÔN MẶT MỚI
2026-05-11 22:57:36,380 | INFO     | [056378] Đã xử lý ảnh thành công. Kích thước tensor: (1, 48, 48, 1)
2026-05-11 22:57:36,449 | INFO     | [056378] 📊 Chi tiết dự đoán: {'ANGRY': 4.3, 'DISGUST': 0.07, 'FEAR': 8.43, 'HAPPY': 9.17, 'NEUTRAL': 23.34, 'SAD': 52.27, 'SURPRISE': 2.43}
2026-05-11 22:57:36,449 | INFO     | [056378] 🎯 KẾT QUẢ CHỐT: SAD (52.27%)
2026-05-11 22:57:36,449 | INFO     | [056378] ⏱️ Thời gian phản hồi: 70.72 ms
2026-05-11 22:57:36,452 | INFO     | [056452] ------------------------------------------
2026-05-11 22:57:36,452 | INFO     | [056452] 📥 NHẬN YÊU CẦU QUÉT KHUÔN MẶT MỚI
2026-05-11 22:57:36,452 | INFO     | [056452] Đã xử lý ảnh thành công. Kích thước tensor: (1, 48, 48, 1)
2026-05-11 22:57:36,528 | INFO     | [056452] 📊 Chi tiết dự đoán: {'ANGRY': 4.48, 'DISGUST': 0.11, 'FEAR': 8.44, 'HAPPY': 12.51, 'NEUTRAL': 28.33, 'SAD': 41.76, 'SURPRISE': 4.37}
2026-05-11 22:57:36,528 | INFO     | [056452] 🎯 KẾT QUẢ CHỐT: SAD (41.76%)
2026-05-11 22:57:36,528 | INFO     | [056452] ⏱️ Thời gian phản hồi: 76.58 ms
2026-05-11 22:57:36,529 | INFO     | [056529] ------------------------------------------
2026-05-11 22:57:36,530 | INFO     | [056529] 📥 NHẬN YÊU CẦU QUÉT KHUÔN MẶT MỚI
2026-05-11 22:57:36,530 | INFO     | [056529] Đã xử lý ảnh thành công. Kích thước tensor: (1, 48, 48, 1)
2026-05-11 22:57:36,604 | INFO     | [056529] 📊 Chi tiết dự đoán: {'ANGRY': 4.66, 'DISGUST': 0.08, 'FEAR': 9.38, 'HAPPY': 10.84, 'NEUTRAL': 25.23, 'SAD': 46.7, 'SURPRISE': 3.11}
2026-05-11 22:57:36,604 | INFO     | [056529] 🎯 KẾT QUẢ CHỐT: SAD (46.70%)
2026-05-11 22:57:36,604 | INFO     | [056529] ⏱️ Thời gian phản hồi: 74.35 ms
2026-05-11 22:57:36,606 | INFO     | [056606] ------------------------------------------
2026-05-11 22:57:36,607 | INFO     | [056606] 📥 NHẬN YÊU CẦU QUÉT KHUÔN MẶT MỚI
2026-05-11 22:57:36,608 | INFO     | [056606] Đã xử lý ảnh thành công. Kích thước tensor: (1, 48, 48, 1)
2026-05-11 22:57:36,680 | INFO     | [056606] 📊 Chi tiết dự đoán: {'ANGRY': 4.38, 'DISGUST': 0.09, 'FEAR': 8.82, 'HAPPY': 10.06, 'NEUTRAL': 23.98, 'SAD': 49.52, 'SURPRISE': 3.14}
2026-05-11 22:57:36,680 | INFO     | [056606] 🎯 KẾT QUẢ CHỐT: SAD (49.52%)
2026-05-11 22:57:36,680 | INFO     | [056606] ⏱️ Thời gian phản hồi: 74.08 ms
2026-05-11 22:57:36,682 | INFO     | [056682] ------------------------------------------
2026-05-11 22:57:36,682 | INFO     | [056682] 📥 NHẬN YÊU CẦU QUÉT KHUÔN MẶT MỚI
2026-05-11 22:57:36,682 | INFO     | [056682] Đã xử lý ảnh thành công. Kích thước tensor: (1, 48, 48, 1)
2026-05-11 22:57:36,751 | INFO     | [056682] 📊 Chi tiết dự đoán: {'ANGRY': 4.68, 'DISGUST': 0.12, 'FEAR': 10.11, 'HAPPY': 12.2, 'NEUTRAL': 22.39, 'SAD': 46.62, 'SURPRISE': 3.89}
2026-05-11 22:57:36,752 | INFO     | [056682] 🎯 KẾT QUẢ CHỐT: SAD (46.62%)
2026-05-11 22:57:36,752 | INFO     | [056682] ⏱️ Thời gian phản hồi: 68.72 ms
2026-05-11 22:57:36,753 | INFO     | [056753] ------------------------------------------
2026-05-11 22:57:36,753 | INFO     | [056753] 📥 NHẬN YÊU CẦU QUÉT KHUÔN MẶT MỚI
2026-05-11 22:57:36,754 | INFO     | [056753] Đã xử lý ảnh thành công. Kích thước tensor: (1, 48, 48, 1)
2026-05-11 22:57:36,808 | INFO     | [056753] 📊 Chi tiết dự đoán: {'ANGRY': 4.58, 'DISGUST': 0.12, 'FEAR': 9.22, 'HAPPY': 13.37, 'NEUTRAL': 24.39, 'SAD': 44.82, 'SURPRISE': 3.5}
2026-05-11 22:57:36,809 | INFO     | [056753] 🎯 KẾT QUẢ CHỐT: SAD (44.82%)
2026-05-11 22:57:36,809 | INFO     | [056753] ⏱️ Thời gian phản hồi: 55.15 ms
2026-05-11 22:57:36,811 | INFO     | [056811] ------------------------------------------
2026-05-11 22:57:36,811 | INFO     | [056811] 📥 NHẬN YÊU CẦU QUÉT KHUÔN MẶT MỚI
2026-05-11 22:57:36,811 | INFO     | [056811] Đã xử lý ảnh thành công. Kích thước tensor: (1, 48, 48, 1)
2026-05-11 22:57:36,871 | INFO     | [056811] 📊 Chi tiết dự đoán: {'ANGRY': 4.53, 'DISGUST': 0.1, 'FEAR': 9.2, 'HAPPY': 7.01, 'NEUTRAL': 26.5, 'SAD': 49.47, 'SURPRISE': 3.19}
2026-05-11 22:57:36,871 | INFO     | [056811] 🎯 KẾT QUẢ CHỐT: SAD (49.47%)
2026-05-11 22:57:36,871 | INFO     | [056811] ⏱️ Thời gian phản hồi: 60.02 ms
2026-05-11 22:57:36,873 | INFO     | [056873] ------------------------------------------
2026-05-11 22:57:36,873 | INFO     | [056873] 📥 NHẬN YÊU CẦU QUÉT KHUÔN MẶT MỚI
2026-05-11 22:57:36,874 | INFO     | [056873] Đã xử lý ảnh thành công. Kích thước tensor: (1, 48, 48, 1)
2026-05-11 22:57:36,938 | INFO     | [056873] 📊 Chi tiết dự đoán: {'ANGRY': 4.36, 'DISGUST': 0.08, 'FEAR': 8.2, 'HAPPY': 10.39, 'NEUTRAL': 30.19, 'SAD': 43.88, 'SURPRISE': 2.89}
2026-05-11 22:57:36,938 | INFO     | [056873] 🎯 KẾT QUẢ CHỐT: SAD (43.88%)
2026-05-11 22:57:36,938 | INFO     | [056873] ⏱️ Thời gian phản hồi: 65.64 ms
2026-05-11 22:57:36,942 | INFO     | [056942] ------------------------------------------
2026-05-11 22:57:36,942 | INFO     | [056942] 📥 NHẬN YÊU CẦU QUÉT KHUÔN MẶT MỚI
2026-05-11 22:57:36,943 | INFO     | [056942] Đã xử lý ảnh thành công. Kích thước tensor: (1, 48, 48, 1)
2026-05-11 22:57:37,014 | INFO     | [056942] 📊 Chi tiết dự đoán: {'ANGRY': 4.44, 'DISGUST': 0.1, 'FEAR': 9.21, 'HAPPY': 10.22, 'NEUTRAL': 25.8, 'SAD': 46.81, 'SURPRISE': 3.41}
2026-05-11 22:57:37,014 | INFO     | [056942] 🎯 KẾT QUẢ CHỐT: SAD (46.81%)
2026-05-11 22:57:37,014 | INFO     | [056942] ⏱️ Thời gian phản hồi: 72.0 ms
2026-05-11 22:57:37,017 | INFO     | [057017] ------------------------------------------
2026-05-11 22:57:37,017 | INFO     | [057017] 📥 NHẬN YÊU CẦU QUÉT KHUÔN MẶT MỚI
2026-05-11 22:57:37,018 | INFO     | [057017] Đã xử lý ảnh thành công. Kích thước tensor: (1, 48, 48, 1)
2026-05-11 22:57:37,079 | INFO     | [057017] 📊 Chi tiết dự đoán: {'ANGRY': 4.56, 'DISGUST': 0.12, 'FEAR': 9.41, 'HAPPY': 9.96, 'NEUTRAL': 26.73, 'SAD': 45.27, 'SURPRISE': 3.96}
2026-05-11 22:57:37,079 | INFO     | [057017] 🎯 KẾT QUẢ CHỐT: SAD (45.27%)
2026-05-11 22:57:37,079 | INFO     | [057017] ⏱️ Thời gian phản hồi: 62.39 ms
2026-05-11 22:57:37,081 | INFO     | [057081] ------------------------------------------
2026-05-11 22:57:37,081 | INFO     | [057081] 📥 NHẬN YÊU CẦU QUÉT KHUÔN MẶT MỚI
2026-05-11 22:57:37,082 | INFO     | [057081] Đã xử lý ảnh thành công. Kích thước tensor: (1, 48, 48, 1)
2026-05-11 22:57:37,145 | INFO     | [057081] 📊 Chi tiết dự đoán: {'ANGRY': 5.37, 'DISGUST': 0.11, 'FEAR': 10.0, 'HAPPY': 9.86, 'NEUTRAL': 27.0, 'SAD': 43.73, 'SURPRISE': 3.92}
2026-05-11 22:57:37,145 | INFO     | [057081] 🎯 KẾT QUẢ CHỐT: SAD (43.73%)
2026-05-11 22:57:37,145 | INFO     | [057081] ⏱️ Thời gian phản hồi: 63.14 ms
2026-05-11 22:57:37,146 | INFO     | [057146] ------------------------------------------
2026-05-11 22:57:37,148 | INFO     | [057146] 📥 NHẬN YÊU CẦU QUÉT KHUÔN MẶT MỚI
2026-05-11 22:57:37,148 | INFO     | [057146] Đã xử lý ảnh thành công. Kích thước tensor: (1, 48, 48, 1)
2026-05-11 22:57:37,207 | INFO     | [057146] 📊 Chi tiết dự đoán: {'ANGRY': 4.49, 'DISGUST': 0.13, 'FEAR': 8.88, 'HAPPY': 10.91, 'NEUTRAL': 28.78, 'SAD': 42.59, 'SURPRISE': 4.22}
2026-05-11 22:57:37,207 | INFO     | [057146] 🎯 KẾT QUẢ CHỐT: SAD (42.59%)
2026-05-11 22:57:37,207 | INFO     | [057146] ⏱️ Thời gian phản hồi: 60.54 ms
2026-05-11 22:57:37,208 | INFO     | [057208] ------------------------------------------
2026-05-11 22:57:37,208 | INFO     | [057208] 📥 NHẬN YÊU CẦU QUÉT KHUÔN MẶT MỚI
2026-05-11 22:57:37,210 | INFO     | [057208] Đã xử lý ảnh thành công. Kích thước tensor: (1, 48, 48, 1)
2026-05-11 22:57:37,265 | INFO     | [057208] 📊 Chi tiết dự đoán: {'ANGRY': 4.5, 'DISGUST': 0.12, 'FEAR': 9.24, 'HAPPY': 11.21, 'NEUTRAL': 27.66, 'SAD': 43.65, 'SURPRISE': 3.62}
2026-05-11 22:57:37,265 | INFO     | [057208] 🎯 KẾT QUẢ CHỐT: SAD (43.65%)
2026-05-11 22:57:37,265 | INFO     | [057208] ⏱️ Thời gian phản hồi: 57.0 ms
2026-05-11 22:57:37,267 | INFO     | [057267] ------------------------------------------
2026-05-11 22:57:37,268 | INFO     | [057267] 📥 NHẬN YÊU CẦU QUÉT KHUÔN MẶT MỚI
2026-05-11 22:57:37,269 | INFO     | [057267] Đã xử lý ảnh thành công. Kích thước tensor: (1, 48, 48, 1)
2026-05-11 22:57:37,329 | INFO     | [057267] 📊 Chi tiết dự đoán: {'ANGRY': 4.29, 'DISGUST': 0.09, 'FEAR': 8.19, 'HAPPY': 11.43, 'NEUTRAL': 26.97, 'SAD': 46.25, 'SURPRISE': 2.78}
2026-05-11 22:57:37,330 | INFO     | [057267] 🎯 KẾT QUẢ CHỐT: SAD (46.25%)
2026-05-11 22:57:37,330 | INFO     | [057267] ⏱️ Thời gian phản hồi: 61.5 ms
2026-05-11 22:57:37,332 | INFO     | [057332] ------------------------------------------
2026-05-11 22:57:37,332 | INFO     | [057332] 📥 NHẬN YÊU CẦU QUÉT KHUÔN MẶT MỚI
2026-05-11 22:57:37,332 | INFO     | [057332] Đã xử lý ảnh thành công. Kích thước tensor: (1, 48, 48, 1)
2026-05-11 22:57:37,386 | INFO     | [057332] 📊 Chi tiết dự đoán: {'ANGRY': 4.49, 'DISGUST': 0.12, 'FEAR': 8.76, 'HAPPY': 9.8, 'NEUTRAL': 24.24, 'SAD': 49.55, 'SURPRISE': 3.04}
2026-05-11 22:57:37,387 | INFO     | [057332] 🎯 KẾT QUẢ CHỐT: SAD (49.55%)
2026-05-11 22:57:37,387 | INFO     | [057332] ⏱️ Thời gian phản hồi: 54.2 ms
2026-05-11 22:57:37,388 | INFO     | [057388] ------------------------------------------
2026-05-11 22:57:37,388 | INFO     | [057388] 📥 NHẬN YÊU CẦU QUÉT KHUÔN MẶT MỚI
2026-05-11 22:57:37,389 | INFO     | [057388] Đã xử lý ảnh thành công. Kích thước tensor: (1, 48, 48, 1)
2026-05-11 22:57:37,438 | INFO     | [057388] 📊 Chi tiết dự đoán: {'ANGRY': 4.73, 'DISGUST': 0.09, 'FEAR': 8.63, 'HAPPY': 7.74, 'NEUTRAL': 26.04, 'SAD': 49.86, 'SURPRISE': 2.9}
2026-05-11 22:57:37,438 | INFO     | [057388] 🎯 KẾT QUẢ CHỐT: SAD (49.86%)
2026-05-11 22:57:37,439 | INFO     | [057388] ⏱️ Thời gian phản hồi: 49.09 ms
2026-05-11 22:57:37,441 | INFO     | [057439] ------------------------------------------
2026-05-11 22:57:37,441 | INFO     | [057439] 📥 NHẬN YÊU CẦU QUÉT KHUÔN MẶT MỚI
2026-05-11 22:57:37,441 | INFO     | [057439] Đã xử lý ảnh thành công. Kích thước tensor: (1, 48, 48, 1)
2026-05-11 22:57:37,492 | INFO     | [057439] 📊 Chi tiết dự đoán: {'ANGRY': 4.55, 'DISGUST': 0.13, 'FEAR': 11.23, 'HAPPY': 7.26, 'NEUTRAL': 25.44, 'SAD': 45.96, 'SURPRISE': 5.42}
2026-05-11 22:57:37,493 | INFO     | [057439] 🎯 KẾT QUẢ CHỐT: SAD (45.96%)
2026-05-11 22:57:37,493 | INFO     | [057439] ⏱️ Thời gian phản hồi: 53.19 ms
2026-05-11 22:57:37,494 | INFO     | [057494] ------------------------------------------
2026-05-11 22:57:37,494 | INFO     | [057494] 📥 NHẬN YÊU CẦU QUÉT KHUÔN MẶT MỚI
2026-05-11 22:57:37,495 | INFO     | [057494] Đã xử lý ảnh thành công. Kích thước tensor: (1, 48, 48, 1)
2026-05-11 22:57:37,558 | INFO     | [057494] 📊 Chi tiết dự đoán: {'ANGRY': 4.65, 'DISGUST': 0.19, 'FEAR': 11.27, 'HAPPY': 7.93, 'NEUTRAL': 25.75, 'SAD': 45.01, 'SURPRISE': 5.19}
2026-05-11 22:57:37,558 | INFO     | [057494] 🎯 KẾT QUẢ CHỐT: SAD (45.01%)
2026-05-11 22:57:37,558 | INFO     | [057494] ⏱️ Thời gian phản hồi: 63.54 ms
2026-05-11 22:57:37,561 | INFO     | [057561] ------------------------------------------
2026-05-11 22:57:37,561 | INFO     | [057561] 📥 NHẬN YÊU CẦU QUÉT KHUÔN MẶT MỚI
2026-05-11 22:57:37,561 | INFO     | [057561] Đã xử lý ảnh thành công. Kích thước tensor: (1, 48, 48, 1)
2026-05-11 22:57:37,620 | INFO     | [057561] 📊 Chi tiết dự đoán: {'ANGRY': 4.4, 'DISGUST': 0.15, 'FEAR': 9.41, 'HAPPY': 10.24, 'NEUTRAL': 25.75, 'SAD': 46.05, 'SURPRISE': 4.0}
2026-05-11 22:57:37,620 | INFO     | [057561] 🎯 KẾT QUẢ CHỐT: SAD (46.05%)
2026-05-11 22:57:37,620 | INFO     | [057561] ⏱️ Thời gian phản hồi: 58.45 ms
2026-05-11 22:57:37,623 | INFO     | [057623] ------------------------------------------
2026-05-11 22:57:37,623 | INFO     | [057623] 📥 NHẬN YÊU CẦU QUÉT KHUÔN MẶT MỚI
2026-05-11 22:57:37,624 | INFO     | [057623] Đã xử lý ảnh thành công. Kích thước tensor: (1, 48, 48, 1)
2026-05-11 22:57:37,678 | INFO     | [057623] 📊 Chi tiết dự đoán: {'ANGRY': 5.03, 'DISGUST': 0.22, 'FEAR': 11.03, 'HAPPY': 9.92, 'NEUTRAL': 23.72, 'SAD': 44.43, 'SURPRISE': 5.65}
2026-05-11 22:57:37,678 | INFO     | [057623] 🎯 KẾT QUẢ CHỐT: SAD (44.43%)
2026-05-11 22:57:37,678 | INFO     | [057623] ⏱️ Thời gian phản hồi: 55.69 ms
2026-05-11 22:57:37,679 | INFO     | [057679] ------------------------------------------
2026-05-11 22:57:37,679 | INFO     | [057679] 📥 NHẬN YÊU CẦU QUÉT KHUÔN MẶT MỚI
2026-05-11 22:57:37,681 | INFO     | [057679] Đã xử lý ảnh thành công. Kích thước tensor: (1, 48, 48, 1)
2026-05-11 22:57:37,730 | INFO     | [057679] 📊 Chi tiết dự đoán: {'ANGRY': 4.91, 'DISGUST': 0.18, 'FEAR': 10.4, 'HAPPY': 10.16, 'NEUTRAL': 24.51, 'SAD': 43.94, 'SURPRISE': 5.89}
2026-05-11 22:57:37,730 | INFO     | [057679] 🎯 KẾT QUẢ CHỐT: SAD (43.94%)
2026-05-11 22:57:37,731 | INFO     | [057679] ⏱️ Thời gian phản hồi: 50.17 ms
2026-05-11 22:57:37,732 | INFO     | [057732] ------------------------------------------
2026-05-11 22:57:37,732 | INFO     | [057732] 📥 NHẬN YÊU CẦU QUÉT KHUÔN MẶT MỚI
2026-05-11 22:57:37,733 | INFO     | [057732] Đã xử lý ảnh thành công. Kích thước tensor: (1, 48, 48, 1)
2026-05-11 22:57:37,787 | INFO     | [057732] 📊 Chi tiết dự đoán: {'ANGRY': 4.54, 'DISGUST': 0.14, 'FEAR': 8.99, 'HAPPY': 10.04, 'NEUTRAL': 24.14, 'SAD': 47.5, 'SURPRISE': 4.65}
2026-05-11 22:57:37,788 | INFO     | [057732] 🎯 KẾT QUẢ CHỐT: SAD (47.50%)
2026-05-11 22:57:37,788 | INFO     | [057732] ⏱️ Thời gian phản hồi: 55.16 ms
2026-05-11 22:57:37,789 | INFO     | [057789] ------------------------------------------
2026-05-11 22:57:37,789 | INFO     | [057789] 📥 NHẬN YÊU CẦU QUÉT KHUÔN MẶT MỚI
2026-05-11 22:57:37,789 | INFO     | [057789] Đã xử lý ảnh thành công. Kích thước tensor: (1, 48, 48, 1)
2026-05-11 22:57:37,845 | INFO     | [057789] 📊 Chi tiết dự đoán: {'ANGRY': 4.98, 'DISGUST': 0.14, 'FEAR': 9.56, 'HAPPY': 13.68, 'NEUTRAL': 22.93, 'SAD': 44.25, 'SURPRISE': 4.46}
2026-05-11 22:57:37,845 | INFO     | [057789] 🎯 KẾT QUẢ CHỐT: SAD (44.25%)
2026-05-11 22:57:37,845 | INFO     | [057789] ⏱️ Thời gian phản hồi: 55.28 ms
2026-05-11 22:57:37,847 | INFO     | [057847] ------------------------------------------
2026-05-11 22:57:37,847 | INFO     | [057847] 📥 NHẬN YÊU CẦU QUÉT KHUÔN MẶT MỚI
2026-05-11 22:57:37,848 | INFO     | [057847] Đã xử lý ảnh thành công. Kích thước tensor: (1, 48, 48, 1)
2026-05-11 22:57:37,905 | INFO     | [057847] 📊 Chi tiết dự đoán: {'ANGRY': 4.85, 'DISGUST': 0.12, 'FEAR': 9.7, 'HAPPY': 11.05, 'NEUTRAL': 25.41, 'SAD': 44.93, 'SURPRISE': 3.94}
2026-05-11 22:57:37,906 | INFO     | [057847] 🎯 KẾT QUẢ CHỐT: SAD (44.93%)
2026-05-11 22:57:37,906 | INFO     | [057847] ⏱️ Thời gian phản hồi: 58.62 ms
2026-05-11 22:57:37,908 | INFO     | [057908] ------------------------------------------
2026-05-11 22:57:37,908 | INFO     | [057908] 📥 NHẬN YÊU CẦU QUÉT KHUÔN MẶT MỚI
2026-05-11 22:57:37,909 | INFO     | [057908] Đã xử lý ảnh thành công. Kích thước tensor: (1, 48, 48, 1)
2026-05-11 22:57:37,971 | INFO     | [057908] 📊 Chi tiết dự đoán: {'ANGRY': 4.1, 'DISGUST': 0.14, 'FEAR': 8.68, 'HAPPY': 10.95, 'NEUTRAL': 24.63, 'SAD': 46.67, 'SURPRISE': 4.84}
2026-05-11 22:57:37,973 | INFO     | [057908] 🎯 KẾT QUẢ CHỐT: SAD (46.67%)
2026-05-11 22:57:37,973 | INFO     | [057908] ⏱️ Thời gian phản hồi: 63.49 ms
2026-05-11 22:57:37,974 | INFO     | [057974] ------------------------------------------
2026-05-11 22:57:37,974 | INFO     | [057974] 📥 NHẬN YÊU CẦU QUÉT KHUÔN MẶT MỚI
2026-05-11 22:57:37,975 | INFO     | [057974] Đã xử lý ảnh thành công. Kích thước tensor: (1, 48, 48, 1)
2026-05-11 22:57:38,024 | INFO     | [057974] 📊 Chi tiết dự đoán: {'ANGRY': 4.47, 'DISGUST': 0.12, 'FEAR': 8.72, 'HAPPY': 11.11, 'NEUTRAL': 26.86, 'SAD': 44.39, 'SURPRISE': 4.33}
2026-05-11 22:57:38,024 | INFO     | [057974] 🎯 KẾT QUẢ CHỐT: SAD (44.39%)
2026-05-11 22:57:38,024 | INFO     | [057974] ⏱️ Thời gian phản hồi: 50.42 ms
2026-05-11 22:57:38,027 | INFO     | [058027] ------------------------------------------
2026-05-11 22:57:38,027 | INFO     | [058027] 📥 NHẬN YÊU CẦU QUÉT KHUÔN MẶT MỚI
2026-05-11 22:57:38,028 | INFO     | [058027] Đã xử lý ảnh thành công. Kích thước tensor: (1, 48, 48, 1)
2026-05-11 22:57:38,084 | INFO     | [058027] 📊 Chi tiết dự đoán: {'ANGRY': 4.4, 'DISGUST': 0.18, 'FEAR': 7.97, 'HAPPY': 12.2, 'NEUTRAL': 24.51, 'SAD': 46.65, 'SURPRISE': 4.08}
2026-05-11 22:57:38,084 | INFO     | [058027] 🎯 KẾT QUẢ CHỐT: SAD (46.65%)
2026-05-11 22:57:38,084 | INFO     | [058027] ⏱️ Thời gian phản hồi: 57.6 ms
2026-05-11 22:57:38,085 | INFO     | [058085] ------------------------------------------
2026-05-11 22:57:38,085 | INFO     | [058085] 📥 NHẬN YÊU CẦU QUÉT KHUÔN MẶT MỚI
2026-05-11 22:57:38,086 | INFO     | [058085] Đã xử lý ảnh thành công. Kích thước tensor: (1, 48, 48, 1)
2026-05-11 22:57:38,135 | INFO     | [058085] 📊 Chi tiết dự đoán: {'ANGRY': 4.21, 'DISGUST': 0.14, 'FEAR': 7.7, 'HAPPY': 8.97, 'NEUTRAL': 29.67, 'SAD': 45.69, 'SURPRISE': 3.61}
2026-05-11 22:57:38,135 | INFO     | [058085] 🎯 KẾT QUẢ CHỐT: SAD (45.69%)
2026-05-11 22:57:38,135 | INFO     | [058085] ⏱️ Thời gian phản hồi: 49.76 ms
2026-05-11 22:57:38,138 | INFO     | [058138] ------------------------------------------
2026-05-11 22:57:38,138 | INFO     | [058138] 📥 NHẬN YÊU CẦU QUÉT KHUÔN MẶT MỚI
2026-05-11 22:57:38,138 | INFO     | [058138] Đã xử lý ảnh thành công. Kích thước tensor: (1, 48, 48, 1)
2026-05-11 22:57:38,189 | INFO     | [058138] 📊 Chi tiết dự đoán: {'ANGRY': 4.21, 'DISGUST': 0.12, 'FEAR': 6.31, 'HAPPY': 13.93, 'NEUTRAL': 30.79, 'SAD': 40.8, 'SURPRISE': 3.84}
2026-05-11 22:57:38,189 | INFO     | [058138] 🎯 KẾT QUẢ CHỐT: SAD (40.80%)
2026-05-11 22:57:38,190 | INFO     | [058138] ⏱️ Thời gian phản hồi: 50.97 ms
2026-05-11 22:57:38,192 | INFO     | [058192] ------------------------------------------
2026-05-11 22:57:38,192 | INFO     | [058192] 📥 NHẬN YÊU CẦU QUÉT KHUÔN MẶT MỚI
2026-05-11 22:57:38,193 | INFO     | [058192] Đã xử lý ảnh thành công. Kích thước tensor: (1, 48, 48, 1)
2026-05-11 22:57:38,244 | INFO     | [058192] 📊 Chi tiết dự đoán: {'ANGRY': 4.6, 'DISGUST': 0.14, 'FEAR': 7.07, 'HAPPY': 12.36, 'NEUTRAL': 28.94, 'SAD': 41.89, 'SURPRISE': 5.0}
2026-05-11 22:57:38,244 | INFO     | [058192] 🎯 KẾT QUẢ CHỐT: SAD (41.89%)
2026-05-11 22:57:38,244 | INFO     | [058192] ⏱️ Thời gian phản hồi: 52.14 ms
2026-05-11 22:57:38,245 | INFO     | [058245] ------------------------------------------
2026-05-11 22:57:38,245 | INFO     | [058245] 📥 NHẬN YÊU CẦU QUÉT KHUÔN MẶT MỚI
2026-05-11 22:57:38,246 | INFO     | [058245] Đã xử lý ảnh thành công. Kích thước tensor: (1, 48, 48, 1)
2026-05-11 22:57:38,297 | INFO     | [058245] 📊 Chi tiết dự đoán: {'ANGRY': 4.67, 'DISGUST': 0.16, 'FEAR': 8.12, 'HAPPY': 13.21, 'NEUTRAL': 26.5, 'SAD': 40.84, 'SURPRISE': 6.51}
2026-05-11 22:57:38,297 | INFO     | [058245] 🎯 KẾT QUẢ CHỐT: SAD (40.84%)
2026-05-11 22:57:38,297 | INFO     | [058245] ⏱️ Thời gian phản hồi: 51.26 ms
2026-05-11 22:57:38,299 | INFO     | [058299] ------------------------------------------
2026-05-11 22:57:38,299 | INFO     | [058299] 📥 NHẬN YÊU CẦU QUÉT KHUÔN MẶT MỚI
2026-05-11 22:57:38,299 | INFO     | [058299] Đã xử lý ảnh thành công. Kích thước tensor: (1, 48, 48, 1)
2026-05-11 22:57:38,359 | INFO     | [058299] 📊 Chi tiết dự đoán: {'ANGRY': 4.17, 'DISGUST': 0.15, 'FEAR': 7.56, 'HAPPY': 11.06, 'NEUTRAL': 29.42, 'SAD': 41.57, 'SURPRISE': 6.07}
2026-05-11 22:57:38,361 | INFO     | [058299] 🎯 KẾT QUẢ CHỐT: SAD (41.57%)
2026-05-11 22:57:38,361 | INFO     | [058299] ⏱️ Thời gian phản hồi: 60.59 ms
2026-05-11 22:57:38,362 | INFO     | [058362] ------------------------------------------
2026-05-11 22:57:38,362 | INFO     | [058362] 📥 NHẬN YÊU CẦU QUÉT KHUÔN MẶT MỚI
2026-05-11 22:57:38,363 | INFO     | [058362] Đã xử lý ảnh thành công. Kích thước tensor: (1, 48, 48, 1)
2026-05-11 22:57:38,421 | INFO     | [058362] 📊 Chi tiết dự đoán: {'ANGRY': 4.03, 'DISGUST': 0.13, 'FEAR': 7.28, 'HAPPY': 13.11, 'NEUTRAL': 29.02, 'SAD': 40.44, 'SURPRISE': 5.98}
2026-05-11 22:57:38,422 | INFO     | [058362] 🎯 KẾT QUẢ CHỐT: SAD (40.44%)
2026-05-11 22:57:38,422 | INFO     | [058362] ⏱️ Thời gian phản hồi: 58.78 ms
2026-05-11 22:57:38,423 | INFO     | [058423] ------------------------------------------
2026-05-11 22:57:38,424 | INFO     | [058423] 📥 NHẬN YÊU CẦU QUÉT KHUÔN MẶT MỚI
2026-05-11 22:57:38,424 | INFO     | [058423] Đã xử lý ảnh thành công. Kích thước tensor: (1, 48, 48, 1)
2026-05-11 22:57:38,482 | INFO     | [058423] 📊 Chi tiết dự đoán: {'ANGRY': 4.02, 'DISGUST': 0.12, 'FEAR': 7.12, 'HAPPY': 8.51, 'NEUTRAL': 33.21, 'SAD': 42.58, 'SURPRISE': 4.45}
2026-05-11 22:57:38,482 | INFO     | [058423] 🎯 KẾT QUẢ CHỐT: SAD (42.58%)
2026-05-11 22:57:38,483 | INFO     | [058423] ⏱️ Thời gian phản hồi: 59.03 ms
2026-05-11 22:57:38,484 | INFO     | [058484] ------------------------------------------
2026-05-11 22:57:38,485 | INFO     | [058484] 📥 NHẬN YÊU CẦU QUÉT KHUÔN MẶT MỚI
2026-05-11 22:57:38,485 | INFO     | [058484] Đã xử lý ảnh thành công. Kích thước tensor: (1, 48, 48, 1)
2026-05-11 22:57:38,538 | INFO     | [058484] 📊 Chi tiết dự đoán: {'ANGRY': 3.97, 'DISGUST': 0.17, 'FEAR': 7.09, 'HAPPY': 9.29, 'NEUTRAL': 34.33, 'SAD': 38.99, 'SURPRISE': 6.16}
2026-05-11 22:57:38,538 | INFO     | [058484] 🎯 KẾT QUẢ CHỐT: SAD (38.99%)
2026-05-11 22:57:38,538 | INFO     | [058484] ⏱️ Thời gian phản hồi: 53.95 ms
2026-05-11 22:57:38,540 | INFO     | [058540] ------------------------------------------
2026-05-11 22:57:38,540 | INFO     | [058540] 📥 NHẬN YÊU CẦU QUÉT KHUÔN MẶT MỚI
2026-05-11 22:57:38,540 | INFO     | [058540] Đã xử lý ảnh thành công. Kích thước tensor: (1, 48, 48, 1)
2026-05-11 22:57:38,593 | INFO     | [058540] 📊 Chi tiết dự đoán: {'ANGRY': 4.37, 'DISGUST': 0.13, 'FEAR': 7.11, 'HAPPY': 9.69, 'NEUTRAL': 33.2, 'SAD': 40.3, 'SURPRISE': 5.19}
2026-05-11 22:57:38,593 | INFO     | [058540] 🎯 KẾT QUẢ CHỐT: SAD (40.30%)
2026-05-11 22:57:38,593 | INFO     | [058540] ⏱️ Thời gian phản hồi: 52.44 ms
2026-05-11 22:57:38,595 | INFO     | [058595] ------------------------------------------
2026-05-11 22:57:38,595 | INFO     | [058595] 📥 NHẬN YÊU CẦU QUÉT KHUÔN MẶT MỚI
2026-05-11 22:57:38,597 | INFO     | [058595] Đã xử lý ảnh thành công. Kích thước tensor: (1, 48, 48, 1)
2026-05-11 22:57:38,652 | INFO     | [058595] 📊 Chi tiết dự đoán: {'ANGRY': 4.29, 'DISGUST': 0.14, 'FEAR': 6.96, 'HAPPY': 8.83, 'NEUTRAL': 36.63, 'SAD': 37.63, 'SURPRISE': 5.51}
2026-05-11 22:57:38,654 | INFO     | [058595] 🎯 KẾT QUẢ CHỐT: SAD (37.63%)
2026-05-11 22:57:38,654 | INFO     | [058595] ⏱️ Thời gian phản hồi: 57.11 ms
2026-05-11 22:57:38,655 | INFO     | [058655] ------------------------------------------
2026-05-11 22:57:38,655 | INFO     | [058655] 📥 NHẬN YÊU CẦU QUÉT KHUÔN MẶT MỚI
2026-05-11 22:57:38,655 | INFO     | [058655] Đã xử lý ảnh thành công. Kích thước tensor: (1, 48, 48, 1)
2026-05-11 22:57:38,706 | INFO     | [058655] 📊 Chi tiết dự đoán: {'ANGRY': 4.22, 'DISGUST': 0.15, 'FEAR': 7.4, 'HAPPY': 10.79, 'NEUTRAL': 32.69, 'SAD': 38.54, 'SURPRISE': 6.21}
2026-05-11 22:57:38,706 | INFO     | [058655] 🎯 KẾT QUẢ CHỐT: SAD (38.54%)
2026-05-11 22:57:38,706 | INFO     | [058655] ⏱️ Thời gian phản hồi: 51.09 ms
2026-05-11 22:57:38,708 | INFO     | [058708] ------------------------------------------
2026-05-11 22:57:38,708 | INFO     | [058708] 📥 NHẬN YÊU CẦU QUÉT KHUÔN MẶT MỚI
2026-05-11 22:57:38,708 | INFO     | [058708] Đã xử lý ảnh thành công. Kích thước tensor: (1, 48, 48, 1)
2026-05-11 22:57:38,772 | INFO     | [058708] 📊 Chi tiết dự đoán: {'ANGRY': 4.57, 'DISGUST': 0.2, 'FEAR': 7.6, 'HAPPY': 9.48, 'NEUTRAL': 31.36, 'SAD': 40.34, 'SURPRISE': 6.46}
2026-05-11 22:57:38,773 | INFO     | [058708] 🎯 KẾT QUẢ CHỐT: SAD (40.34%)
2026-05-11 22:57:38,773 | INFO     | [058708] ⏱️ Thời gian phản hồi: 64.24 ms
2026-05-11 22:57:38,776 | INFO     | [058776] ------------------------------------------
2026-05-11 22:57:38,776 | INFO     | [058776] 📥 NHẬN YÊU CẦU QUÉT KHUÔN MẶT MỚI
2026-05-11 22:57:38,776 | INFO     | [058776] Đã xử lý ảnh thành công. Kích thước tensor: (1, 48, 48, 1)
2026-05-11 22:57:38,851 | INFO     | [058776] 📊 Chi tiết dự đoán: {'ANGRY': 4.59, 'DISGUST': 0.15, 'FEAR': 7.87, 'HAPPY': 12.15, 'NEUTRAL': 30.93, 'SAD': 38.46, 'SURPRISE': 5.85}
2026-05-11 22:57:38,851 | INFO     | [058776] 🎯 KẾT QUẢ CHỐT: SAD (38.46%)
2026-05-11 22:57:38,851 | INFO     | [058776] ⏱️ Thời gian phản hồi: 75.33 ms
2026-05-11 22:57:38,853 | INFO     | [058853] ------------------------------------------
2026-05-11 22:57:38,853 | INFO     | [058853] 📥 NHẬN YÊU CẦU QUÉT KHUÔN MẶT MỚI
2026-05-11 22:57:38,854 | INFO     | [058853] Đã xử lý ảnh thành công. Kích thước tensor: (1, 48, 48, 1)
2026-05-11 22:57:38,925 | INFO     | [058853] 📊 Chi tiết dự đoán: {'ANGRY': 4.12, 'DISGUST': 0.13, 'FEAR': 7.54, 'HAPPY': 13.24, 'NEUTRAL': 30.2, 'SAD': 38.56, 'SURPRISE': 6.21}
2026-05-11 22:57:38,925 | INFO     | [058853] 🎯 KẾT QUẢ CHỐT: SAD (38.56%)
2026-05-11 22:57:38,925 | INFO     | [058853] ⏱️ Thời gian phản hồi: 71.73 ms
2026-05-11 22:57:38,939 | INFO     | [BATCH-058939] ==========================================
2026-05-11 22:57:38,939 | INFO     | [BATCH-058939] 🎞️ NHẬN CHUỖI 50 KHUNG HÌNH (BATCH)
2026-05-11 22:57:39,013 | INFO     | [BATCH-058939] ↳ Frame 1/50: SAD (44.3%)
2026-05-11 22:57:39,084 | INFO     | [BATCH-058939] ↳ Frame 2/50: SAD (48.9%)
2026-05-11 22:57:39,153 | INFO     | [BATCH-058939] ↳ Frame 3/50: SAD (44.7%)
2026-05-11 22:57:39,221 | INFO     | [BATCH-058939] ↳ Frame 4/50: SAD (41.6%)
2026-05-11 22:57:39,284 | INFO     | [BATCH-058939] ↳ Frame 5/50: SAD (49.5%)
2026-05-11 22:57:39,343 | INFO     | [BATCH-058939] ↳ Frame 6/50: SAD (49.9%)
2026-05-11 22:57:39,409 | INFO     | [BATCH-058939] ↳ Frame 7/50: SAD (47.7%)
2026-05-11 22:57:39,471 | INFO     | [BATCH-058939] ↳ Frame 8/50: SAD (47.0%)
2026-05-11 22:57:39,534 | INFO     | [BATCH-058939] ↳ Frame 9/50: SAD (44.3%)
2026-05-11 22:57:39,596 | INFO     | [BATCH-058939] ↳ Frame 10/50: SAD (52.3%)
2026-05-11 22:57:39,657 | INFO     | [BATCH-058939] ↳ Frame 11/50: SAD (46.7%)
2026-05-11 22:57:39,726 | INFO     | [BATCH-058939] ↳ Frame 12/50: SAD (41.8%)
2026-05-11 22:57:39,794 | INFO     | [BATCH-058939] ↳ Frame 13/50: SAD (49.5%)
2026-05-11 22:57:39,865 | INFO     | [BATCH-058939] ↳ Frame 14/50: SAD (46.6%)
2026-05-11 22:57:39,940 | INFO     | [BATCH-058939] ↳ Frame 15/50: SAD (44.8%)
2026-05-11 22:57:40,010 | INFO     | [BATCH-058939] ↳ Frame 16/50: SAD (43.9%)
2026-05-11 22:57:40,076 | INFO     | [BATCH-058939] ↳ Frame 17/50: SAD (49.5%)
2026-05-11 22:57:40,145 | INFO     | [BATCH-058939] ↳ Frame 18/50: SAD (46.8%)
2026-05-11 22:57:40,209 | INFO     | [BATCH-058939] ↳ Frame 19/50: SAD (43.7%)
2026-05-11 22:57:40,283 | INFO     | [BATCH-058939] ↳ Frame 20/50: SAD (45.3%)
2026-05-11 22:57:40,357 | INFO     | [BATCH-058939] ↳ Frame 21/50: SAD (42.6%)
2026-05-11 22:57:40,428 | INFO     | [BATCH-058939] ↳ Frame 22/50: SAD (43.7%)
2026-05-11 22:57:40,515 | INFO     | [BATCH-058939] ↳ Frame 23/50: SAD (46.2%)
2026-05-11 22:57:40,592 | INFO     | [BATCH-058939] ↳ Frame 24/50: SAD (49.9%)
2026-05-11 22:57:40,664 | INFO     | [BATCH-058939] ↳ Frame 25/50: SAD (49.5%)
2026-05-11 22:57:40,732 | INFO     | [BATCH-058939] ↳ Frame 26/50: SAD (46.0%)
2026-05-11 22:57:40,790 | INFO     | [BATCH-058939] ↳ Frame 27/50: SAD (45.0%)
2026-05-11 22:57:40,852 | INFO     | [BATCH-058939] ↳ Frame 28/50: SAD (46.1%)
2026-05-11 22:57:40,924 | INFO     | [BATCH-058939] ↳ Frame 29/50: SAD (44.4%)
2026-05-11 22:57:41,002 | INFO     | [BATCH-058939] ↳ Frame 30/50: SAD (43.9%)
2026-05-11 22:57:41,075 | INFO     | [BATCH-058939] ↳ Frame 31/50: SAD (47.5%)
2026-05-11 22:57:41,211 | INFO     | [BATCH-058939] ↳ Frame 32/50: SAD (44.2%)
2026-05-11 22:57:41,276 | INFO     | [BATCH-058939] ↳ Frame 33/50: SAD (44.9%)
2026-05-11 22:57:41,343 | INFO     | [BATCH-058939] ↳ Frame 34/50: SAD (44.4%)
2026-05-11 22:57:41,409 | INFO     | [BATCH-058939] ↳ Frame 35/50: SAD (46.7%)
2026-05-11 22:57:41,482 | INFO     | [BATCH-058939] ↳ Frame 36/50: SAD (46.6%)
2026-05-11 22:57:41,549 | INFO     | [BATCH-058939] ↳ Frame 37/50: SAD (45.7%)
2026-05-11 22:57:41,618 | INFO     | [BATCH-058939] ↳ Frame 38/50: SAD (40.8%)
2026-05-11 22:57:41,687 | INFO     | [BATCH-058939] ↳ Frame 39/50: SAD (40.8%)
2026-05-11 22:57:41,769 | INFO     | [BATCH-058939] ↳ Frame 40/50: SAD (41.9%)
2026-05-11 22:57:41,837 | INFO     | [BATCH-058939] ↳ Frame 41/50: SAD (40.4%)
2026-05-11 22:57:41,898 | INFO     | [BATCH-058939] ↳ Frame 42/50: SAD (41.6%)
2026-05-11 22:57:41,960 | INFO     | [BATCH-058939] ↳ Frame 43/50: SAD (42.6%)
2026-05-11 22:57:42,025 | INFO     | [BATCH-058939] ↳ Frame 44/50: SAD (40.3%)
2026-05-11 22:57:42,077 | INFO     | [BATCH-058939] ↳ Frame 45/50: SAD (39.0%)
2026-05-11 22:57:42,134 | INFO     | [BATCH-058939] ↳ Frame 46/50: SAD (37.6%)
2026-05-11 22:57:42,208 | INFO     | [BATCH-058939] ↳ Frame 47/50: SAD (38.5%)
2026-05-11 22:57:42,266 | INFO     | [BATCH-058939] ↳ Frame 48/50: SAD (40.3%)
2026-05-11 22:57:42,338 | INFO     | [BATCH-058939] ↳ Frame 49/50: SAD (38.6%)
2026-05-11 22:57:42,400 | INFO     | [BATCH-058939] ↳ Frame 50/50: SAD (38.5%)
2026-05-11 22:57:42,401 | INFO     | [BATCH-058939] 🎯 KẾT QUẢ CHUỖI: SAD (Tần suất: {'SAD': 50})
2026-05-11 22:57:42,402 | INFO     | [BATCH-058939] ⏱️ Tổng thời gian xử lý: 3462.33 ms
2026-05-11 22:57:52,250 | INFO     | [072250] ------------------------------------------
2026-05-11 22:57:52,250 | INFO     | [072250] 📥 NHẬN YÊU CẦU QUÉT KHUÔN MẶT MỚI
2026-05-11 22:57:52,251 | INFO     | [072250] Đã xử lý ảnh thành công. Kích thước tensor: (1, 48, 48, 1)
2026-05-11 22:57:52,338 | INFO     | [072250] 📊 Chi tiết dự đoán: {'ANGRY': 7.24, 'DISGUST': 0.05, 'FEAR': 14.96, 'HAPPY': 17.33, 'NEUTRAL': 19.28, 'SAD': 37.61, 'SURPRISE': 3.52}
2026-05-11 22:57:52,338 | INFO     | [072250] 🎯 KẾT QUẢ CHỐT: SAD (37.61%)
2026-05-11 22:57:52,338 | INFO     | [072250] ⏱️ Thời gian phản hồi: 88.12 ms
2026-05-11 22:57:52,366 | INFO     | [072366] ------------------------------------------
2026-05-11 22:57:52,366 | INFO     | [072366] 📥 NHẬN YÊU CẦU QUÉT KHUÔN MẶT MỚI
2026-05-11 22:57:52,367 | INFO     | [072366] Đã xử lý ảnh thành công. Kích thước tensor: (1, 48, 48, 1)
2026-05-11 22:57:52,445 | INFO     | [072366] 📊 Chi tiết dự đoán: {'ANGRY': 6.92, 'DISGUST': 0.06, 'FEAR': 14.88, 'HAPPY': 17.22, 'NEUTRAL': 18.98, 'SAD': 38.12, 'SURPRISE': 3.81}
2026-05-11 22:57:52,445 | INFO     | [072366] 🎯 KẾT QUẢ CHỐT: SAD (38.12%)
2026-05-11 22:57:52,445 | INFO     | [072366] ⏱️ Thời gian phản hồi: 79.73 ms
2026-05-11 22:57:52,449 | INFO     | [072449] ------------------------------------------
2026-05-11 22:57:52,449 | INFO     | [072449] 📥 NHẬN YÊU CẦU QUÉT KHUÔN MẶT MỚI
2026-05-11 22:57:52,450 | INFO     | [072449] Đã xử lý ảnh thành công. Kích thước tensor: (1, 48, 48, 1)
2026-05-11 22:57:52,532 | INFO     | [072449] 📊 Chi tiết dự đoán: {'ANGRY': 6.69, 'DISGUST': 0.05, 'FEAR': 16.22, 'HAPPY': 12.2, 'NEUTRAL': 20.77, 'SAD': 39.45, 'SURPRISE': 4.63}
2026-05-11 22:57:52,532 | INFO     | [072449] 🎯 KẾT QUẢ CHỐT: SAD (39.45%)
2026-05-11 22:57:52,532 | INFO     | [072449] ⏱️ Thời gian phản hồi: 82.05 ms
2026-05-11 22:57:52,552 | INFO     | [072552] ------------------------------------------
2026-05-11 22:57:52,552 | INFO     | [072552] 📥 NHẬN YÊU CẦU QUÉT KHUÔN MẶT MỚI
2026-05-11 22:57:52,553 | INFO     | [072552] Đã xử lý ảnh thành công. Kích thước tensor: (1, 48, 48, 1)
2026-05-11 22:57:52,625 | INFO     | [072552] 📊 Chi tiết dự đoán: {'ANGRY': 6.45, 'DISGUST': 0.06, 'FEAR': 14.25, 'HAPPY': 10.86, 'NEUTRAL': 19.28, 'SAD': 45.63, 'SURPRISE': 3.48}
2026-05-11 22:57:52,625 | INFO     | [072552] 🎯 KẾT QUẢ CHỐT: SAD (45.63%)
2026-05-11 22:57:52,625 | INFO     | [072552] ⏱️ Thời gian phản hồi: 73.57 ms
2026-05-11 22:57:52,893 | INFO     | [072893] ------------------------------------------
2026-05-11 22:57:52,893 | INFO     | [072893] 📥 NHẬN YÊU CẦU QUÉT KHUÔN MẶT MỚI
2026-05-11 22:57:52,895 | INFO     | [072893] Đã xử lý ảnh thành công. Kích thước tensor: (1, 48, 48, 1)
2026-05-11 22:57:52,958 | INFO     | [072893] 📊 Chi tiết dự đoán: {'ANGRY': 10.3, 'DISGUST': 0.05, 'FEAR': 15.46, 'HAPPY': 14.45, 'NEUTRAL': 18.39, 'SAD': 37.97, 'SURPRISE': 3.38}
2026-05-11 22:57:52,958 | INFO     | [072893] 🎯 KẾT QUẢ CHỐT: SAD (37.97%)
2026-05-11 22:57:52,958 | INFO     | [072893] ⏱️ Thời gian phản hồi: 64.51 ms
2026-05-11 22:57:52,961 | INFO     | [072961] ------------------------------------------
2026-05-11 22:57:52,961 | INFO     | [072961] 📥 NHẬN YÊU CẦU QUÉT KHUÔN MẶT MỚI
2026-05-11 22:57:52,962 | INFO     | [072961] Đã xử lý ảnh thành công. Kích thước tensor: (1, 48, 48, 1)
2026-05-11 22:57:53,021 | INFO     | [072961] 📊 Chi tiết dự đoán: {'ANGRY': 10.03, 'DISGUST': 0.05, 'FEAR': 16.04, 'HAPPY': 12.18, 'NEUTRAL': 19.63, 'SAD': 38.76, 'SURPRISE': 3.32}
2026-05-11 22:57:53,021 | INFO     | [072961] 🎯 KẾT QUẢ CHỐT: SAD (38.76%)
2026-05-11 22:57:53,021 | INFO     | [072961] ⏱️ Thời gian phản hồi: 59.64 ms
2026-05-11 22:57:53,064 | INFO     | [073064] ------------------------------------------
2026-05-11 22:57:53,064 | INFO     | [073064] 📥 NHẬN YÊU CẦU QUÉT KHUÔN MẶT MỚI
2026-05-11 22:57:53,065 | INFO     | [073064] Đã xử lý ảnh thành công. Kích thước tensor: (1, 48, 48, 1)
2026-05-11 22:57:53,121 | INFO     | [073064] 📊 Chi tiết dự đoán: {'ANGRY': 9.9, 'DISGUST': 0.04, 'FEAR': 15.66, 'HAPPY': 11.68, 'NEUTRAL': 20.89, 'SAD': 39.2, 'SURPRISE': 2.63}
2026-05-11 22:57:53,121 | INFO     | [073064] 🎯 KẾT QUẢ CHỐT: SAD (39.20%)
2026-05-11 22:57:53,121 | INFO     | [073064] ⏱️ Thời gian phản hồi: 56.89 ms
2026-05-11 22:57:53,158 | INFO     | [073158] ------------------------------------------
2026-05-11 22:57:53,159 | INFO     | [073158] 📥 NHẬN YÊU CẦU QUÉT KHUÔN MẶT MỚI
2026-05-11 22:57:53,159 | INFO     | [073158] Đã xử lý ảnh thành công. Kích thước tensor: (1, 48, 48, 1)
2026-05-11 22:57:53,216 | INFO     | [073158] 📊 Chi tiết dự đoán: {'ANGRY': 10.83, 'DISGUST': 0.06, 'FEAR': 18.25, 'HAPPY': 12.05, 'NEUTRAL': 19.22, 'SAD': 35.55, 'SURPRISE': 4.03}
2026-05-11 22:57:53,216 | INFO     | [073158] 🎯 KẾT QUẢ CHỐT: SAD (35.55%)
2026-05-11 22:57:53,216 | INFO     | [073158] ⏱️ Thời gian phản hồi: 57.81 ms
2026-05-11 22:57:53,267 | INFO     | [073267] ------------------------------------------
2026-05-11 22:57:53,267 | INFO     | [073267] 📥 NHẬN YÊU CẦU QUÉT KHUÔN MẶT MỚI
2026-05-11 22:57:53,268 | INFO     | [073267] Đã xử lý ảnh thành công. Kích thước tensor: (1, 48, 48, 1)
2026-05-11 22:57:53,335 | INFO     | [073267] 📊 Chi tiết dự đoán: {'ANGRY': 11.43, 'DISGUST': 0.06, 'FEAR': 16.86, 'HAPPY': 14.68, 'NEUTRAL': 19.44, 'SAD': 33.62, 'SURPRISE': 3.91}
2026-05-11 22:57:53,335 | INFO     | [073267] 🎯 KẾT QUẢ CHỐT: SAD (33.62%)
2026-05-11 22:57:53,335 | INFO     | [073267] ⏱️ Thời gian phản hồi: 68.0 ms
2026-05-11 22:57:53,363 | INFO     | [073363] ------------------------------------------
2026-05-11 22:57:53,363 | INFO     | [073363] 📥 NHẬN YÊU CẦU QUÉT KHUÔN MẶT MỚI
2026-05-11 22:57:53,364 | INFO     | [073363] Đã xử lý ảnh thành công. Kích thước tensor: (1, 48, 48, 1)
2026-05-11 22:57:53,429 | INFO     | [073363] 📊 Chi tiết dự đoán: {'ANGRY': 11.52, 'DISGUST': 0.06, 'FEAR': 15.67, 'HAPPY': 14.61, 'NEUTRAL': 21.4, 'SAD': 33.22, 'SURPRISE': 3.51}
2026-05-11 22:57:53,430 | INFO     | [073363] 🎯 KẾT QUẢ CHỐT: SAD (33.22%)
2026-05-11 22:57:53,430 | INFO     | [073363] ⏱️ Thời gian phản hồi: 66.4 ms
2026-05-11 22:57:53,459 | INFO     | [073459] ------------------------------------------
2026-05-11 22:57:53,459 | INFO     | [073459] 📥 NHẬN YÊU CẦU QUÉT KHUÔN MẶT MỚI
2026-05-11 22:57:53,460 | INFO     | [073459] Đã xử lý ảnh thành công. Kích thước tensor: (1, 48, 48, 1)
2026-05-11 22:57:53,520 | INFO     | [073459] 📊 Chi tiết dự đoán: {'ANGRY': 11.6, 'DISGUST': 0.06, 'FEAR': 16.25, 'HAPPY': 14.86, 'NEUTRAL': 20.86, 'SAD': 32.26, 'SURPRISE': 4.11}
2026-05-11 22:57:53,520 | INFO     | [073459] 🎯 KẾT QUẢ CHỐT: SAD (32.26%)
2026-05-11 22:57:53,520 | INFO     | [073459] ⏱️ Thời gian phản hồi: 60.94 ms
2026-05-11 22:57:53,552 | INFO     | [073552] ------------------------------------------
2026-05-11 22:57:53,552 | INFO     | [073552] 📥 NHẬN YÊU CẦU QUÉT KHUÔN MẶT MỚI
2026-05-11 22:57:53,553 | INFO     | [073552] Đã xử lý ảnh thành công. Kích thước tensor: (1, 48, 48, 1)
2026-05-11 22:57:53,624 | INFO     | [073552] 📊 Chi tiết dự đoán: {'ANGRY': 12.24, 'DISGUST': 0.05, 'FEAR': 14.49, 'HAPPY': 16.39, 'NEUTRAL': 21.43, 'SAD': 31.7, 'SURPRISE': 3.7}
2026-05-11 22:57:53,624 | INFO     | [073552] 🎯 KẾT QUẢ CHỐT: SAD (31.70%)
2026-05-11 22:57:53,626 | INFO     | [073552] ⏱️ Thời gian phản hồi: 72.16 ms
2026-05-11 22:57:53,663 | INFO     | [073663] ------------------------------------------
2026-05-11 22:57:53,663 | INFO     | [073663] 📥 NHẬN YÊU CẦU QUÉT KHUÔN MẶT MỚI
2026-05-11 22:57:53,663 | INFO     | [073663] Đã xử lý ảnh thành công. Kích thước tensor: (1, 48, 48, 1)
2026-05-11 22:57:53,731 | INFO     | [073663] 📊 Chi tiết dự đoán: {'ANGRY': 11.34, 'DISGUST': 0.05, 'FEAR': 15.11, 'HAPPY': 17.61, 'NEUTRAL': 20.43, 'SAD': 31.43, 'SURPRISE': 4.02}
2026-05-11 22:57:53,731 | INFO     | [073663] 🎯 KẾT QUẢ CHỐT: SAD (31.43%)
2026-05-11 22:57:53,731 | INFO     | [073663] ⏱️ Thời gian phản hồi: 68.4 ms
2026-05-11 22:57:53,756 | INFO     | [073756] ------------------------------------------
2026-05-11 22:57:53,756 | INFO     | [073756] 📥 NHẬN YÊU CẦU QUÉT KHUÔN MẶT MỚI
2026-05-11 22:57:53,757 | INFO     | [073756] Đã xử lý ảnh thành công. Kích thước tensor: (1, 48, 48, 1)
2026-05-11 22:57:53,818 | INFO     | [073756] 📊 Chi tiết dự đoán: {'ANGRY': 13.45, 'DISGUST': 0.06, 'FEAR': 16.1, 'HAPPY': 13.65, 'NEUTRAL': 19.55, 'SAD': 33.24, 'SURPRISE': 3.96}
2026-05-11 22:57:53,818 | INFO     | [073756] 🎯 KẾT QUẢ CHỐT: SAD (33.24%)
2026-05-11 22:57:53,818 | INFO     | [073756] ⏱️ Thời gian phản hồi: 61.97 ms
2026-05-11 22:57:53,866 | INFO     | [073866] ------------------------------------------
2026-05-11 22:57:53,866 | INFO     | [073866] 📥 NHẬN YÊU CẦU QUÉT KHUÔN MẶT MỚI
2026-05-11 22:57:53,867 | INFO     | [073866] Đã xử lý ảnh thành công. Kích thước tensor: (1, 48, 48, 1)
2026-05-11 22:57:53,927 | INFO     | [073866] 📊 Chi tiết dự đoán: {'ANGRY': 13.85, 'DISGUST': 0.07, 'FEAR': 15.12, 'HAPPY': 15.17, 'NEUTRAL': 18.92, 'SAD': 32.68, 'SURPRISE': 4.17}
2026-05-11 22:57:53,928 | INFO     | [073866] 🎯 KẾT QUẢ CHỐT: SAD (32.68%)
2026-05-11 22:57:53,928 | INFO     | [073866] ⏱️ Thời gian phản hồi: 61.48 ms
2026-05-11 22:57:53,960 | INFO     | [073960] ------------------------------------------
2026-05-11 22:57:53,960 | INFO     | [073960] 📥 NHẬN YÊU CẦU QUÉT KHUÔN MẶT MỚI
2026-05-11 22:57:53,961 | INFO     | [073960] Đã xử lý ảnh thành công. Kích thước tensor: (1, 48, 48, 1)
2026-05-11 22:57:54,023 | INFO     | [073960] 📊 Chi tiết dự đoán: {'ANGRY': 11.46, 'DISGUST': 0.06, 'FEAR': 15.51, 'HAPPY': 19.32, 'NEUTRAL': 19.16, 'SAD': 30.41, 'SURPRISE': 4.08}
2026-05-11 22:57:54,024 | INFO     | [073960] 🎯 KẾT QUẢ CHỐT: SAD (30.41%)
2026-05-11 22:57:54,024 | INFO     | [073960] ⏱️ Thời gian phản hồi: 63.82 ms
2026-05-11 22:57:54,054 | INFO     | [074054] ------------------------------------------
2026-05-11 22:57:54,054 | INFO     | [074054] 📥 NHẬN YÊU CẦU QUÉT KHUÔN MẶT MỚI
2026-05-11 22:57:54,055 | INFO     | [074054] Đã xử lý ảnh thành công. Kích thước tensor: (1, 48, 48, 1)
2026-05-11 22:57:54,130 | INFO     | [074054] 📊 Chi tiết dự đoán: {'ANGRY': 11.83, 'DISGUST': 0.06, 'FEAR': 15.05, 'HAPPY': 15.1, 'NEUTRAL': 20.2, 'SAD': 33.85, 'SURPRISE': 3.91}
2026-05-11 22:57:54,131 | INFO     | [074054] 🎯 KẾT QUẢ CHỐT: SAD (33.85%)
2026-05-11 22:57:54,131 | INFO     | [074054] ⏱️ Thời gian phản hồi: 75.53 ms
2026-05-11 22:57:54,162 | INFO     | [074162] ------------------------------------------
2026-05-11 22:57:54,164 | INFO     | [074162] 📥 NHẬN YÊU CẦU QUÉT KHUÔN MẶT MỚI
2026-05-11 22:57:54,164 | INFO     | [074162] Đã xử lý ảnh thành công. Kích thước tensor: (1, 48, 48, 1)
2026-05-11 22:57:54,235 | INFO     | [074162] 📊 Chi tiết dự đoán: {'ANGRY': 11.73, 'DISGUST': 0.06, 'FEAR': 15.66, 'HAPPY': 16.28, 'NEUTRAL': 20.09, 'SAD': 32.15, 'SURPRISE': 4.03}
2026-05-11 22:57:54,236 | INFO     | [074162] 🎯 KẾT QUẢ CHỐT: SAD (32.15%)
2026-05-11 22:57:54,236 | INFO     | [074162] ⏱️ Thời gian phản hồi: 72.77 ms
2026-05-11 22:57:54,255 | INFO     | [074255] ------------------------------------------
2026-05-11 22:57:54,255 | INFO     | [074255] 📥 NHẬN YÊU CẦU QUÉT KHUÔN MẶT MỚI
2026-05-11 22:57:54,256 | INFO     | [074255] Đã xử lý ảnh thành công. Kích thước tensor: (1, 48, 48, 1)
2026-05-11 22:57:54,318 | INFO     | [074255] 📊 Chi tiết dự đoán: {'ANGRY': 13.42, 'DISGUST': 0.08, 'FEAR': 15.98, 'HAPPY': 16.83, 'NEUTRAL': 17.73, 'SAD': 31.19, 'SURPRISE': 4.78}
2026-05-11 22:57:54,319 | INFO     | [074255] 🎯 KẾT QUẢ CHỐT: SAD (31.19%)
2026-05-11 22:57:54,319 | INFO     | [074255] ⏱️ Thời gian phản hồi: 63.25 ms
2026-05-11 22:57:54,363 | INFO     | [074361] ------------------------------------------
2026-05-11 22:57:54,363 | INFO     | [074361] 📥 NHẬN YÊU CẦU QUÉT KHUÔN MẶT MỚI
2026-05-11 22:57:54,363 | INFO     | [074361] Đã xử lý ảnh thành công. Kích thước tensor: (1, 48, 48, 1)
2026-05-11 22:57:54,421 | INFO     | [074361] 📊 Chi tiết dự đoán: {'ANGRY': 13.11, 'DISGUST': 0.08, 'FEAR': 17.38, 'HAPPY': 17.3, 'NEUTRAL': 17.75, 'SAD': 29.48, 'SURPRISE': 4.9}
2026-05-11 22:57:54,421 | INFO     | [074361] 🎯 KẾT QUẢ CHỐT: SAD (29.48%)
2026-05-11 22:57:54,421 | INFO     | [074361] ⏱️ Thời gian phản hồi: 60.27 ms
2026-05-11 22:57:54,456 | INFO     | [074456] ------------------------------------------
2026-05-11 22:57:54,456 | INFO     | [074456] 📥 NHẬN YÊU CẦU QUÉT KHUÔN MẶT MỚI
2026-05-11 22:57:54,456 | INFO     | [074456] Đã xử lý ảnh thành công. Kích thước tensor: (1, 48, 48, 1)
2026-05-11 22:57:54,514 | INFO     | [074456] 📊 Chi tiết dự đoán: {'ANGRY': 13.41, 'DISGUST': 0.08, 'FEAR': 16.88, 'HAPPY': 14.12, 'NEUTRAL': 16.77, 'SAD': 34.27, 'SURPRISE': 4.48}
2026-05-11 22:57:54,514 | INFO     | [074456] 🎯 KẾT QUẢ CHỐT: SAD (34.27%)
2026-05-11 22:57:54,514 | INFO     | [074456] ⏱️ Thời gian phản hồi: 58.51 ms
2026-05-11 22:57:54,565 | INFO     | [074565] ------------------------------------------
2026-05-11 22:57:54,565 | INFO     | [074565] 📥 NHẬN YÊU CẦU QUÉT KHUÔN MẶT MỚI
2026-05-11 22:57:54,567 | INFO     | [074565] Đã xử lý ảnh thành công. Kích thước tensor: (1, 48, 48, 1)
2026-05-11 22:57:54,631 | INFO     | [074565] 📊 Chi tiết dự đoán: {'ANGRY': 13.68, 'DISGUST': 0.08, 'FEAR': 16.15, 'HAPPY': 16.66, 'NEUTRAL': 18.1, 'SAD': 30.58, 'SURPRISE': 4.75}
2026-05-11 22:57:54,631 | INFO     | [074565] 🎯 KẾT QUẢ CHỐT: SAD (30.58%)
2026-05-11 22:57:54,631 | INFO     | [074565] ⏱️ Thời gian phản hồi: 65.19 ms
2026-05-11 22:57:54,660 | INFO     | [074660] ------------------------------------------
2026-05-11 22:57:54,661 | INFO     | [074660] 📥 NHẬN YÊU CẦU QUÉT KHUÔN MẶT MỚI
2026-05-11 22:57:54,661 | INFO     | [074660] Đã xử lý ảnh thành công. Kích thước tensor: (1, 48, 48, 1)
2026-05-11 22:57:54,725 | INFO     | [074660] 📊 Chi tiết dự đoán: {'ANGRY': 13.94, 'DISGUST': 0.07, 'FEAR': 16.06, 'HAPPY': 16.17, 'NEUTRAL': 18.12, 'SAD': 31.5, 'SURPRISE': 4.15}
2026-05-11 22:57:54,725 | INFO     | [074660] 🎯 KẾT QUẢ CHỐT: SAD (31.50%)
2026-05-11 22:57:54,725 | INFO     | [074660] ⏱️ Thời gian phản hồi: 65.57 ms
2026-05-11 22:57:54,753 | INFO     | [074753] ------------------------------------------
2026-05-11 22:57:54,753 | INFO     | [074753] 📥 NHẬN YÊU CẦU QUÉT KHUÔN MẶT MỚI
2026-05-11 22:57:54,754 | INFO     | [074753] Đã xử lý ảnh thành công. Kích thước tensor: (1, 48, 48, 1)
2026-05-11 22:57:54,824 | INFO     | [074753] 📊 Chi tiết dự đoán: {'ANGRY': 16.37, 'DISGUST': 0.08, 'FEAR': 18.37, 'HAPPY': 14.54, 'NEUTRAL': 17.91, 'SAD': 27.96, 'SURPRISE': 4.77}
2026-05-11 22:57:54,825 | INFO     | [074753] 🎯 KẾT QUẢ CHỐT: SAD (27.96%)
2026-05-11 22:57:54,825 | INFO     | [074753] ⏱️ Thời gian phản hồi: 70.42 ms
2026-05-11 22:57:54,863 | INFO     | [074863] ------------------------------------------
2026-05-11 22:57:54,864 | INFO     | [074863] 📥 NHẬN YÊU CẦU QUÉT KHUÔN MẶT MỚI
2026-05-11 22:57:54,864 | INFO     | [074863] Đã xử lý ảnh thành công. Kích thước tensor: (1, 48, 48, 1)
2026-05-11 22:57:54,921 | INFO     | [074863] 📊 Chi tiết dự đoán: {'ANGRY': 12.54, 'DISGUST': 0.05, 'FEAR': 16.72, 'HAPPY': 15.42, 'NEUTRAL': 19.4, 'SAD': 31.36, 'SURPRISE': 4.5}
2026-05-11 22:57:54,921 | INFO     | [074863] 🎯 KẾT QUẢ CHỐT: SAD (31.36%)
2026-05-11 22:57:54,921 | INFO     | [074863] ⏱️ Thời gian phản hồi: 58.72 ms
2026-05-11 22:57:54,958 | INFO     | [074957] ------------------------------------------
2026-05-11 22:57:54,958 | INFO     | [074957] 📥 NHẬN YÊU CẦU QUÉT KHUÔN MẶT MỚI
2026-05-11 22:57:54,958 | INFO     | [074957] Đã xử lý ảnh thành công. Kích thước tensor: (1, 48, 48, 1)
2026-05-11 22:57:55,027 | INFO     | [074957] 📊 Chi tiết dự đoán: {'ANGRY': 12.07, 'DISGUST': 0.07, 'FEAR': 17.67, 'HAPPY': 12.47, 'NEUTRAL': 17.46, 'SAD': 34.99, 'SURPRISE': 5.28}
2026-05-11 22:57:55,027 | INFO     | [074957] 🎯 KẾT QUẢ CHỐT: SAD (34.99%)
2026-05-11 22:57:55,027 | INFO     | [074957] ⏱️ Thời gian phản hồi: 69.92 ms
2026-05-11 22:57:55,052 | INFO     | [075052] ------------------------------------------
2026-05-11 22:57:55,052 | INFO     | [075052] 📥 NHẬN YÊU CẦU QUÉT KHUÔN MẶT MỚI
2026-05-11 22:57:55,053 | INFO     | [075052] Đã xử lý ảnh thành công. Kích thước tensor: (1, 48, 48, 1)
2026-05-11 22:57:55,115 | INFO     | [075052] 📊 Chi tiết dự đoán: {'ANGRY': 12.3, 'DISGUST': 0.07, 'FEAR': 15.39, 'HAPPY': 16.58, 'NEUTRAL': 20.16, 'SAD': 31.6, 'SURPRISE': 3.9}
2026-05-11 22:57:55,115 | INFO     | [075052] 🎯 KẾT QUẢ CHỐT: SAD (31.60%)
2026-05-11 22:57:55,115 | INFO     | [075052] ⏱️ Thời gian phản hồi: 62.95 ms
2026-05-11 22:57:55,161 | INFO     | [075161] ------------------------------------------
2026-05-11 22:57:55,161 | INFO     | [075161] 📥 NHẬN YÊU CẦU QUÉT KHUÔN MẶT MỚI
2026-05-11 22:57:55,161 | INFO     | [075161] Đã xử lý ảnh thành công. Kích thước tensor: (1, 48, 48, 1)
2026-05-11 22:57:55,215 | INFO     | [075161] 📊 Chi tiết dự đoán: {'ANGRY': 12.97, 'DISGUST': 0.07, 'FEAR': 16.7, 'HAPPY': 15.54, 'NEUTRAL': 19.05, 'SAD': 31.45, 'SURPRISE': 4.23}
2026-05-11 22:57:55,216 | INFO     | [075161] 🎯 KẾT QUẢ CHỐT: SAD (31.45%)
2026-05-11 22:57:55,216 | INFO     | [075161] ⏱️ Thời gian phản hồi: 53.21 ms
2026-05-11 22:57:55,255 | INFO     | [075255] ------------------------------------------
2026-05-11 22:57:55,255 | INFO     | [075255] 📥 NHẬN YÊU CẦU QUÉT KHUÔN MẶT MỚI
2026-05-11 22:57:55,256 | INFO     | [075255] Đã xử lý ảnh thành công. Kích thước tensor: (1, 48, 48, 1)
2026-05-11 22:57:55,313 | INFO     | [075255] 📊 Chi tiết dự đoán: {'ANGRY': 13.89, 'DISGUST': 0.05, 'FEAR': 17.52, 'HAPPY': 18.58, 'NEUTRAL': 19.08, 'SAD': 26.22, 'SURPRISE': 4.66}
2026-05-11 22:57:55,313 | INFO     | [075255] 🎯 KẾT QUẢ CHỐT: SAD (26.22%)
2026-05-11 22:57:55,313 | INFO     | [075255] ⏱️ Thời gian phản hồi: 57.92 ms
2026-05-11 22:57:55,362 | INFO     | [075362] ------------------------------------------
2026-05-11 22:57:55,362 | INFO     | [075362] 📥 NHẬN YÊU CẦU QUÉT KHUÔN MẶT MỚI
2026-05-11 22:57:55,364 | INFO     | [075362] Đã xử lý ảnh thành công. Kích thước tensor: (1, 48, 48, 1)
2026-05-11 22:57:55,422 | INFO     | [075362] 📊 Chi tiết dự đoán: {'ANGRY': 12.06, 'DISGUST': 0.07, 'FEAR': 16.09, 'HAPPY': 16.21, 'NEUTRAL': 20.47, 'SAD': 30.82, 'SURPRISE': 4.28}
2026-05-11 22:57:55,422 | INFO     | [075362] 🎯 KẾT QUẢ CHỐT: SAD (30.82%)
2026-05-11 22:57:55,422 | INFO     | [075362] ⏱️ Thời gian phản hồi: 60.15 ms
2026-05-11 22:57:55,458 | INFO     | [075458] ------------------------------------------
2026-05-11 22:57:55,458 | INFO     | [075458] 📥 NHẬN YÊU CẦU QUÉT KHUÔN MẶT MỚI
2026-05-11 22:57:55,459 | INFO     | [075458] Đã xử lý ảnh thành công. Kích thước tensor: (1, 48, 48, 1)
2026-05-11 22:57:55,528 | INFO     | [075458] 📊 Chi tiết dự đoán: {'ANGRY': 13.16, 'DISGUST': 0.06, 'FEAR': 16.13, 'HAPPY': 19.7, 'NEUTRAL': 19.46, 'SAD': 27.53, 'SURPRISE': 3.96}
2026-05-11 22:57:55,528 | INFO     | [075458] 🎯 KẾT QUẢ CHỐT: SAD (27.53%)
2026-05-11 22:57:55,528 | INFO     | [075458] ⏱️ Thời gian phản hồi: 70.09 ms
2026-05-11 22:57:55,551 | INFO     | [075551] ------------------------------------------
2026-05-11 22:57:55,552 | INFO     | [075551] 📥 NHẬN YÊU CẦU QUÉT KHUÔN MẶT MỚI
2026-05-11 22:57:55,552 | INFO     | [075551] Đã xử lý ảnh thành công. Kích thước tensor: (1, 48, 48, 1)
2026-05-11 22:57:55,615 | INFO     | [075551] 📊 Chi tiết dự đoán: {'ANGRY': 15.55, 'DISGUST': 0.07, 'FEAR': 17.63, 'HAPPY': 14.32, 'NEUTRAL': 16.94, 'SAD': 31.14, 'SURPRISE': 4.35}
2026-05-11 22:57:55,615 | INFO     | [075551] 🎯 KẾT QUẢ CHỐT: SAD (31.14%)
2026-05-11 22:57:55,615 | INFO     | [075551] ⏱️ Thời gian phản hồi: 63.6 ms
2026-05-11 22:57:55,659 | INFO     | [075659] ------------------------------------------
2026-05-11 22:57:55,660 | INFO     | [075659] 📥 NHẬN YÊU CẦU QUÉT KHUÔN MẶT MỚI
2026-05-11 22:57:55,660 | INFO     | [075659] Đã xử lý ảnh thành công. Kích thước tensor: (1, 48, 48, 1)
2026-05-11 22:57:55,714 | INFO     | [075659] 📊 Chi tiết dự đoán: {'ANGRY': 10.26, 'DISGUST': 0.07, 'FEAR': 18.47, 'HAPPY': 13.01, 'NEUTRAL': 21.02, 'SAD': 32.6, 'SURPRISE': 4.57}
2026-05-11 22:57:55,714 | INFO     | [075659] 🎯 KẾT QUẢ CHỐT: SAD (32.60%)
2026-05-11 22:57:55,715 | INFO     | [075659] ⏱️ Thời gian phản hồi: 54.39 ms
2026-05-11 22:57:55,753 | INFO     | [075753] ------------------------------------------
2026-05-11 22:57:55,753 | INFO     | [075753] 📥 NHẬN YÊU CẦU QUÉT KHUÔN MẶT MỚI
2026-05-11 22:57:55,754 | INFO     | [075753] Đã xử lý ảnh thành công. Kích thước tensor: (1, 48, 48, 1)
2026-05-11 22:57:55,805 | INFO     | [075753] 📊 Chi tiết dự đoán: {'ANGRY': 11.4, 'DISGUST': 0.07, 'FEAR': 20.11, 'HAPPY': 13.16, 'NEUTRAL': 19.83, 'SAD': 30.6, 'SURPRISE': 4.82}
2026-05-11 22:57:55,806 | INFO     | [075753] 🎯 KẾT QUẢ CHỐT: SAD (30.60%)
2026-05-11 22:57:55,806 | INFO     | [075753] ⏱️ Thời gian phản hồi: 52.39 ms
2026-05-11 22:57:55,864 | INFO     | [075864] ------------------------------------------
2026-05-11 22:57:55,865 | INFO     | [075864] 📥 NHẬN YÊU CẦU QUÉT KHUÔN MẶT MỚI
2026-05-11 22:57:55,865 | INFO     | [075864] Đã xử lý ảnh thành công. Kích thước tensor: (1, 48, 48, 1)
2026-05-11 22:57:55,922 | INFO     | [075864] 📊 Chi tiết dự đoán: {'ANGRY': 13.62, 'DISGUST': 0.08, 'FEAR': 22.14, 'HAPPY': 10.86, 'NEUTRAL': 17.12, 'SAD': 30.54, 'SURPRISE': 5.64}
2026-05-11 22:57:55,922 | INFO     | [075864] 🎯 KẾT QUẢ CHỐT: SAD (30.54%)
2026-05-11 22:57:55,922 | INFO     | [075864] ⏱️ Thời gian phản hồi: 56.88 ms
2026-05-11 22:57:55,959 | INFO     | [075959] ------------------------------------------
2026-05-11 22:57:55,959 | INFO     | [075959] 📥 NHẬN YÊU CẦU QUÉT KHUÔN MẶT MỚI
2026-05-11 22:57:55,959 | INFO     | [075959] Đã xử lý ảnh thành công. Kích thước tensor: (1, 48, 48, 1)
2026-05-11 22:57:56,017 | INFO     | [075959] 📊 Chi tiết dự đoán: {'ANGRY': 12.21, 'DISGUST': 0.06, 'FEAR': 18.91, 'HAPPY': 13.52, 'NEUTRAL': 20.15, 'SAD': 31.16, 'SURPRISE': 3.99}
2026-05-11 22:57:56,017 | INFO     | [075959] 🎯 KẾT QUẢ CHỐT: SAD (31.16%)
2026-05-11 22:57:56,017 | INFO     | [075959] ⏱️ Thời gian phản hồi: 58.24 ms
2026-05-11 22:57:56,055 | INFO     | [076055] ------------------------------------------
2026-05-11 22:57:56,055 | INFO     | [076055] 📥 NHẬN YÊU CẦU QUÉT KHUÔN MẶT MỚI
2026-05-11 22:57:56,055 | INFO     | [076055] Đã xử lý ảnh thành công. Kích thước tensor: (1, 48, 48, 1)
2026-05-11 22:57:56,110 | INFO     | [076055] 📊 Chi tiết dự đoán: {'ANGRY': 10.41, 'DISGUST': 0.06, 'FEAR': 11.86, 'HAPPY': 20.37, 'NEUTRAL': 22.42, 'SAD': 32.6, 'SURPRISE': 2.3}
2026-05-11 22:57:56,111 | INFO     | [076055] 🎯 KẾT QUẢ CHỐT: SAD (32.60%)
2026-05-11 22:57:56,111 | INFO     | [076055] ⏱️ Thời gian phản hồi: 54.69 ms
2026-05-11 22:57:56,164 | INFO     | [076164] ------------------------------------------
2026-05-11 22:57:56,164 | INFO     | [076164] 📥 NHẬN YÊU CẦU QUÉT KHUÔN MẶT MỚI
2026-05-11 22:57:56,164 | INFO     | [076164] Đã xử lý ảnh thành công. Kích thước tensor: (1, 48, 48, 1)
2026-05-11 22:57:56,226 | INFO     | [076164] 📊 Chi tiết dự đoán: {'ANGRY': 12.34, 'DISGUST': 0.06, 'FEAR': 13.43, 'HAPPY': 17.41, 'NEUTRAL': 24.38, 'SAD': 29.85, 'SURPRISE': 2.53}
2026-05-11 22:57:56,226 | INFO     | [076164] 🎯 KẾT QUẢ CHỐT: SAD (29.85%)
2026-05-11 22:57:56,226 | INFO     | [076164] ⏱️ Thời gian phản hồi: 61.89 ms
2026-05-11 22:57:56,256 | INFO     | [076256] ------------------------------------------
2026-05-11 22:57:56,258 | INFO     | [076256] 📥 NHẬN YÊU CẦU QUÉT KHUÔN MẶT MỚI
2026-05-11 22:57:56,259 | INFO     | [076256] Đã xử lý ảnh thành công. Kích thước tensor: (1, 48, 48, 1)
2026-05-11 22:57:56,334 | INFO     | [076256] 📊 Chi tiết dự đoán: {'ANGRY': 9.96, 'DISGUST': 0.07, 'FEAR': 12.75, 'HAPPY': 17.63, 'NEUTRAL': 24.08, 'SAD': 32.27, 'SURPRISE': 3.24}
2026-05-11 22:57:56,335 | INFO     | [076256] 🎯 KẾT QUẢ CHỐT: SAD (32.27%)
2026-05-11 22:57:56,335 | INFO     | [076256] ⏱️ Thời gian phản hồi: 77.7 ms
2026-05-11 22:57:56,349 | INFO     | [076349] ------------------------------------------
2026-05-11 22:57:56,351 | INFO     | [076349] 📥 NHẬN YÊU CẦU QUÉT KHUÔN MẶT MỚI
2026-05-11 22:57:56,351 | INFO     | [076349] Đã xử lý ảnh thành công. Kích thước tensor: (1, 48, 48, 1)
2026-05-11 22:57:56,414 | INFO     | [076349] 📊 Chi tiết dự đoán: {'ANGRY': 12.18, 'DISGUST': 0.06, 'FEAR': 14.89, 'HAPPY': 13.21, 'NEUTRAL': 23.58, 'SAD': 33.09, 'SURPRISE': 2.99}
2026-05-11 22:57:56,414 | INFO     | [076349] 🎯 KẾT QUẢ CHỐT: SAD (33.09%)
2026-05-11 22:57:56,414 | INFO     | [076349] ⏱️ Thời gian phản hồi: 63.7 ms
2026-05-11 22:57:56,459 | INFO     | [076459] ------------------------------------------
2026-05-11 22:57:56,459 | INFO     | [076459] 📥 NHẬN YÊU CẦU QUÉT KHUÔN MẶT MỚI
2026-05-11 22:57:56,459 | INFO     | [076459] Đã xử lý ảnh thành công. Kích thước tensor: (1, 48, 48, 1)
2026-05-11 22:57:56,514 | INFO     | [076459] 📊 Chi tiết dự đoán: {'ANGRY': 14.43, 'DISGUST': 0.07, 'FEAR': 13.4, 'HAPPY': 18.08, 'NEUTRAL': 22.75, 'SAD': 27.61, 'SURPRISE': 3.67}
2026-05-11 22:57:56,514 | INFO     | [076459] 🎯 KẾT QUẢ CHỐT: SAD (27.61%)
2026-05-11 22:57:56,515 | INFO     | [076459] ⏱️ Thời gian phản hồi: 55.14 ms
2026-05-11 22:57:56,553 | INFO     | [076553] ------------------------------------------
2026-05-11 22:57:56,553 | INFO     | [076553] 📥 NHẬN YÊU CẦU QUÉT KHUÔN MẶT MỚI
2026-05-11 22:57:56,554 | INFO     | [076553] Đã xử lý ảnh thành công. Kích thước tensor: (1, 48, 48, 1)
2026-05-11 22:57:56,608 | INFO     | [076553] 📊 Chi tiết dự đoán: {'ANGRY': 12.87, 'DISGUST': 0.08, 'FEAR': 12.47, 'HAPPY': 16.81, 'NEUTRAL': 24.07, 'SAD': 29.93, 'SURPRISE': 3.77}
2026-05-11 22:57:56,608 | INFO     | [076553] 🎯 KẾT QUẢ CHỐT: SAD (29.93%)
2026-05-11 22:57:56,609 | INFO     | [076553] ⏱️ Thời gian phản hồi: 55.3 ms
2026-05-11 22:57:56,663 | INFO     | [076663] ------------------------------------------
2026-05-11 22:57:56,663 | INFO     | [076663] 📥 NHẬN YÊU CẦU QUÉT KHUÔN MẶT MỚI
2026-05-11 22:57:56,664 | INFO     | [076663] Đã xử lý ảnh thành công. Kích thước tensor: (1, 48, 48, 1)
2026-05-11 22:57:56,722 | INFO     | [076663] 📊 Chi tiết dự đoán: {'ANGRY': 12.56, 'DISGUST': 0.08, 'FEAR': 11.51, 'HAPPY': 17.7, 'NEUTRAL': 23.62, 'SAD': 30.65, 'SURPRISE': 3.88}
2026-05-11 22:57:56,722 | INFO     | [076663] 🎯 KẾT QUẢ CHỐT: SAD (30.65%)
2026-05-11 22:57:56,722 | INFO     | [076663] ⏱️ Thời gian phản hồi: 59.11 ms
2026-05-11 22:57:56,755 | INFO     | [076755] ------------------------------------------
2026-05-11 22:57:56,756 | INFO     | [076755] 📥 NHẬN YÊU CẦU QUÉT KHUÔN MẶT MỚI
2026-05-11 22:57:56,756 | INFO     | [076755] Đã xử lý ảnh thành công. Kích thước tensor: (1, 48, 48, 1)
2026-05-11 22:57:56,809 | INFO     | [076755] 📊 Chi tiết dự đoán: {'ANGRY': 12.21, 'DISGUST': 0.07, 'FEAR': 11.87, 'HAPPY': 15.07, 'NEUTRAL': 26.95, 'SAD': 30.09, 'SURPRISE': 3.75}
2026-05-11 22:57:56,809 | INFO     | [076755] 🎯 KẾT QUẢ CHỐT: SAD (30.09%)
2026-05-11 22:57:56,809 | INFO     | [076755] ⏱️ Thời gian phản hồi: 54.05 ms
2026-05-11 22:57:56,862 | INFO     | [076862] ------------------------------------------
2026-05-11 22:57:56,862 | INFO     | [076862] 📥 NHẬN YÊU CẦU QUÉT KHUÔN MẶT MỚI
2026-05-11 22:57:56,864 | INFO     | [076862] Đã xử lý ảnh thành công. Kích thước tensor: (1, 48, 48, 1)
2026-05-11 22:57:56,916 | INFO     | [076862] 📊 Chi tiết dự đoán: {'ANGRY': 13.49, 'DISGUST': 0.07, 'FEAR': 12.56, 'HAPPY': 15.19, 'NEUTRAL': 27.37, 'SAD': 27.33, 'SURPRISE': 3.99}
2026-05-11 22:57:56,916 | INFO     | [076862] 🎯 KẾT QUẢ CHỐT: NEUTRAL (27.37%)
2026-05-11 22:57:56,917 | INFO     | [076862] ⏱️ Thời gian phản hồi: 53.44 ms
2026-05-11 22:57:56,956 | INFO     | [076956] ------------------------------------------
2026-05-11 22:57:56,957 | INFO     | [076956] 📥 NHẬN YÊU CẦU QUÉT KHUÔN MẶT MỚI
2026-05-11 22:57:56,957 | INFO     | [076956] Đã xử lý ảnh thành công. Kích thước tensor: (1, 48, 48, 1)
2026-05-11 22:57:57,016 | INFO     | [076956] 📊 Chi tiết dự đoán: {'ANGRY': 13.09, 'DISGUST': 0.07, 'FEAR': 12.61, 'HAPPY': 14.43, 'NEUTRAL': 27.14, 'SAD': 28.52, 'SURPRISE': 4.15}
2026-05-11 22:57:57,017 | INFO     | [076956] 🎯 KẾT QUẢ CHỐT: SAD (28.52%)
2026-05-11 22:57:57,017 | INFO     | [076956] ⏱️ Thời gian phản hồi: 60.45 ms
2026-05-11 22:57:57,065 | INFO     | [077065] ------------------------------------------
2026-05-11 22:57:57,065 | INFO     | [077065] 📥 NHẬN YÊU CẦU QUÉT KHUÔN MẶT MỚI
2026-05-11 22:57:57,067 | INFO     | [077065] Đã xử lý ảnh thành công. Kích thước tensor: (1, 48, 48, 1)
2026-05-11 22:57:57,131 | INFO     | [077065] 📊 Chi tiết dự đoán: {'ANGRY': 12.85, 'DISGUST': 0.07, 'FEAR': 12.41, 'HAPPY': 14.92, 'NEUTRAL': 26.27, 'SAD': 29.34, 'SURPRISE': 4.13}
2026-05-11 22:57:57,131 | INFO     | [077065] 🎯 KẾT QUẢ CHỐT: SAD (29.34%)
2026-05-11 22:57:57,131 | INFO     | [077065] ⏱️ Thời gian phản hồi: 65.57 ms
2026-05-11 22:57:57,159 | INFO     | [077159] ------------------------------------------
2026-05-11 22:57:57,159 | INFO     | [077159] 📥 NHẬN YÊU CẦU QUÉT KHUÔN MẶT MỚI
2026-05-11 22:57:57,160 | INFO     | [077159] Đã xử lý ảnh thành công. Kích thước tensor: (1, 48, 48, 1)
2026-05-11 22:57:57,214 | INFO     | [077159] 📊 Chi tiết dự đoán: {'ANGRY': 12.72, 'DISGUST': 0.07, 'FEAR': 12.64, 'HAPPY': 12.47, 'NEUTRAL': 28.54, 'SAD': 29.69, 'SURPRISE': 3.87}
2026-05-11 22:57:57,214 | INFO     | [077159] 🎯 KẾT QUẢ CHỐT: SAD (29.69%)
2026-05-11 22:57:57,214 | INFO     | [077159] ⏱️ Thời gian phản hồi: 54.86 ms
2026-05-11 22:57:57,252 | INFO     | [077252] ------------------------------------------
2026-05-11 22:57:57,252 | INFO     | [077252] 📥 NHẬN YÊU CẦU QUÉT KHUÔN MẶT MỚI
2026-05-11 22:57:57,254 | INFO     | [077252] Đã xử lý ảnh thành công. Kích thước tensor: (1, 48, 48, 1)
2026-05-11 22:57:57,318 | INFO     | [077252] 📊 Chi tiết dự đoán: {'ANGRY': 12.27, 'DISGUST': 0.07, 'FEAR': 13.28, 'HAPPY': 13.99, 'NEUTRAL': 28.48, 'SAD': 27.46, 'SURPRISE': 4.44}
2026-05-11 22:57:57,319 | INFO     | [077252] 🎯 KẾT QUẢ CHỐT: NEUTRAL (28.48%)
2026-05-11 22:57:57,319 | INFO     | [077252] ⏱️ Thời gian phản hồi: 65.3 ms
2026-05-11 22:57:57,362 | INFO     | [077362] ------------------------------------------
2026-05-11 22:57:57,362 | INFO     | [077362] 📥 NHẬN YÊU CẦU QUÉT KHUÔN MẶT MỚI
2026-05-11 22:57:57,363 | INFO     | [077362] Đã xử lý ảnh thành công. Kích thước tensor: (1, 48, 48, 1)
2026-05-11 22:57:57,420 | INFO     | [077362] 📊 Chi tiết dự đoán: {'ANGRY': 10.81, 'DISGUST': 0.05, 'FEAR': 12.68, 'HAPPY': 13.77, 'NEUTRAL': 29.58, 'SAD': 29.34, 'SURPRISE': 3.77}
2026-05-11 22:57:57,421 | INFO     | [077362] 🎯 KẾT QUẢ CHỐT: NEUTRAL (29.58%)
2026-05-11 22:57:57,421 | INFO     | [077362] ⏱️ Thời gian phản hồi: 58.36 ms
2026-05-11 22:57:57,951 | INFO     | [BATCH-077951] ==========================================
2026-05-11 22:57:57,951 | INFO     | [BATCH-077951] 🎞️ NHẬN CHUỖI 50 KHUNG HÌNH (BATCH)
2026-05-11 22:57:58,038 | INFO     | [BATCH-077951] ↳ Frame 1/50: SAD (37.6%)
2026-05-11 22:57:58,129 | INFO     | [BATCH-077951] ↳ Frame 2/50: SAD (38.1%)
2026-05-11 22:57:58,222 | INFO     | [BATCH-077951] ↳ Frame 3/50: SAD (39.4%)
2026-05-11 22:57:58,299 | INFO     | [BATCH-077951] ↳ Frame 4/50: SAD (45.6%)
2026-05-11 22:57:58,387 | INFO     | [BATCH-077951] ↳ Frame 5/50: SAD (38.0%)
2026-05-11 22:57:58,460 | INFO     | [BATCH-077951] ↳ Frame 6/50: SAD (38.8%)
2026-05-11 22:57:58,557 | INFO     | [BATCH-077951] ↳ Frame 7/50: SAD (39.2%)
2026-05-11 22:57:58,635 | INFO     | [BATCH-077951] ↳ Frame 8/50: SAD (35.6%)
2026-05-11 22:57:58,722 | INFO     | [BATCH-077951] ↳ Frame 9/50: SAD (33.6%)
2026-05-11 22:57:58,801 | INFO     | [BATCH-077951] ↳ Frame 10/50: SAD (33.2%)
2026-05-11 22:57:58,867 | INFO     | [BATCH-077951] ↳ Frame 11/50: SAD (32.3%)
2026-05-11 22:57:58,923 | INFO     | [BATCH-077951] ↳ Frame 12/50: SAD (31.7%)
2026-05-11 22:57:58,978 | INFO     | [BATCH-077951] ↳ Frame 13/50: SAD (31.4%)
2026-05-11 22:57:59,036 | INFO     | [BATCH-077951] ↳ Frame 14/50: SAD (33.2%)
2026-05-11 22:57:59,091 | INFO     | [BATCH-077951] ↳ Frame 15/50: SAD (32.7%)
2026-05-11 22:57:59,152 | INFO     | [BATCH-077951] ↳ Frame 16/50: SAD (30.4%)
2026-05-11 22:57:59,206 | INFO     | [BATCH-077951] ↳ Frame 17/50: SAD (33.9%)
2026-05-11 22:57:59,261 | INFO     | [BATCH-077951] ↳ Frame 18/50: SAD (32.2%)
2026-05-11 22:57:59,318 | INFO     | [BATCH-077951] ↳ Frame 19/50: SAD (31.2%)
2026-05-11 22:57:59,396 | INFO     | [BATCH-077951] ↳ Frame 20/50: SAD (29.5%)
2026-05-11 22:57:59,481 | INFO     | [BATCH-077951] ↳ Frame 21/50: SAD (34.3%)
2026-05-11 22:57:59,541 | INFO     | [BATCH-077951] ↳ Frame 22/50: SAD (30.6%)
2026-05-11 22:57:59,600 | INFO     | [BATCH-077951] ↳ Frame 23/50: SAD (31.5%)
2026-05-11 22:57:59,659 | INFO     | [BATCH-077951] ↳ Frame 24/50: SAD (28.0%)
2026-05-11 22:57:59,721 | INFO     | [BATCH-077951] ↳ Frame 25/50: SAD (31.4%)
2026-05-11 22:57:59,779 | INFO     | [BATCH-077951] ↳ Frame 26/50: SAD (35.0%)
2026-05-11 22:57:59,833 | INFO     | [BATCH-077951] ↳ Frame 27/50: SAD (31.6%)
2026-05-11 22:57:59,891 | INFO     | [BATCH-077951] ↳ Frame 28/50: SAD (31.4%)
2026-05-11 22:57:59,973 | INFO     | [BATCH-077951] ↳ Frame 29/50: SAD (26.2%)
2026-05-11 22:58:00,083 | INFO     | [BATCH-077951] ↳ Frame 30/50: SAD (30.8%)
2026-05-11 22:58:00,157 | INFO     | [BATCH-077951] ↳ Frame 31/50: SAD (27.5%)
2026-05-11 22:58:00,230 | INFO     | [BATCH-077951] ↳ Frame 32/50: SAD (31.1%)
2026-05-11 22:58:00,304 | INFO     | [BATCH-077951] ↳ Frame 33/50: SAD (32.6%)
2026-05-11 22:58:00,366 | INFO     | [BATCH-077951] ↳ Frame 34/50: SAD (30.6%)
2026-05-11 22:58:00,441 | INFO     | [BATCH-077951] ↳ Frame 35/50: SAD (30.5%)
2026-05-11 22:58:00,504 | INFO     | [BATCH-077951] ↳ Frame 36/50: SAD (31.2%)
2026-05-11 22:58:00,562 | INFO     | [BATCH-077951] ↳ Frame 37/50: SAD (32.6%)
2026-05-11 22:58:00,616 | INFO     | [BATCH-077951] ↳ Frame 38/50: SAD (29.8%)
2026-05-11 22:58:00,671 | INFO     | [BATCH-077951] ↳ Frame 39/50: SAD (32.3%)
2026-05-11 22:58:00,725 | INFO     | [BATCH-077951] ↳ Frame 40/50: SAD (33.1%)
2026-05-11 22:58:00,776 | INFO     | [BATCH-077951] ↳ Frame 41/50: SAD (27.6%)
2026-05-11 22:58:00,834 | INFO     | [BATCH-077951] ↳ Frame 42/50: SAD (29.9%)
2026-05-11 22:58:00,890 | INFO     | [BATCH-077951] ↳ Frame 43/50: SAD (30.7%)
2026-05-11 22:58:00,952 | INFO     | [BATCH-077951] ↳ Frame 44/50: SAD (30.1%)
2026-05-11 22:58:01,008 | INFO     | [BATCH-077951] ↳ Frame 45/50: NEUTRAL (27.4%)
2026-05-11 22:58:01,062 | INFO     | [BATCH-077951] ↳ Frame 46/50: SAD (28.5%)
2026-05-11 22:58:01,120 | INFO     | [BATCH-077951] ↳ Frame 47/50: SAD (29.3%)
2026-05-11 22:58:01,177 | INFO     | [BATCH-077951] ↳ Frame 48/50: SAD (29.7%)
2026-05-11 22:58:01,244 | INFO     | [BATCH-077951] ↳ Frame 49/50: NEUTRAL (28.5%)
2026-05-11 22:58:01,297 | INFO     | [BATCH-077951] ↳ Frame 50/50: NEUTRAL (29.6%)
2026-05-11 22:58:01,297 | INFO     | [BATCH-077951] 🎯 KẾT QUẢ CHUỖI: SAD (Tần suất: {'SAD': 47, 'NEUTRAL': 3})
2026-05-11 22:58:01,298 | INFO     | [BATCH-077951] ⏱️ Tổng thời gian xử lý: 3345.83 ms
2026-05-11 22:58:18,436 | INFO     | [098436] ------------------------------------------
2026-05-11 22:58:18,437 | INFO     | [098436] 📥 NHẬN YÊU CẦU QUÉT KHUÔN MẶT MỚI
2026-05-11 22:58:18,437 | INFO     | [098436] Đã xử lý ảnh thành công. Kích thước tensor: (1, 48, 48, 1)
2026-05-11 22:58:18,499 | INFO     | [098436] 📊 Chi tiết dự đoán: {'ANGRY': 3.21, 'DISGUST': 0.27, 'FEAR': 6.87, 'HAPPY': 20.44, 'NEUTRAL': 20.91, 'SAD': 46.18, 'SURPRISE': 2.12}
2026-05-11 22:58:18,499 | INFO     | [098436] 🎯 KẾT QUẢ CHỐT: SAD (46.18%)
2026-05-11 22:58:18,499 | INFO     | [098436] ⏱️ Thời gian phản hồi: 63.34 ms
2026-05-11 22:58:18,537 | INFO     | [098536] ------------------------------------------
2026-05-11 22:58:18,537 | INFO     | [098536] 📥 NHẬN YÊU CẦU QUÉT KHUÔN MẶT MỚI
2026-05-11 22:58:18,538 | INFO     | [098536] Đã xử lý ảnh thành công. Kích thước tensor: (1, 48, 48, 1)
2026-05-11 22:58:18,608 | INFO     | [098536] 📊 Chi tiết dự đoán: {'ANGRY': 3.37, 'DISGUST': 0.23, 'FEAR': 7.61, 'HAPPY': 15.74, 'NEUTRAL': 22.22, 'SAD': 48.49, 'SURPRISE': 2.33}
2026-05-11 22:58:18,608 | INFO     | [098536] 🎯 KẾT QUẢ CHỐT: SAD (48.49%)
2026-05-11 22:58:18,608 | INFO     | [098536] ⏱️ Thời gian phản hồi: 70.25 ms
2026-05-11 22:58:18,646 | INFO     | [098646] ------------------------------------------
2026-05-11 22:58:18,646 | INFO     | [098646] 📥 NHẬN YÊU CẦU QUÉT KHUÔN MẶT MỚI
2026-05-11 22:58:18,647 | INFO     | [098646] Đã xử lý ảnh thành công. Kích thước tensor: (1, 48, 48, 1)
2026-05-11 22:58:18,721 | INFO     | [098646] 📊 Chi tiết dự đoán: {'ANGRY': 2.94, 'DISGUST': 0.22, 'FEAR': 7.7, 'HAPPY': 12.27, 'NEUTRAL': 22.69, 'SAD': 52.08, 'SURPRISE': 2.1}
2026-05-11 22:58:18,722 | INFO     | [098646] 🎯 KẾT QUẢ CHỐT: SAD (52.08%)
2026-05-11 22:58:18,722 | INFO     | [098646] ⏱️ Thời gian phản hồi: 74.74 ms
2026-05-11 22:58:18,756 | INFO     | [098755] ------------------------------------------
2026-05-11 22:58:18,756 | INFO     | [098755] 📥 NHẬN YÊU CẦU QUÉT KHUÔN MẶT MỚI
2026-05-11 22:58:18,756 | INFO     | [098755] Đã xử lý ảnh thành công. Kích thước tensor: (1, 48, 48, 1)
2026-05-11 22:58:18,831 | INFO     | [098755] 📊 Chi tiết dự đoán: {'ANGRY': 2.9, 'DISGUST': 0.12, 'FEAR': 7.28, 'HAPPY': 11.23, 'NEUTRAL': 22.65, 'SAD': 53.88, 'SURPRISE': 1.94}
2026-05-11 22:58:18,831 | INFO     | [098755] 🎯 KẾT QUẢ CHỐT: SAD (53.88%)
2026-05-11 22:58:18,831 | INFO     | [098755] ⏱️ Thời gian phản hồi: 75.91 ms
2026-05-11 22:58:19,086 | INFO     | [099086] ------------------------------------------
2026-05-11 22:58:19,088 | INFO     | [099086] 📥 NHẬN YÊU CẦU QUÉT KHUÔN MẶT MỚI
2026-05-11 22:58:19,088 | INFO     | [099086] Đã xử lý ảnh thành công. Kích thước tensor: (1, 48, 48, 1)
2026-05-11 22:58:19,153 | INFO     | [099086] 📊 Chi tiết dự đoán: {'ANGRY': 3.05, 'DISGUST': 0.09, 'FEAR': 11.12, 'HAPPY': 6.11, 'NEUTRAL': 22.79, 'SAD': 53.73, 'SURPRISE': 3.1}
2026-05-11 22:58:19,154 | INFO     | [099086] 🎯 KẾT QUẢ CHỐT: SAD (53.73%)
2026-05-11 22:58:19,154 | INFO     | [099086] ⏱️ Thời gian phản hồi: 66.85 ms
2026-05-11 22:58:19,156 | INFO     | [099156] ------------------------------------------
2026-05-11 22:58:19,156 | INFO     | [099156] 📥 NHẬN YÊU CẦU QUÉT KHUÔN MẶT MỚI
2026-05-11 22:58:19,157 | INFO     | [099156] Đã xử lý ảnh thành công. Kích thước tensor: (1, 48, 48, 1)
2026-05-11 22:58:19,231 | INFO     | [099156] 📊 Chi tiết dự đoán: {'ANGRY': 2.73, 'DISGUST': 0.07, 'FEAR': 12.4, 'HAPPY': 8.86, 'NEUTRAL': 20.99, 'SAD': 51.77, 'SURPRISE': 3.18}
2026-05-11 22:58:19,231 | INFO     | [099156] 🎯 KẾT QUẢ CHỐT: SAD (51.77%)
2026-05-11 22:58:19,231 | INFO     | [099156] ⏱️ Thời gian phản hồi: 75.28 ms
2026-05-11 22:58:19,253 | INFO     | [099253] ------------------------------------------
2026-05-11 22:58:19,254 | INFO     | [099253] 📥 NHẬN YÊU CẦU QUÉT KHUÔN MẶT MỚI
2026-05-11 22:58:19,254 | INFO     | [099253] Đã xử lý ảnh thành công. Kích thước tensor: (1, 48, 48, 1)
2026-05-11 22:58:19,327 | INFO     | [099253] 📊 Chi tiết dự đoán: {'ANGRY': 3.74, 'DISGUST': 0.08, 'FEAR': 10.02, 'HAPPY': 11.71, 'NEUTRAL': 23.0, 'SAD': 48.53, 'SURPRISE': 2.92}
2026-05-11 22:58:19,327 | INFO     | [099253] 🎯 KẾT QUẢ CHỐT: SAD (48.53%)
2026-05-11 22:58:19,327 | INFO     | [099253] ⏱️ Thời gian phản hồi: 73.57 ms
2026-05-11 22:58:19,347 | INFO     | [099347] ------------------------------------------
2026-05-11 22:58:19,347 | INFO     | [099347] 📥 NHẬN YÊU CẦU QUÉT KHUÔN MẶT MỚI
2026-05-11 22:58:19,348 | INFO     | [099347] Đã xử lý ảnh thành công. Kích thước tensor: (1, 48, 48, 1)
2026-05-11 22:58:19,421 | INFO     | [099347] 📊 Chi tiết dự đoán: {'ANGRY': 3.56, 'DISGUST': 0.06, 'FEAR': 14.7, 'HAPPY': 8.35, 'NEUTRAL': 20.28, 'SAD': 48.06, 'SURPRISE': 4.99}
2026-05-11 22:58:19,421 | INFO     | [099347] 🎯 KẾT QUẢ CHỐT: SAD (48.06%)
2026-05-11 22:58:19,421 | INFO     | [099347] ⏱️ Thời gian phản hồi: 72.4 ms
2026-05-11 22:58:19,441 | INFO     | [099441] ------------------------------------------
2026-05-11 22:58:19,441 | INFO     | [099441] 📥 NHẬN YÊU CẦU QUÉT KHUÔN MẶT MỚI
2026-05-11 22:58:19,442 | INFO     | [099441] Đã xử lý ảnh thành công. Kích thước tensor: (1, 48, 48, 1)
2026-05-11 22:58:19,507 | INFO     | [099441] 📊 Chi tiết dự đoán: {'ANGRY': 3.72, 'DISGUST': 0.04, 'FEAR': 14.74, 'HAPPY': 7.82, 'NEUTRAL': 23.21, 'SAD': 46.22, 'SURPRISE': 4.24}
2026-05-11 22:58:19,508 | INFO     | [099441] 🎯 KẾT QUẢ CHỐT: SAD (46.22%)
2026-05-11 22:58:19,508 | INFO     | [099441] ⏱️ Thời gian phản hồi: 65.63 ms
2026-05-11 22:58:19,551 | INFO     | [099551] ------------------------------------------
2026-05-11 22:58:19,551 | INFO     | [099551] 📥 NHẬN YÊU CẦU QUÉT KHUÔN MẶT MỚI
2026-05-11 22:58:19,551 | INFO     | [099551] Đã xử lý ảnh thành công. Kích thước tensor: (1, 48, 48, 1)
2026-05-11 22:58:19,624 | INFO     | [099551] 📊 Chi tiết dự đoán: {'ANGRY': 5.69, 'DISGUST': 0.08, 'FEAR': 14.63, 'HAPPY': 13.55, 'NEUTRAL': 23.39, 'SAD': 36.51, 'SURPRISE': 6.15}
2026-05-11 22:58:19,624 | INFO     | [099551] 🎯 KẾT QUẢ CHỐT: SAD (36.51%)
2026-05-11 22:58:19,624 | INFO     | [099551] ⏱️ Thời gian phản hồi: 73.1 ms
2026-05-11 22:58:19,644 | INFO     | [099644] ------------------------------------------
2026-05-11 22:58:19,644 | INFO     | [099644] 📥 NHẬN YÊU CẦU QUÉT KHUÔN MẶT MỚI
2026-05-11 22:58:19,645 | INFO     | [099644] Đã xử lý ảnh thành công. Kích thước tensor: (1, 48, 48, 1)
2026-05-11 22:58:19,716 | INFO     | [099644] 📊 Chi tiết dự đoán: {'ANGRY': 4.49, 'DISGUST': 0.09, 'FEAR': 14.67, 'HAPPY': 9.01, 'NEUTRAL': 24.74, 'SAD': 41.82, 'SURPRISE': 5.18}
2026-05-11 22:58:19,716 | INFO     | [099644] 🎯 KẾT QUẢ CHỐT: SAD (41.82%)
2026-05-11 22:58:19,716 | INFO     | [099644] ⏱️ Thời gian phản hồi: 71.29 ms
2026-05-11 22:58:19,750 | INFO     | [099750] ------------------------------------------
2026-05-11 22:58:19,750 | INFO     | [099750] 📥 NHẬN YÊU CẦU QUÉT KHUÔN MẶT MỚI
2026-05-11 22:58:19,751 | INFO     | [099750] Đã xử lý ảnh thành công. Kích thước tensor: (1, 48, 48, 1)
2026-05-11 22:58:19,825 | INFO     | [099750] 📊 Chi tiết dự đoán: {'ANGRY': 4.89, 'DISGUST': 0.09, 'FEAR': 13.38, 'HAPPY': 12.56, 'NEUTRAL': 25.04, 'SAD': 38.12, 'SURPRISE': 5.93}
2026-05-11 22:58:19,825 | INFO     | [099750] 🎯 KẾT QUẢ CHỐT: SAD (38.12%)
2026-05-11 22:58:19,825 | INFO     | [099750] ⏱️ Thời gian phản hồi: 75.41 ms
2026-05-11 22:58:19,846 | INFO     | [099846] ------------------------------------------
2026-05-11 22:58:19,846 | INFO     | [099846] 📥 NHẬN YÊU CẦU QUÉT KHUÔN MẶT MỚI
2026-05-11 22:58:19,847 | INFO     | [099846] Đã xử lý ảnh thành công. Kích thước tensor: (1, 48, 48, 1)
2026-05-11 22:58:19,920 | INFO     | [099846] 📊 Chi tiết dự đoán: {'ANGRY': 4.23, 'DISGUST': 0.09, 'FEAR': 12.4, 'HAPPY': 9.95, 'NEUTRAL': 27.06, 'SAD': 41.91, 'SURPRISE': 4.36}
2026-05-11 22:58:19,921 | INFO     | [099846] 🎯 KẾT QUẢ CHỐT: SAD (41.91%)
2026-05-11 22:58:19,921 | INFO     | [099846] ⏱️ Thời gian phản hồi: 73.76 ms
2026-05-11 22:58:19,956 | INFO     | [099956] ------------------------------------------
2026-05-11 22:58:19,956 | INFO     | [099956] 📥 NHẬN YÊU CẦU QUÉT KHUÔN MẶT MỚI
2026-05-11 22:58:19,957 | INFO     | [099956] Đã xử lý ảnh thành công. Kích thước tensor: (1, 48, 48, 1)
2026-05-11 22:58:20,036 | INFO     | [099956] 📊 Chi tiết dự đoán: {'ANGRY': 4.87, 'DISGUST': 0.09, 'FEAR': 12.52, 'HAPPY': 11.28, 'NEUTRAL': 26.86, 'SAD': 39.57, 'SURPRISE': 4.81}
2026-05-11 22:58:20,036 | INFO     | [099956] 🎯 KẾT QUẢ CHỐT: SAD (39.57%)
2026-05-11 22:58:20,036 | INFO     | [099956] ⏱️ Thời gian phản hồi: 80.04 ms
2026-05-11 22:58:20,049 | INFO     | [100049] ------------------------------------------
2026-05-11 22:58:20,050 | INFO     | [100049] 📥 NHẬN YÊU CẦU QUÉT KHUÔN MẶT MỚI
2026-05-11 22:58:20,050 | INFO     | [100049] Đã xử lý ảnh thành công. Kích thước tensor: (1, 48, 48, 1)
2026-05-11 22:58:20,135 | INFO     | [100049] 📊 Chi tiết dự đoán: {'ANGRY': 4.22, 'DISGUST': 0.09, 'FEAR': 12.36, 'HAPPY': 11.48, 'NEUTRAL': 26.55, 'SAD': 40.65, 'SURPRISE': 4.64}
2026-05-11 22:58:20,135 | INFO     | [100049] 🎯 KẾT QUẢ CHỐT: SAD (40.65%)
2026-05-11 22:58:20,135 | INFO     | [100049] ⏱️ Thời gian phản hồi: 86.34 ms
2026-05-11 22:58:20,144 | INFO     | [100144] ------------------------------------------
2026-05-11 22:58:20,144 | INFO     | [100144] 📥 NHẬN YÊU CẦU QUÉT KHUÔN MẶT MỚI
2026-05-11 22:58:20,145 | INFO     | [100144] Đã xử lý ảnh thành công. Kích thước tensor: (1, 48, 48, 1)
2026-05-11 22:58:20,217 | INFO     | [100144] 📊 Chi tiết dự đoán: {'ANGRY': 3.79, 'DISGUST': 0.07, 'FEAR': 11.81, 'HAPPY': 12.97, 'NEUTRAL': 26.58, 'SAD': 40.78, 'SURPRISE': 4.0}
2026-05-11 22:58:20,219 | INFO     | [100144] 🎯 KẾT QUẢ CHỐT: SAD (40.78%)
2026-05-11 22:58:20,219 | INFO     | [100144] ⏱️ Thời gian phản hồi: 73.06 ms
2026-05-11 22:58:20,252 | INFO     | [100252] ------------------------------------------
2026-05-11 22:58:20,252 | INFO     | [100252] 📥 NHẬN YÊU CẦU QUÉT KHUÔN MẶT MỚI
2026-05-11 22:58:20,252 | INFO     | [100252] Đã xử lý ảnh thành công. Kích thước tensor: (1, 48, 48, 1)
2026-05-11 22:58:20,322 | INFO     | [100252] 📊 Chi tiết dự đoán: {'ANGRY': 4.64, 'DISGUST': 0.08, 'FEAR': 14.12, 'HAPPY': 12.84, 'NEUTRAL': 24.62, 'SAD': 39.61, 'SURPRISE': 4.08}
2026-05-11 22:58:20,322 | INFO     | [100252] 🎯 KẾT QUẢ CHỐT: SAD (39.61%)
2026-05-11 22:58:20,322 | INFO     | [100252] ⏱️ Thời gian phản hồi: 69.03 ms
2026-05-11 22:58:20,345 | INFO     | [100345] ------------------------------------------
2026-05-11 22:58:20,346 | INFO     | [100345] 📥 NHẬN YÊU CẦU QUÉT KHUÔN MẶT MỚI
2026-05-11 22:58:20,347 | INFO     | [100345] Đã xử lý ảnh thành công. Kích thước tensor: (1, 48, 48, 1)
2026-05-11 22:58:20,412 | INFO     | [100345] 📊 Chi tiết dự đoán: {'ANGRY': 5.46, 'DISGUST': 0.11, 'FEAR': 14.01, 'HAPPY': 14.12, 'NEUTRAL': 24.0, 'SAD': 36.52, 'SURPRISE': 5.79}
2026-05-11 22:58:20,412 | INFO     | [100345] 🎯 KẾT QUẢ CHỐT: SAD (36.52%)
2026-05-11 22:58:20,412 | INFO     | [100345] ⏱️ Thời gian phản hồi: 65.57 ms
2026-05-11 22:58:20,453 | INFO     | [100453] ------------------------------------------
2026-05-11 22:58:20,453 | INFO     | [100453] 📥 NHẬN YÊU CẦU QUÉT KHUÔN MẶT MỚI
2026-05-11 22:58:20,453 | INFO     | [100453] Đã xử lý ảnh thành công. Kích thước tensor: (1, 48, 48, 1)
2026-05-11 22:58:20,509 | INFO     | [100453] 📊 Chi tiết dự đoán: {'ANGRY': 5.05, 'DISGUST': 0.09, 'FEAR': 13.35, 'HAPPY': 14.18, 'NEUTRAL': 25.57, 'SAD': 37.48, 'SURPRISE': 4.28}
2026-05-11 22:58:20,509 | INFO     | [100453] 🎯 KẾT QUẢ CHỐT: SAD (37.48%)
2026-05-11 22:58:20,509 | INFO     | [100453] ⏱️ Thời gian phản hồi: 55.58 ms
2026-05-11 22:58:20,548 | INFO     | [100548] ------------------------------------------
2026-05-11 22:58:20,548 | INFO     | [100548] 📥 NHẬN YÊU CẦU QUÉT KHUÔN MẶT MỚI
2026-05-11 22:58:20,548 | INFO     | [100548] Đã xử lý ảnh thành công. Kích thước tensor: (1, 48, 48, 1)
2026-05-11 22:58:20,608 | INFO     | [100548] 📊 Chi tiết dự đoán: {'ANGRY': 5.73, 'DISGUST': 0.11, 'FEAR': 12.33, 'HAPPY': 14.8, 'NEUTRAL': 27.34, 'SAD': 35.7, 'SURPRISE': 3.99}
2026-05-11 22:58:20,608 | INFO     | [100548] 🎯 KẾT QUẢ CHỐT: SAD (35.70%)
2026-05-11 22:58:20,608 | INFO     | [100548] ⏱️ Thời gian phản hồi: 60.63 ms
2026-05-11 22:58:20,658 | INFO     | [100658] ------------------------------------------
2026-05-11 22:58:20,659 | INFO     | [100658] 📥 NHẬN YÊU CẦU QUÉT KHUÔN MẶT MỚI
2026-05-11 22:58:20,659 | INFO     | [100658] Đã xử lý ảnh thành công. Kích thước tensor: (1, 48, 48, 1)
2026-05-11 22:58:20,726 | INFO     | [100658] 📊 Chi tiết dự đoán: {'ANGRY': 5.2, 'DISGUST': 0.1, 'FEAR': 13.14, 'HAPPY': 12.43, 'NEUTRAL': 27.73, 'SAD': 37.41, 'SURPRISE': 4.01}
2026-05-11 22:58:20,726 | INFO     | [100658] 🎯 KẾT QUẢ CHỐT: SAD (37.41%)
2026-05-11 22:58:20,727 | INFO     | [100658] ⏱️ Thời gian phản hồi: 68.25 ms
2026-05-11 22:58:20,752 | INFO     | [100752] ------------------------------------------
2026-05-11 22:58:20,752 | INFO     | [100752] 📥 NHẬN YÊU CẦU QUÉT KHUÔN MẶT MỚI
2026-05-11 22:58:20,753 | INFO     | [100752] Đã xử lý ảnh thành công. Kích thước tensor: (1, 48, 48, 1)
2026-05-11 22:58:20,828 | INFO     | [100752] 📊 Chi tiết dự đoán: {'ANGRY': 4.68, 'DISGUST': 0.08, 'FEAR': 14.79, 'HAPPY': 13.36, 'NEUTRAL': 25.2, 'SAD': 37.03, 'SURPRISE': 4.86}
2026-05-11 22:58:20,828 | INFO     | [100752] 🎯 KẾT QUẢ CHỐT: SAD (37.03%)
2026-05-11 22:58:20,828 | INFO     | [100752] ⏱️ Thời gian phản hồi: 74.89 ms
2026-05-11 22:58:20,847 | INFO     | [100847] ------------------------------------------
2026-05-11 22:58:20,847 | INFO     | [100847] 📥 NHẬN YÊU CẦU QUÉT KHUÔN MẶT MỚI
2026-05-11 22:58:20,847 | INFO     | [100847] Đã xử lý ảnh thành công. Kích thước tensor: (1, 48, 48, 1)
2026-05-11 22:58:20,911 | INFO     | [100847] 📊 Chi tiết dự đoán: {'ANGRY': 5.22, 'DISGUST': 0.1, 'FEAR': 14.49, 'HAPPY': 11.48, 'NEUTRAL': 27.1, 'SAD': 37.48, 'SURPRISE': 4.13}
2026-05-11 22:58:20,911 | INFO     | [100847] 🎯 KẾT QUẢ CHỐT: SAD (37.48%)
2026-05-11 22:58:20,912 | INFO     | [100847] ⏱️ Thời gian phản hồi: 63.92 ms
2026-05-11 22:58:20,955 | INFO     | [100955] ------------------------------------------
2026-05-11 22:58:20,955 | INFO     | [100955] 📥 NHẬN YÊU CẦU QUÉT KHUÔN MẶT MỚI
2026-05-11 22:58:20,956 | INFO     | [100955] Đã xử lý ảnh thành công. Kích thước tensor: (1, 48, 48, 1)
2026-05-11 22:58:21,023 | INFO     | [100955] 📊 Chi tiết dự đoán: {'ANGRY': 5.73, 'DISGUST': 0.1, 'FEAR': 13.32, 'HAPPY': 14.21, 'NEUTRAL': 27.33, 'SAD': 34.97, 'SURPRISE': 4.35}
2026-05-11 22:58:21,023 | INFO     | [100955] 🎯 KẾT QUẢ CHỐT: SAD (34.97%)
2026-05-11 22:58:21,023 | INFO     | [100955] ⏱️ Thời gian phản hồi: 66.66 ms
2026-05-11 22:58:21,048 | INFO     | [101048] ------------------------------------------
2026-05-11 22:58:21,048 | INFO     | [101048] 📥 NHẬN YÊU CẦU QUÉT KHUÔN MẶT MỚI
2026-05-11 22:58:21,049 | INFO     | [101048] Đã xử lý ảnh thành công. Kích thước tensor: (1, 48, 48, 1)
2026-05-11 22:58:21,105 | INFO     | [101048] 📊 Chi tiết dự đoán: {'ANGRY': 5.36, 'DISGUST': 0.08, 'FEAR': 11.71, 'HAPPY': 12.27, 'NEUTRAL': 31.12, 'SAD': 35.66, 'SURPRISE': 3.8}
2026-05-11 22:58:21,105 | INFO     | [101048] 🎯 KẾT QUẢ CHỐT: SAD (35.66%)
2026-05-11 22:58:21,105 | INFO     | [101048] ⏱️ Thời gian phản hồi: 57.08 ms
2026-05-11 22:58:21,156 | INFO     | [101156] ------------------------------------------
2026-05-11 22:58:21,157 | INFO     | [101156] 📥 NHẬN YÊU CẦU QUÉT KHUÔN MẶT MỚI
2026-05-11 22:58:21,157 | INFO     | [101156] Đã xử lý ảnh thành công. Kích thước tensor: (1, 48, 48, 1)
2026-05-11 22:58:21,213 | INFO     | [101156] 📊 Chi tiết dự đoán: {'ANGRY': 7.13, 'DISGUST': 0.08, 'FEAR': 13.13, 'HAPPY': 18.74, 'NEUTRAL': 25.07, 'SAD': 31.63, 'SURPRISE': 4.22}
2026-05-11 22:58:21,213 | INFO     | [101156] 🎯 KẾT QUẢ CHỐT: SAD (31.63%)
2026-05-11 22:58:21,213 | INFO     | [101156] ⏱️ Thời gian phản hồi: 57.35 ms
2026-05-11 22:58:21,250 | INFO     | [101250] ------------------------------------------
2026-05-11 22:58:21,250 | INFO     | [101250] 📥 NHẬN YÊU CẦU QUÉT KHUÔN MẶT MỚI
2026-05-11 22:58:21,250 | INFO     | [101250] Đã xử lý ảnh thành công. Kích thước tensor: (1, 48, 48, 1)
2026-05-11 22:58:21,316 | INFO     | [101250] 📊 Chi tiết dự đoán: {'ANGRY': 6.37, 'DISGUST': 0.08, 'FEAR': 12.55, 'HAPPY': 15.48, 'NEUTRAL': 27.96, 'SAD': 33.12, 'SURPRISE': 4.44}
2026-05-11 22:58:21,316 | INFO     | [101250] 🎯 KẾT QUẢ CHỐT: SAD (33.12%)
2026-05-11 22:58:21,316 | INFO     | [101250] ⏱️ Thời gian phản hồi: 65.16 ms
2026-05-11 22:58:21,346 | INFO     | [101346] ------------------------------------------
2026-05-11 22:58:21,346 | INFO     | [101346] 📥 NHẬN YÊU CẦU QUÉT KHUÔN MẶT MỚI
2026-05-11 22:58:21,346 | INFO     | [101346] Đã xử lý ảnh thành công. Kích thước tensor: (1, 48, 48, 1)
2026-05-11 22:58:21,408 | INFO     | [101346] 📊 Chi tiết dự đoán: {'ANGRY': 5.34, 'DISGUST': 0.07, 'FEAR': 10.82, 'HAPPY': 17.21, 'NEUTRAL': 29.68, 'SAD': 33.07, 'SURPRISE': 3.81}
2026-05-11 22:58:21,408 | INFO     | [101346] 🎯 KẾT QUẢ CHỐT: SAD (33.07%)
2026-05-11 22:58:21,408 | INFO     | [101346] ⏱️ Thời gian phản hồi: 62.34 ms
2026-05-11 22:58:21,453 | INFO     | [101453] ------------------------------------------
2026-05-11 22:58:21,453 | INFO     | [101453] 📥 NHẬN YÊU CẦU QUÉT KHUÔN MẶT MỚI
2026-05-11 22:58:21,453 | INFO     | [101453] Đã xử lý ảnh thành công. Kích thước tensor: (1, 48, 48, 1)
2026-05-11 22:58:21,506 | INFO     | [101453] 📊 Chi tiết dự đoán: {'ANGRY': 4.57, 'DISGUST': 0.09, 'FEAR': 14.32, 'HAPPY': 12.55, 'NEUTRAL': 22.16, 'SAD': 40.59, 'SURPRISE': 5.73}
2026-05-11 22:58:21,506 | INFO     | [101453] 🎯 KẾT QUẢ CHỐT: SAD (40.59%)
2026-05-11 22:58:21,506 | INFO     | [101453] ⏱️ Thời gian phản hồi: 52.55 ms
2026-05-11 22:58:21,546 | INFO     | [101546] ------------------------------------------
2026-05-11 22:58:21,546 | INFO     | [101546] 📥 NHẬN YÊU CẦU QUÉT KHUÔN MẶT MỚI
2026-05-11 22:58:21,546 | INFO     | [101546] Đã xử lý ảnh thành công. Kích thước tensor: (1, 48, 48, 1)
2026-05-11 22:58:21,598 | INFO     | [101546] 📊 Chi tiết dự đoán: {'ANGRY': 4.51, 'DISGUST': 0.07, 'FEAR': 13.88, 'HAPPY': 12.98, 'NEUTRAL': 22.25, 'SAD': 40.43, 'SURPRISE': 5.89}
2026-05-11 22:58:21,599 | INFO     | [101546] 🎯 KẾT QUẢ CHỐT: SAD (40.43%)
2026-05-11 22:58:21,599 | INFO     | [101546] ⏱️ Thời gian phản hồi: 51.58 ms
2026-05-11 22:58:21,657 | INFO     | [101657] ------------------------------------------
2026-05-11 22:58:21,658 | INFO     | [101657] 📥 NHẬN YÊU CẦU QUÉT KHUÔN MẶT MỚI
2026-05-11 22:58:21,658 | INFO     | [101657] Đã xử lý ảnh thành công. Kích thước tensor: (1, 48, 48, 1)
2026-05-11 22:58:21,719 | INFO     | [101657] 📊 Chi tiết dự đoán: {'ANGRY': 3.26, 'DISGUST': 0.11, 'FEAR': 10.59, 'HAPPY': 10.5, 'NEUTRAL': 25.97, 'SAD': 43.79, 'SURPRISE': 5.79}
2026-05-11 22:58:21,720 | INFO     | [101657] 🎯 KẾT QUẢ CHỐT: SAD (43.79%)
2026-05-11 22:58:21,720 | INFO     | [101657] ⏱️ Thời gian phản hồi: 62.37 ms
2026-05-11 22:58:21,749 | INFO     | [101749] ------------------------------------------
2026-05-11 22:58:21,749 | INFO     | [101749] 📥 NHẬN YÊU CẦU QUÉT KHUÔN MẶT MỚI
2026-05-11 22:58:21,751 | INFO     | [101749] Đã xử lý ảnh thành công. Kích thước tensor: (1, 48, 48, 1)
2026-05-11 22:58:21,821 | INFO     | [101749] 📊 Chi tiết dự đoán: {'ANGRY': 3.96, 'DISGUST': 0.11, 'FEAR': 8.89, 'HAPPY': 8.81, 'NEUTRAL': 27.51, 'SAD': 46.68, 'SURPRISE': 4.03}
2026-05-11 22:58:21,821 | INFO     | [101749] 🎯 KẾT QUẢ CHỐT: SAD (46.68%)
2026-05-11 22:58:21,821 | INFO     | [101749] ⏱️ Thời gian phản hồi: 71.63 ms
2026-05-11 22:58:21,843 | INFO     | [101843] ------------------------------------------
2026-05-11 22:58:21,844 | INFO     | [101843] 📥 NHẬN YÊU CẦU QUÉT KHUÔN MẶT MỚI
2026-05-11 22:58:21,844 | INFO     | [101843] Đã xử lý ảnh thành công. Kích thước tensor: (1, 48, 48, 1)
2026-05-11 22:58:21,896 | INFO     | [101843] 📊 Chi tiết dự đoán: {'ANGRY': 4.02, 'DISGUST': 0.17, 'FEAR': 7.34, 'HAPPY': 7.61, 'NEUTRAL': 30.92, 'SAD': 46.3, 'SURPRISE': 3.65}
2026-05-11 22:58:21,896 | INFO     | [101843] 🎯 KẾT QUẢ CHỐT: SAD (46.30%)
2026-05-11 22:58:21,896 | INFO     | [101843] ⏱️ Thời gian phản hồi: 53.65 ms
2026-05-11 22:58:21,954 | INFO     | [101954] ------------------------------------------
2026-05-11 22:58:21,955 | INFO     | [101954] 📥 NHẬN YÊU CẦU QUÉT KHUÔN MẶT MỚI
2026-05-11 22:58:21,955 | INFO     | [101954] Đã xử lý ảnh thành công. Kích thước tensor: (1, 48, 48, 1)
2026-05-11 22:58:22,020 | INFO     | [101954] 📊 Chi tiết dự đoán: {'ANGRY': 3.43, 'DISGUST': 0.13, 'FEAR': 7.67, 'HAPPY': 7.96, 'NEUTRAL': 30.11, 'SAD': 47.32, 'SURPRISE': 3.38}
2026-05-11 22:58:22,020 | INFO     | [101954] 🎯 KẾT QUẢ CHỐT: SAD (47.32%)
2026-05-11 22:58:22,022 | INFO     | [101954] ⏱️ Thời gian phản hồi: 66.53 ms
2026-05-11 22:58:22,047 | INFO     | [102047] ------------------------------------------
2026-05-11 22:58:22,047 | INFO     | [102047] 📥 NHẬN YÊU CẦU QUÉT KHUÔN MẶT MỚI
2026-05-11 22:58:22,048 | INFO     | [102047] Đã xử lý ảnh thành công. Kích thước tensor: (1, 48, 48, 1)
2026-05-11 22:58:22,130 | INFO     | [102047] 📊 Chi tiết dự đoán: {'ANGRY': 3.57, 'DISGUST': 0.18, 'FEAR': 8.15, 'HAPPY': 8.97, 'NEUTRAL': 26.65, 'SAD': 48.8, 'SURPRISE': 3.68}
2026-05-11 22:58:22,130 | INFO     | [102047] 🎯 KẾT QUẢ CHỐT: SAD (48.80%)
2026-05-11 22:58:22,130 | INFO     | [102047] ⏱️ Thời gian phản hồi: 81.42 ms
2026-05-11 22:58:22,155 | INFO     | [102155] ------------------------------------------
2026-05-11 22:58:22,156 | INFO     | [102155] 📥 NHẬN YÊU CẦU QUÉT KHUÔN MẶT MỚI
2026-05-11 22:58:22,156 | INFO     | [102155] Đã xử lý ảnh thành công. Kích thước tensor: (1, 48, 48, 1)
2026-05-11 22:58:22,219 | INFO     | [102155] 📊 Chi tiết dự đoán: {'ANGRY': 4.26, 'DISGUST': 0.18, 'FEAR': 8.32, 'HAPPY': 8.17, 'NEUTRAL': 24.31, 'SAD': 50.03, 'SURPRISE': 4.73}
2026-05-11 22:58:22,220 | INFO     | [102155] 🎯 KẾT QUẢ CHỐT: SAD (50.03%)
2026-05-11 22:58:22,220 | INFO     | [102155] ⏱️ Thời gian phản hồi: 64.74 ms
2026-05-11 22:58:22,249 | INFO     | [102249] ------------------------------------------
2026-05-11 22:58:22,249 | INFO     | [102249] 📥 NHẬN YÊU CẦU QUÉT KHUÔN MẶT MỚI
2026-05-11 22:58:22,249 | INFO     | [102249] Đã xử lý ảnh thành công. Kích thước tensor: (1, 48, 48, 1)
2026-05-11 22:58:22,303 | INFO     | [102249] 📊 Chi tiết dự đoán: {'ANGRY': 4.12, 'DISGUST': 0.18, 'FEAR': 8.42, 'HAPPY': 9.23, 'NEUTRAL': 24.59, 'SAD': 49.04, 'SURPRISE': 4.42}
2026-05-11 22:58:22,303 | INFO     | [102249] 🎯 KẾT QUẢ CHỐT: SAD (49.04%)
2026-05-11 22:58:22,303 | INFO     | [102249] ⏱️ Thời gian phản hồi: 53.36 ms
2026-05-11 22:58:22,355 | INFO     | [102355] ------------------------------------------
2026-05-11 22:58:22,356 | INFO     | [102355] 📥 NHẬN YÊU CẦU QUÉT KHUÔN MẶT MỚI
2026-05-11 22:58:22,356 | INFO     | [102355] Đã xử lý ảnh thành công. Kích thước tensor: (1, 48, 48, 1)
2026-05-11 22:58:22,408 | INFO     | [102355] 📊 Chi tiết dự đoán: {'ANGRY': 3.76, 'DISGUST': 0.15, 'FEAR': 6.8, 'HAPPY': 11.99, 'NEUTRAL': 26.07, 'SAD': 48.31, 'SURPRISE': 2.92}
2026-05-11 22:58:22,408 | INFO     | [102355] 🎯 KẾT QUẢ CHỐT: SAD (48.31%)
2026-05-11 22:58:22,408 | INFO     | [102355] ⏱️ Thời gian phản hồi: 52.95 ms
2026-05-11 22:58:22,450 | INFO     | [102450] ------------------------------------------
2026-05-11 22:58:22,450 | INFO     | [102450] 📥 NHẬN YÊU CẦU QUÉT KHUÔN MẶT MỚI
2026-05-11 22:58:22,451 | INFO     | [102450] Đã xử lý ảnh thành công. Kích thước tensor: (1, 48, 48, 1)
2026-05-11 22:58:22,509 | INFO     | [102450] 📊 Chi tiết dự đoán: {'ANGRY': 3.74, 'DISGUST': 0.15, 'FEAR': 7.38, 'HAPPY': 9.4, 'NEUTRAL': 24.09, 'SAD': 52.35, 'SURPRISE': 2.87}
2026-05-11 22:58:22,509 | INFO     | [102450] 🎯 KẾT QUẢ CHỐT: SAD (52.35%)
2026-05-11 22:58:22,509 | INFO     | [102450] ⏱️ Thời gian phản hồi: 59.07 ms
2026-05-11 22:58:22,543 | INFO     | [102543] ------------------------------------------
2026-05-11 22:58:22,543 | INFO     | [102543] 📥 NHẬN YÊU CẦU QUÉT KHUÔN MẶT MỚI
2026-05-11 22:58:22,544 | INFO     | [102543] Đã xử lý ảnh thành công. Kích thước tensor: (1, 48, 48, 1)
2026-05-11 22:58:22,602 | INFO     | [102543] 📊 Chi tiết dự đoán: {'ANGRY': 3.45, 'DISGUST': 0.16, 'FEAR': 6.28, 'HAPPY': 11.5, 'NEUTRAL': 24.79, 'SAD': 51.74, 'SURPRISE': 2.08}
2026-05-11 22:58:22,602 | INFO     | [102543] 🎯 KẾT QUẢ CHỐT: SAD (51.74%)
2026-05-11 22:58:22,602 | INFO     | [102543] ⏱️ Thời gian phản hồi: 59.32 ms
2026-05-11 22:58:22,652 | INFO     | [102652] ------------------------------------------
2026-05-11 22:58:22,653 | INFO     | [102652] 📥 NHẬN YÊU CẦU QUÉT KHUÔN MẶT MỚI
2026-05-11 22:58:22,653 | INFO     | [102652] Đã xử lý ảnh thành công. Kích thước tensor: (1, 48, 48, 1)
2026-05-11 22:58:22,708 | INFO     | [102652] 📊 Chi tiết dự đoán: {'ANGRY': 3.08, 'DISGUST': 0.17, 'FEAR': 7.1, 'HAPPY': 11.3, 'NEUTRAL': 25.26, 'SAD': 50.49, 'SURPRISE': 2.6}
2026-05-11 22:58:22,710 | INFO     | [102652] 🎯 KẾT QUẢ CHỐT: SAD (50.49%)
2026-05-11 22:58:22,710 | INFO     | [102652] ⏱️ Thời gian phản hồi: 56.41 ms
2026-05-11 22:58:22,746 | INFO     | [102746] ------------------------------------------
2026-05-11 22:58:22,747 | INFO     | [102746] 📥 NHẬN YÊU CẦU QUÉT KHUÔN MẶT MỚI
2026-05-11 22:58:22,747 | INFO     | [102746] Đã xử lý ảnh thành công. Kích thước tensor: (1, 48, 48, 1)
2026-05-11 22:58:22,814 | INFO     | [102746] 📊 Chi tiết dự đoán: {'ANGRY': 3.37, 'DISGUST': 0.21, 'FEAR': 6.95, 'HAPPY': 10.82, 'NEUTRAL': 25.49, 'SAD': 50.12, 'SURPRISE': 3.05}
2026-05-11 22:58:22,814 | INFO     | [102746] 🎯 KẾT QUẢ CHỐT: SAD (50.12%)
2026-05-11 22:58:22,814 | INFO     | [102746] ⏱️ Thời gian phản hồi: 68.51 ms
2026-05-11 22:58:22,856 | INFO     | [102856] ------------------------------------------
2026-05-11 22:58:22,856 | INFO     | [102856] 📥 NHẬN YÊU CẦU QUÉT KHUÔN MẶT MỚI
2026-05-11 22:58:22,856 | INFO     | [102856] Đã xử lý ảnh thành công. Kích thước tensor: (1, 48, 48, 1)
2026-05-11 22:58:22,910 | INFO     | [102856] 📊 Chi tiết dự đoán: {'ANGRY': 2.81, 'DISGUST': 0.11, 'FEAR': 7.05, 'HAPPY': 12.6, 'NEUTRAL': 27.25, 'SAD': 48.01, 'SURPRISE': 2.16}
2026-05-11 22:58:22,911 | INFO     | [102856] 🎯 KẾT QUẢ CHỐT: SAD (48.01%)
2026-05-11 22:58:22,911 | INFO     | [102856] ⏱️ Thời gian phản hồi: 53.64 ms
2026-05-11 22:58:22,948 | INFO     | [102948] ------------------------------------------
2026-05-11 22:58:22,950 | INFO     | [102948] 📥 NHẬN YÊU CẦU QUÉT KHUÔN MẶT MỚI
2026-05-11 22:58:22,950 | INFO     | [102948] Đã xử lý ảnh thành công. Kích thước tensor: (1, 48, 48, 1)
2026-05-11 22:58:23,001 | INFO     | [102948] 📊 Chi tiết dự đoán: {'ANGRY': 3.42, 'DISGUST': 0.15, 'FEAR': 7.06, 'HAPPY': 9.05, 'NEUTRAL': 29.03, 'SAD': 48.76, 'SURPRISE': 2.53}
2026-05-11 22:58:23,002 | INFO     | [102948] 🎯 KẾT QUẢ CHỐT: SAD (48.76%)
2026-05-11 22:58:23,002 | INFO     | [102948] ⏱️ Thời gian phản hồi: 52.76 ms
2026-05-11 22:58:23,043 | INFO     | [103043] ------------------------------------------
2026-05-11 22:58:23,043 | INFO     | [103043] 📥 NHẬN YÊU CẦU QUÉT KHUÔN MẶT MỚI
2026-05-11 22:58:23,043 | INFO     | [103043] Đã xử lý ảnh thành công. Kích thước tensor: (1, 48, 48, 1)
2026-05-11 22:58:23,105 | INFO     | [103043] 📊 Chi tiết dự đoán: {'ANGRY': 3.41, 'DISGUST': 0.23, 'FEAR': 7.64, 'HAPPY': 9.38, 'NEUTRAL': 23.41, 'SAD': 52.9, 'SURPRISE': 3.03}
2026-05-11 22:58:23,105 | INFO     | [103043] 🎯 KẾT QUẢ CHỐT: SAD (52.90%)
2026-05-11 22:58:23,105 | INFO     | [103043] ⏱️ Thời gian phản hồi: 60.68 ms
2026-05-11 22:58:23,153 | INFO     | [103153] ------------------------------------------
2026-05-11 22:58:23,154 | INFO     | [103153] 📥 NHẬN YÊU CẦU QUÉT KHUÔN MẶT MỚI
2026-05-11 22:58:23,154 | INFO     | [103153] Đã xử lý ảnh thành công. Kích thước tensor: (1, 48, 48, 1)
2026-05-11 22:58:23,205 | INFO     | [103153] 📊 Chi tiết dự đoán: {'ANGRY': 2.87, 'DISGUST': 0.12, 'FEAR': 6.23, 'HAPPY': 17.26, 'NEUTRAL': 21.56, 'SAD': 50.19, 'SURPRISE': 1.77}
2026-05-11 22:58:23,207 | INFO     | [103153] 🎯 KẾT QUẢ CHỐT: SAD (50.19%)
2026-05-11 22:58:23,207 | INFO     | [103153] ⏱️ Thời gian phản hồi: 52.25 ms
2026-05-11 22:58:23,246 | INFO     | [103246] ------------------------------------------
2026-05-11 22:58:23,246 | INFO     | [103246] 📥 NHẬN YÊU CẦU QUÉT KHUÔN MẶT MỚI
2026-05-11 22:58:23,246 | INFO     | [103246] Đã xử lý ảnh thành công. Kích thước tensor: (1, 48, 48, 1)
2026-05-11 22:58:23,298 | INFO     | [103246] 📊 Chi tiết dự đoán: {'ANGRY': 3.04, 'DISGUST': 0.13, 'FEAR': 7.46, 'HAPPY': 10.39, 'NEUTRAL': 28.52, 'SAD': 47.3, 'SURPRISE': 3.15}
2026-05-11 22:58:23,298 | INFO     | [103246] 🎯 KẾT QUẢ CHỐT: SAD (47.30%)
2026-05-11 22:58:23,299 | INFO     | [103246] ⏱️ Thời gian phản hồi: 51.31 ms
2026-05-11 22:58:23,354 | INFO     | [103354] ------------------------------------------
2026-05-11 22:58:23,354 | INFO     | [103354] 📥 NHẬN YÊU CẦU QUÉT KHUÔN MẶT MỚI
2026-05-11 22:58:23,355 | INFO     | [103354] Đã xử lý ảnh thành công. Kích thước tensor: (1, 48, 48, 1)
2026-05-11 22:58:23,411 | INFO     | [103354] 📊 Chi tiết dự đoán: {'ANGRY': 3.53, 'DISGUST': 0.15, 'FEAR': 8.62, 'HAPPY': 8.45, 'NEUTRAL': 27.18, 'SAD': 48.32, 'SURPRISE': 3.74}
2026-05-11 22:58:23,411 | INFO     | [103354] 🎯 KẾT QUẢ CHỐT: SAD (48.32%)
2026-05-11 22:58:23,411 | INFO     | [103354] ⏱️ Thời gian phản hồi: 56.72 ms
2026-05-11 22:58:23,447 | INFO     | [103447] ------------------------------------------
2026-05-11 22:58:23,448 | INFO     | [103447] 📥 NHẬN YÊU CẦU QUÉT KHUÔN MẶT MỚI
2026-05-11 22:58:23,448 | INFO     | [103447] Đã xử lý ảnh thành công. Kích thước tensor: (1, 48, 48, 1)
2026-05-11 22:58:23,515 | INFO     | [103447] 📊 Chi tiết dự đoán: {'ANGRY': 4.28, 'DISGUST': 0.13, 'FEAR': 7.87, 'HAPPY': 8.08, 'NEUTRAL': 30.9, 'SAD': 44.93, 'SURPRISE': 3.81}
2026-05-11 22:58:23,515 | INFO     | [103447] 🎯 KẾT QUẢ CHỐT: SAD (44.93%)
2026-05-11 22:58:23,515 | INFO     | [103447] ⏱️ Thời gian phản hồi: 67.79 ms
2026-05-11 22:58:23,542 | INFO     | [103542] ------------------------------------------
2026-05-11 22:58:23,542 | INFO     | [103542] 📥 NHẬN YÊU CẦU QUÉT KHUÔN MẶT MỚI
2026-05-11 22:58:23,543 | INFO     | [103542] Đã xử lý ảnh thành công. Kích thước tensor: (1, 48, 48, 1)
2026-05-11 22:58:23,612 | INFO     | [103542] 📊 Chi tiết dự đoán: {'ANGRY': 4.05, 'DISGUST': 0.16, 'FEAR': 7.96, 'HAPPY': 5.62, 'NEUTRAL': 34.18, 'SAD': 44.4, 'SURPRISE': 3.63}
2026-05-11 22:58:23,612 | INFO     | [103542] 🎯 KẾT QUẢ CHỐT: SAD (44.40%)
2026-05-11 22:58:23,612 | INFO     | [103542] ⏱️ Thời gian phản hồi: 69.86 ms
2026-05-11 22:58:24,129 | INFO     | [BATCH-104129] ==========================================
2026-05-11 22:58:24,130 | INFO     | [BATCH-104129] 🎞️ NHẬN CHUỖI 50 KHUNG HÌNH (BATCH)
2026-05-11 22:58:24,253 | INFO     | [BATCH-104129] ↳ Frame 1/50: SAD (46.2%)
2026-05-11 22:58:24,353 | INFO     | [BATCH-104129] ↳ Frame 2/50: SAD (48.5%)
2026-05-11 22:58:24,448 | INFO     | [BATCH-104129] ↳ Frame 3/50: SAD (52.1%)
2026-05-11 22:58:24,549 | INFO     | [BATCH-104129] ↳ Frame 4/50: SAD (53.9%)
2026-05-11 22:58:24,638 | INFO     | [BATCH-104129] ↳ Frame 5/50: SAD (53.7%)
2026-05-11 22:58:24,708 | INFO     | [BATCH-104129] ↳ Frame 6/50: SAD (51.8%)
2026-05-11 22:58:24,820 | INFO     | [BATCH-104129] ↳ Frame 7/50: SAD (48.5%)
2026-05-11 22:58:24,912 | INFO     | [BATCH-104129] ↳ Frame 8/50: SAD (48.1%)
2026-05-11 22:58:25,030 | INFO     | [BATCH-104129] ↳ Frame 9/50: SAD (46.2%)
2026-05-11 22:58:25,110 | INFO     | [BATCH-104129] ↳ Frame 10/50: SAD (36.5%)
2026-05-11 22:58:25,186 | INFO     | [BATCH-104129] ↳ Frame 11/50: SAD (41.8%)
2026-05-11 22:58:25,256 | INFO     | [BATCH-104129] ↳ Frame 12/50: SAD (38.1%)
2026-05-11 22:58:25,326 | INFO     | [BATCH-104129] ↳ Frame 13/50: SAD (41.9%)
2026-05-11 22:58:25,396 | INFO     | [BATCH-104129] ↳ Frame 14/50: SAD (39.6%)
2026-05-11 22:58:25,458 | INFO     | [BATCH-104129] ↳ Frame 15/50: SAD (40.7%)
2026-05-11 22:58:25,518 | INFO     | [BATCH-104129] ↳ Frame 16/50: SAD (40.8%)
2026-05-11 22:58:25,576 | INFO     | [BATCH-104129] ↳ Frame 17/50: SAD (39.6%)
2026-05-11 22:58:25,650 | INFO     | [BATCH-104129] ↳ Frame 18/50: SAD (36.5%)
2026-05-11 22:58:25,715 | INFO     | [BATCH-104129] ↳ Frame 19/50: SAD (37.5%)
2026-05-11 22:58:25,771 | INFO     | [BATCH-104129] ↳ Frame 20/50: SAD (35.7%)
2026-05-11 22:58:25,828 | INFO     | [BATCH-104129] ↳ Frame 21/50: SAD (37.4%)
2026-05-11 22:58:25,890 | INFO     | [BATCH-104129] ↳ Frame 22/50: SAD (37.0%)
2026-05-11 22:58:25,954 | INFO     | [BATCH-104129] ↳ Frame 23/50: SAD (37.5%)
2026-05-11 22:58:26,018 | INFO     | [BATCH-104129] ↳ Frame 24/50: SAD (35.0%)
2026-05-11 22:58:26,076 | INFO     | [BATCH-104129] ↳ Frame 25/50: SAD (35.7%)
2026-05-11 22:58:26,131 | INFO     | [BATCH-104129] ↳ Frame 26/50: SAD (31.6%)
2026-05-11 22:58:26,187 | INFO     | [BATCH-104129] ↳ Frame 27/50: SAD (33.1%)
2026-05-11 22:58:26,257 | INFO     | [BATCH-104129] ↳ Frame 28/50: SAD (33.1%)
2026-05-11 22:58:26,316 | INFO     | [BATCH-104129] ↳ Frame 29/50: SAD (40.6%)
2026-05-11 22:58:26,375 | INFO     | [BATCH-104129] ↳ Frame 30/50: SAD (40.4%)
2026-05-11 22:58:26,444 | INFO     | [BATCH-104129] ↳ Frame 31/50: SAD (43.8%)
2026-05-11 22:58:26,506 | INFO     | [BATCH-104129] ↳ Frame 32/50: SAD (46.7%)
2026-05-11 22:58:26,573 | INFO     | [BATCH-104129] ↳ Frame 33/50: SAD (46.3%)
2026-05-11 22:58:26,638 | INFO     | [BATCH-104129] ↳ Frame 34/50: SAD (47.3%)
2026-05-11 22:58:26,693 | INFO     | [BATCH-104129] ↳ Frame 35/50: SAD (48.8%)
2026-05-11 22:58:26,746 | INFO     | [BATCH-104129] ↳ Frame 36/50: SAD (50.0%)
2026-05-11 22:58:26,806 | INFO     | [BATCH-104129] ↳ Frame 37/50: SAD (49.0%)
2026-05-11 22:58:26,865 | INFO     | [BATCH-104129] ↳ Frame 38/50: SAD (48.3%)
2026-05-11 22:58:26,922 | INFO     | [BATCH-104129] ↳ Frame 39/50: SAD (52.4%)
2026-05-11 22:58:26,982 | INFO     | [BATCH-104129] ↳ Frame 40/50: SAD (51.7%)
2026-05-11 22:58:27,042 | INFO     | [BATCH-104129] ↳ Frame 41/50: SAD (50.5%)
2026-05-11 22:58:27,097 | INFO     | [BATCH-104129] ↳ Frame 42/50: SAD (50.1%)
2026-05-11 22:58:27,152 | INFO     | [BATCH-104129] ↳ Frame 43/50: SAD (48.0%)
2026-05-11 22:58:27,209 | INFO     | [BATCH-104129] ↳ Frame 44/50: SAD (48.8%)
2026-05-11 22:58:27,264 | INFO     | [BATCH-104129] ↳ Frame 45/50: SAD (52.9%)
2026-05-11 22:58:27,326 | INFO     | [BATCH-104129] ↳ Frame 46/50: SAD (50.2%)
2026-05-11 22:58:27,385 | INFO     | [BATCH-104129] ↳ Frame 47/50: SAD (47.3%)
2026-05-11 22:58:27,440 | INFO     | [BATCH-104129] ↳ Frame 48/50: SAD (48.3%)
2026-05-11 22:58:27,492 | INFO     | [BATCH-104129] ↳ Frame 49/50: SAD (44.9%)
2026-05-11 22:58:27,547 | INFO     | [BATCH-104129] ↳ Frame 50/50: SAD (44.4%)
2026-05-11 22:58:27,547 | INFO     | [BATCH-104129] 🎯 KẾT QUẢ CHUỖI: SAD (Tần suất: {'SAD': 50})
2026-05-11 22:58:27,548 | INFO     | [BATCH-104129] ⏱️ Tổng thời gian xử lý: 3418.05 ms
2026-05-11 22:58:29,063 | INFO     | [109063] ------------------------------------------
2026-05-11 22:58:29,066 | INFO     | [109063] 📥 NHẬN YÊU CẦU QUÉT KHUÔN MẶT MỚI
2026-05-11 22:58:29,068 | INFO     | [109063] Đã xử lý ảnh thành công. Kích thước tensor: (1, 48, 48, 1)
2026-05-11 22:58:29,177 | INFO     | [109063] 📊 Chi tiết dự đoán: {'ANGRY': 5.46, 'DISGUST': 0.11, 'FEAR': 10.28, 'HAPPY': 11.23, 'NEUTRAL': 20.0, 'SAD': 49.01, 'SURPRISE': 3.91}
2026-05-11 22:58:29,177 | INFO     | [109063] 🎯 KẾT QUẢ CHỐT: SAD (49.01%)
2026-05-11 22:58:29,177 | INFO     | [109063] ⏱️ Thời gian phản hồi: 113.73 ms
2026-05-11 22:58:29,182 | INFO     | [109182] ------------------------------------------
2026-05-11 22:58:29,182 | INFO     | [109182] 📥 NHẬN YÊU CẦU QUÉT KHUÔN MẶT MỚI
2026-05-11 22:58:29,183 | INFO     | [109182] Đã xử lý ảnh thành công. Kích thước tensor: (1, 48, 48, 1)
2026-05-11 22:58:29,277 | INFO     | [109182] 📊 Chi tiết dự đoán: {'ANGRY': 5.34, 'DISGUST': 0.08, 'FEAR': 11.46, 'HAPPY': 13.12, 'NEUTRAL': 18.03, 'SAD': 48.1, 'SURPRISE': 3.87}
2026-05-11 22:58:29,278 | INFO     | [109182] 🎯 KẾT QUẢ CHỐT: SAD (48.10%)
2026-05-11 22:58:29,278 | INFO     | [109182] ⏱️ Thời gian phản hồi: 94.82 ms
2026-05-11 22:58:29,281 | INFO     | [109281] ------------------------------------------
2026-05-11 22:58:29,281 | INFO     | [109281] 📥 NHẬN YÊU CẦU QUÉT KHUÔN MẶT MỚI
2026-05-11 22:58:29,282 | INFO     | [109281] Đã xử lý ảnh thành công. Kích thước tensor: (1, 48, 48, 1)
2026-05-11 22:58:29,372 | INFO     | [109281] 📊 Chi tiết dự đoán: {'ANGRY': 4.9, 'DISGUST': 0.07, 'FEAR': 12.87, 'HAPPY': 12.91, 'NEUTRAL': 19.88, 'SAD': 45.92, 'SURPRISE': 3.43}
2026-05-11 22:58:29,372 | INFO     | [109281] 🎯 KẾT QUẢ CHỐT: SAD (45.92%)
2026-05-11 22:58:29,373 | INFO     | [109281] ⏱️ Thời gian phản hồi: 90.64 ms
2026-05-11 22:58:29,374 | INFO     | [109374] ------------------------------------------
2026-05-11 22:58:29,374 | INFO     | [109374] 📥 NHẬN YÊU CẦU QUÉT KHUÔN MẶT MỚI
2026-05-11 22:58:29,375 | INFO     | [109374] Đã xử lý ảnh thành công. Kích thước tensor: (1, 48, 48, 1)
2026-05-11 22:58:29,444 | INFO     | [109374] 📊 Chi tiết dự đoán: {'ANGRY': 5.97, 'DISGUST': 0.1, 'FEAR': 16.33, 'HAPPY': 12.5, 'NEUTRAL': 18.0, 'SAD': 41.61, 'SURPRISE': 5.48}
2026-05-11 22:58:29,444 | INFO     | [109374] 🎯 KẾT QUẢ CHỐT: SAD (41.61%)
2026-05-11 22:58:29,444 | INFO     | [109374] ⏱️ Thời gian phản hồi: 68.9 ms
2026-05-11 22:58:29,466 | INFO     | [109466] ------------------------------------------
2026-05-11 22:58:29,466 | INFO     | [109466] 📥 NHẬN YÊU CẦU QUÉT KHUÔN MẶT MỚI
2026-05-11 22:58:29,467 | INFO     | [109466] Đã xử lý ảnh thành công. Kích thước tensor: (1, 48, 48, 1)
2026-05-11 22:58:29,535 | INFO     | [109466] 📊 Chi tiết dự đoán: {'ANGRY': 4.6, 'DISGUST': 0.07, 'FEAR': 19.05, 'HAPPY': 8.47, 'NEUTRAL': 15.54, 'SAD': 45.85, 'SURPRISE': 6.41}
2026-05-11 22:58:29,535 | INFO     | [109466] 🎯 KẾT QUẢ CHỐT: SAD (45.85%)
2026-05-11 22:58:29,536 | INFO     | [109466] ⏱️ Thời gian phản hồi: 68.47 ms
2026-05-11 22:58:29,559 | INFO     | [109559] ------------------------------------------
2026-05-11 22:58:29,559 | INFO     | [109559] 📥 NHẬN YÊU CẦU QUÉT KHUÔN MẶT MỚI
2026-05-11 22:58:29,560 | INFO     | [109559] Đã xử lý ảnh thành công. Kích thước tensor: (1, 48, 48, 1)
2026-05-11 22:58:29,624 | INFO     | [109559] 📊 Chi tiết dự đoán: {'ANGRY': 5.49, 'DISGUST': 0.07, 'FEAR': 16.09, 'HAPPY': 12.93, 'NEUTRAL': 18.28, 'SAD': 43.19, 'SURPRISE': 3.95}
2026-05-11 22:58:29,625 | INFO     | [109559] 🎯 KẾT QUẢ CHỐT: SAD (43.19%)
2026-05-11 22:58:29,625 | INFO     | [109559] ⏱️ Thời gian phản hồi: 65.01 ms
2026-05-11 22:58:29,669 | INFO     | [109669] ------------------------------------------
2026-05-11 22:58:29,669 | INFO     | [109669] 📥 NHẬN YÊU CẦU QUÉT KHUÔN MẶT MỚI
2026-05-11 22:58:29,670 | INFO     | [109669] Đã xử lý ảnh thành công. Kích thước tensor: (1, 48, 48, 1)
2026-05-11 22:58:29,724 | INFO     | [109669] 📊 Chi tiết dự đoán: {'ANGRY': 5.18, 'DISGUST': 0.06, 'FEAR': 14.97, 'HAPPY': 14.3, 'NEUTRAL': 21.29, 'SAD': 39.63, 'SURPRISE': 4.56}
2026-05-11 22:58:29,724 | INFO     | [109669] 🎯 KẾT QUẢ CHỐT: SAD (39.63%)
2026-05-11 22:58:29,724 | INFO     | [109669] ⏱️ Thời gian phản hồi: 55.51 ms
2026-05-11 22:58:29,763 | INFO     | [109763] ------------------------------------------
2026-05-11 22:58:29,764 | INFO     | [109763] 📥 NHẬN YÊU CẦU QUÉT KHUÔN MẶT MỚI
2026-05-11 22:58:29,764 | INFO     | [109763] Đã xử lý ảnh thành công. Kích thước tensor: (1, 48, 48, 1)
2026-05-11 22:58:29,826 | INFO     | [109763] 📊 Chi tiết dự đoán: {'ANGRY': 4.33, 'DISGUST': 0.04, 'FEAR': 15.9, 'HAPPY': 12.15, 'NEUTRAL': 18.68, 'SAD': 44.65, 'SURPRISE': 4.26}
2026-05-11 22:58:29,827 | INFO     | [109763] 🎯 KẾT QUẢ CHỐT: SAD (44.65%)
2026-05-11 22:58:29,827 | INFO     | [109763] ⏱️ Thời gian phản hồi: 63.14 ms
2026-05-11 22:58:29,874 | INFO     | [109874] ------------------------------------------
2026-05-11 22:58:29,874 | INFO     | [109874] 📥 NHẬN YÊU CẦU QUÉT KHUÔN MẶT MỚI
2026-05-11 22:58:29,875 | INFO     | [109874] Đã xử lý ảnh thành công. Kích thước tensor: (1, 48, 48, 1)
2026-05-11 22:58:29,946 | INFO     | [109874] 📊 Chi tiết dự đoán: {'ANGRY': 4.6, 'DISGUST': 0.06, 'FEAR': 16.18, 'HAPPY': 13.71, 'NEUTRAL': 16.17, 'SAD': 43.72, 'SURPRISE': 5.56}
2026-05-11 22:58:29,946 | INFO     | [109874] 🎯 KẾT QUẢ CHỐT: SAD (43.72%)
2026-05-11 22:58:29,946 | INFO     | [109874] ⏱️ Thời gian phản hồi: 72.01 ms
2026-05-11 22:58:29,967 | INFO     | [109967] ------------------------------------------
2026-05-11 22:58:29,967 | INFO     | [109967] 📥 NHẬN YÊU CẦU QUÉT KHUÔN MẶT MỚI
2026-05-11 22:58:29,968 | INFO     | [109967] Đã xử lý ảnh thành công. Kích thước tensor: (1, 48, 48, 1)
2026-05-11 22:58:30,030 | INFO     | [109967] 📊 Chi tiết dự đoán: {'ANGRY': 5.33, 'DISGUST': 0.06, 'FEAR': 16.74, 'HAPPY': 11.72, 'NEUTRAL': 18.61, 'SAD': 42.56, 'SURPRISE': 4.99}
2026-05-11 22:58:30,030 | INFO     | [109967] 🎯 KẾT QUẢ CHỐT: SAD (42.56%)
2026-05-11 22:58:30,030 | INFO     | [109967] ⏱️ Thời gian phản hồi: 63.1 ms
2026-05-11 22:58:30,062 | INFO     | [110062] ------------------------------------------
2026-05-11 22:58:30,062 | INFO     | [110062] 📥 NHẬN YÊU CẦU QUÉT KHUÔN MẶT MỚI
2026-05-11 22:58:30,062 | INFO     | [110062] Đã xử lý ảnh thành công. Kích thước tensor: (1, 48, 48, 1)
2026-05-11 22:58:30,125 | INFO     | [110062] 📊 Chi tiết dự đoán: {'ANGRY': 5.08, 'DISGUST': 0.06, 'FEAR': 17.11, 'HAPPY': 11.44, 'NEUTRAL': 17.15, 'SAD': 44.35, 'SURPRISE': 4.81}
2026-05-11 22:58:30,125 | INFO     | [110062] 🎯 KẾT QUẢ CHỐT: SAD (44.35%)
2026-05-11 22:58:30,125 | INFO     | [110062] ⏱️ Thời gian phản hồi: 63.49 ms
2026-05-11 22:58:30,170 | INFO     | [110170] ------------------------------------------
2026-05-11 22:58:30,171 | INFO     | [110170] 📥 NHẬN YÊU CẦU QUÉT KHUÔN MẶT MỚI
2026-05-11 22:58:30,171 | INFO     | [110170] Đã xử lý ảnh thành công. Kích thước tensor: (1, 48, 48, 1)
2026-05-11 22:58:30,226 | INFO     | [110170] 📊 Chi tiết dự đoán: {'ANGRY': 5.57, 'DISGUST': 0.07, 'FEAR': 17.09, 'HAPPY': 11.05, 'NEUTRAL': 16.36, 'SAD': 45.36, 'SURPRISE': 4.49}
2026-05-11 22:58:30,226 | INFO     | [110170] 🎯 KẾT QUẢ CHỐT: SAD (45.36%)
2026-05-11 22:58:30,226 | INFO     | [110170] ⏱️ Thời gian phản hồi: 56.19 ms
2026-05-11 22:58:30,264 | INFO     | [110264] ------------------------------------------
2026-05-11 22:58:30,264 | INFO     | [110264] 📥 NHẬN YÊU CẦU QUÉT KHUÔN MẶT MỚI
2026-05-11 22:58:30,264 | INFO     | [110264] Đã xử lý ảnh thành công. Kích thước tensor: (1, 48, 48, 1)
2026-05-11 22:58:30,327 | INFO     | [110264] 📊 Chi tiết dự đoán: {'ANGRY': 5.22, 'DISGUST': 0.07, 'FEAR': 16.57, 'HAPPY': 12.0, 'NEUTRAL': 20.16, 'SAD': 40.64, 'SURPRISE': 5.34}
2026-05-11 22:58:30,327 | INFO     | [110264] 🎯 KẾT QUẢ CHỐT: SAD (40.64%)
2026-05-11 22:58:30,327 | INFO     | [110264] ⏱️ Thời gian phản hồi: 62.66 ms
2026-05-11 22:58:30,372 | INFO     | [110372] ------------------------------------------
2026-05-11 22:58:30,372 | INFO     | [110372] 📥 NHẬN YÊU CẦU QUÉT KHUÔN MẶT MỚI
2026-05-11 22:58:30,373 | INFO     | [110372] Đã xử lý ảnh thành công. Kích thước tensor: (1, 48, 48, 1)
2026-05-11 22:58:30,437 | INFO     | [110372] 📊 Chi tiết dự đoán: {'ANGRY': 4.22, 'DISGUST': 0.07, 'FEAR': 15.66, 'HAPPY': 11.46, 'NEUTRAL': 20.91, 'SAD': 41.34, 'SURPRISE': 6.33}
2026-05-11 22:58:30,437 | INFO     | [110372] 🎯 KẾT QUẢ CHỐT: SAD (41.34%)
2026-05-11 22:58:30,437 | INFO     | [110372] ⏱️ Thời gian phản hồi: 64.37 ms
2026-05-11 22:58:30,466 | INFO     | [110466] ------------------------------------------
2026-05-11 22:58:30,466 | INFO     | [110466] 📥 NHẬN YÊU CẦU QUÉT KHUÔN MẶT MỚI
2026-05-11 22:58:30,466 | INFO     | [110466] Đã xử lý ảnh thành công. Kích thước tensor: (1, 48, 48, 1)
2026-05-11 22:58:30,534 | INFO     | [110466] 📊 Chi tiết dự đoán: {'ANGRY': 5.67, 'DISGUST': 0.09, 'FEAR': 16.51, 'HAPPY': 13.82, 'NEUTRAL': 20.03, 'SAD': 38.18, 'SURPRISE': 5.7}
2026-05-11 22:58:30,534 | INFO     | [110466] 🎯 KẾT QUẢ CHỐT: SAD (38.18%)
2026-05-11 22:58:30,534 | INFO     | [110466] ⏱️ Thời gian phản hồi: 67.62 ms
2026-05-11 22:58:30,575 | INFO     | [110575] ------------------------------------------
2026-05-11 22:58:30,575 | INFO     | [110575] 📥 NHẬN YÊU CẦU QUÉT KHUÔN MẶT MỚI
2026-05-11 22:58:30,576 | INFO     | [110575] Đã xử lý ảnh thành công. Kích thước tensor: (1, 48, 48, 1)
2026-05-11 22:58:30,631 | INFO     | [110575] 📊 Chi tiết dự đoán: {'ANGRY': 5.18, 'DISGUST': 0.07, 'FEAR': 16.65, 'HAPPY': 10.21, 'NEUTRAL': 21.03, 'SAD': 41.87, 'SURPRISE': 4.99}
2026-05-11 22:58:30,631 | INFO     | [110575] 🎯 KẾT QUẢ CHỐT: SAD (41.87%)
2026-05-11 22:58:30,633 | INFO     | [110575] ⏱️ Thời gian phản hồi: 56.51 ms
2026-05-11 22:58:30,667 | INFO     | [110667] ------------------------------------------
2026-05-11 22:58:30,667 | INFO     | [110667] 📥 NHẬN YÊU CẦU QUÉT KHUÔN MẶT MỚI
2026-05-11 22:58:30,667 | INFO     | [110667] Đã xử lý ảnh thành công. Kích thước tensor: (1, 48, 48, 1)
2026-05-11 22:58:30,723 | INFO     | [110667] 📊 Chi tiết dự đoán: {'ANGRY': 5.67, 'DISGUST': 0.07, 'FEAR': 15.36, 'HAPPY': 11.81, 'NEUTRAL': 21.75, 'SAD': 40.33, 'SURPRISE': 5.0}
2026-05-11 22:58:30,723 | INFO     | [110667] 🎯 KẾT QUẢ CHỐT: SAD (40.33%)
2026-05-11 22:58:30,723 | INFO     | [110667] ⏱️ Thời gian phản hồi: 56.19 ms
2026-05-11 22:58:30,761 | INFO     | [110761] ------------------------------------------
2026-05-11 22:58:30,761 | INFO     | [110761] 📥 NHẬN YÊU CẦU QUÉT KHUÔN MẶT MỚI
2026-05-11 22:58:30,762 | INFO     | [110761] Đã xử lý ảnh thành công. Kích thước tensor: (1, 48, 48, 1)
2026-05-11 22:58:30,833 | INFO     | [110761] 📊 Chi tiết dự đoán: {'ANGRY': 5.16, 'DISGUST': 0.07, 'FEAR': 15.98, 'HAPPY': 10.48, 'NEUTRAL': 19.76, 'SAD': 43.66, 'SURPRISE': 4.89}
2026-05-11 22:58:30,834 | INFO     | [110761] 🎯 KẾT QUẢ CHỐT: SAD (43.66%)
2026-05-11 22:58:30,834 | INFO     | [110761] ⏱️ Thời gian phản hồi: 72.08 ms
2026-05-11 22:58:30,869 | INFO     | [110869] ------------------------------------------
2026-05-11 22:58:30,869 | INFO     | [110869] 📥 NHẬN YÊU CẦU QUÉT KHUÔN MẶT MỚI
2026-05-11 22:58:30,869 | INFO     | [110869] Đã xử lý ảnh thành công. Kích thước tensor: (1, 48, 48, 1)
2026-05-11 22:58:30,934 | INFO     | [110869] 📊 Chi tiết dự đoán: {'ANGRY': 5.19, 'DISGUST': 0.07, 'FEAR': 14.43, 'HAPPY': 12.13, 'NEUTRAL': 21.47, 'SAD': 41.19, 'SURPRISE': 5.53}
2026-05-11 22:58:30,934 | INFO     | [110869] 🎯 KẾT QUẢ CHỐT: SAD (41.19%)
2026-05-11 22:58:30,935 | INFO     | [110869] ⏱️ Thời gian phản hồi: 64.95 ms
2026-05-11 22:58:30,965 | INFO     | [110965] ------------------------------------------
2026-05-11 22:58:30,965 | INFO     | [110965] 📥 NHẬN YÊU CẦU QUÉT KHUÔN MẶT MỚI
2026-05-11 22:58:30,966 | INFO     | [110965] Đã xử lý ảnh thành công. Kích thước tensor: (1, 48, 48, 1)
2026-05-11 22:58:31,035 | INFO     | [110965] 📊 Chi tiết dự đoán: {'ANGRY': 5.9, 'DISGUST': 0.08, 'FEAR': 15.18, 'HAPPY': 10.01, 'NEUTRAL': 23.51, 'SAD': 40.35, 'SURPRISE': 4.97}
2026-05-11 22:58:31,035 | INFO     | [110965] 🎯 KẾT QUẢ CHỐT: SAD (40.35%)
2026-05-11 22:58:31,036 | INFO     | [110965] ⏱️ Thời gian phản hồi: 69.87 ms
2026-05-11 22:58:31,058 | INFO     | [111058] ------------------------------------------
2026-05-11 22:58:31,059 | INFO     | [111058] 📥 NHẬN YÊU CẦU QUÉT KHUÔN MẶT MỚI
2026-05-11 22:58:31,060 | INFO     | [111058] Đã xử lý ảnh thành công. Kích thước tensor: (1, 48, 48, 1)
2026-05-11 22:58:31,128 | INFO     | [111058] 📊 Chi tiết dự đoán: {'ANGRY': 5.33, 'DISGUST': 0.09, 'FEAR': 15.38, 'HAPPY': 12.02, 'NEUTRAL': 21.2, 'SAD': 40.65, 'SURPRISE': 5.33}
2026-05-11 22:58:31,128 | INFO     | [111058] 🎯 KẾT QUẢ CHỐT: SAD (40.65%)
2026-05-11 22:58:31,128 | INFO     | [111058] ⏱️ Thời gian phản hồi: 70.15 ms
2026-05-11 22:58:31,167 | INFO     | [111167] ------------------------------------------
2026-05-11 22:58:31,167 | INFO     | [111167] 📥 NHẬN YÊU CẦU QUÉT KHUÔN MẶT MỚI
2026-05-11 22:58:31,168 | INFO     | [111167] Đã xử lý ảnh thành công. Kích thước tensor: (1, 48, 48, 1)
2026-05-11 22:58:31,224 | INFO     | [111167] 📊 Chi tiết dự đoán: {'ANGRY': 5.11, 'DISGUST': 0.06, 'FEAR': 12.39, 'HAPPY': 11.81, 'NEUTRAL': 24.71, 'SAD': 41.75, 'SURPRISE': 4.17}
2026-05-11 22:58:31,224 | INFO     | [111167] 🎯 KẾT QUẢ CHỐT: SAD (41.75%)
2026-05-11 22:58:31,225 | INFO     | [111167] ⏱️ Thời gian phản hồi: 57.3 ms
2026-05-11 22:58:31,275 | INFO     | [111275] ------------------------------------------
2026-05-11 22:58:31,276 | INFO     | [111275] 📥 NHẬN YÊU CẦU QUÉT KHUÔN MẶT MỚI
2026-05-11 22:58:31,276 | INFO     | [111275] Đã xử lý ảnh thành công. Kích thước tensor: (1, 48, 48, 1)
2026-05-11 22:58:31,329 | INFO     | [111275] 📊 Chi tiết dự đoán: {'ANGRY': 5.09, 'DISGUST': 0.08, 'FEAR': 13.72, 'HAPPY': 9.48, 'NEUTRAL': 23.85, 'SAD': 43.39, 'SURPRISE': 4.4}
2026-05-11 22:58:31,330 | INFO     | [111275] 🎯 KẾT QUẢ CHỐT: SAD (43.39%)
2026-05-11 22:58:31,330 | INFO     | [111275] ⏱️ Thời gian phản hồi: 53.7 ms
2026-05-11 22:58:31,368 | INFO     | [111368] ------------------------------------------
2026-05-11 22:58:31,368 | INFO     | [111368] 📥 NHẬN YÊU CẦU QUÉT KHUÔN MẶT MỚI
2026-05-11 22:58:31,369 | INFO     | [111368] Đã xử lý ảnh thành công. Kích thước tensor: (1, 48, 48, 1)
2026-05-11 22:58:31,438 | INFO     | [111368] 📊 Chi tiết dự đoán: {'ANGRY': 5.05, 'DISGUST': 0.08, 'FEAR': 13.75, 'HAPPY': 9.83, 'NEUTRAL': 24.74, 'SAD': 41.91, 'SURPRISE': 4.64}
2026-05-11 22:58:31,438 | INFO     | [111368] 🎯 KẾT QUẢ CHỐT: SAD (41.91%)
2026-05-11 22:58:31,438 | INFO     | [111368] ⏱️ Thời gian phản hồi: 70.13 ms
2026-05-11 22:58:31,462 | INFO     | [111462] ------------------------------------------
2026-05-11 22:58:31,462 | INFO     | [111462] 📥 NHẬN YÊU CẦU QUÉT KHUÔN MẶT MỚI
2026-05-11 22:58:31,463 | INFO     | [111462] Đã xử lý ảnh thành công. Kích thước tensor: (1, 48, 48, 1)
2026-05-11 22:58:31,528 | INFO     | [111462] 📊 Chi tiết dự đoán: {'ANGRY': 5.45, 'DISGUST': 0.09, 'FEAR': 14.45, 'HAPPY': 8.93, 'NEUTRAL': 24.58, 'SAD': 41.69, 'SURPRISE': 4.82}
2026-05-11 22:58:31,528 | INFO     | [111462] 🎯 KẾT QUẢ CHỐT: SAD (41.69%)
2026-05-11 22:58:31,528 | INFO     | [111462] ⏱️ Thời gian phản hồi: 65.87 ms
2026-05-11 22:58:31,572 | INFO     | [111572] ------------------------------------------
2026-05-11 22:58:31,572 | INFO     | [111572] 📥 NHẬN YÊU CẦU QUÉT KHUÔN MẶT MỚI
2026-05-11 22:58:31,572 | INFO     | [111572] Đã xử lý ảnh thành công. Kích thước tensor: (1, 48, 48, 1)
2026-05-11 22:58:31,626 | INFO     | [111572] 📊 Chi tiết dự đoán: {'ANGRY': 5.22, 'DISGUST': 0.07, 'FEAR': 14.92, 'HAPPY': 10.2, 'NEUTRAL': 22.55, 'SAD': 42.19, 'SURPRISE': 4.84}
2026-05-11 22:58:31,626 | INFO     | [111572] 🎯 KẾT QUẢ CHỐT: SAD (42.19%)
2026-05-11 22:58:31,626 | INFO     | [111572] ⏱️ Thời gian phản hồi: 54.49 ms
2026-05-11 22:58:31,665 | INFO     | [111665] ------------------------------------------
2026-05-11 22:58:31,665 | INFO     | [111665] 📥 NHẬN YÊU CẦU QUÉT KHUÔN MẶT MỚI
2026-05-11 22:58:31,666 | INFO     | [111665] Đã xử lý ảnh thành công. Kích thước tensor: (1, 48, 48, 1)
2026-05-11 22:58:31,724 | INFO     | [111665] 📊 Chi tiết dự đoán: {'ANGRY': 5.06, 'DISGUST': 0.08, 'FEAR': 13.69, 'HAPPY': 9.63, 'NEUTRAL': 24.48, 'SAD': 42.22, 'SURPRISE': 4.83}
2026-05-11 22:58:31,725 | INFO     | [111665] 🎯 KẾT QUẢ CHỐT: SAD (42.22%)
2026-05-11 22:58:31,725 | INFO     | [111665] ⏱️ Thời gian phản hồi: 59.15 ms
2026-05-11 22:58:31,775 | INFO     | [111775] ------------------------------------------
2026-05-11 22:58:31,775 | INFO     | [111775] 📥 NHẬN YÊU CẦU QUÉT KHUÔN MẶT MỚI
2026-05-11 22:58:31,776 | INFO     | [111775] Đã xử lý ảnh thành công. Kích thước tensor: (1, 48, 48, 1)
2026-05-11 22:58:31,838 | INFO     | [111775] 📊 Chi tiết dự đoán: {'ANGRY': 5.64, 'DISGUST': 0.08, 'FEAR': 14.91, 'HAPPY': 9.37, 'NEUTRAL': 22.16, 'SAD': 42.84, 'SURPRISE': 5.0}
2026-05-11 22:58:31,838 | INFO     | [111775] 🎯 KẾT QUẢ CHỐT: SAD (42.84%)
2026-05-11 22:58:31,838 | INFO     | [111775] ⏱️ Thời gian phản hồi: 62.98 ms
2026-05-11 22:58:31,866 | INFO     | [111866] ------------------------------------------
2026-05-11 22:58:31,866 | INFO     | [111866] 📥 NHẬN YÊU CẦU QUÉT KHUÔN MẶT MỚI
2026-05-11 22:58:31,867 | INFO     | [111866] Đã xử lý ảnh thành công. Kích thước tensor: (1, 48, 48, 1)
2026-05-11 22:58:31,943 | INFO     | [111866] 📊 Chi tiết dự đoán: {'ANGRY': 5.35, 'DISGUST': 0.08, 'FEAR': 13.79, 'HAPPY': 9.79, 'NEUTRAL': 25.69, 'SAD': 40.67, 'SURPRISE': 4.63}
2026-05-11 22:58:31,944 | INFO     | [111866] 🎯 KẾT QUẢ CHỐT: SAD (40.67%)
2026-05-11 22:58:31,944 | INFO     | [111866] ⏱️ Thời gian phản hồi: 76.78 ms
2026-05-11 22:58:31,974 | INFO     | [111974] ------------------------------------------
2026-05-11 22:58:31,974 | INFO     | [111974] 📥 NHẬN YÊU CẦU QUÉT KHUÔN MẶT MỚI
2026-05-11 22:58:31,976 | INFO     | [111974] Đã xử lý ảnh thành công. Kích thước tensor: (1, 48, 48, 1)
2026-05-11 22:58:32,034 | INFO     | [111974] 📊 Chi tiết dự đoán: {'ANGRY': 5.48, 'DISGUST': 0.08, 'FEAR': 14.78, 'HAPPY': 9.82, 'NEUTRAL': 24.46, 'SAD': 40.38, 'SURPRISE': 5.0}
2026-05-11 22:58:32,035 | INFO     | [111974] 🎯 KẾT QUẢ CHỐT: SAD (40.38%)
2026-05-11 22:58:32,035 | INFO     | [111974] ⏱️ Thời gian phản hồi: 59.66 ms
2026-05-11 22:58:32,069 | INFO     | [112069] ------------------------------------------
2026-05-11 22:58:32,070 | INFO     | [112069] 📥 NHẬN YÊU CẦU QUÉT KHUÔN MẶT MỚI
2026-05-11 22:58:32,070 | INFO     | [112069] Đã xử lý ảnh thành công. Kích thước tensor: (1, 48, 48, 1)
2026-05-11 22:58:32,124 | INFO     | [112069] 📊 Chi tiết dự đoán: {'ANGRY': 5.54, 'DISGUST': 0.1, 'FEAR': 14.27, 'HAPPY': 9.51, 'NEUTRAL': 23.7, 'SAD': 41.38, 'SURPRISE': 5.5}
2026-05-11 22:58:32,124 | INFO     | [112069] 🎯 KẾT QUẢ CHỐT: SAD (41.38%)
2026-05-11 22:58:32,124 | INFO     | [112069] ⏱️ Thời gian phản hồi: 54.13 ms
2026-05-11 22:58:32,178 | INFO     | [112178] ------------------------------------------
2026-05-11 22:58:32,178 | INFO     | [112178] 📥 NHẬN YÊU CẦU QUÉT KHUÔN MẶT MỚI
2026-05-11 22:58:32,178 | INFO     | [112178] Đã xử lý ảnh thành công. Kích thước tensor: (1, 48, 48, 1)
2026-05-11 22:58:32,233 | INFO     | [112178] 📊 Chi tiết dự đoán: {'ANGRY': 5.36, 'DISGUST': 0.07, 'FEAR': 16.74, 'HAPPY': 8.85, 'NEUTRAL': 19.93, 'SAD': 42.56, 'SURPRISE': 6.49}
2026-05-11 22:58:32,233 | INFO     | [112178] 🎯 KẾT QUẢ CHỐT: SAD (42.56%)
2026-05-11 22:58:32,233 | INFO     | [112178] ⏱️ Thời gian phản hồi: 55.38 ms
2026-05-11 22:58:32,270 | INFO     | [112269] ------------------------------------------
2026-05-11 22:58:32,270 | INFO     | [112269] 📥 NHẬN YÊU CẦU QUÉT KHUÔN MẶT MỚI
2026-05-11 22:58:32,270 | INFO     | [112269] Đã xử lý ảnh thành công. Kích thước tensor: (1, 48, 48, 1)
2026-05-11 22:58:32,325 | INFO     | [112269] 📊 Chi tiết dự đoán: {'ANGRY': 5.14, 'DISGUST': 0.08, 'FEAR': 15.65, 'HAPPY': 9.34, 'NEUTRAL': 19.77, 'SAD': 44.54, 'SURPRISE': 5.48}
2026-05-11 22:58:32,325 | INFO     | [112269] 🎯 KẾT QUẢ CHỐT: SAD (44.54%)
2026-05-11 22:58:32,325 | INFO     | [112269] ⏱️ Thời gian phản hồi: 56.1 ms
2026-05-11 22:58:32,378 | INFO     | [112378] ------------------------------------------
2026-05-11 22:58:32,378 | INFO     | [112378] 📥 NHẬN YÊU CẦU QUÉT KHUÔN MẶT MỚI
2026-05-11 22:58:32,379 | INFO     | [112378] Đã xử lý ảnh thành công. Kích thước tensor: (1, 48, 48, 1)
2026-05-11 22:58:32,436 | INFO     | [112378] 📊 Chi tiết dự đoán: {'ANGRY': 4.35, 'DISGUST': 0.06, 'FEAR': 15.83, 'HAPPY': 8.2, 'NEUTRAL': 21.16, 'SAD': 45.0, 'SURPRISE': 5.4}
2026-05-11 22:58:32,436 | INFO     | [112378] 🎯 KẾT QUẢ CHỐT: SAD (45.00%)
2026-05-11 22:58:32,436 | INFO     | [112378] ⏱️ Thời gian phản hồi: 57.9 ms
2026-05-11 22:58:32,457 | INFO     | [112457] ------------------------------------------
2026-05-11 22:58:32,457 | INFO     | [112457] 📥 NHẬN YÊU CẦU QUÉT KHUÔN MẶT MỚI
2026-05-11 22:58:32,457 | INFO     | [112457] Đã xử lý ảnh thành công. Kích thước tensor: (1, 48, 48, 1)
2026-05-11 22:58:32,511 | INFO     | [112457] 📊 Chi tiết dự đoán: {'ANGRY': 4.44, 'DISGUST': 0.07, 'FEAR': 14.53, 'HAPPY': 7.98, 'NEUTRAL': 23.47, 'SAD': 44.39, 'SURPRISE': 5.13}
2026-05-11 22:58:32,512 | INFO     | [112457] 🎯 KẾT QUẢ CHỐT: SAD (44.39%)
2026-05-11 22:58:32,512 | INFO     | [112457] ⏱️ Thời gian phản hồi: 53.84 ms
2026-05-11 22:58:32,566 | INFO     | [112566] ------------------------------------------
2026-05-11 22:58:32,566 | INFO     | [112566] 📥 NHẬN YÊU CẦU QUÉT KHUÔN MẶT MỚI
2026-05-11 22:58:32,568 | INFO     | [112566] Đã xử lý ảnh thành công. Kích thước tensor: (1, 48, 48, 1)
2026-05-11 22:58:32,620 | INFO     | [112566] 📊 Chi tiết dự đoán: {'ANGRY': 6.23, 'DISGUST': 0.08, 'FEAR': 13.5, 'HAPPY': 12.3, 'NEUTRAL': 21.45, 'SAD': 41.97, 'SURPRISE': 4.46}
2026-05-11 22:58:32,620 | INFO     | [112566] 🎯 KẾT QUẢ CHỐT: SAD (41.97%)
2026-05-11 22:58:32,620 | INFO     | [112566] ⏱️ Thời gian phản hồi: 53.12 ms
2026-05-11 22:58:32,675 | INFO     | [112675] ------------------------------------------
2026-05-11 22:58:32,675 | INFO     | [112675] 📥 NHẬN YÊU CẦU QUÉT KHUÔN MẶT MỚI
2026-05-11 22:58:32,676 | INFO     | [112675] Đã xử lý ảnh thành công. Kích thước tensor: (1, 48, 48, 1)
2026-05-11 22:58:32,729 | INFO     | [112675] 📊 Chi tiết dự đoán: {'ANGRY': 5.06, 'DISGUST': 0.08, 'FEAR': 11.48, 'HAPPY': 12.3, 'NEUTRAL': 20.72, 'SAD': 46.28, 'SURPRISE': 4.07}
2026-05-11 22:58:32,729 | INFO     | [112675] 🎯 KẾT QUẢ CHỐT: SAD (46.28%)
2026-05-11 22:58:32,729 | INFO     | [112675] ⏱️ Thời gian phản hồi: 53.14 ms
2026-05-11 22:58:32,770 | INFO     | [112770] ------------------------------------------
2026-05-11 22:58:32,770 | INFO     | [112770] 📥 NHẬN YÊU CẦU QUÉT KHUÔN MẶT MỚI
2026-05-11 22:58:32,771 | INFO     | [112770] Đã xử lý ảnh thành công. Kích thước tensor: (1, 48, 48, 1)
2026-05-11 22:58:32,825 | INFO     | [112770] 📊 Chi tiết dự đoán: {'ANGRY': 4.28, 'DISGUST': 0.07, 'FEAR': 10.46, 'HAPPY': 11.41, 'NEUTRAL': 20.69, 'SAD': 49.08, 'SURPRISE': 4.01}
2026-05-11 22:58:32,826 | INFO     | [112770] 🎯 KẾT QUẢ CHỐT: SAD (49.08%)
2026-05-11 22:58:32,826 | INFO     | [112770] ⏱️ Thời gian phản hồi: 55.37 ms
2026-05-11 22:58:32,878 | INFO     | [112878] ------------------------------------------
2026-05-11 22:58:32,878 | INFO     | [112878] 📥 NHẬN YÊU CẦU QUÉT KHUÔN MẶT MỚI
2026-05-11 22:58:32,879 | INFO     | [112878] Đã xử lý ảnh thành công. Kích thước tensor: (1, 48, 48, 1)
2026-05-11 22:58:32,936 | INFO     | [112878] 📊 Chi tiết dự đoán: {'ANGRY': 4.5, 'DISGUST': 0.08, 'FEAR': 9.36, 'HAPPY': 12.66, 'NEUTRAL': 21.83, 'SAD': 48.36, 'SURPRISE': 3.21}
2026-05-11 22:58:32,937 | INFO     | [112878] 🎯 KẾT QUẢ CHỐT: SAD (48.36%)
2026-05-11 22:58:32,937 | INFO     | [112878] ⏱️ Thời gian phản hồi: 58.89 ms
2026-05-11 22:58:32,956 | INFO     | [112956] ------------------------------------------
2026-05-11 22:58:32,956 | INFO     | [112956] 📥 NHẬN YÊU CẦU QUÉT KHUÔN MẶT MỚI
2026-05-11 22:58:32,957 | INFO     | [112956] Đã xử lý ảnh thành công. Kích thước tensor: (1, 48, 48, 1)
2026-05-11 22:58:33,018 | INFO     | [112956] 📊 Chi tiết dự đoán: {'ANGRY': 4.7, 'DISGUST': 0.09, 'FEAR': 8.19, 'HAPPY': 11.97, 'NEUTRAL': 22.93, 'SAD': 48.86, 'SURPRISE': 3.25}
2026-05-11 22:58:33,018 | INFO     | [112956] 🎯 KẾT QUẢ CHỐT: SAD (48.86%)
2026-05-11 22:58:33,018 | INFO     | [112956] ⏱️ Thời gian phản hồi: 62.79 ms
2026-05-11 22:58:33,064 | INFO     | [113064] ------------------------------------------
2026-05-11 22:58:33,064 | INFO     | [113064] 📥 NHẬN YÊU CẦU QUÉT KHUÔN MẶT MỚI
2026-05-11 22:58:33,065 | INFO     | [113064] Đã xử lý ảnh thành công. Kích thước tensor: (1, 48, 48, 1)
2026-05-11 22:58:33,121 | INFO     | [113064] 📊 Chi tiết dự đoán: {'ANGRY': 5.44, 'DISGUST': 0.13, 'FEAR': 9.41, 'HAPPY': 8.52, 'NEUTRAL': 20.15, 'SAD': 52.77, 'SURPRISE': 3.58}
2026-05-11 22:58:33,121 | INFO     | [113064] 🎯 KẾT QUẢ CHỐT: SAD (52.77%)
2026-05-11 22:58:33,121 | INFO     | [113064] ⏱️ Thời gian phản hồi: 57.2 ms
2026-05-11 22:58:33,157 | INFO     | [113157] ------------------------------------------
2026-05-11 22:58:33,158 | INFO     | [113157] 📥 NHẬN YÊU CẦU QUÉT KHUÔN MẶT MỚI
2026-05-11 22:58:33,158 | INFO     | [113157] Đã xử lý ảnh thành công. Kích thước tensor: (1, 48, 48, 1)
2026-05-11 22:58:33,216 | INFO     | [113157] 📊 Chi tiết dự đoán: {'ANGRY': 5.14, 'DISGUST': 0.19, 'FEAR': 9.74, 'HAPPY': 11.23, 'NEUTRAL': 20.87, 'SAD': 48.74, 'SURPRISE': 4.09}
2026-05-11 22:58:33,216 | INFO     | [113157] 🎯 KẾT QUẢ CHỐT: SAD (48.74%)
2026-05-11 22:58:33,216 | INFO     | [113157] ⏱️ Thời gian phản hồi: 59.08 ms
2026-05-11 22:58:33,267 | INFO     | [113267] ------------------------------------------
2026-05-11 22:58:33,267 | INFO     | [113267] 📥 NHẬN YÊU CẦU QUÉT KHUÔN MẶT MỚI
2026-05-11 22:58:33,268 | INFO     | [113267] Đã xử lý ảnh thành công. Kích thước tensor: (1, 48, 48, 1)
2026-05-11 22:58:33,343 | INFO     | [113267] 📊 Chi tiết dự đoán: {'ANGRY': 4.01, 'DISGUST': 0.11, 'FEAR': 9.25, 'HAPPY': 10.95, 'NEUTRAL': 21.55, 'SAD': 50.11, 'SURPRISE': 4.01}
2026-05-11 22:58:33,343 | INFO     | [113267] 🎯 KẾT QUẢ CHỐT: SAD (50.11%)
2026-05-11 22:58:33,343 | INFO     | [113267] ⏱️ Thời gian phản hồi: 75.77 ms
2026-05-11 22:58:33,376 | INFO     | [113376] ------------------------------------------
2026-05-11 22:58:33,377 | INFO     | [113376] 📥 NHẬN YÊU CẦU QUÉT KHUÔN MẶT MỚI
2026-05-11 22:58:33,377 | INFO     | [113376] Đã xử lý ảnh thành công. Kích thước tensor: (1, 48, 48, 1)
2026-05-11 22:58:33,429 | INFO     | [113376] 📊 Chi tiết dự đoán: {'ANGRY': 4.91, 'DISGUST': 0.24, 'FEAR': 9.29, 'HAPPY': 10.95, 'NEUTRAL': 18.63, 'SAD': 52.18, 'SURPRISE': 3.81}
2026-05-11 22:58:33,429 | INFO     | [113376] 🎯 KẾT QUẢ CHỐT: SAD (52.18%)
2026-05-11 22:58:33,429 | INFO     | [113376] ⏱️ Thời gian phản hồi: 52.68 ms
2026-05-11 22:58:33,471 | INFO     | [113471] ------------------------------------------
2026-05-11 22:58:33,471 | INFO     | [113471] 📥 NHẬN YÊU CẦU QUÉT KHUÔN MẶT MỚI
2026-05-11 22:58:33,471 | INFO     | [113471] Đã xử lý ảnh thành công. Kích thước tensor: (1, 48, 48, 1)
2026-05-11 22:58:33,519 | INFO     | [113471] 📊 Chi tiết dự đoán: {'ANGRY': 4.54, 'DISGUST': 0.24, 'FEAR': 9.82, 'HAPPY': 13.03, 'NEUTRAL': 19.65, 'SAD': 48.01, 'SURPRISE': 4.71}
2026-05-11 22:58:33,521 | INFO     | [113471] 🎯 KẾT QUẢ CHỐT: SAD (48.01%)
2026-05-11 22:58:33,521 | INFO     | [113471] ⏱️ Thời gian phản hồi: 48.74 ms
2026-05-11 22:58:33,563 | INFO     | [113563] ------------------------------------------
2026-05-11 22:58:33,564 | INFO     | [113563] 📥 NHẬN YÊU CẦU QUÉT KHUÔN MẶT MỚI
2026-05-11 22:58:33,564 | INFO     | [113563] Đã xử lý ảnh thành công. Kích thước tensor: (1, 48, 48, 1)
2026-05-11 22:58:33,616 | INFO     | [113563] 📊 Chi tiết dự đoán: {'ANGRY': 4.85, 'DISGUST': 0.21, 'FEAR': 9.84, 'HAPPY': 9.92, 'NEUTRAL': 20.52, 'SAD': 50.17, 'SURPRISE': 4.49}
2026-05-11 22:58:33,617 | INFO     | [113563] 🎯 KẾT QUẢ CHỐT: SAD (50.17%)
2026-05-11 22:58:33,617 | INFO     | [113563] ⏱️ Thời gian phản hồi: 53.53 ms
2026-05-11 22:58:33,672 | INFO     | [113672] ------------------------------------------
2026-05-11 22:58:33,672 | INFO     | [113672] 📥 NHẬN YÊU CẦU QUÉT KHUÔN MẶT MỚI
2026-05-11 22:58:33,672 | INFO     | [113672] Đã xử lý ảnh thành công. Kích thước tensor: (1, 48, 48, 1)
2026-05-11 22:58:33,733 | INFO     | [113672] 📊 Chi tiết dự đoán: {'ANGRY': 4.84, 'DISGUST': 0.23, 'FEAR': 9.64, 'HAPPY': 12.91, 'NEUTRAL': 20.26, 'SAD': 48.0, 'SURPRISE': 4.12}
2026-05-11 22:58:33,733 | INFO     | [113672] 🎯 KẾT QUẢ CHỐT: SAD (48.00%)
2026-05-11 22:58:33,735 | INFO     | [113672] ⏱️ Thời gian phản hồi: 61.87 ms
2026-05-11 22:58:33,763 | INFO     | [113763] ------------------------------------------
2026-05-11 22:58:33,763 | INFO     | [113763] 📥 NHẬN YÊU CẦU QUÉT KHUÔN MẶT MỚI
2026-05-11 22:58:33,764 | INFO     | [113763] Đã xử lý ảnh thành công. Kích thước tensor: (1, 48, 48, 1)
2026-05-11 22:58:33,818 | INFO     | [113763] 📊 Chi tiết dự đoán: {'ANGRY': 4.61, 'DISGUST': 0.16, 'FEAR': 8.62, 'HAPPY': 11.73, 'NEUTRAL': 19.82, 'SAD': 52.25, 'SURPRISE': 2.8}
2026-05-11 22:58:33,819 | INFO     | [113763] 🎯 KẾT QUẢ CHỐT: SAD (52.25%)
2026-05-11 22:58:33,819 | INFO     | [113763] ⏱️ Thời gian phản hồi: 54.78 ms
2026-05-11 22:58:33,858 | INFO     | [113858] ------------------------------------------
2026-05-11 22:58:33,858 | INFO     | [113858] 📥 NHẬN YÊU CẦU QUÉT KHUÔN MẶT MỚI
2026-05-11 22:58:33,858 | INFO     | [113858] Đã xử lý ảnh thành công. Kích thước tensor: (1, 48, 48, 1)
2026-05-11 22:58:33,912 | INFO     | [113858] 📊 Chi tiết dự đoán: {'ANGRY': 4.47, 'DISGUST': 0.19, 'FEAR': 7.4, 'HAPPY': 15.0, 'NEUTRAL': 19.23, 'SAD': 50.84, 'SURPRISE': 2.88}
2026-05-11 22:58:33,913 | INFO     | [113858] 🎯 KẾT QUẢ CHỐT: SAD (50.84%)
2026-05-11 22:58:33,913 | INFO     | [113858] ⏱️ Thời gian phản hồi: 54.4 ms
2026-05-11 22:58:33,966 | INFO     | [113966] ------------------------------------------
2026-05-11 22:58:33,967 | INFO     | [113966] 📥 NHẬN YÊU CẦU QUÉT KHUÔN MẶT MỚI
2026-05-11 22:58:33,967 | INFO     | [113966] Đã xử lý ảnh thành công. Kích thước tensor: (1, 48, 48, 1)
2026-05-11 22:58:34,020 | INFO     | [113966] 📊 Chi tiết dự đoán: {'ANGRY': 4.53, 'DISGUST': 0.16, 'FEAR': 7.56, 'HAPPY': 14.52, 'NEUTRAL': 21.28, 'SAD': 48.61, 'SURPRISE': 3.34}
2026-05-11 22:58:34,021 | INFO     | [113966] 🎯 KẾT QUẢ CHỐT: SAD (48.61%)
2026-05-11 22:58:34,021 | INFO     | [113966] ⏱️ Thời gian phản hồi: 54.16 ms
2026-05-11 22:58:34,102 | INFO     | [BATCH-114102] ==========================================
2026-05-11 22:58:34,103 | INFO     | [BATCH-114102] 🎞️ NHẬN CHUỖI 50 KHUNG HÌNH (BATCH)
2026-05-11 22:58:34,191 | INFO     | [BATCH-114102] ↳ Frame 1/50: SAD (49.0%)
2026-05-11 22:58:34,294 | INFO     | [BATCH-114102] ↳ Frame 2/50: SAD (48.1%)
2026-05-11 22:58:34,377 | INFO     | [BATCH-114102] ↳ Frame 3/50: SAD (45.9%)
2026-05-11 22:58:34,458 | INFO     | [BATCH-114102] ↳ Frame 4/50: SAD (41.6%)
2026-05-11 22:58:34,541 | INFO     | [BATCH-114102] ↳ Frame 5/50: SAD (45.9%)
2026-05-11 22:58:34,618 | INFO     | [BATCH-114102] ↳ Frame 6/50: SAD (43.2%)
2026-05-11 22:58:34,701 | INFO     | [BATCH-114102] ↳ Frame 7/50: SAD (39.6%)
2026-05-11 22:58:34,781 | INFO     | [BATCH-114102] ↳ Frame 8/50: SAD (44.6%)
2026-05-11 22:58:34,861 | INFO     | [BATCH-114102] ↳ Frame 9/50: SAD (43.7%)
2026-05-11 22:58:34,924 | INFO     | [BATCH-114102] ↳ Frame 10/50: SAD (42.6%)
2026-05-11 22:58:35,006 | INFO     | [BATCH-114102] ↳ Frame 11/50: SAD (44.4%)
2026-05-11 22:58:35,070 | INFO     | [BATCH-114102] ↳ Frame 12/50: SAD (45.4%)
2026-05-11 22:58:35,137 | INFO     | [BATCH-114102] ↳ Frame 13/50: SAD (40.6%)
2026-05-11 22:58:35,193 | INFO     | [BATCH-114102] ↳ Frame 14/50: SAD (41.3%)
2026-05-11 22:58:35,250 | INFO     | [BATCH-114102] ↳ Frame 15/50: SAD (38.2%)
2026-05-11 22:58:35,306 | INFO     | [BATCH-114102] ↳ Frame 16/50: SAD (41.9%)
2026-05-11 22:58:35,363 | INFO     | [BATCH-114102] ↳ Frame 17/50: SAD (40.3%)
2026-05-11 22:58:35,422 | INFO     | [BATCH-114102] ↳ Frame 18/50: SAD (43.7%)
2026-05-11 22:58:35,478 | INFO     | [BATCH-114102] ↳ Frame 19/50: SAD (41.2%)
2026-05-11 22:58:35,533 | INFO     | [BATCH-114102] ↳ Frame 20/50: SAD (40.4%)
2026-05-11 22:58:35,591 | INFO     | [BATCH-114102] ↳ Frame 21/50: SAD (40.7%)
2026-05-11 22:58:35,646 | INFO     | [BATCH-114102] ↳ Frame 22/50: SAD (41.7%)
2026-05-11 22:58:35,699 | INFO     | [BATCH-114102] ↳ Frame 23/50: SAD (43.4%)
2026-05-11 22:58:35,771 | INFO     | [BATCH-114102] ↳ Frame 24/50: SAD (41.9%)
2026-05-11 22:58:35,837 | INFO     | [BATCH-114102] ↳ Frame 25/50: SAD (41.7%)
2026-05-11 22:58:35,896 | INFO     | [BATCH-114102] ↳ Frame 26/50: SAD (42.2%)
2026-05-11 22:58:35,951 | INFO     | [BATCH-114102] ↳ Frame 27/50: SAD (42.2%)
2026-05-11 22:58:36,006 | INFO     | [BATCH-114102] ↳ Frame 28/50: SAD (42.8%)
2026-05-11 22:58:36,062 | INFO     | [BATCH-114102] ↳ Frame 29/50: SAD (40.7%)
2026-05-11 22:58:36,122 | INFO     | [BATCH-114102] ↳ Frame 30/50: SAD (40.4%)
2026-05-11 22:58:36,176 | INFO     | [BATCH-114102] ↳ Frame 31/50: SAD (41.4%)
2026-05-11 22:58:36,235 | INFO     | [BATCH-114102] ↳ Frame 32/50: SAD (42.6%)
2026-05-11 22:58:36,288 | INFO     | [BATCH-114102] ↳ Frame 33/50: SAD (44.5%)
2026-05-11 22:58:36,342 | INFO     | [BATCH-114102] ↳ Frame 34/50: SAD (45.0%)
2026-05-11 22:58:36,401 | INFO     | [BATCH-114102] ↳ Frame 35/50: SAD (44.4%)
2026-05-11 22:58:36,454 | INFO     | [BATCH-114102] ↳ Frame 36/50: SAD (42.0%)
2026-05-11 22:58:36,509 | INFO     | [BATCH-114102] ↳ Frame 37/50: SAD (46.3%)
2026-05-11 22:58:36,565 | INFO     | [BATCH-114102] ↳ Frame 38/50: SAD (49.1%)
2026-05-11 22:58:36,628 | INFO     | [BATCH-114102] ↳ Frame 39/50: SAD (48.4%)
2026-05-11 22:58:36,703 | INFO     | [BATCH-114102] ↳ Frame 40/50: SAD (48.9%)
2026-05-11 22:58:36,769 | INFO     | [BATCH-114102] ↳ Frame 41/50: SAD (52.8%)
2026-05-11 22:58:36,822 | INFO     | [BATCH-114102] ↳ Frame 42/50: SAD (48.7%)
2026-05-11 22:58:36,872 | INFO     | [BATCH-114102] ↳ Frame 43/50: SAD (50.1%)
2026-05-11 22:58:36,926 | INFO     | [BATCH-114102] ↳ Frame 44/50: SAD (52.2%)
2026-05-11 22:58:36,979 | INFO     | [BATCH-114102] ↳ Frame 45/50: SAD (48.0%)
2026-05-11 22:58:37,037 | INFO     | [BATCH-114102] ↳ Frame 46/50: SAD (50.2%)
2026-05-11 22:58:37,090 | INFO     | [BATCH-114102] ↳ Frame 47/50: SAD (48.0%)
2026-05-11 22:58:37,142 | INFO     | [BATCH-114102] ↳ Frame 48/50: SAD (52.2%)
2026-05-11 22:58:37,199 | INFO     | [BATCH-114102] ↳ Frame 49/50: SAD (50.8%)
2026-05-11 22:58:37,249 | INFO     | [BATCH-114102] ↳ Frame 50/50: SAD (48.6%)
2026-05-11 22:58:37,249 | INFO     | [BATCH-114102] 🎯 KẾT QUẢ CHUỖI: SAD (Tần suất: {'SAD': 50})
2026-05-11 22:58:37,249 | INFO     | [BATCH-114102] ⏱️ Tổng thời gian xử lý: 3146.96 ms
2026-05-11 22:58:38,829 | INFO     | [118829] ------------------------------------------
2026-05-11 22:58:38,829 | INFO     | [118829] 📥 NHẬN YÊU CẦU QUÉT KHUÔN MẶT MỚI
2026-05-11 22:58:38,831 | INFO     | [118829] Đã xử lý ảnh thành công. Kích thước tensor: (1, 48, 48, 1)
2026-05-11 22:58:38,933 | INFO     | [118829] 📊 Chi tiết dự đoán: {'ANGRY': 4.89, 'DISGUST': 0.23, 'FEAR': 7.71, 'HAPPY': 13.89, 'NEUTRAL': 26.34, 'SAD': 40.05, 'SURPRISE': 6.91}
2026-05-11 22:58:38,933 | INFO     | [118829] 🎯 KẾT QUẢ CHỐT: SAD (40.05%)
2026-05-11 22:58:38,934 | INFO     | [118829] ⏱️ Thời gian phản hồi: 103.65 ms
2026-05-11 22:58:38,936 | INFO     | [118936] ------------------------------------------
2026-05-11 22:58:38,937 | INFO     | [118936] 📥 NHẬN YÊU CẦU QUÉT KHUÔN MẶT MỚI
2026-05-11 22:58:38,938 | INFO     | [118936] Đã xử lý ảnh thành công. Kích thước tensor: (1, 48, 48, 1)
2026-05-11 22:58:39,036 | INFO     | [118936] 📊 Chi tiết dự đoán: {'ANGRY': 5.48, 'DISGUST': 0.31, 'FEAR': 8.58, 'HAPPY': 9.98, 'NEUTRAL': 22.72, 'SAD': 45.13, 'SURPRISE': 7.8}
2026-05-11 22:58:39,036 | INFO     | [118936] 🎯 KẾT QUẢ CHỐT: SAD (45.13%)
2026-05-11 22:58:39,036 | INFO     | [118936] ⏱️ Thời gian phản hồi: 100.38 ms
2026-05-11 22:58:39,039 | INFO     | [119039] ------------------------------------------
2026-05-11 22:58:39,039 | INFO     | [119039] 📥 NHẬN YÊU CẦU QUÉT KHUÔN MẶT MỚI
2026-05-11 22:58:39,040 | INFO     | [119039] Đã xử lý ảnh thành công. Kích thước tensor: (1, 48, 48, 1)
2026-05-11 22:58:39,103 | INFO     | [119039] 📊 Chi tiết dự đoán: {'ANGRY': 3.91, 'DISGUST': 0.14, 'FEAR': 7.32, 'HAPPY': 13.39, 'NEUTRAL': 18.73, 'SAD': 53.66, 'SURPRISE': 2.86}
2026-05-11 22:58:39,104 | INFO     | [119039] 🎯 KẾT QUẢ CHỐT: SAD (53.66%)
2026-05-11 22:58:39,104 | INFO     | [119039] ⏱️ Thời gian phản hồi: 64.21 ms
2026-05-11 22:58:39,125 | INFO     | [119125] ------------------------------------------
2026-05-11 22:58:39,125 | INFO     | [119125] 📥 NHẬN YÊU CẦU QUÉT KHUÔN MẶT MỚI
2026-05-11 22:58:39,126 | INFO     | [119125] Đã xử lý ảnh thành công. Kích thước tensor: (1, 48, 48, 1)
2026-05-11 22:58:39,185 | INFO     | [119125] 📊 Chi tiết dự đoán: {'ANGRY': 4.83, 'DISGUST': 0.12, 'FEAR': 10.48, 'HAPPY': 14.19, 'NEUTRAL': 16.8, 'SAD': 49.66, 'SURPRISE': 3.93}
2026-05-11 22:58:39,186 | INFO     | [119125] 🎯 KẾT QUẢ CHỐT: SAD (49.66%)
2026-05-11 22:58:39,186 | INFO     | [119125] ⏱️ Thời gian phản hồi: 60.32 ms
2026-05-11 22:58:39,219 | INFO     | [119219] ------------------------------------------
2026-05-11 22:58:39,219 | INFO     | [119219] 📥 NHẬN YÊU CẦU QUÉT KHUÔN MẶT MỚI
2026-05-11 22:58:39,220 | INFO     | [119219] Đã xử lý ảnh thành công. Kích thước tensor: (1, 48, 48, 1)
2026-05-11 22:58:39,296 | INFO     | [119219] 📊 Chi tiết dự đoán: {'ANGRY': 4.02, 'DISGUST': 0.06, 'FEAR': 13.21, 'HAPPY': 10.94, 'NEUTRAL': 17.57, 'SAD': 50.05, 'SURPRISE': 4.14}
2026-05-11 22:58:39,296 | INFO     | [119219] 🎯 KẾT QUẢ CHỐT: SAD (50.05%)
2026-05-11 22:58:39,297 | INFO     | [119219] ⏱️ Thời gian phản hồi: 77.55 ms
2026-05-11 22:58:39,345 | INFO     | [119345] ------------------------------------------
2026-05-11 22:58:39,345 | INFO     | [119345] 📥 NHẬN YÊU CẦU QUÉT KHUÔN MẶT MỚI
2026-05-11 22:58:39,346 | INFO     | [119345] Đã xử lý ảnh thành công. Kích thước tensor: (1, 48, 48, 1)
2026-05-11 22:58:39,415 | INFO     | [119345] 📊 Chi tiết dự đoán: {'ANGRY': 5.41, 'DISGUST': 0.06, 'FEAR': 13.64, 'HAPPY': 12.69, 'NEUTRAL': 17.53, 'SAD': 47.06, 'SURPRISE': 3.62}
2026-05-11 22:58:39,415 | INFO     | [119345] 🎯 KẾT QUẢ CHỐT: SAD (47.06%)
2026-05-11 22:58:39,415 | INFO     | [119345] ⏱️ Thời gian phản hồi: 69.67 ms
2026-05-11 22:58:39,423 | INFO     | [119423] ------------------------------------------
2026-05-11 22:58:39,423 | INFO     | [119423] 📥 NHẬN YÊU CẦU QUÉT KHUÔN MẶT MỚI
2026-05-11 22:58:39,424 | INFO     | [119423] Đã xử lý ảnh thành công. Kích thước tensor: (1, 48, 48, 1)
2026-05-11 22:58:39,503 | INFO     | [119423] 📊 Chi tiết dự đoán: {'ANGRY': 6.33, 'DISGUST': 0.05, 'FEAR': 15.34, 'HAPPY': 9.96, 'NEUTRAL': 16.91, 'SAD': 48.21, 'SURPRISE': 3.2}
2026-05-11 22:58:39,504 | INFO     | [119423] 🎯 KẾT QUẢ CHỐT: SAD (48.21%)
2026-05-11 22:58:39,504 | INFO     | [119423] ⏱️ Thời gian phản hồi: 80.89 ms
2026-05-11 22:58:39,532 | INFO     | [119532] ------------------------------------------
2026-05-11 22:58:39,532 | INFO     | [119532] 📥 NHẬN YÊU CẦU QUÉT KHUÔN MẶT MỚI
2026-05-11 22:58:39,532 | INFO     | [119532] Đã xử lý ảnh thành công. Kích thước tensor: (1, 48, 48, 1)
2026-05-11 22:58:39,610 | INFO     | [119532] 📊 Chi tiết dự đoán: {'ANGRY': 3.56, 'DISGUST': 0.04, 'FEAR': 17.88, 'HAPPY': 6.17, 'NEUTRAL': 16.16, 'SAD': 51.01, 'SURPRISE': 5.18}
2026-05-11 22:58:39,610 | INFO     | [119532] 🎯 KẾT QUẢ CHỐT: SAD (51.01%)
2026-05-11 22:58:39,610 | INFO     | [119532] ⏱️ Thời gian phản hồi: 77.86 ms
2026-05-11 22:58:39,627 | INFO     | [119627] ------------------------------------------
2026-05-11 22:58:39,627 | INFO     | [119627] 📥 NHẬN YÊU CẦU QUÉT KHUÔN MẶT MỚI
2026-05-11 22:58:39,627 | INFO     | [119627] Đã xử lý ảnh thành công. Kích thước tensor: (1, 48, 48, 1)
2026-05-11 22:58:39,696 | INFO     | [119627] 📊 Chi tiết dự đoán: {'ANGRY': 4.09, 'DISGUST': 0.06, 'FEAR': 16.67, 'HAPPY': 8.01, 'NEUTRAL': 16.22, 'SAD': 49.87, 'SURPRISE': 5.09}
2026-05-11 22:58:39,696 | INFO     | [119627] 🎯 KẾT QUẢ CHỐT: SAD (49.87%)
2026-05-11 22:58:39,696 | INFO     | [119627] ⏱️ Thời gian phản hồi: 69.16 ms
2026-05-11 22:58:39,736 | INFO     | [119736] ------------------------------------------
2026-05-11 22:58:39,736 | INFO     | [119736] 📥 NHẬN YÊU CẦU QUÉT KHUÔN MẶT MỚI
2026-05-11 22:58:39,736 | INFO     | [119736] Đã xử lý ảnh thành công. Kích thước tensor: (1, 48, 48, 1)
2026-05-11 22:58:39,793 | INFO     | [119736] 📊 Chi tiết dự đoán: {'ANGRY': 3.95, 'DISGUST': 0.05, 'FEAR': 13.67, 'HAPPY': 10.17, 'NEUTRAL': 18.15, 'SAD': 50.88, 'SURPRISE': 3.13}
2026-05-11 22:58:39,793 | INFO     | [119736] 🎯 KẾT QUẢ CHỐT: SAD (50.88%)
2026-05-11 22:58:39,793 | INFO     | [119736] ⏱️ Thời gian phản hồi: 55.37 ms
2026-05-11 22:58:39,830 | INFO     | [119830] ------------------------------------------
2026-05-11 22:58:39,830 | INFO     | [119830] 📥 NHẬN YÊU CẦU QUÉT KHUÔN MẶT MỚI
2026-05-11 22:58:39,831 | INFO     | [119830] Đã xử lý ảnh thành công. Kích thước tensor: (1, 48, 48, 1)
2026-05-11 22:58:39,890 | INFO     | [119830] 📊 Chi tiết dự đoán: {'ANGRY': 3.91, 'DISGUST': 0.03, 'FEAR': 11.27, 'HAPPY': 13.44, 'NEUTRAL': 20.05, 'SAD': 48.53, 'SURPRISE': 2.77}
2026-05-11 22:58:39,892 | INFO     | [119830] 🎯 KẾT QUẢ CHỐT: SAD (48.53%)
2026-05-11 22:58:39,892 | INFO     | [119830] ⏱️ Thời gian phản hồi: 60.32 ms
2026-05-11 22:58:39,922 | INFO     | [119922] ------------------------------------------
2026-05-11 22:58:39,922 | INFO     | [119922] 📥 NHẬN YÊU CẦU QUÉT KHUÔN MẶT MỚI
2026-05-11 22:58:39,923 | INFO     | [119922] Đã xử lý ảnh thành công. Kích thước tensor: (1, 48, 48, 1)
2026-05-11 22:58:39,982 | INFO     | [119922] 📊 Chi tiết dự đoán: {'ANGRY': 4.68, 'DISGUST': 0.04, 'FEAR': 16.36, 'HAPPY': 8.65, 'NEUTRAL': 17.27, 'SAD': 48.47, 'SURPRISE': 4.53}
2026-05-11 22:58:39,982 | INFO     | [119922] 🎯 KẾT QUẢ CHỐT: SAD (48.47%)
2026-05-11 22:58:39,982 | INFO     | [119922] ⏱️ Thời gian phản hồi: 60.02 ms
2026-05-11 22:58:40,032 | INFO     | [120032] ------------------------------------------
2026-05-11 22:58:40,032 | INFO     | [120032] 📥 NHẬN YÊU CẦU QUÉT KHUÔN MẶT MỚI
2026-05-11 22:58:40,033 | INFO     | [120032] Đã xử lý ảnh thành công. Kích thước tensor: (1, 48, 48, 1)
2026-05-11 22:58:40,104 | INFO     | [120032] 📊 Chi tiết dự đoán: {'ANGRY': 4.86, 'DISGUST': 0.04, 'FEAR': 16.62, 'HAPPY': 9.65, 'NEUTRAL': 16.94, 'SAD': 47.68, 'SURPRISE': 4.21}
2026-05-11 22:58:40,104 | INFO     | [120032] 🎯 KẾT QUẢ CHỐT: SAD (47.68%)
2026-05-11 22:58:40,104 | INFO     | [120032] ⏱️ Thời gian phản hồi: 72.59 ms
2026-05-11 22:58:40,124 | INFO     | [120124] ------------------------------------------
2026-05-11 22:58:40,125 | INFO     | [120124] 📥 NHẬN YÊU CẦU QUÉT KHUÔN MẶT MỚI
2026-05-11 22:58:40,125 | INFO     | [120124] Đã xử lý ảnh thành công. Kích thước tensor: (1, 48, 48, 1)
2026-05-11 22:58:40,194 | INFO     | [120124] 📊 Chi tiết dự đoán: {'ANGRY': 4.3, 'DISGUST': 0.05, 'FEAR': 16.92, 'HAPPY': 9.31, 'NEUTRAL': 17.77, 'SAD': 46.33, 'SURPRISE': 5.32}
2026-05-11 22:58:40,194 | INFO     | [120124] 🎯 KẾT QUẢ CHỐT: SAD (46.33%)
2026-05-11 22:58:40,194 | INFO     | [120124] ⏱️ Thời gian phản hồi: 69.9 ms
2026-05-11 22:58:40,234 | INFO     | [120234] ------------------------------------------
2026-05-11 22:58:40,234 | INFO     | [120234] 📥 NHẬN YÊU CẦU QUÉT KHUÔN MẶT MỚI
2026-05-11 22:58:40,236 | INFO     | [120234] Đã xử lý ảnh thành công. Kích thước tensor: (1, 48, 48, 1)
2026-05-11 22:58:40,291 | INFO     | [120234] 📊 Chi tiết dự đoán: {'ANGRY': 5.03, 'DISGUST': 0.05, 'FEAR': 17.05, 'HAPPY': 11.3, 'NEUTRAL': 15.08, 'SAD': 46.55, 'SURPRISE': 4.94}
2026-05-11 22:58:40,291 | INFO     | [120234] 🎯 KẾT QUẢ CHỐT: SAD (46.55%)
2026-05-11 22:58:40,291 | INFO     | [120234] ⏱️ Thời gian phản hồi: 56.37 ms
2026-05-11 22:58:40,329 | INFO     | [120329] ------------------------------------------
2026-05-11 22:58:40,330 | INFO     | [120329] 📥 NHẬN YÊU CẦU QUÉT KHUÔN MẶT MỚI
2026-05-11 22:58:40,330 | INFO     | [120329] Đã xử lý ảnh thành công. Kích thước tensor: (1, 48, 48, 1)
2026-05-11 22:58:40,387 | INFO     | [120329] 📊 Chi tiết dự đoán: {'ANGRY': 5.39, 'DISGUST': 0.06, 'FEAR': 17.85, 'HAPPY': 11.84, 'NEUTRAL': 15.58, 'SAD': 43.19, 'SURPRISE': 6.09}
2026-05-11 22:58:40,387 | INFO     | [120329] 🎯 KẾT QUẢ CHỐT: SAD (43.19%)
2026-05-11 22:58:40,387 | INFO     | [120329] ⏱️ Thời gian phản hồi: 58.14 ms
2026-05-11 22:58:40,437 | INFO     | [120437] ------------------------------------------
2026-05-11 22:58:40,438 | INFO     | [120437] 📥 NHẬN YÊU CẦU QUÉT KHUÔN MẶT MỚI
2026-05-11 22:58:40,438 | INFO     | [120437] Đã xử lý ảnh thành công. Kích thước tensor: (1, 48, 48, 1)
2026-05-11 22:58:40,495 | INFO     | [120437] 📊 Chi tiết dự đoán: {'ANGRY': 4.25, 'DISGUST': 0.06, 'FEAR': 14.97, 'HAPPY': 11.57, 'NEUTRAL': 20.67, 'SAD': 43.82, 'SURPRISE': 4.66}
2026-05-11 22:58:40,495 | INFO     | [120437] 🎯 KẾT QUẢ CHỐT: SAD (43.82%)
2026-05-11 22:58:40,496 | INFO     | [120437] ⏱️ Thời gian phản hồi: 58.53 ms
2026-05-11 22:58:40,530 | INFO     | [120530] ------------------------------------------
2026-05-11 22:58:40,530 | INFO     | [120530] 📥 NHẬN YÊU CẦU QUÉT KHUÔN MẶT MỚI
2026-05-11 22:58:40,530 | INFO     | [120530] Đã xử lý ảnh thành công. Kích thước tensor: (1, 48, 48, 1)
2026-05-11 22:58:40,591 | INFO     | [120530] 📊 Chi tiết dự đoán: {'ANGRY': 4.73, 'DISGUST': 0.07, 'FEAR': 12.88, 'HAPPY': 16.31, 'NEUTRAL': 21.11, 'SAD': 40.55, 'SURPRISE': 4.35}
2026-05-11 22:58:40,592 | INFO     | [120530] 🎯 KẾT QUẢ CHỐT: SAD (40.55%)
2026-05-11 22:58:40,592 | INFO     | [120530] ⏱️ Thời gian phản hồi: 61.32 ms
2026-05-11 22:58:40,624 | INFO     | [120624] ------------------------------------------
2026-05-11 22:58:40,624 | INFO     | [120624] 📥 NHẬN YÊU CẦU QUÉT KHUÔN MẶT MỚI
2026-05-11 22:58:40,625 | INFO     | [120624] Đã xử lý ảnh thành công. Kích thước tensor: (1, 48, 48, 1)
2026-05-11 22:58:40,686 | INFO     | [120624] 📊 Chi tiết dự đoán: {'ANGRY': 5.08, 'DISGUST': 0.07, 'FEAR': 15.89, 'HAPPY': 10.81, 'NEUTRAL': 15.53, 'SAD': 47.62, 'SURPRISE': 4.99}
2026-05-11 22:58:40,686 | INFO     | [120624] 🎯 KẾT QUẢ CHỐT: SAD (47.62%)
2026-05-11 22:58:40,686 | INFO     | [120624] ⏱️ Thời gian phản hồi: 62.64 ms
2026-05-11 22:58:40,732 | INFO     | [120732] ------------------------------------------
2026-05-11 22:58:40,732 | INFO     | [120732] 📥 NHẬN YÊU CẦU QUÉT KHUÔN MẶT MỚI
2026-05-11 22:58:40,733 | INFO     | [120732] Đã xử lý ảnh thành công. Kích thước tensor: (1, 48, 48, 1)
2026-05-11 22:58:40,785 | INFO     | [120732] 📊 Chi tiết dự đoán: {'ANGRY': 5.03, 'DISGUST': 0.07, 'FEAR': 16.19, 'HAPPY': 9.4, 'NEUTRAL': 17.39, 'SAD': 46.51, 'SURPRISE': 5.41}
2026-05-11 22:58:40,785 | INFO     | [120732] 🎯 KẾT QUẢ CHỐT: SAD (46.51%)
2026-05-11 22:58:40,785 | INFO     | [120732] ⏱️ Thời gian phản hồi: 53.95 ms
2026-05-11 22:58:40,826 | INFO     | [120826] ------------------------------------------
2026-05-11 22:58:40,827 | INFO     | [120826] 📥 NHẬN YÊU CẦU QUÉT KHUÔN MẶT MỚI
2026-05-11 22:58:40,827 | INFO     | [120826] Đã xử lý ảnh thành công. Kích thước tensor: (1, 48, 48, 1)
2026-05-11 22:58:40,883 | INFO     | [120826] 📊 Chi tiết dự đoán: {'ANGRY': 4.41, 'DISGUST': 0.07, 'FEAR': 16.16, 'HAPPY': 9.41, 'NEUTRAL': 16.34, 'SAD': 47.78, 'SURPRISE': 5.83}
2026-05-11 22:58:40,883 | INFO     | [120826] 🎯 KẾT QUẢ CHỐT: SAD (47.78%)
2026-05-11 22:58:40,883 | INFO     | [120826] ⏱️ Thời gian phản hồi: 56.62 ms
2026-05-11 22:58:40,936 | INFO     | [120936] ------------------------------------------
2026-05-11 22:58:40,937 | INFO     | [120936] 📥 NHẬN YÊU CẦU QUÉT KHUÔN MẶT MỚI
2026-05-11 22:58:40,937 | INFO     | [120936] Đã xử lý ảnh thành công. Kích thước tensor: (1, 48, 48, 1)
2026-05-11 22:58:41,005 | INFO     | [120936] 📊 Chi tiết dự đoán: {'ANGRY': 4.42, 'DISGUST': 0.07, 'FEAR': 16.55, 'HAPPY': 6.78, 'NEUTRAL': 17.35, 'SAD': 48.84, 'SURPRISE': 5.99}
2026-05-11 22:58:41,005 | INFO     | [120936] 🎯 KẾT QUẢ CHỐT: SAD (48.84%)
2026-05-11 22:58:41,005 | INFO     | [120936] ⏱️ Thời gian phản hồi: 69.13 ms
2026-05-11 22:58:41,029 | INFO     | [121029] ------------------------------------------
2026-05-11 22:58:41,030 | INFO     | [121029] 📥 NHẬN YÊU CẦU QUÉT KHUÔN MẶT MỚI
2026-05-11 22:58:41,030 | INFO     | [121029] Đã xử lý ảnh thành công. Kích thước tensor: (1, 48, 48, 1)
2026-05-11 22:58:41,097 | INFO     | [121029] 📊 Chi tiết dự đoán: {'ANGRY': 4.41, 'DISGUST': 0.06, 'FEAR': 17.18, 'HAPPY': 7.11, 'NEUTRAL': 18.11, 'SAD': 47.71, 'SURPRISE': 5.42}
2026-05-11 22:58:41,097 | INFO     | [121029] 🎯 KẾT QUẢ CHỐT: SAD (47.71%)
2026-05-11 22:58:41,097 | INFO     | [121029] ⏱️ Thời gian phản hồi: 68.15 ms
2026-05-11 22:58:41,123 | INFO     | [121123] ------------------------------------------
2026-05-11 22:58:41,123 | INFO     | [121123] 📥 NHẬN YÊU CẦU QUÉT KHUÔN MẶT MỚI
2026-05-11 22:58:41,124 | INFO     | [121123] Đã xử lý ảnh thành công. Kích thước tensor: (1, 48, 48, 1)
2026-05-11 22:58:41,181 | INFO     | [121123] 📊 Chi tiết dự đoán: {'ANGRY': 4.95, 'DISGUST': 0.06, 'FEAR': 16.43, 'HAPPY': 9.65, 'NEUTRAL': 16.14, 'SAD': 48.41, 'SURPRISE': 4.36}
2026-05-11 22:58:41,181 | INFO     | [121123] 🎯 KẾT QUẢ CHỐT: SAD (48.41%)
2026-05-11 22:58:41,181 | INFO     | [121123] ⏱️ Thời gian phản hồi: 56.12 ms
2026-05-11 22:58:41,232 | INFO     | [121232] ------------------------------------------
2026-05-11 22:58:41,232 | INFO     | [121232] 📥 NHẬN YÊU CẦU QUÉT KHUÔN MẶT MỚI
2026-05-11 22:58:41,234 | INFO     | [121232] Đã xử lý ảnh thành công. Kích thước tensor: (1, 48, 48, 1)
2026-05-11 22:58:41,293 | INFO     | [121232] 📊 Chi tiết dự đoán: {'ANGRY': 5.03, 'DISGUST': 0.07, 'FEAR': 15.36, 'HAPPY': 9.85, 'NEUTRAL': 18.01, 'SAD': 46.88, 'SURPRISE': 4.79}
2026-05-11 22:58:41,294 | INFO     | [121232] 🎯 KẾT QUẢ CHỐT: SAD (46.88%)
2026-05-11 22:58:41,294 | INFO     | [121232] ⏱️ Thời gian phản hồi: 61.26 ms
2026-05-11 22:58:41,326 | INFO     | [121326] ------------------------------------------
2026-05-11 22:58:41,326 | INFO     | [121326] 📥 NHẬN YÊU CẦU QUÉT KHUÔN MẶT MỚI
2026-05-11 22:58:41,328 | INFO     | [121326] Đã xử lý ảnh thành công. Kích thước tensor: (1, 48, 48, 1)
2026-05-11 22:58:41,400 | INFO     | [121326] 📊 Chi tiết dự đoán: {'ANGRY': 4.74, 'DISGUST': 0.05, 'FEAR': 17.15, 'HAPPY': 8.22, 'NEUTRAL': 16.65, 'SAD': 48.36, 'SURPRISE': 4.82}
2026-05-11 22:58:41,400 | INFO     | [121326] 🎯 KẾT QUẢ CHỐT: SAD (48.36%)
2026-05-11 22:58:41,401 | INFO     | [121326] ⏱️ Thời gian phản hồi: 73.74 ms
2026-05-11 22:58:41,435 | INFO     | [121435] ------------------------------------------
2026-05-11 22:58:41,435 | INFO     | [121435] 📥 NHẬN YÊU CẦU QUÉT KHUÔN MẶT MỚI
2026-05-11 22:58:41,436 | INFO     | [121435] Đã xử lý ảnh thành công. Kích thước tensor: (1, 48, 48, 1)
2026-05-11 22:58:41,497 | INFO     | [121435] 📊 Chi tiết dự đoán: {'ANGRY': 5.76, 'DISGUST': 0.08, 'FEAR': 15.93, 'HAPPY': 9.06, 'NEUTRAL': 16.34, 'SAD': 48.13, 'SURPRISE': 4.7}
2026-05-11 22:58:41,497 | INFO     | [121435] 🎯 KẾT QUẢ CHỐT: SAD (48.13%)
2026-05-11 22:58:41,498 | INFO     | [121435] ⏱️ Thời gian phản hồi: 61.99 ms
2026-05-11 22:58:41,527 | INFO     | [121527] ------------------------------------------
2026-05-11 22:58:41,527 | INFO     | [121527] 📥 NHẬN YÊU CẦU QUÉT KHUÔN MẶT MỚI
2026-05-11 22:58:41,528 | INFO     | [121527] Đã xử lý ảnh thành công. Kích thước tensor: (1, 48, 48, 1)
2026-05-11 22:58:41,582 | INFO     | [121527] 📊 Chi tiết dự đoán: {'ANGRY': 5.01, 'DISGUST': 0.07, 'FEAR': 16.05, 'HAPPY': 8.75, 'NEUTRAL': 18.16, 'SAD': 46.6, 'SURPRISE': 5.35}
2026-05-11 22:58:41,582 | INFO     | [121527] 🎯 KẾT QUẢ CHỐT: SAD (46.60%)
2026-05-11 22:58:41,583 | INFO     | [121527] ⏱️ Thời gian phản hồi: 54.85 ms
2026-05-11 22:58:41,636 | INFO     | [121636] ------------------------------------------
2026-05-11 22:58:41,637 | INFO     | [121636] 📥 NHẬN YÊU CẦU QUÉT KHUÔN MẶT MỚI
2026-05-11 22:58:41,638 | INFO     | [121636] Đã xử lý ảnh thành công. Kích thước tensor: (1, 48, 48, 1)
2026-05-11 22:58:41,693 | INFO     | [121636] 📊 Chi tiết dự đoán: {'ANGRY': 5.17, 'DISGUST': 0.08, 'FEAR': 15.69, 'HAPPY': 9.03, 'NEUTRAL': 18.31, 'SAD': 46.04, 'SURPRISE': 5.68}
2026-05-11 22:58:41,693 | INFO     | [121636] 🎯 KẾT QUẢ CHỐT: SAD (46.04%)
2026-05-11 22:58:41,693 | INFO     | [121636] ⏱️ Thời gian phản hồi: 56.74 ms
2026-05-11 22:58:41,730 | INFO     | [121730] ------------------------------------------
2026-05-11 22:58:41,731 | INFO     | [121730] 📥 NHẬN YÊU CẦU QUÉT KHUÔN MẶT MỚI
2026-05-11 22:58:41,731 | INFO     | [121730] Đã xử lý ảnh thành công. Kích thước tensor: (1, 48, 48, 1)
2026-05-11 22:58:41,789 | INFO     | [121730] 📊 Chi tiết dự đoán: {'ANGRY': 6.0, 'DISGUST': 0.07, 'FEAR': 16.52, 'HAPPY': 8.89, 'NEUTRAL': 18.07, 'SAD': 44.9, 'SURPRISE': 5.55}
2026-05-11 22:58:41,789 | INFO     | [121730] 🎯 KẾT QUẢ CHỐT: SAD (44.90%)
2026-05-11 22:58:41,789 | INFO     | [121730] ⏱️ Thời gian phản hồi: 58.68 ms
2026-05-11 22:58:41,825 | INFO     | [121825] ------------------------------------------
2026-05-11 22:58:41,825 | INFO     | [121825] 📥 NHẬN YÊU CẦU QUÉT KHUÔN MẶT MỚI
2026-05-11 22:58:41,826 | INFO     | [121825] Đã xử lý ảnh thành công. Kích thước tensor: (1, 48, 48, 1)
2026-05-11 22:58:41,881 | INFO     | [121825] 📊 Chi tiết dự đoán: {'ANGRY': 4.11, 'DISGUST': 0.06, 'FEAR': 14.09, 'HAPPY': 12.72, 'NEUTRAL': 19.15, 'SAD': 45.0, 'SURPRISE': 4.87}
2026-05-11 22:58:41,883 | INFO     | [121825] 🎯 KẾT QUẢ CHỐT: SAD (45.00%)
2026-05-11 22:58:41,883 | INFO     | [121825] ⏱️ Thời gian phản hồi: 55.68 ms
2026-05-11 22:58:41,935 | INFO     | [121935] ------------------------------------------
2026-05-11 22:58:41,935 | INFO     | [121935] 📥 NHẬN YÊU CẦU QUÉT KHUÔN MẶT MỚI
2026-05-11 22:58:41,936 | INFO     | [121935] Đã xử lý ảnh thành công. Kích thước tensor: (1, 48, 48, 1)
2026-05-11 22:58:41,994 | INFO     | [121935] 📊 Chi tiết dự đoán: {'ANGRY': 5.46, 'DISGUST': 0.08, 'FEAR': 13.69, 'HAPPY': 12.37, 'NEUTRAL': 19.94, 'SAD': 44.67, 'SURPRISE': 3.78}
2026-05-11 22:58:41,994 | INFO     | [121935] 🎯 KẾT QUẢ CHỐT: SAD (44.67%)
2026-05-11 22:58:41,994 | INFO     | [121935] ⏱️ Thời gian phản hồi: 59.05 ms
2026-05-11 22:58:42,044 | INFO     | [122044] ------------------------------------------
2026-05-11 22:58:42,044 | INFO     | [122044] 📥 NHẬN YÊU CẦU QUÉT KHUÔN MẶT MỚI
2026-05-11 22:58:42,045 | INFO     | [122044] Đã xử lý ảnh thành công. Kích thước tensor: (1, 48, 48, 1)
2026-05-11 22:58:42,108 | INFO     | [122044] 📊 Chi tiết dự đoán: {'ANGRY': 5.78, 'DISGUST': 0.07, 'FEAR': 12.84, 'HAPPY': 13.93, 'NEUTRAL': 20.96, 'SAD': 41.85, 'SURPRISE': 4.56}
2026-05-11 22:58:42,109 | INFO     | [122044] 🎯 KẾT QUẢ CHỐT: SAD (41.85%)
2026-05-11 22:58:42,109 | INFO     | [122044] ⏱️ Thời gian phản hồi: 63.52 ms
2026-05-11 22:58:42,123 | INFO     | [122123] ------------------------------------------
2026-05-11 22:58:42,123 | INFO     | [122123] 📥 NHẬN YÊU CẦU QUÉT KHUÔN MẶT MỚI
2026-05-11 22:58:42,124 | INFO     | [122123] Đã xử lý ảnh thành công. Kích thước tensor: (1, 48, 48, 1)
2026-05-11 22:58:42,179 | INFO     | [122123] 📊 Chi tiết dự đoán: {'ANGRY': 5.86, 'DISGUST': 0.07, 'FEAR': 14.16, 'HAPPY': 14.55, 'NEUTRAL': 19.16, 'SAD': 41.46, 'SURPRISE': 4.74}
2026-05-11 22:58:42,179 | INFO     | [122123] 🎯 KẾT QUẢ CHỐT: SAD (41.46%)
2026-05-11 22:58:42,179 | INFO     | [122123] ⏱️ Thời gian phản hồi: 56.12 ms
2026-05-11 22:58:42,230 | INFO     | [122230] ------------------------------------------
2026-05-11 22:58:42,230 | INFO     | [122230] 📥 NHẬN YÊU CẦU QUÉT KHUÔN MẶT MỚI
2026-05-11 22:58:42,230 | INFO     | [122230] Đã xử lý ảnh thành công. Kích thước tensor: (1, 48, 48, 1)
2026-05-11 22:58:42,283 | INFO     | [122230] 📊 Chi tiết dự đoán: {'ANGRY': 4.77, 'DISGUST': 0.05, 'FEAR': 12.38, 'HAPPY': 11.83, 'NEUTRAL': 24.61, 'SAD': 42.16, 'SURPRISE': 4.21}
2026-05-11 22:58:42,283 | INFO     | [122230] 🎯 KẾT QUẢ CHỐT: SAD (42.16%)
2026-05-11 22:58:42,283 | INFO     | [122230] ⏱️ Thời gian phản hồi: 53.14 ms
2026-05-11 22:58:42,324 | INFO     | [122322] ------------------------------------------
2026-05-11 22:58:42,324 | INFO     | [122322] 📥 NHẬN YÊU CẦU QUÉT KHUÔN MẶT MỚI
2026-05-11 22:58:42,324 | INFO     | [122322] Đã xử lý ảnh thành công. Kích thước tensor: (1, 48, 48, 1)
2026-05-11 22:58:42,386 | INFO     | [122322] 📊 Chi tiết dự đoán: {'ANGRY': 4.13, 'DISGUST': 0.06, 'FEAR': 15.22, 'HAPPY': 8.91, 'NEUTRAL': 22.27, 'SAD': 44.01, 'SURPRISE': 5.4}
2026-05-11 22:58:42,386 | INFO     | [122322] 🎯 KẾT QUẢ CHỐT: SAD (44.01%)
2026-05-11 22:58:42,387 | INFO     | [122322] ⏱️ Thời gian phản hồi: 63.66 ms
2026-05-11 22:58:42,432 | INFO     | [122432] ------------------------------------------
2026-05-11 22:58:42,432 | INFO     | [122432] 📥 NHẬN YÊU CẦU QUÉT KHUÔN MẶT MỚI
2026-05-11 22:58:42,432 | INFO     | [122432] Đã xử lý ảnh thành công. Kích thước tensor: (1, 48, 48, 1)
2026-05-11 22:58:42,484 | INFO     | [122432] 📊 Chi tiết dự đoán: {'ANGRY': 5.07, 'DISGUST': 0.08, 'FEAR': 15.43, 'HAPPY': 9.92, 'NEUTRAL': 20.83, 'SAD': 42.25, 'SURPRISE': 6.42}
2026-05-11 22:58:42,484 | INFO     | [122432] 🎯 KẾT QUẢ CHỐT: SAD (42.25%)
2026-05-11 22:58:42,484 | INFO     | [122432] ⏱️ Thời gian phản hồi: 51.82 ms
2026-05-11 22:58:42,525 | INFO     | [122525] ------------------------------------------
2026-05-11 22:58:42,525 | INFO     | [122525] 📥 NHẬN YÊU CẦU QUÉT KHUÔN MẶT MỚI
2026-05-11 22:58:42,526 | INFO     | [122525] Đã xử lý ảnh thành công. Kích thước tensor: (1, 48, 48, 1)
2026-05-11 22:58:42,584 | INFO     | [122525] 📊 Chi tiết dự đoán: {'ANGRY': 4.62, 'DISGUST': 0.06, 'FEAR': 14.42, 'HAPPY': 10.08, 'NEUTRAL': 21.08, 'SAD': 42.31, 'SURPRISE': 7.44}
2026-05-11 22:58:42,585 | INFO     | [122525] 🎯 KẾT QUẢ CHỐT: SAD (42.31%)
2026-05-11 22:58:42,585 | INFO     | [122525] ⏱️ Thời gian phản hồi: 58.6 ms
2026-05-11 22:58:42,634 | INFO     | [122634] ------------------------------------------
2026-05-11 22:58:42,634 | INFO     | [122634] 📥 NHẬN YÊU CẦU QUÉT KHUÔN MẶT MỚI
2026-05-11 22:58:42,635 | INFO     | [122634] Đã xử lý ảnh thành công. Kích thước tensor: (1, 48, 48, 1)
2026-05-11 22:58:42,685 | INFO     | [122634] 📊 Chi tiết dự đoán: {'ANGRY': 4.05, 'DISGUST': 0.07, 'FEAR': 15.68, 'HAPPY': 7.44, 'NEUTRAL': 21.54, 'SAD': 44.31, 'SURPRISE': 6.92}
2026-05-11 22:58:42,686 | INFO     | [122634] 🎯 KẾT QUẢ CHỐT: SAD (44.31%)
2026-05-11 22:58:42,686 | INFO     | [122634] ⏱️ Thời gian phản hồi: 51.01 ms
2026-05-11 22:58:42,727 | INFO     | [122727] ------------------------------------------
2026-05-11 22:58:42,727 | INFO     | [122727] 📥 NHẬN YÊU CẦU QUÉT KHUÔN MẶT MỚI
2026-05-11 22:58:42,728 | INFO     | [122727] Đã xử lý ảnh thành công. Kích thước tensor: (1, 48, 48, 1)
2026-05-11 22:58:42,780 | INFO     | [122727] 📊 Chi tiết dự đoán: {'ANGRY': 4.65, 'DISGUST': 0.08, 'FEAR': 16.72, 'HAPPY': 8.13, 'NEUTRAL': 20.36, 'SAD': 42.62, 'SURPRISE': 7.43}
2026-05-11 22:58:42,780 | INFO     | [122727] 🎯 KẾT QUẢ CHỐT: SAD (42.62%)
2026-05-11 22:58:42,780 | INFO     | [122727] ⏱️ Thời gian phản hồi: 53.32 ms
2026-05-11 22:58:42,836 | INFO     | [122836] ------------------------------------------
2026-05-11 22:58:42,836 | INFO     | [122836] 📥 NHẬN YÊU CẦU QUÉT KHUÔN MẶT MỚI
2026-05-11 22:58:42,837 | INFO     | [122836] Đã xử lý ảnh thành công. Kích thước tensor: (1, 48, 48, 1)
2026-05-11 22:58:42,888 | INFO     | [122836] 📊 Chi tiết dự đoán: {'ANGRY': 4.65, 'DISGUST': 0.09, 'FEAR': 16.27, 'HAPPY': 7.05, 'NEUTRAL': 20.79, 'SAD': 45.0, 'SURPRISE': 6.15}
2026-05-11 22:58:42,888 | INFO     | [122836] 🎯 KẾT QUẢ CHỐT: SAD (45.00%)
2026-05-11 22:58:42,889 | INFO     | [122836] ⏱️ Thời gian phản hồi: 51.52 ms
2026-05-11 22:58:42,929 | INFO     | [122929] ------------------------------------------
2026-05-11 22:58:42,929 | INFO     | [122929] 📥 NHẬN YÊU CẦU QUÉT KHUÔN MẶT MỚI
2026-05-11 22:58:42,929 | INFO     | [122929] Đã xử lý ảnh thành công. Kích thước tensor: (1, 48, 48, 1)
2026-05-11 22:58:42,980 | INFO     | [122929] 📊 Chi tiết dự đoán: {'ANGRY': 4.6, 'DISGUST': 0.1, 'FEAR': 13.47, 'HAPPY': 10.11, 'NEUTRAL': 24.38, 'SAD': 41.84, 'SURPRISE': 5.5}
2026-05-11 22:58:42,980 | INFO     | [122929] 🎯 KẾT QUẢ CHỐT: SAD (41.84%)
2026-05-11 22:58:42,980 | INFO     | [122929] ⏱️ Thời gian phản hồi: 50.43 ms
2026-05-11 22:58:43,036 | INFO     | [123036] ------------------------------------------
2026-05-11 22:58:43,037 | INFO     | [123036] 📥 NHẬN YÊU CẦU QUÉT KHUÔN MẶT MỚI
2026-05-11 22:58:43,037 | INFO     | [123036] Đã xử lý ảnh thành công. Kích thước tensor: (1, 48, 48, 1)
2026-05-11 22:58:43,095 | INFO     | [123036] 📊 Chi tiết dự đoán: {'ANGRY': 4.87, 'DISGUST': 0.07, 'FEAR': 13.38, 'HAPPY': 7.42, 'NEUTRAL': 25.09, 'SAD': 43.74, 'SURPRISE': 5.43}
2026-05-11 22:58:43,095 | INFO     | [123036] 🎯 KẾT QUẢ CHỐT: SAD (43.74%)
2026-05-11 22:58:43,095 | INFO     | [123036] ⏱️ Thời gian phản hồi: 57.43 ms
2026-05-11 22:58:43,131 | INFO     | [123131] ------------------------------------------
2026-05-11 22:58:43,131 | INFO     | [123131] 📥 NHẬN YÊU CẦU QUÉT KHUÔN MẶT MỚI
2026-05-11 22:58:43,132 | INFO     | [123131] Đã xử lý ảnh thành công. Kích thước tensor: (1, 48, 48, 1)
2026-05-11 22:58:43,187 | INFO     | [123131] 📊 Chi tiết dự đoán: {'ANGRY': 6.4, 'DISGUST': 0.12, 'FEAR': 12.8, 'HAPPY': 11.24, 'NEUTRAL': 22.41, 'SAD': 40.55, 'SURPRISE': 6.49}
2026-05-11 22:58:43,187 | INFO     | [123131] 🎯 KẾT QUẢ CHỐT: SAD (40.55%)
2026-05-11 22:58:43,187 | INFO     | [123131] ⏱️ Thời gian phản hồi: 56.67 ms
2026-05-11 22:58:43,225 | INFO     | [123225] ------------------------------------------
2026-05-11 22:58:43,225 | INFO     | [123225] 📥 NHẬN YÊU CẦU QUÉT KHUÔN MẶT MỚI
2026-05-11 22:58:43,226 | INFO     | [123225] Đã xử lý ảnh thành công. Kích thước tensor: (1, 48, 48, 1)
2026-05-11 22:58:43,297 | INFO     | [123225] 📊 Chi tiết dự đoán: {'ANGRY': 6.58, 'DISGUST': 0.11, 'FEAR': 11.35, 'HAPPY': 14.77, 'NEUTRAL': 21.21, 'SAD': 40.8, 'SURPRISE': 5.18}
2026-05-11 22:58:43,298 | INFO     | [123225] 🎯 KẾT QUẢ CHỐT: SAD (40.80%)
2026-05-11 22:58:43,298 | INFO     | [123225] ⏱️ Thời gian phản hồi: 72.15 ms
2026-05-11 22:58:43,334 | INFO     | [123334] ------------------------------------------
2026-05-11 22:58:43,335 | INFO     | [123334] 📥 NHẬN YÊU CẦU QUÉT KHUÔN MẶT MỚI
2026-05-11 22:58:43,335 | INFO     | [123334] Đã xử lý ảnh thành công. Kích thước tensor: (1, 48, 48, 1)
2026-05-11 22:58:43,387 | INFO     | [123334] 📊 Chi tiết dự đoán: {'ANGRY': 4.91, 'DISGUST': 0.1, 'FEAR': 12.04, 'HAPPY': 10.87, 'NEUTRAL': 21.89, 'SAD': 45.07, 'SURPRISE': 5.11}
2026-05-11 22:58:43,387 | INFO     | [123334] 🎯 KẾT QUẢ CHỐT: SAD (45.07%)
2026-05-11 22:58:43,387 | INFO     | [123334] ⏱️ Thời gian phản hồi: 52.44 ms
2026-05-11 22:58:43,429 | INFO     | [123429] ------------------------------------------
2026-05-11 22:58:43,429 | INFO     | [123429] 📥 NHẬN YÊU CẦU QUÉT KHUÔN MẶT MỚI
2026-05-11 22:58:43,430 | INFO     | [123429] Đã xử lý ảnh thành công. Kích thước tensor: (1, 48, 48, 1)
2026-05-11 22:58:43,485 | INFO     | [123429] 📊 Chi tiết dự đoán: {'ANGRY': 3.99, 'DISGUST': 0.16, 'FEAR': 8.53, 'HAPPY': 12.31, 'NEUTRAL': 20.39, 'SAD': 51.33, 'SURPRISE': 3.28}
2026-05-11 22:58:43,485 | INFO     | [123429] 🎯 KẾT QUẢ CHỐT: SAD (51.33%)
2026-05-11 22:58:43,485 | INFO     | [123429] ⏱️ Thời gian phản hồi: 56.29 ms
2026-05-11 22:58:43,523 | INFO     | [123523] ------------------------------------------
2026-05-11 22:58:43,523 | INFO     | [123523] 📥 NHẬN YÊU CẦU QUÉT KHUÔN MẶT MỚI
2026-05-11 22:58:43,523 | INFO     | [123523] Đã xử lý ảnh thành công. Kích thước tensor: (1, 48, 48, 1)
2026-05-11 22:58:43,586 | INFO     | [123523] 📊 Chi tiết dự đoán: {'ANGRY': 3.76, 'DISGUST': 0.11, 'FEAR': 8.06, 'HAPPY': 13.68, 'NEUTRAL': 21.54, 'SAD': 50.51, 'SURPRISE': 2.33}
2026-05-11 22:58:43,587 | INFO     | [123523] 🎯 KẾT QUẢ CHỐT: SAD (50.51%)
2026-05-11 22:58:43,587 | INFO     | [123523] ⏱️ Thời gian phản hồi: 62.82 ms
2026-05-11 22:58:43,633 | INFO     | [123633] ------------------------------------------
2026-05-11 22:58:43,634 | INFO     | [123633] 📥 NHẬN YÊU CẦU QUÉT KHUÔN MẶT MỚI
2026-05-11 22:58:43,634 | INFO     | [123633] Đã xử lý ảnh thành công. Kích thước tensor: (1, 48, 48, 1)
2026-05-11 22:58:43,692 | INFO     | [123633] 📊 Chi tiết dự đoán: {'ANGRY': 4.12, 'DISGUST': 0.13, 'FEAR': 8.5, 'HAPPY': 7.14, 'NEUTRAL': 19.45, 'SAD': 58.02, 'SURPRISE': 2.63}
2026-05-11 22:58:43,692 | INFO     | [123633] 🎯 KẾT QUẢ CHỐT: SAD (58.02%)
2026-05-11 22:58:43,692 | INFO     | [123633] ⏱️ Thời gian phản hồi: 59.2 ms
2026-05-11 22:58:43,728 | INFO     | [123728] ------------------------------------------
2026-05-11 22:58:43,728 | INFO     | [123728] 📥 NHẬN YÊU CẦU QUÉT KHUÔN MẶT MỚI
2026-05-11 22:58:43,729 | INFO     | [123728] Đã xử lý ảnh thành công. Kích thước tensor: (1, 48, 48, 1)
2026-05-11 22:58:43,791 | INFO     | [123728] 📊 Chi tiết dự đoán: {'ANGRY': 3.34, 'DISGUST': 0.09, 'FEAR': 6.98, 'HAPPY': 11.4, 'NEUTRAL': 21.65, 'SAD': 54.4, 'SURPRISE': 2.13}
2026-05-11 22:58:43,791 | INFO     | [123728] 🎯 KẾT QUẢ CHỐT: SAD (54.40%)
2026-05-11 22:58:43,791 | INFO     | [123728] ⏱️ Thời gian phản hồi: 62.52 ms
2026-05-11 22:58:43,882 | INFO     | [BATCH-123882] ==========================================
2026-05-11 22:58:43,882 | INFO     | [BATCH-123882] 🎞️ NHẬN CHUỖI 50 KHUNG HÌNH (BATCH)
2026-05-11 22:58:43,973 | INFO     | [BATCH-123882] ↳ Frame 1/50: SAD (40.0%)
2026-05-11 22:58:44,062 | INFO     | [BATCH-123882] ↳ Frame 2/50: SAD (45.1%)
2026-05-11 22:58:44,146 | INFO     | [BATCH-123882] ↳ Frame 3/50: SAD (53.7%)
2026-05-11 22:58:44,224 | INFO     | [BATCH-123882] ↳ Frame 4/50: SAD (49.7%)
2026-05-11 22:58:44,314 | INFO     | [BATCH-123882] ↳ Frame 5/50: SAD (50.0%)
2026-05-11 22:58:44,381 | INFO     | [BATCH-123882] ↳ Frame 6/50: SAD (47.1%)
2026-05-11 22:58:44,468 | INFO     | [BATCH-123882] ↳ Frame 7/50: SAD (48.2%)
2026-05-11 22:58:44,542 | INFO     | [BATCH-123882] ↳ Frame 8/50: SAD (51.0%)
2026-05-11 22:58:44,620 | INFO     | [BATCH-123882] ↳ Frame 9/50: SAD (49.9%)
2026-05-11 22:58:44,687 | INFO     | [BATCH-123882] ↳ Frame 10/50: SAD (50.9%)
2026-05-11 22:58:44,751 | INFO     | [BATCH-123882] ↳ Frame 11/50: SAD (48.5%)
2026-05-11 22:58:44,805 | INFO     | [BATCH-123882] ↳ Frame 12/50: SAD (48.5%)
2026-05-11 22:58:44,859 | INFO     | [BATCH-123882] ↳ Frame 13/50: SAD (47.7%)
2026-05-11 22:58:44,916 | INFO     | [BATCH-123882] ↳ Frame 14/50: SAD (46.3%)
2026-05-11 22:58:44,973 | INFO     | [BATCH-123882] ↳ Frame 15/50: SAD (46.5%)
2026-05-11 22:58:45,035 | INFO     | [BATCH-123882] ↳ Frame 16/50: SAD (43.2%)
2026-05-11 22:58:45,094 | INFO     | [BATCH-123882] ↳ Frame 17/50: SAD (43.8%)
2026-05-11 22:58:45,158 | INFO     | [BATCH-123882] ↳ Frame 18/50: SAD (40.6%)
2026-05-11 22:58:45,210 | INFO     | [BATCH-123882] ↳ Frame 19/50: SAD (47.6%)
2026-05-11 22:58:45,266 | INFO     | [BATCH-123882] ↳ Frame 20/50: SAD (46.5%)
2026-05-11 22:58:45,321 | INFO     | [BATCH-123882] ↳ Frame 21/50: SAD (47.8%)
2026-05-11 22:58:45,383 | INFO     | [BATCH-123882] ↳ Frame 22/50: SAD (48.8%)
2026-05-11 22:58:45,451 | INFO     | [BATCH-123882] ↳ Frame 23/50: SAD (47.7%)
2026-05-11 22:58:45,519 | INFO     | [BATCH-123882] ↳ Frame 24/50: SAD (48.4%)
2026-05-11 22:58:45,575 | INFO     | [BATCH-123882] ↳ Frame 25/50: SAD (46.9%)
2026-05-11 22:58:45,627 | INFO     | [BATCH-123882] ↳ Frame 26/50: SAD (48.4%)
2026-05-11 22:58:45,680 | INFO     | [BATCH-123882] ↳ Frame 27/50: SAD (48.1%)
2026-05-11 22:58:45,734 | INFO     | [BATCH-123882] ↳ Frame 28/50: SAD (46.6%)
2026-05-11 22:58:45,785 | INFO     | [BATCH-123882] ↳ Frame 29/50: SAD (46.0%)
2026-05-11 22:58:45,840 | INFO     | [BATCH-123882] ↳ Frame 30/50: SAD (44.9%)
2026-05-11 22:58:45,894 | INFO     | [BATCH-123882] ↳ Frame 31/50: SAD (45.0%)
2026-05-11 22:58:45,948 | INFO     | [BATCH-123882] ↳ Frame 32/50: SAD (44.7%)
2026-05-11 22:58:46,006 | INFO     | [BATCH-123882] ↳ Frame 33/50: SAD (41.9%)
2026-05-11 22:58:46,062 | INFO     | [BATCH-123882] ↳ Frame 34/50: SAD (41.5%)
2026-05-11 22:58:46,115 | INFO     | [BATCH-123882] ↳ Frame 35/50: SAD (42.2%)
2026-05-11 22:58:46,172 | INFO     | [BATCH-123882] ↳ Frame 36/50: SAD (44.0%)
2026-05-11 22:58:46,236 | INFO     | [BATCH-123882] ↳ Frame 37/50: SAD (42.2%)
2026-05-11 22:58:46,300 | INFO     | [BATCH-123882] ↳ Frame 38/50: SAD (42.3%)
2026-05-11 22:58:46,360 | INFO     | [BATCH-123882] ↳ Frame 39/50: SAD (44.3%)
2026-05-11 22:58:46,420 | INFO     | [BATCH-123882] ↳ Frame 40/50: SAD (42.6%)
2026-05-11 22:58:46,476 | INFO     | [BATCH-123882] ↳ Frame 41/50: SAD (45.0%)
2026-05-11 22:58:46,534 | INFO     | [BATCH-123882] ↳ Frame 42/50: SAD (41.8%)
2026-05-11 22:58:46,586 | INFO     | [BATCH-123882] ↳ Frame 43/50: SAD (43.7%)
2026-05-11 22:58:46,636 | INFO     | [BATCH-123882] ↳ Frame 44/50: SAD (40.6%)
2026-05-11 22:58:46,686 | INFO     | [BATCH-123882] ↳ Frame 45/50: SAD (40.8%)
2026-05-11 22:58:46,737 | INFO     | [BATCH-123882] ↳ Frame 46/50: SAD (45.1%)
2026-05-11 22:58:46,789 | INFO     | [BATCH-123882] ↳ Frame 47/50: SAD (51.3%)
2026-05-11 22:58:46,840 | INFO     | [BATCH-123882] ↳ Frame 48/50: SAD (50.5%)
2026-05-11 22:58:46,894 | INFO     | [BATCH-123882] ↳ Frame 49/50: SAD (58.0%)
2026-05-11 22:58:46,946 | INFO     | [BATCH-123882] ↳ Frame 50/50: SAD (54.4%)
2026-05-11 22:58:46,947 | INFO     | [BATCH-123882] 🎯 KẾT QUẢ CHUỖI: SAD (Tần suất: {'SAD': 50})
2026-05-11 22:58:46,947 | INFO     | [BATCH-123882] ⏱️ Tổng thời gian xử lý: 3064.65 ms
2026-05-12 01:01:35,538 | INFO     | [495535] ------------------------------------------
2026-05-12 01:01:35,549 | INFO     | [495535] 📥 NHẬN YÊU CẦU QUÉT KHUÔN MẶT MỚI
2026-05-12 01:01:35,612 | INFO     | [495535] Đã xử lý ảnh thành công. Kích thước tensor: (1, 48, 48, 1)
2026-05-12 01:01:36,394 | INFO     | [495535] 📊 Chi tiết dự đoán: {'ANGRY': 7.49, 'DISGUST': 0.15, 'FEAR': 6.84, 'HAPPY': 17.22, 'NEUTRAL': 18.23, 'SAD': 47.53, 'SURPRISE': 2.53}
2026-05-12 01:01:36,394 | INFO     | [495535] 🎯 KẾT QUẢ CHỐT: SAD (47.53%)
2026-05-12 01:01:36,395 | INFO     | [495535] ⏱️ Thời gian phản hồi: 858.89 ms
2026-05-12 01:01:36,401 | INFO     | [496401] ------------------------------------------
2026-05-12 01:01:36,402 | INFO     | [496401] 📥 NHẬN YÊU CẦU QUÉT KHUÔN MẶT MỚI
2026-05-12 01:01:36,403 | INFO     | [496401] Đã xử lý ảnh thành công. Kích thước tensor: (1, 48, 48, 1)
2026-05-12 01:01:36,548 | INFO     | [496401] 📊 Chi tiết dự đoán: {'ANGRY': 6.88, 'DISGUST': 0.14, 'FEAR': 6.6, 'HAPPY': 17.2, 'NEUTRAL': 16.23, 'SAD': 50.47, 'SURPRISE': 2.47}
2026-05-12 01:01:36,548 | INFO     | [496401] 🎯 KẾT QUẢ CHỐT: SAD (50.47%)
2026-05-12 01:01:36,548 | INFO     | [496401] ⏱️ Thời gian phản hồi: 147.01 ms
2026-05-12 01:01:36,552 | INFO     | [496551] ------------------------------------------
2026-05-12 01:01:36,552 | INFO     | [496551] 📥 NHẬN YÊU CẦU QUÉT KHUÔN MẶT MỚI
2026-05-12 01:01:36,552 | INFO     | [496551] Đã xử lý ảnh thành công. Kích thước tensor: (1, 48, 48, 1)
2026-05-12 01:01:36,630 | INFO     | [496551] 📊 Chi tiết dự đoán: {'ANGRY': 6.3, 'DISGUST': 0.12, 'FEAR': 6.83, 'HAPPY': 18.79, 'NEUTRAL': 14.57, 'SAD': 50.65, 'SURPRISE': 2.75}
2026-05-12 01:01:36,630 | INFO     | [496551] 🎯 KẾT QUẢ CHỐT: SAD (50.65%)
2026-05-12 01:01:36,630 | INFO     | [496551] ⏱️ Thời gian phản hồi: 79.25 ms
2026-05-12 01:01:36,633 | INFO     | [496633] ------------------------------------------
2026-05-12 01:01:36,633 | INFO     | [496633] 📥 NHẬN YÊU CẦU QUÉT KHUÔN MẶT MỚI
2026-05-12 01:01:36,634 | INFO     | [496633] Đã xử lý ảnh thành công. Kích thước tensor: (1, 48, 48, 1)
2026-05-12 01:01:36,726 | INFO     | [496633] 📊 Chi tiết dự đoán: {'ANGRY': 6.11, 'DISGUST': 0.12, 'FEAR': 6.69, 'HAPPY': 18.74, 'NEUTRAL': 14.71, 'SAD': 50.95, 'SURPRISE': 2.68}
2026-05-12 01:01:36,726 | INFO     | [496633] 🎯 KẾT QUẢ CHỐT: SAD (50.95%)
2026-05-12 01:01:36,726 | INFO     | [496633] ⏱️ Thời gian phản hồi: 93.71 ms
2026-05-12 01:01:36,727 | INFO     | [496727] ------------------------------------------
2026-05-12 01:01:36,729 | INFO     | [496727] 📥 NHẬN YÊU CẦU QUÉT KHUÔN MẶT MỚI
2026-05-12 01:01:36,729 | INFO     | [496727] Đã xử lý ảnh thành công. Kích thước tensor: (1, 48, 48, 1)
2026-05-12 01:01:36,808 | INFO     | [496727] 📊 Chi tiết dự đoán: {'ANGRY': 7.04, 'DISGUST': 0.14, 'FEAR': 7.24, 'HAPPY': 19.92, 'NEUTRAL': 15.31, 'SAD': 47.34, 'SURPRISE': 3.01}
2026-05-12 01:01:36,808 | INFO     | [496727] 🎯 KẾT QUẢ CHỐT: SAD (47.34%)
2026-05-12 01:01:36,808 | INFO     | [496727] ⏱️ Thời gian phản hồi: 80.54 ms
2026-05-12 01:01:36,811 | INFO     | [496811] ------------------------------------------
2026-05-12 01:01:36,811 | INFO     | [496811] 📥 NHẬN YÊU CẦU QUÉT KHUÔN MẶT MỚI
2026-05-12 01:01:36,811 | INFO     | [496811] Đã xử lý ảnh thành công. Kích thước tensor: (1, 48, 48, 1)
2026-05-12 01:01:36,890 | INFO     | [496811] 📊 Chi tiết dự đoán: {'ANGRY': 6.75, 'DISGUST': 0.15, 'FEAR': 7.41, 'HAPPY': 20.4, 'NEUTRAL': 15.91, 'SAD': 46.22, 'SURPRISE': 3.17}
2026-05-12 01:01:36,890 | INFO     | [496811] 🎯 KẾT QUẢ CHỐT: SAD (46.22%)
2026-05-12 01:01:36,891 | INFO     | [496811] ⏱️ Thời gian phản hồi: 79.48 ms
2026-05-12 01:01:36,893 | INFO     | [496893] ------------------------------------------
2026-05-12 01:01:36,893 | INFO     | [496893] 📥 NHẬN YÊU CẦU QUÉT KHUÔN MẶT MỚI
2026-05-12 01:01:36,894 | INFO     | [496893] Đã xử lý ảnh thành công. Kích thước tensor: (1, 48, 48, 1)
2026-05-12 01:01:36,975 | INFO     | [496893] 📊 Chi tiết dự đoán: {'ANGRY': 8.42, 'DISGUST': 0.19, 'FEAR': 7.63, 'HAPPY': 25.15, 'NEUTRAL': 14.31, 'SAD': 40.35, 'SURPRISE': 3.95}
2026-05-12 01:01:36,975 | INFO     | [496893] 🎯 KẾT QUẢ CHỐT: SAD (40.35%)
2026-05-12 01:01:36,975 | INFO     | [496893] ⏱️ Thời gian phản hồi: 82.38 ms
2026-05-12 01:01:36,977 | INFO     | [496977] ------------------------------------------
2026-05-12 01:01:36,977 | INFO     | [496977] 📥 NHẬN YÊU CẦU QUÉT KHUÔN MẶT MỚI
2026-05-12 01:01:36,979 | INFO     | [496977] Đã xử lý ảnh thành công. Kích thước tensor: (1, 48, 48, 1)
2026-05-12 01:01:37,068 | INFO     | [496977] 📊 Chi tiết dự đoán: {'ANGRY': 8.54, 'DISGUST': 0.14, 'FEAR': 7.4, 'HAPPY': 34.47, 'NEUTRAL': 13.39, 'SAD': 32.6, 'SURPRISE': 3.46}
2026-05-12 01:01:37,068 | INFO     | [496977] 🎯 KẾT QUẢ CHỐT: HAPPY (34.47%)
2026-05-12 01:01:37,068 | INFO     | [496977] ⏱️ Thời gian phản hồi: 89.31 ms
2026-05-12 01:01:37,070 | INFO     | [497070] ------------------------------------------
2026-05-12 01:01:37,070 | INFO     | [497070] 📥 NHẬN YÊU CẦU QUÉT KHUÔN MẶT MỚI
2026-05-12 01:01:37,073 | INFO     | [497070] Đã xử lý ảnh thành công. Kích thước tensor: (1, 48, 48, 1)
2026-05-12 01:01:37,152 | INFO     | [497070] 📊 Chi tiết dự đoán: {'ANGRY': 8.98, 'DISGUST': 0.13, 'FEAR': 7.1, 'HAPPY': 34.47, 'NEUTRAL': 16.51, 'SAD': 29.15, 'SURPRISE': 3.66}
2026-05-12 01:01:37,152 | INFO     | [497070] 🎯 KẾT QUẢ CHỐT: HAPPY (34.47%)
2026-05-12 01:01:37,152 | INFO     | [497070] ⏱️ Thời gian phản hồi: 82.08 ms
2026-05-12 01:01:37,154 | INFO     | [497154] ------------------------------------------
2026-05-12 01:01:37,155 | INFO     | [497154] 📥 NHẬN YÊU CẦU QUÉT KHUÔN MẶT MỚI
2026-05-12 01:01:37,156 | INFO     | [497154] Đã xử lý ảnh thành công. Kích thước tensor: (1, 48, 48, 1)
2026-05-12 01:01:37,239 | INFO     | [497154] 📊 Chi tiết dự đoán: {'ANGRY': 10.64, 'DISGUST': 0.11, 'FEAR': 8.31, 'HAPPY': 39.69, 'NEUTRAL': 13.5, 'SAD': 23.85, 'SURPRISE': 3.9}
2026-05-12 01:01:37,239 | INFO     | [497154] 🎯 KẾT QUẢ CHỐT: HAPPY (39.69%)
2026-05-12 01:01:37,239 | INFO     | [497154] ⏱️ Thời gian phản hồi: 85.1 ms
2026-05-12 01:01:37,243 | INFO     | [497243] ------------------------------------------
2026-05-12 01:01:37,243 | INFO     | [497243] 📥 NHẬN YÊU CẦU QUÉT KHUÔN MẶT MỚI
2026-05-12 01:01:37,245 | INFO     | [497243] Đã xử lý ảnh thành công. Kích thước tensor: (1, 48, 48, 1)
2026-05-12 01:01:37,322 | INFO     | [497243] 📊 Chi tiết dự đoán: {'ANGRY': 11.56, 'DISGUST': 0.13, 'FEAR': 8.54, 'HAPPY': 36.45, 'NEUTRAL': 13.07, 'SAD': 26.44, 'SURPRISE': 3.82}
2026-05-12 01:01:37,322 | INFO     | [497243] 🎯 KẾT QUẢ CHỐT: HAPPY (36.45%)
2026-05-12 01:01:37,322 | INFO     | [497243] ⏱️ Thời gian phản hồi: 78.64 ms
2026-05-12 01:01:37,324 | INFO     | [497324] ------------------------------------------
2026-05-12 01:01:37,324 | INFO     | [497324] 📥 NHẬN YÊU CẦU QUÉT KHUÔN MẶT MỚI
2026-05-12 01:01:37,324 | INFO     | [497324] Đã xử lý ảnh thành công. Kích thước tensor: (1, 48, 48, 1)
2026-05-12 01:01:38,580 | INFO     | [497324] 📊 Chi tiết dự đoán: {'ANGRY': 9.64, 'DISGUST': 0.11, 'FEAR': 8.21, 'HAPPY': 35.6, 'NEUTRAL': 14.33, 'SAD': 27.97, 'SURPRISE': 4.14}
2026-05-12 01:01:38,580 | INFO     | [497324] 🎯 KẾT QUẢ CHỐT: HAPPY (35.60%)
2026-05-12 01:01:38,581 | INFO     | [497324] ⏱️ Thời gian phản hồi: 1255.22 ms
2026-05-12 01:01:38,582 | INFO     | [498582] ------------------------------------------
2026-05-12 01:01:38,583 | INFO     | [498582] 📥 NHẬN YÊU CẦU QUÉT KHUÔN MẶT MỚI
2026-05-12 01:01:38,583 | INFO     | [498582] Đã xử lý ảnh thành công. Kích thước tensor: (1, 48, 48, 1)
2026-05-12 01:01:38,673 | INFO     | [498582] 📊 Chi tiết dự đoán: {'ANGRY': 11.1, 'DISGUST': 0.13, 'FEAR': 8.61, 'HAPPY': 35.15, 'NEUTRAL': 13.82, 'SAD': 26.9, 'SURPRISE': 4.28}
2026-05-12 01:01:38,673 | INFO     | [498582] 🎯 KẾT QUẢ CHỐT: HAPPY (35.15%)
2026-05-12 01:01:38,674 | INFO     | [498582] ⏱️ Thời gian phản hồi: 90.46 ms
2026-05-12 01:01:38,676 | INFO     | [498676] ------------------------------------------
2026-05-12 01:01:38,677 | INFO     | [498676] 📥 NHẬN YÊU CẦU QUÉT KHUÔN MẶT MỚI
2026-05-12 01:01:38,677 | INFO     | [498676] Đã xử lý ảnh thành công. Kích thước tensor: (1, 48, 48, 1)
2026-05-12 01:01:38,754 | INFO     | [498676] 📊 Chi tiết dự đoán: {'ANGRY': 9.98, 'DISGUST': 0.17, 'FEAR': 8.33, 'HAPPY': 34.84, 'NEUTRAL': 13.05, 'SAD': 29.81, 'SURPRISE': 3.83}
2026-05-12 01:01:38,754 | INFO     | [498676] 🎯 KẾT QUẢ CHỐT: HAPPY (34.84%)
2026-05-12 01:01:38,754 | INFO     | [498676] ⏱️ Thời gian phản hồi: 77.92 ms
2026-05-12 01:01:38,757 | INFO     | [498757] ------------------------------------------
2026-05-12 01:01:38,757 | INFO     | [498757] 📥 NHẬN YÊU CẦU QUÉT KHUÔN MẶT MỚI
2026-05-12 01:01:38,758 | INFO     | [498757] Đã xử lý ảnh thành công. Kích thước tensor: (1, 48, 48, 1)
2026-05-12 01:01:38,832 | INFO     | [498757] 📊 Chi tiết dự đoán: {'ANGRY': 9.41, 'DISGUST': 0.18, 'FEAR': 7.99, 'HAPPY': 36.02, 'NEUTRAL': 15.34, 'SAD': 27.2, 'SURPRISE': 3.86}
2026-05-12 01:01:38,833 | INFO     | [498757] 🎯 KẾT QUẢ CHỐT: HAPPY (36.02%)
2026-05-12 01:01:38,833 | INFO     | [498757] ⏱️ Thời gian phản hồi: 75.44 ms
2026-05-12 01:01:38,835 | INFO     | [498835] ------------------------------------------
2026-05-12 01:01:38,835 | INFO     | [498835] 📥 NHẬN YÊU CẦU QUÉT KHUÔN MẶT MỚI
2026-05-12 01:01:38,836 | INFO     | [498835] Đã xử lý ảnh thành công. Kích thước tensor: (1, 48, 48, 1)
2026-05-12 01:01:38,917 | INFO     | [498835] 📊 Chi tiết dự đoán: {'ANGRY': 8.42, 'DISGUST': 0.2, 'FEAR': 7.36, 'HAPPY': 25.3, 'NEUTRAL': 12.92, 'SAD': 42.71, 'SURPRISE': 3.1}
2026-05-12 01:01:38,918 | INFO     | [498835] 🎯 KẾT QUẢ CHỐT: SAD (42.71%)
2026-05-12 01:01:38,918 | INFO     | [498835] ⏱️ Thời gian phản hồi: 81.31 ms
2026-05-12 01:01:38,919 | INFO     | [498919] ------------------------------------------
2026-05-12 01:01:38,919 | INFO     | [498919] 📥 NHẬN YÊU CẦU QUÉT KHUÔN MẶT MỚI
2026-05-12 01:01:38,920 | INFO     | [498919] Đã xử lý ảnh thành công. Kích thước tensor: (1, 48, 48, 1)
2026-05-12 01:01:38,992 | INFO     | [498919] 📊 Chi tiết dự đoán: {'ANGRY': 9.35, 'DISGUST': 0.17, 'FEAR': 7.35, 'HAPPY': 30.97, 'NEUTRAL': 15.62, 'SAD': 32.19, 'SURPRISE': 4.34}
2026-05-12 01:01:38,992 | INFO     | [498919] 🎯 KẾT QUẢ CHỐT: SAD (32.19%)
2026-05-12 01:01:38,992 | INFO     | [498919] ⏱️ Thời gian phản hồi: 72.63 ms
2026-05-12 01:01:38,994 | INFO     | [498994] ------------------------------------------
2026-05-12 01:01:38,994 | INFO     | [498994] 📥 NHẬN YÊU CẦU QUÉT KHUÔN MẶT MỚI
2026-05-12 01:01:38,995 | INFO     | [498994] Đã xử lý ảnh thành công. Kích thước tensor: (1, 48, 48, 1)
2026-05-12 01:01:39,070 | INFO     | [498994] 📊 Chi tiết dự đoán: {'ANGRY': 6.5, 'DISGUST': 0.15, 'FEAR': 7.08, 'HAPPY': 16.96, 'NEUTRAL': 13.09, 'SAD': 53.12, 'SURPRISE': 3.1}
2026-05-12 01:01:39,070 | INFO     | [498994] 🎯 KẾT QUẢ CHỐT: SAD (53.12%)
2026-05-12 01:01:39,070 | INFO     | [498994] ⏱️ Thời gian phản hồi: 76.46 ms
2026-05-12 01:01:39,074 | INFO     | [499074] ------------------------------------------
2026-05-12 01:01:39,074 | INFO     | [499074] 📥 NHẬN YÊU CẦU QUÉT KHUÔN MẶT MỚI
2026-05-12 01:01:39,074 | INFO     | [499074] Đã xử lý ảnh thành công. Kích thước tensor: (1, 48, 48, 1)
2026-05-12 01:01:39,175 | INFO     | [499074] 📊 Chi tiết dự đoán: {'ANGRY': 5.97, 'DISGUST': 0.2, 'FEAR': 6.47, 'HAPPY': 21.2, 'NEUTRAL': 14.99, 'SAD': 48.29, 'SURPRISE': 2.89}
2026-05-12 01:01:39,175 | INFO     | [499074] 🎯 KẾT QUẢ CHỐT: SAD (48.29%)
2026-05-12 01:01:39,176 | INFO     | [499074] ⏱️ Thời gian phản hồi: 101.64 ms
2026-05-12 01:01:39,177 | INFO     | [499177] ------------------------------------------
2026-05-12 01:01:39,177 | INFO     | [499177] 📥 NHẬN YÊU CẦU QUÉT KHUÔN MẶT MỚI
2026-05-12 01:01:39,179 | INFO     | [499177] Đã xử lý ảnh thành công. Kích thước tensor: (1, 48, 48, 1)
2026-05-12 01:01:39,253 | INFO     | [499177] 📊 Chi tiết dự đoán: {'ANGRY': 5.25, 'DISGUST': 0.15, 'FEAR': 5.94, 'HAPPY': 17.23, 'NEUTRAL': 17.34, 'SAD': 51.37, 'SURPRISE': 2.73}
2026-05-12 01:01:39,255 | INFO     | [499177] 🎯 KẾT QUẢ CHỐT: SAD (51.37%)
2026-05-12 01:01:39,255 | INFO     | [499177] ⏱️ Thời gian phản hồi: 75.82 ms
2026-05-12 01:01:39,257 | INFO     | [499257] ------------------------------------------
2026-05-12 01:01:39,257 | INFO     | [499257] 📥 NHẬN YÊU CẦU QUÉT KHUÔN MẶT MỚI
2026-05-12 01:01:39,259 | INFO     | [499257] Đã xử lý ảnh thành công. Kích thước tensor: (1, 48, 48, 1)
2026-05-12 01:01:39,363 | INFO     | [499257] 📊 Chi tiết dự đoán: {'ANGRY': 5.8, 'DISGUST': 0.2, 'FEAR': 6.71, 'HAPPY': 18.31, 'NEUTRAL': 16.97, 'SAD': 48.32, 'SURPRISE': 3.69}
2026-05-12 01:01:39,363 | INFO     | [499257] 🎯 KẾT QUẢ CHỐT: SAD (48.32%)
2026-05-12 01:01:39,363 | INFO     | [499257] ⏱️ Thời gian phản hồi: 105.85 ms
2026-05-12 01:01:39,364 | INFO     | [499364] ------------------------------------------
2026-05-12 01:01:39,364 | INFO     | [499364] 📥 NHẬN YÊU CẦU QUÉT KHUÔN MẶT MỚI
2026-05-12 01:01:39,367 | INFO     | [499364] Đã xử lý ảnh thành công. Kích thước tensor: (1, 48, 48, 1)
2026-05-12 01:01:39,439 | INFO     | [499364] 📊 Chi tiết dự đoán: {'ANGRY': 5.56, 'DISGUST': 0.18, 'FEAR': 5.97, 'HAPPY': 19.48, 'NEUTRAL': 18.86, 'SAD': 46.93, 'SURPRISE': 3.02}
2026-05-12 01:01:39,439 | INFO     | [499364] 🎯 KẾT QUẢ CHỐT: SAD (46.93%)
2026-05-12 01:01:39,439 | INFO     | [499364] ⏱️ Thời gian phản hồi: 74.75 ms
2026-05-12 01:01:39,440 | INFO     | [499440] ------------------------------------------
2026-05-12 01:01:39,440 | INFO     | [499440] 📥 NHẬN YÊU CẦU QUÉT KHUÔN MẶT MỚI
2026-05-12 01:01:39,442 | INFO     | [499440] Đã xử lý ảnh thành công. Kích thước tensor: (1, 48, 48, 1)
2026-05-12 01:01:39,521 | INFO     | [499440] 📊 Chi tiết dự đoán: {'ANGRY': 5.49, 'DISGUST': 0.2, 'FEAR': 6.77, 'HAPPY': 17.89, 'NEUTRAL': 16.28, 'SAD': 49.4, 'SURPRISE': 3.97}
2026-05-12 01:01:39,521 | INFO     | [499440] 🎯 KẾT QUẢ CHỐT: SAD (49.40%)
2026-05-12 01:01:39,521 | INFO     | [499440] ⏱️ Thời gian phản hồi: 80.56 ms
2026-05-12 01:01:39,525 | INFO     | [499525] ------------------------------------------
2026-05-12 01:01:39,525 | INFO     | [499525] 📥 NHẬN YÊU CẦU QUÉT KHUÔN MẶT MỚI
2026-05-12 01:01:39,525 | INFO     | [499525] Đã xử lý ảnh thành công. Kích thước tensor: (1, 48, 48, 1)
2026-05-12 01:01:39,607 | INFO     | [499525] 📊 Chi tiết dự đoán: {'ANGRY': 5.58, 'DISGUST': 0.15, 'FEAR': 5.87, 'HAPPY': 18.66, 'NEUTRAL': 19.07, 'SAD': 47.83, 'SURPRISE': 2.83}
2026-05-12 01:01:39,607 | INFO     | [499525] 🎯 KẾT QUẢ CHỐT: SAD (47.83%)
2026-05-12 01:01:39,607 | INFO     | [499525] ⏱️ Thời gian phản hồi: 80.65 ms
2026-05-12 01:01:39,609 | INFO     | [499609] ------------------------------------------
2026-05-12 01:01:39,609 | INFO     | [499609] 📥 NHẬN YÊU CẦU QUÉT KHUÔN MẶT MỚI
2026-05-12 01:01:39,609 | INFO     | [499609] Đã xử lý ảnh thành công. Kích thước tensor: (1, 48, 48, 1)
2026-05-12 01:01:39,677 | INFO     | [499609] 📊 Chi tiết dự đoán: {'ANGRY': 5.27, 'DISGUST': 0.13, 'FEAR': 5.84, 'HAPPY': 12.69, 'NEUTRAL': 18.58, 'SAD': 55.3, 'SURPRISE': 2.2}
2026-05-12 01:01:39,678 | INFO     | [499609] 🎯 KẾT QUẢ CHỐT: SAD (55.30%)
2026-05-12 01:01:39,678 | INFO     | [499609] ⏱️ Thời gian phản hồi: 67.92 ms
2026-05-12 01:01:39,680 | INFO     | [499680] ------------------------------------------
2026-05-12 01:01:39,680 | INFO     | [499680] 📥 NHẬN YÊU CẦU QUÉT KHUÔN MẶT MỚI
2026-05-12 01:01:39,681 | INFO     | [499680] Đã xử lý ảnh thành công. Kích thước tensor: (1, 48, 48, 1)
2026-05-12 01:01:39,752 | INFO     | [499680] 📊 Chi tiết dự đoán: {'ANGRY': 6.31, 'DISGUST': 0.18, 'FEAR': 6.25, 'HAPPY': 24.0, 'NEUTRAL': 15.69, 'SAD': 44.49, 'SURPRISE': 3.09}
2026-05-12 01:01:39,753 | INFO     | [499680] 🎯 KẾT QUẢ CHỐT: SAD (44.49%)
2026-05-12 01:01:39,753 | INFO     | [499680] ⏱️ Thời gian phản hồi: 71.8 ms
2026-05-12 01:01:39,755 | INFO     | [499755] ------------------------------------------
2026-05-12 01:01:39,755 | INFO     | [499755] 📥 NHẬN YÊU CẦU QUÉT KHUÔN MẶT MỚI
2026-05-12 01:01:39,755 | INFO     | [499755] Đã xử lý ảnh thành công. Kích thước tensor: (1, 48, 48, 1)
2026-05-12 01:01:39,836 | INFO     | [499755] 📊 Chi tiết dự đoán: {'ANGRY': 5.53, 'DISGUST': 0.15, 'FEAR': 5.99, 'HAPPY': 20.0, 'NEUTRAL': 18.17, 'SAD': 47.16, 'SURPRISE': 3.01}
2026-05-12 01:01:39,836 | INFO     | [499755] 🎯 KẾT QUẢ CHỐT: SAD (47.16%)
2026-05-12 01:01:39,836 | INFO     | [499755] ⏱️ Thời gian phản hồi: 78.65 ms
2026-05-12 01:01:39,838 | INFO     | [499838] ------------------------------------------
2026-05-12 01:01:39,838 | INFO     | [499838] 📥 NHẬN YÊU CẦU QUÉT KHUÔN MẶT MỚI
2026-05-12 01:01:39,838 | INFO     | [499838] Đã xử lý ảnh thành công. Kích thước tensor: (1, 48, 48, 1)
2026-05-12 01:01:39,914 | INFO     | [499838] 📊 Chi tiết dự đoán: {'ANGRY': 6.38, 'DISGUST': 0.19, 'FEAR': 7.1, 'HAPPY': 20.6, 'NEUTRAL': 15.65, 'SAD': 46.44, 'SURPRISE': 3.63}
2026-05-12 01:01:39,914 | INFO     | [499838] 🎯 KẾT QUẢ CHỐT: SAD (46.44%)
2026-05-12 01:01:39,914 | INFO     | [499838] ⏱️ Thời gian phản hồi: 75.65 ms
2026-05-12 01:01:39,917 | INFO     | [499917] ------------------------------------------
2026-05-12 01:01:39,918 | INFO     | [499917] 📥 NHẬN YÊU CẦU QUÉT KHUÔN MẶT MỚI
2026-05-12 01:01:39,918 | INFO     | [499917] Đã xử lý ảnh thành công. Kích thước tensor: (1, 48, 48, 1)
2026-05-12 01:01:40,000 | INFO     | [499917] 📊 Chi tiết dự đoán: {'ANGRY': 6.22, 'DISGUST': 0.19, 'FEAR': 6.51, 'HAPPY': 16.3, 'NEUTRAL': 16.98, 'SAD': 50.88, 'SURPRISE': 2.92}
2026-05-12 01:01:40,000 | INFO     | [499917] 🎯 KẾT QUẢ CHỐT: SAD (50.88%)
2026-05-12 01:01:40,000 | INFO     | [499917] ⏱️ Thời gian phản hồi: 81.73 ms
2026-05-12 01:01:40,001 | INFO     | [500001] ------------------------------------------
2026-05-12 01:01:40,002 | INFO     | [500001] 📥 NHẬN YÊU CẦU QUÉT KHUÔN MẶT MỚI
2026-05-12 01:01:40,002 | INFO     | [500001] Đã xử lý ảnh thành công. Kích thước tensor: (1, 48, 48, 1)
2026-05-12 01:01:40,080 | INFO     | [500001] 📊 Chi tiết dự đoán: {'ANGRY': 5.33, 'DISGUST': 0.16, 'FEAR': 6.16, 'HAPPY': 17.1, 'NEUTRAL': 17.31, 'SAD': 51.16, 'SURPRISE': 2.77}
2026-05-12 01:01:40,080 | INFO     | [500001] 🎯 KẾT QUẢ CHỐT: SAD (51.16%)
2026-05-12 01:01:40,081 | INFO     | [500001] ⏱️ Thời gian phản hồi: 79.56 ms
2026-05-12 01:01:40,086 | INFO     | [500086] ------------------------------------------
2026-05-12 01:01:40,086 | INFO     | [500086] 📥 NHẬN YÊU CẦU QUÉT KHUÔN MẶT MỚI
2026-05-12 01:01:40,086 | INFO     | [500086] Đã xử lý ảnh thành công. Kích thước tensor: (1, 48, 48, 1)
2026-05-12 01:01:40,168 | INFO     | [500086] 📊 Chi tiết dự đoán: {'ANGRY': 5.63, 'DISGUST': 0.18, 'FEAR': 6.84, 'HAPPY': 13.14, 'NEUTRAL': 18.22, 'SAD': 52.31, 'SURPRISE': 3.66}
2026-05-12 01:01:40,168 | INFO     | [500086] 🎯 KẾT QUẢ CHỐT: SAD (52.31%)
2026-05-12 01:01:40,168 | INFO     | [500086] ⏱️ Thời gian phản hồi: 82.34 ms
2026-05-12 01:01:40,171 | INFO     | [500171] ------------------------------------------
2026-05-12 01:01:40,171 | INFO     | [500171] 📥 NHẬN YÊU CẦU QUÉT KHUÔN MẶT MỚI
2026-05-12 01:01:40,172 | INFO     | [500171] Đã xử lý ảnh thành công. Kích thước tensor: (1, 48, 48, 1)
2026-05-12 01:01:40,243 | INFO     | [500171] 📊 Chi tiết dự đoán: {'ANGRY': 5.14, 'DISGUST': 0.19, 'FEAR': 6.33, 'HAPPY': 19.24, 'NEUTRAL': 15.98, 'SAD': 49.8, 'SURPRISE': 3.32}
2026-05-12 01:01:40,243 | INFO     | [500171] 🎯 KẾT QUẢ CHỐT: SAD (49.80%)
2026-05-12 01:01:40,243 | INFO     | [500171] ⏱️ Thời gian phản hồi: 71.13 ms
2026-05-12 01:01:40,246 | INFO     | [500246] ------------------------------------------
2026-05-12 01:01:40,247 | INFO     | [500246] 📥 NHẬN YÊU CẦU QUÉT KHUÔN MẶT MỚI
2026-05-12 01:01:40,247 | INFO     | [500246] Đã xử lý ảnh thành công. Kích thước tensor: (1, 48, 48, 1)
2026-05-12 01:01:40,324 | INFO     | [500246] 📊 Chi tiết dự đoán: {'ANGRY': 5.43, 'DISGUST': 0.13, 'FEAR': 6.75, 'HAPPY': 10.38, 'NEUTRAL': 20.66, 'SAD': 54.02, 'SURPRISE': 2.63}
2026-05-12 01:01:40,324 | INFO     | [500246] 🎯 KẾT QUẢ CHỐT: SAD (54.02%)
2026-05-12 01:01:40,324 | INFO     | [500246] ⏱️ Thời gian phản hồi: 78.76 ms
2026-05-12 01:01:40,326 | INFO     | [500326] ------------------------------------------
2026-05-12 01:01:40,326 | INFO     | [500326] 📥 NHẬN YÊU CẦU QUÉT KHUÔN MẶT MỚI
2026-05-12 01:01:40,328 | INFO     | [500326] Đã xử lý ảnh thành công. Kích thước tensor: (1, 48, 48, 1)
2026-05-12 01:01:40,401 | INFO     | [500326] 📊 Chi tiết dự đoán: {'ANGRY': 5.91, 'DISGUST': 0.13, 'FEAR': 6.55, 'HAPPY': 9.2, 'NEUTRAL': 19.51, 'SAD': 56.22, 'SURPRISE': 2.49}
2026-05-12 01:01:40,401 | INFO     | [500326] 🎯 KẾT QUẢ CHỐT: SAD (56.22%)
2026-05-12 01:01:40,401 | INFO     | [500326] ⏱️ Thời gian phản hồi: 74.8 ms
2026-05-12 01:01:40,403 | INFO     | [500403] ------------------------------------------
2026-05-12 01:01:40,403 | INFO     | [500403] 📥 NHẬN YÊU CẦU QUÉT KHUÔN MẶT MỚI
2026-05-12 01:01:40,404 | INFO     | [500403] Đã xử lý ảnh thành công. Kích thước tensor: (1, 48, 48, 1)
2026-05-12 01:01:40,482 | INFO     | [500403] 📊 Chi tiết dự đoán: {'ANGRY': 5.82, 'DISGUST': 0.15, 'FEAR': 6.34, 'HAPPY': 14.0, 'NEUTRAL': 22.36, 'SAD': 48.49, 'SURPRISE': 2.83}
2026-05-12 01:01:40,482 | INFO     | [500403] 🎯 KẾT QUẢ CHỐT: SAD (48.49%)
2026-05-12 01:01:40,482 | INFO     | [500403] ⏱️ Thời gian phản hồi: 79.26 ms
2026-05-12 01:01:40,488 | INFO     | [500488] ------------------------------------------
2026-05-12 01:01:40,489 | INFO     | [500488] 📥 NHẬN YÊU CẦU QUÉT KHUÔN MẶT MỚI
2026-05-12 01:01:40,490 | INFO     | [500488] Đã xử lý ảnh thành công. Kích thước tensor: (1, 48, 48, 1)
2026-05-12 01:01:40,600 | INFO     | [500488] 📊 Chi tiết dự đoán: {'ANGRY': 5.89, 'DISGUST': 0.17, 'FEAR': 6.13, 'HAPPY': 16.8, 'NEUTRAL': 25.19, 'SAD': 43.19, 'SURPRISE': 2.63}
2026-05-12 01:01:40,600 | INFO     | [500488] 🎯 KẾT QUẢ CHỐT: SAD (43.19%)
2026-05-12 01:01:40,600 | INFO     | [500488] ⏱️ Thời gian phản hồi: 111.83 ms
2026-05-12 01:01:40,601 | INFO     | [500601] ------------------------------------------
2026-05-12 01:01:40,603 | INFO     | [500601] 📥 NHẬN YÊU CẦU QUÉT KHUÔN MẶT MỚI
2026-05-12 01:01:40,603 | INFO     | [500601] Đã xử lý ảnh thành công. Kích thước tensor: (1, 48, 48, 1)
2026-05-12 01:01:40,676 | INFO     | [500601] 📊 Chi tiết dự đoán: {'ANGRY': 6.44, 'DISGUST': 0.21, 'FEAR': 6.19, 'HAPPY': 15.88, 'NEUTRAL': 21.86, 'SAD': 46.47, 'SURPRISE': 2.94}
2026-05-12 01:01:40,677 | INFO     | [500601] 🎯 KẾT QUẢ CHỐT: SAD (46.47%)
2026-05-12 01:01:40,677 | INFO     | [500601] ⏱️ Thời gian phản hồi: 75.01 ms
2026-05-12 01:01:40,679 | INFO     | [500679] ------------------------------------------
2026-05-12 01:01:40,679 | INFO     | [500679] 📥 NHẬN YÊU CẦU QUÉT KHUÔN MẶT MỚI
2026-05-12 01:01:40,679 | INFO     | [500679] Đã xử lý ảnh thành công. Kích thước tensor: (1, 48, 48, 1)
2026-05-12 01:01:40,755 | INFO     | [500679] 📊 Chi tiết dự đoán: {'ANGRY': 5.97, 'DISGUST': 0.19, 'FEAR': 5.77, 'HAPPY': 16.11, 'NEUTRAL': 25.0, 'SAD': 44.65, 'SURPRISE': 2.31}
2026-05-12 01:01:40,755 | INFO     | [500679] 🎯 KẾT QUẢ CHỐT: SAD (44.65%)
2026-05-12 01:01:40,757 | INFO     | [500679] ⏱️ Thời gian phản hồi: 76.08 ms
2026-05-12 01:01:40,759 | INFO     | [500759] ------------------------------------------
2026-05-12 01:01:40,759 | INFO     | [500759] 📥 NHẬN YÊU CẦU QUÉT KHUÔN MẶT MỚI
2026-05-12 01:01:40,759 | INFO     | [500759] Đã xử lý ảnh thành công. Kích thước tensor: (1, 48, 48, 1)
2026-05-12 01:01:40,850 | INFO     | [500759] 📊 Chi tiết dự đoán: {'ANGRY': 5.87, 'DISGUST': 0.18, 'FEAR': 6.55, 'HAPPY': 15.93, 'NEUTRAL': 23.28, 'SAD': 45.64, 'SURPRISE': 2.55}
2026-05-12 01:01:40,851 | INFO     | [500759] 🎯 KẾT QUẢ CHỐT: SAD (45.64%)
2026-05-12 01:01:40,851 | INFO     | [500759] ⏱️ Thời gian phản hồi: 91.3 ms
2026-05-12 01:01:40,853 | INFO     | [500853] ------------------------------------------
2026-05-12 01:01:40,853 | INFO     | [500853] 📥 NHẬN YÊU CẦU QUÉT KHUÔN MẶT MỚI
2026-05-12 01:01:40,854 | INFO     | [500853] Đã xử lý ảnh thành công. Kích thước tensor: (1, 48, 48, 1)
2026-05-12 01:01:40,933 | INFO     | [500853] 📊 Chi tiết dự đoán: {'ANGRY': 6.27, 'DISGUST': 0.19, 'FEAR': 5.85, 'HAPPY': 11.94, 'NEUTRAL': 24.06, 'SAD': 49.61, 'SURPRISE': 2.08}
2026-05-12 01:01:40,934 | INFO     | [500853] 🎯 KẾT QUẢ CHỐT: SAD (49.61%)
2026-05-12 01:01:40,934 | INFO     | [500853] ⏱️ Thời gian phản hồi: 80.57 ms
2026-05-12 01:01:40,936 | INFO     | [500936] ------------------------------------------
2026-05-12 01:01:40,936 | INFO     | [500936] 📥 NHẬN YÊU CẦU QUÉT KHUÔN MẶT MỚI
2026-05-12 01:01:40,937 | INFO     | [500936] Đã xử lý ảnh thành công. Kích thước tensor: (1, 48, 48, 1)
2026-05-12 01:01:41,010 | INFO     | [500936] 📊 Chi tiết dự đoán: {'ANGRY': 6.33, 'DISGUST': 0.17, 'FEAR': 6.26, 'HAPPY': 20.49, 'NEUTRAL': 22.27, 'SAD': 41.92, 'SURPRISE': 2.56}
2026-05-12 01:01:41,010 | INFO     | [500936] 🎯 KẾT QUẢ CHỐT: SAD (41.92%)
2026-05-12 01:01:41,010 | INFO     | [500936] ⏱️ Thời gian phản hồi: 73.91 ms
2026-05-12 01:01:41,012 | INFO     | [501012] ------------------------------------------
2026-05-12 01:01:41,012 | INFO     | [501012] 📥 NHẬN YÊU CẦU QUÉT KHUÔN MẶT MỚI
2026-05-12 01:01:41,012 | INFO     | [501012] Đã xử lý ảnh thành công. Kích thước tensor: (1, 48, 48, 1)
2026-05-12 01:01:41,078 | INFO     | [501012] 📊 Chi tiết dự đoán: {'ANGRY': 6.94, 'DISGUST': 0.21, 'FEAR': 6.12, 'HAPPY': 17.43, 'NEUTRAL': 23.49, 'SAD': 43.04, 'SURPRISE': 2.78}
2026-05-12 01:01:41,079 | INFO     | [501012] 🎯 KẾT QUẢ CHỐT: SAD (43.04%)
2026-05-12 01:01:41,079 | INFO     | [501012] ⏱️ Thời gian phản hồi: 65.89 ms
2026-05-12 01:01:41,082 | INFO     | [501082] ------------------------------------------
2026-05-12 01:01:41,082 | INFO     | [501082] 📥 NHẬN YÊU CẦU QUÉT KHUÔN MẶT MỚI
2026-05-12 01:01:41,083 | INFO     | [501082] Đã xử lý ảnh thành công. Kích thước tensor: (1, 48, 48, 1)
2026-05-12 01:01:41,161 | INFO     | [501082] 📊 Chi tiết dự đoán: {'ANGRY': 6.31, 'DISGUST': 0.2, 'FEAR': 6.5, 'HAPPY': 15.74, 'NEUTRAL': 21.91, 'SAD': 46.66, 'SURPRISE': 2.68}
2026-05-12 01:01:41,161 | INFO     | [501082] 🎯 KẾT QUẢ CHỐT: SAD (46.66%)
2026-05-12 01:01:41,163 | INFO     | [501082] ⏱️ Thời gian phản hồi: 79.66 ms
2026-05-12 01:01:41,164 | INFO     | [501164] ------------------------------------------
2026-05-12 01:01:41,164 | INFO     | [501164] 📥 NHẬN YÊU CẦU QUÉT KHUÔN MẶT MỚI
2026-05-12 01:01:41,165 | INFO     | [501164] Đã xử lý ảnh thành công. Kích thước tensor: (1, 48, 48, 1)
2026-05-12 01:01:41,244 | INFO     | [501164] 📊 Chi tiết dự đoán: {'ANGRY': 6.45, 'DISGUST': 0.2, 'FEAR': 5.45, 'HAPPY': 9.25, 'NEUTRAL': 27.37, 'SAD': 49.34, 'SURPRISE': 1.94}
2026-05-12 01:01:41,245 | INFO     | [501164] 🎯 KẾT QUẢ CHỐT: SAD (49.34%)
2026-05-12 01:01:41,245 | INFO     | [501164] ⏱️ Thời gian phản hồi: 79.95 ms
2026-05-12 01:01:41,246 | INFO     | [501246] ------------------------------------------
2026-05-12 01:01:41,246 | INFO     | [501246] 📥 NHẬN YÊU CẦU QUÉT KHUÔN MẶT MỚI
2026-05-12 01:01:41,247 | INFO     | [501246] Đã xử lý ảnh thành công. Kích thước tensor: (1, 48, 48, 1)
2026-05-12 01:01:41,319 | INFO     | [501246] 📊 Chi tiết dự đoán: {'ANGRY': 6.64, 'DISGUST': 0.23, 'FEAR': 6.63, 'HAPPY': 13.24, 'NEUTRAL': 24.4, 'SAD': 46.11, 'SURPRISE': 2.75}
2026-05-12 01:01:41,319 | INFO     | [501246] 🎯 KẾT QUẢ CHỐT: SAD (46.11%)
2026-05-12 01:01:41,319 | INFO     | [501246] ⏱️ Thời gian phản hồi: 72.77 ms
2026-05-12 01:01:41,322 | INFO     | [501322] ------------------------------------------
2026-05-12 01:01:41,322 | INFO     | [501322] 📥 NHẬN YÊU CẦU QUÉT KHUÔN MẶT MỚI
2026-05-12 01:01:41,323 | INFO     | [501322] Đã xử lý ảnh thành công. Kích thước tensor: (1, 48, 48, 1)
2026-05-12 01:01:41,400 | INFO     | [501322] 📊 Chi tiết dự đoán: {'ANGRY': 6.24, 'DISGUST': 0.21, 'FEAR': 6.48, 'HAPPY': 15.28, 'NEUTRAL': 23.51, 'SAD': 45.39, 'SURPRISE': 2.88}
2026-05-12 01:01:41,400 | INFO     | [501322] 🎯 KẾT QUẢ CHỐT: SAD (45.39%)
2026-05-12 01:01:41,400 | INFO     | [501322] ⏱️ Thời gian phản hồi: 77.94 ms
2026-05-12 01:01:41,402 | INFO     | [501402] ------------------------------------------
2026-05-12 01:01:41,402 | INFO     | [501402] 📥 NHẬN YÊU CẦU QUÉT KHUÔN MẶT MỚI
2026-05-12 01:01:41,403 | INFO     | [501402] Đã xử lý ảnh thành công. Kích thước tensor: (1, 48, 48, 1)
2026-05-12 01:01:41,473 | INFO     | [501402] 📊 Chi tiết dự đoán: {'ANGRY': 12.05, 'DISGUST': 0.18, 'FEAR': 8.0, 'HAPPY': 28.97, 'NEUTRAL': 13.98, 'SAD': 32.48, 'SURPRISE': 4.35}
2026-05-12 01:01:41,473 | INFO     | [501402] 🎯 KẾT QUẢ CHỐT: SAD (32.48%)
2026-05-12 01:01:41,473 | INFO     | [501402] ⏱️ Thời gian phản hồi: 70.08 ms
2026-05-12 01:01:41,475 | INFO     | [501475] ------------------------------------------
2026-05-12 01:01:41,475 | INFO     | [501475] 📥 NHẬN YÊU CẦU QUÉT KHUÔN MẶT MỚI
2026-05-12 01:01:41,477 | INFO     | [501475] Đã xử lý ảnh thành công. Kích thước tensor: (1, 48, 48, 1)
2026-05-12 01:01:41,584 | INFO     | [501475] 📊 Chi tiết dự đoán: {'ANGRY': 13.31, 'DISGUST': 0.16, 'FEAR': 8.98, 'HAPPY': 27.8, 'NEUTRAL': 13.18, 'SAD': 30.77, 'SURPRISE': 5.8}
2026-05-12 01:01:41,584 | INFO     | [501475] 🎯 KẾT QUẢ CHỐT: SAD (30.77%)
2026-05-12 01:01:41,584 | INFO     | [501475] ⏱️ Thời gian phản hồi: 106.87 ms
2026-05-12 01:01:41,587 | INFO     | [501587] ------------------------------------------
2026-05-12 01:01:41,587 | INFO     | [501587] 📥 NHẬN YÊU CẦU QUÉT KHUÔN MẶT MỚI
2026-05-12 01:01:41,588 | INFO     | [501587] Đã xử lý ảnh thành công. Kích thước tensor: (1, 48, 48, 1)
2026-05-12 01:01:41,672 | INFO     | [501587] 📊 Chi tiết dự đoán: {'ANGRY': 12.27, 'DISGUST': 0.16, 'FEAR': 7.91, 'HAPPY': 28.68, 'NEUTRAL': 13.56, 'SAD': 32.94, 'SURPRISE': 4.49}
2026-05-12 01:01:41,674 | INFO     | [501587] 🎯 KẾT QUẢ CHỐT: SAD (32.94%)
2026-05-12 01:01:41,674 | INFO     | [501587] ⏱️ Thời gian phản hồi: 85.29 ms
2026-05-12 01:01:41,677 | INFO     | [501677] ------------------------------------------
2026-05-12 01:01:41,680 | INFO     | [501677] 📥 NHẬN YÊU CẦU QUÉT KHUÔN MẶT MỚI
2026-05-12 01:01:41,681 | INFO     | [501677] Đã xử lý ảnh thành công. Kích thước tensor: (1, 48, 48, 1)
2026-05-12 01:01:41,792 | INFO     | [501677] 📊 Chi tiết dự đoán: {'ANGRY': 14.42, 'DISGUST': 0.18, 'FEAR': 8.81, 'HAPPY': 29.2, 'NEUTRAL': 12.38, 'SAD': 28.7, 'SURPRISE': 6.3}
2026-05-12 01:01:41,792 | INFO     | [501677] 🎯 KẾT QUẢ CHỐT: HAPPY (29.20%)
2026-05-12 01:01:41,792 | INFO     | [501677] ⏱️ Thời gian phản hồi: 115.04 ms
2026-05-12 01:01:41,830 | INFO     | [BATCH-501830] ==========================================
2026-05-12 01:01:41,830 | INFO     | [BATCH-501830] 🎞️ NHẬN CHUỖI 50 KHUNG HÌNH (BATCH)
2026-05-12 01:01:41,934 | INFO     | [BATCH-501830] ↳ Frame 1/50: SAD (47.5%)
2026-05-12 01:01:42,055 | INFO     | [BATCH-501830] ↳ Frame 2/50: SAD (50.5%)
2026-05-12 01:01:42,160 | INFO     | [BATCH-501830] ↳ Frame 3/50: SAD (50.6%)
2026-05-12 01:01:42,275 | INFO     | [BATCH-501830] ↳ Frame 4/50: SAD (51.0%)
2026-05-12 01:01:42,354 | INFO     | [BATCH-501830] ↳ Frame 5/50: SAD (46.2%)
2026-05-12 01:01:42,427 | INFO     | [BATCH-501830] ↳ Frame 6/50: SAD (47.3%)
2026-05-12 01:01:42,503 | INFO     | [BATCH-501830] ↳ Frame 7/50: SAD (40.3%)
2026-05-12 01:01:42,573 | INFO     | [BATCH-501830] ↳ Frame 8/50: HAPPY (34.5%)
2026-05-12 01:01:42,645 | INFO     | [BATCH-501830] ↳ Frame 9/50: HAPPY (34.5%)
2026-05-12 01:01:42,715 | INFO     | [BATCH-501830] ↳ Frame 10/50: HAPPY (39.7%)
2026-05-12 01:01:42,788 | INFO     | [BATCH-501830] ↳ Frame 11/50: HAPPY (35.6%)
2026-05-12 01:01:42,861 | INFO     | [BATCH-501830] ↳ Frame 12/50: HAPPY (36.4%)
2026-05-12 01:01:42,940 | INFO     | [BATCH-501830] ↳ Frame 13/50: HAPPY (35.2%)
2026-05-12 01:01:43,032 | INFO     | [BATCH-501830] ↳ Frame 14/50: HAPPY (36.0%)
2026-05-12 01:01:43,114 | INFO     | [BATCH-501830] ↳ Frame 15/50: HAPPY (34.8%)
2026-05-12 01:01:43,192 | INFO     | [BATCH-501830] ↳ Frame 16/50: SAD (32.2%)
2026-05-12 01:01:43,261 | INFO     | [BATCH-501830] ↳ Frame 17/50: SAD (42.7%)
2026-05-12 01:01:43,329 | INFO     | [BATCH-501830] ↳ Frame 18/50: SAD (53.1%)
2026-05-12 01:01:43,398 | INFO     | [BATCH-501830] ↳ Frame 19/50: SAD (48.3%)
2026-05-12 01:01:43,467 | INFO     | [BATCH-501830] ↳ Frame 20/50: SAD (51.4%)
2026-05-12 01:01:43,542 | INFO     | [BATCH-501830] ↳ Frame 21/50: SAD (46.9%)
2026-05-12 01:01:43,615 | INFO     | [BATCH-501830] ↳ Frame 22/50: SAD (48.3%)
2026-05-12 01:01:43,686 | INFO     | [BATCH-501830] ↳ Frame 23/50: SAD (49.4%)
2026-05-12 01:01:43,757 | INFO     | [BATCH-501830] ↳ Frame 24/50: SAD (55.3%)
2026-05-12 01:01:43,831 | INFO     | [BATCH-501830] ↳ Frame 25/50: SAD (47.8%)
2026-05-12 01:01:43,915 | INFO     | [BATCH-501830] ↳ Frame 26/50: SAD (47.2%)
2026-05-12 01:01:44,006 | INFO     | [BATCH-501830] ↳ Frame 27/50: SAD (44.5%)
2026-05-12 01:01:44,085 | INFO     | [BATCH-501830] ↳ Frame 28/50: SAD (46.4%)
2026-05-12 01:01:44,164 | INFO     | [BATCH-501830] ↳ Frame 29/50: SAD (51.2%)
2026-05-12 01:01:44,233 | INFO     | [BATCH-501830] ↳ Frame 30/50: SAD (50.9%)
2026-05-12 01:01:44,300 | INFO     | [BATCH-501830] ↳ Frame 31/50: SAD (49.8%)
2026-05-12 01:01:44,371 | INFO     | [BATCH-501830] ↳ Frame 32/50: SAD (52.3%)
2026-05-12 01:01:44,445 | INFO     | [BATCH-501830] ↳ Frame 33/50: SAD (54.0%)
2026-05-12 01:01:44,522 | INFO     | [BATCH-501830] ↳ Frame 34/50: SAD (56.2%)
2026-05-12 01:01:44,594 | INFO     | [BATCH-501830] ↳ Frame 35/50: SAD (48.5%)
2026-05-12 01:01:44,662 | INFO     | [BATCH-501830] ↳ Frame 36/50: SAD (46.5%)
2026-05-12 01:01:44,740 | INFO     | [BATCH-501830] ↳ Frame 37/50: SAD (43.2%)
2026-05-12 01:01:44,814 | INFO     | [BATCH-501830] ↳ Frame 38/50: SAD (44.6%)
2026-05-12 01:01:44,889 | INFO     | [BATCH-501830] ↳ Frame 39/50: SAD (49.6%)
2026-05-12 01:01:44,950 | INFO     | [BATCH-501830] ↳ Frame 40/50: SAD (45.6%)
2026-05-12 01:01:45,019 | INFO     | [BATCH-501830] ↳ Frame 41/50: SAD (43.0%)
2026-05-12 01:01:45,090 | INFO     | [BATCH-501830] ↳ Frame 42/50: SAD (41.9%)
2026-05-12 01:01:45,156 | INFO     | [BATCH-501830] ↳ Frame 43/50: SAD (46.7%)
2026-05-12 01:01:45,226 | INFO     | [BATCH-501830] ↳ Frame 44/50: SAD (49.3%)
2026-05-12 01:01:45,295 | INFO     | [BATCH-501830] ↳ Frame 45/50: SAD (46.1%)
2026-05-12 01:01:45,360 | INFO     | [BATCH-501830] ↳ Frame 46/50: SAD (45.4%)
2026-05-12 01:01:45,423 | INFO     | [BATCH-501830] ↳ Frame 47/50: SAD (32.5%)
2026-05-12 01:01:45,487 | INFO     | [BATCH-501830] ↳ Frame 48/50: SAD (30.8%)
2026-05-12 01:01:45,557 | INFO     | [BATCH-501830] ↳ Frame 49/50: SAD (32.9%)
2026-05-12 01:01:45,623 | INFO     | [BATCH-501830] ↳ Frame 50/50: HAPPY (29.2%)
2026-05-12 01:01:45,624 | INFO     | [BATCH-501830] 🎯 KẾT QUẢ CHUỖI: SAD (Tần suất: {'SAD': 41, 'HAPPY': 9})
2026-05-12 01:01:45,624 | INFO     | [BATCH-501830] ⏱️ Tổng thời gian xử lý: 3794.15 ms
2026-05-12 01:01:58,334 | INFO     | [518334] ------------------------------------------
2026-05-12 01:01:58,335 | INFO     | [518334] 📥 NHẬN YÊU CẦU QUÉT KHUÔN MẶT MỚI
2026-05-12 01:01:58,335 | INFO     | [518334] Đã xử lý ảnh thành công. Kích thước tensor: (1, 48, 48, 1)
2026-05-12 01:01:58,404 | INFO     | [518334] 📊 Chi tiết dự đoán: {'ANGRY': 9.27, 'DISGUST': 0.21, 'FEAR': 6.77, 'HAPPY': 27.51, 'NEUTRAL': 15.42, 'SAD': 36.82, 'SURPRISE': 4.0}
2026-05-12 01:01:58,405 | INFO     | [518334] 🎯 KẾT QUẢ CHỐT: SAD (36.82%)
2026-05-12 01:01:58,405 | INFO     | [518334] ⏱️ Thời gian phản hồi: 69.83 ms
2026-05-12 01:01:58,442 | INFO     | [518442] ------------------------------------------
2026-05-12 01:01:58,442 | INFO     | [518442] 📥 NHẬN YÊU CẦU QUÉT KHUÔN MẶT MỚI
2026-05-12 01:01:58,443 | INFO     | [518442] Đã xử lý ảnh thành công. Kích thước tensor: (1, 48, 48, 1)
2026-05-12 01:01:58,507 | INFO     | [518442] 📊 Chi tiết dự đoán: {'ANGRY': 9.1, 'DISGUST': 0.22, 'FEAR': 7.39, 'HAPPY': 23.67, 'NEUTRAL': 15.41, 'SAD': 39.72, 'SURPRISE': 4.48}
2026-05-12 01:01:58,508 | INFO     | [518442] 🎯 KẾT QUẢ CHỐT: SAD (39.72%)
2026-05-12 01:01:58,508 | INFO     | [518442] ⏱️ Thời gian phản hồi: 65.27 ms
2026-05-12 01:01:58,535 | INFO     | [518535] ------------------------------------------
2026-05-12 01:01:58,536 | INFO     | [518535] 📥 NHẬN YÊU CẦU QUÉT KHUÔN MẶT MỚI
2026-05-12 01:01:58,536 | INFO     | [518535] Đã xử lý ảnh thành công. Kích thước tensor: (1, 48, 48, 1)
2026-05-12 01:01:58,617 | INFO     | [518535] 📊 Chi tiết dự đoán: {'ANGRY': 8.71, 'DISGUST': 0.18, 'FEAR': 6.68, 'HAPPY': 26.98, 'NEUTRAL': 17.56, 'SAD': 35.81, 'SURPRISE': 4.07}
2026-05-12 01:01:58,617 | INFO     | [518535] 🎯 KẾT QUẢ CHỐT: SAD (35.81%)
2026-05-12 01:01:58,617 | INFO     | [518535] ⏱️ Thời gian phản hồi: 82.28 ms
2026-05-12 01:01:58,642 | INFO     | [518642] ------------------------------------------
2026-05-12 01:01:58,642 | INFO     | [518642] 📥 NHẬN YÊU CẦU QUÉT KHUÔN MẶT MỚI
2026-05-12 01:01:58,643 | INFO     | [518642] Đã xử lý ảnh thành công. Kích thước tensor: (1, 48, 48, 1)
2026-05-12 01:01:58,714 | INFO     | [518642] 📊 Chi tiết dự đoán: {'ANGRY': 9.73, 'DISGUST': 0.2, 'FEAR': 7.59, 'HAPPY': 30.21, 'NEUTRAL': 15.7, 'SAD': 31.94, 'SURPRISE': 4.63}
2026-05-12 01:01:58,715 | INFO     | [518642] 🎯 KẾT QUẢ CHỐT: SAD (31.94%)
2026-05-12 01:01:58,715 | INFO     | [518642] ⏱️ Thời gian phản hồi: 72.19 ms
2026-05-12 01:01:58,988 | INFO     | [518988] ------------------------------------------
2026-05-12 01:01:58,988 | INFO     | [518988] 📥 NHẬN YÊU CẦU QUÉT KHUÔN MẶT MỚI
2026-05-12 01:01:58,988 | INFO     | [518988] Đã xử lý ảnh thành công. Kích thước tensor: (1, 48, 48, 1)
2026-05-12 01:01:59,059 | INFO     | [518988] 📊 Chi tiết dự đoán: {'ANGRY': 11.5, 'DISGUST': 0.15, 'FEAR': 9.42, 'HAPPY': 28.44, 'NEUTRAL': 15.92, 'SAD': 29.36, 'SURPRISE': 5.2}
2026-05-12 01:01:59,059 | INFO     | [518988] 🎯 KẾT QUẢ CHỐT: SAD (29.36%)
2026-05-12 01:01:59,060 | INFO     | [518988] ⏱️ Thời gian phản hồi: 70.34 ms
2026-05-12 01:01:59,061 | INFO     | [519061] ------------------------------------------
2026-05-12 01:01:59,061 | INFO     | [519061] 📥 NHẬN YÊU CẦU QUÉT KHUÔN MẶT MỚI
2026-05-12 01:01:59,062 | INFO     | [519061] Đã xử lý ảnh thành công. Kích thước tensor: (1, 48, 48, 1)
2026-05-12 01:01:59,140 | INFO     | [519061] 📊 Chi tiết dự đoán: {'ANGRY': 12.41, 'DISGUST': 0.18, 'FEAR': 9.05, 'HAPPY': 32.5, 'NEUTRAL': 13.52, 'SAD': 26.76, 'SURPRISE': 5.58}
2026-05-12 01:01:59,140 | INFO     | [519061] 🎯 KẾT QUẢ CHỐT: HAPPY (32.50%)
2026-05-12 01:01:59,140 | INFO     | [519061] ⏱️ Thời gian phản hồi: 79.04 ms
2026-05-12 01:01:59,144 | INFO     | [519144] ------------------------------------------
2026-05-12 01:01:59,144 | INFO     | [519144] 📥 NHẬN YÊU CẦU QUÉT KHUÔN MẶT MỚI
2026-05-12 01:01:59,145 | INFO     | [519144] Đã xử lý ảnh thành công. Kích thước tensor: (1, 48, 48, 1)
2026-05-12 01:01:59,221 | INFO     | [519144] 📊 Chi tiết dự đoán: {'ANGRY': 11.84, 'DISGUST': 0.13, 'FEAR': 8.95, 'HAPPY': 35.09, 'NEUTRAL': 13.78, 'SAD': 24.31, 'SURPRISE': 5.9}
2026-05-12 01:01:59,221 | INFO     | [519144] 🎯 KẾT QUẢ CHỐT: HAPPY (35.09%)
2026-05-12 01:01:59,221 | INFO     | [519144] ⏱️ Thời gian phản hồi: 77.04 ms
2026-05-12 01:01:59,258 | INFO     | [519258] ------------------------------------------
2026-05-12 01:01:59,261 | INFO     | [519258] 📥 NHẬN YÊU CẦU QUÉT KHUÔN MẶT MỚI
2026-05-12 01:01:59,263 | INFO     | [519258] Đã xử lý ảnh thành công. Kích thước tensor: (1, 48, 48, 1)
2026-05-12 01:01:59,363 | INFO     | [519258] 📊 Chi tiết dự đoán: {'ANGRY': 12.75, 'DISGUST': 0.09, 'FEAR': 8.57, 'HAPPY': 37.4, 'NEUTRAL': 14.68, 'SAD': 21.74, 'SURPRISE': 4.76}
2026-05-12 01:01:59,363 | INFO     | [519258] 🎯 KẾT QUẢ CHỐT: HAPPY (37.40%)
2026-05-12 01:01:59,365 | INFO     | [519258] ⏱️ Thời gian phản hồi: 104.98 ms
2026-05-12 01:01:59,366 | INFO     | [519366] ------------------------------------------
2026-05-12 01:01:59,366 | INFO     | [519366] 📥 NHẬN YÊU CẦU QUÉT KHUÔN MẶT MỚI
2026-05-12 01:01:59,367 | INFO     | [519366] Đã xử lý ảnh thành công. Kích thước tensor: (1, 48, 48, 1)
2026-05-12 01:01:59,433 | INFO     | [519366] 📊 Chi tiết dự đoán: {'ANGRY': 13.77, 'DISGUST': 0.1, 'FEAR': 9.01, 'HAPPY': 37.23, 'NEUTRAL': 13.56, 'SAD': 21.88, 'SURPRISE': 4.44}
2026-05-12 01:01:59,433 | INFO     | [519366] 🎯 KẾT QUẢ CHỐT: HAPPY (37.23%)
2026-05-12 01:01:59,433 | INFO     | [519366] ⏱️ Thời gian phản hồi: 67.01 ms
2026-05-12 01:01:59,441 | INFO     | [519441] ------------------------------------------
2026-05-12 01:01:59,441 | INFO     | [519441] 📥 NHẬN YÊU CẦU QUÉT KHUÔN MẶT MỚI
2026-05-12 01:01:59,441 | INFO     | [519441] Đã xử lý ảnh thành công. Kích thước tensor: (1, 48, 48, 1)
2026-05-12 01:01:59,514 | INFO     | [519441] 📊 Chi tiết dự đoán: {'ANGRY': 11.53, 'DISGUST': 0.09, 'FEAR': 8.25, 'HAPPY': 42.04, 'NEUTRAL': 12.52, 'SAD': 20.97, 'SURPRISE': 4.6}
2026-05-12 01:01:59,514 | INFO     | [519441] 🎯 KẾT QUẢ CHỐT: HAPPY (42.04%)
2026-05-12 01:01:59,514 | INFO     | [519441] ⏱️ Thời gian phản hồi: 72.58 ms
2026-05-12 01:01:59,547 | INFO     | [519547] ------------------------------------------
2026-05-12 01:01:59,547 | INFO     | [519547] 📥 NHẬN YÊU CẦU QUÉT KHUÔN MẶT MỚI
2026-05-12 01:01:59,549 | INFO     | [519547] Đã xử lý ảnh thành công. Kích thước tensor: (1, 48, 48, 1)
2026-05-12 01:01:59,612 | INFO     | [519547] 📊 Chi tiết dự đoán: {'ANGRY': 12.86, 'DISGUST': 0.11, 'FEAR': 8.48, 'HAPPY': 41.65, 'NEUTRAL': 12.59, 'SAD': 19.25, 'SURPRISE': 5.06}
2026-05-12 01:01:59,612 | INFO     | [519547] 🎯 KẾT QUẢ CHỐT: HAPPY (41.65%)
2026-05-12 01:01:59,612 | INFO     | [519547] ⏱️ Thời gian phản hồi: 63.87 ms
2026-05-12 01:01:59,643 | INFO     | [519643] ------------------------------------------
2026-05-12 01:01:59,643 | INFO     | [519643] 📥 NHẬN YÊU CẦU QUÉT KHUÔN MẶT MỚI
2026-05-12 01:01:59,644 | INFO     | [519643] Đã xử lý ảnh thành công. Kích thước tensor: (1, 48, 48, 1)
2026-05-12 01:01:59,719 | INFO     | [519643] 📊 Chi tiết dự đoán: {'ANGRY': 12.51, 'DISGUST': 0.13, 'FEAR': 8.33, 'HAPPY': 43.61, 'NEUTRAL': 11.04, 'SAD': 19.55, 'SURPRISE': 4.83}
2026-05-12 01:01:59,719 | INFO     | [519643] 🎯 KẾT QUẢ CHỐT: HAPPY (43.61%)
2026-05-12 01:01:59,719 | INFO     | [519643] ⏱️ Thời gian phản hồi: 75.45 ms
2026-05-12 01:01:59,752 | INFO     | [519752] ------------------------------------------
2026-05-12 01:01:59,752 | INFO     | [519752] 📥 NHẬN YÊU CẦU QUÉT KHUÔN MẶT MỚI
2026-05-12 01:01:59,754 | INFO     | [519752] Đã xử lý ảnh thành công. Kích thước tensor: (1, 48, 48, 1)
2026-05-12 01:01:59,831 | INFO     | [519752] 📊 Chi tiết dự đoán: {'ANGRY': 11.77, 'DISGUST': 0.1, 'FEAR': 8.76, 'HAPPY': 43.0, 'NEUTRAL': 11.7, 'SAD': 19.89, 'SURPRISE': 4.77}
2026-05-12 01:01:59,831 | INFO     | [519752] 🎯 KẾT QUẢ CHỐT: HAPPY (43.00%)
2026-05-12 01:01:59,833 | INFO     | [519752] ⏱️ Thời gian phản hồi: 78.88 ms
2026-05-12 01:01:59,835 | INFO     | [519835] ------------------------------------------
2026-05-12 01:01:59,835 | INFO     | [519835] 📥 NHẬN YÊU CẦU QUÉT KHUÔN MẶT MỚI
2026-05-12 01:01:59,836 | INFO     | [519835] Đã xử lý ảnh thành công. Kích thước tensor: (1, 48, 48, 1)
2026-05-12 01:01:59,907 | INFO     | [519835] 📊 Chi tiết dự đoán: {'ANGRY': 12.66, 'DISGUST': 0.1, 'FEAR': 9.23, 'HAPPY': 44.55, 'NEUTRAL': 11.22, 'SAD': 17.11, 'SURPRISE': 5.12}
2026-05-12 01:01:59,907 | INFO     | [519835] 🎯 KẾT QUẢ CHỐT: HAPPY (44.55%)
2026-05-12 01:01:59,907 | INFO     | [519835] ⏱️ Thời gian phản hồi: 71.9 ms
2026-05-12 01:01:59,940 | INFO     | [519940] ------------------------------------------
2026-05-12 01:01:59,940 | INFO     | [519940] 📥 NHẬN YÊU CẦU QUÉT KHUÔN MẶT MỚI
2026-05-12 01:01:59,940 | INFO     | [519940] Đã xử lý ảnh thành công. Kích thước tensor: (1, 48, 48, 1)
2026-05-12 01:02:00,005 | INFO     | [519940] 📊 Chi tiết dự đoán: {'ANGRY': 13.22, 'DISGUST': 0.15, 'FEAR': 8.07, 'HAPPY': 44.14, 'NEUTRAL': 11.59, 'SAD': 18.07, 'SURPRISE': 4.78}
2026-05-12 01:02:00,005 | INFO     | [519940] 🎯 KẾT QUẢ CHỐT: HAPPY (44.14%)
2026-05-12 01:02:00,005 | INFO     | [519940] ⏱️ Thời gian phản hồi: 64.76 ms
2026-05-12 01:02:00,047 | INFO     | [520047] ------------------------------------------
2026-05-12 01:02:00,048 | INFO     | [520047] 📥 NHẬN YÊU CẦU QUÉT KHUÔN MẶT MỚI
2026-05-12 01:02:00,048 | INFO     | [520047] Đã xử lý ảnh thành công. Kích thước tensor: (1, 48, 48, 1)
2026-05-12 01:02:00,117 | INFO     | [520047] 📊 Chi tiết dự đoán: {'ANGRY': 13.1, 'DISGUST': 0.12, 'FEAR': 8.76, 'HAPPY': 41.78, 'NEUTRAL': 11.86, 'SAD': 19.64, 'SURPRISE': 4.75}
2026-05-12 01:02:00,117 | INFO     | [520047] 🎯 KẾT QUẢ CHỐT: HAPPY (41.78%)
2026-05-12 01:02:00,117 | INFO     | [520047] ⏱️ Thời gian phản hồi: 69.94 ms
2026-05-12 01:02:00,141 | INFO     | [520141] ------------------------------------------
2026-05-12 01:02:00,141 | INFO     | [520141] 📥 NHẬN YÊU CẦU QUÉT KHUÔN MẶT MỚI
2026-05-12 01:02:00,142 | INFO     | [520141] Đã xử lý ảnh thành công. Kích thước tensor: (1, 48, 48, 1)
2026-05-12 01:02:00,209 | INFO     | [520141] 📊 Chi tiết dự đoán: {'ANGRY': 14.13, 'DISGUST': 0.12, 'FEAR': 6.21, 'HAPPY': 45.11, 'NEUTRAL': 11.97, 'SAD': 18.07, 'SURPRISE': 4.39}
2026-05-12 01:02:00,209 | INFO     | [520141] 🎯 KẾT QUẢ CHỐT: HAPPY (45.11%)
2026-05-12 01:02:00,211 | INFO     | [520141] ⏱️ Thời gian phản hồi: 68.03 ms
2026-05-12 01:02:00,249 | INFO     | [520249] ------------------------------------------
2026-05-12 01:02:00,249 | INFO     | [520249] 📥 NHẬN YÊU CẦU QUÉT KHUÔN MẶT MỚI
2026-05-12 01:02:00,250 | INFO     | [520249] Đã xử lý ảnh thành công. Kích thước tensor: (1, 48, 48, 1)
2026-05-12 01:02:00,316 | INFO     | [520249] 📊 Chi tiết dự đoán: {'ANGRY': 11.39, 'DISGUST': 0.1, 'FEAR': 8.75, 'HAPPY': 43.46, 'NEUTRAL': 12.56, 'SAD': 18.01, 'SURPRISE': 5.72}
2026-05-12 01:02:00,316 | INFO     | [520249] 🎯 KẾT QUẢ CHỐT: HAPPY (43.46%)
2026-05-12 01:02:00,318 | INFO     | [520249] ⏱️ Thời gian phản hồi: 66.9 ms
2026-05-12 01:02:00,341 | INFO     | [520341] ------------------------------------------
2026-05-12 01:02:00,343 | INFO     | [520341] 📥 NHẬN YÊU CẦU QUÉT KHUÔN MẶT MỚI
2026-05-12 01:02:00,343 | INFO     | [520341] Đã xử lý ảnh thành công. Kích thước tensor: (1, 48, 48, 1)
2026-05-12 01:02:00,411 | INFO     | [520341] 📊 Chi tiết dự đoán: {'ANGRY': 14.1, 'DISGUST': 0.1, 'FEAR': 5.61, 'HAPPY': 49.1, 'NEUTRAL': 11.6, 'SAD': 15.46, 'SURPRISE': 4.03}
2026-05-12 01:02:00,411 | INFO     | [520341] 🎯 KẾT QUẢ CHỐT: HAPPY (49.10%)
2026-05-12 01:02:00,413 | INFO     | [520341] ⏱️ Thời gian phản hồi: 70.17 ms
2026-05-12 01:02:00,435 | INFO     | [520435] ------------------------------------------
2026-05-12 01:02:00,435 | INFO     | [520435] 📥 NHẬN YÊU CẦU QUÉT KHUÔN MẶT MỚI
2026-05-12 01:02:00,437 | INFO     | [520435] Đã xử lý ảnh thành công. Kích thước tensor: (1, 48, 48, 1)
2026-05-12 01:02:00,511 | INFO     | [520435] 📊 Chi tiết dự đoán: {'ANGRY': 13.97, 'DISGUST': 0.1, 'FEAR': 6.73, 'HAPPY': 44.57, 'NEUTRAL': 13.08, 'SAD': 16.46, 'SURPRISE': 5.08}
2026-05-12 01:02:00,511 | INFO     | [520435] 🎯 KẾT QUẢ CHỐT: HAPPY (44.57%)
2026-05-12 01:02:00,511 | INFO     | [520435] ⏱️ Thời gian phản hồi: 76.27 ms
2026-05-12 01:02:00,545 | INFO     | [520545] ------------------------------------------
2026-05-12 01:02:00,545 | INFO     | [520545] 📥 NHẬN YÊU CẦU QUÉT KHUÔN MẶT MỚI
2026-05-12 01:02:00,546 | INFO     | [520545] Đã xử lý ảnh thành công. Kích thước tensor: (1, 48, 48, 1)
2026-05-12 01:02:00,613 | INFO     | [520545] 📊 Chi tiết dự đoán: {'ANGRY': 13.2, 'DISGUST': 0.1, 'FEAR': 6.61, 'HAPPY': 44.51, 'NEUTRAL': 13.16, 'SAD': 17.64, 'SURPRISE': 4.79}
2026-05-12 01:02:00,614 | INFO     | [520545] 🎯 KẾT QUẢ CHỐT: HAPPY (44.51%)
2026-05-12 01:02:00,614 | INFO     | [520545] ⏱️ Thời gian phản hồi: 67.95 ms
2026-05-12 01:02:00,638 | INFO     | [520638] ------------------------------------------
2026-05-12 01:02:00,638 | INFO     | [520638] 📥 NHẬN YÊU CẦU QUÉT KHUÔN MẶT MỚI
2026-05-12 01:02:00,639 | INFO     | [520638] Đã xử lý ảnh thành công. Kích thước tensor: (1, 48, 48, 1)
2026-05-12 01:02:00,714 | INFO     | [520638] 📊 Chi tiết dự đoán: {'ANGRY': 11.86, 'DISGUST': 0.1, 'FEAR': 7.39, 'HAPPY': 43.47, 'NEUTRAL': 13.16, 'SAD': 19.01, 'SURPRISE': 5.01}
2026-05-12 01:02:00,715 | INFO     | [520638] 🎯 KẾT QUẢ CHỐT: HAPPY (43.47%)
2026-05-12 01:02:00,715 | INFO     | [520638] ⏱️ Thời gian phản hồi: 76.25 ms
2026-05-12 01:02:00,732 | INFO     | [520732] ------------------------------------------
2026-05-12 01:02:00,732 | INFO     | [520732] 📥 NHẬN YÊU CẦU QUÉT KHUÔN MẶT MỚI
2026-05-12 01:02:00,733 | INFO     | [520732] Đã xử lý ảnh thành công. Kích thước tensor: (1, 48, 48, 1)
2026-05-12 01:02:00,796 | INFO     | [520732] 📊 Chi tiết dự đoán: {'ANGRY': 13.4, 'DISGUST': 0.14, 'FEAR': 8.83, 'HAPPY': 39.05, 'NEUTRAL': 12.45, 'SAD': 19.32, 'SURPRISE': 6.8}
2026-05-12 01:02:00,797 | INFO     | [520732] 🎯 KẾT QUẢ CHỐT: HAPPY (39.05%)
2026-05-12 01:02:00,797 | INFO     | [520732] ⏱️ Thời gian phản hồi: 63.93 ms
2026-05-12 01:02:00,839 | INFO     | [520839] ------------------------------------------
2026-05-12 01:02:00,841 | INFO     | [520839] 📥 NHẬN YÊU CẦU QUÉT KHUÔN MẶT MỚI
2026-05-12 01:02:00,841 | INFO     | [520839] Đã xử lý ảnh thành công. Kích thước tensor: (1, 48, 48, 1)
2026-05-12 01:02:00,905 | INFO     | [520839] 📊 Chi tiết dự đoán: {'ANGRY': 13.32, 'DISGUST': 0.14, 'FEAR': 10.49, 'HAPPY': 36.17, 'NEUTRAL': 12.7, 'SAD': 21.06, 'SURPRISE': 6.11}
2026-05-12 01:02:00,906 | INFO     | [520839] 🎯 KẾT QUẢ CHỐT: HAPPY (36.17%)
2026-05-12 01:02:00,906 | INFO     | [520839] ⏱️ Thời gian phản hồi: 65.87 ms
2026-05-12 01:02:00,935 | INFO     | [520935] ------------------------------------------
2026-05-12 01:02:00,936 | INFO     | [520935] 📥 NHẬN YÊU CẦU QUÉT KHUÔN MẶT MỚI
2026-05-12 01:02:00,936 | INFO     | [520935] Đã xử lý ảnh thành công. Kích thước tensor: (1, 48, 48, 1)
2026-05-12 01:02:01,009 | INFO     | [520935] 📊 Chi tiết dự đoán: {'ANGRY': 12.3, 'DISGUST': 0.14, 'FEAR': 9.8, 'HAPPY': 37.42, 'NEUTRAL': 13.08, 'SAD': 20.96, 'SURPRISE': 6.3}
2026-05-12 01:02:01,009 | INFO     | [520935] 🎯 KẾT QUẢ CHỐT: HAPPY (37.42%)
2026-05-12 01:02:01,009 | INFO     | [520935] ⏱️ Thời gian phản hồi: 74.26 ms
2026-05-12 01:02:01,029 | INFO     | [521029] ------------------------------------------
2026-05-12 01:02:01,029 | INFO     | [521029] 📥 NHẬN YÊU CẦU QUÉT KHUÔN MẶT MỚI
2026-05-12 01:02:01,030 | INFO     | [521029] Đã xử lý ảnh thành công. Kích thước tensor: (1, 48, 48, 1)
2026-05-12 01:02:01,096 | INFO     | [521029] 📊 Chi tiết dự đoán: {'ANGRY': 11.83, 'DISGUST': 0.13, 'FEAR': 9.52, 'HAPPY': 37.36, 'NEUTRAL': 13.78, 'SAD': 21.93, 'SURPRISE': 5.45}
2026-05-12 01:02:01,096 | INFO     | [521029] 🎯 KẾT QUẢ CHỐT: HAPPY (37.36%)
2026-05-12 01:02:01,097 | INFO     | [521029] ⏱️ Thời gian phản hồi: 67.6 ms
2026-05-12 01:02:01,136 | INFO     | [521136] ------------------------------------------
2026-05-12 01:02:01,136 | INFO     | [521136] 📥 NHẬN YÊU CẦU QUÉT KHUÔN MẶT MỚI
2026-05-12 01:02:01,137 | INFO     | [521136] Đã xử lý ảnh thành công. Kích thước tensor: (1, 48, 48, 1)
2026-05-12 01:02:01,206 | INFO     | [521136] 📊 Chi tiết dự đoán: {'ANGRY': 12.4, 'DISGUST': 0.12, 'FEAR': 9.28, 'HAPPY': 35.06, 'NEUTRAL': 14.62, 'SAD': 23.17, 'SURPRISE': 5.34}
2026-05-12 01:02:01,206 | INFO     | [521136] 🎯 KẾT QUẢ CHỐT: HAPPY (35.06%)
2026-05-12 01:02:01,206 | INFO     | [521136] ⏱️ Thời gian phản hồi: 70.65 ms
2026-05-12 01:02:01,246 | INFO     | [521246] ------------------------------------------
2026-05-12 01:02:01,246 | INFO     | [521246] 📥 NHẬN YÊU CẦU QUÉT KHUÔN MẶT MỚI
2026-05-12 01:02:01,246 | INFO     | [521246] Đã xử lý ảnh thành công. Kích thước tensor: (1, 48, 48, 1)
2026-05-12 01:02:01,313 | INFO     | [521246] 📊 Chi tiết dự đoán: {'ANGRY': 13.03, 'DISGUST': 0.13, 'FEAR': 8.44, 'HAPPY': 38.44, 'NEUTRAL': 12.89, 'SAD': 22.16, 'SURPRISE': 4.92}
2026-05-12 01:02:01,313 | INFO     | [521246] 🎯 KẾT QUẢ CHỐT: HAPPY (38.44%)
2026-05-12 01:02:01,313 | INFO     | [521246] ⏱️ Thời gian phản hồi: 67.13 ms
2026-05-12 01:02:01,339 | INFO     | [521339] ------------------------------------------
2026-05-12 01:02:01,339 | INFO     | [521339] 📥 NHẬN YÊU CẦU QUÉT KHUÔN MẶT MỚI
2026-05-12 01:02:01,339 | INFO     | [521339] Đã xử lý ảnh thành công. Kích thước tensor: (1, 48, 48, 1)
2026-05-12 01:02:01,400 | INFO     | [521339] 📊 Chi tiết dự đoán: {'ANGRY': 12.75, 'DISGUST': 0.12, 'FEAR': 9.54, 'HAPPY': 38.08, 'NEUTRAL': 13.88, 'SAD': 20.24, 'SURPRISE': 5.39}
2026-05-12 01:02:01,400 | INFO     | [521339] 🎯 KẾT QUẢ CHỐT: HAPPY (38.08%)
2026-05-12 01:02:01,400 | INFO     | [521339] ⏱️ Thời gian phản hồi: 60.21 ms
2026-05-12 01:02:01,447 | INFO     | [521447] ------------------------------------------
2026-05-12 01:02:01,447 | INFO     | [521447] 📥 NHẬN YÊU CẦU QUÉT KHUÔN MẶT MỚI
2026-05-12 01:02:01,448 | INFO     | [521447] Đã xử lý ảnh thành công. Kích thước tensor: (1, 48, 48, 1)
2026-05-12 01:02:01,513 | INFO     | [521447] 📊 Chi tiết dự đoán: {'ANGRY': 14.53, 'DISGUST': 0.14, 'FEAR': 9.53, 'HAPPY': 36.25, 'NEUTRAL': 12.9, 'SAD': 21.22, 'SURPRISE': 5.43}
2026-05-12 01:02:01,513 | INFO     | [521447] 🎯 KẾT QUẢ CHỐT: HAPPY (36.25%)
2026-05-12 01:02:01,513 | INFO     | [521447] ⏱️ Thời gian phản hồi: 65.64 ms
2026-05-12 01:02:01,539 | INFO     | [521539] ------------------------------------------
2026-05-12 01:02:01,540 | INFO     | [521539] 📥 NHẬN YÊU CẦU QUÉT KHUÔN MẶT MỚI
2026-05-12 01:02:01,540 | INFO     | [521539] Đã xử lý ảnh thành công. Kích thước tensor: (1, 48, 48, 1)
2026-05-12 01:02:01,616 | INFO     | [521539] 📊 Chi tiết dự đoán: {'ANGRY': 12.82, 'DISGUST': 0.14, 'FEAR': 8.84, 'HAPPY': 34.31, 'NEUTRAL': 14.67, 'SAD': 24.12, 'SURPRISE': 5.1}
2026-05-12 01:02:01,616 | INFO     | [521539] 🎯 KẾT QUẢ CHỐT: HAPPY (34.31%)
2026-05-12 01:02:01,616 | INFO     | [521539] ⏱️ Thời gian phản hồi: 77.24 ms
2026-05-12 01:02:01,633 | INFO     | [521633] ------------------------------------------
2026-05-12 01:02:01,633 | INFO     | [521633] 📥 NHẬN YÊU CẦU QUÉT KHUÔN MẶT MỚI
2026-05-12 01:02:01,633 | INFO     | [521633] Đã xử lý ảnh thành công. Kích thước tensor: (1, 48, 48, 1)
2026-05-12 01:02:01,702 | INFO     | [521633] 📊 Chi tiết dự đoán: {'ANGRY': 9.62, 'DISGUST': 0.16, 'FEAR': 8.7, 'HAPPY': 28.79, 'NEUTRAL': 16.91, 'SAD': 30.61, 'SURPRISE': 5.21}
2026-05-12 01:02:01,704 | INFO     | [521633] 🎯 KẾT QUẢ CHỐT: SAD (30.61%)
2026-05-12 01:02:01,704 | INFO     | [521633] ⏱️ Thời gian phản hồi: 69.48 ms
2026-05-12 01:02:01,741 | INFO     | [521741] ------------------------------------------
2026-05-12 01:02:01,741 | INFO     | [521741] 📥 NHẬN YÊU CẦU QUÉT KHUÔN MẶT MỚI
2026-05-12 01:02:01,743 | INFO     | [521741] Đã xử lý ảnh thành công. Kích thước tensor: (1, 48, 48, 1)
2026-05-12 01:02:01,810 | INFO     | [521741] 📊 Chi tiết dự đoán: {'ANGRY': 8.53, 'DISGUST': 0.13, 'FEAR': 7.52, 'HAPPY': 35.61, 'NEUTRAL': 13.84, 'SAD': 30.56, 'SURPRISE': 3.81}
2026-05-12 01:02:01,810 | INFO     | [521741] 🎯 KẾT QUẢ CHỐT: HAPPY (35.61%)
2026-05-12 01:02:01,810 | INFO     | [521741] ⏱️ Thời gian phản hồi: 68.08 ms
2026-05-12 01:02:01,835 | INFO     | [521835] ------------------------------------------
2026-05-12 01:02:01,835 | INFO     | [521835] 📥 NHẬN YÊU CẦU QUÉT KHUÔN MẶT MỚI
2026-05-12 01:02:01,836 | INFO     | [521835] Đã xử lý ảnh thành công. Kích thước tensor: (1, 48, 48, 1)
2026-05-12 01:02:01,903 | INFO     | [521835] 📊 Chi tiết dự đoán: {'ANGRY': 7.62, 'DISGUST': 0.21, 'FEAR': 7.53, 'HAPPY': 20.18, 'NEUTRAL': 16.36, 'SAD': 43.83, 'SURPRISE': 4.28}
2026-05-12 01:02:01,903 | INFO     | [521835] 🎯 KẾT QUẢ CHỐT: SAD (43.83%)
2026-05-12 01:02:01,903 | INFO     | [521835] ⏱️ Thời gian phản hồi: 68.32 ms
2026-05-12 01:02:01,927 | INFO     | [521927] ------------------------------------------
2026-05-12 01:02:01,929 | INFO     | [521927] 📥 NHẬN YÊU CẦU QUÉT KHUÔN MẶT MỚI
2026-05-12 01:02:01,929 | INFO     | [521927] Đã xử lý ảnh thành công. Kích thước tensor: (1, 48, 48, 1)
2026-05-12 01:02:01,990 | INFO     | [521927] 📊 Chi tiết dự đoán: {'ANGRY': 6.65, 'DISGUST': 0.16, 'FEAR': 6.6, 'HAPPY': 20.19, 'NEUTRAL': 17.45, 'SAD': 46.02, 'SURPRISE': 2.94}
2026-05-12 01:02:01,990 | INFO     | [521927] 🎯 KẾT QUẢ CHỐT: SAD (46.02%)
2026-05-12 01:02:01,990 | INFO     | [521927] ⏱️ Thời gian phản hồi: 62.41 ms
2026-05-12 01:02:02,038 | INFO     | [522038] ------------------------------------------
2026-05-12 01:02:02,038 | INFO     | [522038] 📥 NHẬN YÊU CẦU QUÉT KHUÔN MẶT MỚI
2026-05-12 01:02:02,038 | INFO     | [522038] Đã xử lý ảnh thành công. Kích thước tensor: (1, 48, 48, 1)
2026-05-12 01:02:02,098 | INFO     | [522038] 📊 Chi tiết dự đoán: {'ANGRY': 4.86, 'DISGUST': 0.11, 'FEAR': 6.38, 'HAPPY': 16.43, 'NEUTRAL': 17.95, 'SAD': 51.25, 'SURPRISE': 3.02}
2026-05-12 01:02:02,099 | INFO     | [522038] 🎯 KẾT QUẢ CHỐT: SAD (51.25%)
2026-05-12 01:02:02,099 | INFO     | [522038] ⏱️ Thời gian phản hồi: 59.87 ms
2026-05-12 01:02:02,131 | INFO     | [522131] ------------------------------------------
2026-05-12 01:02:02,131 | INFO     | [522131] 📥 NHẬN YÊU CẦU QUÉT KHUÔN MẶT MỚI
2026-05-12 01:02:02,132 | INFO     | [522131] Đã xử lý ảnh thành công. Kích thước tensor: (1, 48, 48, 1)
2026-05-12 01:02:02,223 | INFO     | [522131] 📊 Chi tiết dự đoán: {'ANGRY': 5.0, 'DISGUST': 0.13, 'FEAR': 6.34, 'HAPPY': 12.64, 'NEUTRAL': 19.36, 'SAD': 53.7, 'SURPRISE': 2.82}
2026-05-12 01:02:02,223 | INFO     | [522131] 🎯 KẾT QUẢ CHỐT: SAD (53.70%)
2026-05-12 01:02:02,223 | INFO     | [522131] ⏱️ Thời gian phản hồi: 92.26 ms
2026-05-12 01:02:02,243 | INFO     | [522243] ------------------------------------------
2026-05-12 01:02:02,243 | INFO     | [522243] 📥 NHẬN YÊU CẦU QUÉT KHUÔN MẶT MỚI
2026-05-12 01:02:02,244 | INFO     | [522243] Đã xử lý ảnh thành công. Kích thước tensor: (1, 48, 48, 1)
2026-05-12 01:02:02,307 | INFO     | [522243] 📊 Chi tiết dự đoán: {'ANGRY': 3.78, 'DISGUST': 0.1, 'FEAR': 5.7, 'HAPPY': 9.92, 'NEUTRAL': 20.76, 'SAD': 57.15, 'SURPRISE': 2.58}
2026-05-12 01:02:02,307 | INFO     | [522243] 🎯 KẾT QUẢ CHỐT: SAD (57.15%)
2026-05-12 01:02:02,307 | INFO     | [522243] ⏱️ Thời gian phản hồi: 64.08 ms
2026-05-12 01:02:02,333 | INFO     | [522333] ------------------------------------------
2026-05-12 01:02:02,334 | INFO     | [522333] 📥 NHẬN YÊU CẦU QUÉT KHUÔN MẶT MỚI
2026-05-12 01:02:02,334 | INFO     | [522333] Đã xử lý ảnh thành công. Kích thước tensor: (1, 48, 48, 1)
2026-05-12 01:02:02,393 | INFO     | [522333] 📊 Chi tiết dự đoán: {'ANGRY': 4.09, 'DISGUST': 0.13, 'FEAR': 4.82, 'HAPPY': 14.92, 'NEUTRAL': 21.13, 'SAD': 52.34, 'SURPRISE': 2.56}
2026-05-12 01:02:02,394 | INFO     | [522333] 🎯 KẾT QUẢ CHỐT: SAD (52.34%)
2026-05-12 01:02:02,394 | INFO     | [522333] ⏱️ Thời gian phản hồi: 59.56 ms
2026-05-12 01:02:02,445 | INFO     | [522445] ------------------------------------------
2026-05-12 01:02:02,445 | INFO     | [522445] 📥 NHẬN YÊU CẦU QUÉT KHUÔN MẶT MỚI
2026-05-12 01:02:02,446 | INFO     | [522445] Đã xử lý ảnh thành công. Kích thước tensor: (1, 48, 48, 1)
2026-05-12 01:02:02,504 | INFO     | [522445] 📊 Chi tiết dự đoán: {'ANGRY': 4.69, 'DISGUST': 0.12, 'FEAR': 5.72, 'HAPPY': 10.76, 'NEUTRAL': 19.71, 'SAD': 56.71, 'SURPRISE': 2.29}
2026-05-12 01:02:02,504 | INFO     | [522445] 🎯 KẾT QUẢ CHỐT: SAD (56.71%)
2026-05-12 01:02:02,504 | INFO     | [522445] ⏱️ Thời gian phản hồi: 59.8 ms
2026-05-12 01:02:02,550 | INFO     | [522550] ------------------------------------------
2026-05-12 01:02:02,550 | INFO     | [522550] 📥 NHẬN YÊU CẦU QUÉT KHUÔN MẶT MỚI
2026-05-12 01:02:02,552 | INFO     | [522550] Đã xử lý ảnh thành công. Kích thước tensor: (1, 48, 48, 1)
2026-05-12 01:02:02,626 | INFO     | [522550] 📊 Chi tiết dự đoán: {'ANGRY': 4.9, 'DISGUST': 0.14, 'FEAR': 5.92, 'HAPPY': 12.57, 'NEUTRAL': 20.28, 'SAD': 53.44, 'SURPRISE': 2.75}
2026-05-12 01:02:02,626 | INFO     | [522550] 🎯 KẾT QUẢ CHỐT: SAD (53.44%)
2026-05-12 01:02:02,626 | INFO     | [522550] ⏱️ Thời gian phản hồi: 75.8 ms
2026-05-12 01:02:02,644 | INFO     | [522644] ------------------------------------------
2026-05-12 01:02:02,645 | INFO     | [522644] 📥 NHẬN YÊU CẦU QUÉT KHUÔN MẶT MỚI
2026-05-12 01:02:02,645 | INFO     | [522644] Đã xử lý ảnh thành công. Kích thước tensor: (1, 48, 48, 1)
2026-05-12 01:02:02,711 | INFO     | [522644] 📊 Chi tiết dự đoán: {'ANGRY': 5.02, 'DISGUST': 0.13, 'FEAR': 5.53, 'HAPPY': 11.33, 'NEUTRAL': 22.26, 'SAD': 53.3, 'SURPRISE': 2.42}
2026-05-12 01:02:02,711 | INFO     | [522644] 🎯 KẾT QUẢ CHỐT: SAD (53.30%)
2026-05-12 01:02:02,712 | INFO     | [522644] ⏱️ Thời gian phản hồi: 67.04 ms
2026-05-12 01:02:02,739 | INFO     | [522739] ------------------------------------------
2026-05-12 01:02:02,740 | INFO     | [522739] 📥 NHẬN YÊU CẦU QUÉT KHUÔN MẶT MỚI
2026-05-12 01:02:02,741 | INFO     | [522739] Đã xử lý ảnh thành công. Kích thước tensor: (1, 48, 48, 1)
2026-05-12 01:02:02,803 | INFO     | [522739] 📊 Chi tiết dự đoán: {'ANGRY': 5.44, 'DISGUST': 0.13, 'FEAR': 6.02, 'HAPPY': 13.92, 'NEUTRAL': 18.28, 'SAD': 53.75, 'SURPRISE': 2.46}
2026-05-12 01:02:02,803 | INFO     | [522739] 🎯 KẾT QUẢ CHỐT: SAD (53.75%)
2026-05-12 01:02:02,803 | INFO     | [522739] ⏱️ Thời gian phản hồi: 64.41 ms
2026-05-12 01:02:02,832 | INFO     | [522832] ------------------------------------------
2026-05-12 01:02:02,832 | INFO     | [522832] 📥 NHẬN YÊU CẦU QUÉT KHUÔN MẶT MỚI
2026-05-12 01:02:02,833 | INFO     | [522832] Đã xử lý ảnh thành công. Kích thước tensor: (1, 48, 48, 1)
2026-05-12 01:02:02,897 | INFO     | [522832] 📊 Chi tiết dự đoán: {'ANGRY': 4.98, 'DISGUST': 0.09, 'FEAR': 6.42, 'HAPPY': 13.55, 'NEUTRAL': 18.55, 'SAD': 53.59, 'SURPRISE': 2.81}
2026-05-12 01:02:02,897 | INFO     | [522832] 🎯 KẾT QUẢ CHỐT: SAD (53.59%)
2026-05-12 01:02:02,897 | INFO     | [522832] ⏱️ Thời gian phản hồi: 65.13 ms
2026-05-12 01:02:02,943 | INFO     | [522943] ------------------------------------------
2026-05-12 01:02:02,943 | INFO     | [522943] 📥 NHẬN YÊU CẦU QUÉT KHUÔN MẶT MỚI
2026-05-12 01:02:02,944 | INFO     | [522943] Đã xử lý ảnh thành công. Kích thước tensor: (1, 48, 48, 1)
2026-05-12 01:02:03,011 | INFO     | [522943] 📊 Chi tiết dự đoán: {'ANGRY': 5.01, 'DISGUST': 0.09, 'FEAR': 5.87, 'HAPPY': 14.21, 'NEUTRAL': 21.01, 'SAD': 51.73, 'SURPRISE': 2.09}
2026-05-12 01:02:03,012 | INFO     | [522943] 🎯 KẾT QUẢ CHỐT: SAD (51.73%)
2026-05-12 01:02:03,012 | INFO     | [522943] ⏱️ Thời gian phản hồi: 67.95 ms
2026-05-12 01:02:03,037 | INFO     | [523037] ------------------------------------------
2026-05-12 01:02:03,037 | INFO     | [523037] 📥 NHẬN YÊU CẦU QUÉT KHUÔN MẶT MỚI
2026-05-12 01:02:03,038 | INFO     | [523037] Đã xử lý ảnh thành công. Kích thước tensor: (1, 48, 48, 1)
2026-05-12 01:02:03,103 | INFO     | [523037] 📊 Chi tiết dự đoán: {'ANGRY': 5.11, 'DISGUST': 0.12, 'FEAR': 5.82, 'HAPPY': 13.08, 'NEUTRAL': 21.24, 'SAD': 52.21, 'SURPRISE': 2.43}
2026-05-12 01:02:03,103 | INFO     | [523037] 🎯 KẾT QUẢ CHỐT: SAD (52.21%)
2026-05-12 01:02:03,103 | INFO     | [523037] ⏱️ Thời gian phản hồi: 66.3 ms
2026-05-12 01:02:03,143 | INFO     | [523143] ------------------------------------------
2026-05-12 01:02:03,143 | INFO     | [523143] 📥 NHẬN YÊU CẦU QUÉT KHUÔN MẶT MỚI
2026-05-12 01:02:03,145 | INFO     | [523143] Đã xử lý ảnh thành công. Kích thước tensor: (1, 48, 48, 1)
2026-05-12 01:02:03,208 | INFO     | [523143] 📊 Chi tiết dự đoán: {'ANGRY': 5.25, 'DISGUST': 0.09, 'FEAR': 5.29, 'HAPPY': 16.49, 'NEUTRAL': 22.02, 'SAD': 48.81, 'SURPRISE': 2.05}
2026-05-12 01:02:03,209 | INFO     | [523143] 🎯 KẾT QUẢ CHỐT: SAD (48.81%)
2026-05-12 01:02:03,209 | INFO     | [523143] ⏱️ Thời gian phản hồi: 64.27 ms
2026-05-12 01:02:03,235 | INFO     | [523235] ------------------------------------------
2026-05-12 01:02:03,235 | INFO     | [523235] 📥 NHẬN YÊU CẦU QUÉT KHUÔN MẶT MỚI
2026-05-12 01:02:03,236 | INFO     | [523235] Đã xử lý ảnh thành công. Kích thước tensor: (1, 48, 48, 1)
2026-05-12 01:02:03,294 | INFO     | [523235] 📊 Chi tiết dự đoán: {'ANGRY': 5.6, 'DISGUST': 0.11, 'FEAR': 5.52, 'HAPPY': 15.3, 'NEUTRAL': 22.93, 'SAD': 48.24, 'SURPRISE': 2.31}
2026-05-12 01:02:03,294 | INFO     | [523235] 🎯 KẾT QUẢ CHỐT: SAD (48.24%)
2026-05-12 01:02:03,294 | INFO     | [523235] ⏱️ Thời gian phản hồi: 58.84 ms
2026-05-12 01:02:03,331 | INFO     | [523331] ------------------------------------------
2026-05-12 01:02:03,331 | INFO     | [523331] 📥 NHẬN YÊU CẦU QUÉT KHUÔN MẶT MỚI
2026-05-12 01:02:03,331 | INFO     | [523331] Đã xử lý ảnh thành công. Kích thước tensor: (1, 48, 48, 1)
2026-05-12 01:02:03,394 | INFO     | [523331] 📊 Chi tiết dự đoán: {'ANGRY': 5.08, 'DISGUST': 0.12, 'FEAR': 5.14, 'HAPPY': 14.03, 'NEUTRAL': 21.63, 'SAD': 51.89, 'SURPRISE': 2.11}
2026-05-12 01:02:03,395 | INFO     | [523331] 🎯 KẾT QUẢ CHỐT: SAD (51.89%)
2026-05-12 01:02:03,395 | INFO     | [523331] ⏱️ Thời gian phản hồi: 63.23 ms
2026-05-12 01:02:03,440 | INFO     | [523440] ------------------------------------------
2026-05-12 01:02:03,440 | INFO     | [523440] 📥 NHẬN YÊU CẦU QUÉT KHUÔN MẶT MỚI
2026-05-12 01:02:03,440 | INFO     | [523440] Đã xử lý ảnh thành công. Kích thước tensor: (1, 48, 48, 1)
2026-05-12 01:02:03,513 | INFO     | [523440] 📊 Chi tiết dự đoán: {'ANGRY': 5.5, 'DISGUST': 0.13, 'FEAR': 5.55, 'HAPPY': 13.31, 'NEUTRAL': 22.05, 'SAD': 51.13, 'SURPRISE': 2.33}
2026-05-12 01:02:03,513 | INFO     | [523440] 🎯 KẾT QUẢ CHỐT: SAD (51.13%)
2026-05-12 01:02:03,513 | INFO     | [523440] ⏱️ Thời gian phản hồi: 73.29 ms
2026-05-12 01:02:04,013 | INFO     | [BATCH-524013] ==========================================
2026-05-12 01:02:04,013 | INFO     | [BATCH-524013] 🎞️ NHẬN CHUỖI 50 KHUNG HÌNH (BATCH)
2026-05-12 01:02:04,107 | INFO     | [BATCH-524013] ↳ Frame 1/50: SAD (36.8%)
2026-05-12 01:02:04,179 | INFO     | [BATCH-524013] ↳ Frame 2/50: SAD (39.7%)
2026-05-12 01:02:04,256 | INFO     | [BATCH-524013] ↳ Frame 3/50: SAD (35.8%)
2026-05-12 01:02:04,330 | INFO     | [BATCH-524013] ↳ Frame 4/50: SAD (31.9%)
2026-05-12 01:02:04,407 | INFO     | [BATCH-524013] ↳ Frame 5/50: SAD (29.4%)
2026-05-12 01:02:04,482 | INFO     | [BATCH-524013] ↳ Frame 6/50: HAPPY (32.5%)
2026-05-12 01:02:04,557 | INFO     | [BATCH-524013] ↳ Frame 7/50: HAPPY (35.1%)
2026-05-12 01:02:04,663 | INFO     | [BATCH-524013] ↳ Frame 8/50: HAPPY (37.4%)
2026-05-12 01:02:04,750 | INFO     | [BATCH-524013] ↳ Frame 9/50: HAPPY (37.2%)
2026-05-12 01:02:04,822 | INFO     | [BATCH-524013] ↳ Frame 10/50: HAPPY (42.0%)
2026-05-12 01:02:04,926 | INFO     | [BATCH-524013] ↳ Frame 11/50: HAPPY (41.6%)
2026-05-12 01:02:05,016 | INFO     | [BATCH-524013] ↳ Frame 12/50: HAPPY (43.6%)
2026-05-12 01:02:05,078 | INFO     | [BATCH-524013] ↳ Frame 13/50: HAPPY (43.0%)
2026-05-12 01:02:05,145 | INFO     | [BATCH-524013] ↳ Frame 14/50: HAPPY (44.6%)
2026-05-12 01:02:05,209 | INFO     | [BATCH-524013] ↳ Frame 15/50: HAPPY (44.1%)
2026-05-12 01:02:05,270 | INFO     | [BATCH-524013] ↳ Frame 16/50: HAPPY (41.8%)
2026-05-12 01:02:05,333 | INFO     | [BATCH-524013] ↳ Frame 17/50: HAPPY (45.1%)
2026-05-12 01:02:05,397 | INFO     | [BATCH-524013] ↳ Frame 18/50: HAPPY (43.5%)
2026-05-12 01:02:05,464 | INFO     | [BATCH-524013] ↳ Frame 19/50: HAPPY (49.1%)
2026-05-12 01:02:05,526 | INFO     | [BATCH-524013] ↳ Frame 20/50: HAPPY (44.6%)
2026-05-12 01:02:05,588 | INFO     | [BATCH-524013] ↳ Frame 21/50: HAPPY (44.5%)
2026-05-12 01:02:05,651 | INFO     | [BATCH-524013] ↳ Frame 22/50: HAPPY (43.5%)
2026-05-12 01:02:05,713 | INFO     | [BATCH-524013] ↳ Frame 23/50: HAPPY (39.1%)
2026-05-12 01:02:05,780 | INFO     | [BATCH-524013] ↳ Frame 24/50: HAPPY (36.2%)
2026-05-12 01:02:05,845 | INFO     | [BATCH-524013] ↳ Frame 25/50: HAPPY (37.4%)
2026-05-12 01:02:05,903 | INFO     | [BATCH-524013] ↳ Frame 26/50: HAPPY (37.4%)
2026-05-12 01:02:05,965 | INFO     | [BATCH-524013] ↳ Frame 27/50: HAPPY (35.1%)
2026-05-12 01:02:06,032 | INFO     | [BATCH-524013] ↳ Frame 28/50: HAPPY (38.4%)
2026-05-12 01:02:06,093 | INFO     | [BATCH-524013] ↳ Frame 29/50: HAPPY (38.1%)
2026-05-12 01:02:06,162 | INFO     | [BATCH-524013] ↳ Frame 30/50: HAPPY (36.3%)
2026-05-12 01:02:06,232 | INFO     | [BATCH-524013] ↳ Frame 31/50: HAPPY (34.3%)
2026-05-12 01:02:06,303 | INFO     | [BATCH-524013] ↳ Frame 32/50: SAD (30.6%)
2026-05-12 01:02:06,370 | INFO     | [BATCH-524013] ↳ Frame 33/50: HAPPY (35.6%)
2026-05-12 01:02:06,439 | INFO     | [BATCH-524013] ↳ Frame 34/50: SAD (43.8%)
2026-05-12 01:02:06,502 | INFO     | [BATCH-524013] ↳ Frame 35/50: SAD (46.0%)
2026-05-12 01:02:06,565 | INFO     | [BATCH-524013] ↳ Frame 36/50: SAD (51.3%)
2026-05-12 01:02:06,624 | INFO     | [BATCH-524013] ↳ Frame 37/50: SAD (53.7%)
2026-05-12 01:02:06,687 | INFO     | [BATCH-524013] ↳ Frame 38/50: SAD (57.1%)
2026-05-12 01:02:06,742 | INFO     | [BATCH-524013] ↳ Frame 39/50: SAD (52.3%)
2026-05-12 01:02:06,802 | INFO     | [BATCH-524013] ↳ Frame 40/50: SAD (56.7%)
2026-05-12 01:02:06,865 | INFO     | [BATCH-524013] ↳ Frame 41/50: SAD (53.4%)
2026-05-12 01:02:06,922 | INFO     | [BATCH-524013] ↳ Frame 42/50: SAD (53.3%)
2026-05-12 01:02:06,982 | INFO     | [BATCH-524013] ↳ Frame 43/50: SAD (53.8%)
2026-05-12 01:02:07,043 | INFO     | [BATCH-524013] ↳ Frame 44/50: SAD (53.6%)
2026-05-12 01:02:07,097 | INFO     | [BATCH-524013] ↳ Frame 45/50: SAD (51.7%)
2026-05-12 01:02:07,157 | INFO     | [BATCH-524013] ↳ Frame 46/50: SAD (52.2%)
2026-05-12 01:02:07,223 | INFO     | [BATCH-524013] ↳ Frame 47/50: SAD (48.8%)
2026-05-12 01:02:07,285 | INFO     | [BATCH-524013] ↳ Frame 48/50: SAD (48.2%)
2026-05-12 01:02:07,348 | INFO     | [BATCH-524013] ↳ Frame 49/50: SAD (51.9%)
2026-05-12 01:02:07,410 | INFO     | [BATCH-524013] ↳ Frame 50/50: SAD (51.1%)
2026-05-12 01:02:07,410 | INFO     | [BATCH-524013] 🎯 KẾT QUẢ CHUỖI: HAPPY (Tần suất: {'SAD': 23, 'HAPPY': 27})
2026-05-12 01:02:07,410 | INFO     | [BATCH-524013] ⏱️ Tổng thời gian xử lý: 3396.46 ms
2026-05-12 01:02:13,452 | INFO     | [533452] ------------------------------------------
2026-05-12 01:02:13,452 | INFO     | [533452] 📥 NHẬN YÊU CẦU QUÉT KHUÔN MẶT MỚI
2026-05-12 01:02:13,453 | INFO     | [533452] Đã xử lý ảnh thành công. Kích thước tensor: (1, 48, 48, 1)
2026-05-12 01:02:13,524 | INFO     | [533452] 📊 Chi tiết dự đoán: {'ANGRY': 7.44, 'DISGUST': 0.14, 'FEAR': 6.39, 'HAPPY': 25.95, 'NEUTRAL': 16.58, 'SAD': 40.17, 'SURPRISE': 3.33}
2026-05-12 01:02:13,524 | INFO     | [533452] 🎯 KẾT QUẢ CHỐT: SAD (40.17%)
2026-05-12 01:02:13,524 | INFO     | [533452] ⏱️ Thời gian phản hồi: 71.34 ms
2026-05-12 01:02:13,527 | INFO     | [533527] ------------------------------------------
2026-05-12 01:02:13,527 | INFO     | [533527] 📥 NHẬN YÊU CẦU QUÉT KHUÔN MẶT MỚI
2026-05-12 01:02:13,527 | INFO     | [533527] Đã xử lý ảnh thành công. Kích thước tensor: (1, 48, 48, 1)
2026-05-12 01:02:13,587 | INFO     | [533527] 📊 Chi tiết dự đoán: {'ANGRY': 7.44, 'DISGUST': 0.14, 'FEAR': 6.39, 'HAPPY': 25.95, 'NEUTRAL': 16.58, 'SAD': 40.17, 'SURPRISE': 3.33}
2026-05-12 01:02:13,589 | INFO     | [533527] 🎯 KẾT QUẢ CHỐT: SAD (40.17%)
2026-05-12 01:02:13,589 | INFO     | [533527] ⏱️ Thời gian phản hồi: 60.75 ms
2026-05-12 01:02:13,605 | INFO     | [533605] ------------------------------------------
2026-05-12 01:02:13,606 | INFO     | [533605] 📥 NHẬN YÊU CẦU QUÉT KHUÔN MẶT MỚI
2026-05-12 01:02:13,606 | INFO     | [533605] Đã xử lý ảnh thành công. Kích thước tensor: (1, 48, 48, 1)
2026-05-12 01:02:13,667 | INFO     | [533605] 📊 Chi tiết dự đoán: {'ANGRY': 7.58, 'DISGUST': 0.13, 'FEAR': 6.52, 'HAPPY': 24.95, 'NEUTRAL': 18.86, 'SAD': 38.63, 'SURPRISE': 3.33}
2026-05-12 01:02:13,669 | INFO     | [533605] 🎯 KẾT QUẢ CHỐT: SAD (38.63%)
2026-05-12 01:02:13,669 | INFO     | [533605] ⏱️ Thời gian phản hồi: 62.2 ms
2026-05-12 01:02:13,729 | INFO     | [533729] ------------------------------------------
2026-05-12 01:02:13,730 | INFO     | [533729] 📥 NHẬN YÊU CẦU QUÉT KHUÔN MẶT MỚI
2026-05-12 01:02:13,730 | INFO     | [533729] Đã xử lý ảnh thành công. Kích thước tensor: (1, 48, 48, 1)
2026-05-12 01:02:13,790 | INFO     | [533729] 📊 Chi tiết dự đoán: {'ANGRY': 6.98, 'DISGUST': 0.11, 'FEAR': 6.13, 'HAPPY': 36.1, 'NEUTRAL': 17.72, 'SAD': 29.51, 'SURPRISE': 3.46}
2026-05-12 01:02:13,790 | INFO     | [533729] 🎯 KẾT QUẢ CHỐT: HAPPY (36.10%)
2026-05-12 01:02:13,790 | INFO     | [533729] ⏱️ Thời gian phản hồi: 60.89 ms
2026-05-12 01:02:13,822 | INFO     | [533822] ------------------------------------------
2026-05-12 01:02:13,823 | INFO     | [533822] 📥 NHẬN YÊU CẦU QUÉT KHUÔN MẶT MỚI
2026-05-12 01:02:13,823 | INFO     | [533822] Đã xử lý ảnh thành công. Kích thước tensor: (1, 48, 48, 1)
2026-05-12 01:02:13,880 | INFO     | [533822] 📊 Chi tiết dự đoán: {'ANGRY': 8.17, 'DISGUST': 0.08, 'FEAR': 6.59, 'HAPPY': 38.08, 'NEUTRAL': 15.8, 'SAD': 28.15, 'SURPRISE': 3.12}
2026-05-12 01:02:13,880 | INFO     | [533822] 🎯 KẾT QUẢ CHỐT: HAPPY (38.08%)
2026-05-12 01:02:13,880 | INFO     | [533822] ⏱️ Thời gian phản hồi: 58.26 ms
2026-05-12 01:02:13,914 | INFO     | [533914] ------------------------------------------
2026-05-12 01:02:13,915 | INFO     | [533914] 📥 NHẬN YÊU CẦU QUÉT KHUÔN MẶT MỚI
2026-05-12 01:02:13,915 | INFO     | [533914] Đã xử lý ảnh thành công. Kích thước tensor: (1, 48, 48, 1)
2026-05-12 01:02:13,972 | INFO     | [533914] 📊 Chi tiết dự đoán: {'ANGRY': 9.49, 'DISGUST': 0.12, 'FEAR': 8.1, 'HAPPY': 32.01, 'NEUTRAL': 14.72, 'SAD': 31.65, 'SURPRISE': 3.91}
2026-05-12 01:02:13,974 | INFO     | [533914] 🎯 KẾT QUẢ CHỐT: HAPPY (32.01%)
2026-05-12 01:02:13,974 | INFO     | [533914] ⏱️ Thời gian phản hồi: 58.23 ms
2026-05-12 01:02:14,009 | INFO     | [534009] ------------------------------------------
2026-05-12 01:02:14,009 | INFO     | [534009] 📥 NHẬN YÊU CẦU QUÉT KHUÔN MẶT MỚI
2026-05-12 01:02:14,010 | INFO     | [534009] Đã xử lý ảnh thành công. Kích thước tensor: (1, 48, 48, 1)
2026-05-12 01:02:14,072 | INFO     | [534009] 📊 Chi tiết dự đoán: {'ANGRY': 10.42, 'DISGUST': 0.12, 'FEAR': 7.84, 'HAPPY': 34.0, 'NEUTRAL': 14.58, 'SAD': 28.71, 'SURPRISE': 4.32}
2026-05-12 01:02:14,072 | INFO     | [534009] 🎯 KẾT QUẢ CHỐT: HAPPY (34.00%)
2026-05-12 01:02:14,072 | INFO     | [534009] ⏱️ Thời gian phản hồi: 62.36 ms
2026-05-12 01:02:14,119 | INFO     | [534119] ------------------------------------------
2026-05-12 01:02:14,119 | INFO     | [534119] 📥 NHẬN YÊU CẦU QUÉT KHUÔN MẶT MỚI
2026-05-12 01:02:14,120 | INFO     | [534119] Đã xử lý ảnh thành công. Kích thước tensor: (1, 48, 48, 1)
2026-05-12 01:02:14,179 | INFO     | [534119] 📊 Chi tiết dự đoán: {'ANGRY': 9.92, 'DISGUST': 0.11, 'FEAR': 8.19, 'HAPPY': 29.23, 'NEUTRAL': 15.5, 'SAD': 32.43, 'SURPRISE': 4.63}
2026-05-12 01:02:14,180 | INFO     | [534119] 🎯 KẾT QUẢ CHỐT: SAD (32.43%)
2026-05-12 01:02:14,180 | INFO     | [534119] ⏱️ Thời gian phản hồi: 60.45 ms
2026-05-12 01:02:14,211 | INFO     | [534211] ------------------------------------------
2026-05-12 01:02:14,211 | INFO     | [534211] 📥 NHẬN YÊU CẦU QUÉT KHUÔN MẶT MỚI
2026-05-12 01:02:14,212 | INFO     | [534211] Đã xử lý ảnh thành công. Kích thước tensor: (1, 48, 48, 1)
2026-05-12 01:02:14,268 | INFO     | [534211] 📊 Chi tiết dự đoán: {'ANGRY': 10.24, 'DISGUST': 0.12, 'FEAR': 7.81, 'HAPPY': 28.95, 'NEUTRAL': 17.37, 'SAD': 31.54, 'SURPRISE': 3.97}
2026-05-12 01:02:14,268 | INFO     | [534211] 🎯 KẾT QUẢ CHỐT: SAD (31.54%)
2026-05-12 01:02:14,269 | INFO     | [534211] ⏱️ Thời gian phản hồi: 57.56 ms
2026-05-12 01:02:14,319 | INFO     | [534319] ------------------------------------------
2026-05-12 01:02:14,320 | INFO     | [534319] 📥 NHẬN YÊU CẦU QUÉT KHUÔN MẶT MỚI
2026-05-12 01:02:14,320 | INFO     | [534319] Đã xử lý ảnh thành công. Kích thước tensor: (1, 48, 48, 1)
2026-05-12 01:02:14,377 | INFO     | [534319] 📊 Chi tiết dự đoán: {'ANGRY': 10.67, 'DISGUST': 0.11, 'FEAR': 8.45, 'HAPPY': 30.8, 'NEUTRAL': 16.95, 'SAD': 28.47, 'SURPRISE': 4.56}
2026-05-12 01:02:14,377 | INFO     | [534319] 🎯 KẾT QUẢ CHỐT: HAPPY (30.80%)
2026-05-12 01:02:14,377 | INFO     | [534319] ⏱️ Thời gian phản hồi: 58.55 ms
2026-05-12 01:02:14,413 | INFO     | [534413] ------------------------------------------
2026-05-12 01:02:14,414 | INFO     | [534413] 📥 NHẬN YÊU CẦU QUÉT KHUÔN MẶT MỚI
2026-05-12 01:02:14,414 | INFO     | [534413] Đã xử lý ảnh thành công. Kích thước tensor: (1, 48, 48, 1)
2026-05-12 01:02:14,475 | INFO     | [534413] 📊 Chi tiết dự đoán: {'ANGRY': 9.63, 'DISGUST': 0.12, 'FEAR': 7.96, 'HAPPY': 31.71, 'NEUTRAL': 15.73, 'SAD': 30.46, 'SURPRISE': 4.4}
2026-05-12 01:02:14,475 | INFO     | [534413] 🎯 KẾT QUẢ CHỐT: HAPPY (31.71%)
2026-05-12 01:02:14,476 | INFO     | [534413] ⏱️ Thời gian phản hồi: 61.89 ms
2026-05-12 01:02:14,520 | INFO     | [534520] ------------------------------------------
2026-05-12 01:02:14,521 | INFO     | [534520] 📥 NHẬN YÊU CẦU QUÉT KHUÔN MẶT MỚI
2026-05-12 01:02:14,521 | INFO     | [534520] Đã xử lý ảnh thành công. Kích thước tensor: (1, 48, 48, 1)
2026-05-12 01:02:14,581 | INFO     | [534520] 📊 Chi tiết dự đoán: {'ANGRY': 8.86, 'DISGUST': 0.09, 'FEAR': 8.08, 'HAPPY': 27.3, 'NEUTRAL': 16.6, 'SAD': 34.9, 'SURPRISE': 4.18}
2026-05-12 01:02:14,581 | INFO     | [534520] 🎯 KẾT QUẢ CHỐT: SAD (34.90%)
2026-05-12 01:02:14,581 | INFO     | [534520] ⏱️ Thời gian phản hồi: 60.57 ms
2026-05-12 01:02:14,616 | INFO     | [534616] ------------------------------------------
2026-05-12 01:02:14,616 | INFO     | [534616] 📥 NHẬN YÊU CẦU QUÉT KHUÔN MẶT MỚI
2026-05-12 01:02:14,616 | INFO     | [534616] Đã xử lý ảnh thành công. Kích thước tensor: (1, 48, 48, 1)
2026-05-12 01:02:14,686 | INFO     | [534616] 📊 Chi tiết dự đoán: {'ANGRY': 9.05, 'DISGUST': 0.1, 'FEAR': 7.33, 'HAPPY': 29.57, 'NEUTRAL': 15.87, 'SAD': 34.18, 'SURPRISE': 3.9}
2026-05-12 01:02:14,687 | INFO     | [534616] 🎯 KẾT QUẢ CHỐT: SAD (34.18%)
2026-05-12 01:02:14,687 | INFO     | [534616] ⏱️ Thời gian phản hồi: 70.6 ms
2026-05-12 01:02:14,710 | INFO     | [534710] ------------------------------------------
2026-05-12 01:02:14,710 | INFO     | [534710] 📥 NHẬN YÊU CẦU QUÉT KHUÔN MẶT MỚI
2026-05-12 01:02:14,710 | INFO     | [534710] Đã xử lý ảnh thành công. Kích thước tensor: (1, 48, 48, 1)
2026-05-12 01:02:14,774 | INFO     | [534710] 📊 Chi tiết dự đoán: {'ANGRY': 9.35, 'DISGUST': 0.12, 'FEAR': 7.27, 'HAPPY': 30.21, 'NEUTRAL': 17.59, 'SAD': 31.52, 'SURPRISE': 3.95}
2026-05-12 01:02:14,775 | INFO     | [534710] 🎯 KẾT QUẢ CHỐT: SAD (31.52%)
2026-05-12 01:02:14,775 | INFO     | [534710] ⏱️ Thời gian phản hồi: 63.4 ms
2026-05-12 01:02:14,817 | INFO     | [534817] ------------------------------------------
2026-05-12 01:02:14,819 | INFO     | [534817] 📥 NHẬN YÊU CẦU QUÉT KHUÔN MẶT MỚI
2026-05-12 01:02:14,819 | INFO     | [534817] Đã xử lý ảnh thành công. Kích thước tensor: (1, 48, 48, 1)
2026-05-12 01:02:14,882 | INFO     | [534817] 📊 Chi tiết dự đoán: {'ANGRY': 8.83, 'DISGUST': 0.11, 'FEAR': 7.64, 'HAPPY': 28.21, 'NEUTRAL': 17.29, 'SAD': 33.98, 'SURPRISE': 3.95}
2026-05-12 01:02:14,882 | INFO     | [534817] 🎯 KẾT QUẢ CHỐT: SAD (33.98%)
2026-05-12 01:02:14,882 | INFO     | [534817] ⏱️ Thời gian phản hồi: 65.33 ms
2026-05-12 01:02:14,913 | INFO     | [534913] ------------------------------------------
2026-05-12 01:02:14,913 | INFO     | [534913] 📥 NHẬN YÊU CẦU QUÉT KHUÔN MẶT MỚI
2026-05-12 01:02:14,914 | INFO     | [534913] Đã xử lý ảnh thành công. Kích thước tensor: (1, 48, 48, 1)
2026-05-12 01:02:14,983 | INFO     | [534913] 📊 Chi tiết dự đoán: {'ANGRY': 10.14, 'DISGUST': 0.1, 'FEAR': 8.4, 'HAPPY': 27.93, 'NEUTRAL': 19.04, 'SAD': 29.86, 'SURPRISE': 4.53}
2026-05-12 01:02:14,984 | INFO     | [534913] 🎯 KẾT QUẢ CHỐT: SAD (29.86%)
2026-05-12 01:02:14,984 | INFO     | [534913] ⏱️ Thời gian phản hồi: 69.52 ms
2026-05-12 01:02:15,021 | INFO     | [535021] ------------------------------------------
2026-05-12 01:02:15,021 | INFO     | [535021] 📥 NHẬN YÊU CẦU QUÉT KHUÔN MẶT MỚI
2026-05-12 01:02:15,022 | INFO     | [535021] Đã xử lý ảnh thành công. Kích thước tensor: (1, 48, 48, 1)
2026-05-12 01:02:15,081 | INFO     | [535021] 📊 Chi tiết dự đoán: {'ANGRY': 9.9, 'DISGUST': 0.12, 'FEAR': 7.97, 'HAPPY': 29.6, 'NEUTRAL': 16.87, 'SAD': 31.9, 'SURPRISE': 3.65}
2026-05-12 01:02:15,081 | INFO     | [535021] 🎯 KẾT QUẢ CHỐT: SAD (31.90%)
2026-05-12 01:02:15,081 | INFO     | [535021] ⏱️ Thời gian phản hồi: 60.15 ms
2026-05-12 01:02:15,114 | INFO     | [535114] ------------------------------------------
2026-05-12 01:02:15,114 | INFO     | [535114] 📥 NHẬN YÊU CẦU QUÉT KHUÔN MẶT MỚI
2026-05-12 01:02:15,116 | INFO     | [535114] Đã xử lý ảnh thành công. Kích thước tensor: (1, 48, 48, 1)
2026-05-12 01:02:15,176 | INFO     | [535114] 📊 Chi tiết dự đoán: {'ANGRY': 9.21, 'DISGUST': 0.11, 'FEAR': 7.94, 'HAPPY': 31.01, 'NEUTRAL': 16.63, 'SAD': 31.07, 'SURPRISE': 4.02}
2026-05-12 01:02:15,176 | INFO     | [535114] 🎯 KẾT QUẢ CHỐT: SAD (31.07%)
2026-05-12 01:02:15,176 | INFO     | [535114] ⏱️ Thời gian phản hồi: 61.42 ms
2026-05-12 01:02:15,210 | INFO     | [535210] ------------------------------------------
2026-05-12 01:02:15,210 | INFO     | [535210] 📥 NHẬN YÊU CẦU QUÉT KHUÔN MẶT MỚI
2026-05-12 01:02:15,211 | INFO     | [535210] Đã xử lý ảnh thành công. Kích thước tensor: (1, 48, 48, 1)
2026-05-12 01:02:15,270 | INFO     | [535210] 📊 Chi tiết dự đoán: {'ANGRY': 8.89, 'DISGUST': 0.1, 'FEAR': 7.33, 'HAPPY': 31.42, 'NEUTRAL': 17.18, 'SAD': 31.49, 'SURPRISE': 3.59}
2026-05-12 01:02:15,270 | INFO     | [535210] 🎯 KẾT QUẢ CHỐT: SAD (31.49%)
2026-05-12 01:02:15,270 | INFO     | [535210] ⏱️ Thời gian phản hồi: 60.06 ms
2026-05-12 01:02:15,327 | INFO     | [535327] ------------------------------------------
2026-05-12 01:02:15,327 | INFO     | [535327] 📥 NHẬN YÊU CẦU QUÉT KHUÔN MẶT MỚI
2026-05-12 01:02:15,329 | INFO     | [535327] Đã xử lý ảnh thành công. Kích thước tensor: (1, 48, 48, 1)
2026-05-12 01:02:15,406 | INFO     | [535327] 📊 Chi tiết dự đoán: {'ANGRY': 10.14, 'DISGUST': 0.11, 'FEAR': 7.75, 'HAPPY': 25.87, 'NEUTRAL': 17.03, 'SAD': 35.33, 'SURPRISE': 3.77}
2026-05-12 01:02:15,406 | INFO     | [535327] 🎯 KẾT QUẢ CHỐT: SAD (35.33%)
2026-05-12 01:02:15,406 | INFO     | [535327] ⏱️ Thời gian phản hồi: 78.8 ms
2026-05-12 01:02:15,411 | INFO     | [535411] ------------------------------------------
2026-05-12 01:02:15,411 | INFO     | [535411] 📥 NHẬN YÊU CẦU QUÉT KHUÔN MẶT MỚI
2026-05-12 01:02:15,412 | INFO     | [535411] Đã xử lý ảnh thành công. Kích thước tensor: (1, 48, 48, 1)
2026-05-12 01:02:15,470 | INFO     | [535411] 📊 Chi tiết dự đoán: {'ANGRY': 9.52, 'DISGUST': 0.11, 'FEAR': 7.63, 'HAPPY': 28.93, 'NEUTRAL': 16.82, 'SAD': 33.28, 'SURPRISE': 3.73}
2026-05-12 01:02:15,470 | INFO     | [535411] 🎯 KẾT QUẢ CHỐT: SAD (33.28%)
2026-05-12 01:02:15,470 | INFO     | [535411] ⏱️ Thời gian phản hồi: 58.99 ms
2026-05-12 01:02:15,518 | INFO     | [535518] ------------------------------------------
2026-05-12 01:02:15,518 | INFO     | [535518] 📥 NHẬN YÊU CẦU QUÉT KHUÔN MẶT MỚI
2026-05-12 01:02:15,519 | INFO     | [535518] Đã xử lý ảnh thành công. Kích thước tensor: (1, 48, 48, 1)
2026-05-12 01:02:15,573 | INFO     | [535518] 📊 Chi tiết dự đoán: {'ANGRY': 8.79, 'DISGUST': 0.11, 'FEAR': 7.13, 'HAPPY': 27.55, 'NEUTRAL': 18.8, 'SAD': 33.98, 'SURPRISE': 3.63}
2026-05-12 01:02:15,574 | INFO     | [535518] 🎯 KẾT QUẢ CHỐT: SAD (33.98%)
2026-05-12 01:02:15,574 | INFO     | [535518] ⏱️ Thời gian phản hồi: 54.94 ms
2026-05-12 01:02:15,612 | INFO     | [535612] ------------------------------------------
2026-05-12 01:02:15,612 | INFO     | [535612] 📥 NHẬN YÊU CẦU QUÉT KHUÔN MẶT MỚI
2026-05-12 01:02:15,613 | INFO     | [535612] Đã xử lý ảnh thành công. Kích thước tensor: (1, 48, 48, 1)
2026-05-12 01:02:15,669 | INFO     | [535612] 📊 Chi tiết dự đoán: {'ANGRY': 8.47, 'DISGUST': 0.1, 'FEAR': 7.91, 'HAPPY': 29.21, 'NEUTRAL': 17.25, 'SAD': 33.01, 'SURPRISE': 4.06}
2026-05-12 01:02:15,669 | INFO     | [535612] 🎯 KẾT QUẢ CHỐT: SAD (33.01%)
2026-05-12 01:02:15,669 | INFO     | [535612] ⏱️ Thời gian phản hồi: 57.07 ms
2026-05-12 01:02:15,706 | INFO     | [535706] ------------------------------------------
2026-05-12 01:02:15,706 | INFO     | [535706] 📥 NHẬN YÊU CẦU QUÉT KHUÔN MẶT MỚI
2026-05-12 01:02:15,706 | INFO     | [535706] Đã xử lý ảnh thành công. Kích thước tensor: (1, 48, 48, 1)
2026-05-12 01:02:15,762 | INFO     | [535706] 📊 Chi tiết dự đoán: {'ANGRY': 8.59, 'DISGUST': 0.11, 'FEAR': 8.15, 'HAPPY': 31.24, 'NEUTRAL': 15.26, 'SAD': 32.8, 'SURPRISE': 3.84}
2026-05-12 01:02:15,762 | INFO     | [535706] 🎯 KẾT QUẢ CHỐT: SAD (32.80%)
2026-05-12 01:02:15,764 | INFO     | [535706] ⏱️ Thời gian phản hồi: 56.49 ms
2026-05-12 01:02:15,800 | INFO     | [535800] ------------------------------------------
2026-05-12 01:02:15,800 | INFO     | [535800] 📥 NHẬN YÊU CẦU QUÉT KHUÔN MẶT MỚI
2026-05-12 01:02:15,801 | INFO     | [535800] Đã xử lý ảnh thành công. Kích thước tensor: (1, 48, 48, 1)
2026-05-12 01:02:15,860 | INFO     | [535800] 📊 Chi tiết dự đoán: {'ANGRY': 9.11, 'DISGUST': 0.14, 'FEAR': 8.15, 'HAPPY': 29.73, 'NEUTRAL': 15.53, 'SAD': 33.44, 'SURPRISE': 3.9}
2026-05-12 01:02:15,860 | INFO     | [535800] 🎯 KẾT QUẢ CHỐT: SAD (33.44%)
2026-05-12 01:02:15,860 | INFO     | [535800] ⏱️ Thời gian phản hồi: 60.07 ms
2026-05-12 01:02:15,906 | INFO     | [535906] ------------------------------------------
2026-05-12 01:02:15,906 | INFO     | [535906] 📥 NHẬN YÊU CẦU QUÉT KHUÔN MẶT MỚI
2026-05-12 01:02:15,908 | INFO     | [535906] Đã xử lý ảnh thành công. Kích thước tensor: (1, 48, 48, 1)
2026-05-12 01:02:15,961 | INFO     | [535906] 📊 Chi tiết dự đoán: {'ANGRY': 7.26, 'DISGUST': 0.13, 'FEAR': 7.03, 'HAPPY': 32.39, 'NEUTRAL': 15.51, 'SAD': 33.92, 'SURPRISE': 3.77}
2026-05-12 01:02:15,961 | INFO     | [535906] 🎯 KẾT QUẢ CHỐT: SAD (33.92%)
2026-05-12 01:02:15,961 | INFO     | [535906] ⏱️ Thời gian phản hồi: 54.7 ms
2026-05-12 01:02:16,002 | INFO     | [536002] ------------------------------------------
2026-05-12 01:02:16,003 | INFO     | [536002] 📥 NHẬN YÊU CẦU QUÉT KHUÔN MẶT MỚI
2026-05-12 01:02:16,003 | INFO     | [536002] Đã xử lý ảnh thành công. Kích thước tensor: (1, 48, 48, 1)
2026-05-12 01:02:16,059 | INFO     | [536002] 📊 Chi tiết dự đoán: {'ANGRY': 7.73, 'DISGUST': 0.15, 'FEAR': 6.59, 'HAPPY': 33.85, 'NEUTRAL': 14.1, 'SAD': 34.64, 'SURPRISE': 2.94}
2026-05-12 01:02:16,059 | INFO     | [536002] 🎯 KẾT QUẢ CHỐT: SAD (34.64%)
2026-05-12 01:02:16,059 | INFO     | [536002] ⏱️ Thời gian phản hồi: 56.25 ms
2026-05-12 01:02:16,110 | INFO     | [536110] ------------------------------------------
2026-05-12 01:02:16,111 | INFO     | [536110] 📥 NHẬN YÊU CẦU QUÉT KHUÔN MẶT MỚI
2026-05-12 01:02:16,111 | INFO     | [536110] Đã xử lý ảnh thành công. Kích thước tensor: (1, 48, 48, 1)
2026-05-12 01:02:16,166 | INFO     | [536110] 📊 Chi tiết dự đoán: {'ANGRY': 6.12, 'DISGUST': 0.12, 'FEAR': 5.67, 'HAPPY': 31.68, 'NEUTRAL': 16.45, 'SAD': 36.99, 'SURPRISE': 2.96}
2026-05-12 01:02:16,166 | INFO     | [536110] 🎯 KẾT QUẢ CHỐT: SAD (36.99%)
2026-05-12 01:02:16,166 | INFO     | [536110] ⏱️ Thời gian phản hồi: 55.89 ms
2026-05-12 01:02:16,202 | INFO     | [536202] ------------------------------------------
2026-05-12 01:02:16,204 | INFO     | [536202] 📥 NHẬN YÊU CẦU QUÉT KHUÔN MẶT MỚI
2026-05-12 01:02:16,204 | INFO     | [536202] Đã xử lý ảnh thành công. Kích thước tensor: (1, 48, 48, 1)
2026-05-12 01:02:16,270 | INFO     | [536202] 📊 Chi tiết dự đoán: {'ANGRY': 6.93, 'DISGUST': 0.14, 'FEAR': 5.64, 'HAPPY': 32.53, 'NEUTRAL': 15.4, 'SAD': 36.47, 'SURPRISE': 2.89}
2026-05-12 01:02:16,270 | INFO     | [536202] 🎯 KẾT QUẢ CHỐT: SAD (36.47%)
2026-05-12 01:02:16,270 | INFO     | [536202] ⏱️ Thời gian phản hồi: 67.89 ms
2026-05-12 01:02:16,313 | INFO     | [536313] ------------------------------------------
2026-05-12 01:02:16,313 | INFO     | [536313] 📥 NHẬN YÊU CẦU QUÉT KHUÔN MẶT MỚI
2026-05-12 01:02:16,313 | INFO     | [536313] Đã xử lý ảnh thành công. Kích thước tensor: (1, 48, 48, 1)
2026-05-12 01:02:16,371 | INFO     | [536313] 📊 Chi tiết dự đoán: {'ANGRY': 6.75, 'DISGUST': 0.15, 'FEAR': 5.79, 'HAPPY': 32.1, 'NEUTRAL': 17.21, 'SAD': 34.61, 'SURPRISE': 3.39}
2026-05-12 01:02:16,372 | INFO     | [536313] 🎯 KẾT QUẢ CHỐT: SAD (34.61%)
2026-05-12 01:02:16,372 | INFO     | [536313] ⏱️ Thời gian phản hồi: 58.09 ms
2026-05-12 01:02:16,405 | INFO     | [536405] ------------------------------------------
2026-05-12 01:02:16,405 | INFO     | [536405] 📥 NHẬN YÊU CẦU QUÉT KHUÔN MẶT MỚI
2026-05-12 01:02:16,406 | INFO     | [536405] Đã xử lý ảnh thành công. Kích thước tensor: (1, 48, 48, 1)
2026-05-12 01:02:16,460 | INFO     | [536405] 📊 Chi tiết dự đoán: {'ANGRY': 6.84, 'DISGUST': 0.14, 'FEAR': 6.95, 'HAPPY': 25.5, 'NEUTRAL': 15.9, 'SAD': 40.22, 'SURPRISE': 4.45}
2026-05-12 01:02:16,460 | INFO     | [536405] 🎯 KẾT QUẢ CHỐT: SAD (40.22%)
2026-05-12 01:02:16,460 | INFO     | [536405] ⏱️ Thời gian phản hồi: 54.96 ms
2026-05-12 01:02:16,515 | INFO     | [536515] ------------------------------------------
2026-05-12 01:02:16,515 | INFO     | [536515] 📥 NHẬN YÊU CẦU QUÉT KHUÔN MẶT MỚI
2026-05-12 01:02:16,516 | INFO     | [536515] Đã xử lý ảnh thành công. Kích thước tensor: (1, 48, 48, 1)
2026-05-12 01:02:16,569 | INFO     | [536515] 📊 Chi tiết dự đoán: {'ANGRY': 6.68, 'DISGUST': 0.2, 'FEAR': 7.21, 'HAPPY': 20.73, 'NEUTRAL': 16.64, 'SAD': 44.01, 'SURPRISE': 4.52}
2026-05-12 01:02:16,570 | INFO     | [536515] 🎯 KẾT QUẢ CHỐT: SAD (44.01%)
2026-05-12 01:02:16,570 | INFO     | [536515] ⏱️ Thời gian phản hồi: 53.78 ms
2026-05-12 01:02:16,610 | INFO     | [536610] ------------------------------------------
2026-05-12 01:02:16,610 | INFO     | [536610] 📥 NHẬN YÊU CẦU QUÉT KHUÔN MẶT MỚI
2026-05-12 01:02:16,611 | INFO     | [536610] Đã xử lý ảnh thành công. Kích thước tensor: (1, 48, 48, 1)
2026-05-12 01:02:16,666 | INFO     | [536610] 📊 Chi tiết dự đoán: {'ANGRY': 7.32, 'DISGUST': 0.18, 'FEAR': 7.26, 'HAPPY': 17.3, 'NEUTRAL': 14.99, 'SAD': 49.49, 'SURPRISE': 3.46}
2026-05-12 01:02:16,666 | INFO     | [536610] 🎯 KẾT QUẢ CHỐT: SAD (49.49%)
2026-05-12 01:02:16,666 | INFO     | [536610] ⏱️ Thời gian phản hồi: 55.78 ms
2026-05-12 01:02:16,702 | INFO     | [536702] ------------------------------------------
2026-05-12 01:02:16,702 | INFO     | [536702] 📥 NHẬN YÊU CẦU QUÉT KHUÔN MẶT MỚI
2026-05-12 01:02:16,703 | INFO     | [536702] Đã xử lý ảnh thành công. Kích thước tensor: (1, 48, 48, 1)
2026-05-12 01:02:16,766 | INFO     | [536702] 📊 Chi tiết dự đoán: {'ANGRY': 7.58, 'DISGUST': 0.18, 'FEAR': 7.48, 'HAPPY': 15.7, 'NEUTRAL': 14.39, 'SAD': 51.04, 'SURPRISE': 3.63}
2026-05-12 01:02:16,766 | INFO     | [536702] 🎯 KẾT QUẢ CHỐT: SAD (51.04%)
2026-05-12 01:02:16,766 | INFO     | [536702] ⏱️ Thời gian phản hồi: 63.74 ms
2026-05-12 01:02:16,810 | INFO     | [536810] ------------------------------------------
2026-05-12 01:02:16,811 | INFO     | [536810] 📥 NHẬN YÊU CẦU QUÉT KHUÔN MẶT MỚI
2026-05-12 01:02:16,812 | INFO     | [536810] Đã xử lý ảnh thành công. Kích thước tensor: (1, 48, 48, 1)
2026-05-12 01:02:16,866 | INFO     | [536810] 📊 Chi tiết dự đoán: {'ANGRY': 7.04, 'DISGUST': 0.15, 'FEAR': 6.44, 'HAPPY': 19.74, 'NEUTRAL': 15.77, 'SAD': 46.99, 'SURPRISE': 3.86}
2026-05-12 01:02:16,866 | INFO     | [536810] 🎯 KẾT QUẢ CHỐT: SAD (46.99%)
2026-05-12 01:02:16,866 | INFO     | [536810] ⏱️ Thời gian phản hồi: 56.34 ms
2026-05-12 01:02:16,904 | INFO     | [536904] ------------------------------------------
2026-05-12 01:02:16,904 | INFO     | [536904] 📥 NHẬN YÊU CẦU QUÉT KHUÔN MẶT MỚI
2026-05-12 01:02:16,905 | INFO     | [536904] Đã xử lý ảnh thành công. Kích thước tensor: (1, 48, 48, 1)
2026-05-12 01:02:16,966 | INFO     | [536904] 📊 Chi tiết dự đoán: {'ANGRY': 6.21, 'DISGUST': 0.15, 'FEAR': 5.52, 'HAPPY': 18.21, 'NEUTRAL': 16.87, 'SAD': 50.1, 'SURPRISE': 2.95}
2026-05-12 01:02:16,966 | INFO     | [536904] 🎯 KẾT QUẢ CHỐT: SAD (50.10%)
2026-05-12 01:02:16,967 | INFO     | [536904] ⏱️ Thời gian phản hồi: 61.9 ms
2026-05-12 01:02:17,014 | INFO     | [537014] ------------------------------------------
2026-05-12 01:02:17,014 | INFO     | [537014] 📥 NHẬN YÊU CẦU QUÉT KHUÔN MẶT MỚI
2026-05-12 01:02:17,015 | INFO     | [537014] Đã xử lý ảnh thành công. Kích thước tensor: (1, 48, 48, 1)
2026-05-12 01:02:17,065 | INFO     | [537014] 📊 Chi tiết dự đoán: {'ANGRY': 6.3, 'DISGUST': 0.21, 'FEAR': 6.56, 'HAPPY': 13.32, 'NEUTRAL': 14.02, 'SAD': 55.92, 'SURPRISE': 3.66}
2026-05-12 01:02:17,065 | INFO     | [537014] 🎯 KẾT QUẢ CHỐT: SAD (55.92%)
2026-05-12 01:02:17,065 | INFO     | [537014] ⏱️ Thời gian phản hồi: 51.01 ms
2026-05-12 01:02:17,106 | INFO     | [537106] ------------------------------------------
2026-05-12 01:02:17,106 | INFO     | [537106] 📥 NHẬN YÊU CẦU QUÉT KHUÔN MẶT MỚI
2026-05-12 01:02:17,107 | INFO     | [537106] Đã xử lý ảnh thành công. Kích thước tensor: (1, 48, 48, 1)
2026-05-12 01:02:17,158 | INFO     | [537106] 📊 Chi tiết dự đoán: {'ANGRY': 5.48, 'DISGUST': 0.17, 'FEAR': 5.91, 'HAPPY': 14.51, 'NEUTRAL': 16.32, 'SAD': 55.11, 'SURPRISE': 2.49}
2026-05-12 01:02:17,160 | INFO     | [537106] 🎯 KẾT QUẢ CHỐT: SAD (55.11%)
2026-05-12 01:02:17,160 | INFO     | [537106] ⏱️ Thời gian phản hồi: 52.72 ms
2026-05-12 01:02:17,213 | INFO     | [537213] ------------------------------------------
2026-05-12 01:02:17,215 | INFO     | [537213] 📥 NHẬN YÊU CẦU QUÉT KHUÔN MẶT MỚI
2026-05-12 01:02:17,215 | INFO     | [537213] Đã xử lý ảnh thành công. Kích thước tensor: (1, 48, 48, 1)
2026-05-12 01:02:17,266 | INFO     | [537213] 📊 Chi tiết dự đoán: {'ANGRY': 6.74, 'DISGUST': 0.12, 'FEAR': 3.91, 'HAPPY': 21.93, 'NEUTRAL': 16.0, 'SAD': 49.55, 'SURPRISE': 1.75}
2026-05-12 01:02:17,266 | INFO     | [537213] 🎯 KẾT QUẢ CHỐT: SAD (49.55%)
2026-05-12 01:02:17,266 | INFO     | [537213] ⏱️ Thời gian phản hồi: 52.64 ms
2026-05-12 01:02:17,307 | INFO     | [537307] ------------------------------------------
2026-05-12 01:02:17,307 | INFO     | [537307] 📥 NHẬN YÊU CẦU QUÉT KHUÔN MẶT MỚI
2026-05-12 01:02:17,308 | INFO     | [537307] Đã xử lý ảnh thành công. Kích thước tensor: (1, 48, 48, 1)
2026-05-12 01:02:17,367 | INFO     | [537307] 📊 Chi tiết dự đoán: {'ANGRY': 6.77, 'DISGUST': 0.12, 'FEAR': 4.89, 'HAPPY': 20.86, 'NEUTRAL': 16.35, 'SAD': 49.13, 'SURPRISE': 1.89}
2026-05-12 01:02:17,367 | INFO     | [537307] 🎯 KẾT QUẢ CHỐT: SAD (49.13%)
2026-05-12 01:02:17,367 | INFO     | [537307] ⏱️ Thời gian phản hồi: 59.76 ms
2026-05-12 01:02:17,414 | INFO     | [537413] ------------------------------------------
2026-05-12 01:02:17,414 | INFO     | [537413] 📥 NHẬN YÊU CẦU QUÉT KHUÔN MẶT MỚI
2026-05-12 01:02:17,414 | INFO     | [537413] Đã xử lý ảnh thành công. Kích thước tensor: (1, 48, 48, 1)
2026-05-12 01:02:17,465 | INFO     | [537413] 📊 Chi tiết dự đoán: {'ANGRY': 7.27, 'DISGUST': 0.14, 'FEAR': 4.53, 'HAPPY': 21.48, 'NEUTRAL': 14.41, 'SAD': 50.3, 'SURPRISE': 1.87}
2026-05-12 01:02:17,465 | INFO     | [537413] 🎯 KẾT QUẢ CHỐT: SAD (50.30%)
2026-05-12 01:02:17,465 | INFO     | [537413] ⏱️ Thời gian phản hồi: 52.35 ms
2026-05-12 01:02:17,508 | INFO     | [537508] ------------------------------------------
2026-05-12 01:02:17,508 | INFO     | [537508] 📥 NHẬN YÊU CẦU QUÉT KHUÔN MẶT MỚI
2026-05-12 01:02:17,509 | INFO     | [537508] Đã xử lý ảnh thành công. Kích thước tensor: (1, 48, 48, 1)
2026-05-12 01:02:17,566 | INFO     | [537508] 📊 Chi tiết dự đoán: {'ANGRY': 7.36, 'DISGUST': 0.12, 'FEAR': 4.2, 'HAPPY': 17.52, 'NEUTRAL': 19.29, 'SAD': 49.76, 'SURPRISE': 1.74}
2026-05-12 01:02:17,566 | INFO     | [537508] 🎯 KẾT QUẢ CHỐT: SAD (49.76%)
2026-05-12 01:02:17,566 | INFO     | [537508] ⏱️ Thời gian phản hồi: 57.99 ms
2026-05-12 01:02:17,617 | INFO     | [537617] ------------------------------------------
2026-05-12 01:02:17,619 | INFO     | [537617] 📥 NHẬN YÊU CẦU QUÉT KHUÔN MẶT MỚI
2026-05-12 01:02:17,619 | INFO     | [537617] Đã xử lý ảnh thành công. Kích thước tensor: (1, 48, 48, 1)
2026-05-12 01:02:17,676 | INFO     | [537617] 📊 Chi tiết dự đoán: {'ANGRY': 8.03, 'DISGUST': 0.14, 'FEAR': 4.38, 'HAPPY': 19.7, 'NEUTRAL': 16.72, 'SAD': 48.98, 'SURPRISE': 2.05}
2026-05-12 01:02:17,676 | INFO     | [537617] 🎯 KẾT QUẢ CHỐT: SAD (48.98%)
2026-05-12 01:02:17,677 | INFO     | [537617] ⏱️ Thời gian phản hồi: 58.85 ms
2026-05-12 01:02:17,713 | INFO     | [537713] ------------------------------------------
2026-05-12 01:02:17,713 | INFO     | [537713] 📥 NHẬN YÊU CẦU QUÉT KHUÔN MẶT MỚI
2026-05-12 01:02:17,714 | INFO     | [537713] Đã xử lý ảnh thành công. Kích thước tensor: (1, 48, 48, 1)
2026-05-12 01:02:17,768 | INFO     | [537713] 📊 Chi tiết dự đoán: {'ANGRY': 7.61, 'DISGUST': 0.14, 'FEAR': 5.03, 'HAPPY': 18.62, 'NEUTRAL': 16.76, 'SAD': 49.69, 'SURPRISE': 2.15}
2026-05-12 01:02:17,768 | INFO     | [537713] 🎯 KẾT QUẢ CHỐT: SAD (49.69%)
2026-05-12 01:02:17,768 | INFO     | [537713] ⏱️ Thời gian phản hồi: 54.69 ms
2026-05-12 01:02:17,806 | INFO     | [537806] ------------------------------------------
2026-05-12 01:02:17,806 | INFO     | [537806] 📥 NHẬN YÊU CẦU QUÉT KHUÔN MẶT MỚI
2026-05-12 01:02:17,807 | INFO     | [537806] Đã xử lý ảnh thành công. Kích thước tensor: (1, 48, 48, 1)
2026-05-12 01:02:17,859 | INFO     | [537806] 📊 Chi tiết dự đoán: {'ANGRY': 7.55, 'DISGUST': 0.11, 'FEAR': 4.01, 'HAPPY': 19.48, 'NEUTRAL': 16.84, 'SAD': 50.45, 'SURPRISE': 1.56}
2026-05-12 01:02:17,859 | INFO     | [537806] 🎯 KẾT QUẢ CHỐT: SAD (50.45%)
2026-05-12 01:02:17,860 | INFO     | [537806] ⏱️ Thời gian phản hồi: 53.61 ms
2026-05-12 01:02:17,914 | INFO     | [537914] ------------------------------------------
2026-05-12 01:02:17,915 | INFO     | [537914] 📥 NHẬN YÊU CẦU QUÉT KHUÔN MẶT MỚI
2026-05-12 01:02:17,915 | INFO     | [537914] Đã xử lý ảnh thành công. Kích thước tensor: (1, 48, 48, 1)
2026-05-12 01:02:17,966 | INFO     | [537914] 📊 Chi tiết dự đoán: {'ANGRY': 6.98, 'DISGUST': 0.13, 'FEAR': 4.2, 'HAPPY': 18.0, 'NEUTRAL': 16.91, 'SAD': 51.98, 'SURPRISE': 1.8}
2026-05-12 01:02:17,966 | INFO     | [537914] 🎯 KẾT QUẢ CHỐT: SAD (51.98%)
2026-05-12 01:02:17,966 | INFO     | [537914] ⏱️ Thời gian phản hồi: 52.3 ms
2026-05-12 01:02:18,010 | INFO     | [538010] ------------------------------------------
2026-05-12 01:02:18,010 | INFO     | [538010] 📥 NHẬN YÊU CẦU QUÉT KHUÔN MẶT MỚI
2026-05-12 01:02:18,011 | INFO     | [538010] Đã xử lý ảnh thành công. Kích thước tensor: (1, 48, 48, 1)
2026-05-12 01:02:18,067 | INFO     | [538010] 📊 Chi tiết dự đoán: {'ANGRY': 6.88, 'DISGUST': 0.12, 'FEAR': 4.22, 'HAPPY': 20.65, 'NEUTRAL': 18.43, 'SAD': 48.02, 'SURPRISE': 1.68}
2026-05-12 01:02:18,068 | INFO     | [538010] 🎯 KẾT QUẢ CHỐT: SAD (48.02%)
2026-05-12 01:02:18,068 | INFO     | [538010] ⏱️ Thời gian phản hồi: 57.11 ms
2026-05-12 01:02:18,119 | INFO     | [538117] ------------------------------------------
2026-05-12 01:02:18,119 | INFO     | [538117] 📥 NHẬN YÊU CẦU QUÉT KHUÔN MẶT MỚI
2026-05-12 01:02:18,119 | INFO     | [538117] Đã xử lý ảnh thành công. Kích thước tensor: (1, 48, 48, 1)
2026-05-12 01:02:18,170 | INFO     | [538117] 📊 Chi tiết dự đoán: {'ANGRY': 7.73, 'DISGUST': 0.12, 'FEAR': 3.2, 'HAPPY': 20.53, 'NEUTRAL': 16.83, 'SAD': 50.19, 'SURPRISE': 1.4}
2026-05-12 01:02:18,170 | INFO     | [538117] 🎯 KẾT QUẢ CHỐT: SAD (50.19%)
2026-05-12 01:02:18,170 | INFO     | [538117] ⏱️ Thời gian phản hồi: 52.78 ms
2026-05-12 01:02:18,211 | INFO     | [538211] ------------------------------------------
2026-05-12 01:02:18,211 | INFO     | [538211] 📥 NHẬN YÊU CẦU QUÉT KHUÔN MẶT MỚI
2026-05-12 01:02:18,212 | INFO     | [538211] Đã xử lý ảnh thành công. Kích thước tensor: (1, 48, 48, 1)
2026-05-12 01:02:18,267 | INFO     | [538211] 📊 Chi tiết dự đoán: {'ANGRY': 6.5, 'DISGUST': 0.15, 'FEAR': 4.41, 'HAPPY': 21.21, 'NEUTRAL': 16.96, 'SAD': 49.0, 'SURPRISE': 1.76}
2026-05-12 01:02:18,268 | INFO     | [538211] 🎯 KẾT QUẢ CHỐT: SAD (49.00%)
2026-05-12 01:02:18,268 | INFO     | [538211] ⏱️ Thời gian phản hồi: 56.35 ms
2026-05-12 01:02:18,304 | INFO     | [538304] ------------------------------------------
2026-05-12 01:02:18,304 | INFO     | [538304] 📥 NHẬN YÊU CẦU QUÉT KHUÔN MẶT MỚI
2026-05-12 01:02:18,304 | INFO     | [538304] Đã xử lý ảnh thành công. Kích thước tensor: (1, 48, 48, 1)
2026-05-12 01:02:18,363 | INFO     | [538304] 📊 Chi tiết dự đoán: {'ANGRY': 7.08, 'DISGUST': 0.11, 'FEAR': 4.05, 'HAPPY': 19.27, 'NEUTRAL': 17.56, 'SAD': 49.96, 'SURPRISE': 1.97}
2026-05-12 01:02:18,364 | INFO     | [538304] 🎯 KẾT QUẢ CHỐT: SAD (49.96%)
2026-05-12 01:02:18,364 | INFO     | [538304] ⏱️ Thời gian phản hồi: 58.93 ms
2026-05-12 01:02:18,501 | INFO     | [BATCH-538501] ==========================================
2026-05-12 01:02:18,501 | INFO     | [BATCH-538501] 🎞️ NHẬN CHUỖI 50 KHUNG HÌNH (BATCH)
2026-05-12 01:02:18,589 | INFO     | [BATCH-538501] ↳ Frame 1/50: SAD (40.2%)
2026-05-12 01:02:18,665 | INFO     | [BATCH-538501] ↳ Frame 2/50: SAD (40.2%)
2026-05-12 01:02:18,717 | INFO     | [BATCH-538501] ↳ Frame 3/50: SAD (38.6%)
2026-05-12 01:02:18,773 | INFO     | [BATCH-538501] ↳ Frame 4/50: HAPPY (36.1%)
2026-05-12 01:02:18,827 | INFO     | [BATCH-538501] ↳ Frame 5/50: HAPPY (38.1%)
2026-05-12 01:02:18,881 | INFO     | [BATCH-538501] ↳ Frame 6/50: HAPPY (32.0%)
2026-05-12 01:02:18,936 | INFO     | [BATCH-538501] ↳ Frame 7/50: HAPPY (34.0%)
2026-05-12 01:02:18,994 | INFO     | [BATCH-538501] ↳ Frame 8/50: SAD (32.4%)
2026-05-12 01:02:19,050 | INFO     | [BATCH-538501] ↳ Frame 9/50: SAD (31.5%)
2026-05-12 01:02:19,112 | INFO     | [BATCH-538501] ↳ Frame 10/50: HAPPY (30.8%)
2026-05-12 01:02:19,168 | INFO     | [BATCH-538501] ↳ Frame 11/50: HAPPY (31.7%)
2026-05-12 01:02:19,227 | INFO     | [BATCH-538501] ↳ Frame 12/50: SAD (34.9%)
2026-05-12 01:02:19,280 | INFO     | [BATCH-538501] ↳ Frame 13/50: SAD (34.2%)
2026-05-12 01:02:19,334 | INFO     | [BATCH-538501] ↳ Frame 14/50: SAD (31.5%)
2026-05-12 01:02:19,385 | INFO     | [BATCH-538501] ↳ Frame 15/50: SAD (34.0%)
2026-05-12 01:02:19,442 | INFO     | [BATCH-538501] ↳ Frame 16/50: SAD (29.9%)
2026-05-12 01:02:19,497 | INFO     | [BATCH-538501] ↳ Frame 17/50: SAD (31.9%)
2026-05-12 01:02:19,554 | INFO     | [BATCH-538501] ↳ Frame 18/50: SAD (31.1%)
2026-05-12 01:02:19,613 | INFO     | [BATCH-538501] ↳ Frame 19/50: SAD (31.5%)
2026-05-12 01:02:19,673 | INFO     | [BATCH-538501] ↳ Frame 20/50: SAD (35.3%)
2026-05-12 01:02:19,740 | INFO     | [BATCH-538501] ↳ Frame 21/50: SAD (33.3%)
2026-05-12 01:02:19,800 | INFO     | [BATCH-538501] ↳ Frame 22/50: SAD (34.0%)
2026-05-12 01:02:19,863 | INFO     | [BATCH-538501] ↳ Frame 23/50: SAD (33.0%)
2026-05-12 01:02:19,918 | INFO     | [BATCH-538501] ↳ Frame 24/50: SAD (32.8%)
2026-05-12 01:02:19,974 | INFO     | [BATCH-538501] ↳ Frame 25/50: SAD (33.4%)
2026-05-12 01:02:20,029 | INFO     | [BATCH-538501] ↳ Frame 26/50: SAD (33.9%)
2026-05-12 01:02:20,085 | INFO     | [BATCH-538501] ↳ Frame 27/50: SAD (34.6%)
2026-05-12 01:02:20,141 | INFO     | [BATCH-538501] ↳ Frame 28/50: SAD (37.0%)
2026-05-12 01:02:20,194 | INFO     | [BATCH-538501] ↳ Frame 29/50: SAD (36.5%)
2026-05-12 01:02:20,250 | INFO     | [BATCH-538501] ↳ Frame 30/50: SAD (34.6%)
2026-05-12 01:02:20,311 | INFO     | [BATCH-538501] ↳ Frame 31/50: SAD (40.2%)
2026-05-12 01:02:20,364 | INFO     | [BATCH-538501] ↳ Frame 32/50: SAD (44.0%)
2026-05-12 01:02:20,418 | INFO     | [BATCH-538501] ↳ Frame 33/50: SAD (49.5%)
2026-05-12 01:02:20,473 | INFO     | [BATCH-538501] ↳ Frame 34/50: SAD (51.0%)
2026-05-12 01:02:20,530 | INFO     | [BATCH-538501] ↳ Frame 35/50: SAD (47.0%)
2026-05-12 01:02:20,583 | INFO     | [BATCH-538501] ↳ Frame 36/50: SAD (50.1%)
2026-05-12 01:02:20,640 | INFO     | [BATCH-538501] ↳ Frame 37/50: SAD (55.9%)
2026-05-12 01:02:20,697 | INFO     | [BATCH-538501] ↳ Frame 38/50: SAD (55.1%)
2026-05-12 01:02:20,754 | INFO     | [BATCH-538501] ↳ Frame 39/50: SAD (49.6%)
2026-05-12 01:02:20,815 | INFO     | [BATCH-538501] ↳ Frame 40/50: SAD (49.1%)
2026-05-12 01:02:20,869 | INFO     | [BATCH-538501] ↳ Frame 41/50: SAD (50.3%)
2026-05-12 01:02:20,921 | INFO     | [BATCH-538501] ↳ Frame 42/50: SAD (49.8%)
2026-05-12 01:02:20,976 | INFO     | [BATCH-538501] ↳ Frame 43/50: SAD (49.0%)
2026-05-12 01:02:21,031 | INFO     | [BATCH-538501] ↳ Frame 44/50: SAD (49.7%)
2026-05-12 01:02:21,084 | INFO     | [BATCH-538501] ↳ Frame 45/50: SAD (50.4%)
2026-05-12 01:02:21,138 | INFO     | [BATCH-538501] ↳ Frame 46/50: SAD (52.0%)
2026-05-12 01:02:21,192 | INFO     | [BATCH-538501] ↳ Frame 47/50: SAD (48.0%)
2026-05-12 01:02:21,246 | INFO     | [BATCH-538501] ↳ Frame 48/50: SAD (50.2%)
2026-05-12 01:02:21,308 | INFO     | [BATCH-538501] ↳ Frame 49/50: SAD (49.0%)
2026-05-12 01:02:21,362 | INFO     | [BATCH-538501] ↳ Frame 50/50: SAD (50.0%)
2026-05-12 01:02:21,362 | INFO     | [BATCH-538501] 🎯 KẾT QUẢ CHUỖI: SAD (Tần suất: {'SAD': 44, 'HAPPY': 6})
2026-05-12 01:02:21,362 | INFO     | [BATCH-538501] ⏱️ Tổng thời gian xử lý: 2860.85 ms
2026-05-12 01:02:41,084 | INFO     | [561084] ------------------------------------------
2026-05-12 01:02:41,084 | INFO     | [561084] 📥 NHẬN YÊU CẦU QUÉT KHUÔN MẶT MỚI
2026-05-12 01:02:41,085 | INFO     | [561084] Đã xử lý ảnh thành công. Kích thước tensor: (1, 48, 48, 1)
2026-05-12 01:02:41,144 | INFO     | [561084] 📊 Chi tiết dự đoán: {'ANGRY': 6.09, 'DISGUST': 0.24, 'FEAR': 6.35, 'HAPPY': 18.86, 'NEUTRAL': 14.03, 'SAD': 51.31, 'SURPRISE': 3.11}
2026-05-12 01:02:41,144 | INFO     | [561084] 🎯 KẾT QUẢ CHỐT: SAD (51.31%)
2026-05-12 01:02:41,144 | INFO     | [561084] ⏱️ Thời gian phản hồi: 59.95 ms
2026-05-12 01:02:41,174 | INFO     | [561174] ------------------------------------------
2026-05-12 01:02:41,174 | INFO     | [561174] 📥 NHẬN YÊU CẦU QUÉT KHUÔN MẶT MỚI
2026-05-12 01:02:41,175 | INFO     | [561174] Đã xử lý ảnh thành công. Kích thước tensor: (1, 48, 48, 1)
2026-05-12 01:02:41,240 | INFO     | [561174] 📊 Chi tiết dự đoán: {'ANGRY': 4.97, 'DISGUST': 0.18, 'FEAR': 5.98, 'HAPPY': 21.12, 'NEUTRAL': 15.41, 'SAD': 49.52, 'SURPRISE': 2.83}
2026-05-12 01:02:41,240 | INFO     | [561174] 🎯 KẾT QUẢ CHỐT: SAD (49.52%)
2026-05-12 01:02:41,240 | INFO     | [561174] ⏱️ Thời gian phản hồi: 66.37 ms
2026-05-12 01:02:41,283 | INFO     | [561283] ------------------------------------------
2026-05-12 01:02:41,283 | INFO     | [561283] 📥 NHẬN YÊU CẦU QUÉT KHUÔN MẶT MỚI
2026-05-12 01:02:41,283 | INFO     | [561283] Đã xử lý ảnh thành công. Kích thước tensor: (1, 48, 48, 1)
2026-05-12 01:02:41,352 | INFO     | [561283] 📊 Chi tiết dự đoán: {'ANGRY': 4.74, 'DISGUST': 0.14, 'FEAR': 6.22, 'HAPPY': 11.71, 'NEUTRAL': 19.36, 'SAD': 55.64, 'SURPRISE': 2.19}
2026-05-12 01:02:41,352 | INFO     | [561283] 🎯 KẾT QUẢ CHỐT: SAD (55.64%)
2026-05-12 01:02:41,352 | INFO     | [561283] ⏱️ Thời gian phản hồi: 69.22 ms
2026-05-12 01:02:41,378 | INFO     | [561378] ------------------------------------------
2026-05-12 01:02:41,379 | INFO     | [561378] 📥 NHẬN YÊU CẦU QUÉT KHUÔN MẶT MỚI
2026-05-12 01:02:41,379 | INFO     | [561378] Đã xử lý ảnh thành công. Kích thước tensor: (1, 48, 48, 1)
2026-05-12 01:02:41,442 | INFO     | [561378] 📊 Chi tiết dự đoán: {'ANGRY': 6.34, 'DISGUST': 0.2, 'FEAR': 7.23, 'HAPPY': 14.79, 'NEUTRAL': 17.22, 'SAD': 51.43, 'SURPRISE': 2.8}
2026-05-12 01:02:41,442 | INFO     | [561378] 🎯 KẾT QUẢ CHỐT: SAD (51.43%)
2026-05-12 01:02:41,443 | INFO     | [561378] ⏱️ Thời gian phản hồi: 64.34 ms
2026-05-12 01:02:41,689 | INFO     | [561689] ------------------------------------------
2026-05-12 01:02:41,689 | INFO     | [561689] 📥 NHẬN YÊU CẦU QUÉT KHUÔN MẶT MỚI
2026-05-12 01:02:41,691 | INFO     | [561689] Đã xử lý ảnh thành công. Kích thước tensor: (1, 48, 48, 1)
2026-05-12 01:02:41,748 | INFO     | [561689] 📊 Chi tiết dự đoán: {'ANGRY': 5.17, 'DISGUST': 0.2, 'FEAR': 6.63, 'HAPPY': 16.69, 'NEUTRAL': 15.78, 'SAD': 52.76, 'SURPRISE': 2.77}
2026-05-12 01:02:41,748 | INFO     | [561689] 🎯 KẾT QUẢ CHỐT: SAD (52.76%)
2026-05-12 01:02:41,748 | INFO     | [561689] ⏱️ Thời gian phản hồi: 57.63 ms
2026-05-12 01:02:41,799 | INFO     | [561799] ------------------------------------------
2026-05-12 01:02:41,799 | INFO     | [561799] 📥 NHẬN YÊU CẦU QUÉT KHUÔN MẶT MỚI
2026-05-12 01:02:41,800 | INFO     | [561799] Đã xử lý ảnh thành công. Kích thước tensor: (1, 48, 48, 1)
2026-05-12 01:02:41,855 | INFO     | [561799] 📊 Chi tiết dự đoán: {'ANGRY': 5.39, 'DISGUST': 0.15, 'FEAR': 6.14, 'HAPPY': 15.86, 'NEUTRAL': 18.74, 'SAD': 51.33, 'SURPRISE': 2.4}
2026-05-12 01:02:41,855 | INFO     | [561799] 🎯 KẾT QUẢ CHỐT: SAD (51.33%)
2026-05-12 01:02:41,855 | INFO     | [561799] ⏱️ Thời gian phản hồi: 56.78 ms
2026-05-12 01:02:41,896 | INFO     | [561896] ------------------------------------------
2026-05-12 01:02:41,896 | INFO     | [561896] 📥 NHẬN YÊU CẦU QUÉT KHUÔN MẶT MỚI
2026-05-12 01:02:41,897 | INFO     | [561896] Đã xử lý ảnh thành công. Kích thước tensor: (1, 48, 48, 1)
2026-05-12 01:02:41,950 | INFO     | [561896] 📊 Chi tiết dự đoán: {'ANGRY': 5.09, 'DISGUST': 0.21, 'FEAR': 6.78, 'HAPPY': 9.33, 'NEUTRAL': 15.64, 'SAD': 60.43, 'SURPRISE': 2.52}
2026-05-12 01:02:41,950 | INFO     | [561896] 🎯 KẾT QUẢ CHỐT: SAD (60.43%)
2026-05-12 01:02:41,950 | INFO     | [561896] ⏱️ Thời gian phản hồi: 54.3 ms
2026-05-12 01:02:41,986 | INFO     | [561986] ------------------------------------------
2026-05-12 01:02:41,986 | INFO     | [561986] 📥 NHẬN YÊU CẦU QUÉT KHUÔN MẶT MỚI
2026-05-12 01:02:41,987 | INFO     | [561986] Đã xử lý ảnh thành công. Kích thước tensor: (1, 48, 48, 1)
2026-05-12 01:02:42,047 | INFO     | [561986] 📊 Chi tiết dự đoán: {'ANGRY': 5.19, 'DISGUST': 0.14, 'FEAR': 7.06, 'HAPPY': 13.91, 'NEUTRAL': 15.62, 'SAD': 54.81, 'SURPRISE': 3.29}
2026-05-12 01:02:42,047 | INFO     | [561986] 🎯 KẾT QUẢ CHỐT: SAD (54.81%)
2026-05-12 01:02:42,048 | INFO     | [561986] ⏱️ Thời gian phản hồi: 61.51 ms
2026-05-12 01:02:42,079 | INFO     | [562079] ------------------------------------------
2026-05-12 01:02:42,079 | INFO     | [562079] 📥 NHẬN YÊU CẦU QUÉT KHUÔN MẶT MỚI
2026-05-12 01:02:42,080 | INFO     | [562079] Đã xử lý ảnh thành công. Kích thước tensor: (1, 48, 48, 1)
2026-05-12 01:02:42,148 | INFO     | [562079] 📊 Chi tiết dự đoán: {'ANGRY': 4.96, 'DISGUST': 0.17, 'FEAR': 5.89, 'HAPPY': 13.63, 'NEUTRAL': 18.35, 'SAD': 54.56, 'SURPRISE': 2.44}
2026-05-12 01:02:42,149 | INFO     | [562079] 🎯 KẾT QUẢ CHỐT: SAD (54.56%)
2026-05-12 01:02:42,149 | INFO     | [562079] ⏱️ Thời gian phản hồi: 68.62 ms
2026-05-12 01:02:42,188 | INFO     | [562188] ------------------------------------------
2026-05-12 01:02:42,189 | INFO     | [562188] 📥 NHẬN YÊU CẦU QUÉT KHUÔN MẶT MỚI
2026-05-12 01:02:42,189 | INFO     | [562188] Đã xử lý ảnh thành công. Kích thước tensor: (1, 48, 48, 1)
2026-05-12 01:02:42,259 | INFO     | [562188] 📊 Chi tiết dự đoán: {'ANGRY': 5.64, 'DISGUST': 0.24, 'FEAR': 6.21, 'HAPPY': 17.62, 'NEUTRAL': 15.77, 'SAD': 51.68, 'SURPRISE': 2.84}
2026-05-12 01:02:42,259 | INFO     | [562188] 🎯 KẾT QUẢ CHỐT: SAD (51.68%)
2026-05-12 01:02:42,259 | INFO     | [562188] ⏱️ Thời gian phản hồi: 71.12 ms
2026-05-12 01:02:42,279 | INFO     | [562279] ------------------------------------------
2026-05-12 01:02:42,281 | INFO     | [562279] 📥 NHẬN YÊU CẦU QUÉT KHUÔN MẶT MỚI
2026-05-12 01:02:42,281 | INFO     | [562279] Đã xử lý ảnh thành công. Kích thước tensor: (1, 48, 48, 1)
2026-05-12 01:02:42,339 | INFO     | [562279] 📊 Chi tiết dự đoán: {'ANGRY': 5.15, 'DISGUST': 0.18, 'FEAR': 5.72, 'HAPPY': 16.19, 'NEUTRAL': 18.56, 'SAD': 51.6, 'SURPRISE': 2.6}
2026-05-12 01:02:42,340 | INFO     | [562279] 🎯 KẾT QUẢ CHỐT: SAD (51.60%)
2026-05-12 01:02:42,340 | INFO     | [562279] ⏱️ Thời gian phản hồi: 59.49 ms
2026-05-12 01:02:42,390 | INFO     | [562390] ------------------------------------------
2026-05-12 01:02:42,390 | INFO     | [562390] 📥 NHẬN YÊU CẦU QUÉT KHUÔN MẶT MỚI
2026-05-12 01:02:42,392 | INFO     | [562390] Đã xử lý ảnh thành công. Kích thước tensor: (1, 48, 48, 1)
2026-05-12 01:02:42,453 | INFO     | [562390] 📊 Chi tiết dự đoán: {'ANGRY': 5.07, 'DISGUST': 0.16, 'FEAR': 5.86, 'HAPPY': 16.51, 'NEUTRAL': 17.5, 'SAD': 52.52, 'SURPRISE': 2.4}
2026-05-12 01:02:42,453 | INFO     | [562390] 🎯 KẾT QUẢ CHỐT: SAD (52.52%)
2026-05-12 01:02:42,453 | INFO     | [562390] ⏱️ Thời gian phản hồi: 61.04 ms
2026-05-12 01:02:42,483 | INFO     | [562483] ------------------------------------------
2026-05-12 01:02:42,483 | INFO     | [562483] 📥 NHẬN YÊU CẦU QUÉT KHUÔN MẶT MỚI
2026-05-12 01:02:42,484 | INFO     | [562483] Đã xử lý ảnh thành công. Kích thước tensor: (1, 48, 48, 1)
2026-05-12 01:02:42,544 | INFO     | [562483] 📊 Chi tiết dự đoán: {'ANGRY': 5.39, 'DISGUST': 0.19, 'FEAR': 6.45, 'HAPPY': 13.64, 'NEUTRAL': 14.79, 'SAD': 56.27, 'SURPRISE': 3.27}
2026-05-12 01:02:42,544 | INFO     | [562483] 🎯 KẾT QUẢ CHỐT: SAD (56.27%)
2026-05-12 01:02:42,545 | INFO     | [562483] ⏱️ Thời gian phản hồi: 60.68 ms
2026-05-12 01:02:42,592 | INFO     | [562592] ------------------------------------------
2026-05-12 01:02:42,592 | INFO     | [562592] 📥 NHẬN YÊU CẦU QUÉT KHUÔN MẶT MỚI
2026-05-12 01:02:42,593 | INFO     | [562592] Đã xử lý ảnh thành công. Kích thước tensor: (1, 48, 48, 1)
2026-05-12 01:02:42,651 | INFO     | [562592] 📊 Chi tiết dự đoán: {'ANGRY': 5.36, 'DISGUST': 0.17, 'FEAR': 5.95, 'HAPPY': 16.3, 'NEUTRAL': 18.85, 'SAD': 50.94, 'SURPRISE': 2.43}
2026-05-12 01:02:42,651 | INFO     | [562592] 🎯 KẾT QUẢ CHỐT: SAD (50.94%)
2026-05-12 01:02:42,651 | INFO     | [562592] ⏱️ Thời gian phản hồi: 59.32 ms
2026-05-12 01:02:42,686 | INFO     | [562686] ------------------------------------------
2026-05-12 01:02:42,686 | INFO     | [562686] 📥 NHẬN YÊU CẦU QUÉT KHUÔN MẶT MỚI
2026-05-12 01:02:42,687 | INFO     | [562686] Đã xử lý ảnh thành công. Kích thước tensor: (1, 48, 48, 1)
2026-05-12 01:02:42,752 | INFO     | [562686] 📊 Chi tiết dự đoán: {'ANGRY': 5.14, 'DISGUST': 0.22, 'FEAR': 6.66, 'HAPPY': 14.07, 'NEUTRAL': 15.1, 'SAD': 55.49, 'SURPRISE': 3.31}
2026-05-12 01:02:42,753 | INFO     | [562686] 🎯 KẾT QUẢ CHỐT: SAD (55.49%)
2026-05-12 01:02:42,753 | INFO     | [562686] ⏱️ Thời gian phản hồi: 66.67 ms
2026-05-12 01:02:42,779 | INFO     | [562779] ------------------------------------------
2026-05-12 01:02:42,780 | INFO     | [562779] 📥 NHẬN YÊU CẦU QUÉT KHUÔN MẶT MỚI
2026-05-12 01:02:42,780 | INFO     | [562779] Đã xử lý ảnh thành công. Kích thước tensor: (1, 48, 48, 1)
2026-05-12 01:02:42,842 | INFO     | [562779] 📊 Chi tiết dự đoán: {'ANGRY': 4.99, 'DISGUST': 0.2, 'FEAR': 6.56, 'HAPPY': 10.49, 'NEUTRAL': 16.6, 'SAD': 58.19, 'SURPRISE': 2.96}
2026-05-12 01:02:42,843 | INFO     | [562779] 🎯 KẾT QUẢ CHỐT: SAD (58.19%)
2026-05-12 01:02:42,843 | INFO     | [562779] ⏱️ Thời gian phản hồi: 63.12 ms
2026-05-12 01:02:42,887 | INFO     | [562887] ------------------------------------------
2026-05-12 01:02:42,887 | INFO     | [562887] 📥 NHẬN YÊU CẦU QUÉT KHUÔN MẶT MỚI
2026-05-12 01:02:42,887 | INFO     | [562887] Đã xử lý ảnh thành công. Kích thước tensor: (1, 48, 48, 1)
2026-05-12 01:02:42,944 | INFO     | [562887] 📊 Chi tiết dự đoán: {'ANGRY': 5.24, 'DISGUST': 0.21, 'FEAR': 6.31, 'HAPPY': 14.53, 'NEUTRAL': 17.39, 'SAD': 53.55, 'SURPRISE': 2.77}
2026-05-12 01:02:42,944 | INFO     | [562887] 🎯 KẾT QUẢ CHỐT: SAD (53.55%)
2026-05-12 01:02:42,944 | INFO     | [562887] ⏱️ Thời gian phản hồi: 56.51 ms
2026-05-12 01:02:42,979 | INFO     | [562979] ------------------------------------------
2026-05-12 01:02:42,980 | INFO     | [562979] 📥 NHẬN YÊU CẦU QUÉT KHUÔN MẶT MỚI
2026-05-12 01:02:42,981 | INFO     | [562979] Đã xử lý ảnh thành công. Kích thước tensor: (1, 48, 48, 1)
2026-05-12 01:02:43,047 | INFO     | [562979] 📊 Chi tiết dự đoán: {'ANGRY': 5.15, 'DISGUST': 0.23, 'FEAR': 5.77, 'HAPPY': 17.12, 'NEUTRAL': 17.55, 'SAD': 51.69, 'SURPRISE': 2.49}
2026-05-12 01:02:43,047 | INFO     | [562979] 🎯 KẾT QUẢ CHỐT: SAD (51.69%)
2026-05-12 01:02:43,047 | INFO     | [562979] ⏱️ Thời gian phản hồi: 67.85 ms
2026-05-12 01:02:43,089 | INFO     | [563089] ------------------------------------------
2026-05-12 01:02:43,089 | INFO     | [563089] 📥 NHẬN YÊU CẦU QUÉT KHUÔN MẶT MỚI
2026-05-12 01:02:43,090 | INFO     | [563089] Đã xử lý ảnh thành công. Kích thước tensor: (1, 48, 48, 1)
2026-05-12 01:02:43,146 | INFO     | [563089] 📊 Chi tiết dự đoán: {'ANGRY': 5.18, 'DISGUST': 0.18, 'FEAR': 5.77, 'HAPPY': 16.95, 'NEUTRAL': 18.74, 'SAD': 50.66, 'SURPRISE': 2.51}
2026-05-12 01:02:43,146 | INFO     | [563089] 🎯 KẾT QUẢ CHỐT: SAD (50.66%)
2026-05-12 01:02:43,146 | INFO     | [563089] ⏱️ Thời gian phản hồi: 56.53 ms
2026-05-12 01:02:43,183 | INFO     | [563183] ------------------------------------------
2026-05-12 01:02:43,183 | INFO     | [563183] 📥 NHẬN YÊU CẦU QUÉT KHUÔN MẶT MỚI
2026-05-12 01:02:43,184 | INFO     | [563183] Đã xử lý ảnh thành công. Kích thước tensor: (1, 48, 48, 1)
2026-05-12 01:02:43,244 | INFO     | [563183] 📊 Chi tiết dự đoán: {'ANGRY': 5.29, 'DISGUST': 0.18, 'FEAR': 6.36, 'HAPPY': 18.79, 'NEUTRAL': 18.18, 'SAD': 48.28, 'SURPRISE': 2.92}
2026-05-12 01:02:43,244 | INFO     | [563183] 🎯 KẾT QUẢ CHỐT: SAD (48.28%)
2026-05-12 01:02:43,244 | INFO     | [563183] ⏱️ Thời gian phản hồi: 59.2 ms
2026-05-12 01:02:43,291 | INFO     | [563291] ------------------------------------------
2026-05-12 01:02:43,291 | INFO     | [563291] 📥 NHẬN YÊU CẦU QUÉT KHUÔN MẶT MỚI
2026-05-12 01:02:43,291 | INFO     | [563291] Đã xử lý ảnh thành công. Kích thước tensor: (1, 48, 48, 1)
2026-05-12 01:02:43,349 | INFO     | [563291] 📊 Chi tiết dự đoán: {'ANGRY': 4.99, 'DISGUST': 0.14, 'FEAR': 6.92, 'HAPPY': 15.31, 'NEUTRAL': 19.43, 'SAD': 50.22, 'SURPRISE': 2.99}
2026-05-12 01:02:43,349 | INFO     | [563291] 🎯 KẾT QUẢ CHỐT: SAD (50.22%)
2026-05-12 01:02:43,349 | INFO     | [563291] ⏱️ Thời gian phản hồi: 58.33 ms
2026-05-12 01:02:43,386 | INFO     | [563386] ------------------------------------------
2026-05-12 01:02:43,386 | INFO     | [563386] 📥 NHẬN YÊU CẦU QUÉT KHUÔN MẶT MỚI
2026-05-12 01:02:43,387 | INFO     | [563386] Đã xử lý ảnh thành công. Kích thước tensor: (1, 48, 48, 1)
2026-05-12 01:02:43,446 | INFO     | [563386] 📊 Chi tiết dự đoán: {'ANGRY': 6.02, 'DISGUST': 0.32, 'FEAR': 6.17, 'HAPPY': 15.43, 'NEUTRAL': 16.46, 'SAD': 52.97, 'SURPRISE': 2.64}
2026-05-12 01:02:43,447 | INFO     | [563386] 🎯 KẾT QUẢ CHỐT: SAD (52.97%)
2026-05-12 01:02:43,447 | INFO     | [563386] ⏱️ Thời gian phản hồi: 60.46 ms
2026-05-12 01:02:43,494 | INFO     | [563494] ------------------------------------------
2026-05-12 01:02:43,494 | INFO     | [563494] 📥 NHẬN YÊU CẦU QUÉT KHUÔN MẶT MỚI
2026-05-12 01:02:43,495 | INFO     | [563494] Đã xử lý ảnh thành công. Kích thước tensor: (1, 48, 48, 1)
2026-05-12 01:02:43,552 | INFO     | [563494] 📊 Chi tiết dự đoán: {'ANGRY': 5.22, 'DISGUST': 0.17, 'FEAR': 6.68, 'HAPPY': 12.59, 'NEUTRAL': 15.11, 'SAD': 57.53, 'SURPRISE': 2.7}
2026-05-12 01:02:43,552 | INFO     | [563494] 🎯 KẾT QUẢ CHỐT: SAD (57.53%)
2026-05-12 01:02:43,552 | INFO     | [563494] ⏱️ Thời gian phản hồi: 58.61 ms
2026-05-12 01:02:43,606 | INFO     | [563606] ------------------------------------------
2026-05-12 01:02:43,608 | INFO     | [563606] 📥 NHẬN YÊU CẦU QUÉT KHUÔN MẶT MỚI
2026-05-12 01:02:43,609 | INFO     | [563606] Đã xử lý ảnh thành công. Kích thước tensor: (1, 48, 48, 1)
2026-05-12 01:02:43,689 | INFO     | [563606] 📊 Chi tiết dự đoán: {'ANGRY': 5.15, 'DISGUST': 0.22, 'FEAR': 6.45, 'HAPPY': 17.49, 'NEUTRAL': 15.86, 'SAD': 51.88, 'SURPRISE': 2.95}
2026-05-12 01:02:43,689 | INFO     | [563606] 🎯 KẾT QUẢ CHỐT: SAD (51.88%)
2026-05-12 01:02:43,689 | INFO     | [563606] ⏱️ Thời gian phản hồi: 82.74 ms
2026-05-12 01:02:43,691 | INFO     | [563691] ------------------------------------------
2026-05-12 01:02:43,691 | INFO     | [563691] 📥 NHẬN YÊU CẦU QUÉT KHUÔN MẶT MỚI
2026-05-12 01:02:43,692 | INFO     | [563691] Đã xử lý ảnh thành công. Kích thước tensor: (1, 48, 48, 1)
2026-05-12 01:02:43,752 | INFO     | [563691] 📊 Chi tiết dự đoán: {'ANGRY': 5.02, 'DISGUST': 0.21, 'FEAR': 4.66, 'HAPPY': 15.77, 'NEUTRAL': 19.87, 'SAD': 52.27, 'SURPRISE': 2.2}
2026-05-12 01:02:43,752 | INFO     | [563691] 🎯 KẾT QUẢ CHỐT: SAD (52.27%)
2026-05-12 01:02:43,752 | INFO     | [563691] ⏱️ Thời gian phản hồi: 61.26 ms
2026-05-12 01:02:43,774 | INFO     | [563774] ------------------------------------------
2026-05-12 01:02:43,774 | INFO     | [563774] 📥 NHẬN YÊU CẦU QUÉT KHUÔN MẶT MỚI
2026-05-12 01:02:43,776 | INFO     | [563774] Đã xử lý ảnh thành công. Kích thước tensor: (1, 48, 48, 1)
2026-05-12 01:02:43,837 | INFO     | [563774] 📊 Chi tiết dự đoán: {'ANGRY': 5.26, 'DISGUST': 0.21, 'FEAR': 6.22, 'HAPPY': 14.0, 'NEUTRAL': 19.3, 'SAD': 52.32, 'SURPRISE': 2.68}
2026-05-12 01:02:43,837 | INFO     | [563774] 🎯 KẾT QUẢ CHỐT: SAD (52.32%)
2026-05-12 01:02:43,837 | INFO     | [563774] ⏱️ Thời gian phản hồi: 62.76 ms
2026-05-12 01:02:43,869 | INFO     | [563869] ------------------------------------------
2026-05-12 01:02:43,870 | INFO     | [563869] 📥 NHẬN YÊU CẦU QUÉT KHUÔN MẶT MỚI
2026-05-12 01:02:43,870 | INFO     | [563869] Đã xử lý ảnh thành công. Kích thước tensor: (1, 48, 48, 1)
2026-05-12 01:02:43,939 | INFO     | [563869] 📊 Chi tiết dự đoán: {'ANGRY': 5.35, 'DISGUST': 0.19, 'FEAR': 6.45, 'HAPPY': 19.58, 'NEUTRAL': 16.63, 'SAD': 49.05, 'SURPRISE': 2.76}
2026-05-12 01:02:43,939 | INFO     | [563869] 🎯 KẾT QUẢ CHỐT: SAD (49.05%)
2026-05-12 01:02:43,939 | INFO     | [563869] ⏱️ Thời gian phản hồi: 69.95 ms
2026-05-12 01:02:43,978 | INFO     | [563978] ------------------------------------------
2026-05-12 01:02:43,978 | INFO     | [563978] 📥 NHẬN YÊU CẦU QUÉT KHUÔN MẶT MỚI
2026-05-12 01:02:43,978 | INFO     | [563978] Đã xử lý ảnh thành công. Kích thước tensor: (1, 48, 48, 1)
2026-05-12 01:02:44,041 | INFO     | [563978] 📊 Chi tiết dự đoán: {'ANGRY': 5.08, 'DISGUST': 0.19, 'FEAR': 5.85, 'HAPPY': 18.2, 'NEUTRAL': 17.18, 'SAD': 50.8, 'SURPRISE': 2.69}
2026-05-12 01:02:44,041 | INFO     | [563978] 🎯 KẾT QUẢ CHỐT: SAD (50.80%)
2026-05-12 01:02:44,041 | INFO     | [563978] ⏱️ Thời gian phản hồi: 62.64 ms
2026-05-12 01:02:44,070 | INFO     | [564070] ------------------------------------------
2026-05-12 01:02:44,071 | INFO     | [564070] 📥 NHẬN YÊU CẦU QUÉT KHUÔN MẶT MỚI
2026-05-12 01:02:44,071 | INFO     | [564070] Đã xử lý ảnh thành công. Kích thước tensor: (1, 48, 48, 1)
2026-05-12 01:02:44,130 | INFO     | [564070] 📊 Chi tiết dự đoán: {'ANGRY': 4.99, 'DISGUST': 0.18, 'FEAR': 6.36, 'HAPPY': 12.98, 'NEUTRAL': 19.01, 'SAD': 53.58, 'SURPRISE': 2.9}
2026-05-12 01:02:44,131 | INFO     | [564070] 🎯 KẾT QUẢ CHỐT: SAD (53.58%)
2026-05-12 01:02:44,131 | INFO     | [564070] ⏱️ Thời gian phản hồi: 59.59 ms
2026-05-12 01:02:44,181 | INFO     | [564181] ------------------------------------------
2026-05-12 01:02:44,181 | INFO     | [564181] 📥 NHẬN YÊU CẦU QUÉT KHUÔN MẶT MỚI
2026-05-12 01:02:44,182 | INFO     | [564181] Đã xử lý ảnh thành công. Kích thước tensor: (1, 48, 48, 1)
2026-05-12 01:02:44,242 | INFO     | [564181] 📊 Chi tiết dự đoán: {'ANGRY': 4.6, 'DISGUST': 0.14, 'FEAR': 5.93, 'HAPPY': 16.61, 'NEUTRAL': 18.66, 'SAD': 51.67, 'SURPRISE': 2.39}
2026-05-12 01:02:44,242 | INFO     | [564181] 🎯 KẾT QUẢ CHỐT: SAD (51.67%)
2026-05-12 01:02:44,243 | INFO     | [564181] ⏱️ Thời gian phản hồi: 60.7 ms
2026-05-12 01:02:44,274 | INFO     | [564274] ------------------------------------------
2026-05-12 01:02:44,275 | INFO     | [564274] 📥 NHẬN YÊU CẦU QUÉT KHUÔN MẶT MỚI
2026-05-12 01:02:44,275 | INFO     | [564274] Đã xử lý ảnh thành công. Kích thước tensor: (1, 48, 48, 1)
2026-05-12 01:02:44,329 | INFO     | [564274] 📊 Chi tiết dự đoán: {'ANGRY': 4.64, 'DISGUST': 0.17, 'FEAR': 5.07, 'HAPPY': 15.79, 'NEUTRAL': 20.65, 'SAD': 51.48, 'SURPRISE': 2.2}
2026-05-12 01:02:44,329 | INFO     | [564274] 🎯 KẾT QUẢ CHỐT: SAD (51.48%)
2026-05-12 01:02:44,329 | INFO     | [564274] ⏱️ Thời gian phản hồi: 54.12 ms
2026-05-12 01:02:44,384 | INFO     | [564383] ------------------------------------------
2026-05-12 01:02:44,384 | INFO     | [564383] 📥 NHẬN YÊU CẦU QUÉT KHUÔN MẶT MỚI
2026-05-12 01:02:44,385 | INFO     | [564383] Đã xử lý ảnh thành công. Kích thước tensor: (1, 48, 48, 1)
2026-05-12 01:02:44,434 | INFO     | [564383] 📊 Chi tiết dự đoán: {'ANGRY': 5.08, 'DISGUST': 0.18, 'FEAR': 5.97, 'HAPPY': 10.72, 'NEUTRAL': 18.39, 'SAD': 57.4, 'SURPRISE': 2.26}
2026-05-12 01:02:44,436 | INFO     | [564383] 🎯 KẾT QUẢ CHỐT: SAD (57.40%)
2026-05-12 01:02:44,436 | INFO     | [564383] ⏱️ Thời gian phản hồi: 51.29 ms
2026-05-12 01:02:44,477 | INFO     | [564477] ------------------------------------------
2026-05-12 01:02:44,477 | INFO     | [564477] 📥 NHẬN YÊU CẦU QUÉT KHUÔN MẶT MỚI
2026-05-12 01:02:44,478 | INFO     | [564477] Đã xử lý ảnh thành công. Kích thước tensor: (1, 48, 48, 1)
2026-05-12 01:02:44,529 | INFO     | [564477] 📊 Chi tiết dự đoán: {'ANGRY': 5.06, 'DISGUST': 0.19, 'FEAR': 6.31, 'HAPPY': 15.94, 'NEUTRAL': 17.42, 'SAD': 52.43, 'SURPRISE': 2.64}
2026-05-12 01:02:44,529 | INFO     | [564477] 🎯 KẾT QUẢ CHỐT: SAD (52.43%)
2026-05-12 01:02:44,529 | INFO     | [564477] ⏱️ Thời gian phản hồi: 52.57 ms
2026-05-12 01:02:44,570 | INFO     | [564570] ------------------------------------------
2026-05-12 01:02:44,570 | INFO     | [564570] 📥 NHẬN YÊU CẦU QUÉT KHUÔN MẶT MỚI
2026-05-12 01:02:44,570 | INFO     | [564570] Đã xử lý ảnh thành công. Kích thước tensor: (1, 48, 48, 1)
2026-05-12 01:02:44,625 | INFO     | [564570] 📊 Chi tiết dự đoán: {'ANGRY': 5.3, 'DISGUST': 0.22, 'FEAR': 6.63, 'HAPPY': 12.2, 'NEUTRAL': 14.89, 'SAD': 57.66, 'SURPRISE': 3.09}
2026-05-12 01:02:44,625 | INFO     | [564570] 🎯 KẾT QUẢ CHỐT: SAD (57.66%)
2026-05-12 01:02:44,625 | INFO     | [564570] ⏱️ Thời gian phản hồi: 54.71 ms
2026-05-12 01:02:44,679 | INFO     | [564679] ------------------------------------------
2026-05-12 01:02:44,679 | INFO     | [564679] 📥 NHẬN YÊU CẦU QUÉT KHUÔN MẶT MỚI
2026-05-12 01:02:44,679 | INFO     | [564679] Đã xử lý ảnh thành công. Kích thước tensor: (1, 48, 48, 1)
2026-05-12 01:02:44,732 | INFO     | [564679] 📊 Chi tiết dự đoán: {'ANGRY': 4.5, 'DISGUST': 0.16, 'FEAR': 6.34, 'HAPPY': 15.07, 'NEUTRAL': 17.4, 'SAD': 53.58, 'SURPRISE': 2.95}
2026-05-12 01:02:44,732 | INFO     | [564679] 🎯 KẾT QUẢ CHỐT: SAD (53.58%)
2026-05-12 01:02:44,732 | INFO     | [564679] ⏱️ Thời gian phản hồi: 53.48 ms
2026-05-12 01:02:44,772 | INFO     | [564772] ------------------------------------------
2026-05-12 01:02:44,772 | INFO     | [564772] 📥 NHẬN YÊU CẦU QUÉT KHUÔN MẶT MỚI
2026-05-12 01:02:44,773 | INFO     | [564772] Đã xử lý ảnh thành công. Kích thước tensor: (1, 48, 48, 1)
2026-05-12 01:02:44,836 | INFO     | [564772] 📊 Chi tiết dự đoán: {'ANGRY': 4.38, 'DISGUST': 0.16, 'FEAR': 5.06, 'HAPPY': 13.91, 'NEUTRAL': 19.25, 'SAD': 55.16, 'SURPRISE': 2.07}
2026-05-12 01:02:44,837 | INFO     | [564772] 🎯 KẾT QUẢ CHỐT: SAD (55.16%)
2026-05-12 01:02:44,837 | INFO     | [564772] ⏱️ Thời gian phản hồi: 63.47 ms
2026-05-12 01:02:44,881 | INFO     | [564881] ------------------------------------------
2026-05-12 01:02:44,881 | INFO     | [564881] 📥 NHẬN YÊU CẦU QUÉT KHUÔN MẶT MỚI
2026-05-12 01:02:44,882 | INFO     | [564881] Đã xử lý ảnh thành công. Kích thước tensor: (1, 48, 48, 1)
2026-05-12 01:02:44,933 | INFO     | [564881] 📊 Chi tiết dự đoán: {'ANGRY': 5.65, 'DISGUST': 0.27, 'FEAR': 5.45, 'HAPPY': 11.3, 'NEUTRAL': 19.42, 'SAD': 55.27, 'SURPRISE': 2.64}
2026-05-12 01:02:44,934 | INFO     | [564881] 🎯 KẾT QUẢ CHỐT: SAD (55.27%)
2026-05-12 01:02:44,934 | INFO     | [564881] ⏱️ Thời gian phản hồi: 52.07 ms
2026-05-12 01:02:44,975 | INFO     | [564974] ------------------------------------------
2026-05-12 01:02:44,975 | INFO     | [564974] 📥 NHẬN YÊU CẦU QUÉT KHUÔN MẶT MỚI
2026-05-12 01:02:44,975 | INFO     | [564974] Đã xử lý ảnh thành công. Kích thước tensor: (1, 48, 48, 1)
2026-05-12 01:02:45,032 | INFO     | [564974] 📊 Chi tiết dự đoán: {'ANGRY': 5.25, 'DISGUST': 0.27, 'FEAR': 5.66, 'HAPPY': 15.12, 'NEUTRAL': 19.64, 'SAD': 51.82, 'SURPRISE': 2.23}
2026-05-12 01:02:45,033 | INFO     | [564974] 🎯 KẾT QUẢ CHỐT: SAD (51.82%)
2026-05-12 01:02:45,033 | INFO     | [564974] ⏱️ Thời gian phản hồi: 58.04 ms
2026-05-12 01:02:45,085 | INFO     | [565085] ------------------------------------------
2026-05-12 01:02:45,085 | INFO     | [565085] 📥 NHẬN YÊU CẦU QUÉT KHUÔN MẶT MỚI
2026-05-12 01:02:45,086 | INFO     | [565085] Đã xử lý ảnh thành công. Kích thước tensor: (1, 48, 48, 1)
2026-05-12 01:02:45,148 | INFO     | [565085] 📊 Chi tiết dự đoán: {'ANGRY': 5.58, 'DISGUST': 0.33, 'FEAR': 6.18, 'HAPPY': 10.78, 'NEUTRAL': 17.09, 'SAD': 57.58, 'SURPRISE': 2.45}
2026-05-12 01:02:45,148 | INFO     | [565085] 🎯 KẾT QUẢ CHỐT: SAD (57.58%)
2026-05-12 01:02:45,148 | INFO     | [565085] ⏱️ Thời gian phản hồi: 63.55 ms
2026-05-12 01:02:45,178 | INFO     | [565178] ------------------------------------------
2026-05-12 01:02:45,178 | INFO     | [565178] 📥 NHẬN YÊU CẦU QUÉT KHUÔN MẶT MỚI
2026-05-12 01:02:45,178 | INFO     | [565178] Đã xử lý ảnh thành công. Kích thước tensor: (1, 48, 48, 1)
2026-05-12 01:02:45,256 | INFO     | [565178] 📊 Chi tiết dự đoán: {'ANGRY': 5.56, 'DISGUST': 0.26, 'FEAR': 6.34, 'HAPPY': 11.93, 'NEUTRAL': 18.81, 'SAD': 54.26, 'SURPRISE': 2.84}
2026-05-12 01:02:45,256 | INFO     | [565178] 🎯 KẾT QUẢ CHỐT: SAD (54.26%)
2026-05-12 01:02:45,257 | INFO     | [565178] ⏱️ Thời gian phản hồi: 78.45 ms
2026-05-12 01:02:45,274 | INFO     | [565274] ------------------------------------------
2026-05-12 01:02:45,275 | INFO     | [565274] 📥 NHẬN YÊU CẦU QUÉT KHUÔN MẶT MỚI
2026-05-12 01:02:45,276 | INFO     | [565274] Đã xử lý ảnh thành công. Kích thước tensor: (1, 48, 48, 1)
2026-05-12 01:02:45,347 | INFO     | [565274] 📊 Chi tiết dự đoán: {'ANGRY': 5.38, 'DISGUST': 0.25, 'FEAR': 6.15, 'HAPPY': 10.95, 'NEUTRAL': 21.1, 'SAD': 53.37, 'SURPRISE': 2.79}
2026-05-12 01:02:45,347 | INFO     | [565274] 🎯 KẾT QUẢ CHỐT: SAD (53.37%)
2026-05-12 01:02:45,349 | INFO     | [565274] ⏱️ Thời gian phản hồi: 73.18 ms
2026-05-12 01:02:45,385 | INFO     | [565385] ------------------------------------------
2026-05-12 01:02:45,385 | INFO     | [565385] 📥 NHẬN YÊU CẦU QUÉT KHUÔN MẶT MỚI
2026-05-12 01:02:45,386 | INFO     | [565385] Đã xử lý ảnh thành công. Kích thước tensor: (1, 48, 48, 1)
2026-05-12 01:02:45,442 | INFO     | [565385] 📊 Chi tiết dự đoán: {'ANGRY': 5.01, 'DISGUST': 0.19, 'FEAR': 5.56, 'HAPPY': 8.66, 'NEUTRAL': 23.21, 'SAD': 54.9, 'SURPRISE': 2.47}
2026-05-12 01:02:45,442 | INFO     | [565385] 🎯 KẾT QUẢ CHỐT: SAD (54.90%)
2026-05-12 01:02:45,442 | INFO     | [565385] ⏱️ Thời gian phản hồi: 57.14 ms
2026-05-12 01:02:45,476 | INFO     | [565476] ------------------------------------------
2026-05-12 01:02:45,476 | INFO     | [565476] 📥 NHẬN YÊU CẦU QUÉT KHUÔN MẶT MỚI
2026-05-12 01:02:45,477 | INFO     | [565476] Đã xử lý ảnh thành công. Kích thước tensor: (1, 48, 48, 1)
2026-05-12 01:02:45,540 | INFO     | [565476] 📊 Chi tiết dự đoán: {'ANGRY': 4.67, 'DISGUST': 0.17, 'FEAR': 4.67, 'HAPPY': 11.9, 'NEUTRAL': 24.15, 'SAD': 52.36, 'SURPRISE': 2.09}
2026-05-12 01:02:45,540 | INFO     | [565476] 🎯 KẾT QUẢ CHỐT: SAD (52.36%)
2026-05-12 01:02:45,540 | INFO     | [565476] ⏱️ Thời gian phản hồi: 63.95 ms
2026-05-12 01:02:45,570 | INFO     | [565570] ------------------------------------------
2026-05-12 01:02:45,571 | INFO     | [565570] 📥 NHẬN YÊU CẦU QUÉT KHUÔN MẶT MỚI
2026-05-12 01:02:45,571 | INFO     | [565570] Đã xử lý ảnh thành công. Kích thước tensor: (1, 48, 48, 1)
2026-05-12 01:02:45,647 | INFO     | [565570] 📊 Chi tiết dự đoán: {'ANGRY': 4.04, 'DISGUST': 0.13, 'FEAR': 4.93, 'HAPPY': 11.59, 'NEUTRAL': 23.34, 'SAD': 53.71, 'SURPRISE': 2.27}
2026-05-12 01:02:45,647 | INFO     | [565570] 🎯 KẾT QUẢ CHỐT: SAD (53.71%)
2026-05-12 01:02:45,647 | INFO     | [565570] ⏱️ Thời gian phản hồi: 76.98 ms
2026-05-12 01:02:45,681 | INFO     | [565681] ------------------------------------------
2026-05-12 01:02:45,681 | INFO     | [565681] 📥 NHẬN YÊU CẦU QUÉT KHUÔN MẶT MỚI
2026-05-12 01:02:45,682 | INFO     | [565681] Đã xử lý ảnh thành công. Kích thước tensor: (1, 48, 48, 1)
2026-05-12 01:02:45,742 | INFO     | [565681] 📊 Chi tiết dự đoán: {'ANGRY': 3.78, 'DISGUST': 0.13, 'FEAR': 5.31, 'HAPPY': 13.4, 'NEUTRAL': 23.22, 'SAD': 51.44, 'SURPRISE': 2.72}
2026-05-12 01:02:45,743 | INFO     | [565681] 🎯 KẾT QUẢ CHỐT: SAD (51.44%)
2026-05-12 01:02:45,743 | INFO     | [565681] ⏱️ Thời gian phản hồi: 61.47 ms
2026-05-12 01:02:45,775 | INFO     | [565775] ------------------------------------------
2026-05-12 01:02:45,777 | INFO     | [565775] 📥 NHẬN YÊU CẦU QUÉT KHUÔN MẶT MỚI
2026-05-12 01:02:45,777 | INFO     | [565775] Đã xử lý ảnh thành công. Kích thước tensor: (1, 48, 48, 1)
2026-05-12 01:02:45,849 | INFO     | [565775] 📊 Chi tiết dự đoán: {'ANGRY': 4.86, 'DISGUST': 0.16, 'FEAR': 5.92, 'HAPPY': 15.34, 'NEUTRAL': 20.67, 'SAD': 50.26, 'SURPRISE': 2.79}
2026-05-12 01:02:45,849 | INFO     | [565775] 🎯 KẾT QUẢ CHỐT: SAD (50.26%)
2026-05-12 01:02:45,850 | INFO     | [565775] ⏱️ Thời gian phản hồi: 73.94 ms
2026-05-12 01:02:45,869 | INFO     | [565869] ------------------------------------------
2026-05-12 01:02:45,869 | INFO     | [565869] 📥 NHẬN YÊU CẦU QUÉT KHUÔN MẶT MỚI
2026-05-12 01:02:45,870 | INFO     | [565869] Đã xử lý ảnh thành công. Kích thước tensor: (1, 48, 48, 1)
2026-05-12 01:02:45,928 | INFO     | [565869] 📊 Chi tiết dự đoán: {'ANGRY': 4.92, 'DISGUST': 0.17, 'FEAR': 6.63, 'HAPPY': 12.45, 'NEUTRAL': 19.9, 'SAD': 52.64, 'SURPRISE': 3.28}
2026-05-12 01:02:45,928 | INFO     | [565869] 🎯 KẾT QUẢ CHỐT: SAD (52.64%)
2026-05-12 01:02:45,930 | INFO     | [565869] ⏱️ Thời gian phản hồi: 59.45 ms
2026-05-12 01:02:45,975 | INFO     | [565975] ------------------------------------------
2026-05-12 01:02:45,976 | INFO     | [565975] 📥 NHẬN YÊU CẦU QUÉT KHUÔN MẶT MỚI
2026-05-12 01:02:45,976 | INFO     | [565975] Đã xử lý ảnh thành công. Kích thước tensor: (1, 48, 48, 1)
2026-05-12 01:02:46,046 | INFO     | [565975] 📊 Chi tiết dự đoán: {'ANGRY': 4.94, 'DISGUST': 0.12, 'FEAR': 7.42, 'HAPPY': 12.11, 'NEUTRAL': 18.29, 'SAD': 53.28, 'SURPRISE': 3.83}
2026-05-12 01:02:46,046 | INFO     | [565975] 🎯 KẾT QUẢ CHỐT: SAD (53.28%)
2026-05-12 01:02:46,046 | INFO     | [565975] ⏱️ Thời gian phản hồi: 71.02 ms
2026-05-12 01:02:46,084 | INFO     | [566084] ------------------------------------------
2026-05-12 01:02:46,084 | INFO     | [566084] 📥 NHẬN YÊU CẦU QUÉT KHUÔN MẶT MỚI
2026-05-12 01:02:46,085 | INFO     | [566084] Đã xử lý ảnh thành công. Kích thước tensor: (1, 48, 48, 1)
2026-05-12 01:02:46,143 | INFO     | [566084] 📊 Chi tiết dự đoán: {'ANGRY': 5.54, 'DISGUST': 0.16, 'FEAR': 6.64, 'HAPPY': 13.21, 'NEUTRAL': 20.38, 'SAD': 50.33, 'SURPRISE': 3.74}
2026-05-12 01:02:46,143 | INFO     | [566084] 🎯 KẾT QUẢ CHỐT: SAD (50.33%)
2026-05-12 01:02:46,143 | INFO     | [566084] ⏱️ Thời gian phản hồi: 59.06 ms
2026-05-12 01:02:46,178 | INFO     | [566178] ------------------------------------------
2026-05-12 01:02:46,178 | INFO     | [566178] 📥 NHẬN YÊU CẦU QUÉT KHUÔN MẶT MỚI
2026-05-12 01:02:46,178 | INFO     | [566178] Đã xử lý ảnh thành công. Kích thước tensor: (1, 48, 48, 1)
2026-05-12 01:02:46,240 | INFO     | [566178] 📊 Chi tiết dự đoán: {'ANGRY': 5.65, 'DISGUST': 0.16, 'FEAR': 7.6, 'HAPPY': 13.12, 'NEUTRAL': 17.61, 'SAD': 51.88, 'SURPRISE': 3.97}
2026-05-12 01:02:46,240 | INFO     | [566178] 🎯 KẾT QUẢ CHỐT: SAD (51.88%)
2026-05-12 01:02:46,240 | INFO     | [566178] ⏱️ Thời gian phản hồi: 62.3 ms
2026-05-12 01:02:46,749 | INFO     | [BATCH-566749] ==========================================
2026-05-12 01:02:46,749 | INFO     | [BATCH-566749] 🎞️ NHẬN CHUỖI 50 KHUNG HÌNH (BATCH)
2026-05-12 01:02:46,844 | INFO     | [BATCH-566749] ↳ Frame 1/50: SAD (51.3%)
2026-05-12 01:02:46,949 | INFO     | [BATCH-566749] ↳ Frame 2/50: SAD (49.5%)
2026-05-12 01:02:47,034 | INFO     | [BATCH-566749] ↳ Frame 3/50: SAD (55.6%)
2026-05-12 01:02:47,124 | INFO     | [BATCH-566749] ↳ Frame 4/50: SAD (51.4%)
2026-05-12 01:02:47,237 | INFO     | [BATCH-566749] ↳ Frame 5/50: SAD (52.8%)
2026-05-12 01:02:47,330 | INFO     | [BATCH-566749] ↳ Frame 6/50: SAD (51.3%)
2026-05-12 01:02:47,429 | INFO     | [BATCH-566749] ↳ Frame 7/50: SAD (60.4%)
2026-05-12 01:02:47,489 | INFO     | [BATCH-566749] ↳ Frame 8/50: SAD (54.8%)
2026-05-12 01:02:47,546 | INFO     | [BATCH-566749] ↳ Frame 9/50: SAD (54.6%)
2026-05-12 01:02:47,604 | INFO     | [BATCH-566749] ↳ Frame 10/50: SAD (51.7%)
2026-05-12 01:02:47,678 | INFO     | [BATCH-566749] ↳ Frame 11/50: SAD (51.6%)
2026-05-12 01:02:47,755 | INFO     | [BATCH-566749] ↳ Frame 12/50: SAD (52.5%)
2026-05-12 01:02:47,831 | INFO     | [BATCH-566749] ↳ Frame 13/50: SAD (56.3%)
2026-05-12 01:02:47,905 | INFO     | [BATCH-566749] ↳ Frame 14/50: SAD (50.9%)
2026-05-12 01:02:47,964 | INFO     | [BATCH-566749] ↳ Frame 15/50: SAD (55.5%)
2026-05-12 01:02:48,021 | INFO     | [BATCH-566749] ↳ Frame 16/50: SAD (58.2%)
2026-05-12 01:02:48,081 | INFO     | [BATCH-566749] ↳ Frame 17/50: SAD (53.5%)
2026-05-12 01:02:48,150 | INFO     | [BATCH-566749] ↳ Frame 18/50: SAD (51.7%)
2026-05-12 01:02:48,224 | INFO     | [BATCH-566749] ↳ Frame 19/50: SAD (50.7%)
2026-05-12 01:02:48,286 | INFO     | [BATCH-566749] ↳ Frame 20/50: SAD (48.3%)
2026-05-12 01:02:48,348 | INFO     | [BATCH-566749] ↳ Frame 21/50: SAD (50.2%)
2026-05-12 01:02:48,409 | INFO     | [BATCH-566749] ↳ Frame 22/50: SAD (53.0%)
2026-05-12 01:02:48,468 | INFO     | [BATCH-566749] ↳ Frame 23/50: SAD (57.5%)
2026-05-12 01:02:48,536 | INFO     | [BATCH-566749] ↳ Frame 24/50: SAD (51.9%)
2026-05-12 01:02:48,601 | INFO     | [BATCH-566749] ↳ Frame 25/50: SAD (52.3%)
2026-05-12 01:02:48,670 | INFO     | [BATCH-566749] ↳ Frame 26/50: SAD (52.3%)
2026-05-12 01:02:48,731 | INFO     | [BATCH-566749] ↳ Frame 27/50: SAD (49.0%)
2026-05-12 01:02:48,796 | INFO     | [BATCH-566749] ↳ Frame 28/50: SAD (50.8%)
2026-05-12 01:02:48,856 | INFO     | [BATCH-566749] ↳ Frame 29/50: SAD (53.6%)
2026-05-12 01:02:48,915 | INFO     | [BATCH-566749] ↳ Frame 30/50: SAD (51.7%)
2026-05-12 01:02:48,972 | INFO     | [BATCH-566749] ↳ Frame 31/50: SAD (51.5%)
2026-05-12 01:02:49,035 | INFO     | [BATCH-566749] ↳ Frame 32/50: SAD (57.4%)
2026-05-12 01:02:49,099 | INFO     | [BATCH-566749] ↳ Frame 33/50: SAD (52.4%)
2026-05-12 01:02:49,161 | INFO     | [BATCH-566749] ↳ Frame 34/50: SAD (57.7%)
2026-05-12 01:02:49,219 | INFO     | [BATCH-566749] ↳ Frame 35/50: SAD (53.6%)
2026-05-12 01:02:49,278 | INFO     | [BATCH-566749] ↳ Frame 36/50: SAD (55.2%)
2026-05-12 01:02:49,340 | INFO     | [BATCH-566749] ↳ Frame 37/50: SAD (55.3%)
2026-05-12 01:02:49,393 | INFO     | [BATCH-566749] ↳ Frame 38/50: SAD (51.8%)
2026-05-12 01:02:49,448 | INFO     | [BATCH-566749] ↳ Frame 39/50: SAD (57.6%)
2026-05-12 01:02:49,505 | INFO     | [BATCH-566749] ↳ Frame 40/50: SAD (54.3%)
2026-05-12 01:02:49,559 | INFO     | [BATCH-566749] ↳ Frame 41/50: SAD (53.4%)
2026-05-12 01:02:49,614 | INFO     | [BATCH-566749] ↳ Frame 42/50: SAD (54.9%)
2026-05-12 01:02:49,675 | INFO     | [BATCH-566749] ↳ Frame 43/50: SAD (52.4%)
2026-05-12 01:02:49,729 | INFO     | [BATCH-566749] ↳ Frame 44/50: SAD (53.7%)
2026-05-12 01:02:49,783 | INFO     | [BATCH-566749] ↳ Frame 45/50: SAD (51.4%)
2026-05-12 01:02:49,837 | INFO     | [BATCH-566749] ↳ Frame 46/50: SAD (50.3%)
2026-05-12 01:02:49,892 | INFO     | [BATCH-566749] ↳ Frame 47/50: SAD (52.6%)
2026-05-12 01:02:49,948 | INFO     | [BATCH-566749] ↳ Frame 48/50: SAD (53.3%)
2026-05-12 01:02:50,002 | INFO     | [BATCH-566749] ↳ Frame 49/50: SAD (50.3%)
2026-05-12 01:02:50,056 | INFO     | [BATCH-566749] ↳ Frame 50/50: SAD (51.9%)
2026-05-12 01:02:50,056 | INFO     | [BATCH-566749] 🎯 KẾT QUẢ CHUỖI: SAD (Tần suất: {'SAD': 50})
2026-05-12 01:02:50,056 | INFO     | [BATCH-566749] ⏱️ Tổng thời gian xử lý: 3306.65 ms
2026-05-12 01:02:55,024 | INFO     | [575024] ------------------------------------------
2026-05-12 01:02:55,024 | INFO     | [575024] 📥 NHẬN YÊU CẦU QUÉT KHUÔN MẶT MỚI
2026-05-12 01:02:55,024 | INFO     | [575024] Đã xử lý ảnh thành công. Kích thước tensor: (1, 48, 48, 1)
2026-05-12 01:02:55,106 | INFO     | [575024] 📊 Chi tiết dự đoán: {'ANGRY': 4.61, 'DISGUST': 0.18, 'FEAR': 5.83, 'HAPPY': 13.33, 'NEUTRAL': 15.74, 'SAD': 57.92, 'SURPRISE': 2.39}
2026-05-12 01:02:55,106 | INFO     | [575024] 🎯 KẾT QUẢ CHỐT: SAD (57.92%)
2026-05-12 01:02:55,106 | INFO     | [575024] ⏱️ Thời gian phản hồi: 82.03 ms
2026-05-12 01:02:55,110 | INFO     | [575110] ------------------------------------------
2026-05-12 01:02:55,110 | INFO     | [575110] 📥 NHẬN YÊU CẦU QUÉT KHUÔN MẶT MỚI
2026-05-12 01:02:55,110 | INFO     | [575110] Đã xử lý ảnh thành công. Kích thước tensor: (1, 48, 48, 1)
2026-05-12 01:02:55,175 | INFO     | [575110] 📊 Chi tiết dự đoán: {'ANGRY': 4.76, 'DISGUST': 0.17, 'FEAR': 6.49, 'HAPPY': 12.25, 'NEUTRAL': 15.35, 'SAD': 58.37, 'SURPRISE': 2.61}
2026-05-12 01:02:55,177 | INFO     | [575110] 🎯 KẾT QUẢ CHỐT: SAD (58.37%)
2026-05-12 01:02:55,177 | INFO     | [575110] ⏱️ Thời gian phản hồi: 65.82 ms
2026-05-12 01:02:55,193 | INFO     | [575193] ------------------------------------------
2026-05-12 01:02:55,194 | INFO     | [575193] 📥 NHẬN YÊU CẦU QUÉT KHUÔN MẶT MỚI
2026-05-12 01:02:55,194 | INFO     | [575193] Đã xử lý ảnh thành công. Kích thước tensor: (1, 48, 48, 1)
2026-05-12 01:02:55,253 | INFO     | [575193] 📊 Chi tiết dự đoán: {'ANGRY': 4.61, 'DISGUST': 0.18, 'FEAR': 6.35, 'HAPPY': 14.34, 'NEUTRAL': 15.55, 'SAD': 56.09, 'SURPRISE': 2.89}
2026-05-12 01:02:55,254 | INFO     | [575193] 🎯 KẾT QUẢ CHỐT: SAD (56.09%)
2026-05-12 01:02:55,254 | INFO     | [575193] ⏱️ Thời gian phản hồi: 59.96 ms
2026-05-12 01:02:55,287 | INFO     | [575287] ------------------------------------------
2026-05-12 01:02:55,288 | INFO     | [575287] 📥 NHẬN YÊU CẦU QUÉT KHUÔN MẶT MỚI
2026-05-12 01:02:55,288 | INFO     | [575287] Đã xử lý ảnh thành công. Kích thước tensor: (1, 48, 48, 1)
2026-05-12 01:02:55,346 | INFO     | [575287] 📊 Chi tiết dự đoán: {'ANGRY': 4.3, 'DISGUST': 0.19, 'FEAR': 6.11, 'HAPPY': 11.42, 'NEUTRAL': 14.73, 'SAD': 60.76, 'SURPRISE': 2.48}
2026-05-12 01:02:55,346 | INFO     | [575287] 🎯 KẾT QUẢ CHỐT: SAD (60.76%)
2026-05-12 01:02:55,346 | INFO     | [575287] ⏱️ Thời gian phản hồi: 59.13 ms
2026-05-12 01:02:55,395 | INFO     | [575395] ------------------------------------------
2026-05-12 01:02:55,396 | INFO     | [575395] 📥 NHẬN YÊU CẦU QUÉT KHUÔN MẶT MỚI
2026-05-12 01:02:55,398 | INFO     | [575395] Đã xử lý ảnh thành công. Kích thước tensor: (1, 48, 48, 1)
2026-05-12 01:02:55,482 | INFO     | [575395] 📊 Chi tiết dự đoán: {'ANGRY': 4.33, 'DISGUST': 0.15, 'FEAR': 6.09, 'HAPPY': 14.47, 'NEUTRAL': 17.69, 'SAD': 54.44, 'SURPRISE': 2.85}
2026-05-12 01:02:55,482 | INFO     | [575395] 🎯 KẾT QUẢ CHỐT: SAD (54.44%)
2026-05-12 01:02:55,482 | INFO     | [575395] ⏱️ Thời gian phản hồi: 86.24 ms
2026-05-12 01:02:55,488 | INFO     | [575488] ------------------------------------------
2026-05-12 01:02:55,488 | INFO     | [575488] 📥 NHẬN YÊU CẦU QUÉT KHUÔN MẶT MỚI
2026-05-12 01:02:55,489 | INFO     | [575488] Đã xử lý ảnh thành công. Kích thước tensor: (1, 48, 48, 1)
2026-05-12 01:02:55,547 | INFO     | [575488] 📊 Chi tiết dự đoán: {'ANGRY': 4.16, 'DISGUST': 0.15, 'FEAR': 5.81, 'HAPPY': 14.41, 'NEUTRAL': 19.99, 'SAD': 53.32, 'SURPRISE': 2.16}
2026-05-12 01:02:55,547 | INFO     | [575488] 🎯 KẾT QUẢ CHỐT: SAD (53.32%)
2026-05-12 01:02:55,547 | INFO     | [575488] ⏱️ Thời gian phản hồi: 59.02 ms
2026-05-12 01:02:55,583 | INFO     | [575583] ------------------------------------------
2026-05-12 01:02:55,583 | INFO     | [575583] 📥 NHẬN YÊU CẦU QUÉT KHUÔN MẶT MỚI
2026-05-12 01:02:55,584 | INFO     | [575583] Đã xử lý ảnh thành công. Kích thước tensor: (1, 48, 48, 1)
2026-05-12 01:02:55,642 | INFO     | [575583] 📊 Chi tiết dự đoán: {'ANGRY': 4.96, 'DISGUST': 0.25, 'FEAR': 5.11, 'HAPPY': 17.69, 'NEUTRAL': 18.5, 'SAD': 51.16, 'SURPRISE': 2.33}
2026-05-12 01:02:55,643 | INFO     | [575583] 🎯 KẾT QUẢ CHỐT: SAD (51.16%)
2026-05-12 01:02:55,643 | INFO     | [575583] ⏱️ Thời gian phản hồi: 58.68 ms
2026-05-12 01:02:55,677 | INFO     | [575676] ------------------------------------------
2026-05-12 01:02:55,677 | INFO     | [575676] 📥 NHẬN YÊU CẦU QUÉT KHUÔN MẶT MỚI
2026-05-12 01:02:55,677 | INFO     | [575676] Đã xử lý ảnh thành công. Kích thước tensor: (1, 48, 48, 1)
2026-05-12 01:02:55,732 | INFO     | [575676] 📊 Chi tiết dự đoán: {'ANGRY': 4.68, 'DISGUST': 0.18, 'FEAR': 5.9, 'HAPPY': 13.26, 'NEUTRAL': 15.76, 'SAD': 57.76, 'SURPRISE': 2.46}
2026-05-12 01:02:55,732 | INFO     | [575676] 🎯 KẾT QUẢ CHỐT: SAD (57.76%)
2026-05-12 01:02:55,732 | INFO     | [575676] ⏱️ Thời gian phản hồi: 56.05 ms
2026-05-12 01:02:55,787 | INFO     | [575787] ------------------------------------------
2026-05-12 01:02:55,787 | INFO     | [575787] 📥 NHẬN YÊU CẦU QUÉT KHUÔN MẶT MỚI
2026-05-12 01:02:55,787 | INFO     | [575787] Đã xử lý ảnh thành công. Kích thước tensor: (1, 48, 48, 1)
2026-05-12 01:02:55,842 | INFO     | [575787] 📊 Chi tiết dự đoán: {'ANGRY': 4.98, 'DISGUST': 0.18, 'FEAR': 5.77, 'HAPPY': 17.93, 'NEUTRAL': 16.05, 'SAD': 52.34, 'SURPRISE': 2.74}
2026-05-12 01:02:55,843 | INFO     | [575787] 🎯 KẾT QUẢ CHỐT: SAD (52.34%)
2026-05-12 01:02:55,843 | INFO     | [575787] ⏱️ Thời gian phản hồi: 55.27 ms
2026-05-12 01:02:55,878 | INFO     | [575878] ------------------------------------------
2026-05-12 01:02:55,879 | INFO     | [575878] 📥 NHẬN YÊU CẦU QUÉT KHUÔN MẶT MỚI
2026-05-12 01:02:55,879 | INFO     | [575878] Đã xử lý ảnh thành công. Kích thước tensor: (1, 48, 48, 1)
2026-05-12 01:02:55,948 | INFO     | [575878] 📊 Chi tiết dự đoán: {'ANGRY': 4.66, 'DISGUST': 0.15, 'FEAR': 5.97, 'HAPPY': 15.5, 'NEUTRAL': 18.55, 'SAD': 52.64, 'SURPRISE': 2.53}
2026-05-12 01:02:55,948 | INFO     | [575878] 🎯 KẾT QUẢ CHỐT: SAD (52.64%)
2026-05-12 01:02:55,948 | INFO     | [575878] ⏱️ Thời gian phản hồi: 69.67 ms
2026-05-12 01:02:55,987 | INFO     | [575987] ------------------------------------------
2026-05-12 01:02:55,988 | INFO     | [575987] 📥 NHẬN YÊU CẦU QUÉT KHUÔN MẶT MỚI
2026-05-12 01:02:55,988 | INFO     | [575987] Đã xử lý ảnh thành công. Kích thước tensor: (1, 48, 48, 1)
2026-05-12 01:02:56,054 | INFO     | [575987] 📊 Chi tiết dự đoán: {'ANGRY': 4.98, 'DISGUST': 0.24, 'FEAR': 6.31, 'HAPPY': 19.61, 'NEUTRAL': 17.02, 'SAD': 48.6, 'SURPRISE': 3.25}
2026-05-12 01:02:56,054 | INFO     | [575987] 🎯 KẾT QUẢ CHỐT: SAD (48.60%)
2026-05-12 01:02:56,054 | INFO     | [575987] ⏱️ Thời gian phản hồi: 66.68 ms
2026-05-12 01:02:56,081 | INFO     | [576081] ------------------------------------------
2026-05-12 01:02:56,081 | INFO     | [576081] 📥 NHẬN YÊU CẦU QUÉT KHUÔN MẶT MỚI
2026-05-12 01:02:56,082 | INFO     | [576081] Đã xử lý ảnh thành công. Kích thước tensor: (1, 48, 48, 1)
2026-05-12 01:02:56,137 | INFO     | [576081] 📊 Chi tiết dự đoán: {'ANGRY': 4.71, 'DISGUST': 0.18, 'FEAR': 5.66, 'HAPPY': 13.1, 'NEUTRAL': 16.47, 'SAD': 57.79, 'SURPRISE': 2.09}
2026-05-12 01:02:56,137 | INFO     | [576081] 🎯 KẾT QUẢ CHỐT: SAD (57.79%)
2026-05-12 01:02:56,137 | INFO     | [576081] ⏱️ Thời gian phản hồi: 56.02 ms
2026-05-12 01:02:56,190 | INFO     | [576190] ------------------------------------------
2026-05-12 01:02:56,190 | INFO     | [576190] 📥 NHẬN YÊU CẦU QUÉT KHUÔN MẶT MỚI
2026-05-12 01:02:56,190 | INFO     | [576190] Đã xử lý ảnh thành công. Kích thước tensor: (1, 48, 48, 1)
2026-05-12 01:02:56,252 | INFO     | [576190] 📊 Chi tiết dự đoán: {'ANGRY': 5.02, 'DISGUST': 0.18, 'FEAR': 5.49, 'HAPPY': 17.49, 'NEUTRAL': 18.13, 'SAD': 51.2, 'SURPRISE': 2.48}
2026-05-12 01:02:56,252 | INFO     | [576190] 🎯 KẾT QUẢ CHỐT: SAD (51.20%)
2026-05-12 01:02:56,253 | INFO     | [576190] ⏱️ Thời gian phản hồi: 61.96 ms
2026-05-12 01:02:56,284 | INFO     | [576284] ------------------------------------------
2026-05-12 01:02:56,284 | INFO     | [576284] 📥 NHẬN YÊU CẦU QUÉT KHUÔN MẶT MỚI
2026-05-12 01:02:56,285 | INFO     | [576284] Đã xử lý ảnh thành công. Kích thước tensor: (1, 48, 48, 1)
2026-05-12 01:02:56,350 | INFO     | [576284] 📊 Chi tiết dự đoán: {'ANGRY': 5.02, 'DISGUST': 0.16, 'FEAR': 5.63, 'HAPPY': 19.02, 'NEUTRAL': 16.07, 'SAD': 51.59, 'SURPRISE': 2.52}
2026-05-12 01:02:56,350 | INFO     | [576284] 🎯 KẾT QUẢ CHỐT: SAD (51.59%)
2026-05-12 01:02:56,350 | INFO     | [576284] ⏱️ Thời gian phản hồi: 65.18 ms
2026-05-12 01:02:56,376 | INFO     | [576376] ------------------------------------------
2026-05-12 01:02:56,377 | INFO     | [576376] 📥 NHẬN YÊU CẦU QUÉT KHUÔN MẶT MỚI
2026-05-12 01:02:56,378 | INFO     | [576376] Đã xử lý ảnh thành công. Kích thước tensor: (1, 48, 48, 1)
2026-05-12 01:02:56,441 | INFO     | [576376] 📊 Chi tiết dự đoán: {'ANGRY': 5.21, 'DISGUST': 0.18, 'FEAR': 5.36, 'HAPPY': 21.57, 'NEUTRAL': 15.29, 'SAD': 50.03, 'SURPRISE': 2.36}
2026-05-12 01:02:56,442 | INFO     | [576376] 🎯 KẾT QUẢ CHỐT: SAD (50.03%)
2026-05-12 01:02:56,442 | INFO     | [576376] ⏱️ Thời gian phản hồi: 65.17 ms
2026-05-12 01:02:56,482 | INFO     | [576482] ------------------------------------------
2026-05-12 01:02:56,483 | INFO     | [576482] 📥 NHẬN YÊU CẦU QUÉT KHUÔN MẶT MỚI
2026-05-12 01:02:56,483 | INFO     | [576482] Đã xử lý ảnh thành công. Kích thước tensor: (1, 48, 48, 1)
2026-05-12 01:02:56,539 | INFO     | [576482] 📊 Chi tiết dự đoán: {'ANGRY': 5.62, 'DISGUST': 0.18, 'FEAR': 5.65, 'HAPPY': 11.55, 'NEUTRAL': 14.57, 'SAD': 60.04, 'SURPRISE': 2.38}
2026-05-12 01:02:56,539 | INFO     | [576482] 🎯 KẾT QUẢ CHỐT: SAD (60.04%)
2026-05-12 01:02:56,539 | INFO     | [576482] ⏱️ Thời gian phản hồi: 57.73 ms
2026-05-12 01:02:56,592 | INFO     | [576592] ------------------------------------------
2026-05-12 01:02:56,593 | INFO     | [576592] 📥 NHẬN YÊU CẦU QUÉT KHUÔN MẶT MỚI
2026-05-12 01:02:56,593 | INFO     | [576592] Đã xử lý ảnh thành công. Kích thước tensor: (1, 48, 48, 1)
2026-05-12 01:02:56,648 | INFO     | [576592] 📊 Chi tiết dự đoán: {'ANGRY': 4.55, 'DISGUST': 0.15, 'FEAR': 5.54, 'HAPPY': 14.42, 'NEUTRAL': 13.89, 'SAD': 59.48, 'SURPRISE': 1.98}
2026-05-12 01:02:56,649 | INFO     | [576592] 🎯 KẾT QUẢ CHỐT: SAD (59.48%)
2026-05-12 01:02:56,649 | INFO     | [576592] ⏱️ Thời gian phản hồi: 55.9 ms
2026-05-12 01:02:56,685 | INFO     | [576685] ------------------------------------------
2026-05-12 01:02:56,685 | INFO     | [576685] 📥 NHẬN YÊU CẦU QUÉT KHUÔN MẶT MỚI
2026-05-12 01:02:56,685 | INFO     | [576685] Đã xử lý ảnh thành công. Kích thước tensor: (1, 48, 48, 1)
2026-05-12 01:02:56,742 | INFO     | [576685] 📊 Chi tiết dự đoán: {'ANGRY': 4.92, 'DISGUST': 0.2, 'FEAR': 5.49, 'HAPPY': 20.93, 'NEUTRAL': 17.45, 'SAD': 48.31, 'SURPRISE': 2.72}
2026-05-12 01:02:56,742 | INFO     | [576685] 🎯 KẾT QUẢ CHỐT: SAD (48.31%)
2026-05-12 01:02:56,742 | INFO     | [576685] ⏱️ Thời gian phản hồi: 56.62 ms
2026-05-12 01:02:56,779 | INFO     | [576779] ------------------------------------------
2026-05-12 01:02:56,780 | INFO     | [576779] 📥 NHẬN YÊU CẦU QUÉT KHUÔN MẶT MỚI
2026-05-12 01:02:56,780 | INFO     | [576779] Đã xử lý ảnh thành công. Kích thước tensor: (1, 48, 48, 1)
2026-05-12 01:02:56,843 | INFO     | [576779] 📊 Chi tiết dự đoán: {'ANGRY': 5.06, 'DISGUST': 0.25, 'FEAR': 5.54, 'HAPPY': 21.38, 'NEUTRAL': 17.33, 'SAD': 47.8, 'SURPRISE': 2.65}
2026-05-12 01:02:56,843 | INFO     | [576779] 🎯 KẾT QUẢ CHỐT: SAD (47.80%)
2026-05-12 01:02:56,843 | INFO     | [576779] ⏱️ Thời gian phản hồi: 64.33 ms
2026-05-12 01:02:56,889 | INFO     | [576889] ------------------------------------------
2026-05-12 01:02:56,889 | INFO     | [576889] 📥 NHẬN YÊU CẦU QUÉT KHUÔN MẶT MỚI
2026-05-12 01:02:56,889 | INFO     | [576889] Đã xử lý ảnh thành công. Kích thước tensor: (1, 48, 48, 1)
2026-05-12 01:02:56,968 | INFO     | [576889] 📊 Chi tiết dự đoán: {'ANGRY': 5.42, 'DISGUST': 0.19, 'FEAR': 6.29, 'HAPPY': 14.67, 'NEUTRAL': 15.2, 'SAD': 55.3, 'SURPRISE': 2.92}
2026-05-12 01:02:56,969 | INFO     | [576889] 🎯 KẾT QUẢ CHỐT: SAD (55.30%)
2026-05-12 01:02:56,969 | INFO     | [576889] ⏱️ Thời gian phản hồi: 78.67 ms
2026-05-12 01:02:56,984 | INFO     | [576984] ------------------------------------------
2026-05-12 01:02:56,984 | INFO     | [576984] 📥 NHẬN YÊU CẦU QUÉT KHUÔN MẶT MỚI
2026-05-12 01:02:56,985 | INFO     | [576984] Đã xử lý ảnh thành công. Kích thước tensor: (1, 48, 48, 1)
2026-05-12 01:02:57,051 | INFO     | [576984] 📊 Chi tiết dự đoán: {'ANGRY': 5.62, 'DISGUST': 0.23, 'FEAR': 6.9, 'HAPPY': 17.01, 'NEUTRAL': 14.4, 'SAD': 52.31, 'SURPRISE': 3.53}
2026-05-12 01:02:57,052 | INFO     | [576984] 🎯 KẾT QUẢ CHỐT: SAD (52.31%)
2026-05-12 01:02:57,052 | INFO     | [576984] ⏱️ Thời gian phản hồi: 66.98 ms
2026-05-12 01:02:57,077 | INFO     | [577077] ------------------------------------------
2026-05-12 01:02:57,077 | INFO     | [577077] 📥 NHẬN YÊU CẦU QUÉT KHUÔN MẶT MỚI
2026-05-12 01:02:57,078 | INFO     | [577077] Đã xử lý ảnh thành công. Kích thước tensor: (1, 48, 48, 1)
2026-05-12 01:02:57,136 | INFO     | [577077] 📊 Chi tiết dự đoán: {'ANGRY': 5.61, 'DISGUST': 0.28, 'FEAR': 6.66, 'HAPPY': 22.29, 'NEUTRAL': 16.05, 'SAD': 45.37, 'SURPRISE': 3.74}
2026-05-12 01:02:57,136 | INFO     | [577077] 🎯 KẾT QUẢ CHỐT: SAD (45.37%)
2026-05-12 01:02:57,136 | INFO     | [577077] ⏱️ Thời gian phản hồi: 58.41 ms
2026-05-12 01:02:57,187 | INFO     | [577187] ------------------------------------------
2026-05-12 01:02:57,187 | INFO     | [577187] 📥 NHẬN YÊU CẦU QUÉT KHUÔN MẶT MỚI
2026-05-12 01:02:57,188 | INFO     | [577187] Đã xử lý ảnh thành công. Kích thước tensor: (1, 48, 48, 1)
2026-05-12 01:02:57,244 | INFO     | [577187] 📊 Chi tiết dự đoán: {'ANGRY': 5.25, 'DISGUST': 0.25, 'FEAR': 6.47, 'HAPPY': 14.74, 'NEUTRAL': 16.82, 'SAD': 53.33, 'SURPRISE': 3.14}
2026-05-12 01:02:57,244 | INFO     | [577187] 🎯 KẾT QUẢ CHỐT: SAD (53.33%)
2026-05-12 01:02:57,244 | INFO     | [577187] ⏱️ Thời gian phản hồi: 57.74 ms
2026-05-12 01:02:57,282 | INFO     | [577282] ------------------------------------------
2026-05-12 01:02:57,282 | INFO     | [577282] 📥 NHẬN YÊU CẦU QUÉT KHUÔN MẶT MỚI
2026-05-12 01:02:57,283 | INFO     | [577282] Đã xử lý ảnh thành công. Kích thước tensor: (1, 48, 48, 1)
2026-05-12 01:02:57,338 | INFO     | [577282] 📊 Chi tiết dự đoán: {'ANGRY': 4.73, 'DISGUST': 0.18, 'FEAR': 6.22, 'HAPPY': 17.24, 'NEUTRAL': 17.64, 'SAD': 51.18, 'SURPRISE': 2.81}
2026-05-12 01:02:57,340 | INFO     | [577282] 🎯 KẾT QUẢ CHỐT: SAD (51.18%)
2026-05-12 01:02:57,340 | INFO     | [577282] ⏱️ Thời gian phản hồi: 56.34 ms
2026-05-12 01:02:57,388 | INFO     | [577388] ------------------------------------------
2026-05-12 01:02:57,389 | INFO     | [577388] 📥 NHẬN YÊU CẦU QUÉT KHUÔN MẶT MỚI
2026-05-12 01:02:57,389 | INFO     | [577388] Đã xử lý ảnh thành công. Kích thước tensor: (1, 48, 48, 1)
2026-05-12 01:02:57,446 | INFO     | [577388] 📊 Chi tiết dự đoán: {'ANGRY': 4.74, 'DISGUST': 0.19, 'FEAR': 6.1, 'HAPPY': 15.55, 'NEUTRAL': 18.29, 'SAD': 52.33, 'SURPRISE': 2.8}
2026-05-12 01:02:57,447 | INFO     | [577388] 🎯 KẾT QUẢ CHỐT: SAD (52.33%)
2026-05-12 01:02:57,447 | INFO     | [577388] ⏱️ Thời gian phản hồi: 57.22 ms
2026-05-12 01:02:57,483 | INFO     | [577483] ------------------------------------------
2026-05-12 01:02:57,484 | INFO     | [577483] 📥 NHẬN YÊU CẦU QUÉT KHUÔN MẶT MỚI
2026-05-12 01:02:57,484 | INFO     | [577483] Đã xử lý ảnh thành công. Kích thước tensor: (1, 48, 48, 1)
2026-05-12 01:02:57,542 | INFO     | [577483] 📊 Chi tiết dự đoán: {'ANGRY': 4.22, 'DISGUST': 0.15, 'FEAR': 5.79, 'HAPPY': 12.89, 'NEUTRAL': 18.69, 'SAD': 56.2, 'SURPRISE': 2.05}
2026-05-12 01:02:57,542 | INFO     | [577483] 🎯 KẾT QUẢ CHỐT: SAD (56.20%)
2026-05-12 01:02:57,542 | INFO     | [577483] ⏱️ Thời gian phản hồi: 59.6 ms
2026-05-12 01:02:57,591 | INFO     | [577591] ------------------------------------------
2026-05-12 01:02:57,591 | INFO     | [577591] 📥 NHẬN YÊU CẦU QUÉT KHUÔN MẶT MỚI
2026-05-12 01:02:57,592 | INFO     | [577591] Đã xử lý ảnh thành công. Kích thước tensor: (1, 48, 48, 1)
2026-05-12 01:02:57,652 | INFO     | [577591] 📊 Chi tiết dự đoán: {'ANGRY': 4.67, 'DISGUST': 0.2, 'FEAR': 6.23, 'HAPPY': 14.99, 'NEUTRAL': 17.27, 'SAD': 53.69, 'SURPRISE': 2.95}
2026-05-12 01:02:57,652 | INFO     | [577591] 🎯 KẾT QUẢ CHỐT: SAD (53.69%)
2026-05-12 01:02:57,653 | INFO     | [577591] ⏱️ Thời gian phản hồi: 60.4 ms
2026-05-12 01:02:57,684 | INFO     | [577684] ------------------------------------------
2026-05-12 01:02:57,684 | INFO     | [577684] 📥 NHẬN YÊU CẦU QUÉT KHUÔN MẶT MỚI
2026-05-12 01:02:57,685 | INFO     | [577684] Đã xử lý ảnh thành công. Kích thước tensor: (1, 48, 48, 1)
2026-05-12 01:02:57,745 | INFO     | [577684] 📊 Chi tiết dự đoán: {'ANGRY': 4.52, 'DISGUST': 0.21, 'FEAR': 6.19, 'HAPPY': 14.85, 'NEUTRAL': 16.95, 'SAD': 54.23, 'SURPRISE': 3.04}
2026-05-12 01:02:57,745 | INFO     | [577684] 🎯 KẾT QUẢ CHỐT: SAD (54.23%)
2026-05-12 01:02:57,745 | INFO     | [577684] ⏱️ Thời gian phản hồi: 61.11 ms
2026-05-12 01:02:57,794 | INFO     | [577794] ------------------------------------------
2026-05-12 01:02:57,794 | INFO     | [577794] 📥 NHẬN YÊU CẦU QUÉT KHUÔN MẶT MỚI
2026-05-12 01:02:57,794 | INFO     | [577794] Đã xử lý ảnh thành công. Kích thước tensor: (1, 48, 48, 1)
2026-05-12 01:02:57,845 | INFO     | [577794] 📊 Chi tiết dự đoán: {'ANGRY': 4.41, 'DISGUST': 0.15, 'FEAR': 6.19, 'HAPPY': 15.4, 'NEUTRAL': 17.4, 'SAD': 53.33, 'SURPRISE': 3.12}
2026-05-12 01:02:57,846 | INFO     | [577794] 🎯 KẾT QUẢ CHỐT: SAD (53.33%)
2026-05-12 01:02:57,846 | INFO     | [577794] ⏱️ Thời gian phản hồi: 51.74 ms
2026-05-12 01:02:57,886 | INFO     | [577886] ------------------------------------------
2026-05-12 01:02:57,886 | INFO     | [577886] 📥 NHẬN YÊU CẦU QUÉT KHUÔN MẶT MỚI
2026-05-12 01:02:57,886 | INFO     | [577886] Đã xử lý ảnh thành công. Kích thước tensor: (1, 48, 48, 1)
2026-05-12 01:02:57,946 | INFO     | [577886] 📊 Chi tiết dự đoán: {'ANGRY': 4.47, 'DISGUST': 0.13, 'FEAR': 6.4, 'HAPPY': 14.91, 'NEUTRAL': 17.6, 'SAD': 53.36, 'SURPRISE': 3.13}
2026-05-12 01:02:57,946 | INFO     | [577886] 🎯 KẾT QUẢ CHỐT: SAD (53.36%)
2026-05-12 01:02:57,946 | INFO     | [577886] ⏱️ Thời gian phản hồi: 59.22 ms
2026-05-12 01:02:57,979 | INFO     | [577979] ------------------------------------------
2026-05-12 01:02:57,979 | INFO     | [577979] 📥 NHẬN YÊU CẦU QUÉT KHUÔN MẶT MỚI
2026-05-12 01:02:57,981 | INFO     | [577979] Đã xử lý ảnh thành công. Kích thước tensor: (1, 48, 48, 1)
2026-05-12 01:02:58,042 | INFO     | [577979] 📊 Chi tiết dự đoán: {'ANGRY': 3.89, 'DISGUST': 0.14, 'FEAR': 5.85, 'HAPPY': 18.2, 'NEUTRAL': 20.26, 'SAD': 48.8, 'SURPRISE': 2.85}
2026-05-12 01:02:58,042 | INFO     | [577979] 🎯 KẾT QUẢ CHỐT: SAD (48.80%)
2026-05-12 01:02:58,043 | INFO     | [577979] ⏱️ Thời gian phản hồi: 62.89 ms
2026-05-12 01:02:58,088 | INFO     | [578088] ------------------------------------------
2026-05-12 01:02:58,088 | INFO     | [578088] 📥 NHẬN YÊU CẦU QUÉT KHUÔN MẶT MỚI
2026-05-12 01:02:58,088 | INFO     | [578088] Đã xử lý ảnh thành công. Kích thước tensor: (1, 48, 48, 1)
2026-05-12 01:02:58,141 | INFO     | [578088] 📊 Chi tiết dự đoán: {'ANGRY': 4.45, 'DISGUST': 0.2, 'FEAR': 5.88, 'HAPPY': 18.99, 'NEUTRAL': 17.51, 'SAD': 49.97, 'SURPRISE': 3.0}
2026-05-12 01:02:58,141 | INFO     | [578088] 🎯 KẾT QUẢ CHỐT: SAD (49.97%)
2026-05-12 01:02:58,141 | INFO     | [578088] ⏱️ Thời gian phản hồi: 52.18 ms
2026-05-12 01:02:58,181 | INFO     | [578181] ------------------------------------------
2026-05-12 01:02:58,182 | INFO     | [578181] 📥 NHẬN YÊU CẦU QUÉT KHUÔN MẶT MỚI
2026-05-12 01:02:58,182 | INFO     | [578181] Đã xử lý ảnh thành công. Kích thước tensor: (1, 48, 48, 1)
2026-05-12 01:02:58,235 | INFO     | [578181] 📊 Chi tiết dự đoán: {'ANGRY': 4.63, 'DISGUST': 0.24, 'FEAR': 6.1, 'HAPPY': 16.66, 'NEUTRAL': 20.0, 'SAD': 48.96, 'SURPRISE': 3.42}
2026-05-12 01:02:58,235 | INFO     | [578181] 🎯 KẾT QUẢ CHỐT: SAD (48.96%)
2026-05-12 01:02:58,235 | INFO     | [578181] ⏱️ Thời gian phản hồi: 53.33 ms
2026-05-12 01:02:58,277 | INFO     | [578277] ------------------------------------------
2026-05-12 01:02:58,277 | INFO     | [578277] 📥 NHẬN YÊU CẦU QUÉT KHUÔN MẶT MỚI
2026-05-12 01:02:58,278 | INFO     | [578277] Đã xử lý ảnh thành công. Kích thước tensor: (1, 48, 48, 1)
2026-05-12 01:02:58,335 | INFO     | [578277] 📊 Chi tiết dự đoán: {'ANGRY': 4.11, 'DISGUST': 0.19, 'FEAR': 6.15, 'HAPPY': 16.19, 'NEUTRAL': 17.51, 'SAD': 52.86, 'SURPRISE': 2.99}
2026-05-12 01:02:58,335 | INFO     | [578277] 🎯 KẾT QUẢ CHỐT: SAD (52.86%)
2026-05-12 01:02:58,335 | INFO     | [578277] ⏱️ Thời gian phản hồi: 58.18 ms
2026-05-12 01:02:58,384 | INFO     | [578384] ------------------------------------------
2026-05-12 01:02:58,384 | INFO     | [578384] 📥 NHẬN YÊU CẦU QUÉT KHUÔN MẶT MỚI
2026-05-12 01:02:58,385 | INFO     | [578384] Đã xử lý ảnh thành công. Kích thước tensor: (1, 48, 48, 1)
2026-05-12 01:02:58,442 | INFO     | [578384] 📊 Chi tiết dự đoán: {'ANGRY': 3.94, 'DISGUST': 0.16, 'FEAR': 5.42, 'HAPPY': 17.76, 'NEUTRAL': 19.95, 'SAD': 50.27, 'SURPRISE': 2.51}
2026-05-12 01:02:58,443 | INFO     | [578384] 🎯 KẾT QUẢ CHỐT: SAD (50.27%)
2026-05-12 01:02:58,443 | INFO     | [578384] ⏱️ Thời gian phản hồi: 57.52 ms
2026-05-12 01:02:58,479 | INFO     | [578479] ------------------------------------------
2026-05-12 01:02:58,479 | INFO     | [578479] 📥 NHẬN YÊU CẦU QUÉT KHUÔN MẶT MỚI
2026-05-12 01:02:58,480 | INFO     | [578479] Đã xử lý ảnh thành công. Kích thước tensor: (1, 48, 48, 1)
2026-05-12 01:02:58,539 | INFO     | [578479] 📊 Chi tiết dự đoán: {'ANGRY': 5.11, 'DISGUST': 0.23, 'FEAR': 5.95, 'HAPPY': 10.35, 'NEUTRAL': 20.96, 'SAD': 54.88, 'SURPRISE': 2.53}
2026-05-12 01:02:58,541 | INFO     | [578479] 🎯 KẾT QUẢ CHỐT: SAD (54.88%)
2026-05-12 01:02:58,541 | INFO     | [578479] ⏱️ Thời gian phản hồi: 60.08 ms
2026-05-12 01:02:58,587 | INFO     | [578587] ------------------------------------------
2026-05-12 01:02:58,587 | INFO     | [578587] 📥 NHẬN YÊU CẦU QUÉT KHUÔN MẶT MỚI
2026-05-12 01:02:58,588 | INFO     | [578587] Đã xử lý ảnh thành công. Kích thước tensor: (1, 48, 48, 1)
2026-05-12 01:02:58,650 | INFO     | [578587] 📊 Chi tiết dự đoán: {'ANGRY': 4.2, 'DISGUST': 0.18, 'FEAR': 5.21, 'HAPPY': 12.43, 'NEUTRAL': 20.47, 'SAD': 55.17, 'SURPRISE': 2.33}
2026-05-12 01:02:58,651 | INFO     | [578587] 🎯 KẾT QUẢ CHỐT: SAD (55.17%)
2026-05-12 01:02:58,651 | INFO     | [578587] ⏱️ Thời gian phản hồi: 63.24 ms
2026-05-12 01:02:58,680 | INFO     | [578680] ------------------------------------------
2026-05-12 01:02:58,680 | INFO     | [578680] 📥 NHẬN YÊU CẦU QUÉT KHUÔN MẶT MỚI
2026-05-12 01:02:58,680 | INFO     | [578680] Đã xử lý ảnh thành công. Kích thước tensor: (1, 48, 48, 1)
2026-05-12 01:02:58,738 | INFO     | [578680] 📊 Chi tiết dự đoán: {'ANGRY': 4.38, 'DISGUST': 0.21, 'FEAR': 5.23, 'HAPPY': 12.91, 'NEUTRAL': 21.29, 'SAD': 53.81, 'SURPRISE': 2.18}
2026-05-12 01:02:58,738 | INFO     | [578680] 🎯 KẾT QUẢ CHỐT: SAD (53.81%)
2026-05-12 01:02:58,738 | INFO     | [578680] ⏱️ Thời gian phản hồi: 57.44 ms
2026-05-12 01:02:58,777 | INFO     | [578777] ------------------------------------------
2026-05-12 01:02:58,778 | INFO     | [578777] 📥 NHẬN YÊU CẦU QUÉT KHUÔN MẶT MỚI
2026-05-12 01:02:58,778 | INFO     | [578777] Đã xử lý ảnh thành công. Kích thước tensor: (1, 48, 48, 1)
2026-05-12 01:02:58,834 | INFO     | [578777] 📊 Chi tiết dự đoán: {'ANGRY': 4.32, 'DISGUST': 0.2, 'FEAR': 5.27, 'HAPPY': 11.19, 'NEUTRAL': 18.57, 'SAD': 58.32, 'SURPRISE': 2.12}
2026-05-12 01:02:58,836 | INFO     | [578777] 🎯 KẾT QUẢ CHỐT: SAD (58.32%)
2026-05-12 01:02:58,836 | INFO     | [578777] ⏱️ Thời gian phản hồi: 57.83 ms
2026-05-12 01:02:58,888 | INFO     | [578888] ------------------------------------------
2026-05-12 01:02:58,888 | INFO     | [578888] 📥 NHẬN YÊU CẦU QUÉT KHUÔN MẶT MỚI
2026-05-12 01:02:58,888 | INFO     | [578888] Đã xử lý ảnh thành công. Kích thước tensor: (1, 48, 48, 1)
2026-05-12 01:02:58,944 | INFO     | [578888] 📊 Chi tiết dự đoán: {'ANGRY': 4.27, 'DISGUST': 0.19, 'FEAR': 5.39, 'HAPPY': 10.33, 'NEUTRAL': 20.15, 'SAD': 57.69, 'SURPRISE': 1.99}
2026-05-12 01:02:58,944 | INFO     | [578888] 🎯 KẾT QUẢ CHỐT: SAD (57.69%)
2026-05-12 01:02:58,945 | INFO     | [578888] ⏱️ Thời gian phản hồi: 55.87 ms
2026-05-12 01:02:58,987 | INFO     | [578987] ------------------------------------------
2026-05-12 01:02:58,994 | INFO     | [578987] 📥 NHẬN YÊU CẦU QUÉT KHUÔN MẶT MỚI
2026-05-12 01:02:58,995 | INFO     | [578987] Đã xử lý ảnh thành công. Kích thước tensor: (1, 48, 48, 1)
2026-05-12 01:02:59,066 | INFO     | [578987] 📊 Chi tiết dự đoán: {'ANGRY': 4.44, 'DISGUST': 0.21, 'FEAR': 5.3, 'HAPPY': 11.02, 'NEUTRAL': 20.37, 'SAD': 56.7, 'SURPRISE': 1.95}
2026-05-12 01:02:59,066 | INFO     | [578987] 🎯 KẾT QUẢ CHỐT: SAD (56.70%)
2026-05-12 01:02:59,067 | INFO     | [578987] ⏱️ Thời gian phản hồi: 79.18 ms
2026-05-12 01:02:59,093 | INFO     | [579093] ------------------------------------------
2026-05-12 01:02:59,094 | INFO     | [579093] 📥 NHẬN YÊU CẦU QUÉT KHUÔN MẶT MỚI
2026-05-12 01:02:59,094 | INFO     | [579093] Đã xử lý ảnh thành công. Kích thước tensor: (1, 48, 48, 1)
2026-05-12 01:02:59,150 | INFO     | [579093] 📊 Chi tiết dự đoán: {'ANGRY': 4.32, 'DISGUST': 0.2, 'FEAR': 5.53, 'HAPPY': 13.73, 'NEUTRAL': 19.73, 'SAD': 54.32, 'SURPRISE': 2.17}
2026-05-12 01:02:59,150 | INFO     | [579093] 🎯 KẾT QUẢ CHỐT: SAD (54.32%)
2026-05-12 01:02:59,150 | INFO     | [579093] ⏱️ Thời gian phản hồi: 56.68 ms
2026-05-12 01:02:59,189 | INFO     | [579189] ------------------------------------------
2026-05-12 01:02:59,190 | INFO     | [579189] 📥 NHẬN YÊU CẦU QUÉT KHUÔN MẶT MỚI
2026-05-12 01:02:59,190 | INFO     | [579189] Đã xử lý ảnh thành công. Kích thước tensor: (1, 48, 48, 1)
2026-05-12 01:02:59,246 | INFO     | [579189] 📊 Chi tiết dự đoán: {'ANGRY': 4.38, 'DISGUST': 0.19, 'FEAR': 5.38, 'HAPPY': 12.31, 'NEUTRAL': 19.76, 'SAD': 55.48, 'SURPRISE': 2.5}
2026-05-12 01:02:59,246 | INFO     | [579189] 🎯 KẾT QUẢ CHỐT: SAD (55.48%)
2026-05-12 01:02:59,246 | INFO     | [579189] ⏱️ Thời gian phản hồi: 57.08 ms
2026-05-12 01:02:59,282 | INFO     | [579282] ------------------------------------------
2026-05-12 01:02:59,282 | INFO     | [579282] 📥 NHẬN YÊU CẦU QUÉT KHUÔN MẶT MỚI
2026-05-12 01:02:59,282 | INFO     | [579282] Đã xử lý ảnh thành công. Kích thước tensor: (1, 48, 48, 1)
2026-05-12 01:02:59,340 | INFO     | [579282] 📊 Chi tiết dự đoán: {'ANGRY': 4.03, 'DISGUST': 0.17, 'FEAR': 4.94, 'HAPPY': 16.33, 'NEUTRAL': 20.89, 'SAD': 51.63, 'SURPRISE': 2.01}
2026-05-12 01:02:59,341 | INFO     | [579282] 🎯 KẾT QUẢ CHỐT: SAD (51.63%)
2026-05-12 01:02:59,341 | INFO     | [579282] ⏱️ Thời gian phản hồi: 58.89 ms
2026-05-12 01:02:59,389 | INFO     | [579389] ------------------------------------------
2026-05-12 01:02:59,391 | INFO     | [579389] 📥 NHẬN YÊU CẦU QUÉT KHUÔN MẶT MỚI
2026-05-12 01:02:59,391 | INFO     | [579389] Đã xử lý ảnh thành công. Kích thước tensor: (1, 48, 48, 1)
2026-05-12 01:02:59,453 | INFO     | [579389] 📊 Chi tiết dự đoán: {'ANGRY': 4.45, 'DISGUST': 0.18, 'FEAR': 5.47, 'HAPPY': 16.67, 'NEUTRAL': 19.74, 'SAD': 51.18, 'SURPRISE': 2.3}
2026-05-12 01:02:59,454 | INFO     | [579389] 🎯 KẾT QUẢ CHỐT: SAD (51.18%)
2026-05-12 01:02:59,454 | INFO     | [579389] ⏱️ Thời gian phản hồi: 63.59 ms
2026-05-12 01:02:59,483 | INFO     | [579483] ------------------------------------------
2026-05-12 01:02:59,483 | INFO     | [579483] 📥 NHẬN YÊU CẦU QUÉT KHUÔN MẶT MỚI
2026-05-12 01:02:59,484 | INFO     | [579483] Đã xử lý ảnh thành công. Kích thước tensor: (1, 48, 48, 1)
2026-05-12 01:02:59,541 | INFO     | [579483] 📊 Chi tiết dự đoán: {'ANGRY': 4.33, 'DISGUST': 0.22, 'FEAR': 5.19, 'HAPPY': 15.83, 'NEUTRAL': 19.35, 'SAD': 52.89, 'SURPRISE': 2.19}
2026-05-12 01:02:59,542 | INFO     | [579483] 🎯 KẾT QUẢ CHỐT: SAD (52.89%)
2026-05-12 01:02:59,542 | INFO     | [579483] ⏱️ Thời gian phản hồi: 57.96 ms
2026-05-12 01:02:59,592 | INFO     | [579592] ------------------------------------------
2026-05-12 01:02:59,592 | INFO     | [579592] 📥 NHẬN YÊU CẦU QUÉT KHUÔN MẶT MỚI
2026-05-12 01:02:59,592 | INFO     | [579592] Đã xử lý ảnh thành công. Kích thước tensor: (1, 48, 48, 1)
2026-05-12 01:02:59,650 | INFO     | [579592] 📊 Chi tiết dự đoán: {'ANGRY': 3.87, 'DISGUST': 0.18, 'FEAR': 4.94, 'HAPPY': 15.36, 'NEUTRAL': 19.91, 'SAD': 53.75, 'SURPRISE': 1.99}
2026-05-12 01:02:59,650 | INFO     | [579592] 🎯 KẾT QUẢ CHỐT: SAD (53.75%)
2026-05-12 01:02:59,650 | INFO     | [579592] ⏱️ Thời gian phản hồi: 58.32 ms
2026-05-12 01:02:59,685 | INFO     | [579685] ------------------------------------------
2026-05-12 01:02:59,685 | INFO     | [579685] 📥 NHẬN YÊU CẦU QUÉT KHUÔN MẶT MỚI
2026-05-12 01:02:59,686 | INFO     | [579685] Đã xử lý ảnh thành công. Kích thước tensor: (1, 48, 48, 1)
2026-05-12 01:02:59,744 | INFO     | [579685] 📊 Chi tiết dự đoán: {'ANGRY': 4.13, 'DISGUST': 0.18, 'FEAR': 5.6, 'HAPPY': 12.05, 'NEUTRAL': 19.23, 'SAD': 56.34, 'SURPRISE': 2.48}
2026-05-12 01:02:59,744 | INFO     | [579685] 🎯 KẾT QUẢ CHỐT: SAD (56.34%)
2026-05-12 01:02:59,745 | INFO     | [579685] ⏱️ Thời gian phản hồi: 59.29 ms
2026-05-12 01:02:59,780 | INFO     | [579780] ------------------------------------------
2026-05-12 01:02:59,780 | INFO     | [579780] 📥 NHẬN YÊU CẦU QUÉT KHUÔN MẶT MỚI
2026-05-12 01:02:59,781 | INFO     | [579780] Đã xử lý ảnh thành công. Kích thước tensor: (1, 48, 48, 1)
2026-05-12 01:02:59,840 | INFO     | [579780] 📊 Chi tiết dự đoán: {'ANGRY': 4.43, 'DISGUST': 0.21, 'FEAR': 5.58, 'HAPPY': 11.93, 'NEUTRAL': 19.2, 'SAD': 56.19, 'SURPRISE': 2.46}
2026-05-12 01:02:59,840 | INFO     | [579780] 🎯 KẾT QUẢ CHỐT: SAD (56.19%)
2026-05-12 01:02:59,840 | INFO     | [579780] ⏱️ Thời gian phản hồi: 59.94 ms
2026-05-12 01:02:59,888 | INFO     | [579888] ------------------------------------------
2026-05-12 01:02:59,888 | INFO     | [579888] 📥 NHẬN YÊU CẦU QUÉT KHUÔN MẶT MỚI
2026-05-12 01:02:59,888 | INFO     | [579888] Đã xử lý ảnh thành công. Kích thước tensor: (1, 48, 48, 1)
2026-05-12 01:02:59,939 | INFO     | [579888] 📊 Chi tiết dự đoán: {'ANGRY': 4.01, 'DISGUST': 0.18, 'FEAR': 5.12, 'HAPPY': 12.92, 'NEUTRAL': 21.15, 'SAD': 54.38, 'SURPRISE': 2.24}
2026-05-12 01:02:59,939 | INFO     | [579888] 🎯 KẾT QUẢ CHỐT: SAD (54.38%)
2026-05-12 01:02:59,939 | INFO     | [579888] ⏱️ Thời gian phản hồi: 50.63 ms
2026-05-12 01:03:00,066 | INFO     | [BATCH-580066] ==========================================
2026-05-12 01:03:00,067 | INFO     | [BATCH-580066] 🎞️ NHẬN CHUỖI 50 KHUNG HÌNH (BATCH)
2026-05-12 01:03:00,160 | INFO     | [BATCH-580066] ↳ Frame 1/50: SAD (57.9%)
2026-05-12 01:03:00,248 | INFO     | [BATCH-580066] ↳ Frame 2/50: SAD (58.4%)
2026-05-12 01:03:00,327 | INFO     | [BATCH-580066] ↳ Frame 3/50: SAD (56.1%)
2026-05-12 01:03:00,412 | INFO     | [BATCH-580066] ↳ Frame 4/50: SAD (60.8%)
2026-05-12 01:03:00,498 | INFO     | [BATCH-580066] ↳ Frame 5/50: SAD (54.4%)
2026-05-12 01:03:00,579 | INFO     | [BATCH-580066] ↳ Frame 6/50: SAD (53.3%)
2026-05-12 01:03:00,656 | INFO     | [BATCH-580066] ↳ Frame 7/50: SAD (51.2%)
2026-05-12 01:03:00,723 | INFO     | [BATCH-580066] ↳ Frame 8/50: SAD (57.8%)
2026-05-12 01:03:00,776 | INFO     | [BATCH-580066] ↳ Frame 9/50: SAD (52.3%)
2026-05-12 01:03:00,831 | INFO     | [BATCH-580066] ↳ Frame 10/50: SAD (52.6%)
2026-05-12 01:03:00,885 | INFO     | [BATCH-580066] ↳ Frame 11/50: SAD (48.6%)
2026-05-12 01:03:00,940 | INFO     | [BATCH-580066] ↳ Frame 12/50: SAD (57.8%)
2026-05-12 01:03:00,997 | INFO     | [BATCH-580066] ↳ Frame 13/50: SAD (51.2%)
2026-05-12 01:03:01,053 | INFO     | [BATCH-580066] ↳ Frame 14/50: SAD (51.6%)
2026-05-12 01:03:01,108 | INFO     | [BATCH-580066] ↳ Frame 15/50: SAD (50.0%)
2026-05-12 01:03:01,162 | INFO     | [BATCH-580066] ↳ Frame 16/50: SAD (60.0%)
2026-05-12 01:03:01,226 | INFO     | [BATCH-580066] ↳ Frame 17/50: SAD (59.5%)
2026-05-12 01:03:01,287 | INFO     | [BATCH-580066] ↳ Frame 18/50: SAD (48.3%)
2026-05-12 01:03:01,343 | INFO     | [BATCH-580066] ↳ Frame 19/50: SAD (47.8%)
2026-05-12 01:03:01,401 | INFO     | [BATCH-580066] ↳ Frame 20/50: SAD (55.3%)
2026-05-12 01:03:01,461 | INFO     | [BATCH-580066] ↳ Frame 21/50: SAD (52.3%)
2026-05-12 01:03:01,517 | INFO     | [BATCH-580066] ↳ Frame 22/50: SAD (45.4%)
2026-05-12 01:03:01,570 | INFO     | [BATCH-580066] ↳ Frame 23/50: SAD (53.3%)
2026-05-12 01:03:01,631 | INFO     | [BATCH-580066] ↳ Frame 24/50: SAD (51.2%)
2026-05-12 01:03:01,683 | INFO     | [BATCH-580066] ↳ Frame 25/50: SAD (52.3%)
2026-05-12 01:03:01,742 | INFO     | [BATCH-580066] ↳ Frame 26/50: SAD (56.2%)
2026-05-12 01:03:01,795 | INFO     | [BATCH-580066] ↳ Frame 27/50: SAD (53.7%)
2026-05-12 01:03:01,851 | INFO     | [BATCH-580066] ↳ Frame 28/50: SAD (54.2%)
2026-05-12 01:03:01,908 | INFO     | [BATCH-580066] ↳ Frame 29/50: SAD (53.3%)
2026-05-12 01:03:01,963 | INFO     | [BATCH-580066] ↳ Frame 30/50: SAD (53.4%)
2026-05-12 01:03:02,020 | INFO     | [BATCH-580066] ↳ Frame 31/50: SAD (48.8%)
2026-05-12 01:03:02,076 | INFO     | [BATCH-580066] ↳ Frame 32/50: SAD (50.0%)
2026-05-12 01:03:02,130 | INFO     | [BATCH-580066] ↳ Frame 33/50: SAD (49.0%)
2026-05-12 01:03:02,183 | INFO     | [BATCH-580066] ↳ Frame 34/50: SAD (52.9%)
2026-05-12 01:03:02,240 | INFO     | [BATCH-580066] ↳ Frame 35/50: SAD (50.3%)
2026-05-12 01:03:02,300 | INFO     | [BATCH-580066] ↳ Frame 36/50: SAD (54.9%)
2026-05-12 01:03:02,356 | INFO     | [BATCH-580066] ↳ Frame 37/50: SAD (55.2%)
2026-05-12 01:03:02,411 | INFO     | [BATCH-580066] ↳ Frame 38/50: SAD (53.8%)
2026-05-12 01:03:02,464 | INFO     | [BATCH-580066] ↳ Frame 39/50: SAD (58.3%)
2026-05-12 01:03:02,519 | INFO     | [BATCH-580066] ↳ Frame 40/50: SAD (57.7%)
2026-05-12 01:03:02,582 | INFO     | [BATCH-580066] ↳ Frame 41/50: SAD (56.7%)
2026-05-12 01:03:02,640 | INFO     | [BATCH-580066] ↳ Frame 42/50: SAD (54.3%)
2026-05-12 01:03:02,692 | INFO     | [BATCH-580066] ↳ Frame 43/50: SAD (55.5%)
2026-05-12 01:03:02,744 | INFO     | [BATCH-580066] ↳ Frame 44/50: SAD (51.6%)
2026-05-12 01:03:02,802 | INFO     | [BATCH-580066] ↳ Frame 45/50: SAD (51.2%)
2026-05-12 01:03:02,855 | INFO     | [BATCH-580066] ↳ Frame 46/50: SAD (52.9%)
2026-05-12 01:03:02,908 | INFO     | [BATCH-580066] ↳ Frame 47/50: SAD (53.8%)
2026-05-12 01:03:02,962 | INFO     | [BATCH-580066] ↳ Frame 48/50: SAD (56.3%)
2026-05-12 01:03:03,011 | INFO     | [BATCH-580066] ↳ Frame 49/50: SAD (56.2%)
2026-05-12 01:03:03,066 | INFO     | [BATCH-580066] ↳ Frame 50/50: SAD (54.4%)
2026-05-12 01:03:03,066 | INFO     | [BATCH-580066] 🎯 KẾT QUẢ CHUỖI: SAD (Tần suất: {'SAD': 50})
2026-05-12 01:03:03,066 | INFO     | [BATCH-580066] ⏱️ Tổng thời gian xử lý: 3000.6 ms
