2026-05-25 14:37:15,292 | INFO     | ⏳ Đang nạp AI Model vào bộ nhớ...
2026-05-25 14:37:18,615 | INFO     | ✅ Nạp Model thành công! Server AI đã sẵn sàng.
2026-05-25 14:37:18,618 | INFO     | [emotion-service] Inference executor ready: max_workers=4
2026-05-25 14:37:18,874 | INFO     | [emotion-service] Worker boot  pid=29184 inference_workers=4 max_concurrent=12
2026-05-25 14:37:18,875 | INFO     | [emotion-service] pid=29184 warm-up: running dummy predict ...
2026-05-25 14:37:25,678 | INFO     | [emotion-service] pid=29184 warm-up complete
2026-05-25 16:02:50,236 | INFO     | [emotion-service] Worker shutdown pid=29184 — draining inference executor ...
2026-05-25 16:02:50,259 | INFO     | [emotion-service] Worker shutdown pid=29184 complete
2026-05-25 18:18:49,315 | INFO     | ⏳ Đang nạp AI Model vào bộ nhớ...
2026-05-25 18:18:52,742 | INFO     | ✅ Nạp Model thành công! Server AI đã sẵn sàng.
2026-05-25 18:18:52,746 | INFO     | [emotion-service] Inference executor ready: max_workers=4
2026-05-25 18:18:53,046 | INFO     | [emotion-service] Worker boot  pid=30792 inference_workers=4 max_concurrent=12
2026-05-25 18:18:53,047 | INFO     | [emotion-service] pid=30792 warm-up: running dummy predict ...
2026-05-25 18:19:00,113 | INFO     | [emotion-service] pid=30792 warm-up complete
2026-05-25 21:19:30,634 | INFO     | [emotion-service] Worker shutdown pid=30792 — draining inference executor ...
2026-05-25 21:19:30,706 | INFO     | [emotion-service] Worker shutdown pid=30792 complete
2026-05-25 23:36:42,179 | INFO     | ⏳ Đang nạp AI Model vào bộ nhớ...
2026-05-25 23:36:45,406 | INFO     | ✅ Nạp Model thành công! Server AI đã sẵn sàng.
2026-05-25 23:36:45,408 | INFO     | [emotion-service] Inference executor ready: max_workers=4
2026-05-25 23:36:45,694 | INFO     | [emotion-service] Worker boot  pid=30656 inference_workers=4 max_concurrent=12
2026-05-25 23:36:45,695 | INFO     | [emotion-service] pid=30656 warm-up: running dummy predict ...
2026-05-25 23:36:53,434 | INFO     | [emotion-service] pid=30656 warm-up complete
2026-05-25 23:46:30,517 | INFO     | [590517] ------------------------------------------
2026-05-25 23:46:30,518 | INFO     | [590517] 📥 NHẬN YÊU CẦU QUÉT KHUÔN MẶT MỚI
2026-05-25 23:46:30,519 | INFO     | [590519] ------------------------------------------
2026-05-25 23:46:30,520 | INFO     | [590519] 📥 NHẬN YÊU CẦU QUÉT KHUÔN MẶT MỚI
2026-05-25 23:46:30,520 | INFO     | [590520] ------------------------------------------
2026-05-25 23:46:30,521 | INFO     | [590520] 📥 NHẬN YÊU CẦU QUÉT KHUÔN MẶT MỚI
2026-05-25 23:46:30,562 | INFO     | [590517] Đã xử lý ảnh thành công. Kích thước tensor: (1, 48, 48, 1)
2026-05-25 23:46:30,584 | INFO     | [590519] Đã xử lý ảnh thành công. Kích thước tensor: (1, 48, 48, 1)
2026-05-25 23:46:30,600 | INFO     | [590520] Đã xử lý ảnh thành công. Kích thước tensor: (1, 48, 48, 1)
2026-05-25 23:46:30,805 | INFO     | [590517] ⏱️ Model inference: 242.29 ms
2026-05-25 23:46:30,807 | INFO     | [590517] 📊 Chi tiết dự đoán: {'ANGRY': 5.9, 'DISGUST': 0.11, 'FEAR': 7.93, 'HAPPY': 5.52, 'NEUTRAL': 10.74, 'SAD': 65.32, 'SURPRISE': 4.49}
2026-05-25 23:46:30,808 | INFO     | [590517] 🎯 KẾT QUẢ CHỐT: SAD (65.32%)
2026-05-25 23:46:30,808 | INFO     | [590517] ⏱️ Thời gian phản hồi: 290.18 ms
2026-05-25 23:46:30,812 | INFO     | [590520] ⏱️ Model inference: 205.19 ms
2026-05-25 23:46:30,813 | INFO     | [590520] 📊 Chi tiết dự đoán: {'ANGRY': 5.66, 'DISGUST': 0.09, 'FEAR': 7.89, 'HAPPY': 6.11, 'NEUTRAL': 11.72, 'SAD': 64.21, 'SURPRISE': 4.33}
2026-05-25 23:46:30,813 | INFO     | [590520] 🎯 KẾT QUẢ CHỐT: SAD (64.21%)
2026-05-25 23:46:30,813 | INFO     | [590520] ⏱️ Thời gian phản hồi: 293.19 ms
2026-05-25 23:46:30,814 | INFO     | [590519] ⏱️ Model inference: 228.77 ms
2026-05-25 23:46:30,814 | INFO     | [590519] 📊 Chi tiết dự đoán: {'ANGRY': 6.14, 'DISGUST': 0.1, 'FEAR': 8.31, 'HAPPY': 4.56, 'NEUTRAL': 10.59, 'SAD': 65.96, 'SURPRISE': 4.35}
2026-05-25 23:46:30,816 | INFO     | [590519] 🎯 KẾT QUẢ CHỐT: SAD (65.96%)
2026-05-25 23:46:30,816 | INFO     | [590519] ⏱️ Thời gian phản hồi: 295.19 ms
2026-05-25 23:46:30,842 | INFO     | [590842] ------------------------------------------
2026-05-25 23:46:30,842 | INFO     | [590842] 📥 NHẬN YÊU CẦU QUÉT KHUÔN MẶT MỚI
2026-05-25 23:46:30,843 | INFO     | [590842] Đã xử lý ảnh thành công. Kích thước tensor: (1, 48, 48, 1)
2026-05-25 23:46:30,858 | INFO     | [590858] ------------------------------------------
2026-05-25 23:46:30,860 | INFO     | [590858] 📥 NHẬN YÊU CẦU QUÉT KHUÔN MẶT MỚI
2026-05-25 23:46:30,862 | INFO     | [590858] Đã xử lý ảnh thành công. Kích thước tensor: (1, 48, 48, 1)
2026-05-25 23:46:30,967 | INFO     | [590842] ⏱️ Model inference: 123.55 ms
2026-05-25 23:46:30,967 | INFO     | [590842] 📊 Chi tiết dự đoán: {'ANGRY': 4.73, 'DISGUST': 0.08, 'FEAR': 7.99, 'HAPPY': 3.2, 'NEUTRAL': 12.12, 'SAD': 68.43, 'SURPRISE': 3.45}
2026-05-25 23:46:30,967 | INFO     | [590842] 🎯 KẾT QUẢ CHỐT: SAD (68.43%)
2026-05-25 23:46:30,967 | INFO     | [590842] ⏱️ Thời gian phản hồi: 124.56 ms
2026-05-25 23:46:30,977 | INFO     | [590858] ⏱️ Model inference: 113.53 ms
2026-05-25 23:46:30,977 | INFO     | [590858] 📊 Chi tiết dự đoán: {'ANGRY': 6.77, 'DISGUST': 0.12, 'FEAR': 9.55, 'HAPPY': 5.4, 'NEUTRAL': 10.35, 'SAD': 62.35, 'SURPRISE': 5.46}
2026-05-25 23:46:30,977 | INFO     | [590858] 🎯 KẾT QUẢ CHỐT: SAD (62.35%)
2026-05-25 23:46:30,977 | INFO     | [590858] ⏱️ Thời gian phản hồi: 118.59 ms
2026-05-25 23:46:31,413 | INFO     | [591413] ------------------------------------------
2026-05-25 23:46:31,415 | INFO     | [591413] 📥 NHẬN YÊU CẦU QUÉT KHUÔN MẶT MỚI
2026-05-25 23:46:31,415 | INFO     | [591415] ------------------------------------------
2026-05-25 23:46:31,415 | INFO     | [591415] 📥 NHẬN YÊU CẦU QUÉT KHUÔN MẶT MỚI
2026-05-25 23:46:31,416 | INFO     | [591413] Đã xử lý ảnh thành công. Kích thước tensor: (1, 48, 48, 1)
2026-05-25 23:46:31,425 | INFO     | [591415] Đã xử lý ảnh thành công. Kích thước tensor: (1, 48, 48, 1)
2026-05-25 23:46:31,465 | INFO     | [591465] ------------------------------------------
2026-05-25 23:46:31,467 | INFO     | [591465] 📥 NHẬN YÊU CẦU QUÉT KHUÔN MẶT MỚI
2026-05-25 23:46:31,473 | INFO     | [591465] Đã xử lý ảnh thành công. Kích thước tensor: (1, 48, 48, 1)
2026-05-25 23:46:31,574 | INFO     | [591413] ⏱️ Model inference: 158.46 ms
2026-05-25 23:46:31,576 | INFO     | [591413] 📊 Chi tiết dự đoán: {'ANGRY': 5.86, 'DISGUST': 0.1, 'FEAR': 7.58, 'HAPPY': 3.62, 'NEUTRAL': 9.24, 'SAD': 70.39, 'SURPRISE': 3.21}
2026-05-25 23:46:31,576 | INFO     | [591413] 🎯 KẾT QUẢ CHỐT: SAD (70.39%)
2026-05-25 23:46:31,576 | INFO     | [591413] ⏱️ Thời gian phản hồi: 162.81 ms
2026-05-25 23:46:31,577 | INFO     | [591415] ⏱️ Model inference: 150.63 ms
2026-05-25 23:46:31,578 | INFO     | [591415] 📊 Chi tiết dự đoán: {'ANGRY': 5.4, 'DISGUST': 0.09, 'FEAR': 7.61, 'HAPPY': 5.13, 'NEUTRAL': 10.64, 'SAD': 66.78, 'SURPRISE': 4.36}
2026-05-25 23:46:31,578 | INFO     | [591415] 🎯 KẾT QUẢ CHỐT: SAD (66.78%)
2026-05-25 23:46:31,578 | INFO     | [591415] ⏱️ Thời gian phản hồi: 161.92 ms
2026-05-25 23:46:31,607 | INFO     | [591465] ⏱️ Model inference: 131.76 ms
2026-05-25 23:46:31,608 | INFO     | [591465] 📊 Chi tiết dự đoán: {'ANGRY': 4.99, 'DISGUST': 0.1, 'FEAR': 6.68, 'HAPPY': 6.04, 'NEUTRAL': 10.98, 'SAD': 67.71, 'SURPRISE': 3.5}
2026-05-25 23:46:31,608 | INFO     | [591465] 🎯 KẾT QUẢ CHỐT: SAD (67.71%)
2026-05-25 23:46:31,608 | INFO     | [591465] ⏱️ Thời gian phản hồi: 142.46 ms
2026-05-25 23:46:32,435 | INFO     | [592435] ------------------------------------------
2026-05-25 23:46:32,436 | INFO     | [592435] 📥 NHẬN YÊU CẦU QUÉT KHUÔN MẶT MỚI
2026-05-25 23:46:32,436 | INFO     | [592436] ------------------------------------------
2026-05-25 23:46:32,436 | INFO     | [592436] 📥 NHẬN YÊU CẦU QUÉT KHUÔN MẶT MỚI
2026-05-25 23:46:32,436 | INFO     | [592436] ------------------------------------------
2026-05-25 23:46:32,437 | INFO     | [592436] 📥 NHẬN YÊU CẦU QUÉT KHUÔN MẶT MỚI
2026-05-25 23:46:32,438 | INFO     | [592435] Đã xử lý ảnh thành công. Kích thước tensor: (1, 48, 48, 1)
2026-05-25 23:46:32,441 | INFO     | [592436] Đã xử lý ảnh thành công. Kích thước tensor: (1, 48, 48, 1)
2026-05-25 23:46:32,446 | INFO     | [592436] Đã xử lý ảnh thành công. Kích thước tensor: (1, 48, 48, 1)
2026-05-25 23:46:32,562 | INFO     | [592436] ⏱️ Model inference: 120.34 ms
2026-05-25 23:46:32,563 | INFO     | [592436] 📊 Chi tiết dự đoán: {'ANGRY': 4.94, 'DISGUST': 0.08, 'FEAR': 6.65, 'HAPPY': 5.64, 'NEUTRAL': 10.42, 'SAD': 69.45, 'SURPRISE': 2.81}
2026-05-25 23:46:32,563 | INFO     | [592436] 🎯 KẾT QUẢ CHỐT: SAD (69.45%)
2026-05-25 23:46:32,563 | INFO     | [592436] ⏱️ Thời gian phản hồi: 127.34 ms
2026-05-25 23:46:32,573 | INFO     | [592435] ⏱️ Model inference: 134.66 ms
2026-05-25 23:46:32,573 | INFO     | [592435] 📊 Chi tiết dự đoán: {'ANGRY': 4.48, 'DISGUST': 0.09, 'FEAR': 6.3, 'HAPPY': 3.96, 'NEUTRAL': 11.72, 'SAD': 70.25, 'SURPRISE': 3.19}
2026-05-25 23:46:32,573 | INFO     | [592435] 🎯 KẾT QUẢ CHỐT: SAD (70.25%)
2026-05-25 23:46:32,573 | INFO     | [592435] ⏱️ Thời gian phản hồi: 138.17 ms
2026-05-25 23:46:32,575 | INFO     | [592436] ⏱️ Model inference: 127.8 ms
2026-05-25 23:46:32,575 | INFO     | [592436] 📊 Chi tiết dự đoán: {'ANGRY': 5.55, 'DISGUST': 0.11, 'FEAR': 6.5, 'HAPPY': 8.63, 'NEUTRAL': 11.41, 'SAD': 65.06, 'SURPRISE': 2.73}
2026-05-25 23:46:32,576 | INFO     | [592436] 🎯 KẾT QUẢ CHỐT: SAD (65.06%)
2026-05-25 23:46:32,576 | INFO     | [592436] ⏱️ Thời gian phản hồi: 139.63 ms
2026-05-25 23:46:32,577 | INFO     | [592577] ------------------------------------------
2026-05-25 23:46:32,578 | INFO     | [592577] 📥 NHẬN YÊU CẦU QUÉT KHUÔN MẶT MỚI
2026-05-25 23:46:32,578 | INFO     | [592577] Đã xử lý ảnh thành công. Kích thước tensor: (1, 48, 48, 1)
2026-05-25 23:46:32,641 | INFO     | [592577] ⏱️ Model inference: 61.7 ms
2026-05-25 23:46:32,642 | INFO     | [592577] 📊 Chi tiết dự đoán: {'ANGRY': 4.79, 'DISGUST': 0.11, 'FEAR': 6.42, 'HAPPY': 9.29, 'NEUTRAL': 12.44, 'SAD': 63.76, 'SURPRISE': 3.19}
2026-05-25 23:46:32,642 | INFO     | [592577] 🎯 KẾT QUẢ CHỐT: SAD (63.76%)
2026-05-25 23:46:32,642 | INFO     | [592577] ⏱️ Thời gian phản hồi: 65.3 ms
2026-05-25 23:46:32,732 | INFO     | [592732] ------------------------------------------
2026-05-25 23:46:32,732 | INFO     | [592732] 📥 NHẬN YÊU CẦU QUÉT KHUÔN MẶT MỚI
2026-05-25 23:46:32,732 | INFO     | [592732] Đã xử lý ảnh thành công. Kích thước tensor: (1, 48, 48, 1)
2026-05-25 23:46:32,801 | INFO     | [592732] ⏱️ Model inference: 69.0 ms
2026-05-25 23:46:32,801 | INFO     | [592732] 📊 Chi tiết dự đoán: {'ANGRY': 3.81, 'DISGUST': 0.07, 'FEAR': 5.28, 'HAPPY': 6.68, 'NEUTRAL': 15.06, 'SAD': 66.87, 'SURPRISE': 2.23}
2026-05-25 23:46:32,801 | INFO     | [592732] 🎯 KẾT QUẢ CHỐT: SAD (66.87%)
2026-05-25 23:46:32,801 | INFO     | [592732] ⏱️ Thời gian phản hồi: 69.0 ms
2026-05-25 23:46:32,981 | INFO     | [592981] ------------------------------------------
2026-05-25 23:46:32,981 | INFO     | [592981] 📥 NHẬN YÊU CẦU QUÉT KHUÔN MẶT MỚI
2026-05-25 23:46:32,982 | INFO     | [592981] Đã xử lý ảnh thành công. Kích thước tensor: (1, 48, 48, 1)
2026-05-25 23:46:33,053 | INFO     | [592981] ⏱️ Model inference: 71.32 ms
2026-05-25 23:46:33,053 | INFO     | [592981] 📊 Chi tiết dự đoán: {'ANGRY': 4.93, 'DISGUST': 0.11, 'FEAR': 5.52, 'HAPPY': 5.07, 'NEUTRAL': 15.15, 'SAD': 66.84, 'SURPRISE': 2.38}
2026-05-25 23:46:33,053 | INFO     | [592981] 🎯 KẾT QUẢ CHỐT: SAD (66.84%)
2026-05-25 23:46:33,053 | INFO     | [592981] ⏱️ Thời gian phản hồi: 72.32 ms
2026-05-25 23:46:33,214 | INFO     | [593214] ------------------------------------------
2026-05-25 23:46:33,214 | INFO     | [593214] 📥 NHẬN YÊU CẦU QUÉT KHUÔN MẶT MỚI
2026-05-25 23:46:33,215 | INFO     | [593214] Đã xử lý ảnh thành công. Kích thước tensor: (1, 48, 48, 1)
2026-05-25 23:46:33,302 | INFO     | [593214] ⏱️ Model inference: 87.32 ms
2026-05-25 23:46:33,302 | INFO     | [593214] 📊 Chi tiết dự đoán: {'ANGRY': 5.28, 'DISGUST': 0.11, 'FEAR': 5.47, 'HAPPY': 6.23, 'NEUTRAL': 13.85, 'SAD': 66.97, 'SURPRISE': 2.09}
2026-05-25 23:46:33,302 | INFO     | [593214] 🎯 KẾT QUẢ CHỐT: SAD (66.97%)
2026-05-25 23:46:33,302 | INFO     | [593214] ⏱️ Thời gian phản hồi: 88.4 ms
2026-05-25 23:46:33,460 | INFO     | [593460] ------------------------------------------
2026-05-25 23:46:33,460 | INFO     | [593460] 📥 NHẬN YÊU CẦU QUÉT KHUÔN MẶT MỚI
2026-05-25 23:46:33,462 | INFO     | [593460] Đã xử lý ảnh thành công. Kích thước tensor: (1, 48, 48, 1)
2026-05-25 23:46:33,533 | INFO     | [593460] ⏱️ Model inference: 69.04 ms
2026-05-25 23:46:33,533 | INFO     | [593460] 📊 Chi tiết dự đoán: {'ANGRY': 5.4, 'DISGUST': 0.13, 'FEAR': 6.0, 'HAPPY': 4.73, 'NEUTRAL': 15.81, 'SAD': 65.31, 'SURPRISE': 2.63}
2026-05-25 23:46:33,533 | INFO     | [593460] 🎯 KẾT QUẢ CHỐT: SAD (65.31%)
2026-05-25 23:46:33,533 | INFO     | [593460] ⏱️ Thời gian phản hồi: 72.22 ms
2026-05-25 23:46:33,929 | INFO     | [593929] ------------------------------------------
2026-05-25 23:46:33,929 | INFO     | [593929] 📥 NHẬN YÊU CẦU QUÉT KHUÔN MẶT MỚI
2026-05-25 23:46:33,929 | INFO     | [593929] Đã xử lý ảnh thành công. Kích thước tensor: (1, 48, 48, 1)
2026-05-25 23:46:33,997 | INFO     | [593929] ⏱️ Model inference: 67.82 ms
2026-05-25 23:46:33,997 | INFO     | [593929] 📊 Chi tiết dự đoán: {'ANGRY': 4.48, 'DISGUST': 0.09, 'FEAR': 6.22, 'HAPPY': 5.8, 'NEUTRAL': 12.53, 'SAD': 68.27, 'SURPRISE': 2.61}
2026-05-25 23:46:33,998 | INFO     | [593929] 🎯 KẾT QUẢ CHỐT: SAD (68.27%)
2026-05-25 23:46:33,998 | INFO     | [593929] ⏱️ Thời gian phản hồi: 67.82 ms
2026-05-25 23:46:34,437 | INFO     | [594437] ------------------------------------------
2026-05-25 23:46:34,437 | INFO     | [594437] 📥 NHẬN YÊU CẦU QUÉT KHUÔN MẶT MỚI
2026-05-25 23:46:34,437 | INFO     | [594437] ------------------------------------------
2026-05-25 23:46:34,437 | INFO     | [594437] 📥 NHẬN YÊU CẦU QUÉT KHUÔN MẶT MỚI
2026-05-25 23:46:34,438 | INFO     | [594437] Đã xử lý ảnh thành công. Kích thước tensor: (1, 48, 48, 1)
2026-05-25 23:46:34,441 | INFO     | [594437] Đã xử lý ảnh thành công. Kích thước tensor: (1, 48, 48, 1)
2026-05-25 23:46:34,470 | INFO     | [594470] ------------------------------------------
2026-05-25 23:46:34,472 | INFO     | [594470] 📥 NHẬN YÊU CẦU QUÉT KHUÔN MẶT MỚI
2026-05-25 23:46:34,478 | INFO     | [594470] Đã xử lý ảnh thành công. Kích thước tensor: (1, 48, 48, 1)
2026-05-25 23:46:34,567 | INFO     | [594437] ⏱️ Model inference: 124.91 ms
2026-05-25 23:46:34,567 | INFO     | [594437] 📊 Chi tiết dự đoán: {'ANGRY': 4.55, 'DISGUST': 0.08, 'FEAR': 5.73, 'HAPPY': 4.15, 'NEUTRAL': 15.14, 'SAD': 67.33, 'SURPRISE': 3.02}
2026-05-25 23:46:34,568 | INFO     | [594437] 🎯 KẾT QUẢ CHỐT: SAD (67.33%)
2026-05-25 23:46:34,568 | INFO     | [594437] ⏱️ Thời gian phản hồi: 130.32 ms
2026-05-25 23:46:34,571 | INFO     | [594437] ⏱️ Model inference: 132.2 ms
2026-05-25 23:46:34,571 | INFO     | [594437] 📊 Chi tiết dự đoán: {'ANGRY': 5.3, 'DISGUST': 0.12, 'FEAR': 7.39, 'HAPPY': 6.34, 'NEUTRAL': 10.63, 'SAD': 64.63, 'SURPRISE': 5.61}
2026-05-25 23:46:34,571 | INFO     | [594437] 🎯 KẾT QUẢ CHỐT: SAD (64.63%)
2026-05-25 23:46:34,571 | INFO     | [594437] ⏱️ Thời gian phản hồi: 134.23 ms
2026-05-25 23:46:34,576 | INFO     | [594470] ⏱️ Model inference: 98.04 ms
2026-05-25 23:46:34,576 | INFO     | [594470] 📊 Chi tiết dự đoán: {'ANGRY': 5.33, 'DISGUST': 0.12, 'FEAR': 7.48, 'HAPPY': 4.11, 'NEUTRAL': 12.32, 'SAD': 65.95, 'SURPRISE': 4.69}
2026-05-25 23:46:34,576 | INFO     | [594470] 🎯 KẾT QUẢ CHỐT: SAD (65.95%)
2026-05-25 23:46:34,577 | INFO     | [594470] ⏱️ Thời gian phản hồi: 106.09 ms
2026-05-25 23:46:35,421 | INFO     | [595421] ------------------------------------------
2026-05-25 23:46:35,421 | INFO     | [595421] 📥 NHẬN YÊU CẦU QUÉT KHUÔN MẶT MỚI
2026-05-25 23:46:35,422 | INFO     | [595422] ------------------------------------------
2026-05-25 23:46:35,422 | INFO     | [595422] 📥 NHẬN YÊU CẦU QUÉT KHUÔN MẶT MỚI
2026-05-25 23:46:35,424 | INFO     | [595424] ------------------------------------------
2026-05-25 23:46:35,425 | INFO     | [595424] 📥 NHẬN YÊU CẦU QUÉT KHUÔN MẶT MỚI
2026-05-25 23:46:35,426 | INFO     | [595421] Đã xử lý ảnh thành công. Kích thước tensor: (1, 48, 48, 1)
2026-05-25 23:46:35,430 | INFO     | [595422] Đã xử lý ảnh thành công. Kích thước tensor: (1, 48, 48, 1)
2026-05-25 23:46:35,437 | INFO     | [595424] Đã xử lý ảnh thành công. Kích thước tensor: (1, 48, 48, 1)
2026-05-25 23:46:35,552 | INFO     | [595421] ⏱️ Model inference: 124.13 ms
2026-05-25 23:46:35,552 | INFO     | [595421] 📊 Chi tiết dự đoán: {'ANGRY': 5.83, 'DISGUST': 0.11, 'FEAR': 7.19, 'HAPPY': 6.88, 'NEUTRAL': 13.46, 'SAD': 61.64, 'SURPRISE': 4.89}
2026-05-25 23:46:35,553 | INFO     | [595421] 🎯 KẾT QUẢ CHỐT: SAD (61.64%)
2026-05-25 23:46:35,553 | INFO     | [595421] ⏱️ Thời gian phản hồi: 130.33 ms
2026-05-25 23:46:35,557 | INFO     | [595422] ⏱️ Model inference: 124.29 ms
2026-05-25 23:46:35,557 | INFO     | [595422] 📊 Chi tiết dự đoán: {'ANGRY': 6.3, 'DISGUST': 0.13, 'FEAR': 7.22, 'HAPPY': 6.3, 'NEUTRAL': 15.3, 'SAD': 59.98, 'SURPRISE': 4.78}
2026-05-25 23:46:35,557 | INFO     | [595422] 🎯 KẾT QUẢ CHỐT: SAD (59.98%)
2026-05-25 23:46:35,557 | INFO     | [595422] ⏱️ Thời gian phản hồi: 134.1 ms
2026-05-25 23:46:35,575 | INFO     | [595575] ------------------------------------------
2026-05-25 23:46:35,575 | INFO     | [595575] 📥 NHẬN YÊU CẦU QUÉT KHUÔN MẶT MỚI
2026-05-25 23:46:35,577 | INFO     | [595575] Đã xử lý ảnh thành công. Kích thước tensor: (1, 48, 48, 1)
2026-05-25 23:46:35,584 | INFO     | [595424] ⏱️ Model inference: 142.82 ms
2026-05-25 23:46:35,587 | INFO     | [595424] 📊 Chi tiết dự đoán: {'ANGRY': 5.58, 'DISGUST': 0.14, 'FEAR': 7.42, 'HAPPY': 3.24, 'NEUTRAL': 12.4, 'SAD': 67.29, 'SURPRISE': 3.93}
2026-05-25 23:46:35,587 | INFO     | [595424] 🎯 KẾT QUẢ CHỐT: SAD (67.29%)
2026-05-25 23:46:35,588 | INFO     | [595424] ⏱️ Thời gian phản hồi: 162.8 ms
2026-05-25 23:46:35,651 | INFO     | [595575] ⏱️ Model inference: 73.76 ms
2026-05-25 23:46:35,651 | INFO     | [595575] 📊 Chi tiết dự đoán: {'ANGRY': 7.44, 'DISGUST': 0.16, 'FEAR': 7.6, 'HAPPY': 9.99, 'NEUTRAL': 16.18, 'SAD': 52.71, 'SURPRISE': 5.91}
2026-05-25 23:46:35,652 | INFO     | [595575] 🎯 KẾT QUẢ CHỐT: SAD (52.71%)
2026-05-25 23:46:35,652 | INFO     | [595575] ⏱️ Thời gian phản hồi: 75.24 ms
2026-05-25 23:46:36,337 | INFO     | [596337] ------------------------------------------
2026-05-25 23:46:36,337 | INFO     | [596337] 📥 NHẬN YÊU CẦU QUÉT KHUÔN MẶT MỚI
2026-05-25 23:46:36,339 | INFO     | [596339] ------------------------------------------
2026-05-25 23:46:36,339 | INFO     | [596339] 📥 NHẬN YÊU CẦU QUÉT KHUÔN MẶT MỚI
2026-05-25 23:46:36,339 | INFO     | [596339] ------------------------------------------
2026-05-25 23:46:36,339 | INFO     | [596339] 📥 NHẬN YÊU CẦU QUÉT KHUÔN MẶT MỚI
2026-05-25 23:46:36,339 | INFO     | [596337] Đã xử lý ảnh thành công. Kích thước tensor: (1, 48, 48, 1)
2026-05-25 23:46:36,342 | INFO     | [596339] Đã xử lý ảnh thành công. Kích thước tensor: (1, 48, 48, 1)
2026-05-25 23:46:36,346 | INFO     | [596339] Đã xử lý ảnh thành công. Kích thước tensor: (1, 48, 48, 1)
2026-05-25 23:46:36,477 | INFO     | [596337] ⏱️ Model inference: 137.89 ms
2026-05-25 23:46:36,477 | INFO     | [596337] 📊 Chi tiết dự đoán: {'ANGRY': 6.41, 'DISGUST': 0.14, 'FEAR': 6.87, 'HAPPY': 12.58, 'NEUTRAL': 14.47, 'SAD': 55.15, 'SURPRISE': 4.38}
2026-05-25 23:46:36,477 | INFO     | [596337] 🎯 KẾT QUẢ CHỐT: SAD (55.15%)
2026-05-25 23:46:36,478 | INFO     | [596337] ⏱️ Thời gian phản hồi: 139.25 ms
2026-05-25 23:46:36,478 | INFO     | [596339] ⏱️ Model inference: 133.9 ms
2026-05-25 23:46:36,480 | INFO     | [596339] 📊 Chi tiết dự đoán: {'ANGRY': 6.67, 'DISGUST': 0.1, 'FEAR': 7.9, 'HAPPY': 11.63, 'NEUTRAL': 16.96, 'SAD': 50.9, 'SURPRISE': 5.84}
2026-05-25 23:46:36,480 | INFO     | [596339] 🎯 KẾT QUẢ CHỐT: SAD (50.90%)
2026-05-25 23:46:36,480 | INFO     | [596339] ⏱️ Thời gian phản hồi: 140.86 ms
2026-05-25 23:46:36,481 | INFO     | [596339] ⏱️ Model inference: 133.29 ms
2026-05-25 23:46:36,481 | INFO     | [596339] 📊 Chi tiết dự đoán: {'ANGRY': 6.25, 'DISGUST': 0.15, 'FEAR': 7.04, 'HAPPY': 9.44, 'NEUTRAL': 14.19, 'SAD': 58.97, 'SURPRISE': 3.97}
2026-05-25 23:46:36,482 | INFO     | [596339] 🎯 KẾT QUẢ CHỐT: SAD (58.97%)
2026-05-25 23:46:36,482 | INFO     | [596339] ⏱️ Thời gian phản hồi: 141.92 ms
2026-05-25 23:46:36,493 | INFO     | [596493] ------------------------------------------
2026-05-25 23:46:36,494 | INFO     | [596493] 📥 NHẬN YÊU CẦU QUÉT KHUÔN MẶT MỚI
2026-05-25 23:46:36,494 | INFO     | [596493] Đã xử lý ảnh thành công. Kích thước tensor: (1, 48, 48, 1)
2026-05-25 23:46:36,560 | INFO     | [596493] ⏱️ Model inference: 65.47 ms
2026-05-25 23:46:36,560 | INFO     | [596493] 📊 Chi tiết dự đoán: {'ANGRY': 6.96, 'DISGUST': 0.19, 'FEAR': 6.74, 'HAPPY': 10.61, 'NEUTRAL': 14.46, 'SAD': 57.06, 'SURPRISE': 3.99}
2026-05-25 23:46:36,560 | INFO     | [596493] 🎯 KẾT QUẢ CHỐT: SAD (57.06%)
2026-05-25 23:46:36,560 | INFO     | [596493] ⏱️ Thời gian phản hồi: 66.62 ms
2026-05-25 23:46:37,425 | INFO     | [597425] ------------------------------------------
2026-05-25 23:46:37,426 | INFO     | [597425] 📥 NHẬN YÊU CẦU QUÉT KHUÔN MẶT MỚI
2026-05-25 23:46:37,426 | INFO     | [597426] ------------------------------------------
2026-05-25 23:46:37,426 | INFO     | [597426] 📥 NHẬN YÊU CẦU QUÉT KHUÔN MẶT MỚI
2026-05-25 23:46:37,426 | INFO     | [597426] ------------------------------------------
2026-05-25 23:46:37,427 | INFO     | [597426] 📥 NHẬN YÊU CẦU QUÉT KHUÔN MẶT MỚI
2026-05-25 23:46:37,427 | INFO     | [597425] Đã xử lý ảnh thành công. Kích thước tensor: (1, 48, 48, 1)
2026-05-25 23:46:37,429 | INFO     | [597426] Đã xử lý ảnh thành công. Kích thước tensor: (1, 48, 48, 1)
2026-05-25 23:46:37,432 | INFO     | [597426] Đã xử lý ảnh thành công. Kích thước tensor: (1, 48, 48, 1)
2026-05-25 23:46:37,550 | INFO     | [597425] ⏱️ Model inference: 123.55 ms
2026-05-25 23:46:37,551 | INFO     | [597425] 📊 Chi tiết dự đoán: {'ANGRY': 7.0, 'DISGUST': 0.14, 'FEAR': 7.31, 'HAPPY': 9.33, 'NEUTRAL': 14.67, 'SAD': 57.15, 'SURPRISE': 4.41}
2026-05-25 23:46:37,551 | INFO     | [597425] 🎯 KẾT QUẢ CHỐT: SAD (57.15%)
2026-05-25 23:46:37,551 | INFO     | [597425] ⏱️ Thời gian phản hồi: 125.79 ms
2026-05-25 23:46:37,563 | INFO     | [597563] ------------------------------------------
2026-05-25 23:46:37,563 | INFO     | [597563] 📥 NHẬN YÊU CẦU QUÉT KHUÔN MẶT MỚI
2026-05-25 23:46:37,564 | INFO     | [597426] ⏱️ Model inference: 134.17 ms
2026-05-25 23:46:37,564 | INFO     | [597426] 📊 Chi tiết dự đoán: {'ANGRY': 5.63, 'DISGUST': 0.12, 'FEAR': 7.22, 'HAPPY': 8.3, 'NEUTRAL': 14.47, 'SAD': 59.65, 'SURPRISE': 4.6}
2026-05-25 23:46:37,564 | INFO     | [597426] 🎯 KẾT QUẢ CHỐT: SAD (59.65%)
2026-05-25 23:46:37,564 | INFO     | [597426] ⏱️ Thời gian phản hồi: 138.46 ms
2026-05-25 23:46:37,566 | INFO     | [597563] Đã xử lý ảnh thành công. Kích thước tensor: (1, 48, 48, 1)
2026-05-25 23:46:37,573 | INFO     | [597426] ⏱️ Model inference: 138.97 ms
2026-05-25 23:46:37,575 | INFO     | [597426] 📊 Chi tiết dự đoán: {'ANGRY': 6.42, 'DISGUST': 0.16, 'FEAR': 7.37, 'HAPPY': 10.11, 'NEUTRAL': 14.52, 'SAD': 57.26, 'SURPRISE': 4.17}
2026-05-25 23:46:37,575 | INFO     | [597426] 🎯 KẾT QUẢ CHỐT: SAD (57.26%)
2026-05-25 23:46:37,576 | INFO     | [597426] ⏱️ Thời gian phản hồi: 149.6 ms
2026-05-25 23:46:37,630 | INFO     | [597563] ⏱️ Model inference: 64.05 ms
2026-05-25 23:46:37,630 | INFO     | [597563] 📊 Chi tiết dự đoán: {'ANGRY': 7.43, 'DISGUST': 0.13, 'FEAR': 6.17, 'HAPPY': 18.45, 'NEUTRAL': 15.69, 'SAD': 48.44, 'SURPRISE': 3.69}
2026-05-25 23:46:37,630 | INFO     | [597563] 🎯 KẾT QUẢ CHỐT: SAD (48.44%)
2026-05-25 23:46:37,632 | INFO     | [597563] ⏱️ Thời gian phản hồi: 67.18 ms
2026-05-25 23:46:38,432 | INFO     | [598432] ------------------------------------------
2026-05-25 23:46:38,432 | INFO     | [598432] 📥 NHẬN YÊU CẦU QUÉT KHUÔN MẶT MỚI
2026-05-25 23:46:38,433 | INFO     | [598433] ------------------------------------------
2026-05-25 23:46:38,433 | INFO     | [598433] 📥 NHẬN YÊU CẦU QUÉT KHUÔN MẶT MỚI
2026-05-25 23:46:38,434 | INFO     | [598433] ------------------------------------------
2026-05-25 23:46:38,434 | INFO     | [598433] 📥 NHẬN YÊU CẦU QUÉT KHUÔN MẶT MỚI
2026-05-25 23:46:38,434 | INFO     | [598432] Đã xử lý ảnh thành công. Kích thước tensor: (1, 48, 48, 1)
2026-05-25 23:46:38,436 | INFO     | [598433] Đã xử lý ảnh thành công. Kích thước tensor: (1, 48, 48, 1)
2026-05-25 23:46:38,440 | INFO     | [598433] Đã xử lý ảnh thành công. Kích thước tensor: (1, 48, 48, 1)
2026-05-25 23:46:38,553 | INFO     | [598433] ⏱️ Model inference: 115.33 ms
2026-05-25 23:46:38,554 | INFO     | [598433] 📊 Chi tiết dự đoán: {'ANGRY': 7.79, 'DISGUST': 0.15, 'FEAR': 6.77, 'HAPPY': 15.28, 'NEUTRAL': 16.15, 'SAD': 49.55, 'SURPRISE': 4.32}
2026-05-25 23:46:38,554 | INFO     | [598433] 🎯 KẾT QUẢ CHỐT: SAD (49.55%)
2026-05-25 23:46:38,554 | INFO     | [598433] ⏱️ Thời gian phản hồi: 120.95 ms
2026-05-25 23:46:38,555 | INFO     | [598433] ⏱️ Model inference: 114.61 ms
2026-05-25 23:46:38,555 | INFO     | [598433] 📊 Chi tiết dự đoán: {'ANGRY': 7.58, 'DISGUST': 0.12, 'FEAR': 7.76, 'HAPPY': 15.81, 'NEUTRAL': 15.46, 'SAD': 47.85, 'SURPRISE': 5.41}
2026-05-25 23:46:38,555 | INFO     | [598433] 🎯 KẾT QUẢ CHỐT: SAD (47.85%)
2026-05-25 23:46:38,557 | INFO     | [598433] ⏱️ Thời gian phản hồi: 122.45 ms
2026-05-25 23:46:38,558 | INFO     | [598432] ⏱️ Model inference: 123.78 ms
2026-05-25 23:46:38,558 | INFO     | [598432] 📊 Chi tiết dự đoán: {'ANGRY': 7.31, 'DISGUST': 0.11, 'FEAR': 7.0, 'HAPPY': 14.86, 'NEUTRAL': 16.84, 'SAD': 49.46, 'SURPRISE': 4.43}
2026-05-25 23:46:38,558 | INFO     | [598432] 🎯 KẾT QUẢ CHỐT: SAD (49.46%)
2026-05-25 23:46:38,558 | INFO     | [598432] ⏱️ Thời gian phản hồi: 125.79 ms
2026-05-25 23:46:38,570 | INFO     | [598570] ------------------------------------------
2026-05-25 23:46:38,570 | INFO     | [598570] 📥 NHẬN YÊU CẦU QUÉT KHUÔN MẶT MỚI
2026-05-25 23:46:38,572 | INFO     | [598570] Đã xử lý ảnh thành công. Kích thước tensor: (1, 48, 48, 1)
2026-05-25 23:46:38,633 | INFO     | [598570] ⏱️ Model inference: 61.48 ms
2026-05-25 23:46:38,633 | INFO     | [598570] 📊 Chi tiết dự đoán: {'ANGRY': 6.33, 'DISGUST': 0.16, 'FEAR': 7.28, 'HAPPY': 10.72, 'NEUTRAL': 14.0, 'SAD': 57.43, 'SURPRISE': 4.08}
2026-05-25 23:46:38,633 | INFO     | [598570] 🎯 KẾT QUẢ CHỐT: SAD (57.43%)
2026-05-25 23:46:38,633 | INFO     | [598570] ⏱️ Thời gian phản hồi: 62.83 ms
2026-05-25 23:46:38,755 | INFO     | [598755] ------------------------------------------
2026-05-25 23:46:38,755 | INFO     | [598755] 📥 NHẬN YÊU CẦU QUÉT KHUÔN MẶT MỚI
2026-05-25 23:46:38,756 | INFO     | [598755] Đã xử lý ảnh thành công. Kích thước tensor: (1, 48, 48, 1)
2026-05-25 23:46:38,812 | INFO     | [598755] ⏱️ Model inference: 56.7 ms
2026-05-25 23:46:38,814 | INFO     | [598755] 📊 Chi tiết dự đoán: {'ANGRY': 5.81, 'DISGUST': 0.13, 'FEAR': 7.22, 'HAPPY': 7.94, 'NEUTRAL': 12.23, 'SAD': 62.34, 'SURPRISE': 4.31}
2026-05-25 23:46:38,814 | INFO     | [598755] 🎯 KẾT QUẢ CHỐT: SAD (62.34%)
2026-05-25 23:46:38,814 | INFO     | [598755] ⏱️ Thời gian phản hồi: 58.84 ms
2026-05-25 23:46:39,428 | INFO     | [599428] ------------------------------------------
2026-05-25 23:46:39,428 | INFO     | [599428] 📥 NHẬN YÊU CẦU QUÉT KHUÔN MẶT MỚI
2026-05-25 23:46:39,429 | INFO     | [599429] ------------------------------------------
2026-05-25 23:46:39,429 | INFO     | [599429] 📥 NHẬN YÊU CẦU QUÉT KHUÔN MẶT MỚI
2026-05-25 23:46:39,430 | INFO     | [599428] Đã xử lý ảnh thành công. Kích thước tensor: (1, 48, 48, 1)
2026-05-25 23:46:39,432 | INFO     | [599429] Đã xử lý ảnh thành công. Kích thước tensor: (1, 48, 48, 1)
2026-05-25 23:46:39,463 | INFO     | [599463] ------------------------------------------
2026-05-25 23:46:39,464 | INFO     | [599463] 📥 NHẬN YÊU CẦU QUÉT KHUÔN MẶT MỚI
2026-05-25 23:46:39,469 | INFO     | [599463] Đã xử lý ảnh thành công. Kích thước tensor: (1, 48, 48, 1)
2026-05-25 23:46:39,568 | INFO     | [599429] ⏱️ Model inference: 134.55 ms
2026-05-25 23:46:39,568 | INFO     | [599429] 📊 Chi tiết dự đoán: {'ANGRY': 5.95, 'DISGUST': 0.19, 'FEAR': 7.1, 'HAPPY': 7.11, 'NEUTRAL': 13.87, 'SAD': 61.63, 'SURPRISE': 4.15}
2026-05-25 23:46:39,568 | INFO     | [599429] 🎯 KẾT QUẢ CHỐT: SAD (61.63%)
2026-05-25 23:46:39,568 | INFO     | [599429] ⏱️ Thời gian phản hồi: 139.0 ms
2026-05-25 23:46:39,576 | INFO     | [599428] ⏱️ Model inference: 145.51 ms
2026-05-25 23:46:39,577 | INFO     | [599428] 📊 Chi tiết dự đoán: {'ANGRY': 6.26, 'DISGUST': 0.15, 'FEAR': 7.26, 'HAPPY': 6.67, 'NEUTRAL': 13.04, 'SAD': 62.61, 'SURPRISE': 4.01}
2026-05-25 23:46:39,577 | INFO     | [599428] 🎯 KẾT QUẢ CHỐT: SAD (62.61%)
2026-05-25 23:46:39,577 | INFO     | [599428] ⏱️ Thời gian phản hồi: 149.02 ms
2026-05-25 23:46:39,580 | INFO     | [599463] ⏱️ Model inference: 109.09 ms
2026-05-25 23:46:39,580 | INFO     | [599463] 📊 Chi tiết dự đoán: {'ANGRY': 5.26, 'DISGUST': 0.21, 'FEAR': 7.43, 'HAPPY': 4.96, 'NEUTRAL': 13.57, 'SAD': 64.72, 'SURPRISE': 3.85}
2026-05-25 23:46:39,581 | INFO     | [599463] 🎯 KẾT QUẢ CHỐT: SAD (64.72%)
2026-05-25 23:46:39,581 | INFO     | [599463] ⏱️ Thời gian phản hồi: 117.67 ms
2026-05-25 23:46:39,873 | INFO     | [BATCH-599873] ==========================================
2026-05-25 23:46:39,874 | INFO     | [BATCH-599873] 🎞️ NHẬN CHUỖI 5 KHUNG HÌNH (BATCH)
2026-05-25 23:46:40,283 | INFO     | [BATCH-599873] ⏱️ Batch inference elapsed: 406.37 ms (5 frames)
2026-05-25 23:46:40,283 | INFO     | [BATCH-599873] ↳ Frame 1/5: SAD (57.4%)
2026-05-25 23:46:40,283 | INFO     | [BATCH-599873] ↳ Frame 2/5: SAD (62.3%)
2026-05-25 23:46:40,283 | INFO     | [BATCH-599873] ↳ Frame 3/5: SAD (62.6%)
2026-05-25 23:46:40,283 | INFO     | [BATCH-599873] ↳ Frame 4/5: SAD (61.6%)
2026-05-25 23:46:40,284 | INFO     | [BATCH-599873] ↳ Frame 5/5: SAD (64.7%)
2026-05-25 23:46:40,284 | INFO     | [BATCH-599873] 🎯 KẾT QUẢ CHUỖI: SAD (Tần suất: {'SAD': 5})
2026-05-25 23:46:40,284 | INFO     | [BATCH-599873] ⏱️ Tổng thời gian xử lý: 411.46 ms
2026-05-25 23:46:40,443 | INFO     | [600443] ------------------------------------------
2026-05-25 23:46:40,443 | INFO     | [600443] 📥 NHẬN YÊU CẦU QUÉT KHUÔN MẶT MỚI
2026-05-25 23:46:40,443 | INFO     | [600443] Đã xử lý ảnh thành công. Kích thước tensor: (1, 48, 48, 1)
2026-05-25 23:46:40,507 | INFO     | [600443] ⏱️ Model inference: 62.23 ms
2026-05-25 23:46:40,507 | INFO     | [600443] 📊 Chi tiết dự đoán: {'ANGRY': 5.85, 'DISGUST': 0.23, 'FEAR': 7.28, 'HAPPY': 5.64, 'NEUTRAL': 15.44, 'SAD': 61.33, 'SURPRISE': 4.24}
2026-05-25 23:46:40,507 | INFO     | [600443] 🎯 KẾT QUẢ CHỐT: SAD (61.33%)
2026-05-25 23:46:40,508 | INFO     | [600443] ⏱️ Thời gian phản hồi: 63.23 ms
2026-05-26 00:01:25,403 | INFO     | [485402] ------------------------------------------
2026-05-26 00:01:25,405 | INFO     | [485402] 📥 NHẬN YÊU CẦU QUÉT KHUÔN MẶT MỚI
2026-05-26 00:01:25,408 | INFO     | [485407] ------------------------------------------
2026-05-26 00:01:25,408 | INFO     | [485407] 📥 NHẬN YÊU CẦU QUÉT KHUÔN MẶT MỚI
2026-05-26 00:01:25,455 | INFO     | [485402] Đã xử lý ảnh thành công. Kích thước tensor: (1, 48, 48, 1)
2026-05-26 00:01:25,569 | INFO     | [485407] Đã xử lý ảnh thành công. Kích thước tensor: (1, 48, 48, 1)
2026-05-26 00:01:25,586 | INFO     | [485586] ------------------------------------------
2026-05-26 00:01:25,586 | INFO     | [485586] 📥 NHẬN YÊU CẦU QUÉT KHUÔN MẶT MỚI
2026-05-26 00:01:25,586 | INFO     | [485586] Đã xử lý ảnh thành công. Kích thước tensor: (1, 48, 48, 1)
2026-05-26 00:01:26,152 | INFO     | [485402] ⏱️ Model inference: 696.94 ms
2026-05-26 00:01:26,155 | INFO     | [485402] 📊 Chi tiết dự đoán: {'ANGRY': 3.94, 'DISGUST': 0.08, 'FEAR': 6.71, 'HAPPY': 38.65, 'NEUTRAL': 20.28, 'SAD': 29.15, 'SURPRISE': 1.2}
2026-05-26 00:01:26,156 | INFO     | [485402] 🎯 KẾT QUẢ CHỐT: HAPPY (38.65%)
2026-05-26 00:01:26,156 | INFO     | [485402] ⏱️ Thời gian phản hồi: 753.91 ms
2026-05-26 00:01:26,159 | INFO     | [485407] ⏱️ Model inference: 582.01 ms
2026-05-26 00:01:26,160 | INFO     | [485407] 📊 Chi tiết dự đoán: {'ANGRY': 3.76, 'DISGUST': 0.08, 'FEAR': 6.9, 'HAPPY': 38.62, 'NEUTRAL': 17.28, 'SAD': 32.31, 'SURPRISE': 1.05}
2026-05-26 00:01:26,160 | INFO     | [485407] 🎯 KẾT QUẢ CHỐT: HAPPY (38.62%)
2026-05-26 00:01:26,160 | INFO     | [485407] ⏱️ Thời gian phản hồi: 752.42 ms
2026-05-26 00:01:26,161 | INFO     | [485586] ⏱️ Model inference: 574.54 ms
2026-05-26 00:01:26,161 | INFO     | [485586] 📊 Chi tiết dự đoán: {'ANGRY': 4.15, 'DISGUST': 0.08, 'FEAR': 6.62, 'HAPPY': 32.28, 'NEUTRAL': 20.66, 'SAD': 35.25, 'SURPRISE': 0.96}
2026-05-26 00:01:26,161 | INFO     | [485586] 🎯 KẾT QUẢ CHỐT: SAD (35.25%)
2026-05-26 00:01:26,161 | INFO     | [485586] ⏱️ Thời gian phản hồi: 574.54 ms
2026-05-26 00:01:26,187 | INFO     | [486187] ------------------------------------------
2026-05-26 00:01:26,187 | INFO     | [486187] 📥 NHẬN YÊU CẦU QUÉT KHUÔN MẶT MỚI
2026-05-26 00:01:26,189 | INFO     | [486189] ------------------------------------------
2026-05-26 00:01:26,189 | INFO     | [486189] 📥 NHẬN YÊU CẦU QUÉT KHUÔN MẶT MỚI
2026-05-26 00:01:26,190 | INFO     | [486187] Đã xử lý ảnh thành công. Kích thước tensor: (1, 48, 48, 1)
2026-05-26 00:01:26,192 | INFO     | [486189] Đã xử lý ảnh thành công. Kích thước tensor: (1, 48, 48, 1)
2026-05-26 00:01:26,208 | INFO     | [486208] ------------------------------------------
2026-05-26 00:01:26,210 | INFO     | [486208] 📥 NHẬN YÊU CẦU QUÉT KHUÔN MẶT MỚI
2026-05-26 00:01:26,210 | INFO     | [486208] Đã xử lý ảnh thành công. Kích thước tensor: (1, 48, 48, 1)
2026-05-26 00:01:26,334 | INFO     | [486187] ⏱️ Model inference: 144.77 ms
2026-05-26 00:01:26,334 | INFO     | [486187] 📊 Chi tiết dự đoán: {'ANGRY': 4.14, 'DISGUST': 0.07, 'FEAR': 6.74, 'HAPPY': 48.25, 'NEUTRAL': 16.11, 'SAD': 23.31, 'SURPRISE': 1.38}
2026-05-26 00:01:26,336 | INFO     | [486187] 🎯 KẾT QUẢ CHỐT: HAPPY (48.25%)
2026-05-26 00:01:26,336 | INFO     | [486187] ⏱️ Thời gian phản hồi: 147.26 ms
2026-05-26 00:01:26,338 | INFO     | [486189] ⏱️ Model inference: 145.0 ms
2026-05-26 00:01:26,338 | INFO     | [486189] 📊 Chi tiết dự đoán: {'ANGRY': 4.84, 'DISGUST': 0.08, 'FEAR': 7.4, 'HAPPY': 36.57, 'NEUTRAL': 19.57, 'SAD': 30.24, 'SURPRISE': 1.31}
2026-05-26 00:01:26,338 | INFO     | [486189] 🎯 KẾT QUẢ CHỐT: HAPPY (36.57%)
2026-05-26 00:01:26,338 | INFO     | [486189] ⏱️ Thời gian phản hồi: 149.69 ms
2026-05-26 00:01:26,353 | INFO     | [486208] ⏱️ Model inference: 142.27 ms
2026-05-26 00:01:26,355 | INFO     | [486208] 📊 Chi tiết dự đoán: {'ANGRY': 4.31, 'DISGUST': 0.07, 'FEAR': 6.54, 'HAPPY': 40.27, 'NEUTRAL': 18.36, 'SAD': 29.27, 'SURPRISE': 1.18}
2026-05-26 00:01:26,355 | INFO     | [486208] 🎯 KẾT QUẢ CHỐT: HAPPY (40.27%)
2026-05-26 00:01:26,355 | INFO     | [486208] ⏱️ Thời gian phản hồi: 146.29 ms
2026-05-26 00:01:26,623 | INFO     | [486623] ------------------------------------------
2026-05-26 00:01:26,623 | INFO     | [486623] 📥 NHẬN YÊU CẦU QUÉT KHUÔN MẶT MỚI
2026-05-26 00:01:26,624 | INFO     | [486623] Đã xử lý ảnh thành công. Kích thước tensor: (1, 48, 48, 1)
2026-05-26 00:01:26,652 | INFO     | [486652] ------------------------------------------
2026-05-26 00:01:26,653 | INFO     | [486652] 📥 NHẬN YÊU CẦU QUÉT KHUÔN MẶT MỚI
2026-05-26 00:01:26,657 | INFO     | [486652] Đã xử lý ảnh thành công. Kích thước tensor: (1, 48, 48, 1)
2026-05-26 00:01:26,714 | INFO     | [486623] ⏱️ Model inference: 89.42 ms
2026-05-26 00:01:26,715 | INFO     | [486623] 📊 Chi tiết dự đoán: {'ANGRY': 4.06, 'DISGUST': 0.08, 'FEAR': 5.34, 'HAPPY': 54.32, 'NEUTRAL': 14.49, 'SAD': 20.65, 'SURPRISE': 1.07}
2026-05-26 00:01:26,715 | INFO     | [486623] 🎯 KẾT QUẢ CHỐT: HAPPY (54.32%)
2026-05-26 00:01:26,715 | INFO     | [486623] ⏱️ Thời gian phản hồi: 92.17 ms
2026-05-26 00:01:26,737 | INFO     | [486652] ⏱️ Model inference: 79.13 ms
2026-05-26 00:01:26,737 | INFO     | [486652] 📊 Chi tiết dự đoán: {'ANGRY': 3.94, 'DISGUST': 0.07, 'FEAR': 5.71, 'HAPPY': 50.78, 'NEUTRAL': 14.86, 'SAD': 23.47, 'SURPRISE': 1.17}
2026-05-26 00:01:26,738 | INFO     | [486652] 🎯 KẾT QUẢ CHỐT: HAPPY (50.78%)
2026-05-26 00:01:26,738 | INFO     | [486652] ⏱️ Thời gian phản hồi: 84.82 ms
2026-05-26 00:01:27,339 | INFO     | [487339] ------------------------------------------
2026-05-26 00:01:27,339 | INFO     | [487339] 📥 NHẬN YÊU CẦU QUÉT KHUÔN MẶT MỚI
2026-05-26 00:01:27,341 | INFO     | [487341] ------------------------------------------
2026-05-26 00:01:27,341 | INFO     | [487341] 📥 NHẬN YÊU CẦU QUÉT KHUÔN MẶT MỚI
2026-05-26 00:01:27,341 | INFO     | [487339] Đã xử lý ảnh thành công. Kích thước tensor: (1, 48, 48, 1)
2026-05-26 00:01:27,344 | INFO     | [487341] Đã xử lý ảnh thành công. Kích thước tensor: (1, 48, 48, 1)
2026-05-26 00:01:27,445 | INFO     | [487339] ⏱️ Model inference: 103.85 ms
2026-05-26 00:01:27,446 | INFO     | [487339] 📊 Chi tiết dự đoán: {'ANGRY': 3.99, 'DISGUST': 0.06, 'FEAR': 6.29, 'HAPPY': 44.21, 'NEUTRAL': 17.54, 'SAD': 26.7, 'SURPRISE': 1.2}
2026-05-26 00:01:27,446 | INFO     | [487339] 🎯 KẾT QUẢ CHỐT: HAPPY (44.21%)
2026-05-26 00:01:27,446 | INFO     | [487339] ⏱️ Thời gian phản hồi: 106.45 ms
2026-05-26 00:01:27,447 | INFO     | [487341] ⏱️ Model inference: 102.02 ms
2026-05-26 00:01:27,447 | INFO     | [487341] 📊 Chi tiết dự đoán: {'ANGRY': 4.27, 'DISGUST': 0.08, 'FEAR': 6.29, 'HAPPY': 42.68, 'NEUTRAL': 16.34, 'SAD': 29.1, 'SURPRISE': 1.25}
2026-05-26 00:01:27,447 | INFO     | [487341] 🎯 KẾT QUẢ CHỐT: HAPPY (42.68%)
2026-05-26 00:01:27,447 | INFO     | [487341] ⏱️ Thời gian phản hồi: 106.45 ms
2026-05-26 00:01:27,635 | INFO     | [487635] ------------------------------------------
2026-05-26 00:01:27,635 | INFO     | [487635] 📥 NHẬN YÊU CẦU QUÉT KHUÔN MẶT MỚI
2026-05-26 00:01:27,636 | INFO     | [487635] Đã xử lý ảnh thành công. Kích thước tensor: (1, 48, 48, 1)
2026-05-26 00:01:27,652 | INFO     | [487652] ------------------------------------------
2026-05-26 00:01:27,653 | INFO     | [487652] 📥 NHẬN YÊU CẦU QUÉT KHUÔN MẶT MỚI
2026-05-26 00:01:27,655 | INFO     | [487652] Đã xử lý ảnh thành công. Kích thước tensor: (1, 48, 48, 1)
2026-05-26 00:01:27,742 | INFO     | [487635] ⏱️ Model inference: 105.61 ms
2026-05-26 00:01:27,742 | INFO     | [487635] 📊 Chi tiết dự đoán: {'ANGRY': 5.07, 'DISGUST': 0.11, 'FEAR': 7.47, 'HAPPY': 38.17, 'NEUTRAL': 18.71, 'SAD': 29.01, 'SURPRISE': 1.46}
2026-05-26 00:01:27,742 | INFO     | [487635] 🎯 KẾT QUẢ CHỐT: HAPPY (38.17%)
2026-05-26 00:01:27,742 | INFO     | [487635] ⏱️ Thời gian phản hồi: 107.44 ms
2026-05-26 00:01:27,743 | INFO     | [487652] ⏱️ Model inference: 86.69 ms
2026-05-26 00:01:27,744 | INFO     | [487652] 📊 Chi tiết dự đoán: {'ANGRY': 4.09, 'DISGUST': 0.07, 'FEAR': 6.45, 'HAPPY': 45.42, 'NEUTRAL': 16.91, 'SAD': 25.84, 'SURPRISE': 1.22}
2026-05-26 00:01:27,744 | INFO     | [487652] 🎯 KẾT QUẢ CHỐT: HAPPY (45.42%)
2026-05-26 00:01:27,744 | INFO     | [487652] ⏱️ Thời gian phản hồi: 92.19 ms
2026-05-26 00:01:27,948 | INFO     | [487948] ------------------------------------------
2026-05-26 00:01:27,948 | INFO     | [487948] 📥 NHẬN YÊU CẦU QUÉT KHUÔN MẶT MỚI
2026-05-26 00:01:27,949 | INFO     | [487948] Đã xử lý ảnh thành công. Kích thước tensor: (1, 48, 48, 1)
2026-05-26 00:01:28,026 | INFO     | [487948] ⏱️ Model inference: 77.71 ms
2026-05-26 00:01:28,027 | INFO     | [487948] 📊 Chi tiết dự đoán: {'ANGRY': 4.74, 'DISGUST': 0.07, 'FEAR': 7.53, 'HAPPY': 40.15, 'NEUTRAL': 17.19, 'SAD': 28.95, 'SURPRISE': 1.36}
2026-05-26 00:01:28,027 | INFO     | [487948] 🎯 KẾT QUẢ CHỐT: HAPPY (40.15%)
2026-05-26 00:01:28,027 | INFO     | [487948] ⏱️ Thời gian phản hồi: 79.71 ms
2026-05-26 00:01:28,455 | INFO     | [488455] ------------------------------------------
2026-05-26 00:01:28,456 | INFO     | [488455] 📥 NHẬN YÊU CẦU QUÉT KHUÔN MẶT MỚI
2026-05-26 00:01:28,456 | INFO     | [488456] ------------------------------------------
2026-05-26 00:01:28,456 | INFO     | [488456] 📥 NHẬN YÊU CẦU QUÉT KHUÔN MẶT MỚI
2026-05-26 00:01:28,457 | INFO     | [488455] Đã xử lý ảnh thành công. Kích thước tensor: (1, 48, 48, 1)
2026-05-26 00:01:28,466 | INFO     | [488456] Đã xử lý ảnh thành công. Kích thước tensor: (1, 48, 48, 1)
2026-05-26 00:01:28,553 | INFO     | [488455] ⏱️ Model inference: 95.89 ms
2026-05-26 00:01:28,555 | INFO     | [488455] 📊 Chi tiết dự đoán: {'ANGRY': 3.89, 'DISGUST': 0.07, 'FEAR': 6.94, 'HAPPY': 43.18, 'NEUTRAL': 16.66, 'SAD': 27.86, 'SURPRISE': 1.4}
2026-05-26 00:01:28,555 | INFO     | [488455] 🎯 KẾT QUẢ CHỐT: HAPPY (43.18%)
2026-05-26 00:01:28,555 | INFO     | [488455] ⏱️ Thời gian phản hồi: 99.57 ms
2026-05-26 00:01:28,556 | INFO     | [488456] ⏱️ Model inference: 89.38 ms
2026-05-26 00:01:28,556 | INFO     | [488456] 📊 Chi tiết dự đoán: {'ANGRY': 4.95, 'DISGUST': 0.07, 'FEAR': 7.51, 'HAPPY': 37.76, 'NEUTRAL': 19.31, 'SAD': 29.0, 'SURPRISE': 1.4}
2026-05-26 00:01:28,556 | INFO     | [488456] 🎯 KẾT QUẢ CHỐT: HAPPY (37.76%)
2026-05-26 00:01:28,557 | INFO     | [488456] ⏱️ Thời gian phản hồi: 99.64 ms
2026-05-26 00:01:28,657 | INFO     | [488657] ------------------------------------------
2026-05-26 00:01:28,659 | INFO     | [488657] 📥 NHẬN YÊU CẦU QUÉT KHUÔN MẶT MỚI
2026-05-26 00:01:28,659 | INFO     | [488657] Đã xử lý ảnh thành công. Kích thước tensor: (1, 48, 48, 1)
2026-05-26 00:01:28,736 | INFO     | [488657] ⏱️ Model inference: 77.28 ms
2026-05-26 00:01:28,736 | INFO     | [488657] 📊 Chi tiết dự đoán: {'ANGRY': 4.4, 'DISGUST': 0.06, 'FEAR': 6.57, 'HAPPY': 41.53, 'NEUTRAL': 18.95, 'SAD': 27.24, 'SURPRISE': 1.24}
2026-05-26 00:01:28,736 | INFO     | [488657] 🎯 KẾT QUẢ CHỐT: HAPPY (41.53%)
2026-05-26 00:01:28,736 | INFO     | [488657] ⏱️ Thời gian phản hồi: 78.74 ms
2026-05-26 00:01:29,343 | INFO     | [489343] ------------------------------------------
2026-05-26 00:01:29,343 | INFO     | [489343] 📥 NHẬN YÊU CẦU QUÉT KHUÔN MẶT MỚI
2026-05-26 00:01:29,344 | INFO     | [489344] ------------------------------------------
2026-05-26 00:01:29,344 | INFO     | [489344] 📥 NHẬN YÊU CẦU QUÉT KHUÔN MẶT MỚI
2026-05-26 00:01:29,345 | INFO     | [489343] Đã xử lý ảnh thành công. Kích thước tensor: (1, 48, 48, 1)
2026-05-26 00:01:29,347 | INFO     | [489344] Đã xử lý ảnh thành công. Kích thước tensor: (1, 48, 48, 1)
2026-05-26 00:01:29,434 | INFO     | [489344] ⏱️ Model inference: 85.96 ms
2026-05-26 00:01:29,434 | INFO     | [489344] 📊 Chi tiết dự đoán: {'ANGRY': 4.28, 'DISGUST': 0.07, 'FEAR': 6.59, 'HAPPY': 42.17, 'NEUTRAL': 18.98, 'SAD': 26.84, 'SURPRISE': 1.07}
2026-05-26 00:01:29,434 | INFO     | [489344] 🎯 KẾT QUẢ CHỐT: HAPPY (42.17%)
2026-05-26 00:01:29,434 | INFO     | [489344] ⏱️ Thời gian phản hồi: 89.47 ms
2026-05-26 00:01:29,437 | INFO     | [489343] ⏱️ Model inference: 91.24 ms
2026-05-26 00:01:29,438 | INFO     | [489343] 📊 Chi tiết dự đoán: {'ANGRY': 4.75, 'DISGUST': 0.08, 'FEAR': 6.75, 'HAPPY': 43.76, 'NEUTRAL': 17.55, 'SAD': 25.94, 'SURPRISE': 1.17}
2026-05-26 00:01:29,438 | INFO     | [489343] 🎯 KẾT QUẢ CHỐT: HAPPY (43.76%)
2026-05-26 00:01:29,438 | INFO     | [489343] ⏱️ Thời gian phản hồi: 94.24 ms
2026-05-26 00:01:29,623 | INFO     | [489623] ------------------------------------------
2026-05-26 00:01:29,625 | INFO     | [489623] 📥 NHẬN YÊU CẦU QUÉT KHUÔN MẶT MỚI
2026-05-26 00:01:29,626 | INFO     | [489623] Đã xử lý ảnh thành công. Kích thước tensor: (1, 48, 48, 1)
2026-05-26 00:01:29,657 | INFO     | [489657] ------------------------------------------
2026-05-26 00:01:29,658 | INFO     | [489657] 📥 NHẬN YÊU CẦU QUÉT KHUÔN MẶT MỚI
2026-05-26 00:01:29,660 | INFO     | [489657] Đã xử lý ảnh thành công. Kích thước tensor: (1, 48, 48, 1)
2026-05-26 00:01:29,706 | INFO     | [489623] ⏱️ Model inference: 79.69 ms
2026-05-26 00:01:29,707 | INFO     | [489623] 📊 Chi tiết dự đoán: {'ANGRY': 7.27, 'DISGUST': 0.13, 'FEAR': 9.29, 'HAPPY': 6.74, 'NEUTRAL': 14.09, 'SAD': 56.09, 'SURPRISE': 6.4}
2026-05-26 00:01:29,707 | INFO     | [489623] 🎯 KẾT QUẢ CHỐT: SAD (56.09%)
2026-05-26 00:01:29,707 | INFO     | [489623] ⏱️ Thời gian phản hồi: 83.56 ms
2026-05-26 00:01:29,731 | INFO     | [489657] ⏱️ Model inference: 69.88 ms
2026-05-26 00:01:29,731 | INFO     | [489657] 📊 Chi tiết dự đoán: {'ANGRY': 6.88, 'DISGUST': 0.11, 'FEAR': 8.47, 'HAPPY': 5.25, 'NEUTRAL': 14.7, 'SAD': 59.54, 'SURPRISE': 5.05}
2026-05-26 00:01:29,732 | INFO     | [489657] 🎯 KẾT QUẢ CHỐT: SAD (59.54%)
2026-05-26 00:01:29,732 | INFO     | [489657] ⏱️ Thời gian phản hồi: 73.89 ms
2026-05-26 00:01:30,356 | INFO     | [490356] ------------------------------------------
2026-05-26 00:01:30,356 | INFO     | [490356] 📥 NHẬN YÊU CẦU QUÉT KHUÔN MẶT MỚI
2026-05-26 00:01:30,357 | INFO     | [490357] ------------------------------------------
2026-05-26 00:01:30,357 | INFO     | [490357] 📥 NHẬN YÊU CẦU QUÉT KHUÔN MẶT MỚI
2026-05-26 00:01:30,358 | INFO     | [490356] Đã xử lý ảnh thành công. Kích thước tensor: (1, 48, 48, 1)
2026-05-26 00:01:30,359 | INFO     | [490357] Đã xử lý ảnh thành công. Kích thước tensor: (1, 48, 48, 1)
2026-05-26 00:01:30,438 | INFO     | [490356] ⏱️ Model inference: 79.92 ms
2026-05-26 00:01:30,438 | INFO     | [490356] 📊 Chi tiết dự đoán: {'ANGRY': 7.54, 'DISGUST': 0.12, 'FEAR': 8.89, 'HAPPY': 5.62, 'NEUTRAL': 13.41, 'SAD': 59.33, 'SURPRISE': 5.09}
2026-05-26 00:01:30,438 | INFO     | [490356] 🎯 KẾT QUẢ CHỐT: SAD (59.33%)
2026-05-26 00:01:30,438 | INFO     | [490356] ⏱️ Thời gian phản hồi: 82.12 ms
2026-05-26 00:01:30,451 | INFO     | [490357] ⏱️ Model inference: 90.91 ms
2026-05-26 00:01:30,451 | INFO     | [490357] 📊 Chi tiết dự đoán: {'ANGRY': 7.63, 'DISGUST': 0.12, 'FEAR': 9.33, 'HAPPY': 5.91, 'NEUTRAL': 12.92, 'SAD': 58.71, 'SURPRISE': 5.37}
2026-05-26 00:01:30,452 | INFO     | [490357] 🎯 KẾT QUẢ CHỐT: SAD (58.71%)
2026-05-26 00:01:30,452 | INFO     | [490357] ⏱️ Thời gian phản hồi: 94.43 ms
2026-05-26 00:01:30,622 | INFO     | [490622] ------------------------------------------
2026-05-26 00:01:30,622 | INFO     | [490622] 📥 NHẬN YÊU CẦU QUÉT KHUÔN MẶT MỚI
2026-05-26 00:01:30,623 | INFO     | [490622] Đã xử lý ảnh thành công. Kích thước tensor: (1, 48, 48, 1)
2026-05-26 00:01:30,655 | INFO     | [490655] ------------------------------------------
2026-05-26 00:01:30,655 | INFO     | [490655] 📥 NHẬN YÊU CẦU QUÉT KHUÔN MẶT MỚI
2026-05-26 00:01:30,657 | INFO     | [490655] Đã xử lý ảnh thành công. Kích thước tensor: (1, 48, 48, 1)
2026-05-26 00:01:30,701 | INFO     | [490622] ⏱️ Model inference: 78.06 ms
2026-05-26 00:01:30,702 | INFO     | [490622] 📊 Chi tiết dự đoán: {'ANGRY': 7.74, 'DISGUST': 0.13, 'FEAR': 9.07, 'HAPPY': 5.01, 'NEUTRAL': 12.65, 'SAD': 60.64, 'SURPRISE': 4.77}
2026-05-26 00:01:30,702 | INFO     | [490622] 🎯 KẾT QUẢ CHỐT: SAD (60.64%)
2026-05-26 00:01:30,702 | INFO     | [490622] ⏱️ Thời gian phản hồi: 80.28 ms
2026-05-26 00:01:30,727 | INFO     | [490655] ⏱️ Model inference: 70.87 ms
2026-05-26 00:01:30,729 | INFO     | [490655] 📊 Chi tiết dự đoán: {'ANGRY': 7.63, 'DISGUST': 0.13, 'FEAR': 9.37, 'HAPPY': 5.53, 'NEUTRAL': 12.38, 'SAD': 59.62, 'SURPRISE': 5.35}
2026-05-26 00:01:30,729 | INFO     | [490655] 🎯 KẾT QUẢ CHỐT: SAD (59.62%)
2026-05-26 00:01:30,729 | INFO     | [490655] ⏱️ Thời gian phản hồi: 73.98 ms
2026-05-26 00:01:31,322 | INFO     | [491322] ------------------------------------------
2026-05-26 00:01:31,322 | INFO     | [491322] 📥 NHẬN YÊU CẦU QUÉT KHUÔN MẶT MỚI
2026-05-26 00:01:31,323 | INFO     | [491323] ------------------------------------------
2026-05-26 00:01:31,323 | INFO     | [491323] 📥 NHẬN YÊU CẦU QUÉT KHUÔN MẶT MỚI
2026-05-26 00:01:31,323 | INFO     | [491322] Đã xử lý ảnh thành công. Kích thước tensor: (1, 48, 48, 1)
2026-05-26 00:01:31,326 | INFO     | [491323] Đã xử lý ảnh thành công. Kích thước tensor: (1, 48, 48, 1)
2026-05-26 00:01:31,412 | INFO     | [491322] ⏱️ Model inference: 88.55 ms
2026-05-26 00:01:31,413 | INFO     | [491322] 📊 Chi tiết dự đoán: {'ANGRY': 9.18, 'DISGUST': 0.15, 'FEAR': 10.07, 'HAPPY': 10.15, 'NEUTRAL': 12.96, 'SAD': 51.14, 'SURPRISE': 6.35}
2026-05-26 00:01:31,413 | INFO     | [491322] 🎯 KẾT QUẢ CHỐT: SAD (51.14%)
2026-05-26 00:01:31,413 | INFO     | [491322] ⏱️ Thời gian phản hồi: 90.87 ms
2026-05-26 00:01:31,416 | INFO     | [491323] ⏱️ Model inference: 89.14 ms
2026-05-26 00:01:31,416 | INFO     | [491323] 📊 Chi tiết dự đoán: {'ANGRY': 8.35, 'DISGUST': 0.13, 'FEAR': 8.55, 'HAPPY': 12.77, 'NEUTRAL': 14.69, 'SAD': 49.92, 'SURPRISE': 5.58}
2026-05-26 00:01:31,416 | INFO     | [491323] 🎯 KẾT QUẢ CHỐT: SAD (49.92%)
2026-05-26 00:01:31,416 | INFO     | [491323] ⏱️ Thời gian phản hồi: 92.56 ms
2026-05-26 00:01:31,632 | INFO     | [491632] ------------------------------------------
2026-05-26 00:01:31,632 | INFO     | [491632] 📥 NHẬN YÊU CẦU QUÉT KHUÔN MẶT MỚI
2026-05-26 00:01:31,632 | INFO     | [491632] Đã xử lý ảnh thành công. Kích thước tensor: (1, 48, 48, 1)
2026-05-26 00:01:31,667 | INFO     | [491667] ------------------------------------------
2026-05-26 00:01:31,667 | INFO     | [491667] 📥 NHẬN YÊU CẦU QUÉT KHUÔN MẶT MỚI
2026-05-26 00:01:31,671 | INFO     | [491667] Đã xử lý ảnh thành công. Kích thước tensor: (1, 48, 48, 1)
2026-05-26 00:01:31,736 | INFO     | [491632] ⏱️ Model inference: 102.34 ms
2026-05-26 00:01:31,737 | INFO     | [491632] 📊 Chi tiết dự đoán: {'ANGRY': 6.85, 'DISGUST': 0.12, 'FEAR': 9.16, 'HAPPY': 5.72, 'NEUTRAL': 13.56, 'SAD': 59.43, 'SURPRISE': 5.16}
2026-05-26 00:01:31,737 | INFO     | [491632] 🎯 KẾT QUẢ CHỐT: SAD (59.43%)
2026-05-26 00:01:31,738 | INFO     | [491632] ⏱️ Thời gian phản hồi: 104.23 ms
2026-05-26 00:01:31,764 | INFO     | [491667] ⏱️ Model inference: 91.01 ms
2026-05-26 00:01:31,764 | INFO     | [491667] 📊 Chi tiết dự đoán: {'ANGRY': 7.4, 'DISGUST': 0.23, 'FEAR': 7.44, 'HAPPY': 11.54, 'NEUTRAL': 14.78, 'SAD': 55.82, 'SURPRISE': 2.8}
2026-05-26 00:01:31,764 | INFO     | [491667] 🎯 KẾT QUẢ CHỐT: SAD (55.82%)
2026-05-26 00:01:31,764 | INFO     | [491667] ⏱️ Thời gian phản hồi: 96.52 ms
2026-05-26 00:01:32,622 | INFO     | [492622] ------------------------------------------
2026-05-26 00:01:32,622 | INFO     | [492622] 📥 NHẬN YÊU CẦU QUÉT KHUÔN MẶT MỚI
2026-05-26 00:01:32,623 | INFO     | [492622] Đã xử lý ảnh thành công. Kích thước tensor: (1, 48, 48, 1)
2026-05-26 00:01:32,634 | INFO     | [492634] ------------------------------------------
2026-05-26 00:01:32,637 | INFO     | [492634] 📥 NHẬN YÊU CẦU QUÉT KHUÔN MẶT MỚI
2026-05-26 00:01:32,639 | INFO     | [492639] ------------------------------------------
2026-05-26 00:01:32,640 | INFO     | [492639] 📥 NHẬN YÊU CẦU QUÉT KHUÔN MẶT MỚI
2026-05-26 00:01:32,643 | INFO     | [492634] Đã xử lý ảnh thành công. Kích thước tensor: (1, 48, 48, 1)
2026-05-26 00:01:32,651 | INFO     | [492639] Đã xử lý ảnh thành công. Kích thước tensor: (1, 48, 48, 1)
2026-05-26 00:01:32,745 | INFO     | [492622] ⏱️ Model inference: 121.54 ms
2026-05-26 00:01:32,745 | INFO     | [492622] 📊 Chi tiết dự đoán: {'ANGRY': 6.03, 'DISGUST': 0.18, 'FEAR': 8.34, 'HAPPY': 13.47, 'NEUTRAL': 18.29, 'SAD': 51.39, 'SURPRISE': 2.3}
2026-05-26 00:01:32,746 | INFO     | [492622] 🎯 KẾT QUẢ CHỐT: SAD (51.39%)
2026-05-26 00:01:32,746 | INFO     | [492622] ⏱️ Thời gian phản hồi: 122.55 ms
2026-05-26 00:01:32,756 | INFO     | [492756] ------------------------------------------
2026-05-26 00:01:32,756 | INFO     | [492756] 📥 NHẬN YÊU CẦU QUÉT KHUÔN MẶT MỚI
2026-05-26 00:01:32,757 | INFO     | [492756] Đã xử lý ảnh thành công. Kích thước tensor: (1, 48, 48, 1)
2026-05-26 00:01:32,760 | INFO     | [492634] ⏱️ Model inference: 115.93 ms
2026-05-26 00:01:32,763 | INFO     | [492634] 📊 Chi tiết dự đoán: {'ANGRY': 7.08, 'DISGUST': 0.17, 'FEAR': 7.82, 'HAPPY': 18.03, 'NEUTRAL': 19.98, 'SAD': 45.14, 'SURPRISE': 1.79}
2026-05-26 00:01:32,764 | INFO     | [492634] 🎯 KẾT QUẢ CHỐT: SAD (45.14%)
2026-05-26 00:01:32,764 | INFO     | [492634] ⏱️ Thời gian phản hồi: 128.95 ms
2026-05-26 00:01:32,785 | INFO     | [492639] ⏱️ Model inference: 132.25 ms
2026-05-26 00:01:32,785 | INFO     | [492639] 📊 Chi tiết dự đoán: {'ANGRY': 6.99, 'DISGUST': 0.16, 'FEAR': 7.97, 'HAPPY': 24.66, 'NEUTRAL': 18.35, 'SAD': 39.47, 'SURPRISE': 2.4}
2026-05-26 00:01:32,786 | INFO     | [492639] 🎯 KẾT QUẢ CHỐT: SAD (39.47%)
2026-05-26 00:01:32,786 | INFO     | [492639] ⏱️ Thời gian phản hồi: 146.3 ms
2026-05-26 00:01:32,825 | INFO     | [492756] ⏱️ Model inference: 67.58 ms
2026-05-26 00:01:32,825 | INFO     | [492756] 📊 Chi tiết dự đoán: {'ANGRY': 7.24, 'DISGUST': 0.18, 'FEAR': 8.68, 'HAPPY': 13.58, 'NEUTRAL': 19.73, 'SAD': 48.36, 'SURPRISE': 2.23}
2026-05-26 00:01:32,825 | INFO     | [492756] 🎯 KẾT QUẢ CHỐT: SAD (48.36%)
2026-05-26 00:01:32,825 | INFO     | [492756] ⏱️ Thời gian phản hồi: 69.49 ms
2026-05-26 00:01:33,336 | INFO     | [493336] ------------------------------------------
2026-05-26 00:01:33,336 | INFO     | [493336] 📥 NHẬN YÊU CẦU QUÉT KHUÔN MẶT MỚI
2026-05-26 00:01:33,337 | INFO     | [493337] ------------------------------------------
2026-05-26 00:01:33,337 | INFO     | [493337] 📥 NHẬN YÊU CẦU QUÉT KHUÔN MẶT MỚI
2026-05-26 00:01:33,338 | INFO     | [493336] Đã xử lý ảnh thành công. Kích thước tensor: (1, 48, 48, 1)
2026-05-26 00:01:33,341 | INFO     | [493337] Đã xử lý ảnh thành công. Kích thước tensor: (1, 48, 48, 1)
2026-05-26 00:01:33,466 | INFO     | [493337] ⏱️ Model inference: 124.59 ms
2026-05-26 00:01:33,468 | INFO     | [493337] 📊 Chi tiết dự đoán: {'ANGRY': 6.93, 'DISGUST': 0.13, 'FEAR': 9.5, 'HAPPY': 12.54, 'NEUTRAL': 20.08, 'SAD': 48.28, 'SURPRISE': 2.53}
2026-05-26 00:01:33,468 | INFO     | [493337] 🎯 KẾT QUẢ CHỐT: SAD (48.28%)
2026-05-26 00:01:33,468 | INFO     | [493337] ⏱️ Thời gian phản hồi: 131.01 ms
2026-05-26 00:01:33,470 | INFO     | [493336] ⏱️ Model inference: 132.0 ms
2026-05-26 00:01:33,470 | INFO     | [493336] 📊 Chi tiết dự đoán: {'ANGRY': 6.62, 'DISGUST': 0.14, 'FEAR': 9.62, 'HAPPY': 11.18, 'NEUTRAL': 19.75, 'SAD': 49.69, 'SURPRISE': 3.0}
2026-05-26 00:01:33,470 | INFO     | [493336] 🎯 KẾT QUẢ CHỐT: SAD (49.69%)
2026-05-26 00:01:33,470 | INFO     | [493336] ⏱️ Thời gian phản hồi: 134.08 ms
2026-05-26 00:01:33,632 | INFO     | [493632] ------------------------------------------
2026-05-26 00:01:33,632 | INFO     | [493632] 📥 NHẬN YÊU CẦU QUÉT KHUÔN MẶT MỚI
2026-05-26 00:01:33,633 | INFO     | [493632] Đã xử lý ảnh thành công. Kích thước tensor: (1, 48, 48, 1)
2026-05-26 00:01:33,663 | INFO     | [493663] ------------------------------------------
2026-05-26 00:01:33,663 | INFO     | [493663] 📥 NHẬN YÊU CẦU QUÉT KHUÔN MẶT MỚI
2026-05-26 00:01:33,664 | INFO     | [493663] Đã xử lý ảnh thành công. Kích thước tensor: (1, 48, 48, 1)
2026-05-26 00:01:33,705 | INFO     | [493632] ⏱️ Model inference: 72.42 ms
2026-05-26 00:01:33,705 | INFO     | [493632] 📊 Chi tiết dự đoán: {'ANGRY': 5.62, 'DISGUST': 0.12, 'FEAR': 7.06, 'HAPPY': 16.16, 'NEUTRAL': 19.62, 'SAD': 49.62, 'SURPRISE': 1.8}
2026-05-26 00:01:33,706 | INFO     | [493632] 🎯 KẾT QUẢ CHỐT: SAD (49.62%)
2026-05-26 00:01:33,706 | INFO     | [493632] ⏱️ Thời gian phản hồi: 73.43 ms
2026-05-26 00:01:33,730 | INFO     | [493663] ⏱️ Model inference: 65.68 ms
2026-05-26 00:01:33,730 | INFO     | [493663] 📊 Chi tiết dự đoán: {'ANGRY': 5.53, 'DISGUST': 0.06, 'FEAR': 7.12, 'HAPPY': 24.36, 'NEUTRAL': 16.99, 'SAD': 45.01, 'SURPRISE': 0.92}
2026-05-26 00:01:33,730 | INFO     | [493663] 🎯 KẾT QUẢ CHỐT: SAD (45.01%)
2026-05-26 00:01:33,730 | INFO     | [493663] ⏱️ Thời gian phản hồi: 67.87 ms
2026-05-26 00:01:34,377 | INFO     | [494377] ------------------------------------------
2026-05-26 00:01:34,379 | INFO     | [494377] 📥 NHẬN YÊU CẦU QUÉT KHUÔN MẶT MỚI
2026-05-26 00:01:34,379 | INFO     | [494377] Đã xử lý ảnh thành công. Kích thước tensor: (1, 48, 48, 1)
2026-05-26 00:01:34,409 | INFO     | [494409] ------------------------------------------
2026-05-26 00:01:34,410 | INFO     | [494409] 📥 NHẬN YÊU CẦU QUÉT KHUÔN MẶT MỚI
2026-05-26 00:01:34,411 | INFO     | [494411] ------------------------------------------
2026-05-26 00:01:34,412 | INFO     | [494411] 📥 NHẬN YÊU CẦU QUÉT KHUÔN MẶT MỚI
2026-05-26 00:01:34,414 | INFO     | [494409] Đã xử lý ảnh thành công. Kích thước tensor: (1, 48, 48, 1)
2026-05-26 00:01:34,420 | INFO     | [494411] Đã xử lý ảnh thành công. Kích thước tensor: (1, 48, 48, 1)
2026-05-26 00:01:34,477 | INFO     | [494377] ⏱️ Model inference: 98.53 ms
2026-05-26 00:01:34,478 | INFO     | [494377] 📊 Chi tiết dự đoán: {'ANGRY': 4.85, 'DISGUST': 0.07, 'FEAR': 5.92, 'HAPPY': 25.94, 'NEUTRAL': 20.46, 'SAD': 42.06, 'SURPRISE': 0.7}
2026-05-26 00:01:34,479 | INFO     | [494377] 🎯 KẾT QUẢ CHỐT: SAD (42.06%)
2026-05-26 00:01:34,479 | INFO     | [494377] ⏱️ Thời gian phản hồi: 101.1 ms
2026-05-26 00:01:34,525 | INFO     | [494409] ⏱️ Model inference: 109.34 ms
2026-05-26 00:01:34,526 | INFO     | [494409] 📊 Chi tiết dự đoán: {'ANGRY': 4.64, 'DISGUST': 0.06, 'FEAR': 7.17, 'HAPPY': 19.63, 'NEUTRAL': 19.39, 'SAD': 48.36, 'SURPRISE': 0.75}
2026-05-26 00:01:34,526 | INFO     | [494409] 🎯 KẾT QUẢ CHỐT: SAD (48.36%)
2026-05-26 00:01:34,526 | INFO     | [494409] ⏱️ Thời gian phản hồi: 116.66 ms
2026-05-26 00:01:34,535 | INFO     | [494411] ⏱️ Model inference: 114.43 ms
2026-05-26 00:01:34,535 | INFO     | [494411] 📊 Chi tiết dự đoán: {'ANGRY': 4.65, 'DISGUST': 0.06, 'FEAR': 6.37, 'HAPPY': 23.03, 'NEUTRAL': 21.2, 'SAD': 43.92, 'SURPRISE': 0.77}
2026-05-26 00:01:34,535 | INFO     | [494411] 🎯 KẾT QUẢ CHỐT: SAD (43.92%)
2026-05-26 00:01:34,535 | INFO     | [494411] ⏱️ Thời gian phản hồi: 124.08 ms
2026-05-26 00:01:34,640 | INFO     | [494640] ------------------------------------------
2026-05-26 00:01:34,642 | INFO     | [494640] 📥 NHẬN YÊU CẦU QUÉT KHUÔN MẶT MỚI
2026-05-26 00:01:34,643 | INFO     | [494640] Đã xử lý ảnh thành công. Kích thước tensor: (1, 48, 48, 1)
2026-05-26 00:01:34,713 | INFO     | [494640] ⏱️ Model inference: 70.46 ms
2026-05-26 00:01:34,713 | INFO     | [494640] 📊 Chi tiết dự đoán: {'ANGRY': 5.28, 'DISGUST': 0.07, 'FEAR': 7.49, 'HAPPY': 25.69, 'NEUTRAL': 14.46, 'SAD': 45.87, 'SURPRISE': 1.15}
2026-05-26 00:01:34,713 | INFO     | [494640] 🎯 KẾT QUẢ CHỐT: SAD (45.87%)
2026-05-26 00:01:34,713 | INFO     | [494640] ⏱️ Thời gian phản hồi: 72.88 ms
2026-05-26 00:01:34,905 | INFO     | [494905] ------------------------------------------
2026-05-26 00:01:34,906 | INFO     | [494905] 📥 NHẬN YÊU CẦU QUÉT KHUÔN MẶT MỚI
2026-05-26 00:01:34,906 | INFO     | [494905] Đã xử lý ảnh thành công. Kích thước tensor: (1, 48, 48, 1)
2026-05-26 00:01:34,961 | INFO     | [494905] ⏱️ Model inference: 54.62 ms
2026-05-26 00:01:34,962 | INFO     | [494905] 📊 Chi tiết dự đoán: {'ANGRY': 5.66, 'DISGUST': 0.07, 'FEAR': 6.71, 'HAPPY': 31.47, 'NEUTRAL': 13.75, 'SAD': 41.11, 'SURPRISE': 1.23}
2026-05-26 00:01:34,962 | INFO     | [494905] 🎯 KẾT QUẢ CHỐT: SAD (41.11%)
2026-05-26 00:01:34,962 | INFO     | [494905] ⏱️ Thời gian phản hồi: 57.27 ms
2026-05-26 00:01:35,032 | INFO     | [BATCH-495032] ==========================================
2026-05-26 00:01:35,033 | INFO     | [BATCH-495032] 🎞️ NHẬN CHUỖI 5 KHUNG HÌNH (BATCH)
2026-05-26 00:01:35,413 | INFO     | [BATCH-495032] ⏱️ Batch inference elapsed: 378.55 ms (5 frames)
2026-05-26 00:01:35,413 | INFO     | [BATCH-495032] ↳ Frame 1/5: SAD (42.1%)
2026-05-26 00:01:35,414 | INFO     | [BATCH-495032] ↳ Frame 2/5: SAD (48.4%)
2026-05-26 00:01:35,414 | INFO     | [BATCH-495032] ↳ Frame 3/5: SAD (43.9%)
2026-05-26 00:01:35,414 | INFO     | [BATCH-495032] ↳ Frame 4/5: SAD (45.9%)
2026-05-26 00:01:35,414 | INFO     | [BATCH-495032] ↳ Frame 5/5: SAD (41.1%)
2026-05-26 00:01:35,414 | INFO     | [BATCH-495032] 🎯 KẾT QUẢ CHUỖI: SAD (Tần suất: {'SAD': 5})
2026-05-26 00:01:35,414 | INFO     | [BATCH-495032] ⏱️ Tổng thời gian xử lý: 381.97 ms
2026-05-26 00:01:56,301 | INFO     | [516301] ------------------------------------------
2026-05-26 00:01:56,301 | INFO     | [516301] 📥 NHẬN YÊU CẦU QUÉT KHUÔN MẶT MỚI
2026-05-26 00:01:56,302 | INFO     | [516301] Đã xử lý ảnh thành công. Kích thước tensor: (1, 48, 48, 1)
2026-05-26 00:01:56,359 | INFO     | [516301] ⏱️ Model inference: 56.91 ms
2026-05-26 00:01:56,360 | INFO     | [516301] 📊 Chi tiết dự đoán: {'ANGRY': 5.86, 'DISGUST': 0.13, 'FEAR': 6.35, 'HAPPY': 11.46, 'NEUTRAL': 14.44, 'SAD': 59.31, 'SURPRISE': 2.46}
2026-05-26 00:01:56,360 | INFO     | [516301] 🎯 KẾT QUẢ CHỐT: SAD (59.31%)
2026-05-26 00:01:56,360 | INFO     | [516301] ⏱️ Thời gian phản hồi: 58.98 ms
2026-05-26 00:01:56,862 | INFO     | [516862] ------------------------------------------
2026-05-26 00:01:56,862 | INFO     | [516862] 📥 NHẬN YÊU CẦU QUÉT KHUÔN MẶT MỚI
2026-05-26 00:01:56,863 | INFO     | [516862] Đã xử lý ảnh thành công. Kích thước tensor: (1, 48, 48, 1)
2026-05-26 00:01:56,873 | INFO     | [516873] ------------------------------------------
2026-05-26 00:01:56,874 | INFO     | [516873] 📥 NHẬN YÊU CẦU QUÉT KHUÔN MẶT MỚI
2026-05-26 00:01:56,877 | INFO     | [516873] Đã xử lý ảnh thành công. Kích thước tensor: (1, 48, 48, 1)
2026-05-26 00:01:56,958 | INFO     | [516873] ⏱️ Model inference: 80.3 ms
2026-05-26 00:01:56,958 | INFO     | [516873] 📊 Chi tiết dự đoán: {'ANGRY': 5.77, 'DISGUST': 0.14, 'FEAR': 5.29, 'HAPPY': 19.37, 'NEUTRAL': 16.09, 'SAD': 51.31, 'SURPRISE': 2.04}
2026-05-26 00:01:56,958 | INFO     | [516873] 🎯 KẾT QUẢ CHỐT: SAD (51.31%)
2026-05-26 00:01:56,958 | INFO     | [516873] ⏱️ Thời gian phản hồi: 84.55 ms
2026-05-26 00:01:56,966 | INFO     | [516862] ⏱️ Model inference: 102.68 ms
2026-05-26 00:01:56,966 | INFO     | [516862] 📊 Chi tiết dự đoán: {'ANGRY': 5.25, 'DISGUST': 0.12, 'FEAR': 6.11, 'HAPPY': 12.75, 'NEUTRAL': 16.38, 'SAD': 57.39, 'SURPRISE': 2.01}
2026-05-26 00:01:56,966 | INFO     | [516862] 🎯 KẾT QUẢ CHỐT: SAD (57.39%)
2026-05-26 00:01:56,966 | INFO     | [516862] ⏱️ Thời gian phản hồi: 104.18 ms
2026-05-26 00:01:57,026 | INFO     | [517026] ------------------------------------------
2026-05-26 00:01:57,026 | INFO     | [517026] 📥 NHẬN YÊU CẦU QUÉT KHUÔN MẶT MỚI
2026-05-26 00:01:57,027 | INFO     | [517026] Đã xử lý ảnh thành công. Kích thước tensor: (1, 48, 48, 1)
2026-05-26 00:01:57,097 | INFO     | [517026] ⏱️ Model inference: 70.33 ms
2026-05-26 00:01:57,097 | INFO     | [517026] 📊 Chi tiết dự đoán: {'ANGRY': 5.0, 'DISGUST': 0.17, 'FEAR': 7.76, 'HAPPY': 6.82, 'NEUTRAL': 16.91, 'SAD': 61.11, 'SURPRISE': 2.22}
2026-05-26 00:01:57,098 | INFO     | [517026] 🎯 KẾT QUẢ CHỐT: SAD (61.11%)
2026-05-26 00:01:57,098 | INFO     | [517026] ⏱️ Thời gian phản hồi: 71.32 ms
2026-05-26 00:01:57,334 | INFO     | [517334] ------------------------------------------
2026-05-26 00:01:57,335 | INFO     | [517334] 📥 NHẬN YÊU CẦU QUÉT KHUÔN MẶT MỚI
2026-05-26 00:01:57,335 | INFO     | [517334] Đã xử lý ảnh thành công. Kích thước tensor: (1, 48, 48, 1)
2026-05-26 00:01:57,395 | INFO     | [517334] ⏱️ Model inference: 58.9 ms
2026-05-26 00:01:57,395 | INFO     | [517334] 📊 Chi tiết dự đoán: {'ANGRY': 4.72, 'DISGUST': 0.12, 'FEAR': 7.03, 'HAPPY': 7.35, 'NEUTRAL': 16.88, 'SAD': 62.33, 'SURPRISE': 1.57}
2026-05-26 00:01:57,397 | INFO     | [517334] 🎯 KẾT QUẢ CHỐT: SAD (62.33%)
2026-05-26 00:01:57,397 | INFO     | [517334] ⏱️ Thời gian phản hồi: 60.91 ms
2026-05-26 00:01:57,955 | INFO     | [517955] ------------------------------------------
2026-05-26 00:01:57,955 | INFO     | [517955] 📥 NHẬN YÊU CẦU QUÉT KHUÔN MẶT MỚI
2026-05-26 00:01:57,956 | INFO     | [517956] ------------------------------------------
2026-05-26 00:01:57,956 | INFO     | [517956] 📥 NHẬN YÊU CẦU QUÉT KHUÔN MẶT MỚI
2026-05-26 00:01:57,956 | INFO     | [517955] Đã xử lý ảnh thành công. Kích thước tensor: (1, 48, 48, 1)
2026-05-26 00:01:57,959 | INFO     | [517956] Đã xử lý ảnh thành công. Kích thước tensor: (1, 48, 48, 1)
2026-05-26 00:01:58,019 | INFO     | [518019] ------------------------------------------
2026-05-26 00:01:58,020 | INFO     | [518019] 📥 NHẬN YÊU CẦU QUÉT KHUÔN MẶT MỚI
2026-05-26 00:01:58,022 | INFO     | [518019] Đã xử lý ảnh thành công. Kích thước tensor: (1, 48, 48, 1)
2026-05-26 00:01:58,063 | INFO     | [517955] ⏱️ Model inference: 107.69 ms
2026-05-26 00:01:58,066 | INFO     | [517955] 📊 Chi tiết dự đoán: {'ANGRY': 4.33, 'DISGUST': 0.11, 'FEAR': 6.94, 'HAPPY': 13.61, 'NEUTRAL': 20.54, 'SAD': 52.51, 'SURPRISE': 1.96}
2026-05-26 00:01:58,067 | INFO     | [517955] 🎯 KẾT QUẢ CHỐT: SAD (52.51%)
2026-05-26 00:01:58,067 | INFO     | [517955] ⏱️ Thời gian phản hồi: 110.82 ms
2026-05-26 00:01:58,069 | INFO     | [517956] ⏱️ Model inference: 108.93 ms
2026-05-26 00:01:58,069 | INFO     | [517956] 📊 Chi tiết dự đoán: {'ANGRY': 5.63, 'DISGUST': 0.16, 'FEAR': 5.49, 'HAPPY': 18.76, 'NEUTRAL': 18.34, 'SAD': 49.53, 'SURPRISE': 2.09}
2026-05-26 00:01:58,070 | INFO     | [517956] 🎯 KẾT QUẢ CHỐT: SAD (49.53%)
2026-05-26 00:01:58,070 | INFO     | [517956] ⏱️ Thời gian phản hồi: 112.83 ms
2026-05-26 00:01:58,097 | INFO     | [518019] ⏱️ Model inference: 74.73 ms
2026-05-26 00:01:58,097 | INFO     | [518019] 📊 Chi tiết dự đoán: {'ANGRY': 5.57, 'DISGUST': 0.11, 'FEAR': 5.35, 'HAPPY': 18.8, 'NEUTRAL': 20.12, 'SAD': 47.84, 'SURPRISE': 2.21}
2026-05-26 00:01:58,098 | INFO     | [518019] 🎯 KẾT QUẢ CHỐT: SAD (47.84%)
2026-05-26 00:01:58,098 | INFO     | [518019] ⏱️ Thời gian phản hồi: 78.03 ms
2026-05-26 00:01:58,984 | INFO     | [518984] ------------------------------------------
2026-05-26 00:01:58,984 | INFO     | [518984] 📥 NHẬN YÊU CẦU QUÉT KHUÔN MẶT MỚI
2026-05-26 00:01:58,985 | INFO     | [518985] ------------------------------------------
2026-05-26 00:01:58,985 | INFO     | [518985] 📥 NHẬN YÊU CẦU QUÉT KHUÔN MẶT MỚI
2026-05-26 00:01:58,985 | INFO     | [518985] ------------------------------------------
2026-05-26 00:01:58,985 | INFO     | [518985] 📥 NHẬN YÊU CẦU QUÉT KHUÔN MẶT MỚI
2026-05-26 00:01:58,986 | INFO     | [518984] Đã xử lý ảnh thành công. Kích thước tensor: (1, 48, 48, 1)
2026-05-26 00:01:58,988 | INFO     | [518985] Đã xử lý ảnh thành công. Kích thước tensor: (1, 48, 48, 1)
2026-05-26 00:01:58,992 | INFO     | [518985] Đã xử lý ảnh thành công. Kích thước tensor: (1, 48, 48, 1)
2026-05-26 00:01:59,104 | INFO     | [518984] ⏱️ Model inference: 118.02 ms
2026-05-26 00:01:59,104 | INFO     | [518984] 📊 Chi tiết dự đoán: {'ANGRY': 7.62, 'DISGUST': 0.19, 'FEAR': 5.36, 'HAPPY': 13.89, 'NEUTRAL': 19.03, 'SAD': 51.94, 'SURPRISE': 1.97}
2026-05-26 00:01:59,104 | INFO     | [518984] 🎯 KẾT QUẢ CHỐT: SAD (51.94%)
2026-05-26 00:01:59,104 | INFO     | [518984] ⏱️ Thời gian phản hồi: 120.52 ms
2026-05-26 00:01:59,113 | INFO     | [518985] ⏱️ Model inference: 125.52 ms
2026-05-26 00:01:59,113 | INFO     | [518985] 📊 Chi tiết dự đoán: {'ANGRY': 7.09, 'DISGUST': 0.18, 'FEAR': 5.88, 'HAPPY': 11.1, 'NEUTRAL': 18.4, 'SAD': 54.84, 'SURPRISE': 2.51}
2026-05-26 00:01:59,113 | INFO     | [518985] 🎯 KẾT QUẢ CHỐT: SAD (54.84%)
2026-05-26 00:01:59,113 | INFO     | [518985] ⏱️ Thời gian phản hồi: 128.52 ms
2026-05-26 00:01:59,115 | INFO     | [518985] ⏱️ Model inference: 122.48 ms
2026-05-26 00:01:59,115 | INFO     | [518985] 📊 Chi tiết dự đoán: {'ANGRY': 6.9, 'DISGUST': 0.16, 'FEAR': 6.22, 'HAPPY': 10.4, 'NEUTRAL': 21.25, 'SAD': 52.38, 'SURPRISE': 2.68}
2026-05-26 00:01:59,115 | INFO     | [518985] 🎯 KẾT QUẢ CHỐT: SAD (52.38%)
2026-05-26 00:01:59,115 | INFO     | [518985] ⏱️ Thời gian phản hồi: 130.77 ms
2026-05-26 00:01:59,122 | INFO     | [519122] ------------------------------------------
2026-05-26 00:01:59,122 | INFO     | [519122] 📥 NHẬN YÊU CẦU QUÉT KHUÔN MẶT MỚI
2026-05-26 00:01:59,123 | INFO     | [519122] Đã xử lý ảnh thành công. Kích thước tensor: (1, 48, 48, 1)
2026-05-26 00:01:59,188 | INFO     | [519122] ⏱️ Model inference: 64.59 ms
2026-05-26 00:01:59,188 | INFO     | [519122] 📊 Chi tiết dự đoán: {'ANGRY': 6.85, 'DISGUST': 0.16, 'FEAR': 5.77, 'HAPPY': 11.74, 'NEUTRAL': 20.09, 'SAD': 53.01, 'SURPRISE': 2.39}
2026-05-26 00:01:59,188 | INFO     | [519122] 🎯 KẾT QUẢ CHỐT: SAD (53.01%)
2026-05-26 00:01:59,188 | INFO     | [519122] ⏱️ Thời gian phản hồi: 66.1 ms
2026-05-26 00:01:59,291 | INFO     | [519291] ------------------------------------------
2026-05-26 00:01:59,291 | INFO     | [519291] 📥 NHẬN YÊU CẦU QUÉT KHUÔN MẶT MỚI
2026-05-26 00:01:59,292 | INFO     | [519291] Đã xử lý ảnh thành công. Kích thước tensor: (1, 48, 48, 1)
2026-05-26 00:01:59,347 | INFO     | [519291] ⏱️ Model inference: 55.28 ms
2026-05-26 00:01:59,348 | INFO     | [519291] 📊 Chi tiết dự đoán: {'ANGRY': 7.96, 'DISGUST': 0.21, 'FEAR': 5.92, 'HAPPY': 8.85, 'NEUTRAL': 19.85, 'SAD': 54.87, 'SURPRISE': 2.34}
2026-05-26 00:01:59,348 | INFO     | [519291] 🎯 KẾT QUẢ CHỐT: SAD (54.87%)
2026-05-26 00:01:59,348 | INFO     | [519291] ⏱️ Thời gian phản hồi: 57.3 ms
2026-05-26 00:01:59,959 | INFO     | [519959] ------------------------------------------
2026-05-26 00:01:59,960 | INFO     | [519959] 📥 NHẬN YÊU CẦU QUÉT KHUÔN MẶT MỚI
2026-05-26 00:01:59,961 | INFO     | [519961] ------------------------------------------
2026-05-26 00:01:59,961 | INFO     | [519961] 📥 NHẬN YÊU CẦU QUÉT KHUÔN MẶT MỚI
2026-05-26 00:01:59,961 | INFO     | [519959] Đã xử lý ảnh thành công. Kích thước tensor: (1, 48, 48, 1)
2026-05-26 00:01:59,964 | INFO     | [519961] Đã xử lý ảnh thành công. Kích thước tensor: (1, 48, 48, 1)
2026-05-26 00:02:00,022 | INFO     | [520022] ------------------------------------------
2026-05-26 00:02:00,023 | INFO     | [520022] 📥 NHẬN YÊU CẦU QUÉT KHUÔN MẶT MỚI
2026-05-26 00:02:00,025 | INFO     | [520022] Đã xử lý ảnh thành công. Kích thước tensor: (1, 48, 48, 1)
2026-05-26 00:02:00,067 | INFO     | [519959] ⏱️ Model inference: 106.43 ms
2026-05-26 00:02:00,068 | INFO     | [519959] 📊 Chi tiết dự đoán: {'ANGRY': 10.49, 'DISGUST': 0.24, 'FEAR': 4.22, 'HAPPY': 16.82, 'NEUTRAL': 16.4, 'SAD': 49.93, 'SURPRISE': 1.9}
2026-05-26 00:02:00,068 | INFO     | [519959] 🎯 KẾT QUẢ CHỐT: SAD (49.93%)
2026-05-26 00:02:00,068 | INFO     | [519959] ⏱️ Thời gian phản hồi: 109.19 ms
2026-05-26 00:02:00,069 | INFO     | [519961] ⏱️ Model inference: 103.82 ms
2026-05-26 00:02:00,070 | INFO     | [519961] 📊 Chi tiết dự đoán: {'ANGRY': 7.42, 'DISGUST': 0.24, 'FEAR': 6.52, 'HAPPY': 10.94, 'NEUTRAL': 17.18, 'SAD': 55.17, 'SURPRISE': 2.53}
2026-05-26 00:02:00,070 | INFO     | [519961] 🎯 KẾT QUẢ CHỐT: SAD (55.17%)
2026-05-26 00:02:00,070 | INFO     | [519961] ⏱️ Thời gian phản hồi: 108.68 ms
2026-05-26 00:02:00,094 | INFO     | [520022] ⏱️ Model inference: 68.02 ms
2026-05-26 00:02:00,094 | INFO     | [520022] 📊 Chi tiết dự đoán: {'ANGRY': 9.24, 'DISGUST': 0.28, 'FEAR': 5.91, 'HAPPY': 16.3, 'NEUTRAL': 15.88, 'SAD': 49.77, 'SURPRISE': 2.62}
2026-05-26 00:02:00,095 | INFO     | [520022] 🎯 KẾT QUẢ CHỐT: SAD (49.77%)
2026-05-26 00:02:00,095 | INFO     | [520022] ⏱️ Thời gian phản hồi: 72.51 ms
2026-05-26 00:02:00,989 | INFO     | [520989] ------------------------------------------
2026-05-26 00:02:00,989 | INFO     | [520989] 📥 NHẬN YÊU CẦU QUÉT KHUÔN MẶT MỚI
2026-05-26 00:02:00,989 | INFO     | [520989] ------------------------------------------
2026-05-26 00:02:00,990 | INFO     | [520989] 📥 NHẬN YÊU CẦU QUÉT KHUÔN MẶT MỚI
2026-05-26 00:02:00,990 | INFO     | [520990] ------------------------------------------
2026-05-26 00:02:00,990 | INFO     | [520990] 📥 NHẬN YÊU CẦU QUÉT KHUÔN MẶT MỚI
2026-05-26 00:02:00,991 | INFO     | [520989] Đã xử lý ảnh thành công. Kích thước tensor: (1, 48, 48, 1)
2026-05-26 00:02:00,993 | INFO     | [520989] Đã xử lý ảnh thành công. Kích thước tensor: (1, 48, 48, 1)
2026-05-26 00:02:00,997 | INFO     | [520990] Đã xử lý ảnh thành công. Kích thước tensor: (1, 48, 48, 1)
2026-05-26 00:02:01,106 | INFO     | [520989] ⏱️ Model inference: 114.43 ms
2026-05-26 00:02:01,106 | INFO     | [520989] 📊 Chi tiết dự đoán: {'ANGRY': 8.45, 'DISGUST': 0.17, 'FEAR': 6.08, 'HAPPY': 15.0, 'NEUTRAL': 13.57, 'SAD': 53.86, 'SURPRISE': 2.87}
2026-05-26 00:02:01,107 | INFO     | [520989] 🎯 KẾT QUẢ CHỐT: SAD (53.86%)
2026-05-26 00:02:01,107 | INFO     | [520989] ⏱️ Thời gian phản hồi: 117.06 ms
2026-05-26 00:02:01,114 | INFO     | [521114] ------------------------------------------
2026-05-26 00:02:01,115 | INFO     | [521114] 📥 NHẬN YÊU CẦU QUÉT KHUÔN MẶT MỚI
2026-05-26 00:02:01,116 | INFO     | [521114] Đã xử lý ảnh thành công. Kích thước tensor: (1, 48, 48, 1)
2026-05-26 00:02:01,118 | INFO     | [520989] ⏱️ Model inference: 123.86 ms
2026-05-26 00:02:01,119 | INFO     | [520989] 📊 Chi tiết dự đoán: {'ANGRY': 8.7, 'DISGUST': 0.16, 'FEAR': 5.98, 'HAPPY': 15.98, 'NEUTRAL': 15.27, 'SAD': 51.81, 'SURPRISE': 2.09}
2026-05-26 00:02:01,120 | INFO     | [520989] 🎯 KẾT QUẢ CHỐT: SAD (51.81%)
2026-05-26 00:02:01,121 | INFO     | [520989] ⏱️ Thời gian phản hồi: 130.2 ms
2026-05-26 00:02:01,124 | INFO     | [520990] ⏱️ Model inference: 125.69 ms
2026-05-26 00:02:01,125 | INFO     | [520990] 📊 Chi tiết dự đoán: {'ANGRY': 8.59, 'DISGUST': 0.16, 'FEAR': 4.4, 'HAPPY': 15.57, 'NEUTRAL': 19.74, 'SAD': 49.55, 'SURPRISE': 2.0}
2026-05-26 00:02:01,125 | INFO     | [520990] 🎯 KẾT QUẢ CHỐT: SAD (49.55%)
2026-05-26 00:02:01,125 | INFO     | [520990] ⏱️ Thời gian phản hồi: 135.08 ms
2026-05-26 00:02:01,182 | INFO     | [521114] ⏱️ Model inference: 65.97 ms
2026-05-26 00:02:01,182 | INFO     | [521114] 📊 Chi tiết dự đoán: {'ANGRY': 7.25, 'DISGUST': 0.11, 'FEAR': 5.36, 'HAPPY': 15.39, 'NEUTRAL': 16.64, 'SAD': 53.08, 'SURPRISE': 2.18}
2026-05-26 00:02:01,183 | INFO     | [521114] 🎯 KẾT QUẢ CHỐT: SAD (53.08%)
2026-05-26 00:02:01,183 | INFO     | [521114] ⏱️ Thời gian phản hồi: 67.98 ms
2026-05-26 00:02:01,330 | INFO     | [521330] ------------------------------------------
2026-05-26 00:02:01,332 | INFO     | [521330] 📥 NHẬN YÊU CẦU QUÉT KHUÔN MẶT MỚI
2026-05-26 00:02:01,332 | INFO     | [521330] Đã xử lý ảnh thành công. Kích thước tensor: (1, 48, 48, 1)
2026-05-26 00:02:01,394 | INFO     | [521330] ⏱️ Model inference: 62.03 ms
2026-05-26 00:02:01,394 | INFO     | [521330] 📊 Chi tiết dự đoán: {'ANGRY': 8.41, 'DISGUST': 0.17, 'FEAR': 9.08, 'HAPPY': 16.26, 'NEUTRAL': 14.42, 'SAD': 47.72, 'SURPRISE': 3.94}
2026-05-26 00:02:01,394 | INFO     | [521330] 🎯 KẾT QUẢ CHỐT: SAD (47.72%)
2026-05-26 00:02:01,394 | INFO     | [521330] ⏱️ Thời gian phản hồi: 63.44 ms
2026-05-26 00:02:01,580 | INFO     | [521580] ------------------------------------------
2026-05-26 00:02:01,580 | INFO     | [521580] 📥 NHẬN YÊU CẦU QUÉT KHUÔN MẶT MỚI
2026-05-26 00:02:01,580 | INFO     | [521580] Đã xử lý ảnh thành công. Kích thước tensor: (1, 48, 48, 1)
2026-05-26 00:02:01,641 | INFO     | [521580] ⏱️ Model inference: 60.34 ms
2026-05-26 00:02:01,641 | INFO     | [521580] 📊 Chi tiết dự đoán: {'ANGRY': 7.72, 'DISGUST': 0.14, 'FEAR': 10.03, 'HAPPY': 12.8, 'NEUTRAL': 13.09, 'SAD': 53.26, 'SURPRISE': 2.98}
2026-05-26 00:02:01,641 | INFO     | [521580] 🎯 KẾT QUẢ CHỐT: SAD (53.26%)
2026-05-26 00:02:01,641 | INFO     | [521580] ⏱️ Thời gian phản hồi: 61.72 ms
2026-05-26 00:02:01,796 | INFO     | [521796] ------------------------------------------
2026-05-26 00:02:01,796 | INFO     | [521796] 📥 NHẬN YÊU CẦU QUÉT KHUÔN MẶT MỚI
2026-05-26 00:02:01,797 | INFO     | [521796] Đã xử lý ảnh thành công. Kích thước tensor: (1, 48, 48, 1)
2026-05-26 00:02:01,855 | INFO     | [521796] ⏱️ Model inference: 57.08 ms
2026-05-26 00:02:01,855 | INFO     | [521796] 📊 Chi tiết dự đoán: {'ANGRY': 11.07, 'DISGUST': 0.26, 'FEAR': 8.25, 'HAPPY': 16.05, 'NEUTRAL': 15.75, 'SAD': 45.52, 'SURPRISE': 3.1}
2026-05-26 00:02:01,855 | INFO     | [521796] 🎯 KẾT QUẢ CHỐT: SAD (45.52%)
2026-05-26 00:02:01,856 | INFO     | [521796] ⏱️ Thời gian phản hồi: 58.08 ms
2026-05-26 00:02:02,031 | INFO     | [522031] ------------------------------------------
2026-05-26 00:02:02,031 | INFO     | [522031] 📥 NHẬN YÊU CẦU QUÉT KHUÔN MẶT MỚI
2026-05-26 00:02:02,033 | INFO     | [522031] Đã xử lý ảnh thành công. Kích thước tensor: (1, 48, 48, 1)
2026-05-26 00:02:02,089 | INFO     | [522031] ⏱️ Model inference: 56.65 ms
2026-05-26 00:02:02,090 | INFO     | [522031] 📊 Chi tiết dự đoán: {'ANGRY': 12.14, 'DISGUST': 0.34, 'FEAR': 9.3, 'HAPPY': 15.53, 'NEUTRAL': 12.24, 'SAD': 47.75, 'SURPRISE': 2.71}
2026-05-26 00:02:02,090 | INFO     | [522031] 🎯 KẾT QUẢ CHỐT: SAD (47.75%)
2026-05-26 00:02:02,090 | INFO     | [522031] ⏱️ Thời gian phản hồi: 58.95 ms
2026-05-26 00:02:02,278 | INFO     | [522278] ------------------------------------------
2026-05-26 00:02:02,280 | INFO     | [522278] 📥 NHẬN YÊU CẦU QUÉT KHUÔN MẶT MỚI
2026-05-26 00:02:02,280 | INFO     | [522278] Đã xử lý ảnh thành công. Kích thước tensor: (1, 48, 48, 1)
2026-05-26 00:02:02,341 | INFO     | [522278] ⏱️ Model inference: 61.67 ms
2026-05-26 00:02:02,341 | INFO     | [522278] 📊 Chi tiết dự đoán: {'ANGRY': 7.22, 'DISGUST': 0.18, 'FEAR': 7.8, 'HAPPY': 21.91, 'NEUTRAL': 11.89, 'SAD': 48.95, 'SURPRISE': 2.06}
2026-05-26 00:02:02,341 | INFO     | [522278] 🎯 KẾT QUẢ CHỐT: SAD (48.95%)
2026-05-26 00:02:02,343 | INFO     | [522278] ⏱️ Thời gian phản hồi: 63.02 ms
2026-05-26 00:02:02,981 | INFO     | [522981] ------------------------------------------
2026-05-26 00:02:02,981 | INFO     | [522981] 📥 NHẬN YÊU CẦU QUÉT KHUÔN MẶT MỚI
2026-05-26 00:02:02,982 | INFO     | [522982] ------------------------------------------
2026-05-26 00:02:02,982 | INFO     | [522982] 📥 NHẬN YÊU CẦU QUÉT KHUÔN MẶT MỚI
2026-05-26 00:02:02,982 | INFO     | [522981] Đã xử lý ảnh thành công. Kích thước tensor: (1, 48, 48, 1)
2026-05-26 00:02:02,985 | INFO     | [522982] Đã xử lý ảnh thành công. Kích thước tensor: (1, 48, 48, 1)
2026-05-26 00:02:03,029 | INFO     | [523029] ------------------------------------------
2026-05-26 00:02:03,032 | INFO     | [523029] 📥 NHẬN YÊU CẦU QUÉT KHUÔN MẶT MỚI
2026-05-26 00:02:03,037 | INFO     | [523029] Đã xử lý ảnh thành công. Kích thước tensor: (1, 48, 48, 1)
2026-05-26 00:02:03,080 | INFO     | [522982] ⏱️ Model inference: 95.07 ms
2026-05-26 00:02:03,080 | INFO     | [522982] 📊 Chi tiết dự đoán: {'ANGRY': 4.66, 'DISGUST': 0.07, 'FEAR': 7.1, 'HAPPY': 19.28, 'NEUTRAL': 19.65, 'SAD': 47.45, 'SURPRISE': 1.79}
2026-05-26 00:02:03,081 | INFO     | [522982] 🎯 KẾT QUẢ CHỐT: SAD (47.45%)
2026-05-26 00:02:03,081 | INFO     | [522982] ⏱️ Thời gian phản hồi: 98.22 ms
2026-05-26 00:02:03,085 | INFO     | [522981] ⏱️ Model inference: 103.2 ms
2026-05-26 00:02:03,086 | INFO     | [522981] 📊 Chi tiết dự đoán: {'ANGRY': 4.83, 'DISGUST': 0.09, 'FEAR': 6.81, 'HAPPY': 17.14, 'NEUTRAL': 21.1, 'SAD': 48.55, 'SURPRISE': 1.48}
2026-05-26 00:02:03,086 | INFO     | [522981] 🎯 KẾT QUẢ CHỐT: SAD (48.55%)
2026-05-26 00:02:03,086 | INFO     | [522981] ⏱️ Thời gian phản hồi: 104.7 ms
2026-05-26 00:02:03,110 | INFO     | [523029] ⏱️ Model inference: 70.74 ms
2026-05-26 00:02:03,110 | INFO     | [523029] 📊 Chi tiết dự đoán: {'ANGRY': 5.27, 'DISGUST': 0.09, 'FEAR': 6.98, 'HAPPY': 19.38, 'NEUTRAL': 17.83, 'SAD': 48.78, 'SURPRISE': 1.66}
2026-05-26 00:02:03,110 | INFO     | [523029] 🎯 KẾT QUẢ CHỐT: SAD (48.78%)
2026-05-26 00:02:03,110 | INFO     | [523029] ⏱️ Thời gian phản hồi: 81.2 ms
2026-05-26 00:02:03,340 | INFO     | [523340] ------------------------------------------
2026-05-26 00:02:03,340 | INFO     | [523340] 📥 NHẬN YÊU CẦU QUÉT KHUÔN MẶT MỚI
2026-05-26 00:02:03,341 | INFO     | [523340] Đã xử lý ảnh thành công. Kích thước tensor: (1, 48, 48, 1)
2026-05-26 00:02:03,406 | INFO     | [523340] ⏱️ Model inference: 64.78 ms
2026-05-26 00:02:03,406 | INFO     | [523340] 📊 Chi tiết dự đoán: {'ANGRY': 4.56, 'DISGUST': 0.08, 'FEAR': 6.79, 'HAPPY': 14.49, 'NEUTRAL': 21.29, 'SAD': 51.04, 'SURPRISE': 1.75}
2026-05-26 00:02:03,406 | INFO     | [523340] 🎯 KẾT QUẢ CHỐT: SAD (51.04%)
2026-05-26 00:02:03,406 | INFO     | [523340] ⏱️ Thời gian phản hồi: 65.78 ms
2026-05-26 00:02:03,974 | INFO     | [523974] ------------------------------------------
2026-05-26 00:02:03,974 | INFO     | [523974] 📥 NHẬN YÊU CẦU QUÉT KHUÔN MẶT MỚI
2026-05-26 00:02:03,975 | INFO     | [523975] ------------------------------------------
2026-05-26 00:02:03,975 | INFO     | [523975] 📥 NHẬN YÊU CẦU QUÉT KHUÔN MẶT MỚI
2026-05-26 00:02:03,975 | INFO     | [523974] Đã xử lý ảnh thành công. Kích thước tensor: (1, 48, 48, 1)
2026-05-26 00:02:03,978 | INFO     | [523975] Đã xử lý ảnh thành công. Kích thước tensor: (1, 48, 48, 1)
2026-05-26 00:02:04,038 | INFO     | [524038] ------------------------------------------
2026-05-26 00:02:04,039 | INFO     | [524038] 📥 NHẬN YÊU CẦU QUÉT KHUÔN MẶT MỚI
2026-05-26 00:02:04,044 | INFO     | [524038] Đã xử lý ảnh thành công. Kích thước tensor: (1, 48, 48, 1)
2026-05-26 00:02:04,065 | INFO     | [523975] ⏱️ Model inference: 86.77 ms
2026-05-26 00:02:04,067 | INFO     | [523975] 📊 Chi tiết dự đoán: {'ANGRY': 4.46, 'DISGUST': 0.08, 'FEAR': 6.61, 'HAPPY': 16.63, 'NEUTRAL': 16.97, 'SAD': 53.35, 'SURPRISE': 1.89}
2026-05-26 00:02:04,068 | INFO     | [523975] 🎯 KẾT QUẢ CHỐT: SAD (53.35%)
2026-05-26 00:02:04,070 | INFO     | [523975] ⏱️ Thời gian phản hồi: 91.99 ms
2026-05-26 00:02:04,094 | INFO     | [523974] ⏱️ Model inference: 117.7 ms
2026-05-26 00:02:04,094 | INFO     | [523974] 📊 Chi tiết dự đoán: {'ANGRY': 4.9, 'DISGUST': 0.1, 'FEAR': 6.35, 'HAPPY': 15.5, 'NEUTRAL': 19.41, 'SAD': 52.21, 'SURPRISE': 1.54}
2026-05-26 00:02:04,095 | INFO     | [523974] 🎯 KẾT QUẢ CHỐT: SAD (52.21%)
2026-05-26 00:02:04,095 | INFO     | [523974] ⏱️ Thời gian phản hồi: 119.84 ms
2026-05-26 00:02:04,118 | INFO     | [524038] ⏱️ Model inference: 73.91 ms
2026-05-26 00:02:04,119 | INFO     | [524038] 📊 Chi tiết dự đoán: {'ANGRY': 4.93, 'DISGUST': 0.11, 'FEAR': 6.72, 'HAPPY': 14.57, 'NEUTRAL': 16.29, 'SAD': 55.56, 'SURPRISE': 1.82}
2026-05-26 00:02:04,119 | INFO     | [524038] 🎯 KẾT QUẢ CHỐT: SAD (55.56%)
2026-05-26 00:02:04,119 | INFO     | [524038] ⏱️ Thời gian phản hồi: 81.23 ms
2026-05-26 00:02:04,992 | INFO     | [524992] ------------------------------------------
2026-05-26 00:02:04,992 | INFO     | [524992] 📥 NHẬN YÊU CẦU QUÉT KHUÔN MẶT MỚI
2026-05-26 00:02:04,992 | INFO     | [524992] ------------------------------------------
2026-05-26 00:02:04,992 | INFO     | [524992] 📥 NHẬN YÊU CẦU QUÉT KHUÔN MẶT MỚI
2026-05-26 00:02:04,993 | INFO     | [524993] ------------------------------------------
2026-05-26 00:02:04,993 | INFO     | [524993] 📥 NHẬN YÊU CẦU QUÉT KHUÔN MẶT MỚI
2026-05-26 00:02:04,993 | INFO     | [524992] Đã xử lý ảnh thành công. Kích thước tensor: (1, 48, 48, 1)
2026-05-26 00:02:04,995 | INFO     | [524992] Đã xử lý ảnh thành công. Kích thước tensor: (1, 48, 48, 1)
2026-05-26 00:02:05,000 | INFO     | [524993] Đã xử lý ảnh thành công. Kích thước tensor: (1, 48, 48, 1)
2026-05-26 00:02:05,110 | INFO     | [524993] ⏱️ Model inference: 106.72 ms
2026-05-26 00:02:05,110 | INFO     | [524993] 📊 Chi tiết dự đoán: {'ANGRY': 5.42, 'DISGUST': 0.11, 'FEAR': 7.06, 'HAPPY': 16.08, 'NEUTRAL': 19.01, 'SAD': 50.22, 'SURPRISE': 2.1}
2026-05-26 00:02:05,110 | INFO     | [524993] 🎯 KẾT QUẢ CHỐT: SAD (50.22%)
2026-05-26 00:02:05,111 | INFO     | [524993] ⏱️ Thời gian phản hồi: 116.58 ms
2026-05-26 00:02:05,115 | INFO     | [524992] ⏱️ Model inference: 121.42 ms
2026-05-26 00:02:05,115 | INFO     | [524992] 📊 Chi tiết dự đoán: {'ANGRY': 5.02, 'DISGUST': 0.09, 'FEAR': 7.36, 'HAPPY': 16.49, 'NEUTRAL': 17.53, 'SAD': 51.26, 'SURPRISE': 2.24}
2026-05-26 00:02:05,116 | INFO     | [524992] 🎯 KẾT QUẢ CHỐT: SAD (51.26%)
2026-05-26 00:02:05,116 | INFO     | [524992] ⏱️ Thời gian phản hồi: 122.42 ms
2026-05-26 00:02:05,118 | INFO     | [524992] ⏱️ Model inference: 120.81 ms
2026-05-26 00:02:05,118 | INFO     | [524992] 📊 Chi tiết dự đoán: {'ANGRY': 5.12, 'DISGUST': 0.11, 'FEAR': 6.91, 'HAPPY': 13.9, 'NEUTRAL': 18.12, 'SAD': 53.92, 'SURPRISE': 1.93}
2026-05-26 00:02:05,118 | INFO     | [524992] 🎯 KẾT QUẢ CHỐT: SAD (53.92%)
2026-05-26 00:02:05,119 | INFO     | [524992] ⏱️ Thời gian phản hồi: 126.23 ms
2026-05-26 00:02:05,129 | INFO     | [525129] ------------------------------------------
2026-05-26 00:02:05,129 | INFO     | [525129] 📥 NHẬN YÊU CẦU QUÉT KHUÔN MẶT MỚI
2026-05-26 00:02:05,129 | INFO     | [525129] Đã xử lý ảnh thành công. Kích thước tensor: (1, 48, 48, 1)
2026-05-26 00:02:05,186 | INFO     | [525129] ⏱️ Model inference: 56.21 ms
2026-05-26 00:02:05,186 | INFO     | [525129] 📊 Chi tiết dự đoán: {'ANGRY': 5.11, 'DISGUST': 0.09, 'FEAR': 6.48, 'HAPPY': 13.95, 'NEUTRAL': 21.06, 'SAD': 51.6, 'SURPRISE': 1.72}
2026-05-26 00:02:05,186 | INFO     | [525129] 🎯 KẾT QUẢ CHỐT: SAD (51.60%)
2026-05-26 00:02:05,186 | INFO     | [525129] ⏱️ Thời gian phản hồi: 56.21 ms
2026-05-26 00:02:05,330 | INFO     | [525330] ------------------------------------------
2026-05-26 00:02:05,330 | INFO     | [525330] 📥 NHẬN YÊU CẦU QUÉT KHUÔN MẶT MỚI
2026-05-26 00:02:05,331 | INFO     | [525330] Đã xử lý ảnh thành công. Kích thước tensor: (1, 48, 48, 1)
2026-05-26 00:02:05,385 | INFO     | [525330] ⏱️ Model inference: 53.51 ms
2026-05-26 00:02:05,386 | INFO     | [525330] 📊 Chi tiết dự đoán: {'ANGRY': 4.61, 'DISGUST': 0.08, 'FEAR': 6.42, 'HAPPY': 17.16, 'NEUTRAL': 20.51, 'SAD': 49.52, 'SURPRISE': 1.69}
2026-05-26 00:02:05,386 | INFO     | [525330] 🎯 KẾT QUẢ CHỐT: SAD (49.52%)
2026-05-26 00:02:05,386 | INFO     | [525330] ⏱️ Thời gian phản hồi: 56.3 ms
2026-05-26 00:02:05,967 | INFO     | [525967] ------------------------------------------
2026-05-26 00:02:05,967 | INFO     | [525967] 📥 NHẬN YÊU CẦU QUÉT KHUÔN MẶT MỚI
2026-05-26 00:02:05,969 | INFO     | [525969] ------------------------------------------
2026-05-26 00:02:05,969 | INFO     | [525969] 📥 NHẬN YÊU CẦU QUÉT KHUÔN MẶT MỚI
2026-05-26 00:02:05,969 | INFO     | [525967] Đã xử lý ảnh thành công. Kích thước tensor: (1, 48, 48, 1)
2026-05-26 00:02:05,971 | INFO     | [525969] Đã xử lý ảnh thành công. Kích thước tensor: (1, 48, 48, 1)
2026-05-26 00:02:06,028 | INFO     | [526028] ------------------------------------------
2026-05-26 00:02:06,028 | INFO     | [526028] 📥 NHẬN YÊU CẦU QUÉT KHUÔN MẶT MỚI
2026-05-26 00:02:06,031 | INFO     | [526028] Đã xử lý ảnh thành công. Kích thước tensor: (1, 48, 48, 1)
2026-05-26 00:02:06,066 | INFO     | [525969] ⏱️ Model inference: 94.58 ms
2026-05-26 00:02:06,068 | INFO     | [525969] 📊 Chi tiết dự đoán: {'ANGRY': 4.49, 'DISGUST': 0.08, 'FEAR': 5.73, 'HAPPY': 18.73, 'NEUTRAL': 21.33, 'SAD': 48.1, 'SURPRISE': 1.54}
2026-05-26 00:02:06,068 | INFO     | [525969] 🎯 KẾT QUẢ CHỐT: SAD (48.10%)
2026-05-26 00:02:06,068 | INFO     | [525969] ⏱️ Thời gian phản hồi: 98.17 ms
2026-05-26 00:02:06,071 | INFO     | [525967] ⏱️ Model inference: 101.35 ms
2026-05-26 00:02:06,071 | INFO     | [525967] 📊 Chi tiết dự đoán: {'ANGRY': 5.38, 'DISGUST': 0.11, 'FEAR': 7.28, 'HAPPY': 16.76, 'NEUTRAL': 16.73, 'SAD': 52.01, 'SURPRISE': 1.73}
2026-05-26 00:02:06,075 | INFO     | [525967] 🎯 KẾT QUẢ CHỐT: SAD (52.01%)
2026-05-26 00:02:06,075 | INFO     | [525967] ⏱️ Thời gian phản hồi: 103.69 ms
2026-05-26 00:02:06,113 | INFO     | [526028] ⏱️ Model inference: 81.07 ms
2026-05-26 00:02:06,114 | INFO     | [526028] 📊 Chi tiết dự đoán: {'ANGRY': 5.19, 'DISGUST': 0.1, 'FEAR': 6.65, 'HAPPY': 14.16, 'NEUTRAL': 19.26, 'SAD': 53.18, 'SURPRISE': 1.47}
2026-05-26 00:02:06,114 | INFO     | [526028] 🎯 KẾT QUẢ CHỐT: SAD (53.18%)
2026-05-26 00:02:06,115 | INFO     | [526028] ⏱️ Thời gian phản hồi: 85.38 ms
2026-05-26 00:02:06,231 | INFO     | [BATCH-526231] ==========================================
2026-05-26 00:02:06,232 | INFO     | [BATCH-526231] 🎞️ NHẬN CHUỖI 5 KHUNG HÌNH (BATCH)
2026-05-26 00:02:06,623 | INFO     | [BATCH-526231] ⏱️ Batch inference elapsed: 390.95 ms (5 frames)
2026-05-26 00:02:06,623 | INFO     | [BATCH-526231] ↳ Frame 1/5: SAD (51.6%)
2026-05-26 00:02:06,623 | INFO     | [BATCH-526231] ↳ Frame 2/5: SAD (49.5%)
2026-05-26 00:02:06,623 | INFO     | [BATCH-526231] ↳ Frame 3/5: SAD (48.1%)
2026-05-26 00:02:06,623 | INFO     | [BATCH-526231] ↳ Frame 4/5: SAD (52.0%)
2026-05-26 00:02:06,623 | INFO     | [BATCH-526231] ↳ Frame 5/5: SAD (53.2%)
2026-05-26 00:02:06,625 | INFO     | [BATCH-526231] 🎯 KẾT QUẢ CHUỖI: SAD (Tần suất: {'SAD': 5})
2026-05-26 00:02:06,625 | INFO     | [BATCH-526231] ⏱️ Tổng thời gian xử lý: 394.18 ms
2026-05-26 00:02:14,647 | INFO     | [534647] ------------------------------------------
2026-05-26 00:02:14,647 | INFO     | [534647] 📥 NHẬN YÊU CẦU QUÉT KHUÔN MẶT MỚI
2026-05-26 00:02:14,649 | INFO     | [534647] Đã xử lý ảnh thành công. Kích thước tensor: (1, 48, 48, 1)
2026-05-26 00:02:14,714 | INFO     | [534647] ⏱️ Model inference: 65.46 ms
2026-05-26 00:02:14,715 | INFO     | [534647] 📊 Chi tiết dự đoán: {'ANGRY': 5.93, 'DISGUST': 0.16, 'FEAR': 5.56, 'HAPPY': 11.08, 'NEUTRAL': 19.05, 'SAD': 56.57, 'SURPRISE': 1.66}
2026-05-26 00:02:14,715 | INFO     | [534647] 🎯 KẾT QUẢ CHỐT: SAD (56.57%)
2026-05-26 00:02:14,715 | INFO     | [534647] ⏱️ Thời gian phản hồi: 67.47 ms
2026-05-26 00:02:14,761 | INFO     | [534761] ------------------------------------------
2026-05-26 00:02:14,761 | INFO     | [534761] 📥 NHẬN YÊU CẦU QUÉT KHUÔN MẶT MỚI
2026-05-26 00:02:14,762 | INFO     | [534761] Đã xử lý ảnh thành công. Kích thước tensor: (1, 48, 48, 1)
2026-05-26 00:02:14,827 | INFO     | [534761] ⏱️ Model inference: 64.8 ms
2026-05-26 00:02:14,828 | INFO     | [534761] 📊 Chi tiết dự đoán: {'ANGRY': 6.43, 'DISGUST': 0.2, 'FEAR': 5.63, 'HAPPY': 13.41, 'NEUTRAL': 20.69, 'SAD': 51.28, 'SURPRISE': 2.36}
2026-05-26 00:02:14,828 | INFO     | [534761] 🎯 KẾT QUẢ CHỐT: SAD (51.28%)
2026-05-26 00:02:14,828 | INFO     | [534761] ⏱️ Thời gian phản hồi: 66.92 ms
2026-05-26 00:02:15,162 | INFO     | [535162] ------------------------------------------
2026-05-26 00:02:15,162 | INFO     | [535162] 📥 NHẬN YÊU CẦU QUÉT KHUÔN MẶT MỚI
2026-05-26 00:02:15,163 | INFO     | [535162] Đã xử lý ảnh thành công. Kích thước tensor: (1, 48, 48, 1)
2026-05-26 00:02:15,229 | INFO     | [535162] ⏱️ Model inference: 65.07 ms
2026-05-26 00:02:15,229 | INFO     | [535162] 📊 Chi tiết dự đoán: {'ANGRY': 5.68, 'DISGUST': 0.14, 'FEAR': 4.65, 'HAPPY': 17.56, 'NEUTRAL': 17.55, 'SAD': 52.93, 'SURPRISE': 1.48}
2026-05-26 00:02:15,229 | INFO     | [535162] 🎯 KẾT QUẢ CHỐT: SAD (52.93%)
2026-05-26 00:02:15,229 | INFO     | [535162] ⏱️ Thời gian phản hồi: 66.58 ms
2026-05-26 00:02:15,239 | INFO     | [535239] ------------------------------------------
2026-05-26 00:02:15,239 | INFO     | [535239] 📥 NHẬN YÊU CẦU QUÉT KHUÔN MẶT MỚI
2026-05-26 00:02:15,240 | INFO     | [535239] Đã xử lý ảnh thành công. Kích thước tensor: (1, 48, 48, 1)
2026-05-26 00:02:15,303 | INFO     | [535239] ⏱️ Model inference: 62.99 ms
2026-05-26 00:02:15,303 | INFO     | [535239] 📊 Chi tiết dự đoán: {'ANGRY': 6.54, 'DISGUST': 0.17, 'FEAR': 4.86, 'HAPPY': 18.51, 'NEUTRAL': 15.64, 'SAD': 52.29, 'SURPRISE': 2.0}
2026-05-26 00:02:15,303 | INFO     | [535239] 🎯 KẾT QUẢ CHỐT: SAD (52.29%)
2026-05-26 00:02:15,303 | INFO     | [535239] ⏱️ Thời gian phản hồi: 64.0 ms
2026-05-26 00:02:15,721 | INFO     | [535721] ------------------------------------------
2026-05-26 00:02:15,721 | INFO     | [535721] 📥 NHẬN YÊU CẦU QUÉT KHUÔN MẶT MỚI
2026-05-26 00:02:15,722 | INFO     | [535721] Đã xử lý ảnh thành công. Kích thước tensor: (1, 48, 48, 1)
2026-05-26 00:02:15,734 | INFO     | [535734] ------------------------------------------
2026-05-26 00:02:15,734 | INFO     | [535734] 📥 NHẬN YÊU CẦU QUÉT KHUÔN MẶT MỚI
2026-05-26 00:02:15,734 | INFO     | [535734] Đã xử lý ảnh thành công. Kích thước tensor: (1, 48, 48, 1)
2026-05-26 00:02:15,821 | INFO     | [535721] ⏱️ Model inference: 98.93 ms
2026-05-26 00:02:15,821 | INFO     | [535721] 📊 Chi tiết dự đoán: {'ANGRY': 5.2, 'DISGUST': 0.13, 'FEAR': 5.62, 'HAPPY': 14.84, 'NEUTRAL': 21.4, 'SAD': 50.36, 'SURPRISE': 2.45}
2026-05-26 00:02:15,822 | INFO     | [535721] 🎯 KẾT QUẢ CHỐT: SAD (50.36%)
2026-05-26 00:02:15,822 | INFO     | [535721] ⏱️ Thời gian phản hồi: 100.17 ms
2026-05-26 00:02:15,826 | INFO     | [535734] ⏱️ Model inference: 88.72 ms
2026-05-26 00:02:15,826 | INFO     | [535734] 📊 Chi tiết dự đoán: {'ANGRY': 4.97, 'DISGUST': 0.14, 'FEAR': 4.89, 'HAPPY': 10.56, 'NEUTRAL': 21.54, 'SAD': 56.55, 'SURPRISE': 1.35}
2026-05-26 00:02:15,826 | INFO     | [535734] 🎯 KẾT QUẢ CHỐT: SAD (56.55%)
2026-05-26 00:02:15,826 | INFO     | [535734] ⏱️ Thời gian phản hồi: 91.22 ms
2026-05-26 00:02:16,139 | INFO     | [536139] ------------------------------------------
2026-05-26 00:02:16,140 | INFO     | [536139] 📥 NHẬN YÊU CẦU QUÉT KHUÔN MẶT MỚI
2026-05-26 00:02:16,140 | INFO     | [536139] Đã xử lý ảnh thành công. Kích thước tensor: (1, 48, 48, 1)
2026-05-26 00:02:16,195 | INFO     | [536139] ⏱️ Model inference: 55.2 ms
2026-05-26 00:02:16,195 | INFO     | [536139] 📊 Chi tiết dự đoán: {'ANGRY': 5.76, 'DISGUST': 0.14, 'FEAR': 5.56, 'HAPPY': 13.11, 'NEUTRAL': 19.03, 'SAD': 54.7, 'SURPRISE': 1.69}
2026-05-26 00:02:16,197 | INFO     | [536139] 🎯 KẾT QUẢ CHỐT: SAD (54.70%)
2026-05-26 00:02:16,197 | INFO     | [536139] ⏱️ Thời gian phản hồi: 56.27 ms
2026-05-26 00:02:16,233 | INFO     | [536233] ------------------------------------------
2026-05-26 00:02:16,233 | INFO     | [536233] 📥 NHẬN YÊU CẦU QUÉT KHUÔN MẶT MỚI
2026-05-26 00:02:16,234 | INFO     | [536233] Đã xử lý ảnh thành công. Kích thước tensor: (1, 48, 48, 1)
2026-05-26 00:02:16,293 | INFO     | [536233] ⏱️ Model inference: 58.83 ms
2026-05-26 00:02:16,293 | INFO     | [536233] 📊 Chi tiết dự đoán: {'ANGRY': 5.53, 'DISGUST': 0.14, 'FEAR': 5.56, 'HAPPY': 12.41, 'NEUTRAL': 21.92, 'SAD': 52.63, 'SURPRISE': 1.81}
2026-05-26 00:02:16,293 | INFO     | [536233] 🎯 KẾT QUẢ CHỐT: SAD (52.63%)
2026-05-26 00:02:16,294 | INFO     | [536233] ⏱️ Thời gian phản hồi: 59.85 ms
2026-05-26 00:02:16,856 | INFO     | [536856] ------------------------------------------
2026-05-26 00:02:16,856 | INFO     | [536856] 📥 NHẬN YÊU CẦU QUÉT KHUÔN MẶT MỚI
2026-05-26 00:02:16,858 | INFO     | [536858] ------------------------------------------
2026-05-26 00:02:16,858 | INFO     | [536858] 📥 NHẬN YÊU CẦU QUÉT KHUÔN MẶT MỚI
2026-05-26 00:02:16,859 | INFO     | [536856] Đã xử lý ảnh thành công. Kích thước tensor: (1, 48, 48, 1)
2026-05-26 00:02:16,861 | INFO     | [536858] Đã xử lý ảnh thành công. Kích thước tensor: (1, 48, 48, 1)
2026-05-26 00:02:16,964 | INFO     | [536858] ⏱️ Model inference: 103.2 ms
2026-05-26 00:02:16,964 | INFO     | [536858] 📊 Chi tiết dự đoán: {'ANGRY': 5.49, 'DISGUST': 0.15, 'FEAR': 5.19, 'HAPPY': 12.91, 'NEUTRAL': 17.61, 'SAD': 57.24, 'SURPRISE': 1.41}
2026-05-26 00:02:16,964 | INFO     | [536858] 🎯 KẾT QUẢ CHỐT: SAD (57.24%)
2026-05-26 00:02:16,964 | INFO     | [536858] ⏱️ Thời gian phản hồi: 106.78 ms
2026-05-26 00:02:16,966 | INFO     | [536856] ⏱️ Model inference: 107.2 ms
2026-05-26 00:02:16,966 | INFO     | [536856] 📊 Chi tiết dự đoán: {'ANGRY': 5.09, 'DISGUST': 0.12, 'FEAR': 4.53, 'HAPPY': 11.75, 'NEUTRAL': 19.16, 'SAD': 58.13, 'SURPRISE': 1.22}
2026-05-26 00:02:16,966 | INFO     | [536856] 🎯 KẾT QUẢ CHỐT: SAD (58.13%)
2026-05-26 00:02:16,966 | INFO     | [536856] ⏱️ Thời gian phản hồi: 110.28 ms
2026-05-26 00:02:16,997 | INFO     | [536997] ------------------------------------------
2026-05-26 00:02:16,997 | INFO     | [536997] 📥 NHẬN YÊU CẦU QUÉT KHUÔN MẶT MỚI
2026-05-26 00:02:16,998 | INFO     | [536997] Đã xử lý ảnh thành công. Kích thước tensor: (1, 48, 48, 1)
2026-05-26 00:02:17,054 | INFO     | [536997] ⏱️ Model inference: 55.25 ms
2026-05-26 00:02:17,054 | INFO     | [536997] 📊 Chi tiết dự đoán: {'ANGRY': 5.57, 'DISGUST': 0.16, 'FEAR': 5.98, 'HAPPY': 13.84, 'NEUTRAL': 18.51, 'SAD': 54.39, 'SURPRISE': 1.56}
2026-05-26 00:02:17,054 | INFO     | [536997] 🎯 KẾT QUẢ CHỐT: SAD (54.39%)
2026-05-26 00:02:17,054 | INFO     | [536997] ⏱️ Thời gian phản hồi: 56.46 ms
2026-05-26 00:02:17,247 | INFO     | [537247] ------------------------------------------
2026-05-26 00:02:17,247 | INFO     | [537247] 📥 NHẬN YÊU CẦU QUÉT KHUÔN MẶT MỚI
2026-05-26 00:02:17,248 | INFO     | [537247] Đã xử lý ảnh thành công. Kích thước tensor: (1, 48, 48, 1)
2026-05-26 00:02:17,318 | INFO     | [537247] ⏱️ Model inference: 69.41 ms
2026-05-26 00:02:17,318 | INFO     | [537247] 📊 Chi tiết dự đoán: {'ANGRY': 7.28, 'DISGUST': 0.15, 'FEAR': 7.28, 'HAPPY': 19.67, 'NEUTRAL': 14.14, 'SAD': 49.37, 'SURPRISE': 2.11}
2026-05-26 00:02:17,318 | INFO     | [537247] 🎯 KẾT QUẢ CHỐT: SAD (49.37%)
2026-05-26 00:02:17,318 | INFO     | [537247] ⏱️ Thời gian phản hồi: 70.42 ms
2026-05-26 00:02:17,842 | INFO     | [537842] ------------------------------------------
2026-05-26 00:02:17,842 | INFO     | [537842] 📥 NHẬN YÊU CẦU QUÉT KHUÔN MẶT MỚI
2026-05-26 00:02:17,842 | INFO     | [537842] ------------------------------------------
2026-05-26 00:02:17,842 | INFO     | [537842] 📥 NHẬN YÊU CẦU QUÉT KHUÔN MẶT MỚI
2026-05-26 00:02:17,843 | INFO     | [537842] Đã xử lý ảnh thành công. Kích thước tensor: (1, 48, 48, 1)
2026-05-26 00:02:17,846 | INFO     | [537842] Đã xử lý ảnh thành công. Kích thước tensor: (1, 48, 48, 1)
2026-05-26 00:02:17,935 | INFO     | [537842] ⏱️ Model inference: 91.46 ms
2026-05-26 00:02:17,937 | INFO     | [537842] 📊 Chi tiết dự đoán: {'ANGRY': 17.01, 'DISGUST': 0.3, 'FEAR': 6.75, 'HAPPY': 35.98, 'NEUTRAL': 5.6, 'SAD': 31.16, 'SURPRISE': 3.2}
2026-05-26 00:02:17,937 | INFO     | [537842] 🎯 KẾT QUẢ CHỐT: HAPPY (35.98%)
2026-05-26 00:02:17,937 | INFO     | [537842] ⏱️ Thời gian phản hồi: 94.88 ms
2026-05-26 00:02:17,951 | INFO     | [537842] ⏱️ Model inference: 104.21 ms
2026-05-26 00:02:17,951 | INFO     | [537842] 📊 Chi tiết dự đoán: {'ANGRY': 16.17, 'DISGUST': 0.21, 'FEAR': 9.94, 'HAPPY': 24.59, 'NEUTRAL': 13.5, 'SAD': 29.73, 'SURPRISE': 5.87}
2026-05-26 00:02:17,951 | INFO     | [537842] 🎯 KẾT QUẢ CHỐT: SAD (29.73%)
2026-05-26 00:02:17,951 | INFO     | [537842] ⏱️ Thời gian phản hồi: 109.4 ms
2026-05-26 00:02:18,043 | INFO     | [538043] ------------------------------------------
2026-05-26 00:02:18,044 | INFO     | [538043] 📥 NHẬN YÊU CẦU QUÉT KHUÔN MẶT MỚI
2026-05-26 00:02:18,044 | INFO     | [538043] Đã xử lý ảnh thành công. Kích thước tensor: (1, 48, 48, 1)
2026-05-26 00:02:18,098 | INFO     | [538043] ⏱️ Model inference: 54.26 ms
2026-05-26 00:02:18,098 | INFO     | [538043] 📊 Chi tiết dự đoán: {'ANGRY': 10.51, 'DISGUST': 0.28, 'FEAR': 7.67, 'HAPPY': 32.0, 'NEUTRAL': 10.85, 'SAD': 33.94, 'SURPRISE': 4.75}
2026-05-26 00:02:18,098 | INFO     | [538043] 🎯 KẾT QUẢ CHỐT: SAD (33.94%)
2026-05-26 00:02:18,098 | INFO     | [538043] ⏱️ Thời gian phản hồi: 55.26 ms
2026-05-26 00:02:18,243 | INFO     | [538243] ------------------------------------------
2026-05-26 00:02:18,243 | INFO     | [538243] 📥 NHẬN YÊU CẦU QUÉT KHUÔN MẶT MỚI
2026-05-26 00:02:18,244 | INFO     | [538243] Đã xử lý ảnh thành công. Kích thước tensor: (1, 48, 48, 1)
2026-05-26 00:02:18,304 | INFO     | [538243] ⏱️ Model inference: 59.88 ms
2026-05-26 00:02:18,304 | INFO     | [538243] 📊 Chi tiết dự đoán: {'ANGRY': 12.69, 'DISGUST': 0.3, 'FEAR': 7.85, 'HAPPY': 32.24, 'NEUTRAL': 10.88, 'SAD': 31.22, 'SURPRISE': 4.83}
2026-05-26 00:02:18,304 | INFO     | [538243] 🎯 KẾT QUẢ CHỐT: HAPPY (32.24%)
2026-05-26 00:02:18,305 | INFO     | [538243] ⏱️ Thời gian phản hồi: 60.89 ms
2026-05-26 00:02:18,491 | INFO     | [538491] ------------------------------------------
2026-05-26 00:02:18,492 | INFO     | [538491] 📥 NHẬN YÊU CẦU QUÉT KHUÔN MẶT MỚI
2026-05-26 00:02:18,492 | INFO     | [538491] Đã xử lý ảnh thành công. Kích thước tensor: (1, 48, 48, 1)
2026-05-26 00:02:18,555 | INFO     | [538491] ⏱️ Model inference: 62.71 ms
2026-05-26 00:02:18,555 | INFO     | [538491] 📊 Chi tiết dự đoán: {'ANGRY': 10.18, 'DISGUST': 0.27, 'FEAR': 8.4, 'HAPPY': 26.51, 'NEUTRAL': 12.03, 'SAD': 38.5, 'SURPRISE': 4.11}
2026-05-26 00:02:18,555 | INFO     | [538491] 🎯 KẾT QUẢ CHỐT: SAD (38.50%)
2026-05-26 00:02:18,555 | INFO     | [538491] ⏱️ Thời gian phản hồi: 64.07 ms
2026-05-26 00:02:19,210 | INFO     | [539210] ------------------------------------------
2026-05-26 00:02:19,213 | INFO     | [539210] 📥 NHẬN YÊU CẦU QUÉT KHUÔN MẶT MỚI
2026-05-26 00:02:19,214 | INFO     | [539214] ------------------------------------------
2026-05-26 00:02:19,214 | INFO     | [539214] 📥 NHẬN YÊU CẦU QUÉT KHUÔN MẶT MỚI
2026-05-26 00:02:19,215 | INFO     | [539210] Đã xử lý ảnh thành công. Kích thước tensor: (1, 48, 48, 1)
2026-05-26 00:02:19,217 | INFO     | [539214] Đã xử lý ảnh thành công. Kích thước tensor: (1, 48, 48, 1)
2026-05-26 00:02:19,233 | INFO     | [539233] ------------------------------------------
2026-05-26 00:02:19,235 | INFO     | [539233] 📥 NHẬN YÊU CẦU QUÉT KHUÔN MẶT MỚI
2026-05-26 00:02:19,241 | INFO     | [539233] Đã xử lý ảnh thành công. Kích thước tensor: (1, 48, 48, 1)
2026-05-26 00:02:19,336 | INFO     | [539214] ⏱️ Model inference: 118.47 ms
2026-05-26 00:02:19,336 | INFO     | [539214] 📊 Chi tiết dự đoán: {'ANGRY': 9.07, 'DISGUST': 0.26, 'FEAR': 5.47, 'HAPPY': 33.59, 'NEUTRAL': 15.95, 'SAD': 33.59, 'SURPRISE': 2.07}
2026-05-26 00:02:19,336 | INFO     | [539214] 🎯 KẾT QUẢ CHỐT: SAD (33.59%)
2026-05-26 00:02:19,337 | INFO     | [539214] ⏱️ Thời gian phản hồi: 122.11 ms
2026-05-26 00:02:19,341 | INFO     | [539210] ⏱️ Model inference: 125.57 ms
2026-05-26 00:02:19,342 | INFO     | [539210] 📊 Chi tiết dự đoán: {'ANGRY': 6.93, 'DISGUST': 0.19, 'FEAR': 5.55, 'HAPPY': 28.9, 'NEUTRAL': 20.86, 'SAD': 35.77, 'SURPRISE': 1.79}
2026-05-26 00:02:19,342 | INFO     | [539210] 🎯 KẾT QUẢ CHỐT: SAD (35.77%)
2026-05-26 00:02:19,342 | INFO     | [539210] ⏱️ Thời gian phản hồi: 132.6 ms
2026-05-26 00:02:19,353 | INFO     | [539233] ⏱️ Model inference: 110.61 ms
2026-05-26 00:02:19,354 | INFO     | [539233] 📊 Chi tiết dự đoán: {'ANGRY': 11.22, 'DISGUST': 0.23, 'FEAR': 5.44, 'HAPPY': 46.04, 'NEUTRAL': 11.4, 'SAD': 23.31, 'SURPRISE': 2.36}
2026-05-26 00:02:19,354 | INFO     | [539233] 🎯 KẾT QUẢ CHỐT: HAPPY (46.04%)
2026-05-26 00:02:19,354 | INFO     | [539233] ⏱️ Thời gian phản hồi: 120.33 ms
2026-05-26 00:02:19,489 | INFO     | [539489] ------------------------------------------
2026-05-26 00:02:19,489 | INFO     | [539489] 📥 NHẬN YÊU CẦU QUÉT KHUÔN MẶT MỚI
2026-05-26 00:02:19,489 | INFO     | [539489] Đã xử lý ảnh thành công. Kích thước tensor: (1, 48, 48, 1)
2026-05-26 00:02:19,553 | INFO     | [539489] ⏱️ Model inference: 62.38 ms
2026-05-26 00:02:19,554 | INFO     | [539489] 📊 Chi tiết dự đoán: {'ANGRY': 15.78, 'DISGUST': 0.44, 'FEAR': 3.85, 'HAPPY': 38.15, 'NEUTRAL': 15.24, 'SAD': 24.51, 'SURPRISE': 2.03}
2026-05-26 00:02:19,554 | INFO     | [539489] 🎯 KẾT QUẢ CHỐT: HAPPY (38.15%)
2026-05-26 00:02:19,554 | INFO     | [539489] ⏱️ Thời gian phản hồi: 63.71 ms
2026-05-26 00:02:20,189 | INFO     | [540189] ------------------------------------------
2026-05-26 00:02:20,190 | INFO     | [540189] 📥 NHẬN YÊU CẦU QUÉT KHUÔN MẶT MỚI
2026-05-26 00:02:20,190 | INFO     | [540190] ------------------------------------------
2026-05-26 00:02:20,190 | INFO     | [540190] 📥 NHẬN YÊU CẦU QUÉT KHUÔN MẶT MỚI
2026-05-26 00:02:20,191 | INFO     | [540189] Đã xử lý ảnh thành công. Kích thước tensor: (1, 48, 48, 1)
2026-05-26 00:02:20,193 | INFO     | [540190] Đã xử lý ảnh thành công. Kích thước tensor: (1, 48, 48, 1)
2026-05-26 00:02:20,236 | INFO     | [540236] ------------------------------------------
2026-05-26 00:02:20,238 | INFO     | [540236] 📥 NHẬN YÊU CẦU QUÉT KHUÔN MẶT MỚI
2026-05-26 00:02:20,242 | INFO     | [540236] Đã xử lý ảnh thành công. Kích thước tensor: (1, 48, 48, 1)
2026-05-26 00:02:20,297 | INFO     | [540189] ⏱️ Model inference: 105.64 ms
2026-05-26 00:02:20,297 | INFO     | [540189] 📊 Chi tiết dự đoán: {'ANGRY': 9.59, 'DISGUST': 0.3, 'FEAR': 6.01, 'HAPPY': 24.5, 'NEUTRAL': 19.61, 'SAD': 36.71, 'SURPRISE': 3.28}
2026-05-26 00:02:20,298 | INFO     | [540189] 🎯 KẾT QUẢ CHỐT: SAD (36.71%)
2026-05-26 00:02:20,298 | INFO     | [540189] ⏱️ Thời gian phản hồi: 107.64 ms
2026-05-26 00:02:20,316 | INFO     | [540190] ⏱️ Model inference: 122.36 ms
2026-05-26 00:02:20,318 | INFO     | [540190] 📊 Chi tiết dự đoán: {'ANGRY': 11.51, 'DISGUST': 0.37, 'FEAR': 4.66, 'HAPPY': 30.55, 'NEUTRAL': 17.36, 'SAD': 31.96, 'SURPRISE': 3.59}
2026-05-26 00:02:20,318 | INFO     | [540190] 🎯 KẾT QUẢ CHỐT: SAD (31.96%)
2026-05-26 00:02:20,318 | INFO     | [540190] ⏱️ Thời gian phản hồi: 127.72 ms
2026-05-26 00:02:20,325 | INFO     | [540236] ⏱️ Model inference: 82.62 ms
2026-05-26 00:02:20,325 | INFO     | [540236] 📊 Chi tiết dự đoán: {'ANGRY': 12.0, 'DISGUST': 0.31, 'FEAR': 7.35, 'HAPPY': 18.82, 'NEUTRAL': 15.59, 'SAD': 41.95, 'SURPRISE': 3.97}
2026-05-26 00:02:20,325 | INFO     | [540236] 🎯 KẾT QUẢ CHỐT: SAD (41.95%)
2026-05-26 00:02:20,326 | INFO     | [540236] ⏱️ Thời gian phản hồi: 89.4 ms
2026-05-26 00:02:20,485 | INFO     | [540485] ------------------------------------------
2026-05-26 00:02:20,486 | INFO     | [540485] 📥 NHẬN YÊU CẦU QUÉT KHUÔN MẶT MỚI
2026-05-26 00:02:20,486 | INFO     | [540485] Đã xử lý ảnh thành công. Kích thước tensor: (1, 48, 48, 1)
2026-05-26 00:02:20,549 | INFO     | [540485] ⏱️ Model inference: 62.61 ms
2026-05-26 00:02:20,549 | INFO     | [540485] 📊 Chi tiết dự đoán: {'ANGRY': 13.0, 'DISGUST': 0.26, 'FEAR': 6.75, 'HAPPY': 30.84, 'NEUTRAL': 14.04, 'SAD': 31.38, 'SURPRISE': 3.74}
2026-05-26 00:02:20,550 | INFO     | [540485] 🎯 KẾT QUẢ CHỐT: SAD (31.38%)
2026-05-26 00:02:20,550 | INFO     | [540485] ⏱️ Thời gian phản hồi: 63.63 ms
2026-05-26 00:02:20,950 | INFO     | [540950] ------------------------------------------
2026-05-26 00:02:20,952 | INFO     | [540950] 📥 NHẬN YÊU CẦU QUÉT KHUÔN MẶT MỚI
2026-05-26 00:02:20,952 | INFO     | [540950] Đã xử lý ảnh thành công. Kích thước tensor: (1, 48, 48, 1)
2026-05-26 00:02:21,006 | INFO     | [540950] ⏱️ Model inference: 54.71 ms
2026-05-26 00:02:21,008 | INFO     | [540950] 📊 Chi tiết dự đoán: {'ANGRY': 12.14, 'DISGUST': 0.28, 'FEAR': 5.84, 'HAPPY': 45.33, 'NEUTRAL': 11.78, 'SAD': 21.48, 'SURPRISE': 3.16}
2026-05-26 00:02:21,008 | INFO     | [540950] 🎯 KẾT QUẢ CHỐT: HAPPY (45.33%)
2026-05-26 00:02:21,008 | INFO     | [540950] ⏱️ Thời gian phản hồi: 57.37 ms
2026-05-26 00:02:21,028 | INFO     | [541028] ------------------------------------------
2026-05-26 00:02:21,029 | INFO     | [541028] 📥 NHẬN YÊU CẦU QUÉT KHUÔN MẶT MỚI
2026-05-26 00:02:21,029 | INFO     | [541028] Đã xử lý ảnh thành công. Kích thước tensor: (1, 48, 48, 1)
2026-05-26 00:02:21,086 | INFO     | [541028] ⏱️ Model inference: 56.93 ms
2026-05-26 00:02:21,087 | INFO     | [541028] 📊 Chi tiết dự đoán: {'ANGRY': 10.1, 'DISGUST': 0.22, 'FEAR': 5.5, 'HAPPY': 40.02, 'NEUTRAL': 14.12, 'SAD': 27.79, 'SURPRISE': 2.24}
2026-05-26 00:02:21,087 | INFO     | [541028] 🎯 KẾT QUẢ CHỐT: HAPPY (40.02%)
2026-05-26 00:02:21,087 | INFO     | [541028] ⏱️ Thời gian phản hồi: 59.24 ms
2026-05-26 00:02:21,247 | INFO     | [541247] ------------------------------------------
2026-05-26 00:02:21,247 | INFO     | [541247] 📥 NHẬN YÊU CẦU QUÉT KHUÔN MẶT MỚI
2026-05-26 00:02:21,248 | INFO     | [541247] Đã xử lý ảnh thành công. Kích thước tensor: (1, 48, 48, 1)
2026-05-26 00:02:21,310 | INFO     | [541247] ⏱️ Model inference: 61.67 ms
2026-05-26 00:02:21,311 | INFO     | [541247] 📊 Chi tiết dự đoán: {'ANGRY': 8.97, 'DISGUST': 0.2, 'FEAR': 3.8, 'HAPPY': 50.76, 'NEUTRAL': 13.35, 'SAD': 21.47, 'SURPRISE': 1.45}
2026-05-26 00:02:21,311 | INFO     | [541247] 🎯 KẾT QUẢ CHỐT: HAPPY (50.76%)
2026-05-26 00:02:21,311 | INFO     | [541247] ⏱️ Thời gian phản hồi: 63.77 ms
2026-05-26 00:02:22,182 | INFO     | [542182] ------------------------------------------
2026-05-26 00:02:22,182 | INFO     | [542182] 📥 NHẬN YÊU CẦU QUÉT KHUÔN MẶT MỚI
2026-05-26 00:02:22,183 | INFO     | [542183] ------------------------------------------
2026-05-26 00:02:22,183 | INFO     | [542183] 📥 NHẬN YÊU CẦU QUÉT KHUÔN MẶT MỚI
2026-05-26 00:02:22,183 | INFO     | [542183] ------------------------------------------
2026-05-26 00:02:22,183 | INFO     | [542183] 📥 NHẬN YÊU CẦU QUÉT KHUÔN MẶT MỚI
2026-05-26 00:02:22,184 | INFO     | [542182] Đã xử lý ảnh thành công. Kích thước tensor: (1, 48, 48, 1)
2026-05-26 00:02:22,186 | INFO     | [542183] Đã xử lý ảnh thành công. Kích thước tensor: (1, 48, 48, 1)
2026-05-26 00:02:22,190 | INFO     | [542183] Đã xử lý ảnh thành công. Kích thước tensor: (1, 48, 48, 1)
2026-05-26 00:02:22,321 | INFO     | [542182] ⏱️ Model inference: 136.77 ms
2026-05-26 00:02:22,323 | INFO     | [542182] 📊 Chi tiết dự đoán: {'ANGRY': 9.98, 'DISGUST': 0.23, 'FEAR': 5.29, 'HAPPY': 42.71, 'NEUTRAL': 15.83, 'SAD': 24.42, 'SURPRISE': 1.53}
2026-05-26 00:02:22,323 | INFO     | [542182] 🎯 KẾT QUẢ CHỐT: HAPPY (42.71%)
2026-05-26 00:02:22,324 | INFO     | [542182] ⏱️ Thời gian phản hồi: 140.7 ms
2026-05-26 00:02:22,325 | INFO     | [542183] ⏱️ Model inference: 131.34 ms
2026-05-26 00:02:22,325 | INFO     | [542183] 📊 Chi tiết dự đoán: {'ANGRY': 11.11, 'DISGUST': 0.39, 'FEAR': 6.04, 'HAPPY': 27.98, 'NEUTRAL': 19.75, 'SAD': 33.1, 'SURPRISE': 1.63}
2026-05-26 00:02:22,325 | INFO     | [542183] 🎯 KẾT QUẢ CHỐT: SAD (33.10%)
2026-05-26 00:02:22,325 | INFO     | [542183] ⏱️ Thời gian phản hồi: 141.2 ms
2026-05-26 00:02:22,326 | INFO     | [542183] ⏱️ Model inference: 138.19 ms
2026-05-26 00:02:22,327 | INFO     | [542183] 📊 Chi tiết dự đoán: {'ANGRY': 7.58, 'DISGUST': 0.23, 'FEAR': 4.3, 'HAPPY': 47.3, 'NEUTRAL': 15.48, 'SAD': 23.15, 'SURPRISE': 1.95}
2026-05-26 00:02:22,327 | INFO     | [542183] 🎯 KẾT QUẢ CHỐT: HAPPY (47.30%)
2026-05-26 00:02:22,327 | INFO     | [542183] ⏱️ Thời gian phản hồi: 143.33 ms
2026-05-26 00:02:22,335 | INFO     | [542335] ------------------------------------------
2026-05-26 00:02:22,335 | INFO     | [542335] 📥 NHẬN YÊU CẦU QUÉT KHUÔN MẶT MỚI
2026-05-26 00:02:22,336 | INFO     | [542335] Đã xử lý ảnh thành công. Kích thước tensor: (1, 48, 48, 1)
2026-05-26 00:02:22,402 | INFO     | [542335] ⏱️ Model inference: 66.36 ms
2026-05-26 00:02:22,404 | INFO     | [542335] 📊 Chi tiết dự đoán: {'ANGRY': 11.0, 'DISGUST': 0.1, 'FEAR': 7.15, 'HAPPY': 22.21, 'NEUTRAL': 23.23, 'SAD': 32.92, 'SURPRISE': 3.39}
2026-05-26 00:02:22,404 | INFO     | [542335] 🎯 KẾT QUẢ CHỐT: SAD (32.92%)
2026-05-26 00:02:22,404 | INFO     | [542335] ⏱️ Thời gian phản hồi: 68.45 ms
2026-05-26 00:02:23,203 | INFO     | [543203] ------------------------------------------
2026-05-26 00:02:23,204 | INFO     | [543203] 📥 NHẬN YÊU CẦU QUÉT KHUÔN MẶT MỚI
2026-05-26 00:02:23,204 | INFO     | [543204] ------------------------------------------
2026-05-26 00:02:23,204 | INFO     | [543204] 📥 NHẬN YÊU CẦU QUÉT KHUÔN MẶT MỚI
2026-05-26 00:02:23,205 | INFO     | [543205] ------------------------------------------
2026-05-26 00:02:23,205 | INFO     | [543205] 📥 NHẬN YÊU CẦU QUÉT KHUÔN MẶT MỚI
2026-05-26 00:02:23,206 | INFO     | [543203] Đã xử lý ảnh thành công. Kích thước tensor: (1, 48, 48, 1)
2026-05-26 00:02:23,207 | INFO     | [543204] Đã xử lý ảnh thành công. Kích thước tensor: (1, 48, 48, 1)
2026-05-26 00:02:23,212 | INFO     | [543205] Đã xử lý ảnh thành công. Kích thước tensor: (1, 48, 48, 1)
2026-05-26 00:02:23,305 | INFO     | [543203] ⏱️ Model inference: 99.29 ms
2026-05-26 00:02:23,305 | INFO     | [543203] 📊 Chi tiết dự đoán: {'ANGRY': 11.51, 'DISGUST': 0.12, 'FEAR': 6.87, 'HAPPY': 11.96, 'NEUTRAL': 31.39, 'SAD': 34.75, 'SURPRISE': 3.4}
2026-05-26 00:02:23,305 | INFO     | [543203] 🎯 KẾT QUẢ CHỐT: SAD (34.75%)
2026-05-26 00:02:23,306 | INFO     | [543203] ⏱️ Thời gian phản hồi: 102.44 ms
2026-05-26 00:02:23,320 | INFO     | [543205] ⏱️ Model inference: 104.15 ms
2026-05-26 00:02:23,320 | INFO     | [543205] 📊 Chi tiết dự đoán: {'ANGRY': 7.49, 'DISGUST': 0.09, 'FEAR': 8.36, 'HAPPY': 14.0, 'NEUTRAL': 21.25, 'SAD': 43.02, 'SURPRISE': 5.79}
2026-05-26 00:02:23,321 | INFO     | [543205] 🎯 KẾT QUẢ CHỐT: SAD (43.02%)
2026-05-26 00:02:23,321 | INFO     | [543205] ⏱️ Thời gian phản hồi: 114.98 ms
2026-05-26 00:02:23,327 | INFO     | [543327] ------------------------------------------
2026-05-26 00:02:23,328 | INFO     | [543327] 📥 NHẬN YÊU CẦU QUÉT KHUÔN MẶT MỚI
2026-05-26 00:02:23,328 | INFO     | [543327] Đã xử lý ảnh thành công. Kích thước tensor: (1, 48, 48, 1)
2026-05-26 00:02:23,355 | INFO     | [543204] ⏱️ Model inference: 146.12 ms
2026-05-26 00:02:23,355 | INFO     | [543204] 📊 Chi tiết dự đoán: {'ANGRY': 9.28, 'DISGUST': 0.06, 'FEAR': 8.84, 'HAPPY': 20.19, 'NEUTRAL': 23.15, 'SAD': 34.85, 'SURPRISE': 3.64}
2026-05-26 00:02:23,355 | INFO     | [543204] 🎯 KẾT QUẢ CHỐT: SAD (34.85%)
2026-05-26 00:02:23,355 | INFO     | [543204] ⏱️ Thời gian phản hồi: 151.64 ms
2026-05-26 00:02:23,398 | INFO     | [543327] ⏱️ Model inference: 69.93 ms
2026-05-26 00:02:23,399 | INFO     | [543327] 📊 Chi tiết dự đoán: {'ANGRY': 9.51, 'DISGUST': 0.24, 'FEAR': 4.24, 'HAPPY': 41.46, 'NEUTRAL': 19.5, 'SAD': 23.31, 'SURPRISE': 1.74}
2026-05-26 00:02:23,399 | INFO     | [543327] 🎯 KẾT QUẢ CHỐT: HAPPY (41.46%)
2026-05-26 00:02:23,399 | INFO     | [543327] ⏱️ Thời gian phản hồi: 71.94 ms
2026-05-26 00:02:24,181 | INFO     | [544181] ------------------------------------------
2026-05-26 00:02:24,182 | INFO     | [544181] 📥 NHẬN YÊU CẦU QUÉT KHUÔN MẶT MỚI
2026-05-26 00:02:24,182 | INFO     | [544182] ------------------------------------------
2026-05-26 00:02:24,182 | INFO     | [544182] 📥 NHẬN YÊU CẦU QUÉT KHUÔN MẶT MỚI
2026-05-26 00:02:24,182 | INFO     | [544182] ------------------------------------------
2026-05-26 00:02:24,184 | INFO     | [544182] 📥 NHẬN YÊU CẦU QUÉT KHUÔN MẶT MỚI
2026-05-26 00:02:24,184 | INFO     | [544181] Đã xử lý ảnh thành công. Kích thước tensor: (1, 48, 48, 1)
2026-05-26 00:02:24,186 | INFO     | [544182] Đã xử lý ảnh thành công. Kích thước tensor: (1, 48, 48, 1)
2026-05-26 00:02:24,190 | INFO     | [544182] Đã xử lý ảnh thành công. Kích thước tensor: (1, 48, 48, 1)
2026-05-26 00:02:24,305 | INFO     | [544182] ⏱️ Model inference: 117.15 ms
2026-05-26 00:02:24,306 | INFO     | [544182] 📊 Chi tiết dự đoán: {'ANGRY': 10.09, 'DISGUST': 0.34, 'FEAR': 6.35, 'HAPPY': 29.32, 'NEUTRAL': 19.69, 'SAD': 31.27, 'SURPRISE': 2.94}
2026-05-26 00:02:24,306 | INFO     | [544182] 🎯 KẾT QUẢ CHỐT: SAD (31.27%)
2026-05-26 00:02:24,306 | INFO     | [544182] ⏱️ Thời gian phản hồi: 123.63 ms
2026-05-26 00:02:24,316 | INFO     | [544181] ⏱️ Model inference: 132.23 ms
2026-05-26 00:02:24,317 | INFO     | [544181] 📊 Chi tiết dự đoán: {'ANGRY': 13.28, 'DISGUST': 0.31, 'FEAR': 6.51, 'HAPPY': 39.02, 'NEUTRAL': 14.68, 'SAD': 22.87, 'SURPRISE': 3.33}
2026-05-26 00:02:24,317 | INFO     | [544181] 🎯 KẾT QUẢ CHỐT: HAPPY (39.02%)
2026-05-26 00:02:24,317 | INFO     | [544181] ⏱️ Thời gian phản hồi: 136.01 ms
2026-05-26 00:02:24,319 | INFO     | [544182] ⏱️ Model inference: 127.48 ms
2026-05-26 00:02:24,319 | INFO     | [544182] 📊 Chi tiết dự đoán: {'ANGRY': 11.93, 'DISGUST': 0.34, 'FEAR': 4.92, 'HAPPY': 32.44, 'NEUTRAL': 19.32, 'SAD': 28.5, 'SURPRISE': 2.55}
2026-05-26 00:02:24,319 | INFO     | [544182] 🎯 KẾT QUẢ CHỐT: HAPPY (32.44%)
2026-05-26 00:02:24,319 | INFO     | [544182] ⏱️ Thời gian phản hồi: 136.48 ms
2026-05-26 00:02:24,321 | INFO     | [544321] ------------------------------------------
2026-05-26 00:02:24,322 | INFO     | [544321] 📥 NHẬN YÊU CẦU QUÉT KHUÔN MẶT MỚI
2026-05-26 00:02:24,322 | INFO     | [544321] Đã xử lý ảnh thành công. Kích thước tensor: (1, 48, 48, 1)
2026-05-26 00:02:24,388 | INFO     | [544321] ⏱️ Model inference: 65.14 ms
2026-05-26 00:02:24,388 | INFO     | [544321] 📊 Chi tiết dự đoán: {'ANGRY': 11.63, 'DISGUST': 0.25, 'FEAR': 7.74, 'HAPPY': 39.41, 'NEUTRAL': 14.25, 'SAD': 23.21, 'SURPRISE': 3.51}
2026-05-26 00:02:24,388 | INFO     | [544321] 🎯 KẾT QUẢ CHỐT: HAPPY (39.41%)
2026-05-26 00:02:24,388 | INFO     | [544321] ⏱️ Thời gian phản hồi: 67.58 ms
2026-05-26 00:02:24,431 | INFO     | [BATCH-544431] ==========================================
2026-05-26 00:02:24,432 | INFO     | [BATCH-544431] 🎞️ NHẬN CHUỖI 5 KHUNG HÌNH (BATCH)
2026-05-26 00:02:25,037 | INFO     | [BATCH-544431] ⏱️ Batch inference elapsed: 605.4 ms (5 frames)
2026-05-26 00:02:25,038 | INFO     | [BATCH-544431] ↳ Frame 1/5: HAPPY (41.5%)
2026-05-26 00:02:25,039 | INFO     | [BATCH-544431] ↳ Frame 2/5: SAD (31.3%)
2026-05-26 00:02:25,039 | INFO     | [BATCH-544431] ↳ Frame 3/5: HAPPY (32.4%)
2026-05-26 00:02:25,040 | INFO     | [BATCH-544431] ↳ Frame 4/5: HAPPY (39.0%)
2026-05-26 00:02:25,040 | INFO     | [BATCH-544431] ↳ Frame 5/5: HAPPY (39.4%)
2026-05-26 00:02:25,040 | INFO     | [BATCH-544431] 🎯 KẾT QUẢ CHUỖI: HAPPY (Tần suất: {'HAPPY': 4, 'SAD': 1})
2026-05-26 00:02:25,040 | INFO     | [BATCH-544431] ⏱️ Tổng thời gian xử lý: 608.94 ms
2026-05-26 00:02:42,763 | INFO     | [562763] ------------------------------------------
2026-05-26 00:02:42,764 | INFO     | [562763] 📥 NHẬN YÊU CẦU QUÉT KHUÔN MẶT MỚI
2026-05-26 00:02:42,764 | INFO     | [562764] ------------------------------------------
2026-05-26 00:02:42,764 | INFO     | [562764] 📥 NHẬN YÊU CẦU QUÉT KHUÔN MẶT MỚI
2026-05-26 00:02:42,768 | INFO     | [562768] ------------------------------------------
2026-05-26 00:02:42,768 | INFO     | [562768] 📥 NHẬN YÊU CẦU QUÉT KHUÔN MẶT MỚI
2026-05-26 00:02:42,769 | INFO     | [562763] Đã xử lý ảnh thành công. Kích thước tensor: (1, 48, 48, 1)
2026-05-26 00:02:42,771 | INFO     | [562764] Đã xử lý ảnh thành công. Kích thước tensor: (1, 48, 48, 1)
2026-05-26 00:02:42,776 | INFO     | [562768] Đã xử lý ảnh thành công. Kích thước tensor: (1, 48, 48, 1)
2026-05-26 00:02:42,895 | INFO     | [562763] ⏱️ Model inference: 125.75 ms
2026-05-26 00:02:42,896 | INFO     | [562763] 📊 Chi tiết dự đoán: {'ANGRY': 8.76, 'DISGUST': 0.27, 'FEAR': 8.76, 'HAPPY': 27.12, 'NEUTRAL': 17.55, 'SAD': 35.42, 'SURPRISE': 2.12}
2026-05-26 00:02:42,896 | INFO     | [562763] 🎯 KẾT QUẢ CHỐT: SAD (35.42%)
2026-05-26 00:02:42,896 | INFO     | [562763] ⏱️ Thời gian phản hồi: 133.21 ms
2026-05-26 00:02:42,904 | INFO     | [562764] ⏱️ Model inference: 133.31 ms
2026-05-26 00:02:42,905 | INFO     | [562764] 📊 Chi tiết dự đoán: {'ANGRY': 12.09, 'DISGUST': 0.25, 'FEAR': 9.62, 'HAPPY': 28.28, 'NEUTRAL': 16.62, 'SAD': 31.56, 'SURPRISE': 1.59}
2026-05-26 00:02:42,906 | INFO     | [562764] 🎯 KẾT QUẢ CHỐT: SAD (31.56%)
2026-05-26 00:02:42,906 | INFO     | [562764] ⏱️ Thời gian phản hồi: 141.02 ms
2026-05-26 00:02:42,909 | INFO     | [562768] ⏱️ Model inference: 129.8 ms
2026-05-26 00:02:42,909 | INFO     | [562768] 📊 Chi tiết dự đoán: {'ANGRY': 7.85, 'DISGUST': 0.18, 'FEAR': 9.09, 'HAPPY': 28.82, 'NEUTRAL': 16.84, 'SAD': 35.46, 'SURPRISE': 1.75}
2026-05-26 00:02:42,909 | INFO     | [562768] 🎯 KẾT QUẢ CHỐT: SAD (35.46%)
2026-05-26 00:02:42,909 | INFO     | [562768] ⏱️ Thời gian phản hồi: 140.74 ms
2026-05-26 00:02:42,911 | INFO     | [562911] ------------------------------------------
2026-05-26 00:02:42,911 | INFO     | [562911] 📥 NHẬN YÊU CẦU QUÉT KHUÔN MẶT MỚI
2026-05-26 00:02:42,912 | INFO     | [562911] Đã xử lý ảnh thành công. Kích thước tensor: (1, 48, 48, 1)
2026-05-26 00:02:42,971 | INFO     | [562911] ⏱️ Model inference: 57.91 ms
2026-05-26 00:02:42,971 | INFO     | [562911] 📊 Chi tiết dự đoán: {'ANGRY': 5.37, 'DISGUST': 0.11, 'FEAR': 7.44, 'HAPPY': 32.43, 'NEUTRAL': 18.75, 'SAD': 34.19, 'SURPRISE': 1.71}
2026-05-26 00:02:42,971 | INFO     | [562911] 🎯 KẾT QUẢ CHỐT: SAD (34.19%)
2026-05-26 00:02:42,971 | INFO     | [562911] ⏱️ Thời gian phản hồi: 60.35 ms
2026-05-26 00:02:43,250 | INFO     | [563250] ------------------------------------------
2026-05-26 00:02:43,250 | INFO     | [563250] 📥 NHẬN YÊU CẦU QUÉT KHUÔN MẶT MỚI
2026-05-26 00:02:43,251 | INFO     | [563250] Đã xử lý ảnh thành công. Kích thước tensor: (1, 48, 48, 1)
2026-05-26 00:02:43,311 | INFO     | [563311] ------------------------------------------
2026-05-26 00:02:43,311 | INFO     | [563311] 📥 NHẬN YÊU CẦU QUÉT KHUÔN MẶT MỚI
2026-05-26 00:02:43,312 | INFO     | [563311] Đã xử lý ảnh thành công. Kích thước tensor: (1, 48, 48, 1)
2026-05-26 00:02:43,324 | INFO     | [563250] ⏱️ Model inference: 73.39 ms
2026-05-26 00:02:43,325 | INFO     | [563250] 📊 Chi tiết dự đoán: {'ANGRY': 4.64, 'DISGUST': 0.12, 'FEAR': 7.75, 'HAPPY': 23.13, 'NEUTRAL': 21.4, 'SAD': 41.25, 'SURPRISE': 1.71}
2026-05-26 00:02:43,325 | INFO     | [563250] 🎯 KẾT QUẢ CHỐT: SAD (41.25%)
2026-05-26 00:02:43,325 | INFO     | [563250] ⏱️ Thời gian phản hồi: 75.4 ms
2026-05-26 00:02:43,382 | INFO     | [563311] ⏱️ Model inference: 69.69 ms
2026-05-26 00:02:43,383 | INFO     | [563311] 📊 Chi tiết dự đoán: {'ANGRY': 7.47, 'DISGUST': 0.23, 'FEAR': 6.68, 'HAPPY': 37.78, 'NEUTRAL': 12.46, 'SAD': 34.02, 'SURPRISE': 1.36}
2026-05-26 00:02:43,383 | INFO     | [563311] 🎯 KẾT QUẢ CHỐT: HAPPY (37.78%)
2026-05-26 00:02:43,383 | INFO     | [563311] ⏱️ Thời gian phản hồi: 72.15 ms
2026-05-26 00:02:43,541 | INFO     | [563541] ------------------------------------------
2026-05-26 00:02:43,543 | INFO     | [563541] 📥 NHẬN YÊU CẦU QUÉT KHUÔN MẶT MỚI
2026-05-26 00:02:43,543 | INFO     | [563541] Đã xử lý ảnh thành công. Kích thước tensor: (1, 48, 48, 1)
2026-05-26 00:02:43,606 | INFO     | [563541] ⏱️ Model inference: 63.27 ms
2026-05-26 00:02:43,606 | INFO     | [563541] 📊 Chi tiết dự đoán: {'ANGRY': 6.45, 'DISGUST': 0.15, 'FEAR': 5.84, 'HAPPY': 50.47, 'NEUTRAL': 12.67, 'SAD': 22.97, 'SURPRISE': 1.45}
2026-05-26 00:02:43,606 | INFO     | [563541] 🎯 KẾT QUẢ CHỐT: HAPPY (50.47%)
2026-05-26 00:02:43,606 | INFO     | [563541] ⏱️ Thời gian phản hồi: 65.09 ms
2026-05-26 00:02:43,790 | INFO     | [563790] ------------------------------------------
2026-05-26 00:02:43,791 | INFO     | [563790] 📥 NHẬN YÊU CẦU QUÉT KHUÔN MẶT MỚI
2026-05-26 00:02:43,791 | INFO     | [563790] Đã xử lý ảnh thành công. Kích thước tensor: (1, 48, 48, 1)
2026-05-26 00:02:43,866 | INFO     | [563790] ⏱️ Model inference: 73.79 ms
2026-05-26 00:02:43,866 | INFO     | [563790] 📊 Chi tiết dự đoán: {'ANGRY': 7.7, 'DISGUST': 0.15, 'FEAR': 4.83, 'HAPPY': 48.68, 'NEUTRAL': 15.6, 'SAD': 21.59, 'SURPRISE': 1.45}
2026-05-26 00:02:43,867 | INFO     | [563790] 🎯 KẾT QUẢ CHỐT: HAPPY (48.68%)
2026-05-26 00:02:43,867 | INFO     | [563790] ⏱️ Thời gian phản hồi: 75.82 ms
2026-05-26 00:02:44,740 | INFO     | [564740] ------------------------------------------
2026-05-26 00:02:44,742 | INFO     | [564740] 📥 NHẬN YÊU CẦU QUÉT KHUÔN MẶT MỚI
2026-05-26 00:02:44,742 | INFO     | [564742] ------------------------------------------
2026-05-26 00:02:44,742 | INFO     | [564742] 📥 NHẬN YÊU CẦU QUÉT KHUÔN MẶT MỚI
2026-05-26 00:02:44,742 | INFO     | [564742] ------------------------------------------
2026-05-26 00:02:44,743 | INFO     | [564742] 📥 NHẬN YÊU CẦU QUÉT KHUÔN MẶT MỚI
2026-05-26 00:02:44,743 | INFO     | [564740] Đã xử lý ảnh thành công. Kích thước tensor: (1, 48, 48, 1)
2026-05-26 00:02:44,749 | INFO     | [564742] Đã xử lý ảnh thành công. Kích thước tensor: (1, 48, 48, 1)
2026-05-26 00:02:44,755 | INFO     | [564742] Đã xử lý ảnh thành công. Kích thước tensor: (1, 48, 48, 1)
2026-05-26 00:02:44,865 | INFO     | [564740] ⏱️ Model inference: 122.28 ms
2026-05-26 00:02:44,867 | INFO     | [564740] 📊 Chi tiết dự đoán: {'ANGRY': 7.2, 'DISGUST': 0.14, 'FEAR': 7.36, 'HAPPY': 36.4, 'NEUTRAL': 11.27, 'SAD': 36.41, 'SURPRISE': 1.23}
2026-05-26 00:02:44,867 | INFO     | [564740] 🎯 KẾT QUẢ CHỐT: SAD (36.41%)
2026-05-26 00:02:44,867 | INFO     | [564740] ⏱️ Thời gian phản hồi: 126.21 ms
2026-05-26 00:02:44,868 | INFO     | [564742] ⏱️ Model inference: 119.31 ms
2026-05-26 00:02:44,868 | INFO     | [564742] 📊 Chi tiết dự đoán: {'ANGRY': 4.29, 'DISGUST': 0.13, 'FEAR': 7.23, 'HAPPY': 37.33, 'NEUTRAL': 12.76, 'SAD': 36.2, 'SURPRISE': 2.06}
2026-05-26 00:02:44,868 | INFO     | [564742] 🎯 KẾT QUẢ CHỐT: HAPPY (37.33%)
2026-05-26 00:02:44,868 | INFO     | [564742] ⏱️ Thời gian phản hồi: 126.61 ms
2026-05-26 00:02:44,875 | INFO     | [564742] ⏱️ Model inference: 118.39 ms
2026-05-26 00:02:44,875 | INFO     | [564742] 📊 Chi tiết dự đoán: {'ANGRY': 4.43, 'DISGUST': 0.13, 'FEAR': 6.54, 'HAPPY': 38.16, 'NEUTRAL': 14.3, 'SAD': 34.69, 'SURPRISE': 1.76}
2026-05-26 00:02:44,876 | INFO     | [564742] 🎯 KẾT QUẢ CHỐT: HAPPY (38.16%)
2026-05-26 00:02:44,876 | INFO     | [564742] ⏱️ Thời gian phản hồi: 133.26 ms
2026-05-26 00:02:44,879 | INFO     | [564879] ------------------------------------------
2026-05-26 00:02:44,880 | INFO     | [564879] 📥 NHẬN YÊU CẦU QUÉT KHUÔN MẶT MỚI
2026-05-26 00:02:44,880 | INFO     | [564879] Đã xử lý ảnh thành công. Kích thước tensor: (1, 48, 48, 1)
2026-05-26 00:02:44,935 | INFO     | [564879] ⏱️ Model inference: 54.81 ms
2026-05-26 00:02:44,936 | INFO     | [564879] 📊 Chi tiết dự đoán: {'ANGRY': 5.01, 'DISGUST': 0.14, 'FEAR': 7.35, 'HAPPY': 39.46, 'NEUTRAL': 12.33, 'SAD': 33.77, 'SURPRISE': 1.94}
2026-05-26 00:02:44,936 | INFO     | [564879] 🎯 KẾT QUẢ CHỐT: HAPPY (39.46%)
2026-05-26 00:02:44,936 | INFO     | [564879] ⏱️ Thời gian phản hồi: 56.64 ms
2026-05-26 00:02:45,734 | INFO     | [565734] ------------------------------------------
2026-05-26 00:02:45,734 | INFO     | [565734] 📥 NHẬN YÊU CẦU QUÉT KHUÔN MẶT MỚI
2026-05-26 00:02:45,735 | INFO     | [565735] ------------------------------------------
2026-05-26 00:02:45,735 | INFO     | [565735] 📥 NHẬN YÊU CẦU QUÉT KHUÔN MẶT MỚI
2026-05-26 00:02:45,736 | INFO     | [565736] ------------------------------------------
2026-05-26 00:02:45,736 | INFO     | [565736] 📥 NHẬN YÊU CẦU QUÉT KHUÔN MẶT MỚI
2026-05-26 00:02:45,736 | INFO     | [565734] Đã xử lý ảnh thành công. Kích thước tensor: (1, 48, 48, 1)
2026-05-26 00:02:45,738 | INFO     | [565735] Đã xử lý ảnh thành công. Kích thước tensor: (1, 48, 48, 1)
2026-05-26 00:02:45,742 | INFO     | [565736] Đã xử lý ảnh thành công. Kích thước tensor: (1, 48, 48, 1)
2026-05-26 00:02:45,853 | INFO     | [565735] ⏱️ Model inference: 113.17 ms
2026-05-26 00:02:45,855 | INFO     | [565735] 📊 Chi tiết dự đoán: {'ANGRY': 5.5, 'DISGUST': 0.12, 'FEAR': 8.6, 'HAPPY': 34.54, 'NEUTRAL': 16.27, 'SAD': 32.95, 'SURPRISE': 2.02}
2026-05-26 00:02:45,855 | INFO     | [565735] 🎯 KẾT QUẢ CHỐT: HAPPY (34.54%)
2026-05-26 00:02:45,855 | INFO     | [565735] ⏱️ Thời gian phản hồi: 119.92 ms
2026-05-26 00:02:45,865 | INFO     | [565736] ⏱️ Model inference: 121.46 ms
2026-05-26 00:02:45,865 | INFO     | [565736] 📊 Chi tiết dự đoán: {'ANGRY': 6.84, 'DISGUST': 0.17, 'FEAR': 7.8, 'HAPPY': 33.41, 'NEUTRAL': 13.25, 'SAD': 36.92, 'SURPRISE': 1.61}
2026-05-26 00:02:45,865 | INFO     | [565736] 🎯 KẾT QUẢ CHỐT: SAD (36.92%)
2026-05-26 00:02:45,865 | INFO     | [565736] ⏱️ Thời gian phản hồi: 129.12 ms
2026-05-26 00:02:45,866 | INFO     | [565734] ⏱️ Model inference: 130.28 ms
2026-05-26 00:02:45,867 | INFO     | [565734] 📊 Chi tiết dự đoán: {'ANGRY': 6.69, 'DISGUST': 0.14, 'FEAR': 6.73, 'HAPPY': 40.7, 'NEUTRAL': 13.87, 'SAD': 30.37, 'SURPRISE': 1.49}
2026-05-26 00:02:45,867 | INFO     | [565734] 🎯 KẾT QUẢ CHỐT: HAPPY (40.70%)
2026-05-26 00:02:45,867 | INFO     | [565734] ⏱️ Thời gian phản hồi: 133.48 ms
2026-05-26 00:02:45,874 | INFO     | [565874] ------------------------------------------
2026-05-26 00:02:45,875 | INFO     | [565874] 📥 NHẬN YÊU CẦU QUÉT KHUÔN MẶT MỚI
2026-05-26 00:02:45,875 | INFO     | [565874] Đã xử lý ảnh thành công. Kích thước tensor: (1, 48, 48, 1)
2026-05-26 00:02:45,932 | INFO     | [565874] ⏱️ Model inference: 56.67 ms
2026-05-26 00:02:45,932 | INFO     | [565874] 📊 Chi tiết dự đoán: {'ANGRY': 5.08, 'DISGUST': 0.14, 'FEAR': 7.1, 'HAPPY': 44.58, 'NEUTRAL': 12.31, 'SAD': 28.61, 'SURPRISE': 2.18}
2026-05-26 00:02:45,932 | INFO     | [565874] 🎯 KẾT QUẢ CHỐT: HAPPY (44.58%)
2026-05-26 00:02:45,932 | INFO     | [565874] ⏱️ Thời gian phản hồi: 58.68 ms
2026-05-26 00:02:46,758 | INFO     | [566758] ------------------------------------------
2026-05-26 00:02:46,760 | INFO     | [566758] 📥 NHẬN YÊU CẦU QUÉT KHUÔN MẶT MỚI
2026-05-26 00:02:46,760 | INFO     | [566760] ------------------------------------------
2026-05-26 00:02:46,760 | INFO     | [566760] 📥 NHẬN YÊU CẦU QUÉT KHUÔN MẶT MỚI
2026-05-26 00:02:46,761 | INFO     | [566761] ------------------------------------------
2026-05-26 00:02:46,761 | INFO     | [566761] 📥 NHẬN YÊU CẦU QUÉT KHUÔN MẶT MỚI
2026-05-26 00:02:46,761 | INFO     | [566758] Đã xử lý ảnh thành công. Kích thước tensor: (1, 48, 48, 1)
2026-05-26 00:02:46,763 | INFO     | [566760] Đã xử lý ảnh thành công. Kích thước tensor: (1, 48, 48, 1)
2026-05-26 00:02:46,769 | INFO     | [566761] Đã xử lý ảnh thành công. Kích thước tensor: (1, 48, 48, 1)
2026-05-26 00:02:46,863 | INFO     | [566760] ⏱️ Model inference: 98.72 ms
2026-05-26 00:02:46,864 | INFO     | [566760] 📊 Chi tiết dự đoán: {'ANGRY': 6.43, 'DISGUST': 0.2, 'FEAR': 7.48, 'HAPPY': 45.36, 'NEUTRAL': 12.89, 'SAD': 25.94, 'SURPRISE': 1.7}
2026-05-26 00:02:46,865 | INFO     | [566760] 🎯 KẾT QUẢ CHỐT: HAPPY (45.36%)
2026-05-26 00:02:46,865 | INFO     | [566760] ⏱️ Thời gian phản hồi: 104.66 ms
2026-05-26 00:02:46,874 | INFO     | [566761] ⏱️ Model inference: 104.72 ms
2026-05-26 00:02:46,875 | INFO     | [566761] 📊 Chi tiết dự đoán: {'ANGRY': 7.53, 'DISGUST': 0.2, 'FEAR': 8.29, 'HAPPY': 42.19, 'NEUTRAL': 12.73, 'SAD': 26.84, 'SURPRISE': 2.21}
2026-05-26 00:02:46,875 | INFO     | [566761] 🎯 KẾT QUẢ CHỐT: HAPPY (42.19%)
2026-05-26 00:02:46,875 | INFO     | [566761] ⏱️ Thời gian phản hồi: 114.28 ms
2026-05-26 00:02:46,882 | INFO     | [566882] ------------------------------------------
2026-05-26 00:02:46,884 | INFO     | [566882] 📥 NHẬN YÊU CẦU QUÉT KHUÔN MẶT MỚI
2026-05-26 00:02:46,884 | INFO     | [566882] Đã xử lý ảnh thành công. Kích thước tensor: (1, 48, 48, 1)
2026-05-26 00:02:46,907 | INFO     | [566758] ⏱️ Model inference: 144.37 ms
2026-05-26 00:02:46,907 | INFO     | [566758] 📊 Chi tiết dự đoán: {'ANGRY': 6.16, 'DISGUST': 0.16, 'FEAR': 6.57, 'HAPPY': 46.02, 'NEUTRAL': 14.58, 'SAD': 24.92, 'SURPRISE': 1.59}
2026-05-26 00:02:46,908 | INFO     | [566758] 🎯 KẾT QUẢ CHỐT: HAPPY (46.02%)
2026-05-26 00:02:46,908 | INFO     | [566758] ⏱️ Thời gian phản hồi: 148.27 ms
2026-05-26 00:02:46,951 | INFO     | [566882] ⏱️ Model inference: 66.61 ms
2026-05-26 00:02:46,951 | INFO     | [566882] 📊 Chi tiết dự đoán: {'ANGRY': 6.85, 'DISGUST': 0.21, 'FEAR': 6.35, 'HAPPY': 56.22, 'NEUTRAL': 9.27, 'SAD': 19.07, 'SURPRISE': 2.03}
2026-05-26 00:02:46,951 | INFO     | [566882] 🎯 KẾT QUẢ CHỐT: HAPPY (56.22%)
2026-05-26 00:02:46,951 | INFO     | [566882] ⏱️ Thời gian phản hồi: 68.45 ms
2026-05-26 00:02:47,727 | INFO     | [567727] ------------------------------------------
2026-05-26 00:02:47,727 | INFO     | [567727] 📥 NHẬN YÊU CẦU QUÉT KHUÔN MẶT MỚI
2026-05-26 00:02:47,728 | INFO     | [567728] ------------------------------------------
2026-05-26 00:02:47,728 | INFO     | [567728] 📥 NHẬN YÊU CẦU QUÉT KHUÔN MẶT MỚI
2026-05-26 00:02:47,728 | INFO     | [567728] ------------------------------------------
2026-05-26 00:02:47,728 | INFO     | [567728] 📥 NHẬN YÊU CẦU QUÉT KHUÔN MẶT MỚI
2026-05-26 00:02:47,729 | INFO     | [567727] Đã xử lý ảnh thành công. Kích thước tensor: (1, 48, 48, 1)
2026-05-26 00:02:47,731 | INFO     | [567728] Đã xử lý ảnh thành công. Kích thước tensor: (1, 48, 48, 1)
2026-05-26 00:02:47,736 | INFO     | [567728] Đã xử lý ảnh thành công. Kích thước tensor: (1, 48, 48, 1)
2026-05-26 00:02:47,853 | INFO     | [567727] ⏱️ Model inference: 124.26 ms
2026-05-26 00:02:47,855 | INFO     | [567727] 📊 Chi tiết dự đoán: {'ANGRY': 10.09, 'DISGUST': 0.2, 'FEAR': 6.69, 'HAPPY': 36.77, 'NEUTRAL': 12.28, 'SAD': 31.74, 'SURPRISE': 2.22}
2026-05-26 00:02:47,855 | INFO     | [567727] 🎯 KẾT QUẢ CHỐT: HAPPY (36.77%)
2026-05-26 00:02:47,855 | INFO     | [567727] ⏱️ Thời gian phản hồi: 127.88 ms
2026-05-26 00:02:47,858 | INFO     | [567728] ⏱️ Model inference: 120.01 ms
2026-05-26 00:02:47,858 | INFO     | [567728] 📊 Chi tiết dự đoán: {'ANGRY': 9.04, 'DISGUST': 0.2, 'FEAR': 7.46, 'HAPPY': 41.0, 'NEUTRAL': 12.02, 'SAD': 28.01, 'SURPRISE': 2.27}
2026-05-26 00:02:47,858 | INFO     | [567728] 🎯 KẾT QUẢ CHỐT: HAPPY (41.00%)
2026-05-26 00:02:47,858 | INFO     | [567728] ⏱️ Thời gian phản hồi: 130.44 ms
2026-05-26 00:02:47,862 | INFO     | [567728] ⏱️ Model inference: 130.79 ms
2026-05-26 00:02:47,862 | INFO     | [567728] 📊 Chi tiết dự đoán: {'ANGRY': 9.63, 'DISGUST': 0.26, 'FEAR': 6.82, 'HAPPY': 45.57, 'NEUTRAL': 10.13, 'SAD': 25.43, 'SURPRISE': 2.15}
2026-05-26 00:02:47,862 | INFO     | [567728] 🎯 KẾT QUẢ CHỐT: HAPPY (45.57%)
2026-05-26 00:02:47,862 | INFO     | [567728] ⏱️ Thời gian phản hồi: 134.34 ms
2026-05-26 00:02:47,865 | INFO     | [567865] ------------------------------------------
2026-05-26 00:02:47,865 | INFO     | [567865] 📥 NHẬN YÊU CẦU QUÉT KHUÔN MẶT MỚI
2026-05-26 00:02:47,866 | INFO     | [567865] Đã xử lý ảnh thành công. Kích thước tensor: (1, 48, 48, 1)
2026-05-26 00:02:47,923 | INFO     | [567865] ⏱️ Model inference: 56.93 ms
2026-05-26 00:02:47,923 | INFO     | [567865] 📊 Chi tiết dự đoán: {'ANGRY': 11.36, 'DISGUST': 0.18, 'FEAR': 8.54, 'HAPPY': 31.12, 'NEUTRAL': 10.74, 'SAD': 36.38, 'SURPRISE': 1.68}
2026-05-26 00:02:47,923 | INFO     | [567865] 🎯 KẾT QUẢ CHỐT: SAD (36.38%)
2026-05-26 00:02:47,923 | INFO     | [567865] ⏱️ Thời gian phản hồi: 57.93 ms
2026-05-26 00:02:48,502 | INFO     | [568502] ------------------------------------------
2026-05-26 00:02:48,502 | INFO     | [568502] 📥 NHẬN YÊU CẦU QUÉT KHUÔN MẶT MỚI
2026-05-26 00:02:48,504 | INFO     | [568504] ------------------------------------------
2026-05-26 00:02:48,504 | INFO     | [568504] 📥 NHẬN YÊU CẦU QUÉT KHUÔN MẶT MỚI
2026-05-26 00:02:48,505 | INFO     | [568502] Đã xử lý ảnh thành công. Kích thước tensor: (1, 48, 48, 1)
2026-05-26 00:02:48,506 | INFO     | [568504] Đã xử lý ảnh thành công. Kích thước tensor: (1, 48, 48, 1)
2026-05-26 00:02:48,592 | INFO     | [568504] ⏱️ Model inference: 85.22 ms
2026-05-26 00:02:48,593 | INFO     | [568504] 📊 Chi tiết dự đoán: {'ANGRY': 8.24, 'DISGUST': 0.16, 'FEAR': 7.44, 'HAPPY': 43.77, 'NEUTRAL': 11.35, 'SAD': 27.57, 'SURPRISE': 1.46}
2026-05-26 00:02:48,593 | INFO     | [568504] 🎯 KẾT QUẢ CHỐT: HAPPY (43.77%)
2026-05-26 00:02:48,593 | INFO     | [568504] ⏱️ Thời gian phản hồi: 89.73 ms
2026-05-26 00:02:48,601 | INFO     | [568502] ⏱️ Model inference: 95.84 ms
2026-05-26 00:02:48,601 | INFO     | [568502] 📊 Chi tiết dự đoán: {'ANGRY': 7.88, 'DISGUST': 0.17, 'FEAR': 7.58, 'HAPPY': 44.72, 'NEUTRAL': 11.04, 'SAD': 26.72, 'SURPRISE': 1.88}
2026-05-26 00:02:48,602 | INFO     | [568502] 🎯 KẾT QUẢ CHỐT: HAPPY (44.72%)
2026-05-26 00:02:48,602 | INFO     | [568502] ⏱️ Thời gian phản hồi: 98.17 ms
2026-05-26 00:02:48,613 | INFO     | [568613] ------------------------------------------
2026-05-26 00:02:48,613 | INFO     | [568613] 📥 NHẬN YÊU CẦU QUÉT KHUÔN MẶT MỚI
2026-05-26 00:02:48,613 | INFO     | [568613] Đã xử lý ảnh thành công. Kích thước tensor: (1, 48, 48, 1)
2026-05-26 00:02:48,668 | INFO     | [568613] ⏱️ Model inference: 54.4 ms
2026-05-26 00:02:48,669 | INFO     | [568613] 📊 Chi tiết dự đoán: {'ANGRY': 6.02, 'DISGUST': 0.18, 'FEAR': 7.4, 'HAPPY': 44.22, 'NEUTRAL': 14.11, 'SAD': 26.59, 'SURPRISE': 1.48}
2026-05-26 00:02:48,669 | INFO     | [568613] 🎯 KẾT QUẢ CHỐT: HAPPY (44.22%)
2026-05-26 00:02:48,669 | INFO     | [568613] ⏱️ Thời gian phản hồi: 56.67 ms
2026-05-26 00:02:48,785 | INFO     | [568785] ------------------------------------------
2026-05-26 00:02:48,785 | INFO     | [568785] 📥 NHẬN YÊU CẦU QUÉT KHUÔN MẶT MỚI
2026-05-26 00:02:48,786 | INFO     | [568785] Đã xử lý ảnh thành công. Kích thước tensor: (1, 48, 48, 1)
2026-05-26 00:02:48,854 | INFO     | [568785] ⏱️ Model inference: 66.97 ms
2026-05-26 00:02:48,854 | INFO     | [568785] 📊 Chi tiết dự đoán: {'ANGRY': 9.02, 'DISGUST': 0.24, 'FEAR': 10.39, 'HAPPY': 35.87, 'NEUTRAL': 12.67, 'SAD': 29.04, 'SURPRISE': 2.77}
2026-05-26 00:02:48,854 | INFO     | [568785] 🎯 KẾT QUẢ CHỐT: HAPPY (35.87%)
2026-05-26 00:02:48,854 | INFO     | [568785] ⏱️ Thời gian phản hồi: 68.98 ms
2026-05-26 00:02:49,735 | INFO     | [569735] ------------------------------------------
2026-05-26 00:02:49,736 | INFO     | [569735] 📥 NHẬN YÊU CẦU QUÉT KHUÔN MẶT MỚI
2026-05-26 00:02:49,736 | INFO     | [569736] ------------------------------------------
2026-05-26 00:02:49,736 | INFO     | [569736] 📥 NHẬN YÊU CẦU QUÉT KHUÔN MẶT MỚI
2026-05-26 00:02:49,737 | INFO     | [569736] ------------------------------------------
2026-05-26 00:02:49,737 | INFO     | [569736] 📥 NHẬN YÊU CẦU QUÉT KHUÔN MẶT MỚI
2026-05-26 00:02:49,737 | INFO     | [569735] Đã xử lý ảnh thành công. Kích thước tensor: (1, 48, 48, 1)
2026-05-26 00:02:49,740 | INFO     | [569736] Đã xử lý ảnh thành công. Kích thước tensor: (1, 48, 48, 1)
2026-05-26 00:02:50,209 | INFO     | [569736] Đã xử lý ảnh thành công. Kích thước tensor: (1, 48, 48, 1)
2026-05-26 00:02:50,311 | INFO     | [569736] ⏱️ Model inference: 101.02 ms
2026-05-26 00:02:50,312 | INFO     | [569736] 📊 Chi tiết dự đoán: {'ANGRY': 8.37, 'DISGUST': 0.17, 'FEAR': 7.59, 'HAPPY': 36.41, 'NEUTRAL': 13.03, 'SAD': 32.67, 'SURPRISE': 1.76}
2026-05-26 00:02:50,312 | INFO     | [569736] 🎯 KẾT QUẢ CHỐT: HAPPY (36.41%)
2026-05-26 00:02:50,312 | INFO     | [569736] ⏱️ Thời gian phản hồi: 575.45 ms
2026-05-26 00:02:50,314 | INFO     | [569736] ⏱️ Model inference: 107.99 ms
2026-05-26 00:02:50,315 | INFO     | [569736] 📊 Chi tiết dự đoán: {'ANGRY': 7.15, 'DISGUST': 0.16, 'FEAR': 9.02, 'HAPPY': 36.83, 'NEUTRAL': 14.19, 'SAD': 30.35, 'SURPRISE': 2.3}
2026-05-26 00:02:50,315 | INFO     | [569736] 🎯 KẾT QUẢ CHỐT: HAPPY (36.83%)
2026-05-26 00:02:50,315 | INFO     | [569736] ⏱️ Thời gian phản hồi: 578.58 ms
2026-05-26 00:02:50,327 | INFO     | [570327] ------------------------------------------
2026-05-26 00:02:50,328 | INFO     | [570327] 📥 NHẬN YÊU CẦU QUÉT KHUÔN MẶT MỚI
2026-05-26 00:02:50,330 | INFO     | [570327] Đã xử lý ảnh thành công. Kích thước tensor: (1, 48, 48, 1)
2026-05-26 00:02:50,403 | INFO     | [569735] ⏱️ Model inference: 664.23 ms
2026-05-26 00:02:50,403 | INFO     | [569735] 📊 Chi tiết dự đoán: {'ANGRY': 8.38, 'DISGUST': 0.17, 'FEAR': 7.01, 'HAPPY': 42.97, 'NEUTRAL': 10.41, 'SAD': 29.54, 'SURPRISE': 1.51}
2026-05-26 00:02:50,403 | INFO     | [569735] 🎯 KẾT QUẢ CHỐT: HAPPY (42.97%)
2026-05-26 00:02:50,403 | INFO     | [569735] ⏱️ Thời gian phản hồi: 667.23 ms
2026-05-26 00:02:50,415 | INFO     | [570327] ⏱️ Model inference: 83.57 ms
2026-05-26 00:02:50,415 | INFO     | [570327] 📊 Chi tiết dự đoán: {'ANGRY': 9.09, 'DISGUST': 0.16, 'FEAR': 5.81, 'HAPPY': 49.8, 'NEUTRAL': 10.0, 'SAD': 24.08, 'SURPRISE': 1.05}
2026-05-26 00:02:50,416 | INFO     | [570327] 🎯 KẾT QUẢ CHỐT: HAPPY (49.80%)
2026-05-26 00:02:50,416 | INFO     | [570327] ⏱️ Thời gian phản hồi: 88.3 ms
2026-05-26 00:02:50,464 | INFO     | [570464] ------------------------------------------
2026-05-26 00:02:50,466 | INFO     | [570464] 📥 NHẬN YÊU CẦU QUÉT KHUÔN MẶT MỚI
2026-05-26 00:02:50,466 | INFO     | [570466] ------------------------------------------
2026-05-26 00:02:50,466 | INFO     | [570466] 📥 NHẬN YÊU CẦU QUÉT KHUÔN MẶT MỚI
2026-05-26 00:02:50,467 | INFO     | [570464] Đã xử lý ảnh thành công. Kích thước tensor: (1, 48, 48, 1)
2026-05-26 00:02:50,469 | INFO     | [570466] Đã xử lý ảnh thành công. Kích thước tensor: (1, 48, 48, 1)
2026-05-26 00:02:50,544 | INFO     | [570543] ------------------------------------------
2026-05-26 00:02:50,544 | INFO     | [570543] 📥 NHẬN YÊU CẦU QUÉT KHUÔN MẶT MỚI
2026-05-26 00:02:50,545 | INFO     | [570543] Đã xử lý ảnh thành công. Kích thước tensor: (1, 48, 48, 1)
2026-05-26 00:02:50,559 | INFO     | [570464] ⏱️ Model inference: 92.56 ms
2026-05-26 00:02:50,560 | INFO     | [570464] 📊 Chi tiết dự đoán: {'ANGRY': 7.78, 'DISGUST': 0.16, 'FEAR': 6.69, 'HAPPY': 42.99, 'NEUTRAL': 10.39, 'SAD': 30.53, 'SURPRISE': 1.45}
2026-05-26 00:02:50,561 | INFO     | [570464] 🎯 KẾT QUẢ CHỐT: HAPPY (42.99%)
2026-05-26 00:02:50,563 | INFO     | [570464] ⏱️ Thời gian phản hồi: 96.28 ms
2026-05-26 00:02:50,567 | INFO     | [570466] ⏱️ Model inference: 96.94 ms
2026-05-26 00:02:50,567 | INFO     | [570466] 📊 Chi tiết dự đoán: {'ANGRY': 7.29, 'DISGUST': 0.13, 'FEAR': 5.41, 'HAPPY': 55.91, 'NEUTRAL': 10.28, 'SAD': 19.7, 'SURPRISE': 1.26}
2026-05-26 00:02:50,570 | INFO     | [570466] 🎯 KẾT QUẢ CHỐT: HAPPY (55.91%)
2026-05-26 00:02:50,571 | INFO     | [570466] ⏱️ Thời gian phản hồi: 101.62 ms
2026-05-26 00:02:50,612 | INFO     | [570543] ⏱️ Model inference: 65.51 ms
2026-05-26 00:02:50,612 | INFO     | [570543] 📊 Chi tiết dự đoán: {'ANGRY': 7.52, 'DISGUST': 0.17, 'FEAR': 6.18, 'HAPPY': 49.85, 'NEUTRAL': 12.5, 'SAD': 22.31, 'SURPRISE': 1.47}
2026-05-26 00:02:50,612 | INFO     | [570543] 🎯 KẾT QUẢ CHỐT: HAPPY (49.85%)
2026-05-26 00:02:50,612 | INFO     | [570543] ⏱️ Thời gian phản hồi: 68.5 ms
2026-05-26 00:02:50,791 | INFO     | [570791] ------------------------------------------
2026-05-26 00:02:50,792 | INFO     | [570791] 📥 NHẬN YÊU CẦU QUÉT KHUÔN MẶT MỚI
2026-05-26 00:02:50,792 | INFO     | [570791] Đã xử lý ảnh thành công. Kích thước tensor: (1, 48, 48, 1)
2026-05-26 00:02:50,849 | INFO     | [570791] ⏱️ Model inference: 57.45 ms
2026-05-26 00:02:50,849 | INFO     | [570791] 📊 Chi tiết dự đoán: {'ANGRY': 9.45, 'DISGUST': 0.23, 'FEAR': 6.3, 'HAPPY': 49.91, 'NEUTRAL': 10.44, 'SAD': 21.84, 'SURPRISE': 1.83}
2026-05-26 00:02:50,849 | INFO     | [570791] 🎯 KẾT QUẢ CHỐT: HAPPY (49.91%)
2026-05-26 00:02:50,850 | INFO     | [570791] ⏱️ Thời gian phản hồi: 58.46 ms
2026-05-26 00:02:51,088 | INFO     | [571088] ------------------------------------------
2026-05-26 00:02:51,088 | INFO     | [571088] 📥 NHẬN YÊU CẦU QUÉT KHUÔN MẶT MỚI
2026-05-26 00:02:51,088 | INFO     | [571088] Đã xử lý ảnh thành công. Kích thước tensor: (1, 48, 48, 1)
2026-05-26 00:02:51,143 | INFO     | [571088] ⏱️ Model inference: 54.87 ms
2026-05-26 00:02:51,144 | INFO     | [571088] 📊 Chi tiết dự đoán: {'ANGRY': 10.98, 'DISGUST': 0.31, 'FEAR': 5.97, 'HAPPY': 55.45, 'NEUTRAL': 8.66, 'SAD': 17.24, 'SURPRISE': 1.38}
2026-05-26 00:02:51,144 | INFO     | [571088] 🎯 KẾT QUẢ CHỐT: HAPPY (55.45%)
2026-05-26 00:02:51,144 | INFO     | [571088] ⏱️ Thời gian phản hồi: 56.18 ms
2026-05-26 00:02:51,306 | INFO     | [571306] ------------------------------------------
2026-05-26 00:02:51,306 | INFO     | [571306] 📥 NHẬN YÊU CẦU QUÉT KHUÔN MẶT MỚI
2026-05-26 00:02:51,306 | INFO     | [571306] Đã xử lý ảnh thành công. Kích thước tensor: (1, 48, 48, 1)
2026-05-26 00:02:51,377 | INFO     | [571306] ⏱️ Model inference: 69.92 ms
2026-05-26 00:02:51,377 | INFO     | [571306] 📊 Chi tiết dự đoán: {'ANGRY': 12.8, 'DISGUST': 0.31, 'FEAR': 7.86, 'HAPPY': 44.77, 'NEUTRAL': 11.39, 'SAD': 21.09, 'SURPRISE': 1.78}
2026-05-26 00:02:51,377 | INFO     | [571306] 🎯 KẾT QUẢ CHỐT: HAPPY (44.77%)
2026-05-26 00:02:51,377 | INFO     | [571306] ⏱️ Thời gian phản hồi: 70.97 ms
2026-05-26 00:02:51,741 | INFO     | [571741] ------------------------------------------
2026-05-26 00:02:51,741 | INFO     | [571741] 📥 NHẬN YÊU CẦU QUÉT KHUÔN MẶT MỚI
2026-05-26 00:02:51,741 | INFO     | [571741] Đã xử lý ảnh thành công. Kích thước tensor: (1, 48, 48, 1)
2026-05-26 00:02:51,787 | INFO     | [571787] ------------------------------------------
2026-05-26 00:02:51,787 | INFO     | [571787] 📥 NHẬN YÊU CẦU QUÉT KHUÔN MẶT MỚI
2026-05-26 00:02:51,788 | INFO     | [571787] Đã xử lý ảnh thành công. Kích thước tensor: (1, 48, 48, 1)
2026-05-26 00:02:51,803 | INFO     | [571741] ⏱️ Model inference: 62.55 ms
2026-05-26 00:02:51,805 | INFO     | [571741] 📊 Chi tiết dự đoán: {'ANGRY': 13.21, 'DISGUST': 0.31, 'FEAR': 7.46, 'HAPPY': 51.58, 'NEUTRAL': 7.61, 'SAD': 16.98, 'SURPRISE': 2.84}
2026-05-26 00:02:51,805 | INFO     | [571741] 🎯 KẾT QUẢ CHỐT: HAPPY (51.58%)
2026-05-26 00:02:51,805 | INFO     | [571741] ⏱️ Thời gian phản hồi: 64.07 ms
2026-05-26 00:02:51,852 | INFO     | [571787] ⏱️ Model inference: 64.45 ms
2026-05-26 00:02:51,852 | INFO     | [571787] 📊 Chi tiết dự đoán: {'ANGRY': 12.47, 'DISGUST': 0.47, 'FEAR': 7.82, 'HAPPY': 49.6, 'NEUTRAL': 7.29, 'SAD': 19.63, 'SURPRISE': 2.73}
2026-05-26 00:02:51,854 | INFO     | [571787] 🎯 KẾT QUẢ CHỐT: HAPPY (49.60%)
2026-05-26 00:02:51,854 | INFO     | [571787] ⏱️ Thời gian phản hồi: 65.45 ms
2026-05-26 00:02:51,992 | INFO     | [BATCH-571992] ==========================================
2026-05-26 00:02:51,992 | INFO     | [BATCH-571992] 🎞️ NHẬN CHUỖI 5 KHUNG HÌNH (BATCH)
2026-05-26 00:02:52,385 | INFO     | [BATCH-571992] ⏱️ Batch inference elapsed: 393.24 ms (5 frames)
2026-05-26 00:02:52,385 | INFO     | [BATCH-571992] ↳ Frame 1/5: HAPPY (49.9%)
2026-05-26 00:02:52,387 | INFO     | [BATCH-571992] ↳ Frame 2/5: HAPPY (55.5%)
2026-05-26 00:02:52,387 | INFO     | [BATCH-571992] ↳ Frame 3/5: HAPPY (44.8%)
2026-05-26 00:02:52,387 | INFO     | [BATCH-571992] ↳ Frame 4/5: HAPPY (51.6%)
2026-05-26 00:02:52,387 | INFO     | [BATCH-571992] ↳ Frame 5/5: HAPPY (49.6%)
2026-05-26 00:02:52,387 | INFO     | [BATCH-571992] 🎯 KẾT QUẢ CHUỖI: HAPPY (Tần suất: {'HAPPY': 5})
2026-05-26 00:02:52,387 | INFO     | [BATCH-571992] ⏱️ Tổng thời gian xử lý: 394.67 ms
2026-05-26 00:03:09,725 | INFO     | [589725] ------------------------------------------
2026-05-26 00:03:09,725 | INFO     | [589725] 📥 NHẬN YÊU CẦU QUÉT KHUÔN MẶT MỚI
2026-05-26 00:03:09,726 | INFO     | [589725] Đã xử lý ảnh thành công. Kích thước tensor: (1, 48, 48, 1)
2026-05-26 00:03:09,785 | INFO     | [589725] ⏱️ Model inference: 59.05 ms
2026-05-26 00:03:09,785 | INFO     | [589725] 📊 Chi tiết dự đoán: {'ANGRY': 5.91, 'DISGUST': 0.1, 'FEAR': 5.91, 'HAPPY': 15.75, 'NEUTRAL': 17.77, 'SAD': 52.96, 'SURPRISE': 1.6}
2026-05-26 00:03:09,785 | INFO     | [589725] 🎯 KẾT QUẢ CHỐT: SAD (52.96%)
2026-05-26 00:03:09,786 | INFO     | [589725] ⏱️ Thời gian phản hồi: 60.05 ms
2026-05-26 00:03:10,167 | INFO     | [590167] ------------------------------------------
2026-05-26 00:03:10,167 | INFO     | [590167] 📥 NHẬN YÊU CẦU QUÉT KHUÔN MẶT MỚI
2026-05-26 00:03:10,168 | INFO     | [590167] Đã xử lý ảnh thành công. Kích thước tensor: (1, 48, 48, 1)
2026-05-26 00:03:10,174 | INFO     | [590174] ------------------------------------------
2026-05-26 00:03:10,176 | INFO     | [590174] 📥 NHẬN YÊU CẦU QUÉT KHUÔN MẶT MỚI
2026-05-26 00:03:10,178 | INFO     | [590174] Đã xử lý ảnh thành công. Kích thước tensor: (1, 48, 48, 1)
2026-05-26 00:03:10,258 | INFO     | [590167] ⏱️ Model inference: 89.96 ms
2026-05-26 00:03:10,258 | INFO     | [590167] 📊 Chi tiết dự đoán: {'ANGRY': 5.55, 'DISGUST': 0.1, 'FEAR': 7.32, 'HAPPY': 16.47, 'NEUTRAL': 13.55, 'SAD': 54.46, 'SURPRISE': 2.54}
2026-05-26 00:03:10,259 | INFO     | [590167] 🎯 KẾT QUẢ CHỐT: SAD (54.46%)
2026-05-26 00:03:10,259 | INFO     | [590167] ⏱️ Thời gian phản hồi: 90.96 ms
2026-05-26 00:03:10,264 | INFO     | [590174] ⏱️ Model inference: 85.53 ms
2026-05-26 00:03:10,264 | INFO     | [590174] 📊 Chi tiết dự đoán: {'ANGRY': 5.28, 'DISGUST': 0.1, 'FEAR': 7.96, 'HAPPY': 14.46, 'NEUTRAL': 11.92, 'SAD': 58.13, 'SURPRISE': 2.15}
2026-05-26 00:03:10,264 | INFO     | [590174] 🎯 KẾT QUẢ CHỐT: SAD (58.13%)
2026-05-26 00:03:10,264 | INFO     | [590174] ⏱️ Thời gian phản hồi: 90.05 ms
2026-05-26 00:03:10,405 | INFO     | [590405] ------------------------------------------
2026-05-26 00:03:10,405 | INFO     | [590405] 📥 NHẬN YÊU CẦU QUÉT KHUÔN MẶT MỚI
2026-05-26 00:03:10,405 | INFO     | [590405] Đã xử lý ảnh thành công. Kích thước tensor: (1, 48, 48, 1)
2026-05-26 00:03:10,472 | INFO     | [590405] ⏱️ Model inference: 66.08 ms
2026-05-26 00:03:10,472 | INFO     | [590405] 📊 Chi tiết dự đoán: {'ANGRY': 4.68, 'DISGUST': 0.11, 'FEAR': 7.07, 'HAPPY': 14.87, 'NEUTRAL': 14.38, 'SAD': 56.82, 'SURPRISE': 2.06}
2026-05-26 00:03:10,472 | INFO     | [590405] 🎯 KẾT QUẢ CHỐT: SAD (56.82%)
2026-05-26 00:03:10,472 | INFO     | [590405] ⏱️ Thời gian phản hồi: 67.6 ms
2026-05-26 00:03:11,355 | INFO     | [591355] ------------------------------------------
2026-05-26 00:03:11,355 | INFO     | [591355] 📥 NHẬN YÊU CẦU QUÉT KHUÔN MẶT MỚI
2026-05-26 00:03:11,357 | INFO     | [591355] Đã xử lý ảnh thành công. Kích thước tensor: (1, 48, 48, 1)
2026-05-26 00:03:11,360 | INFO     | [591360] ------------------------------------------
2026-05-26 00:03:11,361 | INFO     | [591360] 📥 NHẬN YÊU CẦU QUÉT KHUÔN MẶT MỚI
2026-05-26 00:03:11,362 | INFO     | [591362] ------------------------------------------
2026-05-26 00:03:11,363 | INFO     | [591362] 📥 NHẬN YÊU CẦU QUÉT KHUÔN MẶT MỚI
2026-05-26 00:03:11,366 | INFO     | [591360] Đã xử lý ảnh thành công. Kích thước tensor: (1, 48, 48, 1)
2026-05-26 00:03:11,369 | INFO     | [591362] Đã xử lý ảnh thành công. Kích thước tensor: (1, 48, 48, 1)
2026-05-26 00:03:11,480 | INFO     | [591355] ⏱️ Model inference: 123.02 ms
2026-05-26 00:03:11,480 | INFO     | [591355] 📊 Chi tiết dự đoán: {'ANGRY': 5.0, 'DISGUST': 0.08, 'FEAR': 7.87, 'HAPPY': 13.74, 'NEUTRAL': 16.2, 'SAD': 55.25, 'SURPRISE': 1.85}
2026-05-26 00:03:11,480 | INFO     | [591355] 🎯 KẾT QUẢ CHỐT: SAD (55.25%)
2026-05-26 00:03:11,481 | INFO     | [591355] ⏱️ Thời gian phản hồi: 124.81 ms
2026-05-26 00:03:11,486 | INFO     | [591362] ⏱️ Model inference: 115.66 ms
2026-05-26 00:03:11,487 | INFO     | [591362] 📊 Chi tiết dự đoán: {'ANGRY': 5.47, 'DISGUST': 0.12, 'FEAR': 8.18, 'HAPPY': 16.34, 'NEUTRAL': 13.52, 'SAD': 54.38, 'SURPRISE': 2.0}
2026-05-26 00:03:11,487 | INFO     | [591362] 🎯 KẾT QUẢ CHỐT: SAD (54.38%)
2026-05-26 00:03:11,487 | INFO     | [591362] ⏱️ Thời gian phản hồi: 124.81 ms
2026-05-26 00:03:11,489 | INFO     | [591360] ⏱️ Model inference: 121.34 ms
2026-05-26 00:03:11,490 | INFO     | [591360] 📊 Chi tiết dự đoán: {'ANGRY': 6.07, 'DISGUST': 0.11, 'FEAR': 8.23, 'HAPPY': 14.41, 'NEUTRAL': 12.24, 'SAD': 56.63, 'SURPRISE': 2.31}
2026-05-26 00:03:11,490 | INFO     | [591360] 🎯 KẾT QUẢ CHỐT: SAD (56.63%)
2026-05-26 00:03:11,490 | INFO     | [591360] ⏱️ Thời gian phản hồi: 130.68 ms
2026-05-26 00:03:11,499 | INFO     | [591499] ------------------------------------------
2026-05-26 00:03:11,499 | INFO     | [591499] 📥 NHẬN YÊU CẦU QUÉT KHUÔN MẶT MỚI
2026-05-26 00:03:11,499 | INFO     | [591499] Đã xử lý ảnh thành công. Kích thước tensor: (1, 48, 48, 1)
2026-05-26 00:03:11,568 | INFO     | [591499] ⏱️ Model inference: 67.29 ms
2026-05-26 00:03:11,568 | INFO     | [591499] 📊 Chi tiết dự đoán: {'ANGRY': 7.92, 'DISGUST': 0.14, 'FEAR': 6.41, 'HAPPY': 17.51, 'NEUTRAL': 12.86, 'SAD': 53.3, 'SURPRISE': 1.86}
2026-05-26 00:03:11,568 | INFO     | [591499] 🎯 KẾT QUẢ CHỐT: SAD (53.30%)
2026-05-26 00:03:11,568 | INFO     | [591499] ⏱️ Thời gian phản hồi: 68.92 ms
2026-05-26 00:03:11,732 | INFO     | [591732] ------------------------------------------
2026-05-26 00:03:11,732 | INFO     | [591732] 📥 NHẬN YÊU CẦU QUÉT KHUÔN MẶT MỚI
2026-05-26 00:03:11,733 | INFO     | [591732] Đã xử lý ảnh thành công. Kích thước tensor: (1, 48, 48, 1)
2026-05-26 00:03:11,793 | INFO     | [591732] ⏱️ Model inference: 59.82 ms
2026-05-26 00:03:11,794 | INFO     | [591732] 📊 Chi tiết dự đoán: {'ANGRY': 5.87, 'DISGUST': 0.1, 'FEAR': 7.97, 'HAPPY': 16.87, 'NEUTRAL': 14.22, 'SAD': 52.87, 'SURPRISE': 2.1}
2026-05-26 00:03:11,795 | INFO     | [591732] 🎯 KẾT QUẢ CHỐT: SAD (52.87%)
2026-05-26 00:03:11,795 | INFO     | [591732] ⏱️ Thời gian phản hồi: 62.32 ms
2026-05-26 00:03:12,384 | INFO     | [592384] ------------------------------------------
2026-05-26 00:03:12,384 | INFO     | [592384] 📥 NHẬN YÊU CẦU QUÉT KHUÔN MẶT MỚI
2026-05-26 00:03:12,386 | INFO     | [592386] ------------------------------------------
2026-05-26 00:03:12,386 | INFO     | [592386] 📥 NHẬN YÊU CẦU QUÉT KHUÔN MẶT MỚI
2026-05-26 00:03:12,387 | INFO     | [592384] Đã xử lý ảnh thành công. Kích thước tensor: (1, 48, 48, 1)
2026-05-26 00:03:12,389 | INFO     | [592386] Đã xử lý ảnh thành công. Kích thước tensor: (1, 48, 48, 1)
2026-05-26 00:03:12,419 | INFO     | [592419] ------------------------------------------
2026-05-26 00:03:12,420 | INFO     | [592419] 📥 NHẬN YÊU CẦU QUÉT KHUÔN MẶT MỚI
2026-05-26 00:03:12,424 | INFO     | [592419] Đã xử lý ảnh thành công. Kích thước tensor: (1, 48, 48, 1)
2026-05-26 00:03:12,514 | INFO     | [592384] ⏱️ Model inference: 126.47 ms
2026-05-26 00:03:12,514 | INFO     | [592384] 📊 Chi tiết dự đoán: {'ANGRY': 5.92, 'DISGUST': 0.13, 'FEAR': 7.8, 'HAPPY': 20.81, 'NEUTRAL': 13.97, 'SAD': 48.89, 'SURPRISE': 2.48}
2026-05-26 00:03:12,514 | INFO     | [592384] 🎯 KẾT QUẢ CHỐT: SAD (48.89%)
2026-05-26 00:03:12,514 | INFO     | [592384] ⏱️ Thời gian phản hồi: 130.07 ms
2026-05-26 00:03:12,515 | INFO     | [592386] ⏱️ Model inference: 124.96 ms
2026-05-26 00:03:12,515 | INFO     | [592386] 📊 Chi tiết dự đoán: {'ANGRY': 5.64, 'DISGUST': 0.1, 'FEAR': 5.47, 'HAPPY': 20.47, 'NEUTRAL': 17.5, 'SAD': 49.36, 'SURPRISE': 1.46}
2026-05-26 00:03:12,516 | INFO     | [592386] 🎯 KẾT QUẢ CHỐT: SAD (49.36%)
2026-05-26 00:03:12,516 | INFO     | [592386] ⏱️ Thời gian phản hồi: 128.77 ms
2026-05-26 00:03:12,537 | INFO     | [592419] ⏱️ Model inference: 111.97 ms
2026-05-26 00:03:12,537 | INFO     | [592419] 📊 Chi tiết dự đoán: {'ANGRY': 5.5, 'DISGUST': 0.08, 'FEAR': 7.3, 'HAPPY': 20.49, 'NEUTRAL': 15.1, 'SAD': 49.56, 'SURPRISE': 1.97}
2026-05-26 00:03:12,537 | INFO     | [592419] 🎯 KẾT QUẢ CHỐT: SAD (49.56%)
2026-05-26 00:03:12,538 | INFO     | [592419] ⏱️ Thời gian phản hồi: 118.74 ms
2026-05-26 00:03:12,667 | INFO     | [592667] ------------------------------------------
2026-05-26 00:03:12,667 | INFO     | [592667] 📥 NHẬN YÊU CẦU QUÉT KHUÔN MẶT MỚI
2026-05-26 00:03:12,667 | INFO     | [592667] Đã xử lý ảnh thành công. Kích thước tensor: (1, 48, 48, 1)
2026-05-26 00:03:12,741 | INFO     | [592667] ⏱️ Model inference: 73.13 ms
2026-05-26 00:03:12,741 | INFO     | [592667] 📊 Chi tiết dự đoán: {'ANGRY': 6.92, 'DISGUST': 0.14, 'FEAR': 7.2, 'HAPPY': 17.95, 'NEUTRAL': 15.83, 'SAD': 49.78, 'SURPRISE': 2.19}
2026-05-26 00:03:12,741 | INFO     | [592667] 🎯 KẾT QUẢ CHỐT: SAD (49.78%)
2026-05-26 00:03:12,741 | INFO     | [592667] ⏱️ Thời gian phản hồi: 74.65 ms
2026-05-26 00:03:13,373 | INFO     | [593373] ------------------------------------------
2026-05-26 00:03:13,373 | INFO     | [593373] 📥 NHẬN YÊU CẦU QUÉT KHUÔN MẶT MỚI
2026-05-26 00:03:13,374 | INFO     | [593374] ------------------------------------------
2026-05-26 00:03:13,374 | INFO     | [593374] 📥 NHẬN YÊU CẦU QUÉT KHUÔN MẶT MỚI
2026-05-26 00:03:13,374 | INFO     | [593373] Đã xử lý ảnh thành công. Kích thước tensor: (1, 48, 48, 1)
2026-05-26 00:03:13,376 | INFO     | [593374] Đã xử lý ảnh thành công. Kích thước tensor: (1, 48, 48, 1)
2026-05-26 00:03:13,418 | INFO     | [593418] ------------------------------------------
2026-05-26 00:03:13,418 | INFO     | [593418] 📥 NHẬN YÊU CẦU QUÉT KHUÔN MẶT MỚI
2026-05-26 00:03:13,419 | INFO     | [593418] Đã xử lý ảnh thành công. Kích thước tensor: (1, 48, 48, 1)
2026-05-26 00:03:13,478 | INFO     | [593373] ⏱️ Model inference: 104.66 ms
2026-05-26 00:03:13,478 | INFO     | [593373] 📊 Chi tiết dự đoán: {'ANGRY': 5.94, 'DISGUST': 0.14, 'FEAR': 7.82, 'HAPPY': 11.68, 'NEUTRAL': 16.4, 'SAD': 56.14, 'SURPRISE': 1.89}
2026-05-26 00:03:13,479 | INFO     | [593373] 🎯 KẾT QUẢ CHỐT: SAD (56.14%)
2026-05-26 00:03:13,479 | INFO     | [593373] ⏱️ Thời gian phản hồi: 105.65 ms
2026-05-26 00:03:13,487 | INFO     | [593374] ⏱️ Model inference: 109.23 ms
2026-05-26 00:03:13,487 | INFO     | [593374] 📊 Chi tiết dự đoán: {'ANGRY': 6.4, 'DISGUST': 0.14, 'FEAR': 8.29, 'HAPPY': 12.14, 'NEUTRAL': 16.34, 'SAD': 54.17, 'SURPRISE': 2.53}
2026-05-26 00:03:13,488 | INFO     | [593374] 🎯 KẾT QUẢ CHỐT: SAD (54.17%)
2026-05-26 00:03:13,488 | INFO     | [593374] ⏱️ Thời gian phản hồi: 113.15 ms
2026-05-26 00:03:13,508 | INFO     | [593418] ⏱️ Model inference: 88.76 ms
2026-05-26 00:03:13,508 | INFO     | [593418] 📊 Chi tiết dự đoán: {'ANGRY': 6.37, 'DISGUST': 0.15, 'FEAR': 7.65, 'HAPPY': 14.24, 'NEUTRAL': 15.47, 'SAD': 54.04, 'SURPRISE': 2.08}
2026-05-26 00:03:13,509 | INFO     | [593418] 🎯 KẾT QUẢ CHỐT: SAD (54.04%)
2026-05-26 00:03:13,509 | INFO     | [593418] ⏱️ Thời gian phản hồi: 89.76 ms
2026-05-26 00:03:13,733 | INFO     | [593733] ------------------------------------------
2026-05-26 00:03:13,734 | INFO     | [593733] 📥 NHẬN YÊU CẦU QUÉT KHUÔN MẶT MỚI
2026-05-26 00:03:13,734 | INFO     | [593733] Đã xử lý ảnh thành công. Kích thước tensor: (1, 48, 48, 1)
2026-05-26 00:03:13,791 | INFO     | [593733] ⏱️ Model inference: 56.6 ms
2026-05-26 00:03:13,792 | INFO     | [593733] 📊 Chi tiết dự đoán: {'ANGRY': 6.47, 'DISGUST': 0.14, 'FEAR': 7.51, 'HAPPY': 14.65, 'NEUTRAL': 16.43, 'SAD': 52.98, 'SURPRISE': 1.83}
2026-05-26 00:03:13,792 | INFO     | [593733] 🎯 KẾT QUẢ CHỐT: SAD (52.98%)
2026-05-26 00:03:13,792 | INFO     | [593733] ⏱️ Thời gian phản hồi: 58.61 ms
2026-05-26 00:03:14,386 | INFO     | [594386] ------------------------------------------
2026-05-26 00:03:14,387 | INFO     | [594386] 📥 NHẬN YÊU CẦU QUÉT KHUÔN MẶT MỚI
2026-05-26 00:03:14,387 | INFO     | [594387] ------------------------------------------
2026-05-26 00:03:14,387 | INFO     | [594387] 📥 NHẬN YÊU CẦU QUÉT KHUÔN MẶT MỚI
2026-05-26 00:03:14,389 | INFO     | [594386] Đã xử lý ảnh thành công. Kích thước tensor: (1, 48, 48, 1)
2026-05-26 00:03:14,390 | INFO     | [594387] Đã xử lý ảnh thành công. Kích thước tensor: (1, 48, 48, 1)
2026-05-26 00:03:14,422 | INFO     | [594422] ------------------------------------------
2026-05-26 00:03:14,423 | INFO     | [594422] 📥 NHẬN YÊU CẦU QUÉT KHUÔN MẶT MỚI
2026-05-26 00:03:14,428 | INFO     | [594422] Đã xử lý ảnh thành công. Kích thước tensor: (1, 48, 48, 1)
2026-05-26 00:03:14,510 | INFO     | [594387] ⏱️ Model inference: 117.34 ms
2026-05-26 00:03:14,510 | INFO     | [594387] 📊 Chi tiết dự đoán: {'ANGRY': 6.2, 'DISGUST': 0.13, 'FEAR': 7.25, 'HAPPY': 15.87, 'NEUTRAL': 17.15, 'SAD': 51.55, 'SURPRISE': 1.85}
2026-05-26 00:03:14,510 | INFO     | [594387] 🎯 KẾT QUẢ CHỐT: SAD (51.55%)
2026-05-26 00:03:14,510 | INFO     | [594387] ⏱️ Thời gian phản hồi: 122.69 ms
2026-05-26 00:03:14,514 | INFO     | [594386] ⏱️ Model inference: 125.34 ms
2026-05-26 00:03:14,515 | INFO     | [594386] 📊 Chi tiết dự đoán: {'ANGRY': 6.5, 'DISGUST': 0.13, 'FEAR': 6.72, 'HAPPY': 17.01, 'NEUTRAL': 13.73, 'SAD': 53.65, 'SURPRISE': 2.26}
2026-05-26 00:03:14,515 | INFO     | [594386] 🎯 KẾT QUẢ CHỐT: SAD (53.65%)
2026-05-26 00:03:14,515 | INFO     | [594386] ⏱️ Thời gian phản hồi: 128.98 ms
2026-05-26 00:03:14,528 | INFO     | [594422] ⏱️ Model inference: 96.89 ms
2026-05-26 00:03:14,528 | INFO     | [594422] 📊 Chi tiết dự đoán: {'ANGRY': 6.16, 'DISGUST': 0.12, 'FEAR': 7.6, 'HAPPY': 12.22, 'NEUTRAL': 15.71, 'SAD': 56.09, 'SURPRISE': 2.1}
2026-05-26 00:03:14,529 | INFO     | [594422] 🎯 KẾT QUẢ CHỐT: SAD (56.09%)
2026-05-26 00:03:14,529 | INFO     | [594422] ⏱️ Thời gian phản hồi: 105.95 ms
2026-05-26 00:03:14,994 | INFO     | [594994] ------------------------------------------
2026-05-26 00:03:14,995 | INFO     | [594994] 📥 NHẬN YÊU CẦU QUÉT KHUÔN MẶT MỚI
2026-05-26 00:03:14,995 | INFO     | [594995] ------------------------------------------
2026-05-26 00:03:14,995 | INFO     | [594995] 📥 NHẬN YÊU CẦU QUÉT KHUÔN MẶT MỚI
2026-05-26 00:03:14,996 | INFO     | [594994] Đã xử lý ảnh thành công. Kích thước tensor: (1, 48, 48, 1)
2026-05-26 00:03:14,998 | INFO     | [594995] Đã xử lý ảnh thành công. Kích thước tensor: (1, 48, 48, 1)
2026-05-26 00:03:15,093 | INFO     | [594994] ⏱️ Model inference: 96.68 ms
2026-05-26 00:03:15,093 | INFO     | [594994] 📊 Chi tiết dự đoán: {'ANGRY': 7.41, 'DISGUST': 0.17, 'FEAR': 7.68, 'HAPPY': 16.79, 'NEUTRAL': 14.4, 'SAD': 51.37, 'SURPRISE': 2.17}
2026-05-26 00:03:15,094 | INFO     | [594994] 🎯 KẾT QUẢ CHỐT: SAD (51.37%)
2026-05-26 00:03:15,094 | INFO     | [594994] ⏱️ Thời gian phản hồi: 99.21 ms
2026-05-26 00:03:15,106 | INFO     | [594995] ⏱️ Model inference: 107.14 ms
2026-05-26 00:03:15,107 | INFO     | [594995] 📊 Chi tiết dự đoán: {'ANGRY': 9.15, 'DISGUST': 0.11, 'FEAR': 11.21, 'HAPPY': 5.44, 'NEUTRAL': 11.0, 'SAD': 56.11, 'SURPRISE': 6.98}
2026-05-26 00:03:15,107 | INFO     | [594995] 🎯 KẾT QUẢ CHỐT: SAD (56.11%)
2026-05-26 00:03:15,107 | INFO     | [594995] ⏱️ Thời gian phản hồi: 111.48 ms
2026-05-26 00:03:15,368 | INFO     | [595368] ------------------------------------------
2026-05-26 00:03:15,368 | INFO     | [595368] 📥 NHẬN YÊU CẦU QUÉT KHUÔN MẶT MỚI
2026-05-26 00:03:15,369 | INFO     | [595368] Đã xử lý ảnh thành công. Kích thước tensor: (1, 48, 48, 1)
2026-05-26 00:03:15,416 | INFO     | [595416] ------------------------------------------
2026-05-26 00:03:15,417 | INFO     | [595416] 📥 NHẬN YÊU CẦU QUÉT KHUÔN MẶT MỚI
2026-05-26 00:03:15,417 | INFO     | [595416] Đã xử lý ảnh thành công. Kích thước tensor: (1, 48, 48, 1)
2026-05-26 00:03:15,427 | INFO     | [595368] ⏱️ Model inference: 58.01 ms
2026-05-26 00:03:15,428 | INFO     | [595368] 📊 Chi tiết dự đoán: {'ANGRY': 9.23, 'DISGUST': 0.12, 'FEAR': 10.55, 'HAPPY': 5.53, 'NEUTRAL': 9.06, 'SAD': 59.75, 'SURPRISE': 5.76}
2026-05-26 00:03:15,429 | INFO     | [595368] 🎯 KẾT QUẢ CHỐT: SAD (59.75%)
2026-05-26 00:03:15,429 | INFO     | [595368] ⏱️ Thời gian phản hồi: 59.54 ms
2026-05-26 00:03:15,481 | INFO     | [595416] ⏱️ Model inference: 63.75 ms
2026-05-26 00:03:15,481 | INFO     | [595416] 📊 Chi tiết dự đoán: {'ANGRY': 10.0, 'DISGUST': 0.12, 'FEAR': 12.9, 'HAPPY': 6.81, 'NEUTRAL': 9.25, 'SAD': 51.78, 'SURPRISE': 9.13}
2026-05-26 00:03:15,481 | INFO     | [595416] 🎯 KẾT QUẢ CHỐT: SAD (51.78%)
2026-05-26 00:03:15,481 | INFO     | [595416] ⏱️ Thời gian phản hồi: 64.87 ms
2026-05-26 00:03:15,742 | INFO     | [595742] ------------------------------------------
2026-05-26 00:03:15,743 | INFO     | [595742] 📥 NHẬN YÊU CẦU QUÉT KHUÔN MẶT MỚI
2026-05-26 00:03:15,743 | INFO     | [595742] Đã xử lý ảnh thành công. Kích thước tensor: (1, 48, 48, 1)
2026-05-26 00:03:15,811 | INFO     | [595742] ⏱️ Model inference: 68.49 ms
2026-05-26 00:03:15,812 | INFO     | [595742] 📊 Chi tiết dự đoán: {'ANGRY': 9.14, 'DISGUST': 0.1, 'FEAR': 10.83, 'HAPPY': 5.65, 'NEUTRAL': 9.58, 'SAD': 58.62, 'SURPRISE': 6.09}
2026-05-26 00:03:15,812 | INFO     | [595742] 🎯 KẾT QUẢ CHỐT: SAD (58.62%)
2026-05-26 00:03:15,812 | INFO     | [595742] ⏱️ Thời gian phản hồi: 70.48 ms
2026-05-26 00:03:16,381 | INFO     | [596381] ------------------------------------------
2026-05-26 00:03:16,381 | INFO     | [596381] 📥 NHẬN YÊU CẦU QUÉT KHUÔN MẶT MỚI
2026-05-26 00:03:16,383 | INFO     | [596383] ------------------------------------------
2026-05-26 00:03:16,383 | INFO     | [596383] 📥 NHẬN YÊU CẦU QUÉT KHUÔN MẶT MỚI
2026-05-26 00:03:16,383 | INFO     | [596381] Đã xử lý ảnh thành công. Kích thước tensor: (1, 48, 48, 1)
2026-05-26 00:03:16,386 | INFO     | [596383] Đã xử lý ảnh thành công. Kích thước tensor: (1, 48, 48, 1)
2026-05-26 00:03:16,417 | INFO     | [596417] ------------------------------------------
2026-05-26 00:03:16,417 | INFO     | [596417] 📥 NHẬN YÊU CẦU QUÉT KHUÔN MẶT MỚI
2026-05-26 00:03:16,422 | INFO     | [596417] Đã xử lý ảnh thành công. Kích thước tensor: (1, 48, 48, 1)
2026-05-26 00:03:16,506 | INFO     | [596381] ⏱️ Model inference: 123.73 ms
2026-05-26 00:03:16,507 | INFO     | [596381] 📊 Chi tiết dự đoán: {'ANGRY': 8.73, 'DISGUST': 0.13, 'FEAR': 11.13, 'HAPPY': 5.84, 'NEUTRAL': 8.97, 'SAD': 58.3, 'SURPRISE': 6.9}
2026-05-26 00:03:16,507 | INFO     | [596381] 🎯 KẾT QUẢ CHỐT: SAD (58.30%)
2026-05-26 00:03:16,507 | INFO     | [596381] ⏱️ Thời gian phản hồi: 126.15 ms
2026-05-26 00:03:16,514 | INFO     | [596383] ⏱️ Model inference: 127.66 ms
2026-05-26 00:03:16,514 | INFO     | [596383] 📊 Chi tiết dự đoán: {'ANGRY': 11.34, 'DISGUST': 0.13, 'FEAR': 12.71, 'HAPPY': 6.74, 'NEUTRAL': 8.43, 'SAD': 52.72, 'SURPRISE': 7.94}
2026-05-26 00:03:16,514 | INFO     | [596383] 🎯 KẾT QUẢ CHỐT: SAD (52.72%)
2026-05-26 00:03:16,514 | INFO     | [596383] ⏱️ Thời gian phản hồi: 131.76 ms
2026-05-26 00:03:16,523 | INFO     | [596417] ⏱️ Model inference: 98.46 ms
2026-05-26 00:03:16,524 | INFO     | [596417] 📊 Chi tiết dự đoán: {'ANGRY': 10.07, 'DISGUST': 0.14, 'FEAR': 12.36, 'HAPPY': 8.43, 'NEUTRAL': 9.53, 'SAD': 51.33, 'SURPRISE': 8.12}
2026-05-26 00:03:16,524 | INFO     | [596417] 🎯 KẾT QUẢ CHỐT: SAD (51.33%)
2026-05-26 00:03:16,524 | INFO     | [596417] ⏱️ Thời gian phản hồi: 107.08 ms
2026-05-26 00:03:16,737 | INFO     | [596737] ------------------------------------------
2026-05-26 00:03:16,738 | INFO     | [596737] 📥 NHẬN YÊU CẦU QUÉT KHUÔN MẶT MỚI
2026-05-26 00:03:16,738 | INFO     | [596737] Đã xử lý ảnh thành công. Kích thước tensor: (1, 48, 48, 1)
2026-05-26 00:03:16,805 | INFO     | [596737] ⏱️ Model inference: 66.99 ms
2026-05-26 00:03:16,805 | INFO     | [596737] 📊 Chi tiết dự đoán: {'ANGRY': 8.33, 'DISGUST': 0.12, 'FEAR': 11.14, 'HAPPY': 5.88, 'NEUTRAL': 10.24, 'SAD': 56.95, 'SURPRISE': 7.34}
2026-05-26 00:03:16,805 | INFO     | [596737] 🎯 KẾT QUẢ CHỐT: SAD (56.95%)
2026-05-26 00:03:16,805 | INFO     | [596737] ⏱️ Thời gian phản hồi: 67.99 ms
2026-05-26 00:03:17,375 | INFO     | [597375] ------------------------------------------
2026-05-26 00:03:17,375 | INFO     | [597375] 📥 NHẬN YÊU CẦU QUÉT KHUÔN MẶT MỚI
2026-05-26 00:03:17,375 | INFO     | [597375] ------------------------------------------
2026-05-26 00:03:17,375 | INFO     | [597375] 📥 NHẬN YÊU CẦU QUÉT KHUÔN MẶT MỚI
2026-05-26 00:03:17,375 | INFO     | [597375] Đã xử lý ảnh thành công. Kích thước tensor: (1, 48, 48, 1)
2026-05-26 00:03:17,378 | INFO     | [597375] Đã xử lý ảnh thành công. Kích thước tensor: (1, 48, 48, 1)
2026-05-26 00:03:17,408 | INFO     | [597408] ------------------------------------------
2026-05-26 00:03:17,410 | INFO     | [597408] 📥 NHẬN YÊU CẦU QUÉT KHUÔN MẶT MỚI
2026-05-26 00:03:17,414 | INFO     | [597408] Đã xử lý ảnh thành công. Kích thước tensor: (1, 48, 48, 1)
2026-05-26 00:03:17,504 | INFO     | [597375] ⏱️ Model inference: 129.07 ms
2026-05-26 00:03:17,505 | INFO     | [597375] 📊 Chi tiết dự đoán: {'ANGRY': 7.38, 'DISGUST': 0.11, 'FEAR': 10.69, 'HAPPY': 5.6, 'NEUTRAL': 11.14, 'SAD': 57.87, 'SURPRISE': 7.21}
2026-05-26 00:03:17,506 | INFO     | [597375] 🎯 KẾT QUẢ CHỐT: SAD (57.87%)
2026-05-26 00:03:17,507 | INFO     | [597375] ⏱️ Thời gian phản hồi: 130.07 ms
2026-05-26 00:03:17,536 | INFO     | [597408] ⏱️ Model inference: 121.87 ms
2026-05-26 00:03:17,537 | INFO     | [597408] 📊 Chi tiết dự đoán: {'ANGRY': 7.61, 'DISGUST': 0.25, 'FEAR': 6.84, 'HAPPY': 22.12, 'NEUTRAL': 17.78, 'SAD': 42.85, 'SURPRISE': 2.54}
2026-05-26 00:03:17,537 | INFO     | [597408] 🎯 KẾT QUẢ CHỐT: SAD (42.85%)
2026-05-26 00:03:17,537 | INFO     | [597408] ⏱️ Thời gian phản hồi: 128.24 ms
2026-05-26 00:03:17,551 | INFO     | [597375] ⏱️ Model inference: 171.47 ms
2026-05-26 00:03:17,551 | INFO     | [597375] 📊 Chi tiết dự đoán: {'ANGRY': 6.09, 'DISGUST': 0.2, 'FEAR': 6.97, 'HAPPY': 12.97, 'NEUTRAL': 16.29, 'SAD': 55.22, 'SURPRISE': 2.24}
2026-05-26 00:03:17,552 | INFO     | [597375] 🎯 KẾT QUẢ CHỐT: SAD (55.22%)
2026-05-26 00:03:17,552 | INFO     | [597375] ⏱️ Thời gian phản hồi: 176.0 ms
2026-05-26 00:03:17,732 | INFO     | [597732] ------------------------------------------
2026-05-26 00:03:17,733 | INFO     | [597732] 📥 NHẬN YÊU CẦU QUÉT KHUÔN MẶT MỚI
2026-05-26 00:03:17,733 | INFO     | [597732] Đã xử lý ảnh thành công. Kích thước tensor: (1, 48, 48, 1)
2026-05-26 00:03:17,799 | INFO     | [597732] ⏱️ Model inference: 63.18 ms
2026-05-26 00:03:17,799 | INFO     | [597732] 📊 Chi tiết dự đoán: {'ANGRY': 7.71, 'DISGUST': 0.26, 'FEAR': 7.14, 'HAPPY': 21.05, 'NEUTRAL': 15.77, 'SAD': 45.35, 'SURPRISE': 2.72}
2026-05-26 00:03:17,799 | INFO     | [597732] 🎯 KẾT QUẢ CHỐT: SAD (45.35%)
2026-05-26 00:03:17,799 | INFO     | [597732] ⏱️ Thời gian phản hồi: 66.47 ms
2026-05-26 00:03:18,045 | INFO     | [598045] ------------------------------------------
2026-05-26 00:03:18,045 | INFO     | [598045] 📥 NHẬN YÊU CẦU QUÉT KHUÔN MẶT MỚI
2026-05-26 00:03:18,046 | INFO     | [598045] Đã xử lý ảnh thành công. Kích thước tensor: (1, 48, 48, 1)
2026-05-26 00:03:18,117 | INFO     | [598045] ⏱️ Model inference: 71.34 ms
2026-05-26 00:03:18,119 | INFO     | [598045] 📊 Chi tiết dự đoán: {'ANGRY': 6.39, 'DISGUST': 0.18, 'FEAR': 8.26, 'HAPPY': 11.9, 'NEUTRAL': 16.55, 'SAD': 54.15, 'SURPRISE': 2.57}
2026-05-26 00:03:18,119 | INFO     | [598045] 🎯 KẾT QUẢ CHỐT: SAD (54.15%)
2026-05-26 00:03:18,119 | INFO     | [598045] ⏱️ Thời gian phản hồi: 73.65 ms
2026-05-26 00:03:18,168 | INFO     | [598168] ------------------------------------------
2026-05-26 00:03:18,168 | INFO     | [598168] 📥 NHẬN YÊU CẦU QUÉT KHUÔN MẶT MỚI
2026-05-26 00:03:18,169 | INFO     | [598168] Đã xử lý ảnh thành công. Kích thước tensor: (1, 48, 48, 1)
2026-05-26 00:03:18,240 | INFO     | [598168] ⏱️ Model inference: 70.81 ms
2026-05-26 00:03:18,240 | INFO     | [598168] 📊 Chi tiết dự đoán: {'ANGRY': 6.36, 'DISGUST': 0.16, 'FEAR': 8.99, 'HAPPY': 15.01, 'NEUTRAL': 14.62, 'SAD': 51.88, 'SURPRISE': 2.98}
2026-05-26 00:03:18,241 | INFO     | [598168] 🎯 KẾT QUẢ CHỐT: SAD (51.88%)
2026-05-26 00:03:18,241 | INFO     | [598168] ⏱️ Thời gian phản hồi: 72.08 ms
2026-05-26 00:03:18,417 | INFO     | [598417] ------------------------------------------
2026-05-26 00:03:18,417 | INFO     | [598417] 📥 NHẬN YÊU CẦU QUÉT KHUÔN MẶT MỚI
2026-05-26 00:03:18,418 | INFO     | [598417] Đã xử lý ảnh thành công. Kích thước tensor: (1, 48, 48, 1)
2026-05-26 00:03:18,480 | INFO     | [598417] ⏱️ Model inference: 61.62 ms
2026-05-26 00:03:18,480 | INFO     | [598417] 📊 Chi tiết dự đoán: {'ANGRY': 6.72, 'DISGUST': 0.18, 'FEAR': 7.33, 'HAPPY': 14.67, 'NEUTRAL': 18.45, 'SAD': 50.02, 'SURPRISE': 2.64}
2026-05-26 00:03:18,480 | INFO     | [598417] 🎯 KẾT QUẢ CHỐT: SAD (50.02%)
2026-05-26 00:03:18,480 | INFO     | [598417] ⏱️ Thời gian phản hồi: 62.74 ms
2026-05-26 00:03:18,669 | INFO     | [598669] ------------------------------------------
2026-05-26 00:03:18,669 | INFO     | [598669] 📥 NHẬN YÊU CẦU QUÉT KHUÔN MẶT MỚI
2026-05-26 00:03:18,670 | INFO     | [598669] Đã xử lý ảnh thành công. Kích thước tensor: (1, 48, 48, 1)
2026-05-26 00:03:18,743 | INFO     | [598669] ⏱️ Model inference: 72.97 ms
2026-05-26 00:03:18,743 | INFO     | [598669] 📊 Chi tiết dự đoán: {'ANGRY': 6.15, 'DISGUST': 0.14, 'FEAR': 6.67, 'HAPPY': 13.36, 'NEUTRAL': 16.18, 'SAD': 55.54, 'SURPRISE': 1.97}
2026-05-26 00:03:18,743 | INFO     | [598669] 🎯 KẾT QUẢ CHỐT: SAD (55.54%)
2026-05-26 00:03:18,743 | INFO     | [598669] ⏱️ Thời gian phản hồi: 73.97 ms
2026-05-26 00:03:19,368 | INFO     | [599368] ------------------------------------------
2026-05-26 00:03:19,368 | INFO     | [599368] 📥 NHẬN YÊU CẦU QUÉT KHUÔN MẶT MỚI
2026-05-26 00:03:19,369 | INFO     | [599369] ------------------------------------------
2026-05-26 00:03:19,369 | INFO     | [599369] 📥 NHẬN YÊU CẦU QUÉT KHUÔN MẶT MỚI
2026-05-26 00:03:19,370 | INFO     | [599368] Đã xử lý ảnh thành công. Kích thước tensor: (1, 48, 48, 1)
2026-05-26 00:03:19,372 | INFO     | [599369] Đã xử lý ảnh thành công. Kích thước tensor: (1, 48, 48, 1)
2026-05-26 00:03:19,414 | INFO     | [599414] ------------------------------------------
2026-05-26 00:03:19,416 | INFO     | [599414] 📥 NHẬN YÊU CẦU QUÉT KHUÔN MẶT MỚI
2026-05-26 00:03:19,425 | INFO     | [599414] Đã xử lý ảnh thành công. Kích thước tensor: (1, 48, 48, 1)
2026-05-26 00:03:19,486 | INFO     | [599368] ⏱️ Model inference: 116.31 ms
2026-05-26 00:03:19,487 | INFO     | [599368] 📊 Chi tiết dự đoán: {'ANGRY': 5.54, 'DISGUST': 0.12, 'FEAR': 7.16, 'HAPPY': 13.74, 'NEUTRAL': 20.51, 'SAD': 50.81, 'SURPRISE': 2.12}
2026-05-26 00:03:19,487 | INFO     | [599368] 🎯 KẾT QUẢ CHỐT: SAD (50.81%)
2026-05-26 00:03:19,487 | INFO     | [599368] ⏱️ Thời gian phản hồi: 119.6 ms
2026-05-26 00:03:19,501 | INFO     | [599369] ⏱️ Model inference: 127.84 ms
2026-05-26 00:03:19,501 | INFO     | [599369] 📊 Chi tiết dự đoán: {'ANGRY': 5.12, 'DISGUST': 0.11, 'FEAR': 7.02, 'HAPPY': 10.8, 'NEUTRAL': 17.64, 'SAD': 57.36, 'SURPRISE': 1.96}
2026-05-26 00:03:19,502 | INFO     | [599369] 🎯 KẾT QUẢ CHỐT: SAD (57.36%)
2026-05-26 00:03:19,502 | INFO     | [599369] ⏱️ Thời gian phản hồi: 132.09 ms
2026-05-26 00:03:19,528 | INFO     | [599414] ⏱️ Model inference: 101.68 ms
2026-05-26 00:03:19,528 | INFO     | [599414] 📊 Chi tiết dự đoán: {'ANGRY': 4.94, 'DISGUST': 0.11, 'FEAR': 7.15, 'HAPPY': 10.3, 'NEUTRAL': 18.46, 'SAD': 57.45, 'SURPRISE': 1.58}
2026-05-26 00:03:19,528 | INFO     | [599414] 🎯 KẾT QUẢ CHỐT: SAD (57.45%)
2026-05-26 00:03:19,528 | INFO     | [599414] ⏱️ Thời gian phản hồi: 113.7 ms
2026-05-26 00:03:19,621 | INFO     | [BATCH-599621] ==========================================
2026-05-26 00:03:19,622 | INFO     | [BATCH-599621] 🎞️ NHẬN CHUỖI 5 KHUNG HÌNH (BATCH)
2026-05-26 00:03:20,215 | INFO     | [BATCH-599621] ⏱️ Batch inference elapsed: 592.16 ms (5 frames)
2026-05-26 00:03:20,216 | INFO     | [BATCH-599621] ↳ Frame 1/5: SAD (50.0%)
2026-05-26 00:03:20,216 | INFO     | [BATCH-599621] ↳ Frame 2/5: SAD (55.5%)
2026-05-26 00:03:20,216 | INFO     | [BATCH-599621] ↳ Frame 3/5: SAD (50.8%)
2026-05-26 00:03:20,216 | INFO     | [BATCH-599621] ↳ Frame 4/5: SAD (57.4%)
2026-05-26 00:03:20,217 | INFO     | [BATCH-599621] ↳ Frame 5/5: SAD (57.5%)
2026-05-26 00:03:20,217 | INFO     | [BATCH-599621] 🎯 KẾT QUẢ CHUỖI: SAD (Tần suất: {'SAD': 5})
2026-05-26 00:03:20,217 | INFO     | [BATCH-599621] ⏱️ Tổng thời gian xử lý: 596.49 ms
2026-05-26 00:12:35,458 | INFO     | [155458] ------------------------------------------
2026-05-26 00:12:35,461 | INFO     | [155458] 📥 NHẬN YÊU CẦU QUÉT KHUÔN MẶT MỚI
2026-05-26 00:12:35,463 | INFO     | [155463] ------------------------------------------
2026-05-26 00:12:35,463 | INFO     | [155463] 📥 NHẬN YÊU CẦU QUÉT KHUÔN MẶT MỚI
2026-05-26 00:12:35,465 | INFO     | [155465] ------------------------------------------
2026-05-26 00:12:35,465 | INFO     | [155465] 📥 NHẬN YÊU CẦU QUÉT KHUÔN MẶT MỚI
2026-05-26 00:12:35,510 | INFO     | [155458] Đã xử lý ảnh thành công. Kích thước tensor: (1, 48, 48, 1)
2026-05-26 00:12:35,632 | INFO     | [155463] Đã xử lý ảnh thành công. Kích thước tensor: (1, 48, 48, 1)
2026-05-26 00:12:35,636 | INFO     | [155465] Đã xử lý ảnh thành công. Kích thước tensor: (1, 48, 48, 1)
2026-05-26 00:12:36,191 | INFO     | [155463] ⏱️ Model inference: 557.55 ms
2026-05-26 00:12:36,196 | INFO     | [155463] 📊 Chi tiết dự đoán: {'ANGRY': 7.16, 'DISGUST': 0.18, 'FEAR': 7.4, 'HAPPY': 10.17, 'NEUTRAL': 13.64, 'SAD': 59.18, 'SURPRISE': 2.27}
2026-05-26 00:12:36,196 | INFO     | [155463] 🎯 KẾT QUẢ CHỐT: SAD (59.18%)
2026-05-26 00:12:36,196 | INFO     | [155463] ⏱️ Thời gian phản hồi: 732.3 ms
2026-05-26 00:12:36,201 | INFO     | [155465] ⏱️ Model inference: 565.24 ms
2026-05-26 00:12:36,202 | INFO     | [155465] 📊 Chi tiết dự đoán: {'ANGRY': 7.41, 'DISGUST': 0.14, 'FEAR': 6.54, 'HAPPY': 13.18, 'NEUTRAL': 13.65, 'SAD': 57.18, 'SURPRISE': 1.9}
2026-05-26 00:12:36,202 | INFO     | [155465] 🎯 KẾT QUẢ CHỐT: SAD (57.18%)
2026-05-26 00:12:36,202 | INFO     | [155465] ⏱️ Thời gian phản hồi: 737.14 ms
2026-05-26 00:12:36,203 | INFO     | [155458] ⏱️ Model inference: 692.32 ms
2026-05-26 00:12:36,203 | INFO     | [155458] 📊 Chi tiết dự đoán: {'ANGRY': 5.73, 'DISGUST': 0.1, 'FEAR': 5.67, 'HAPPY': 14.22, 'NEUTRAL': 12.02, 'SAD': 60.49, 'SURPRISE': 1.76}
2026-05-26 00:12:36,203 | INFO     | [155458] 🎯 KẾT QUẢ CHỐT: SAD (60.49%)
2026-05-26 00:12:36,204 | INFO     | [155458] ⏱️ Thời gian phản hồi: 745.22 ms
2026-05-26 00:12:36,216 | INFO     | [156216] ------------------------------------------
2026-05-26 00:12:36,216 | INFO     | [156216] 📥 NHẬN YÊU CẦU QUÉT KHUÔN MẶT MỚI
2026-05-26 00:12:36,218 | INFO     | [156218] ------------------------------------------
2026-05-26 00:12:36,218 | INFO     | [156218] 📥 NHẬN YÊU CẦU QUÉT KHUÔN MẶT MỚI
2026-05-26 00:12:36,218 | INFO     | [156218] ------------------------------------------
2026-05-26 00:12:36,218 | INFO     | [156218] 📥 NHẬN YÊU CẦU QUÉT KHUÔN MẶT MỚI
2026-05-26 00:12:36,219 | INFO     | [156216] Đã xử lý ảnh thành công. Kích thước tensor: (1, 48, 48, 1)
2026-05-26 00:12:36,221 | INFO     | [156218] Đã xử lý ảnh thành công. Kích thước tensor: (1, 48, 48, 1)
2026-05-26 00:12:36,228 | INFO     | [156218] Đã xử lý ảnh thành công. Kích thước tensor: (1, 48, 48, 1)
2026-05-26 00:12:36,366 | INFO     | [156218] ⏱️ Model inference: 136.23 ms
2026-05-26 00:12:36,366 | INFO     | [156218] 📊 Chi tiết dự đoán: {'ANGRY': 5.47, 'DISGUST': 0.11, 'FEAR': 5.62, 'HAPPY': 13.66, 'NEUTRAL': 17.46, 'SAD': 55.3, 'SURPRISE': 2.38}
2026-05-26 00:12:36,366 | INFO     | [156218] 🎯 KẾT QUẢ CHỐT: SAD (55.30%)
2026-05-26 00:12:36,366 | INFO     | [156218] ⏱️ Thời gian phản hồi: 148.6 ms
2026-05-26 00:12:36,376 | INFO     | [156218] ⏱️ Model inference: 153.22 ms
2026-05-26 00:12:36,376 | INFO     | [156218] 📊 Chi tiết dự đoán: {'ANGRY': 6.15, 'DISGUST': 0.13, 'FEAR': 5.5, 'HAPPY': 14.91, 'NEUTRAL': 13.13, 'SAD': 58.25, 'SURPRISE': 1.92}
2026-05-26 00:12:36,376 | INFO     | [156218] 🎯 KẾT QUẢ CHỐT: SAD (58.25%)
2026-05-26 00:12:36,376 | INFO     | [156218] ⏱️ Thời gian phản hồi: 158.2 ms
2026-05-26 00:12:36,391 | INFO     | [156216] ⏱️ Model inference: 172.65 ms
2026-05-26 00:12:36,393 | INFO     | [156216] 📊 Chi tiết dự đoán: {'ANGRY': 5.19, 'DISGUST': 0.1, 'FEAR': 5.07, 'HAPPY': 20.12, 'NEUTRAL': 17.66, 'SAD': 49.57, 'SURPRISE': 2.29}
2026-05-26 00:12:36,393 | INFO     | [156216] 🎯 KẾT QUẢ CHỐT: SAD (49.57%)
2026-05-26 00:12:36,393 | INFO     | [156216] ⏱️ Thời gian phản hồi: 176.33 ms
2026-05-26 00:12:36,602 | INFO     | [156602] ------------------------------------------
2026-05-26 00:12:36,602 | INFO     | [156602] 📥 NHẬN YÊU CẦU QUÉT KHUÔN MẶT MỚI
2026-05-26 00:12:36,603 | INFO     | [156602] Đã xử lý ảnh thành công. Kích thước tensor: (1, 48, 48, 1)
2026-05-26 00:12:36,633 | INFO     | [156633] ------------------------------------------
2026-05-26 00:12:36,634 | INFO     | [156633] 📥 NHẬN YÊU CẦU QUÉT KHUÔN MẶT MỚI
2026-05-26 00:12:36,634 | INFO     | [156633] Đã xử lý ảnh thành công. Kích thước tensor: (1, 48, 48, 1)
2026-05-26 00:12:36,680 | INFO     | [156602] ⏱️ Model inference: 77.52 ms
2026-05-26 00:12:36,680 | INFO     | [156602] 📊 Chi tiết dự đoán: {'ANGRY': 5.78, 'DISGUST': 0.09, 'FEAR': 5.98, 'HAPPY': 14.88, 'NEUTRAL': 15.9, 'SAD': 54.93, 'SURPRISE': 2.42}
2026-05-26 00:12:36,680 | INFO     | [156602] 🎯 KẾT QUẢ CHỐT: SAD (54.93%)
2026-05-26 00:12:36,680 | INFO     | [156602] ⏱️ Thời gian phản hồi: 78.54 ms
2026-05-26 00:12:36,710 | INFO     | [156633] ⏱️ Model inference: 76.31 ms
2026-05-26 00:12:36,711 | INFO     | [156633] 📊 Chi tiết dự đoán: {'ANGRY': 4.53, 'DISGUST': 0.08, 'FEAR': 5.41, 'HAPPY': 15.42, 'NEUTRAL': 17.01, 'SAD': 54.95, 'SURPRISE': 2.59}
2026-05-26 00:12:36,711 | INFO     | [156633] 🎯 KẾT QUẢ CHỐT: SAD (54.95%)
2026-05-26 00:12:36,711 | INFO     | [156633] ⏱️ Thời gian phản hồi: 78.33 ms
2026-05-26 00:12:36,945 | INFO     | [156944] ------------------------------------------
2026-05-26 00:12:36,945 | INFO     | [156944] 📥 NHẬN YÊU CẦU QUÉT KHUÔN MẶT MỚI
2026-05-26 00:12:36,945 | INFO     | [156944] Đã xử lý ảnh thành công. Kích thước tensor: (1, 48, 48, 1)
2026-05-26 00:12:37,017 | INFO     | [156944] ⏱️ Model inference: 71.61 ms
2026-05-26 00:12:37,017 | INFO     | [156944] 📊 Chi tiết dự đoán: {'ANGRY': 4.97, 'DISGUST': 0.08, 'FEAR': 5.11, 'HAPPY': 22.0, 'NEUTRAL': 18.03, 'SAD': 47.33, 'SURPRISE': 2.48}
2026-05-26 00:12:37,017 | INFO     | [156944] 🎯 KẾT QUẢ CHỐT: SAD (47.33%)
2026-05-26 00:12:37,017 | INFO     | [156944] ⏱️ Thời gian phản hồi: 72.76 ms
2026-05-26 00:12:37,133 | INFO     | [157133] ------------------------------------------
2026-05-26 00:12:37,134 | INFO     | [157133] 📥 NHẬN YÊU CẦU QUÉT KHUÔN MẶT MỚI
2026-05-26 00:12:37,134 | INFO     | [157133] Đã xử lý ảnh thành công. Kích thước tensor: (1, 48, 48, 1)
2026-05-26 00:12:37,202 | INFO     | [157133] ⏱️ Model inference: 68.48 ms
2026-05-26 00:12:37,202 | INFO     | [157133] 📊 Chi tiết dự đoán: {'ANGRY': 5.88, 'DISGUST': 0.09, 'FEAR': 5.2, 'HAPPY': 22.41, 'NEUTRAL': 18.4, 'SAD': 46.05, 'SURPRISE': 1.98}
2026-05-26 00:12:37,203 | INFO     | [157133] 🎯 KẾT QUẢ CHỐT: SAD (46.05%)
2026-05-26 00:12:37,203 | INFO     | [157133] ⏱️ Thời gian phản hồi: 69.48 ms
2026-05-26 00:12:37,415 | INFO     | [157415] ------------------------------------------
2026-05-26 00:12:37,415 | INFO     | [157415] 📥 NHẬN YÊU CẦU QUÉT KHUÔN MẶT MỚI
2026-05-26 00:12:37,416 | INFO     | [157415] Đã xử lý ảnh thành công. Kích thước tensor: (1, 48, 48, 1)
2026-05-26 00:12:37,488 | INFO     | [157415] ⏱️ Model inference: 71.43 ms
2026-05-26 00:12:37,488 | INFO     | [157415] 📊 Chi tiết dự đoán: {'ANGRY': 4.97, 'DISGUST': 0.09, 'FEAR': 4.86, 'HAPPY': 13.84, 'NEUTRAL': 20.03, 'SAD': 54.66, 'SURPRISE': 1.55}
2026-05-26 00:12:37,488 | INFO     | [157415] 🎯 KẾT QUẢ CHỐT: SAD (54.66%)
2026-05-26 00:12:37,489 | INFO     | [157415] ⏱️ Thời gian phản hồi: 72.89 ms
2026-05-26 00:12:37,632 | INFO     | [157632] ------------------------------------------
2026-05-26 00:12:37,632 | INFO     | [157632] 📥 NHẬN YÊU CẦU QUÉT KHUÔN MẶT MỚI
2026-05-26 00:12:37,633 | INFO     | [157632] Đã xử lý ảnh thành công. Kích thước tensor: (1, 48, 48, 1)
2026-05-26 00:12:37,695 | INFO     | [157632] ⏱️ Model inference: 61.81 ms
2026-05-26 00:12:37,696 | INFO     | [157632] 📊 Chi tiết dự đoán: {'ANGRY': 5.51, 'DISGUST': 0.11, 'FEAR': 6.14, 'HAPPY': 13.13, 'NEUTRAL': 18.53, 'SAD': 53.71, 'SURPRISE': 2.88}
2026-05-26 00:12:37,696 | INFO     | [157632] 🎯 KẾT QUẢ CHỐT: SAD (53.71%)
2026-05-26 00:12:37,696 | INFO     | [157632] ⏱️ Thời gian phản hồi: 64.48 ms
2026-05-26 00:12:38,596 | INFO     | [158596] ------------------------------------------
2026-05-26 00:12:38,596 | INFO     | [158596] 📥 NHẬN YÊU CẦU QUÉT KHUÔN MẶT MỚI
2026-05-26 00:12:38,597 | INFO     | [158597] ------------------------------------------
2026-05-26 00:12:38,597 | INFO     | [158597] 📥 NHẬN YÊU CẦU QUÉT KHUÔN MẶT MỚI
2026-05-26 00:12:38,597 | INFO     | [158597] ------------------------------------------
2026-05-26 00:12:38,598 | INFO     | [158597] 📥 NHẬN YÊU CẦU QUÉT KHUÔN MẶT MỚI
2026-05-26 00:12:38,598 | INFO     | [158596] Đã xử lý ảnh thành công. Kích thước tensor: (1, 48, 48, 1)
2026-05-26 00:12:38,600 | INFO     | [158597] Đã xử lý ảnh thành công. Kích thước tensor: (1, 48, 48, 1)
2026-05-26 00:12:38,606 | INFO     | [158597] Đã xử lý ảnh thành công. Kích thước tensor: (1, 48, 48, 1)
2026-05-26 00:12:38,719 | INFO     | [158597] ⏱️ Model inference: 112.02 ms
2026-05-26 00:12:38,719 | INFO     | [158597] 📊 Chi tiết dự đoán: {'ANGRY': 5.7, 'DISGUST': 0.12, 'FEAR': 5.36, 'HAPPY': 9.05, 'NEUTRAL': 21.31, 'SAD': 56.34, 'SURPRISE': 2.12}
2026-05-26 00:12:38,719 | INFO     | [158597] 🎯 KẾT QUẢ CHỐT: SAD (56.34%)
2026-05-26 00:12:38,719 | INFO     | [158597] ⏱️ Thời gian phản hồi: 121.98 ms
2026-05-26 00:12:38,728 | INFO     | [158597] ⏱️ Model inference: 126.8 ms
2026-05-26 00:12:38,729 | INFO     | [158597] 📊 Chi tiết dự đoán: {'ANGRY': 5.15, 'DISGUST': 0.08, 'FEAR': 5.39, 'HAPPY': 11.68, 'NEUTRAL': 13.38, 'SAD': 62.64, 'SURPRISE': 1.68}
2026-05-26 00:12:38,729 | INFO     | [158597] 🎯 KẾT QUẢ CHỐT: SAD (62.64%)
2026-05-26 00:12:38,729 | INFO     | [158597] ⏱️ Thời gian phản hồi: 131.31 ms
2026-05-26 00:12:38,738 | INFO     | [158738] ------------------------------------------
2026-05-26 00:12:38,739 | INFO     | [158738] 📥 NHẬN YÊU CẦU QUÉT KHUÔN MẶT MỚI
2026-05-26 00:12:38,739 | INFO     | [158738] Đã xử lý ảnh thành công. Kích thước tensor: (1, 48, 48, 1)
2026-05-26 00:12:38,747 | INFO     | [158596] ⏱️ Model inference: 148.98 ms
2026-05-26 00:12:38,748 | INFO     | [158596] 📊 Chi tiết dự đoán: {'ANGRY': 5.34, 'DISGUST': 0.11, 'FEAR': 5.36, 'HAPPY': 18.59, 'NEUTRAL': 17.75, 'SAD': 50.12, 'SURPRISE': 2.75}
2026-05-26 00:12:38,748 | INFO     | [158596] 🎯 KẾT QUẢ CHỐT: SAD (50.12%)
2026-05-26 00:12:38,748 | INFO     | [158596] ⏱️ Thời gian phản hồi: 151.98 ms
2026-05-26 00:12:38,805 | INFO     | [158738] ⏱️ Model inference: 66.55 ms
2026-05-26 00:12:38,805 | INFO     | [158738] 📊 Chi tiết dự đoán: {'ANGRY': 5.42, 'DISGUST': 0.1, 'FEAR': 5.41, 'HAPPY': 13.03, 'NEUTRAL': 16.56, 'SAD': 57.47, 'SURPRISE': 2.01}
2026-05-26 00:12:38,805 | INFO     | [158738] 🎯 KẾT QUẢ CHỐT: SAD (57.47%)
2026-05-26 00:12:38,806 | INFO     | [158738] ⏱️ Thời gian phản hồi: 67.68 ms
2026-05-26 00:12:39,424 | INFO     | [159424] ------------------------------------------
2026-05-26 00:12:39,424 | INFO     | [159424] 📥 NHẬN YÊU CẦU QUÉT KHUÔN MẶT MỚI
2026-05-26 00:12:39,425 | INFO     | [159425] ------------------------------------------
2026-05-26 00:12:39,425 | INFO     | [159425] 📥 NHẬN YÊU CẦU QUÉT KHUÔN MẶT MỚI
2026-05-26 00:12:39,425 | INFO     | [159425] ------------------------------------------
2026-05-26 00:12:39,426 | INFO     | [159425] 📥 NHẬN YÊU CẦU QUÉT KHUÔN MẶT MỚI
2026-05-26 00:12:39,427 | INFO     | [159424] Đã xử lý ảnh thành công. Kích thước tensor: (1, 48, 48, 1)
2026-05-26 00:12:39,429 | INFO     | [159425] Đã xử lý ảnh thành công. Kích thước tensor: (1, 48, 48, 1)
2026-05-26 00:12:39,432 | INFO     | [159425] Đã xử lý ảnh thành công. Kích thước tensor: (1, 48, 48, 1)
2026-05-26 00:12:39,553 | INFO     | [159425] ⏱️ Model inference: 119.71 ms
2026-05-26 00:12:39,554 | INFO     | [159425] 📊 Chi tiết dự đoán: {'ANGRY': 5.56, 'DISGUST': 0.1, 'FEAR': 5.88, 'HAPPY': 16.16, 'NEUTRAL': 15.41, 'SAD': 54.52, 'SURPRISE': 2.37}
2026-05-26 00:12:39,556 | INFO     | [159425] 🎯 KẾT QUẢ CHỐT: SAD (54.52%)
2026-05-26 00:12:39,556 | INFO     | [159425] ⏱️ Thời gian phản hồi: 129.42 ms
2026-05-26 00:12:39,564 | INFO     | [159424] ⏱️ Model inference: 137.47 ms
2026-05-26 00:12:39,565 | INFO     | [159424] 📊 Chi tiết dự đoán: {'ANGRY': 5.43, 'DISGUST': 0.11, 'FEAR': 5.17, 'HAPPY': 13.71, 'NEUTRAL': 13.33, 'SAD': 60.61, 'SURPRISE': 1.64}
2026-05-26 00:12:39,565 | INFO     | [159424] 🎯 KẾT QUẢ CHỐT: SAD (60.61%)
2026-05-26 00:12:39,565 | INFO     | [159424] ⏱️ Thời gian phản hồi: 140.92 ms
2026-05-26 00:12:39,566 | INFO     | [159425] ⏱️ Model inference: 137.01 ms
2026-05-26 00:12:39,566 | INFO     | [159425] 📊 Chi tiết dự đoán: {'ANGRY': 5.36, 'DISGUST': 0.1, 'FEAR': 5.08, 'HAPPY': 18.99, 'NEUTRAL': 14.15, 'SAD': 54.57, 'SURPRISE': 1.74}
2026-05-26 00:12:39,566 | INFO     | [159425] 🎯 KẾT QUẢ CHỐT: SAD (54.57%)
2026-05-26 00:12:39,566 | INFO     | [159425] ⏱️ Thời gian phản hồi: 141.51 ms
2026-05-26 00:12:39,627 | INFO     | [159627] ------------------------------------------
2026-05-26 00:12:39,627 | INFO     | [159627] 📥 NHẬN YÊU CẦU QUÉT KHUÔN MẶT MỚI
2026-05-26 00:12:39,628 | INFO     | [159627] Đã xử lý ảnh thành công. Kích thước tensor: (1, 48, 48, 1)
2026-05-26 00:12:39,695 | INFO     | [159627] ⏱️ Model inference: 66.95 ms
2026-05-26 00:12:39,696 | INFO     | [159627] 📊 Chi tiết dự đoán: {'ANGRY': 5.79, 'DISGUST': 0.11, 'FEAR': 7.22, 'HAPPY': 10.63, 'NEUTRAL': 14.21, 'SAD': 57.88, 'SURPRISE': 4.15}
2026-05-26 00:12:39,696 | INFO     | [159627] 🎯 KẾT QUẢ CHỐT: SAD (57.88%)
2026-05-26 00:12:39,696 | INFO     | [159627] ⏱️ Thời gian phản hồi: 69.34 ms
2026-05-26 00:12:40,592 | INFO     | [160592] ------------------------------------------
2026-05-26 00:12:40,592 | INFO     | [160592] 📥 NHẬN YÊU CẦU QUÉT KHUÔN MẶT MỚI
2026-05-26 00:12:40,593 | INFO     | [160593] ------------------------------------------
2026-05-26 00:12:40,593 | INFO     | [160593] 📥 NHẬN YÊU CẦU QUÉT KHUÔN MẶT MỚI
2026-05-26 00:12:40,593 | INFO     | [160593] ------------------------------------------
2026-05-26 00:12:40,593 | INFO     | [160593] 📥 NHẬN YÊU CẦU QUÉT KHUÔN MẶT MỚI
2026-05-26 00:12:40,594 | INFO     | [160592] Đã xử lý ảnh thành công. Kích thước tensor: (1, 48, 48, 1)
2026-05-26 00:12:40,596 | INFO     | [160593] Đã xử lý ảnh thành công. Kích thước tensor: (1, 48, 48, 1)
2026-05-26 00:12:40,600 | INFO     | [160593] Đã xử lý ảnh thành công. Kích thước tensor: (1, 48, 48, 1)
2026-05-26 00:12:40,717 | INFO     | [160592] ⏱️ Model inference: 123.36 ms
2026-05-26 00:12:40,717 | INFO     | [160592] 📊 Chi tiết dự đoán: {'ANGRY': 6.27, 'DISGUST': 0.13, 'FEAR': 8.84, 'HAPPY': 9.17, 'NEUTRAL': 16.97, 'SAD': 53.28, 'SURPRISE': 5.35}
2026-05-26 00:12:40,717 | INFO     | [160592] 🎯 KẾT QUẢ CHỐT: SAD (53.28%)
2026-05-26 00:12:40,717 | INFO     | [160592] ⏱️ Thời gian phản hồi: 125.54 ms
2026-05-26 00:12:40,727 | INFO     | [160593] ⏱️ Model inference: 126.24 ms
2026-05-26 00:12:40,728 | INFO     | [160593] 📊 Chi tiết dự đoán: {'ANGRY': 5.3, 'DISGUST': 0.1, 'FEAR': 7.51, 'HAPPY': 11.59, 'NEUTRAL': 13.42, 'SAD': 57.17, 'SURPRISE': 4.92}
2026-05-26 00:12:40,728 | INFO     | [160593] 🎯 KẾT QUẢ CHỐT: SAD (57.17%)
2026-05-26 00:12:40,728 | INFO     | [160593] ⏱️ Thời gian phản hồi: 135.0 ms
2026-05-26 00:12:40,729 | INFO     | [160593] ⏱️ Model inference: 131.34 ms
2026-05-26 00:12:40,729 | INFO     | [160593] 📊 Chi tiết dự đoán: {'ANGRY': 8.2, 'DISGUST': 0.15, 'FEAR': 9.14, 'HAPPY': 16.09, 'NEUTRAL': 13.08, 'SAD': 47.25, 'SURPRISE': 6.08}
2026-05-26 00:12:40,730 | INFO     | [160593] 🎯 KẾT QUẢ CHỐT: SAD (47.25%)
2026-05-26 00:12:40,730 | INFO     | [160593] ⏱️ Thời gian phản hồi: 136.05 ms
2026-05-26 00:12:40,736 | INFO     | [160736] ------------------------------------------
2026-05-26 00:12:40,736 | INFO     | [160736] 📥 NHẬN YÊU CẦU QUÉT KHUÔN MẶT MỚI
2026-05-26 00:12:40,737 | INFO     | [160736] Đã xử lý ảnh thành công. Kích thước tensor: (1, 48, 48, 1)
2026-05-26 00:12:40,800 | INFO     | [160736] ⏱️ Model inference: 63.62 ms
2026-05-26 00:12:40,800 | INFO     | [160736] 📊 Chi tiết dự đoán: {'ANGRY': 7.33, 'DISGUST': 0.13, 'FEAR': 9.88, 'HAPPY': 9.53, 'NEUTRAL': 12.97, 'SAD': 53.2, 'SURPRISE': 6.97}
2026-05-26 00:12:40,800 | INFO     | [160736] 🎯 KẾT QUẢ CHỐT: SAD (53.20%)
2026-05-26 00:12:40,800 | INFO     | [160736] ⏱️ Thời gian phản hồi: 64.61 ms
2026-05-26 00:12:41,418 | INFO     | [161418] ------------------------------------------
2026-05-26 00:12:41,418 | INFO     | [161418] 📥 NHẬN YÊU CẦU QUÉT KHUÔN MẶT MỚI
2026-05-26 00:12:41,419 | INFO     | [161419] ------------------------------------------
2026-05-26 00:12:41,419 | INFO     | [161419] 📥 NHẬN YÊU CẦU QUÉT KHUÔN MẶT MỚI
2026-05-26 00:12:41,421 | INFO     | [161421] ------------------------------------------
2026-05-26 00:12:41,421 | INFO     | [161421] 📥 NHẬN YÊU CẦU QUÉT KHUÔN MẶT MỚI
2026-05-26 00:12:41,422 | INFO     | [161418] Đã xử lý ảnh thành công. Kích thước tensor: (1, 48, 48, 1)
2026-05-26 00:12:41,424 | INFO     | [161419] Đã xử lý ảnh thành công. Kích thước tensor: (1, 48, 48, 1)
2026-05-26 00:12:41,428 | INFO     | [161421] Đã xử lý ảnh thành công. Kích thước tensor: (1, 48, 48, 1)
2026-05-26 00:12:41,531 | INFO     | [161418] ⏱️ Model inference: 109.17 ms
2026-05-26 00:12:41,532 | INFO     | [161418] 📊 Chi tiết dự đoán: {'ANGRY': 9.57, 'DISGUST': 0.14, 'FEAR': 9.95, 'HAPPY': 6.81, 'NEUTRAL': 13.12, 'SAD': 53.6, 'SURPRISE': 6.81}
2026-05-26 00:12:41,532 | INFO     | [161418] 🎯 KẾT QUẢ CHỐT: SAD (53.60%)
2026-05-26 00:12:41,532 | INFO     | [161418] ⏱️ Thời gian phản hồi: 113.43 ms
2026-05-26 00:12:41,538 | INFO     | [161421] ⏱️ Model inference: 109.05 ms
2026-05-26 00:12:41,540 | INFO     | [161421] 📊 Chi tiết dự đoán: {'ANGRY': 9.99, 'DISGUST': 0.14, 'FEAR': 9.45, 'HAPPY': 7.89, 'NEUTRAL': 11.56, 'SAD': 54.06, 'SURPRISE': 6.92}
2026-05-26 00:12:41,540 | INFO     | [161421] 🎯 KẾT QUẢ CHỐT: SAD (54.06%)
2026-05-26 00:12:41,540 | INFO     | [161421] ⏱️ Thời gian phản hồi: 117.75 ms
2026-05-26 00:12:41,572 | INFO     | [161419] ⏱️ Model inference: 147.7 ms
2026-05-26 00:12:41,573 | INFO     | [161419] 📊 Chi tiết dự đoán: {'ANGRY': 10.51, 'DISGUST': 0.17, 'FEAR': 10.0, 'HAPPY': 9.53, 'NEUTRAL': 11.25, 'SAD': 50.13, 'SURPRISE': 8.41}
2026-05-26 00:12:41,573 | INFO     | [161419] 🎯 KẾT QUẢ CHỐT: SAD (50.13%)
2026-05-26 00:12:41,573 | INFO     | [161419] ⏱️ Thời gian phản hồi: 153.75 ms
2026-05-26 00:12:41,636 | INFO     | [161636] ------------------------------------------
2026-05-26 00:12:41,636 | INFO     | [161636] 📥 NHẬN YÊU CẦU QUÉT KHUÔN MẶT MỚI
2026-05-26 00:12:41,636 | INFO     | [161636] Đã xử lý ảnh thành công. Kích thước tensor: (1, 48, 48, 1)
2026-05-26 00:12:41,700 | INFO     | [161636] ⏱️ Model inference: 62.63 ms
2026-05-26 00:12:41,700 | INFO     | [161636] 📊 Chi tiết dự đoán: {'ANGRY': 10.9, 'DISGUST': 0.14, 'FEAR': 9.41, 'HAPPY': 8.41, 'NEUTRAL': 11.35, 'SAD': 53.22, 'SURPRISE': 6.56}
2026-05-26 00:12:41,700 | INFO     | [161636] 🎯 KẾT QUẢ CHỐT: SAD (53.22%)
2026-05-26 00:12:41,701 | INFO     | [161636] ⏱️ Thời gian phản hồi: 63.89 ms
2026-05-26 00:12:42,101 | INFO     | [162101] ------------------------------------------
2026-05-26 00:12:42,101 | INFO     | [162101] 📥 NHẬN YÊU CẦU QUÉT KHUÔN MẶT MỚI
2026-05-26 00:12:42,102 | INFO     | [162101] Đã xử lý ảnh thành công. Kích thước tensor: (1, 48, 48, 1)
2026-05-26 00:12:42,133 | INFO     | [162133] ------------------------------------------
2026-05-26 00:12:42,134 | INFO     | [162133] 📥 NHẬN YÊU CẦU QUÉT KHUÔN MẶT MỚI
2026-05-26 00:12:42,135 | INFO     | [162133] Đã xử lý ảnh thành công. Kích thước tensor: (1, 48, 48, 1)
2026-05-26 00:12:42,190 | INFO     | [162101] ⏱️ Model inference: 87.86 ms
2026-05-26 00:12:42,190 | INFO     | [162101] 📊 Chi tiết dự đoán: {'ANGRY': 10.77, 'DISGUST': 0.13, 'FEAR': 9.42, 'HAPPY': 8.69, 'NEUTRAL': 11.84, 'SAD': 52.51, 'SURPRISE': 6.66}
2026-05-26 00:12:42,190 | INFO     | [162101] 🎯 KẾT QUẢ CHỐT: SAD (52.51%)
2026-05-26 00:12:42,192 | INFO     | [162101] ⏱️ Thời gian phản hồi: 89.36 ms
2026-05-26 00:12:42,224 | INFO     | [162133] ⏱️ Model inference: 87.52 ms
2026-05-26 00:12:42,224 | INFO     | [162133] 📊 Chi tiết dự đoán: {'ANGRY': 9.48, 'DISGUST': 0.23, 'FEAR': 7.17, 'HAPPY': 12.48, 'NEUTRAL': 16.27, 'SAD': 51.3, 'SURPRISE': 3.08}
2026-05-26 00:12:42,224 | INFO     | [162133] 🎯 KẾT QUẢ CHỐT: SAD (51.30%)
2026-05-26 00:12:42,225 | INFO     | [162133] ⏱️ Thời gian phản hồi: 91.01 ms
2026-05-26 00:12:42,386 | INFO     | [162386] ------------------------------------------
2026-05-26 00:12:42,386 | INFO     | [162386] 📥 NHẬN YÊU CẦU QUÉT KHUÔN MẶT MỚI
2026-05-26 00:12:42,387 | INFO     | [162386] Đã xử lý ảnh thành công. Kích thước tensor: (1, 48, 48, 1)
2026-05-26 00:12:42,444 | INFO     | [162386] ⏱️ Model inference: 56.54 ms
2026-05-26 00:12:42,445 | INFO     | [162386] 📊 Chi tiết dự đoán: {'ANGRY': 7.49, 'DISGUST': 0.2, 'FEAR': 6.54, 'HAPPY': 9.43, 'NEUTRAL': 17.51, 'SAD': 56.57, 'SURPRISE': 2.27}
2026-05-26 00:12:42,445 | INFO     | [162386] 🎯 KẾT QUẢ CHỐT: SAD (56.57%)
2026-05-26 00:12:42,445 | INFO     | [162386] ⏱️ Thời gian phản hồi: 59.05 ms
2026-05-26 00:12:42,635 | INFO     | [162635] ------------------------------------------
2026-05-26 00:12:42,635 | INFO     | [162635] 📥 NHẬN YÊU CẦU QUÉT KHUÔN MẶT MỚI
2026-05-26 00:12:42,635 | INFO     | [162635] Đã xử lý ảnh thành công. Kích thước tensor: (1, 48, 48, 1)
2026-05-26 00:12:42,696 | INFO     | [162635] ⏱️ Model inference: 59.72 ms
2026-05-26 00:12:42,697 | INFO     | [162635] 📊 Chi tiết dự đoán: {'ANGRY': 7.73, 'DISGUST': 0.2, 'FEAR': 6.46, 'HAPPY': 9.66, 'NEUTRAL': 18.12, 'SAD': 56.06, 'SURPRISE': 1.78}
2026-05-26 00:12:42,697 | INFO     | [162635] 🎯 KẾT QUẢ CHỐT: SAD (56.06%)
2026-05-26 00:12:42,697 | INFO     | [162635] ⏱️ Thời gian phản hồi: 61.62 ms
2026-05-26 00:12:42,916 | INFO     | [162916] ------------------------------------------
2026-05-26 00:12:42,916 | INFO     | [162916] 📥 NHẬN YÊU CẦU QUÉT KHUÔN MẶT MỚI
2026-05-26 00:12:42,917 | INFO     | [162916] Đã xử lý ảnh thành công. Kích thước tensor: (1, 48, 48, 1)
2026-05-26 00:12:42,980 | INFO     | [162916] ⏱️ Model inference: 62.68 ms
2026-05-26 00:12:42,981 | INFO     | [162916] 📊 Chi tiết dự đoán: {'ANGRY': 5.83, 'DISGUST': 0.14, 'FEAR': 6.39, 'HAPPY': 9.94, 'NEUTRAL': 20.36, 'SAD': 55.59, 'SURPRISE': 1.73}
2026-05-26 00:12:42,981 | INFO     | [162916] 🎯 KẾT QUẢ CHỐT: SAD (55.59%)
2026-05-26 00:12:42,981 | INFO     | [162916] ⏱️ Thời gian phản hồi: 65.13 ms
2026-05-26 00:12:43,414 | INFO     | [163414] ------------------------------------------
2026-05-26 00:12:43,414 | INFO     | [163414] 📥 NHẬN YÊU CẦU QUÉT KHUÔN MẶT MỚI
2026-05-26 00:12:43,414 | INFO     | [163414] ------------------------------------------
2026-05-26 00:12:43,414 | INFO     | [163414] 📥 NHẬN YÊU CẦU QUÉT KHUÔN MẶT MỚI
2026-05-26 00:12:43,415 | INFO     | [163414] Đã xử lý ảnh thành công. Kích thước tensor: (1, 48, 48, 1)
2026-05-26 00:12:43,418 | INFO     | [163414] Đã xử lý ảnh thành công. Kích thước tensor: (1, 48, 48, 1)
2026-05-26 00:12:43,508 | INFO     | [163414] ⏱️ Model inference: 92.7 ms
2026-05-26 00:12:43,508 | INFO     | [163414] 📊 Chi tiết dự đoán: {'ANGRY': 5.69, 'DISGUST': 0.14, 'FEAR': 6.44, 'HAPPY': 11.85, 'NEUTRAL': 19.4, 'SAD': 54.29, 'SURPRISE': 2.19}
2026-05-26 00:12:43,509 | INFO     | [163414] 🎯 KẾT QUẢ CHỐT: SAD (54.29%)
2026-05-26 00:12:43,509 | INFO     | [163414] ⏱️ Thời gian phản hồi: 94.04 ms
2026-05-26 00:12:43,516 | INFO     | [163414] ⏱️ Model inference: 97.87 ms
2026-05-26 00:12:43,517 | INFO     | [163414] 📊 Chi tiết dự đoán: {'ANGRY': 6.05, 'DISGUST': 0.1, 'FEAR': 7.07, 'HAPPY': 14.35, 'NEUTRAL': 14.48, 'SAD': 56.54, 'SURPRISE': 1.41}
2026-05-26 00:12:43,517 | INFO     | [163414] 🎯 KẾT QUẢ CHỐT: SAD (56.54%)
2026-05-26 00:12:43,517 | INFO     | [163414] ⏱️ Thời gian phản hồi: 103.51 ms
2026-05-26 00:12:43,632 | INFO     | [163632] ------------------------------------------
2026-05-26 00:12:43,633 | INFO     | [163632] 📥 NHẬN YÊU CẦU QUÉT KHUÔN MẶT MỚI
2026-05-26 00:12:43,633 | INFO     | [163632] Đã xử lý ảnh thành công. Kích thước tensor: (1, 48, 48, 1)
2026-05-26 00:12:43,691 | INFO     | [163632] ⏱️ Model inference: 56.75 ms
2026-05-26 00:12:43,691 | INFO     | [163632] 📊 Chi tiết dự đoán: {'ANGRY': 5.58, 'DISGUST': 0.12, 'FEAR': 5.86, 'HAPPY': 8.32, 'NEUTRAL': 14.5, 'SAD': 64.45, 'SURPRISE': 1.17}
2026-05-26 00:12:43,691 | INFO     | [163632] 🎯 KẾT QUẢ CHỐT: SAD (64.45%)
2026-05-26 00:12:43,692 | INFO     | [163632] ⏱️ Thời gian phản hồi: 59.11 ms
2026-05-26 00:12:44,503 | INFO     | [164503] ------------------------------------------
2026-05-26 00:12:44,503 | INFO     | [164503] 📥 NHẬN YÊU CẦU QUÉT KHUÔN MẶT MỚI
2026-05-26 00:12:44,504 | INFO     | [164504] ------------------------------------------
2026-05-26 00:12:44,504 | INFO     | [164504] 📥 NHẬN YÊU CẦU QUÉT KHUÔN MẶT MỚI
2026-05-26 00:12:44,504 | INFO     | [164504] ------------------------------------------
2026-05-26 00:12:44,504 | INFO     | [164504] 📥 NHẬN YÊU CẦU QUÉT KHUÔN MẶT MỚI
2026-05-26 00:12:44,506 | INFO     | [164503] Đã xử lý ảnh thành công. Kích thước tensor: (1, 48, 48, 1)
2026-05-26 00:12:44,508 | INFO     | [164504] Đã xử lý ảnh thành công. Kích thước tensor: (1, 48, 48, 1)
2026-05-26 00:12:44,511 | INFO     | [164504] Đã xử lý ảnh thành công. Kích thước tensor: (1, 48, 48, 1)
2026-05-26 00:12:44,622 | INFO     | [164504] ⏱️ Model inference: 114.39 ms
2026-05-26 00:12:44,622 | INFO     | [164504] 📊 Chi tiết dự đoán: {'ANGRY': 5.65, 'DISGUST': 0.11, 'FEAR': 5.79, 'HAPPY': 17.2, 'NEUTRAL': 13.28, 'SAD': 55.93, 'SURPRISE': 2.05}
2026-05-26 00:12:44,623 | INFO     | [164504] 🎯 KẾT QUẢ CHỐT: SAD (55.93%)
2026-05-26 00:12:44,623 | INFO     | [164504] ⏱️ Thời gian phản hồi: 117.86 ms
2026-05-26 00:12:44,626 | INFO     | [164503] ⏱️ Model inference: 120.23 ms
2026-05-26 00:12:44,626 | INFO     | [164503] 📊 Chi tiết dự đoán: {'ANGRY': 5.71, 'DISGUST': 0.14, 'FEAR': 5.78, 'HAPPY': 9.62, 'NEUTRAL': 16.06, 'SAD': 61.14, 'SURPRISE': 1.56}
2026-05-26 00:12:44,626 | INFO     | [164503] 🎯 KẾT QUẢ CHỐT: SAD (61.14%)
2026-05-26 00:12:44,627 | INFO     | [164503] ⏱️ Thời gian phản hồi: 122.7 ms
2026-05-26 00:12:44,634 | INFO     | [164504] ⏱️ Model inference: 119.02 ms
2026-05-26 00:12:44,635 | INFO     | [164504] 📊 Chi tiết dự đoán: {'ANGRY': 5.28, 'DISGUST': 0.12, 'FEAR': 5.82, 'HAPPY': 10.37, 'NEUTRAL': 14.45, 'SAD': 62.45, 'SURPRISE': 1.51}
2026-05-26 00:12:44,635 | INFO     | [164504] 🎯 KẾT QUẢ CHỐT: SAD (62.45%)
2026-05-26 00:12:44,635 | INFO     | [164504] ⏱️ Thời gian phản hồi: 130.93 ms
2026-05-26 00:12:44,644 | INFO     | [164644] ------------------------------------------
2026-05-26 00:12:44,645 | INFO     | [164644] 📥 NHẬN YÊU CẦU QUÉT KHUÔN MẶT MỚI
2026-05-26 00:12:44,645 | INFO     | [164644] Đã xử lý ảnh thành công. Kích thước tensor: (1, 48, 48, 1)
2026-05-26 00:12:44,703 | INFO     | [164644] ⏱️ Model inference: 56.82 ms
2026-05-26 00:12:44,703 | INFO     | [164644] 📊 Chi tiết dự đoán: {'ANGRY': 5.68, 'DISGUST': 0.13, 'FEAR': 5.14, 'HAPPY': 12.5, 'NEUTRAL': 17.85, 'SAD': 57.07, 'SURPRISE': 1.64}
2026-05-26 00:12:44,703 | INFO     | [164644] 🎯 KẾT QUẢ CHỐT: SAD (57.07%)
2026-05-26 00:12:44,704 | INFO     | [164644] ⏱️ Thời gian phản hồi: 58.82 ms
2026-05-26 00:12:44,907 | INFO     | [164907] ------------------------------------------
2026-05-26 00:12:44,908 | INFO     | [164907] 📥 NHẬN YÊU CẦU QUÉT KHUÔN MẶT MỚI
2026-05-26 00:12:44,913 | INFO     | [BATCH-164913] ==========================================
2026-05-26 00:12:44,914 | INFO     | [BATCH-164913] 🎞️ NHẬN CHUỖI 5 KHUNG HÌNH (BATCH)
2026-05-26 00:12:44,916 | INFO     | [164907] Đã xử lý ảnh thành công. Kích thước tensor: (1, 48, 48, 1)
2026-05-26 00:12:45,057 | INFO     | [164907] ⏱️ Model inference: 140.52 ms
2026-05-26 00:12:45,057 | INFO     | [164907] 📊 Chi tiết dự đoán: {'ANGRY': 5.83, 'DISGUST': 0.13, 'FEAR': 5.16, 'HAPPY': 11.09, 'NEUTRAL': 16.31, 'SAD': 59.85, 'SURPRISE': 1.63}
2026-05-26 00:12:45,058 | INFO     | [164907] 🎯 KẾT QUẢ CHỐT: SAD (59.85%)
2026-05-26 00:12:45,060 | INFO     | [164907] ⏱️ Thời gian phản hồi: 149.78 ms
2026-05-26 00:12:45,394 | INFO     | [BATCH-164913] ⏱️ Batch inference elapsed: 477.07 ms (5 frames)
2026-05-26 00:12:45,395 | INFO     | [BATCH-164913] ↳ Frame 1/5: SAD (64.5%)
2026-05-26 00:12:45,395 | INFO     | [BATCH-164913] ↳ Frame 2/5: SAD (55.9%)
2026-05-26 00:12:45,395 | INFO     | [BATCH-164913] ↳ Frame 3/5: SAD (62.5%)
2026-05-26 00:12:45,395 | INFO     | [BATCH-164913] ↳ Frame 4/5: SAD (61.1%)
2026-05-26 00:12:45,395 | INFO     | [BATCH-164913] ↳ Frame 5/5: SAD (57.1%)
2026-05-26 00:12:45,396 | INFO     | [BATCH-164913] 🎯 KẾT QUẢ CHUỖI: SAD (Tần suất: {'SAD': 5})
2026-05-26 00:12:45,396 | INFO     | [BATCH-164913] ⏱️ Tổng thời gian xử lý: 482.82 ms
2026-05-26 00:19:38,876 | INFO     | [578876] ------------------------------------------
2026-05-26 00:19:38,878 | INFO     | [578876] 📥 NHẬN YÊU CẦU QUÉT KHUÔN MẶT MỚI
2026-05-26 00:19:38,881 | INFO     | [578881] ------------------------------------------
2026-05-26 00:19:38,881 | INFO     | [578881] 📥 NHẬN YÊU CẦU QUÉT KHUÔN MẶT MỚI
2026-05-26 00:19:38,883 | INFO     | [578883] ------------------------------------------
2026-05-26 00:19:38,883 | INFO     | [578883] 📥 NHẬN YÊU CẦU QUÉT KHUÔN MẶT MỚI
2026-05-26 00:19:38,930 | INFO     | [578876] Đã xử lý ảnh thành công. Kích thước tensor: (1, 48, 48, 1)
2026-05-26 00:19:39,050 | INFO     | [578881] Đã xử lý ảnh thành công. Kích thước tensor: (1, 48, 48, 1)
2026-05-26 00:19:39,055 | INFO     | [578883] Đã xử lý ảnh thành công. Kích thước tensor: (1, 48, 48, 1)
2026-05-26 00:19:39,605 | INFO     | [578876] ⏱️ Model inference: 675.77 ms
2026-05-26 00:19:39,608 | INFO     | [578876] 📊 Chi tiết dự đoán: {'ANGRY': 5.55, 'DISGUST': 0.12, 'FEAR': 8.55, 'HAPPY': 5.41, 'NEUTRAL': 12.23, 'SAD': 62.07, 'SURPRISE': 6.07}
2026-05-26 00:19:39,608 | INFO     | [578876] 🎯 KẾT QUẢ CHỐT: SAD (62.07%)
2026-05-26 00:19:39,608 | INFO     | [578876] ⏱️ Thời gian phản hồi: 732.46 ms
2026-05-26 00:19:39,611 | INFO     | [578883] ⏱️ Model inference: 555.38 ms
2026-05-26 00:19:39,613 | INFO     | [578883] 📊 Chi tiết dự đoán: {'ANGRY': 5.39, 'DISGUST': 0.1, 'FEAR': 7.76, 'HAPPY': 4.73, 'NEUTRAL': 13.38, 'SAD': 63.41, 'SURPRISE': 5.23}
2026-05-26 00:19:39,613 | INFO     | [578883] 🎯 KẾT QUẢ CHỐT: SAD (63.41%)
2026-05-26 00:19:39,613 | INFO     | [578883] ⏱️ Thời gian phản hồi: 728.13 ms
2026-05-26 00:19:39,614 | INFO     | [578881] ⏱️ Model inference: 563.32 ms
2026-05-26 00:19:39,614 | INFO     | [578881] 📊 Chi tiết dự đoán: {'ANGRY': 5.74, 'DISGUST': 0.13, 'FEAR': 8.16, 'HAPPY': 4.26, 'NEUTRAL': 13.77, 'SAD': 63.01, 'SURPRISE': 4.92}
2026-05-26 00:19:39,614 | INFO     | [578881] 🎯 KẾT QUẢ CHỐT: SAD (63.01%)
2026-05-26 00:19:39,614 | INFO     | [578881] ⏱️ Thời gian phản hồi: 732.14 ms
2026-05-26 00:19:39,635 | INFO     | [579635] ------------------------------------------
2026-05-26 00:19:39,635 | INFO     | [579635] 📥 NHẬN YÊU CẦU QUÉT KHUÔN MẶT MỚI
2026-05-26 00:19:39,636 | INFO     | [579635] Đã xử lý ảnh thành công. Kích thước tensor: (1, 48, 48, 1)
2026-05-26 00:19:39,650 | INFO     | [579649] ------------------------------------------
2026-05-26 00:19:39,652 | INFO     | [579649] 📥 NHẬN YÊU CẦU QUÉT KHUÔN MẶT MỚI
2026-05-26 00:19:39,655 | INFO     | [579655] ------------------------------------------
2026-05-26 00:19:39,656 | INFO     | [579655] 📥 NHẬN YÊU CẦU QUÉT KHUÔN MẶT MỚI
2026-05-26 00:19:39,658 | INFO     | [579649] Đã xử lý ảnh thành công. Kích thước tensor: (1, 48, 48, 1)
2026-05-26 00:19:39,661 | INFO     | [579655] Đã xử lý ảnh thành công. Kích thước tensor: (1, 48, 48, 1)
2026-05-26 00:19:39,830 | INFO     | [579635] ⏱️ Model inference: 194.08 ms
2026-05-26 00:19:39,830 | INFO     | [579635] 📊 Chi tiết dự đoán: {'ANGRY': 5.17, 'DISGUST': 0.12, 'FEAR': 7.56, 'HAPPY': 4.31, 'NEUTRAL': 12.83, 'SAD': 65.3, 'SURPRISE': 4.71}
2026-05-26 00:19:39,830 | INFO     | [579635] 🎯 KẾT QUẢ CHỐT: SAD (65.30%)
2026-05-26 00:19:39,830 | INFO     | [579635] ⏱️ Thời gian phản hồi: 195.08 ms
2026-05-26 00:19:39,846 | INFO     | [579655] ⏱️ Model inference: 175.77 ms
2026-05-26 00:19:39,847 | INFO     | [579655] 📊 Chi tiết dự đoán: {'ANGRY': 6.22, 'DISGUST': 0.13, 'FEAR': 8.28, 'HAPPY': 6.56, 'NEUTRAL': 11.25, 'SAD': 61.86, 'SURPRISE': 5.69}
2026-05-26 00:19:39,847 | INFO     | [579655] 🎯 KẾT QUẢ CHỐT: SAD (61.86%)
2026-05-26 00:19:39,847 | INFO     | [579655] ⏱️ Thời gian phản hồi: 192.06 ms
2026-05-26 00:19:39,852 | INFO     | [579852] ------------------------------------------
2026-05-26 00:19:39,853 | INFO     | [579852] 📥 NHẬN YÊU CẦU QUÉT KHUÔN MẶT MỚI
2026-05-26 00:19:39,858 | INFO     | [579852] Đã xử lý ảnh thành công. Kích thước tensor: (1, 48, 48, 1)
2026-05-26 00:19:39,871 | INFO     | [579870] ------------------------------------------
2026-05-26 00:19:39,871 | INFO     | [579870] 📥 NHẬN YÊU CẦU QUÉT KHUÔN MẶT MỚI
2026-05-26 00:19:39,873 | INFO     | [579649] ⏱️ Model inference: 214.08 ms
2026-05-26 00:19:39,874 | INFO     | [579649] 📊 Chi tiết dự đoán: {'ANGRY': 5.43, 'DISGUST': 0.1, 'FEAR': 8.28, 'HAPPY': 4.48, 'NEUTRAL': 12.96, 'SAD': 63.86, 'SURPRISE': 4.89}
2026-05-26 00:19:39,875 | INFO     | [579649] 🎯 KẾT QUẢ CHỐT: SAD (63.86%)
2026-05-26 00:19:39,875 | INFO     | [579649] ⏱️ Thời gian phản hồi: 224.98 ms
2026-05-26 00:19:39,879 | INFO     | [579870] Đã xử lý ảnh thành công. Kích thước tensor: (1, 48, 48, 1)
2026-05-26 00:19:39,982 | INFO     | [579870] ⏱️ Model inference: 102.12 ms
2026-05-26 00:19:39,982 | INFO     | [579870] 📊 Chi tiết dự đoán: {'ANGRY': 6.25, 'DISGUST': 0.12, 'FEAR': 8.72, 'HAPPY': 5.27, 'NEUTRAL': 12.15, 'SAD': 61.69, 'SURPRISE': 5.8}
2026-05-26 00:19:39,982 | INFO     | [579870] 🎯 KẾT QUẢ CHỐT: SAD (61.69%)
2026-05-26 00:19:39,982 | INFO     | [579870] ⏱️ Thời gian phản hồi: 112.08 ms
2026-05-26 00:19:39,992 | INFO     | [579852] ⏱️ Model inference: 132.77 ms
2026-05-26 00:19:39,992 | INFO     | [579852] 📊 Chi tiết dự đoán: {'ANGRY': 5.56, 'DISGUST': 0.11, 'FEAR': 7.91, 'HAPPY': 4.79, 'NEUTRAL': 12.2, 'SAD': 64.74, 'SURPRISE': 4.7}
2026-05-26 00:19:39,992 | INFO     | [579852] 🎯 KẾT QUẢ CHỐT: SAD (64.74%)
2026-05-26 00:19:39,992 | INFO     | [579852] ⏱️ Thời gian phản hồi: 139.29 ms
2026-05-26 00:19:40,534 | INFO     | [580534] ------------------------------------------
2026-05-26 00:19:40,534 | INFO     | [580534] 📥 NHẬN YÊU CẦU QUÉT KHUÔN MẶT MỚI
2026-05-26 00:19:40,535 | INFO     | [580535] ------------------------------------------
2026-05-26 00:19:40,535 | INFO     | [580535] 📥 NHẬN YÊU CẦU QUÉT KHUÔN MẶT MỚI
2026-05-26 00:19:40,536 | INFO     | [580534] Đã xử lý ảnh thành công. Kích thước tensor: (1, 48, 48, 1)
2026-05-26 00:19:40,538 | INFO     | [580535] Đã xử lý ảnh thành công. Kích thước tensor: (1, 48, 48, 1)
2026-05-26 00:19:40,639 | INFO     | [580534] ⏱️ Model inference: 103.34 ms
2026-05-26 00:19:40,640 | INFO     | [580534] 📊 Chi tiết dự đoán: {'ANGRY': 6.23, 'DISGUST': 0.15, 'FEAR': 8.1, 'HAPPY': 5.16, 'NEUTRAL': 10.7, 'SAD': 65.8, 'SURPRISE': 3.86}
2026-05-26 00:19:40,640 | INFO     | [580534] 🎯 KẾT QUẢ CHỐT: SAD (65.80%)
2026-05-26 00:19:40,640 | INFO     | [580534] ⏱️ Thời gian phản hồi: 106.65 ms
2026-05-26 00:19:40,641 | INFO     | [580535] ⏱️ Model inference: 103.34 ms
2026-05-26 00:19:40,642 | INFO     | [580535] 📊 Chi tiết dự đoán: {'ANGRY': 6.5, 'DISGUST': 0.13, 'FEAR': 8.1, 'HAPPY': 4.32, 'NEUTRAL': 10.19, 'SAD': 66.33, 'SURPRISE': 4.42}
2026-05-26 00:19:40,642 | INFO     | [580535] 🎯 KẾT QUẢ CHỐT: SAD (66.33%)
2026-05-26 00:19:40,642 | INFO     | [580535] ⏱️ Thời gian phản hồi: 106.34 ms
2026-05-26 00:19:40,785 | INFO     | [580785] ------------------------------------------
2026-05-26 00:19:40,785 | INFO     | [580785] 📥 NHẬN YÊU CẦU QUÉT KHUÔN MẶT MỚI
2026-05-26 00:19:40,786 | INFO     | [580785] Đã xử lý ảnh thành công. Kích thước tensor: (1, 48, 48, 1)
2026-05-26 00:19:40,834 | INFO     | [580834] ------------------------------------------
2026-05-26 00:19:40,834 | INFO     | [580834] 📥 NHẬN YÊU CẦU QUÉT KHUÔN MẶT MỚI
2026-05-26 00:19:40,835 | INFO     | [580834] Đã xử lý ảnh thành công. Kích thước tensor: (1, 48, 48, 1)
2026-05-26 00:19:40,850 | INFO     | [580785] ⏱️ Model inference: 64.12 ms
2026-05-26 00:19:40,851 | INFO     | [580785] 📊 Chi tiết dự đoán: {'ANGRY': 6.12, 'DISGUST': 0.15, 'FEAR': 8.18, 'HAPPY': 5.81, 'NEUTRAL': 11.9, 'SAD': 63.26, 'SURPRISE': 4.58}
2026-05-26 00:19:40,852 | INFO     | [580785] 🎯 KẾT QUẢ CHỐT: SAD (63.26%)
2026-05-26 00:19:40,853 | INFO     | [580785] ⏱️ Thời gian phản hồi: 66.7 ms
2026-05-26 00:19:40,912 | INFO     | [580834] ⏱️ Model inference: 77.01 ms
2026-05-26 00:19:40,912 | INFO     | [580834] 📊 Chi tiết dự đoán: {'ANGRY': 5.84, 'DISGUST': 0.12, 'FEAR': 7.69, 'HAPPY': 4.59, 'NEUTRAL': 11.15, 'SAD': 66.41, 'SURPRISE': 4.19}
2026-05-26 00:19:40,913 | INFO     | [580834] 🎯 KẾT QUẢ CHỐT: SAD (66.41%)
2026-05-26 00:19:40,913 | INFO     | [580834] ⏱️ Thời gian phản hồi: 78.01 ms
2026-05-26 00:19:41,410 | INFO     | [581410] ------------------------------------------
2026-05-26 00:19:41,410 | INFO     | [581410] 📥 NHẬN YÊU CẦU QUÉT KHUÔN MẶT MỚI
2026-05-26 00:19:41,410 | INFO     | [581410] ------------------------------------------
2026-05-26 00:19:41,412 | INFO     | [581410] 📥 NHẬN YÊU CẦU QUÉT KHUÔN MẶT MỚI
2026-05-26 00:19:41,412 | INFO     | [581410] Đã xử lý ảnh thành công. Kích thước tensor: (1, 48, 48, 1)
2026-05-26 00:19:41,414 | INFO     | [581410] Đã xử lý ảnh thành công. Kích thước tensor: (1, 48, 48, 1)
2026-05-26 00:19:41,514 | INFO     | [581410] ⏱️ Model inference: 98.03 ms
2026-05-26 00:19:41,515 | INFO     | [581410] 📊 Chi tiết dự đoán: {'ANGRY': 5.43, 'DISGUST': 0.15, 'FEAR': 7.32, 'HAPPY': 5.07, 'NEUTRAL': 12.68, 'SAD': 65.73, 'SURPRISE': 3.62}
2026-05-26 00:19:41,515 | INFO     | [581410] 🎯 KẾT QUẢ CHỐT: SAD (65.73%)
2026-05-26 00:19:41,515 | INFO     | [581410] ⏱️ Thời gian phản hồi: 105.15 ms
2026-05-26 00:19:41,517 | INFO     | [581410] ⏱️ Model inference: 105.85 ms
2026-05-26 00:19:41,517 | INFO     | [581410] 📊 Chi tiết dự đoán: {'ANGRY': 4.89, 'DISGUST': 0.12, 'FEAR': 6.97, 'HAPPY': 5.4, 'NEUTRAL': 13.96, 'SAD': 64.85, 'SURPRISE': 3.8}
2026-05-26 00:19:41,517 | INFO     | [581410] 🎯 KẾT QUẢ CHỐT: SAD (64.85%)
2026-05-26 00:19:41,517 | INFO     | [581410] ⏱️ Thời gian phản hồi: 107.36 ms
2026-05-26 00:19:41,798 | INFO     | [581798] ------------------------------------------
2026-05-26 00:19:41,798 | INFO     | [581798] 📥 NHẬN YÊU CẦU QUÉT KHUÔN MẶT MỚI
2026-05-26 00:19:41,801 | INFO     | [581798] Đã xử lý ảnh thành công. Kích thước tensor: (1, 48, 48, 1)
2026-05-26 00:19:41,827 | INFO     | [581827] ------------------------------------------
2026-05-26 00:19:41,829 | INFO     | [581827] 📥 NHẬN YÊU CẦU QUÉT KHUÔN MẶT MỚI
2026-05-26 00:19:41,830 | INFO     | [581827] Đã xử lý ảnh thành công. Kích thước tensor: (1, 48, 48, 1)
2026-05-26 00:19:41,891 | INFO     | [581798] ⏱️ Model inference: 89.97 ms
2026-05-26 00:19:41,892 | INFO     | [581798] 📊 Chi tiết dự đoán: {'ANGRY': 5.04, 'DISGUST': 0.11, 'FEAR': 7.2, 'HAPPY': 4.98, 'NEUTRAL': 13.23, 'SAD': 65.48, 'SURPRISE': 3.97}
2026-05-26 00:19:41,892 | INFO     | [581798] 🎯 KẾT QUẢ CHỐT: SAD (65.48%)
2026-05-26 00:19:41,892 | INFO     | [581798] ⏱️ Thời gian phản hồi: 92.32 ms
2026-05-26 00:19:41,914 | INFO     | [581827] ⏱️ Model inference: 84.39 ms
2026-05-26 00:19:41,915 | INFO     | [581827] 📊 Chi tiết dự đoán: {'ANGRY': 5.45, 'DISGUST': 0.13, 'FEAR': 7.84, 'HAPPY': 5.25, 'NEUTRAL': 11.64, 'SAD': 65.06, 'SURPRISE': 4.63}
2026-05-26 00:19:41,915 | INFO     | [581827] 🎯 KẾT QUẢ CHỐT: SAD (65.06%)
2026-05-26 00:19:41,915 | INFO     | [581827] ⏱️ Thời gian phản hồi: 87.96 ms
2026-05-26 00:19:42,794 | INFO     | [582794] ------------------------------------------
2026-05-26 00:19:42,794 | INFO     | [582794] 📥 NHẬN YÊU CẦU QUÉT KHUÔN MẶT MỚI
2026-05-26 00:19:42,794 | INFO     | [582794] ------------------------------------------
2026-05-26 00:19:42,794 | INFO     | [582794] 📥 NHẬN YÊU CẦU QUÉT KHUÔN MẶT MỚI
2026-05-26 00:19:42,795 | INFO     | [582795] ------------------------------------------
2026-05-26 00:19:42,795 | INFO     | [582795] 📥 NHẬN YÊU CẦU QUÉT KHUÔN MẶT MỚI
2026-05-26 00:19:42,796 | INFO     | [582794] Đã xử lý ảnh thành công. Kích thước tensor: (1, 48, 48, 1)
2026-05-26 00:19:42,797 | INFO     | [582794] Đã xử lý ảnh thành công. Kích thước tensor: (1, 48, 48, 1)
2026-05-26 00:19:42,805 | INFO     | [582795] Đã xử lý ảnh thành công. Kích thước tensor: (1, 48, 48, 1)
2026-05-26 00:19:42,930 | INFO     | [582794] ⏱️ Model inference: 134.3 ms
2026-05-26 00:19:42,930 | INFO     | [582794] 📊 Chi tiết dự đoán: {'ANGRY': 5.25, 'DISGUST': 0.14, 'FEAR': 8.33, 'HAPPY': 4.16, 'NEUTRAL': 11.83, 'SAD': 64.85, 'SURPRISE': 5.45}
2026-05-26 00:19:42,930 | INFO     | [582794] 🎯 KẾT QUẢ CHỐT: SAD (64.85%)
2026-05-26 00:19:42,930 | INFO     | [582794] ⏱️ Thời gian phản hồi: 136.61 ms
2026-05-26 00:19:42,943 | INFO     | [582795] ⏱️ Model inference: 136.78 ms
2026-05-26 00:19:42,945 | INFO     | [582795] 📊 Chi tiết dự đoán: {'ANGRY': 5.1, 'DISGUST': 0.13, 'FEAR': 8.26, 'HAPPY': 3.7, 'NEUTRAL': 10.44, 'SAD': 67.17, 'SURPRISE': 5.19}
2026-05-26 00:19:42,945 | INFO     | [582795] 🎯 KẾT QUẢ CHỐT: SAD (67.17%)
2026-05-26 00:19:42,945 | INFO     | [582795] ⏱️ Thời gian phản hồi: 149.51 ms
2026-05-26 00:19:42,949 | INFO     | [582947] ------------------------------------------
2026-05-26 00:19:42,949 | INFO     | [582947] 📥 NHẬN YÊU CẦU QUÉT KHUÔN MẶT MỚI
2026-05-26 00:19:42,950 | INFO     | [582947] Đã xử lý ảnh thành công. Kích thước tensor: (1, 48, 48, 1)
2026-05-26 00:19:42,997 | INFO     | [582794] ⏱️ Model inference: 198.62 ms
2026-05-26 00:19:42,998 | INFO     | [582794] 📊 Chi tiết dự đoán: {'ANGRY': 5.67, 'DISGUST': 0.12, 'FEAR': 7.68, 'HAPPY': 5.19, 'NEUTRAL': 13.39, 'SAD': 64.06, 'SURPRISE': 3.9}
2026-05-26 00:19:42,999 | INFO     | [582794] 🎯 KẾT QUẢ CHỐT: SAD (64.06%)
2026-05-26 00:19:43,000 | INFO     | [582794] ⏱️ Thời gian phản hồi: 204.42 ms
2026-05-26 00:19:43,036 | INFO     | [582947] ⏱️ Model inference: 86.79 ms
2026-05-26 00:19:43,036 | INFO     | [582947] 📊 Chi tiết dự đoán: {'ANGRY': 5.4, 'DISGUST': 0.13, 'FEAR': 8.35, 'HAPPY': 4.23, 'NEUTRAL': 10.31, 'SAD': 66.33, 'SURPRISE': 5.25}
2026-05-26 00:19:43,036 | INFO     | [582947] 🎯 KẾT QUẢ CHỐT: SAD (66.33%)
2026-05-26 00:19:43,036 | INFO     | [582947] ⏱️ Thời gian phản hồi: 89.08 ms
2026-05-26 00:19:43,805 | INFO     | [583805] ------------------------------------------
2026-05-26 00:19:43,805 | INFO     | [583805] 📥 NHẬN YÊU CẦU QUÉT KHUÔN MẶT MỚI
2026-05-26 00:19:43,806 | INFO     | [583806] ------------------------------------------
2026-05-26 00:19:43,806 | INFO     | [583806] 📥 NHẬN YÊU CẦU QUÉT KHUÔN MẶT MỚI
2026-05-26 00:19:43,807 | INFO     | [583807] ------------------------------------------
2026-05-26 00:19:43,807 | INFO     | [583807] 📥 NHẬN YÊU CẦU QUÉT KHUÔN MẶT MỚI
2026-05-26 00:19:43,808 | INFO     | [583805] Đã xử lý ảnh thành công. Kích thước tensor: (1, 48, 48, 1)
2026-05-26 00:19:43,810 | INFO     | [583806] Đã xử lý ảnh thành công. Kích thước tensor: (1, 48, 48, 1)
2026-05-26 00:19:43,814 | INFO     | [583807] Đã xử lý ảnh thành công. Kích thước tensor: (1, 48, 48, 1)
2026-05-26 00:19:43,942 | INFO     | [583806] ⏱️ Model inference: 132.1 ms
2026-05-26 00:19:43,942 | INFO     | [583806] 📊 Chi tiết dự đoán: {'ANGRY': 7.27, 'DISGUST': 0.15, 'FEAR': 8.57, 'HAPPY': 8.34, 'NEUTRAL': 13.46, 'SAD': 56.94, 'SURPRISE': 5.27}
2026-05-26 00:19:43,942 | INFO     | [583806] 🎯 KẾT QUẢ CHỐT: SAD (56.94%)
2026-05-26 00:19:43,942 | INFO     | [583806] ⏱️ Thời gian phản hồi: 136.09 ms
2026-05-26 00:19:43,954 | INFO     | [583805] ⏱️ Model inference: 146.7 ms
2026-05-26 00:19:43,956 | INFO     | [583805] 📊 Chi tiết dự đoán: {'ANGRY': 5.65, 'DISGUST': 0.16, 'FEAR': 8.27, 'HAPPY': 3.98, 'NEUTRAL': 9.26, 'SAD': 67.38, 'SURPRISE': 5.3}
2026-05-26 00:19:43,956 | INFO     | [583805] 🎯 KẾT QUẢ CHỐT: SAD (67.38%)
2026-05-26 00:19:43,956 | INFO     | [583805] ⏱️ Thời gian phản hồi: 151.04 ms
2026-05-26 00:19:43,957 | INFO     | [583807] ⏱️ Model inference: 140.6 ms
2026-05-26 00:19:43,958 | INFO     | [583807] 📊 Chi tiết dự đoán: {'ANGRY': 8.89, 'DISGUST': 0.16, 'FEAR': 8.4, 'HAPPY': 10.21, 'NEUTRAL': 12.35, 'SAD': 54.67, 'SURPRISE': 5.32}
2026-05-26 00:19:43,958 | INFO     | [583807] 🎯 KẾT QUẢ CHỐT: SAD (54.67%)
2026-05-26 00:19:43,958 | INFO     | [583807] ⏱️ Thời gian phản hồi: 150.53 ms
2026-05-26 00:19:43,962 | INFO     | [583962] ------------------------------------------
2026-05-26 00:19:43,962 | INFO     | [583962] 📥 NHẬN YÊU CẦU QUÉT KHUÔN MẶT MỚI
2026-05-26 00:19:43,963 | INFO     | [583962] Đã xử lý ảnh thành công. Kích thước tensor: (1, 48, 48, 1)
2026-05-26 00:19:44,023 | INFO     | [583962] ⏱️ Model inference: 60.19 ms
2026-05-26 00:19:44,023 | INFO     | [583962] 📊 Chi tiết dự đoán: {'ANGRY': 6.78, 'DISGUST': 0.16, 'FEAR': 8.52, 'HAPPY': 6.81, 'NEUTRAL': 11.68, 'SAD': 61.14, 'SURPRISE': 4.91}
2026-05-26 00:19:44,023 | INFO     | [583962] 🎯 KẾT QUẢ CHỐT: SAD (61.14%)
2026-05-26 00:19:44,023 | INFO     | [583962] ⏱️ Thời gian phản hồi: 61.23 ms
2026-05-26 00:19:44,785 | INFO     | [584785] ------------------------------------------
2026-05-26 00:19:44,785 | INFO     | [584785] 📥 NHẬN YÊU CẦU QUÉT KHUÔN MẶT MỚI
2026-05-26 00:19:44,786 | INFO     | [584786] ------------------------------------------
2026-05-26 00:19:44,786 | INFO     | [584786] 📥 NHẬN YÊU CẦU QUÉT KHUÔN MẶT MỚI
2026-05-26 00:19:44,787 | INFO     | [584787] ------------------------------------------
2026-05-26 00:19:44,787 | INFO     | [584787] 📥 NHẬN YÊU CẦU QUÉT KHUÔN MẶT MỚI
2026-05-26 00:19:44,788 | INFO     | [584785] Đã xử lý ảnh thành công. Kích thước tensor: (1, 48, 48, 1)
2026-05-26 00:19:44,789 | INFO     | [584786] Đã xử lý ảnh thành công. Kích thước tensor: (1, 48, 48, 1)
2026-05-26 00:19:44,798 | INFO     | [584787] Đã xử lý ảnh thành công. Kích thước tensor: (1, 48, 48, 1)
2026-05-26 00:19:44,920 | INFO     | [584786] ⏱️ Model inference: 130.75 ms
2026-05-26 00:19:44,920 | INFO     | [584786] 📊 Chi tiết dự đoán: {'ANGRY': 7.08, 'DISGUST': 0.14, 'FEAR': 8.86, 'HAPPY': 6.36, 'NEUTRAL': 11.67, 'SAD': 60.21, 'SURPRISE': 5.68}
2026-05-26 00:19:44,922 | INFO     | [584786] 🎯 KẾT QUẢ CHỐT: SAD (60.21%)
2026-05-26 00:19:44,922 | INFO     | [584786] ⏱️ Thời gian phản hồi: 134.14 ms
2026-05-26 00:19:44,926 | INFO     | [584785] ⏱️ Model inference: 137.53 ms
2026-05-26 00:19:44,927 | INFO     | [584785] 📊 Chi tiết dự đoán: {'ANGRY': 6.87, 'DISGUST': 0.15, 'FEAR': 8.26, 'HAPPY': 6.36, 'NEUTRAL': 12.88, 'SAD': 60.76, 'SURPRISE': 4.71}
2026-05-26 00:19:44,927 | INFO     | [584785] 🎯 KẾT QUẢ CHỐT: SAD (60.76%)
2026-05-26 00:19:44,927 | INFO     | [584785] ⏱️ Thời gian phản hồi: 141.54 ms
2026-05-26 00:19:44,938 | INFO     | [584938] ------------------------------------------
2026-05-26 00:19:44,939 | INFO     | [584938] 📥 NHẬN YÊU CẦU QUÉT KHUÔN MẶT MỚI
2026-05-26 00:19:44,939 | INFO     | [584938] Đã xử lý ảnh thành công. Kích thước tensor: (1, 48, 48, 1)
2026-05-26 00:19:44,949 | INFO     | [584787] ⏱️ Model inference: 148.71 ms
2026-05-26 00:19:44,950 | INFO     | [584787] 📊 Chi tiết dự đoán: {'ANGRY': 6.53, 'DISGUST': 0.12, 'FEAR': 8.66, 'HAPPY': 5.4, 'NEUTRAL': 13.42, 'SAD': 60.6, 'SURPRISE': 5.27}
2026-05-26 00:19:44,951 | INFO     | [584787] 🎯 KẾT QUẢ CHỐT: SAD (60.60%)
2026-05-26 00:19:44,951 | INFO     | [584787] ⏱️ Thời gian phản hồi: 162.79 ms
2026-05-26 00:19:45,017 | INFO     | [584938] ⏱️ Model inference: 77.39 ms
2026-05-26 00:19:45,017 | INFO     | [584938] 📊 Chi tiết dự đoán: {'ANGRY': 6.68, 'DISGUST': 0.16, 'FEAR': 8.27, 'HAPPY': 6.58, 'NEUTRAL': 13.08, 'SAD': 60.22, 'SURPRISE': 5.02}
2026-05-26 00:19:45,017 | INFO     | [584938] 🎯 KẾT QUẢ CHỐT: SAD (60.22%)
2026-05-26 00:19:45,017 | INFO     | [584938] ⏱️ Thời gian phản hồi: 78.86 ms
2026-05-26 00:19:45,343 | INFO     | [585343] ------------------------------------------
2026-05-26 00:19:45,343 | INFO     | [585343] 📥 NHẬN YÊU CẦU QUÉT KHUÔN MẶT MỚI
2026-05-26 00:19:45,344 | INFO     | [585344] ------------------------------------------
2026-05-26 00:19:45,344 | INFO     | [585344] 📥 NHẬN YÊU CẦU QUÉT KHUÔN MẶT MỚI
2026-05-26 00:19:45,344 | INFO     | [585343] Đã xử lý ảnh thành công. Kích thước tensor: (1, 48, 48, 1)
2026-05-26 00:19:45,349 | INFO     | [585344] Đã xử lý ảnh thành công. Kích thước tensor: (1, 48, 48, 1)
2026-05-26 00:19:45,441 | INFO     | [585344] ⏱️ Model inference: 91.98 ms
2026-05-26 00:19:45,441 | INFO     | [585344] 📊 Chi tiết dự đoán: {'ANGRY': 5.29, 'DISGUST': 0.15, 'FEAR': 7.9, 'HAPPY': 4.35, 'NEUTRAL': 13.01, 'SAD': 64.99, 'SURPRISE': 4.31}
2026-05-26 00:19:45,441 | INFO     | [585344] 🎯 KẾT QUẢ CHỐT: SAD (64.99%)
2026-05-26 00:19:45,441 | INFO     | [585344] ⏱️ Thời gian phản hồi: 96.5 ms
2026-05-26 00:19:45,442 | INFO     | [585343] ⏱️ Model inference: 97.9 ms
2026-05-26 00:19:45,442 | INFO     | [585343] 📊 Chi tiết dự đoán: {'ANGRY': 5.2, 'DISGUST': 0.16, 'FEAR': 7.86, 'HAPPY': 3.91, 'NEUTRAL': 11.41, 'SAD': 67.55, 'SURPRISE': 3.91}
2026-05-26 00:19:45,442 | INFO     | [585343] 🎯 KẾT QUẢ CHỐT: SAD (67.55%)
2026-05-26 00:19:45,442 | INFO     | [585343] ⏱️ Thời gian phản hồi: 98.9 ms
2026-05-26 00:19:45,796 | INFO     | [585796] ------------------------------------------
2026-05-26 00:19:45,796 | INFO     | [585796] 📥 NHẬN YÊU CẦU QUÉT KHUÔN MẶT MỚI
2026-05-26 00:19:45,796 | INFO     | [585796] Đã xử lý ảnh thành công. Kích thước tensor: (1, 48, 48, 1)
2026-05-26 00:19:45,840 | INFO     | [585840] ------------------------------------------
2026-05-26 00:19:45,842 | INFO     | [585840] 📥 NHẬN YÊU CẦU QUÉT KHUÔN MẶT MỚI
2026-05-26 00:19:45,842 | INFO     | [585840] Đã xử lý ảnh thành công. Kích thước tensor: (1, 48, 48, 1)
2026-05-26 00:19:45,868 | INFO     | [585796] ⏱️ Model inference: 71.5 ms
2026-05-26 00:19:45,868 | INFO     | [585796] 📊 Chi tiết dự đoán: {'ANGRY': 5.3, 'DISGUST': 0.18, 'FEAR': 7.68, 'HAPPY': 4.1, 'NEUTRAL': 12.33, 'SAD': 66.07, 'SURPRISE': 4.32}
2026-05-26 00:19:45,870 | INFO     | [585796] 🎯 KẾT QUẢ CHỐT: SAD (66.07%)
2026-05-26 00:19:45,870 | INFO     | [585796] ⏱️ Thời gian phản hồi: 72.6 ms
2026-05-26 00:19:45,913 | INFO     | [585840] ⏱️ Model inference: 69.92 ms
2026-05-26 00:19:45,913 | INFO     | [585840] 📊 Chi tiết dự đoán: {'ANGRY': 5.23, 'DISGUST': 0.16, 'FEAR': 7.48, 'HAPPY': 3.63, 'NEUTRAL': 12.47, 'SAD': 67.32, 'SURPRISE': 3.71}
2026-05-26 00:19:45,914 | INFO     | [585840] 🎯 KẾT QUẢ CHỐT: SAD (67.32%)
2026-05-26 00:19:45,914 | INFO     | [585840] ⏱️ Thời gian phản hồi: 72.8 ms
2026-05-26 00:19:46,800 | INFO     | [586800] ------------------------------------------
2026-05-26 00:19:46,802 | INFO     | [586800] 📥 NHẬN YÊU CẦU QUÉT KHUÔN MẶT MỚI
2026-05-26 00:19:46,802 | INFO     | [586802] ------------------------------------------
2026-05-26 00:19:46,802 | INFO     | [586802] 📥 NHẬN YÊU CẦU QUÉT KHUÔN MẶT MỚI
2026-05-26 00:19:46,803 | INFO     | [586803] ------------------------------------------
2026-05-26 00:19:46,803 | INFO     | [586803] 📥 NHẬN YÊU CẦU QUÉT KHUÔN MẶT MỚI
2026-05-26 00:19:46,803 | INFO     | [586800] Đã xử lý ảnh thành công. Kích thước tensor: (1, 48, 48, 1)
2026-05-26 00:19:46,805 | INFO     | [586802] Đã xử lý ảnh thành công. Kích thước tensor: (1, 48, 48, 1)
2026-05-26 00:19:46,810 | INFO     | [586803] Đã xử lý ảnh thành công. Kích thước tensor: (1, 48, 48, 1)
2026-05-26 00:19:46,949 | INFO     | [586803] ⏱️ Model inference: 137.47 ms
2026-05-26 00:19:46,949 | INFO     | [586803] 📊 Chi tiết dự đoán: {'ANGRY': 5.24, 'DISGUST': 0.17, 'FEAR': 7.12, 'HAPPY': 4.49, 'NEUTRAL': 11.84, 'SAD': 67.72, 'SURPRISE': 3.41}
2026-05-26 00:19:46,949 | INFO     | [586803] 🎯 KẾT QUẢ CHỐT: SAD (67.72%)
2026-05-26 00:19:46,950 | INFO     | [586803] ⏱️ Thời gian phản hồi: 146.46 ms
2026-05-26 00:19:46,952 | INFO     | [586800] ⏱️ Model inference: 148.51 ms
2026-05-26 00:19:46,952 | INFO     | [586800] 📊 Chi tiết dự đoán: {'ANGRY': 5.91, 'DISGUST': 0.22, 'FEAR': 8.23, 'HAPPY': 3.02, 'NEUTRAL': 10.15, 'SAD': 68.54, 'SURPRISE': 3.92}
2026-05-26 00:19:46,952 | INFO     | [586800] 🎯 KẾT QUẢ CHỐT: SAD (68.54%)
2026-05-26 00:19:46,952 | INFO     | [586800] ⏱️ Thời gian phản hồi: 151.59 ms
2026-05-26 00:19:46,953 | INFO     | [586802] ⏱️ Model inference: 145.5 ms
2026-05-26 00:19:46,954 | INFO     | [586802] 📊 Chi tiết dự đoán: {'ANGRY': 5.05, 'DISGUST': 0.17, 'FEAR': 7.86, 'HAPPY': 4.18, 'NEUTRAL': 13.15, 'SAD': 65.76, 'SURPRISE': 3.84}
2026-05-26 00:19:46,954 | INFO     | [586802] 🎯 KẾT QUẢ CHỐT: SAD (65.76%)
2026-05-26 00:19:46,954 | INFO     | [586802] ⏱️ Thời gian phản hồi: 152.57 ms
2026-05-26 00:19:46,969 | INFO     | [586969] ------------------------------------------
2026-05-26 00:19:46,969 | INFO     | [586969] 📥 NHẬN YÊU CẦU QUÉT KHUÔN MẶT MỚI
2026-05-26 00:19:46,969 | INFO     | [586969] Đã xử lý ảnh thành công. Kích thước tensor: (1, 48, 48, 1)
2026-05-26 00:19:47,036 | INFO     | [586969] ⏱️ Model inference: 67.29 ms
2026-05-26 00:19:47,037 | INFO     | [586969] 📊 Chi tiết dự đoán: {'ANGRY': 5.64, 'DISGUST': 0.2, 'FEAR': 8.19, 'HAPPY': 4.61, 'NEUTRAL': 9.72, 'SAD': 67.31, 'SURPRISE': 4.32}
2026-05-26 00:19:47,037 | INFO     | [586969] 🎯 KẾT QUẢ CHỐT: SAD (67.31%)
2026-05-26 00:19:47,037 | INFO     | [586969] ⏱️ Thời gian phản hồi: 68.3 ms
2026-05-26 00:19:47,753 | INFO     | [587753] ------------------------------------------
2026-05-26 00:19:47,753 | INFO     | [587753] 📥 NHẬN YÊU CẦU QUÉT KHUÔN MẶT MỚI
2026-05-26 00:19:47,754 | INFO     | [587754] ------------------------------------------
2026-05-26 00:19:47,755 | INFO     | [587754] 📥 NHẬN YÊU CẦU QUÉT KHUÔN MẶT MỚI
2026-05-26 00:19:47,756 | INFO     | [587756] ------------------------------------------
2026-05-26 00:19:47,757 | INFO     | [587756] 📥 NHẬN YÊU CẦU QUÉT KHUÔN MẶT MỚI
2026-05-26 00:19:47,758 | INFO     | [587753] Đã xử lý ảnh thành công. Kích thước tensor: (1, 48, 48, 1)
2026-05-26 00:19:47,763 | INFO     | [587754] Đã xử lý ảnh thành công. Kích thước tensor: (1, 48, 48, 1)
2026-05-26 00:19:47,768 | INFO     | [587756] Đã xử lý ảnh thành công. Kích thước tensor: (1, 48, 48, 1)
2026-05-26 00:19:47,888 | INFO     | [587754] ⏱️ Model inference: 123.78 ms
2026-05-26 00:19:47,889 | INFO     | [587754] 📊 Chi tiết dự đoán: {'ANGRY': 5.33, 'DISGUST': 0.18, 'FEAR': 8.03, 'HAPPY': 5.05, 'NEUTRAL': 13.14, 'SAD': 63.21, 'SURPRISE': 5.07}
2026-05-26 00:19:47,889 | INFO     | [587754] 🎯 KẾT QUẢ CHỐT: SAD (63.21%)
2026-05-26 00:19:47,889 | INFO     | [587754] ⏱️ Thời gian phản hồi: 135.28 ms
2026-05-26 00:19:47,897 | INFO     | [587756] ⏱️ Model inference: 128.17 ms
2026-05-26 00:19:47,898 | INFO     | [587756] 📊 Chi tiết dự đoán: {'ANGRY': 6.02, 'DISGUST': 0.15, 'FEAR': 8.62, 'HAPPY': 5.48, 'NEUTRAL': 14.23, 'SAD': 60.74, 'SURPRISE': 4.76}
2026-05-26 00:19:47,898 | INFO     | [587756] 🎯 KẾT QUẢ CHỐT: SAD (60.74%)
2026-05-26 00:19:47,898 | INFO     | [587756] ⏱️ Thời gian phản hồi: 142.36 ms
2026-05-26 00:19:47,908 | INFO     | [587908] ------------------------------------------
2026-05-26 00:19:47,908 | INFO     | [587908] 📥 NHẬN YÊU CẦU QUÉT KHUÔN MẶT MỚI
2026-05-26 00:19:47,909 | INFO     | [587908] Đã xử lý ảnh thành công. Kích thước tensor: (1, 48, 48, 1)
2026-05-26 00:19:47,944 | INFO     | [587753] ⏱️ Model inference: 186.69 ms
2026-05-26 00:19:47,945 | INFO     | [587753] 📊 Chi tiết dự đoán: {'ANGRY': 5.83, 'DISGUST': 0.11, 'FEAR': 8.36, 'HAPPY': 6.07, 'NEUTRAL': 15.12, 'SAD': 60.36, 'SURPRISE': 4.15}
2026-05-26 00:19:47,946 | INFO     | [587753] 🎯 KẾT QUẢ CHỐT: SAD (60.36%)
2026-05-26 00:19:47,946 | INFO     | [587753] ⏱️ Thời gian phản hồi: 192.72 ms
2026-05-26 00:19:47,991 | INFO     | [587908] ⏱️ Model inference: 82.42 ms
2026-05-26 00:19:47,991 | INFO     | [587908] 📊 Chi tiết dự đoán: {'ANGRY': 6.98, 'DISGUST': 0.16, 'FEAR': 7.76, 'HAPPY': 7.79, 'NEUTRAL': 12.52, 'SAD': 60.56, 'SURPRISE': 4.22}
2026-05-26 00:19:47,991 | INFO     | [587908] 🎯 KẾT QUẢ CHỐT: SAD (60.56%)
2026-05-26 00:19:47,991 | INFO     | [587908] ⏱️ Thời gian phản hồi: 83.7 ms
2026-05-26 00:19:48,175 | INFO     | [BATCH-588175] ==========================================
2026-05-26 00:19:48,176 | INFO     | [BATCH-588175] 🎞️ NHẬN CHUỖI 5 KHUNG HÌNH (BATCH)
2026-05-26 00:19:48,581 | INFO     | [BATCH-588175] ⏱️ Batch inference elapsed: 403.52 ms (5 frames)
2026-05-26 00:19:48,581 | INFO     | [BATCH-588175] ↳ Frame 1/5: SAD (67.3%)
2026-05-26 00:19:48,581 | INFO     | [BATCH-588175] ↳ Frame 2/5: SAD (63.2%)
2026-05-26 00:19:48,581 | INFO     | [BATCH-588175] ↳ Frame 3/5: SAD (60.7%)
2026-05-26 00:19:48,582 | INFO     | [BATCH-588175] ↳ Frame 4/5: SAD (60.4%)
2026-05-26 00:19:48,582 | INFO     | [BATCH-588175] ↳ Frame 5/5: SAD (60.6%)
2026-05-26 00:19:48,582 | INFO     | [BATCH-588175] 🎯 KẾT QUẢ CHUỖI: SAD (Tần suất: {'SAD': 5})
2026-05-26 00:19:48,582 | INFO     | [BATCH-588175] ⏱️ Tổng thời gian xử lý: 407.09 ms
2026-05-26 00:19:48,793 | INFO     | [588793] ------------------------------------------
2026-05-26 00:19:48,794 | INFO     | [588793] 📥 NHẬN YÊU CẦU QUÉT KHUÔN MẶT MỚI
2026-05-26 00:19:48,794 | INFO     | [588793] Đã xử lý ảnh thành công. Kích thước tensor: (1, 48, 48, 1)
2026-05-26 00:19:48,889 | INFO     | [588793] ⏱️ Model inference: 94.31 ms
2026-05-26 00:19:48,889 | INFO     | [588793] 📊 Chi tiết dự đoán: {'ANGRY': 5.82, 'DISGUST': 0.14, 'FEAR': 7.66, 'HAPPY': 5.77, 'NEUTRAL': 15.5, 'SAD': 60.98, 'SURPRISE': 4.14}
2026-05-26 00:19:48,889 | INFO     | [588793] 🎯 KẾT QUẢ CHỐT: SAD (60.98%)
2026-05-26 00:19:48,889 | INFO     | [588793] ⏱️ Thời gian phản hồi: 95.82 ms
2026-05-26 00:25:36,490 | INFO     | [936490] ------------------------------------------
2026-05-26 00:25:36,491 | INFO     | [936490] 📥 NHẬN YÊU CẦU QUÉT KHUÔN MẶT MỚI
2026-05-26 00:25:36,493 | INFO     | [936493] ------------------------------------------
2026-05-26 00:25:36,493 | INFO     | [936493] 📥 NHẬN YÊU CẦU QUÉT KHUÔN MẶT MỚI
2026-05-26 00:25:36,495 | INFO     | [936490] Đã xử lý ảnh thành công. Kích thước tensor: (1, 48, 48, 1)
2026-05-26 00:25:36,515 | INFO     | [936493] Đã xử lý ảnh thành công. Kích thước tensor: (1, 48, 48, 1)
2026-05-26 00:25:36,675 | INFO     | [936490] ⏱️ Model inference: 178.8 ms
2026-05-26 00:25:36,675 | INFO     | [936490] 📊 Chi tiết dự đoán: {'ANGRY': 5.43, 'DISGUST': 0.13, 'FEAR': 6.6, 'HAPPY': 29.91, 'NEUTRAL': 20.82, 'SAD': 35.97, 'SURPRISE': 1.13}
2026-05-26 00:25:36,676 | INFO     | [936490] 🎯 KẾT QUẢ CHỐT: SAD (35.97%)
2026-05-26 00:25:36,676 | INFO     | [936490] ⏱️ Thời gian phản hồi: 185.65 ms
2026-05-26 00:25:36,692 | INFO     | [936493] ⏱️ Model inference: 176.49 ms
2026-05-26 00:25:36,693 | INFO     | [936493] 📊 Chi tiết dự đoán: {'ANGRY': 6.28, 'DISGUST': 0.15, 'FEAR': 6.74, 'HAPPY': 34.63, 'NEUTRAL': 19.04, 'SAD': 31.67, 'SURPRISE': 1.49}
2026-05-26 00:25:36,693 | INFO     | [936493] 🎯 KẾT QUẢ CHỐT: HAPPY (34.63%)
2026-05-26 00:25:36,693 | INFO     | [936493] ⏱️ Thời gian phản hồi: 200.5 ms
2026-05-26 00:25:36,717 | INFO     | [936717] ------------------------------------------
2026-05-26 00:25:36,718 | INFO     | [936717] 📥 NHẬN YÊU CẦU QUÉT KHUÔN MẶT MỚI
2026-05-26 00:25:36,718 | INFO     | [936717] Đã xử lý ảnh thành công. Kích thước tensor: (1, 48, 48, 1)
2026-05-26 00:25:36,763 | INFO     | [936763] ------------------------------------------
2026-05-26 00:25:36,764 | INFO     | [936763] 📥 NHẬN YÊU CẦU QUÉT KHUÔN MẶT MỚI
2026-05-26 00:25:36,765 | INFO     | [936763] Đã xử lý ảnh thành công. Kích thước tensor: (1, 48, 48, 1)
2026-05-26 00:25:36,803 | INFO     | [936717] ⏱️ Model inference: 84.53 ms
2026-05-26 00:25:36,804 | INFO     | [936717] 📊 Chi tiết dự đoán: {'ANGRY': 6.01, 'DISGUST': 0.14, 'FEAR': 7.09, 'HAPPY': 24.75, 'NEUTRAL': 20.19, 'SAD': 40.74, 'SURPRISE': 1.09}
2026-05-26 00:25:36,804 | INFO     | [936717] 🎯 KẾT QUẢ CHỐT: SAD (40.74%)
2026-05-26 00:25:36,804 | INFO     | [936717] ⏱️ Thời gian phản hồi: 86.53 ms
2026-05-26 00:25:36,843 | INFO     | [936763] ⏱️ Model inference: 77.62 ms
2026-05-26 00:25:36,844 | INFO     | [936763] 📊 Chi tiết dự đoán: {'ANGRY': 4.8, 'DISGUST': 0.12, 'FEAR': 5.77, 'HAPPY': 38.41, 'NEUTRAL': 16.95, 'SAD': 33.12, 'SURPRISE': 0.83}
2026-05-26 00:25:36,844 | INFO     | [936763] 🎯 KẾT QUẢ CHỐT: HAPPY (38.41%)
2026-05-26 00:25:36,844 | INFO     | [936763] ⏱️ Thời gian phản hồi: 80.7 ms
2026-05-26 00:25:37,724 | INFO     | [937724] ------------------------------------------
2026-05-26 00:25:37,724 | INFO     | [937724] 📥 NHẬN YÊU CẦU QUÉT KHUÔN MẶT MỚI
2026-05-26 00:25:37,726 | INFO     | [937724] Đã xử lý ảnh thành công. Kích thước tensor: (1, 48, 48, 1)
2026-05-26 00:25:37,737 | INFO     | [937737] ------------------------------------------
2026-05-26 00:25:37,737 | INFO     | [937737] 📥 NHẬN YÊU CẦU QUÉT KHUÔN MẶT MỚI
2026-05-26 00:25:37,738 | INFO     | [937738] ------------------------------------------
2026-05-26 00:25:37,738 | INFO     | [937738] 📥 NHẬN YÊU CẦU QUÉT KHUÔN MẶT MỚI
2026-05-26 00:25:37,740 | INFO     | [937737] Đã xử lý ảnh thành công. Kích thước tensor: (1, 48, 48, 1)
2026-05-26 00:25:37,747 | INFO     | [937738] Đã xử lý ảnh thành công. Kích thước tensor: (1, 48, 48, 1)
2026-05-26 00:25:37,887 | INFO     | [937724] ⏱️ Model inference: 161.86 ms
2026-05-26 00:25:37,887 | INFO     | [937724] 📊 Chi tiết dự đoán: {'ANGRY': 5.55, 'DISGUST': 0.15, 'FEAR': 3.19, 'HAPPY': 63.48, 'NEUTRAL': 11.15, 'SAD': 16.01, 'SURPRISE': 0.47}
2026-05-26 00:25:37,887 | INFO     | [937724] 🎯 KẾT QUẢ CHỐT: HAPPY (63.48%)
2026-05-26 00:25:37,889 | INFO     | [937724] ⏱️ Thời gian phản hồi: 163.21 ms
2026-05-26 00:25:37,898 | INFO     | [937737] ⏱️ Model inference: 158.25 ms
2026-05-26 00:25:37,898 | INFO     | [937737] 📊 Chi tiết dự đoán: {'ANGRY': 6.42, 'DISGUST': 0.16, 'FEAR': 6.07, 'HAPPY': 39.92, 'NEUTRAL': 16.3, 'SAD': 30.42, 'SURPRISE': 0.73}
2026-05-26 00:25:37,898 | INFO     | [937737] 🎯 KẾT QUẢ CHỐT: HAPPY (39.92%)
2026-05-26 00:25:37,899 | INFO     | [937737] ⏱️ Thời gian phản hồi: 160.62 ms
2026-05-26 00:25:37,901 | INFO     | [937738] ⏱️ Model inference: 151.6 ms
2026-05-26 00:25:37,901 | INFO     | [937738] 📊 Chi tiết dự đoán: {'ANGRY': 6.39, 'DISGUST': 0.2, 'FEAR': 5.13, 'HAPPY': 47.55, 'NEUTRAL': 13.02, 'SAD': 27.04, 'SURPRISE': 0.66}
2026-05-26 00:25:37,901 | INFO     | [937738] 🎯 KẾT QUẢ CHỐT: HAPPY (47.55%)
2026-05-26 00:25:37,901 | INFO     | [937738] ⏱️ Thời gian phản hồi: 162.43 ms
2026-05-26 00:25:37,909 | INFO     | [937909] ------------------------------------------
2026-05-26 00:25:37,909 | INFO     | [937909] 📥 NHẬN YÊU CẦU QUÉT KHUÔN MẶT MỚI
2026-05-26 00:25:37,910 | INFO     | [937909] Đã xử lý ảnh thành công. Kích thước tensor: (1, 48, 48, 1)
2026-05-26 00:25:38,012 | INFO     | [937909] ⏱️ Model inference: 101.04 ms
2026-05-26 00:25:38,012 | INFO     | [937909] 📊 Chi tiết dự đoán: {'ANGRY': 6.67, 'DISGUST': 0.17, 'FEAR': 6.23, 'HAPPY': 43.51, 'NEUTRAL': 15.77, 'SAD': 26.92, 'SURPRISE': 0.74}
2026-05-26 00:25:38,012 | INFO     | [937909] 🎯 KẾT QUẢ CHỐT: HAPPY (43.51%)
2026-05-26 00:25:38,012 | INFO     | [937909] ⏱️ Thời gian phản hồi: 103.53 ms
2026-05-26 00:25:38,018 | INFO     | [938018] ------------------------------------------
2026-05-26 00:25:38,018 | INFO     | [938018] 📥 NHẬN YÊU CẦU QUÉT KHUÔN MẶT MỚI
2026-05-26 00:25:38,018 | INFO     | [938018] Đã xử lý ảnh thành công. Kích thước tensor: (1, 48, 48, 1)
2026-05-26 00:25:38,094 | INFO     | [938018] ⏱️ Model inference: 74.55 ms
2026-05-26 00:25:38,094 | INFO     | [938018] 📊 Chi tiết dự đoán: {'ANGRY': 7.56, 'DISGUST': 0.19, 'FEAR': 6.85, 'HAPPY': 34.86, 'NEUTRAL': 18.19, 'SAD': 31.59, 'SURPRISE': 0.77}
2026-05-26 00:25:38,094 | INFO     | [938018] 🎯 KẾT QUẢ CHỐT: HAPPY (34.86%)
2026-05-26 00:25:38,094 | INFO     | [938018] ⏱️ Thời gian phản hồi: 76.05 ms
2026-05-26 00:25:38,435 | INFO     | [938435] ------------------------------------------
2026-05-26 00:25:38,435 | INFO     | [938435] 📥 NHẬN YÊU CẦU QUÉT KHUÔN MẶT MỚI
2026-05-26 00:25:38,437 | INFO     | [938435] Đã xử lý ảnh thành công. Kích thước tensor: (1, 48, 48, 1)
2026-05-26 00:25:38,505 | INFO     | [938435] ⏱️ Model inference: 68.89 ms
2026-05-26 00:25:38,505 | INFO     | [938435] 📊 Chi tiết dự đoán: {'ANGRY': 7.38, 'DISGUST': 0.14, 'FEAR': 5.6, 'HAPPY': 43.14, 'NEUTRAL': 15.59, 'SAD': 27.39, 'SURPRISE': 0.75}
2026-05-26 00:25:38,505 | INFO     | [938435] 🎯 KẾT QUẢ CHỐT: HAPPY (43.14%)
2026-05-26 00:25:38,505 | INFO     | [938435] ⏱️ Thời gian phản hồi: 70.01 ms
2026-05-26 00:25:38,732 | INFO     | [938732] ------------------------------------------
2026-05-26 00:25:38,732 | INFO     | [938732] 📥 NHẬN YÊU CẦU QUÉT KHUÔN MẶT MỚI
2026-05-26 00:25:38,733 | INFO     | [938732] Đã xử lý ảnh thành công. Kích thước tensor: (1, 48, 48, 1)
2026-05-26 00:25:38,764 | INFO     | [938764] ------------------------------------------
2026-05-26 00:25:38,766 | INFO     | [938764] 📥 NHẬN YÊU CẦU QUÉT KHUÔN MẶT MỚI
2026-05-26 00:25:38,768 | INFO     | [938764] Đã xử lý ảnh thành công. Kích thước tensor: (1, 48, 48, 1)
2026-05-26 00:25:38,837 | INFO     | [938732] ⏱️ Model inference: 104.47 ms
2026-05-26 00:25:38,837 | INFO     | [938732] 📊 Chi tiết dự đoán: {'ANGRY': 6.01, 'DISGUST': 0.12, 'FEAR': 6.32, 'HAPPY': 37.44, 'NEUTRAL': 18.97, 'SAD': 30.31, 'SURPRISE': 0.83}
2026-05-26 00:25:38,837 | INFO     | [938732] 🎯 KẾT QUẢ CHỐT: HAPPY (37.44%)
2026-05-26 00:25:38,837 | INFO     | [938732] ⏱️ Thời gian phản hồi: 105.47 ms
2026-05-26 00:25:38,859 | INFO     | [938764] ⏱️ Model inference: 89.86 ms
2026-05-26 00:25:38,859 | INFO     | [938764] 📊 Chi tiết dự đoán: {'ANGRY': 5.49, 'DISGUST': 0.11, 'FEAR': 4.82, 'HAPPY': 48.2, 'NEUTRAL': 16.42, 'SAD': 23.94, 'SURPRISE': 1.01}
2026-05-26 00:25:38,859 | INFO     | [938764] 🎯 KẾT QUẢ CHỐT: HAPPY (48.20%)
2026-05-26 00:25:38,860 | INFO     | [938764] ⏱️ Thời gian phản hồi: 94.4 ms
2026-05-26 00:25:39,403 | INFO     | [939403] ------------------------------------------
2026-05-26 00:25:39,403 | INFO     | [939403] 📥 NHẬN YÊU CẦU QUÉT KHUÔN MẶT MỚI
2026-05-26 00:25:39,404 | INFO     | [939404] ------------------------------------------
2026-05-26 00:25:39,404 | INFO     | [939404] 📥 NHẬN YÊU CẦU QUÉT KHUÔN MẶT MỚI
2026-05-26 00:25:39,404 | INFO     | [939403] Đã xử lý ảnh thành công. Kích thước tensor: (1, 48, 48, 1)
2026-05-26 00:25:39,410 | INFO     | [939404] Đã xử lý ảnh thành công. Kích thước tensor: (1, 48, 48, 1)
2026-05-26 00:25:39,538 | INFO     | [939403] ⏱️ Model inference: 132.82 ms
2026-05-26 00:25:39,538 | INFO     | [939403] 📊 Chi tiết dự đoán: {'ANGRY': 4.8, 'DISGUST': 0.12, 'FEAR': 4.86, 'HAPPY': 46.77, 'NEUTRAL': 16.29, 'SAD': 26.32, 'SURPRISE': 0.83}
2026-05-26 00:25:39,538 | INFO     | [939403] 🎯 KẾT QUẢ CHỐT: HAPPY (46.77%)
2026-05-26 00:25:39,538 | INFO     | [939403] ⏱️ Thời gian phản hồi: 135.6 ms
2026-05-26 00:25:39,540 | INFO     | [939404] ⏱️ Model inference: 129.47 ms
2026-05-26 00:25:39,540 | INFO     | [939404] 📊 Chi tiết dự đoán: {'ANGRY': 6.23, 'DISGUST': 0.16, 'FEAR': 5.88, 'HAPPY': 45.73, 'NEUTRAL': 14.91, 'SAD': 26.13, 'SURPRISE': 0.96}
2026-05-26 00:25:39,540 | INFO     | [939404] 🎯 KẾT QUẢ CHỐT: HAPPY (45.73%)
2026-05-26 00:25:39,540 | INFO     | [939404] ⏱️ Thời gian phản hồi: 135.74 ms
2026-05-26 00:25:39,738 | INFO     | [939738] ------------------------------------------
2026-05-26 00:25:39,738 | INFO     | [939738] 📥 NHẬN YÊU CẦU QUÉT KHUÔN MẶT MỚI
2026-05-26 00:25:39,739 | INFO     | [939738] Đã xử lý ảnh thành công. Kích thước tensor: (1, 48, 48, 1)
2026-05-26 00:25:39,769 | INFO     | [939769] ------------------------------------------
2026-05-26 00:25:39,769 | INFO     | [939769] 📥 NHẬN YÊU CẦU QUÉT KHUÔN MẶT MỚI
2026-05-26 00:25:39,771 | INFO     | [939769] Đã xử lý ảnh thành công. Kích thước tensor: (1, 48, 48, 1)
2026-05-26 00:25:39,808 | INFO     | [939738] ⏱️ Model inference: 69.16 ms
2026-05-26 00:25:39,809 | INFO     | [939738] 📊 Chi tiết dự đoán: {'ANGRY': 4.66, 'DISGUST': 0.11, 'FEAR': 5.87, 'HAPPY': 38.45, 'NEUTRAL': 18.28, 'SAD': 31.82, 'SURPRISE': 0.81}
2026-05-26 00:25:39,809 | INFO     | [939738] 🎯 KẾT QUẢ CHỐT: HAPPY (38.45%)
2026-05-26 00:25:39,809 | INFO     | [939738] ⏱️ Thời gian phản hồi: 71.16 ms
2026-05-26 00:25:39,852 | INFO     | [939769] ⏱️ Model inference: 80.15 ms
2026-05-26 00:25:39,852 | INFO     | [939769] 📊 Chi tiết dự đoán: {'ANGRY': 4.75, 'DISGUST': 0.16, 'FEAR': 6.01, 'HAPPY': 37.06, 'NEUTRAL': 15.0, 'SAD': 36.15, 'SURPRISE': 0.87}
2026-05-26 00:25:39,852 | INFO     | [939769] 🎯 KẾT QUẢ CHỐT: HAPPY (37.06%)
2026-05-26 00:25:39,852 | INFO     | [939769] ⏱️ Thời gian phản hồi: 82.98 ms
2026-05-26 00:25:40,439 | INFO     | [940439] ------------------------------------------
2026-05-26 00:25:40,439 | INFO     | [940439] 📥 NHẬN YÊU CẦU QUÉT KHUÔN MẶT MỚI
2026-05-26 00:25:40,441 | INFO     | [940441] ------------------------------------------
2026-05-26 00:25:40,441 | INFO     | [940441] 📥 NHẬN YÊU CẦU QUÉT KHUÔN MẶT MỚI
2026-05-26 00:25:40,444 | INFO     | [940439] Đã xử lý ảnh thành công. Kích thước tensor: (1, 48, 48, 1)
2026-05-26 00:25:40,445 | INFO     | [940441] Đã xử lý ảnh thành công. Kích thước tensor: (1, 48, 48, 1)
2026-05-26 00:25:40,534 | INFO     | [940439] ⏱️ Model inference: 90.91 ms
2026-05-26 00:25:40,535 | INFO     | [940439] 📊 Chi tiết dự đoán: {'ANGRY': 4.28, 'DISGUST': 0.14, 'FEAR': 5.57, 'HAPPY': 41.94, 'NEUTRAL': 15.0, 'SAD': 32.15, 'SURPRISE': 0.92}
2026-05-26 00:25:40,536 | INFO     | [940439] 🎯 KẾT QUẢ CHỐT: HAPPY (41.94%)
2026-05-26 00:25:40,536 | INFO     | [940439] ⏱️ Thời gian phản hồi: 95.62 ms
2026-05-26 00:25:40,537 | INFO     | [940441] ⏱️ Model inference: 90.35 ms
2026-05-26 00:25:40,537 | INFO     | [940441] 📊 Chi tiết dự đoán: {'ANGRY': 3.84, 'DISGUST': 0.14, 'FEAR': 5.12, 'HAPPY': 47.77, 'NEUTRAL': 12.52, 'SAD': 29.75, 'SURPRISE': 0.86}
2026-05-26 00:25:40,538 | INFO     | [940441] 🎯 KẾT QUẢ CHỐT: HAPPY (47.77%)
2026-05-26 00:25:40,538 | INFO     | [940441] ⏱️ Thời gian phản hồi: 96.08 ms
2026-05-26 00:25:40,737 | INFO     | [940737] ------------------------------------------
2026-05-26 00:25:40,737 | INFO     | [940737] 📥 NHẬN YÊU CẦU QUÉT KHUÔN MẶT MỚI
2026-05-26 00:25:40,737 | INFO     | [940737] Đã xử lý ảnh thành công. Kích thước tensor: (1, 48, 48, 1)
2026-05-26 00:25:40,755 | INFO     | [940754] ------------------------------------------
2026-05-26 00:25:40,756 | INFO     | [940754] 📥 NHẬN YÊU CẦU QUÉT KHUÔN MẶT MỚI
2026-05-26 00:25:40,759 | INFO     | [940754] Đã xử lý ảnh thành công. Kích thước tensor: (1, 48, 48, 1)
2026-05-26 00:25:40,840 | INFO     | [940754] ⏱️ Model inference: 78.75 ms
2026-05-26 00:25:40,841 | INFO     | [940754] 📊 Chi tiết dự đoán: {'ANGRY': 3.97, 'DISGUST': 0.14, 'FEAR': 4.65, 'HAPPY': 48.53, 'NEUTRAL': 13.58, 'SAD': 28.26, 'SURPRISE': 0.87}
2026-05-26 00:25:40,841 | INFO     | [940754] 🎯 KẾT QUẢ CHỐT: HAPPY (48.53%)
2026-05-26 00:25:40,841 | INFO     | [940754] ⏱️ Thời gian phản hồi: 87.28 ms
2026-05-26 00:25:40,842 | INFO     | [940737] ⏱️ Model inference: 104.12 ms
2026-05-26 00:25:40,842 | INFO     | [940737] 📊 Chi tiết dự đoán: {'ANGRY': 3.49, 'DISGUST': 0.1, 'FEAR': 4.77, 'HAPPY': 47.58, 'NEUTRAL': 13.46, 'SAD': 29.87, 'SURPRISE': 0.74}
2026-05-26 00:25:40,842 | INFO     | [940737] 🎯 KẾT QUẢ CHỐT: HAPPY (47.58%)
2026-05-26 00:25:40,842 | INFO     | [940737] ⏱️ Thời gian phản hồi: 105.46 ms
2026-05-26 00:25:41,733 | INFO     | [941733] ------------------------------------------
2026-05-26 00:25:41,733 | INFO     | [941733] 📥 NHẬN YÊU CẦU QUÉT KHUÔN MẶT MỚI
2026-05-26 00:25:41,734 | INFO     | [941734] ------------------------------------------
2026-05-26 00:25:41,734 | INFO     | [941734] 📥 NHẬN YÊU CẦU QUÉT KHUÔN MẶT MỚI
2026-05-26 00:25:41,734 | INFO     | [941734] ------------------------------------------
2026-05-26 00:25:41,735 | INFO     | [941734] 📥 NHẬN YÊU CẦU QUÉT KHUÔN MẶT MỚI
2026-05-26 00:25:41,735 | INFO     | [941733] Đã xử lý ảnh thành công. Kích thước tensor: (1, 48, 48, 1)
2026-05-26 00:25:41,737 | INFO     | [941734] Đã xử lý ảnh thành công. Kích thước tensor: (1, 48, 48, 1)
2026-05-26 00:25:41,741 | INFO     | [941734] Đã xử lý ảnh thành công. Kích thước tensor: (1, 48, 48, 1)
2026-05-26 00:25:41,883 | INFO     | [941733] ⏱️ Model inference: 147.98 ms
2026-05-26 00:25:41,883 | INFO     | [941733] 📊 Chi tiết dự đoán: {'ANGRY': 4.03, 'DISGUST': 0.13, 'FEAR': 5.16, 'HAPPY': 46.93, 'NEUTRAL': 13.78, 'SAD': 29.05, 'SURPRISE': 0.91}
2026-05-26 00:25:41,883 | INFO     | [941733] 🎯 KẾT QUẢ CHỐT: HAPPY (46.93%)
2026-05-26 00:25:41,884 | INFO     | [941733] ⏱️ Thời gian phản hồi: 150.11 ms
2026-05-26 00:25:41,886 | INFO     | [941734] ⏱️ Model inference: 147.74 ms
2026-05-26 00:25:41,886 | INFO     | [941734] 📊 Chi tiết dự đoán: {'ANGRY': 4.22, 'DISGUST': 0.15, 'FEAR': 5.41, 'HAPPY': 43.52, 'NEUTRAL': 13.34, 'SAD': 32.55, 'SURPRISE': 0.82}
2026-05-26 00:25:41,886 | INFO     | [941734] 🎯 KẾT QUẢ CHỐT: HAPPY (43.52%)
2026-05-26 00:25:41,886 | INFO     | [941734] ⏱️ Thời gian phản hồi: 151.99 ms
2026-05-26 00:25:41,887 | INFO     | [941734] ⏱️ Model inference: 143.31 ms
2026-05-26 00:25:41,889 | INFO     | [941734] 📊 Chi tiết dự đoán: {'ANGRY': 3.97, 'DISGUST': 0.13, 'FEAR': 5.33, 'HAPPY': 41.07, 'NEUTRAL': 16.36, 'SAD': 32.36, 'SURPRISE': 0.78}
2026-05-26 00:25:41,889 | INFO     | [941734] 🎯 KẾT QUẢ CHỐT: HAPPY (41.07%)
2026-05-26 00:25:41,889 | INFO     | [941734] ⏱️ Thời gian phản hồi: 154.57 ms
2026-05-26 00:25:41,902 | INFO     | [941902] ------------------------------------------
2026-05-26 00:25:41,902 | INFO     | [941902] 📥 NHẬN YÊU CẦU QUÉT KHUÔN MẶT MỚI
2026-05-26 00:25:41,902 | INFO     | [941902] Đã xử lý ảnh thành công. Kích thước tensor: (1, 48, 48, 1)
2026-05-26 00:25:41,990 | INFO     | [941902] ⏱️ Model inference: 85.92 ms
2026-05-26 00:25:41,990 | INFO     | [941902] 📊 Chi tiết dự đoán: {'ANGRY': 3.81, 'DISGUST': 0.11, 'FEAR': 5.43, 'HAPPY': 43.25, 'NEUTRAL': 14.28, 'SAD': 32.28, 'SURPRISE': 0.83}
2026-05-26 00:25:41,991 | INFO     | [941902] 🎯 KẾT QUẢ CHỐT: HAPPY (43.25%)
2026-05-26 00:25:41,991 | INFO     | [941902] ⏱️ Thời gian phản hồi: 87.48 ms
2026-05-26 00:25:42,434 | INFO     | [942434] ------------------------------------------
2026-05-26 00:25:42,434 | INFO     | [942434] 📥 NHẬN YÊU CẦU QUÉT KHUÔN MẶT MỚI
2026-05-26 00:25:42,434 | INFO     | [942434] ------------------------------------------
2026-05-26 00:25:42,434 | INFO     | [942434] 📥 NHẬN YÊU CẦU QUÉT KHUÔN MẶT MỚI
2026-05-26 00:25:42,436 | INFO     | [942434] Đã xử lý ảnh thành công. Kích thước tensor: (1, 48, 48, 1)
2026-05-26 00:25:42,438 | INFO     | [942434] Đã xử lý ảnh thành công. Kích thước tensor: (1, 48, 48, 1)
2026-05-26 00:25:42,530 | INFO     | [942434] ⏱️ Model inference: 94.48 ms
2026-05-26 00:25:42,530 | INFO     | [942434] 📊 Chi tiết dự đoán: {'ANGRY': 3.83, 'DISGUST': 0.12, 'FEAR': 4.88, 'HAPPY': 44.4, 'NEUTRAL': 15.9, 'SAD': 30.04, 'SURPRISE': 0.84}
2026-05-26 00:25:42,530 | INFO     | [942434] 🎯 KẾT QUẢ CHỐT: HAPPY (44.40%)
2026-05-26 00:25:42,530 | INFO     | [942434] ⏱️ Thời gian phản hồi: 95.99 ms
2026-05-26 00:25:42,532 | INFO     | [942434] ⏱️ Model inference: 93.39 ms
2026-05-26 00:25:42,533 | INFO     | [942434] 📊 Chi tiết dự đoán: {'ANGRY': 3.48, 'DISGUST': 0.13, 'FEAR': 4.38, 'HAPPY': 52.48, 'NEUTRAL': 12.91, 'SAD': 25.71, 'SURPRISE': 0.92}
2026-05-26 00:25:42,533 | INFO     | [942434] 🎯 KẾT QUẢ CHỐT: HAPPY (52.48%)
2026-05-26 00:25:42,533 | INFO     | [942434] ⏱️ Thời gian phản hồi: 99.22 ms
2026-05-26 00:25:42,728 | INFO     | [942728] ------------------------------------------
2026-05-26 00:25:42,728 | INFO     | [942728] 📥 NHẬN YÊU CẦU QUÉT KHUÔN MẶT MỚI
2026-05-26 00:25:42,729 | INFO     | [942728] Đã xử lý ảnh thành công. Kích thước tensor: (1, 48, 48, 1)
2026-05-26 00:25:42,760 | INFO     | [942760] ------------------------------------------
2026-05-26 00:25:42,761 | INFO     | [942760] 📥 NHẬN YÊU CẦU QUÉT KHUÔN MẶT MỚI
2026-05-26 00:25:42,763 | INFO     | [942760] Đã xử lý ảnh thành công. Kích thước tensor: (1, 48, 48, 1)
2026-05-26 00:25:42,824 | INFO     | [942728] ⏱️ Model inference: 95.05 ms
2026-05-26 00:25:42,824 | INFO     | [942728] 📊 Chi tiết dự đoán: {'ANGRY': 4.9, 'DISGUST': 0.14, 'FEAR': 5.45, 'HAPPY': 41.29, 'NEUTRAL': 15.82, 'SAD': 31.54, 'SURPRISE': 0.86}
2026-05-26 00:25:42,824 | INFO     | [942728] 🎯 KẾT QUẢ CHỐT: HAPPY (41.29%)
2026-05-26 00:25:42,825 | INFO     | [942728] ⏱️ Thời gian phản hồi: 96.07 ms
2026-05-26 00:25:42,853 | INFO     | [942760] ⏱️ Model inference: 89.11 ms
2026-05-26 00:25:42,853 | INFO     | [942760] 📊 Chi tiết dự đoán: {'ANGRY': 4.97, 'DISGUST': 0.13, 'FEAR': 4.61, 'HAPPY': 43.18, 'NEUTRAL': 16.85, 'SAD': 29.61, 'SURPRISE': 0.65}
2026-05-26 00:25:42,854 | INFO     | [942760] 🎯 KẾT QUẢ CHỐT: HAPPY (43.18%)
2026-05-26 00:25:42,854 | INFO     | [942760] ⏱️ Thời gian phản hồi: 93.11 ms
2026-05-26 00:25:43,728 | INFO     | [943728] ------------------------------------------
2026-05-26 00:25:43,728 | INFO     | [943728] 📥 NHẬN YÊU CẦU QUÉT KHUÔN MẶT MỚI
2026-05-26 00:25:43,729 | INFO     | [943729] ------------------------------------------
2026-05-26 00:25:43,729 | INFO     | [943729] 📥 NHẬN YÊU CẦU QUÉT KHUÔN MẶT MỚI
2026-05-26 00:25:43,729 | INFO     | [943729] ------------------------------------------
2026-05-26 00:25:43,729 | INFO     | [943729] 📥 NHẬN YÊU CẦU QUÉT KHUÔN MẶT MỚI
2026-05-26 00:25:43,731 | INFO     | [943728] Đã xử lý ảnh thành công. Kích thước tensor: (1, 48, 48, 1)
2026-05-26 00:25:43,734 | INFO     | [943729] Đã xử lý ảnh thành công. Kích thước tensor: (1, 48, 48, 1)
2026-05-26 00:25:43,737 | INFO     | [943729] Đã xử lý ảnh thành công. Kích thước tensor: (1, 48, 48, 1)
2026-05-26 00:25:43,858 | INFO     | [943729] ⏱️ Model inference: 116.45 ms
2026-05-26 00:25:43,858 | INFO     | [943729] 📊 Chi tiết dự đoán: {'ANGRY': 5.28, 'DISGUST': 0.16, 'FEAR': 5.2, 'HAPPY': 40.5, 'NEUTRAL': 15.59, 'SAD': 32.38, 'SURPRISE': 0.89}
2026-05-26 00:25:43,859 | INFO     | [943729] 🎯 KẾT QUẢ CHỐT: HAPPY (40.50%)
2026-05-26 00:25:43,860 | INFO     | [943729] ⏱️ Thời gian phản hồi: 128.25 ms
2026-05-26 00:25:43,861 | INFO     | [943728] ⏱️ Model inference: 130.16 ms
2026-05-26 00:25:43,861 | INFO     | [943728] 📊 Chi tiết dự đoán: {'ANGRY': 4.97, 'DISGUST': 0.15, 'FEAR': 4.5, 'HAPPY': 44.74, 'NEUTRAL': 16.9, 'SAD': 27.84, 'SURPRISE': 0.9}
2026-05-26 00:25:43,862 | INFO     | [943728] 🎯 KẾT QUẢ CHỐT: HAPPY (44.74%)
2026-05-26 00:25:43,862 | INFO     | [943728] ⏱️ Thời gian phản hồi: 132.75 ms
2026-05-26 00:25:43,870 | INFO     | [943870] ------------------------------------------
2026-05-26 00:25:43,870 | INFO     | [943870] 📥 NHẬN YÊU CẦU QUÉT KHUÔN MẶT MỚI
2026-05-26 00:25:43,871 | INFO     | [943870] Đã xử lý ảnh thành công. Kích thước tensor: (1, 48, 48, 1)
2026-05-26 00:25:43,894 | INFO     | [943729] ⏱️ Model inference: 160.47 ms
2026-05-26 00:25:43,894 | INFO     | [943729] 📊 Chi tiết dự đoán: {'ANGRY': 5.95, 'DISGUST': 0.15, 'FEAR': 4.87, 'HAPPY': 37.06, 'NEUTRAL': 18.74, 'SAD': 32.39, 'SURPRISE': 0.84}
2026-05-26 00:25:43,894 | INFO     | [943729] 🎯 KẾT QUẢ CHỐT: HAPPY (37.06%)
2026-05-26 00:25:43,895 | INFO     | [943729] ⏱️ Thời gian phản hồi: 164.89 ms
2026-05-26 00:25:43,936 | INFO     | [943870] ⏱️ Model inference: 65.15 ms
2026-05-26 00:25:43,936 | INFO     | [943870] 📊 Chi tiết dự đoán: {'ANGRY': 5.45, 'DISGUST': 0.13, 'FEAR': 4.44, 'HAPPY': 39.54, 'NEUTRAL': 18.44, 'SAD': 31.24, 'SURPRISE': 0.77}
2026-05-26 00:25:43,937 | INFO     | [943870] 🎯 KẾT QUẢ CHỐT: HAPPY (39.54%)
2026-05-26 00:25:43,937 | INFO     | [943870] ⏱️ Thời gian phản hồi: 66.59 ms
2026-05-26 00:25:44,213 | INFO     | [944213] ------------------------------------------
2026-05-26 00:25:44,213 | INFO     | [944213] 📥 NHẬN YÊU CẦU QUÉT KHUÔN MẶT MỚI
2026-05-26 00:25:44,213 | INFO     | [944213] Đã xử lý ảnh thành công. Kích thước tensor: (1, 48, 48, 1)
2026-05-26 00:25:44,265 | INFO     | [944213] ⏱️ Model inference: 51.49 ms
2026-05-26 00:25:44,265 | INFO     | [944213] 📊 Chi tiết dự đoán: {'ANGRY': 4.66, 'DISGUST': 0.14, 'FEAR': 3.91, 'HAPPY': 50.03, 'NEUTRAL': 15.15, 'SAD': 25.33, 'SURPRISE': 0.78}
2026-05-26 00:25:44,266 | INFO     | [944213] 🎯 KẾT QUẢ CHỐT: HAPPY (50.03%)
2026-05-26 00:25:44,266 | INFO     | [944213] ⏱️ Thời gian phản hồi: 52.53 ms
2026-05-26 00:25:44,431 | INFO     | [944431] ------------------------------------------
2026-05-26 00:25:44,431 | INFO     | [944431] 📥 NHẬN YÊU CẦU QUÉT KHUÔN MẶT MỚI
2026-05-26 00:25:44,432 | INFO     | [944431] Đã xử lý ảnh thành công. Kích thước tensor: (1, 48, 48, 1)
2026-05-26 00:25:44,516 | INFO     | [944431] ⏱️ Model inference: 83.69 ms
2026-05-26 00:25:44,517 | INFO     | [944431] 📊 Chi tiết dự đoán: {'ANGRY': 6.49, 'DISGUST': 0.16, 'FEAR': 5.58, 'HAPPY': 36.66, 'NEUTRAL': 20.73, 'SAD': 29.6, 'SURPRISE': 0.77}
2026-05-26 00:25:44,517 | INFO     | [944431] 🎯 KẾT QUẢ CHỐT: HAPPY (36.66%)
2026-05-26 00:25:44,517 | INFO     | [944431] ⏱️ Thời gian phản hồi: 85.95 ms
2026-05-26 00:25:44,524 | INFO     | [944524] ------------------------------------------
2026-05-26 00:25:44,524 | INFO     | [944524] 📥 NHẬN YÊU CẦU QUÉT KHUÔN MẶT MỚI
2026-05-26 00:25:44,525 | INFO     | [944524] Đã xử lý ảnh thành công. Kích thước tensor: (1, 48, 48, 1)
2026-05-26 00:25:44,592 | INFO     | [944524] ⏱️ Model inference: 67.08 ms
2026-05-26 00:25:44,593 | INFO     | [944524] 📊 Chi tiết dự đoán: {'ANGRY': 5.67, 'DISGUST': 0.16, 'FEAR': 5.62, 'HAPPY': 34.42, 'NEUTRAL': 19.45, 'SAD': 33.95, 'SURPRISE': 0.73}
2026-05-26 00:25:44,593 | INFO     | [944524] 🎯 KẾT QUẢ CHỐT: HAPPY (34.42%)
2026-05-26 00:25:44,593 | INFO     | [944524] ⏱️ Thời gian phản hồi: 68.96 ms
2026-05-26 00:25:44,758 | INFO     | [944758] ------------------------------------------
2026-05-26 00:25:44,758 | INFO     | [944758] 📥 NHẬN YÊU CẦU QUÉT KHUÔN MẶT MỚI
2026-05-26 00:25:44,760 | INFO     | [944758] Đã xử lý ảnh thành công. Kích thước tensor: (1, 48, 48, 1)
2026-05-26 00:25:44,856 | INFO     | [944758] ⏱️ Model inference: 96.51 ms
2026-05-26 00:25:44,856 | INFO     | [944758] 📊 Chi tiết dự đoán: {'ANGRY': 4.97, 'DISGUST': 0.15, 'FEAR': 4.88, 'HAPPY': 45.36, 'NEUTRAL': 17.9, 'SAD': 25.8, 'SURPRISE': 0.93}
2026-05-26 00:25:44,856 | INFO     | [944758] 🎯 KẾT QUẢ CHỐT: HAPPY (45.36%)
2026-05-26 00:25:44,856 | INFO     | [944758] ⏱️ Thời gian phản hồi: 98.27 ms
2026-05-26 00:25:45,726 | INFO     | [945726] ------------------------------------------
2026-05-26 00:25:45,727 | INFO     | [945726] 📥 NHẬN YÊU CẦU QUÉT KHUÔN MẶT MỚI
2026-05-26 00:25:45,728 | INFO     | [945728] ------------------------------------------
2026-05-26 00:25:45,728 | INFO     | [945728] 📥 NHẬN YÊU CẦU QUÉT KHUÔN MẶT MỚI
2026-05-26 00:25:45,728 | INFO     | [945728] ------------------------------------------
2026-05-26 00:25:45,728 | INFO     | [945728] 📥 NHẬN YÊU CẦU QUÉT KHUÔN MẶT MỚI
2026-05-26 00:25:45,729 | INFO     | [945726] Đã xử lý ảnh thành công. Kích thước tensor: (1, 48, 48, 1)
2026-05-26 00:25:45,733 | INFO     | [945728] Đã xử lý ảnh thành công. Kích thước tensor: (1, 48, 48, 1)
2026-05-26 00:25:45,739 | INFO     | [945728] Đã xử lý ảnh thành công. Kích thước tensor: (1, 48, 48, 1)
2026-05-26 00:25:45,907 | INFO     | [945728] ⏱️ Model inference: 165.54 ms
2026-05-26 00:25:45,907 | INFO     | [945728] 📊 Chi tiết dự đoán: {'ANGRY': 4.44, 'DISGUST': 0.13, 'FEAR': 5.18, 'HAPPY': 43.9, 'NEUTRAL': 19.15, 'SAD': 26.13, 'SURPRISE': 1.06}
2026-05-26 00:25:45,908 | INFO     | [945728] 🎯 KẾT QUẢ CHỐT: HAPPY (43.90%)
2026-05-26 00:25:45,908 | INFO     | [945728] ⏱️ Thời gian phản hồi: 178.38 ms
2026-05-26 00:25:45,917 | INFO     | [945726] ⏱️ Model inference: 187.91 ms
2026-05-26 00:25:45,918 | INFO     | [945726] 📊 Chi tiết dự đoán: {'ANGRY': 5.92, 'DISGUST': 0.15, 'FEAR': 5.36, 'HAPPY': 38.56, 'NEUTRAL': 19.37, 'SAD': 29.87, 'SURPRISE': 0.77}
2026-05-26 00:25:45,918 | INFO     | [945726] 🎯 KẾT QUẢ CHỐT: HAPPY (38.56%)
2026-05-26 00:25:45,918 | INFO     | [945726] ⏱️ Thời gian phản hồi: 192.49 ms
2026-05-26 00:25:45,920 | INFO     | [945728] ⏱️ Model inference: 185.43 ms
2026-05-26 00:25:45,920 | INFO     | [945728] 📊 Chi tiết dự đoán: {'ANGRY': 4.83, 'DISGUST': 0.16, 'FEAR': 4.81, 'HAPPY': 47.42, 'NEUTRAL': 15.88, 'SAD': 25.98, 'SURPRISE': 0.94}
2026-05-26 00:25:45,920 | INFO     | [945728] 🎯 KẾT QUẢ CHỐT: HAPPY (47.42%)
2026-05-26 00:25:45,921 | INFO     | [945728] ⏱️ Thời gian phản hồi: 192.24 ms
2026-05-26 00:25:45,929 | INFO     | [945929] ------------------------------------------
2026-05-26 00:25:45,931 | INFO     | [945929] 📥 NHẬN YÊU CẦU QUÉT KHUÔN MẶT MỚI
2026-05-26 00:25:45,932 | INFO     | [945929] Đã xử lý ảnh thành công. Kích thước tensor: (1, 48, 48, 1)
2026-05-26 00:25:45,997 | INFO     | [BATCH-945997] ==========================================
2026-05-26 00:25:46,000 | INFO     | [BATCH-945997] 🎞️ NHẬN CHUỖI 5 KHUNG HÌNH (BATCH)
2026-05-26 00:25:46,117 | INFO     | [945929] ⏱️ Model inference: 185.0 ms
2026-05-26 00:25:46,119 | INFO     | [945929] 📊 Chi tiết dự đoán: {'ANGRY': 6.47, 'DISGUST': 0.17, 'FEAR': 4.69, 'HAPPY': 39.55, 'NEUTRAL': 14.38, 'SAD': 34.22, 'SURPRISE': 0.52}
2026-05-26 00:25:46,119 | INFO     | [945929] 🎯 KẾT QUẢ CHỐT: HAPPY (39.55%)
2026-05-26 00:25:46,119 | INFO     | [945929] ⏱️ Thời gian phản hồi: 189.23 ms
2026-05-26 00:25:46,536 | INFO     | [BATCH-945997] ⏱️ Batch inference elapsed: 534.82 ms (5 frames)
2026-05-26 00:25:46,537 | INFO     | [BATCH-945997] ↳ Frame 1/5: HAPPY (45.4%)
2026-05-26 00:25:46,537 | INFO     | [BATCH-945997] ↳ Frame 2/5: HAPPY (38.6%)
2026-05-26 00:25:46,537 | INFO     | [BATCH-945997] ↳ Frame 3/5: HAPPY (43.9%)
2026-05-26 00:25:46,537 | INFO     | [BATCH-945997] ↳ Frame 4/5: HAPPY (47.4%)
2026-05-26 00:25:46,537 | INFO     | [BATCH-945997] ↳ Frame 5/5: HAPPY (39.6%)
2026-05-26 00:25:46,539 | INFO     | [BATCH-945997] 🎯 KẾT QUẢ CHUỖI: HAPPY (Tần suất: {'HAPPY': 5})
2026-05-26 00:25:46,539 | INFO     | [BATCH-945997] ⏱️ Tổng thời gian xử lý: 541.44 ms
2026-05-26 00:27:32,378 | INFO     | [052378] ------------------------------------------
2026-05-26 00:27:32,378 | INFO     | [052378] 📥 NHẬN YÊU CẦU QUÉT KHUÔN MẶT MỚI
2026-05-26 00:27:32,379 | INFO     | [052379] ------------------------------------------
2026-05-26 00:27:32,379 | INFO     | [052379] 📥 NHẬN YÊU CẦU QUÉT KHUÔN MẶT MỚI
2026-05-26 00:27:32,380 | INFO     | [052380] ------------------------------------------
2026-05-26 00:27:32,380 | INFO     | [052380] 📥 NHẬN YÊU CẦU QUÉT KHUÔN MẶT MỚI
2026-05-26 00:27:32,381 | INFO     | [052378] Đã xử lý ảnh thành công. Kích thước tensor: (1, 48, 48, 1)
2026-05-26 00:27:32,386 | INFO     | [052379] Đã xử lý ảnh thành công. Kích thước tensor: (1, 48, 48, 1)
2026-05-26 00:27:32,392 | INFO     | [052380] Đã xử lý ảnh thành công. Kích thước tensor: (1, 48, 48, 1)
2026-05-26 00:27:32,520 | INFO     | [052380] ⏱️ Model inference: 125.16 ms
2026-05-26 00:27:32,521 | INFO     | [052380] 📊 Chi tiết dự đoán: {'ANGRY': 5.02, 'DISGUST': 0.13, 'FEAR': 6.68, 'HAPPY': 34.09, 'NEUTRAL': 16.03, 'SAD': 36.89, 'SURPRISE': 1.15}
2026-05-26 00:27:32,521 | INFO     | [052380] 🎯 KẾT QUẢ CHỐT: SAD (36.89%)
2026-05-26 00:27:32,521 | INFO     | [052380] ⏱️ Thời gian phản hồi: 141.24 ms
2026-05-26 00:27:32,527 | INFO     | [052379] ⏱️ Model inference: 139.56 ms
2026-05-26 00:27:32,527 | INFO     | [052379] 📊 Chi tiết dự đoán: {'ANGRY': 4.02, 'DISGUST': 0.09, 'FEAR': 6.86, 'HAPPY': 29.61, 'NEUTRAL': 18.26, 'SAD': 39.93, 'SURPRISE': 1.24}
2026-05-26 00:27:32,527 | INFO     | [052379] 🎯 KẾT QUẢ CHỐT: SAD (39.93%)
2026-05-26 00:27:32,527 | INFO     | [052379] ⏱️ Thời gian phản hồi: 148.13 ms
2026-05-26 00:27:32,530 | INFO     | [052378] ⏱️ Model inference: 149.26 ms
2026-05-26 00:27:32,530 | INFO     | [052378] 📊 Chi tiết dự đoán: {'ANGRY': 4.62, 'DISGUST': 0.09, 'FEAR': 5.84, 'HAPPY': 35.56, 'NEUTRAL': 14.78, 'SAD': 38.38, 'SURPRISE': 0.73}
2026-05-26 00:27:32,531 | INFO     | [052378] 🎯 KẾT QUẢ CHỐT: SAD (38.38%)
2026-05-26 00:27:32,531 | INFO     | [052378] ⏱️ Thời gian phản hồi: 152.11 ms
2026-05-26 00:27:32,539 | INFO     | [052539] ------------------------------------------
2026-05-26 00:27:32,539 | INFO     | [052539] 📥 NHẬN YÊU CẦU QUÉT KHUÔN MẶT MỚI
2026-05-26 00:27:32,540 | INFO     | [052539] Đã xử lý ảnh thành công. Kích thước tensor: (1, 48, 48, 1)
2026-05-26 00:27:32,625 | INFO     | [052539] ⏱️ Model inference: 83.59 ms
2026-05-26 00:27:32,625 | INFO     | [052539] 📊 Chi tiết dự đoán: {'ANGRY': 6.31, 'DISGUST': 0.13, 'FEAR': 6.54, 'HAPPY': 28.05, 'NEUTRAL': 16.35, 'SAD': 42.01, 'SURPRISE': 0.62}
2026-05-26 00:27:32,625 | INFO     | [052539] 🎯 KẾT QUẢ CHỐT: SAD (42.01%)
2026-05-26 00:27:32,625 | INFO     | [052539] ⏱️ Thời gian phản hồi: 86.28 ms
2026-05-26 00:27:32,789 | INFO     | [052789] ------------------------------------------
2026-05-26 00:27:32,789 | INFO     | [052789] 📥 NHẬN YÊU CẦU QUÉT KHUÔN MẶT MỚI
2026-05-26 00:27:32,790 | INFO     | [052789] Đã xử lý ảnh thành công. Kích thước tensor: (1, 48, 48, 1)
2026-05-26 00:27:32,856 | INFO     | [052789] ⏱️ Model inference: 66.29 ms
2026-05-26 00:27:32,856 | INFO     | [052789] 📊 Chi tiết dự đoán: {'ANGRY': 7.32, 'DISGUST': 0.14, 'FEAR': 5.65, 'HAPPY': 30.81, 'NEUTRAL': 14.96, 'SAD': 40.71, 'SURPRISE': 0.41}
2026-05-26 00:27:32,856 | INFO     | [052789] 🎯 KẾT QUẢ CHỐT: SAD (40.71%)
2026-05-26 00:27:32,856 | INFO     | [052789] ⏱️ Thời gian phản hồi: 67.29 ms
2026-05-26 00:27:33,441 | INFO     | [053441] ------------------------------------------
2026-05-26 00:27:33,441 | INFO     | [053441] 📥 NHẬN YÊU CẦU QUÉT KHUÔN MẶT MỚI
2026-05-26 00:27:33,441 | INFO     | [053441] ------------------------------------------
2026-05-26 00:27:33,443 | INFO     | [053441] 📥 NHẬN YÊU CẦU QUÉT KHUÔN MẶT MỚI
2026-05-26 00:27:33,443 | INFO     | [053441] Đã xử lý ảnh thành công. Kích thước tensor: (1, 48, 48, 1)
2026-05-26 00:27:33,445 | INFO     | [053441] Đã xử lý ảnh thành công. Kích thước tensor: (1, 48, 48, 1)
2026-05-26 00:27:33,507 | INFO     | [053507] ------------------------------------------
2026-05-26 00:27:33,508 | INFO     | [053507] 📥 NHẬN YÊU CẦU QUÉT KHUÔN MẶT MỚI
2026-05-26 00:27:33,512 | INFO     | [053507] Đã xử lý ảnh thành công. Kích thước tensor: (1, 48, 48, 1)
2026-05-26 00:27:33,571 | INFO     | [053441] ⏱️ Model inference: 119.7 ms
2026-05-26 00:27:33,572 | INFO     | [053441] 📊 Chi tiết dự đoán: {'ANGRY': 6.99, 'DISGUST': 0.12, 'FEAR': 6.24, 'HAPPY': 26.32, 'NEUTRAL': 16.54, 'SAD': 43.37, 'SURPRISE': 0.42}
2026-05-26 00:27:33,573 | INFO     | [053441] 🎯 KẾT QUẢ CHỐT: SAD (43.37%)
2026-05-26 00:27:33,573 | INFO     | [053441] ⏱️ Thời gian phản hồi: 130.4 ms
2026-05-26 00:27:33,576 | INFO     | [053441] ⏱️ Model inference: 132.81 ms
2026-05-26 00:27:33,576 | INFO     | [053441] 📊 Chi tiết dự đoán: {'ANGRY': 7.27, 'DISGUST': 0.13, 'FEAR': 6.71, 'HAPPY': 27.22, 'NEUTRAL': 14.41, 'SAD': 43.79, 'SURPRISE': 0.47}
2026-05-26 00:27:33,577 | INFO     | [053441] 🎯 KẾT QUẢ CHỐT: SAD (43.79%)
2026-05-26 00:27:33,577 | INFO     | [053441] ⏱️ Thời gian phản hồi: 134.2 ms
2026-05-26 00:27:33,614 | INFO     | [053507] ⏱️ Model inference: 99.48 ms
2026-05-26 00:27:33,615 | INFO     | [053507] 📊 Chi tiết dự đoán: {'ANGRY': 6.83, 'DISGUST': 0.12, 'FEAR': 5.99, 'HAPPY': 25.53, 'NEUTRAL': 17.07, 'SAD': 44.03, 'SURPRISE': 0.44}
2026-05-26 00:27:33,615 | INFO     | [053507] 🎯 KẾT QUẢ CHỐT: SAD (44.03%)
2026-05-26 00:27:33,615 | INFO     | [053507] ⏱️ Thời gian phản hồi: 107.59 ms
2026-05-26 00:27:34,439 | INFO     | [054439] ------------------------------------------
2026-05-26 00:27:34,439 | INFO     | [054439] 📥 NHẬN YÊU CẦU QUÉT KHUÔN MẶT MỚI
2026-05-26 00:27:34,439 | INFO     | [054439] Đã xử lý ảnh thành công. Kích thước tensor: (1, 48, 48, 1)
2026-05-26 00:27:34,456 | INFO     | [054456] ------------------------------------------
2026-05-26 00:27:34,458 | INFO     | [054456] 📥 NHẬN YÊU CẦU QUÉT KHUÔN MẶT MỚI
2026-05-26 00:27:34,461 | INFO     | [054461] ------------------------------------------
2026-05-26 00:27:34,463 | INFO     | [054461] 📥 NHẬN YÊU CẦU QUÉT KHUÔN MẶT MỚI
2026-05-26 00:27:34,466 | INFO     | [054456] Đã xử lý ảnh thành công. Kích thước tensor: (1, 48, 48, 1)
2026-05-26 00:27:34,478 | INFO     | [054461] Đã xử lý ảnh thành công. Kích thước tensor: (1, 48, 48, 1)
2026-05-26 00:27:34,555 | INFO     | [054439] ⏱️ Model inference: 116.11 ms
2026-05-26 00:27:34,556 | INFO     | [054439] 📊 Chi tiết dự đoán: {'ANGRY': 8.08, 'DISGUST': 0.16, 'FEAR': 6.48, 'HAPPY': 31.16, 'NEUTRAL': 13.67, 'SAD': 39.78, 'SURPRISE': 0.67}
2026-05-26 00:27:34,556 | INFO     | [054439] 🎯 KẾT QUẢ CHỐT: SAD (39.78%)
2026-05-26 00:27:34,556 | INFO     | [054439] ⏱️ Thời gian phản hồi: 117.15 ms
2026-05-26 00:27:34,563 | INFO     | [054563] ------------------------------------------
2026-05-26 00:27:34,563 | INFO     | [054563] 📥 NHẬN YÊU CẦU QUÉT KHUÔN MẶT MỚI
2026-05-26 00:27:34,563 | INFO     | [054563] Đã xử lý ảnh thành công. Kích thước tensor: (1, 48, 48, 1)
2026-05-26 00:27:34,590 | INFO     | [054456] ⏱️ Model inference: 122.42 ms
2026-05-26 00:27:34,592 | INFO     | [054456] 📊 Chi tiết dự đoán: {'ANGRY': 6.26, 'DISGUST': 0.19, 'FEAR': 5.91, 'HAPPY': 24.52, 'NEUTRAL': 15.39, 'SAD': 46.78, 'SURPRISE': 0.94}
2026-05-26 00:27:34,592 | INFO     | [054456] 🎯 KẾT QUẢ CHỐT: SAD (46.78%)
2026-05-26 00:27:34,593 | INFO     | [054456] ⏱️ Thời gian phản hồi: 135.58 ms
2026-05-26 00:27:34,595 | INFO     | [054461] ⏱️ Model inference: 115.4 ms
2026-05-26 00:27:34,595 | INFO     | [054461] 📊 Chi tiết dự đoán: {'ANGRY': 5.62, 'DISGUST': 0.16, 'FEAR': 6.38, 'HAPPY': 27.11, 'NEUTRAL': 15.14, 'SAD': 44.73, 'SURPRISE': 0.87}
2026-05-26 00:27:34,595 | INFO     | [054461] 🎯 KẾT QUẢ CHỐT: SAD (44.73%)
2026-05-26 00:27:34,595 | INFO     | [054461] ⏱️ Thời gian phản hồi: 133.97 ms
2026-05-26 00:27:34,660 | INFO     | [054563] ⏱️ Model inference: 95.25 ms
2026-05-26 00:27:34,660 | INFO     | [054563] 📊 Chi tiết dự đoán: {'ANGRY': 5.27, 'DISGUST': 0.15, 'FEAR': 5.44, 'HAPPY': 31.4, 'NEUTRAL': 15.1, 'SAD': 41.8, 'SURPRISE': 0.83}
2026-05-26 00:27:34,661 | INFO     | [054563] 🎯 KẾT QUẢ CHỐT: SAD (41.80%)
2026-05-26 00:27:34,661 | INFO     | [054563] ⏱️ Thời gian phản hồi: 97.75 ms
2026-05-26 00:27:34,779 | INFO     | [054779] ------------------------------------------
2026-05-26 00:27:34,780 | INFO     | [054779] 📥 NHẬN YÊU CẦU QUÉT KHUÔN MẶT MỚI
2026-05-26 00:27:34,780 | INFO     | [054779] Đã xử lý ảnh thành công. Kích thước tensor: (1, 48, 48, 1)
2026-05-26 00:27:34,875 | INFO     | [054779] ⏱️ Model inference: 95.18 ms
2026-05-26 00:27:34,876 | INFO     | [054779] 📊 Chi tiết dự đoán: {'ANGRY': 4.79, 'DISGUST': 0.14, 'FEAR': 5.62, 'HAPPY': 25.27, 'NEUTRAL': 15.32, 'SAD': 48.1, 'SURPRISE': 0.76}
2026-05-26 00:27:34,876 | INFO     | [054779] 🎯 KẾT QUẢ CHỐT: SAD (48.10%)
2026-05-26 00:27:34,876 | INFO     | [054779] ⏱️ Thời gian phản hồi: 96.68 ms
2026-05-26 00:27:35,092 | INFO     | [055092] ------------------------------------------
2026-05-26 00:27:35,093 | INFO     | [055092] 📥 NHẬN YÊU CẦU QUÉT KHUÔN MẶT MỚI
2026-05-26 00:27:35,093 | INFO     | [055092] Đã xử lý ảnh thành công. Kích thước tensor: (1, 48, 48, 1)
2026-05-26 00:27:35,161 | INFO     | [055092] ⏱️ Model inference: 68.45 ms
2026-05-26 00:27:35,162 | INFO     | [055092] 📊 Chi tiết dự đoán: {'ANGRY': 5.01, 'DISGUST': 0.13, 'FEAR': 6.28, 'HAPPY': 23.15, 'NEUTRAL': 17.11, 'SAD': 47.44, 'SURPRISE': 0.89}
2026-05-26 00:27:35,162 | INFO     | [055092] 🎯 KẾT QUẢ CHỐT: SAD (47.44%)
2026-05-26 00:27:35,162 | INFO     | [055092] ⏱️ Thời gian phản hồi: 69.45 ms
2026-05-26 00:27:35,449 | INFO     | [055449] ------------------------------------------
2026-05-26 00:27:35,449 | INFO     | [055449] 📥 NHẬN YÊU CẦU QUÉT KHUÔN MẶT MỚI
2026-05-26 00:27:35,450 | INFO     | [055449] Đã xử lý ảnh thành công. Kích thước tensor: (1, 48, 48, 1)
2026-05-26 00:27:35,480 | INFO     | [055480] ------------------------------------------
2026-05-26 00:27:35,480 | INFO     | [055480] 📥 NHẬN YÊU CẦU QUÉT KHUÔN MẶT MỚI
2026-05-26 00:27:35,481 | INFO     | [055480] Đã xử lý ảnh thành công. Kích thước tensor: (1, 48, 48, 1)
2026-05-26 00:27:35,535 | INFO     | [055449] ⏱️ Model inference: 84.61 ms
2026-05-26 00:27:35,536 | INFO     | [055449] 📊 Chi tiết dự đoán: {'ANGRY': 5.63, 'DISGUST': 0.16, 'FEAR': 6.11, 'HAPPY': 35.07, 'NEUTRAL': 15.59, 'SAD': 36.62, 'SURPRISE': 0.82}
2026-05-26 00:27:35,536 | INFO     | [055449] 🎯 KẾT QUẢ CHỐT: SAD (36.62%)
2026-05-26 00:27:35,536 | INFO     | [055449] ⏱️ Thời gian phản hồi: 87.26 ms
2026-05-26 00:27:35,564 | INFO     | [055480] ⏱️ Model inference: 81.56 ms
2026-05-26 00:27:35,564 | INFO     | [055480] 📊 Chi tiết dự đoán: {'ANGRY': 4.83, 'DISGUST': 0.14, 'FEAR': 7.05, 'HAPPY': 28.57, 'NEUTRAL': 17.71, 'SAD': 40.75, 'SURPRISE': 0.95}
2026-05-26 00:27:35,564 | INFO     | [055480] 🎯 KẾT QUẢ CHỐT: SAD (40.75%)
2026-05-26 00:27:35,564 | INFO     | [055480] ⏱️ Thời gian phản hồi: 84.5 ms
2026-05-26 00:27:36,458 | INFO     | [056458] ------------------------------------------
2026-05-26 00:27:36,458 | INFO     | [056458] 📥 NHẬN YÊU CẦU QUÉT KHUÔN MẶT MỚI
2026-05-26 00:27:36,458 | INFO     | [056458] ------------------------------------------
2026-05-26 00:27:36,459 | INFO     | [056458] 📥 NHẬN YÊU CẦU QUÉT KHUÔN MẶT MỚI
2026-05-26 00:27:36,459 | INFO     | [056459] ------------------------------------------
2026-05-26 00:27:36,460 | INFO     | [056459] 📥 NHẬN YÊU CẦU QUÉT KHUÔN MẶT MỚI
2026-05-26 00:27:36,460 | INFO     | [056458] Đã xử lý ảnh thành công. Kích thước tensor: (1, 48, 48, 1)
2026-05-26 00:27:36,462 | INFO     | [056458] Đã xử lý ảnh thành công. Kích thước tensor: (1, 48, 48, 1)
2026-05-26 00:27:36,468 | INFO     | [056459] Đã xử lý ảnh thành công. Kích thước tensor: (1, 48, 48, 1)
2026-05-26 00:27:36,586 | INFO     | [056458] ⏱️ Model inference: 126.15 ms
2026-05-26 00:27:36,586 | INFO     | [056458] 📊 Chi tiết dự đoán: {'ANGRY': 4.96, 'DISGUST': 0.13, 'FEAR': 5.29, 'HAPPY': 42.62, 'NEUTRAL': 15.59, 'SAD': 30.57, 'SURPRISE': 0.84}
2026-05-26 00:27:36,586 | INFO     | [056458] 🎯 KẾT QUẢ CHỐT: HAPPY (42.62%)
2026-05-26 00:27:36,587 | INFO     | [056458] ⏱️ Thời gian phản hồi: 128.16 ms
2026-05-26 00:27:36,589 | INFO     | [056458] ⏱️ Model inference: 126.16 ms
2026-05-26 00:27:36,589 | INFO     | [056458] 📊 Chi tiết dự đoán: {'ANGRY': 5.18, 'DISGUST': 0.14, 'FEAR': 7.85, 'HAPPY': 28.55, 'NEUTRAL': 17.26, 'SAD': 39.88, 'SURPRISE': 1.15}
2026-05-26 00:27:36,589 | INFO     | [056458] 🎯 KẾT QUẢ CHỐT: SAD (39.88%)
2026-05-26 00:27:36,590 | INFO     | [056458] ⏱️ Thời gian phản hồi: 131.41 ms
2026-05-26 00:27:36,595 | INFO     | [056459] ⏱️ Model inference: 126.59 ms
2026-05-26 00:27:36,597 | INFO     | [056459] 📊 Chi tiết dự đoán: {'ANGRY': 5.13, 'DISGUST': 0.13, 'FEAR': 5.97, 'HAPPY': 31.65, 'NEUTRAL': 16.72, 'SAD': 39.82, 'SURPRISE': 0.58}
2026-05-26 00:27:36,597 | INFO     | [056459] 🎯 KẾT QUẢ CHỐT: SAD (39.82%)
2026-05-26 00:27:36,597 | INFO     | [056459] ⏱️ Thời gian phản hồi: 137.98 ms
2026-05-26 00:27:36,599 | INFO     | [056599] ------------------------------------------
2026-05-26 00:27:36,599 | INFO     | [056599] 📥 NHẬN YÊU CẦU QUÉT KHUÔN MẶT MỚI
2026-05-26 00:27:36,600 | INFO     | [056599] Đã xử lý ảnh thành công. Kích thước tensor: (1, 48, 48, 1)
2026-05-26 00:27:36,665 | INFO     | [056599] ⏱️ Model inference: 65.44 ms
2026-05-26 00:27:36,665 | INFO     | [056599] 📊 Chi tiết dự đoán: {'ANGRY': 7.27, 'DISGUST': 0.12, 'FEAR': 5.48, 'HAPPY': 30.42, 'NEUTRAL': 17.98, 'SAD': 38.25, 'SURPRISE': 0.49}
2026-05-26 00:27:36,665 | INFO     | [056599] 🎯 KẾT QUẢ CHỐT: SAD (38.25%)
2026-05-26 00:27:36,665 | INFO     | [056599] ⏱️ Thời gian phản hồi: 66.44 ms
2026-05-26 00:27:36,784 | INFO     | [056784] ------------------------------------------
2026-05-26 00:27:36,784 | INFO     | [056784] 📥 NHẬN YÊU CẦU QUÉT KHUÔN MẶT MỚI
2026-05-26 00:27:36,785 | INFO     | [056784] Đã xử lý ảnh thành công. Kích thước tensor: (1, 48, 48, 1)
2026-05-26 00:27:36,849 | INFO     | [056784] ⏱️ Model inference: 63.07 ms
2026-05-26 00:27:36,850 | INFO     | [056784] 📊 Chi tiết dự đoán: {'ANGRY': 7.93, 'DISGUST': 0.12, 'FEAR': 5.19, 'HAPPY': 32.2, 'NEUTRAL': 18.29, 'SAD': 35.84, 'SURPRISE': 0.43}
2026-05-26 00:27:36,850 | INFO     | [056784] 🎯 KẾT QUẢ CHỐT: SAD (35.84%)
2026-05-26 00:27:36,850 | INFO     | [056784] ⏱️ Thời gian phản hồi: 65.58 ms
2026-05-26 00:27:37,436 | INFO     | [057436] ------------------------------------------
2026-05-26 00:27:37,438 | INFO     | [057436] 📥 NHẬN YÊU CẦU QUÉT KHUÔN MẶT MỚI
2026-05-26 00:27:37,439 | INFO     | [057439] ------------------------------------------
2026-05-26 00:27:37,439 | INFO     | [057439] 📥 NHẬN YÊU CẦU QUÉT KHUÔN MẶT MỚI
2026-05-26 00:27:37,440 | INFO     | [057436] Đã xử lý ảnh thành công. Kích thước tensor: (1, 48, 48, 1)
2026-05-26 00:27:37,441 | INFO     | [057439] Đã xử lý ảnh thành công. Kích thước tensor: (1, 48, 48, 1)
2026-05-26 00:27:37,486 | INFO     | [057486] ------------------------------------------
2026-05-26 00:27:37,487 | INFO     | [057486] 📥 NHẬN YÊU CẦU QUÉT KHUÔN MẶT MỚI
2026-05-26 00:27:37,492 | INFO     | [057486] Đã xử lý ảnh thành công. Kích thước tensor: (1, 48, 48, 1)
2026-05-26 00:27:37,562 | INFO     | [057439] ⏱️ Model inference: 119.47 ms
2026-05-26 00:27:37,563 | INFO     | [057439] 📊 Chi tiết dự đoán: {'ANGRY': 6.27, 'DISGUST': 0.09, 'FEAR': 5.8, 'HAPPY': 29.36, 'NEUTRAL': 19.04, 'SAD': 38.85, 'SURPRISE': 0.59}
2026-05-26 00:27:37,566 | INFO     | [057439] 🎯 KẾT QUẢ CHỐT: SAD (38.85%)
2026-05-26 00:27:37,567 | INFO     | [057439] ⏱️ Thời gian phản hồi: 124.43 ms
2026-05-26 00:27:37,602 | INFO     | [057436] ⏱️ Model inference: 161.84 ms
2026-05-26 00:27:37,603 | INFO     | [057436] 📊 Chi tiết dự đoán: {'ANGRY': 6.83, 'DISGUST': 0.11, 'FEAR': 4.58, 'HAPPY': 40.13, 'NEUTRAL': 18.32, 'SAD': 29.56, 'SURPRISE': 0.47}
2026-05-26 00:27:37,603 | INFO     | [057436] 🎯 KẾT QUẢ CHỐT: HAPPY (40.13%)
2026-05-26 00:27:37,603 | INFO     | [057436] ⏱️ Thời gian phản hồi: 165.67 ms
2026-05-26 00:27:37,610 | INFO     | [057486] ⏱️ Model inference: 116.16 ms
2026-05-26 00:27:37,610 | INFO     | [057486] 📊 Chi tiết dự đoán: {'ANGRY': 7.14, 'DISGUST': 0.11, 'FEAR': 5.8, 'HAPPY': 38.03, 'NEUTRAL': 15.62, 'SAD': 32.78, 'SURPRISE': 0.53}
2026-05-26 00:27:37,612 | INFO     | [057486] 🎯 KẾT QUẢ CHỐT: HAPPY (38.03%)
2026-05-26 00:27:37,612 | INFO     | [057486] ⏱️ Thời gian phản hồi: 124.07 ms
2026-05-26 00:27:38,450 | INFO     | [058450] ------------------------------------------
2026-05-26 00:27:38,450 | INFO     | [058450] 📥 NHẬN YÊU CẦU QUÉT KHUÔN MẶT MỚI
2026-05-26 00:27:38,451 | INFO     | [058451] ------------------------------------------
2026-05-26 00:27:38,451 | INFO     | [058451] 📥 NHẬN YÊU CẦU QUÉT KHUÔN MẶT MỚI
2026-05-26 00:27:38,452 | INFO     | [058452] ------------------------------------------
2026-05-26 00:27:38,452 | INFO     | [058452] 📥 NHẬN YÊU CẦU QUÉT KHUÔN MẶT MỚI
2026-05-26 00:27:38,452 | INFO     | [058450] Đã xử lý ảnh thành công. Kích thước tensor: (1, 48, 48, 1)
2026-05-26 00:27:38,454 | INFO     | [058451] Đã xử lý ảnh thành công. Kích thước tensor: (1, 48, 48, 1)
2026-05-26 00:27:38,459 | INFO     | [058452] Đã xử lý ảnh thành công. Kích thước tensor: (1, 48, 48, 1)
2026-05-26 00:27:38,582 | INFO     | [058450] ⏱️ Model inference: 128.91 ms
2026-05-26 00:27:38,582 | INFO     | [058450] 📊 Chi tiết dự đoán: {'ANGRY': 5.74, 'DISGUST': 0.1, 'FEAR': 8.29, 'HAPPY': 33.21, 'NEUTRAL': 16.31, 'SAD': 35.11, 'SURPRISE': 1.23}
2026-05-26 00:27:38,582 | INFO     | [058450] 🎯 KẾT QUẢ CHỐT: SAD (35.11%)
2026-05-26 00:27:38,582 | INFO     | [058450] ⏱️ Thời gian phản hồi: 132.18 ms
2026-05-26 00:27:38,592 | INFO     | [058592] ------------------------------------------
2026-05-26 00:27:38,592 | INFO     | [058592] 📥 NHẬN YÊU CẦU QUÉT KHUÔN MẶT MỚI
2026-05-26 00:27:38,595 | INFO     | [058592] Đã xử lý ảnh thành công. Kích thước tensor: (1, 48, 48, 1)
2026-05-26 00:27:38,602 | INFO     | [058451] ⏱️ Model inference: 146.85 ms
2026-05-26 00:27:38,603 | INFO     | [058451] 📊 Chi tiết dự đoán: {'ANGRY': 4.64, 'DISGUST': 0.11, 'FEAR': 9.24, 'HAPPY': 18.14, 'NEUTRAL': 17.41, 'SAD': 49.24, 'SURPRISE': 1.22}
2026-05-26 00:27:38,604 | INFO     | [058451] 🎯 KẾT QUẢ CHỐT: SAD (49.24%)
2026-05-26 00:27:38,604 | INFO     | [058451] ⏱️ Thời gian phản hồi: 152.63 ms
2026-05-26 00:27:38,607 | INFO     | [058452] ⏱️ Model inference: 147.39 ms
2026-05-26 00:27:38,607 | INFO     | [058452] 📊 Chi tiết dự đoán: {'ANGRY': 5.99, 'DISGUST': 0.12, 'FEAR': 7.54, 'HAPPY': 28.83, 'NEUTRAL': 17.68, 'SAD': 38.35, 'SURPRISE': 1.5}
2026-05-26 00:27:38,609 | INFO     | [058452] 🎯 KẾT QUẢ CHỐT: SAD (38.35%)
2026-05-26 00:27:38,610 | INFO     | [058452] ⏱️ Thời gian phản hồi: 155.51 ms
2026-05-26 00:27:38,826 | INFO     | [058826] ------------------------------------------
2026-05-26 00:27:38,831 | INFO     | [058826] 📥 NHẬN YÊU CẦU QUÉT KHUÔN MẶT MỚI
2026-05-26 00:27:38,837 | INFO     | [058826] Đã xử lý ảnh thành công. Kích thước tensor: (1, 48, 48, 1)
2026-05-26 00:27:38,873 | INFO     | [058592] ⏱️ Model inference: 278.3 ms
2026-05-26 00:27:38,873 | INFO     | [058592] 📊 Chi tiết dự đoán: {'ANGRY': 6.25, 'DISGUST': 0.13, 'FEAR': 7.11, 'HAPPY': 28.53, 'NEUTRAL': 21.8, 'SAD': 34.57, 'SURPRISE': 1.6}
2026-05-26 00:27:38,875 | INFO     | [058592] 🎯 KẾT QUẢ CHỐT: SAD (34.57%)
2026-05-26 00:27:38,876 | INFO     | [058592] ⏱️ Thời gian phản hồi: 280.82 ms
2026-05-26 00:27:38,968 | INFO     | [058826] ⏱️ Model inference: 123.32 ms
2026-05-26 00:27:38,968 | INFO     | [058826] 📊 Chi tiết dự đoán: {'ANGRY': 6.44, 'DISGUST': 0.13, 'FEAR': 8.34, 'HAPPY': 23.32, 'NEUTRAL': 21.4, 'SAD': 38.8, 'SURPRISE': 1.58}
2026-05-26 00:27:38,968 | INFO     | [058826] 🎯 KẾT QUẢ CHỐT: SAD (38.80%)
2026-05-26 00:27:38,969 | INFO     | [058826] ⏱️ Thời gian phản hồi: 141.9 ms
2026-05-26 00:27:39,446 | INFO     | [059446] ------------------------------------------
2026-05-26 00:27:39,446 | INFO     | [059446] 📥 NHẬN YÊU CẦU QUÉT KHUÔN MẶT MỚI
2026-05-26 00:27:39,447 | INFO     | [059447] ------------------------------------------
2026-05-26 00:27:39,447 | INFO     | [059447] 📥 NHẬN YÊU CẦU QUÉT KHUÔN MẶT MỚI
2026-05-26 00:27:39,447 | INFO     | [059446] Đã xử lý ảnh thành công. Kích thước tensor: (1, 48, 48, 1)
2026-05-26 00:27:39,449 | INFO     | [059447] Đã xử lý ảnh thành công. Kích thước tensor: (1, 48, 48, 1)
2026-05-26 00:27:39,481 | INFO     | [059481] ------------------------------------------
2026-05-26 00:27:39,484 | INFO     | [059481] 📥 NHẬN YÊU CẦU QUÉT KHUÔN MẶT MỚI
2026-05-26 00:27:39,488 | INFO     | [059481] Đã xử lý ảnh thành công. Kích thước tensor: (1, 48, 48, 1)
2026-05-26 00:27:39,561 | INFO     | [059447] ⏱️ Model inference: 110.23 ms
2026-05-26 00:27:39,561 | INFO     | [059447] 📊 Chi tiết dự đoán: {'ANGRY': 6.24, 'DISGUST': 0.12, 'FEAR': 6.64, 'HAPPY': 30.72, 'NEUTRAL': 21.3, 'SAD': 33.66, 'SURPRISE': 1.32}
2026-05-26 00:27:39,561 | INFO     | [059447] 🎯 KẾT QUẢ CHỐT: SAD (33.66%)
2026-05-26 00:27:39,561 | INFO     | [059447] ⏱️ Thời gian phản hồi: 113.64 ms
2026-05-26 00:27:39,586 | INFO     | [059446] ⏱️ Model inference: 138.03 ms
2026-05-26 00:27:39,586 | INFO     | [059446] 📊 Chi tiết dự đoán: {'ANGRY': 5.93, 'DISGUST': 0.12, 'FEAR': 7.47, 'HAPPY': 24.79, 'NEUTRAL': 20.86, 'SAD': 39.47, 'SURPRISE': 1.36}
2026-05-26 00:27:39,587 | INFO     | [059446] 🎯 KẾT QUẢ CHỐT: SAD (39.47%)
2026-05-26 00:27:39,587 | INFO     | [059446] ⏱️ Thời gian phản hồi: 140.1 ms
2026-05-26 00:27:39,591 | INFO     | [059481] ⏱️ Model inference: 101.77 ms
2026-05-26 00:27:39,592 | INFO     | [059481] 📊 Chi tiết dự đoán: {'ANGRY': 5.76, 'DISGUST': 0.13, 'FEAR': 7.63, 'HAPPY': 31.65, 'NEUTRAL': 15.81, 'SAD': 37.41, 'SURPRISE': 1.6}
2026-05-26 00:27:39,592 | INFO     | [059481] 🎯 KẾT QUẢ CHỐT: SAD (37.41%)
2026-05-26 00:27:39,592 | INFO     | [059481] ⏱️ Thời gian phản hồi: 109.93 ms
2026-05-26 00:27:39,896 | INFO     | [059896] ------------------------------------------
2026-05-26 00:27:39,896 | INFO     | [059896] 📥 NHẬN YÊU CẦU QUÉT KHUÔN MẶT MỚI
2026-05-26 00:27:39,897 | INFO     | [059896] Đã xử lý ảnh thành công. Kích thước tensor: (1, 48, 48, 1)
2026-05-26 00:27:39,956 | INFO     | [059896] ⏱️ Model inference: 58.91 ms
2026-05-26 00:27:39,957 | INFO     | [059896] 📊 Chi tiết dự đoán: {'ANGRY': 5.35, 'DISGUST': 0.11, 'FEAR': 7.54, 'HAPPY': 31.92, 'NEUTRAL': 13.74, 'SAD': 39.92, 'SURPRISE': 1.41}
2026-05-26 00:27:39,957 | INFO     | [059896] 🎯 KẾT QUẢ CHỐT: SAD (39.92%)
2026-05-26 00:27:39,957 | INFO     | [059896] ⏱️ Thời gian phản hồi: 61.14 ms
2026-05-26 00:27:40,444 | INFO     | [060444] ------------------------------------------
2026-05-26 00:27:40,444 | INFO     | [060444] 📥 NHẬN YÊU CẦU QUÉT KHUÔN MẶT MỚI
2026-05-26 00:27:40,445 | INFO     | [060445] ------------------------------------------
2026-05-26 00:27:40,446 | INFO     | [060445] 📥 NHẬN YÊU CẦU QUÉT KHUÔN MẶT MỚI
2026-05-26 00:27:40,446 | INFO     | [060444] Đã xử lý ảnh thành công. Kích thước tensor: (1, 48, 48, 1)
2026-05-26 00:27:40,449 | INFO     | [060445] Đã xử lý ảnh thành công. Kích thước tensor: (1, 48, 48, 1)
2026-05-26 00:27:40,478 | INFO     | [060478] ------------------------------------------
2026-05-26 00:27:40,482 | INFO     | [060478] 📥 NHẬN YÊU CẦU QUÉT KHUÔN MẶT MỚI
2026-05-26 00:27:40,486 | INFO     | [060478] Đã xử lý ảnh thành công. Kích thước tensor: (1, 48, 48, 1)
2026-05-26 00:27:40,555 | INFO     | [060444] ⏱️ Model inference: 108.85 ms
2026-05-26 00:27:40,555 | INFO     | [060444] 📊 Chi tiết dự đoán: {'ANGRY': 6.56, 'DISGUST': 0.13, 'FEAR': 8.02, 'HAPPY': 26.81, 'NEUTRAL': 20.13, 'SAD': 36.86, 'SURPRISE': 1.48}
2026-05-26 00:27:40,555 | INFO     | [060444] 🎯 KẾT QUẢ CHỐT: SAD (36.86%)
2026-05-26 00:27:40,555 | INFO     | [060444] ⏱️ Thời gian phản hồi: 111.06 ms
2026-05-26 00:27:40,565 | INFO     | [060445] ⏱️ Model inference: 114.81 ms
2026-05-26 00:27:40,565 | INFO     | [060445] 📊 Chi tiết dự đoán: {'ANGRY': 5.98, 'DISGUST': 0.13, 'FEAR': 7.93, 'HAPPY': 25.65, 'NEUTRAL': 22.03, 'SAD': 36.62, 'SURPRISE': 1.66}
2026-05-26 00:27:40,565 | INFO     | [060445] 🎯 KẾT QUẢ CHỐT: SAD (36.62%)
2026-05-26 00:27:40,566 | INFO     | [060445] ⏱️ Thời gian phản hồi: 119.2 ms
2026-05-26 00:27:40,594 | INFO     | [060478] ⏱️ Model inference: 104.03 ms
2026-05-26 00:27:40,594 | INFO     | [060478] 📊 Chi tiết dự đoán: {'ANGRY': 6.66, 'DISGUST': 0.13, 'FEAR': 8.29, 'HAPPY': 24.62, 'NEUTRAL': 19.69, 'SAD': 39.28, 'SURPRISE': 1.33}
2026-05-26 00:27:40,594 | INFO     | [060478] 🎯 KẾT QUẢ CHỐT: SAD (39.28%)
2026-05-26 00:27:40,594 | INFO     | [060478] ⏱️ Thời gian phản hồi: 116.35 ms
2026-05-26 00:27:40,785 | INFO     | [060785] ------------------------------------------
2026-05-26 00:27:40,785 | INFO     | [060785] 📥 NHẬN YÊU CẦU QUÉT KHUÔN MẶT MỚI
2026-05-26 00:27:40,786 | INFO     | [060785] Đã xử lý ảnh thành công. Kích thước tensor: (1, 48, 48, 1)
2026-05-26 00:27:40,851 | INFO     | [060785] ⏱️ Model inference: 65.17 ms
2026-05-26 00:27:40,851 | INFO     | [060785] 📊 Chi tiết dự đoán: {'ANGRY': 5.07, 'DISGUST': 0.11, 'FEAR': 7.35, 'HAPPY': 32.9, 'NEUTRAL': 16.02, 'SAD': 37.13, 'SURPRISE': 1.42}
2026-05-26 00:27:40,851 | INFO     | [060785] 🎯 KẾT QUẢ CHỐT: SAD (37.13%)
2026-05-26 00:27:40,852 | INFO     | [060785] ⏱️ Thời gian phản hồi: 66.21 ms
2026-05-26 00:27:41,436 | INFO     | [061436] ------------------------------------------
2026-05-26 00:27:41,436 | INFO     | [061436] 📥 NHẬN YÊU CẦU QUÉT KHUÔN MẶT MỚI
2026-05-26 00:27:41,438 | INFO     | [061438] ------------------------------------------
2026-05-26 00:27:41,438 | INFO     | [061438] 📥 NHẬN YÊU CẦU QUÉT KHUÔN MẶT MỚI
2026-05-26 00:27:41,438 | INFO     | [061436] Đã xử lý ảnh thành công. Kích thước tensor: (1, 48, 48, 1)
2026-05-26 00:27:41,440 | INFO     | [061438] Đã xử lý ảnh thành công. Kích thước tensor: (1, 48, 48, 1)
2026-05-26 00:27:41,486 | INFO     | [061486] ------------------------------------------
2026-05-26 00:27:41,488 | INFO     | [061486] 📥 NHẬN YÊU CẦU QUÉT KHUÔN MẶT MỚI
2026-05-26 00:27:41,492 | INFO     | [061486] Đã xử lý ảnh thành công. Kích thước tensor: (1, 48, 48, 1)
2026-05-26 00:27:41,552 | INFO     | [061436] ⏱️ Model inference: 114.4 ms
2026-05-26 00:27:41,553 | INFO     | [061436] 📊 Chi tiết dự đoán: {'ANGRY': 6.11, 'DISGUST': 0.12, 'FEAR': 8.0, 'HAPPY': 24.52, 'NEUTRAL': 18.26, 'SAD': 41.64, 'SURPRISE': 1.35}
2026-05-26 00:27:41,553 | INFO     | [061436] 🎯 KẾT QUẢ CHỐT: SAD (41.64%)
2026-05-26 00:27:41,553 | INFO     | [061436] ⏱️ Thời gian phản hồi: 116.34 ms
2026-05-26 00:27:41,563 | INFO     | [061438] ⏱️ Model inference: 122.24 ms
2026-05-26 00:27:41,563 | INFO     | [061438] 📊 Chi tiết dự đoán: {'ANGRY': 5.76, 'DISGUST': 0.13, 'FEAR': 7.37, 'HAPPY': 26.76, 'NEUTRAL': 17.96, 'SAD': 40.68, 'SURPRISE': 1.32}
2026-05-26 00:27:41,564 | INFO     | [061438] 🎯 KẾT QUẢ CHỐT: SAD (40.68%)
2026-05-26 00:27:41,564 | INFO     | [061438] ⏱️ Thời gian phản hồi: 125.56 ms
2026-05-26 00:27:41,592 | INFO     | [061486] ⏱️ Model inference: 99.47 ms
2026-05-26 00:27:41,592 | INFO     | [061486] 📊 Chi tiết dự đoán: {'ANGRY': 5.92, 'DISGUST': 0.13, 'FEAR': 8.25, 'HAPPY': 30.77, 'NEUTRAL': 15.13, 'SAD': 38.24, 'SURPRISE': 1.56}
2026-05-26 00:27:41,592 | INFO     | [061486] 🎯 KẾT QUẢ CHỐT: SAD (38.24%)
2026-05-26 00:27:41,592 | INFO     | [061486] ⏱️ Thời gian phản hồi: 106.36 ms
2026-05-26 00:27:41,685 | INFO     | [BATCH-061685] ==========================================
2026-05-26 00:27:41,685 | INFO     | [BATCH-061685] 🎞️ NHẬN CHUỖI 5 KHUNG HÌNH (BATCH)
2026-05-26 00:27:42,122 | INFO     | [BATCH-061685] ⏱️ Batch inference elapsed: 436.56 ms (5 frames)
2026-05-26 00:27:42,122 | INFO     | [BATCH-061685] ↳ Frame 1/5: SAD (39.3%)
2026-05-26 00:27:42,122 | INFO     | [BATCH-061685] ↳ Frame 2/5: SAD (37.1%)
2026-05-26 00:27:42,123 | INFO     | [BATCH-061685] ↳ Frame 3/5: SAD (41.6%)
2026-05-26 00:27:42,123 | INFO     | [BATCH-061685] ↳ Frame 4/5: SAD (40.7%)
2026-05-26 00:27:42,123 | INFO     | [BATCH-061685] ↳ Frame 5/5: SAD (38.2%)
2026-05-26 00:27:42,123 | INFO     | [BATCH-061685] 🎯 KẾT QUẢ CHUỖI: SAD (Tần suất: {'SAD': 5})
2026-05-26 00:27:42,123 | INFO     | [BATCH-061685] ⏱️ Tổng thời gian xử lý: 437.56 ms
2026-05-26 00:28:08,001 | INFO     | [088001] ------------------------------------------
2026-05-26 00:28:08,001 | INFO     | [088001] 📥 NHẬN YÊU CẦU QUÉT KHUÔN MẶT MỚI
2026-05-26 00:28:08,003 | INFO     | [088003] ------------------------------------------
2026-05-26 00:28:08,003 | INFO     | [088003] 📥 NHẬN YÊU CẦU QUÉT KHUÔN MẶT MỚI
2026-05-26 00:28:08,004 | INFO     | [088001] Đã xử lý ảnh thành công. Kích thước tensor: (1, 48, 48, 1)
2026-05-26 00:28:08,007 | INFO     | [088003] Đã xử lý ảnh thành công. Kích thước tensor: (1, 48, 48, 1)
2026-05-26 00:28:08,102 | INFO     | [088003] ⏱️ Model inference: 93.12 ms
2026-05-26 00:28:08,103 | INFO     | [088003] 📊 Chi tiết dự đoán: {'ANGRY': 5.3, 'DISGUST': 0.23, 'FEAR': 7.4, 'HAPPY': 28.95, 'NEUTRAL': 17.47, 'SAD': 39.06, 'SURPRISE': 1.59}
2026-05-26 00:28:08,103 | INFO     | [088003] 🎯 KẾT QUẢ CHỐT: SAD (39.06%)
2026-05-26 00:28:08,103 | INFO     | [088003] ⏱️ Thời gian phản hồi: 100.05 ms
2026-05-26 00:28:08,119 | INFO     | [088001] ⏱️ Model inference: 115.47 ms
2026-05-26 00:28:08,120 | INFO     | [088001] 📊 Chi tiết dự đoán: {'ANGRY': 6.26, 'DISGUST': 0.21, 'FEAR': 7.93, 'HAPPY': 28.03, 'NEUTRAL': 16.15, 'SAD': 39.78, 'SURPRISE': 1.64}
2026-05-26 00:28:08,120 | INFO     | [088001] 🎯 KẾT QUẢ CHỐT: SAD (39.78%)
2026-05-26 00:28:08,120 | INFO     | [088001] ⏱️ Thời gian phản hồi: 119.01 ms
2026-05-26 00:28:08,334 | INFO     | [088334] ------------------------------------------
2026-05-26 00:28:08,334 | INFO     | [088334] 📥 NHẬN YÊU CẦU QUÉT KHUÔN MẶT MỚI
2026-05-26 00:28:08,334 | INFO     | [088334] Đã xử lý ảnh thành công. Kích thước tensor: (1, 48, 48, 1)
2026-05-26 00:28:08,368 | INFO     | [088368] ------------------------------------------
2026-05-26 00:28:08,369 | INFO     | [088368] 📥 NHẬN YÊU CẦU QUÉT KHUÔN MẶT MỚI
2026-05-26 00:28:08,370 | INFO     | [088368] Đã xử lý ảnh thành công. Kích thước tensor: (1, 48, 48, 1)
2026-05-26 00:28:08,426 | INFO     | [088334] ⏱️ Model inference: 90.71 ms
2026-05-26 00:28:08,426 | INFO     | [088334] 📊 Chi tiết dự đoán: {'ANGRY': 5.95, 'DISGUST': 0.15, 'FEAR': 8.05, 'HAPPY': 25.85, 'NEUTRAL': 21.05, 'SAD': 37.51, 'SURPRISE': 1.43}
2026-05-26 00:28:08,427 | INFO     | [088334] 🎯 KẾT QUẢ CHỐT: SAD (37.51%)
2026-05-26 00:28:08,427 | INFO     | [088334] ⏱️ Thời gian phản hồi: 91.96 ms
2026-05-26 00:28:08,458 | INFO     | [088368] ⏱️ Model inference: 86.53 ms
2026-05-26 00:28:08,458 | INFO     | [088368] 📊 Chi tiết dự đoán: {'ANGRY': 6.82, 'DISGUST': 0.19, 'FEAR': 7.89, 'HAPPY': 33.56, 'NEUTRAL': 17.24, 'SAD': 33.4, 'SURPRISE': 0.89}
2026-05-26 00:28:08,458 | INFO     | [088368] 🎯 KẾT QUẢ CHỐT: HAPPY (33.56%)
2026-05-26 00:28:08,458 | INFO     | [088368] ⏱️ Thời gian phản hồi: 90.1 ms
2026-05-26 00:28:08,615 | INFO     | [088615] ------------------------------------------
2026-05-26 00:28:08,615 | INFO     | [088615] 📥 NHẬN YÊU CẦU QUÉT KHUÔN MẶT MỚI
2026-05-26 00:28:08,615 | INFO     | [088615] Đã xử lý ảnh thành công. Kích thước tensor: (1, 48, 48, 1)
2026-05-26 00:28:08,683 | INFO     | [088615] ⏱️ Model inference: 67.16 ms
2026-05-26 00:28:08,683 | INFO     | [088615] 📊 Chi tiết dự đoán: {'ANGRY': 7.9, 'DISGUST': 0.2, 'FEAR': 9.06, 'HAPPY': 27.02, 'NEUTRAL': 18.76, 'SAD': 36.2, 'SURPRISE': 0.87}
2026-05-26 00:28:08,683 | INFO     | [088615] 🎯 KẾT QUẢ CHỐT: SAD (36.20%)
2026-05-26 00:28:08,684 | INFO     | [088615] ⏱️ Thời gian phản hồi: 67.66 ms
2026-05-26 00:28:09,305 | INFO     | [089305] ------------------------------------------
2026-05-26 00:28:09,305 | INFO     | [089305] 📥 NHẬN YÊU CẦU QUÉT KHUÔN MẶT MỚI
2026-05-26 00:28:09,306 | INFO     | [089306] ------------------------------------------
2026-05-26 00:28:09,306 | INFO     | [089306] 📥 NHẬN YÊU CẦU QUÉT KHUÔN MẶT MỚI
2026-05-26 00:28:09,306 | INFO     | [089305] Đã xử lý ảnh thành công. Kích thước tensor: (1, 48, 48, 1)
2026-05-26 00:28:09,309 | INFO     | [089306] Đã xử lý ảnh thành công. Kích thước tensor: (1, 48, 48, 1)
2026-05-26 00:28:09,371 | INFO     | [089371] ------------------------------------------
2026-05-26 00:28:09,375 | INFO     | [089371] 📥 NHẬN YÊU CẦU QUÉT KHUÔN MẶT MỚI
2026-05-26 00:28:09,380 | INFO     | [089371] Đã xử lý ảnh thành công. Kích thước tensor: (1, 48, 48, 1)
2026-05-26 00:28:09,421 | INFO     | [089305] ⏱️ Model inference: 114.56 ms
2026-05-26 00:28:09,421 | INFO     | [089305] 📊 Chi tiết dự đoán: {'ANGRY': 7.28, 'DISGUST': 0.16, 'FEAR': 7.65, 'HAPPY': 30.98, 'NEUTRAL': 17.97, 'SAD': 35.29, 'SURPRISE': 0.67}
2026-05-26 00:28:09,422 | INFO     | [089305] 🎯 KẾT QUẢ CHỐT: SAD (35.29%)
2026-05-26 00:28:09,423 | INFO     | [089305] ⏱️ Thời gian phản hồi: 115.86 ms
2026-05-26 00:28:09,446 | INFO     | [089306] ⏱️ Model inference: 136.0 ms
2026-05-26 00:28:09,446 | INFO     | [089306] 📊 Chi tiết dự đoán: {'ANGRY': 5.95, 'DISGUST': 0.12, 'FEAR': 8.66, 'HAPPY': 26.47, 'NEUTRAL': 19.84, 'SAD': 38.19, 'SURPRISE': 0.77}
2026-05-26 00:28:09,448 | INFO     | [089306] 🎯 KẾT QUẢ CHỐT: SAD (38.19%)
2026-05-26 00:28:09,448 | INFO     | [089306] ⏱️ Thời gian phản hồi: 139.57 ms
2026-05-26 00:28:09,489 | INFO     | [089371] ⏱️ Model inference: 107.97 ms
2026-05-26 00:28:09,489 | INFO     | [089371] 📊 Chi tiết dự đoán: {'ANGRY': 4.57, 'DISGUST': 0.12, 'FEAR': 9.44, 'HAPPY': 27.23, 'NEUTRAL': 19.51, 'SAD': 37.89, 'SURPRISE': 1.25}
2026-05-26 00:28:09,489 | INFO     | [089371] 🎯 KẾT QUẢ CHỐT: SAD (37.89%)
2026-05-26 00:28:09,491 | INFO     | [089371] ⏱️ Thời gian phản hồi: 117.57 ms
2026-05-26 00:28:09,629 | INFO     | [089629] ------------------------------------------
2026-05-26 00:28:09,629 | INFO     | [089629] 📥 NHẬN YÊU CẦU QUÉT KHUÔN MẶT MỚI
2026-05-26 00:28:09,630 | INFO     | [089629] Đã xử lý ảnh thành công. Kích thước tensor: (1, 48, 48, 1)
2026-05-26 00:28:09,720 | INFO     | [089629] ⏱️ Model inference: 90.04 ms
2026-05-26 00:28:09,720 | INFO     | [089629] 📊 Chi tiết dự đoán: {'ANGRY': 4.98, 'DISGUST': 0.1, 'FEAR': 7.06, 'HAPPY': 42.89, 'NEUTRAL': 15.39, 'SAD': 28.47, 'SURPRISE': 1.12}
2026-05-26 00:28:09,720 | INFO     | [089629] 🎯 KẾT QUẢ CHỐT: HAPPY (42.89%)
2026-05-26 00:28:09,720 | INFO     | [089629] ⏱️ Thời gian phản hồi: 91.05 ms
2026-05-26 00:28:10,345 | INFO     | [090344] ------------------------------------------
2026-05-26 00:28:10,345 | INFO     | [090344] 📥 NHẬN YÊU CẦU QUÉT KHUÔN MẶT MỚI
2026-05-26 00:28:10,345 | INFO     | [090345] ------------------------------------------
2026-05-26 00:28:10,346 | INFO     | [090345] 📥 NHẬN YÊU CẦU QUÉT KHUÔN MẶT MỚI
2026-05-26 00:28:10,346 | INFO     | [090344] Đã xử lý ảnh thành công. Kích thước tensor: (1, 48, 48, 1)
2026-05-26 00:28:10,352 | INFO     | [090345] Đã xử lý ảnh thành công. Kích thước tensor: (1, 48, 48, 1)
2026-05-26 00:28:10,362 | INFO     | [090362] ------------------------------------------
2026-05-26 00:28:10,364 | INFO     | [090362] 📥 NHẬN YÊU CẦU QUÉT KHUÔN MẶT MỚI
2026-05-26 00:28:10,369 | INFO     | [090362] Đã xử lý ảnh thành công. Kích thước tensor: (1, 48, 48, 1)
2026-05-26 00:28:10,471 | INFO     | [090345] ⏱️ Model inference: 116.62 ms
2026-05-26 00:28:10,471 | INFO     | [090345] 📊 Chi tiết dự đoán: {'ANGRY': 7.37, 'DISGUST': 0.17, 'FEAR': 7.84, 'HAPPY': 34.63, 'NEUTRAL': 18.05, 'SAD': 30.76, 'SURPRISE': 1.18}
2026-05-26 00:28:10,471 | INFO     | [090345] 🎯 KẾT QUẢ CHỐT: HAPPY (34.63%)
2026-05-26 00:28:10,471 | INFO     | [090345] ⏱️ Thời gian phản hồi: 125.16 ms
2026-05-26 00:28:10,483 | INFO     | [090344] ⏱️ Model inference: 136.24 ms
2026-05-26 00:28:10,484 | INFO     | [090344] 📊 Chi tiết dự đoán: {'ANGRY': 6.15, 'DISGUST': 0.17, 'FEAR': 7.16, 'HAPPY': 33.72, 'NEUTRAL': 18.98, 'SAD': 32.63, 'SURPRISE': 1.21}
2026-05-26 00:28:10,484 | INFO     | [090344] 🎯 KẾT QUẢ CHỐT: HAPPY (33.72%)
2026-05-26 00:28:10,484 | INFO     | [090344] ⏱️ Thời gian phản hồi: 139.72 ms
2026-05-26 00:28:10,488 | INFO     | [090362] ⏱️ Model inference: 117.88 ms
2026-05-26 00:28:10,489 | INFO     | [090362] 📊 Chi tiết dự đoán: {'ANGRY': 6.62, 'DISGUST': 0.19, 'FEAR': 8.28, 'HAPPY': 28.68, 'NEUTRAL': 20.54, 'SAD': 34.32, 'SURPRISE': 1.37}
2026-05-26 00:28:10,489 | INFO     | [090362] 🎯 KẾT QUẢ CHỐT: SAD (34.32%)
2026-05-26 00:28:10,489 | INFO     | [090362] ⏱️ Thời gian phản hồi: 127.39 ms
2026-05-26 00:28:10,781 | INFO     | [090781] ------------------------------------------
2026-05-26 00:28:10,781 | INFO     | [090781] 📥 NHẬN YÊU CẦU QUÉT KHUÔN MẶT MỚI
2026-05-26 00:28:10,781 | INFO     | [090781] Đã xử lý ảnh thành công. Kích thước tensor: (1, 48, 48, 1)
2026-05-26 00:28:10,850 | INFO     | [090781] ⏱️ Model inference: 67.81 ms
2026-05-26 00:28:10,850 | INFO     | [090781] 📊 Chi tiết dự đoán: {'ANGRY': 6.47, 'DISGUST': 0.16, 'FEAR': 8.09, 'HAPPY': 27.83, 'NEUTRAL': 20.59, 'SAD': 35.43, 'SURPRISE': 1.43}
2026-05-26 00:28:10,850 | INFO     | [090781] 🎯 KẾT QUẢ CHỐT: SAD (35.43%)
2026-05-26 00:28:10,852 | INFO     | [090781] ⏱️ Thời gian phản hồi: 69.22 ms
2026-05-26 00:28:11,200 | INFO     | [091200] ------------------------------------------
2026-05-26 00:28:11,200 | INFO     | [091200] 📥 NHẬN YÊU CẦU QUÉT KHUÔN MẶT MỚI
2026-05-26 00:28:11,200 | INFO     | [091200] ------------------------------------------
2026-05-26 00:28:11,200 | INFO     | [091200] 📥 NHẬN YÊU CẦU QUÉT KHUÔN MẶT MỚI
2026-05-26 00:28:11,201 | INFO     | [091200] Đã xử lý ảnh thành công. Kích thước tensor: (1, 48, 48, 1)
2026-05-26 00:28:11,204 | INFO     | [091200] Đã xử lý ảnh thành công. Kích thước tensor: (1, 48, 48, 1)
2026-05-26 00:28:11,296 | INFO     | [091200] ⏱️ Model inference: 89.7 ms
2026-05-26 00:28:11,297 | INFO     | [091200] 📊 Chi tiết dự đoán: {'ANGRY': 6.1, 'DISGUST': 0.14, 'FEAR': 8.4, 'HAPPY': 24.91, 'NEUTRAL': 20.38, 'SAD': 38.82, 'SURPRISE': 1.26}
2026-05-26 00:28:11,297 | INFO     | [091200] 🎯 KẾT QUẢ CHỐT: SAD (38.82%)
2026-05-26 00:28:11,298 | INFO     | [091200] ⏱️ Thời gian phản hồi: 97.23 ms
2026-05-26 00:28:11,317 | INFO     | [091200] ⏱️ Model inference: 114.97 ms
2026-05-26 00:28:11,317 | INFO     | [091200] 📊 Chi tiết dự đoán: {'ANGRY': 5.84, 'DISGUST': 0.13, 'FEAR': 8.13, 'HAPPY': 21.5, 'NEUTRAL': 21.68, 'SAD': 41.31, 'SURPRISE': 1.41}
2026-05-26 00:28:11,317 | INFO     | [091200] 🎯 KẾT QUẢ CHỐT: SAD (41.31%)
2026-05-26 00:28:11,318 | INFO     | [091200] ⏱️ Thời gian phản hồi: 117.14 ms
2026-05-26 00:28:11,371 | INFO     | [091371] ------------------------------------------
2026-05-26 00:28:11,371 | INFO     | [091371] 📥 NHẬN YÊU CẦU QUÉT KHUÔN MẶT MỚI
2026-05-26 00:28:11,372 | INFO     | [091371] Đã xử lý ảnh thành công. Kích thước tensor: (1, 48, 48, 1)
2026-05-26 00:28:11,445 | INFO     | [091371] ⏱️ Model inference: 73.0 ms
2026-05-26 00:28:11,445 | INFO     | [091371] 📊 Chi tiết dự đoán: {'ANGRY': 5.47, 'DISGUST': 0.12, 'FEAR': 8.91, 'HAPPY': 18.15, 'NEUTRAL': 23.17, 'SAD': 42.74, 'SURPRISE': 1.44}
2026-05-26 00:28:11,446 | INFO     | [091371] 🎯 KẾT QUẢ CHỐT: SAD (42.74%)
2026-05-26 00:28:11,446 | INFO     | [091371] ⏱️ Thời gian phản hồi: 74.0 ms
2026-05-26 00:28:11,762 | INFO     | [091762] ------------------------------------------
2026-05-26 00:28:11,762 | INFO     | [091762] 📥 NHẬN YÊU CẦU QUÉT KHUÔN MẶT MỚI
2026-05-26 00:28:11,762 | INFO     | [091762] Đã xử lý ảnh thành công. Kích thước tensor: (1, 48, 48, 1)
2026-05-26 00:28:11,828 | INFO     | [091762] ⏱️ Model inference: 65.56 ms
2026-05-26 00:28:11,829 | INFO     | [091762] 📊 Chi tiết dự đoán: {'ANGRY': 4.93, 'DISGUST': 0.12, 'FEAR': 9.04, 'HAPPY': 19.11, 'NEUTRAL': 21.96, 'SAD': 43.38, 'SURPRISE': 1.46}
2026-05-26 00:28:11,829 | INFO     | [091762] 🎯 KẾT QUẢ CHỐT: SAD (43.38%)
2026-05-26 00:28:11,829 | INFO     | [091762] ⏱️ Thời gian phản hồi: 67.48 ms
2026-05-26 00:28:11,870 | INFO     | [091870] ------------------------------------------
2026-05-26 00:28:11,872 | INFO     | [091870] 📥 NHẬN YÊU CẦU QUÉT KHUÔN MẶT MỚI
2026-05-26 00:28:11,872 | INFO     | [091870] Đã xử lý ảnh thành công. Kích thước tensor: (1, 48, 48, 1)
2026-05-26 00:28:11,934 | INFO     | [091870] ⏱️ Model inference: 61.03 ms
2026-05-26 00:28:11,934 | INFO     | [091870] 📊 Chi tiết dự đoán: {'ANGRY': 4.02, 'DISGUST': 0.09, 'FEAR': 8.97, 'HAPPY': 23.18, 'NEUTRAL': 23.26, 'SAD': 39.3, 'SURPRISE': 1.16}
2026-05-26 00:28:11,934 | INFO     | [091870] 🎯 KẾT QUẢ CHỐT: SAD (39.30%)
2026-05-26 00:28:11,934 | INFO     | [091870] ⏱️ Thời gian phản hồi: 63.45 ms
2026-05-26 00:28:12,151 | INFO     | [092151] ------------------------------------------
2026-05-26 00:28:12,151 | INFO     | [092151] 📥 NHẬN YÊU CẦU QUÉT KHUÔN MẶT MỚI
2026-05-26 00:28:12,152 | INFO     | [092151] Đã xử lý ảnh thành công. Kích thước tensor: (1, 48, 48, 1)
2026-05-26 00:28:12,216 | INFO     | [092151] ⏱️ Model inference: 64.67 ms
2026-05-26 00:28:12,216 | INFO     | [092151] 📊 Chi tiết dự đoán: {'ANGRY': 4.44, 'DISGUST': 0.12, 'FEAR': 7.72, 'HAPPY': 29.85, 'NEUTRAL': 20.67, 'SAD': 36.2, 'SURPRISE': 1.01}
2026-05-26 00:28:12,216 | INFO     | [092151] 🎯 KẾT QUẢ CHỐT: SAD (36.20%)
2026-05-26 00:28:12,216 | INFO     | [092151] ⏱️ Thời gian phản hồi: 65.68 ms
2026-05-26 00:28:12,370 | INFO     | [092370] ------------------------------------------
2026-05-26 00:28:12,370 | INFO     | [092370] 📥 NHẬN YÊU CẦU QUÉT KHUÔN MẶT MỚI
2026-05-26 00:28:12,370 | INFO     | [092370] Đã xử lý ảnh thành công. Kích thước tensor: (1, 48, 48, 1)
2026-05-26 00:28:12,428 | INFO     | [092370] ⏱️ Model inference: 57.24 ms
2026-05-26 00:28:12,428 | INFO     | [092370] 📊 Chi tiết dự đoán: {'ANGRY': 4.79, 'DISGUST': 0.16, 'FEAR': 7.08, 'HAPPY': 32.35, 'NEUTRAL': 19.17, 'SAD': 35.31, 'SURPRISE': 1.14}
2026-05-26 00:28:12,428 | INFO     | [092370] 🎯 KẾT QUẢ CHỐT: SAD (35.31%)
2026-05-26 00:28:12,429 | INFO     | [092370] ⏱️ Thời gian phản hồi: 57.24 ms
2026-05-26 00:28:12,693 | INFO     | [092693] ------------------------------------------
2026-05-26 00:28:12,693 | INFO     | [092693] 📥 NHẬN YÊU CẦU QUÉT KHUÔN MẶT MỚI
2026-05-26 00:28:12,694 | INFO     | [092693] Đã xử lý ảnh thành công. Kích thước tensor: (1, 48, 48, 1)
2026-05-26 00:28:12,750 | INFO     | [092693] ⏱️ Model inference: 56.13 ms
2026-05-26 00:28:12,752 | INFO     | [092693] 📊 Chi tiết dự đoán: {'ANGRY': 4.29, 'DISGUST': 0.13, 'FEAR': 9.07, 'HAPPY': 22.91, 'NEUTRAL': 18.92, 'SAD': 43.59, 'SURPRISE': 1.08}
2026-05-26 00:28:12,752 | INFO     | [092693] 🎯 KẾT QUẢ CHỐT: SAD (43.59%)
2026-05-26 00:28:12,752 | INFO     | [092693] ⏱️ Thời gian phản hồi: 58.23 ms
2026-05-26 00:28:13,019 | INFO     | [093019] ------------------------------------------
2026-05-26 00:28:13,021 | INFO     | [093019] 📥 NHẬN YÊU CẦU QUÉT KHUÔN MẶT MỚI
2026-05-26 00:28:13,021 | INFO     | [093019] Đã xử lý ảnh thành công. Kích thước tensor: (1, 48, 48, 1)
2026-05-26 00:28:13,090 | INFO     | [093019] ⏱️ Model inference: 67.89 ms
2026-05-26 00:28:13,090 | INFO     | [093019] 📊 Chi tiết dự đoán: {'ANGRY': 4.4, 'DISGUST': 0.09, 'FEAR': 8.43, 'HAPPY': 23.65, 'NEUTRAL': 20.32, 'SAD': 42.24, 'SURPRISE': 0.87}
2026-05-26 00:28:13,091 | INFO     | [093019] 🎯 KẾT QUẢ CHỐT: SAD (42.24%)
2026-05-26 00:28:13,091 | INFO     | [093019] ⏱️ Thời gian phản hồi: 71.29 ms
2026-05-26 00:28:13,130 | INFO     | [093130] ------------------------------------------
2026-05-26 00:28:13,130 | INFO     | [093130] 📥 NHẬN YÊU CẦU QUÉT KHUÔN MẶT MỚI
2026-05-26 00:28:13,131 | INFO     | [093130] Đã xử lý ảnh thành công. Kích thước tensor: (1, 48, 48, 1)
2026-05-26 00:28:13,217 | INFO     | [093130] ⏱️ Model inference: 85.87 ms
2026-05-26 00:28:13,217 | INFO     | [093130] 📊 Chi tiết dự đoán: {'ANGRY': 4.21, 'DISGUST': 0.1, 'FEAR': 8.98, 'HAPPY': 28.15, 'NEUTRAL': 21.45, 'SAD': 35.86, 'SURPRISE': 1.26}
2026-05-26 00:28:13,218 | INFO     | [093130] 🎯 KẾT QUẢ CHỐT: SAD (35.86%)
2026-05-26 00:28:13,218 | INFO     | [093130] ⏱️ Thời gian phản hồi: 87.28 ms
2026-05-26 00:28:13,365 | INFO     | [093365] ------------------------------------------
2026-05-26 00:28:13,365 | INFO     | [093365] 📥 NHẬN YÊU CẦU QUÉT KHUÔN MẶT MỚI
2026-05-26 00:28:13,365 | INFO     | [093365] Đã xử lý ảnh thành công. Kích thước tensor: (1, 48, 48, 1)
2026-05-26 00:28:13,450 | INFO     | [093365] ⏱️ Model inference: 83.11 ms
2026-05-26 00:28:13,450 | INFO     | [093365] 📊 Chi tiết dự đoán: {'ANGRY': 3.57, 'DISGUST': 0.09, 'FEAR': 7.85, 'HAPPY': 30.73, 'NEUTRAL': 19.31, 'SAD': 37.26, 'SURPRISE': 1.2}
2026-05-26 00:28:13,451 | INFO     | [093365] 🎯 KẾT QUẢ CHỐT: SAD (37.26%)
2026-05-26 00:28:13,451 | INFO     | [093365] ⏱️ Thời gian phản hồi: 84.44 ms
2026-05-26 00:28:14,345 | INFO     | [094345] ------------------------------------------
2026-05-26 00:28:14,345 | INFO     | [094345] 📥 NHẬN YÊU CẦU QUÉT KHUÔN MẶT MỚI
2026-05-26 00:28:14,346 | INFO     | [094346] ------------------------------------------
2026-05-26 00:28:14,346 | INFO     | [094346] 📥 NHẬN YÊU CẦU QUÉT KHUÔN MẶT MỚI
2026-05-26 00:28:14,346 | INFO     | [094346] ------------------------------------------
2026-05-26 00:28:14,346 | INFO     | [094346] 📥 NHẬN YÊU CẦU QUÉT KHUÔN MẶT MỚI
2026-05-26 00:28:14,347 | INFO     | [094345] Đã xử lý ảnh thành công. Kích thước tensor: (1, 48, 48, 1)
2026-05-26 00:28:14,349 | INFO     | [094346] Đã xử lý ảnh thành công. Kích thước tensor: (1, 48, 48, 1)
2026-05-26 00:28:14,353 | INFO     | [094346] Đã xử lý ảnh thành công. Kích thước tensor: (1, 48, 48, 1)
2026-05-26 00:28:14,504 | INFO     | [094345] ⏱️ Model inference: 156.38 ms
2026-05-26 00:28:14,504 | INFO     | [094345] 📊 Chi tiết dự đoán: {'ANGRY': 4.81, 'DISGUST': 0.11, 'FEAR': 9.01, 'HAPPY': 26.41, 'NEUTRAL': 19.67, 'SAD': 38.68, 'SURPRISE': 1.31}
2026-05-26 00:28:14,505 | INFO     | [094345] 🎯 KẾT QUẢ CHỐT: SAD (38.68%)
2026-05-26 00:28:14,505 | INFO     | [094345] ⏱️ Thời gian phản hồi: 158.4 ms
2026-05-26 00:28:14,506 | INFO     | [094346] ⏱️ Model inference: 151.63 ms
2026-05-26 00:28:14,508 | INFO     | [094346] 📊 Chi tiết dự đoán: {'ANGRY': 5.14, 'DISGUST': 0.1, 'FEAR': 8.41, 'HAPPY': 15.07, 'NEUTRAL': 24.48, 'SAD': 45.72, 'SURPRISE': 1.07}
2026-05-26 00:28:14,508 | INFO     | [094346] 🎯 KẾT QUẢ CHỐT: SAD (45.72%)
2026-05-26 00:28:14,509 | INFO     | [094346] ⏱️ Thời gian phản hồi: 161.24 ms
2026-05-26 00:28:14,516 | INFO     | [094516] ------------------------------------------
2026-05-26 00:28:14,516 | INFO     | [094516] 📥 NHẬN YÊU CẦU QUÉT KHUÔN MẶT MỚI
2026-05-26 00:28:14,517 | INFO     | [094516] Đã xử lý ảnh thành công. Kích thước tensor: (1, 48, 48, 1)
2026-05-26 00:28:14,521 | INFO     | [094346] ⏱️ Model inference: 169.94 ms
2026-05-26 00:28:14,522 | INFO     | [094346] 📊 Chi tiết dự đoán: {'ANGRY': 5.2, 'DISGUST': 0.1, 'FEAR': 8.27, 'HAPPY': 20.22, 'NEUTRAL': 22.38, 'SAD': 42.76, 'SURPRISE': 1.06}
2026-05-26 00:28:14,523 | INFO     | [094346] 🎯 KẾT QUẢ CHỐT: SAD (42.76%)
2026-05-26 00:28:14,525 | INFO     | [094346] ⏱️ Thời gian phản hồi: 175.85 ms
2026-05-26 00:28:14,611 | INFO     | [094516] ⏱️ Model inference: 93.83 ms
2026-05-26 00:28:14,611 | INFO     | [094516] 📊 Chi tiết dự đoán: {'ANGRY': 6.07, 'DISGUST': 0.13, 'FEAR': 8.98, 'HAPPY': 18.5, 'NEUTRAL': 20.3, 'SAD': 44.84, 'SURPRISE': 1.18}
2026-05-26 00:28:14,612 | INFO     | [094516] 🎯 KẾT QUẢ CHỐT: SAD (44.84%)
2026-05-26 00:28:14,612 | INFO     | [094516] ⏱️ Thời gian phản hồi: 95.33 ms
2026-05-26 00:28:14,781 | INFO     | [094781] ------------------------------------------
2026-05-26 00:28:14,781 | INFO     | [094781] 📥 NHẬN YÊU CẦU QUÉT KHUÔN MẶT MỚI
2026-05-26 00:28:14,782 | INFO     | [094781] Đã xử lý ảnh thành công. Kích thước tensor: (1, 48, 48, 1)
2026-05-26 00:28:14,853 | INFO     | [094781] ⏱️ Model inference: 70.76 ms
2026-05-26 00:28:14,853 | INFO     | [094781] 📊 Chi tiết dự đoán: {'ANGRY': 5.02, 'DISGUST': 0.12, 'FEAR': 7.21, 'HAPPY': 32.0, 'NEUTRAL': 19.82, 'SAD': 34.5, 'SURPRISE': 1.33}
2026-05-26 00:28:14,854 | INFO     | [094781] 🎯 KẾT QUẢ CHỐT: SAD (34.50%)
2026-05-26 00:28:14,854 | INFO     | [094781] ⏱️ Thời gian phản hồi: 71.9 ms
2026-05-26 00:28:15,308 | INFO     | [095308] ------------------------------------------
2026-05-26 00:28:15,308 | INFO     | [095308] 📥 NHẬN YÊU CẦU QUÉT KHUÔN MẶT MỚI
2026-05-26 00:28:15,309 | INFO     | [095309] ------------------------------------------
2026-05-26 00:28:15,309 | INFO     | [095309] 📥 NHẬN YÊU CẦU QUÉT KHUÔN MẶT MỚI
2026-05-26 00:28:15,309 | INFO     | [095308] Đã xử lý ảnh thành công. Kích thước tensor: (1, 48, 48, 1)
2026-05-26 00:28:15,313 | INFO     | [095309] Đã xử lý ảnh thành công. Kích thước tensor: (1, 48, 48, 1)
2026-05-26 00:28:15,370 | INFO     | [095370] ------------------------------------------
2026-05-26 00:28:15,371 | INFO     | [095370] 📥 NHẬN YÊU CẦU QUÉT KHUÔN MẶT MỚI
2026-05-26 00:28:15,373 | INFO     | [095370] Đã xử lý ảnh thành công. Kích thước tensor: (1, 48, 48, 1)
2026-05-26 00:28:15,417 | INFO     | [095309] ⏱️ Model inference: 103.14 ms
2026-05-26 00:28:15,419 | INFO     | [095309] 📊 Chi tiết dự đoán: {'ANGRY': 5.12, 'DISGUST': 0.14, 'FEAR': 6.44, 'HAPPY': 34.97, 'NEUTRAL': 20.49, 'SAD': 31.62, 'SURPRISE': 1.21}
2026-05-26 00:28:15,419 | INFO     | [095309] 🎯 KẾT QUẢ CHỐT: HAPPY (34.97%)
2026-05-26 00:28:15,421 | INFO     | [095309] ⏱️ Thời gian phản hồi: 109.96 ms
2026-05-26 00:28:15,423 | INFO     | [095308] ⏱️ Model inference: 112.44 ms
2026-05-26 00:28:15,423 | INFO     | [095308] 📊 Chi tiết dự đoán: {'ANGRY': 4.96, 'DISGUST': 0.16, 'FEAR': 6.55, 'HAPPY': 35.28, 'NEUTRAL': 18.53, 'SAD': 33.28, 'SURPRISE': 1.25}
2026-05-26 00:28:15,423 | INFO     | [095308] 🎯 KẾT QUẢ CHỐT: HAPPY (35.28%)
2026-05-26 00:28:15,424 | INFO     | [095308] ⏱️ Thời gian phản hồi: 114.47 ms
2026-05-26 00:28:15,457 | INFO     | [095370] ⏱️ Model inference: 84.33 ms
2026-05-26 00:28:15,457 | INFO     | [095370] 📊 Chi tiết dự đoán: {'ANGRY': 6.04, 'DISGUST': 0.14, 'FEAR': 7.11, 'HAPPY': 28.59, 'NEUTRAL': 19.86, 'SAD': 37.19, 'SURPRISE': 1.07}
2026-05-26 00:28:15,457 | INFO     | [095370] 🎯 KẾT QUẢ CHỐT: SAD (37.19%)
2026-05-26 00:28:15,457 | INFO     | [095370] ⏱️ Thời gian phản hồi: 87.33 ms
2026-05-26 00:28:16,010 | INFO     | [096010] ------------------------------------------
2026-05-26 00:28:16,011 | INFO     | [096010] 📥 NHẬN YÊU CẦU QUÉT KHUÔN MẶT MỚI
2026-05-26 00:28:16,011 | INFO     | [096011] ------------------------------------------
2026-05-26 00:28:16,011 | INFO     | [096011] 📥 NHẬN YÊU CẦU QUÉT KHUÔN MẶT MỚI
2026-05-26 00:28:16,011 | INFO     | [096010] Đã xử lý ảnh thành công. Kích thước tensor: (1, 48, 48, 1)
2026-05-26 00:28:16,014 | INFO     | [096011] Đã xử lý ảnh thành công. Kích thước tensor: (1, 48, 48, 1)
2026-05-26 00:28:16,113 | INFO     | [096010] ⏱️ Model inference: 101.14 ms
2026-05-26 00:28:16,113 | INFO     | [096010] 📊 Chi tiết dự đoán: {'ANGRY': 5.66, 'DISGUST': 0.13, 'FEAR': 6.68, 'HAPPY': 33.42, 'NEUTRAL': 20.63, 'SAD': 32.31, 'SURPRISE': 1.17}
2026-05-26 00:28:16,114 | INFO     | [096010] 🎯 KẾT QUẢ CHỐT: HAPPY (33.42%)
2026-05-26 00:28:16,114 | INFO     | [096010] ⏱️ Thời gian phản hồi: 102.18 ms
2026-05-26 00:28:16,134 | INFO     | [096134] ------------------------------------------
2026-05-26 00:28:16,135 | INFO     | [096134] 📥 NHẬN YÊU CẦU QUÉT KHUÔN MẶT MỚI
2026-05-26 00:28:16,136 | INFO     | [096134] Đã xử lý ảnh thành công. Kích thước tensor: (1, 48, 48, 1)
2026-05-26 00:28:16,136 | INFO     | [096011] ⏱️ Model inference: 119.99 ms
2026-05-26 00:28:16,138 | INFO     | [096011] 📊 Chi tiết dự đoán: {'ANGRY': 5.48, 'DISGUST': 0.16, 'FEAR': 7.23, 'HAPPY': 31.69, 'NEUTRAL': 19.09, 'SAD': 35.09, 'SURPRISE': 1.24}
2026-05-26 00:28:16,139 | INFO     | [096011] 🎯 KẾT QUẢ CHỐT: SAD (35.09%)
2026-05-26 00:28:16,139 | INFO     | [096011] ⏱️ Thời gian phản hồi: 125.72 ms
2026-05-26 00:28:16,209 | INFO     | [096134] ⏱️ Model inference: 73.29 ms
2026-05-26 00:28:16,209 | INFO     | [096134] 📊 Chi tiết dự đoán: {'ANGRY': 5.67, 'DISGUST': 0.15, 'FEAR': 7.28, 'HAPPY': 26.87, 'NEUTRAL': 20.56, 'SAD': 38.28, 'SURPRISE': 1.19}
2026-05-26 00:28:16,210 | INFO     | [096134] 🎯 KẾT QUẢ CHỐT: SAD (38.28%)
2026-05-26 00:28:16,210 | INFO     | [096134] ⏱️ Thời gian phản hồi: 75.32 ms
2026-05-26 00:28:16,385 | INFO     | [096383] ------------------------------------------
2026-05-26 00:28:16,385 | INFO     | [096383] 📥 NHẬN YÊU CẦU QUÉT KHUÔN MẶT MỚI
2026-05-26 00:28:16,385 | INFO     | [096383] Đã xử lý ảnh thành công. Kích thước tensor: (1, 48, 48, 1)
2026-05-26 00:28:16,455 | INFO     | [096383] ⏱️ Model inference: 69.8 ms
2026-05-26 00:28:16,455 | INFO     | [096383] 📊 Chi tiết dự đoán: {'ANGRY': 4.82, 'DISGUST': 0.12, 'FEAR': 6.98, 'HAPPY': 21.5, 'NEUTRAL': 27.1, 'SAD': 38.23, 'SURPRISE': 1.25}
2026-05-26 00:28:16,455 | INFO     | [096383] 🎯 KẾT QUẢ CHỐT: SAD (38.23%)
2026-05-26 00:28:16,456 | INFO     | [096383] ⏱️ Thời gian phản hồi: 71.31 ms
2026-05-26 00:28:16,789 | INFO     | [096789] ------------------------------------------
2026-05-26 00:28:16,789 | INFO     | [096789] 📥 NHẬN YÊU CẦU QUÉT KHUÔN MẶT MỚI
2026-05-26 00:28:16,790 | INFO     | [096789] Đã xử lý ảnh thành công. Kích thước tensor: (1, 48, 48, 1)
2026-05-26 00:28:16,856 | INFO     | [096789] ⏱️ Model inference: 66.26 ms
2026-05-26 00:28:16,856 | INFO     | [096789] 📊 Chi tiết dự đoán: {'ANGRY': 5.32, 'DISGUST': 0.15, 'FEAR': 6.71, 'HAPPY': 27.87, 'NEUTRAL': 23.2, 'SAD': 35.48, 'SURPRISE': 1.27}
2026-05-26 00:28:16,857 | INFO     | [096789] 🎯 KẾT QUẢ CHỐT: SAD (35.48%)
2026-05-26 00:28:16,857 | INFO     | [096789] ⏱️ Thời gian phản hồi: 67.36 ms
2026-05-26 00:28:17,320 | INFO     | [097320] ------------------------------------------
2026-05-26 00:28:17,320 | INFO     | [097320] 📥 NHẬN YÊU CẦU QUÉT KHUÔN MẶT MỚI
2026-05-26 00:28:17,321 | INFO     | [097321] ------------------------------------------
2026-05-26 00:28:17,322 | INFO     | [097321] 📥 NHẬN YÊU CẦU QUÉT KHUÔN MẶT MỚI
2026-05-26 00:28:17,323 | INFO     | [097320] Đã xử lý ảnh thành công. Kích thước tensor: (1, 48, 48, 1)
2026-05-26 00:28:17,327 | INFO     | [097321] Đã xử lý ảnh thành công. Kích thước tensor: (1, 48, 48, 1)
2026-05-26 00:28:17,448 | INFO     | [097321] ⏱️ Model inference: 119.24 ms
2026-05-26 00:28:17,448 | INFO     | [097321] 📊 Chi tiết dự đoán: {'ANGRY': 5.28, 'DISGUST': 0.13, 'FEAR': 7.02, 'HAPPY': 26.73, 'NEUTRAL': 23.16, 'SAD': 36.52, 'SURPRISE': 1.15}
2026-05-26 00:28:17,448 | INFO     | [097321] 🎯 KẾT QUẢ CHỐT: SAD (36.52%)
2026-05-26 00:28:17,449 | INFO     | [097321] ⏱️ Thời gian phản hồi: 126.57 ms
2026-05-26 00:28:17,451 | INFO     | [097320] ⏱️ Model inference: 127.15 ms
2026-05-26 00:28:17,452 | INFO     | [097320] 📊 Chi tiết dự đoán: {'ANGRY': 5.37, 'DISGUST': 0.15, 'FEAR': 7.47, 'HAPPY': 28.68, 'NEUTRAL': 18.77, 'SAD': 38.25, 'SURPRISE': 1.31}
2026-05-26 00:28:17,452 | INFO     | [097320] 🎯 KẾT QUẢ CHỐT: SAD (38.25%)
2026-05-26 00:28:17,452 | INFO     | [097320] ⏱️ Thời gian phản hồi: 130.98 ms
2026-05-26 00:28:17,678 | INFO     | [BATCH-097678] ==========================================
2026-05-26 00:28:17,680 | INFO     | [BATCH-097678] 🎞️ NHẬN CHUỖI 5 KHUNG HÌNH (BATCH)
2026-05-26 00:28:17,960 | INFO     | [097960] ------------------------------------------
2026-05-26 00:28:17,961 | INFO     | [097960] 📥 NHẬN YÊU CẦU QUÉT KHUÔN MẶT MỚI
2026-05-26 00:28:17,961 | INFO     | [097960] Đã xử lý ảnh thành công. Kích thước tensor: (1, 48, 48, 1)
2026-05-26 00:28:18,099 | INFO     | [097960] ⏱️ Model inference: 136.14 ms
2026-05-26 00:28:18,099 | INFO     | [097960] 📊 Chi tiết dự đoán: {'ANGRY': 5.46, 'DISGUST': 0.14, 'FEAR': 7.03, 'HAPPY': 27.46, 'NEUTRAL': 22.61, 'SAD': 35.71, 'SURPRISE': 1.58}
2026-05-26 00:28:18,099 | INFO     | [097960] 🎯 KẾT QUẢ CHỐT: SAD (35.71%)
2026-05-26 00:28:18,099 | INFO     | [097960] ⏱️ Thời gian phản hồi: 139.16 ms
2026-05-26 00:28:18,243 | INFO     | [BATCH-097678] ⏱️ Batch inference elapsed: 563.09 ms (5 frames)
2026-05-26 00:28:18,243 | INFO     | [BATCH-097678] ↳ Frame 1/5: SAD (38.3%)
2026-05-26 00:28:18,243 | INFO     | [BATCH-097678] ↳ Frame 2/5: SAD (38.2%)
2026-05-26 00:28:18,243 | INFO     | [BATCH-097678] ↳ Frame 3/5: SAD (35.5%)
2026-05-26 00:28:18,243 | INFO     | [BATCH-097678] ↳ Frame 4/5: SAD (36.5%)
2026-05-26 00:28:18,243 | INFO     | [BATCH-097678] ↳ Frame 5/5: SAD (38.2%)
2026-05-26 00:28:18,244 | INFO     | [BATCH-097678] 🎯 KẾT QUẢ CHUỖI: SAD (Tần suất: {'SAD': 5})
2026-05-26 00:28:18,244 | INFO     | [BATCH-097678] ⏱️ Tổng thời gian xử lý: 565.99 ms
2026-05-26 00:28:38,174 | INFO     | [118174] ------------------------------------------
2026-05-26 00:28:38,175 | INFO     | [118174] 📥 NHẬN YÊU CẦU QUÉT KHUÔN MẶT MỚI
2026-05-26 00:28:38,176 | INFO     | [118176] ------------------------------------------
2026-05-26 00:28:38,176 | INFO     | [118176] 📥 NHẬN YÊU CẦU QUÉT KHUÔN MẶT MỚI
2026-05-26 00:28:38,177 | INFO     | [118174] Đã xử lý ảnh thành công. Kích thước tensor: (1, 48, 48, 1)
2026-05-26 00:28:38,186 | INFO     | [118176] Đã xử lý ảnh thành công. Kích thước tensor: (1, 48, 48, 1)
2026-05-26 00:28:38,298 | INFO     | [118174] ⏱️ Model inference: 120.23 ms
2026-05-26 00:28:38,299 | INFO     | [118174] 📊 Chi tiết dự đoán: {'ANGRY': 7.41, 'DISGUST': 0.29, 'FEAR': 10.69, 'HAPPY': 16.88, 'NEUTRAL': 16.82, 'SAD': 46.71, 'SURPRISE': 1.2}
2026-05-26 00:28:38,299 | INFO     | [118174] 🎯 KẾT QUẢ CHỐT: SAD (46.71%)
2026-05-26 00:28:38,299 | INFO     | [118174] ⏱️ Thời gian phản hồi: 124.94 ms
2026-05-26 00:28:38,302 | INFO     | [118176] ⏱️ Model inference: 114.7 ms
2026-05-26 00:28:38,303 | INFO     | [118176] 📊 Chi tiết dự đoán: {'ANGRY': 6.72, 'DISGUST': 0.31, 'FEAR': 10.03, 'HAPPY': 18.98, 'NEUTRAL': 17.63, 'SAD': 44.8, 'SURPRISE': 1.52}
2026-05-26 00:28:38,304 | INFO     | [118176] 🎯 KẾT QUẢ CHỐT: SAD (44.80%)
2026-05-26 00:28:38,304 | INFO     | [118176] ⏱️ Thời gian phản hồi: 126.29 ms
2026-05-26 00:28:38,499 | INFO     | [118499] ------------------------------------------
2026-05-26 00:28:38,499 | INFO     | [118499] 📥 NHẬN YÊU CẦU QUÉT KHUÔN MẶT MỚI
2026-05-26 00:28:38,500 | INFO     | [118499] Đã xử lý ảnh thành công. Kích thước tensor: (1, 48, 48, 1)
2026-05-26 00:28:38,544 | INFO     | [118544] ------------------------------------------
2026-05-26 00:28:38,546 | INFO     | [118544] 📥 NHẬN YÊU CẦU QUÉT KHUÔN MẶT MỚI
2026-05-26 00:28:38,547 | INFO     | [118544] Đã xử lý ảnh thành công. Kích thước tensor: (1, 48, 48, 1)
2026-05-26 00:28:38,597 | INFO     | [118499] ⏱️ Model inference: 97.06 ms
2026-05-26 00:28:38,598 | INFO     | [118499] 📊 Chi tiết dự đoán: {'ANGRY': 6.93, 'DISGUST': 0.28, 'FEAR': 9.23, 'HAPPY': 22.18, 'NEUTRAL': 15.59, 'SAD': 44.61, 'SURPRISE': 1.18}
2026-05-26 00:28:38,598 | INFO     | [118499] 🎯 KẾT QUẢ CHỐT: SAD (44.61%)
2026-05-26 00:28:38,598 | INFO     | [118499] ⏱️ Thời gian phản hồi: 99.62 ms
2026-05-26 00:28:38,631 | INFO     | [118544] ⏱️ Model inference: 83.84 ms
2026-05-26 00:28:38,631 | INFO     | [118544] 📊 Chi tiết dự đoán: {'ANGRY': 7.67, 'DISGUST': 0.33, 'FEAR': 9.62, 'HAPPY': 24.08, 'NEUTRAL': 15.9, 'SAD': 40.92, 'SURPRISE': 1.47}
2026-05-26 00:28:38,631 | INFO     | [118544] 🎯 KẾT QUẢ CHỐT: SAD (40.92%)
2026-05-26 00:28:38,631 | INFO     | [118544] ⏱️ Thời gian phản hồi: 86.36 ms
2026-05-26 00:28:38,780 | INFO     | [118780] ------------------------------------------
2026-05-26 00:28:38,780 | INFO     | [118780] 📥 NHẬN YÊU CẦU QUÉT KHUÔN MẶT MỚI
2026-05-26 00:28:38,782 | INFO     | [118780] Đã xử lý ảnh thành công. Kích thước tensor: (1, 48, 48, 1)
2026-05-26 00:28:38,872 | INFO     | [118780] ⏱️ Model inference: 88.78 ms
2026-05-26 00:28:38,872 | INFO     | [118780] 📊 Chi tiết dự đoán: {'ANGRY': 6.77, 'DISGUST': 0.28, 'FEAR': 7.83, 'HAPPY': 25.27, 'NEUTRAL': 16.3, 'SAD': 42.36, 'SURPRISE': 1.2}
2026-05-26 00:28:38,872 | INFO     | [118780] 🎯 KẾT QUẢ CHỐT: SAD (42.36%)
2026-05-26 00:28:38,873 | INFO     | [118780] ⏱️ Thời gian phản hồi: 91.53 ms
2026-05-26 00:28:39,468 | INFO     | [119468] ------------------------------------------
2026-05-26 00:28:39,468 | INFO     | [119468] 📥 NHẬN YÊU CẦU QUÉT KHUÔN MẶT MỚI
2026-05-26 00:28:39,469 | INFO     | [119469] ------------------------------------------
2026-05-26 00:28:39,469 | INFO     | [119469] 📥 NHẬN YÊU CẦU QUÉT KHUÔN MẶT MỚI
2026-05-26 00:28:39,470 | INFO     | [119468] Đã xử lý ảnh thành công. Kích thước tensor: (1, 48, 48, 1)
2026-05-26 00:28:39,472 | INFO     | [119469] Đã xử lý ảnh thành công. Kích thước tensor: (1, 48, 48, 1)
2026-05-26 00:28:39,530 | INFO     | [119530] ------------------------------------------
2026-05-26 00:28:39,531 | INFO     | [119530] 📥 NHẬN YÊU CẦU QUÉT KHUÔN MẶT MỚI
2026-05-26 00:28:39,535 | INFO     | [119530] Đã xử lý ảnh thành công. Kích thước tensor: (1, 48, 48, 1)
2026-05-26 00:28:39,610 | INFO     | [119469] ⏱️ Model inference: 136.06 ms
2026-05-26 00:28:39,610 | INFO     | [119469] 📊 Chi tiết dự đoán: {'ANGRY': 9.5, 'DISGUST': 0.44, 'FEAR': 8.93, 'HAPPY': 23.02, 'NEUTRAL': 15.26, 'SAD': 41.43, 'SURPRISE': 1.41}
2026-05-26 00:28:39,610 | INFO     | [119469] 🎯 KẾT QUẢ CHỐT: SAD (41.43%)
2026-05-26 00:28:39,610 | INFO     | [119469] ⏱️ Thời gian phản hồi: 140.44 ms
2026-05-26 00:28:39,644 | INFO     | [119468] ⏱️ Model inference: 173.9 ms
2026-05-26 00:28:39,646 | INFO     | [119468] 📊 Chi tiết dự đoán: {'ANGRY': 6.61, 'DISGUST': 0.27, 'FEAR': 8.49, 'HAPPY': 23.37, 'NEUTRAL': 16.36, 'SAD': 43.31, 'SURPRISE': 1.59}
2026-05-26 00:28:39,647 | INFO     | [119468] 🎯 KẾT QUẢ CHỐT: SAD (43.31%)
2026-05-26 00:28:39,648 | INFO     | [119468] ⏱️ Thời gian phản hồi: 177.49 ms
2026-05-26 00:28:39,655 | INFO     | [119530] ⏱️ Model inference: 117.97 ms
2026-05-26 00:28:39,656 | INFO     | [119530] 📊 Chi tiết dự đoán: {'ANGRY': 8.09, 'DISGUST': 0.36, 'FEAR': 10.53, 'HAPPY': 17.67, 'NEUTRAL': 14.11, 'SAD': 47.91, 'SURPRISE': 1.33}
2026-05-26 00:28:39,656 | INFO     | [119530] 🎯 KẾT QUẢ CHỐT: SAD (47.91%)
2026-05-26 00:28:39,656 | INFO     | [119530] ⏱️ Thời gian phản hồi: 126.38 ms
2026-05-26 00:28:40,174 | INFO     | [120174] ------------------------------------------
2026-05-26 00:28:40,174 | INFO     | [120174] 📥 NHẬN YÊU CẦU QUÉT KHUÔN MẶT MỚI
2026-05-26 00:28:40,175 | INFO     | [120175] ------------------------------------------
2026-05-26 00:28:40,175 | INFO     | [120175] 📥 NHẬN YÊU CẦU QUÉT KHUÔN MẶT MỚI
2026-05-26 00:28:40,176 | INFO     | [120174] Đã xử lý ảnh thành công. Kích thước tensor: (1, 48, 48, 1)
2026-05-26 00:28:40,177 | INFO     | [120175] Đã xử lý ảnh thành công. Kích thước tensor: (1, 48, 48, 1)
2026-05-26 00:28:40,294 | INFO     | [120175] ⏱️ Model inference: 115.65 ms
2026-05-26 00:28:40,295 | INFO     | [120175] 📊 Chi tiết dự đoán: {'ANGRY': 7.32, 'DISGUST': 0.3, 'FEAR': 8.61, 'HAPPY': 26.01, 'NEUTRAL': 13.38, 'SAD': 43.53, 'SURPRISE': 0.85}
2026-05-26 00:28:40,295 | INFO     | [120175] 🎯 KẾT QUẢ CHỐT: SAD (43.53%)
2026-05-26 00:28:40,295 | INFO     | [120175] ⏱️ Thời gian phản hồi: 120.22 ms
2026-05-26 00:28:40,296 | INFO     | [120174] ⏱️ Model inference: 120.75 ms
2026-05-26 00:28:40,297 | INFO     | [120174] 📊 Chi tiết dự đoán: {'ANGRY': 7.53, 'DISGUST': 0.28, 'FEAR': 9.01, 'HAPPY': 23.12, 'NEUTRAL': 13.17, 'SAD': 46.02, 'SURPRISE': 0.87}
2026-05-26 00:28:40,297 | INFO     | [120174] 🎯 KẾT QUẢ CHỐT: SAD (46.02%)
2026-05-26 00:28:40,297 | INFO     | [120174] ⏱️ Thời gian phản hồi: 123.89 ms
2026-05-26 00:28:40,500 | INFO     | [120500] ------------------------------------------
2026-05-26 00:28:40,500 | INFO     | [120500] 📥 NHẬN YÊU CẦU QUÉT KHUÔN MẶT MỚI
2026-05-26 00:28:40,501 | INFO     | [120500] Đã xử lý ảnh thành công. Kích thước tensor: (1, 48, 48, 1)
2026-05-26 00:28:40,533 | INFO     | [120533] ------------------------------------------
2026-05-26 00:28:40,534 | INFO     | [120533] 📥 NHẬN YÊU CẦU QUÉT KHUÔN MẶT MỚI
2026-05-26 00:28:40,537 | INFO     | [120533] Đã xử lý ảnh thành công. Kích thước tensor: (1, 48, 48, 1)
2026-05-26 00:28:40,587 | INFO     | [120500] ⏱️ Model inference: 86.23 ms
2026-05-26 00:28:40,587 | INFO     | [120500] 📊 Chi tiết dự đoán: {'ANGRY': 7.09, 'DISGUST': 0.28, 'FEAR': 7.99, 'HAPPY': 24.47, 'NEUTRAL': 12.96, 'SAD': 46.5, 'SURPRISE': 0.71}
2026-05-26 00:28:40,587 | INFO     | [120500] 🎯 KẾT QUẢ CHỐT: SAD (46.50%)
2026-05-26 00:28:40,589 | INFO     | [120500] ⏱️ Thời gian phản hồi: 87.23 ms
2026-05-26 00:28:40,617 | INFO     | [120533] ⏱️ Model inference: 78.52 ms
2026-05-26 00:28:40,617 | INFO     | [120533] 📊 Chi tiết dự đoán: {'ANGRY': 7.07, 'DISGUST': 0.27, 'FEAR': 8.0, 'HAPPY': 22.38, 'NEUTRAL': 12.99, 'SAD': 48.55, 'SURPRISE': 0.74}
2026-05-26 00:28:40,618 | INFO     | [120533] 🎯 KẾT QUẢ CHỐT: SAD (48.55%)
2026-05-26 00:28:40,618 | INFO     | [120533] ⏱️ Thời gian phản hồi: 83.59 ms
2026-05-26 00:28:40,781 | INFO     | [120781] ------------------------------------------
2026-05-26 00:28:40,781 | INFO     | [120781] 📥 NHẬN YÊU CẦU QUÉT KHUÔN MẶT MỚI
2026-05-26 00:28:40,782 | INFO     | [120781] Đã xử lý ảnh thành công. Kích thước tensor: (1, 48, 48, 1)
2026-05-26 00:28:40,849 | INFO     | [120781] ⏱️ Model inference: 66.02 ms
2026-05-26 00:28:40,849 | INFO     | [120781] 📊 Chi tiết dự đoán: {'ANGRY': 7.96, 'DISGUST': 0.32, 'FEAR': 8.36, 'HAPPY': 25.92, 'NEUTRAL': 12.63, 'SAD': 43.98, 'SURPRISE': 0.83}
2026-05-26 00:28:40,850 | INFO     | [120781] 🎯 KẾT QUẢ CHỐT: SAD (43.98%)
2026-05-26 00:28:40,850 | INFO     | [120781] ⏱️ Thời gian phản hồi: 67.04 ms
2026-05-26 00:28:41,469 | INFO     | [121469] ------------------------------------------
2026-05-26 00:28:41,469 | INFO     | [121469] 📥 NHẬN YÊU CẦU QUÉT KHUÔN MẶT MỚI
2026-05-26 00:28:41,469 | INFO     | [121469] ------------------------------------------
2026-05-26 00:28:41,469 | INFO     | [121469] 📥 NHẬN YÊU CẦU QUÉT KHUÔN MẶT MỚI
2026-05-26 00:28:41,470 | INFO     | [121469] Đã xử lý ảnh thành công. Kích thước tensor: (1, 48, 48, 1)
2026-05-26 00:28:41,473 | INFO     | [121469] Đã xử lý ảnh thành công. Kích thước tensor: (1, 48, 48, 1)
2026-05-26 00:28:41,532 | INFO     | [121532] ------------------------------------------
2026-05-26 00:28:41,532 | INFO     | [121532] 📥 NHẬN YÊU CẦU QUÉT KHUÔN MẶT MỚI
2026-05-26 00:28:41,534 | INFO     | [121532] Đã xử lý ảnh thành công. Kích thước tensor: (1, 48, 48, 1)
2026-05-26 00:28:41,582 | INFO     | [121469] ⏱️ Model inference: 111.67 ms
2026-05-26 00:28:41,582 | INFO     | [121469] 📊 Chi tiết dự đoán: {'ANGRY': 8.21, 'DISGUST': 0.34, 'FEAR': 7.51, 'HAPPY': 26.32, 'NEUTRAL': 15.17, 'SAD': 41.32, 'SURPRISE': 1.13}
2026-05-26 00:28:41,582 | INFO     | [121469] 🎯 KẾT QUẢ CHỐT: SAD (41.32%)
2026-05-26 00:28:41,583 | INFO     | [121469] ⏱️ Thời gian phản hồi: 113.19 ms
2026-05-26 00:28:41,608 | INFO     | [121469] ⏱️ Model inference: 134.15 ms
2026-05-26 00:28:41,609 | INFO     | [121469] 📊 Chi tiết dự đoán: {'ANGRY': 7.1, 'DISGUST': 0.33, 'FEAR': 8.78, 'HAPPY': 19.19, 'NEUTRAL': 14.06, 'SAD': 49.77, 'SURPRISE': 0.77}
2026-05-26 00:28:41,609 | INFO     | [121469] 🎯 KẾT QUẢ CHỐT: SAD (49.77%)
2026-05-26 00:28:41,609 | INFO     | [121469] ⏱️ Thời gian phản hồi: 140.21 ms
2026-05-26 00:28:41,620 | INFO     | [121532] ⏱️ Model inference: 85.7 ms
2026-05-26 00:28:41,621 | INFO     | [121532] 📊 Chi tiết dự đoán: {'ANGRY': 5.24, 'DISGUST': 0.23, 'FEAR': 9.53, 'HAPPY': 14.53, 'NEUTRAL': 14.59, 'SAD': 55.07, 'SURPRISE': 0.81}
2026-05-26 00:28:41,621 | INFO     | [121532] 🎯 KẾT QUẢ CHỐT: SAD (55.07%)
2026-05-26 00:28:41,621 | INFO     | [121532] ⏱️ Thời gian phản hồi: 89.47 ms
2026-05-26 00:28:42,502 | INFO     | [122502] ------------------------------------------
2026-05-26 00:28:42,502 | INFO     | [122502] 📥 NHẬN YÊU CẦU QUÉT KHUÔN MẶT MỚI
2026-05-26 00:28:42,503 | INFO     | [122503] ------------------------------------------
2026-05-26 00:28:42,503 | INFO     | [122503] 📥 NHẬN YÊU CẦU QUÉT KHUÔN MẶT MỚI
2026-05-26 00:28:42,503 | INFO     | [122503] ------------------------------------------
2026-05-26 00:28:42,503 | INFO     | [122503] 📥 NHẬN YÊU CẦU QUÉT KHUÔN MẶT MỚI
2026-05-26 00:28:42,503 | INFO     | [122502] Đã xử lý ảnh thành công. Kích thước tensor: (1, 48, 48, 1)
2026-05-26 00:28:42,508 | INFO     | [122503] Đã xử lý ảnh thành công. Kích thước tensor: (1, 48, 48, 1)
2026-05-26 00:28:42,511 | INFO     | [122503] Đã xử lý ảnh thành công. Kích thước tensor: (1, 48, 48, 1)
2026-05-26 00:28:42,625 | INFO     | [122502] ⏱️ Model inference: 120.52 ms
2026-05-26 00:28:42,625 | INFO     | [122502] 📊 Chi tiết dự đoán: {'ANGRY': 7.65, 'DISGUST': 0.15, 'FEAR': 7.41, 'HAPPY': 23.48, 'NEUTRAL': 16.86, 'SAD': 43.7, 'SURPRISE': 0.74}
2026-05-26 00:28:42,625 | INFO     | [122502] 🎯 KẾT QUẢ CHỐT: SAD (43.70%)
2026-05-26 00:28:42,626 | INFO     | [122502] ⏱️ Thời gian phản hồi: 123.36 ms
2026-05-26 00:28:42,633 | INFO     | [122503] ⏱️ Model inference: 122.57 ms
2026-05-26 00:28:42,633 | INFO     | [122503] 📊 Chi tiết dự đoán: {'ANGRY': 6.47, 'DISGUST': 0.11, 'FEAR': 7.9, 'HAPPY': 26.89, 'NEUTRAL': 20.19, 'SAD': 37.61, 'SURPRISE': 0.83}
2026-05-26 00:28:42,633 | INFO     | [122503] 🎯 KẾT QUẢ CHỐT: SAD (37.61%)
2026-05-26 00:28:42,633 | INFO     | [122503] ⏱️ Thời gian phản hồi: 129.77 ms
2026-05-26 00:28:42,634 | INFO     | [122503] ⏱️ Model inference: 121.73 ms
2026-05-26 00:28:42,634 | INFO     | [122503] 📊 Chi tiết dự đoán: {'ANGRY': 6.32, 'DISGUST': 0.24, 'FEAR': 8.85, 'HAPPY': 23.03, 'NEUTRAL': 17.43, 'SAD': 43.09, 'SURPRISE': 1.03}
2026-05-26 00:28:42,636 | INFO     | [122503] 🎯 KẾT QUẢ CHỐT: SAD (43.09%)
2026-05-26 00:28:42,636 | INFO     | [122503] ⏱️ Thời gian phản hồi: 131.16 ms
2026-05-26 00:28:42,642 | INFO     | [122642] ------------------------------------------
2026-05-26 00:28:42,642 | INFO     | [122642] 📥 NHẬN YÊU CẦU QUÉT KHUÔN MẶT MỚI
2026-05-26 00:28:42,643 | INFO     | [122642] Đã xử lý ảnh thành công. Kích thước tensor: (1, 48, 48, 1)
2026-05-26 00:28:42,704 | INFO     | [122642] ⏱️ Model inference: 61.2 ms
2026-05-26 00:28:42,704 | INFO     | [122642] 📊 Chi tiết dự đoán: {'ANGRY': 8.14, 'DISGUST': 0.19, 'FEAR': 9.61, 'HAPPY': 21.58, 'NEUTRAL': 13.85, 'SAD': 45.76, 'SURPRISE': 0.86}
2026-05-26 00:28:42,704 | INFO     | [122642] 🎯 KẾT QUẢ CHỐT: SAD (45.76%)
2026-05-26 00:28:42,704 | INFO     | [122642] ⏱️ Thời gian phản hồi: 62.44 ms
2026-05-26 00:28:42,794 | INFO     | [122794] ------------------------------------------
2026-05-26 00:28:42,795 | INFO     | [122794] 📥 NHẬN YÊU CẦU QUÉT KHUÔN MẶT MỚI
2026-05-26 00:28:42,795 | INFO     | [122794] Đã xử lý ảnh thành công. Kích thước tensor: (1, 48, 48, 1)
2026-05-26 00:28:42,853 | INFO     | [122794] ⏱️ Model inference: 57.78 ms
2026-05-26 00:28:42,853 | INFO     | [122794] 📊 Chi tiết dự đoán: {'ANGRY': 7.25, 'DISGUST': 0.2, 'FEAR': 9.1, 'HAPPY': 22.89, 'NEUTRAL': 17.29, 'SAD': 42.37, 'SURPRISE': 0.91}
2026-05-26 00:28:42,853 | INFO     | [122794] 🎯 KẾT QUẢ CHỐT: SAD (42.37%)
2026-05-26 00:28:42,854 | INFO     | [122794] ⏱️ Thời gian phản hồi: 59.15 ms
2026-05-26 00:28:43,479 | INFO     | [123479] ------------------------------------------
2026-05-26 00:28:43,479 | INFO     | [123479] 📥 NHẬN YÊU CẦU QUÉT KHUÔN MẶT MỚI
2026-05-26 00:28:43,480 | INFO     | [123480] ------------------------------------------
2026-05-26 00:28:43,480 | INFO     | [123480] 📥 NHẬN YÊU CẦU QUÉT KHUÔN MẶT MỚI
2026-05-26 00:28:43,480 | INFO     | [123479] Đã xử lý ảnh thành công. Kích thước tensor: (1, 48, 48, 1)
2026-05-26 00:28:43,482 | INFO     | [123480] Đã xử lý ảnh thành công. Kích thước tensor: (1, 48, 48, 1)
2026-05-26 00:28:43,540 | INFO     | [123540] ------------------------------------------
2026-05-26 00:28:43,542 | INFO     | [123540] 📥 NHẬN YÊU CẦU QUÉT KHUÔN MẶT MỚI
2026-05-26 00:28:43,542 | INFO     | [123540] Đã xử lý ảnh thành công. Kích thước tensor: (1, 48, 48, 1)
2026-05-26 00:28:43,571 | INFO     | [123479] ⏱️ Model inference: 91.36 ms
2026-05-26 00:28:43,573 | INFO     | [123479] 📊 Chi tiết dự đoán: {'ANGRY': 4.95, 'DISGUST': 0.13, 'FEAR': 11.43, 'HAPPY': 17.74, 'NEUTRAL': 19.71, 'SAD': 44.09, 'SURPRISE': 1.95}
2026-05-26 00:28:43,573 | INFO     | [123479] 🎯 KẾT QUẢ CHỐT: SAD (44.09%)
2026-05-26 00:28:43,573 | INFO     | [123479] ⏱️ Thời gian phản hồi: 93.9 ms
2026-05-26 00:28:43,576 | INFO     | [123480] ⏱️ Model inference: 93.35 ms
2026-05-26 00:28:43,576 | INFO     | [123480] 📊 Chi tiết dự đoán: {'ANGRY': 5.79, 'DISGUST': 0.15, 'FEAR': 10.39, 'HAPPY': 24.06, 'NEUTRAL': 14.73, 'SAD': 43.65, 'SURPRISE': 1.24}
2026-05-26 00:28:43,578 | INFO     | [123480] 🎯 KẾT QUẢ CHỐT: SAD (43.65%)
2026-05-26 00:28:43,579 | INFO     | [123480] ⏱️ Thời gian phản hồi: 96.65 ms
2026-05-26 00:28:43,621 | INFO     | [123540] ⏱️ Model inference: 78.37 ms
2026-05-26 00:28:43,621 | INFO     | [123540] 📊 Chi tiết dự đoán: {'ANGRY': 3.63, 'DISGUST': 0.08, 'FEAR': 10.61, 'HAPPY': 15.77, 'NEUTRAL': 23.47, 'SAD': 44.71, 'SURPRISE': 1.74}
2026-05-26 00:28:43,622 | INFO     | [123540] 🎯 KẾT QUẢ CHỐT: SAD (44.71%)
2026-05-26 00:28:43,622 | INFO     | [123540] ⏱️ Thời gian phản hồi: 81.71 ms
2026-05-26 00:28:44,505 | INFO     | [124505] ------------------------------------------
2026-05-26 00:28:44,505 | INFO     | [124505] 📥 NHẬN YÊU CẦU QUÉT KHUÔN MẶT MỚI
2026-05-26 00:28:44,506 | INFO     | [124506] ------------------------------------------
2026-05-26 00:28:44,506 | INFO     | [124506] 📥 NHẬN YÊU CẦU QUÉT KHUÔN MẶT MỚI
2026-05-26 00:28:44,506 | INFO     | [124506] ------------------------------------------
2026-05-26 00:28:44,506 | INFO     | [124506] 📥 NHẬN YÊU CẦU QUÉT KHUÔN MẶT MỚI
2026-05-26 00:28:44,507 | INFO     | [124505] Đã xử lý ảnh thành công. Kích thước tensor: (1, 48, 48, 1)
2026-05-26 00:28:44,508 | INFO     | [124506] Đã xử lý ảnh thành công. Kích thước tensor: (1, 48, 48, 1)
2026-05-26 00:28:44,513 | INFO     | [124506] Đã xử lý ảnh thành công. Kích thước tensor: (1, 48, 48, 1)
2026-05-26 00:28:44,621 | INFO     | [124506] ⏱️ Model inference: 110.77 ms
2026-05-26 00:28:44,621 | INFO     | [124506] 📊 Chi tiết dự đoán: {'ANGRY': 3.96, 'DISGUST': 0.1, 'FEAR': 7.89, 'HAPPY': 24.73, 'NEUTRAL': 24.69, 'SAD': 36.76, 'SURPRISE': 1.87}
2026-05-26 00:28:44,621 | INFO     | [124506] 🎯 KẾT QUẢ CHỐT: SAD (36.76%)
2026-05-26 00:28:44,622 | INFO     | [124506] ⏱️ Thời gian phản hồi: 114.32 ms
2026-05-26 00:28:44,626 | INFO     | [124506] ⏱️ Model inference: 110.88 ms
2026-05-26 00:28:44,626 | INFO     | [124506] 📊 Chi tiết dự đoán: {'ANGRY': 3.79, 'DISGUST': 0.07, 'FEAR': 10.16, 'HAPPY': 21.3, 'NEUTRAL': 23.36, 'SAD': 39.87, 'SURPRISE': 1.45}
2026-05-26 00:28:44,626 | INFO     | [124506] 🎯 KẾT QUẢ CHỐT: SAD (39.87%)
2026-05-26 00:28:44,626 | INFO     | [124506] ⏱️ Thời gian phản hồi: 119.63 ms
2026-05-26 00:28:44,632 | INFO     | [124632] ------------------------------------------
2026-05-26 00:28:44,632 | INFO     | [124632] 📥 NHẬN YÊU CẦU QUÉT KHUÔN MẶT MỚI
2026-05-26 00:28:44,633 | INFO     | [124632] Đã xử lý ảnh thành công. Kích thước tensor: (1, 48, 48, 1)
2026-05-26 00:28:44,652 | INFO     | [124505] ⏱️ Model inference: 144.95 ms
2026-05-26 00:28:44,653 | INFO     | [124505] 📊 Chi tiết dự đoán: {'ANGRY': 4.27, 'DISGUST': 0.07, 'FEAR': 11.64, 'HAPPY': 12.43, 'NEUTRAL': 25.81, 'SAD': 43.9, 'SURPRISE': 1.88}
2026-05-26 00:28:44,655 | INFO     | [124505] 🎯 KẾT QUẢ CHỐT: SAD (43.90%)
2026-05-26 00:28:44,655 | INFO     | [124505] ⏱️ Thời gian phản hồi: 147.96 ms
2026-05-26 00:28:44,703 | INFO     | [124632] ⏱️ Model inference: 69.54 ms
2026-05-26 00:28:44,704 | INFO     | [124632] 📊 Chi tiết dự đoán: {'ANGRY': 6.11, 'DISGUST': 0.15, 'FEAR': 9.62, 'HAPPY': 16.79, 'NEUTRAL': 27.27, 'SAD': 38.54, 'SURPRISE': 1.52}
2026-05-26 00:28:44,704 | INFO     | [124632] 🎯 KẾT QUẢ CHỐT: SAD (38.54%)
2026-05-26 00:28:44,704 | INFO     | [124632] ⏱️ Thời gian phản hồi: 71.58 ms
2026-05-26 00:28:44,787 | INFO     | [124787] ------------------------------------------
2026-05-26 00:28:44,787 | INFO     | [124787] 📥 NHẬN YÊU CẦU QUÉT KHUÔN MẶT MỚI
2026-05-26 00:28:44,789 | INFO     | [124787] Đã xử lý ảnh thành công. Kích thước tensor: (1, 48, 48, 1)
2026-05-26 00:28:44,853 | INFO     | [124787] ⏱️ Model inference: 64.28 ms
2026-05-26 00:28:44,853 | INFO     | [124787] 📊 Chi tiết dự đoán: {'ANGRY': 5.45, 'DISGUST': 0.15, 'FEAR': 7.5, 'HAPPY': 19.96, 'NEUTRAL': 23.77, 'SAD': 41.97, 'SURPRISE': 1.2}
2026-05-26 00:28:44,854 | INFO     | [124787] 🎯 KẾT QUẢ CHỐT: SAD (41.97%)
2026-05-26 00:28:44,854 | INFO     | [124787] ⏱️ Thời gian phản hồi: 65.67 ms
2026-05-26 00:28:45,476 | INFO     | [125476] ------------------------------------------
2026-05-26 00:28:45,476 | INFO     | [125476] 📥 NHẬN YÊU CẦU QUÉT KHUÔN MẶT MỚI
2026-05-26 00:28:45,477 | INFO     | [125477] ------------------------------------------
2026-05-26 00:28:45,477 | INFO     | [125477] 📥 NHẬN YÊU CẦU QUÉT KHUÔN MẶT MỚI
2026-05-26 00:28:45,478 | INFO     | [125476] Đã xử lý ảnh thành công. Kích thước tensor: (1, 48, 48, 1)
2026-05-26 00:28:45,479 | INFO     | [125477] Đã xử lý ảnh thành công. Kích thước tensor: (1, 48, 48, 1)
2026-05-26 00:28:45,539 | INFO     | [125539] ------------------------------------------
2026-05-26 00:28:45,540 | INFO     | [125539] 📥 NHẬN YÊU CẦU QUÉT KHUÔN MẶT MỚI
2026-05-26 00:28:45,540 | INFO     | [125539] Đã xử lý ảnh thành công. Kích thước tensor: (1, 48, 48, 1)
2026-05-26 00:28:45,569 | INFO     | [125477] ⏱️ Model inference: 88.55 ms
2026-05-26 00:28:45,571 | INFO     | [125477] 📊 Chi tiết dự đoán: {'ANGRY': 6.33, 'DISGUST': 0.19, 'FEAR': 9.34, 'HAPPY': 23.34, 'NEUTRAL': 23.22, 'SAD': 35.78, 'SURPRISE': 1.8}
2026-05-26 00:28:45,571 | INFO     | [125477] 🎯 KẾT QUẢ CHỐT: SAD (35.78%)
2026-05-26 00:28:45,572 | INFO     | [125477] ⏱️ Thời gian phản hồi: 92.27 ms
2026-05-26 00:28:45,577 | INFO     | [125476] ⏱️ Model inference: 98.88 ms
2026-05-26 00:28:45,577 | INFO     | [125476] 📊 Chi tiết dự đoán: {'ANGRY': 4.55, 'DISGUST': 0.11, 'FEAR': 7.69, 'HAPPY': 27.5, 'NEUTRAL': 25.39, 'SAD': 32.93, 'SURPRISE': 1.82}
2026-05-26 00:28:45,578 | INFO     | [125476] 🎯 KẾT QUẢ CHỐT: SAD (32.93%)
2026-05-26 00:28:45,578 | INFO     | [125476] ⏱️ Thời gian phản hồi: 100.46 ms
2026-05-26 00:28:45,609 | INFO     | [125539] ⏱️ Model inference: 69.03 ms
2026-05-26 00:28:45,609 | INFO     | [125539] 📊 Chi tiết dự đoán: {'ANGRY': 4.92, 'DISGUST': 0.09, 'FEAR': 8.06, 'HAPPY': 28.81, 'NEUTRAL': 20.84, 'SAD': 36.21, 'SURPRISE': 1.05}
2026-05-26 00:28:45,609 | INFO     | [125539] 🎯 KẾT QUẢ CHỐT: SAD (36.21%)
2026-05-26 00:28:45,609 | INFO     | [125539] ⏱️ Thời gian phản hồi: 70.54 ms
2026-05-26 00:28:46,502 | INFO     | [126502] ------------------------------------------
2026-05-26 00:28:46,502 | INFO     | [126502] 📥 NHẬN YÊU CẦU QUÉT KHUÔN MẶT MỚI
2026-05-26 00:28:46,503 | INFO     | [126503] ------------------------------------------
2026-05-26 00:28:46,503 | INFO     | [126503] 📥 NHẬN YÊU CẦU QUÉT KHUÔN MẶT MỚI
2026-05-26 00:28:46,504 | INFO     | [126504] ------------------------------------------
2026-05-26 00:28:46,504 | INFO     | [126504] 📥 NHẬN YÊU CẦU QUÉT KHUÔN MẶT MỚI
2026-05-26 00:28:46,504 | INFO     | [126502] Đã xử lý ảnh thành công. Kích thước tensor: (1, 48, 48, 1)
2026-05-26 00:28:46,512 | INFO     | [126503] Đã xử lý ảnh thành công. Kích thước tensor: (1, 48, 48, 1)
2026-05-26 00:28:46,518 | INFO     | [126504] Đã xử lý ảnh thành công. Kích thước tensor: (1, 48, 48, 1)
2026-05-26 00:28:46,634 | INFO     | [126503] ⏱️ Model inference: 121.07 ms
2026-05-26 00:28:46,634 | INFO     | [126503] 📊 Chi tiết dự đoán: {'ANGRY': 5.68, 'DISGUST': 0.13, 'FEAR': 6.22, 'HAPPY': 33.44, 'NEUTRAL': 20.79, 'SAD': 32.49, 'SURPRISE': 1.24}
2026-05-26 00:28:46,636 | INFO     | [126503] 🎯 KẾT QUẢ CHỐT: HAPPY (33.44%)
2026-05-26 00:28:46,636 | INFO     | [126503] ⏱️ Thời gian phản hồi: 131.45 ms
2026-05-26 00:28:46,637 | INFO     | [126504] ⏱️ Model inference: 117.17 ms
2026-05-26 00:28:46,637 | INFO     | [126504] 📊 Chi tiết dự đoán: {'ANGRY': 6.2, 'DISGUST': 0.14, 'FEAR': 6.88, 'HAPPY': 28.41, 'NEUTRAL': 19.52, 'SAD': 37.36, 'SURPRISE': 1.49}
2026-05-26 00:28:46,637 | INFO     | [126504] 🎯 KẾT QUẢ CHỐT: SAD (37.36%)
2026-05-26 00:28:46,638 | INFO     | [126504] ⏱️ Thời gian phản hồi: 133.19 ms
2026-05-26 00:28:46,642 | INFO     | [126642] ------------------------------------------
2026-05-26 00:28:46,642 | INFO     | [126642] 📥 NHẬN YÊU CẦU QUÉT KHUÔN MẶT MỚI
2026-05-26 00:28:46,643 | INFO     | [126642] Đã xử lý ảnh thành công. Kích thước tensor: (1, 48, 48, 1)
2026-05-26 00:28:46,650 | INFO     | [126502] ⏱️ Model inference: 145.27 ms
2026-05-26 00:28:46,651 | INFO     | [126502] 📊 Chi tiết dự đoán: {'ANGRY': 4.97, 'DISGUST': 0.1, 'FEAR': 8.06, 'HAPPY': 28.53, 'NEUTRAL': 22.95, 'SAD': 34.02, 'SURPRISE': 1.37}
2026-05-26 00:28:46,652 | INFO     | [126502] 🎯 KẾT QUẢ CHỐT: SAD (34.02%)
2026-05-26 00:28:46,653 | INFO     | [126502] ⏱️ Thời gian phản hồi: 148.95 ms
2026-05-26 00:28:46,715 | INFO     | [126642] ⏱️ Model inference: 70.72 ms
2026-05-26 00:28:46,715 | INFO     | [126642] 📊 Chi tiết dự đoán: {'ANGRY': 6.12, 'DISGUST': 0.14, 'FEAR': 7.71, 'HAPPY': 27.55, 'NEUTRAL': 22.09, 'SAD': 34.91, 'SURPRISE': 1.48}
2026-05-26 00:28:46,715 | INFO     | [126642] 🎯 KẾT QUẢ CHỐT: SAD (34.91%)
2026-05-26 00:28:46,715 | INFO     | [126642] ⏱️ Thời gian phản hồi: 72.24 ms
2026-05-26 00:28:46,801 | INFO     | [126801] ------------------------------------------
2026-05-26 00:28:46,801 | INFO     | [126801] 📥 NHẬN YÊU CẦU QUÉT KHUÔN MẶT MỚI
2026-05-26 00:28:46,802 | INFO     | [126801] Đã xử lý ảnh thành công. Kích thước tensor: (1, 48, 48, 1)
2026-05-26 00:28:47,402 | INFO     | [127402] ------------------------------------------
2026-05-26 00:28:47,402 | INFO     | [127402] 📥 NHẬN YÊU CẦU QUÉT KHUÔN MẶT MỚI
2026-05-26 00:28:47,403 | INFO     | [127403] ------------------------------------------
2026-05-26 00:28:47,403 | INFO     | [127403] 📥 NHẬN YÊU CẦU QUÉT KHUÔN MẶT MỚI
2026-05-26 00:28:47,404 | INFO     | [127402] Đã xử lý ảnh thành công. Kích thước tensor: (1, 48, 48, 1)
2026-05-26 00:28:47,408 | INFO     | [127403] Đã xử lý ảnh thành công. Kích thước tensor: (1, 48, 48, 1)
2026-05-26 00:28:47,529 | INFO     | [127402] ⏱️ Model inference: 124.47 ms
2026-05-26 00:28:47,529 | INFO     | [127402] 📊 Chi tiết dự đoán: {'ANGRY': 6.03, 'DISGUST': 0.12, 'FEAR': 7.67, 'HAPPY': 31.41, 'NEUTRAL': 18.88, 'SAD': 34.38, 'SURPRISE': 1.5}
2026-05-26 00:28:47,529 | INFO     | [127402] 🎯 KẾT QUẢ CHỐT: SAD (34.38%)
2026-05-26 00:28:47,529 | INFO     | [127402] ⏱️ Thời gian phản hồi: 127.47 ms
2026-05-26 00:28:47,531 | INFO     | [127403] ⏱️ Model inference: 121.49 ms
2026-05-26 00:28:47,532 | INFO     | [127403] 📊 Chi tiết dự đoán: {'ANGRY': 5.78, 'DISGUST': 0.11, 'FEAR': 8.21, 'HAPPY': 29.61, 'NEUTRAL': 19.91, 'SAD': 34.61, 'SURPRISE': 1.76}
2026-05-26 00:28:47,534 | INFO     | [127403] 🎯 KẾT QUẢ CHỐT: SAD (34.61%)
2026-05-26 00:28:47,534 | INFO     | [127403] ⏱️ Thời gian phản hồi: 127.96 ms
2026-05-26 00:28:47,541 | INFO     | [127541] ------------------------------------------
2026-05-26 00:28:47,542 | INFO     | [127541] 📥 NHẬN YÊU CẦU QUÉT KHUÔN MẶT MỚI
2026-05-26 00:28:47,542 | INFO     | [127541] Đã xử lý ảnh thành công. Kích thước tensor: (1, 48, 48, 1)
2026-05-26 00:28:47,638 | INFO     | [127541] ⏱️ Model inference: 94.54 ms
2026-05-26 00:28:47,638 | INFO     | [127541] 📊 Chi tiết dự đoán: {'ANGRY': 5.85, 'DISGUST': 0.14, 'FEAR': 9.69, 'HAPPY': 22.11, 'NEUTRAL': 19.42, 'SAD': 41.13, 'SURPRISE': 1.65}
2026-05-26 00:28:47,638 | INFO     | [127541] 🎯 KẾT QUẢ CHỐT: SAD (41.13%)
2026-05-26 00:28:47,638 | INFO     | [127541] ⏱️ Thời gian phản hồi: 97.36 ms
2026-05-26 00:28:47,651 | INFO     | [126801] ⏱️ Model inference: 848.68 ms
2026-05-26 00:28:47,652 | INFO     | [126801] 📊 Chi tiết dự đoán: {'ANGRY': 6.22, 'DISGUST': 0.13, 'FEAR': 7.29, 'HAPPY': 29.76, 'NEUTRAL': 20.07, 'SAD': 35.01, 'SURPRISE': 1.53}
2026-05-26 00:28:47,652 | INFO     | [126801] 🎯 KẾT QUẢ CHỐT: SAD (35.01%)
2026-05-26 00:28:47,652 | INFO     | [126801] ⏱️ Thời gian phản hồi: 850.81 ms
2026-05-26 00:28:47,809 | INFO     | [BATCH-127809] ==========================================
2026-05-26 00:28:47,810 | INFO     | [BATCH-127809] 🎞️ NHẬN CHUỖI 5 KHUNG HÌNH (BATCH)
2026-05-26 00:28:48,274 | INFO     | [BATCH-127809] ⏱️ Batch inference elapsed: 464.58 ms (5 frames)
2026-05-26 00:28:48,275 | INFO     | [BATCH-127809] ↳ Frame 1/5: SAD (34.9%)
2026-05-26 00:28:48,275 | INFO     | [BATCH-127809] ↳ Frame 2/5: SAD (35.0%)
2026-05-26 00:28:48,275 | INFO     | [BATCH-127809] ↳ Frame 3/5: SAD (34.6%)
2026-05-26 00:28:48,276 | INFO     | [BATCH-127809] ↳ Frame 4/5: SAD (34.4%)
2026-05-26 00:28:48,276 | INFO     | [BATCH-127809] ↳ Frame 5/5: SAD (41.1%)
2026-05-26 00:28:48,276 | INFO     | [BATCH-127809] 🎯 KẾT QUẢ CHUỖI: SAD (Tần suất: {'SAD': 5})
2026-05-26 00:28:48,276 | INFO     | [BATCH-127809] ⏱️ Tổng thời gian xử lý: 467.7 ms
2026-05-26 00:28:48,505 | INFO     | [128505] ------------------------------------------
2026-05-26 00:28:48,505 | INFO     | [128505] 📥 NHẬN YÊU CẦU QUÉT KHUÔN MẶT MỚI
2026-05-26 00:28:48,506 | INFO     | [128505] Đã xử lý ảnh thành công. Kích thước tensor: (1, 48, 48, 1)
2026-05-26 00:28:48,590 | INFO     | [128505] ⏱️ Model inference: 83.66 ms
2026-05-26 00:28:48,590 | INFO     | [128505] 📊 Chi tiết dự đoán: {'ANGRY': 5.29, 'DISGUST': 0.12, 'FEAR': 9.46, 'HAPPY': 26.51, 'NEUTRAL': 18.42, 'SAD': 38.35, 'SURPRISE': 1.84}
2026-05-26 00:28:48,590 | INFO     | [128505] 🎯 KẾT QUẢ CHỐT: SAD (38.35%)
2026-05-26 00:28:48,590 | INFO     | [128505] ⏱️ Thời gian phản hồi: 84.72 ms
2026-05-26 00:29:22,497 | INFO     | [162497] ------------------------------------------
2026-05-26 00:29:22,497 | INFO     | [162497] 📥 NHẬN YÊU CẦU QUÉT KHUÔN MẶT MỚI
2026-05-26 00:29:22,499 | INFO     | [162499] ------------------------------------------
2026-05-26 00:29:22,499 | INFO     | [162499] 📥 NHẬN YÊU CẦU QUÉT KHUÔN MẶT MỚI
2026-05-26 00:29:22,500 | INFO     | [162500] ------------------------------------------
2026-05-26 00:29:22,500 | INFO     | [162500] 📥 NHẬN YÊU CẦU QUÉT KHUÔN MẶT MỚI
2026-05-26 00:29:22,501 | INFO     | [162497] Đã xử lý ảnh thành công. Kích thước tensor: (1, 48, 48, 1)
2026-05-26 00:29:22,504 | INFO     | [162499] Đã xử lý ảnh thành công. Kích thước tensor: (1, 48, 48, 1)
2026-05-26 00:29:22,513 | INFO     | [162500] Đã xử lý ảnh thành công. Kích thước tensor: (1, 48, 48, 1)
2026-05-26 00:29:22,639 | INFO     | [162497] ⏱️ Model inference: 137.47 ms
2026-05-26 00:29:22,640 | INFO     | [162497] 📊 Chi tiết dự đoán: {'ANGRY': 4.54, 'DISGUST': 0.12, 'FEAR': 12.0, 'HAPPY': 12.78, 'NEUTRAL': 20.55, 'SAD': 48.36, 'SURPRISE': 1.64}
2026-05-26 00:29:22,640 | INFO     | [162497] 🎯 KẾT QUẢ CHỐT: SAD (48.36%)
2026-05-26 00:29:22,641 | INFO     | [162497] ⏱️ Thời gian phản hồi: 142.76 ms
2026-05-26 00:29:22,652 | INFO     | [162500] ⏱️ Model inference: 137.12 ms
2026-05-26 00:29:22,653 | INFO     | [162500] 📊 Chi tiết dự đoán: {'ANGRY': 4.9, 'DISGUST': 0.16, 'FEAR': 11.28, 'HAPPY': 12.4, 'NEUTRAL': 19.38, 'SAD': 50.36, 'SURPRISE': 1.51}
2026-05-26 00:29:22,653 | INFO     | [162500] 🎯 KẾT QUẢ CHỐT: SAD (50.36%)
2026-05-26 00:29:22,653 | INFO     | [162500] ⏱️ Thời gian phản hồi: 153.56 ms
2026-05-26 00:29:22,656 | INFO     | [162656] ------------------------------------------
2026-05-26 00:29:22,657 | INFO     | [162656] 📥 NHẬN YÊU CẦU QUÉT KHUÔN MẶT MỚI
2026-05-26 00:29:22,658 | INFO     | [162656] Đã xử lý ảnh thành công. Kích thước tensor: (1, 48, 48, 1)
2026-05-26 00:29:22,678 | INFO     | [162499] ⏱️ Model inference: 173.43 ms
2026-05-26 00:29:22,679 | INFO     | [162499] 📊 Chi tiết dự đoán: {'ANGRY': 4.39, 'DISGUST': 0.15, 'FEAR': 12.84, 'HAPPY': 9.51, 'NEUTRAL': 18.21, 'SAD': 53.44, 'SURPRISE': 1.45}
2026-05-26 00:29:22,680 | INFO     | [162499] 🎯 KẾT QUẢ CHỐT: SAD (53.44%)
2026-05-26 00:29:22,680 | INFO     | [162499] ⏱️ Thời gian phản hồi: 180.75 ms
2026-05-26 00:29:22,765 | INFO     | [162656] ⏱️ Model inference: 106.14 ms
2026-05-26 00:29:22,765 | INFO     | [162656] 📊 Chi tiết dự đoán: {'ANGRY': 5.51, 'DISGUST': 0.14, 'FEAR': 10.1, 'HAPPY': 15.51, 'NEUTRAL': 21.54, 'SAD': 45.77, 'SURPRISE': 1.44}
2026-05-26 00:29:22,765 | INFO     | [162656] 🎯 KẾT QUẢ CHỐT: SAD (45.77%)
2026-05-26 00:29:22,765 | INFO     | [162656] ⏱️ Thời gian phản hồi: 109.17 ms
2026-05-26 00:29:22,798 | INFO     | [162798] ------------------------------------------
2026-05-26 00:29:22,799 | INFO     | [162798] 📥 NHẬN YÊU CẦU QUÉT KHUÔN MẶT MỚI
2026-05-26 00:29:22,799 | INFO     | [162798] Đã xử lý ảnh thành công. Kích thước tensor: (1, 48, 48, 1)
2026-05-26 00:29:22,862 | INFO     | [162798] ⏱️ Model inference: 63.28 ms
2026-05-26 00:29:22,863 | INFO     | [162798] 📊 Chi tiết dự đoán: {'ANGRY': 4.85, 'DISGUST': 0.2, 'FEAR': 10.24, 'HAPPY': 18.3, 'NEUTRAL': 13.79, 'SAD': 50.94, 'SURPRISE': 1.68}
2026-05-26 00:29:22,863 | INFO     | [162798] 🎯 KẾT QUẢ CHỐT: SAD (50.94%)
2026-05-26 00:29:22,863 | INFO     | [162798] ⏱️ Thời gian phản hồi: 65.47 ms
2026-05-26 00:29:23,043 | INFO     | [163043] ------------------------------------------
2026-05-26 00:29:23,043 | INFO     | [163043] 📥 NHẬN YÊU CẦU QUÉT KHUÔN MẶT MỚI
2026-05-26 00:29:23,043 | INFO     | [163043] Đã xử lý ảnh thành công. Kích thước tensor: (1, 48, 48, 1)
2026-05-26 00:29:23,114 | INFO     | [163043] ⏱️ Model inference: 70.33 ms
2026-05-26 00:29:23,115 | INFO     | [163043] 📊 Chi tiết dự đoán: {'ANGRY': 5.4, 'DISGUST': 0.2, 'FEAR': 8.07, 'HAPPY': 31.27, 'NEUTRAL': 14.49, 'SAD': 39.29, 'SURPRISE': 1.28}
2026-05-26 00:29:23,115 | INFO     | [163043] 🎯 KẾT QUẢ CHỐT: SAD (39.29%)
2026-05-26 00:29:23,115 | INFO     | [163043] ⏱️ Thời gian phản hồi: 71.96 ms
2026-05-26 00:29:23,308 | INFO     | [163308] ------------------------------------------
2026-05-26 00:29:23,309 | INFO     | [163308] 📥 NHẬN YÊU CẦU QUÉT KHUÔN MẶT MỚI
2026-05-26 00:29:23,309 | INFO     | [163308] Đã xử lý ảnh thành công. Kích thước tensor: (1, 48, 48, 1)
2026-05-26 00:29:23,386 | INFO     | [163308] ⏱️ Model inference: 76.7 ms
2026-05-26 00:29:23,386 | INFO     | [163308] 📊 Chi tiết dự đoán: {'ANGRY': 6.86, 'DISGUST': 0.21, 'FEAR': 9.91, 'HAPPY': 22.97, 'NEUTRAL': 17.73, 'SAD': 41.01, 'SURPRISE': 1.31}
2026-05-26 00:29:23,386 | INFO     | [163308] 🎯 KẾT QUẢ CHỐT: SAD (41.01%)
2026-05-26 00:29:23,386 | INFO     | [163308] ⏱️ Thời gian phản hồi: 77.74 ms
2026-05-26 00:29:23,541 | INFO     | [163541] ------------------------------------------
2026-05-26 00:29:23,541 | INFO     | [163541] 📥 NHẬN YÊU CẦU QUÉT KHUÔN MẶT MỚI
2026-05-26 00:29:23,542 | INFO     | [163541] Đã xử lý ảnh thành công. Kích thước tensor: (1, 48, 48, 1)
2026-05-26 00:29:23,597 | INFO     | [163541] ⏱️ Model inference: 54.99 ms
2026-05-26 00:29:23,598 | INFO     | [163541] 📊 Chi tiết dự đoán: {'ANGRY': 5.73, 'DISGUST': 0.2, 'FEAR': 11.44, 'HAPPY': 21.65, 'NEUTRAL': 19.05, 'SAD': 39.89, 'SURPRISE': 2.04}
2026-05-26 00:29:23,598 | INFO     | [163541] 🎯 KẾT QUẢ CHỐT: SAD (39.89%)
2026-05-26 00:29:23,598 | INFO     | [163541] ⏱️ Thời gian phản hồi: 57.14 ms
2026-05-26 00:29:23,962 | INFO     | [163962] ------------------------------------------
2026-05-26 00:29:23,962 | INFO     | [163962] 📥 NHẬN YÊU CẦU QUÉT KHUÔN MẶT MỚI
2026-05-26 00:29:23,963 | INFO     | [163962] Đã xử lý ảnh thành công. Kích thước tensor: (1, 48, 48, 1)
2026-05-26 00:29:24,025 | INFO     | [164025] ------------------------------------------
2026-05-26 00:29:24,027 | INFO     | [164025] 📥 NHẬN YÊU CẦU QUÉT KHUÔN MẶT MỚI
2026-05-26 00:29:24,027 | INFO     | [164025] Đã xử lý ảnh thành công. Kích thước tensor: (1, 48, 48, 1)
2026-05-26 00:29:24,039 | INFO     | [163962] ⏱️ Model inference: 76.28 ms
2026-05-26 00:29:24,039 | INFO     | [163962] 📊 Chi tiết dự đoán: {'ANGRY': 9.76, 'DISGUST': 0.28, 'FEAR': 11.02, 'HAPPY': 34.91, 'NEUTRAL': 14.48, 'SAD': 27.74, 'SURPRISE': 1.81}
2026-05-26 00:29:24,040 | INFO     | [163962] 🎯 KẾT QUẢ CHỐT: HAPPY (34.91%)
2026-05-26 00:29:24,040 | INFO     | [163962] ⏱️ Thời gian phản hồi: 77.28 ms
2026-05-26 00:29:24,118 | INFO     | [164025] ⏱️ Model inference: 90.4 ms
2026-05-26 00:29:24,118 | INFO     | [164025] 📊 Chi tiết dự đoán: {'ANGRY': 7.63, 'DISGUST': 0.26, 'FEAR': 15.33, 'HAPPY': 16.1, 'NEUTRAL': 18.74, 'SAD': 39.64, 'SURPRISE': 2.29}
2026-05-26 00:29:24,118 | INFO     | [164025] 🎯 KẾT QUẢ CHỐT: SAD (39.64%)
2026-05-26 00:29:24,119 | INFO     | [164025] ⏱️ Thời gian phản hồi: 93.08 ms
2026-05-26 00:29:24,274 | INFO     | [164273] ------------------------------------------
2026-05-26 00:29:24,274 | INFO     | [164273] 📥 NHẬN YÊU CẦU QUÉT KHUÔN MẶT MỚI
2026-05-26 00:29:24,274 | INFO     | [164273] Đã xử lý ảnh thành công. Kích thước tensor: (1, 48, 48, 1)
2026-05-26 00:29:24,351 | INFO     | [164273] ⏱️ Model inference: 76.06 ms
2026-05-26 00:29:24,351 | INFO     | [164273] 📊 Chi tiết dự đoán: {'ANGRY': 8.12, 'DISGUST': 0.32, 'FEAR': 13.43, 'HAPPY': 20.17, 'NEUTRAL': 15.9, 'SAD': 40.0, 'SURPRISE': 2.07}
2026-05-26 00:29:24,352 | INFO     | [164273] 🎯 KẾT QUẢ CHỐT: SAD (40.00%)
2026-05-26 00:29:24,352 | INFO     | [164273] ⏱️ Thời gian phản hồi: 78.54 ms
2026-05-26 00:29:24,536 | INFO     | [164536] ------------------------------------------
2026-05-26 00:29:24,536 | INFO     | [164536] 📥 NHẬN YÊU CẦU QUÉT KHUÔN MẶT MỚI
2026-05-26 00:29:24,537 | INFO     | [164536] Đã xử lý ảnh thành công. Kích thước tensor: (1, 48, 48, 1)
2026-05-26 00:29:24,623 | INFO     | [164536] ⏱️ Model inference: 86.29 ms
2026-05-26 00:29:24,624 | INFO     | [164536] 📊 Chi tiết dự đoán: {'ANGRY': 7.88, 'DISGUST': 0.29, 'FEAR': 12.94, 'HAPPY': 22.33, 'NEUTRAL': 15.3, 'SAD': 38.7, 'SURPRISE': 2.56}
2026-05-26 00:29:24,624 | INFO     | [164536] 🎯 KẾT QUẢ CHỐT: SAD (38.70%)
2026-05-26 00:29:24,624 | INFO     | [164536] ⏱️ Thời gian phản hồi: 87.82 ms
2026-05-26 00:29:24,988 | INFO     | [164988] ------------------------------------------
2026-05-26 00:29:24,988 | INFO     | [164988] 📥 NHẬN YÊU CẦU QUÉT KHUÔN MẶT MỚI
2026-05-26 00:29:24,989 | INFO     | [164988] Đã xử lý ảnh thành công. Kích thước tensor: (1, 48, 48, 1)
2026-05-26 00:29:25,035 | INFO     | [165034] ------------------------------------------
2026-05-26 00:29:25,035 | INFO     | [165034] 📥 NHẬN YÊU CẦU QUÉT KHUÔN MẶT MỚI
2026-05-26 00:29:25,036 | INFO     | [165034] Đã xử lý ảnh thành công. Kích thước tensor: (1, 48, 48, 1)
2026-05-26 00:29:25,061 | INFO     | [164988] ⏱️ Model inference: 71.79 ms
2026-05-26 00:29:25,062 | INFO     | [164988] 📊 Chi tiết dự đoán: {'ANGRY': 6.97, 'DISGUST': 0.3, 'FEAR': 14.38, 'HAPPY': 17.17, 'NEUTRAL': 16.51, 'SAD': 42.11, 'SURPRISE': 2.55}
2026-05-26 00:29:25,063 | INFO     | [164988] 🎯 KẾT QUẢ CHỐT: SAD (42.11%)
2026-05-26 00:29:25,064 | INFO     | [164988] ⏱️ Thời gian phản hồi: 74.0 ms
2026-05-26 00:29:25,109 | INFO     | [165034] ⏱️ Model inference: 72.56 ms
2026-05-26 00:29:25,109 | INFO     | [165034] 📊 Chi tiết dự đoán: {'ANGRY': 6.66, 'DISGUST': 0.27, 'FEAR': 13.4, 'HAPPY': 16.81, 'NEUTRAL': 17.75, 'SAD': 42.65, 'SURPRISE': 2.47}
2026-05-26 00:29:25,110 | INFO     | [165034] 🎯 KẾT QUẢ CHỐT: SAD (42.65%)
2026-05-26 00:29:25,110 | INFO     | [165034] ⏱️ Thời gian phản hồi: 75.12 ms
2026-05-26 00:29:25,485 | INFO     | [165485] ------------------------------------------
2026-05-26 00:29:25,485 | INFO     | [165485] 📥 NHẬN YÊU CẦU QUÉT KHUÔN MẶT MỚI
2026-05-26 00:29:25,486 | INFO     | [165485] Đã xử lý ảnh thành công. Kích thước tensor: (1, 48, 48, 1)
2026-05-26 00:29:25,532 | INFO     | [165532] ------------------------------------------
2026-05-26 00:29:25,532 | INFO     | [165532] 📥 NHẬN YÊU CẦU QUÉT KHUÔN MẶT MỚI
2026-05-26 00:29:25,534 | INFO     | [165532] Đã xử lý ảnh thành công. Kích thước tensor: (1, 48, 48, 1)
2026-05-26 00:29:25,559 | INFO     | [165485] ⏱️ Model inference: 72.39 ms
2026-05-26 00:29:25,560 | INFO     | [165485] 📊 Chi tiết dự đoán: {'ANGRY': 6.84, 'DISGUST': 0.27, 'FEAR': 14.08, 'HAPPY': 17.16, 'NEUTRAL': 17.27, 'SAD': 41.96, 'SURPRISE': 2.42}
2026-05-26 00:29:25,560 | INFO     | [165485] 🎯 KẾT QUẢ CHỐT: SAD (41.96%)
2026-05-26 00:29:25,560 | INFO     | [165485] ⏱️ Thời gian phản hồi: 74.77 ms
2026-05-26 00:29:25,601 | INFO     | [165532] ⏱️ Model inference: 67.9 ms
2026-05-26 00:29:25,601 | INFO     | [165532] 📊 Chi tiết dự đoán: {'ANGRY': 6.17, 'DISGUST': 0.22, 'FEAR': 15.75, 'HAPPY': 18.23, 'NEUTRAL': 16.87, 'SAD': 39.75, 'SURPRISE': 3.01}
2026-05-26 00:29:25,602 | INFO     | [165532] 🎯 KẾT QUẢ CHỐT: SAD (39.75%)
2026-05-26 00:29:25,602 | INFO     | [165532] ⏱️ Thời gian phản hồi: 68.91 ms
2026-05-26 00:29:25,905 | INFO     | [165905] ------------------------------------------
2026-05-26 00:29:25,906 | INFO     | [165905] 📥 NHẬN YÊU CẦU QUÉT KHUÔN MẶT MỚI
2026-05-26 00:29:25,906 | INFO     | [165905] Đã xử lý ảnh thành công. Kích thước tensor: (1, 48, 48, 1)
2026-05-26 00:29:25,962 | INFO     | [165905] ⏱️ Model inference: 55.46 ms
2026-05-26 00:29:25,962 | INFO     | [165905] 📊 Chi tiết dự đoán: {'ANGRY': 5.31, 'DISGUST': 0.19, 'FEAR': 16.25, 'HAPPY': 13.7, 'NEUTRAL': 17.06, 'SAD': 44.93, 'SURPRISE': 2.57}
2026-05-26 00:29:25,963 | INFO     | [165905] 🎯 KẾT QUẢ CHỐT: SAD (44.93%)
2026-05-26 00:29:25,963 | INFO     | [165905] ⏱️ Thời gian phản hồi: 56.53 ms
2026-05-26 00:29:26,497 | INFO     | [166497] ------------------------------------------
2026-05-26 00:29:26,498 | INFO     | [166497] 📥 NHẬN YÊU CẦU QUÉT KHUÔN MẶT MỚI
2026-05-26 00:29:26,498 | INFO     | [166498] ------------------------------------------
2026-05-26 00:29:26,498 | INFO     | [166498] 📥 NHẬN YÊU CẦU QUÉT KHUÔN MẶT MỚI
2026-05-26 00:29:26,499 | INFO     | [166497] Đã xử lý ảnh thành công. Kích thước tensor: (1, 48, 48, 1)
2026-05-26 00:29:26,501 | INFO     | [166498] Đã xử lý ảnh thành công. Kích thước tensor: (1, 48, 48, 1)
2026-05-26 00:29:26,530 | INFO     | [166530] ------------------------------------------
2026-05-26 00:29:26,535 | INFO     | [166530] 📥 NHẬN YÊU CẦU QUÉT KHUÔN MẶT MỚI
2026-05-26 00:29:26,540 | INFO     | [166530] Đã xử lý ảnh thành công. Kích thước tensor: (1, 48, 48, 1)
2026-05-26 00:29:26,604 | INFO     | [166498] ⏱️ Model inference: 102.23 ms
2026-05-26 00:29:26,606 | INFO     | [166498] 📊 Chi tiết dự đoán: {'ANGRY': 5.41, 'DISGUST': 0.23, 'FEAR': 15.55, 'HAPPY': 16.75, 'NEUTRAL': 15.52, 'SAD': 43.78, 'SURPRISE': 2.74}
2026-05-26 00:29:26,606 | INFO     | [166498] 🎯 KẾT QUẢ CHỐT: SAD (43.78%)
2026-05-26 00:29:26,606 | INFO     | [166498] ⏱️ Thời gian phản hồi: 107.41 ms
2026-05-26 00:29:26,619 | INFO     | [166497] ⏱️ Model inference: 119.9 ms
2026-05-26 00:29:26,619 | INFO     | [166497] 📊 Chi tiết dự đoán: {'ANGRY': 5.13, 'DISGUST': 0.2, 'FEAR': 15.3, 'HAPPY': 17.58, 'NEUTRAL': 16.89, 'SAD': 42.17, 'SURPRISE': 2.74}
2026-05-26 00:29:26,621 | INFO     | [166497] 🎯 KẾT QUẢ CHỐT: SAD (42.17%)
2026-05-26 00:29:26,621 | INFO     | [166497] ⏱️ Thời gian phản hồi: 122.01 ms
2026-05-26 00:29:26,630 | INFO     | [166530] ⏱️ Model inference: 88.9 ms
2026-05-26 00:29:26,630 | INFO     | [166530] 📊 Chi tiết dự đoán: {'ANGRY': 5.43, 'DISGUST': 0.2, 'FEAR': 15.07, 'HAPPY': 19.48, 'NEUTRAL': 16.06, 'SAD': 40.87, 'SURPRISE': 2.89}
2026-05-26 00:29:26,630 | INFO     | [166530] 🎯 KẾT QUẢ CHỐT: SAD (40.87%)
2026-05-26 00:29:26,630 | INFO     | [166530] ⏱️ Thời gian phản hồi: 100.02 ms
2026-05-26 00:29:26,984 | INFO     | [166984] ------------------------------------------
2026-05-26 00:29:26,984 | INFO     | [166984] 📥 NHẬN YÊU CẦU QUÉT KHUÔN MẶT MỚI
2026-05-26 00:29:26,984 | INFO     | [166984] Đã xử lý ảnh thành công. Kích thước tensor: (1, 48, 48, 1)
2026-05-26 00:29:27,031 | INFO     | [167031] ------------------------------------------
2026-05-26 00:29:27,031 | INFO     | [167031] 📥 NHẬN YÊU CẦU QUÉT KHUÔN MẶT MỚI
2026-05-26 00:29:27,032 | INFO     | [167031] Đã xử lý ảnh thành công. Kích thước tensor: (1, 48, 48, 1)
2026-05-26 00:29:27,056 | INFO     | [166984] ⏱️ Model inference: 69.78 ms
2026-05-26 00:29:27,057 | INFO     | [166984] 📊 Chi tiết dự đoán: {'ANGRY': 6.22, 'DISGUST': 0.2, 'FEAR': 17.74, 'HAPPY': 16.02, 'NEUTRAL': 16.63, 'SAD': 40.16, 'SURPRISE': 3.02}
2026-05-26 00:29:27,057 | INFO     | [166984] 🎯 KẾT QUẢ CHỐT: SAD (40.16%)
2026-05-26 00:29:27,057 | INFO     | [166984] ⏱️ Thời gian phản hồi: 72.81 ms
2026-05-26 00:29:27,103 | INFO     | [167031] ⏱️ Model inference: 70.73 ms
2026-05-26 00:29:27,103 | INFO     | [167031] 📊 Chi tiết dự đoán: {'ANGRY': 6.85, 'DISGUST': 0.2, 'FEAR': 15.65, 'HAPPY': 16.42, 'NEUTRAL': 17.1, 'SAD': 41.01, 'SURPRISE': 2.77}
2026-05-26 00:29:27,103 | INFO     | [167031] 🎯 KẾT QUẢ CHỐT: SAD (41.01%)
2026-05-26 00:29:27,103 | INFO     | [167031] ⏱️ Thời gian phản hồi: 71.73 ms
2026-05-26 00:29:27,495 | INFO     | [167495] ------------------------------------------
2026-05-26 00:29:27,495 | INFO     | [167495] 📥 NHẬN YÊU CẦU QUÉT KHUÔN MẶT MỚI
2026-05-26 00:29:27,497 | INFO     | [167495] Đã xử lý ảnh thành công. Kích thước tensor: (1, 48, 48, 1)
2026-05-26 00:29:27,527 | INFO     | [167527] ------------------------------------------
2026-05-26 00:29:27,528 | INFO     | [167527] 📥 NHẬN YÊU CẦU QUÉT KHUÔN MẶT MỚI
2026-05-26 00:29:27,528 | INFO     | [167527] Đã xử lý ảnh thành công. Kích thước tensor: (1, 48, 48, 1)
2026-05-26 00:29:27,568 | INFO     | [167495] ⏱️ Model inference: 71.31 ms
2026-05-26 00:29:27,568 | INFO     | [167495] 📊 Chi tiết dự đoán: {'ANGRY': 6.02, 'DISGUST': 0.13, 'FEAR': 15.43, 'HAPPY': 17.54, 'NEUTRAL': 18.63, 'SAD': 40.03, 'SURPRISE': 2.22}
2026-05-26 00:29:27,568 | INFO     | [167495] 🎯 KẾT QUẢ CHỐT: SAD (40.03%)
2026-05-26 00:29:27,568 | INFO     | [167495] ⏱️ Thời gian phản hồi: 72.81 ms
2026-05-26 00:29:27,592 | INFO     | [167527] ⏱️ Model inference: 62.68 ms
2026-05-26 00:29:27,592 | INFO     | [167527] 📊 Chi tiết dự đoán: {'ANGRY': 6.44, 'DISGUST': 0.18, 'FEAR': 15.54, 'HAPPY': 15.18, 'NEUTRAL': 19.33, 'SAD': 41.08, 'SURPRISE': 2.25}
2026-05-26 00:29:27,592 | INFO     | [167527] 🎯 KẾT QUẢ CHỐT: SAD (41.08%)
2026-05-26 00:29:27,592 | INFO     | [167527] ⏱️ Thời gian phản hồi: 65.41 ms
2026-05-26 00:29:28,307 | INFO     | [168307] ------------------------------------------
2026-05-26 00:29:28,307 | INFO     | [168307] 📥 NHẬN YÊU CẦU QUÉT KHUÔN MẶT MỚI
2026-05-26 00:29:28,308 | INFO     | [168308] ------------------------------------------
2026-05-26 00:29:28,308 | INFO     | [168308] 📥 NHẬN YÊU CẦU QUÉT KHUÔN MẶT MỚI
2026-05-26 00:29:28,309 | INFO     | [168309] ------------------------------------------
2026-05-26 00:29:28,309 | INFO     | [168309] 📥 NHẬN YÊU CẦU QUÉT KHUÔN MẶT MỚI
2026-05-26 00:29:28,310 | INFO     | [168307] Đã xử lý ảnh thành công. Kích thước tensor: (1, 48, 48, 1)
2026-05-26 00:29:28,311 | INFO     | [168308] Đã xử lý ảnh thành công. Kích thước tensor: (1, 48, 48, 1)
2026-05-26 00:29:28,317 | INFO     | [168309] Đã xử lý ảnh thành công. Kích thước tensor: (1, 48, 48, 1)
2026-05-26 00:29:28,427 | INFO     | [168307] ⏱️ Model inference: 116.78 ms
2026-05-26 00:29:28,428 | INFO     | [168307] 📊 Chi tiết dự đoán: {'ANGRY': 5.77, 'DISGUST': 0.16, 'FEAR': 14.29, 'HAPPY': 17.57, 'NEUTRAL': 20.77, 'SAD': 39.08, 'SURPRISE': 2.36}
2026-05-26 00:29:28,428 | INFO     | [168307] 🎯 KẾT QUẢ CHỐT: SAD (39.08%)
2026-05-26 00:29:28,428 | INFO     | [168307] ⏱️ Thời gian phản hồi: 120.13 ms
2026-05-26 00:29:28,436 | INFO     | [168308] ⏱️ Model inference: 123.55 ms
2026-05-26 00:29:28,437 | INFO     | [168308] 📊 Chi tiết dự đoán: {'ANGRY': 7.68, 'DISGUST': 0.19, 'FEAR': 14.84, 'HAPPY': 18.96, 'NEUTRAL': 18.88, 'SAD': 37.25, 'SURPRISE': 2.2}
2026-05-26 00:29:28,437 | INFO     | [168308] 🎯 KẾT QUẢ CHỐT: SAD (37.25%)
2026-05-26 00:29:28,437 | INFO     | [168308] ⏱️ Thời gian phản hồi: 129.0 ms
2026-05-26 00:29:28,439 | INFO     | [168309] ⏱️ Model inference: 119.49 ms
2026-05-26 00:29:28,439 | INFO     | [168309] 📊 Chi tiết dự đoán: {'ANGRY': 7.65, 'DISGUST': 0.19, 'FEAR': 15.62, 'HAPPY': 20.52, 'NEUTRAL': 17.25, 'SAD': 36.25, 'SURPRISE': 2.51}
2026-05-26 00:29:28,439 | INFO     | [168309] 🎯 KẾT QUẢ CHỐT: SAD (36.25%)
2026-05-26 00:29:28,439 | INFO     | [168309] ⏱️ Thời gian phản hồi: 129.93 ms
2026-05-26 00:29:28,522 | INFO     | [168522] ------------------------------------------
2026-05-26 00:29:28,524 | INFO     | [168522] 📥 NHẬN YÊU CẦU QUÉT KHUÔN MẶT MỚI
2026-05-26 00:29:28,524 | INFO     | [168522] Đã xử lý ảnh thành công. Kích thước tensor: (1, 48, 48, 1)
2026-05-26 00:29:28,607 | INFO     | [168522] ⏱️ Model inference: 82.16 ms
2026-05-26 00:29:28,607 | INFO     | [168522] 📊 Chi tiết dự đoán: {'ANGRY': 6.76, 'DISGUST': 0.16, 'FEAR': 14.96, 'HAPPY': 17.91, 'NEUTRAL': 21.04, 'SAD': 36.69, 'SURPRISE': 2.48}
2026-05-26 00:29:28,607 | INFO     | [168522] 🎯 KẾT QUẢ CHỐT: SAD (36.69%)
2026-05-26 00:29:28,607 | INFO     | [168522] ⏱️ Thời gian phản hồi: 84.84 ms
2026-05-26 00:29:28,990 | INFO     | [168990] ------------------------------------------
2026-05-26 00:29:28,990 | INFO     | [168990] 📥 NHẬN YÊU CẦU QUÉT KHUÔN MẶT MỚI
2026-05-26 00:29:28,991 | INFO     | [168990] Đã xử lý ảnh thành công. Kích thước tensor: (1, 48, 48, 1)
2026-05-26 00:29:29,037 | INFO     | [169037] ------------------------------------------
2026-05-26 00:29:29,037 | INFO     | [169037] 📥 NHẬN YÊU CẦU QUÉT KHUÔN MẶT MỚI
2026-05-26 00:29:29,037 | INFO     | [169037] Đã xử lý ảnh thành công. Kích thước tensor: (1, 48, 48, 1)
2026-05-26 00:29:29,061 | INFO     | [168990] ⏱️ Model inference: 70.22 ms
2026-05-26 00:29:29,062 | INFO     | [168990] 📊 Chi tiết dự đoán: {'ANGRY': 6.07, 'DISGUST': 0.19, 'FEAR': 13.21, 'HAPPY': 18.17, 'NEUTRAL': 18.33, 'SAD': 41.74, 'SURPRISE': 2.29}
2026-05-26 00:29:29,063 | INFO     | [168990] 🎯 KẾT QUẢ CHỐT: SAD (41.74%)
2026-05-26 00:29:29,064 | INFO     | [168990] ⏱️ Thời gian phản hồi: 72.69 ms
2026-05-26 00:29:29,117 | INFO     | [169037] ⏱️ Model inference: 78.41 ms
2026-05-26 00:29:29,117 | INFO     | [169037] 📊 Chi tiết dự đoán: {'ANGRY': 6.06, 'DISGUST': 0.21, 'FEAR': 14.43, 'HAPPY': 12.12, 'NEUTRAL': 26.24, 'SAD': 37.92, 'SURPRISE': 3.03}
2026-05-26 00:29:29,117 | INFO     | [169037] 🎯 KẾT QUẢ CHỐT: SAD (37.92%)
2026-05-26 00:29:29,118 | INFO     | [169037] ⏱️ Thời gian phản hồi: 79.93 ms
2026-05-26 00:29:29,486 | INFO     | [169486] ------------------------------------------
2026-05-26 00:29:29,486 | INFO     | [169486] 📥 NHẬN YÊU CẦU QUÉT KHUÔN MẶT MỚI
2026-05-26 00:29:29,488 | INFO     | [169486] Đã xử lý ảnh thành công. Kích thước tensor: (1, 48, 48, 1)
2026-05-26 00:29:29,533 | INFO     | [169533] ------------------------------------------
2026-05-26 00:29:29,533 | INFO     | [169533] 📥 NHẬN YÊU CẦU QUÉT KHUÔN MẶT MỚI
2026-05-26 00:29:29,535 | INFO     | [169533] Đã xử lý ảnh thành công. Kích thước tensor: (1, 48, 48, 1)
2026-05-26 00:29:29,553 | INFO     | [169486] ⏱️ Model inference: 65.67 ms
2026-05-26 00:29:29,554 | INFO     | [169486] 📊 Chi tiết dự đoán: {'ANGRY': 3.76, 'DISGUST': 0.09, 'FEAR': 12.03, 'HAPPY': 11.79, 'NEUTRAL': 34.95, 'SAD': 34.85, 'SURPRISE': 2.53}
2026-05-26 00:29:29,556 | INFO     | [169486] 🎯 KẾT QUẢ CHỐT: NEUTRAL (34.95%)
2026-05-26 00:29:29,557 | INFO     | [169486] ⏱️ Thời gian phản hồi: 68.01 ms
2026-05-26 00:29:29,601 | INFO     | [169533] ⏱️ Model inference: 66.22 ms
2026-05-26 00:29:29,602 | INFO     | [169533] 📊 Chi tiết dự đoán: {'ANGRY': 5.61, 'DISGUST': 0.13, 'FEAR': 9.97, 'HAPPY': 14.17, 'NEUTRAL': 33.01, 'SAD': 35.72, 'SURPRISE': 1.39}
2026-05-26 00:29:29,602 | INFO     | [169533] 🎯 KẾT QUẢ CHỐT: SAD (35.72%)
2026-05-26 00:29:29,602 | INFO     | [169533] ⏱️ Thời gian phản hồi: 69.0 ms
2026-05-26 00:29:30,487 | INFO     | [170487] ------------------------------------------
2026-05-26 00:29:30,487 | INFO     | [170487] 📥 NHẬN YÊU CẦU QUÉT KHUÔN MẶT MỚI
2026-05-26 00:29:30,488 | INFO     | [170488] ------------------------------------------
2026-05-26 00:29:30,488 | INFO     | [170488] 📥 NHẬN YÊU CẦU QUÉT KHUÔN MẶT MỚI
2026-05-26 00:29:30,489 | INFO     | [170489] ------------------------------------------
2026-05-26 00:29:30,489 | INFO     | [170489] 📥 NHẬN YÊU CẦU QUÉT KHUÔN MẶT MỚI
2026-05-26 00:29:30,489 | INFO     | [170487] Đã xử lý ảnh thành công. Kích thước tensor: (1, 48, 48, 1)
2026-05-26 00:29:30,491 | INFO     | [170488] Đã xử lý ảnh thành công. Kích thước tensor: (1, 48, 48, 1)
2026-05-26 00:29:30,497 | INFO     | [170489] Đã xử lý ảnh thành công. Kích thước tensor: (1, 48, 48, 1)
2026-05-26 00:29:30,623 | INFO     | [170488] ⏱️ Model inference: 130.94 ms
2026-05-26 00:29:30,625 | INFO     | [170488] 📊 Chi tiết dự đoán: {'ANGRY': 5.25, 'DISGUST': 0.24, 'FEAR': 29.05, 'HAPPY': 12.13, 'NEUTRAL': 21.25, 'SAD': 28.55, 'SURPRISE': 3.53}
2026-05-26 00:29:30,625 | INFO     | [170488] 🎯 KẾT QUẢ CHỐT: FEAR (29.05%)
2026-05-26 00:29:30,625 | INFO     | [170488] ⏱️ Thời gian phản hồi: 136.16 ms
2026-05-26 00:29:30,627 | INFO     | [170487] ⏱️ Model inference: 136.65 ms
2026-05-26 00:29:30,627 | INFO     | [170487] 📊 Chi tiết dự đoán: {'ANGRY': 17.82, 'DISGUST': 0.51, 'FEAR': 28.54, 'HAPPY': 18.08, 'NEUTRAL': 9.91, 'SAD': 21.03, 'SURPRISE': 4.11}
2026-05-26 00:29:30,627 | INFO     | [170487] 🎯 KẾT QUẢ CHỐT: FEAR (28.54%)
2026-05-26 00:29:30,627 | INFO     | [170487] ⏱️ Thời gian phản hồi: 140.02 ms
2026-05-26 00:29:30,634 | INFO     | [170489] ⏱️ Model inference: 136.0 ms
2026-05-26 00:29:30,634 | INFO     | [170489] 📊 Chi tiết dự đoán: {'ANGRY': 5.46, 'DISGUST': 0.24, 'FEAR': 11.84, 'HAPPY': 33.3, 'NEUTRAL': 17.77, 'SAD': 29.98, 'SURPRISE': 1.4}
2026-05-26 00:29:30,635 | INFO     | [170489] 🎯 KẾT QUẢ CHỐT: HAPPY (33.30%)
2026-05-26 00:29:30,635 | INFO     | [170489] ⏱️ Thời gian phản hồi: 144.34 ms
2026-05-26 00:29:30,643 | INFO     | [170643] ------------------------------------------
2026-05-26 00:29:30,644 | INFO     | [170643] 📥 NHẬN YÊU CẦU QUÉT KHUÔN MẶT MỚI
2026-05-26 00:29:30,644 | INFO     | [170643] Đã xử lý ảnh thành công. Kích thước tensor: (1, 48, 48, 1)
2026-05-26 00:29:30,708 | INFO     | [170643] ⏱️ Model inference: 63.83 ms
2026-05-26 00:29:30,709 | INFO     | [170643] 📊 Chi tiết dự đoán: {'ANGRY': 13.32, 'DISGUST': 0.5, 'FEAR': 29.44, 'HAPPY': 23.95, 'NEUTRAL': 8.86, 'SAD': 22.87, 'SURPRISE': 1.06}
2026-05-26 00:29:30,709 | INFO     | [170643] 🎯 KẾT QUẢ CHỐT: FEAR (29.44%)
2026-05-26 00:29:30,709 | INFO     | [170643] ⏱️ Thời gian phản hồi: 65.39 ms
2026-05-26 00:29:30,997 | INFO     | [170997] ------------------------------------------
2026-05-26 00:29:30,997 | INFO     | [170997] 📥 NHẬN YÊU CẦU QUÉT KHUÔN MẶT MỚI
2026-05-26 00:29:30,998 | INFO     | [170997] Đã xử lý ảnh thành công. Kích thước tensor: (1, 48, 48, 1)
2026-05-26 00:29:31,031 | INFO     | [171031] ------------------------------------------
2026-05-26 00:29:31,031 | INFO     | [171031] 📥 NHẬN YÊU CẦU QUÉT KHUÔN MẶT MỚI
2026-05-26 00:29:31,033 | INFO     | [171031] Đã xử lý ảnh thành công. Kích thước tensor: (1, 48, 48, 1)
2026-05-26 00:29:31,090 | INFO     | [170997] ⏱️ Model inference: 91.86 ms
2026-05-26 00:29:31,091 | INFO     | [170997] 📊 Chi tiết dự đoán: {'ANGRY': 11.89, 'DISGUST': 0.48, 'FEAR': 18.64, 'HAPPY': 44.82, 'NEUTRAL': 6.52, 'SAD': 16.02, 'SURPRISE': 1.63}
2026-05-26 00:29:31,091 | INFO     | [170997] 🎯 KẾT QUẢ CHỐT: HAPPY (44.82%)
2026-05-26 00:29:31,091 | INFO     | [170997] ⏱️ Thời gian phản hồi: 94.03 ms
2026-05-26 00:29:31,116 | INFO     | [171031] ⏱️ Model inference: 81.8 ms
2026-05-26 00:29:31,116 | INFO     | [171031] 📊 Chi tiết dự đoán: {'ANGRY': 7.91, 'DISGUST': 0.3, 'FEAR': 30.19, 'HAPPY': 24.78, 'NEUTRAL': 9.15, 'SAD': 25.05, 'SURPRISE': 2.62}
2026-05-26 00:29:31,116 | INFO     | [171031] 🎯 KẾT QUẢ CHỐT: FEAR (30.19%)
2026-05-26 00:29:31,117 | INFO     | [171031] ⏱️ Thời gian phản hồi: 85.24 ms
2026-05-26 00:29:31,496 | INFO     | [171496] ------------------------------------------
2026-05-26 00:29:31,498 | INFO     | [171496] 📥 NHẬN YÊU CẦU QUÉT KHUÔN MẶT MỚI
2026-05-26 00:29:31,499 | INFO     | [171496] Đã xử lý ảnh thành công. Kích thước tensor: (1, 48, 48, 1)
2026-05-26 00:29:31,530 | INFO     | [171530] ------------------------------------------
2026-05-26 00:29:31,530 | INFO     | [171530] 📥 NHẬN YÊU CẦU QUÉT KHUÔN MẶT MỚI
2026-05-26 00:29:31,532 | INFO     | [171530] Đã xử lý ảnh thành công. Kích thước tensor: (1, 48, 48, 1)
2026-05-26 00:29:31,590 | INFO     | [171496] ⏱️ Model inference: 91.1 ms
2026-05-26 00:29:31,592 | INFO     | [171496] 📊 Chi tiết dự đoán: {'ANGRY': 16.72, 'DISGUST': 0.17, 'FEAR': 30.31, 'HAPPY': 17.42, 'NEUTRAL': 7.78, 'SAD': 23.19, 'SURPRISE': 4.41}
2026-05-26 00:29:31,592 | INFO     | [171496] 🎯 KẾT QUẢ CHỐT: FEAR (30.31%)
2026-05-26 00:29:31,592 | INFO     | [171496] ⏱️ Thời gian phản hồi: 95.45 ms
2026-05-26 00:29:31,615 | INFO     | [171530] ⏱️ Model inference: 81.95 ms
2026-05-26 00:29:31,616 | INFO     | [171530] 📊 Chi tiết dự đoán: {'ANGRY': 20.37, 'DISGUST': 0.08, 'FEAR': 24.95, 'HAPPY': 29.22, 'NEUTRAL': 6.74, 'SAD': 11.3, 'SURPRISE': 7.35}
2026-05-26 00:29:31,616 | INFO     | [171530] 🎯 KẾT QUẢ CHỐT: HAPPY (29.22%)
2026-05-26 00:29:31,616 | INFO     | [171530] ⏱️ Thời gian phản hồi: 86.41 ms
2026-05-26 00:29:31,731 | INFO     | [BATCH-171731] ==========================================
2026-05-26 00:29:31,731 | INFO     | [BATCH-171731] 🎞️ NHẬN CHUỖI 5 KHUNG HÌNH (BATCH)
2026-05-26 00:29:32,194 | INFO     | [BATCH-171731] ⏱️ Batch inference elapsed: 460.54 ms (5 frames)
2026-05-26 00:29:32,194 | INFO     | [BATCH-171731] ↳ Frame 1/5: FEAR (29.4%)
2026-05-26 00:29:32,194 | INFO     | [BATCH-171731] ↳ Frame 2/5: HAPPY (44.8%)
2026-05-26 00:29:32,194 | INFO     | [BATCH-171731] ↳ Frame 3/5: FEAR (30.2%)
2026-05-26 00:29:32,194 | INFO     | [BATCH-171731] ↳ Frame 4/5: FEAR (30.3%)
2026-05-26 00:29:32,196 | INFO     | [BATCH-171731] ↳ Frame 5/5: HAPPY (29.2%)
2026-05-26 00:29:32,196 | WARNING  | [BATCH-171731] 🚨 BÁO ĐỘNG: Phát hiện cảm xúc tiêu cực chiếm 60.0% thời lượng!
2026-05-26 00:29:32,196 | INFO     | [BATCH-171731] 🎯 KẾT QUẢ CHUỖI: FEAR (Tần suất: {'FEAR': 3, 'HAPPY': 2})
2026-05-26 00:29:32,196 | INFO     | [BATCH-171731] ⏱️ Tổng thời gian xử lý: 464.86 ms
2026-05-26 00:47:57,584 | INFO     | [277583] ------------------------------------------
2026-05-26 00:47:57,588 | INFO     | [277583] 📥 NHẬN YÊU CẦU QUÉT KHUÔN MẶT MỚI
2026-05-26 00:47:57,636 | INFO     | [277583] Đã xử lý ảnh thành công. Kích thước tensor: (1, 48, 48, 1)
2026-05-26 00:47:58,192 | INFO     | [278192] ------------------------------------------
2026-05-26 00:47:58,194 | INFO     | [278192] 📥 NHẬN YÊU CẦU QUÉT KHUÔN MẶT MỚI
2026-05-26 00:47:58,204 | INFO     | [278204] ------------------------------------------
2026-05-26 00:47:58,205 | INFO     | [278204] 📥 NHẬN YÊU CẦU QUÉT KHUÔN MẶT MỚI
2026-05-26 00:47:58,207 | INFO     | [278192] Đã xử lý ảnh thành công. Kích thước tensor: (1, 48, 48, 1)
2026-05-26 00:47:58,211 | INFO     | [278204] Đã xử lý ảnh thành công. Kích thước tensor: (1, 48, 48, 1)
2026-05-26 00:47:58,385 | INFO     | [277583] ⏱️ Model inference: 748.92 ms
2026-05-26 00:47:58,392 | INFO     | [277583] 📊 Chi tiết dự đoán: {'ANGRY': 5.25, 'DISGUST': 0.19, 'FEAR': 7.2, 'HAPPY': 36.59, 'NEUTRAL': 19.41, 'SAD': 28.72, 'SURPRISE': 2.64}
2026-05-26 00:47:58,392 | INFO     | [277583] 🎯 KẾT QUẢ CHỐT: HAPPY (36.59%)
2026-05-26 00:47:58,392 | INFO     | [277583] ⏱️ Thời gian phản hồi: 808.79 ms
2026-05-26 00:47:58,397 | INFO     | [278204] ⏱️ Model inference: 182.93 ms
2026-05-26 00:47:58,397 | INFO     | [278204] 📊 Chi tiết dự đoán: {'ANGRY': 5.15, 'DISGUST': 0.16, 'FEAR': 7.6, 'HAPPY': 36.47, 'NEUTRAL': 17.99, 'SAD': 30.29, 'SURPRISE': 2.33}
2026-05-26 00:47:58,397 | INFO     | [278204] 🎯 KẾT QUẢ CHỐT: HAPPY (36.47%)
2026-05-26 00:47:58,397 | INFO     | [278204] ⏱️ Thời gian phản hồi: 193.46 ms
2026-05-26 00:47:58,398 | INFO     | [278192] ⏱️ Model inference: 191.63 ms
2026-05-26 00:47:58,398 | INFO     | [278192] 📊 Chi tiết dự đoán: {'ANGRY': 5.59, 'DISGUST': 0.18, 'FEAR': 8.31, 'HAPPY': 33.3, 'NEUTRAL': 17.25, 'SAD': 32.94, 'SURPRISE': 2.42}
2026-05-26 00:47:58,400 | INFO     | [278192] 🎯 KẾT QUẢ CHỐT: HAPPY (33.30%)
2026-05-26 00:47:58,400 | INFO     | [278192] ⏱️ Thời gian phản hồi: 206.17 ms
2026-05-26 00:47:58,419 | INFO     | [278419] ------------------------------------------
2026-05-26 00:47:58,419 | INFO     | [278419] 📥 NHẬN YÊU CẦU QUÉT KHUÔN MẶT MỚI
2026-05-26 00:47:58,420 | INFO     | [278419] Đã xử lý ảnh thành công. Kích thước tensor: (1, 48, 48, 1)
2026-05-26 00:47:58,491 | INFO     | [278419] ⏱️ Model inference: 70.74 ms
2026-05-26 00:47:58,492 | INFO     | [278419] 📊 Chi tiết dự đoán: {'ANGRY': 6.4, 'DISGUST': 0.2, 'FEAR': 7.98, 'HAPPY': 40.11, 'NEUTRAL': 15.23, 'SAD': 27.38, 'SURPRISE': 2.7}
2026-05-26 00:47:58,492 | INFO     | [278419] 🎯 KẾT QUẢ CHỐT: HAPPY (40.11%)
2026-05-26 00:47:58,492 | INFO     | [278419] ⏱️ Thời gian phản hồi: 72.74 ms
2026-05-26 00:47:59,151 | INFO     | [279151] ------------------------------------------
2026-05-26 00:47:59,151 | INFO     | [279151] 📥 NHẬN YÊU CẦU QUÉT KHUÔN MẶT MỚI
2026-05-26 00:47:59,154 | INFO     | [279154] ------------------------------------------
2026-05-26 00:47:59,154 | INFO     | [279154] 📥 NHẬN YÊU CẦU QUÉT KHUÔN MẶT MỚI
2026-05-26 00:47:59,154 | INFO     | [279154] ------------------------------------------
2026-05-26 00:47:59,154 | INFO     | [279154] 📥 NHẬN YÊU CẦU QUÉT KHUÔN MẶT MỚI
2026-05-26 00:47:59,156 | INFO     | [279151] Đã xử lý ảnh thành công. Kích thước tensor: (1, 48, 48, 1)
2026-05-26 00:47:59,158 | INFO     | [279154] Đã xử lý ảnh thành công. Kích thước tensor: (1, 48, 48, 1)
2026-05-26 00:47:59,162 | INFO     | [279154] Đã xử lý ảnh thành công. Kích thước tensor: (1, 48, 48, 1)
2026-05-26 00:47:59,287 | INFO     | [279154] ⏱️ Model inference: 127.96 ms
2026-05-26 00:47:59,287 | INFO     | [279154] 📊 Chi tiết dự đoán: {'ANGRY': 5.51, 'DISGUST': 0.26, 'FEAR': 9.13, 'HAPPY': 31.32, 'NEUTRAL': 17.17, 'SAD': 34.05, 'SURPRISE': 2.55}
2026-05-26 00:47:59,288 | INFO     | [279154] 🎯 KẾT QUẢ CHỐT: SAD (34.05%)
2026-05-26 00:47:59,288 | INFO     | [279154] ⏱️ Thời gian phản hồi: 133.17 ms
2026-05-26 00:47:59,292 | INFO     | [279151] ⏱️ Model inference: 135.96 ms
2026-05-26 00:47:59,292 | INFO     | [279151] 📊 Chi tiết dự đoán: {'ANGRY': 5.33, 'DISGUST': 0.23, 'FEAR': 7.28, 'HAPPY': 38.67, 'NEUTRAL': 17.19, 'SAD': 28.99, 'SURPRISE': 2.31}
2026-05-26 00:47:59,292 | INFO     | [279151] 🎯 KẾT QUẢ CHỐT: HAPPY (38.67%)
2026-05-26 00:47:59,292 | INFO     | [279151] ⏱️ Thời gian phản hồi: 140.38 ms
2026-05-26 00:47:59,297 | INFO     | [279154] ⏱️ Model inference: 130.76 ms
2026-05-26 00:47:59,297 | INFO     | [279154] 📊 Chi tiết dự đoán: {'ANGRY': 5.48, 'DISGUST': 0.2, 'FEAR': 8.57, 'HAPPY': 26.53, 'NEUTRAL': 21.63, 'SAD': 35.43, 'SURPRISE': 2.14}
2026-05-26 00:47:59,297 | INFO     | [279154] 🎯 KẾT QUẢ CHỐT: SAD (35.43%)
2026-05-26 00:47:59,297 | INFO     | [279154] ⏱️ Thời gian phản hồi: 142.16 ms
2026-05-26 00:47:59,306 | INFO     | [279306] ------------------------------------------
2026-05-26 00:47:59,307 | INFO     | [279306] 📥 NHẬN YÊU CẦU QUÉT KHUÔN MẶT MỚI
2026-05-26 00:47:59,307 | INFO     | [279306] Đã xử lý ảnh thành công. Kích thước tensor: (1, 48, 48, 1)
2026-05-26 00:47:59,377 | INFO     | [279306] ⏱️ Model inference: 70.36 ms
2026-05-26 00:47:59,377 | INFO     | [279306] 📊 Chi tiết dự đoán: {'ANGRY': 5.95, 'DISGUST': 0.23, 'FEAR': 8.36, 'HAPPY': 35.39, 'NEUTRAL': 18.29, 'SAD': 29.64, 'SURPRISE': 2.14}
2026-05-26 00:47:59,377 | INFO     | [279306] 🎯 KẾT QUẢ CHỐT: HAPPY (35.39%)
2026-05-26 00:47:59,377 | INFO     | [279306] ⏱️ Thời gian phản hồi: 71.37 ms
2026-05-26 00:47:59,494 | INFO     | [279494] ------------------------------------------
2026-05-26 00:47:59,494 | INFO     | [279494] 📥 NHẬN YÊU CẦU QUÉT KHUÔN MẶT MỚI
2026-05-26 00:47:59,495 | INFO     | [279494] Đã xử lý ảnh thành công. Kích thước tensor: (1, 48, 48, 1)
2026-05-26 00:47:59,565 | INFO     | [279494] ⏱️ Model inference: 70.11 ms
2026-05-26 00:47:59,566 | INFO     | [279494] 📊 Chi tiết dự đoán: {'ANGRY': 5.35, 'DISGUST': 0.2, 'FEAR': 7.51, 'HAPPY': 36.75, 'NEUTRAL': 16.98, 'SAD': 30.83, 'SURPRISE': 2.39}
2026-05-26 00:47:59,566 | INFO     | [279494] 🎯 KẾT QUẢ CHỐT: HAPPY (36.75%)
2026-05-26 00:47:59,566 | INFO     | [279494] ⏱️ Thời gian phản hồi: 72.23 ms
2026-05-26 00:48:00,196 | INFO     | [280196] ------------------------------------------
2026-05-26 00:48:00,196 | INFO     | [280196] 📥 NHẬN YÊU CẦU QUÉT KHUÔN MẶT MỚI
2026-05-26 00:48:00,197 | INFO     | [280197] ------------------------------------------
2026-05-26 00:48:00,197 | INFO     | [280197] 📥 NHẬN YÊU CẦU QUÉT KHUÔN MẶT MỚI
2026-05-26 00:48:00,198 | INFO     | [280196] Đã xử lý ảnh thành công. Kích thước tensor: (1, 48, 48, 1)
2026-05-26 00:48:00,200 | INFO     | [280197] Đã xử lý ảnh thành công. Kích thước tensor: (1, 48, 48, 1)
2026-05-26 00:48:00,244 | INFO     | [280244] ------------------------------------------
2026-05-26 00:48:00,244 | INFO     | [280244] 📥 NHẬN YÊU CẦU QUÉT KHUÔN MẶT MỚI
2026-05-26 00:48:00,245 | INFO     | [280244] Đã xử lý ảnh thành công. Kích thước tensor: (1, 48, 48, 1)
2026-05-26 00:48:00,320 | INFO     | [280197] ⏱️ Model inference: 118.77 ms
2026-05-26 00:48:00,320 | INFO     | [280197] 📊 Chi tiết dự đoán: {'ANGRY': 6.05, 'DISGUST': 0.22, 'FEAR': 7.58, 'HAPPY': 34.8, 'NEUTRAL': 20.23, 'SAD': 28.46, 'SURPRISE': 2.66}
2026-05-26 00:48:00,320 | INFO     | [280197] 🎯 KẾT QUẢ CHỐT: HAPPY (34.80%)
2026-05-26 00:48:00,320 | INFO     | [280197] ⏱️ Thời gian phản hồi: 122.82 ms
2026-05-26 00:48:00,322 | INFO     | [280196] ⏱️ Model inference: 123.77 ms
2026-05-26 00:48:00,322 | INFO     | [280196] 📊 Chi tiết dự đoán: {'ANGRY': 5.16, 'DISGUST': 0.2, 'FEAR': 7.32, 'HAPPY': 39.6, 'NEUTRAL': 19.6, 'SAD': 25.85, 'SURPRISE': 2.27}
2026-05-26 00:48:00,322 | INFO     | [280196] 🎯 KẾT QUẢ CHỐT: HAPPY (39.60%)
2026-05-26 00:48:00,322 | INFO     | [280196] ⏱️ Thời gian phản hồi: 126.63 ms
2026-05-26 00:48:00,348 | INFO     | [280244] ⏱️ Model inference: 102.93 ms
2026-05-26 00:48:00,348 | INFO     | [280244] 📊 Chi tiết dự đoán: {'ANGRY': 5.17, 'DISGUST': 0.24, 'FEAR': 7.26, 'HAPPY': 36.88, 'NEUTRAL': 19.76, 'SAD': 28.39, 'SURPRISE': 2.29}
2026-05-26 00:48:00,348 | INFO     | [280244] 🎯 KẾT QUẢ CHỐT: HAPPY (36.88%)
2026-05-26 00:48:00,348 | INFO     | [280244] ⏱️ Thời gian phản hồi: 103.92 ms
2026-05-26 00:48:01,210 | INFO     | [281210] ------------------------------------------
2026-05-26 00:48:01,210 | INFO     | [281210] 📥 NHẬN YÊU CẦU QUÉT KHUÔN MẶT MỚI
2026-05-26 00:48:01,212 | INFO     | [281212] ------------------------------------------
2026-05-26 00:48:01,212 | INFO     | [281212] 📥 NHẬN YÊU CẦU QUÉT KHUÔN MẶT MỚI
2026-05-26 00:48:01,212 | INFO     | [281212] ------------------------------------------
2026-05-26 00:48:01,212 | INFO     | [281212] 📥 NHẬN YÊU CẦU QUÉT KHUÔN MẶT MỚI
2026-05-26 00:48:01,213 | INFO     | [281210] Đã xử lý ảnh thành công. Kích thước tensor: (1, 48, 48, 1)
2026-05-26 00:48:01,215 | INFO     | [281212] Đã xử lý ảnh thành công. Kích thước tensor: (1, 48, 48, 1)
2026-05-26 00:48:01,221 | INFO     | [281212] Đã xử lý ảnh thành công. Kích thước tensor: (1, 48, 48, 1)
2026-05-26 00:48:01,350 | INFO     | [281212] ⏱️ Model inference: 127.2 ms
2026-05-26 00:48:01,350 | INFO     | [281212] 📊 Chi tiết dự đoán: {'ANGRY': 5.3, 'DISGUST': 0.24, 'FEAR': 7.1, 'HAPPY': 33.9, 'NEUTRAL': 21.07, 'SAD': 30.17, 'SURPRISE': 2.21}
2026-05-26 00:48:01,350 | INFO     | [281212] 🎯 KẾT QUẢ CHỐT: HAPPY (33.90%)
2026-05-26 00:48:01,352 | INFO     | [281212] ⏱️ Thời gian phản hồi: 138.45 ms
2026-05-26 00:48:01,359 | INFO     | [281212] ⏱️ Model inference: 142.04 ms
2026-05-26 00:48:01,360 | INFO     | [281212] 📊 Chi tiết dự đoán: {'ANGRY': 5.72, 'DISGUST': 0.23, 'FEAR': 7.38, 'HAPPY': 33.19, 'NEUTRAL': 21.05, 'SAD': 30.41, 'SURPRISE': 2.03}
2026-05-26 00:48:01,360 | INFO     | [281212] 🎯 KẾT QUẢ CHỐT: HAPPY (33.19%)
2026-05-26 00:48:01,360 | INFO     | [281212] ⏱️ Thời gian phản hồi: 148.42 ms
2026-05-26 00:48:01,367 | INFO     | [281367] ------------------------------------------
2026-05-26 00:48:01,367 | INFO     | [281367] 📥 NHẬN YÊU CẦU QUÉT KHUÔN MẶT MỚI
2026-05-26 00:48:01,370 | INFO     | [281367] Đã xử lý ảnh thành công. Kích thước tensor: (1, 48, 48, 1)
2026-05-26 00:48:01,374 | INFO     | [281210] ⏱️ Model inference: 160.69 ms
2026-05-26 00:48:01,375 | INFO     | [281210] 📊 Chi tiết dự đoán: {'ANGRY': 5.8, 'DISGUST': 0.18, 'FEAR': 6.49, 'HAPPY': 33.32, 'NEUTRAL': 22.19, 'SAD': 30.31, 'SURPRISE': 1.71}
2026-05-26 00:48:01,377 | INFO     | [281210] 🎯 KẾT QUẢ CHỐT: HAPPY (33.32%)
2026-05-26 00:48:01,377 | INFO     | [281210] ⏱️ Thời gian phản hồi: 164.59 ms
2026-05-26 00:48:01,454 | INFO     | [281367] ⏱️ Model inference: 84.42 ms
2026-05-26 00:48:01,454 | INFO     | [281367] 📊 Chi tiết dự đoán: {'ANGRY': 9.72, 'DISGUST': 0.16, 'FEAR': 10.36, 'HAPPY': 8.27, 'NEUTRAL': 16.09, 'SAD': 46.73, 'SURPRISE': 8.67}
2026-05-26 00:48:01,454 | INFO     | [281367] 🎯 KẾT QUẢ CHỐT: SAD (46.73%)
2026-05-26 00:48:01,455 | INFO     | [281367] ⏱️ Thời gian phản hồi: 86.86 ms
2026-05-26 00:48:01,785 | INFO     | [281785] ------------------------------------------
2026-05-26 00:48:01,785 | INFO     | [281785] 📥 NHẬN YÊU CẦU QUÉT KHUÔN MẶT MỚI
2026-05-26 00:48:01,786 | INFO     | [281786] ------------------------------------------
2026-05-26 00:48:01,786 | INFO     | [281786] 📥 NHẬN YÊU CẦU QUÉT KHUÔN MẶT MỚI
2026-05-26 00:48:01,787 | INFO     | [281785] Đã xử lý ảnh thành công. Kích thước tensor: (1, 48, 48, 1)
2026-05-26 00:48:01,790 | INFO     | [281786] Đã xử lý ảnh thành công. Kích thước tensor: (1, 48, 48, 1)
2026-05-26 00:48:01,879 | INFO     | [281786] ⏱️ Model inference: 88.56 ms
2026-05-26 00:48:01,879 | INFO     | [281786] 📊 Chi tiết dự đoán: {'ANGRY': 9.38, 'DISGUST': 0.14, 'FEAR': 10.34, 'HAPPY': 7.52, 'NEUTRAL': 16.08, 'SAD': 47.5, 'SURPRISE': 9.06}
2026-05-26 00:48:01,879 | INFO     | [281786] 🎯 KẾT QUẢ CHỐT: SAD (47.50%)
2026-05-26 00:48:01,880 | INFO     | [281786] ⏱️ Thời gian phản hồi: 93.58 ms
2026-05-26 00:48:01,899 | INFO     | [281785] ⏱️ Model inference: 111.87 ms
2026-05-26 00:48:01,900 | INFO     | [281785] 📊 Chi tiết dự đoán: {'ANGRY': 9.38, 'DISGUST': 0.14, 'FEAR': 10.34, 'HAPPY': 7.52, 'NEUTRAL': 16.08, 'SAD': 47.5, 'SURPRISE': 9.06}
2026-05-26 00:48:01,900 | INFO     | [281785] 🎯 KẾT QUẢ CHỐT: SAD (47.50%)
2026-05-26 00:48:01,900 | INFO     | [281785] ⏱️ Thời gian phản hồi: 115.03 ms
2026-05-26 00:48:02,019 | INFO     | [282019] ------------------------------------------
2026-05-26 00:48:02,019 | INFO     | [282019] 📥 NHẬN YÊU CẦU QUÉT KHUÔN MẶT MỚI
2026-05-26 00:48:02,021 | INFO     | [282019] Đã xử lý ảnh thành công. Kích thước tensor: (1, 48, 48, 1)
2026-05-26 00:48:02,102 | INFO     | [282019] ⏱️ Model inference: 81.34 ms
2026-05-26 00:48:02,102 | INFO     | [282019] 📊 Chi tiết dự đoán: {'ANGRY': 8.85, 'DISGUST': 0.13, 'FEAR': 9.34, 'HAPPY': 8.56, 'NEUTRAL': 18.01, 'SAD': 47.68, 'SURPRISE': 7.44}
2026-05-26 00:48:02,102 | INFO     | [282019] 🎯 KẾT QUẢ CHỐT: SAD (47.68%)
2026-05-26 00:48:02,102 | INFO     | [282019] ⏱️ Thời gian phản hồi: 82.7 ms
2026-05-26 00:48:02,238 | INFO     | [282238] ------------------------------------------
2026-05-26 00:48:02,238 | INFO     | [282238] 📥 NHẬN YÊU CẦU QUÉT KHUÔN MẶT MỚI
2026-05-26 00:48:02,239 | INFO     | [282238] Đã xử lý ảnh thành công. Kích thước tensor: (1, 48, 48, 1)
2026-05-26 00:48:02,301 | INFO     | [282238] ⏱️ Model inference: 61.36 ms
2026-05-26 00:48:02,301 | INFO     | [282238] 📊 Chi tiết dự đoán: {'ANGRY': 8.92, 'DISGUST': 0.13, 'FEAR': 9.43, 'HAPPY': 8.41, 'NEUTRAL': 16.82, 'SAD': 49.04, 'SURPRISE': 7.24}
2026-05-26 00:48:02,301 | INFO     | [282238] 🎯 KẾT QUẢ CHỐT: SAD (49.04%)
2026-05-26 00:48:02,302 | INFO     | [282238] ⏱️ Thời gian phản hồi: 62.37 ms
2026-05-26 00:48:02,752 | INFO     | [282752] ------------------------------------------
2026-05-26 00:48:02,752 | INFO     | [282752] 📥 NHẬN YÊU CẦU QUÉT KHUÔN MẶT MỚI
2026-05-26 00:48:02,752 | INFO     | [282752] ------------------------------------------
2026-05-26 00:48:02,753 | INFO     | [282752] 📥 NHẬN YÊU CẦU QUÉT KHUÔN MẶT MỚI
2026-05-26 00:48:02,753 | INFO     | [282752] Đã xử lý ảnh thành công. Kích thước tensor: (1, 48, 48, 1)
2026-05-26 00:48:02,756 | INFO     | [282752] Đã xử lý ảnh thành công. Kích thước tensor: (1, 48, 48, 1)
2026-05-26 00:48:02,869 | INFO     | [282752] ⏱️ Model inference: 110.68 ms
2026-05-26 00:48:02,869 | INFO     | [282752] 📊 Chi tiết dự đoán: {'ANGRY': 9.22, 'DISGUST': 0.13, 'FEAR': 9.63, 'HAPPY': 10.99, 'NEUTRAL': 15.13, 'SAD': 47.47, 'SURPRISE': 7.43}
2026-05-26 00:48:02,869 | INFO     | [282752] 🎯 KẾT QUẢ CHỐT: SAD (47.47%)
2026-05-26 00:48:02,869 | INFO     | [282752] ⏱️ Thời gian phản hồi: 116.42 ms
2026-05-26 00:48:02,883 | INFO     | [282752] ⏱️ Model inference: 130.22 ms
2026-05-26 00:48:02,883 | INFO     | [282752] 📊 Chi tiết dự đoán: {'ANGRY': 10.46, 'DISGUST': 0.16, 'FEAR': 9.7, 'HAPPY': 10.06, 'NEUTRAL': 15.83, 'SAD': 46.21, 'SURPRISE': 7.58}
2026-05-26 00:48:02,883 | INFO     | [282752] 🎯 KẾT QUẢ CHỐT: SAD (46.21%)
2026-05-26 00:48:02,883 | INFO     | [282752] ⏱️ Thời gian phản hồi: 131.22 ms
2026-05-26 00:48:03,146 | INFO     | [283146] ------------------------------------------
2026-05-26 00:48:03,146 | INFO     | [283146] 📥 NHẬN YÊU CẦU QUÉT KHUÔN MẶT MỚI
2026-05-26 00:48:03,147 | INFO     | [283146] Đã xử lý ảnh thành công. Kích thước tensor: (1, 48, 48, 1)
2026-05-26 00:48:03,221 | INFO     | [283146] ⏱️ Model inference: 73.85 ms
2026-05-26 00:48:03,221 | INFO     | [283146] 📊 Chi tiết dự đoán: {'ANGRY': 6.16, 'DISGUST': 0.23, 'FEAR': 8.96, 'HAPPY': 30.03, 'NEUTRAL': 19.73, 'SAD': 32.37, 'SURPRISE': 2.52}
2026-05-26 00:48:03,221 | INFO     | [283146] 🎯 KẾT QUẢ CHỐT: SAD (32.37%)
2026-05-26 00:48:03,221 | INFO     | [283146] ⏱️ Thời gian phản hồi: 75.17 ms
2026-05-26 00:48:03,242 | INFO     | [283242] ------------------------------------------
2026-05-26 00:48:03,242 | INFO     | [283242] 📥 NHẬN YÊU CẦU QUÉT KHUÔN MẶT MỚI
2026-05-26 00:48:03,242 | INFO     | [283242] Đã xử lý ảnh thành công. Kích thước tensor: (1, 48, 48, 1)
2026-05-26 00:48:03,319 | INFO     | [283242] ⏱️ Model inference: 76.56 ms
2026-05-26 00:48:03,319 | INFO     | [283242] 📊 Chi tiết dự đoán: {'ANGRY': 6.28, 'DISGUST': 0.25, 'FEAR': 10.51, 'HAPPY': 29.85, 'NEUTRAL': 18.84, 'SAD': 30.97, 'SURPRISE': 3.32}
2026-05-26 00:48:03,321 | INFO     | [283242] 🎯 KẾT QUẢ CHỐT: SAD (30.97%)
2026-05-26 00:48:03,321 | INFO     | [283242] ⏱️ Thời gian phản hồi: 77.57 ms
2026-05-26 00:48:03,524 | INFO     | [283524] ------------------------------------------
2026-05-26 00:48:03,524 | INFO     | [283524] 📥 NHẬN YÊU CẦU QUÉT KHUÔN MẶT MỚI
2026-05-26 00:48:03,525 | INFO     | [283524] Đã xử lý ảnh thành công. Kích thước tensor: (1, 48, 48, 1)
2026-05-26 00:48:03,593 | INFO     | [283524] ⏱️ Model inference: 68.39 ms
2026-05-26 00:48:03,593 | INFO     | [283524] 📊 Chi tiết dự đoán: {'ANGRY': 4.79, 'DISGUST': 0.12, 'FEAR': 8.21, 'HAPPY': 32.55, 'NEUTRAL': 22.6, 'SAD': 29.37, 'SURPRISE': 2.36}
2026-05-26 00:48:03,593 | INFO     | [283524] 🎯 KẾT QUẢ CHỐT: HAPPY (32.55%)
2026-05-26 00:48:03,595 | INFO     | [283524] ⏱️ Thời gian phản hồi: 69.39 ms
2026-05-26 00:48:03,739 | INFO     | [283739] ------------------------------------------
2026-05-26 00:48:03,740 | INFO     | [283739] 📥 NHẬN YÊU CẦU QUÉT KHUÔN MẶT MỚI
2026-05-26 00:48:03,740 | INFO     | [283739] Đã xử lý ảnh thành công. Kích thước tensor: (1, 48, 48, 1)
2026-05-26 00:48:03,809 | INFO     | [283739] ⏱️ Model inference: 69.12 ms
2026-05-26 00:48:03,809 | INFO     | [283739] 📊 Chi tiết dự đoán: {'ANGRY': 5.72, 'DISGUST': 0.2, 'FEAR': 8.51, 'HAPPY': 35.7, 'NEUTRAL': 18.29, 'SAD': 28.85, 'SURPRISE': 2.73}
2026-05-26 00:48:03,810 | INFO     | [283739] 🎯 KẾT QUẢ CHỐT: HAPPY (35.70%)
2026-05-26 00:48:03,810 | INFO     | [283739] ⏱️ Thời gian phản hồi: 70.8 ms
2026-05-26 00:48:04,019 | INFO     | [284019] ------------------------------------------
2026-05-26 00:48:04,019 | INFO     | [284019] 📥 NHẬN YÊU CẦU QUÉT KHUÔN MẶT MỚI
2026-05-26 00:48:04,020 | INFO     | [284019] Đã xử lý ảnh thành công. Kích thước tensor: (1, 48, 48, 1)
2026-05-26 00:48:04,098 | INFO     | [284019] ⏱️ Model inference: 78.11 ms
2026-05-26 00:48:04,098 | INFO     | [284019] 📊 Chi tiết dự đoán: {'ANGRY': 4.93, 'DISGUST': 0.17, 'FEAR': 7.38, 'HAPPY': 41.18, 'NEUTRAL': 19.62, 'SAD': 24.34, 'SURPRISE': 2.38}
2026-05-26 00:48:04,098 | INFO     | [284019] 🎯 KẾT QUẢ CHỐT: HAPPY (41.18%)
2026-05-26 00:48:04,098 | INFO     | [284019] ⏱️ Thời gian phản hồi: 79.25 ms
2026-05-26 00:48:04,236 | INFO     | [284236] ------------------------------------------
2026-05-26 00:48:04,236 | INFO     | [284236] 📥 NHẬN YÊU CẦU QUÉT KHUÔN MẶT MỚI
2026-05-26 00:48:04,237 | INFO     | [284236] Đã xử lý ảnh thành công. Kích thước tensor: (1, 48, 48, 1)
2026-05-26 00:48:04,314 | INFO     | [284236] ⏱️ Model inference: 76.1 ms
2026-05-26 00:48:04,314 | INFO     | [284236] 📊 Chi tiết dự đoán: {'ANGRY': 4.81, 'DISGUST': 0.2, 'FEAR': 5.49, 'HAPPY': 53.23, 'NEUTRAL': 12.97, 'SAD': 21.32, 'SURPRISE': 1.97}
2026-05-26 00:48:04,314 | INFO     | [284236] 🎯 KẾT QUẢ CHỐT: HAPPY (53.23%)
2026-05-26 00:48:04,314 | INFO     | [284236] ⏱️ Thời gian phản hồi: 77.61 ms
2026-05-26 00:48:04,487 | INFO     | [284487] ------------------------------------------
2026-05-26 00:48:04,487 | INFO     | [284487] 📥 NHẬN YÊU CẦU QUÉT KHUÔN MẶT MỚI
2026-05-26 00:48:04,488 | INFO     | [284487] Đã xử lý ảnh thành công. Kích thước tensor: (1, 48, 48, 1)
2026-05-26 00:48:04,556 | INFO     | [284487] ⏱️ Model inference: 68.14 ms
2026-05-26 00:48:04,556 | INFO     | [284487] 📊 Chi tiết dự đoán: {'ANGRY': 6.36, 'DISGUST': 0.24, 'FEAR': 13.5, 'HAPPY': 24.37, 'NEUTRAL': 17.9, 'SAD': 33.3, 'SURPRISE': 4.32}
2026-05-26 00:48:04,556 | INFO     | [284487] 🎯 KẾT QUẢ CHỐT: SAD (33.30%)
2026-05-26 00:48:04,557 | INFO     | [284487] ⏱️ Thời gian phản hồi: 69.14 ms
2026-05-26 00:48:04,832 | INFO     | [284832] ------------------------------------------
2026-05-26 00:48:04,832 | INFO     | [284832] 📥 NHẬN YÊU CẦU QUÉT KHUÔN MẶT MỚI
2026-05-26 00:48:04,833 | INFO     | [284832] Đã xử lý ảnh thành công. Kích thước tensor: (1, 48, 48, 1)
2026-05-26 00:48:04,905 | INFO     | [284832] ⏱️ Model inference: 71.61 ms
2026-05-26 00:48:04,906 | INFO     | [284832] 📊 Chi tiết dự đoán: {'ANGRY': 5.69, 'DISGUST': 0.24, 'FEAR': 5.45, 'HAPPY': 48.68, 'NEUTRAL': 16.77, 'SAD': 20.74, 'SURPRISE': 2.44}
2026-05-26 00:48:04,906 | INFO     | [284832] 🎯 KẾT QUẢ CHỐT: HAPPY (48.68%)
2026-05-26 00:48:04,906 | INFO     | [284832] ⏱️ Thời gian phản hồi: 74.11 ms
2026-05-26 00:48:04,989 | INFO     | [284988] ------------------------------------------
2026-05-26 00:48:04,989 | INFO     | [284988] 📥 NHẬN YÊU CẦU QUÉT KHUÔN MẶT MỚI
2026-05-26 00:48:04,990 | INFO     | [284988] Đã xử lý ảnh thành công. Kích thước tensor: (1, 48, 48, 1)
2026-05-26 00:48:05,063 | INFO     | [284988] ⏱️ Model inference: 72.29 ms
2026-05-26 00:48:05,063 | INFO     | [284988] 📊 Chi tiết dự đoán: {'ANGRY': 5.99, 'DISGUST': 0.29, 'FEAR': 8.6, 'HAPPY': 33.05, 'NEUTRAL': 20.83, 'SAD': 28.2, 'SURPRISE': 3.04}
2026-05-26 00:48:05,064 | INFO     | [284988] 🎯 KẾT QUẢ CHỐT: HAPPY (33.05%)
2026-05-26 00:48:05,064 | INFO     | [284988] ⏱️ Thời gian phản hồi: 74.8 ms
2026-05-26 00:48:05,240 | INFO     | [285240] ------------------------------------------
2026-05-26 00:48:05,240 | INFO     | [285240] 📥 NHẬN YÊU CẦU QUÉT KHUÔN MẶT MỚI
2026-05-26 00:48:05,241 | INFO     | [285240] Đã xử lý ảnh thành công. Kích thước tensor: (1, 48, 48, 1)
2026-05-26 00:48:05,306 | INFO     | [285240] ⏱️ Model inference: 64.8 ms
2026-05-26 00:48:05,307 | INFO     | [285240] 📊 Chi tiết dự đoán: {'ANGRY': 6.04, 'DISGUST': 0.25, 'FEAR': 9.35, 'HAPPY': 31.0, 'NEUTRAL': 18.95, 'SAD': 31.71, 'SURPRISE': 2.7}
2026-05-26 00:48:05,307 | INFO     | [285240] 🎯 KẾT QUẢ CHỐT: SAD (31.71%)
2026-05-26 00:48:05,307 | INFO     | [285240] ⏱️ Thời gian phản hồi: 66.85 ms
2026-05-26 00:48:05,491 | INFO     | [285491] ------------------------------------------
2026-05-26 00:48:05,491 | INFO     | [285491] 📥 NHẬN YÊU CẦU QUÉT KHUÔN MẶT MỚI
2026-05-26 00:48:05,492 | INFO     | [285491] Đã xử lý ảnh thành công. Kích thước tensor: (1, 48, 48, 1)
2026-05-26 00:48:05,563 | INFO     | [285491] ⏱️ Model inference: 71.12 ms
2026-05-26 00:48:05,563 | INFO     | [285491] 📊 Chi tiết dự đoán: {'ANGRY': 5.99, 'DISGUST': 0.21, 'FEAR': 6.68, 'HAPPY': 39.54, 'NEUTRAL': 18.29, 'SAD': 27.68, 'SURPRISE': 1.61}
2026-05-26 00:48:05,563 | INFO     | [285491] 🎯 KẾT QUẢ CHỐT: HAPPY (39.54%)
2026-05-26 00:48:05,563 | INFO     | [285491] ⏱️ Thời gian phản hồi: 72.44 ms
2026-05-26 00:48:06,094 | INFO     | [286093] ------------------------------------------
2026-05-26 00:48:06,094 | INFO     | [286093] 📥 NHẬN YÊU CẦU QUÉT KHUÔN MẶT MỚI
2026-05-26 00:48:06,096 | INFO     | [286096] ------------------------------------------
2026-05-26 00:48:06,096 | INFO     | [286096] 📥 NHẬN YÊU CẦU QUÉT KHUÔN MẶT MỚI
2026-05-26 00:48:06,096 | INFO     | [286093] Đã xử lý ảnh thành công. Kích thước tensor: (1, 48, 48, 1)
2026-05-26 00:48:06,099 | INFO     | [286096] Đã xử lý ảnh thành công. Kích thước tensor: (1, 48, 48, 1)
2026-05-26 00:48:06,202 | INFO     | [286096] ⏱️ Model inference: 101.84 ms
2026-05-26 00:48:06,203 | INFO     | [286096] 📊 Chi tiết dự đoán: {'ANGRY': 6.66, 'DISGUST': 0.29, 'FEAR': 5.81, 'HAPPY': 37.51, 'NEUTRAL': 18.96, 'SAD': 29.24, 'SURPRISE': 1.53}
2026-05-26 00:48:06,203 | INFO     | [286096] 🎯 KẾT QUẢ CHỐT: HAPPY (37.51%)
2026-05-26 00:48:06,203 | INFO     | [286096] ⏱️ Thời gian phản hồi: 107.05 ms
2026-05-26 00:48:06,205 | INFO     | [286093] ⏱️ Model inference: 108.93 ms
2026-05-26 00:48:06,206 | INFO     | [286093] 📊 Chi tiết dự đoán: {'ANGRY': 6.64, 'DISGUST': 0.26, 'FEAR': 5.65, 'HAPPY': 47.68, 'NEUTRAL': 15.16, 'SAD': 23.16, 'SURPRISE': 1.45}
2026-05-26 00:48:06,206 | INFO     | [286093] 🎯 KẾT QUẢ CHỐT: HAPPY (47.68%)
2026-05-26 00:48:06,206 | INFO     | [286093] ⏱️ Thời gian phản hồi: 113.31 ms
2026-05-26 00:48:06,235 | INFO     | [286235] ------------------------------------------
2026-05-26 00:48:06,236 | INFO     | [286235] 📥 NHẬN YÊU CẦU QUÉT KHUÔN MẶT MỚI
2026-05-26 00:48:06,236 | INFO     | [286235] Đã xử lý ảnh thành công. Kích thước tensor: (1, 48, 48, 1)
2026-05-26 00:48:06,299 | INFO     | [286235] ⏱️ Model inference: 63.12 ms
2026-05-26 00:48:06,300 | INFO     | [286235] 📊 Chi tiết dự đoán: {'ANGRY': 9.27, 'DISGUST': 0.29, 'FEAR': 6.48, 'HAPPY': 43.14, 'NEUTRAL': 15.57, 'SAD': 23.87, 'SURPRISE': 1.38}
2026-05-26 00:48:06,300 | INFO     | [286235] 🎯 KẾT QUẢ CHỐT: HAPPY (43.14%)
2026-05-26 00:48:06,300 | INFO     | [286235] ⏱️ Thời gian phản hồi: 65.48 ms
2026-05-26 00:48:06,502 | INFO     | [286502] ------------------------------------------
2026-05-26 00:48:06,502 | INFO     | [286502] 📥 NHẬN YÊU CẦU QUÉT KHUÔN MẶT MỚI
2026-05-26 00:48:06,504 | INFO     | [286502] Đã xử lý ảnh thành công. Kích thước tensor: (1, 48, 48, 1)
2026-05-26 00:48:06,564 | INFO     | [286502] ⏱️ Model inference: 59.89 ms
2026-05-26 00:48:06,564 | INFO     | [286502] 📊 Chi tiết dự đoán: {'ANGRY': 9.77, 'DISGUST': 0.25, 'FEAR': 12.3, 'HAPPY': 22.32, 'NEUTRAL': 21.02, 'SAD': 31.67, 'SURPRISE': 2.66}
2026-05-26 00:48:06,564 | INFO     | [286502] 🎯 KẾT QUẢ CHỐT: SAD (31.67%)
2026-05-26 00:48:06,564 | INFO     | [286502] ⏱️ Thời gian phản hồi: 61.37 ms
2026-05-26 00:48:06,751 | INFO     | [286751] ------------------------------------------
2026-05-26 00:48:06,751 | INFO     | [286751] 📥 NHẬN YÊU CẦU QUÉT KHUÔN MẶT MỚI
2026-05-26 00:48:06,751 | INFO     | [286751] Đã xử lý ảnh thành công. Kích thước tensor: (1, 48, 48, 1)
2026-05-26 00:48:06,824 | INFO     | [286751] ⏱️ Model inference: 71.55 ms
2026-05-26 00:48:06,824 | INFO     | [286751] 📊 Chi tiết dự đoán: {'ANGRY': 7.28, 'DISGUST': 0.13, 'FEAR': 13.03, 'HAPPY': 17.72, 'NEUTRAL': 18.45, 'SAD': 40.74, 'SURPRISE': 2.65}
2026-05-26 00:48:06,824 | INFO     | [286751] 🎯 KẾT QUẢ CHỐT: SAD (40.74%)
2026-05-26 00:48:06,824 | INFO     | [286751] ⏱️ Thời gian phản hồi: 73.03 ms
2026-05-26 00:48:07,193 | INFO     | [287193] ------------------------------------------
2026-05-26 00:48:07,193 | INFO     | [287193] 📥 NHẬN YÊU CẦU QUÉT KHUÔN MẶT MỚI
2026-05-26 00:48:07,193 | INFO     | [287193] Đã xử lý ảnh thành công. Kích thước tensor: (1, 48, 48, 1)
2026-05-26 00:48:07,241 | INFO     | [287241] ------------------------------------------
2026-05-26 00:48:07,241 | INFO     | [287241] 📥 NHẬN YÊU CẦU QUÉT KHUÔN MẶT MỚI
2026-05-26 00:48:07,242 | INFO     | [287241] Đã xử lý ảnh thành công. Kích thước tensor: (1, 48, 48, 1)
2026-05-26 00:48:07,268 | INFO     | [287193] ⏱️ Model inference: 73.2 ms
2026-05-26 00:48:07,269 | INFO     | [287193] 📊 Chi tiết dự đoán: {'ANGRY': 7.83, 'DISGUST': 0.07, 'FEAR': 15.46, 'HAPPY': 15.99, 'NEUTRAL': 15.92, 'SAD': 42.57, 'SURPRISE': 2.16}
2026-05-26 00:48:07,269 | INFO     | [287193] 🎯 KẾT QUẢ CHỐT: SAD (42.57%)
2026-05-26 00:48:07,270 | INFO     | [287193] ⏱️ Thời gian phản hồi: 75.31 ms
2026-05-26 00:48:07,317 | INFO     | [287241] ⏱️ Model inference: 75.64 ms
2026-05-26 00:48:07,319 | INFO     | [287241] 📊 Chi tiết dự đoán: {'ANGRY': 7.06, 'DISGUST': 0.12, 'FEAR': 8.0, 'HAPPY': 31.68, 'NEUTRAL': 16.3, 'SAD': 35.28, 'SURPRISE': 1.56}
2026-05-26 00:48:07,319 | INFO     | [287241] 🎯 KẾT QUẢ CHỐT: SAD (35.28%)
2026-05-26 00:48:07,319 | INFO     | [287241] ⏱️ Thời gian phản hồi: 76.64 ms
2026-05-26 00:48:07,495 | INFO     | [BATCH-287495] ==========================================
2026-05-26 00:48:07,495 | INFO     | [BATCH-287495] 🎞️ NHẬN CHUỖI 5 KHUNG HÌNH (BATCH)
2026-05-26 00:48:07,967 | INFO     | [BATCH-287495] ⏱️ Batch inference elapsed: 470.6 ms (5 frames)
2026-05-26 00:48:07,967 | INFO     | [BATCH-287495] ↳ Frame 1/5: HAPPY (43.1%)
2026-05-26 00:48:07,967 | INFO     | [BATCH-287495] ↳ Frame 2/5: SAD (31.7%)
2026-05-26 00:48:07,968 | INFO     | [BATCH-287495] ↳ Frame 3/5: SAD (40.7%)
2026-05-26 00:48:07,968 | INFO     | [BATCH-287495] ↳ Frame 4/5: SAD (42.6%)
2026-05-26 00:48:07,968 | INFO     | [BATCH-287495] ↳ Frame 5/5: SAD (35.3%)
2026-05-26 00:48:07,971 | INFO     | [BATCH-287495] 🎯 KẾT QUẢ CHUỖI: SAD (Tần suất: {'HAPPY': 1, 'SAD': 4})
2026-05-26 00:48:07,971 | INFO     | [BATCH-287495] ⏱️ Tổng thời gian xử lý: 476.09 ms
2026-05-26 00:48:41,551 | INFO     | [321551] ------------------------------------------
2026-05-26 00:48:41,551 | INFO     | [321551] 📥 NHẬN YÊU CẦU QUÉT KHUÔN MẶT MỚI
2026-05-26 00:48:41,552 | INFO     | [321551] Đã xử lý ảnh thành công. Kích thước tensor: (1, 48, 48, 1)
2026-05-26 00:48:41,621 | INFO     | [321551] ⏱️ Model inference: 68.84 ms
2026-05-26 00:48:41,621 | INFO     | [321551] 📊 Chi tiết dự đoán: {'ANGRY': 5.94, 'DISGUST': 0.21, 'FEAR': 9.11, 'HAPPY': 26.77, 'NEUTRAL': 24.43, 'SAD': 31.14, 'SURPRISE': 2.4}
2026-05-26 00:48:41,622 | INFO     | [321551] 🎯 KẾT QUẢ CHỐT: SAD (31.14%)
2026-05-26 00:48:41,622 | INFO     | [321551] ⏱️ Thời gian phản hồi: 69.84 ms
2026-05-26 00:48:41,820 | INFO     | [321819] ------------------------------------------
2026-05-26 00:48:41,820 | INFO     | [321819] 📥 NHẬN YÊU CẦU QUÉT KHUÔN MẶT MỚI
2026-05-26 00:48:41,820 | INFO     | [321819] Đã xử lý ảnh thành công. Kích thước tensor: (1, 48, 48, 1)
2026-05-26 00:48:41,882 | INFO     | [321819] ⏱️ Model inference: 60.8 ms
2026-05-26 00:48:41,883 | INFO     | [321819] 📊 Chi tiết dự đoán: {'ANGRY': 5.84, 'DISGUST': 0.28, 'FEAR': 11.49, 'HAPPY': 26.13, 'NEUTRAL': 19.75, 'SAD': 33.11, 'SURPRISE': 3.39}
2026-05-26 00:48:41,883 | INFO     | [321819] 🎯 KẾT QUẢ CHỐT: SAD (33.11%)
2026-05-26 00:48:41,883 | INFO     | [321819] ⏱️ Thời gian phản hồi: 64.08 ms
2026-05-26 00:48:42,271 | INFO     | [322271] ------------------------------------------
2026-05-26 00:48:42,271 | INFO     | [322271] 📥 NHẬN YÊU CẦU QUÉT KHUÔN MẶT MỚI
2026-05-26 00:48:42,272 | INFO     | [322271] Đã xử lý ảnh thành công. Kích thước tensor: (1, 48, 48, 1)
2026-05-26 00:48:42,304 | INFO     | [322304] ------------------------------------------
2026-05-26 00:48:42,304 | INFO     | [322304] 📥 NHẬN YÊU CẦU QUÉT KHUÔN MẶT MỚI
2026-05-26 00:48:42,305 | INFO     | [322304] Đã xử lý ảnh thành công. Kích thước tensor: (1, 48, 48, 1)
2026-05-26 00:48:42,341 | INFO     | [322271] ⏱️ Model inference: 69.74 ms
2026-05-26 00:48:42,342 | INFO     | [322271] 📊 Chi tiết dự đoán: {'ANGRY': 5.26, 'DISGUST': 0.29, 'FEAR': 12.78, 'HAPPY': 27.75, 'NEUTRAL': 21.0, 'SAD': 28.1, 'SURPRISE': 4.82}
2026-05-26 00:48:42,343 | INFO     | [322271] 🎯 KẾT QUẢ CHỐT: SAD (28.10%)
2026-05-26 00:48:42,343 | INFO     | [322271] ⏱️ Thời gian phản hồi: 70.75 ms
2026-05-26 00:48:42,376 | INFO     | [322304] ⏱️ Model inference: 69.91 ms
2026-05-26 00:48:42,376 | INFO     | [322304] 📊 Chi tiết dự đoán: {'ANGRY': 5.82, 'DISGUST': 0.29, 'FEAR': 11.69, 'HAPPY': 26.33, 'NEUTRAL': 21.96, 'SAD': 29.92, 'SURPRISE': 4.01}
2026-05-26 00:48:42,376 | INFO     | [322304] 🎯 KẾT QUẢ CHỐT: SAD (29.92%)
2026-05-26 00:48:42,376 | INFO     | [322304] ⏱️ Thời gian phản hồi: 72.34 ms
2026-05-26 00:48:43,271 | INFO     | [323271] ------------------------------------------
2026-05-26 00:48:43,271 | INFO     | [323271] 📥 NHẬN YÊU CẦU QUÉT KHUÔN MẶT MỚI
2026-05-26 00:48:43,272 | INFO     | [323271] Đã xử lý ảnh thành công. Kích thước tensor: (1, 48, 48, 1)
2026-05-26 00:48:43,281 | INFO     | [323281] ------------------------------------------
2026-05-26 00:48:43,282 | INFO     | [323281] 📥 NHẬN YÊU CẦU QUÉT KHUÔN MẶT MỚI
2026-05-26 00:48:43,282 | INFO     | [323282] ------------------------------------------
2026-05-26 00:48:43,284 | INFO     | [323282] 📥 NHẬN YÊU CẦU QUÉT KHUÔN MẶT MỚI
2026-05-26 00:48:43,284 | INFO     | [323281] Đã xử lý ảnh thành công. Kích thước tensor: (1, 48, 48, 1)
2026-05-26 00:48:43,287 | INFO     | [323282] Đã xử lý ảnh thành công. Kích thước tensor: (1, 48, 48, 1)
2026-05-26 00:48:43,393 | INFO     | [323282] ⏱️ Model inference: 104.1 ms
2026-05-26 00:48:43,394 | INFO     | [323282] 📊 Chi tiết dự đoán: {'ANGRY': 5.25, 'DISGUST': 0.18, 'FEAR': 11.24, 'HAPPY': 23.34, 'NEUTRAL': 19.91, 'SAD': 36.37, 'SURPRISE': 3.7}
2026-05-26 00:48:43,394 | INFO     | [323282] 🎯 KẾT QUẢ CHỐT: SAD (36.37%)
2026-05-26 00:48:43,394 | INFO     | [323282] ⏱️ Thời gian phản hồi: 111.76 ms
2026-05-26 00:48:43,396 | INFO     | [323271] ⏱️ Model inference: 123.92 ms
2026-05-26 00:48:43,398 | INFO     | [323271] 📊 Chi tiết dự đoán: {'ANGRY': 5.1, 'DISGUST': 0.26, 'FEAR': 10.27, 'HAPPY': 24.97, 'NEUTRAL': 22.74, 'SAD': 33.65, 'SURPRISE': 3.02}
2026-05-26 00:48:43,398 | INFO     | [323271] 🎯 KẾT QUẢ CHỐT: SAD (33.65%)
2026-05-26 00:48:43,398 | INFO     | [323271] ⏱️ Thời gian phản hồi: 127.19 ms
2026-05-26 00:48:43,402 | INFO     | [323281] ⏱️ Model inference: 118.13 ms
2026-05-26 00:48:43,402 | INFO     | [323281] 📊 Chi tiết dự đoán: {'ANGRY': 5.73, 'DISGUST': 0.25, 'FEAR': 9.82, 'HAPPY': 31.33, 'NEUTRAL': 21.45, 'SAD': 28.35, 'SURPRISE': 3.06}
2026-05-26 00:48:43,402 | INFO     | [323281] 🎯 KẾT QUẢ CHỐT: HAPPY (31.33%)
2026-05-26 00:48:43,402 | INFO     | [323281] ⏱️ Thời gian phản hồi: 120.66 ms
2026-05-26 00:48:43,404 | INFO     | [323404] ------------------------------------------
2026-05-26 00:48:43,406 | INFO     | [323404] 📥 NHẬN YÊU CẦU QUÉT KHUÔN MẶT MỚI
2026-05-26 00:48:43,406 | INFO     | [323404] Đã xử lý ảnh thành công. Kích thước tensor: (1, 48, 48, 1)
2026-05-26 00:48:43,472 | INFO     | [323404] ⏱️ Model inference: 65.97 ms
2026-05-26 00:48:43,472 | INFO     | [323404] 📊 Chi tiết dự đoán: {'ANGRY': 5.95, 'DISGUST': 0.29, 'FEAR': 10.37, 'HAPPY': 25.53, 'NEUTRAL': 20.6, 'SAD': 34.33, 'SURPRISE': 2.92}
2026-05-26 00:48:43,473 | INFO     | [323404] 🎯 KẾT QUẢ CHỐT: SAD (34.33%)
2026-05-26 00:48:43,473 | INFO     | [323404] ⏱️ Thời gian phản hồi: 67.48 ms
2026-05-26 00:48:44,227 | INFO     | [324227] ------------------------------------------
2026-05-26 00:48:44,227 | INFO     | [324227] 📥 NHẬN YÊU CẦU QUÉT KHUÔN MẶT MỚI
2026-05-26 00:48:44,227 | INFO     | [324227] ------------------------------------------
2026-05-26 00:48:44,227 | INFO     | [324227] 📥 NHẬN YÊU CẦU QUÉT KHUÔN MẶT MỚI
2026-05-26 00:48:44,228 | INFO     | [324228] ------------------------------------------
2026-05-26 00:48:44,228 | INFO     | [324228] 📥 NHẬN YÊU CẦU QUÉT KHUÔN MẶT MỚI
2026-05-26 00:48:44,228 | INFO     | [324227] Đã xử lý ảnh thành công. Kích thước tensor: (1, 48, 48, 1)
2026-05-26 00:48:44,231 | INFO     | [324227] Đã xử lý ảnh thành công. Kích thước tensor: (1, 48, 48, 1)
2026-05-26 00:48:44,237 | INFO     | [324228] Đã xử lý ảnh thành công. Kích thước tensor: (1, 48, 48, 1)
2026-05-26 00:48:44,351 | INFO     | [324227] ⏱️ Model inference: 121.74 ms
2026-05-26 00:48:44,352 | INFO     | [324227] 📊 Chi tiết dự đoán: {'ANGRY': 5.38, 'DISGUST': 0.25, 'FEAR': 9.44, 'HAPPY': 25.8, 'NEUTRAL': 23.74, 'SAD': 33.04, 'SURPRISE': 2.36}
2026-05-26 00:48:44,352 | INFO     | [324227] 🎯 KẾT QUẢ CHỐT: SAD (33.04%)
2026-05-26 00:48:44,352 | INFO     | [324227] ⏱️ Thời gian phản hồi: 125.71 ms
2026-05-26 00:48:44,359 | INFO     | [324227] ⏱️ Model inference: 127.16 ms
2026-05-26 00:48:44,359 | INFO     | [324227] 📊 Chi tiết dự đoán: {'ANGRY': 5.96, 'DISGUST': 0.29, 'FEAR': 10.68, 'HAPPY': 28.84, 'NEUTRAL': 21.66, 'SAD': 29.33, 'SURPRISE': 3.25}
2026-05-26 00:48:44,359 | INFO     | [324227] 🎯 KẾT QUẢ CHỐT: SAD (29.33%)
2026-05-26 00:48:44,359 | INFO     | [324227] ⏱️ Thời gian phản hồi: 131.92 ms
2026-05-26 00:48:44,363 | INFO     | [324228] ⏱️ Model inference: 124.77 ms
2026-05-26 00:48:44,363 | INFO     | [324228] 📊 Chi tiết dự đoán: {'ANGRY': 5.15, 'DISGUST': 0.25, 'FEAR': 11.17, 'HAPPY': 22.05, 'NEUTRAL': 23.01, 'SAD': 35.09, 'SURPRISE': 3.27}
2026-05-26 00:48:44,363 | INFO     | [324228] 🎯 KẾT QUẢ CHỐT: SAD (35.09%)
2026-05-26 00:48:44,363 | INFO     | [324228] ⏱️ Thời gian phản hồi: 134.65 ms
2026-05-26 00:48:44,367 | INFO     | [324367] ------------------------------------------
2026-05-26 00:48:44,367 | INFO     | [324367] 📥 NHẬN YÊU CẦU QUÉT KHUÔN MẶT MỚI
2026-05-26 00:48:44,368 | INFO     | [324367] Đã xử lý ảnh thành công. Kích thước tensor: (1, 48, 48, 1)
2026-05-26 00:48:44,435 | INFO     | [324367] ⏱️ Model inference: 66.89 ms
2026-05-26 00:48:44,436 | INFO     | [324367] 📊 Chi tiết dự đoán: {'ANGRY': 5.56, 'DISGUST': 0.31, 'FEAR': 10.3, 'HAPPY': 27.04, 'NEUTRAL': 23.57, 'SAD': 30.16, 'SURPRISE': 3.08}
2026-05-26 00:48:44,436 | INFO     | [324367] 🎯 KẾT QUẢ CHỐT: SAD (30.16%)
2026-05-26 00:48:44,436 | INFO     | [324367] ⏱️ Thời gian phản hồi: 69.64 ms
2026-05-26 00:48:45,269 | INFO     | [325269] ------------------------------------------
2026-05-26 00:48:45,269 | INFO     | [325269] 📥 NHẬN YÊU CẦU QUÉT KHUÔN MẶT MỚI
2026-05-26 00:48:45,269 | INFO     | [325269] ------------------------------------------
2026-05-26 00:48:45,269 | INFO     | [325269] 📥 NHẬN YÊU CẦU QUÉT KHUÔN MẶT MỚI
2026-05-26 00:48:45,270 | INFO     | [325270] ------------------------------------------
2026-05-26 00:48:45,270 | INFO     | [325270] 📥 NHẬN YÊU CẦU QUÉT KHUÔN MẶT MỚI
2026-05-26 00:48:45,271 | INFO     | [325269] Đã xử lý ảnh thành công. Kích thước tensor: (1, 48, 48, 1)
2026-05-26 00:48:45,275 | INFO     | [325269] Đã xử lý ảnh thành công. Kích thước tensor: (1, 48, 48, 1)
2026-05-26 00:48:45,279 | INFO     | [325270] Đã xử lý ảnh thành công. Kích thước tensor: (1, 48, 48, 1)
2026-05-26 00:48:45,398 | INFO     | [325269] ⏱️ Model inference: 121.89 ms
2026-05-26 00:48:45,398 | INFO     | [325269] 📊 Chi tiết dự đoán: {'ANGRY': 5.56, 'DISGUST': 0.29, 'FEAR': 10.84, 'HAPPY': 30.32, 'NEUTRAL': 21.13, 'SAD': 28.48, 'SURPRISE': 3.37}
2026-05-26 00:48:45,399 | INFO     | [325269] 🎯 KẾT QUẢ CHỐT: HAPPY (30.32%)
2026-05-26 00:48:45,399 | INFO     | [325269] ⏱️ Thời gian phản hồi: 128.59 ms
2026-05-26 00:48:45,405 | INFO     | [325270] ⏱️ Model inference: 124.89 ms
2026-05-26 00:48:45,407 | INFO     | [325270] 📊 Chi tiết dự đoán: {'ANGRY': 6.14, 'DISGUST': 0.26, 'FEAR': 10.21, 'HAPPY': 21.31, 'NEUTRAL': 27.42, 'SAD': 31.66, 'SURPRISE': 3.0}
2026-05-26 00:48:45,407 | INFO     | [325270] 🎯 KẾT QUẢ CHỐT: SAD (31.66%)
2026-05-26 00:48:45,407 | INFO     | [325270] ⏱️ Thời gian phản hồi: 136.44 ms
2026-05-26 00:48:45,410 | INFO     | [325410] ------------------------------------------
2026-05-26 00:48:45,411 | INFO     | [325410] 📥 NHẬN YÊU CẦU QUÉT KHUÔN MẶT MỚI
2026-05-26 00:48:45,412 | INFO     | [325410] Đã xử lý ảnh thành công. Kích thước tensor: (1, 48, 48, 1)
2026-05-26 00:48:45,423 | INFO     | [325269] ⏱️ Model inference: 151.39 ms
2026-05-26 00:48:45,424 | INFO     | [325269] 📊 Chi tiết dự đoán: {'ANGRY': 5.72, 'DISGUST': 0.25, 'FEAR': 10.31, 'HAPPY': 25.66, 'NEUTRAL': 24.52, 'SAD': 30.19, 'SURPRISE': 3.37}
2026-05-26 00:48:45,425 | INFO     | [325269] 🎯 KẾT QUẢ CHỐT: SAD (30.19%)
2026-05-26 00:48:45,425 | INFO     | [325269] ⏱️ Thời gian phản hồi: 155.04 ms
2026-05-26 00:48:45,492 | INFO     | [325410] ⏱️ Model inference: 79.72 ms
2026-05-26 00:48:45,492 | INFO     | [325410] 📊 Chi tiết dự đoán: {'ANGRY': 5.4, 'DISGUST': 0.22, 'FEAR': 8.8, 'HAPPY': 25.99, 'NEUTRAL': 26.58, 'SAD': 30.31, 'SURPRISE': 2.71}
2026-05-26 00:48:45,492 | INFO     | [325410] 🎯 KẾT QUẢ CHỐT: SAD (30.31%)
2026-05-26 00:48:45,493 | INFO     | [325410] ⏱️ Thời gian phản hồi: 82.24 ms
2026-05-26 00:48:46,273 | INFO     | [326273] ------------------------------------------
2026-05-26 00:48:46,273 | INFO     | [326273] 📥 NHẬN YÊU CẦU QUÉT KHUÔN MẶT MỚI
2026-05-26 00:48:46,274 | INFO     | [326273] ------------------------------------------
2026-05-26 00:48:46,274 | INFO     | [326273] 📥 NHẬN YÊU CẦU QUÉT KHUÔN MẶT MỚI
2026-05-26 00:48:46,274 | INFO     | [326274] ------------------------------------------
2026-05-26 00:48:46,274 | INFO     | [326274] 📥 NHẬN YÊU CẦU QUÉT KHUÔN MẶT MỚI
2026-05-26 00:48:46,275 | INFO     | [326273] Đã xử lý ảnh thành công. Kích thước tensor: (1, 48, 48, 1)
2026-05-26 00:48:46,278 | INFO     | [326273] Đã xử lý ảnh thành công. Kích thước tensor: (1, 48, 48, 1)
2026-05-26 00:48:46,281 | INFO     | [326274] Đã xử lý ảnh thành công. Kích thước tensor: (1, 48, 48, 1)
2026-05-26 00:48:46,393 | INFO     | [326274] ⏱️ Model inference: 110.12 ms
2026-05-26 00:48:46,393 | INFO     | [326274] 📊 Chi tiết dự đoán: {'ANGRY': 5.64, 'DISGUST': 0.22, 'FEAR': 9.55, 'HAPPY': 24.11, 'NEUTRAL': 26.33, 'SAD': 31.46, 'SURPRISE': 2.7}
2026-05-26 00:48:46,394 | INFO     | [326274] 🎯 KẾT QUẢ CHỐT: SAD (31.46%)
2026-05-26 00:48:46,394 | INFO     | [326274] ⏱️ Thời gian phản hồi: 118.5 ms
2026-05-26 00:48:46,396 | INFO     | [326273] ⏱️ Model inference: 117.33 ms
2026-05-26 00:48:46,396 | INFO     | [326273] 📊 Chi tiết dự đoán: {'ANGRY': 5.56, 'DISGUST': 0.22, 'FEAR': 10.58, 'HAPPY': 23.94, 'NEUTRAL': 23.48, 'SAD': 33.2, 'SURPRISE': 3.02}
2026-05-26 00:48:46,397 | INFO     | [326273] 🎯 KẾT QUẢ CHỐT: SAD (33.20%)
2026-05-26 00:48:46,397 | INFO     | [326273] ⏱️ Thời gian phản hồi: 123.04 ms
2026-05-26 00:48:46,400 | INFO     | [326273] ⏱️ Model inference: 124.53 ms
2026-05-26 00:48:46,401 | INFO     | [326273] 📊 Chi tiết dự đoán: {'ANGRY': 5.75, 'DISGUST': 0.23, 'FEAR': 8.79, 'HAPPY': 29.97, 'NEUTRAL': 24.97, 'SAD': 27.69, 'SURPRISE': 2.62}
2026-05-26 00:48:46,401 | INFO     | [326273] 🎯 KẾT QUẢ CHỐT: HAPPY (29.97%)
2026-05-26 00:48:46,401 | INFO     | [326273] ⏱️ Thời gian phản hồi: 127.53 ms
2026-05-26 00:48:46,415 | INFO     | [326415] ------------------------------------------
2026-05-26 00:48:46,415 | INFO     | [326415] 📥 NHẬN YÊU CẦU QUÉT KHUÔN MẶT MỚI
2026-05-26 00:48:46,416 | INFO     | [326415] Đã xử lý ảnh thành công. Kích thước tensor: (1, 48, 48, 1)
2026-05-26 00:48:46,475 | INFO     | [326415] ⏱️ Model inference: 58.57 ms
2026-05-26 00:48:46,476 | INFO     | [326415] 📊 Chi tiết dự đoán: {'ANGRY': 9.34, 'DISGUST': 0.13, 'FEAR': 9.28, 'HAPPY': 11.06, 'NEUTRAL': 16.74, 'SAD': 45.84, 'SURPRISE': 7.6}
2026-05-26 00:48:46,476 | INFO     | [326415] 🎯 KẾT QUẢ CHỐT: SAD (45.84%)
2026-05-26 00:48:46,476 | INFO     | [326415] ⏱️ Thời gian phản hồi: 60.57 ms
2026-05-26 00:48:46,632 | INFO     | [326632] ------------------------------------------
2026-05-26 00:48:46,632 | INFO     | [326632] 📥 NHẬN YÊU CẦU QUÉT KHUÔN MẶT MỚI
2026-05-26 00:48:46,633 | INFO     | [326632] Đã xử lý ảnh thành công. Kích thước tensor: (1, 48, 48, 1)
2026-05-26 00:48:46,714 | INFO     | [326632] ⏱️ Model inference: 80.93 ms
2026-05-26 00:48:46,714 | INFO     | [326632] 📊 Chi tiết dự đoán: {'ANGRY': 8.26, 'DISGUST': 0.1, 'FEAR': 9.66, 'HAPPY': 10.66, 'NEUTRAL': 19.5, 'SAD': 43.47, 'SURPRISE': 8.35}
2026-05-26 00:48:46,714 | INFO     | [326632] 🎯 KẾT QUẢ CHỐT: SAD (43.47%)
2026-05-26 00:48:46,716 | INFO     | [326632] ⏱️ Thời gian phản hồi: 81.93 ms
2026-05-26 00:48:47,271 | INFO     | [327271] ------------------------------------------
2026-05-26 00:48:47,271 | INFO     | [327271] 📥 NHẬN YÊU CẦU QUÉT KHUÔN MẶT MỚI
2026-05-26 00:48:47,272 | INFO     | [327272] ------------------------------------------
2026-05-26 00:48:47,272 | INFO     | [327272] 📥 NHẬN YÊU CẦU QUÉT KHUÔN MẶT MỚI
2026-05-26 00:48:47,272 | INFO     | [327271] Đã xử lý ảnh thành công. Kích thước tensor: (1, 48, 48, 1)
2026-05-26 00:48:47,274 | INFO     | [327272] Đã xử lý ảnh thành công. Kích thước tensor: (1, 48, 48, 1)
2026-05-26 00:48:47,314 | INFO     | [327314] ------------------------------------------
2026-05-26 00:48:47,315 | INFO     | [327314] 📥 NHẬN YÊU CẦU QUÉT KHUÔN MẶT MỚI
2026-05-26 00:48:47,316 | INFO     | [327314] Đã xử lý ảnh thành công. Kích thước tensor: (1, 48, 48, 1)
2026-05-26 00:48:47,465 | INFO     | [327271] ⏱️ Model inference: 193.0 ms
2026-05-26 00:48:47,466 | INFO     | [327271] 📊 Chi tiết dự đoán: {'ANGRY': 9.32, 'DISGUST': 0.16, 'FEAR': 10.11, 'HAPPY': 8.18, 'NEUTRAL': 15.0, 'SAD': 47.46, 'SURPRISE': 9.77}
2026-05-26 00:48:47,466 | INFO     | [327271] 🎯 KẾT QUẢ CHỐT: SAD (47.46%)
2026-05-26 00:48:47,466 | INFO     | [327271] ⏱️ Thời gian phản hồi: 195.05 ms
2026-05-26 00:48:47,478 | INFO     | [327314] ⏱️ Model inference: 159.6 ms
2026-05-26 00:48:47,478 | INFO     | [327314] 📊 Chi tiết dự đoán: {'ANGRY': 9.14, 'DISGUST': 0.14, 'FEAR': 9.83, 'HAPPY': 10.81, 'NEUTRAL': 15.89, 'SAD': 45.75, 'SURPRISE': 8.44}
2026-05-26 00:48:47,478 | INFO     | [327314] 🎯 KẾT QUẢ CHỐT: SAD (45.75%)
2026-05-26 00:48:47,479 | INFO     | [327314] ⏱️ Thời gian phản hồi: 163.1 ms
2026-05-26 00:48:47,489 | INFO     | [327272] ⏱️ Model inference: 212.85 ms
2026-05-26 00:48:47,490 | INFO     | [327272] 📊 Chi tiết dự đoán: {'ANGRY': 9.56, 'DISGUST': 0.15, 'FEAR': 9.56, 'HAPPY': 9.3, 'NEUTRAL': 16.01, 'SAD': 47.22, 'SURPRISE': 8.19}
2026-05-26 00:48:47,490 | INFO     | [327272] 🎯 KẾT QUẢ CHỐT: SAD (47.22%)
2026-05-26 00:48:47,490 | INFO     | [327272] ⏱️ Thời gian phản hồi: 218.53 ms
2026-05-26 00:48:47,922 | INFO     | [327922] ------------------------------------------
2026-05-26 00:48:47,922 | INFO     | [327922] 📥 NHẬN YÊU CẦU QUÉT KHUÔN MẶT MỚI
2026-05-26 00:48:47,922 | INFO     | [327922] Đã xử lý ảnh thành công. Kích thước tensor: (1, 48, 48, 1)
2026-05-26 00:48:47,974 | INFO     | [327922] ⏱️ Model inference: 52.01 ms
2026-05-26 00:48:47,974 | INFO     | [327922] 📊 Chi tiết dự đoán: {'ANGRY': 8.93, 'DISGUST': 0.17, 'FEAR': 9.63, 'HAPPY': 9.31, 'NEUTRAL': 17.26, 'SAD': 45.12, 'SURPRISE': 9.59}
2026-05-26 00:48:47,975 | INFO     | [327922] 🎯 KẾT QUẢ CHỐT: SAD (45.12%)
2026-05-26 00:48:47,975 | INFO     | [327922] ⏱️ Thời gian phản hồi: 52.01 ms
2026-05-26 00:48:48,207 | INFO     | [328206] ------------------------------------------
2026-05-26 00:48:48,207 | INFO     | [328206] 📥 NHẬN YÊU CẦU QUÉT KHUÔN MẶT MỚI
2026-05-26 00:48:48,207 | INFO     | [328207] ------------------------------------------
2026-05-26 00:48:48,209 | INFO     | [328207] 📥 NHẬN YÊU CẦU QUÉT KHUÔN MẶT MỚI
2026-05-26 00:48:48,209 | INFO     | [328206] Đã xử lý ảnh thành công. Kích thước tensor: (1, 48, 48, 1)
2026-05-26 00:48:48,211 | INFO     | [328207] Đã xử lý ảnh thành công. Kích thước tensor: (1, 48, 48, 1)
2026-05-26 00:48:48,314 | INFO     | [328207] ⏱️ Model inference: 101.93 ms
2026-05-26 00:48:48,315 | INFO     | [328207] 📊 Chi tiết dự đoán: {'ANGRY': 9.04, 'DISGUST': 0.15, 'FEAR': 11.28, 'HAPPY': 8.62, 'NEUTRAL': 15.28, 'SAD': 46.54, 'SURPRISE': 9.11}
2026-05-26 00:48:48,316 | INFO     | [328207] 🎯 KẾT QUẢ CHỐT: SAD (46.54%)
2026-05-26 00:48:48,316 | INFO     | [328207] ⏱️ Thời gian phản hồi: 107.54 ms
2026-05-26 00:48:48,318 | INFO     | [328206] ⏱️ Model inference: 108.96 ms
2026-05-26 00:48:48,318 | INFO     | [328206] 📊 Chi tiết dự đoán: {'ANGRY': 9.1, 'DISGUST': 0.15, 'FEAR': 10.04, 'HAPPY': 8.98, 'NEUTRAL': 16.4, 'SAD': 46.7, 'SURPRISE': 8.64}
2026-05-26 00:48:48,318 | INFO     | [328206] 🎯 KẾT QUẢ CHỐT: SAD (46.70%)
2026-05-26 00:48:48,318 | INFO     | [328206] ⏱️ Thời gian phản hồi: 111.66 ms
2026-05-26 00:48:48,345 | INFO     | [328345] ------------------------------------------
2026-05-26 00:48:48,346 | INFO     | [328345] 📥 NHẬN YÊU CẦU QUÉT KHUÔN MẶT MỚI
2026-05-26 00:48:48,346 | INFO     | [328345] Đã xử lý ảnh thành công. Kích thước tensor: (1, 48, 48, 1)
2026-05-26 00:48:48,415 | INFO     | [328345] ⏱️ Model inference: 68.23 ms
2026-05-26 00:48:48,416 | INFO     | [328345] 📊 Chi tiết dự đoán: {'ANGRY': 8.68, 'DISGUST': 0.32, 'FEAR': 6.26, 'HAPPY': 33.05, 'NEUTRAL': 16.96, 'SAD': 32.66, 'SURPRISE': 2.05}
2026-05-26 00:48:48,416 | INFO     | [328345] 🎯 KẾT QUẢ CHỐT: HAPPY (33.05%)
2026-05-26 00:48:48,416 | INFO     | [328345] ⏱️ Thời gian phản hồi: 71.66 ms
2026-05-26 00:48:48,658 | INFO     | [328658] ------------------------------------------
2026-05-26 00:48:48,658 | INFO     | [328658] 📥 NHẬN YÊU CẦU QUÉT KHUÔN MẶT MỚI
2026-05-26 00:48:48,660 | INFO     | [328658] Đã xử lý ảnh thành công. Kích thước tensor: (1, 48, 48, 1)
2026-05-26 00:48:48,724 | INFO     | [328658] ⏱️ Model inference: 64.63 ms
2026-05-26 00:48:48,724 | INFO     | [328658] 📊 Chi tiết dự đoán: {'ANGRY': 8.42, 'DISGUST': 0.26, 'FEAR': 5.95, 'HAPPY': 36.28, 'NEUTRAL': 17.04, 'SAD': 30.06, 'SURPRISE': 1.99}
2026-05-26 00:48:48,724 | INFO     | [328658] 🎯 KẾT QUẢ CHỐT: HAPPY (36.28%)
2026-05-26 00:48:48,724 | INFO     | [328658] ⏱️ Thời gian phản hồi: 65.99 ms
2026-05-26 00:48:48,811 | INFO     | [328811] ------------------------------------------
2026-05-26 00:48:48,811 | INFO     | [328811] 📥 NHẬN YÊU CẦU QUÉT KHUÔN MẶT MỚI
2026-05-26 00:48:48,812 | INFO     | [328811] Đã xử lý ảnh thành công. Kích thước tensor: (1, 48, 48, 1)
2026-05-26 00:48:48,882 | INFO     | [328811] ⏱️ Model inference: 69.63 ms
2026-05-26 00:48:48,884 | INFO     | [328811] 📊 Chi tiết dự đoán: {'ANGRY': 9.63, 'DISGUST': 0.32, 'FEAR': 6.15, 'HAPPY': 42.77, 'NEUTRAL': 12.92, 'SAD': 25.55, 'SURPRISE': 2.66}
2026-05-26 00:48:48,884 | INFO     | [328811] 🎯 KẾT QUẢ CHỐT: HAPPY (42.77%)
2026-05-26 00:48:48,884 | INFO     | [328811] ⏱️ Thời gian phản hồi: 72.53 ms
2026-05-26 00:48:49,060 | INFO     | [329060] ------------------------------------------
2026-05-26 00:48:49,060 | INFO     | [329060] 📥 NHẬN YÊU CẦU QUÉT KHUÔN MẶT MỚI
2026-05-26 00:48:49,061 | INFO     | [329060] Đã xử lý ảnh thành công. Kích thước tensor: (1, 48, 48, 1)
2026-05-26 00:48:49,121 | INFO     | [329060] ⏱️ Model inference: 60.16 ms
2026-05-26 00:48:49,121 | INFO     | [329060] 📊 Chi tiết dự đoán: {'ANGRY': 9.14, 'DISGUST': 0.33, 'FEAR': 5.8, 'HAPPY': 45.91, 'NEUTRAL': 12.78, 'SAD': 23.93, 'SURPRISE': 2.11}
2026-05-26 00:48:49,123 | INFO     | [329060] 🎯 KẾT QUẢ CHỐT: HAPPY (45.91%)
2026-05-26 00:48:49,123 | INFO     | [329060] ⏱️ Thời gian phản hồi: 61.16 ms
2026-05-26 00:48:49,305 | INFO     | [329305] ------------------------------------------
2026-05-26 00:48:49,305 | INFO     | [329305] 📥 NHẬN YÊU CẦU QUÉT KHUÔN MẶT MỚI
2026-05-26 00:48:49,306 | INFO     | [329305] Đã xử lý ảnh thành công. Kích thước tensor: (1, 48, 48, 1)
2026-05-26 00:48:49,376 | INFO     | [329305] ⏱️ Model inference: 69.89 ms
2026-05-26 00:48:49,377 | INFO     | [329305] 📊 Chi tiết dự đoán: {'ANGRY': 7.51, 'DISGUST': 0.25, 'FEAR': 5.42, 'HAPPY': 52.02, 'NEUTRAL': 11.36, 'SAD': 21.33, 'SURPRISE': 2.11}
2026-05-26 00:48:49,377 | INFO     | [329305] 🎯 KẾT QUẢ CHỐT: HAPPY (52.02%)
2026-05-26 00:48:49,377 | INFO     | [329305] ⏱️ Thời gian phản hồi: 71.12 ms
2026-05-26 00:48:50,266 | INFO     | [330266] ------------------------------------------
2026-05-26 00:48:50,266 | INFO     | [330266] 📥 NHẬN YÊU CẦU QUÉT KHUÔN MẶT MỚI
2026-05-26 00:48:50,267 | INFO     | [330267] ------------------------------------------
2026-05-26 00:48:50,267 | INFO     | [330267] 📥 NHẬN YÊU CẦU QUÉT KHUÔN MẶT MỚI
2026-05-26 00:48:50,268 | INFO     | [330268] ------------------------------------------
2026-05-26 00:48:50,268 | INFO     | [330268] 📥 NHẬN YÊU CẦU QUÉT KHUÔN MẶT MỚI
2026-05-26 00:48:50,268 | INFO     | [330266] Đã xử lý ảnh thành công. Kích thước tensor: (1, 48, 48, 1)
2026-05-26 00:48:50,271 | INFO     | [330267] Đã xử lý ảnh thành công. Kích thước tensor: (1, 48, 48, 1)
2026-05-26 00:48:50,276 | INFO     | [330268] Đã xử lý ảnh thành công. Kích thước tensor: (1, 48, 48, 1)
2026-05-26 00:48:50,391 | INFO     | [330267] ⏱️ Model inference: 118.29 ms
2026-05-26 00:48:50,391 | INFO     | [330267] 📊 Chi tiết dự đoán: {'ANGRY': 4.69, 'DISGUST': 0.19, 'FEAR': 9.32, 'HAPPY': 35.43, 'NEUTRAL': 19.6, 'SAD': 27.56, 'SURPRISE': 3.2}
2026-05-26 00:48:50,391 | INFO     | [330267] 🎯 KẾT QUẢ CHỐT: HAPPY (35.43%)
2026-05-26 00:48:50,391 | INFO     | [330267] ⏱️ Thời gian phản hồi: 123.96 ms
2026-05-26 00:48:50,403 | INFO     | [330268] ⏱️ Model inference: 126.66 ms
2026-05-26 00:48:50,403 | INFO     | [330268] 📊 Chi tiết dự đoán: {'ANGRY': 8.81, 'DISGUST': 0.22, 'FEAR': 5.81, 'HAPPY': 43.76, 'NEUTRAL': 14.78, 'SAD': 24.06, 'SURPRISE': 2.56}
2026-05-26 00:48:50,404 | INFO     | [330268] 🎯 KẾT QUẢ CHỐT: HAPPY (43.76%)
2026-05-26 00:48:50,404 | INFO     | [330268] ⏱️ Thời gian phản hồi: 134.86 ms
2026-05-26 00:48:50,409 | INFO     | [330409] ------------------------------------------
2026-05-26 00:48:50,409 | INFO     | [330409] 📥 NHẬN YÊU CẦU QUÉT KHUÔN MẶT MỚI
2026-05-26 00:48:50,410 | INFO     | [330409] Đã xử lý ảnh thành công. Kích thước tensor: (1, 48, 48, 1)
2026-05-26 00:48:50,438 | INFO     | [330266] ⏱️ Model inference: 169.85 ms
2026-05-26 00:48:50,440 | INFO     | [330266] 📊 Chi tiết dự đoán: {'ANGRY': 6.89, 'DISGUST': 0.23, 'FEAR': 4.74, 'HAPPY': 55.26, 'NEUTRAL': 11.37, 'SAD': 19.67, 'SURPRISE': 1.85}
2026-05-26 00:48:50,441 | INFO     | [330266] 🎯 KẾT QUẢ CHỐT: HAPPY (55.26%)
2026-05-26 00:48:50,443 | INFO     | [330266] ⏱️ Thời gian phản hồi: 174.56 ms
2026-05-26 00:48:50,484 | INFO     | [330409] ⏱️ Model inference: 73.69 ms
2026-05-26 00:48:50,485 | INFO     | [330409] 📊 Chi tiết dự đoán: {'ANGRY': 5.05, 'DISGUST': 0.18, 'FEAR': 8.04, 'HAPPY': 37.82, 'NEUTRAL': 22.22, 'SAD': 23.89, 'SURPRISE': 2.8}
2026-05-26 00:48:50,485 | INFO     | [330409] 🎯 KẾT QUẢ CHỐT: HAPPY (37.82%)
2026-05-26 00:48:50,485 | INFO     | [330409] ⏱️ Thời gian phản hồi: 75.71 ms
2026-05-26 00:48:51,269 | INFO     | [331269] ------------------------------------------
2026-05-26 00:48:51,269 | INFO     | [331269] 📥 NHẬN YÊU CẦU QUÉT KHUÔN MẶT MỚI
2026-05-26 00:48:51,270 | INFO     | [331270] ------------------------------------------
2026-05-26 00:48:51,270 | INFO     | [331270] 📥 NHẬN YÊU CẦU QUÉT KHUÔN MẶT MỚI
2026-05-26 00:48:51,270 | INFO     | [331270] ------------------------------------------
2026-05-26 00:48:51,271 | INFO     | [331270] 📥 NHẬN YÊU CẦU QUÉT KHUÔN MẶT MỚI
2026-05-26 00:48:51,271 | INFO     | [331269] Đã xử lý ảnh thành công. Kích thước tensor: (1, 48, 48, 1)
2026-05-26 00:48:51,273 | INFO     | [331270] Đã xử lý ảnh thành công. Kích thước tensor: (1, 48, 48, 1)
2026-05-26 00:48:51,277 | INFO     | [331270] Đã xử lý ảnh thành công. Kích thước tensor: (1, 48, 48, 1)
2026-05-26 00:48:51,426 | INFO     | [331270] ⏱️ Model inference: 151.29 ms
2026-05-26 00:48:51,428 | INFO     | [331270] 📊 Chi tiết dự đoán: {'ANGRY': 5.56, 'DISGUST': 0.23, 'FEAR': 10.25, 'HAPPY': 33.34, 'NEUTRAL': 18.68, 'SAD': 28.4, 'SURPRISE': 3.53}
2026-05-26 00:48:51,428 | INFO     | [331270] 🎯 KẾT QUẢ CHỐT: HAPPY (33.34%)
2026-05-26 00:48:51,428 | INFO     | [331270] ⏱️ Thời gian phản hồi: 157.69 ms
2026-05-26 00:48:51,430 | INFO     | [331269] ⏱️ Model inference: 159.53 ms
2026-05-26 00:48:51,431 | INFO     | [331269] 📊 Chi tiết dự đoán: {'ANGRY': 4.81, 'DISGUST': 0.18, 'FEAR': 7.96, 'HAPPY': 39.94, 'NEUTRAL': 19.79, 'SAD': 24.36, 'SURPRISE': 2.96}
2026-05-26 00:48:51,433 | INFO     | [331269] 🎯 KẾT QUẢ CHỐT: HAPPY (39.94%)
2026-05-26 00:48:51,435 | INFO     | [331269] ⏱️ Thời gian phản hồi: 162.78 ms
2026-05-26 00:48:51,441 | INFO     | [331270] ⏱️ Model inference: 162.57 ms
2026-05-26 00:48:51,441 | INFO     | [331270] 📊 Chi tiết dự đoán: {'ANGRY': 5.3, 'DISGUST': 0.2, 'FEAR': 7.86, 'HAPPY': 40.0, 'NEUTRAL': 20.42, 'SAD': 23.29, 'SURPRISE': 2.91}
2026-05-26 00:48:51,441 | INFO     | [331270] 🎯 KẾT QUẢ CHỐT: HAPPY (40.00%)
2026-05-26 00:48:51,441 | INFO     | [331270] ⏱️ Thời gian phản hồi: 171.32 ms
2026-05-26 00:48:51,444 | INFO     | [331444] ------------------------------------------
2026-05-26 00:48:51,444 | INFO     | [331444] 📥 NHẬN YÊU CẦU QUÉT KHUÔN MẶT MỚI
2026-05-26 00:48:51,444 | INFO     | [331444] Đã xử lý ảnh thành công. Kích thước tensor: (1, 48, 48, 1)
2026-05-26 00:48:51,507 | INFO     | [BATCH-331507] ==========================================
2026-05-26 00:48:51,507 | INFO     | [BATCH-331507] 🎞️ NHẬN CHUỖI 5 KHUNG HÌNH (BATCH)
2026-05-26 00:48:51,585 | INFO     | [331444] ⏱️ Model inference: 140.08 ms
2026-05-26 00:48:51,585 | INFO     | [331444] 📊 Chi tiết dự đoán: {'ANGRY': 4.45, 'DISGUST': 0.19, 'FEAR': 7.84, 'HAPPY': 38.88, 'NEUTRAL': 18.4, 'SAD': 27.15, 'SURPRISE': 3.09}
2026-05-26 00:48:51,587 | INFO     | [331444] 🎯 KẾT QUẢ CHỐT: HAPPY (38.88%)
2026-05-26 00:48:51,589 | INFO     | [331444] ⏱️ Thời gian phản hồi: 141.42 ms
2026-05-26 00:48:52,012 | INFO     | [BATCH-331507] ⏱️ Batch inference elapsed: 504.88 ms (5 frames)
2026-05-26 00:48:52,013 | INFO     | [BATCH-331507] ↳ Frame 1/5: HAPPY (37.8%)
2026-05-26 00:48:52,013 | INFO     | [BATCH-331507] ↳ Frame 2/5: HAPPY (33.3%)
2026-05-26 00:48:52,013 | INFO     | [BATCH-331507] ↳ Frame 3/5: HAPPY (40.0%)
2026-05-26 00:48:52,013 | INFO     | [BATCH-331507] ↳ Frame 4/5: HAPPY (39.9%)
2026-05-26 00:48:52,013 | INFO     | [BATCH-331507] ↳ Frame 5/5: HAPPY (38.9%)
2026-05-26 00:48:52,014 | INFO     | [BATCH-331507] 🎯 KẾT QUẢ CHUỖI: HAPPY (Tần suất: {'HAPPY': 5})
2026-05-26 00:48:52,014 | INFO     | [BATCH-331507] ⏱️ Tổng thời gian xử lý: 507.19 ms
2026-05-26 00:49:06,287 | INFO     | [346287] ------------------------------------------
2026-05-26 00:49:06,287 | INFO     | [346287] 📥 NHẬN YÊU CẦU QUÉT KHUÔN MẶT MỚI
2026-05-26 00:49:06,288 | INFO     | [346288] ------------------------------------------
2026-05-26 00:49:06,288 | INFO     | [346288] 📥 NHẬN YÊU CẦU QUÉT KHUÔN MẶT MỚI
2026-05-26 00:49:06,289 | INFO     | [346287] Đã xử lý ảnh thành công. Kích thước tensor: (1, 48, 48, 1)
2026-05-26 00:49:06,291 | INFO     | [346288] Đã xử lý ảnh thành công. Kích thước tensor: (1, 48, 48, 1)
2026-05-26 00:49:06,376 | INFO     | [346287] ⏱️ Model inference: 87.55 ms
2026-05-26 00:49:06,376 | INFO     | [346287] 📊 Chi tiết dự đoán: {'ANGRY': 6.09, 'DISGUST': 0.2, 'FEAR': 10.47, 'HAPPY': 32.84, 'NEUTRAL': 15.22, 'SAD': 32.69, 'SURPRISE': 2.49}
2026-05-26 00:49:06,376 | INFO     | [346287] 🎯 KẾT QUẢ CHỐT: HAPPY (32.84%)
2026-05-26 00:49:06,376 | INFO     | [346287] ⏱️ Thời gian phản hồi: 89.56 ms
2026-05-26 00:49:06,377 | INFO     | [346288] ⏱️ Model inference: 85.49 ms
2026-05-26 00:49:06,377 | INFO     | [346288] 📊 Chi tiết dự đoán: {'ANGRY': 4.97, 'DISGUST': 0.17, 'FEAR': 8.92, 'HAPPY': 37.61, 'NEUTRAL': 15.8, 'SAD': 30.01, 'SURPRISE': 2.52}
2026-05-26 00:49:06,379 | INFO     | [346288] 🎯 KẾT QUẢ CHỐT: HAPPY (37.61%)
2026-05-26 00:49:06,379 | INFO     | [346288] ⏱️ Thời gian phản hồi: 89.55 ms
2026-05-26 00:49:06,745 | INFO     | [346745] ------------------------------------------
2026-05-26 00:49:06,745 | INFO     | [346745] 📥 NHẬN YÊU CẦU QUÉT KHUÔN MẶT MỚI
2026-05-26 00:49:06,746 | INFO     | [346745] Đã xử lý ảnh thành công. Kích thước tensor: (1, 48, 48, 1)
2026-05-26 00:49:06,791 | INFO     | [346791] ------------------------------------------
2026-05-26 00:49:06,792 | INFO     | [346791] 📥 NHẬN YÊU CẦU QUÉT KHUÔN MẶT MỚI
2026-05-26 00:49:06,792 | INFO     | [346791] Đã xử lý ảnh thành công. Kích thước tensor: (1, 48, 48, 1)
2026-05-26 00:49:06,813 | INFO     | [346745] ⏱️ Model inference: 67.03 ms
2026-05-26 00:49:06,814 | INFO     | [346745] 📊 Chi tiết dự đoán: {'ANGRY': 5.56, 'DISGUST': 0.22, 'FEAR': 10.16, 'HAPPY': 30.45, 'NEUTRAL': 18.74, 'SAD': 32.48, 'SURPRISE': 2.4}
2026-05-26 00:49:06,815 | INFO     | [346745] 🎯 KẾT QUẢ CHỐT: SAD (32.48%)
2026-05-26 00:49:06,816 | INFO     | [346745] ⏱️ Thời gian phản hồi: 69.04 ms
2026-05-26 00:49:06,861 | INFO     | [346791] ⏱️ Model inference: 68.71 ms
2026-05-26 00:49:06,861 | INFO     | [346791] 📊 Chi tiết dự đoán: {'ANGRY': 5.4, 'DISGUST': 0.16, 'FEAR': 9.33, 'HAPPY': 33.6, 'NEUTRAL': 17.28, 'SAD': 31.91, 'SURPRISE': 2.32}
2026-05-26 00:49:06,862 | INFO     | [346791] 🎯 KẾT QUẢ CHỐT: HAPPY (33.60%)
2026-05-26 00:49:06,862 | INFO     | [346791] ⏱️ Thời gian phản hồi: 69.71 ms
2026-05-26 00:49:07,738 | INFO     | [347738] ------------------------------------------
2026-05-26 00:49:07,738 | INFO     | [347738] 📥 NHẬN YÊU CẦU QUÉT KHUÔN MẶT MỚI
2026-05-26 00:49:07,739 | INFO     | [347738] Đã xử lý ảnh thành công. Kích thước tensor: (1, 48, 48, 1)
2026-05-26 00:49:07,755 | INFO     | [347755] ------------------------------------------
2026-05-26 00:49:07,756 | INFO     | [347755] 📥 NHẬN YÊU CẦU QUÉT KHUÔN MẶT MỚI
2026-05-26 00:49:07,758 | INFO     | [347758] ------------------------------------------
2026-05-26 00:49:07,759 | INFO     | [347758] 📥 NHẬN YÊU CẦU QUÉT KHUÔN MẶT MỚI
2026-05-26 00:49:07,761 | INFO     | [347755] Đã xử lý ảnh thành công. Kích thước tensor: (1, 48, 48, 1)
2026-05-26 00:49:07,771 | INFO     | [347758] Đã xử lý ảnh thành công. Kích thước tensor: (1, 48, 48, 1)
2026-05-26 00:49:07,845 | INFO     | [347738] ⏱️ Model inference: 105.03 ms
2026-05-26 00:49:07,845 | INFO     | [347738] 📊 Chi tiết dự đoán: {'ANGRY': 4.83, 'DISGUST': 0.16, 'FEAR': 6.86, 'HAPPY': 41.56, 'NEUTRAL': 14.02, 'SAD': 30.51, 'SURPRISE': 2.06}
2026-05-26 00:49:07,846 | INFO     | [347738] 🎯 KẾT QUẢ CHỐT: HAPPY (41.56%)
2026-05-26 00:49:07,846 | INFO     | [347738] ⏱️ Thời gian phản hồi: 106.8 ms
2026-05-26 00:49:07,861 | INFO     | [347861] ------------------------------------------
2026-05-26 00:49:07,862 | INFO     | [347861] 📥 NHẬN YÊU CẦU QUÉT KHUÔN MẶT MỚI
2026-05-26 00:49:07,863 | INFO     | [347861] Đã xử lý ảnh thành công. Kích thước tensor: (1, 48, 48, 1)
2026-05-26 00:49:07,870 | INFO     | [347755] ⏱️ Model inference: 107.89 ms
2026-05-26 00:49:07,871 | INFO     | [347755] 📊 Chi tiết dự đoán: {'ANGRY': 5.48, 'DISGUST': 0.21, 'FEAR': 9.12, 'HAPPY': 34.43, 'NEUTRAL': 15.94, 'SAD': 32.73, 'SURPRISE': 2.09}
2026-05-26 00:49:07,871 | INFO     | [347755] 🎯 KẾT QUẢ CHỐT: HAPPY (34.43%)
2026-05-26 00:49:07,871 | INFO     | [347755] ⏱️ Thời gian phản hồi: 116.82 ms
2026-05-26 00:49:07,874 | INFO     | [347758] ⏱️ Model inference: 101.06 ms
2026-05-26 00:49:07,876 | INFO     | [347758] 📊 Chi tiết dự đoán: {'ANGRY': 4.61, 'DISGUST': 0.14, 'FEAR': 8.16, 'HAPPY': 40.05, 'NEUTRAL': 15.4, 'SAD': 29.57, 'SURPRISE': 2.06}
2026-05-26 00:49:07,877 | INFO     | [347758] 🎯 KẾT QUẢ CHỐT: HAPPY (40.05%)
2026-05-26 00:49:07,877 | INFO     | [347758] ⏱️ Thời gian phản hồi: 118.34 ms
2026-05-26 00:49:07,931 | INFO     | [347861] ⏱️ Model inference: 67.89 ms
2026-05-26 00:49:07,931 | INFO     | [347861] 📊 Chi tiết dự đoán: {'ANGRY': 4.96, 'DISGUST': 0.21, 'FEAR': 7.0, 'HAPPY': 47.03, 'NEUTRAL': 12.88, 'SAD': 25.45, 'SURPRISE': 2.46}
2026-05-26 00:49:07,931 | INFO     | [347861] 🎯 KẾT QUẢ CHỐT: HAPPY (47.03%)
2026-05-26 00:49:07,931 | INFO     | [347861] ⏱️ Thời gian phản hồi: 70.3 ms
2026-05-26 00:49:08,280 | INFO     | [348280] ------------------------------------------
2026-05-26 00:49:08,281 | INFO     | [348280] 📥 NHẬN YÊU CẦU QUÉT KHUÔN MẶT MỚI
2026-05-26 00:49:08,281 | INFO     | [348281] ------------------------------------------
2026-05-26 00:49:08,281 | INFO     | [348281] 📥 NHẬN YÊU CẦU QUÉT KHUÔN MẶT MỚI
2026-05-26 00:49:08,282 | INFO     | [348280] Đã xử lý ảnh thành công. Kích thước tensor: (1, 48, 48, 1)
2026-05-26 00:49:08,285 | INFO     | [348281] Đã xử lý ảnh thành công. Kích thước tensor: (1, 48, 48, 1)
2026-05-26 00:49:08,379 | INFO     | [348281] ⏱️ Model inference: 93.08 ms
2026-05-26 00:49:08,379 | INFO     | [348281] 📊 Chi tiết dự đoán: {'ANGRY': 4.83, 'DISGUST': 0.22, 'FEAR': 7.42, 'HAPPY': 40.22, 'NEUTRAL': 15.17, 'SAD': 29.41, 'SURPRISE': 2.73}
2026-05-26 00:49:08,379 | INFO     | [348281] 🎯 KẾT QUẢ CHỐT: HAPPY (40.22%)
2026-05-26 00:49:08,380 | INFO     | [348281] ⏱️ Thời gian phản hồi: 97.47 ms
2026-05-26 00:49:08,381 | INFO     | [348280] ⏱️ Model inference: 98.35 ms
2026-05-26 00:49:08,381 | INFO     | [348280] 📊 Chi tiết dự đoán: {'ANGRY': 5.01, 'DISGUST': 0.19, 'FEAR': 9.14, 'HAPPY': 31.13, 'NEUTRAL': 18.67, 'SAD': 33.07, 'SURPRISE': 2.78}
2026-05-26 00:49:08,381 | INFO     | [348280] 🎯 KẾT QUẢ CHỐT: SAD (33.07%)
2026-05-26 00:49:08,381 | INFO     | [348280] ⏱️ Thời gian phản hồi: 101.07 ms
2026-05-26 00:49:08,745 | INFO     | [348745] ------------------------------------------
2026-05-26 00:49:08,745 | INFO     | [348745] 📥 NHẬN YÊU CẦU QUÉT KHUÔN MẶT MỚI
2026-05-26 00:49:08,746 | INFO     | [348745] Đã xử lý ảnh thành công. Kích thước tensor: (1, 48, 48, 1)
2026-05-26 00:49:08,776 | INFO     | [348776] ------------------------------------------
2026-05-26 00:49:08,776 | INFO     | [348776] 📥 NHẬN YÊU CẦU QUÉT KHUÔN MẶT MỚI
2026-05-26 00:49:08,777 | INFO     | [348776] Đã xử lý ảnh thành công. Kích thước tensor: (1, 48, 48, 1)
2026-05-26 00:49:08,802 | INFO     | [348745] ⏱️ Model inference: 56.07 ms
2026-05-26 00:49:08,803 | INFO     | [348745] 📊 Chi tiết dự đoán: {'ANGRY': 5.21, 'DISGUST': 0.23, 'FEAR': 7.96, 'HAPPY': 39.99, 'NEUTRAL': 15.65, 'SAD': 28.95, 'SURPRISE': 2.01}
2026-05-26 00:49:08,804 | INFO     | [348745] 🎯 KẾT QUẢ CHỐT: HAPPY (39.99%)
2026-05-26 00:49:08,804 | INFO     | [348745] ⏱️ Thời gian phản hồi: 58.39 ms
2026-05-26 00:49:08,838 | INFO     | [348776] ⏱️ Model inference: 60.73 ms
2026-05-26 00:49:08,838 | INFO     | [348776] 📊 Chi tiết dự đoán: {'ANGRY': 5.1, 'DISGUST': 0.19, 'FEAR': 9.17, 'HAPPY': 37.03, 'NEUTRAL': 16.47, 'SAD': 29.49, 'SURPRISE': 2.55}
2026-05-26 00:49:08,838 | INFO     | [348776] 🎯 KẾT QUẢ CHỐT: HAPPY (37.03%)
2026-05-26 00:49:08,839 | INFO     | [348776] ⏱️ Thời gian phản hồi: 62.42 ms
2026-05-26 00:49:09,289 | INFO     | [349289] ------------------------------------------
2026-05-26 00:49:09,289 | INFO     | [349289] 📥 NHẬN YÊU CẦU QUÉT KHUÔN MẶT MỚI
2026-05-26 00:49:09,290 | INFO     | [349290] ------------------------------------------
2026-05-26 00:49:09,291 | INFO     | [349290] 📥 NHẬN YÊU CẦU QUÉT KHUÔN MẶT MỚI
2026-05-26 00:49:09,291 | INFO     | [349289] Đã xử lý ảnh thành công. Kích thước tensor: (1, 48, 48, 1)
2026-05-26 00:49:09,294 | INFO     | [349290] Đã xử lý ảnh thành công. Kích thước tensor: (1, 48, 48, 1)
2026-05-26 00:49:09,376 | INFO     | [349290] ⏱️ Model inference: 81.04 ms
2026-05-26 00:49:09,376 | INFO     | [349290] 📊 Chi tiết dự đoán: {'ANGRY': 5.37, 'DISGUST': 0.21, 'FEAR': 8.41, 'HAPPY': 34.59, 'NEUTRAL': 15.87, 'SAD': 33.19, 'SURPRISE': 2.37}
2026-05-26 00:49:09,376 | INFO     | [349290] 🎯 KẾT QUẢ CHỐT: HAPPY (34.59%)
2026-05-26 00:49:09,376 | INFO     | [349290] ⏱️ Thời gian phản hồi: 86.37 ms
2026-05-26 00:49:09,380 | INFO     | [349289] ⏱️ Model inference: 88.82 ms
2026-05-26 00:49:09,381 | INFO     | [349289] 📊 Chi tiết dự đoán: {'ANGRY': 4.99, 'DISGUST': 0.21, 'FEAR': 7.81, 'HAPPY': 45.03, 'NEUTRAL': 13.28, 'SAD': 26.6, 'SURPRISE': 2.07}
2026-05-26 00:49:09,381 | INFO     | [349289] 🎯 KẾT QUẢ CHỐT: HAPPY (45.03%)
2026-05-26 00:49:09,381 | INFO     | [349289] ⏱️ Thời gian phản hồi: 92.35 ms
2026-05-26 00:49:09,538 | INFO     | [349538] ------------------------------------------
2026-05-26 00:49:09,538 | INFO     | [349538] 📥 NHẬN YÊU CẦU QUÉT KHUÔN MẶT MỚI
2026-05-26 00:49:09,538 | INFO     | [349538] Đã xử lý ảnh thành công. Kích thước tensor: (1, 48, 48, 1)
2026-05-26 00:49:09,596 | INFO     | [349538] ⏱️ Model inference: 57.08 ms
2026-05-26 00:49:09,597 | INFO     | [349538] 📊 Chi tiết dự đoán: {'ANGRY': 4.74, 'DISGUST': 0.18, 'FEAR': 7.32, 'HAPPY': 42.19, 'NEUTRAL': 15.3, 'SAD': 28.02, 'SURPRISE': 2.25}
2026-05-26 00:49:09,597 | INFO     | [349538] 🎯 KẾT QUẢ CHỐT: HAPPY (42.19%)
2026-05-26 00:49:09,597 | INFO     | [349538] ⏱️ Thời gian phản hồi: 59.29 ms
2026-05-26 00:49:09,786 | INFO     | [349786] ------------------------------------------
2026-05-26 00:49:09,786 | INFO     | [349786] 📥 NHẬN YÊU CẦU QUÉT KHUÔN MẶT MỚI
2026-05-26 00:49:09,787 | INFO     | [349786] Đã xử lý ảnh thành công. Kích thước tensor: (1, 48, 48, 1)
2026-05-26 00:49:09,843 | INFO     | [349786] ⏱️ Model inference: 56.02 ms
2026-05-26 00:49:09,843 | INFO     | [349786] 📊 Chi tiết dự đoán: {'ANGRY': 4.77, 'DISGUST': 0.23, 'FEAR': 7.58, 'HAPPY': 41.34, 'NEUTRAL': 17.2, 'SAD': 26.66, 'SURPRISE': 2.22}
2026-05-26 00:49:09,844 | INFO     | [349786] 🎯 KẾT QUẢ CHỐT: HAPPY (41.34%)
2026-05-26 00:49:09,844 | INFO     | [349786] ⏱️ Thời gian phản hồi: 57.16 ms
2026-05-26 00:49:10,035 | INFO     | [350035] ------------------------------------------
2026-05-26 00:49:10,035 | INFO     | [350035] 📥 NHẬN YÊU CẦU QUÉT KHUÔN MẶT MỚI
2026-05-26 00:49:10,036 | INFO     | [350035] Đã xử lý ảnh thành công. Kích thước tensor: (1, 48, 48, 1)
2026-05-26 00:49:10,092 | INFO     | [350035] ⏱️ Model inference: 56.17 ms
2026-05-26 00:49:10,092 | INFO     | [350035] 📊 Chi tiết dự đoán: {'ANGRY': 5.6, 'DISGUST': 0.17, 'FEAR': 8.09, 'HAPPY': 34.87, 'NEUTRAL': 18.68, 'SAD': 30.4, 'SURPRISE': 2.18}
2026-05-26 00:49:10,093 | INFO     | [350035] 🎯 KẾT QUẢ CHỐT: HAPPY (34.87%)
2026-05-26 00:49:10,093 | INFO     | [350035] ⏱️ Thời gian phản hồi: 57.63 ms
2026-05-26 00:49:10,299 | INFO     | [350299] ------------------------------------------
2026-05-26 00:49:10,300 | INFO     | [350299] 📥 NHẬN YÊU CẦU QUÉT KHUÔN MẶT MỚI
2026-05-26 00:49:10,301 | INFO     | [350299] Đã xử lý ảnh thành công. Kích thước tensor: (1, 48, 48, 1)
2026-05-26 00:49:10,357 | INFO     | [350299] ⏱️ Model inference: 56.09 ms
2026-05-26 00:49:10,357 | INFO     | [350299] 📊 Chi tiết dự đoán: {'ANGRY': 5.27, 'DISGUST': 0.2, 'FEAR': 7.57, 'HAPPY': 39.17, 'NEUTRAL': 17.03, 'SAD': 28.39, 'SURPRISE': 2.38}
2026-05-26 00:49:10,357 | INFO     | [350299] 🎯 KẾT QUẢ CHỐT: HAPPY (39.17%)
2026-05-26 00:49:10,357 | INFO     | [350299] ⏱️ Thời gian phản hồi: 58.46 ms
2026-05-26 00:49:10,551 | INFO     | [350551] ------------------------------------------
2026-05-26 00:49:10,551 | INFO     | [350551] 📥 NHẬN YÊU CẦU QUÉT KHUÔN MẶT MỚI
2026-05-26 00:49:10,552 | INFO     | [350551] Đã xử lý ảnh thành công. Kích thước tensor: (1, 48, 48, 1)
2026-05-26 00:49:10,612 | INFO     | [350551] ⏱️ Model inference: 60.78 ms
2026-05-26 00:49:10,612 | INFO     | [350551] 📊 Chi tiết dự đoán: {'ANGRY': 6.02, 'DISGUST': 0.23, 'FEAR': 7.88, 'HAPPY': 36.45, 'NEUTRAL': 14.76, 'SAD': 32.09, 'SURPRISE': 2.57}
2026-05-26 00:49:10,612 | INFO     | [350551] 🎯 KẾT QUẢ CHỐT: HAPPY (36.45%)
2026-05-26 00:49:10,612 | INFO     | [350551] ⏱️ Thời gian phản hồi: 61.83 ms
2026-05-26 00:49:10,786 | INFO     | [350786] ------------------------------------------
2026-05-26 00:49:10,787 | INFO     | [350786] 📥 NHẬN YÊU CẦU QUÉT KHUÔN MẶT MỚI
2026-05-26 00:49:10,787 | INFO     | [350786] Đã xử lý ảnh thành công. Kích thước tensor: (1, 48, 48, 1)
2026-05-26 00:49:10,850 | INFO     | [350786] ⏱️ Model inference: 63.14 ms
2026-05-26 00:49:10,850 | INFO     | [350786] 📊 Chi tiết dự đoán: {'ANGRY': 5.55, 'DISGUST': 0.2, 'FEAR': 6.87, 'HAPPY': 43.69, 'NEUTRAL': 14.71, 'SAD': 26.61, 'SURPRISE': 2.37}
2026-05-26 00:49:10,850 | INFO     | [350786] 🎯 KẾT QUẢ CHỐT: HAPPY (43.69%)
2026-05-26 00:49:10,850 | INFO     | [350786] ⏱️ Thời gian phản hồi: 64.16 ms
2026-05-26 00:49:11,751 | INFO     | [351751] ------------------------------------------
2026-05-26 00:49:11,751 | INFO     | [351751] 📥 NHẬN YÊU CẦU QUÉT KHUÔN MẶT MỚI
2026-05-26 00:49:11,752 | INFO     | [351752] ------------------------------------------
2026-05-26 00:49:11,752 | INFO     | [351752] 📥 NHẬN YÊU CẦU QUÉT KHUÔN MẶT MỚI
2026-05-26 00:49:11,752 | INFO     | [351752] ------------------------------------------
2026-05-26 00:49:11,753 | INFO     | [351752] 📥 NHẬN YÊU CẦU QUÉT KHUÔN MẶT MỚI
2026-05-26 00:49:11,753 | INFO     | [351751] Đã xử lý ảnh thành công. Kích thước tensor: (1, 48, 48, 1)
2026-05-26 00:49:11,756 | INFO     | [351752] Đã xử lý ảnh thành công. Kích thước tensor: (1, 48, 48, 1)
2026-05-26 00:49:11,761 | INFO     | [351752] Đã xử lý ảnh thành công. Kích thước tensor: (1, 48, 48, 1)
2026-05-26 00:49:11,883 | INFO     | [351752] ⏱️ Model inference: 120.91 ms
2026-05-26 00:49:11,883 | INFO     | [351752] 📊 Chi tiết dự đoán: {'ANGRY': 4.66, 'DISGUST': 0.17, 'FEAR': 7.39, 'HAPPY': 36.91, 'NEUTRAL': 19.94, 'SAD': 29.01, 'SURPRISE': 1.93}
2026-05-26 00:49:11,883 | INFO     | [351752] 🎯 KẾT QUẢ CHỐT: HAPPY (36.91%)
2026-05-26 00:49:11,883 | INFO     | [351752] ⏱️ Thời gian phản hồi: 131.03 ms
2026-05-26 00:49:11,890 | INFO     | [351890] ------------------------------------------
2026-05-26 00:49:11,890 | INFO     | [351890] 📥 NHẬN YÊU CẦU QUÉT KHUÔN MẶT MỚI
2026-05-26 00:49:11,891 | INFO     | [351890] Đã xử lý ảnh thành công. Kích thước tensor: (1, 48, 48, 1)
2026-05-26 00:49:11,894 | INFO     | [351752] ⏱️ Model inference: 136.75 ms
2026-05-26 00:49:11,895 | INFO     | [351752] 📊 Chi tiết dự đoán: {'ANGRY': 4.19, 'DISGUST': 0.16, 'FEAR': 6.1, 'HAPPY': 45.32, 'NEUTRAL': 17.82, 'SAD': 24.58, 'SURPRISE': 1.84}
2026-05-26 00:49:11,897 | INFO     | [351752] 🎯 KẾT QUẢ CHỐT: HAPPY (45.32%)
2026-05-26 00:49:11,897 | INFO     | [351752] ⏱️ Thời gian phản hồi: 143.27 ms
2026-05-26 00:49:11,901 | INFO     | [351751] ⏱️ Model inference: 148.35 ms
2026-05-26 00:49:11,901 | INFO     | [351751] 📊 Chi tiết dự đoán: {'ANGRY': 4.89, 'DISGUST': 0.15, 'FEAR': 7.15, 'HAPPY': 37.72, 'NEUTRAL': 18.14, 'SAD': 30.21, 'SURPRISE': 1.75}
2026-05-26 00:49:11,901 | INFO     | [351751] 🎯 KẾT QUẢ CHỐT: HAPPY (37.72%)
2026-05-26 00:49:11,902 | INFO     | [351751] ⏱️ Thời gian phản hồi: 150.86 ms
2026-05-26 00:49:11,957 | INFO     | [351890] ⏱️ Model inference: 65.56 ms
2026-05-26 00:49:11,957 | INFO     | [351890] 📊 Chi tiết dự đoán: {'ANGRY': 5.54, 'DISGUST': 0.2, 'FEAR': 8.73, 'HAPPY': 31.74, 'NEUTRAL': 18.35, 'SAD': 33.16, 'SURPRISE': 2.29}
2026-05-26 00:49:11,958 | INFO     | [351890] 🎯 KẾT QUẢ CHỐT: SAD (33.16%)
2026-05-26 00:49:11,958 | INFO     | [351890] ⏱️ Thời gian phản hồi: 66.56 ms
2026-05-26 00:49:12,280 | INFO     | [352280] ------------------------------------------
2026-05-26 00:49:12,280 | INFO     | [352280] 📥 NHẬN YÊU CẦU QUÉT KHUÔN MẶT MỚI
2026-05-26 00:49:12,280 | INFO     | [352280] ------------------------------------------
2026-05-26 00:49:12,281 | INFO     | [352280] 📥 NHẬN YÊU CẦU QUÉT KHUÔN MẶT MỚI
2026-05-26 00:49:12,281 | INFO     | [352280] Đã xử lý ảnh thành công. Kích thước tensor: (1, 48, 48, 1)
2026-05-26 00:49:12,284 | INFO     | [352280] Đã xử lý ảnh thành công. Kích thước tensor: (1, 48, 48, 1)
2026-05-26 00:49:12,369 | INFO     | [352280] ⏱️ Model inference: 84.44 ms
2026-05-26 00:49:12,369 | INFO     | [352280] 📊 Chi tiết dự đoán: {'ANGRY': 4.86, 'DISGUST': 0.18, 'FEAR': 7.96, 'HAPPY': 35.37, 'NEUTRAL': 17.01, 'SAD': 32.73, 'SURPRISE': 1.9}
2026-05-26 00:49:12,369 | INFO     | [352280] 🎯 KẾT QUẢ CHỐT: HAPPY (35.37%)
2026-05-26 00:49:12,369 | INFO     | [352280] ⏱️ Thời gian phản hồi: 88.7 ms
2026-05-26 00:49:12,377 | INFO     | [352280] ⏱️ Model inference: 95.26 ms
2026-05-26 00:49:12,377 | INFO     | [352280] 📊 Chi tiết dự đoán: {'ANGRY': 5.3, 'DISGUST': 0.2, 'FEAR': 8.82, 'HAPPY': 32.81, 'NEUTRAL': 16.98, 'SAD': 33.45, 'SURPRISE': 2.44}
2026-05-26 00:49:12,377 | INFO     | [352280] 🎯 KẾT QUẢ CHỐT: SAD (33.45%)
2026-05-26 00:49:12,377 | INFO     | [352280] ⏱️ Thời gian phản hồi: 96.79 ms
2026-05-26 00:49:12,590 | INFO     | [352590] ------------------------------------------
2026-05-26 00:49:12,590 | INFO     | [352590] 📥 NHẬN YÊU CẦU QUÉT KHUÔN MẶT MỚI
2026-05-26 00:49:12,592 | INFO     | [352590] Đã xử lý ảnh thành công. Kích thước tensor: (1, 48, 48, 1)
2026-05-26 00:49:12,649 | INFO     | [352590] ⏱️ Model inference: 57.49 ms
2026-05-26 00:49:12,649 | INFO     | [352590] 📊 Chi tiết dự đoán: {'ANGRY': 4.8, 'DISGUST': 0.17, 'FEAR': 7.67, 'HAPPY': 37.27, 'NEUTRAL': 17.66, 'SAD': 30.24, 'SURPRISE': 2.19}
2026-05-26 00:49:12,649 | INFO     | [352590] 🎯 KẾT QUẢ CHỐT: HAPPY (37.27%)
2026-05-26 00:49:12,649 | INFO     | [352590] ⏱️ Thời gian phản hồi: 58.53 ms
2026-05-26 00:49:12,779 | INFO     | [352779] ------------------------------------------
2026-05-26 00:49:12,779 | INFO     | [352779] 📥 NHẬN YÊU CẦU QUÉT KHUÔN MẶT MỚI
2026-05-26 00:49:12,781 | INFO     | [352779] Đã xử lý ảnh thành công. Kích thước tensor: (1, 48, 48, 1)
2026-05-26 00:49:12,836 | INFO     | [352779] ⏱️ Model inference: 55.33 ms
2026-05-26 00:49:12,836 | INFO     | [352779] 📊 Chi tiết dự đoán: {'ANGRY': 4.86, 'DISGUST': 0.25, 'FEAR': 6.57, 'HAPPY': 44.55, 'NEUTRAL': 15.73, 'SAD': 25.28, 'SURPRISE': 2.76}
2026-05-26 00:49:12,837 | INFO     | [352779] 🎯 KẾT QUẢ CHỐT: HAPPY (44.55%)
2026-05-26 00:49:12,837 | INFO     | [352779] ⏱️ Thời gian phản hồi: 56.74 ms
2026-05-26 00:49:13,167 | INFO     | [353167] ------------------------------------------
2026-05-26 00:49:13,168 | INFO     | [353167] 📥 NHẬN YÊU CẦU QUÉT KHUÔN MẶT MỚI
2026-05-26 00:49:13,168 | INFO     | [353167] Đã xử lý ảnh thành công. Kích thước tensor: (1, 48, 48, 1)
2026-05-26 00:49:13,229 | INFO     | [353167] ⏱️ Model inference: 60.07 ms
2026-05-26 00:49:13,229 | INFO     | [353167] 📊 Chi tiết dự đoán: {'ANGRY': 5.54, 'DISGUST': 0.19, 'FEAR': 7.27, 'HAPPY': 38.14, 'NEUTRAL': 17.41, 'SAD': 29.39, 'SURPRISE': 2.06}
2026-05-26 00:49:13,229 | INFO     | [353167] 🎯 KẾT QUẢ CHỐT: HAPPY (38.14%)
2026-05-26 00:49:13,229 | INFO     | [353167] ⏱️ Thời gian phản hồi: 62.59 ms
2026-05-26 00:49:13,747 | INFO     | [353747] ------------------------------------------
2026-05-26 00:49:13,747 | INFO     | [353747] 📥 NHẬN YÊU CẦU QUÉT KHUÔN MẶT MỚI
2026-05-26 00:49:13,748 | INFO     | [353748] ------------------------------------------
2026-05-26 00:49:13,748 | INFO     | [353748] 📥 NHẬN YÊU CẦU QUÉT KHUÔN MẶT MỚI
2026-05-26 00:49:13,749 | INFO     | [353747] Đã xử lý ảnh thành công. Kích thước tensor: (1, 48, 48, 1)
2026-05-26 00:49:13,750 | INFO     | [353748] Đã xử lý ảnh thành công. Kích thước tensor: (1, 48, 48, 1)
2026-05-26 00:49:13,784 | INFO     | [353784] ------------------------------------------
2026-05-26 00:49:13,785 | INFO     | [353784] 📥 NHẬN YÊU CẦU QUÉT KHUÔN MẶT MỚI
2026-05-26 00:49:13,791 | INFO     | [353784] Đã xử lý ảnh thành công. Kích thước tensor: (1, 48, 48, 1)
2026-05-26 00:49:13,856 | INFO     | [353747] ⏱️ Model inference: 107.15 ms
2026-05-26 00:49:13,857 | INFO     | [353747] 📊 Chi tiết dự đoán: {'ANGRY': 4.86, 'DISGUST': 0.18, 'FEAR': 7.83, 'HAPPY': 36.7, 'NEUTRAL': 19.02, 'SAD': 29.22, 'SURPRISE': 2.21}
2026-05-26 00:49:13,857 | INFO     | [353747] 🎯 KẾT QUẢ CHỐT: HAPPY (36.70%)
2026-05-26 00:49:13,857 | INFO     | [353747] ⏱️ Thời gian phản hồi: 110.46 ms
2026-05-26 00:49:13,864 | INFO     | [353748] ⏱️ Model inference: 112.51 ms
2026-05-26 00:49:13,865 | INFO     | [353748] 📊 Chi tiết dự đoán: {'ANGRY': 5.64, 'DISGUST': 0.2, 'FEAR': 8.2, 'HAPPY': 39.92, 'NEUTRAL': 15.42, 'SAD': 28.22, 'SURPRISE': 2.4}
2026-05-26 00:49:13,865 | INFO     | [353748] 🎯 KẾT QUẢ CHỐT: HAPPY (39.92%)
2026-05-26 00:49:13,865 | INFO     | [353748] ⏱️ Thời gian phản hồi: 117.25 ms
2026-05-26 00:49:13,873 | INFO     | [353784] ⏱️ Model inference: 82.47 ms
2026-05-26 00:49:13,873 | INFO     | [353784] 📊 Chi tiết dự đoán: {'ANGRY': 5.54, 'DISGUST': 0.23, 'FEAR': 8.3, 'HAPPY': 36.8, 'NEUTRAL': 17.78, 'SAD': 29.01, 'SURPRISE': 2.35}
2026-05-26 00:49:13,873 | INFO     | [353784] 🎯 KẾT QUẢ CHỐT: HAPPY (36.80%)
2026-05-26 00:49:13,873 | INFO     | [353784] ⏱️ Thời gian phản hồi: 89.41 ms
2026-05-26 00:49:14,291 | INFO     | [354291] ------------------------------------------
2026-05-26 00:49:14,291 | INFO     | [354291] 📥 NHẬN YÊU CẦU QUÉT KHUÔN MẶT MỚI
2026-05-26 00:49:14,291 | INFO     | [354291] ------------------------------------------
2026-05-26 00:49:14,291 | INFO     | [354291] 📥 NHẬN YÊU CẦU QUÉT KHUÔN MẶT MỚI
2026-05-26 00:49:14,292 | INFO     | [354291] Đã xử lý ảnh thành công. Kích thước tensor: (1, 48, 48, 1)
2026-05-26 00:49:14,294 | INFO     | [354291] Đã xử lý ảnh thành công. Kích thước tensor: (1, 48, 48, 1)
2026-05-26 00:49:14,383 | INFO     | [354291] ⏱️ Model inference: 90.67 ms
2026-05-26 00:49:14,383 | INFO     | [354291] 📊 Chi tiết dự đoán: {'ANGRY': 5.85, 'DISGUST': 0.27, 'FEAR': 6.06, 'HAPPY': 52.81, 'NEUTRAL': 12.15, 'SAD': 20.45, 'SURPRISE': 2.41}
2026-05-26 00:49:14,383 | INFO     | [354291] 🎯 KẾT QUẢ CHỐT: HAPPY (52.81%)
2026-05-26 00:49:14,384 | INFO     | [354291] ⏱️ Thời gian phản hồi: 91.68 ms
2026-05-26 00:49:14,385 | INFO     | [354291] ⏱️ Model inference: 89.63 ms
2026-05-26 00:49:14,385 | INFO     | [354291] 📊 Chi tiết dự đoán: {'ANGRY': 5.72, 'DISGUST': 0.23, 'FEAR': 6.12, 'HAPPY': 49.75, 'NEUTRAL': 14.2, 'SAD': 21.84, 'SURPRISE': 2.13}
2026-05-26 00:49:14,385 | INFO     | [354291] 🎯 KẾT QUẢ CHỐT: HAPPY (49.75%)
2026-05-26 00:49:14,385 | INFO     | [354291] ⏱️ Thời gian phản hồi: 93.72 ms
2026-05-26 00:49:14,757 | INFO     | [354757] ------------------------------------------
2026-05-26 00:49:14,759 | INFO     | [354757] 📥 NHẬN YÊU CẦU QUÉT KHUÔN MẶT MỚI
2026-05-26 00:49:14,759 | INFO     | [354757] Đã xử lý ảnh thành công. Kích thước tensor: (1, 48, 48, 1)
2026-05-26 00:49:14,790 | INFO     | [354790] ------------------------------------------
2026-05-26 00:49:14,790 | INFO     | [354790] 📥 NHẬN YÊU CẦU QUÉT KHUÔN MẶT MỚI
2026-05-26 00:49:14,791 | INFO     | [354790] Đã xử lý ảnh thành công. Kích thước tensor: (1, 48, 48, 1)
2026-05-26 00:49:14,832 | INFO     | [354757] ⏱️ Model inference: 73.32 ms
2026-05-26 00:49:14,833 | INFO     | [354757] 📊 Chi tiết dự đoán: {'ANGRY': 5.5, 'DISGUST': 0.26, 'FEAR': 6.28, 'HAPPY': 53.52, 'NEUTRAL': 13.2, 'SAD': 19.04, 'SURPRISE': 2.21}
2026-05-26 00:49:14,833 | INFO     | [354757] 🎯 KẾT QUẢ CHỐT: HAPPY (53.52%)
2026-05-26 00:49:14,833 | INFO     | [354757] ⏱️ Thời gian phản hồi: 74.82 ms
2026-05-26 00:49:14,857 | INFO     | [354790] ⏱️ Model inference: 65.82 ms
2026-05-26 00:49:14,857 | INFO     | [354790] 📊 Chi tiết dự đoán: {'ANGRY': 6.09, 'DISGUST': 0.24, 'FEAR': 6.76, 'HAPPY': 44.05, 'NEUTRAL': 16.28, 'SAD': 24.54, 'SURPRISE': 2.04}
2026-05-26 00:49:14,857 | INFO     | [354790] 🎯 KẾT QUẢ CHỐT: HAPPY (44.05%)
2026-05-26 00:49:14,857 | INFO     | [354790] ⏱️ Thời gian phản hồi: 66.86 ms
2026-05-26 00:49:15,568 | INFO     | [355568] ------------------------------------------
2026-05-26 00:49:15,568 | INFO     | [355568] 📥 NHẬN YÊU CẦU QUÉT KHUÔN MẶT MỚI
2026-05-26 00:49:15,569 | INFO     | [355569] ------------------------------------------
2026-05-26 00:49:15,569 | INFO     | [355569] 📥 NHẬN YÊU CẦU QUÉT KHUÔN MẶT MỚI
2026-05-26 00:49:15,569 | INFO     | [355569] ------------------------------------------
2026-05-26 00:49:15,570 | INFO     | [355569] 📥 NHẬN YÊU CẦU QUÉT KHUÔN MẶT MỚI
2026-05-26 00:49:15,570 | INFO     | [355568] Đã xử lý ảnh thành công. Kích thước tensor: (1, 48, 48, 1)
2026-05-26 00:49:15,572 | INFO     | [355569] Đã xử lý ảnh thành công. Kích thước tensor: (1, 48, 48, 1)
2026-05-26 00:49:15,576 | INFO     | [355569] Đã xử lý ảnh thành công. Kích thước tensor: (1, 48, 48, 1)
2026-05-26 00:49:15,696 | INFO     | [355568] ⏱️ Model inference: 126.47 ms
2026-05-26 00:49:15,698 | INFO     | [355568] 📊 Chi tiết dự đoán: {'ANGRY': 8.47, 'DISGUST': 0.13, 'FEAR': 7.98, 'HAPPY': 13.8, 'NEUTRAL': 17.34, 'SAD': 45.67, 'SURPRISE': 6.62}
2026-05-26 00:49:15,698 | INFO     | [355568] 🎯 KẾT QUẢ CHỐT: SAD (45.67%)
2026-05-26 00:49:15,698 | INFO     | [355568] ⏱️ Thời gian phản hồi: 130.39 ms
2026-05-26 00:49:15,700 | INFO     | [355569] ⏱️ Model inference: 127.44 ms
2026-05-26 00:49:15,701 | INFO     | [355569] 📊 Chi tiết dự đoán: {'ANGRY': 8.41, 'DISGUST': 0.13, 'FEAR': 7.34, 'HAPPY': 12.82, 'NEUTRAL': 18.26, 'SAD': 47.09, 'SURPRISE': 5.96}
2026-05-26 00:49:15,701 | INFO     | [355569] 🎯 KẾT QUẢ CHỐT: SAD (47.09%)
2026-05-26 00:49:15,701 | INFO     | [355569] ⏱️ Thời gian phản hồi: 132.39 ms
2026-05-26 00:49:15,707 | INFO     | [355569] ⏱️ Model inference: 129.22 ms
2026-05-26 00:49:15,707 | INFO     | [355569] 📊 Chi tiết dự đoán: {'ANGRY': 6.41, 'DISGUST': 0.25, 'FEAR': 5.86, 'HAPPY': 51.35, 'NEUTRAL': 14.47, 'SAD': 19.37, 'SURPRISE': 2.29}
2026-05-26 00:49:15,707 | INFO     | [355569] 🎯 KẾT QUẢ CHỐT: HAPPY (51.35%)
2026-05-26 00:49:15,708 | INFO     | [355569] ⏱️ Thời gian phản hồi: 138.09 ms
2026-05-26 00:49:15,880 | INFO     | [355880] ------------------------------------------
2026-05-26 00:49:15,881 | INFO     | [355880] 📥 NHẬN YÊU CẦU QUÉT KHUÔN MẶT MỚI
2026-05-26 00:49:15,882 | INFO     | [355880] Đã xử lý ảnh thành công. Kích thước tensor: (1, 48, 48, 1)
2026-05-26 00:49:15,952 | INFO     | [355880] ⏱️ Model inference: 70.1 ms
2026-05-26 00:49:15,952 | INFO     | [355880] 📊 Chi tiết dự đoán: {'ANGRY': 8.78, 'DISGUST': 0.13, 'FEAR': 7.52, 'HAPPY': 12.97, 'NEUTRAL': 17.2, 'SAD': 47.95, 'SURPRISE': 5.46}
2026-05-26 00:49:15,952 | INFO     | [355880] 🎯 KẾT QUẢ CHỐT: SAD (47.95%)
2026-05-26 00:49:15,952 | INFO     | [355880] ⏱️ Thời gian phản hồi: 72.09 ms
2026-05-26 00:49:15,975 | INFO     | [BATCH-355975] ==========================================
2026-05-26 00:49:15,975 | INFO     | [BATCH-355975] 🎞️ NHẬN CHUỖI 5 KHUNG HÌNH (BATCH)
2026-05-26 00:49:16,392 | INFO     | [BATCH-355975] ⏱️ Batch inference elapsed: 415.74 ms (5 frames)
2026-05-26 00:49:16,393 | INFO     | [BATCH-355975] ↳ Frame 1/5: HAPPY (44.0%)
2026-05-26 00:49:16,393 | INFO     | [BATCH-355975] ↳ Frame 2/5: HAPPY (51.4%)
2026-05-26 00:49:16,393 | INFO     | [BATCH-355975] ↳ Frame 3/5: SAD (47.1%)
2026-05-26 00:49:16,393 | INFO     | [BATCH-355975] ↳ Frame 4/5: SAD (45.7%)
2026-05-26 00:49:16,393 | INFO     | [BATCH-355975] ↳ Frame 5/5: SAD (47.9%)
2026-05-26 00:49:16,393 | INFO     | [BATCH-355975] 🎯 KẾT QUẢ CHUỖI: SAD (Tần suất: {'HAPPY': 2, 'SAD': 3})
2026-05-26 00:49:16,395 | INFO     | [BATCH-355975] ⏱️ Tổng thời gian xử lý: 417.97 ms
2026-05-26 00:49:27,620 | INFO     | [367620] ------------------------------------------
2026-05-26 00:49:27,620 | INFO     | [367620] 📥 NHẬN YÊU CẦU QUÉT KHUÔN MẶT MỚI
2026-05-26 00:49:27,621 | INFO     | [367621] ------------------------------------------
2026-05-26 00:49:27,621 | INFO     | [367621] 📥 NHẬN YÊU CẦU QUÉT KHUÔN MẶT MỚI
2026-05-26 00:49:27,622 | INFO     | [367620] Đã xử lý ảnh thành công. Kích thước tensor: (1, 48, 48, 1)
2026-05-26 00:49:27,625 | INFO     | [367621] Đã xử lý ảnh thành công. Kích thước tensor: (1, 48, 48, 1)
2026-05-26 00:49:27,710 | INFO     | [367620] ⏱️ Model inference: 87.33 ms
2026-05-26 00:49:27,711 | INFO     | [367620] 📊 Chi tiết dự đoán: {'ANGRY': 5.03, 'DISGUST': 0.16, 'FEAR': 7.58, 'HAPPY': 39.17, 'NEUTRAL': 19.78, 'SAD': 26.05, 'SURPRISE': 2.24}
2026-05-26 00:49:27,711 | INFO     | [367620] 🎯 KẾT QUẢ CHỐT: HAPPY (39.17%)
2026-05-26 00:49:27,711 | INFO     | [367620] ⏱️ Thời gian phản hồi: 90.58 ms
2026-05-26 00:49:27,714 | INFO     | [367621] ⏱️ Model inference: 88.09 ms
2026-05-26 00:49:27,715 | INFO     | [367621] 📊 Chi tiết dự đoán: {'ANGRY': 6.2, 'DISGUST': 0.23, 'FEAR': 6.08, 'HAPPY': 42.38, 'NEUTRAL': 19.36, 'SAD': 23.69, 'SURPRISE': 2.05}
2026-05-26 00:49:27,715 | INFO     | [367621] 🎯 KẾT QUẢ CHỐT: HAPPY (42.38%)
2026-05-26 00:49:27,715 | INFO     | [367621] ⏱️ Thời gian phản hồi: 93.42 ms
2026-05-26 00:49:28,083 | INFO     | [368083] ------------------------------------------
2026-05-26 00:49:28,083 | INFO     | [368083] 📥 NHẬN YÊU CẦU QUÉT KHUÔN MẶT MỚI
2026-05-26 00:49:28,083 | INFO     | [368083] Đã xử lý ảnh thành công. Kích thước tensor: (1, 48, 48, 1)
2026-05-26 00:49:28,112 | INFO     | [368112] ------------------------------------------
2026-05-26 00:49:28,112 | INFO     | [368112] 📥 NHẬN YÊU CẦU QUÉT KHUÔN MẶT MỚI
2026-05-26 00:49:28,114 | INFO     | [368112] Đã xử lý ảnh thành công. Kích thước tensor: (1, 48, 48, 1)
2026-05-26 00:49:28,152 | INFO     | [368083] ⏱️ Model inference: 68.16 ms
2026-05-26 00:49:28,152 | INFO     | [368083] 📊 Chi tiết dự đoán: {'ANGRY': 4.95, 'DISGUST': 0.15, 'FEAR': 7.9, 'HAPPY': 36.25, 'NEUTRAL': 18.72, 'SAD': 29.62, 'SURPRISE': 2.42}
2026-05-26 00:49:28,152 | INFO     | [368083] 🎯 KẾT QUẢ CHỐT: HAPPY (36.25%)
2026-05-26 00:49:28,152 | INFO     | [368083] ⏱️ Thời gian phản hồi: 69.24 ms
2026-05-26 00:49:28,175 | INFO     | [368112] ⏱️ Model inference: 61.55 ms
2026-05-26 00:49:28,176 | INFO     | [368112] 📊 Chi tiết dự đoán: {'ANGRY': 6.2, 'DISGUST': 0.25, 'FEAR': 9.6, 'HAPPY': 31.29, 'NEUTRAL': 17.72, 'SAD': 31.93, 'SURPRISE': 3.01}
2026-05-26 00:49:28,176 | INFO     | [368112] 🎯 KẾT QUẢ CHỐT: SAD (31.93%)
2026-05-26 00:49:28,176 | INFO     | [368112] ⏱️ Thời gian phản hồi: 63.9 ms
2026-05-26 00:49:28,502 | INFO     | [368502] ------------------------------------------
2026-05-26 00:49:28,502 | INFO     | [368502] 📥 NHẬN YÊU CẦU QUÉT KHUÔN MẶT MỚI
2026-05-26 00:49:28,503 | INFO     | [368502] Đã xử lý ảnh thành công. Kích thước tensor: (1, 48, 48, 1)
2026-05-26 00:49:28,564 | INFO     | [368502] ⏱️ Model inference: 60.91 ms
2026-05-26 00:49:28,564 | INFO     | [368502] 📊 Chi tiết dự đoán: {'ANGRY': 5.63, 'DISGUST': 0.31, 'FEAR': 9.9, 'HAPPY': 31.43, 'NEUTRAL': 17.41, 'SAD': 32.21, 'SURPRISE': 3.12}
2026-05-26 00:49:28,564 | INFO     | [368502] 🎯 KẾT QUẢ CHỐT: SAD (32.21%)
2026-05-26 00:49:28,564 | INFO     | [368502] ⏱️ Thời gian phản hồi: 61.9 ms
2026-05-26 00:49:28,597 | INFO     | [368597] ------------------------------------------
2026-05-26 00:49:28,597 | INFO     | [368597] 📥 NHẬN YÊU CẦU QUÉT KHUÔN MẶT MỚI
2026-05-26 00:49:28,598 | INFO     | [368597] Đã xử lý ảnh thành công. Kích thước tensor: (1, 48, 48, 1)
2026-05-26 00:49:28,657 | INFO     | [368597] ⏱️ Model inference: 59.48 ms
2026-05-26 00:49:28,658 | INFO     | [368597] 📊 Chi tiết dự đoán: {'ANGRY': 6.2, 'DISGUST': 0.27, 'FEAR': 9.26, 'HAPPY': 40.05, 'NEUTRAL': 14.08, 'SAD': 26.55, 'SURPRISE': 3.59}
2026-05-26 00:49:28,658 | INFO     | [368597] 🎯 KẾT QUẢ CHỐT: HAPPY (40.05%)
2026-05-26 00:49:28,658 | INFO     | [368597] ⏱️ Thời gian phản hồi: 61.09 ms
2026-05-26 00:49:29,063 | INFO     | [369063] ------------------------------------------
2026-05-26 00:49:29,063 | INFO     | [369063] 📥 NHẬN YÊU CẦU QUÉT KHUÔN MẶT MỚI
2026-05-26 00:49:29,064 | INFO     | [369063] Đã xử lý ảnh thành công. Kích thước tensor: (1, 48, 48, 1)
2026-05-26 00:49:29,094 | INFO     | [369094] ------------------------------------------
2026-05-26 00:49:29,094 | INFO     | [369094] 📥 NHẬN YÊU CẦU QUÉT KHUÔN MẶT MỚI
2026-05-26 00:49:29,094 | INFO     | [369094] Đã xử lý ảnh thành công. Kích thước tensor: (1, 48, 48, 1)
2026-05-26 00:49:29,124 | INFO     | [369063] ⏱️ Model inference: 60.84 ms
2026-05-26 00:49:29,126 | INFO     | [369063] 📊 Chi tiết dự đoán: {'ANGRY': 6.59, 'DISGUST': 0.28, 'FEAR': 7.83, 'HAPPY': 33.54, 'NEUTRAL': 20.48, 'SAD': 28.69, 'SURPRISE': 2.6}
2026-05-26 00:49:29,128 | INFO     | [369063] 🎯 KẾT QUẢ CHỐT: HAPPY (33.54%)
2026-05-26 00:49:29,128 | INFO     | [369063] ⏱️ Thời gian phản hồi: 63.38 ms
2026-05-26 00:49:29,160 | INFO     | [369094] ⏱️ Model inference: 65.09 ms
2026-05-26 00:49:29,161 | INFO     | [369094] 📊 Chi tiết dự đoán: {'ANGRY': 5.97, 'DISGUST': 0.24, 'FEAR': 6.59, 'HAPPY': 42.51, 'NEUTRAL': 17.12, 'SAD': 25.22, 'SURPRISE': 2.35}
2026-05-26 00:49:29,161 | INFO     | [369094] 🎯 KẾT QUẢ CHỐT: HAPPY (42.51%)
2026-05-26 00:49:29,161 | INFO     | [369094] ⏱️ Thời gian phản hồi: 67.49 ms
2026-05-26 00:49:29,356 | INFO     | [369356] ------------------------------------------
2026-05-26 00:49:29,356 | INFO     | [369356] 📥 NHẬN YÊU CẦU QUÉT KHUÔN MẶT MỚI
2026-05-26 00:49:29,357 | INFO     | [369356] Đã xử lý ảnh thành công. Kích thước tensor: (1, 48, 48, 1)
2026-05-26 00:49:29,422 | INFO     | [369356] ⏱️ Model inference: 64.67 ms
2026-05-26 00:49:29,422 | INFO     | [369356] 📊 Chi tiết dự đoán: {'ANGRY': 6.08, 'DISGUST': 0.27, 'FEAR': 8.86, 'HAPPY': 32.46, 'NEUTRAL': 17.31, 'SAD': 31.93, 'SURPRISE': 3.09}
2026-05-26 00:49:29,422 | INFO     | [369356] 🎯 KẾT QUẢ CHỐT: HAPPY (32.46%)
2026-05-26 00:49:29,423 | INFO     | [369356] ⏱️ Thời gian phản hồi: 65.69 ms
2026-05-26 00:49:29,638 | INFO     | [369638] ------------------------------------------
2026-05-26 00:49:29,638 | INFO     | [369638] 📥 NHẬN YÊU CẦU QUÉT KHUÔN MẶT MỚI
2026-05-26 00:49:29,638 | INFO     | [369638] Đã xử lý ảnh thành công. Kích thước tensor: (1, 48, 48, 1)
2026-05-26 00:49:29,702 | INFO     | [369638] ⏱️ Model inference: 63.82 ms
2026-05-26 00:49:29,702 | INFO     | [369638] 📊 Chi tiết dự đoán: {'ANGRY': 6.28, 'DISGUST': 0.29, 'FEAR': 9.14, 'HAPPY': 32.43, 'NEUTRAL': 18.15, 'SAD': 30.69, 'SURPRISE': 3.03}
2026-05-26 00:49:29,702 | INFO     | [369638] 🎯 KẾT QUẢ CHỐT: HAPPY (32.43%)
2026-05-26 00:49:29,702 | INFO     | [369638] ⏱️ Thời gian phản hồi: 63.82 ms
2026-05-26 00:49:29,870 | INFO     | [369870] ------------------------------------------
2026-05-26 00:49:29,870 | INFO     | [369870] 📥 NHẬN YÊU CẦU QUÉT KHUÔN MẶT MỚI
2026-05-26 00:49:29,871 | INFO     | [369870] Đã xử lý ảnh thành công. Kích thước tensor: (1, 48, 48, 1)
2026-05-26 00:49:29,938 | INFO     | [369870] ⏱️ Model inference: 66.35 ms
2026-05-26 00:49:29,938 | INFO     | [369870] 📊 Chi tiết dự đoán: {'ANGRY': 5.49, 'DISGUST': 0.21, 'FEAR': 7.59, 'HAPPY': 44.9, 'NEUTRAL': 15.55, 'SAD': 23.51, 'SURPRISE': 2.74}
2026-05-26 00:49:29,938 | INFO     | [369870] 🎯 KẾT QUẢ CHỐT: HAPPY (44.90%)
2026-05-26 00:49:29,938 | INFO     | [369870] ⏱️ Thời gian phản hồi: 67.4 ms
2026-05-26 00:49:30,103 | INFO     | [370103] ------------------------------------------
2026-05-26 00:49:30,105 | INFO     | [370103] 📥 NHẬN YÊU CẦU QUÉT KHUÔN MẶT MỚI
2026-05-26 00:49:30,105 | INFO     | [370103] Đã xử lý ảnh thành công. Kích thước tensor: (1, 48, 48, 1)
2026-05-26 00:49:30,168 | INFO     | [370103] ⏱️ Model inference: 63.74 ms
2026-05-26 00:49:30,168 | INFO     | [370103] 📊 Chi tiết dự đoán: {'ANGRY': 6.36, 'DISGUST': 0.24, 'FEAR': 6.96, 'HAPPY': 32.35, 'NEUTRAL': 20.94, 'SAD': 31.18, 'SURPRISE': 1.97}
2026-05-26 00:49:30,170 | INFO     | [370103] 🎯 KẾT QUẢ CHỐT: HAPPY (32.35%)
2026-05-26 00:49:30,170 | INFO     | [370103] ⏱️ Thời gian phản hồi: 65.06 ms
2026-05-26 00:49:31,058 | INFO     | [371057] ------------------------------------------
2026-05-26 00:49:31,058 | INFO     | [371057] 📥 NHẬN YÊU CẦU QUÉT KHUÔN MẶT MỚI
2026-05-26 00:49:31,058 | INFO     | [371057] Đã xử lý ảnh thành công. Kích thước tensor: (1, 48, 48, 1)
2026-05-26 00:49:31,069 | INFO     | [371069] ------------------------------------------
2026-05-26 00:49:31,070 | INFO     | [371069] 📥 NHẬN YÊU CẦU QUÉT KHUÔN MẶT MỚI
2026-05-26 00:49:31,070 | INFO     | [371070] ------------------------------------------
2026-05-26 00:49:31,071 | INFO     | [371070] 📥 NHẬN YÊU CẦU QUÉT KHUÔN MẶT MỚI
2026-05-26 00:49:31,072 | INFO     | [371069] Đã xử lý ảnh thành công. Kích thước tensor: (1, 48, 48, 1)
2026-05-26 00:49:31,076 | INFO     | [371070] Đã xử lý ảnh thành công. Kích thước tensor: (1, 48, 48, 1)
2026-05-26 00:49:31,161 | INFO     | [371057] ⏱️ Model inference: 102.71 ms
2026-05-26 00:49:31,161 | INFO     | [371057] 📊 Chi tiết dự đoán: {'ANGRY': 5.2, 'DISGUST': 0.21, 'FEAR': 6.17, 'HAPPY': 43.07, 'NEUTRAL': 19.97, 'SAD': 22.95, 'SURPRISE': 2.43}
2026-05-26 00:49:31,161 | INFO     | [371057] 🎯 KẾT QUẢ CHỐT: HAPPY (43.07%)
2026-05-26 00:49:31,161 | INFO     | [371057] ⏱️ Thời gian phản hồi: 103.71 ms
2026-05-26 00:49:31,176 | INFO     | [371175] ------------------------------------------
2026-05-26 00:49:31,176 | INFO     | [371175] 📥 NHẬN YÊU CẦU QUÉT KHUÔN MẶT MỚI
2026-05-26 00:49:31,177 | INFO     | [371175] Đã xử lý ảnh thành công. Kích thước tensor: (1, 48, 48, 1)
2026-05-26 00:49:31,184 | INFO     | [371069] ⏱️ Model inference: 110.8 ms
2026-05-26 00:49:31,186 | INFO     | [371069] 📊 Chi tiết dự đoán: {'ANGRY': 5.24, 'DISGUST': 0.17, 'FEAR': 8.89, 'HAPPY': 35.8, 'NEUTRAL': 19.6, 'SAD': 26.91, 'SURPRISE': 3.4}
2026-05-26 00:49:31,187 | INFO     | [371069] 🎯 KẾT QUẢ CHỐT: HAPPY (35.80%)
2026-05-26 00:49:31,187 | INFO     | [371069] ⏱️ Thời gian phản hồi: 117.0 ms
2026-05-26 00:49:31,188 | INFO     | [371070] ⏱️ Model inference: 110.28 ms
2026-05-26 00:49:31,188 | INFO     | [371070] 📊 Chi tiết dự đoán: {'ANGRY': 5.28, 'DISGUST': 0.27, 'FEAR': 7.95, 'HAPPY': 37.89, 'NEUTRAL': 16.34, 'SAD': 29.35, 'SURPRISE': 2.93}
2026-05-26 00:49:31,188 | INFO     | [371070] 🎯 KẾT QUẢ CHỐT: HAPPY (37.89%)
2026-05-26 00:49:31,189 | INFO     | [371070] ⏱️ Thời gian phản hồi: 117.81 ms
2026-05-26 00:49:31,244 | INFO     | [371175] ⏱️ Model inference: 67.0 ms
2026-05-26 00:49:31,246 | INFO     | [371175] 📊 Chi tiết dự đoán: {'ANGRY': 5.36, 'DISGUST': 0.23, 'FEAR': 9.31, 'HAPPY': 39.3, 'NEUTRAL': 14.18, 'SAD': 28.29, 'SURPRISE': 3.32}
2026-05-26 00:49:31,246 | INFO     | [371175] 🎯 KẾT QUẢ CHỐT: HAPPY (39.30%)
2026-05-26 00:49:31,246 | INFO     | [371175] ⏱️ Thời gian phản hồi: 70.76 ms
2026-05-26 00:49:32,080 | INFO     | [372080] ------------------------------------------
2026-05-26 00:49:32,080 | INFO     | [372080] 📥 NHẬN YÊU CẦU QUÉT KHUÔN MẶT MỚI
2026-05-26 00:49:32,081 | INFO     | [372081] ------------------------------------------
2026-05-26 00:49:32,081 | INFO     | [372081] 📥 NHẬN YÊU CẦU QUÉT KHUÔN MẶT MỚI
2026-05-26 00:49:32,081 | INFO     | [372081] ------------------------------------------
2026-05-26 00:49:32,081 | INFO     | [372081] 📥 NHẬN YÊU CẦU QUÉT KHUÔN MẶT MỚI
2026-05-26 00:49:32,082 | INFO     | [372080] Đã xử lý ảnh thành công. Kích thước tensor: (1, 48, 48, 1)
2026-05-26 00:49:32,084 | INFO     | [372081] Đã xử lý ảnh thành công. Kích thước tensor: (1, 48, 48, 1)
2026-05-26 00:49:32,087 | INFO     | [372081] Đã xử lý ảnh thành công. Kích thước tensor: (1, 48, 48, 1)
2026-05-26 00:49:32,178 | INFO     | [372080] ⏱️ Model inference: 95.81 ms
2026-05-26 00:49:32,178 | INFO     | [372080] 📊 Chi tiết dự đoán: {'ANGRY': 6.34, 'DISGUST': 0.21, 'FEAR': 6.26, 'HAPPY': 39.88, 'NEUTRAL': 17.48, 'SAD': 27.95, 'SURPRISE': 1.87}
2026-05-26 00:49:32,179 | INFO     | [372080] 🎯 KẾT QUẢ CHỐT: HAPPY (39.88%)
2026-05-26 00:49:32,179 | INFO     | [372080] ⏱️ Thời gian phản hồi: 98.18 ms
2026-05-26 00:49:32,187 | INFO     | [372187] ------------------------------------------
2026-05-26 00:49:32,188 | INFO     | [372187] 📥 NHẬN YÊU CẦU QUÉT KHUÔN MẶT MỚI
2026-05-26 00:49:32,188 | INFO     | [372187] Đã xử lý ảnh thành công. Kích thước tensor: (1, 48, 48, 1)
2026-05-26 00:49:32,195 | INFO     | [372081] ⏱️ Model inference: 110.33 ms
2026-05-26 00:49:32,197 | INFO     | [372081] 📊 Chi tiết dự đoán: {'ANGRY': 5.55, 'DISGUST': 0.18, 'FEAR': 5.64, 'HAPPY': 44.48, 'NEUTRAL': 19.39, 'SAD': 22.98, 'SURPRISE': 1.79}
2026-05-26 00:49:32,198 | INFO     | [372081] 🎯 KẾT QUẢ CHỐT: HAPPY (44.48%)
2026-05-26 00:49:32,198 | INFO     | [372081] ⏱️ Thời gian phản hồi: 115.8 ms
2026-05-26 00:49:32,213 | INFO     | [372081] ⏱️ Model inference: 124.85 ms
2026-05-26 00:49:32,213 | INFO     | [372081] 📊 Chi tiết dự đoán: {'ANGRY': 5.94, 'DISGUST': 0.21, 'FEAR': 6.51, 'HAPPY': 38.76, 'NEUTRAL': 19.13, 'SAD': 27.34, 'SURPRISE': 2.11}
2026-05-26 00:49:32,215 | INFO     | [372081] 🎯 KẾT QUẢ CHỐT: HAPPY (38.76%)
2026-05-26 00:49:32,215 | INFO     | [372081] ⏱️ Thời gian phản hồi: 132.77 ms
2026-05-26 00:49:32,259 | INFO     | [372187] ⏱️ Model inference: 70.13 ms
2026-05-26 00:49:32,259 | INFO     | [372187] 📊 Chi tiết dự đoán: {'ANGRY': 6.15, 'DISGUST': 0.19, 'FEAR': 6.36, 'HAPPY': 34.25, 'NEUTRAL': 20.96, 'SAD': 30.35, 'SURPRISE': 1.74}
2026-05-26 00:49:32,259 | INFO     | [372187] 🎯 KẾT QUẢ CHỐT: HAPPY (34.25%)
2026-05-26 00:49:32,260 | INFO     | [372187] ⏱️ Thời gian phản hồi: 72.01 ms
2026-05-26 00:49:32,421 | INFO     | [372421] ------------------------------------------
2026-05-26 00:49:32,421 | INFO     | [372421] 📥 NHẬN YÊU CẦU QUÉT KHUÔN MẶT MỚI
2026-05-26 00:49:32,422 | INFO     | [372421] Đã xử lý ảnh thành công. Kích thước tensor: (1, 48, 48, 1)
2026-05-26 00:49:32,486 | INFO     | [372421] ⏱️ Model inference: 64.13 ms
2026-05-26 00:49:32,487 | INFO     | [372421] 📊 Chi tiết dự đoán: {'ANGRY': 6.42, 'DISGUST': 0.19, 'FEAR': 6.09, 'HAPPY': 37.09, 'NEUTRAL': 20.54, 'SAD': 27.74, 'SURPRISE': 1.93}
2026-05-26 00:49:32,487 | INFO     | [372421] 🎯 KẾT QUẢ CHỐT: HAPPY (37.09%)
2026-05-26 00:49:32,487 | INFO     | [372421] ⏱️ Thời gian phản hồi: 66.38 ms
2026-05-26 00:49:33,061 | INFO     | [373061] ------------------------------------------
2026-05-26 00:49:33,061 | INFO     | [373061] 📥 NHẬN YÊU CẦU QUÉT KHUÔN MẶT MỚI
2026-05-26 00:49:33,062 | INFO     | [373062] ------------------------------------------
2026-05-26 00:49:33,062 | INFO     | [373062] 📥 NHẬN YÊU CẦU QUÉT KHUÔN MẶT MỚI
2026-05-26 00:49:33,062 | INFO     | [373061] Đã xử lý ảnh thành công. Kích thước tensor: (1, 48, 48, 1)
2026-05-26 00:49:33,065 | INFO     | [373062] Đã xử lý ảnh thành công. Kích thước tensor: (1, 48, 48, 1)
2026-05-26 00:49:33,108 | INFO     | [373108] ------------------------------------------
2026-05-26 00:49:33,110 | INFO     | [373108] 📥 NHẬN YÊU CẦU QUÉT KHUÔN MẶT MỚI
2026-05-26 00:49:33,115 | INFO     | [373108] Đã xử lý ảnh thành công. Kích thước tensor: (1, 48, 48, 1)
2026-05-26 00:49:33,163 | INFO     | [373061] ⏱️ Model inference: 100.86 ms
2026-05-26 00:49:33,163 | INFO     | [373061] 📊 Chi tiết dự đoán: {'ANGRY': 10.57, 'DISGUST': 0.16, 'FEAR': 10.63, 'HAPPY': 11.75, 'NEUTRAL': 14.66, 'SAD': 43.45, 'SURPRISE': 8.78}
2026-05-26 00:49:33,163 | INFO     | [373061] 🎯 KẾT QUẢ CHỐT: SAD (43.45%)
2026-05-26 00:49:33,164 | INFO     | [373061] ⏱️ Thời gian phản hồi: 102.32 ms
2026-05-26 00:49:33,168 | INFO     | [373062] ⏱️ Model inference: 103.11 ms
2026-05-26 00:49:33,170 | INFO     | [373062] 📊 Chi tiết dự đoán: {'ANGRY': 8.7, 'DISGUST': 0.17, 'FEAR': 5.37, 'HAPPY': 47.01, 'NEUTRAL': 13.59, 'SAD': 23.56, 'SURPRISE': 1.6}
2026-05-26 00:49:33,170 | INFO     | [373062] 🎯 KẾT QUẢ CHỐT: HAPPY (47.01%)
2026-05-26 00:49:33,170 | INFO     | [373062] ⏱️ Thời gian phản hồi: 107.41 ms
2026-05-26 00:49:33,196 | INFO     | [373108] ⏱️ Model inference: 76.19 ms
2026-05-26 00:49:33,196 | INFO     | [373108] 📊 Chi tiết dự đoán: {'ANGRY': 9.79, 'DISGUST': 0.21, 'FEAR': 5.46, 'HAPPY': 45.27, 'NEUTRAL': 13.08, 'SAD': 24.61, 'SURPRISE': 1.58}
2026-05-26 00:49:33,196 | INFO     | [373108] 🎯 KẾT QUẢ CHỐT: HAPPY (45.27%)
2026-05-26 00:49:33,196 | INFO     | [373108] ⏱️ Thời gian phản hồi: 87.67 ms
2026-05-26 00:49:34,075 | INFO     | [374075] ------------------------------------------
2026-05-26 00:49:34,076 | INFO     | [374075] 📥 NHẬN YÊU CẦU QUÉT KHUÔN MẶT MỚI
2026-05-26 00:49:34,076 | INFO     | [374076] ------------------------------------------
2026-05-26 00:49:34,076 | INFO     | [374076] 📥 NHẬN YÊU CẦU QUÉT KHUÔN MẶT MỚI
2026-05-26 00:49:34,077 | INFO     | [374077] ------------------------------------------
2026-05-26 00:49:34,077 | INFO     | [374077] 📥 NHẬN YÊU CẦU QUÉT KHUÔN MẶT MỚI
2026-05-26 00:49:34,078 | INFO     | [374075] Đã xử lý ảnh thành công. Kích thước tensor: (1, 48, 48, 1)
2026-05-26 00:49:34,080 | INFO     | [374076] Đã xử lý ảnh thành công. Kích thước tensor: (1, 48, 48, 1)
2026-05-26 00:49:34,083 | INFO     | [374077] Đã xử lý ảnh thành công. Kích thước tensor: (1, 48, 48, 1)
2026-05-26 00:49:34,202 | INFO     | [374075] ⏱️ Model inference: 123.63 ms
2026-05-26 00:49:34,203 | INFO     | [374075] 📊 Chi tiết dự đoán: {'ANGRY': 9.78, 'DISGUST': 0.21, 'FEAR': 3.78, 'HAPPY': 56.27, 'NEUTRAL': 11.8, 'SAD': 17.44, 'SURPRISE': 0.73}
2026-05-26 00:49:34,203 | INFO     | [374075] 🎯 KẾT QUẢ CHỐT: HAPPY (56.27%)
2026-05-26 00:49:34,203 | INFO     | [374075] ⏱️ Thời gian phản hồi: 127.88 ms
2026-05-26 00:49:34,211 | INFO     | [374077] ⏱️ Model inference: 126.48 ms
2026-05-26 00:49:34,211 | INFO     | [374077] 📊 Chi tiết dự đoán: {'ANGRY': 13.54, 'DISGUST': 0.32, 'FEAR': 5.19, 'HAPPY': 46.13, 'NEUTRAL': 12.85, 'SAD': 20.7, 'SURPRISE': 1.27}
2026-05-26 00:49:34,211 | INFO     | [374077] 🎯 KẾT QUẢ CHỐT: HAPPY (46.13%)
2026-05-26 00:49:34,211 | INFO     | [374077] ⏱️ Thời gian phản hồi: 134.19 ms
2026-05-26 00:49:34,212 | INFO     | [374076] ⏱️ Model inference: 131.18 ms
2026-05-26 00:49:34,214 | INFO     | [374076] 📊 Chi tiết dự đoán: {'ANGRY': 10.18, 'DISGUST': 0.24, 'FEAR': 5.53, 'HAPPY': 30.19, 'NEUTRAL': 19.2, 'SAD': 33.16, 'SURPRISE': 1.51}
2026-05-26 00:49:34,214 | INFO     | [374076] 🎯 KẾT QUẢ CHỐT: SAD (33.16%)
2026-05-26 00:49:34,214 | INFO     | [374076] ⏱️ Thời gian phản hồi: 137.83 ms
2026-05-26 00:49:34,215 | INFO     | [374215] ------------------------------------------
2026-05-26 00:49:34,215 | INFO     | [374215] 📥 NHẬN YÊU CẦU QUÉT KHUÔN MẶT MỚI
2026-05-26 00:49:34,216 | INFO     | [374215] Đã xử lý ảnh thành công. Kích thước tensor: (1, 48, 48, 1)
2026-05-26 00:49:34,280 | INFO     | [374215] ⏱️ Model inference: 64.58 ms
2026-05-26 00:49:34,280 | INFO     | [374215] 📊 Chi tiết dự đoán: {'ANGRY': 8.32, 'DISGUST': 0.21, 'FEAR': 2.71, 'HAPPY': 68.36, 'NEUTRAL': 9.18, 'SAD': 10.48, 'SURPRISE': 0.74}
2026-05-26 00:49:34,280 | INFO     | [374215] 🎯 KẾT QUẢ CHỐT: HAPPY (68.36%)
2026-05-26 00:49:34,281 | INFO     | [374215] ⏱️ Thời gian phản hồi: 65.58 ms
2026-05-26 00:49:34,835 | INFO     | [374835] ------------------------------------------
2026-05-26 00:49:34,836 | INFO     | [374835] 📥 NHẬN YÊU CẦU QUÉT KHUÔN MẶT MỚI
2026-05-26 00:49:34,836 | INFO     | [374836] ------------------------------------------
2026-05-26 00:49:34,836 | INFO     | [374836] 📥 NHẬN YÊU CẦU QUÉT KHUÔN MẶT MỚI
2026-05-26 00:49:34,837 | INFO     | [374835] Đã xử lý ảnh thành công. Kích thước tensor: (1, 48, 48, 1)
2026-05-26 00:49:34,840 | INFO     | [374836] Đã xử lý ảnh thành công. Kích thước tensor: (1, 48, 48, 1)
2026-05-26 00:49:34,929 | INFO     | [374835] ⏱️ Model inference: 91.87 ms
2026-05-26 00:49:34,930 | INFO     | [374835] 📊 Chi tiết dự đoán: {'ANGRY': 8.83, 'DISGUST': 0.17, 'FEAR': 4.68, 'HAPPY': 32.52, 'NEUTRAL': 20.76, 'SAD': 31.88, 'SURPRISE': 1.16}
2026-05-26 00:49:34,930 | INFO     | [374835] 🎯 KẾT QUẢ CHỐT: HAPPY (32.52%)
2026-05-26 00:49:34,930 | INFO     | [374835] ⏱️ Thời gian phản hồi: 95.36 ms
2026-05-26 00:49:34,932 | INFO     | [374836] ⏱️ Model inference: 91.86 ms
2026-05-26 00:49:34,932 | INFO     | [374836] 📊 Chi tiết dự đoán: {'ANGRY': 10.32, 'DISGUST': 0.21, 'FEAR': 4.79, 'HAPPY': 42.34, 'NEUTRAL': 16.4, 'SAD': 24.82, 'SURPRISE': 1.12}
2026-05-26 00:49:34,932 | INFO     | [374836] 🎯 KẾT QUẢ CHỐT: HAPPY (42.34%)
2026-05-26 00:49:34,932 | INFO     | [374836] ⏱️ Thời gian phản hồi: 95.88 ms
2026-05-26 00:49:35,054 | INFO     | [375054] ------------------------------------------
2026-05-26 00:49:35,054 | INFO     | [375054] 📥 NHẬN YÊU CẦU QUÉT KHUÔN MẶT MỚI
2026-05-26 00:49:35,055 | INFO     | [375054] Đã xử lý ảnh thành công. Kích thước tensor: (1, 48, 48, 1)
2026-05-26 00:49:35,118 | INFO     | [375118] ------------------------------------------
2026-05-26 00:49:35,118 | INFO     | [375118] 📥 NHẬN YÊU CẦU QUÉT KHUÔN MẶT MỚI
2026-05-26 00:49:35,119 | INFO     | [375118] Đã xử lý ảnh thành công. Kích thước tensor: (1, 48, 48, 1)
2026-05-26 00:49:35,127 | INFO     | [375054] ⏱️ Model inference: 71.52 ms
2026-05-26 00:49:35,128 | INFO     | [375054] 📊 Chi tiết dự đoán: {'ANGRY': 9.89, 'DISGUST': 0.21, 'FEAR': 5.5, 'HAPPY': 26.09, 'NEUTRAL': 20.15, 'SAD': 36.8, 'SURPRISE': 1.36}
2026-05-26 00:49:35,129 | INFO     | [375054] 🎯 KẾT QUẢ CHỐT: SAD (36.80%)
2026-05-26 00:49:35,130 | INFO     | [375054] ⏱️ Thời gian phản hồi: 73.52 ms
2026-05-26 00:49:35,196 | INFO     | [375118] ⏱️ Model inference: 76.91 ms
2026-05-26 00:49:35,196 | INFO     | [375118] 📊 Chi tiết dự đoán: {'ANGRY': 9.95, 'DISGUST': 0.2, 'FEAR': 5.82, 'HAPPY': 29.64, 'NEUTRAL': 17.83, 'SAD': 34.97, 'SURPRISE': 1.59}
2026-05-26 00:49:35,196 | INFO     | [375118] 🎯 KẾT QUẢ CHỐT: SAD (34.97%)
2026-05-26 00:49:35,196 | INFO     | [375118] ⏱️ Thời gian phản hồi: 78.13 ms
2026-05-26 00:49:36,072 | INFO     | [376072] ------------------------------------------
2026-05-26 00:49:36,072 | INFO     | [376072] 📥 NHẬN YÊU CẦU QUÉT KHUÔN MẶT MỚI
2026-05-26 00:49:36,072 | INFO     | [376072] ------------------------------------------
2026-05-26 00:49:36,073 | INFO     | [376072] 📥 NHẬN YÊU CẦU QUÉT KHUÔN MẶT MỚI
2026-05-26 00:49:36,073 | INFO     | [376072] Đã xử lý ảnh thành công. Kích thước tensor: (1, 48, 48, 1)
2026-05-26 00:49:36,076 | INFO     | [376072] Đã xử lý ảnh thành công. Kích thước tensor: (1, 48, 48, 1)
2026-05-26 00:49:36,090 | INFO     | [376090] ------------------------------------------
2026-05-26 00:49:36,091 | INFO     | [376090] 📥 NHẬN YÊU CẦU QUÉT KHUÔN MẶT MỚI
2026-05-26 00:49:36,091 | INFO     | [376090] Đã xử lý ảnh thành công. Kích thước tensor: (1, 48, 48, 1)
2026-05-26 00:49:36,182 | INFO     | [376072] ⏱️ Model inference: 108.81 ms
2026-05-26 00:49:36,183 | INFO     | [376072] 📊 Chi tiết dự đoán: {'ANGRY': 10.59, 'DISGUST': 0.24, 'FEAR': 6.27, 'HAPPY': 33.13, 'NEUTRAL': 17.55, 'SAD': 30.42, 'SURPRISE': 1.8}
2026-05-26 00:49:36,183 | INFO     | [376072] 🎯 KẾT QUẢ CHỐT: HAPPY (33.13%)
2026-05-26 00:49:36,183 | INFO     | [376072] ⏱️ Thời gian phản hồi: 111.03 ms
2026-05-26 00:49:36,192 | INFO     | [376072] ⏱️ Model inference: 115.7 ms
2026-05-26 00:49:36,192 | INFO     | [376072] 📊 Chi tiết dự đoán: {'ANGRY': 11.04, 'DISGUST': 0.19, 'FEAR': 5.63, 'HAPPY': 33.36, 'NEUTRAL': 18.99, 'SAD': 29.14, 'SURPRISE': 1.64}
2026-05-26 00:49:36,192 | INFO     | [376072] 🎯 KẾT QUẢ CHỐT: HAPPY (33.36%)
2026-05-26 00:49:36,192 | INFO     | [376072] ⏱️ Thời gian phản hồi: 120.26 ms
2026-05-26 00:49:36,196 | INFO     | [376196] ------------------------------------------
2026-05-26 00:49:36,196 | INFO     | [376196] 📥 NHẬN YÊU CẦU QUÉT KHUÔN MẶT MỚI
2026-05-26 00:49:36,197 | INFO     | [376196] Đã xử lý ảnh thành công. Kích thước tensor: (1, 48, 48, 1)
2026-05-26 00:49:36,205 | INFO     | [376090] ⏱️ Model inference: 112.79 ms
2026-05-26 00:49:36,205 | INFO     | [376090] 📊 Chi tiết dự đoán: {'ANGRY': 10.88, 'DISGUST': 0.26, 'FEAR': 5.56, 'HAPPY': 32.01, 'NEUTRAL': 16.27, 'SAD': 33.52, 'SURPRISE': 1.51}
2026-05-26 00:49:36,206 | INFO     | [376090] 🎯 KẾT QUẢ CHỐT: SAD (33.52%)
2026-05-26 00:49:36,206 | INFO     | [376090] ⏱️ Thời gian phản hồi: 115.14 ms
2026-05-26 00:49:36,266 | INFO     | [376196] ⏱️ Model inference: 69.97 ms
2026-05-26 00:49:36,268 | INFO     | [376196] 📊 Chi tiết dự đoán: {'ANGRY': 10.61, 'DISGUST': 0.2, 'FEAR': 5.06, 'HAPPY': 34.79, 'NEUTRAL': 19.7, 'SAD': 28.4, 'SURPRISE': 1.24}
2026-05-26 00:49:36,268 | INFO     | [376196] 🎯 KẾT QUẢ CHỐT: HAPPY (34.79%)
2026-05-26 00:49:36,268 | INFO     | [376196] ⏱️ Thời gian phản hồi: 71.79 ms
2026-05-26 00:49:37,053 | INFO     | [377053] ------------------------------------------
2026-05-26 00:49:37,053 | INFO     | [377053] 📥 NHẬN YÊU CẦU QUÉT KHUÔN MẶT MỚI
2026-05-26 00:49:37,055 | INFO     | [377055] ------------------------------------------
2026-05-26 00:49:37,055 | INFO     | [377055] 📥 NHẬN YÊU CẦU QUÉT KHUÔN MẶT MỚI
2026-05-26 00:49:37,055 | INFO     | [377055] ------------------------------------------
2026-05-26 00:49:37,056 | INFO     | [377055] 📥 NHẬN YÊU CẦU QUÉT KHUÔN MẶT MỚI
2026-05-26 00:49:37,056 | INFO     | [377053] Đã xử lý ảnh thành công. Kích thước tensor: (1, 48, 48, 1)
2026-05-26 00:49:37,058 | INFO     | [377055] Đã xử lý ảnh thành công. Kích thước tensor: (1, 48, 48, 1)
2026-05-26 00:49:37,063 | INFO     | [377055] Đã xử lý ảnh thành công. Kích thước tensor: (1, 48, 48, 1)
2026-05-26 00:49:37,171 | INFO     | [377055] ⏱️ Model inference: 107.3 ms
2026-05-26 00:49:37,172 | INFO     | [377055] 📊 Chi tiết dự đoán: {'ANGRY': 8.79, 'DISGUST': 0.12, 'FEAR': 8.1, 'HAPPY': 18.27, 'NEUTRAL': 13.91, 'SAD': 44.22, 'SURPRISE': 6.59}
2026-05-26 00:49:37,172 | INFO     | [377055] 🎯 KẾT QUẢ CHỐT: SAD (44.22%)
2026-05-26 00:49:37,172 | INFO     | [377055] ⏱️ Thời gian phản hồi: 117.05 ms
2026-05-26 00:49:37,176 | INFO     | [377055] ⏱️ Model inference: 117.25 ms
2026-05-26 00:49:37,176 | INFO     | [377055] 📊 Chi tiết dự đoán: {'ANGRY': 9.43, 'DISGUST': 0.16, 'FEAR': 5.42, 'HAPPY': 24.6, 'NEUTRAL': 23.75, 'SAD': 34.81, 'SURPRISE': 1.83}
2026-05-26 00:49:37,176 | INFO     | [377055] 🎯 KẾT QUẢ CHỐT: SAD (34.81%)
2026-05-26 00:49:37,176 | INFO     | [377055] ⏱️ Thời gian phản hồi: 121.41 ms
2026-05-26 00:49:37,180 | INFO     | [377180] ------------------------------------------
2026-05-26 00:49:37,180 | INFO     | [377180] 📥 NHẬN YÊU CẦU QUÉT KHUÔN MẶT MỚI
2026-05-26 00:49:37,181 | INFO     | [377180] Đã xử lý ảnh thành công. Kích thước tensor: (1, 48, 48, 1)
2026-05-26 00:49:37,204 | INFO     | [377053] ⏱️ Model inference: 147.79 ms
2026-05-26 00:49:37,204 | INFO     | [377053] 📊 Chi tiết dự đoán: {'ANGRY': 7.94, 'DISGUST': 0.1, 'FEAR': 7.47, 'HAPPY': 20.07, 'NEUTRAL': 15.53, 'SAD': 43.19, 'SURPRISE': 5.7}
2026-05-26 00:49:37,204 | INFO     | [377053] 🎯 KẾT QUẢ CHỐT: SAD (43.19%)
2026-05-26 00:49:37,204 | INFO     | [377053] ⏱️ Thời gian phản hồi: 150.44 ms
2026-05-26 00:49:37,246 | INFO     | [377180] ⏱️ Model inference: 64.81 ms
2026-05-26 00:49:37,246 | INFO     | [377180] 📊 Chi tiết dự đoán: {'ANGRY': 8.25, 'DISGUST': 0.1, 'FEAR': 7.73, 'HAPPY': 20.99, 'NEUTRAL': 14.36, 'SAD': 42.07, 'SURPRISE': 6.51}
2026-05-26 00:49:37,248 | INFO     | [377180] 🎯 KẾT QUẢ CHỐT: SAD (42.07%)
2026-05-26 00:49:37,248 | INFO     | [377180] ⏱️ Thời gian phản hồi: 65.82 ms
2026-05-26 00:49:37,303 | INFO     | [BATCH-377303] ==========================================
2026-05-26 00:49:37,303 | INFO     | [BATCH-377303] 🎞️ NHẬN CHUỖI 5 KHUNG HÌNH (BATCH)
2026-05-26 00:49:37,681 | INFO     | [BATCH-377303] ⏱️ Batch inference elapsed: 376.74 ms (5 frames)
2026-05-26 00:49:37,681 | INFO     | [BATCH-377303] ↳ Frame 1/5: HAPPY (34.8%)
2026-05-26 00:49:37,681 | INFO     | [BATCH-377303] ↳ Frame 2/5: SAD (34.8%)
2026-05-26 00:49:37,681 | INFO     | [BATCH-377303] ↳ Frame 3/5: SAD (44.2%)
2026-05-26 00:49:37,682 | INFO     | [BATCH-377303] ↳ Frame 4/5: SAD (43.2%)
2026-05-26 00:49:37,682 | INFO     | [BATCH-377303] ↳ Frame 5/5: SAD (42.1%)
2026-05-26 00:49:37,682 | INFO     | [BATCH-377303] 🎯 KẾT QUẢ CHUỖI: SAD (Tần suất: {'HAPPY': 1, 'SAD': 4})
2026-05-26 00:49:37,682 | INFO     | [BATCH-377303] ⏱️ Tổng thời gian xử lý: 378.76 ms
2026-05-26 00:50:55,502 | INFO     | [455502] ------------------------------------------
2026-05-26 00:50:55,502 | INFO     | [455502] 📥 NHẬN YÊU CẦU QUÉT KHUÔN MẶT MỚI
2026-05-26 00:50:55,502 | INFO     | [455502] ------------------------------------------
2026-05-26 00:50:55,503 | INFO     | [455502] 📥 NHẬN YÊU CẦU QUÉT KHUÔN MẶT MỚI
2026-05-26 00:50:55,503 | INFO     | [455503] ------------------------------------------
2026-05-26 00:50:55,503 | INFO     | [455503] 📥 NHẬN YÊU CẦU QUÉT KHUÔN MẶT MỚI
2026-05-26 00:50:55,504 | INFO     | [455502] Đã xử lý ảnh thành công. Kích thước tensor: (1, 48, 48, 1)
2026-05-26 00:50:55,506 | INFO     | [455502] Đã xử lý ảnh thành công. Kích thước tensor: (1, 48, 48, 1)
2026-05-26 00:50:55,511 | INFO     | [455503] Đã xử lý ảnh thành công. Kích thước tensor: (1, 48, 48, 1)
2026-05-26 00:50:55,617 | INFO     | [455502] ⏱️ Model inference: 113.11 ms
2026-05-26 00:50:55,617 | INFO     | [455502] 📊 Chi tiết dự đoán: {'ANGRY': 7.27, 'DISGUST': 0.22, 'FEAR': 8.87, 'HAPPY': 36.52, 'NEUTRAL': 17.04, 'SAD': 27.99, 'SURPRISE': 2.09}
2026-05-26 00:50:55,617 | INFO     | [455502] 🎯 KẾT QUẢ CHỐT: HAPPY (36.52%)
2026-05-26 00:50:55,617 | INFO     | [455502] ⏱️ Thời gian phản hồi: 115.12 ms
2026-05-26 00:50:55,623 | INFO     | [455502] ⏱️ Model inference: 115.9 ms
2026-05-26 00:50:55,624 | INFO     | [455502] 📊 Chi tiết dự đoán: {'ANGRY': 5.93, 'DISGUST': 0.16, 'FEAR': 6.23, 'HAPPY': 46.5, 'NEUTRAL': 17.3, 'SAD': 22.33, 'SURPRISE': 1.56}
2026-05-26 00:50:55,624 | INFO     | [455502] 🎯 KẾT QUẢ CHỐT: HAPPY (46.50%)
2026-05-26 00:50:55,624 | INFO     | [455502] ⏱️ Thời gian phản hồi: 122.17 ms
2026-05-26 00:50:55,636 | INFO     | [455636] ------------------------------------------
2026-05-26 00:50:55,636 | INFO     | [455636] 📥 NHẬN YÊU CẦU QUÉT KHUÔN MẶT MỚI
2026-05-26 00:50:55,637 | INFO     | [455636] Đã xử lý ảnh thành công. Kích thước tensor: (1, 48, 48, 1)
2026-05-26 00:50:55,647 | INFO     | [455503] ⏱️ Model inference: 133.98 ms
2026-05-26 00:50:55,648 | INFO     | [455503] 📊 Chi tiết dự đoán: {'ANGRY': 5.95, 'DISGUST': 0.23, 'FEAR': 7.09, 'HAPPY': 49.98, 'NEUTRAL': 12.38, 'SAD': 22.59, 'SURPRISE': 1.79}
2026-05-26 00:50:55,648 | INFO     | [455503] 🎯 KẾT QUẢ CHỐT: HAPPY (49.98%)
2026-05-26 00:50:55,648 | INFO     | [455503] ⏱️ Thời gian phản hồi: 145.84 ms
2026-05-26 00:50:55,696 | INFO     | [455636] ⏱️ Model inference: 59.44 ms
2026-05-26 00:50:55,696 | INFO     | [455636] 📊 Chi tiết dự đoán: {'ANGRY': 6.16, 'DISGUST': 0.25, 'FEAR': 6.81, 'HAPPY': 49.9, 'NEUTRAL': 11.36, 'SAD': 23.48, 'SURPRISE': 2.03}
2026-05-26 00:50:55,696 | INFO     | [455636] 🎯 KẾT QUẢ CHỐT: HAPPY (49.90%)
2026-05-26 00:50:55,697 | INFO     | [455636] ⏱️ Thời gian phản hồi: 60.44 ms
2026-05-26 00:50:56,200 | INFO     | [456200] ------------------------------------------
2026-05-26 00:50:56,200 | INFO     | [456200] 📥 NHẬN YÊU CẦU QUÉT KHUÔN MẶT MỚI
2026-05-26 00:50:56,201 | INFO     | [456201] ------------------------------------------
2026-05-26 00:50:56,201 | INFO     | [456201] 📥 NHẬN YÊU CẦU QUÉT KHUÔN MẶT MỚI
2026-05-26 00:50:56,202 | INFO     | [456200] Đã xử lý ảnh thành công. Kích thước tensor: (1, 48, 48, 1)
2026-05-26 00:50:56,204 | INFO     | [456201] Đã xử lý ảnh thành công. Kích thước tensor: (1, 48, 48, 1)
2026-05-26 00:50:56,292 | INFO     | [456201] ⏱️ Model inference: 87.2 ms
2026-05-26 00:50:56,293 | INFO     | [456201] 📊 Chi tiết dự đoán: {'ANGRY': 5.96, 'DISGUST': 0.22, 'FEAR': 7.36, 'HAPPY': 41.23, 'NEUTRAL': 17.88, 'SAD': 25.48, 'SURPRISE': 1.88}
2026-05-26 00:50:56,293 | INFO     | [456201] 🎯 KẾT QUẢ CHỐT: HAPPY (41.23%)
2026-05-26 00:50:56,293 | INFO     | [456201] ⏱️ Thời gian phản hồi: 90.25 ms
2026-05-26 00:50:56,295 | INFO     | [456200] ⏱️ Model inference: 92.63 ms
2026-05-26 00:50:56,295 | INFO     | [456200] 📊 Chi tiết dự đoán: {'ANGRY': 5.82, 'DISGUST': 0.21, 'FEAR': 6.88, 'HAPPY': 51.53, 'NEUTRAL': 13.0, 'SAD': 20.2, 'SURPRISE': 2.35}
2026-05-26 00:50:56,295 | INFO     | [456200] 🎯 KẾT QUẢ CHỐT: HAPPY (51.53%)
2026-05-26 00:50:56,295 | INFO     | [456200] ⏱️ Thời gian phản hồi: 95.04 ms
2026-05-26 00:50:56,312 | INFO     | [456312] ------------------------------------------
2026-05-26 00:50:56,312 | INFO     | [456312] 📥 NHẬN YÊU CẦU QUÉT KHUÔN MẶT MỚI
2026-05-26 00:50:56,313 | INFO     | [456312] Đã xử lý ảnh thành công. Kích thước tensor: (1, 48, 48, 1)
2026-05-26 00:50:56,374 | INFO     | [456312] ⏱️ Model inference: 61.56 ms
2026-05-26 00:50:56,375 | INFO     | [456312] 📊 Chi tiết dự đoán: {'ANGRY': 6.17, 'DISGUST': 0.24, 'FEAR': 8.58, 'HAPPY': 43.61, 'NEUTRAL': 15.03, 'SAD': 24.43, 'SURPRISE': 1.94}
2026-05-26 00:50:56,375 | INFO     | [456312] 🎯 KẾT QUẢ CHỐT: HAPPY (43.61%)
2026-05-26 00:50:56,375 | INFO     | [456312] ⏱️ Thời gian phản hồi: 63.11 ms
2026-05-26 00:50:56,546 | INFO     | [456546] ------------------------------------------
2026-05-26 00:50:56,546 | INFO     | [456546] 📥 NHẬN YÊU CẦU QUÉT KHUÔN MẶT MỚI
2026-05-26 00:50:56,547 | INFO     | [456546] Đã xử lý ảnh thành công. Kích thước tensor: (1, 48, 48, 1)
2026-05-26 00:50:56,604 | INFO     | [456546] ⏱️ Model inference: 57.49 ms
2026-05-26 00:50:56,604 | INFO     | [456546] 📊 Chi tiết dự đoán: {'ANGRY': 5.25, 'DISGUST': 0.15, 'FEAR': 6.3, 'HAPPY': 53.17, 'NEUTRAL': 13.91, 'SAD': 19.34, 'SURPRISE': 1.88}
2026-05-26 00:50:56,604 | INFO     | [456546] 🎯 KẾT QUẢ CHỐT: HAPPY (53.17%)
2026-05-26 00:50:56,604 | INFO     | [456546] ⏱️ Thời gian phản hồi: 58.58 ms
2026-05-26 00:50:56,798 | INFO     | [456798] ------------------------------------------
2026-05-26 00:50:56,798 | INFO     | [456798] 📥 NHẬN YÊU CẦU QUÉT KHUÔN MẶT MỚI
2026-05-26 00:50:56,799 | INFO     | [456798] Đã xử lý ảnh thành công. Kích thước tensor: (1, 48, 48, 1)
2026-05-26 00:50:56,857 | INFO     | [456798] ⏱️ Model inference: 57.67 ms
2026-05-26 00:50:56,857 | INFO     | [456798] 📊 Chi tiết dự đoán: {'ANGRY': 5.05, 'DISGUST': 0.15, 'FEAR': 6.43, 'HAPPY': 46.38, 'NEUTRAL': 17.88, 'SAD': 22.29, 'SURPRISE': 1.82}
2026-05-26 00:50:56,857 | INFO     | [456798] 🎯 KẾT QUẢ CHỐT: HAPPY (46.38%)
2026-05-26 00:50:56,857 | INFO     | [456798] ⏱️ Thời gian phản hồi: 58.68 ms
2026-05-26 00:50:57,498 | INFO     | [457498] ------------------------------------------
2026-05-26 00:50:57,500 | INFO     | [457498] 📥 NHẬN YÊU CẦU QUÉT KHUÔN MẶT MỚI
2026-05-26 00:50:57,500 | INFO     | [457500] ------------------------------------------
2026-05-26 00:50:57,500 | INFO     | [457500] 📥 NHẬN YÊU CẦU QUÉT KHUÔN MẶT MỚI
2026-05-26 00:50:57,500 | INFO     | [457498] Đã xử lý ảnh thành công. Kích thước tensor: (1, 48, 48, 1)
2026-05-26 00:50:57,504 | INFO     | [457500] Đã xử lý ảnh thành công. Kích thước tensor: (1, 48, 48, 1)
2026-05-26 00:50:57,546 | INFO     | [457546] ------------------------------------------
2026-05-26 00:50:57,547 | INFO     | [457546] 📥 NHẬN YÊU CẦU QUÉT KHUÔN MẶT MỚI
2026-05-26 00:50:57,552 | INFO     | [457546] Đã xử lý ảnh thành công. Kích thước tensor: (1, 48, 48, 1)
2026-05-26 00:50:57,615 | INFO     | [457500] ⏱️ Model inference: 111.38 ms
2026-05-26 00:50:57,617 | INFO     | [457500] 📊 Chi tiết dự đoán: {'ANGRY': 5.57, 'DISGUST': 0.19, 'FEAR': 5.26, 'HAPPY': 50.46, 'NEUTRAL': 14.99, 'SAD': 21.81, 'SURPRISE': 1.72}
2026-05-26 00:50:57,617 | INFO     | [457500] 🎯 KẾT QUẢ CHỐT: HAPPY (50.46%)
2026-05-26 00:50:57,617 | INFO     | [457500] ⏱️ Thời gian phản hồi: 115.15 ms
2026-05-26 00:50:57,617 | INFO     | [457498] ⏱️ Model inference: 117.07 ms
2026-05-26 00:50:57,617 | INFO     | [457498] 📊 Chi tiết dự đoán: {'ANGRY': 5.4, 'DISGUST': 0.18, 'FEAR': 6.37, 'HAPPY': 49.08, 'NEUTRAL': 15.49, 'SAD': 21.79, 'SURPRISE': 1.7}
2026-05-26 00:50:57,619 | INFO     | [457498] 🎯 KẾT QUẢ CHỐT: HAPPY (49.08%)
2026-05-26 00:50:57,619 | INFO     | [457498] ⏱️ Thời gian phản hồi: 119.06 ms
2026-05-26 00:50:57,640 | INFO     | [457546] ⏱️ Model inference: 86.66 ms
2026-05-26 00:50:57,640 | INFO     | [457546] 📊 Chi tiết dự đoán: {'ANGRY': 6.23, 'DISGUST': 0.21, 'FEAR': 5.93, 'HAPPY': 49.32, 'NEUTRAL': 14.89, 'SAD': 21.71, 'SURPRISE': 1.69}
2026-05-26 00:50:57,640 | INFO     | [457546] 🎯 KẾT QUẢ CHỐT: HAPPY (49.32%)
2026-05-26 00:50:57,642 | INFO     | [457546] ⏱️ Thời gian phản hồi: 94.31 ms
2026-05-26 00:50:58,217 | INFO     | [458217] ------------------------------------------
2026-05-26 00:50:58,218 | INFO     | [458217] 📥 NHẬN YÊU CẦU QUÉT KHUÔN MẶT MỚI
2026-05-26 00:50:58,218 | INFO     | [458218] ------------------------------------------
2026-05-26 00:50:58,218 | INFO     | [458218] 📥 NHẬN YÊU CẦU QUÉT KHUÔN MẶT MỚI
2026-05-26 00:50:58,219 | INFO     | [458217] Đã xử lý ảnh thành công. Kích thước tensor: (1, 48, 48, 1)
2026-05-26 00:50:58,220 | INFO     | [458218] Đã xử lý ảnh thành công. Kích thước tensor: (1, 48, 48, 1)
2026-05-26 00:50:58,311 | INFO     | [458218] ⏱️ Model inference: 89.08 ms
2026-05-26 00:50:58,312 | INFO     | [458218] 📊 Chi tiết dự đoán: {'ANGRY': 6.83, 'DISGUST': 0.23, 'FEAR': 5.39, 'HAPPY': 49.14, 'NEUTRAL': 15.65, 'SAD': 21.29, 'SURPRISE': 1.46}
2026-05-26 00:50:58,312 | INFO     | [458218] 🎯 KẾT QUẢ CHỐT: HAPPY (49.14%)
2026-05-26 00:50:58,312 | INFO     | [458218] ⏱️ Thời gian phản hồi: 94.45 ms
2026-05-26 00:50:58,321 | INFO     | [458217] ⏱️ Model inference: 101.32 ms
2026-05-26 00:50:58,321 | INFO     | [458217] 📊 Chi tiết dự đoán: {'ANGRY': 6.0, 'DISGUST': 0.21, 'FEAR': 6.02, 'HAPPY': 48.03, 'NEUTRAL': 17.78, 'SAD': 20.05, 'SURPRISE': 1.91}
2026-05-26 00:50:58,321 | INFO     | [458217] 🎯 KẾT QUẢ CHỐT: HAPPY (48.03%)
2026-05-26 00:50:58,321 | INFO     | [458217] ⏱️ Thời gian phản hồi: 104.34 ms
2026-05-26 00:50:58,498 | INFO     | [458498] ------------------------------------------
2026-05-26 00:50:58,499 | INFO     | [458498] 📥 NHẬN YÊU CẦU QUÉT KHUÔN MẶT MỚI
2026-05-26 00:50:58,499 | INFO     | [458498] Đã xử lý ảnh thành công. Kích thước tensor: (1, 48, 48, 1)
2026-05-26 00:50:58,530 | INFO     | [458530] ------------------------------------------
2026-05-26 00:50:58,531 | INFO     | [458530] 📥 NHẬN YÊU CẦU QUÉT KHUÔN MẶT MỚI
2026-05-26 00:50:58,531 | INFO     | [458530] Đã xử lý ảnh thành công. Kích thước tensor: (1, 48, 48, 1)
2026-05-26 00:50:58,574 | INFO     | [458498] ⏱️ Model inference: 75.12 ms
2026-05-26 00:50:58,574 | INFO     | [458498] 📊 Chi tiết dự đoán: {'ANGRY': 6.49, 'DISGUST': 0.21, 'FEAR': 6.08, 'HAPPY': 48.91, 'NEUTRAL': 15.83, 'SAD': 20.55, 'SURPRISE': 1.93}
2026-05-26 00:50:58,576 | INFO     | [458498] 🎯 KẾT QUẢ CHỐT: HAPPY (48.91%)
2026-05-26 00:50:58,576 | INFO     | [458498] ⏱️ Thời gian phản hồi: 76.18 ms
2026-05-26 00:50:58,599 | INFO     | [458530] ⏱️ Model inference: 67.42 ms
2026-05-26 00:50:58,599 | INFO     | [458530] 📊 Chi tiết dự đoán: {'ANGRY': 9.75, 'DISGUST': 0.14, 'FEAR': 8.65, 'HAPPY': 15.07, 'NEUTRAL': 17.35, 'SAD': 42.14, 'SURPRISE': 6.91}
2026-05-26 00:50:58,599 | INFO     | [458530] 🎯 KẾT QUẢ CHỐT: SAD (42.14%)
2026-05-26 00:50:58,599 | INFO     | [458530] ⏱️ Thời gian phản hồi: 68.5 ms
2026-05-26 00:50:59,509 | INFO     | [459509] ------------------------------------------
2026-05-26 00:50:59,509 | INFO     | [459509] 📥 NHẬN YÊU CẦU QUÉT KHUÔN MẶT MỚI
2026-05-26 00:50:59,509 | INFO     | [459509] ------------------------------------------
2026-05-26 00:50:59,509 | INFO     | [459509] 📥 NHẬN YÊU CẦU QUÉT KHUÔN MẶT MỚI
2026-05-26 00:50:59,510 | INFO     | [459510] ------------------------------------------
2026-05-26 00:50:59,510 | INFO     | [459510] 📥 NHẬN YÊU CẦU QUÉT KHUÔN MẶT MỚI
2026-05-26 00:50:59,510 | INFO     | [459509] Đã xử lý ảnh thành công. Kích thước tensor: (1, 48, 48, 1)
2026-05-26 00:50:59,512 | INFO     | [459509] Đã xử lý ảnh thành công. Kích thước tensor: (1, 48, 48, 1)
2026-05-26 00:50:59,516 | INFO     | [459510] Đã xử lý ảnh thành công. Kích thước tensor: (1, 48, 48, 1)
2026-05-26 00:50:59,626 | INFO     | [459509] ⏱️ Model inference: 112.43 ms
2026-05-26 00:50:59,626 | INFO     | [459509] 📊 Chi tiết dự đoán: {'ANGRY': 9.95, 'DISGUST': 0.17, 'FEAR': 9.4, 'HAPPY': 13.17, 'NEUTRAL': 13.52, 'SAD': 45.71, 'SURPRISE': 8.08}
2026-05-26 00:50:59,626 | INFO     | [459509] 🎯 KẾT QUẢ CHỐT: SAD (45.71%)
2026-05-26 00:50:59,627 | INFO     | [459509] ⏱️ Thời gian phản hồi: 116.87 ms
2026-05-26 00:50:59,633 | INFO     | [459633] ------------------------------------------
2026-05-26 00:50:59,633 | INFO     | [459633] 📥 NHẬN YÊU CẦU QUÉT KHUÔN MẶT MỚI
2026-05-26 00:50:59,634 | INFO     | [459633] Đã xử lý ảnh thành công. Kích thước tensor: (1, 48, 48, 1)
2026-05-26 00:50:59,635 | INFO     | [459509] ⏱️ Model inference: 125.69 ms
2026-05-26 00:50:59,637 | INFO     | [459509] 📊 Chi tiết dự đoán: {'ANGRY': 8.96, 'DISGUST': 0.12, 'FEAR': 8.47, 'HAPPY': 11.46, 'NEUTRAL': 15.32, 'SAD': 48.6, 'SURPRISE': 7.05}
2026-05-26 00:50:59,638 | INFO     | [459509] 🎯 KẾT QUẢ CHỐT: SAD (48.60%)
2026-05-26 00:50:59,638 | INFO     | [459509] ⏱️ Thời gian phản hồi: 128.69 ms
2026-05-26 00:50:59,644 | INFO     | [459510] ⏱️ Model inference: 126.35 ms
2026-05-26 00:50:59,644 | INFO     | [459510] 📊 Chi tiết dự đoán: {'ANGRY': 5.34, 'DISGUST': 0.14, 'FEAR': 5.96, 'HAPPY': 41.54, 'NEUTRAL': 13.4, 'SAD': 31.41, 'SURPRISE': 2.22}
2026-05-26 00:50:59,644 | INFO     | [459510] 🎯 KẾT QUẢ CHỐT: HAPPY (41.54%)
2026-05-26 00:50:59,645 | INFO     | [459510] ⏱️ Thời gian phản hồi: 134.56 ms
2026-05-26 00:50:59,691 | INFO     | [459633] ⏱️ Model inference: 56.98 ms
2026-05-26 00:50:59,691 | INFO     | [459633] 📊 Chi tiết dự đoán: {'ANGRY': 6.34, 'DISGUST': 0.19, 'FEAR': 5.08, 'HAPPY': 55.67, 'NEUTRAL': 12.12, 'SAD': 19.17, 'SURPRISE': 1.43}
2026-05-26 00:50:59,691 | INFO     | [459633] 🎯 KẾT QUẢ CHỐT: HAPPY (55.67%)
2026-05-26 00:50:59,693 | INFO     | [459633] ⏱️ Thời gian phản hồi: 57.98 ms
2026-05-26 00:51:00,226 | INFO     | [460226] ------------------------------------------
2026-05-26 00:51:00,226 | INFO     | [460226] 📥 NHẬN YÊU CẦU QUÉT KHUÔN MẶT MỚI
2026-05-26 00:51:00,227 | INFO     | [460227] ------------------------------------------
2026-05-26 00:51:00,227 | INFO     | [460227] 📥 NHẬN YÊU CẦU QUÉT KHUÔN MẶT MỚI
2026-05-26 00:51:00,228 | INFO     | [460226] Đã xử lý ảnh thành công. Kích thước tensor: (1, 48, 48, 1)
2026-05-26 00:51:00,229 | INFO     | [460227] Đã xử lý ảnh thành công. Kích thước tensor: (1, 48, 48, 1)
2026-05-26 00:51:00,312 | INFO     | [460226] ⏱️ Model inference: 84.0 ms
2026-05-26 00:51:00,312 | INFO     | [460226] 📊 Chi tiết dự đoán: {'ANGRY': 6.66, 'DISGUST': 0.22, 'FEAR': 7.45, 'HAPPY': 41.24, 'NEUTRAL': 14.75, 'SAD': 27.79, 'SURPRISE': 1.9}
2026-05-26 00:51:00,312 | INFO     | [460226] 🎯 KẾT QUẢ CHỐT: HAPPY (41.24%)
2026-05-26 00:51:00,312 | INFO     | [460226] ⏱️ Thời gian phản hồi: 86.03 ms
2026-05-26 00:51:00,325 | INFO     | [460227] ⏱️ Model inference: 93.67 ms
2026-05-26 00:51:00,325 | INFO     | [460227] 📊 Chi tiết dự đoán: {'ANGRY': 6.96, 'DISGUST': 0.2, 'FEAR': 5.29, 'HAPPY': 46.49, 'NEUTRAL': 16.34, 'SAD': 22.95, 'SURPRISE': 1.77}
2026-05-26 00:51:00,325 | INFO     | [460227] 🎯 KẾT QUẢ CHỐT: HAPPY (46.49%)
2026-05-26 00:51:00,325 | INFO     | [460227] ⏱️ Thời gian phản hồi: 98.17 ms
2026-05-26 00:51:00,508 | INFO     | [460508] ------------------------------------------
2026-05-26 00:51:00,508 | INFO     | [460508] 📥 NHẬN YÊU CẦU QUÉT KHUÔN MẶT MỚI
2026-05-26 00:51:00,508 | INFO     | [460508] Đã xử lý ảnh thành công. Kích thước tensor: (1, 48, 48, 1)
2026-05-26 00:51:00,539 | INFO     | [460539] ------------------------------------------
2026-05-26 00:51:00,539 | INFO     | [460539] 📥 NHẬN YÊU CẦU QUÉT KHUÔN MẶT MỚI
2026-05-26 00:51:00,539 | INFO     | [460539] Đã xử lý ảnh thành công. Kích thước tensor: (1, 48, 48, 1)
2026-05-26 00:51:00,564 | INFO     | [460508] ⏱️ Model inference: 55.66 ms
2026-05-26 00:51:00,565 | INFO     | [460508] 📊 Chi tiết dự đoán: {'ANGRY': 6.21, 'DISGUST': 0.21, 'FEAR': 6.55, 'HAPPY': 46.14, 'NEUTRAL': 14.2, 'SAD': 24.45, 'SURPRISE': 2.24}
2026-05-26 00:51:00,566 | INFO     | [460508] 🎯 KẾT QUẢ CHỐT: HAPPY (46.14%)
2026-05-26 00:51:00,566 | INFO     | [460508] ⏱️ Thời gian phản hồi: 56.66 ms
2026-05-26 00:51:00,598 | INFO     | [460539] ⏱️ Model inference: 57.65 ms
2026-05-26 00:51:00,599 | INFO     | [460539] 📊 Chi tiết dự đoán: {'ANGRY': 6.98, 'DISGUST': 0.23, 'FEAR': 5.89, 'HAPPY': 47.95, 'NEUTRAL': 14.32, 'SAD': 22.53, 'SURPRISE': 2.1}
2026-05-26 00:51:00,599 | INFO     | [460539] 🎯 KẾT QUẢ CHỐT: HAPPY (47.95%)
2026-05-26 00:51:00,599 | INFO     | [460539] ⏱️ Thời gian phản hồi: 60.18 ms
2026-05-26 00:51:01,020 | INFO     | [461020] ------------------------------------------
2026-05-26 00:51:01,020 | INFO     | [461020] 📥 NHẬN YÊU CẦU QUÉT KHUÔN MẶT MỚI
2026-05-26 00:51:01,020 | INFO     | [461020] Đã xử lý ảnh thành công. Kích thước tensor: (1, 48, 48, 1)
2026-05-26 00:51:01,072 | INFO     | [461020] ⏱️ Model inference: 51.61 ms
2026-05-26 00:51:01,072 | INFO     | [461020] 📊 Chi tiết dự đoán: {'ANGRY': 6.14, 'DISGUST': 0.23, 'FEAR': 7.25, 'HAPPY': 44.0, 'NEUTRAL': 14.54, 'SAD': 25.94, 'SURPRISE': 1.9}
2026-05-26 00:51:01,073 | INFO     | [461020] 🎯 KẾT QUẢ CHỐT: HAPPY (44.00%)
2026-05-26 00:51:01,073 | INFO     | [461020] ⏱️ Thời gian phản hồi: 52.13 ms
2026-05-26 00:51:01,503 | INFO     | [461503] ------------------------------------------
2026-05-26 00:51:01,503 | INFO     | [461503] 📥 NHẬN YÊU CẦU QUÉT KHUÔN MẶT MỚI
2026-05-26 00:51:01,504 | INFO     | [461504] ------------------------------------------
2026-05-26 00:51:01,504 | INFO     | [461504] 📥 NHẬN YÊU CẦU QUÉT KHUÔN MẶT MỚI
2026-05-26 00:51:01,504 | INFO     | [461503] Đã xử lý ảnh thành công. Kích thước tensor: (1, 48, 48, 1)
2026-05-26 00:51:01,507 | INFO     | [461504] Đã xử lý ảnh thành công. Kích thước tensor: (1, 48, 48, 1)
2026-05-26 00:51:01,533 | INFO     | [461533] ------------------------------------------
2026-05-26 00:51:01,535 | INFO     | [461533] 📥 NHẬN YÊU CẦU QUÉT KHUÔN MẶT MỚI
2026-05-26 00:51:01,539 | INFO     | [461533] Đã xử lý ảnh thành công. Kích thước tensor: (1, 48, 48, 1)
2026-05-26 00:51:01,597 | INFO     | [461503] ⏱️ Model inference: 93.73 ms
2026-05-26 00:51:01,599 | INFO     | [461503] 📊 Chi tiết dự đoán: {'ANGRY': 6.37, 'DISGUST': 0.18, 'FEAR': 7.34, 'HAPPY': 44.52, 'NEUTRAL': 15.94, 'SAD': 23.38, 'SURPRISE': 2.26}
2026-05-26 00:51:01,599 | INFO     | [461503] 🎯 KẾT QUẢ CHỐT: HAPPY (44.52%)
2026-05-26 00:51:01,599 | INFO     | [461503] ⏱️ Thời gian phản hồi: 96.22 ms
2026-05-26 00:51:01,603 | INFO     | [461504] ⏱️ Model inference: 96.62 ms
2026-05-26 00:51:01,603 | INFO     | [461504] 📊 Chi tiết dự đoán: {'ANGRY': 6.28, 'DISGUST': 0.21, 'FEAR': 7.17, 'HAPPY': 41.68, 'NEUTRAL': 16.8, 'SAD': 25.85, 'SURPRISE': 2.0}
2026-05-26 00:51:01,603 | INFO     | [461504] 🎯 KẾT QUẢ CHỐT: HAPPY (41.68%)
2026-05-26 00:51:01,603 | INFO     | [461504] ⏱️ Thời gian phản hồi: 99.62 ms
2026-05-26 00:51:01,626 | INFO     | [461533] ⏱️ Model inference: 84.02 ms
2026-05-26 00:51:01,626 | INFO     | [461533] 📊 Chi tiết dự đoán: {'ANGRY': 7.26, 'DISGUST': 0.25, 'FEAR': 7.4, 'HAPPY': 41.44, 'NEUTRAL': 15.76, 'SAD': 25.34, 'SURPRISE': 2.55}
2026-05-26 00:51:01,626 | INFO     | [461533] 🎯 KẾT QUẢ CHỐT: HAPPY (41.44%)
2026-05-26 00:51:01,627 | INFO     | [461533] ⏱️ Thời gian phản hồi: 93.33 ms
2026-05-26 00:51:02,221 | INFO     | [462221] ------------------------------------------
2026-05-26 00:51:02,221 | INFO     | [462221] 📥 NHẬN YÊU CẦU QUÉT KHUÔN MẶT MỚI
2026-05-26 00:51:02,221 | INFO     | [462221] ------------------------------------------
2026-05-26 00:51:02,222 | INFO     | [462221] 📥 NHẬN YÊU CẦU QUÉT KHUÔN MẶT MỚI
2026-05-26 00:51:02,222 | INFO     | [462221] Đã xử lý ảnh thành công. Kích thước tensor: (1, 48, 48, 1)
2026-05-26 00:51:02,225 | INFO     | [462221] Đã xử lý ảnh thành công. Kích thước tensor: (1, 48, 48, 1)
2026-05-26 00:51:02,310 | INFO     | [462221] ⏱️ Model inference: 88.06 ms
2026-05-26 00:51:02,311 | INFO     | [462221] 📊 Chi tiết dự đoán: {'ANGRY': 6.29, 'DISGUST': 0.23, 'FEAR': 6.77, 'HAPPY': 46.7, 'NEUTRAL': 14.58, 'SAD': 23.24, 'SURPRISE': 2.19}
2026-05-26 00:51:02,311 | INFO     | [462221] 🎯 KẾT QUẢ CHỐT: HAPPY (46.70%)
2026-05-26 00:51:02,311 | INFO     | [462221] ⏱️ Thời gian phản hồi: 89.65 ms
2026-05-26 00:51:02,318 | INFO     | [462221] ⏱️ Model inference: 93.01 ms
2026-05-26 00:51:02,318 | INFO     | [462221] 📊 Chi tiết dự đoán: {'ANGRY': 6.99, 'DISGUST': 0.24, 'FEAR': 7.78, 'HAPPY': 42.82, 'NEUTRAL': 13.12, 'SAD': 26.84, 'SURPRISE': 2.2}
2026-05-26 00:51:02,318 | INFO     | [462221] 🎯 KẾT QUẢ CHỐT: HAPPY (42.82%)
2026-05-26 00:51:02,319 | INFO     | [462221] ⏱️ Thời gian phản hồi: 97.03 ms
2026-05-26 00:51:02,500 | INFO     | [462500] ------------------------------------------
2026-05-26 00:51:02,500 | INFO     | [462500] 📥 NHẬN YÊU CẦU QUÉT KHUÔN MẶT MỚI
2026-05-26 00:51:02,500 | INFO     | [462500] Đã xử lý ảnh thành công. Kích thước tensor: (1, 48, 48, 1)
2026-05-26 00:51:02,532 | INFO     | [462532] ------------------------------------------
2026-05-26 00:51:02,532 | INFO     | [462532] 📥 NHẬN YÊU CẦU QUÉT KHUÔN MẶT MỚI
2026-05-26 00:51:02,533 | INFO     | [462532] Đã xử lý ảnh thành công. Kích thước tensor: (1, 48, 48, 1)
2026-05-26 00:51:02,556 | INFO     | [462500] ⏱️ Model inference: 54.65 ms
2026-05-26 00:51:02,558 | INFO     | [462500] 📊 Chi tiết dự đoán: {'ANGRY': 7.01, 'DISGUST': 0.24, 'FEAR': 6.71, 'HAPPY': 45.0, 'NEUTRAL': 17.01, 'SAD': 21.91, 'SURPRISE': 2.12}
2026-05-26 00:51:02,559 | INFO     | [462500] 🎯 KẾT QUẢ CHỐT: HAPPY (45.00%)
2026-05-26 00:51:02,559 | INFO     | [462500] ⏱️ Thời gian phản hồi: 57.72 ms
2026-05-26 00:51:02,593 | INFO     | [462532] ⏱️ Model inference: 59.67 ms
2026-05-26 00:51:02,593 | INFO     | [462532] 📊 Chi tiết dự đoán: {'ANGRY': 5.29, 'DISGUST': 0.25, 'FEAR': 5.57, 'HAPPY': 55.74, 'NEUTRAL': 11.98, 'SAD': 19.17, 'SURPRISE': 2.0}
2026-05-26 00:51:02,593 | INFO     | [462532] 🎯 KẾT QUẢ CHỐT: HAPPY (55.74%)
2026-05-26 00:51:02,593 | INFO     | [462532] ⏱️ Thời gian phản hồi: 60.68 ms
2026-05-26 00:51:03,423 | INFO     | [463423] ------------------------------------------
2026-05-26 00:51:03,423 | INFO     | [463423] 📥 NHẬN YÊU CẦU QUÉT KHUÔN MẶT MỚI
2026-05-26 00:51:03,423 | INFO     | [463423] ------------------------------------------
2026-05-26 00:51:03,423 | INFO     | [463423] 📥 NHẬN YÊU CẦU QUÉT KHUÔN MẶT MỚI
2026-05-26 00:51:03,424 | INFO     | [463424] ------------------------------------------
2026-05-26 00:51:03,424 | INFO     | [463424] 📥 NHẬN YÊU CẦU QUÉT KHUÔN MẶT MỚI
2026-05-26 00:51:03,425 | INFO     | [463423] Đã xử lý ảnh thành công. Kích thước tensor: (1, 48, 48, 1)
2026-05-26 00:51:03,427 | INFO     | [463423] Đã xử lý ảnh thành công. Kích thước tensor: (1, 48, 48, 1)
2026-05-26 00:51:03,429 | INFO     | [463424] Đã xử lý ảnh thành công. Kích thước tensor: (1, 48, 48, 1)
2026-05-26 00:51:03,536 | INFO     | [463423] ⏱️ Model inference: 107.97 ms
2026-05-26 00:51:03,538 | INFO     | [463423] 📊 Chi tiết dự đoán: {'ANGRY': 5.97, 'DISGUST': 0.19, 'FEAR': 6.31, 'HAPPY': 48.54, 'NEUTRAL': 15.01, 'SAD': 21.99, 'SURPRISE': 1.98}
2026-05-26 00:51:03,538 | INFO     | [463423] 🎯 KẾT QUẢ CHỐT: HAPPY (48.54%)
2026-05-26 00:51:03,538 | INFO     | [463423] ⏱️ Thời gian phản hồi: 113.04 ms
2026-05-26 00:51:03,542 | INFO     | [463423] ⏱️ Model inference: 116.39 ms
2026-05-26 00:51:03,543 | INFO     | [463423] 📊 Chi tiết dự đoán: {'ANGRY': 7.23, 'DISGUST': 0.28, 'FEAR': 7.4, 'HAPPY': 41.93, 'NEUTRAL': 15.46, 'SAD': 25.42, 'SURPRISE': 2.28}
2026-05-26 00:51:03,543 | INFO     | [463423] 🎯 KẾT QUẢ CHỐT: HAPPY (41.93%)
2026-05-26 00:51:03,543 | INFO     | [463423] ⏱️ Thời gian phản hồi: 119.83 ms
2026-05-26 00:51:03,545 | INFO     | [463424] ⏱️ Model inference: 113.48 ms
2026-05-26 00:51:03,545 | INFO     | [463424] 📊 Chi tiết dự đoán: {'ANGRY': 5.9, 'DISGUST': 0.23, 'FEAR': 8.46, 'HAPPY': 40.4, 'NEUTRAL': 16.05, 'SAD': 26.67, 'SURPRISE': 2.3}
2026-05-26 00:51:03,545 | INFO     | [463424] 🎯 KẾT QUẢ CHỐT: HAPPY (40.40%)
2026-05-26 00:51:03,545 | INFO     | [463424] ⏱️ Thời gian phản hồi: 120.99 ms
2026-05-26 00:51:03,547 | INFO     | [463547] ------------------------------------------
2026-05-26 00:51:03,548 | INFO     | [463547] 📥 NHẬN YÊU CẦU QUÉT KHUÔN MẶT MỚI
2026-05-26 00:51:03,548 | INFO     | [463547] Đã xử lý ảnh thành công. Kích thước tensor: (1, 48, 48, 1)
2026-05-26 00:51:03,605 | INFO     | [463547] ⏱️ Model inference: 55.98 ms
2026-05-26 00:51:03,605 | INFO     | [463547] 📊 Chi tiết dự đoán: {'ANGRY': 6.99, 'DISGUST': 0.24, 'FEAR': 6.44, 'HAPPY': 44.13, 'NEUTRAL': 16.0, 'SAD': 24.24, 'SURPRISE': 1.95}
2026-05-26 00:51:03,607 | INFO     | [463547] 🎯 KẾT QUẢ CHỐT: HAPPY (44.13%)
2026-05-26 00:51:03,607 | INFO     | [463547] ⏱️ Thời gian phản hồi: 58.49 ms
2026-05-26 00:51:04,233 | INFO     | [464233] ------------------------------------------
2026-05-26 00:51:04,233 | INFO     | [464233] 📥 NHẬN YÊU CẦU QUÉT KHUÔN MẶT MỚI
2026-05-26 00:51:04,234 | INFO     | [464234] ------------------------------------------
2026-05-26 00:51:04,234 | INFO     | [464234] 📥 NHẬN YÊU CẦU QUÉT KHUÔN MẶT MỚI
2026-05-26 00:51:04,236 | INFO     | [464233] Đã xử lý ảnh thành công. Kích thước tensor: (1, 48, 48, 1)
2026-05-26 00:51:04,238 | INFO     | [464234] Đã xử lý ảnh thành công. Kích thước tensor: (1, 48, 48, 1)
2026-05-26 00:51:04,327 | INFO     | [464233] ⏱️ Model inference: 91.6 ms
2026-05-26 00:51:04,328 | INFO     | [464233] 📊 Chi tiết dự đoán: {'ANGRY': 6.04, 'DISGUST': 0.21, 'FEAR': 6.63, 'HAPPY': 48.47, 'NEUTRAL': 15.69, 'SAD': 20.96, 'SURPRISE': 2.0}
2026-05-26 00:51:04,328 | INFO     | [464233] 🎯 KẾT QUẢ CHỐT: HAPPY (48.47%)
2026-05-26 00:51:04,328 | INFO     | [464233] ⏱️ Thời gian phản hồi: 95.55 ms
2026-05-26 00:51:04,330 | INFO     | [464234] ⏱️ Model inference: 91.23 ms
2026-05-26 00:51:04,330 | INFO     | [464234] 📊 Chi tiết dự đoán: {'ANGRY': 6.19, 'DISGUST': 0.23, 'FEAR': 6.07, 'HAPPY': 53.81, 'NEUTRAL': 12.25, 'SAD': 19.68, 'SURPRISE': 1.77}
2026-05-26 00:51:04,330 | INFO     | [464234] 🎯 KẾT QUẢ CHỐT: HAPPY (53.81%)
2026-05-26 00:51:04,330 | INFO     | [464234] ⏱️ Thời gian phản hồi: 95.75 ms
2026-05-26 00:51:04,502 | INFO     | [464502] ------------------------------------------
2026-05-26 00:51:04,502 | INFO     | [464502] 📥 NHẬN YÊU CẦU QUÉT KHUÔN MẶT MỚI
2026-05-26 00:51:04,502 | INFO     | [464502] Đã xử lý ảnh thành công. Kích thước tensor: (1, 48, 48, 1)
2026-05-26 00:51:04,534 | INFO     | [464534] ------------------------------------------
2026-05-26 00:51:04,535 | INFO     | [464534] 📥 NHẬN YÊU CẦU QUÉT KHUÔN MẶT MỚI
2026-05-26 00:51:04,536 | INFO     | [464534] Đã xử lý ảnh thành công. Kích thước tensor: (1, 48, 48, 1)
2026-05-26 00:51:04,568 | INFO     | [464502] ⏱️ Model inference: 66.01 ms
2026-05-26 00:51:04,569 | INFO     | [464502] 📊 Chi tiết dự đoán: {'ANGRY': 5.48, 'DISGUST': 0.19, 'FEAR': 5.2, 'HAPPY': 57.97, 'NEUTRAL': 12.31, 'SAD': 17.08, 'SURPRISE': 1.77}
2026-05-26 00:51:04,569 | INFO     | [464502] 🎯 KẾT QUẢ CHỐT: HAPPY (57.97%)
2026-05-26 00:51:04,571 | INFO     | [464502] ⏱️ Thời gian phản hồi: 67.19 ms
2026-05-26 00:51:04,596 | INFO     | [464534] ⏱️ Model inference: 59.47 ms
2026-05-26 00:51:04,596 | INFO     | [464534] 📊 Chi tiết dự đoán: {'ANGRY': 6.2, 'DISGUST': 0.26, 'FEAR': 6.0, 'HAPPY': 50.94, 'NEUTRAL': 15.12, 'SAD': 19.52, 'SURPRISE': 1.96}
2026-05-26 00:51:04,597 | INFO     | [464534] 🎯 KẾT QUẢ CHỐT: HAPPY (50.94%)
2026-05-26 00:51:04,597 | INFO     | [464534] ⏱️ Thời gian phản hồi: 61.84 ms
2026-05-26 00:51:04,724 | INFO     | [BATCH-464724] ==========================================
2026-05-26 00:51:04,724 | INFO     | [BATCH-464724] 🎞️ NHẬN CHUỖI 5 KHUNG HÌNH (BATCH)
2026-05-26 00:51:05,086 | INFO     | [BATCH-464724] ⏱️ Batch inference elapsed: 362.36 ms (5 frames)
2026-05-26 00:51:05,086 | INFO     | [BATCH-464724] ↳ Frame 1/5: HAPPY (44.1%)
2026-05-26 00:51:05,086 | INFO     | [BATCH-464724] ↳ Frame 2/5: HAPPY (53.8%)
2026-05-26 00:51:05,086 | INFO     | [BATCH-464724] ↳ Frame 3/5: HAPPY (48.5%)
2026-05-26 00:51:05,088 | INFO     | [BATCH-464724] ↳ Frame 4/5: HAPPY (58.0%)
2026-05-26 00:51:05,088 | INFO     | [BATCH-464724] ↳ Frame 5/5: HAPPY (50.9%)
2026-05-26 00:51:05,088 | INFO     | [BATCH-464724] 🎯 KẾT QUẢ CHUỖI: HAPPY (Tần suất: {'HAPPY': 5})
2026-05-26 00:51:05,088 | INFO     | [BATCH-464724] ⏱️ Tổng thời gian xử lý: 363.79 ms
2026-05-26 00:51:24,217 | INFO     | [484217] ------------------------------------------
2026-05-26 00:51:24,218 | INFO     | [484217] 📥 NHẬN YÊU CẦU QUÉT KHUÔN MẶT MỚI
2026-05-26 00:51:24,218 | INFO     | [484218] ------------------------------------------
2026-05-26 00:51:24,218 | INFO     | [484218] 📥 NHẬN YÊU CẦU QUÉT KHUÔN MẶT MỚI
2026-05-26 00:51:24,219 | INFO     | [484217] Đã xử lý ảnh thành công. Kích thước tensor: (1, 48, 48, 1)
2026-05-26 00:51:24,222 | INFO     | [484218] Đã xử lý ảnh thành công. Kích thước tensor: (1, 48, 48, 1)
2026-05-26 00:51:24,311 | INFO     | [484218] ⏱️ Model inference: 87.9 ms
2026-05-26 00:51:24,311 | INFO     | [484218] 📊 Chi tiết dự đoán: {'ANGRY': 6.34, 'DISGUST': 0.25, 'FEAR': 6.82, 'HAPPY': 41.0, 'NEUTRAL': 17.05, 'SAD': 27.01, 'SURPRISE': 1.53}
2026-05-26 00:51:24,312 | INFO     | [484218] 🎯 KẾT QUẢ CHỐT: HAPPY (41.00%)
2026-05-26 00:51:24,312 | INFO     | [484218] ⏱️ Thời gian phản hồi: 92.52 ms
2026-05-26 00:51:24,313 | INFO     | [484217] ⏱️ Model inference: 92.52 ms
2026-05-26 00:51:24,313 | INFO     | [484217] 📊 Chi tiết dự đoán: {'ANGRY': 5.58, 'DISGUST': 0.22, 'FEAR': 8.39, 'HAPPY': 34.87, 'NEUTRAL': 18.39, 'SAD': 30.71, 'SURPRISE': 1.82}
2026-05-26 00:51:24,313 | INFO     | [484217] 🎯 KẾT QUẢ CHỐT: HAPPY (34.87%)
2026-05-26 00:51:24,313 | INFO     | [484217] ⏱️ Thời gian phản hồi: 95.83 ms
2026-05-26 00:51:24,542 | INFO     | [484542] ------------------------------------------
2026-05-26 00:51:24,542 | INFO     | [484542] 📥 NHẬN YÊU CẦU QUÉT KHUÔN MẶT MỚI
2026-05-26 00:51:24,543 | INFO     | [484542] Đã xử lý ảnh thành công. Kích thước tensor: (1, 48, 48, 1)
2026-05-26 00:51:24,574 | INFO     | [484574] ------------------------------------------
2026-05-26 00:51:24,574 | INFO     | [484574] 📥 NHẬN YÊU CẦU QUÉT KHUÔN MẶT MỚI
2026-05-26 00:51:24,575 | INFO     | [484574] Đã xử lý ảnh thành công. Kích thước tensor: (1, 48, 48, 1)
2026-05-26 00:51:24,618 | INFO     | [484542] ⏱️ Model inference: 74.21 ms
2026-05-26 00:51:24,618 | INFO     | [484542] 📊 Chi tiết dự đoán: {'ANGRY': 5.76, 'DISGUST': 0.22, 'FEAR': 8.59, 'HAPPY': 34.12, 'NEUTRAL': 17.6, 'SAD': 31.93, 'SURPRISE': 1.78}
2026-05-26 00:51:24,618 | INFO     | [484542] 🎯 KẾT QUẢ CHỐT: HAPPY (34.12%)
2026-05-26 00:51:24,618 | INFO     | [484542] ⏱️ Thời gian phản hồi: 75.82 ms
2026-05-26 00:51:24,640 | INFO     | [484574] ⏱️ Model inference: 65.06 ms
2026-05-26 00:51:24,641 | INFO     | [484574] 📊 Chi tiết dự đoán: {'ANGRY': 5.33, 'DISGUST': 0.19, 'FEAR': 8.26, 'HAPPY': 23.82, 'NEUTRAL': 23.63, 'SAD': 37.53, 'SURPRISE': 1.24}
2026-05-26 00:51:24,641 | INFO     | [484574] 🎯 KẾT QUẢ CHỐT: SAD (37.53%)
2026-05-26 00:51:24,641 | INFO     | [484574] ⏱️ Thời gian phản hồi: 67.06 ms
2026-05-26 00:51:25,088 | INFO     | [485088] ------------------------------------------
2026-05-26 00:51:25,089 | INFO     | [485088] 📥 NHẬN YÊU CẦU QUÉT KHUÔN MẶT MỚI
2026-05-26 00:51:25,089 | INFO     | [485089] ------------------------------------------
2026-05-26 00:51:25,089 | INFO     | [485089] 📥 NHẬN YÊU CẦU QUÉT KHUÔN MẶT MỚI
2026-05-26 00:51:25,090 | INFO     | [485088] Đã xử lý ảnh thành công. Kích thước tensor: (1, 48, 48, 1)
2026-05-26 00:51:25,092 | INFO     | [485089] Đã xử lý ảnh thành công. Kích thước tensor: (1, 48, 48, 1)
2026-05-26 00:51:25,190 | INFO     | [485088] ⏱️ Model inference: 100.21 ms
2026-05-26 00:51:25,190 | INFO     | [485088] 📊 Chi tiết dự đoán: {'ANGRY': 5.99, 'DISGUST': 0.22, 'FEAR': 8.65, 'HAPPY': 23.39, 'NEUTRAL': 20.93, 'SAD': 39.25, 'SURPRISE': 1.58}
2026-05-26 00:51:25,190 | INFO     | [485088] 🎯 KẾT QUẢ CHỐT: SAD (39.25%)
2026-05-26 00:51:25,190 | INFO     | [485088] ⏱️ Thời gian phản hồi: 102.49 ms
2026-05-26 00:51:25,194 | INFO     | [485089] ⏱️ Model inference: 100.42 ms
2026-05-26 00:51:25,195 | INFO     | [485089] 📊 Chi tiết dự đoán: {'ANGRY': 5.79, 'DISGUST': 0.22, 'FEAR': 11.36, 'HAPPY': 17.33, 'NEUTRAL': 22.2, 'SAD': 41.29, 'SURPRISE': 1.81}
2026-05-26 00:51:25,195 | INFO     | [485089] 🎯 KẾT QUẢ CHỐT: SAD (41.29%)
2026-05-26 00:51:25,195 | INFO     | [485089] ⏱️ Thời gian phản hồi: 106.22 ms
2026-05-26 00:51:25,524 | INFO     | [485524] ------------------------------------------
2026-05-26 00:51:25,524 | INFO     | [485524] 📥 NHẬN YÊU CẦU QUÉT KHUÔN MẶT MỚI
2026-05-26 00:51:25,525 | INFO     | [485524] Đã xử lý ảnh thành công. Kích thước tensor: (1, 48, 48, 1)
2026-05-26 00:51:25,571 | INFO     | [485569] ------------------------------------------
2026-05-26 00:51:25,571 | INFO     | [485569] 📥 NHẬN YÊU CẦU QUÉT KHUÔN MẶT MỚI
2026-05-26 00:51:25,571 | INFO     | [485569] Đã xử lý ảnh thành công. Kích thước tensor: (1, 48, 48, 1)
2026-05-26 00:51:25,579 | INFO     | [485524] ⏱️ Model inference: 54.44 ms
2026-05-26 00:51:25,580 | INFO     | [485524] 📊 Chi tiết dự đoán: {'ANGRY': 5.87, 'DISGUST': 0.15, 'FEAR': 10.07, 'HAPPY': 32.95, 'NEUTRAL': 19.11, 'SAD': 29.75, 'SURPRISE': 2.09}
2026-05-26 00:51:25,581 | INFO     | [485524] 🎯 KẾT QUẢ CHỐT: HAPPY (32.95%)
2026-05-26 00:51:25,582 | INFO     | [485524] ⏱️ Thời gian phản hồi: 56.6 ms
2026-05-26 00:51:25,634 | INFO     | [485569] ⏱️ Model inference: 63.64 ms
2026-05-26 00:51:25,635 | INFO     | [485569] 📊 Chi tiết dự đoán: {'ANGRY': 6.73, 'DISGUST': 0.21, 'FEAR': 10.02, 'HAPPY': 28.39, 'NEUTRAL': 18.47, 'SAD': 33.88, 'SURPRISE': 2.3}
2026-05-26 00:51:25,635 | INFO     | [485569] 🎯 KẾT QUẢ CHỐT: SAD (33.88%)
2026-05-26 00:51:25,635 | INFO     | [485569] ⏱️ Thời gian phản hồi: 66.08 ms
2026-05-26 00:51:26,225 | INFO     | [486225] ------------------------------------------
2026-05-26 00:51:26,225 | INFO     | [486225] 📥 NHẬN YÊU CẦU QUÉT KHUÔN MẶT MỚI
2026-05-26 00:51:26,226 | INFO     | [486226] ------------------------------------------
2026-05-26 00:51:26,226 | INFO     | [486226] 📥 NHẬN YÊU CẦU QUÉT KHUÔN MẶT MỚI
2026-05-26 00:51:26,227 | INFO     | [486225] Đã xử lý ảnh thành công. Kích thước tensor: (1, 48, 48, 1)
2026-05-26 00:51:26,230 | INFO     | [486226] Đã xử lý ảnh thành công. Kích thước tensor: (1, 48, 48, 1)
2026-05-26 00:51:26,308 | INFO     | [486225] ⏱️ Model inference: 80.89 ms
2026-05-26 00:51:26,308 | INFO     | [486225] 📊 Chi tiết dự đoán: {'ANGRY': 7.36, 'DISGUST': 0.2, 'FEAR': 6.82, 'HAPPY': 33.14, 'NEUTRAL': 22.88, 'SAD': 28.38, 'SURPRISE': 1.21}
2026-05-26 00:51:26,308 | INFO     | [486225] 🎯 KẾT QUẢ CHỐT: HAPPY (33.14%)
2026-05-26 00:51:26,308 | INFO     | [486225] ⏱️ Thời gian phản hồi: 83.56 ms
2026-05-26 00:51:26,313 | INFO     | [486226] ⏱️ Model inference: 82.58 ms
2026-05-26 00:51:26,313 | INFO     | [486226] 📊 Chi tiết dự đoán: {'ANGRY': 7.05, 'DISGUST': 0.15, 'FEAR': 6.97, 'HAPPY': 30.38, 'NEUTRAL': 24.01, 'SAD': 30.03, 'SURPRISE': 1.41}
2026-05-26 00:51:26,313 | INFO     | [486226] 🎯 KẾT QUẢ CHỐT: HAPPY (30.38%)
2026-05-26 00:51:26,314 | INFO     | [486226] ⏱️ Thời gian phản hồi: 87.05 ms
2026-05-26 00:51:26,335 | INFO     | [486335] ------------------------------------------
2026-05-26 00:51:26,335 | INFO     | [486335] 📥 NHẬN YÊU CẦU QUÉT KHUÔN MẶT MỚI
2026-05-26 00:51:26,336 | INFO     | [486335] Đã xử lý ảnh thành công. Kích thước tensor: (1, 48, 48, 1)
2026-05-26 00:51:26,397 | INFO     | [486335] ⏱️ Model inference: 61.08 ms
2026-05-26 00:51:26,399 | INFO     | [486335] 📊 Chi tiết dự đoán: {'ANGRY': 6.97, 'DISGUST': 0.21, 'FEAR': 8.58, 'HAPPY': 27.28, 'NEUTRAL': 19.04, 'SAD': 35.92, 'SURPRISE': 2.01}
2026-05-26 00:51:26,399 | INFO     | [486335] 🎯 KẾT QUẢ CHỐT: SAD (35.92%)
2026-05-26 00:51:26,399 | INFO     | [486335] ⏱️ Thời gian phản hồi: 63.82 ms
2026-05-26 00:51:26,568 | INFO     | [486568] ------------------------------------------
2026-05-26 00:51:26,569 | INFO     | [486568] 📥 NHẬN YÊU CẦU QUÉT KHUÔN MẶT MỚI
2026-05-26 00:51:26,569 | INFO     | [486568] Đã xử lý ảnh thành công. Kích thước tensor: (1, 48, 48, 1)
2026-05-26 00:51:26,639 | INFO     | [486568] ⏱️ Model inference: 69.72 ms
2026-05-26 00:51:26,639 | INFO     | [486568] 📊 Chi tiết dự đoán: {'ANGRY': 6.29, 'DISGUST': 0.24, 'FEAR': 7.05, 'HAPPY': 30.89, 'NEUTRAL': 18.5, 'SAD': 35.79, 'SURPRISE': 1.24}
2026-05-26 00:51:26,639 | INFO     | [486568] 🎯 KẾT QUẢ CHỐT: SAD (35.79%)
2026-05-26 00:51:26,639 | INFO     | [486568] ⏱️ Thời gian phản hồi: 70.82 ms
2026-05-26 00:51:27,490 | INFO     | [487490] ------------------------------------------
2026-05-26 00:51:27,490 | INFO     | [487490] 📥 NHẬN YÊU CẦU QUÉT KHUÔN MẶT MỚI
2026-05-26 00:51:27,491 | INFO     | [487490] Đã xử lý ảnh thành công. Kích thước tensor: (1, 48, 48, 1)
2026-05-26 00:51:27,498 | INFO     | [487498] ------------------------------------------
2026-05-26 00:51:27,500 | INFO     | [487498] 📥 NHẬN YÊU CẦU QUÉT KHUÔN MẶT MỚI
2026-05-26 00:51:27,501 | INFO     | [487501] ------------------------------------------
2026-05-26 00:51:27,501 | INFO     | [487501] 📥 NHẬN YÊU CẦU QUÉT KHUÔN MẶT MỚI
2026-05-26 00:51:27,502 | INFO     | [487498] Đã xử lý ảnh thành công. Kích thước tensor: (1, 48, 48, 1)
2026-05-26 00:51:27,504 | INFO     | [487501] Đã xử lý ảnh thành công. Kích thước tensor: (1, 48, 48, 1)
2026-05-26 00:51:27,600 | INFO     | [487490] ⏱️ Model inference: 107.56 ms
2026-05-26 00:51:27,600 | INFO     | [487490] 📊 Chi tiết dự đoán: {'ANGRY': 6.11, 'DISGUST': 0.22, 'FEAR': 8.07, 'HAPPY': 30.84, 'NEUTRAL': 19.53, 'SAD': 33.61, 'SURPRISE': 1.63}
2026-05-26 00:51:27,600 | INFO     | [487490] 🎯 KẾT QUẢ CHỐT: SAD (33.61%)
2026-05-26 00:51:27,600 | INFO     | [487490] ⏱️ Thời gian phản hồi: 109.93 ms
2026-05-26 00:51:27,606 | INFO     | [487498] ⏱️ Model inference: 103.76 ms
2026-05-26 00:51:27,608 | INFO     | [487498] 📊 Chi tiết dự đoán: {'ANGRY': 7.31, 'DISGUST': 0.2, 'FEAR': 6.01, 'HAPPY': 34.06, 'NEUTRAL': 19.38, 'SAD': 31.55, 'SURPRISE': 1.49}
2026-05-26 00:51:27,608 | INFO     | [487498] 🎯 KẾT QUẢ CHỐT: HAPPY (34.06%)
2026-05-26 00:51:27,608 | INFO     | [487498] ⏱️ Thời gian phản hồi: 109.38 ms
2026-05-26 00:51:27,610 | INFO     | [487610] ------------------------------------------
2026-05-26 00:51:27,610 | INFO     | [487610] 📥 NHẬN YÊU CẦU QUÉT KHUÔN MẶT MỚI
2026-05-26 00:51:27,610 | INFO     | [487610] Đã xử lý ảnh thành công. Kích thước tensor: (1, 48, 48, 1)
2026-05-26 00:51:27,614 | INFO     | [487501] ⏱️ Model inference: 107.67 ms
2026-05-26 00:51:27,615 | INFO     | [487501] 📊 Chi tiết dự đoán: {'ANGRY': 5.76, 'DISGUST': 0.2, 'FEAR': 8.36, 'HAPPY': 31.95, 'NEUTRAL': 20.14, 'SAD': 31.51, 'SURPRISE': 2.08}
2026-05-26 00:51:27,615 | INFO     | [487501] 🎯 KẾT QUẢ CHỐT: HAPPY (31.95%)
2026-05-26 00:51:27,617 | INFO     | [487501] ⏱️ Thời gian phản hồi: 113.56 ms
2026-05-26 00:51:27,667 | INFO     | [487610] ⏱️ Model inference: 57.46 ms
2026-05-26 00:51:27,667 | INFO     | [487610] 📊 Chi tiết dự đoán: {'ANGRY': 5.86, 'DISGUST': 0.19, 'FEAR': 7.75, 'HAPPY': 27.97, 'NEUTRAL': 23.98, 'SAD': 32.58, 'SURPRISE': 1.68}
2026-05-26 00:51:27,667 | INFO     | [487610] 🎯 KẾT QUẢ CHỐT: SAD (32.58%)
2026-05-26 00:51:27,667 | INFO     | [487610] ⏱️ Thời gian phản hồi: 57.46 ms
2026-05-26 00:51:28,232 | INFO     | [488232] ------------------------------------------
2026-05-26 00:51:28,232 | INFO     | [488232] 📥 NHẬN YÊU CẦU QUÉT KHUÔN MẶT MỚI
2026-05-26 00:51:28,234 | INFO     | [488234] ------------------------------------------
2026-05-26 00:51:28,234 | INFO     | [488234] 📥 NHẬN YÊU CẦU QUÉT KHUÔN MẶT MỚI
2026-05-26 00:51:28,235 | INFO     | [488232] Đã xử lý ảnh thành công. Kích thước tensor: (1, 48, 48, 1)
2026-05-26 00:51:28,237 | INFO     | [488234] Đã xử lý ảnh thành công. Kích thước tensor: (1, 48, 48, 1)
2026-05-26 00:51:28,319 | INFO     | [488234] ⏱️ Model inference: 80.74 ms
2026-05-26 00:51:28,319 | INFO     | [488234] 📊 Chi tiết dự đoán: {'ANGRY': 6.07, 'DISGUST': 0.18, 'FEAR': 7.19, 'HAPPY': 34.52, 'NEUTRAL': 19.77, 'SAD': 30.87, 'SURPRISE': 1.4}
2026-05-26 00:51:28,319 | INFO     | [488234] 🎯 KẾT QUẢ CHỐT: HAPPY (34.52%)
2026-05-26 00:51:28,319 | INFO     | [488234] ⏱️ Thời gian phản hồi: 84.79 ms
2026-05-26 00:51:28,320 | INFO     | [488232] ⏱️ Model inference: 85.03 ms
2026-05-26 00:51:28,320 | INFO     | [488232] 📊 Chi tiết dự đoán: {'ANGRY': 5.69, 'DISGUST': 0.16, 'FEAR': 7.77, 'HAPPY': 32.77, 'NEUTRAL': 20.28, 'SAD': 31.84, 'SURPRISE': 1.49}
2026-05-26 00:51:28,320 | INFO     | [488232] 🎯 KẾT QUẢ CHỐT: HAPPY (32.77%)
2026-05-26 00:51:28,321 | INFO     | [488232] ⏱️ Thời gian phản hồi: 87.66 ms
2026-05-26 00:51:28,622 | INFO     | [488622] ------------------------------------------
2026-05-26 00:51:28,623 | INFO     | [488622] 📥 NHẬN YÊU CẦU QUÉT KHUÔN MẶT MỚI
2026-05-26 00:51:28,623 | INFO     | [488623] ------------------------------------------
2026-05-26 00:51:28,623 | INFO     | [488623] 📥 NHẬN YÊU CẦU QUÉT KHUÔN MẶT MỚI
2026-05-26 00:51:28,624 | INFO     | [488622] Đã xử lý ảnh thành công. Kích thước tensor: (1, 48, 48, 1)
2026-05-26 00:51:28,627 | INFO     | [488623] Đã xử lý ảnh thành công. Kích thước tensor: (1, 48, 48, 1)
2026-05-26 00:51:28,712 | INFO     | [488623] ⏱️ Model inference: 84.05 ms
2026-05-26 00:51:28,712 | INFO     | [488623] 📊 Chi tiết dự đoán: {'ANGRY': 6.39, 'DISGUST': 0.19, 'FEAR': 8.32, 'HAPPY': 31.97, 'NEUTRAL': 16.41, 'SAD': 34.8, 'SURPRISE': 1.92}
2026-05-26 00:51:28,712 | INFO     | [488623] 🎯 KẾT QUẢ CHỐT: SAD (34.80%)
2026-05-26 00:51:28,712 | INFO     | [488623] ⏱️ Thời gian phản hồi: 88.55 ms
2026-05-26 00:51:28,720 | INFO     | [488622] ⏱️ Model inference: 95.51 ms
2026-05-26 00:51:28,720 | INFO     | [488622] 📊 Chi tiết dự đoán: {'ANGRY': 7.12, 'DISGUST': 0.19, 'FEAR': 5.41, 'HAPPY': 39.72, 'NEUTRAL': 16.59, 'SAD': 29.59, 'SURPRISE': 1.37}
2026-05-26 00:51:28,720 | INFO     | [488622] 🎯 KẾT QUẢ CHỐT: HAPPY (39.72%)
2026-05-26 00:51:28,720 | INFO     | [488622] ⏱️ Thời gian phản hồi: 98.17 ms
2026-05-26 00:51:29,510 | INFO     | [489510] ------------------------------------------
2026-05-26 00:51:29,510 | INFO     | [489510] 📥 NHẬN YÊU CẦU QUÉT KHUÔN MẶT MỚI
2026-05-26 00:51:29,511 | INFO     | [489511] ------------------------------------------
2026-05-26 00:51:29,511 | INFO     | [489511] 📥 NHẬN YÊU CẦU QUÉT KHUÔN MẶT MỚI
2026-05-26 00:51:29,512 | INFO     | [489512] ------------------------------------------
2026-05-26 00:51:29,512 | INFO     | [489512] 📥 NHẬN YÊU CẦU QUÉT KHUÔN MẶT MỚI
2026-05-26 00:51:29,512 | INFO     | [489510] Đã xử lý ảnh thành công. Kích thước tensor: (1, 48, 48, 1)
2026-05-26 00:51:29,514 | INFO     | [489511] Đã xử lý ảnh thành công. Kích thước tensor: (1, 48, 48, 1)
2026-05-26 00:51:30,003 | INFO     | [489512] Đã xử lý ảnh thành công. Kích thước tensor: (1, 48, 48, 1)
2026-05-26 00:51:30,103 | INFO     | [489512] ⏱️ Model inference: 98.01 ms
2026-05-26 00:51:30,103 | INFO     | [489512] 📊 Chi tiết dự đoán: {'ANGRY': 5.97, 'DISGUST': 0.23, 'FEAR': 7.97, 'HAPPY': 31.1, 'NEUTRAL': 18.32, 'SAD': 34.42, 'SURPRISE': 2.0}
2026-05-26 00:51:30,103 | INFO     | [489512] 🎯 KẾT QUẢ CHỐT: SAD (34.42%)
2026-05-26 00:51:30,104 | INFO     | [489512] ⏱️ Thời gian phản hồi: 591.82 ms
2026-05-26 00:51:30,106 | INFO     | [489510] ⏱️ Model inference: 594.82 ms
2026-05-26 00:51:30,107 | INFO     | [489510] 📊 Chi tiết dự đoán: {'ANGRY': 7.01, 'DISGUST': 0.27, 'FEAR': 7.88, 'HAPPY': 31.99, 'NEUTRAL': 16.56, 'SAD': 34.15, 'SURPRISE': 2.14}
2026-05-26 00:51:30,109 | INFO     | [489510] 🎯 KẾT QUẢ CHỐT: SAD (34.15%)
2026-05-26 00:51:30,110 | INFO     | [489510] ⏱️ Thời gian phản hồi: 597.82 ms
2026-05-26 00:51:30,118 | INFO     | [490118] ------------------------------------------
2026-05-26 00:51:30,120 | INFO     | [490118] 📥 NHẬN YÊU CẦU QUÉT KHUÔN MẶT MỚI
2026-05-26 00:51:30,121 | INFO     | [490121] ------------------------------------------
2026-05-26 00:51:30,121 | INFO     | [490121] 📥 NHẬN YÊU CẦU QUÉT KHUÔN MẶT MỚI
2026-05-26 00:51:30,123 | INFO     | [490118] Đã xử lý ảnh thành công. Kích thước tensor: (1, 48, 48, 1)
2026-05-26 00:51:30,127 | INFO     | [490121] Đã xử lý ảnh thành công. Kích thước tensor: (1, 48, 48, 1)
2026-05-26 00:51:30,212 | INFO     | [489511] ⏱️ Model inference: 696.18 ms
2026-05-26 00:51:30,212 | INFO     | [489511] 📊 Chi tiết dự đoán: {'ANGRY': 5.48, 'DISGUST': 0.21, 'FEAR': 8.05, 'HAPPY': 34.37, 'NEUTRAL': 16.25, 'SAD': 33.7, 'SURPRISE': 1.95}
2026-05-26 00:51:30,212 | INFO     | [489511] 🎯 KẾT QUẢ CHỐT: HAPPY (34.37%)
2026-05-26 00:51:30,212 | INFO     | [489511] ⏱️ Thời gian phản hồi: 701.63 ms
2026-05-26 00:51:30,225 | INFO     | [490225] ------------------------------------------
2026-05-26 00:51:30,225 | INFO     | [490225] 📥 NHẬN YÊU CẦU QUÉT KHUÔN MẶT MỚI
2026-05-26 00:51:30,226 | INFO     | [490225] Đã xử lý ảnh thành công. Kích thước tensor: (1, 48, 48, 1)
2026-05-26 00:51:30,232 | INFO     | [490118] ⏱️ Model inference: 108.1 ms
2026-05-26 00:51:30,233 | INFO     | [490118] 📊 Chi tiết dự đoán: {'ANGRY': 6.55, 'DISGUST': 0.21, 'FEAR': 8.95, 'HAPPY': 29.81, 'NEUTRAL': 20.59, 'SAD': 32.12, 'SURPRISE': 1.76}
2026-05-26 00:51:30,235 | INFO     | [490118] 🎯 KẾT QUẢ CHỐT: SAD (32.12%)
2026-05-26 00:51:30,235 | INFO     | [490118] ⏱️ Thời gian phản hồi: 114.98 ms
2026-05-26 00:51:30,236 | INFO     | [490121] ⏱️ Model inference: 107.88 ms
2026-05-26 00:51:30,237 | INFO     | [490121] 📊 Chi tiết dự đoán: {'ANGRY': 6.46, 'DISGUST': 0.26, 'FEAR': 6.98, 'HAPPY': 37.31, 'NEUTRAL': 16.61, 'SAD': 30.78, 'SURPRISE': 1.59}
2026-05-26 00:51:30,237 | INFO     | [490121] 🎯 KẾT QUẢ CHỐT: HAPPY (37.31%)
2026-05-26 00:51:30,237 | INFO     | [490121] ⏱️ Thời gian phản hồi: 116.66 ms
2026-05-26 00:51:30,293 | INFO     | [490225] ⏱️ Model inference: 67.1 ms
2026-05-26 00:51:30,293 | INFO     | [490225] 📊 Chi tiết dự đoán: {'ANGRY': 6.63, 'DISGUST': 0.18, 'FEAR': 6.23, 'HAPPY': 37.96, 'NEUTRAL': 19.7, 'SAD': 27.89, 'SURPRISE': 1.41}
2026-05-26 00:51:30,293 | INFO     | [490225] 🎯 KẾT QUẢ CHỐT: HAPPY (37.96%)
2026-05-26 00:51:30,295 | INFO     | [490225] ⏱️ Thời gian phản hồi: 68.62 ms
2026-05-26 00:51:30,537 | INFO     | [490537] ------------------------------------------
2026-05-26 00:51:30,537 | INFO     | [490537] 📥 NHẬN YÊU CẦU QUÉT KHUÔN MẶT MỚI
2026-05-26 00:51:30,538 | INFO     | [490537] Đã xử lý ảnh thành công. Kích thước tensor: (1, 48, 48, 1)
2026-05-26 00:51:30,568 | INFO     | [490568] ------------------------------------------
2026-05-26 00:51:30,569 | INFO     | [490568] 📥 NHẬN YÊU CẦU QUÉT KHUÔN MẶT MỚI
2026-05-26 00:51:30,569 | INFO     | [490568] Đã xử lý ảnh thành công. Kích thước tensor: (1, 48, 48, 1)
2026-05-26 00:51:30,609 | INFO     | [490537] ⏱️ Model inference: 71.47 ms
2026-05-26 00:51:30,609 | INFO     | [490537] 📊 Chi tiết dự đoán: {'ANGRY': 6.14, 'DISGUST': 0.2, 'FEAR': 7.47, 'HAPPY': 31.71, 'NEUTRAL': 19.03, 'SAD': 33.91, 'SURPRISE': 1.54}
2026-05-26 00:51:30,609 | INFO     | [490537] 🎯 KẾT QUẢ CHỐT: SAD (33.91%)
2026-05-26 00:51:30,609 | INFO     | [490537] ⏱️ Thời gian phản hồi: 72.47 ms
2026-05-26 00:51:30,635 | INFO     | [490568] ⏱️ Model inference: 64.42 ms
2026-05-26 00:51:30,635 | INFO     | [490568] 📊 Chi tiết dự đoán: {'ANGRY': 6.07, 'DISGUST': 0.16, 'FEAR': 5.72, 'HAPPY': 38.48, 'NEUTRAL': 19.57, 'SAD': 28.47, 'SURPRISE': 1.53}
2026-05-26 00:51:30,635 | INFO     | [490568] 🎯 KẾT QUẢ CHỐT: HAPPY (38.48%)
2026-05-26 00:51:30,635 | INFO     | [490568] ⏱️ Thời gian phản hồi: 66.84 ms
2026-05-26 00:51:31,520 | INFO     | [491520] ------------------------------------------
2026-05-26 00:51:31,520 | INFO     | [491520] 📥 NHẬN YÊU CẦU QUÉT KHUÔN MẶT MỚI
2026-05-26 00:51:31,520 | INFO     | [491520] ------------------------------------------
2026-05-26 00:51:31,520 | INFO     | [491520] 📥 NHẬN YÊU CẦU QUÉT KHUÔN MẶT MỚI
2026-05-26 00:51:31,521 | INFO     | [491521] ------------------------------------------
2026-05-26 00:51:31,521 | INFO     | [491521] 📥 NHẬN YÊU CẦU QUÉT KHUÔN MẶT MỚI
2026-05-26 00:51:31,521 | INFO     | [491520] Đã xử lý ảnh thành công. Kích thước tensor: (1, 48, 48, 1)
2026-05-26 00:51:31,523 | INFO     | [491520] Đã xử lý ảnh thành công. Kích thước tensor: (1, 48, 48, 1)
2026-05-26 00:51:31,528 | INFO     | [491521] Đã xử lý ảnh thành công. Kích thước tensor: (1, 48, 48, 1)
2026-05-26 00:51:31,629 | INFO     | [491520] ⏱️ Model inference: 106.38 ms
2026-05-26 00:51:31,630 | INFO     | [491520] 📊 Chi tiết dự đoán: {'ANGRY': 6.8, 'DISGUST': 0.21, 'FEAR': 8.33, 'HAPPY': 30.41, 'NEUTRAL': 21.88, 'SAD': 30.58, 'SURPRISE': 1.78}
2026-05-26 00:51:31,630 | INFO     | [491520] 🎯 KẾT QUẢ CHỐT: SAD (30.58%)
2026-05-26 00:51:31,630 | INFO     | [491520] ⏱️ Thời gian phản hồi: 110.1 ms
2026-05-26 00:51:31,638 | INFO     | [491521] ⏱️ Model inference: 109.31 ms
2026-05-26 00:51:31,639 | INFO     | [491521] 📊 Chi tiết dự đoán: {'ANGRY': 6.35, 'DISGUST': 0.17, 'FEAR': 6.94, 'HAPPY': 36.78, 'NEUTRAL': 21.13, 'SAD': 27.03, 'SURPRISE': 1.59}
2026-05-26 00:51:31,639 | INFO     | [491521] 🎯 KẾT QUẢ CHỐT: HAPPY (36.78%)
2026-05-26 00:51:31,639 | INFO     | [491521] ⏱️ Thời gian phản hồi: 116.66 ms
2026-05-26 00:51:31,645 | INFO     | [491645] ------------------------------------------
2026-05-26 00:51:31,645 | INFO     | [491645] 📥 NHẬN YÊU CẦU QUÉT KHUÔN MẶT MỚI
2026-05-26 00:51:31,646 | INFO     | [491645] Đã xử lý ảnh thành công. Kích thước tensor: (1, 48, 48, 1)
2026-05-26 00:51:31,649 | INFO     | [491520] ⏱️ Model inference: 124.99 ms
2026-05-26 00:51:31,649 | INFO     | [491520] 📊 Chi tiết dự đoán: {'ANGRY': 6.43, 'DISGUST': 0.2, 'FEAR': 5.7, 'HAPPY': 38.83, 'NEUTRAL': 20.03, 'SAD': 27.4, 'SURPRISE': 1.41}
2026-05-26 00:51:31,651 | INFO     | [491520] 🎯 KẾT QUẢ CHỐT: HAPPY (38.83%)
2026-05-26 00:51:31,651 | INFO     | [491520] ⏱️ Thời gian phản hồi: 129.71 ms
2026-05-26 00:51:31,704 | INFO     | [491645] ⏱️ Model inference: 58.22 ms
2026-05-26 00:51:31,705 | INFO     | [491645] 📊 Chi tiết dự đoán: {'ANGRY': 6.43, 'DISGUST': 0.19, 'FEAR': 8.17, 'HAPPY': 33.84, 'NEUTRAL': 20.25, 'SAD': 29.39, 'SURPRISE': 1.73}
2026-05-26 00:51:31,705 | INFO     | [491645] 🎯 KẾT QUẢ CHỐT: HAPPY (33.84%)
2026-05-26 00:51:31,705 | INFO     | [491645] ⏱️ Thời gian phản hồi: 60.23 ms
2026-05-26 00:51:32,224 | INFO     | [492224] ------------------------------------------
2026-05-26 00:51:32,224 | INFO     | [492224] 📥 NHẬN YÊU CẦU QUÉT KHUÔN MẶT MỚI
2026-05-26 00:51:32,224 | INFO     | [492224] ------------------------------------------
2026-05-26 00:51:32,225 | INFO     | [492224] 📥 NHẬN YÊU CẦU QUÉT KHUÔN MẶT MỚI
2026-05-26 00:51:32,225 | INFO     | [492224] Đã xử lý ảnh thành công. Kích thước tensor: (1, 48, 48, 1)
2026-05-26 00:51:32,228 | INFO     | [492224] Đã xử lý ảnh thành công. Kích thước tensor: (1, 48, 48, 1)
2026-05-26 00:51:32,317 | INFO     | [492317] ------------------------------------------
2026-05-26 00:51:32,317 | INFO     | [492317] 📥 NHẬN YÊU CẦU QUÉT KHUÔN MẶT MỚI
2026-05-26 00:51:32,317 | INFO     | [492317] Đã xử lý ảnh thành công. Kích thước tensor: (1, 48, 48, 1)
2026-05-26 00:51:32,321 | INFO     | [492224] ⏱️ Model inference: 95.68 ms
2026-05-26 00:51:32,322 | INFO     | [492224] 📊 Chi tiết dự đoán: {'ANGRY': 6.33, 'DISGUST': 0.17, 'FEAR': 7.43, 'HAPPY': 34.33, 'NEUTRAL': 19.41, 'SAD': 30.81, 'SURPRISE': 1.52}
2026-05-26 00:51:32,322 | INFO     | [492224] 🎯 KẾT QUẢ CHỐT: HAPPY (34.33%)
2026-05-26 00:51:32,322 | INFO     | [492224] ⏱️ Thời gian phản hồi: 97.74 ms
2026-05-26 00:51:32,325 | INFO     | [492224] ⏱️ Model inference: 96.16 ms
2026-05-26 00:51:32,325 | INFO     | [492224] 📊 Chi tiết dự đoán: {'ANGRY': 5.93, 'DISGUST': 0.17, 'FEAR': 7.19, 'HAPPY': 38.29, 'NEUTRAL': 15.83, 'SAD': 31.23, 'SURPRISE': 1.36}
2026-05-26 00:51:32,326 | INFO     | [492224] 🎯 KẾT QUẢ CHỐT: HAPPY (38.29%)
2026-05-26 00:51:32,328 | INFO     | [492224] ⏱️ Thời gian phản hồi: 100.65 ms
2026-05-26 00:51:32,375 | INFO     | [492317] ⏱️ Model inference: 58.11 ms
2026-05-26 00:51:32,376 | INFO     | [492317] 📊 Chi tiết dự đoán: {'ANGRY': 6.74, 'DISGUST': 0.19, 'FEAR': 6.8, 'HAPPY': 36.14, 'NEUTRAL': 17.82, 'SAD': 30.75, 'SURPRISE': 1.56}
2026-05-26 00:51:32,376 | INFO     | [492317] 🎯 KẾT QUẢ CHỐT: HAPPY (36.14%)
2026-05-26 00:51:32,376 | INFO     | [492317] ⏱️ Thời gian phản hồi: 59.11 ms
2026-05-26 00:51:32,565 | INFO     | [492565] ------------------------------------------
2026-05-26 00:51:32,567 | INFO     | [492565] 📥 NHẬN YÊU CẦU QUÉT KHUÔN MẶT MỚI
2026-05-26 00:51:32,567 | INFO     | [492565] Đã xử lý ảnh thành công. Kích thước tensor: (1, 48, 48, 1)
2026-05-26 00:51:32,619 | INFO     | [492565] ⏱️ Model inference: 51.83 ms
2026-05-26 00:51:32,620 | INFO     | [492565] 📊 Chi tiết dự đoán: {'ANGRY': 6.71, 'DISGUST': 0.2, 'FEAR': 8.32, 'HAPPY': 31.77, 'NEUTRAL': 16.94, 'SAD': 34.35, 'SURPRISE': 1.72}
2026-05-26 00:51:32,620 | INFO     | [492565] 🎯 KẾT QUẢ CHỐT: SAD (34.35%)
2026-05-26 00:51:32,620 | INFO     | [492565] ⏱️ Thời gian phản hồi: 54.24 ms
2026-05-26 00:51:33,515 | INFO     | [493515] ------------------------------------------
2026-05-26 00:51:33,515 | INFO     | [493515] 📥 NHẬN YÊU CẦU QUÉT KHUÔN MẶT MỚI
2026-05-26 00:51:33,515 | INFO     | [493515] ------------------------------------------
2026-05-26 00:51:33,516 | INFO     | [493515] 📥 NHẬN YÊU CẦU QUÉT KHUÔN MẶT MỚI
2026-05-26 00:51:33,516 | INFO     | [493516] ------------------------------------------
2026-05-26 00:51:33,516 | INFO     | [493516] 📥 NHẬN YÊU CẦU QUÉT KHUÔN MẶT MỚI
2026-05-26 00:51:33,517 | INFO     | [493515] Đã xử lý ảnh thành công. Kích thước tensor: (1, 48, 48, 1)
2026-05-26 00:51:33,519 | INFO     | [493515] Đã xử lý ảnh thành công. Kích thước tensor: (1, 48, 48, 1)
2026-05-26 00:51:33,523 | INFO     | [493516] Đã xử lý ảnh thành công. Kích thước tensor: (1, 48, 48, 1)
2026-05-26 00:51:33,650 | INFO     | [493515] ⏱️ Model inference: 133.41 ms
2026-05-26 00:51:33,650 | INFO     | [493515] 📊 Chi tiết dự đoán: {'ANGRY': 5.64, 'DISGUST': 0.18, 'FEAR': 7.2, 'HAPPY': 41.98, 'NEUTRAL': 13.51, 'SAD': 30.02, 'SURPRISE': 1.48}
2026-05-26 00:51:33,650 | INFO     | [493515] 🎯 KẾT QUẢ CHỐT: HAPPY (41.98%)
2026-05-26 00:51:33,650 | INFO     | [493515] ⏱️ Thời gian phản hồi: 135.41 ms
2026-05-26 00:51:33,659 | INFO     | [493516] ⏱️ Model inference: 135.54 ms
2026-05-26 00:51:33,660 | INFO     | [493516] 📊 Chi tiết dự đoán: {'ANGRY': 5.75, 'DISGUST': 0.18, 'FEAR': 7.24, 'HAPPY': 39.54, 'NEUTRAL': 14.96, 'SAD': 30.65, 'SURPRISE': 1.68}
2026-05-26 00:51:33,660 | INFO     | [493516] 🎯 KẾT QUẢ CHỐT: HAPPY (39.54%)
2026-05-26 00:51:33,660 | INFO     | [493516] ⏱️ Thời gian phản hồi: 144.37 ms
2026-05-26 00:51:33,661 | INFO     | [493515] ⏱️ Model inference: 142.37 ms
2026-05-26 00:51:33,661 | INFO     | [493515] 📊 Chi tiết dự đoán: {'ANGRY': 5.94, 'DISGUST': 0.21, 'FEAR': 6.56, 'HAPPY': 40.17, 'NEUTRAL': 14.0, 'SAD': 31.62, 'SURPRISE': 1.5}
2026-05-26 00:51:33,661 | INFO     | [493515] 🎯 KẾT QUẢ CHỐT: HAPPY (40.17%)
2026-05-26 00:51:33,663 | INFO     | [493515] ⏱️ Thời gian phản hồi: 146.37 ms
2026-05-26 00:51:33,669 | INFO     | [493669] ------------------------------------------
2026-05-26 00:51:33,670 | INFO     | [493669] 📥 NHẬN YÊU CẦU QUÉT KHUÔN MẶT MỚI
2026-05-26 00:51:33,670 | INFO     | [493669] Đã xử lý ảnh thành công. Kích thước tensor: (1, 48, 48, 1)
2026-05-26 00:51:33,748 | INFO     | [BATCH-493748] ==========================================
2026-05-26 00:51:33,748 | INFO     | [BATCH-493748] 🎞️ NHẬN CHUỖI 5 KHUNG HÌNH (BATCH)
2026-05-26 00:51:33,749 | INFO     | [493669] ⏱️ Model inference: 79.42 ms
2026-05-26 00:51:33,749 | INFO     | [493669] 📊 Chi tiết dự đoán: {'ANGRY': 6.74, 'DISGUST': 0.22, 'FEAR': 8.87, 'HAPPY': 31.29, 'NEUTRAL': 16.14, 'SAD': 34.98, 'SURPRISE': 1.76}
2026-05-26 00:51:33,749 | INFO     | [493669] 🎯 KẾT QUẢ CHỐT: SAD (34.98%)
2026-05-26 00:51:33,749 | INFO     | [493669] ⏱️ Thời gian phản hồi: 80.68 ms
2026-05-26 00:51:34,138 | INFO     | [BATCH-493748] ⏱️ Batch inference elapsed: 387.72 ms (5 frames)
2026-05-26 00:51:34,138 | INFO     | [BATCH-493748] ↳ Frame 1/5: SAD (34.3%)
2026-05-26 00:51:34,138 | INFO     | [BATCH-493748] ↳ Frame 2/5: HAPPY (39.5%)
2026-05-26 00:51:34,139 | INFO     | [BATCH-493748] ↳ Frame 3/5: HAPPY (40.2%)
2026-05-26 00:51:34,139 | INFO     | [BATCH-493748] ↳ Frame 4/5: HAPPY (42.0%)
2026-05-26 00:51:34,139 | INFO     | [BATCH-493748] ↳ Frame 5/5: SAD (35.0%)
2026-05-26 00:51:34,139 | INFO     | [BATCH-493748] 🎯 KẾT QUẢ CHUỖI: HAPPY (Tần suất: {'SAD': 2, 'HAPPY': 3})
2026-05-26 00:51:34,139 | INFO     | [BATCH-493748] ⏱️ Tổng thời gian xử lý: 390.73 ms
2026-05-26 00:52:41,170 | INFO     | [561170] ------------------------------------------
2026-05-26 00:52:41,170 | INFO     | [561170] 📥 NHẬN YÊU CẦU QUÉT KHUÔN MẶT MỚI
2026-05-26 00:52:41,172 | INFO     | [561172] ------------------------------------------
2026-05-26 00:52:41,172 | INFO     | [561172] 📥 NHẬN YÊU CẦU QUÉT KHUÔN MẶT MỚI
2026-05-26 00:52:41,173 | INFO     | [561170] Đã xử lý ảnh thành công. Kích thước tensor: (1, 48, 48, 1)
2026-05-26 00:52:41,176 | INFO     | [561172] Đã xử lý ảnh thành công. Kích thước tensor: (1, 48, 48, 1)
2026-05-26 00:52:41,268 | INFO     | [561172] ⏱️ Model inference: 91.53 ms
2026-05-26 00:52:41,269 | INFO     | [561172] 📊 Chi tiết dự đoán: {'ANGRY': 8.53, 'DISGUST': 0.3, 'FEAR': 6.21, 'HAPPY': 43.43, 'NEUTRAL': 18.91, 'SAD': 20.67, 'SURPRISE': 1.94}
2026-05-26 00:52:41,269 | INFO     | [561172] 🎯 KẾT QUẢ CHỐT: HAPPY (43.43%)
2026-05-26 00:52:41,269 | INFO     | [561172] ⏱️ Thời gian phản hồi: 97.01 ms
2026-05-26 00:52:41,270 | INFO     | [561170] ⏱️ Model inference: 97.05 ms
2026-05-26 00:52:41,270 | INFO     | [561170] 📊 Chi tiết dự đoán: {'ANGRY': 8.07, 'DISGUST': 0.3, 'FEAR': 6.46, 'HAPPY': 44.05, 'NEUTRAL': 18.17, 'SAD': 20.88, 'SURPRISE': 2.06}
2026-05-26 00:52:41,272 | INFO     | [561170] 🎯 KẾT QUẢ CHỐT: HAPPY (44.05%)
2026-05-26 00:52:41,272 | INFO     | [561170] ⏱️ Thời gian phản hồi: 100.05 ms
2026-05-26 00:52:41,293 | INFO     | [561293] ------------------------------------------
2026-05-26 00:52:41,295 | INFO     | [561293] 📥 NHẬN YÊU CẦU QUÉT KHUÔN MẶT MỚI
2026-05-26 00:52:41,295 | INFO     | [561293] Đã xử lý ảnh thành công. Kích thước tensor: (1, 48, 48, 1)
2026-05-26 00:52:41,356 | INFO     | [561293] ⏱️ Model inference: 60.51 ms
2026-05-26 00:52:41,357 | INFO     | [561293] 📊 Chi tiết dự đoán: {'ANGRY': 7.8, 'DISGUST': 0.27, 'FEAR': 5.62, 'HAPPY': 52.28, 'NEUTRAL': 16.98, 'SAD': 15.28, 'SURPRISE': 1.77}
2026-05-26 00:52:41,357 | INFO     | [561293] 🎯 KẾT QUẢ CHỐT: HAPPY (52.28%)
2026-05-26 00:52:41,357 | INFO     | [561293] ⏱️ Thời gian phản hồi: 63.58 ms
2026-05-26 00:52:41,512 | INFO     | [561512] ------------------------------------------
2026-05-26 00:52:41,512 | INFO     | [561512] 📥 NHẬN YÊU CẦU QUÉT KHUÔN MẶT MỚI
2026-05-26 00:52:41,514 | INFO     | [561512] Đã xử lý ảnh thành công. Kích thước tensor: (1, 48, 48, 1)
2026-05-26 00:52:41,570 | INFO     | [561512] ⏱️ Model inference: 56.73 ms
2026-05-26 00:52:41,571 | INFO     | [561512] 📊 Chi tiết dự đoán: {'ANGRY': 9.2, 'DISGUST': 0.35, 'FEAR': 6.51, 'HAPPY': 46.78, 'NEUTRAL': 16.47, 'SAD': 18.63, 'SURPRISE': 2.06}
2026-05-26 00:52:41,571 | INFO     | [561512] 🎯 KẾT QUẢ CHỐT: HAPPY (46.78%)
2026-05-26 00:52:41,571 | INFO     | [561512] ⏱️ Thời gian phản hồi: 59.29 ms
2026-05-26 00:52:42,483 | INFO     | [562483] ------------------------------------------
2026-05-26 00:52:42,483 | INFO     | [562483] 📥 NHẬN YÊU CẦU QUÉT KHUÔN MẶT MỚI
2026-05-26 00:52:42,484 | INFO     | [562483] Đã xử lý ảnh thành công. Kích thước tensor: (1, 48, 48, 1)
2026-05-26 00:52:42,491 | INFO     | [562491] ------------------------------------------
2026-05-26 00:52:42,493 | INFO     | [562491] 📥 NHẬN YÊU CẦU QUÉT KHUÔN MẶT MỚI
2026-05-26 00:52:42,493 | INFO     | [562493] ------------------------------------------
2026-05-26 00:52:42,494 | INFO     | [562493] 📥 NHẬN YÊU CẦU QUÉT KHUÔN MẶT MỚI
2026-05-26 00:52:42,494 | INFO     | [562491] Đã xử lý ảnh thành công. Kích thước tensor: (1, 48, 48, 1)
2026-05-26 00:52:42,496 | INFO     | [562493] Đã xử lý ảnh thành công. Kích thước tensor: (1, 48, 48, 1)
2026-05-26 00:52:42,608 | INFO     | [562493] ⏱️ Model inference: 109.21 ms
2026-05-26 00:52:42,608 | INFO     | [562493] 📊 Chi tiết dự đoán: {'ANGRY': 9.46, 'DISGUST': 0.35, 'FEAR': 8.03, 'HAPPY': 38.48, 'NEUTRAL': 18.43, 'SAD': 22.62, 'SURPRISE': 2.64}
2026-05-26 00:52:42,608 | INFO     | [562493] 🎯 KẾT QUẢ CHỐT: HAPPY (38.48%)
2026-05-26 00:52:42,609 | INFO     | [562493] ⏱️ Thời gian phản hồi: 114.88 ms
2026-05-26 00:52:42,610 | INFO     | [562491] ⏱️ Model inference: 115.8 ms
2026-05-26 00:52:42,610 | INFO     | [562491] 📊 Chi tiết dự đoán: {'ANGRY': 7.78, 'DISGUST': 0.32, 'FEAR': 7.56, 'HAPPY': 39.53, 'NEUTRAL': 19.65, 'SAD': 22.79, 'SURPRISE': 2.37}
2026-05-26 00:52:42,612 | INFO     | [562491] 🎯 KẾT QUẢ CHỐT: HAPPY (39.53%)
2026-05-26 00:52:42,612 | INFO     | [562491] ⏱️ Thời gian phản hồi: 119.05 ms
2026-05-26 00:52:42,615 | INFO     | [562615] ------------------------------------------
2026-05-26 00:52:42,615 | INFO     | [562615] 📥 NHẬN YÊU CẦU QUÉT KHUÔN MẶT MỚI
2026-05-26 00:52:42,616 | INFO     | [562615] Đã xử lý ảnh thành công. Kích thước tensor: (1, 48, 48, 1)
2026-05-26 00:52:42,626 | INFO     | [562483] ⏱️ Model inference: 141.28 ms
2026-05-26 00:52:42,627 | INFO     | [562483] 📊 Chi tiết dự đoán: {'ANGRY': 7.69, 'DISGUST': 0.32, 'FEAR': 4.87, 'HAPPY': 54.42, 'NEUTRAL': 14.46, 'SAD': 16.5, 'SURPRISE': 1.73}
2026-05-26 00:52:42,628 | INFO     | [562483] 🎯 KẾT QUẢ CHỐT: HAPPY (54.42%)
2026-05-26 00:52:42,628 | INFO     | [562483] ⏱️ Thời gian phản hồi: 143.78 ms
2026-05-26 00:52:42,684 | INFO     | [562615] ⏱️ Model inference: 67.89 ms
2026-05-26 00:52:42,685 | INFO     | [562615] 📊 Chi tiết dự đoán: {'ANGRY': 8.87, 'DISGUST': 0.36, 'FEAR': 7.78, 'HAPPY': 41.39, 'NEUTRAL': 19.31, 'SAD': 19.55, 'SURPRISE': 2.74}
2026-05-26 00:52:42,685 | INFO     | [562615] 🎯 KẾT QUẢ CHỐT: HAPPY (41.39%)
2026-05-26 00:52:42,685 | INFO     | [562615] ⏱️ Thời gian phản hồi: 69.43 ms
2026-05-26 00:52:43,175 | INFO     | [563175] ------------------------------------------
2026-05-26 00:52:43,175 | INFO     | [563175] 📥 NHẬN YÊU CẦU QUÉT KHUÔN MẶT MỚI
2026-05-26 00:52:43,175 | INFO     | [563175] ------------------------------------------
2026-05-26 00:52:43,175 | INFO     | [563175] 📥 NHẬN YÊU CẦU QUÉT KHUÔN MẶT MỚI
2026-05-26 00:52:43,176 | INFO     | [563175] Đã xử lý ảnh thành công. Kích thước tensor: (1, 48, 48, 1)
2026-05-26 00:52:43,179 | INFO     | [563175] Đã xử lý ảnh thành công. Kích thước tensor: (1, 48, 48, 1)
2026-05-26 00:52:43,259 | INFO     | [563175] ⏱️ Model inference: 82.42 ms
2026-05-26 00:52:43,259 | INFO     | [563175] 📊 Chi tiết dự đoán: {'ANGRY': 8.24, 'DISGUST': 0.35, 'FEAR': 6.67, 'HAPPY': 46.51, 'NEUTRAL': 16.65, 'SAD': 19.24, 'SURPRISE': 2.34}
2026-05-26 00:52:43,259 | INFO     | [563175] 🎯 KẾT QUẢ CHỐT: HAPPY (46.51%)
2026-05-26 00:52:43,259 | INFO     | [563175] ⏱️ Thời gian phản hồi: 84.38 ms
2026-05-26 00:52:43,263 | INFO     | [563175] ⏱️ Model inference: 83.13 ms
2026-05-26 00:52:43,263 | INFO     | [563175] 📊 Chi tiết dự đoán: {'ANGRY': 7.65, 'DISGUST': 0.24, 'FEAR': 6.79, 'HAPPY': 48.25, 'NEUTRAL': 16.73, 'SAD': 18.21, 'SURPRISE': 2.12}
2026-05-26 00:52:43,263 | INFO     | [563175] 🎯 KẾT QUẢ CHỐT: HAPPY (48.25%)
2026-05-26 00:52:43,264 | INFO     | [563175] ⏱️ Thời gian phản hồi: 88.23 ms
2026-05-26 00:52:43,504 | INFO     | [563502] ------------------------------------------
2026-05-26 00:52:43,504 | INFO     | [563502] 📥 NHẬN YÊU CẦU QUÉT KHUÔN MẶT MỚI
2026-05-26 00:52:43,504 | INFO     | [563502] Đã xử lý ảnh thành công. Kích thước tensor: (1, 48, 48, 1)
2026-05-26 00:52:43,520 | INFO     | [563520] ------------------------------------------
2026-05-26 00:52:43,521 | INFO     | [563520] 📥 NHẬN YÊU CẦU QUÉT KHUÔN MẶT MỚI
2026-05-26 00:52:43,524 | INFO     | [563520] Đã xử lý ảnh thành công. Kích thước tensor: (1, 48, 48, 1)
2026-05-26 00:52:43,587 | INFO     | [563502] ⏱️ Model inference: 81.87 ms
2026-05-26 00:52:43,587 | INFO     | [563502] 📊 Chi tiết dự đoán: {'ANGRY': 7.66, 'DISGUST': 0.29, 'FEAR': 6.06, 'HAPPY': 46.79, 'NEUTRAL': 18.61, 'SAD': 18.75, 'SURPRISE': 1.83}
2026-05-26 00:52:43,587 | INFO     | [563502] 🎯 KẾT QUẢ CHỐT: HAPPY (46.79%)
2026-05-26 00:52:43,587 | INFO     | [563502] ⏱️ Thời gian phản hồi: 84.16 ms
2026-05-26 00:52:43,599 | INFO     | [563520] ⏱️ Model inference: 74.76 ms
2026-05-26 00:52:43,600 | INFO     | [563520] 📊 Chi tiết dự đoán: {'ANGRY': 9.16, 'DISGUST': 0.39, 'FEAR': 6.95, 'HAPPY': 42.99, 'NEUTRAL': 19.85, 'SAD': 18.48, 'SURPRISE': 2.18}
2026-05-26 00:52:43,600 | INFO     | [563520] 🎯 KẾT QUẢ CHỐT: HAPPY (42.99%)
2026-05-26 00:52:43,600 | INFO     | [563520] ⏱️ Thời gian phản hồi: 79.79 ms
2026-05-26 00:52:44,493 | INFO     | [564493] ------------------------------------------
2026-05-26 00:52:44,495 | INFO     | [564493] 📥 NHẬN YÊU CẦU QUÉT KHUÔN MẶT MỚI
2026-05-26 00:52:44,495 | INFO     | [564495] ------------------------------------------
2026-05-26 00:52:44,495 | INFO     | [564495] 📥 NHẬN YÊU CẦU QUÉT KHUÔN MẶT MỚI
2026-05-26 00:52:44,496 | INFO     | [564496] ------------------------------------------
2026-05-26 00:52:44,496 | INFO     | [564496] 📥 NHẬN YÊU CẦU QUÉT KHUÔN MẶT MỚI
2026-05-26 00:52:44,497 | INFO     | [564493] Đã xử lý ảnh thành công. Kích thước tensor: (1, 48, 48, 1)
2026-05-26 00:52:44,499 | INFO     | [564495] Đã xử lý ảnh thành công. Kích thước tensor: (1, 48, 48, 1)
2026-05-26 00:52:44,505 | INFO     | [564496] Đã xử lý ảnh thành công. Kích thước tensor: (1, 48, 48, 1)
2026-05-26 00:52:44,610 | INFO     | [564495] ⏱️ Model inference: 110.67 ms
2026-05-26 00:52:44,610 | INFO     | [564495] 📊 Chi tiết dự đoán: {'ANGRY': 7.62, 'DISGUST': 0.28, 'FEAR': 4.38, 'HAPPY': 54.67, 'NEUTRAL': 17.38, 'SAD': 14.07, 'SURPRISE': 1.59}
2026-05-26 00:52:44,610 | INFO     | [564495] 🎯 KẾT QUẢ CHỐT: HAPPY (54.67%)
2026-05-26 00:52:44,611 | INFO     | [564495] ⏱️ Thời gian phản hồi: 114.69 ms
2026-05-26 00:52:44,614 | INFO     | [564496] ⏱️ Model inference: 107.55 ms
2026-05-26 00:52:44,614 | INFO     | [564496] 📊 Chi tiết dự đoán: {'ANGRY': 8.26, 'DISGUST': 0.42, 'FEAR': 7.1, 'HAPPY': 34.92, 'NEUTRAL': 23.44, 'SAD': 23.52, 'SURPRISE': 2.33}
2026-05-26 00:52:44,615 | INFO     | [564496] 🎯 KẾT QUẢ CHỐT: HAPPY (34.92%)
2026-05-26 00:52:44,615 | INFO     | [564496] ⏱️ Thời gian phản hồi: 117.72 ms
2026-05-26 00:52:44,618 | INFO     | [564618] ------------------------------------------
2026-05-26 00:52:44,619 | INFO     | [564618] 📥 NHẬN YÊU CẦU QUÉT KHUÔN MẶT MỚI
2026-05-26 00:52:44,619 | INFO     | [564493] ⏱️ Model inference: 122.41 ms
2026-05-26 00:52:44,619 | INFO     | [564493] 📊 Chi tiết dự đoán: {'ANGRY': 6.61, 'DISGUST': 0.21, 'FEAR': 5.48, 'HAPPY': 47.69, 'NEUTRAL': 21.77, 'SAD': 16.56, 'SURPRISE': 1.69}
2026-05-26 00:52:44,619 | INFO     | [564493] 🎯 KẾT QUẢ CHỐT: HAPPY (47.69%)
2026-05-26 00:52:44,619 | INFO     | [564493] ⏱️ Thời gian phản hồi: 126.11 ms
2026-05-26 00:52:44,621 | INFO     | [564618] Đã xử lý ảnh thành công. Kích thước tensor: (1, 48, 48, 1)
2026-05-26 00:52:44,673 | INFO     | [564618] ⏱️ Model inference: 52.03 ms
2026-05-26 00:52:44,674 | INFO     | [564618] 📊 Chi tiết dự đoán: {'ANGRY': 8.13, 'DISGUST': 0.34, 'FEAR': 5.87, 'HAPPY': 46.3, 'NEUTRAL': 18.92, 'SAD': 18.33, 'SURPRISE': 2.11}
2026-05-26 00:52:44,674 | INFO     | [564618] 🎯 KẾT QUẢ CHỐT: HAPPY (46.30%)
2026-05-26 00:52:44,674 | INFO     | [564618] ⏱️ Thời gian phản hồi: 56.08 ms
2026-05-26 00:52:45,177 | INFO     | [565177] ------------------------------------------
2026-05-26 00:52:45,177 | INFO     | [565177] 📥 NHẬN YÊU CẦU QUÉT KHUÔN MẶT MỚI
2026-05-26 00:52:45,178 | INFO     | [565178] ------------------------------------------
2026-05-26 00:52:45,178 | INFO     | [565178] 📥 NHẬN YÊU CẦU QUÉT KHUÔN MẶT MỚI
2026-05-26 00:52:45,179 | INFO     | [565177] Đã xử lý ảnh thành công. Kích thước tensor: (1, 48, 48, 1)
2026-05-26 00:52:45,182 | INFO     | [565178] Đã xử lý ảnh thành công. Kích thước tensor: (1, 48, 48, 1)
2026-05-26 00:52:45,264 | INFO     | [565177] ⏱️ Model inference: 85.31 ms
2026-05-26 00:52:45,264 | INFO     | [565177] 📊 Chi tiết dự đoán: {'ANGRY': 7.4, 'DISGUST': 0.31, 'FEAR': 3.84, 'HAPPY': 54.86, 'NEUTRAL': 17.87, 'SAD': 14.21, 'SURPRISE': 1.51}
2026-05-26 00:52:45,264 | INFO     | [565177] 🎯 KẾT QUẢ CHỐT: HAPPY (54.86%)
2026-05-26 00:52:45,264 | INFO     | [565177] ⏱️ Thời gian phản hồi: 87.31 ms
2026-05-26 00:52:45,265 | INFO     | [565178] ⏱️ Model inference: 83.95 ms
2026-05-26 00:52:45,265 | INFO     | [565178] 📊 Chi tiết dự đoán: {'ANGRY': 8.99, 'DISGUST': 0.35, 'FEAR': 5.7, 'HAPPY': 45.3, 'NEUTRAL': 18.38, 'SAD': 19.4, 'SURPRISE': 1.88}
2026-05-26 00:52:45,266 | INFO     | [565178] 🎯 KẾT QUẢ CHỐT: HAPPY (45.30%)
2026-05-26 00:52:45,266 | INFO     | [565178] ⏱️ Thời gian phản hồi: 87.32 ms
2026-05-26 00:52:45,490 | INFO     | [565490] ------------------------------------------
2026-05-26 00:52:45,490 | INFO     | [565490] 📥 NHẬN YÊU CẦU QUÉT KHUÔN MẶT MỚI
2026-05-26 00:52:45,491 | INFO     | [565490] Đã xử lý ảnh thành công. Kích thước tensor: (1, 48, 48, 1)
2026-05-26 00:52:45,522 | INFO     | [565522] ------------------------------------------
2026-05-26 00:52:45,523 | INFO     | [565522] 📥 NHẬN YÊU CẦU QUÉT KHUÔN MẶT MỚI
2026-05-26 00:52:45,523 | INFO     | [565522] Đã xử lý ảnh thành công. Kích thước tensor: (1, 48, 48, 1)
2026-05-26 00:52:45,562 | INFO     | [565490] ⏱️ Model inference: 70.93 ms
2026-05-26 00:52:45,562 | INFO     | [565490] 📊 Chi tiết dự đoán: {'ANGRY': 8.4, 'DISGUST': 0.32, 'FEAR': 6.26, 'HAPPY': 46.74, 'NEUTRAL': 17.54, 'SAD': 18.8, 'SURPRISE': 1.93}
2026-05-26 00:52:45,562 | INFO     | [565490] 🎯 KẾT QUẢ CHỐT: HAPPY (46.74%)
2026-05-26 00:52:45,563 | INFO     | [565490] ⏱️ Thời gian phản hồi: 71.94 ms
2026-05-26 00:52:45,590 | INFO     | [565522] ⏱️ Model inference: 66.57 ms
2026-05-26 00:52:45,591 | INFO     | [565522] 📊 Chi tiết dự đoán: {'ANGRY': 6.99, 'DISGUST': 0.37, 'FEAR': 6.41, 'HAPPY': 44.47, 'NEUTRAL': 18.48, 'SAD': 21.15, 'SURPRISE': 2.13}
2026-05-26 00:52:45,591 | INFO     | [565522] 🎯 KẾT QUẢ CHỐT: HAPPY (44.47%)
2026-05-26 00:52:45,591 | INFO     | [565522] ⏱️ Thời gian phản hồi: 68.86 ms
2026-05-26 00:52:46,485 | INFO     | [566485] ------------------------------------------
2026-05-26 00:52:46,485 | INFO     | [566485] 📥 NHẬN YÊU CẦU QUÉT KHUÔN MẶT MỚI
2026-05-26 00:52:46,486 | INFO     | [566486] ------------------------------------------
2026-05-26 00:52:46,486 | INFO     | [566486] 📥 NHẬN YÊU CẦU QUÉT KHUÔN MẶT MỚI
2026-05-26 00:52:46,487 | INFO     | [566487] ------------------------------------------
2026-05-26 00:52:46,487 | INFO     | [566487] 📥 NHẬN YÊU CẦU QUÉT KHUÔN MẶT MỚI
2026-05-26 00:52:46,488 | INFO     | [566485] Đã xử lý ảnh thành công. Kích thước tensor: (1, 48, 48, 1)
2026-05-26 00:52:46,491 | INFO     | [566486] Đã xử lý ảnh thành công. Kích thước tensor: (1, 48, 48, 1)
2026-05-26 00:52:46,497 | INFO     | [566487] Đã xử lý ảnh thành công. Kích thước tensor: (1, 48, 48, 1)
2026-05-26 00:52:46,601 | INFO     | [566486] ⏱️ Model inference: 108.2 ms
2026-05-26 00:52:46,601 | INFO     | [566486] 📊 Chi tiết dự đoán: {'ANGRY': 7.88, 'DISGUST': 0.33, 'FEAR': 6.01, 'HAPPY': 47.09, 'NEUTRAL': 18.15, 'SAD': 18.42, 'SURPRISE': 2.12}
2026-05-26 00:52:46,601 | INFO     | [566486] 🎯 KẾT QUẢ CHỐT: HAPPY (47.09%)
2026-05-26 00:52:46,601 | INFO     | [566486] ⏱️ Thời gian phản hồi: 114.39 ms
2026-05-26 00:52:46,610 | INFO     | [566610] ------------------------------------------
2026-05-26 00:52:46,610 | INFO     | [566610] 📥 NHẬN YÊU CẦU QUÉT KHUÔN MẶT MỚI
2026-05-26 00:52:46,612 | INFO     | [566485] ⏱️ Model inference: 123.12 ms
2026-05-26 00:52:46,612 | INFO     | [566485] 📊 Chi tiết dự đoán: {'ANGRY': 8.58, 'DISGUST': 0.35, 'FEAR': 5.84, 'HAPPY': 48.21, 'NEUTRAL': 17.42, 'SAD': 17.76, 'SURPRISE': 1.84}
2026-05-26 00:52:46,612 | INFO     | [566485] 🎯 KẾT QUẢ CHỐT: HAPPY (48.21%)
2026-05-26 00:52:46,612 | INFO     | [566485] ⏱️ Thời gian phản hồi: 126.46 ms
2026-05-26 00:52:46,613 | INFO     | [566487] ⏱️ Model inference: 114.86 ms
2026-05-26 00:52:46,613 | INFO     | [566487] 📊 Chi tiết dự đoán: {'ANGRY': 9.15, 'DISGUST': 0.35, 'FEAR': 4.84, 'HAPPY': 51.66, 'NEUTRAL': 15.52, 'SAD': 16.81, 'SURPRISE': 1.66}
2026-05-26 00:52:46,613 | INFO     | [566487] 🎯 KẾT QUẢ CHỐT: HAPPY (51.66%)
2026-05-26 00:52:46,613 | INFO     | [566487] ⏱️ Thời gian phản hồi: 125.37 ms
2026-05-26 00:52:46,615 | INFO     | [566610] Đã xử lý ảnh thành công. Kích thước tensor: (1, 48, 48, 1)
2026-05-26 00:52:46,676 | INFO     | [566610] ⏱️ Model inference: 61.43 ms
2026-05-26 00:52:46,678 | INFO     | [566610] 📊 Chi tiết dự đoán: {'ANGRY': 8.49, 'DISGUST': 0.29, 'FEAR': 3.81, 'HAPPY': 52.78, 'NEUTRAL': 16.93, 'SAD': 16.45, 'SURPRISE': 1.26}
2026-05-26 00:52:46,678 | INFO     | [566610] 🎯 KẾT QUẢ CHỐT: HAPPY (52.78%)
2026-05-26 00:52:46,678 | INFO     | [566610] ⏱️ Thời gian phản hồi: 67.34 ms
2026-05-26 00:52:47,173 | INFO     | [567173] ------------------------------------------
2026-05-26 00:52:47,175 | INFO     | [567173] 📥 NHẬN YÊU CẦU QUÉT KHUÔN MẶT MỚI
2026-05-26 00:52:47,175 | INFO     | [567175] ------------------------------------------
2026-05-26 00:52:47,175 | INFO     | [567175] 📥 NHẬN YÊU CẦU QUÉT KHUÔN MẶT MỚI
2026-05-26 00:52:47,176 | INFO     | [567173] Đã xử lý ảnh thành công. Kích thước tensor: (1, 48, 48, 1)
2026-05-26 00:52:47,178 | INFO     | [567175] Đã xử lý ảnh thành công. Kích thước tensor: (1, 48, 48, 1)
2026-05-26 00:52:47,259 | INFO     | [567175] ⏱️ Model inference: 79.75 ms
2026-05-26 00:52:47,260 | INFO     | [567175] 📊 Chi tiết dự đoán: {'ANGRY': 7.01, 'DISGUST': 0.35, 'FEAR': 4.58, 'HAPPY': 54.22, 'NEUTRAL': 17.65, 'SAD': 14.51, 'SURPRISE': 1.68}
2026-05-26 00:52:47,260 | INFO     | [567175] 🎯 KẾT QUẢ CHỐT: HAPPY (54.22%)
2026-05-26 00:52:47,261 | INFO     | [567175] ⏱️ Thời gian phản hồi: 85.48 ms
2026-05-26 00:52:47,265 | INFO     | [567173] ⏱️ Model inference: 88.14 ms
2026-05-26 00:52:47,265 | INFO     | [567173] 📊 Chi tiết dự đoán: {'ANGRY': 8.31, 'DISGUST': 0.36, 'FEAR': 4.62, 'HAPPY': 50.87, 'NEUTRAL': 16.76, 'SAD': 17.49, 'SURPRISE': 1.58}
2026-05-26 00:52:47,265 | INFO     | [567173] 🎯 KẾT QUẢ CHỐT: HAPPY (50.87%)
2026-05-26 00:52:47,265 | INFO     | [567173] ⏱️ Thời gian phản hồi: 91.5 ms
2026-05-26 00:52:47,499 | INFO     | [567499] ------------------------------------------
2026-05-26 00:52:47,500 | INFO     | [567499] 📥 NHẬN YÊU CẦU QUÉT KHUÔN MẶT MỚI
2026-05-26 00:52:47,500 | INFO     | [567499] Đã xử lý ảnh thành công. Kích thước tensor: (1, 48, 48, 1)
2026-05-26 00:52:47,532 | INFO     | [567532] ------------------------------------------
2026-05-26 00:52:47,533 | INFO     | [567532] 📥 NHẬN YÊU CẦU QUÉT KHUÔN MẶT MỚI
2026-05-26 00:52:47,533 | INFO     | [567532] Đã xử lý ảnh thành công. Kích thước tensor: (1, 48, 48, 1)
2026-05-26 00:52:47,570 | INFO     | [567499] ⏱️ Model inference: 69.38 ms
2026-05-26 00:52:47,570 | INFO     | [567499] 📊 Chi tiết dự đoán: {'ANGRY': 8.51, 'DISGUST': 0.38, 'FEAR': 5.18, 'HAPPY': 50.83, 'NEUTRAL': 15.81, 'SAD': 17.46, 'SURPRISE': 1.84}
2026-05-26 00:52:47,570 | INFO     | [567499] 🎯 KẾT QUẢ CHỐT: HAPPY (50.83%)
2026-05-26 00:52:47,570 | INFO     | [567499] ⏱️ Thời gian phản hồi: 70.39 ms
2026-05-26 00:52:47,591 | INFO     | [567532] ⏱️ Model inference: 58.85 ms
2026-05-26 00:52:47,591 | INFO     | [567532] 📊 Chi tiết dự đoán: {'ANGRY': 8.75, 'DISGUST': 0.37, 'FEAR': 5.67, 'HAPPY': 44.95, 'NEUTRAL': 21.19, 'SAD': 17.42, 'SURPRISE': 1.66}
2026-05-26 00:52:47,591 | INFO     | [567532] 🎯 KẾT QUẢ CHỐT: HAPPY (44.95%)
2026-05-26 00:52:47,592 | INFO     | [567532] ⏱️ Thời gian phản hồi: 59.89 ms
2026-05-26 00:52:47,983 | INFO     | [567983] ------------------------------------------
2026-05-26 00:52:47,983 | INFO     | [567983] 📥 NHẬN YÊU CẦU QUÉT KHUÔN MẶT MỚI
2026-05-26 00:52:47,984 | INFO     | [567983] Đã xử lý ảnh thành công. Kích thước tensor: (1, 48, 48, 1)
2026-05-26 00:52:48,047 | INFO     | [567983] ⏱️ Model inference: 61.98 ms
2026-05-26 00:52:48,047 | INFO     | [567983] 📊 Chi tiết dự đoán: {'ANGRY': 8.48, 'DISGUST': 0.24, 'FEAR': 2.43, 'HAPPY': 59.89, 'NEUTRAL': 14.76, 'SAD': 13.24, 'SURPRISE': 0.96}
2026-05-26 00:52:48,047 | INFO     | [567983] 🎯 KẾT QUẢ CHỐT: HAPPY (59.89%)
2026-05-26 00:52:48,047 | INFO     | [567983] ⏱️ Thời gian phản hồi: 63.98 ms
2026-05-26 00:52:48,497 | INFO     | [568497] ------------------------------------------
2026-05-26 00:52:48,498 | INFO     | [568497] 📥 NHẬN YÊU CẦU QUÉT KHUÔN MẶT MỚI
2026-05-26 00:52:48,498 | INFO     | [568498] ------------------------------------------
2026-05-26 00:52:48,498 | INFO     | [568498] 📥 NHẬN YÊU CẦU QUÉT KHUÔN MẶT MỚI
2026-05-26 00:52:48,499 | INFO     | [568497] Đã xử lý ảnh thành công. Kích thước tensor: (1, 48, 48, 1)
2026-05-26 00:52:48,500 | INFO     | [568498] Đã xử lý ảnh thành công. Kích thước tensor: (1, 48, 48, 1)
2026-05-26 00:52:48,530 | INFO     | [568530] ------------------------------------------
2026-05-26 00:52:48,532 | INFO     | [568530] 📥 NHẬN YÊU CẦU QUÉT KHUÔN MẶT MỚI
2026-05-26 00:52:48,538 | INFO     | [568530] Đã xử lý ảnh thành công. Kích thước tensor: (1, 48, 48, 1)
2026-05-26 00:52:48,600 | INFO     | [568497] ⏱️ Model inference: 100.72 ms
2026-05-26 00:52:48,600 | INFO     | [568497] 📊 Chi tiết dự đoán: {'ANGRY': 8.47, 'DISGUST': 0.29, 'FEAR': 5.9, 'HAPPY': 47.7, 'NEUTRAL': 16.76, 'SAD': 18.83, 'SURPRISE': 2.04}
2026-05-26 00:52:48,600 | INFO     | [568497] 🎯 KẾT QUẢ CHỐT: HAPPY (47.70%)
2026-05-26 00:52:48,600 | INFO     | [568497] ⏱️ Thời gian phản hồi: 102.85 ms
2026-05-26 00:52:48,608 | INFO     | [568498] ⏱️ Model inference: 106.91 ms
2026-05-26 00:52:48,608 | INFO     | [568498] 📊 Chi tiết dự đoán: {'ANGRY': 9.29, 'DISGUST': 0.4, 'FEAR': 5.28, 'HAPPY': 48.47, 'NEUTRAL': 17.04, 'SAD': 17.85, 'SURPRISE': 1.67}
2026-05-26 00:52:48,610 | INFO     | [568498] 🎯 KẾT QUẢ CHỐT: HAPPY (48.47%)
2026-05-26 00:52:48,610 | INFO     | [568498] ⏱️ Thời gian phản hồi: 110.21 ms
2026-05-26 00:52:48,618 | INFO     | [568530] ⏱️ Model inference: 77.64 ms
2026-05-26 00:52:48,618 | INFO     | [568530] 📊 Chi tiết dự đoán: {'ANGRY': 8.32, 'DISGUST': 0.33, 'FEAR': 4.44, 'HAPPY': 51.3, 'NEUTRAL': 18.16, 'SAD': 15.79, 'SURPRISE': 1.66}
2026-05-26 00:52:48,618 | INFO     | [568530] 🎯 KẾT QUẢ CHỐT: HAPPY (51.30%)
2026-05-26 00:52:48,618 | INFO     | [568530] ⏱️ Thời gian phản hồi: 87.9 ms
2026-05-26 00:52:49,169 | INFO     | [569169] ------------------------------------------
2026-05-26 00:52:49,170 | INFO     | [569169] 📥 NHẬN YÊU CẦU QUÉT KHUÔN MẶT MỚI
2026-05-26 00:52:49,170 | INFO     | [569170] ------------------------------------------
2026-05-26 00:52:49,170 | INFO     | [569170] 📥 NHẬN YÊU CẦU QUÉT KHUÔN MẶT MỚI
2026-05-26 00:52:49,171 | INFO     | [569169] Đã xử lý ảnh thành công. Kích thước tensor: (1, 48, 48, 1)
2026-05-26 00:52:49,172 | INFO     | [569170] Đã xử lý ảnh thành công. Kích thước tensor: (1, 48, 48, 1)
2026-05-26 00:52:49,251 | INFO     | [569169] ⏱️ Model inference: 80.62 ms
2026-05-26 00:52:49,252 | INFO     | [569169] 📊 Chi tiết dự đoán: {'ANGRY': 7.95, 'DISGUST': 0.24, 'FEAR': 3.27, 'HAPPY': 53.25, 'NEUTRAL': 18.11, 'SAD': 15.99, 'SURPRISE': 1.18}
2026-05-26 00:52:49,252 | INFO     | [569169] 🎯 KẾT QUẢ CHỐT: HAPPY (53.25%)
2026-05-26 00:52:49,252 | INFO     | [569169] ⏱️ Thời gian phản hồi: 83.72 ms
2026-05-26 00:52:49,266 | INFO     | [569170] ⏱️ Model inference: 92.14 ms
2026-05-26 00:52:49,267 | INFO     | [569170] 📊 Chi tiết dự đoán: {'ANGRY': 6.81, 'DISGUST': 0.24, 'FEAR': 5.26, 'HAPPY': 51.71, 'NEUTRAL': 16.24, 'SAD': 18.13, 'SURPRISE': 1.62}
2026-05-26 00:52:49,267 | INFO     | [569170] 🎯 KẾT QUẢ CHỐT: HAPPY (51.71%)
2026-05-26 00:52:49,267 | INFO     | [569170] ⏱️ Thời gian phản hồi: 97.37 ms
2026-05-26 00:52:49,494 | INFO     | [569494] ------------------------------------------
2026-05-26 00:52:49,495 | INFO     | [569494] 📥 NHẬN YÊU CẦU QUÉT KHUÔN MẶT MỚI
2026-05-26 00:52:49,496 | INFO     | [569494] Đã xử lý ảnh thành công. Kích thước tensor: (1, 48, 48, 1)
2026-05-26 00:52:49,527 | INFO     | [569527] ------------------------------------------
2026-05-26 00:52:49,528 | INFO     | [569527] 📥 NHẬN YÊU CẦU QUÉT KHUÔN MẶT MỚI
2026-05-26 00:52:49,528 | INFO     | [569527] Đã xử lý ảnh thành công. Kích thước tensor: (1, 48, 48, 1)
2026-05-26 00:52:49,558 | INFO     | [569494] ⏱️ Model inference: 62.09 ms
2026-05-26 00:52:49,558 | INFO     | [569494] 📊 Chi tiết dự đoán: {'ANGRY': 8.33, 'DISGUST': 0.37, 'FEAR': 4.32, 'HAPPY': 53.6, 'NEUTRAL': 16.09, 'SAD': 15.88, 'SURPRISE': 1.42}
2026-05-26 00:52:49,559 | INFO     | [569494] 🎯 KẾT QUẢ CHỐT: HAPPY (53.60%)
2026-05-26 00:52:49,559 | INFO     | [569494] ⏱️ Thời gian phản hồi: 64.1 ms
2026-05-26 00:52:49,585 | INFO     | [569527] ⏱️ Model inference: 56.99 ms
2026-05-26 00:52:49,585 | INFO     | [569527] 📊 Chi tiết dự đoán: {'ANGRY': 7.24, 'DISGUST': 0.33, 'FEAR': 4.95, 'HAPPY': 50.06, 'NEUTRAL': 18.26, 'SAD': 17.67, 'SURPRISE': 1.49}
2026-05-26 00:52:49,586 | INFO     | [569527] 🎯 KẾT QUẢ CHỐT: HAPPY (50.06%)
2026-05-26 00:52:49,586 | INFO     | [569527] ⏱️ Thời gian phản hồi: 58.06 ms
2026-05-26 00:52:50,400 | INFO     | [570400] ------------------------------------------
2026-05-26 00:52:50,401 | INFO     | [570400] 📥 NHẬN YÊU CẦU QUÉT KHUÔN MẶT MỚI
2026-05-26 00:52:50,401 | INFO     | [570401] ------------------------------------------
2026-05-26 00:52:50,401 | INFO     | [570401] 📥 NHẬN YÊU CẦU QUÉT KHUÔN MẶT MỚI
2026-05-26 00:52:50,402 | INFO     | [570402] ------------------------------------------
2026-05-26 00:52:50,402 | INFO     | [570402] 📥 NHẬN YÊU CẦU QUÉT KHUÔN MẶT MỚI
2026-05-26 00:52:50,403 | INFO     | [570400] Đã xử lý ảnh thành công. Kích thước tensor: (1, 48, 48, 1)
2026-05-26 00:52:50,406 | INFO     | [570401] Đã xử lý ảnh thành công. Kích thước tensor: (1, 48, 48, 1)
2026-05-26 00:52:50,410 | INFO     | [570402] Đã xử lý ảnh thành công. Kích thước tensor: (1, 48, 48, 1)
2026-05-26 00:52:50,513 | INFO     | [570400] ⏱️ Model inference: 109.94 ms
2026-05-26 00:52:50,515 | INFO     | [570400] 📊 Chi tiết dự đoán: {'ANGRY': 7.29, 'DISGUST': 0.3, 'FEAR': 5.56, 'HAPPY': 49.84, 'NEUTRAL': 17.18, 'SAD': 18.05, 'SURPRISE': 1.78}
2026-05-26 00:52:50,515 | INFO     | [570400] 🎯 KẾT QUẢ CHỐT: HAPPY (49.84%)
2026-05-26 00:52:50,515 | INFO     | [570400] ⏱️ Thời gian phản hồi: 114.47 ms
2026-05-26 00:52:50,516 | INFO     | [570401] ⏱️ Model inference: 110.29 ms
2026-05-26 00:52:50,516 | INFO     | [570401] 📊 Chi tiết dự đoán: {'ANGRY': 8.03, 'DISGUST': 0.4, 'FEAR': 5.22, 'HAPPY': 48.28, 'NEUTRAL': 16.75, 'SAD': 19.6, 'SURPRISE': 1.72}
2026-05-26 00:52:50,516 | INFO     | [570401] 🎯 KẾT QUẢ CHỐT: HAPPY (48.28%)
2026-05-26 00:52:50,516 | INFO     | [570401] ⏱️ Thời gian phản hồi: 115.31 ms
2026-05-26 00:52:50,516 | INFO     | [570402] ⏱️ Model inference: 105.66 ms
2026-05-26 00:52:50,518 | INFO     | [570402] 📊 Chi tiết dự đoán: {'ANGRY': 7.47, 'DISGUST': 0.33, 'FEAR': 4.7, 'HAPPY': 56.69, 'NEUTRAL': 14.47, 'SAD': 14.62, 'SURPRISE': 1.72}
2026-05-26 00:52:50,518 | INFO     | [570402] 🎯 KẾT QUẢ CHỐT: HAPPY (56.69%)
2026-05-26 00:52:50,518 | INFO     | [570402] ⏱️ Thời gian phản hồi: 115.77 ms
2026-05-26 00:52:50,526 | INFO     | [570526] ------------------------------------------
2026-05-26 00:52:50,526 | INFO     | [570526] 📥 NHẬN YÊU CẦU QUÉT KHUÔN MẶT MỚI
2026-05-26 00:52:50,526 | INFO     | [570526] Đã xử lý ảnh thành công. Kích thước tensor: (1, 48, 48, 1)
2026-05-26 00:52:50,583 | INFO     | [570526] ⏱️ Model inference: 57.72 ms
2026-05-26 00:52:50,584 | INFO     | [570526] 📊 Chi tiết dự đoán: {'ANGRY': 8.6, 'DISGUST': 0.35, 'FEAR': 3.88, 'HAPPY': 54.01, 'NEUTRAL': 16.2, 'SAD': 15.65, 'SURPRISE': 1.32}
2026-05-26 00:52:50,584 | INFO     | [570526] 🎯 KẾT QUẢ CHỐT: HAPPY (54.01%)
2026-05-26 00:52:50,584 | INFO     | [570526] ⏱️ Thời gian phản hồi: 58.73 ms
2026-05-26 00:52:50,715 | INFO     | [BATCH-570715] ==========================================
2026-05-26 00:52:50,716 | INFO     | [BATCH-570715] 🎞️ NHẬN CHUỖI 5 KHUNG HÌNH (BATCH)
2026-05-26 00:52:51,100 | INFO     | [BATCH-570715] ⏱️ Batch inference elapsed: 384.52 ms (5 frames)
2026-05-26 00:52:51,100 | INFO     | [BATCH-570715] ↳ Frame 1/5: HAPPY (50.1%)
2026-05-26 00:52:51,102 | INFO     | [BATCH-570715] ↳ Frame 2/5: HAPPY (48.3%)
2026-05-26 00:52:51,102 | INFO     | [BATCH-570715] ↳ Frame 3/5: HAPPY (56.7%)
2026-05-26 00:52:51,102 | INFO     | [BATCH-570715] ↳ Frame 4/5: HAPPY (49.8%)
2026-05-26 00:52:51,102 | INFO     | [BATCH-570715] ↳ Frame 5/5: HAPPY (54.0%)
2026-05-26 00:52:51,102 | INFO     | [BATCH-570715] 🎯 KẾT QUẢ CHUỖI: HAPPY (Tần suất: {'HAPPY': 5})
2026-05-26 00:52:51,102 | INFO     | [BATCH-570715] ⏱️ Tổng thời gian xử lý: 386.9 ms
2026-05-26 00:53:31,167 | INFO     | [611167] ------------------------------------------
2026-05-26 00:53:31,167 | INFO     | [611167] 📥 NHẬN YÊU CẦU QUÉT KHUÔN MẶT MỚI
2026-05-26 00:53:31,168 | INFO     | [611168] ------------------------------------------
2026-05-26 00:53:31,168 | INFO     | [611168] 📥 NHẬN YÊU CẦU QUÉT KHUÔN MẶT MỚI
2026-05-26 00:53:31,169 | INFO     | [611169] ------------------------------------------
2026-05-26 00:53:31,169 | INFO     | [611169] 📥 NHẬN YÊU CẦU QUÉT KHUÔN MẶT MỚI
2026-05-26 00:53:31,169 | INFO     | [611167] Đã xử lý ảnh thành công. Kích thước tensor: (1, 48, 48, 1)
2026-05-26 00:53:31,172 | INFO     | [611168] Đã xử lý ảnh thành công. Kích thước tensor: (1, 48, 48, 1)
2026-05-26 00:53:31,176 | INFO     | [611169] Đã xử lý ảnh thành công. Kích thước tensor: (1, 48, 48, 1)
2026-05-26 00:53:31,300 | INFO     | [611169] ⏱️ Model inference: 122.05 ms
2026-05-26 00:53:31,301 | INFO     | [611169] 📊 Chi tiết dự đoán: {'ANGRY': 7.72, 'DISGUST': 0.25, 'FEAR': 7.38, 'HAPPY': 26.0, 'NEUTRAL': 15.14, 'SAD': 42.12, 'SURPRISE': 1.39}
2026-05-26 00:53:31,301 | INFO     | [611169] 🎯 KẾT QUẢ CHỐT: SAD (42.12%)
2026-05-26 00:53:31,301 | INFO     | [611169] ⏱️ Thời gian phản hồi: 131.93 ms
2026-05-26 00:53:31,302 | INFO     | [611167] ⏱️ Model inference: 133.15 ms
2026-05-26 00:53:31,302 | INFO     | [611167] 📊 Chi tiết dự đoán: {'ANGRY': 7.41, 'DISGUST': 0.21, 'FEAR': 6.96, 'HAPPY': 21.69, 'NEUTRAL': 16.65, 'SAD': 45.62, 'SURPRISE': 1.47}
2026-05-26 00:53:31,303 | INFO     | [611167] 🎯 KẾT QUẢ CHỐT: SAD (45.62%)
2026-05-26 00:53:31,303 | INFO     | [611167] ⏱️ Thời gian phản hồi: 135.67 ms
2026-05-26 00:53:31,304 | INFO     | [611168] ⏱️ Model inference: 131.31 ms
2026-05-26 00:53:31,304 | INFO     | [611168] 📊 Chi tiết dự đoán: {'ANGRY': 8.8, 'DISGUST': 0.28, 'FEAR': 7.7, 'HAPPY': 25.55, 'NEUTRAL': 15.6, 'SAD': 39.87, 'SURPRISE': 2.2}
2026-05-26 00:53:31,305 | INFO     | [611168] 🎯 KẾT QUẢ CHỐT: SAD (39.87%)
2026-05-26 00:53:31,305 | INFO     | [611168] ⏱️ Thời gian phản hồi: 136.22 ms
2026-05-26 00:53:31,414 | INFO     | [611414] ------------------------------------------
2026-05-26 00:53:31,414 | INFO     | [611414] 📥 NHẬN YÊU CẦU QUÉT KHUÔN MẶT MỚI
2026-05-26 00:53:31,415 | INFO     | [611414] Đã xử lý ảnh thành công. Kích thước tensor: (1, 48, 48, 1)
2026-05-26 00:53:31,472 | INFO     | [611414] ⏱️ Model inference: 57.31 ms
2026-05-26 00:53:31,472 | INFO     | [611414] 📊 Chi tiết dự đoán: {'ANGRY': 7.09, 'DISGUST': 0.2, 'FEAR': 6.5, 'HAPPY': 32.45, 'NEUTRAL': 16.5, 'SAD': 36.13, 'SURPRISE': 1.14}
2026-05-26 00:53:31,473 | INFO     | [611414] 🎯 KẾT QUẢ CHỐT: SAD (36.13%)
2026-05-26 00:53:31,473 | INFO     | [611414] ⏱️ Thời gian phản hồi: 58.45 ms
2026-05-26 00:53:32,382 | INFO     | [612382] ------------------------------------------
2026-05-26 00:53:32,383 | INFO     | [612382] 📥 NHẬN YÊU CẦU QUÉT KHUÔN MẶT MỚI
2026-05-26 00:53:32,383 | INFO     | [612383] ------------------------------------------
2026-05-26 00:53:32,383 | INFO     | [612383] 📥 NHẬN YÊU CẦU QUÉT KHUÔN MẶT MỚI
2026-05-26 00:53:32,384 | INFO     | [612384] ------------------------------------------
2026-05-26 00:53:32,384 | INFO     | [612384] 📥 NHẬN YÊU CẦU QUÉT KHUÔN MẶT MỚI
2026-05-26 00:53:32,385 | INFO     | [612382] Đã xử lý ảnh thành công. Kích thước tensor: (1, 48, 48, 1)
2026-05-26 00:53:32,387 | INFO     | [612383] Đã xử lý ảnh thành công. Kích thước tensor: (1, 48, 48, 1)
2026-05-26 00:53:32,393 | INFO     | [612384] Đã xử lý ảnh thành công. Kích thước tensor: (1, 48, 48, 1)
2026-05-26 00:53:32,493 | INFO     | [612382] ⏱️ Model inference: 108.57 ms
2026-05-26 00:53:32,494 | INFO     | [612382] 📊 Chi tiết dự đoán: {'ANGRY': 6.79, 'DISGUST': 0.16, 'FEAR': 7.24, 'HAPPY': 32.36, 'NEUTRAL': 18.07, 'SAD': 34.25, 'SURPRISE': 1.13}
2026-05-26 00:53:32,494 | INFO     | [612382] 🎯 KẾT QUẢ CHỐT: SAD (34.25%)
2026-05-26 00:53:32,494 | INFO     | [612382] ⏱️ Thời gian phản hồi: 112.08 ms
2026-05-26 00:53:32,499 | INFO     | [612383] ⏱️ Model inference: 111.65 ms
2026-05-26 00:53:32,500 | INFO     | [612383] 📊 Chi tiết dự đoán: {'ANGRY': 6.93, 'DISGUST': 0.19, 'FEAR': 6.22, 'HAPPY': 33.36, 'NEUTRAL': 15.19, 'SAD': 37.05, 'SURPRISE': 1.06}
2026-05-26 00:53:32,500 | INFO     | [612383] 🎯 KẾT QUẢ CHỐT: SAD (37.05%)
2026-05-26 00:53:32,500 | INFO     | [612383] ⏱️ Thời gian phản hồi: 117.16 ms
2026-05-26 00:53:32,508 | INFO     | [612508] ------------------------------------------
2026-05-26 00:53:32,508 | INFO     | [612508] 📥 NHẬN YÊU CẦU QUÉT KHUÔN MẶT MỚI
2026-05-26 00:53:32,509 | INFO     | [612508] Đã xử lý ảnh thành công. Kích thước tensor: (1, 48, 48, 1)
2026-05-26 00:53:32,530 | INFO     | [612384] ⏱️ Model inference: 134.72 ms
2026-05-26 00:53:32,531 | INFO     | [612384] 📊 Chi tiết dự đoán: {'ANGRY': 6.75, 'DISGUST': 0.16, 'FEAR': 6.18, 'HAPPY': 42.42, 'NEUTRAL': 12.58, 'SAD': 30.53, 'SURPRISE': 1.39}
2026-05-26 00:53:32,533 | INFO     | [612384] 🎯 KẾT QUẢ CHỐT: HAPPY (42.42%)
2026-05-26 00:53:32,533 | INFO     | [612384] ⏱️ Thời gian phản hồi: 146.85 ms
2026-05-26 00:53:32,577 | INFO     | [612508] ⏱️ Model inference: 68.52 ms
2026-05-26 00:53:32,577 | INFO     | [612508] 📊 Chi tiết dự đoán: {'ANGRY': 7.36, 'DISGUST': 0.17, 'FEAR': 5.21, 'HAPPY': 40.95, 'NEUTRAL': 14.98, 'SAD': 30.26, 'SURPRISE': 1.06}
2026-05-26 00:53:32,579 | INFO     | [612508] 🎯 KẾT QUẢ CHỐT: HAPPY (40.95%)
2026-05-26 00:53:32,579 | INFO     | [612508] ⏱️ Thời gian phản hồi: 69.68 ms
2026-05-26 00:53:33,174 | INFO     | [613174] ------------------------------------------
2026-05-26 00:53:33,174 | INFO     | [613174] 📥 NHẬN YÊU CẦU QUÉT KHUÔN MẶT MỚI
2026-05-26 00:53:33,175 | INFO     | [613175] ------------------------------------------
2026-05-26 00:53:33,175 | INFO     | [613175] 📥 NHẬN YÊU CẦU QUÉT KHUÔN MẶT MỚI
2026-05-26 00:53:33,176 | INFO     | [613176] ------------------------------------------
2026-05-26 00:53:33,176 | INFO     | [613176] 📥 NHẬN YÊU CẦU QUÉT KHUÔN MẶT MỚI
2026-05-26 00:53:33,176 | INFO     | [613174] Đã xử lý ảnh thành công. Kích thước tensor: (1, 48, 48, 1)
2026-05-26 00:53:33,179 | INFO     | [613175] Đã xử lý ảnh thành công. Kích thước tensor: (1, 48, 48, 1)
2026-05-26 00:53:33,183 | INFO     | [613176] Đã xử lý ảnh thành công. Kích thước tensor: (1, 48, 48, 1)
2026-05-26 00:53:33,297 | INFO     | [613175] ⏱️ Model inference: 117.55 ms
2026-05-26 00:53:33,297 | INFO     | [613175] 📊 Chi tiết dự đoán: {'ANGRY': 6.9, 'DISGUST': 0.14, 'FEAR': 6.49, 'HAPPY': 37.17, 'NEUTRAL': 14.66, 'SAD': 33.6, 'SURPRISE': 1.03}
2026-05-26 00:53:33,297 | INFO     | [613175] 🎯 KẾT QUẢ CHỐT: HAPPY (37.17%)
2026-05-26 00:53:33,297 | INFO     | [613175] ⏱️ Thời gian phản hồi: 121.54 ms
2026-05-26 00:53:33,299 | INFO     | [613176] ⏱️ Model inference: 116.57 ms
2026-05-26 00:53:33,299 | INFO     | [613176] 📊 Chi tiết dự đoán: {'ANGRY': 7.2, 'DISGUST': 0.22, 'FEAR': 7.52, 'HAPPY': 34.11, 'NEUTRAL': 13.83, 'SAD': 35.94, 'SURPRISE': 1.19}
2026-05-26 00:53:33,299 | INFO     | [613176] 🎯 KẾT QUẢ CHỐT: SAD (35.94%)
2026-05-26 00:53:33,299 | INFO     | [613176] ⏱️ Thời gian phản hồi: 122.88 ms
2026-05-26 00:53:33,300 | INFO     | [613174] ⏱️ Model inference: 123.88 ms
2026-05-26 00:53:33,300 | INFO     | [613174] 📊 Chi tiết dự đoán: {'ANGRY': 6.13, 'DISGUST': 0.14, 'FEAR': 5.8, 'HAPPY': 34.77, 'NEUTRAL': 16.74, 'SAD': 35.5, 'SURPRISE': 0.93}
2026-05-26 00:53:33,301 | INFO     | [613174] 🎯 KẾT QUẢ CHỐT: SAD (35.50%)
2026-05-26 00:53:33,301 | INFO     | [613174] ⏱️ Thời gian phản hồi: 126.56 ms
2026-05-26 00:53:33,422 | INFO     | [613422] ------------------------------------------
2026-05-26 00:53:33,422 | INFO     | [613422] 📥 NHẬN YÊU CẦU QUÉT KHUÔN MẶT MỚI
2026-05-26 00:53:33,423 | INFO     | [613422] Đã xử lý ảnh thành công. Kích thước tensor: (1, 48, 48, 1)
2026-05-26 00:53:33,474 | INFO     | [613422] ⏱️ Model inference: 50.86 ms
2026-05-26 00:53:33,474 | INFO     | [613422] 📊 Chi tiết dự đoán: {'ANGRY': 7.11, 'DISGUST': 0.18, 'FEAR': 5.01, 'HAPPY': 45.55, 'NEUTRAL': 14.21, 'SAD': 27.05, 'SURPRISE': 0.89}
2026-05-26 00:53:33,474 | INFO     | [613422] 🎯 KẾT QUẢ CHỐT: HAPPY (45.55%)
2026-05-26 00:53:33,474 | INFO     | [613422] ⏱️ Thời gian phản hồi: 52.36 ms
2026-05-26 00:53:33,734 | INFO     | [613734] ------------------------------------------
2026-05-26 00:53:33,734 | INFO     | [613734] 📥 NHẬN YÊU CẦU QUÉT KHUÔN MẶT MỚI
2026-05-26 00:53:33,735 | INFO     | [613734] Đã xử lý ảnh thành công. Kích thước tensor: (1, 48, 48, 1)
2026-05-26 00:53:33,788 | INFO     | [613734] ⏱️ Model inference: 53.06 ms
2026-05-26 00:53:33,788 | INFO     | [613734] 📊 Chi tiết dự đoán: {'ANGRY': 7.11, 'DISGUST': 0.2, 'FEAR': 4.99, 'HAPPY': 41.84, 'NEUTRAL': 15.21, 'SAD': 29.78, 'SURPRISE': 0.87}
2026-05-26 00:53:33,789 | INFO     | [613734] 🎯 KẾT QUẢ CHỐT: HAPPY (41.84%)
2026-05-26 00:53:33,789 | INFO     | [613734] ⏱️ Thời gian phản hồi: 54.21 ms
2026-05-26 00:53:34,389 | INFO     | [614389] ------------------------------------------
2026-05-26 00:53:34,389 | INFO     | [614389] 📥 NHẬN YÊU CẦU QUÉT KHUÔN MẶT MỚI
2026-05-26 00:53:34,389 | INFO     | [614389] ------------------------------------------
2026-05-26 00:53:34,389 | INFO     | [614389] 📥 NHẬN YÊU CẦU QUÉT KHUÔN MẶT MỚI
2026-05-26 00:53:34,389 | INFO     | [614389] Đã xử lý ảnh thành công. Kích thước tensor: (1, 48, 48, 1)
2026-05-26 00:53:34,392 | INFO     | [614389] Đã xử lý ảnh thành công. Kích thước tensor: (1, 48, 48, 1)
2026-05-26 00:53:34,422 | INFO     | [614422] ------------------------------------------
2026-05-26 00:53:34,423 | INFO     | [614422] 📥 NHẬN YÊU CẦU QUÉT KHUÔN MẶT MỚI
2026-05-26 00:53:34,429 | INFO     | [614422] Đã xử lý ảnh thành công. Kích thước tensor: (1, 48, 48, 1)
2026-05-26 00:53:34,500 | INFO     | [614389] ⏱️ Model inference: 106.37 ms
2026-05-26 00:53:34,500 | INFO     | [614389] 📊 Chi tiết dự đoán: {'ANGRY': 6.71, 'DISGUST': 0.18, 'FEAR': 5.85, 'HAPPY': 39.53, 'NEUTRAL': 16.55, 'SAD': 30.12, 'SURPRISE': 1.05}
2026-05-26 00:53:34,501 | INFO     | [614389] 🎯 KẾT QUẢ CHỐT: HAPPY (39.53%)
2026-05-26 00:53:34,501 | INFO     | [614389] ⏱️ Thời gian phản hồi: 110.19 ms
2026-05-26 00:53:34,512 | INFO     | [614389] ⏱️ Model inference: 122.35 ms
2026-05-26 00:53:34,513 | INFO     | [614389] 📊 Chi tiết dự đoán: {'ANGRY': 6.69, 'DISGUST': 0.14, 'FEAR': 5.11, 'HAPPY': 36.29, 'NEUTRAL': 19.56, 'SAD': 31.24, 'SURPRISE': 0.96}
2026-05-26 00:53:34,513 | INFO     | [614389] 🎯 KẾT QUẢ CHỐT: HAPPY (36.29%)
2026-05-26 00:53:34,513 | INFO     | [614389] ⏱️ Thời gian phản hồi: 124.35 ms
2026-05-26 00:53:34,519 | INFO     | [614422] ⏱️ Model inference: 89.22 ms
2026-05-26 00:53:34,521 | INFO     | [614422] 📊 Chi tiết dự đoán: {'ANGRY': 6.63, 'DISGUST': 0.14, 'FEAR': 4.52, 'HAPPY': 43.35, 'NEUTRAL': 15.26, 'SAD': 29.36, 'SURPRISE': 0.76}
2026-05-26 00:53:34,521 | INFO     | [614422] 🎯 KẾT QUẢ CHỐT: HAPPY (43.35%)
2026-05-26 00:53:34,521 | INFO     | [614422] ⏱️ Thời gian phản hồi: 99.32 ms
2026-05-26 00:53:35,168 | INFO     | [615168] ------------------------------------------
2026-05-26 00:53:35,168 | INFO     | [615168] 📥 NHẬN YÊU CẦU QUÉT KHUÔN MẶT MỚI
2026-05-26 00:53:35,168 | INFO     | [615168] ------------------------------------------
2026-05-26 00:53:35,168 | INFO     | [615168] 📥 NHẬN YÊU CẦU QUÉT KHUÔN MẶT MỚI
2026-05-26 00:53:35,170 | INFO     | [615170] ------------------------------------------
2026-05-26 00:53:35,170 | INFO     | [615170] 📥 NHẬN YÊU CẦU QUÉT KHUÔN MẶT MỚI
2026-05-26 00:53:35,171 | INFO     | [615168] Đã xử lý ảnh thành công. Kích thước tensor: (1, 48, 48, 1)
2026-05-26 00:53:35,173 | INFO     | [615168] Đã xử lý ảnh thành công. Kích thước tensor: (1, 48, 48, 1)
2026-05-26 00:53:35,178 | INFO     | [615170] Đã xử lý ảnh thành công. Kích thước tensor: (1, 48, 48, 1)
2026-05-26 00:53:35,288 | INFO     | [615170] ⏱️ Model inference: 108.3 ms
2026-05-26 00:53:35,289 | INFO     | [615170] 📊 Chi tiết dự đoán: {'ANGRY': 7.66, 'DISGUST': 0.16, 'FEAR': 4.97, 'HAPPY': 39.03, 'NEUTRAL': 17.01, 'SAD': 30.28, 'SURPRISE': 0.89}
2026-05-26 00:53:35,289 | INFO     | [615170] 🎯 KẾT QUẢ CHỐT: HAPPY (39.03%)
2026-05-26 00:53:35,289 | INFO     | [615170] ⏱️ Thời gian phản hồi: 119.13 ms
2026-05-26 00:53:35,297 | INFO     | [615168] ⏱️ Model inference: 125.73 ms
2026-05-26 00:53:35,297 | INFO     | [615168] 📊 Chi tiết dự đoán: {'ANGRY': 6.5, 'DISGUST': 0.15, 'FEAR': 4.29, 'HAPPY': 46.57, 'NEUTRAL': 16.05, 'SAD': 25.75, 'SURPRISE': 0.7}
2026-05-26 00:53:35,297 | INFO     | [615168] 🎯 KẾT QUẢ CHỐT: HAPPY (46.57%)
2026-05-26 00:53:35,298 | INFO     | [615168] ⏱️ Thời gian phản hồi: 128.14 ms
2026-05-26 00:53:35,298 | INFO     | [615168] ⏱️ Model inference: 124.43 ms
2026-05-26 00:53:35,299 | INFO     | [615168] 📊 Chi tiết dự đoán: {'ANGRY': 6.58, 'DISGUST': 0.11, 'FEAR': 4.98, 'HAPPY': 39.34, 'NEUTRAL': 17.1, 'SAD': 31.22, 'SURPRISE': 0.68}
2026-05-26 00:53:35,299 | INFO     | [615168] 🎯 KẾT QUẢ CHỐT: HAPPY (39.34%)
2026-05-26 00:53:35,299 | INFO     | [615168] ⏱️ Thời gian phản hồi: 130.62 ms
2026-05-26 00:53:35,417 | INFO     | [615417] ------------------------------------------
2026-05-26 00:53:35,418 | INFO     | [615417] 📥 NHẬN YÊU CẦU QUÉT KHUÔN MẶT MỚI
2026-05-26 00:53:35,418 | INFO     | [615417] Đã xử lý ảnh thành công. Kích thước tensor: (1, 48, 48, 1)
2026-05-26 00:53:35,470 | INFO     | [615417] ⏱️ Model inference: 51.32 ms
2026-05-26 00:53:35,470 | INFO     | [615417] 📊 Chi tiết dự đoán: {'ANGRY': 7.07, 'DISGUST': 0.15, 'FEAR': 5.11, 'HAPPY': 42.53, 'NEUTRAL': 16.3, 'SAD': 27.93, 'SURPRISE': 0.91}
2026-05-26 00:53:35,471 | INFO     | [615417] 🎯 KẾT QUẢ CHỐT: HAPPY (42.53%)
2026-05-26 00:53:35,471 | INFO     | [615417] ⏱️ Thời gian phản hồi: 52.32 ms
2026-05-26 00:53:36,146 | INFO     | [616146] ------------------------------------------
2026-05-26 00:53:36,147 | INFO     | [616146] 📥 NHẬN YÊU CẦU QUÉT KHUÔN MẶT MỚI
2026-05-26 00:53:36,147 | INFO     | [616147] ------------------------------------------
2026-05-26 00:53:36,147 | INFO     | [616147] 📥 NHẬN YÊU CẦU QUÉT KHUÔN MẶT MỚI
2026-05-26 00:53:36,149 | INFO     | [616146] Đã xử lý ảnh thành công. Kích thước tensor: (1, 48, 48, 1)
2026-05-26 00:53:36,150 | INFO     | [616147] Đã xử lý ảnh thành công. Kích thước tensor: (1, 48, 48, 1)
2026-05-26 00:53:36,235 | INFO     | [616146] ⏱️ Model inference: 86.11 ms
2026-05-26 00:53:36,235 | INFO     | [616146] 📊 Chi tiết dự đoán: {'ANGRY': 7.03, 'DISGUST': 0.14, 'FEAR': 5.42, 'HAPPY': 34.63, 'NEUTRAL': 17.69, 'SAD': 34.26, 'SURPRISE': 0.83}
2026-05-26 00:53:36,235 | INFO     | [616146] 🎯 KẾT QUẢ CHỐT: HAPPY (34.63%)
2026-05-26 00:53:36,235 | INFO     | [616146] ⏱️ Thời gian phản hồi: 89.36 ms
2026-05-26 00:53:36,237 | INFO     | [616147] ⏱️ Model inference: 85.37 ms
2026-05-26 00:53:36,237 | INFO     | [616147] 📊 Chi tiết dự đoán: {'ANGRY': 7.93, 'DISGUST': 0.15, 'FEAR': 5.68, 'HAPPY': 34.12, 'NEUTRAL': 17.35, 'SAD': 33.86, 'SURPRISE': 0.91}
2026-05-26 00:53:36,237 | INFO     | [616147] 🎯 KẾT QUẢ CHỐT: HAPPY (34.12%)
2026-05-26 00:53:36,237 | INFO     | [616147] ⏱️ Thời gian phản hồi: 89.22 ms
2026-05-26 00:53:36,382 | INFO     | [616382] ------------------------------------------
2026-05-26 00:53:36,382 | INFO     | [616382] 📥 NHẬN YÊU CẦU QUÉT KHUÔN MẶT MỚI
2026-05-26 00:53:36,382 | INFO     | [616382] Đã xử lý ảnh thành công. Kích thước tensor: (1, 48, 48, 1)
2026-05-26 00:53:36,429 | INFO     | [616429] ------------------------------------------
2026-05-26 00:53:36,429 | INFO     | [616429] 📥 NHẬN YÊU CẦU QUÉT KHUÔN MẶT MỚI
2026-05-26 00:53:36,430 | INFO     | [616429] Đã xử lý ảnh thành công. Kích thước tensor: (1, 48, 48, 1)
2026-05-26 00:53:36,444 | INFO     | [616382] ⏱️ Model inference: 61.23 ms
2026-05-26 00:53:36,445 | INFO     | [616382] 📊 Chi tiết dự đoán: {'ANGRY': 6.94, 'DISGUST': 0.13, 'FEAR': 4.97, 'HAPPY': 41.73, 'NEUTRAL': 16.48, 'SAD': 28.91, 'SURPRISE': 0.85}
2026-05-26 00:53:36,446 | INFO     | [616382] 🎯 KẾT QUẢ CHỐT: HAPPY (41.73%)
2026-05-26 00:53:36,446 | INFO     | [616382] ⏱️ Thời gian phản hồi: 63.34 ms
2026-05-26 00:53:36,498 | INFO     | [616429] ⏱️ Model inference: 67.82 ms
2026-05-26 00:53:36,498 | INFO     | [616429] 📊 Chi tiết dự đoán: {'ANGRY': 6.98, 'DISGUST': 0.14, 'FEAR': 5.17, 'HAPPY': 36.34, 'NEUTRAL': 19.89, 'SAD': 30.66, 'SURPRISE': 0.81}
2026-05-26 00:53:36,499 | INFO     | [616429] 🎯 KẾT QUẢ CHỐT: HAPPY (36.34%)
2026-05-26 00:53:36,499 | INFO     | [616429] ⏱️ Thời gian phản hồi: 69.29 ms
2026-05-26 00:53:37,176 | INFO     | [617176] ------------------------------------------
2026-05-26 00:53:37,177 | INFO     | [617176] 📥 NHẬN YÊU CẦU QUÉT KHUÔN MẶT MỚI
2026-05-26 00:53:37,177 | INFO     | [617177] ------------------------------------------
2026-05-26 00:53:37,177 | INFO     | [617177] 📥 NHẬN YÊU CẦU QUÉT KHUÔN MẶT MỚI
2026-05-26 00:53:37,178 | INFO     | [617178] ------------------------------------------
2026-05-26 00:53:37,178 | INFO     | [617178] 📥 NHẬN YÊU CẦU QUÉT KHUÔN MẶT MỚI
2026-05-26 00:53:37,178 | INFO     | [617176] Đã xử lý ảnh thành công. Kích thước tensor: (1, 48, 48, 1)
2026-05-26 00:53:37,180 | INFO     | [617177] Đã xử lý ảnh thành công. Kích thước tensor: (1, 48, 48, 1)
2026-05-26 00:53:37,184 | INFO     | [617178] Đã xử lý ảnh thành công. Kích thước tensor: (1, 48, 48, 1)
2026-05-26 00:53:37,293 | INFO     | [617176] ⏱️ Model inference: 115.44 ms
2026-05-26 00:53:37,294 | INFO     | [617176] 📊 Chi tiết dự đoán: {'ANGRY': 6.1, 'DISGUST': 0.15, 'FEAR': 4.88, 'HAPPY': 47.46, 'NEUTRAL': 15.12, 'SAD': 25.5, 'SURPRISE': 0.78}
2026-05-26 00:53:37,294 | INFO     | [617176] 🎯 KẾT QUẢ CHỐT: HAPPY (47.46%)
2026-05-26 00:53:37,294 | INFO     | [617176] ⏱️ Thời gian phản hồi: 118.83 ms
2026-05-26 00:53:37,302 | INFO     | [617178] ⏱️ Model inference: 115.46 ms
2026-05-26 00:53:37,303 | INFO     | [617178] 📊 Chi tiết dự đoán: {'ANGRY': 7.2, 'DISGUST': 0.15, 'FEAR': 5.69, 'HAPPY': 38.18, 'NEUTRAL': 16.85, 'SAD': 31.12, 'SURPRISE': 0.81}
2026-05-26 00:53:37,303 | INFO     | [617178] 🎯 KẾT QUẢ CHỐT: HAPPY (38.18%)
2026-05-26 00:53:37,303 | INFO     | [617178] ⏱️ Thời gian phản hồi: 125.57 ms
2026-05-26 00:53:37,326 | INFO     | [617177] ⏱️ Model inference: 145.15 ms
2026-05-26 00:53:37,326 | INFO     | [617177] 📊 Chi tiết dự đoán: {'ANGRY': 6.17, 'DISGUST': 0.13, 'FEAR': 5.74, 'HAPPY': 34.7, 'NEUTRAL': 18.85, 'SAD': 33.57, 'SURPRISE': 0.84}
2026-05-26 00:53:37,326 | INFO     | [617177] 🎯 KẾT QUẢ CHỐT: HAPPY (34.70%)
2026-05-26 00:53:37,326 | INFO     | [617177] ⏱️ Thời gian phản hồi: 149.76 ms
2026-05-26 00:53:37,423 | INFO     | [617423] ------------------------------------------
2026-05-26 00:53:37,424 | INFO     | [617423] 📥 NHẬN YÊU CẦU QUÉT KHUÔN MẶT MỚI
2026-05-26 00:53:37,424 | INFO     | [617423] Đã xử lý ảnh thành công. Kích thước tensor: (1, 48, 48, 1)
2026-05-26 00:53:37,476 | INFO     | [617423] ⏱️ Model inference: 51.23 ms
2026-05-26 00:53:37,476 | INFO     | [617423] 📊 Chi tiết dự đoán: {'ANGRY': 6.23, 'DISGUST': 0.14, 'FEAR': 5.33, 'HAPPY': 38.83, 'NEUTRAL': 15.82, 'SAD': 32.95, 'SURPRISE': 0.71}
2026-05-26 00:53:37,476 | INFO     | [617423] 🎯 KẾT QUẢ CHỐT: HAPPY (38.83%)
2026-05-26 00:53:37,477 | INFO     | [617423] ⏱️ Thời gian phản hồi: 52.55 ms
2026-05-26 00:53:38,374 | INFO     | [618374] ------------------------------------------
2026-05-26 00:53:38,374 | INFO     | [618374] 📥 NHẬN YÊU CẦU QUÉT KHUÔN MẶT MỚI
2026-05-26 00:53:38,374 | INFO     | [618374] ------------------------------------------
2026-05-26 00:53:38,374 | INFO     | [618374] 📥 NHẬN YÊU CẦU QUÉT KHUÔN MẶT MỚI
2026-05-26 00:53:38,375 | INFO     | [618375] ------------------------------------------
2026-05-26 00:53:38,375 | INFO     | [618375] 📥 NHẬN YÊU CẦU QUÉT KHUÔN MẶT MỚI
2026-05-26 00:53:38,375 | INFO     | [618374] Đã xử lý ảnh thành công. Kích thước tensor: (1, 48, 48, 1)
2026-05-26 00:53:38,378 | INFO     | [618374] Đã xử lý ảnh thành công. Kích thước tensor: (1, 48, 48, 1)
2026-05-26 00:53:38,383 | INFO     | [618375] Đã xử lý ảnh thành công. Kích thước tensor: (1, 48, 48, 1)
2026-05-26 00:53:38,489 | INFO     | [618374] ⏱️ Model inference: 110.36 ms
2026-05-26 00:53:38,490 | INFO     | [618374] 📊 Chi tiết dự đoán: {'ANGRY': 6.94, 'DISGUST': 0.17, 'FEAR': 5.73, 'HAPPY': 39.2, 'NEUTRAL': 16.78, 'SAD': 30.27, 'SURPRISE': 0.92}
2026-05-26 00:53:38,490 | INFO     | [618374] 🎯 KẾT QUẢ CHỐT: HAPPY (39.20%)
2026-05-26 00:53:38,490 | INFO     | [618374] ⏱️ Thời gian phản hồi: 115.55 ms
2026-05-26 00:53:38,495 | INFO     | [618374] ⏱️ Model inference: 118.38 ms
2026-05-26 00:53:38,495 | INFO     | [618374] 📊 Chi tiết dự đoán: {'ANGRY': 7.46, 'DISGUST': 0.2, 'FEAR': 5.42, 'HAPPY': 42.11, 'NEUTRAL': 13.51, 'SAD': 30.48, 'SURPRISE': 0.81}
2026-05-26 00:53:38,495 | INFO     | [618374] 🎯 KẾT QUẢ CHỐT: HAPPY (42.11%)
2026-05-26 00:53:38,495 | INFO     | [618374] ⏱️ Thời gian phản hồi: 121.05 ms
2026-05-26 00:53:38,499 | INFO     | [618499] ------------------------------------------
2026-05-26 00:53:38,499 | INFO     | [618499] 📥 NHẬN YÊU CẦU QUÉT KHUÔN MẶT MỚI
2026-05-26 00:53:38,500 | INFO     | [618375] ⏱️ Model inference: 116.11 ms
2026-05-26 00:53:38,500 | INFO     | [618375] 📊 Chi tiết dự đoán: {'ANGRY': 7.12, 'DISGUST': 0.16, 'FEAR': 5.57, 'HAPPY': 38.05, 'NEUTRAL': 17.1, 'SAD': 31.11, 'SURPRISE': 0.89}
2026-05-26 00:53:38,500 | INFO     | [618375] 🎯 KẾT QUẢ CHỐT: HAPPY (38.05%)
2026-05-26 00:53:38,500 | INFO     | [618375] ⏱️ Thời gian phản hồi: 124.38 ms
2026-05-26 00:53:38,502 | INFO     | [618499] Đã xử lý ảnh thành công. Kích thước tensor: (1, 48, 48, 1)
2026-05-26 00:53:38,560 | INFO     | [618499] ⏱️ Model inference: 58.49 ms
2026-05-26 00:53:38,562 | INFO     | [618499] 📊 Chi tiết dự đoán: {'ANGRY': 6.6, 'DISGUST': 0.15, 'FEAR': 5.4, 'HAPPY': 40.28, 'NEUTRAL': 15.47, 'SAD': 31.31, 'SURPRISE': 0.78}
2026-05-26 00:53:38,562 | INFO     | [618499] 🎯 KẾT QUẢ CHỐT: HAPPY (40.28%)
2026-05-26 00:53:38,562 | INFO     | [618499] ⏱️ Thời gian phản hồi: 62.57 ms
2026-05-26 00:53:39,169 | INFO     | [619169] ------------------------------------------
2026-05-26 00:53:39,169 | INFO     | [619169] 📥 NHẬN YÊU CẦU QUÉT KHUÔN MẶT MỚI
2026-05-26 00:53:39,169 | INFO     | [619169] ------------------------------------------
2026-05-26 00:53:39,169 | INFO     | [619169] 📥 NHẬN YÊU CẦU QUÉT KHUÔN MẶT MỚI
2026-05-26 00:53:39,170 | INFO     | [619170] ------------------------------------------
2026-05-26 00:53:39,170 | INFO     | [619170] 📥 NHẬN YÊU CẦU QUÉT KHUÔN MẶT MỚI
2026-05-26 00:53:39,170 | INFO     | [619169] Đã xử lý ảnh thành công. Kích thước tensor: (1, 48, 48, 1)
2026-05-26 00:53:39,174 | INFO     | [619169] Đã xử lý ảnh thành công. Kích thước tensor: (1, 48, 48, 1)
2026-05-26 00:53:39,177 | INFO     | [619170] Đã xử lý ảnh thành công. Kích thước tensor: (1, 48, 48, 1)
2026-05-26 00:53:39,281 | INFO     | [619169] ⏱️ Model inference: 110.09 ms
2026-05-26 00:53:39,281 | INFO     | [619169] 📊 Chi tiết dự đoán: {'ANGRY': 6.54, 'DISGUST': 0.15, 'FEAR': 4.64, 'HAPPY': 47.86, 'NEUTRAL': 14.41, 'SAD': 25.68, 'SURPRISE': 0.7}
2026-05-26 00:53:39,281 | INFO     | [619169] 🎯 KẾT QUẢ CHỐT: HAPPY (47.86%)
2026-05-26 00:53:39,281 | INFO     | [619169] ⏱️ Thời gian phản hồi: 111.57 ms
2026-05-26 00:53:39,285 | INFO     | [619169] ⏱️ Model inference: 111.03 ms
2026-05-26 00:53:39,286 | INFO     | [619169] 📊 Chi tiết dự đoán: {'ANGRY': 6.15, 'DISGUST': 0.14, 'FEAR': 5.09, 'HAPPY': 40.71, 'NEUTRAL': 16.45, 'SAD': 30.66, 'SURPRISE': 0.79}
2026-05-26 00:53:39,286 | INFO     | [619169] 🎯 KẾT QUẢ CHỐT: HAPPY (40.71%)
2026-05-26 00:53:39,286 | INFO     | [619169] ⏱️ Thời gian phản hồi: 115.57 ms
2026-05-26 00:53:39,289 | INFO     | [619170] ⏱️ Model inference: 110.44 ms
2026-05-26 00:53:39,289 | INFO     | [619170] 📊 Chi tiết dự đoán: {'ANGRY': 6.97, 'DISGUST': 0.19, 'FEAR': 5.32, 'HAPPY': 39.36, 'NEUTRAL': 15.59, 'SAD': 31.72, 'SURPRISE': 0.85}
2026-05-26 00:53:39,290 | INFO     | [619170] 🎯 KẾT QUẢ CHỐT: HAPPY (39.36%)
2026-05-26 00:53:39,290 | INFO     | [619170] ⏱️ Thời gian phản hồi: 118.31 ms
2026-05-26 00:53:39,416 | INFO     | [619416] ------------------------------------------
2026-05-26 00:53:39,417 | INFO     | [619416] 📥 NHẬN YÊU CẦU QUÉT KHUÔN MẶT MỚI
2026-05-26 00:53:39,417 | INFO     | [619416] Đã xử lý ảnh thành công. Kích thước tensor: (1, 48, 48, 1)
2026-05-26 00:53:39,472 | INFO     | [619416] ⏱️ Model inference: 55.21 ms
2026-05-26 00:53:39,472 | INFO     | [619416] 📊 Chi tiết dự đoán: {'ANGRY': 7.47, 'DISGUST': 0.17, 'FEAR': 5.68, 'HAPPY': 39.84, 'NEUTRAL': 16.22, 'SAD': 29.73, 'SURPRISE': 0.88}
2026-05-26 00:53:39,472 | INFO     | [619416] 🎯 KẾT QUẢ CHỐT: HAPPY (39.84%)
2026-05-26 00:53:39,473 | INFO     | [619416] ⏱️ Thời gian phản hồi: 56.21 ms
2026-05-26 00:53:40,375 | INFO     | [620375] ------------------------------------------
2026-05-26 00:53:40,375 | INFO     | [620375] 📥 NHẬN YÊU CẦU QUÉT KHUÔN MẶT MỚI
2026-05-26 00:53:40,377 | INFO     | [620377] ------------------------------------------
2026-05-26 00:53:40,377 | INFO     | [620377] 📥 NHẬN YÊU CẦU QUÉT KHUÔN MẶT MỚI
2026-05-26 00:53:40,377 | INFO     | [620377] ------------------------------------------
2026-05-26 00:53:40,377 | INFO     | [620377] 📥 NHẬN YÊU CẦU QUÉT KHUÔN MẶT MỚI
2026-05-26 00:53:40,378 | INFO     | [620375] Đã xử lý ảnh thành công. Kích thước tensor: (1, 48, 48, 1)
2026-05-26 00:53:40,379 | INFO     | [620377] Đã xử lý ảnh thành công. Kích thước tensor: (1, 48, 48, 1)
2026-05-26 00:53:40,384 | INFO     | [620377] Đã xử lý ảnh thành công. Kích thước tensor: (1, 48, 48, 1)
2026-05-26 00:53:40,488 | INFO     | [620375] ⏱️ Model inference: 109.68 ms
2026-05-26 00:53:40,488 | INFO     | [620375] 📊 Chi tiết dự đoán: {'ANGRY': 6.7, 'DISGUST': 0.17, 'FEAR': 5.15, 'HAPPY': 42.91, 'NEUTRAL': 15.67, 'SAD': 28.56, 'SURPRISE': 0.84}
2026-05-26 00:53:40,489 | INFO     | [620375] 🎯 KẾT QUẢ CHỐT: HAPPY (42.91%)
2026-05-26 00:53:40,489 | INFO     | [620375] ⏱️ Thời gian phản hồi: 112.96 ms
2026-05-26 00:53:40,496 | INFO     | [620377] ⏱️ Model inference: 111.49 ms
2026-05-26 00:53:40,496 | INFO     | [620377] 📊 Chi tiết dự đoán: {'ANGRY': 6.5, 'DISGUST': 0.14, 'FEAR': 5.84, 'HAPPY': 35.19, 'NEUTRAL': 16.77, 'SAD': 34.76, 'SURPRISE': 0.8}
2026-05-26 00:53:40,497 | INFO     | [620377] 🎯 KẾT QUẢ CHỐT: HAPPY (35.19%)
2026-05-26 00:53:40,497 | INFO     | [620377] ⏱️ Thời gian phản hồi: 119.23 ms
2026-05-26 00:53:40,500 | INFO     | [620500] ------------------------------------------
2026-05-26 00:53:40,501 | INFO     | [620500] 📥 NHẬN YÊU CẦU QUÉT KHUÔN MẶT MỚI
2026-05-26 00:53:40,501 | INFO     | [620377] ⏱️ Model inference: 120.65 ms
2026-05-26 00:53:40,502 | INFO     | [620377] 📊 Chi tiết dự đoán: {'ANGRY': 6.98, 'DISGUST': 0.16, 'FEAR': 5.91, 'HAPPY': 31.46, 'NEUTRAL': 17.31, 'SAD': 37.39, 'SURPRISE': 0.79}
2026-05-26 00:53:40,502 | INFO     | [620377] 🎯 KẾT QUẢ CHỐT: SAD (37.39%)
2026-05-26 00:53:40,502 | INFO     | [620377] ⏱️ Thời gian phản hồi: 125.08 ms
2026-05-26 00:53:40,503 | INFO     | [620500] Đã xử lý ảnh thành công. Kích thước tensor: (1, 48, 48, 1)
2026-05-26 00:53:40,561 | INFO     | [620500] ⏱️ Model inference: 58.42 ms
2026-05-26 00:53:40,562 | INFO     | [620500] 📊 Chi tiết dự đoán: {'ANGRY': 7.11, 'DISGUST': 0.14, 'FEAR': 5.41, 'HAPPY': 37.4, 'NEUTRAL': 18.04, 'SAD': 31.17, 'SURPRISE': 0.73}
2026-05-26 00:53:40,562 | INFO     | [620500] 🎯 KẾT QUẢ CHỐT: HAPPY (37.40%)
2026-05-26 00:53:40,562 | INFO     | [620500] ⏱️ Thời gian phản hồi: 61.26 ms
2026-05-26 00:53:40,599 | INFO     | [BATCH-620599] ==========================================
2026-05-26 00:53:40,599 | INFO     | [BATCH-620599] 🎞️ NHẬN CHUỖI 5 KHUNG HÌNH (BATCH)
2026-05-26 00:53:40,983 | INFO     | [BATCH-620599] ⏱️ Batch inference elapsed: 384.42 ms (5 frames)
2026-05-26 00:53:40,985 | INFO     | [BATCH-620599] ↳ Frame 1/5: HAPPY (39.8%)
2026-05-26 00:53:40,985 | INFO     | [BATCH-620599] ↳ Frame 2/5: HAPPY (42.9%)
2026-05-26 00:53:40,985 | INFO     | [BATCH-620599] ↳ Frame 3/5: SAD (37.4%)
2026-05-26 00:53:40,985 | INFO     | [BATCH-620599] ↳ Frame 4/5: HAPPY (35.2%)
2026-05-26 00:53:40,985 | INFO     | [BATCH-620599] ↳ Frame 5/5: HAPPY (37.4%)
2026-05-26 00:53:40,985 | INFO     | [BATCH-620599] 🎯 KẾT QUẢ CHUỖI: HAPPY (Tần suất: {'HAPPY': 4, 'SAD': 1})
2026-05-26 00:53:40,985 | INFO     | [BATCH-620599] ⏱️ Tổng thời gian xử lý: 385.93 ms
2026-05-26 00:54:04,303 | INFO     | [644303] ------------------------------------------
2026-05-26 00:54:04,303 | INFO     | [644303] 📥 NHẬN YÊU CẦU QUÉT KHUÔN MẶT MỚI
2026-05-26 00:54:04,304 | INFO     | [644303] Đã xử lý ảnh thành công. Kích thước tensor: (1, 48, 48, 1)
2026-05-26 00:54:04,360 | INFO     | [644303] ⏱️ Model inference: 55.86 ms
2026-05-26 00:54:04,361 | INFO     | [644303] 📊 Chi tiết dự đoán: {'ANGRY': 9.52, 'DISGUST': 0.22, 'FEAR': 4.5, 'HAPPY': 49.57, 'NEUTRAL': 13.11, 'SAD': 22.16, 'SURPRISE': 0.91}
2026-05-26 00:54:04,361 | INFO     | [644303] 🎯 KẾT QUẢ CHỐT: HAPPY (49.57%)
2026-05-26 00:54:04,361 | INFO     | [644303] ⏱️ Thời gian phản hồi: 58.72 ms
2026-05-26 00:54:04,573 | INFO     | [644573] ------------------------------------------
2026-05-26 00:54:04,574 | INFO     | [644573] 📥 NHẬN YÊU CẦU QUÉT KHUÔN MẶT MỚI
2026-05-26 00:54:04,574 | INFO     | [644573] Đã xử lý ảnh thành công. Kích thước tensor: (1, 48, 48, 1)
2026-05-26 00:54:04,631 | INFO     | [644573] ⏱️ Model inference: 56.16 ms
2026-05-26 00:54:04,632 | INFO     | [644573] 📊 Chi tiết dự đoán: {'ANGRY': 8.59, 'DISGUST': 0.22, 'FEAR': 4.49, 'HAPPY': 46.99, 'NEUTRAL': 14.58, 'SAD': 24.11, 'SURPRISE': 1.01}
2026-05-26 00:54:04,632 | INFO     | [644573] 🎯 KẾT QUẢ CHỐT: HAPPY (46.99%)
2026-05-26 00:54:04,632 | INFO     | [644573] ⏱️ Thời gian phản hồi: 59.41 ms
2026-05-26 00:54:04,841 | INFO     | [644841] ------------------------------------------
2026-05-26 00:54:04,841 | INFO     | [644841] 📥 NHẬN YÊU CẦU QUÉT KHUÔN MẶT MỚI
2026-05-26 00:54:04,842 | INFO     | [644841] Đã xử lý ảnh thành công. Kích thước tensor: (1, 48, 48, 1)
2026-05-26 00:54:04,906 | INFO     | [644841] ⏱️ Model inference: 63.8 ms
2026-05-26 00:54:04,907 | INFO     | [644841] 📊 Chi tiết dự đoán: {'ANGRY': 8.05, 'DISGUST': 0.21, 'FEAR': 5.11, 'HAPPY': 51.02, 'NEUTRAL': 12.25, 'SAD': 22.15, 'SURPRISE': 1.22}
2026-05-26 00:54:04,907 | INFO     | [644841] 🎯 KẾT QUẢ CHỐT: HAPPY (51.02%)
2026-05-26 00:54:04,907 | INFO     | [644841] ⏱️ Thời gian phản hồi: 66.29 ms
2026-05-26 00:54:05,073 | INFO     | [645073] ------------------------------------------
2026-05-26 00:54:05,073 | INFO     | [645073] 📥 NHẬN YÊU CẦU QUÉT KHUÔN MẶT MỚI
2026-05-26 00:54:05,074 | INFO     | [645073] Đã xử lý ảnh thành công. Kích thước tensor: (1, 48, 48, 1)
2026-05-26 00:54:05,134 | INFO     | [645073] ⏱️ Model inference: 59.84 ms
2026-05-26 00:54:05,135 | INFO     | [645073] 📊 Chi tiết dự đoán: {'ANGRY': 8.06, 'DISGUST': 0.24, 'FEAR': 5.89, 'HAPPY': 44.41, 'NEUTRAL': 13.39, 'SAD': 26.35, 'SURPRISE': 1.66}
2026-05-26 00:54:05,135 | INFO     | [645073] 🎯 KẾT QUẢ CHỐT: HAPPY (44.41%)
2026-05-26 00:54:05,135 | INFO     | [645073] ⏱️ Thời gian phản hồi: 61.86 ms
2026-05-26 00:54:05,383 | INFO     | [645383] ------------------------------------------
2026-05-26 00:54:05,384 | INFO     | [645383] 📥 NHẬN YÊU CẦU QUÉT KHUÔN MẶT MỚI
2026-05-26 00:54:05,384 | INFO     | [645383] Đã xử lý ảnh thành công. Kích thước tensor: (1, 48, 48, 1)
2026-05-26 00:54:05,447 | INFO     | [645383] ⏱️ Model inference: 62.92 ms
2026-05-26 00:54:05,448 | INFO     | [645383] 📊 Chi tiết dự đoán: {'ANGRY': 9.35, 'DISGUST': 0.31, 'FEAR': 7.58, 'HAPPY': 37.0, 'NEUTRAL': 14.05, 'SAD': 29.79, 'SURPRISE': 1.92}
2026-05-26 00:54:05,448 | INFO     | [645383] 🎯 KẾT QUẢ CHỐT: HAPPY (37.00%)
2026-05-26 00:54:05,448 | INFO     | [645383] ⏱️ Thời gian phản hồi: 64.94 ms
2026-05-26 00:54:05,599 | INFO     | [645599] ------------------------------------------
2026-05-26 00:54:05,599 | INFO     | [645599] 📥 NHẬN YÊU CẦU QUÉT KHUÔN MẶT MỚI
2026-05-26 00:54:05,599 | INFO     | [645599] Đã xử lý ảnh thành công. Kích thước tensor: (1, 48, 48, 1)
2026-05-26 00:54:05,652 | INFO     | [645599] ⏱️ Model inference: 52.75 ms
2026-05-26 00:54:05,652 | INFO     | [645599] 📊 Chi tiết dự đoán: {'ANGRY': 9.28, 'DISGUST': 0.25, 'FEAR': 7.67, 'HAPPY': 28.74, 'NEUTRAL': 16.62, 'SAD': 36.0, 'SURPRISE': 1.45}
2026-05-26 00:54:05,653 | INFO     | [645599] 🎯 KẾT QUẢ CHỐT: SAD (36.00%)
2026-05-26 00:54:05,653 | INFO     | [645599] ⏱️ Thời gian phản hồi: 52.75 ms
2026-05-26 00:54:05,944 | INFO     | [645944] ------------------------------------------
2026-05-26 00:54:05,944 | INFO     | [645944] 📥 NHẬN YÊU CẦU QUÉT KHUÔN MẶT MỚI
2026-05-26 00:54:05,945 | INFO     | [645944] Đã xử lý ảnh thành công. Kích thước tensor: (1, 48, 48, 1)
2026-05-26 00:54:05,999 | INFO     | [645944] ⏱️ Model inference: 53.61 ms
2026-05-26 00:54:06,000 | INFO     | [645944] 📊 Chi tiết dự đoán: {'ANGRY': 7.05, 'DISGUST': 0.28, 'FEAR': 6.69, 'HAPPY': 39.89, 'NEUTRAL': 16.45, 'SAD': 28.08, 'SURPRISE': 1.57}
2026-05-26 00:54:06,000 | INFO     | [645944] 🎯 KẾT QUẢ CHỐT: HAPPY (39.89%)
2026-05-26 00:54:06,000 | INFO     | [645944] ⏱️ Thời gian phản hồi: 56.2 ms
2026-05-26 00:54:06,068 | INFO     | [646068] ------------------------------------------
2026-05-26 00:54:06,070 | INFO     | [646068] 📥 NHẬN YÊU CẦU QUÉT KHUÔN MẶT MỚI
2026-05-26 00:54:06,070 | INFO     | [646068] Đã xử lý ảnh thành công. Kích thước tensor: (1, 48, 48, 1)
2026-05-26 00:54:06,121 | INFO     | [646068] ⏱️ Model inference: 50.23 ms
2026-05-26 00:54:06,122 | INFO     | [646068] 📊 Chi tiết dự đoán: {'ANGRY': 7.93, 'DISGUST': 0.37, 'FEAR': 7.47, 'HAPPY': 22.65, 'NEUTRAL': 22.52, 'SAD': 37.75, 'SURPRISE': 1.31}
2026-05-26 00:54:06,122 | INFO     | [646068] 🎯 KẾT QUẢ CHỐT: SAD (37.75%)
2026-05-26 00:54:06,122 | INFO     | [646068] ⏱️ Thời gian phản hồi: 53.55 ms
2026-05-26 00:54:06,364 | INFO     | [646364] ------------------------------------------
2026-05-26 00:54:06,365 | INFO     | [646364] 📥 NHẬN YÊU CẦU QUÉT KHUÔN MẶT MỚI
2026-05-26 00:54:06,365 | INFO     | [646364] Đã xử lý ảnh thành công. Kích thước tensor: (1, 48, 48, 1)
2026-05-26 00:54:06,430 | INFO     | [646364] ⏱️ Model inference: 64.58 ms
2026-05-26 00:54:06,430 | INFO     | [646364] 📊 Chi tiết dự đoán: {'ANGRY': 7.18, 'DISGUST': 0.25, 'FEAR': 6.62, 'HAPPY': 36.26, 'NEUTRAL': 21.46, 'SAD': 27.01, 'SURPRISE': 1.21}
2026-05-26 00:54:06,431 | INFO     | [646364] 🎯 KẾT QUẢ CHỐT: HAPPY (36.26%)
2026-05-26 00:54:06,431 | INFO     | [646364] ⏱️ Thời gian phản hồi: 65.96 ms
2026-05-26 00:54:06,582 | INFO     | [646582] ------------------------------------------
2026-05-26 00:54:06,583 | INFO     | [646582] 📥 NHẬN YÊU CẦU QUÉT KHUÔN MẶT MỚI
2026-05-26 00:54:06,583 | INFO     | [646582] Đã xử lý ảnh thành công. Kích thước tensor: (1, 48, 48, 1)
2026-05-26 00:54:06,644 | INFO     | [646582] ⏱️ Model inference: 61.19 ms
2026-05-26 00:54:06,645 | INFO     | [646582] 📊 Chi tiết dự đoán: {'ANGRY': 6.24, 'DISGUST': 0.19, 'FEAR': 3.45, 'HAPPY': 50.37, 'NEUTRAL': 16.53, 'SAD': 22.22, 'SURPRISE': 0.99}
2026-05-26 00:54:06,645 | INFO     | [646582] 🎯 KẾT QUẢ CHỐT: HAPPY (50.37%)
2026-05-26 00:54:06,645 | INFO     | [646582] ⏱️ Thời gian phản hồi: 63.41 ms
2026-05-26 00:54:07,031 | INFO     | [647031] ------------------------------------------
2026-05-26 00:54:07,031 | INFO     | [647031] 📥 NHẬN YÊU CẦU QUÉT KHUÔN MẶT MỚI
2026-05-26 00:54:07,032 | INFO     | [647031] Đã xử lý ảnh thành công. Kích thước tensor: (1, 48, 48, 1)
2026-05-26 00:54:07,051 | INFO     | [647051] ------------------------------------------
2026-05-26 00:54:07,052 | INFO     | [647051] 📥 NHẬN YÊU CẦU QUÉT KHUÔN MẶT MỚI
2026-05-26 00:54:07,055 | INFO     | [647051] Đã xử lý ảnh thành công. Kích thước tensor: (1, 48, 48, 1)
2026-05-26 00:54:07,100 | INFO     | [647031] ⏱️ Model inference: 68.47 ms
2026-05-26 00:54:07,101 | INFO     | [647031] 📊 Chi tiết dự đoán: {'ANGRY': 6.84, 'DISGUST': 0.25, 'FEAR': 7.07, 'HAPPY': 40.16, 'NEUTRAL': 15.44, 'SAD': 28.64, 'SURPRISE': 1.6}
2026-05-26 00:54:07,101 | INFO     | [647031] 🎯 KẾT QUẢ CHỐT: HAPPY (40.16%)
2026-05-26 00:54:07,101 | INFO     | [647031] ⏱️ Thời gian phản hồi: 70.34 ms
2026-05-26 00:54:07,121 | INFO     | [647051] ⏱️ Model inference: 65.05 ms
2026-05-26 00:54:07,121 | INFO     | [647051] 📊 Chi tiết dự đoán: {'ANGRY': 7.19, 'DISGUST': 0.27, 'FEAR': 7.52, 'HAPPY': 41.04, 'NEUTRAL': 14.37, 'SAD': 27.92, 'SURPRISE': 1.7}
2026-05-26 00:54:07,121 | INFO     | [647051] 🎯 KẾT QUẢ CHỐT: HAPPY (41.04%)
2026-05-26 00:54:07,122 | INFO     | [647051] ⏱️ Thời gian phản hồi: 70.17 ms
2026-05-26 00:54:07,326 | INFO     | [647326] ------------------------------------------
2026-05-26 00:54:07,326 | INFO     | [647326] 📥 NHẬN YÊU CẦU QUÉT KHUÔN MẶT MỚI
2026-05-26 00:54:07,328 | INFO     | [647326] Đã xử lý ảnh thành công. Kích thước tensor: (1, 48, 48, 1)
2026-05-26 00:54:07,400 | INFO     | [647326] ⏱️ Model inference: 72.36 ms
2026-05-26 00:54:07,400 | INFO     | [647326] 📊 Chi tiết dự đoán: {'ANGRY': 6.9, 'DISGUST': 0.21, 'FEAR': 6.12, 'HAPPY': 43.34, 'NEUTRAL': 14.88, 'SAD': 27.23, 'SURPRISE': 1.33}
2026-05-26 00:54:07,400 | INFO     | [647326] 🎯 KẾT QUẢ CHỐT: HAPPY (43.34%)
2026-05-26 00:54:07,400 | INFO     | [647326] ⏱️ Thời gian phản hồi: 73.84 ms
2026-05-26 00:54:08,012 | INFO     | [648012] ------------------------------------------
2026-05-26 00:54:08,014 | INFO     | [648012] 📥 NHẬN YÊU CẦU QUÉT KHUÔN MẶT MỚI
2026-05-26 00:54:08,015 | INFO     | [648014] ------------------------------------------
2026-05-26 00:54:08,015 | INFO     | [648014] 📥 NHẬN YÊU CẦU QUÉT KHUÔN MẶT MỚI
2026-05-26 00:54:08,015 | INFO     | [648012] Đã xử lý ảnh thành công. Kích thước tensor: (1, 48, 48, 1)
2026-05-26 00:54:08,017 | INFO     | [648014] Đã xử lý ảnh thành công. Kích thước tensor: (1, 48, 48, 1)
2026-05-26 00:54:08,052 | INFO     | [648052] ------------------------------------------
2026-05-26 00:54:08,052 | INFO     | [648052] 📥 NHẬN YÊU CẦU QUÉT KHUÔN MẶT MỚI
2026-05-26 00:54:08,053 | INFO     | [648052] Đã xử lý ảnh thành công. Kích thước tensor: (1, 48, 48, 1)
2026-05-26 00:54:08,113 | INFO     | [648014] ⏱️ Model inference: 95.21 ms
2026-05-26 00:54:08,114 | INFO     | [648014] 📊 Chi tiết dự đoán: {'ANGRY': 5.04, 'DISGUST': 0.16, 'FEAR': 5.6, 'HAPPY': 42.99, 'NEUTRAL': 17.07, 'SAD': 27.86, 'SURPRISE': 1.28}
2026-05-26 00:54:08,114 | INFO     | [648014] 🎯 KẾT QUẢ CHỐT: HAPPY (42.99%)
2026-05-26 00:54:08,114 | INFO     | [648014] ⏱️ Thời gian phản hồi: 100.13 ms
2026-05-26 00:54:08,115 | INFO     | [648012] ⏱️ Model inference: 100.39 ms
2026-05-26 00:54:08,117 | INFO     | [648012] 📊 Chi tiết dự đoán: {'ANGRY': 6.35, 'DISGUST': 0.23, 'FEAR': 8.35, 'HAPPY': 27.78, 'NEUTRAL': 19.01, 'SAD': 36.77, 'SURPRISE': 1.51}
2026-05-26 00:54:08,117 | INFO     | [648012] 🎯 KẾT QUẢ CHỐT: SAD (36.77%)
2026-05-26 00:54:08,117 | INFO     | [648012] ⏱️ Thời gian phản hồi: 104.28 ms
2026-05-26 00:54:08,139 | INFO     | [648052] ⏱️ Model inference: 83.75 ms
2026-05-26 00:54:08,139 | INFO     | [648052] 📊 Chi tiết dự đoán: {'ANGRY': 6.47, 'DISGUST': 0.19, 'FEAR': 5.7, 'HAPPY': 39.37, 'NEUTRAL': 18.52, 'SAD': 28.29, 'SURPRISE': 1.45}
2026-05-26 00:54:08,139 | INFO     | [648052] 🎯 KẾT QUẢ CHỐT: HAPPY (39.37%)
2026-05-26 00:54:08,139 | INFO     | [648052] ⏱️ Thời gian phản hồi: 86.26 ms
2026-05-26 00:54:09,027 | INFO     | [649027] ------------------------------------------
2026-05-26 00:54:09,027 | INFO     | [649027] 📥 NHẬN YÊU CẦU QUÉT KHUÔN MẶT MỚI
2026-05-26 00:54:09,028 | INFO     | [649028] ------------------------------------------
2026-05-26 00:54:09,029 | INFO     | [649028] 📥 NHẬN YÊU CẦU QUÉT KHUÔN MẶT MỚI
2026-05-26 00:54:09,029 | INFO     | [649029] ------------------------------------------
2026-05-26 00:54:09,029 | INFO     | [649029] 📥 NHẬN YÊU CẦU QUÉT KHUÔN MẶT MỚI
2026-05-26 00:54:09,029 | INFO     | [649027] Đã xử lý ảnh thành công. Kích thước tensor: (1, 48, 48, 1)
2026-05-26 00:54:09,032 | INFO     | [649028] Đã xử lý ảnh thành công. Kích thước tensor: (1, 48, 48, 1)
2026-05-26 00:54:09,038 | INFO     | [649029] Đã xử lý ảnh thành công. Kích thước tensor: (1, 48, 48, 1)
2026-05-26 00:54:09,135 | INFO     | [649029] ⏱️ Model inference: 96.48 ms
2026-05-26 00:54:09,136 | INFO     | [649029] 📊 Chi tiết dự đoán: {'ANGRY': 6.01, 'DISGUST': 0.24, 'FEAR': 8.75, 'HAPPY': 32.38, 'NEUTRAL': 17.64, 'SAD': 32.97, 'SURPRISE': 2.01}
2026-05-26 00:54:09,137 | INFO     | [649029] 🎯 KẾT QUẢ CHỐT: SAD (32.97%)
2026-05-26 00:54:09,137 | INFO     | [649029] ⏱️ Thời gian phản hồi: 107.36 ms
2026-05-26 00:54:09,145 | INFO     | [649028] ⏱️ Model inference: 112.28 ms
2026-05-26 00:54:09,146 | INFO     | [649028] 📊 Chi tiết dự đoán: {'ANGRY': 6.44, 'DISGUST': 0.21, 'FEAR': 6.62, 'HAPPY': 40.52, 'NEUTRAL': 17.41, 'SAD': 27.13, 'SURPRISE': 1.66}
2026-05-26 00:54:09,146 | INFO     | [649028] 🎯 KẾT QUẢ CHỐT: HAPPY (40.52%)
2026-05-26 00:54:09,146 | INFO     | [649028] ⏱️ Thời gian phản hồi: 117.77 ms
2026-05-26 00:54:09,150 | INFO     | [649150] ------------------------------------------
2026-05-26 00:54:09,150 | INFO     | [649150] 📥 NHẬN YÊU CẦU QUÉT KHUÔN MẶT MỚI
2026-05-26 00:54:09,151 | INFO     | [649150] Đã xử lý ảnh thành công. Kích thước tensor: (1, 48, 48, 1)
2026-05-26 00:54:09,173 | INFO     | [649027] ⏱️ Model inference: 143.49 ms
2026-05-26 00:54:09,175 | INFO     | [649027] 📊 Chi tiết dự đoán: {'ANGRY': 6.75, 'DISGUST': 0.27, 'FEAR': 7.76, 'HAPPY': 32.71, 'NEUTRAL': 16.35, 'SAD': 34.25, 'SURPRISE': 1.91}
2026-05-26 00:54:09,175 | INFO     | [649027] 🎯 KẾT QUẢ CHỐT: SAD (34.25%)
2026-05-26 00:54:09,176 | INFO     | [649027] ⏱️ Thời gian phản hồi: 147.18 ms
2026-05-26 00:54:09,218 | INFO     | [649150] ⏱️ Model inference: 65.83 ms
2026-05-26 00:54:09,218 | INFO     | [649150] 📊 Chi tiết dự đoán: {'ANGRY': 5.62, 'DISGUST': 0.22, 'FEAR': 9.87, 'HAPPY': 27.53, 'NEUTRAL': 18.32, 'SAD': 36.16, 'SURPRISE': 2.27}
2026-05-26 00:54:09,218 | INFO     | [649150] 🎯 KẾT QUẢ CHỐT: SAD (36.16%)
2026-05-26 00:54:09,218 | INFO     | [649150] ⏱️ Thời gian phản hồi: 67.84 ms
2026-05-26 00:54:09,867 | INFO     | [649867] ------------------------------------------
2026-05-26 00:54:09,868 | INFO     | [649867] 📥 NHẬN YÊU CẦU QUÉT KHUÔN MẶT MỚI
2026-05-26 00:54:09,868 | INFO     | [649868] ------------------------------------------
2026-05-26 00:54:09,868 | INFO     | [649868] 📥 NHẬN YÊU CẦU QUÉT KHUÔN MẶT MỚI
2026-05-26 00:54:09,869 | INFO     | [649869] ------------------------------------------
2026-05-26 00:54:09,869 | INFO     | [649869] 📥 NHẬN YÊU CẦU QUÉT KHUÔN MẶT MỚI
2026-05-26 00:54:09,869 | INFO     | [649867] Đã xử lý ảnh thành công. Kích thước tensor: (1, 48, 48, 1)
2026-05-26 00:54:09,872 | INFO     | [649868] Đã xử lý ảnh thành công. Kích thước tensor: (1, 48, 48, 1)
2026-05-26 00:54:09,876 | INFO     | [649869] Đã xử lý ảnh thành công. Kích thước tensor: (1, 48, 48, 1)
2026-05-26 00:54:09,980 | INFO     | [649867] ⏱️ Model inference: 109.67 ms
2026-05-26 00:54:09,980 | INFO     | [649867] 📊 Chi tiết dự đoán: {'ANGRY': 6.32, 'DISGUST': 0.19, 'FEAR': 7.32, 'HAPPY': 37.56, 'NEUTRAL': 16.99, 'SAD': 29.94, 'SURPRISE': 1.68}
2026-05-26 00:54:09,981 | INFO     | [649867] 🎯 KẾT QUẢ CHỐT: HAPPY (37.56%)
2026-05-26 00:54:09,981 | INFO     | [649867] ⏱️ Thời gian phản hồi: 112.91 ms
2026-05-26 00:54:09,994 | INFO     | [649868] ⏱️ Model inference: 121.46 ms
2026-05-26 00:54:09,994 | INFO     | [649868] 📊 Chi tiết dự đoán: {'ANGRY': 6.17, 'DISGUST': 0.24, 'FEAR': 8.79, 'HAPPY': 32.58, 'NEUTRAL': 17.87, 'SAD': 32.21, 'SURPRISE': 2.14}
2026-05-26 00:54:09,994 | INFO     | [649868] 🎯 KẾT QUẢ CHỐT: HAPPY (32.58%)
2026-05-26 00:54:09,994 | INFO     | [649868] ⏱️ Thời gian phản hồi: 125.7 ms
2026-05-26 00:54:09,995 | INFO     | [649869] ⏱️ Model inference: 117.32 ms
2026-05-26 00:54:09,995 | INFO     | [649869] 📊 Chi tiết dự đoán: {'ANGRY': 6.4, 'DISGUST': 0.25, 'FEAR': 9.11, 'HAPPY': 31.58, 'NEUTRAL': 17.16, 'SAD': 33.52, 'SURPRISE': 1.98}
2026-05-26 00:54:09,995 | INFO     | [649869] 🎯 KẾT QUẢ CHỐT: SAD (33.52%)
2026-05-26 00:54:09,995 | INFO     | [649869] ⏱️ Thời gian phản hồi: 125.46 ms
2026-05-26 00:54:10,068 | INFO     | [650068] ------------------------------------------
2026-05-26 00:54:10,068 | INFO     | [650068] 📥 NHẬN YÊU CẦU QUÉT KHUÔN MẶT MỚI
2026-05-26 00:54:10,070 | INFO     | [650068] Đã xử lý ảnh thành công. Kích thước tensor: (1, 48, 48, 1)
2026-05-26 00:54:10,130 | INFO     | [650068] ⏱️ Model inference: 60.14 ms
2026-05-26 00:54:10,130 | INFO     | [650068] 📊 Chi tiết dự đoán: {'ANGRY': 5.5, 'DISGUST': 0.18, 'FEAR': 8.19, 'HAPPY': 31.62, 'NEUTRAL': 18.96, 'SAD': 33.44, 'SURPRISE': 2.11}
2026-05-26 00:54:10,130 | INFO     | [650068] 🎯 KẾT QUẢ CHỐT: SAD (33.44%)
2026-05-26 00:54:10,130 | INFO     | [650068] ⏱️ Thời gian phản hồi: 61.29 ms
2026-05-26 00:54:57,566 | INFO     | [697566] ------------------------------------------
2026-05-26 00:54:57,566 | INFO     | [697566] 📥 NHẬN YÊU CẦU QUÉT KHUÔN MẶT MỚI
2026-05-26 00:54:57,567 | INFO     | [697566] Đã xử lý ảnh thành công. Kích thước tensor: (1, 48, 48, 1)
2026-05-26 00:54:57,620 | INFO     | [697566] ⏱️ Model inference: 52.85 ms
2026-05-26 00:54:57,620 | INFO     | [697566] 📊 Chi tiết dự đoán: {'ANGRY': 5.13, 'DISGUST': 0.1, 'FEAR': 3.95, 'HAPPY': 38.51, 'NEUTRAL': 20.04, 'SAD': 31.68, 'SURPRISE': 0.6}
2026-05-26 00:54:57,621 | INFO     | [697566] 🎯 KẾT QUẢ CHỐT: HAPPY (38.51%)
2026-05-26 00:54:57,621 | INFO     | [697566] ⏱️ Thời gian phản hồi: 53.85 ms
2026-05-26 00:54:58,266 | INFO     | [698266] ------------------------------------------
2026-05-26 00:54:58,267 | INFO     | [698266] 📥 NHẬN YÊU CẦU QUÉT KHUÔN MẶT MỚI
2026-05-26 00:54:58,268 | INFO     | [698266] Đã xử lý ảnh thành công. Kích thước tensor: (1, 48, 48, 1)
2026-05-26 00:54:58,278 | INFO     | [698278] ------------------------------------------
2026-05-26 00:54:58,279 | INFO     | [698278] 📥 NHẬN YÊU CẦU QUÉT KHUÔN MẶT MỚI
2026-05-26 00:54:58,281 | INFO     | [698278] Đã xử lý ảnh thành công. Kích thước tensor: (1, 48, 48, 1)
2026-05-26 00:54:58,315 | INFO     | [698315] ------------------------------------------
2026-05-26 00:54:58,317 | INFO     | [698315] 📥 NHẬN YÊU CẦU QUÉT KHUÔN MẶT MỚI
2026-05-26 00:54:58,320 | INFO     | [698315] Đã xử lý ảnh thành công. Kích thước tensor: (1, 48, 48, 1)
2026-05-26 00:54:58,364 | INFO     | [698266] ⏱️ Model inference: 96.0 ms
2026-05-26 00:54:58,366 | INFO     | [698266] 📊 Chi tiết dự đoán: {'ANGRY': 4.84, 'DISGUST': 0.09, 'FEAR': 3.52, 'HAPPY': 44.97, 'NEUTRAL': 19.51, 'SAD': 26.49, 'SURPRISE': 0.57}
2026-05-26 00:54:58,366 | INFO     | [698266] 🎯 KẾT QUẢ CHỐT: HAPPY (44.97%)
2026-05-26 00:54:58,371 | INFO     | [698266] ⏱️ Thời gian phản hồi: 99.13 ms
2026-05-26 00:54:58,405 | INFO     | [698278] ⏱️ Model inference: 123.54 ms
2026-05-26 00:54:58,407 | INFO     | [698278] 📊 Chi tiết dự đoán: {'ANGRY': 5.76, 'DISGUST': 0.13, 'FEAR': 4.82, 'HAPPY': 33.63, 'NEUTRAL': 18.78, 'SAD': 36.18, 'SURPRISE': 0.69}
2026-05-26 00:54:58,407 | INFO     | [698278] 🎯 KẾT QUẢ CHỐT: SAD (36.18%)
2026-05-26 00:54:58,407 | INFO     | [698278] ⏱️ Thời gian phản hồi: 127.55 ms
2026-05-26 00:54:58,410 | INFO     | [698315] ⏱️ Model inference: 87.64 ms
2026-05-26 00:54:58,410 | INFO     | [698315] 📊 Chi tiết dự đoán: {'ANGRY': 6.33, 'DISGUST': 0.21, 'FEAR': 5.11, 'HAPPY': 46.5, 'NEUTRAL': 14.19, 'SAD': 26.81, 'SURPRISE': 0.85}
2026-05-26 00:54:58,410 | INFO     | [698315] 🎯 KẾT QUẢ CHỐT: HAPPY (46.50%)
2026-05-26 00:54:58,410 | INFO     | [698315] ⏱️ Thời gian phản hồi: 94.89 ms
2026-05-26 00:54:59,274 | INFO     | [699274] ------------------------------------------
2026-05-26 00:54:59,274 | INFO     | [699274] 📥 NHẬN YÊU CẦU QUÉT KHUÔN MẶT MỚI
2026-05-26 00:54:59,275 | INFO     | [699275] ------------------------------------------
2026-05-26 00:54:59,275 | INFO     | [699275] 📥 NHẬN YÊU CẦU QUÉT KHUÔN MẶT MỚI
2026-05-26 00:54:59,276 | INFO     | [699276] ------------------------------------------
2026-05-26 00:54:59,276 | INFO     | [699276] 📥 NHẬN YÊU CẦU QUÉT KHUÔN MẶT MỚI
2026-05-26 00:54:59,276 | INFO     | [699274] Đã xử lý ảnh thành công. Kích thước tensor: (1, 48, 48, 1)
2026-05-26 00:54:59,278 | INFO     | [699275] Đã xử lý ảnh thành công. Kích thước tensor: (1, 48, 48, 1)
2026-05-26 00:54:59,282 | INFO     | [699276] Đã xử lý ảnh thành công. Kích thước tensor: (1, 48, 48, 1)
2026-05-26 00:54:59,393 | INFO     | [699276] ⏱️ Model inference: 108.34 ms
2026-05-26 00:54:59,393 | INFO     | [699276] 📊 Chi tiết dự đoán: {'ANGRY': 6.43, 'DISGUST': 0.16, 'FEAR': 5.13, 'HAPPY': 36.5, 'NEUTRAL': 17.82, 'SAD': 33.18, 'SURPRISE': 0.78}
2026-05-26 00:54:59,393 | INFO     | [699276] 🎯 KẾT QUẢ CHỐT: HAPPY (36.50%)
2026-05-26 00:54:59,394 | INFO     | [699276] ⏱️ Thời gian phản hồi: 116.39 ms
2026-05-26 00:54:59,401 | INFO     | [699274] ⏱️ Model inference: 124.92 ms
2026-05-26 00:54:59,402 | INFO     | [699274] 📊 Chi tiết dự đoán: {'ANGRY': 7.11, 'DISGUST': 0.17, 'FEAR': 5.5, 'HAPPY': 32.45, 'NEUTRAL': 19.13, 'SAD': 34.97, 'SURPRISE': 0.67}
2026-05-26 00:54:59,402 | INFO     | [699274] 🎯 KẾT QUẢ CHỐT: SAD (34.97%)
2026-05-26 00:54:59,402 | INFO     | [699274] ⏱️ Thời gian phản hồi: 127.93 ms
2026-05-26 00:54:59,403 | INFO     | [699275] ⏱️ Model inference: 123.25 ms
2026-05-26 00:54:59,403 | INFO     | [699275] 📊 Chi tiết dự đoán: {'ANGRY': 6.5, 'DISGUST': 0.2, 'FEAR': 6.06, 'HAPPY': 39.2, 'NEUTRAL': 13.18, 'SAD': 33.74, 'SURPRISE': 1.12}
2026-05-26 00:54:59,403 | INFO     | [699275] 🎯 KẾT QUẢ CHỐT: HAPPY (39.20%)
2026-05-26 00:54:59,403 | INFO     | [699275] ⏱️ Thời gian phản hồi: 127.93 ms
2026-05-26 00:54:59,413 | INFO     | [699413] ------------------------------------------
2026-05-26 00:54:59,413 | INFO     | [699413] 📥 NHẬN YÊU CẦU QUÉT KHUÔN MẶT MỚI
2026-05-26 00:54:59,413 | INFO     | [699413] Đã xử lý ảnh thành công. Kích thước tensor: (1, 48, 48, 1)
2026-05-26 00:54:59,466 | INFO     | [699413] ⏱️ Model inference: 51.85 ms
2026-05-26 00:54:59,466 | INFO     | [699413] 📊 Chi tiết dự đoán: {'ANGRY': 7.79, 'DISGUST': 0.18, 'FEAR': 4.92, 'HAPPY': 41.59, 'NEUTRAL': 15.1, 'SAD': 29.85, 'SURPRISE': 0.55}
2026-05-26 00:54:59,466 | INFO     | [699413] 🎯 KẾT QUẢ CHỐT: HAPPY (41.59%)
2026-05-26 00:54:59,466 | INFO     | [699413] ⏱️ Thời gian phản hồi: 52.87 ms
2026-05-26 00:54:59,708 | INFO     | [699708] ------------------------------------------
2026-05-26 00:54:59,708 | INFO     | [699708] 📥 NHẬN YÊU CẦU QUÉT KHUÔN MẶT MỚI
2026-05-26 00:54:59,709 | INFO     | [699708] Đã xử lý ảnh thành công. Kích thước tensor: (1, 48, 48, 1)
2026-05-26 00:54:59,761 | INFO     | [699708] ⏱️ Model inference: 51.76 ms
2026-05-26 00:54:59,762 | INFO     | [699708] 📊 Chi tiết dự đoán: {'ANGRY': 6.58, 'DISGUST': 0.21, 'FEAR': 4.85, 'HAPPY': 33.42, 'NEUTRAL': 18.89, 'SAD': 35.33, 'SURPRISE': 0.73}
2026-05-26 00:54:59,762 | INFO     | [699708] 🎯 KẾT QUẢ CHỐT: SAD (35.33%)
2026-05-26 00:54:59,762 | INFO     | [699708] ⏱️ Thời gian phản hồi: 53.77 ms
2026-05-26 00:55:00,080 | INFO     | [700080] ------------------------------------------
2026-05-26 00:55:00,082 | INFO     | [700080] 📥 NHẬN YÊU CẦU QUÉT KHUÔN MẶT MỚI
2026-05-26 00:55:00,082 | INFO     | [700082] ------------------------------------------
2026-05-26 00:55:00,082 | INFO     | [700082] 📥 NHẬN YÊU CẦU QUÉT KHUÔN MẶT MỚI
2026-05-26 00:55:00,083 | INFO     | [700080] Đã xử lý ảnh thành công. Kích thước tensor: (1, 48, 48, 1)
2026-05-26 00:55:00,084 | INFO     | [700082] Đã xử lý ảnh thành công. Kích thước tensor: (1, 48, 48, 1)
2026-05-26 00:55:00,164 | INFO     | [700080] ⏱️ Model inference: 80.76 ms
2026-05-26 00:55:00,165 | INFO     | [700080] 📊 Chi tiết dự đoán: {'ANGRY': 6.68, 'DISGUST': 0.2, 'FEAR': 5.5, 'HAPPY': 40.29, 'NEUTRAL': 13.72, 'SAD': 32.66, 'SURPRISE': 0.95}
2026-05-26 00:55:00,165 | INFO     | [700080] 🎯 KẾT QUẢ CHỐT: HAPPY (40.29%)
2026-05-26 00:55:00,165 | INFO     | [700080] ⏱️ Thời gian phản hồi: 84.3 ms
2026-05-26 00:55:00,168 | INFO     | [700082] ⏱️ Model inference: 82.99 ms
2026-05-26 00:55:00,168 | INFO     | [700082] 📊 Chi tiết dự đoán: {'ANGRY': 6.89, 'DISGUST': 0.18, 'FEAR': 6.23, 'HAPPY': 34.13, 'NEUTRAL': 14.99, 'SAD': 36.75, 'SURPRISE': 0.83}
2026-05-26 00:55:00,168 | INFO     | [700082] 🎯 KẾT QUẢ CHỐT: SAD (36.75%)
2026-05-26 00:55:00,169 | INFO     | [700082] ⏱️ Thời gian phản hồi: 86.43 ms
2026-05-26 00:55:00,313 | INFO     | [700313] ------------------------------------------
2026-05-26 00:55:00,315 | INFO     | [700313] 📥 NHẬN YÊU CẦU QUÉT KHUÔN MẶT MỚI
2026-05-26 00:55:00,315 | INFO     | [700313] Đã xử lý ảnh thành công. Kích thước tensor: (1, 48, 48, 1)
2026-05-26 00:55:00,365 | INFO     | [700313] ⏱️ Model inference: 50.67 ms
2026-05-26 00:55:00,366 | INFO     | [700313] 📊 Chi tiết dự đoán: {'ANGRY': 5.96, 'DISGUST': 0.16, 'FEAR': 5.07, 'HAPPY': 35.26, 'NEUTRAL': 18.59, 'SAD': 34.32, 'SURPRISE': 0.63}
2026-05-26 00:55:00,366 | INFO     | [700313] 🎯 KẾT QUẢ CHỐT: HAPPY (35.26%)
2026-05-26 00:55:00,366 | INFO     | [700313] ⏱️ Thời gian phản hồi: 52.43 ms
2026-05-26 00:55:01,283 | INFO     | [701283] ------------------------------------------
2026-05-26 00:55:01,284 | INFO     | [701283] 📥 NHẬN YÊU CẦU QUÉT KHUÔN MẶT MỚI
2026-05-26 00:55:01,284 | INFO     | [701284] ------------------------------------------
2026-05-26 00:55:01,284 | INFO     | [701284] 📥 NHẬN YÊU CẦU QUÉT KHUÔN MẶT MỚI
2026-05-26 00:55:01,285 | INFO     | [701284] ------------------------------------------
2026-05-26 00:55:01,285 | INFO     | [701284] 📥 NHẬN YÊU CẦU QUÉT KHUÔN MẶT MỚI
2026-05-26 00:55:01,285 | INFO     | [701283] Đã xử lý ảnh thành công. Kích thước tensor: (1, 48, 48, 1)
2026-05-26 00:55:01,288 | INFO     | [701284] Đã xử lý ảnh thành công. Kích thước tensor: (1, 48, 48, 1)
2026-05-26 00:55:01,291 | INFO     | [701284] Đã xử lý ảnh thành công. Kích thước tensor: (1, 48, 48, 1)
2026-05-26 00:55:01,379 | INFO     | [701283] ⏱️ Model inference: 93.19 ms
2026-05-26 00:55:01,380 | INFO     | [701283] 📊 Chi tiết dự đoán: {'ANGRY': 6.02, 'DISGUST': 0.15, 'FEAR': 4.42, 'HAPPY': 38.26, 'NEUTRAL': 17.12, 'SAD': 33.42, 'SURPRISE': 0.62}
2026-05-26 00:55:01,381 | INFO     | [701283] 🎯 KẾT QUẢ CHỐT: HAPPY (38.26%)
2026-05-26 00:55:01,381 | INFO     | [701283] ⏱️ Thời gian phản hồi: 96.89 ms
2026-05-26 00:55:01,386 | INFO     | [701284] ⏱️ Model inference: 98.21 ms
2026-05-26 00:55:01,386 | INFO     | [701284] 📊 Chi tiết dự đoán: {'ANGRY': 7.1, 'DISGUST': 0.17, 'FEAR': 4.66, 'HAPPY': 43.29, 'NEUTRAL': 15.69, 'SAD': 28.36, 'SURPRISE': 0.74}
2026-05-26 00:55:01,386 | INFO     | [701284] 🎯 KẾT QUẢ CHỐT: HAPPY (43.29%)
2026-05-26 00:55:01,386 | INFO     | [701284] ⏱️ Thời gian phản hồi: 102.06 ms
2026-05-26 00:55:01,393 | INFO     | [701393] ------------------------------------------
2026-05-26 00:55:01,393 | INFO     | [701393] 📥 NHẬN YÊU CẦU QUÉT KHUÔN MẶT MỚI
2026-05-26 00:55:01,394 | INFO     | [701393] Đã xử lý ảnh thành công. Kích thước tensor: (1, 48, 48, 1)
2026-05-26 00:55:01,423 | INFO     | [701284] ⏱️ Model inference: 129.97 ms
2026-05-26 00:55:01,424 | INFO     | [701284] 📊 Chi tiết dự đoán: {'ANGRY': 5.95, 'DISGUST': 0.16, 'FEAR': 4.4, 'HAPPY': 46.29, 'NEUTRAL': 15.72, 'SAD': 26.76, 'SURPRISE': 0.71}
2026-05-26 00:55:01,425 | INFO     | [701284] 🎯 KẾT QUẢ CHỐT: HAPPY (46.29%)
2026-05-26 00:55:01,426 | INFO     | [701284] ⏱️ Thời gian phản hồi: 140.34 ms
2026-05-26 00:55:01,456 | INFO     | [701393] ⏱️ Model inference: 62.33 ms
2026-05-26 00:55:01,457 | INFO     | [701393] 📊 Chi tiết dự đoán: {'ANGRY': 6.31, 'DISGUST': 0.15, 'FEAR': 4.5, 'HAPPY': 37.64, 'NEUTRAL': 17.85, 'SAD': 32.92, 'SURPRISE': 0.61}
2026-05-26 00:55:01,457 | INFO     | [701393] 🎯 KẾT QUẢ CHỐT: HAPPY (37.64%)
2026-05-26 00:55:01,457 | INFO     | [701393] ⏱️ Thời gian phản hồi: 64.79 ms
2026-05-26 00:55:01,720 | INFO     | [701720] ------------------------------------------
2026-05-26 00:55:01,720 | INFO     | [701720] 📥 NHẬN YÊU CẦU QUÉT KHUÔN MẶT MỚI
2026-05-26 00:55:01,721 | INFO     | [701720] Đã xử lý ảnh thành công. Kích thước tensor: (1, 48, 48, 1)
2026-05-26 00:55:01,771 | INFO     | [701720] ⏱️ Model inference: 49.61 ms
2026-05-26 00:55:01,772 | INFO     | [701720] 📊 Chi tiết dự đoán: {'ANGRY': 6.61, 'DISGUST': 0.16, 'FEAR': 4.75, 'HAPPY': 34.88, 'NEUTRAL': 18.79, 'SAD': 34.1, 'SURPRISE': 0.71}
2026-05-26 00:55:01,772 | INFO     | [701720] 🎯 KẾT QUẢ CHỐT: HAPPY (34.88%)
2026-05-26 00:55:01,772 | INFO     | [701720] ⏱️ Thời gian phản hồi: 51.67 ms
2026-05-26 00:55:02,278 | INFO     | [702278] ------------------------------------------
2026-05-26 00:55:02,278 | INFO     | [702278] 📥 NHẬN YÊU CẦU QUÉT KHUÔN MẶT MỚI
2026-05-26 00:55:02,279 | INFO     | [702279] ------------------------------------------
2026-05-26 00:55:02,279 | INFO     | [702279] 📥 NHẬN YÊU CẦU QUÉT KHUÔN MẶT MỚI
2026-05-26 00:55:02,281 | INFO     | [702278] Đã xử lý ảnh thành công. Kích thước tensor: (1, 48, 48, 1)
2026-05-26 00:55:02,283 | INFO     | [702279] Đã xử lý ảnh thành công. Kích thước tensor: (1, 48, 48, 1)
2026-05-26 00:55:02,316 | INFO     | [702316] ------------------------------------------
2026-05-26 00:55:02,317 | INFO     | [702316] 📥 NHẬN YÊU CẦU QUÉT KHUÔN MẶT MỚI
2026-05-26 00:55:02,321 | INFO     | [702316] Đã xử lý ảnh thành công. Kích thước tensor: (1, 48, 48, 1)
2026-05-26 00:55:02,383 | INFO     | [702279] ⏱️ Model inference: 100.0 ms
2026-05-26 00:55:02,383 | INFO     | [702279] 📊 Chi tiết dự đoán: {'ANGRY': 5.56, 'DISGUST': 0.15, 'FEAR': 4.16, 'HAPPY': 43.2, 'NEUTRAL': 17.5, 'SAD': 28.85, 'SURPRISE': 0.57}
2026-05-26 00:55:02,384 | INFO     | [702279] 🎯 KẾT QUẢ CHỐT: HAPPY (43.20%)
2026-05-26 00:55:02,384 | INFO     | [702279] ⏱️ Thời gian phản hồi: 103.1 ms
2026-05-26 00:55:02,388 | INFO     | [702278] ⏱️ Model inference: 107.86 ms
2026-05-26 00:55:02,388 | INFO     | [702278] 📊 Chi tiết dự đoán: {'ANGRY': 5.88, 'DISGUST': 0.17, 'FEAR': 5.0, 'HAPPY': 42.2, 'NEUTRAL': 15.12, 'SAD': 30.77, 'SURPRISE': 0.85}
2026-05-26 00:55:02,388 | INFO     | [702278] 🎯 KẾT QUẢ CHỐT: HAPPY (42.20%)
2026-05-26 00:55:02,388 | INFO     | [702278] ⏱️ Thời gian phản hồi: 110.4 ms
2026-05-26 00:55:02,407 | INFO     | [702316] ⏱️ Model inference: 86.01 ms
2026-05-26 00:55:02,408 | INFO     | [702316] 📊 Chi tiết dự đoán: {'ANGRY': 6.29, 'DISGUST': 0.14, 'FEAR': 5.02, 'HAPPY': 40.25, 'NEUTRAL': 15.95, 'SAD': 31.43, 'SURPRISE': 0.9}
2026-05-26 00:55:02,408 | INFO     | [702316] 🎯 KẾT QUẢ CHỐT: HAPPY (40.25%)
2026-05-26 00:55:02,408 | INFO     | [702316] ⏱️ Thời gian phản hồi: 92.32 ms
2026-05-26 00:55:03,274 | INFO     | [703274] ------------------------------------------
2026-05-26 00:55:03,275 | INFO     | [703274] 📥 NHẬN YÊU CẦU QUÉT KHUÔN MẶT MỚI
2026-05-26 00:55:03,275 | INFO     | [703275] ------------------------------------------
2026-05-26 00:55:03,275 | INFO     | [703275] 📥 NHẬN YÊU CẦU QUÉT KHUÔN MẶT MỚI
2026-05-26 00:55:03,276 | INFO     | [703276] ------------------------------------------
2026-05-26 00:55:03,276 | INFO     | [703276] 📥 NHẬN YÊU CẦU QUÉT KHUÔN MẶT MỚI
2026-05-26 00:55:03,277 | INFO     | [703274] Đã xử lý ảnh thành công. Kích thước tensor: (1, 48, 48, 1)
2026-05-26 00:55:03,279 | INFO     | [703275] Đã xử lý ảnh thành công. Kích thước tensor: (1, 48, 48, 1)
2026-05-26 00:55:03,283 | INFO     | [703276] Đã xử lý ảnh thành công. Kích thước tensor: (1, 48, 48, 1)
2026-05-26 00:55:03,392 | INFO     | [703275] ⏱️ Model inference: 113.0 ms
2026-05-26 00:55:03,392 | INFO     | [703275] 📊 Chi tiết dự đoán: {'ANGRY': 6.28, 'DISGUST': 0.17, 'FEAR': 5.02, 'HAPPY': 37.98, 'NEUTRAL': 15.53, 'SAD': 34.2, 'SURPRISE': 0.82}
2026-05-26 00:55:03,392 | INFO     | [703275] 🎯 KẾT QUẢ CHỐT: HAPPY (37.98%)
2026-05-26 00:55:03,393 | INFO     | [703275] ⏱️ Thời gian phản hồi: 117.52 ms
2026-05-26 00:55:03,399 | INFO     | [703399] ------------------------------------------
2026-05-26 00:55:03,399 | INFO     | [703399] 📥 NHẬN YÊU CẦU QUÉT KHUÔN MẶT MỚI
2026-05-26 00:55:03,400 | INFO     | [703276] ⏱️ Model inference: 113.58 ms
2026-05-26 00:55:03,400 | INFO     | [703276] 📊 Chi tiết dự đoán: {'ANGRY': 7.2, 'DISGUST': 0.23, 'FEAR': 5.52, 'HAPPY': 36.62, 'NEUTRAL': 15.39, 'SAD': 34.2, 'SURPRISE': 0.84}
2026-05-26 00:55:03,400 | INFO     | [703276] 🎯 KẾT QUẢ CHỐT: HAPPY (36.62%)
2026-05-26 00:55:03,400 | INFO     | [703276] ⏱️ Thời gian phản hồi: 123.98 ms
2026-05-26 00:55:03,402 | INFO     | [703399] Đã xử lý ảnh thành công. Kích thước tensor: (1, 48, 48, 1)
2026-05-26 00:55:03,405 | INFO     | [703274] ⏱️ Model inference: 127.14 ms
2026-05-26 00:55:03,405 | INFO     | [703274] 📊 Chi tiết dự đoán: {'ANGRY': 6.8, 'DISGUST': 0.17, 'FEAR': 5.47, 'HAPPY': 35.41, 'NEUTRAL': 15.03, 'SAD': 36.16, 'SURPRISE': 0.95}
2026-05-26 00:55:03,405 | INFO     | [703274] 🎯 KẾT QUẢ CHỐT: SAD (36.16%)
2026-05-26 00:55:03,407 | INFO     | [703274] ⏱️ Thời gian phản hồi: 131.65 ms
2026-05-26 00:55:03,457 | INFO     | [703399] ⏱️ Model inference: 55.31 ms
2026-05-26 00:55:03,457 | INFO     | [703399] 📊 Chi tiết dự đoán: {'ANGRY': 6.18, 'DISGUST': 0.18, 'FEAR': 5.0, 'HAPPY': 39.41, 'NEUTRAL': 16.52, 'SAD': 31.94, 'SURPRISE': 0.78}
2026-05-26 00:55:03,457 | INFO     | [703399] 🎯 KẾT QUẢ CHỐT: HAPPY (39.41%)
2026-05-26 00:55:03,459 | INFO     | [703399] ⏱️ Thời gian phản hồi: 58.34 ms
2026-05-26 00:55:03,710 | INFO     | [703710] ------------------------------------------
2026-05-26 00:55:03,710 | INFO     | [703710] 📥 NHẬN YÊU CẦU QUÉT KHUÔN MẶT MỚI
2026-05-26 00:55:03,711 | INFO     | [703710] Đã xử lý ảnh thành công. Kích thước tensor: (1, 48, 48, 1)
2026-05-26 00:55:03,762 | INFO     | [703710] ⏱️ Model inference: 51.48 ms
2026-05-26 00:55:03,762 | INFO     | [703710] 📊 Chi tiết dự đoán: {'ANGRY': 5.59, 'DISGUST': 0.13, 'FEAR': 5.08, 'HAPPY': 41.54, 'NEUTRAL': 15.89, 'SAD': 30.96, 'SURPRISE': 0.82}
2026-05-26 00:55:03,762 | INFO     | [703710] 🎯 KẾT QUẢ CHỐT: HAPPY (41.54%)
2026-05-26 00:55:03,763 | INFO     | [703710] ⏱️ Thời gian phản hồi: 52.47 ms
2026-05-26 00:55:04,270 | INFO     | [704270] ------------------------------------------
2026-05-26 00:55:04,270 | INFO     | [704270] 📥 NHẬN YÊU CẦU QUÉT KHUÔN MẶT MỚI
2026-05-26 00:55:04,270 | INFO     | [704270] ------------------------------------------
2026-05-26 00:55:04,270 | INFO     | [704270] 📥 NHẬN YÊU CẦU QUÉT KHUÔN MẶT MỚI
2026-05-26 00:55:04,271 | INFO     | [704270] Đã xử lý ảnh thành công. Kích thước tensor: (1, 48, 48, 1)
2026-05-26 00:55:04,273 | INFO     | [704270] Đã xử lý ảnh thành công. Kích thước tensor: (1, 48, 48, 1)
2026-05-26 00:55:04,318 | INFO     | [704318] ------------------------------------------
2026-05-26 00:55:04,322 | INFO     | [704318] 📥 NHẬN YÊU CẦU QUÉT KHUÔN MẶT MỚI
2026-05-26 00:55:04,324 | INFO     | [704318] Đã xử lý ảnh thành công. Kích thước tensor: (1, 48, 48, 1)
2026-05-26 00:55:04,363 | INFO     | [704270] ⏱️ Model inference: 91.77 ms
2026-05-26 00:55:04,364 | INFO     | [704270] 📊 Chi tiết dự đoán: {'ANGRY': 6.41, 'DISGUST': 0.17, 'FEAR': 5.51, 'HAPPY': 36.96, 'NEUTRAL': 15.3, 'SAD': 34.93, 'SURPRISE': 0.71}
2026-05-26 00:55:04,364 | INFO     | [704270] 🎯 KẾT QUẢ CHỐT: HAPPY (36.96%)
2026-05-26 00:55:04,364 | INFO     | [704270] ⏱️ Thời gian phản hồi: 94.27 ms
2026-05-26 00:55:04,365 | INFO     | [704270] ⏱️ Model inference: 91.28 ms
2026-05-26 00:55:04,365 | INFO     | [704270] 📊 Chi tiết dự đoán: {'ANGRY': 6.34, 'DISGUST': 0.17, 'FEAR': 5.77, 'HAPPY': 35.31, 'NEUTRAL': 14.4, 'SAD': 37.06, 'SURPRISE': 0.94}
2026-05-26 00:55:04,365 | INFO     | [704270] 🎯 KẾT QUẢ CHỐT: SAD (37.06%)
2026-05-26 00:55:04,365 | INFO     | [704270] ⏱️ Thời gian phản hồi: 95.78 ms
2026-05-26 00:55:04,388 | INFO     | [704318] ⏱️ Model inference: 64.68 ms
2026-05-26 00:55:04,388 | INFO     | [704318] 📊 Chi tiết dự đoán: {'ANGRY': 6.22, 'DISGUST': 0.18, 'FEAR': 4.52, 'HAPPY': 42.44, 'NEUTRAL': 14.88, 'SAD': 30.96, 'SURPRISE': 0.8}
2026-05-26 00:55:04,389 | INFO     | [704318] 🎯 KẾT QUẢ CHỐT: HAPPY (42.44%)
2026-05-26 00:55:04,389 | INFO     | [704318] ⏱️ Thời gian phản hồi: 69.92 ms
2026-05-26 00:55:04,894 | INFO     | [704894] ------------------------------------------
2026-05-26 00:55:04,894 | INFO     | [704894] 📥 NHẬN YÊU CẦU QUÉT KHUÔN MẶT MỚI
2026-05-26 00:55:04,895 | INFO     | [704895] ------------------------------------------
2026-05-26 00:55:04,895 | INFO     | [704895] 📥 NHẬN YÊU CẦU QUÉT KHUÔN MẶT MỚI
2026-05-26 00:55:04,895 | INFO     | [704894] Đã xử lý ảnh thành công. Kích thước tensor: (1, 48, 48, 1)
2026-05-26 00:55:04,897 | INFO     | [704895] Đã xử lý ảnh thành công. Kích thước tensor: (1, 48, 48, 1)
2026-05-26 00:55:04,974 | INFO     | [704894] ⏱️ Model inference: 77.39 ms
2026-05-26 00:55:04,974 | INFO     | [704894] 📊 Chi tiết dự đoán: {'ANGRY': 6.96, 'DISGUST': 0.21, 'FEAR': 5.25, 'HAPPY': 41.35, 'NEUTRAL': 14.69, 'SAD': 30.31, 'SURPRISE': 1.23}
2026-05-26 00:55:04,974 | INFO     | [704894] 🎯 KẾT QUẢ CHỐT: HAPPY (41.35%)
2026-05-26 00:55:04,974 | INFO     | [704894] ⏱️ Thời gian phản hồi: 79.61 ms
2026-05-26 00:55:04,981 | INFO     | [704895] ⏱️ Model inference: 82.45 ms
2026-05-26 00:55:04,981 | INFO     | [704895] 📊 Chi tiết dự đoán: {'ANGRY': 7.15, 'DISGUST': 0.2, 'FEAR': 5.47, 'HAPPY': 33.45, 'NEUTRAL': 15.27, 'SAD': 37.61, 'SURPRISE': 0.85}
2026-05-26 00:55:04,982 | INFO     | [704895] 🎯 KẾT QUẢ CHỐT: SAD (37.61%)
2026-05-26 00:55:04,982 | INFO     | [704895] ⏱️ Thời gian phản hồi: 86.18 ms
2026-05-26 00:55:05,285 | INFO     | [705285] ------------------------------------------
2026-05-26 00:55:05,285 | INFO     | [705285] 📥 NHẬN YÊU CẦU QUÉT KHUÔN MẶT MỚI
2026-05-26 00:55:05,285 | INFO     | [705285] Đã xử lý ảnh thành công. Kích thước tensor: (1, 48, 48, 1)
2026-05-26 00:55:05,316 | INFO     | [705316] ------------------------------------------
2026-05-26 00:55:05,316 | INFO     | [705316] 📥 NHẬN YÊU CẦU QUÉT KHUÔN MẶT MỚI
2026-05-26 00:55:05,317 | INFO     | [705316] Đã xử lý ảnh thành công. Kích thước tensor: (1, 48, 48, 1)
2026-05-26 00:55:05,342 | INFO     | [705285] ⏱️ Model inference: 57.12 ms
2026-05-26 00:55:05,343 | INFO     | [705285] 📊 Chi tiết dự đoán: {'ANGRY': 6.56, 'DISGUST': 0.18, 'FEAR': 5.91, 'HAPPY': 37.93, 'NEUTRAL': 16.25, 'SAD': 32.03, 'SURPRISE': 1.13}
2026-05-26 00:55:05,344 | INFO     | [705285] 🎯 KẾT QUẢ CHỐT: HAPPY (37.93%)
2026-05-26 00:55:05,344 | INFO     | [705285] ⏱️ Thời gian phản hồi: 58.12 ms
2026-05-26 00:55:05,374 | INFO     | [705316] ⏱️ Model inference: 57.06 ms
2026-05-26 00:55:05,374 | INFO     | [705316] 📊 Chi tiết dự đoán: {'ANGRY': 7.12, 'DISGUST': 0.2, 'FEAR': 5.36, 'HAPPY': 35.78, 'NEUTRAL': 16.02, 'SAD': 34.66, 'SURPRISE': 0.86}
2026-05-26 00:55:05,374 | INFO     | [705316] 🎯 KẾT QUẢ CHỐT: HAPPY (35.78%)
2026-05-26 00:55:05,374 | INFO     | [705316] ⏱️ Thời gian phản hồi: 58.06 ms
2026-05-26 00:55:05,720 | INFO     | [705720] ------------------------------------------
2026-05-26 00:55:05,721 | INFO     | [705720] 📥 NHẬN YÊU CẦU QUÉT KHUÔN MẶT MỚI
2026-05-26 00:55:05,721 | INFO     | [705720] Đã xử lý ảnh thành công. Kích thước tensor: (1, 48, 48, 1)
2026-05-26 00:55:05,778 | INFO     | [705720] ⏱️ Model inference: 56.26 ms
2026-05-26 00:55:05,778 | INFO     | [705720] 📊 Chi tiết dự đoán: {'ANGRY': 5.99, 'DISGUST': 0.19, 'FEAR': 5.47, 'HAPPY': 38.46, 'NEUTRAL': 15.75, 'SAD': 33.18, 'SURPRISE': 0.95}
2026-05-26 00:55:05,778 | INFO     | [705720] 🎯 KẾT QUẢ CHỐT: HAPPY (38.46%)
2026-05-26 00:55:05,778 | INFO     | [705720] ⏱️ Thời gian phản hồi: 57.78 ms
2026-05-26 00:55:06,282 | INFO     | [706282] ------------------------------------------
2026-05-26 00:55:06,282 | INFO     | [706282] 📥 NHẬN YÊU CẦU QUÉT KHUÔN MẶT MỚI
2026-05-26 00:55:06,283 | INFO     | [706283] ------------------------------------------
2026-05-26 00:55:06,283 | INFO     | [706283] 📥 NHẬN YÊU CẦU QUÉT KHUÔN MẶT MỚI
2026-05-26 00:55:06,284 | INFO     | [706282] Đã xử lý ảnh thành công. Kích thước tensor: (1, 48, 48, 1)
2026-05-26 00:55:06,286 | INFO     | [706283] Đã xử lý ảnh thành công. Kích thước tensor: (1, 48, 48, 1)
2026-05-26 00:55:06,314 | INFO     | [706314] ------------------------------------------
2026-05-26 00:55:06,317 | INFO     | [706314] 📥 NHẬN YÊU CẦU QUÉT KHUÔN MẶT MỚI
2026-05-26 00:55:06,320 | INFO     | [706314] Đã xử lý ảnh thành công. Kích thước tensor: (1, 48, 48, 1)
2026-05-26 00:55:06,390 | INFO     | [706283] ⏱️ Model inference: 103.3 ms
2026-05-26 00:55:06,390 | INFO     | [706283] 📊 Chi tiết dự đoán: {'ANGRY': 6.51, 'DISGUST': 0.2, 'FEAR': 5.23, 'HAPPY': 39.49, 'NEUTRAL': 13.43, 'SAD': 34.33, 'SURPRISE': 0.81}
2026-05-26 00:55:06,391 | INFO     | [706283] 🎯 KẾT QUẢ CHỐT: HAPPY (39.49%)
2026-05-26 00:55:06,391 | INFO     | [706283] ⏱️ Thời gian phản hồi: 106.81 ms
2026-05-26 00:55:06,394 | INFO     | [706282] ⏱️ Model inference: 109.71 ms
2026-05-26 00:55:06,395 | INFO     | [706282] 📊 Chi tiết dự đoán: {'ANGRY': 5.78, 'DISGUST': 0.19, 'FEAR': 5.47, 'HAPPY': 38.65, 'NEUTRAL': 16.24, 'SAD': 32.64, 'SURPRISE': 1.01}
2026-05-26 00:55:06,395 | INFO     | [706282] 🎯 KẾT QUẢ CHỐT: HAPPY (38.65%)
2026-05-26 00:55:06,395 | INFO     | [706282] ⏱️ Thời gian phản hồi: 112.91 ms
2026-05-26 00:55:06,403 | INFO     | [706314] ⏱️ Model inference: 79.47 ms
2026-05-26 00:55:06,403 | INFO     | [706314] 📊 Chi tiết dự đoán: {'ANGRY': 6.05, 'DISGUST': 0.21, 'FEAR': 5.23, 'HAPPY': 38.18, 'NEUTRAL': 15.06, 'SAD': 34.38, 'SURPRISE': 0.9}
2026-05-26 00:55:06,403 | INFO     | [706314] 🎯 KẾT QUẢ CHỐT: HAPPY (38.18%)
2026-05-26 00:55:06,403 | INFO     | [706314] ⏱️ Thời gian phản hồi: 88.5 ms
2026-05-26 00:55:07,281 | INFO     | [707281] ------------------------------------------
2026-05-26 00:55:07,281 | INFO     | [707281] 📥 NHẬN YÊU CẦU QUÉT KHUÔN MẶT MỚI
2026-05-26 00:55:07,282 | INFO     | [707282] ------------------------------------------
2026-05-26 00:55:07,282 | INFO     | [707282] 📥 NHẬN YÊU CẦU QUÉT KHUÔN MẶT MỚI
2026-05-26 00:55:07,282 | INFO     | [707282] ------------------------------------------
2026-05-26 00:55:07,282 | INFO     | [707282] 📥 NHẬN YÊU CẦU QUÉT KHUÔN MẶT MỚI
2026-05-26 00:55:07,282 | INFO     | [707281] Đã xử lý ảnh thành công. Kích thước tensor: (1, 48, 48, 1)
2026-05-26 00:55:07,286 | INFO     | [707282] Đã xử lý ảnh thành công. Kích thước tensor: (1, 48, 48, 1)
2026-05-26 00:55:07,288 | INFO     | [707282] Đã xử lý ảnh thành công. Kích thước tensor: (1, 48, 48, 1)
2026-05-26 00:55:07,401 | INFO     | [707281] ⏱️ Model inference: 116.98 ms
2026-05-26 00:55:07,401 | INFO     | [707281] 📊 Chi tiết dự đoán: {'ANGRY': 5.9, 'DISGUST': 0.15, 'FEAR': 5.36, 'HAPPY': 36.3, 'NEUTRAL': 15.92, 'SAD': 35.63, 'SURPRISE': 0.75}
2026-05-26 00:55:07,402 | INFO     | [707281] 🎯 KẾT QUẢ CHỐT: HAPPY (36.30%)
2026-05-26 00:55:07,402 | INFO     | [707281] ⏱️ Thời gian phản hồi: 119.46 ms
2026-05-26 00:55:07,408 | INFO     | [707408] ------------------------------------------
2026-05-26 00:55:07,409 | INFO     | [707408] 📥 NHẬN YÊU CẦU QUÉT KHUÔN MẶT MỚI
2026-05-26 00:55:07,409 | INFO     | [707282] ⏱️ Model inference: 122.81 ms
2026-05-26 00:55:07,409 | INFO     | [707282] 📊 Chi tiết dự đoán: {'ANGRY': 6.83, 'DISGUST': 0.17, 'FEAR': 5.13, 'HAPPY': 37.81, 'NEUTRAL': 15.43, 'SAD': 33.83, 'SURPRISE': 0.8}
2026-05-26 00:55:07,409 | INFO     | [707282] 🎯 KẾT QUẢ CHỐT: HAPPY (37.81%)
2026-05-26 00:55:07,409 | INFO     | [707282] ⏱️ Thời gian phản hồi: 126.28 ms
2026-05-26 00:55:07,411 | INFO     | [707408] Đã xử lý ảnh thành công. Kích thước tensor: (1, 48, 48, 1)
2026-05-26 00:55:07,414 | INFO     | [707282] ⏱️ Model inference: 122.43 ms
2026-05-26 00:55:07,415 | INFO     | [707282] 📊 Chi tiết dự đoán: {'ANGRY': 5.68, 'DISGUST': 0.14, 'FEAR': 4.57, 'HAPPY': 39.93, 'NEUTRAL': 15.49, 'SAD': 33.53, 'SURPRISE': 0.67}
2026-05-26 00:55:07,416 | INFO     | [707282] 🎯 KẾT QUẢ CHỐT: HAPPY (39.93%)
2026-05-26 00:55:07,416 | INFO     | [707282] ⏱️ Thời gian phản hồi: 132.85 ms
2026-05-26 00:55:07,471 | INFO     | [707408] ⏱️ Model inference: 59.54 ms
2026-05-26 00:55:07,472 | INFO     | [707408] 📊 Chi tiết dự đoán: {'ANGRY': 6.03, 'DISGUST': 0.17, 'FEAR': 5.26, 'HAPPY': 35.72, 'NEUTRAL': 14.76, 'SAD': 37.21, 'SURPRISE': 0.84}
2026-05-26 00:55:07,472 | INFO     | [707408] 🎯 KẾT QUẢ CHỐT: SAD (37.21%)
2026-05-26 00:55:07,472 | INFO     | [707408] ⏱️ Thời gian phản hồi: 64.58 ms
2026-05-26 00:55:07,501 | INFO     | [BATCH-707501] ==========================================
2026-05-26 00:55:07,502 | INFO     | [BATCH-707501] 🎞️ NHẬN CHUỖI 5 KHUNG HÌNH (BATCH)
2026-05-26 00:55:07,882 | INFO     | [BATCH-707501] ⏱️ Batch inference elapsed: 380.38 ms (5 frames)
2026-05-26 00:55:07,883 | INFO     | [BATCH-707501] ↳ Frame 1/5: HAPPY (38.2%)
2026-05-26 00:55:07,883 | INFO     | [BATCH-707501] ↳ Frame 2/5: HAPPY (36.3%)
2026-05-26 00:55:07,883 | INFO     | [BATCH-707501] ↳ Frame 3/5: HAPPY (39.9%)
2026-05-26 00:55:07,883 | INFO     | [BATCH-707501] ↳ Frame 4/5: HAPPY (37.8%)
2026-05-26 00:55:07,883 | INFO     | [BATCH-707501] ↳ Frame 5/5: SAD (37.2%)
2026-05-26 00:55:07,883 | INFO     | [BATCH-707501] 🎯 KẾT QUẢ CHUỖI: HAPPY (Tần suất: {'HAPPY': 4, 'SAD': 1})
2026-05-26 00:55:07,884 | INFO     | [BATCH-707501] ⏱️ Tổng thời gian xử lý: 382.38 ms
2026-05-26 02:03:30,172 | INFO     | [810169] ------------------------------------------
2026-05-26 02:03:30,187 | INFO     | [810169] 📥 NHẬN YÊU CẦU QUÉT KHUÔN MẶT MỚI
2026-05-26 02:03:30,199 | INFO     | [810199] ------------------------------------------
2026-05-26 02:03:30,199 | INFO     | [810199] 📥 NHẬN YÊU CẦU QUÉT KHUÔN MẶT MỚI
2026-05-26 02:03:30,205 | INFO     | [810205] ------------------------------------------
2026-05-26 02:03:30,206 | INFO     | [810205] 📥 NHẬN YÊU CẦU QUÉT KHUÔN MẶT MỚI
2026-05-26 02:03:30,267 | INFO     | [810169] Đã xử lý ảnh thành công. Kích thước tensor: (1, 48, 48, 1)
2026-05-26 02:03:30,346 | INFO     | [810199] Đã xử lý ảnh thành công. Kích thước tensor: (1, 48, 48, 1)
2026-05-26 02:03:30,501 | INFO     | [810205] Đã xử lý ảnh thành công. Kích thước tensor: (1, 48, 48, 1)
2026-05-26 02:03:31,415 | INFO     | [810169] ⏱️ Model inference: 1145.53 ms
2026-05-26 02:03:31,422 | INFO     | [810169] 📊 Chi tiết dự đoán: {'ANGRY': 5.53, 'DISGUST': 0.11, 'FEAR': 6.43, 'HAPPY': 7.73, 'NEUTRAL': 17.12, 'SAD': 59.91, 'SURPRISE': 3.18}
2026-05-26 02:03:31,423 | INFO     | [810169] 🎯 KẾT QUẢ CHỐT: SAD (59.91%)
2026-05-26 02:03:31,423 | INFO     | [810169] ⏱️ Thời gian phản hồi: 1253.52 ms
2026-05-26 02:03:31,432 | INFO     | [810199] ⏱️ Model inference: 976.48 ms
2026-05-26 02:03:31,435 | INFO     | [810199] 📊 Chi tiết dự đoán: {'ANGRY': 5.03, 'DISGUST': 0.13, 'FEAR': 7.08, 'HAPPY': 7.69, 'NEUTRAL': 12.77, 'SAD': 63.76, 'SURPRISE': 3.54}
2026-05-26 02:03:31,438 | INFO     | [810199] 🎯 KẾT QUẢ CHỐT: SAD (63.76%)
2026-05-26 02:03:31,439 | INFO     | [810199] ⏱️ Thời gian phản hồi: 1233.82 ms
2026-05-26 02:03:31,462 | INFO     | [810205] ⏱️ Model inference: 958.28 ms
2026-05-26 02:03:31,462 | INFO     | [810205] 📊 Chi tiết dự đoán: {'ANGRY': 4.9, 'DISGUST': 0.08, 'FEAR': 6.7, 'HAPPY': 9.3, 'NEUTRAL': 14.9, 'SAD': 60.47, 'SURPRISE': 3.65}
2026-05-26 02:03:31,463 | INFO     | [810205] 🎯 KẾT QUẢ CHỐT: SAD (60.47%)
2026-05-26 02:03:31,464 | INFO     | [810205] ⏱️ Thời gian phản hồi: 1257.07 ms
2026-05-26 02:03:31,476 | INFO     | [811476] ------------------------------------------
2026-05-26 02:03:31,478 | INFO     | [811476] 📥 NHẬN YÊU CẦU QUÉT KHUÔN MẶT MỚI
2026-05-26 02:03:31,478 | INFO     | [811478] ------------------------------------------
2026-05-26 02:03:31,478 | INFO     | [811478] 📥 NHẬN YÊU CẦU QUÉT KHUÔN MẶT MỚI
2026-05-26 02:03:31,480 | INFO     | [811480] ------------------------------------------
2026-05-26 02:03:31,480 | INFO     | [811480] 📥 NHẬN YÊU CẦU QUÉT KHUÔN MẶT MỚI
2026-05-26 02:03:31,482 | INFO     | [811476] Đã xử lý ảnh thành công. Kích thước tensor: (1, 48, 48, 1)
2026-05-26 02:03:31,489 | INFO     | [811478] Đã xử lý ảnh thành công. Kích thước tensor: (1, 48, 48, 1)
2026-05-26 02:03:31,496 | INFO     | [811480] Đã xử lý ảnh thành công. Kích thước tensor: (1, 48, 48, 1)
2026-05-26 02:03:31,691 | INFO     | [811480] ⏱️ Model inference: 183.28 ms
2026-05-26 02:03:31,691 | INFO     | [811480] 📊 Chi tiết dự đoán: {'ANGRY': 6.36, 'DISGUST': 0.11, 'FEAR': 7.13, 'HAPPY': 13.87, 'NEUTRAL': 13.5, 'SAD': 54.93, 'SURPRISE': 4.11}
2026-05-26 02:03:31,691 | INFO     | [811480] 🎯 KẾT QUẢ CHỐT: SAD (54.93%)
2026-05-26 02:03:31,691 | INFO     | [811480] ⏱️ Thời gian phản hồi: 210.17 ms
2026-05-26 02:03:31,702 | INFO     | [811702] ------------------------------------------
2026-05-26 02:03:31,702 | INFO     | [811702] 📥 NHẬN YÊU CẦU QUÉT KHUÔN MẶT MỚI
2026-05-26 02:03:31,703 | INFO     | [811702] Đã xử lý ảnh thành công. Kích thước tensor: (1, 48, 48, 1)
2026-05-26 02:03:31,721 | INFO     | [811478] ⏱️ Model inference: 229.37 ms
2026-05-26 02:03:31,721 | INFO     | [811478] 📊 Chi tiết dự đoán: {'ANGRY': 4.71, 'DISGUST': 0.08, 'FEAR': 6.57, 'HAPPY': 11.42, 'NEUTRAL': 15.58, 'SAD': 58.3, 'SURPRISE': 3.33}
2026-05-26 02:03:31,721 | INFO     | [811478] 🎯 KẾT QUẢ CHỐT: SAD (58.30%)
2026-05-26 02:03:31,723 | INFO     | [811478] ⏱️ Thời gian phản hồi: 243.36 ms
2026-05-26 02:03:31,729 | INFO     | [811476] ⏱️ Model inference: 247.39 ms
2026-05-26 02:03:31,731 | INFO     | [811476] 📊 Chi tiết dự đoán: {'ANGRY': 5.05, 'DISGUST': 0.08, 'FEAR': 6.61, 'HAPPY': 13.56, 'NEUTRAL': 18.1, 'SAD': 52.44, 'SURPRISE': 4.17}
2026-05-26 02:03:31,732 | INFO     | [811476] 🎯 KẾT QUẢ CHỐT: SAD (52.44%)
2026-05-26 02:03:31,733 | INFO     | [811476] ⏱️ Thời gian phản hồi: 254.05 ms
2026-05-26 02:03:31,745 | INFO     | [811745] ------------------------------------------
2026-05-26 02:03:31,746 | INFO     | [811745] 📥 NHẬN YÊU CẦU QUÉT KHUÔN MẶT MỚI
2026-05-26 02:03:31,749 | INFO     | [811748] ------------------------------------------
2026-05-26 02:03:31,750 | INFO     | [811748] 📥 NHẬN YÊU CẦU QUÉT KHUÔN MẶT MỚI
2026-05-26 02:03:31,753 | INFO     | [811745] Đã xử lý ảnh thành công. Kích thước tensor: (1, 48, 48, 1)
2026-05-26 02:03:31,760 | INFO     | [811748] Đã xử lý ảnh thành công. Kích thước tensor: (1, 48, 48, 1)
2026-05-26 02:03:31,876 | INFO     | [811702] ⏱️ Model inference: 173.68 ms
2026-05-26 02:03:31,880 | INFO     | [811702] 📊 Chi tiết dự đoán: {'ANGRY': 4.93, 'DISGUST': 0.08, 'FEAR': 6.92, 'HAPPY': 11.91, 'NEUTRAL': 16.39, 'SAD': 55.88, 'SURPRISE': 3.89}
2026-05-26 02:03:31,883 | INFO     | [811702] 🎯 KẾT QUẢ CHỐT: SAD (55.88%)
2026-05-26 02:03:31,884 | INFO     | [811702] ⏱️ Thời gian phản hồi: 178.2 ms
2026-05-26 02:03:31,903 | INFO     | [811903] ------------------------------------------
2026-05-26 02:03:31,904 | INFO     | [811903] 📥 NHẬN YÊU CẦU QUÉT KHUÔN MẶT MỚI
2026-05-26 02:03:31,905 | INFO     | [811903] Đã xử lý ảnh thành công. Kích thước tensor: (1, 48, 48, 1)
2026-05-26 02:03:31,970 | INFO     | [811748] ⏱️ Model inference: 208.14 ms
2026-05-26 02:03:31,972 | INFO     | [811748] 📊 Chi tiết dự đoán: {'ANGRY': 5.56, 'DISGUST': 0.11, 'FEAR': 6.93, 'HAPPY': 9.25, 'NEUTRAL': 14.54, 'SAD': 59.45, 'SURPRISE': 4.17}
2026-05-26 02:03:31,975 | INFO     | [811748] 🎯 KẾT QUẢ CHỐT: SAD (59.45%)
2026-05-26 02:03:31,976 | INFO     | [811748] ⏱️ Thời gian phản hồi: 224.07 ms
2026-05-26 02:03:31,987 | INFO     | [811987] ------------------------------------------
2026-05-26 02:03:31,988 | INFO     | [811987] 📥 NHẬN YÊU CẦU QUÉT KHUÔN MẶT MỚI
2026-05-26 02:03:31,988 | INFO     | [811987] Đã xử lý ảnh thành công. Kích thước tensor: (1, 48, 48, 1)
2026-05-26 02:03:32,002 | INFO     | [811745] ⏱️ Model inference: 247.98 ms
2026-05-26 02:03:32,004 | INFO     | [811745] 📊 Chi tiết dự đoán: {'ANGRY': 5.37, 'DISGUST': 0.08, 'FEAR': 6.55, 'HAPPY': 10.22, 'NEUTRAL': 15.57, 'SAD': 58.77, 'SURPRISE': 3.43}
2026-05-26 02:03:32,006 | INFO     | [811745] 🎯 KẾT QUẢ CHỐT: SAD (58.77%)
2026-05-26 02:03:32,006 | INFO     | [811745] ⏱️ Thời gian phản hồi: 259.66 ms
2026-05-26 02:03:32,050 | INFO     | [811903] ⏱️ Model inference: 143.51 ms
2026-05-26 02:03:32,051 | INFO     | [811903] 📊 Chi tiết dự đoán: {'ANGRY': 5.5, 'DISGUST': 0.11, 'FEAR': 7.29, 'HAPPY': 9.89, 'NEUTRAL': 14.0, 'SAD': 59.66, 'SURPRISE': 3.55}
2026-05-26 02:03:32,053 | INFO     | [811903] 🎯 KẾT QUẢ CHỐT: SAD (59.66%)
2026-05-26 02:03:32,054 | INFO     | [811903] ⏱️ Thời gian phản hồi: 148.76 ms
2026-05-26 02:03:32,102 | INFO     | [811987] ⏱️ Model inference: 111.86 ms
2026-05-26 02:03:32,102 | INFO     | [811987] 📊 Chi tiết dự đoán: {'ANGRY': 4.69, 'DISGUST': 0.09, 'FEAR': 7.86, 'HAPPY': 7.99, 'NEUTRAL': 16.75, 'SAD': 59.25, 'SURPRISE': 3.38}
2026-05-26 02:03:32,102 | INFO     | [811987] 🎯 KẾT QUẢ CHỐT: SAD (59.25%)
2026-05-26 02:03:32,102 | INFO     | [811987] ⏱️ Thời gian phản hồi: 115.29 ms
2026-05-26 02:03:32,172 | INFO     | [812172] ------------------------------------------
2026-05-26 02:03:32,172 | INFO     | [812172] 📥 NHẬN YÊU CẦU QUÉT KHUÔN MẶT MỚI
2026-05-26 02:03:32,176 | INFO     | [812172] Đã xử lý ảnh thành công. Kích thước tensor: (1, 48, 48, 1)
2026-05-26 02:03:32,267 | INFO     | [812172] ⏱️ Model inference: 91.08 ms
2026-05-26 02:03:32,268 | INFO     | [812172] 📊 Chi tiết dự đoán: {'ANGRY': 5.1, 'DISGUST': 0.1, 'FEAR': 8.03, 'HAPPY': 8.74, 'NEUTRAL': 15.83, 'SAD': 57.83, 'SURPRISE': 4.36}
2026-05-26 02:03:32,268 | INFO     | [812172] 🎯 KẾT QUẢ CHỐT: SAD (57.83%)
2026-05-26 02:03:32,268 | INFO     | [812172] ⏱️ Thời gian phản hồi: 95.27 ms
2026-05-26 02:03:33,139 | INFO     | [813138] ------------------------------------------
2026-05-26 02:03:33,139 | INFO     | [813138] 📥 NHẬN YÊU CẦU QUÉT KHUÔN MẶT MỚI
2026-05-26 02:03:33,140 | INFO     | [813140] ------------------------------------------
2026-05-26 02:03:33,140 | INFO     | [813140] 📥 NHẬN YÊU CẦU QUÉT KHUÔN MẶT MỚI
2026-05-26 02:03:33,141 | INFO     | [813141] ------------------------------------------
2026-05-26 02:03:33,142 | INFO     | [813141] 📥 NHẬN YÊU CẦU QUÉT KHUÔN MẶT MỚI
2026-05-26 02:03:33,143 | INFO     | [813138] Đã xử lý ảnh thành công. Kích thước tensor: (1, 48, 48, 1)
2026-05-26 02:03:33,146 | INFO     | [813140] Đã xử lý ảnh thành công. Kích thước tensor: (1, 48, 48, 1)
2026-05-26 02:03:33,156 | INFO     | [813141] Đã xử lý ảnh thành công. Kích thước tensor: (1, 48, 48, 1)
2026-05-26 02:03:33,362 | INFO     | [813141] ⏱️ Model inference: 202.14 ms
2026-05-26 02:03:33,362 | INFO     | [813141] 📊 Chi tiết dự đoán: {'ANGRY': 5.45, 'DISGUST': 0.11, 'FEAR': 6.66, 'HAPPY': 6.99, 'NEUTRAL': 16.14, 'SAD': 61.19, 'SURPRISE': 3.46}
2026-05-26 02:03:33,364 | INFO     | [813141] 🎯 KẾT QUẢ CHỐT: SAD (61.19%)
2026-05-26 02:03:33,364 | INFO     | [813141] ⏱️ Thời gian phản hồi: 221.34 ms
2026-05-26 02:03:33,373 | INFO     | [813140] ⏱️ Model inference: 222.79 ms
2026-05-26 02:03:33,373 | INFO     | [813140] 📊 Chi tiết dự đoán: {'ANGRY': 5.15, 'DISGUST': 0.09, 'FEAR': 6.79, 'HAPPY': 6.62, 'NEUTRAL': 15.26, 'SAD': 62.71, 'SURPRISE': 3.39}
2026-05-26 02:03:33,373 | INFO     | [813140] 🎯 KẾT QUẢ CHỐT: SAD (62.71%)
2026-05-26 02:03:33,374 | INFO     | [813140] ⏱️ Thời gian phản hồi: 232.86 ms
2026-05-26 02:03:33,386 | INFO     | [813386] ------------------------------------------
2026-05-26 02:03:33,386 | INFO     | [813386] 📥 NHẬN YÊU CẦU QUÉT KHUÔN MẶT MỚI
2026-05-26 02:03:33,387 | INFO     | [813138] ⏱️ Model inference: 243.09 ms
2026-05-26 02:03:33,387 | INFO     | [813138] 📊 Chi tiết dự đoán: {'ANGRY': 5.22, 'DISGUST': 0.09, 'FEAR': 6.47, 'HAPPY': 9.07, 'NEUTRAL': 17.5, 'SAD': 58.4, 'SURPRISE': 3.25}
2026-05-26 02:03:33,387 | INFO     | [813138] 🎯 KẾT QUẢ CHỐT: SAD (58.40%)
2026-05-26 02:03:33,388 | INFO     | [813138] ⏱️ Thời gian phản hồi: 248.96 ms
2026-05-26 02:03:33,389 | INFO     | [813386] Đã xử lý ảnh thành công. Kích thước tensor: (1, 48, 48, 1)
2026-05-26 02:03:33,495 | INFO     | [813386] ⏱️ Model inference: 105.3 ms
2026-05-26 02:03:33,495 | INFO     | [813386] 📊 Chi tiết dự đoán: {'ANGRY': 6.66, 'DISGUST': 0.13, 'FEAR': 7.41, 'HAPPY': 10.67, 'NEUTRAL': 15.2, 'SAD': 55.53, 'SURPRISE': 4.4}
2026-05-26 02:03:33,495 | INFO     | [813386] 🎯 KẾT QUẢ CHỐT: SAD (55.53%)
2026-05-26 02:03:33,495 | INFO     | [813386] ⏱️ Thời gian phản hồi: 108.92 ms
2026-05-26 02:03:33,663 | INFO     | [813663] ------------------------------------------
2026-05-26 02:03:33,664 | INFO     | [813663] 📥 NHẬN YÊU CẦU QUÉT KHUÔN MẶT MỚI
2026-05-26 02:03:33,664 | INFO     | [813663] Đã xử lý ảnh thành công. Kích thước tensor: (1, 48, 48, 1)
2026-05-26 02:03:33,745 | INFO     | [813663] ⏱️ Model inference: 80.27 ms
2026-05-26 02:03:33,745 | INFO     | [813663] 📊 Chi tiết dự đoán: {'ANGRY': 5.89, 'DISGUST': 0.12, 'FEAR': 6.03, 'HAPPY': 11.18, 'NEUTRAL': 16.98, 'SAD': 56.51, 'SURPRISE': 3.3}
2026-05-26 02:03:33,745 | INFO     | [813663] 🎯 KẾT QUẢ CHỐT: SAD (56.51%)
2026-05-26 02:03:33,746 | INFO     | [813663] ⏱️ Thời gian phản hồi: 81.7 ms
2026-05-26 02:03:33,992 | INFO     | [813990] ------------------------------------------
2026-05-26 02:03:33,992 | INFO     | [813990] 📥 NHẬN YÊU CẦU QUÉT KHUÔN MẶT MỚI
2026-05-26 02:03:33,993 | INFO     | [813993] ------------------------------------------
2026-05-26 02:03:33,993 | INFO     | [813993] 📥 NHẬN YÊU CẦU QUÉT KHUÔN MẶT MỚI
2026-05-26 02:03:33,993 | INFO     | [813990] Đã xử lý ảnh thành công. Kích thước tensor: (1, 48, 48, 1)
2026-05-26 02:03:33,996 | INFO     | [813993] Đã xử lý ảnh thành công. Kích thước tensor: (1, 48, 48, 1)
2026-05-26 02:03:34,092 | INFO     | [813990] ⏱️ Model inference: 98.46 ms
2026-05-26 02:03:34,092 | INFO     | [813990] 📊 Chi tiết dự đoán: {'ANGRY': 5.92, 'DISGUST': 0.12, 'FEAR': 6.31, 'HAPPY': 12.5, 'NEUTRAL': 18.2, 'SAD': 53.49, 'SURPRISE': 3.46}
2026-05-26 02:03:34,092 | INFO     | [813990] 🎯 KẾT QUẢ CHỐT: SAD (53.49%)
2026-05-26 02:03:34,092 | INFO     | [813990] ⏱️ Thời gian phản hồi: 101.82 ms
2026-05-26 02:03:34,096 | INFO     | [813993] ⏱️ Model inference: 99.47 ms
2026-05-26 02:03:34,096 | INFO     | [813993] 📊 Chi tiết dự đoán: {'ANGRY': 4.83, 'DISGUST': 0.12, 'FEAR': 5.05, 'HAPPY': 12.49, 'NEUTRAL': 19.86, 'SAD': 55.18, 'SURPRISE': 2.47}
2026-05-26 02:03:34,097 | INFO     | [813993] 🎯 KẾT QUẢ CHỐT: SAD (55.18%)
2026-05-26 02:03:34,097 | INFO     | [813993] ⏱️ Thời gian phản hồi: 103.62 ms
2026-05-26 02:03:34,177 | INFO     | [814177] ------------------------------------------
2026-05-26 02:03:34,177 | INFO     | [814177] 📥 NHẬN YÊU CẦU QUÉT KHUÔN MẶT MỚI
2026-05-26 02:03:34,178 | INFO     | [814177] Đã xử lý ảnh thành công. Kích thước tensor: (1, 48, 48, 1)
2026-05-26 02:03:34,251 | INFO     | [814177] ⏱️ Model inference: 73.43 ms
2026-05-26 02:03:34,251 | INFO     | [814177] 📊 Chi tiết dự đoán: {'ANGRY': 4.63, 'DISGUST': 0.1, 'FEAR': 5.57, 'HAPPY': 12.23, 'NEUTRAL': 17.2, 'SAD': 57.81, 'SURPRISE': 2.47}
2026-05-26 02:03:34,252 | INFO     | [814177] 🎯 KẾT QUẢ CHỐT: SAD (57.81%)
2026-05-26 02:03:34,252 | INFO     | [814177] ⏱️ Thời gian phản hồi: 74.43 ms
2026-05-26 02:03:34,426 | INFO     | [814426] ------------------------------------------
2026-05-26 02:03:34,426 | INFO     | [814426] 📥 NHẬN YÊU CẦU QUÉT KHUÔN MẶT MỚI
2026-05-26 02:03:34,427 | INFO     | [814426] Đã xử lý ảnh thành công. Kích thước tensor: (1, 48, 48, 1)
2026-05-26 02:03:34,515 | INFO     | [814426] ⏱️ Model inference: 87.42 ms
2026-05-26 02:03:34,515 | INFO     | [814426] 📊 Chi tiết dự đoán: {'ANGRY': 4.63, 'DISGUST': 0.08, 'FEAR': 5.66, 'HAPPY': 10.21, 'NEUTRAL': 17.64, 'SAD': 58.78, 'SURPRISE': 3.0}
2026-05-26 02:03:34,515 | INFO     | [814426] 🎯 KẾT QUẢ CHỐT: SAD (58.78%)
2026-05-26 02:03:34,515 | INFO     | [814426] ⏱️ Thời gian phản hồi: 88.92 ms
2026-05-26 02:03:34,830 | INFO     | [814830] ------------------------------------------
2026-05-26 02:03:34,830 | INFO     | [814830] 📥 NHẬN YÊU CẦU QUÉT KHUÔN MẶT MỚI
2026-05-26 02:03:34,830 | INFO     | [814830] Đã xử lý ảnh thành công. Kích thước tensor: (1, 48, 48, 1)
2026-05-26 02:03:34,912 | INFO     | [814830] ⏱️ Model inference: 80.47 ms
2026-05-26 02:03:34,913 | INFO     | [814830] 📊 Chi tiết dự đoán: {'ANGRY': 4.78, 'DISGUST': 0.07, 'FEAR': 5.87, 'HAPPY': 9.15, 'NEUTRAL': 16.16, 'SAD': 61.7, 'SURPRISE': 2.26}
2026-05-26 02:03:34,913 | INFO     | [814830] 🎯 KẾT QUẢ CHỐT: SAD (61.70%)
2026-05-26 02:03:34,913 | INFO     | [814830] ⏱️ Thời gian phản hồi: 82.85 ms
2026-05-26 02:03:34,922 | INFO     | [814922] ------------------------------------------
2026-05-26 02:03:34,922 | INFO     | [814922] 📥 NHẬN YÊU CẦU QUÉT KHUÔN MẶT MỚI
2026-05-26 02:03:34,923 | INFO     | [814922] Đã xử lý ảnh thành công. Kích thước tensor: (1, 48, 48, 1)
2026-05-26 02:03:34,987 | INFO     | [814922] ⏱️ Model inference: 64.06 ms
2026-05-26 02:03:34,987 | INFO     | [814922] 📊 Chi tiết dự đoán: {'ANGRY': 4.27, 'DISGUST': 0.08, 'FEAR': 5.93, 'HAPPY': 11.16, 'NEUTRAL': 17.98, 'SAD': 57.67, 'SURPRISE': 2.91}
2026-05-26 02:03:34,988 | INFO     | [814922] 🎯 KẾT QUẢ CHỐT: SAD (57.67%)
2026-05-26 02:03:34,988 | INFO     | [814922] ⏱️ Thời gian phản hồi: 65.07 ms
2026-05-26 02:03:35,171 | INFO     | [815171] ------------------------------------------
2026-05-26 02:03:35,171 | INFO     | [815171] 📥 NHẬN YÊU CẦU QUÉT KHUÔN MẶT MỚI
2026-05-26 02:03:35,172 | INFO     | [815171] Đã xử lý ảnh thành công. Kích thước tensor: (1, 48, 48, 1)
2026-05-26 02:03:35,248 | INFO     | [815171] ⏱️ Model inference: 75.73 ms
2026-05-26 02:03:35,248 | INFO     | [815171] 📊 Chi tiết dự đoán: {'ANGRY': 5.13, 'DISGUST': 0.1, 'FEAR': 6.33, 'HAPPY': 10.89, 'NEUTRAL': 16.16, 'SAD': 58.1, 'SURPRISE': 3.3}
2026-05-26 02:03:35,248 | INFO     | [815171] 🎯 KẾT QUẢ CHỐT: SAD (58.10%)
2026-05-26 02:03:35,248 | INFO     | [815171] ⏱️ Thời gian phản hồi: 77.73 ms
2026-05-26 02:03:35,431 | INFO     | [815431] ------------------------------------------
2026-05-26 02:03:35,431 | INFO     | [815431] 📥 NHẬN YÊU CẦU QUÉT KHUÔN MẶT MỚI
2026-05-26 02:03:35,432 | INFO     | [815431] Đã xử lý ảnh thành công. Kích thước tensor: (1, 48, 48, 1)
2026-05-26 02:03:35,514 | INFO     | [815431] ⏱️ Model inference: 81.45 ms
2026-05-26 02:03:35,514 | INFO     | [815431] 📊 Chi tiết dự đoán: {'ANGRY': 4.73, 'DISGUST': 0.08, 'FEAR': 6.58, 'HAPPY': 11.74, 'NEUTRAL': 18.16, 'SAD': 55.26, 'SURPRISE': 3.44}
2026-05-26 02:03:35,514 | INFO     | [815431] 🎯 KẾT QUẢ CHỐT: SAD (55.26%)
2026-05-26 02:03:35,514 | INFO     | [815431] ⏱️ Thời gian phản hồi: 82.58 ms
2026-05-26 02:03:35,667 | INFO     | [815667] ------------------------------------------
2026-05-26 02:03:35,668 | INFO     | [815667] 📥 NHẬN YÊU CẦU QUÉT KHUÔN MẶT MỚI
2026-05-26 02:03:35,669 | INFO     | [815667] Đã xử lý ảnh thành công. Kích thước tensor: (1, 48, 48, 1)
2026-05-26 02:03:35,749 | INFO     | [815667] ⏱️ Model inference: 79.87 ms
2026-05-26 02:03:35,749 | INFO     | [815667] 📊 Chi tiết dự đoán: {'ANGRY': 5.18, 'DISGUST': 0.08, 'FEAR': 6.31, 'HAPPY': 10.94, 'NEUTRAL': 17.04, 'SAD': 57.24, 'SURPRISE': 3.21}
2026-05-26 02:03:35,750 | INFO     | [815667] 🎯 KẾT QUẢ CHỐT: SAD (57.24%)
2026-05-26 02:03:35,750 | INFO     | [815667] ⏱️ Thời gian phản hồi: 82.41 ms
2026-05-26 02:03:35,913 | INFO     | [815913] ------------------------------------------
2026-05-26 02:03:35,915 | INFO     | [815913] 📥 NHẬN YÊU CẦU QUÉT KHUÔN MẶT MỚI
2026-05-26 02:03:35,915 | INFO     | [815913] Đã xử lý ảnh thành công. Kích thước tensor: (1, 48, 48, 1)
2026-05-26 02:03:35,996 | INFO     | [815913] ⏱️ Model inference: 81.44 ms
2026-05-26 02:03:35,997 | INFO     | [815913] 📊 Chi tiết dự đoán: {'ANGRY': 5.03, 'DISGUST': 0.09, 'FEAR': 6.51, 'HAPPY': 11.37, 'NEUTRAL': 16.52, 'SAD': 57.31, 'SURPRISE': 3.18}
2026-05-26 02:03:35,997 | INFO     | [815913] 🎯 KẾT QUẢ CHỐT: SAD (57.31%)
2026-05-26 02:03:35,998 | INFO     | [815913] ⏱️ Thời gian phản hồi: 83.99 ms
2026-05-26 02:03:36,179 | INFO     | [816179] ------------------------------------------
2026-05-26 02:03:36,179 | INFO     | [816179] 📥 NHẬN YÊU CẦU QUÉT KHUÔN MẶT MỚI
2026-05-26 02:03:36,180 | INFO     | [816179] Đã xử lý ảnh thành công. Kích thước tensor: (1, 48, 48, 1)
2026-05-26 02:03:36,246 | INFO     | [816179] ⏱️ Model inference: 66.2 ms
2026-05-26 02:03:36,246 | INFO     | [816179] 📊 Chi tiết dự đoán: {'ANGRY': 5.21, 'DISGUST': 0.11, 'FEAR': 5.91, 'HAPPY': 8.98, 'NEUTRAL': 17.82, 'SAD': 59.11, 'SURPRISE': 2.86}
2026-05-26 02:03:36,246 | INFO     | [816179] 🎯 KẾT QUẢ CHỐT: SAD (59.11%)
2026-05-26 02:03:36,246 | INFO     | [816179] ⏱️ Thời gian phản hồi: 67.2 ms
2026-05-26 02:03:36,459 | INFO     | [816459] ------------------------------------------
2026-05-26 02:03:36,459 | INFO     | [816459] 📥 NHẬN YÊU CẦU QUÉT KHUÔN MẶT MỚI
2026-05-26 02:03:36,460 | INFO     | [816459] Đã xử lý ảnh thành công. Kích thước tensor: (1, 48, 48, 1)
2026-05-26 02:03:36,530 | INFO     | [816459] ⏱️ Model inference: 70.2 ms
2026-05-26 02:03:36,530 | INFO     | [816459] 📊 Chi tiết dự đoán: {'ANGRY': 4.63, 'DISGUST': 0.08, 'FEAR': 6.09, 'HAPPY': 10.55, 'NEUTRAL': 17.39, 'SAD': 58.39, 'SURPRISE': 2.87}
2026-05-26 02:03:36,532 | INFO     | [816459] 🎯 KẾT QUẢ CHỐT: SAD (58.39%)
2026-05-26 02:03:36,532 | INFO     | [816459] ⏱️ Thời gian phản hồi: 71.19 ms
2026-05-26 02:03:36,675 | INFO     | [816675] ------------------------------------------
2026-05-26 02:03:36,676 | INFO     | [816675] 📥 NHẬN YÊU CẦU QUÉT KHUÔN MẶT MỚI
2026-05-26 02:03:36,676 | INFO     | [816675] Đã xử lý ảnh thành công. Kích thước tensor: (1, 48, 48, 1)
2026-05-26 02:03:36,758 | INFO     | [816675] ⏱️ Model inference: 80.31 ms
2026-05-26 02:03:36,758 | INFO     | [816675] 📊 Chi tiết dự đoán: {'ANGRY': 5.28, 'DISGUST': 0.09, 'FEAR': 6.46, 'HAPPY': 14.07, 'NEUTRAL': 14.26, 'SAD': 56.87, 'SURPRISE': 2.98}
2026-05-26 02:03:36,758 | INFO     | [816675] 🎯 KẾT QUẢ CHỐT: SAD (56.87%)
2026-05-26 02:03:36,758 | INFO     | [816675] ⏱️ Thời gian phản hồi: 82.78 ms
2026-05-26 02:03:36,924 | INFO     | [816924] ------------------------------------------
2026-05-26 02:03:36,924 | INFO     | [816924] 📥 NHẬN YÊU CẦU QUÉT KHUÔN MẶT MỚI
2026-05-26 02:03:36,926 | INFO     | [816924] Đã xử lý ảnh thành công. Kích thước tensor: (1, 48, 48, 1)
2026-05-26 02:03:36,991 | INFO     | [816924] ⏱️ Model inference: 65.21 ms
2026-05-26 02:03:36,991 | INFO     | [816924] 📊 Chi tiết dự đoán: {'ANGRY': 4.5, 'DISGUST': 0.08, 'FEAR': 7.14, 'HAPPY': 13.16, 'NEUTRAL': 15.07, 'SAD': 57.5, 'SURPRISE': 2.56}
2026-05-26 02:03:36,991 | INFO     | [816924] 🎯 KẾT QUẢ CHỐT: SAD (57.50%)
2026-05-26 02:03:36,992 | INFO     | [816924] ⏱️ Thời gian phản hồi: 66.32 ms
2026-05-26 02:03:37,173 | INFO     | [817173] ------------------------------------------
2026-05-26 02:03:37,173 | INFO     | [817173] 📥 NHẬN YÊU CẦU QUÉT KHUÔN MẶT MỚI
2026-05-26 02:03:37,174 | INFO     | [817173] Đã xử lý ảnh thành công. Kích thước tensor: (1, 48, 48, 1)
2026-05-26 02:03:37,249 | INFO     | [817173] ⏱️ Model inference: 74.8 ms
2026-05-26 02:03:37,250 | INFO     | [817173] 📊 Chi tiết dự đoán: {'ANGRY': 5.52, 'DISGUST': 0.09, 'FEAR': 8.13, 'HAPPY': 10.78, 'NEUTRAL': 13.55, 'SAD': 57.86, 'SURPRISE': 4.07}
2026-05-26 02:03:37,250 | INFO     | [817173] 🎯 KẾT QUẢ CHỐT: SAD (57.86%)
2026-05-26 02:03:37,250 | INFO     | [817173] ⏱️ Thời gian phản hồi: 76.79 ms
2026-05-26 02:03:37,424 | INFO     | [817424] ------------------------------------------
2026-05-26 02:03:37,424 | INFO     | [817424] 📥 NHẬN YÊU CẦU QUÉT KHUÔN MẶT MỚI
2026-05-26 02:03:37,424 | INFO     | [817424] Đã xử lý ảnh thành công. Kích thước tensor: (1, 48, 48, 1)
2026-05-26 02:03:37,499 | INFO     | [817424] ⏱️ Model inference: 73.87 ms
2026-05-26 02:03:37,499 | INFO     | [817424] 📊 Chi tiết dự đoán: {'ANGRY': 4.98, 'DISGUST': 0.09, 'FEAR': 9.6, 'HAPPY': 6.97, 'NEUTRAL': 15.58, 'SAD': 58.77, 'SURPRISE': 4.01}
2026-05-26 02:03:37,500 | INFO     | [817424] 🎯 KẾT QUẢ CHỐT: SAD (58.77%)
2026-05-26 02:03:37,500 | INFO     | [817424] ⏱️ Thời gian phản hồi: 75.43 ms
2026-05-26 02:03:37,720 | INFO     | [817720] ------------------------------------------
2026-05-26 02:03:37,720 | INFO     | [817720] 📥 NHẬN YÊU CẦU QUÉT KHUÔN MẶT MỚI
2026-05-26 02:03:37,721 | INFO     | [817720] Đã xử lý ảnh thành công. Kích thước tensor: (1, 48, 48, 1)
2026-05-26 02:03:37,798 | INFO     | [817720] ⏱️ Model inference: 76.43 ms
2026-05-26 02:03:37,798 | INFO     | [817720] 📊 Chi tiết dự đoán: {'ANGRY': 3.98, 'DISGUST': 0.04, 'FEAR': 8.83, 'HAPPY': 9.58, 'NEUTRAL': 17.84, 'SAD': 55.55, 'SURPRISE': 4.18}
2026-05-26 02:03:37,798 | INFO     | [817720] 🎯 KẾT QUẢ CHỐT: SAD (55.55%)
2026-05-26 02:03:37,798 | INFO     | [817720] ⏱️ Thời gian phản hồi: 77.87 ms
2026-05-26 02:03:37,985 | INFO     | [817984] ------------------------------------------
2026-05-26 02:03:37,985 | INFO     | [817984] 📥 NHẬN YÊU CẦU QUÉT KHUÔN MẶT MỚI
2026-05-26 02:03:37,985 | INFO     | [817984] Đã xử lý ảnh thành công. Kích thước tensor: (1, 48, 48, 1)
2026-05-26 02:03:38,054 | INFO     | [817984] ⏱️ Model inference: 69.24 ms
2026-05-26 02:03:38,054 | INFO     | [817984] 📊 Chi tiết dự đoán: {'ANGRY': 12.14, 'DISGUST': 0.11, 'FEAR': 13.24, 'HAPPY': 14.18, 'NEUTRAL': 8.41, 'SAD': 40.46, 'SURPRISE': 11.46}
2026-05-26 02:03:38,054 | INFO     | [817984] 🎯 KẾT QUẢ CHỐT: SAD (40.46%)
2026-05-26 02:03:38,054 | INFO     | [817984] ⏱️ Thời gian phản hồi: 70.51 ms
2026-05-26 02:03:38,172 | INFO     | [818172] ------------------------------------------
2026-05-26 02:03:38,172 | INFO     | [818172] 📥 NHẬN YÊU CẦU QUÉT KHUÔN MẶT MỚI
2026-05-26 02:03:38,173 | INFO     | [818172] Đã xử lý ảnh thành công. Kích thước tensor: (1, 48, 48, 1)
2026-05-26 02:03:38,235 | INFO     | [818172] ⏱️ Model inference: 62.41 ms
2026-05-26 02:03:38,235 | INFO     | [818172] 📊 Chi tiết dự đoán: {'ANGRY': 10.39, 'DISGUST': 0.12, 'FEAR': 11.59, 'HAPPY': 10.47, 'NEUTRAL': 8.81, 'SAD': 50.04, 'SURPRISE': 8.57}
2026-05-26 02:03:38,236 | INFO     | [818172] 🎯 KẾT QUẢ CHỐT: SAD (50.04%)
2026-05-26 02:03:38,236 | INFO     | [818172] ⏱️ Thời gian phản hồi: 63.73 ms
2026-05-26 02:03:38,577 | INFO     | [818577] ------------------------------------------
2026-05-26 02:03:38,577 | INFO     | [818577] 📥 NHẬN YÊU CẦU QUÉT KHUÔN MẶT MỚI
2026-05-26 02:03:38,578 | INFO     | [818577] Đã xử lý ảnh thành công. Kích thước tensor: (1, 48, 48, 1)
2026-05-26 02:03:38,652 | INFO     | [818577] ⏱️ Model inference: 73.6 ms
2026-05-26 02:03:38,652 | INFO     | [818577] 📊 Chi tiết dự đoán: {'ANGRY': 4.68, 'DISGUST': 0.1, 'FEAR': 6.78, 'HAPPY': 8.45, 'NEUTRAL': 21.3, 'SAD': 55.51, 'SURPRISE': 3.19}
2026-05-26 02:03:38,653 | INFO     | [818577] 🎯 KẾT QUẢ CHỐT: SAD (55.51%)
2026-05-26 02:03:38,653 | INFO     | [818577] ⏱️ Thời gian phản hồi: 74.78 ms
2026-05-26 02:03:38,701 | INFO     | [818701] ------------------------------------------
2026-05-26 02:03:38,702 | INFO     | [818701] 📥 NHẬN YÊU CẦU QUÉT KHUÔN MẶT MỚI
2026-05-26 02:03:38,702 | INFO     | [818701] Đã xử lý ảnh thành công. Kích thước tensor: (1, 48, 48, 1)
2026-05-26 02:03:38,767 | INFO     | [818701] ⏱️ Model inference: 63.91 ms
2026-05-26 02:03:38,767 | INFO     | [818701] 📊 Chi tiết dự đoán: {'ANGRY': 6.27, 'DISGUST': 0.11, 'FEAR': 8.51, 'HAPPY': 10.0, 'NEUTRAL': 15.62, 'SAD': 55.35, 'SURPRISE': 4.14}
2026-05-26 02:03:38,767 | INFO     | [818701] 🎯 KẾT QUẢ CHỐT: SAD (55.35%)
2026-05-26 02:03:38,767 | INFO     | [818701] ⏱️ Thời gian phản hồi: 66.29 ms
2026-05-26 02:03:39,105 | INFO     | [819105] ------------------------------------------
2026-05-26 02:03:39,106 | INFO     | [819105] 📥 NHẬN YÊU CẦU QUÉT KHUÔN MẶT MỚI
2026-05-26 02:03:39,106 | INFO     | [819105] Đã xử lý ảnh thành công. Kích thước tensor: (1, 48, 48, 1)
2026-05-26 02:03:39,170 | INFO     | [819170] ------------------------------------------
2026-05-26 02:03:39,170 | INFO     | [819170] 📥 NHẬN YÊU CẦU QUÉT KHUÔN MẶT MỚI
2026-05-26 02:03:39,171 | INFO     | [819170] Đã xử lý ảnh thành công. Kích thước tensor: (1, 48, 48, 1)
2026-05-26 02:03:39,183 | INFO     | [819105] ⏱️ Model inference: 76.42 ms
2026-05-26 02:03:39,185 | INFO     | [819105] 📊 Chi tiết dự đoán: {'ANGRY': 7.81, 'DISGUST': 0.12, 'FEAR': 11.33, 'HAPPY': 8.93, 'NEUTRAL': 11.85, 'SAD': 50.25, 'SURPRISE': 9.7}
2026-05-26 02:03:39,185 | INFO     | [819105] 🎯 KẾT QUẢ CHỐT: SAD (50.25%)
2026-05-26 02:03:39,185 | INFO     | [819105] ⏱️ Thời gian phản hồi: 79.42 ms
2026-05-26 02:03:39,254 | INFO     | [819170] ⏱️ Model inference: 82.49 ms
2026-05-26 02:03:39,255 | INFO     | [819170] 📊 Chi tiết dự đoán: {'ANGRY': 6.07, 'DISGUST': 0.09, 'FEAR': 8.5, 'HAPPY': 8.99, 'NEUTRAL': 19.63, 'SAD': 52.14, 'SURPRISE': 4.59}
2026-05-26 02:03:39,255 | INFO     | [819170] 🎯 KẾT QUẢ CHỐT: SAD (52.14%)
2026-05-26 02:03:39,255 | INFO     | [819170] ⏱️ Thời gian phản hồi: 85.84 ms
2026-05-26 02:03:39,532 | INFO     | [BATCH-819532] ==========================================
2026-05-26 02:03:39,532 | INFO     | [BATCH-819532] 🎞️ NHẬN CHUỖI 5 KHUNG HÌNH (BATCH)
2026-05-26 02:03:39,545 | INFO     | [819545] ------------------------------------------
2026-05-26 02:03:39,546 | INFO     | [819545] 📥 NHẬN YÊU CẦU QUÉT KHUÔN MẶT MỚI
2026-05-26 02:03:39,549 | INFO     | [819545] Đã xử lý ảnh thành công. Kích thước tensor: (1, 48, 48, 1)
2026-05-26 02:03:39,693 | INFO     | [819545] ⏱️ Model inference: 142.7 ms
2026-05-26 02:03:39,694 | INFO     | [819545] 📊 Chi tiết dự đoán: {'ANGRY': 6.0, 'DISGUST': 0.14, 'FEAR': 8.79, 'HAPPY': 8.15, 'NEUTRAL': 12.72, 'SAD': 60.17, 'SURPRISE': 4.03}
2026-05-26 02:03:39,695 | INFO     | [819545] 🎯 KẾT QUẢ CHỐT: SAD (60.17%)
2026-05-26 02:03:39,696 | INFO     | [819545] ⏱️ Thời gian phản hồi: 148.88 ms
2026-05-26 02:03:40,049 | INFO     | [BATCH-819532] ⏱️ Batch inference elapsed: 514.44 ms (5 frames)
2026-05-26 02:03:40,049 | INFO     | [BATCH-819532] ↳ Frame 1/5: SAD (50.0%)
2026-05-26 02:03:40,049 | INFO     | [BATCH-819532] ↳ Frame 2/5: SAD (55.5%)
2026-05-26 02:03:40,049 | INFO     | [BATCH-819532] ↳ Frame 3/5: SAD (55.4%)
2026-05-26 02:03:40,050 | INFO     | [BATCH-819532] ↳ Frame 4/5: SAD (50.3%)
2026-05-26 02:03:40,050 | INFO     | [BATCH-819532] ↳ Frame 5/5: SAD (52.1%)
2026-05-26 02:03:40,050 | INFO     | [BATCH-819532] 🎯 KẾT QUẢ CHUỖI: SAD (Tần suất: {'SAD': 5})
2026-05-26 02:03:40,050 | INFO     | [BATCH-819532] ⏱️ Tổng thời gian xử lý: 517.92 ms
2026-05-26 02:03:53,554 | INFO     | [833554] ------------------------------------------
2026-05-26 02:03:53,554 | INFO     | [833554] 📥 NHẬN YÊU CẦU QUÉT KHUÔN MẶT MỚI
2026-05-26 02:03:53,555 | INFO     | [833554] Đã xử lý ảnh thành công. Kích thước tensor: (1, 48, 48, 1)
2026-05-26 02:03:53,651 | INFO     | [833554] ⏱️ Model inference: 95.75 ms
2026-05-26 02:03:53,652 | INFO     | [833554] 📊 Chi tiết dự đoán: {'ANGRY': 4.84, 'DISGUST': 0.09, 'FEAR': 5.89, 'HAPPY': 7.24, 'NEUTRAL': 18.6, 'SAD': 61.14, 'SURPRISE': 2.21}
2026-05-26 02:03:53,652 | INFO     | [833554] 🎯 KẾT QUẢ CHỐT: SAD (61.14%)
2026-05-26 02:03:53,652 | INFO     | [833554] ⏱️ Thời gian phản hồi: 98.01 ms
2026-05-26 02:03:53,994 | INFO     | [833994] ------------------------------------------
2026-05-26 02:03:53,994 | INFO     | [833994] 📥 NHẬN YÊU CẦU QUÉT KHUÔN MẶT MỚI
2026-05-26 02:03:53,995 | INFO     | [833994] Đã xử lý ảnh thành công. Kích thước tensor: (1, 48, 48, 1)
2026-05-26 02:03:54,013 | INFO     | [834013] ------------------------------------------
2026-05-26 02:03:54,014 | INFO     | [834013] 📥 NHẬN YÊU CẦU QUÉT KHUÔN MẶT MỚI
2026-05-26 02:03:54,017 | INFO     | [834013] Đã xử lý ảnh thành công. Kích thước tensor: (1, 48, 48, 1)
2026-05-26 02:03:54,095 | INFO     | [833994] ⏱️ Model inference: 100.1 ms
2026-05-26 02:03:54,095 | INFO     | [833994] 📊 Chi tiết dự đoán: {'ANGRY': 4.98, 'DISGUST': 0.11, 'FEAR': 6.16, 'HAPPY': 9.83, 'NEUTRAL': 16.21, 'SAD': 60.23, 'SURPRISE': 2.47}
2026-05-26 02:03:54,095 | INFO     | [833994] 🎯 KẾT QUẢ CHỐT: SAD (60.23%)
2026-05-26 02:03:54,096 | INFO     | [833994] ⏱️ Thời gian phản hồi: 101.1 ms
2026-05-26 02:03:54,115 | INFO     | [834013] ⏱️ Model inference: 96.85 ms
2026-05-26 02:03:54,115 | INFO     | [834013] 📊 Chi tiết dự đoán: {'ANGRY': 4.2, 'DISGUST': 0.09, 'FEAR': 6.12, 'HAPPY': 10.07, 'NEUTRAL': 20.09, 'SAD': 56.54, 'SURPRISE': 2.88}
2026-05-26 02:03:54,115 | INFO     | [834013] 🎯 KẾT QUẢ CHỐT: SAD (56.54%)
2026-05-26 02:03:54,116 | INFO     | [834013] ⏱️ Thời gian phản hồi: 102.07 ms
2026-05-26 02:03:54,276 | INFO     | [834276] ------------------------------------------
2026-05-26 02:03:54,276 | INFO     | [834276] 📥 NHẬN YÊU CẦU QUÉT KHUÔN MẶT MỚI
2026-05-26 02:03:54,276 | INFO     | [834276] Đã xử lý ảnh thành công. Kích thước tensor: (1, 48, 48, 1)
2026-05-26 02:03:54,355 | INFO     | [834276] ⏱️ Model inference: 77.98 ms
2026-05-26 02:03:54,356 | INFO     | [834276] 📊 Chi tiết dự đoán: {'ANGRY': 4.33, 'DISGUST': 0.08, 'FEAR': 6.82, 'HAPPY': 9.2, 'NEUTRAL': 16.22, 'SAD': 60.35, 'SURPRISE': 3.0}
2026-05-26 02:03:54,356 | INFO     | [834276] 🎯 KẾT QUẢ CHỐT: SAD (60.35%)
2026-05-26 02:03:54,356 | INFO     | [834276] ⏱️ Thời gian phản hồi: 80.57 ms
2026-05-26 02:03:55,211 | INFO     | [835211] ------------------------------------------
2026-05-26 02:03:55,211 | INFO     | [835211] 📥 NHẬN YÊU CẦU QUÉT KHUÔN MẶT MỚI
2026-05-26 02:03:55,212 | INFO     | [835211] Đã xử lý ảnh thành công. Kích thước tensor: (1, 48, 48, 1)
2026-05-26 02:03:55,226 | INFO     | [835226] ------------------------------------------
2026-05-26 02:03:55,228 | INFO     | [835226] 📥 NHẬN YÊU CẦU QUÉT KHUÔN MẶT MỚI
2026-05-26 02:03:55,230 | INFO     | [835230] ------------------------------------------
2026-05-26 02:03:55,231 | INFO     | [835230] 📥 NHẬN YÊU CẦU QUÉT KHUÔN MẶT MỚI
2026-05-26 02:03:55,234 | INFO     | [835226] Đã xử lý ảnh thành công. Kích thước tensor: (1, 48, 48, 1)
2026-05-26 02:03:55,244 | INFO     | [835230] Đã xử lý ảnh thành công. Kích thước tensor: (1, 48, 48, 1)
2026-05-26 02:03:55,356 | INFO     | [835230] ⏱️ Model inference: 110.96 ms
2026-05-26 02:03:55,356 | INFO     | [835230] 📊 Chi tiết dự đoán: {'ANGRY': 5.31, 'DISGUST': 0.13, 'FEAR': 5.55, 'HAPPY': 28.21, 'NEUTRAL': 14.41, 'SAD': 43.67, 'SURPRISE': 2.72}
2026-05-26 02:03:55,356 | INFO     | [835230] 🎯 KẾT QUẢ CHỐT: SAD (43.67%)
2026-05-26 02:03:55,357 | INFO     | [835230] ⏱️ Thời gian phản hồi: 125.16 ms
2026-05-26 02:03:55,358 | INFO     | [835211] ⏱️ Model inference: 145.66 ms
2026-05-26 02:03:55,359 | INFO     | [835211] 📊 Chi tiết dự đoán: {'ANGRY': 4.18, 'DISGUST': 0.11, 'FEAR': 3.94, 'HAPPY': 37.15, 'NEUTRAL': 15.71, 'SAD': 37.47, 'SURPRISE': 1.45}
2026-05-26 02:03:55,359 | INFO     | [835211] 🎯 KẾT QUẢ CHỐT: SAD (37.47%)
2026-05-26 02:03:55,359 | INFO     | [835211] ⏱️ Thời gian phản hồi: 147.66 ms
2026-05-26 02:03:55,360 | INFO     | [835226] ⏱️ Model inference: 123.46 ms
2026-05-26 02:03:55,360 | INFO     | [835226] 📊 Chi tiết dự đoán: {'ANGRY': 4.22, 'DISGUST': 0.1, 'FEAR': 5.52, 'HAPPY': 9.46, 'NEUTRAL': 18.94, 'SAD': 59.16, 'SURPRISE': 2.6}
2026-05-26 02:03:55,360 | INFO     | [835226] 🎯 KẾT QUẢ CHỐT: SAD (59.16%)
2026-05-26 02:03:55,360 | INFO     | [835226] ⏱️ Thời gian phản hồi: 133.76 ms
2026-05-26 02:03:55,975 | INFO     | [835975] ------------------------------------------
2026-05-26 02:03:55,976 | INFO     | [835975] 📥 NHẬN YÊU CẦU QUÉT KHUÔN MẶT MỚI
2026-05-26 02:03:55,977 | INFO     | [835977] ------------------------------------------
2026-05-26 02:03:55,977 | INFO     | [835977] 📥 NHẬN YÊU CẦU QUÉT KHUÔN MẶT MỚI
2026-05-26 02:03:55,979 | INFO     | [835979] ------------------------------------------
2026-05-26 02:03:55,980 | INFO     | [835979] 📥 NHẬN YÊU CẦU QUÉT KHUÔN MẶT MỚI
2026-05-26 02:03:55,982 | INFO     | [835975] Đã xử lý ảnh thành công. Kích thước tensor: (1, 48, 48, 1)
2026-05-26 02:03:55,989 | INFO     | [835977] Đã xử lý ảnh thành công. Kích thước tensor: (1, 48, 48, 1)
2026-05-26 02:03:55,994 | INFO     | [835979] Đã xử lý ảnh thành công. Kích thước tensor: (1, 48, 48, 1)
2026-05-26 02:03:56,103 | INFO     | [835975] ⏱️ Model inference: 118.94 ms
2026-05-26 02:03:56,103 | INFO     | [835975] 📊 Chi tiết dự đoán: {'ANGRY': 4.17, 'DISGUST': 0.13, 'FEAR': 4.42, 'HAPPY': 24.28, 'NEUTRAL': 17.55, 'SAD': 47.81, 'SURPRISE': 1.64}
2026-05-26 02:03:56,104 | INFO     | [835975] 🎯 KẾT QUẢ CHỐT: SAD (47.81%)
2026-05-26 02:03:56,104 | INFO     | [835975] ⏱️ Thời gian phản hồi: 127.85 ms
2026-05-26 02:03:56,112 | INFO     | [836112] ------------------------------------------
2026-05-26 02:03:56,113 | INFO     | [836112] 📥 NHẬN YÊU CẦU QUÉT KHUÔN MẶT MỚI
2026-05-26 02:03:56,113 | INFO     | [836112] Đã xử lý ảnh thành công. Kích thước tensor: (1, 48, 48, 1)
2026-05-26 02:03:56,120 | INFO     | [835979] ⏱️ Model inference: 124.08 ms
2026-05-26 02:03:56,121 | INFO     | [835979] 📊 Chi tiết dự đoán: {'ANGRY': 4.71, 'DISGUST': 0.16, 'FEAR': 4.39, 'HAPPY': 29.57, 'NEUTRAL': 14.85, 'SAD': 44.74, 'SURPRISE': 1.58}
2026-05-26 02:03:56,121 | INFO     | [835979] 🎯 KẾT QUẢ CHỐT: SAD (44.74%)
2026-05-26 02:03:56,122 | INFO     | [835979] ⏱️ Thời gian phản hồi: 141.28 ms
2026-05-26 02:03:56,125 | INFO     | [835977] ⏱️ Model inference: 134.47 ms
2026-05-26 02:03:56,126 | INFO     | [835977] 📊 Chi tiết dự đoán: {'ANGRY': 3.78, 'DISGUST': 0.11, 'FEAR': 3.78, 'HAPPY': 38.55, 'NEUTRAL': 14.36, 'SAD': 38.07, 'SURPRISE': 1.35}
2026-05-26 02:03:56,126 | INFO     | [835977] 🎯 KẾT QUẢ CHỐT: HAPPY (38.55%)
2026-05-26 02:03:56,126 | INFO     | [835977] ⏱️ Thời gian phản hồi: 147.73 ms
2026-05-26 02:03:56,195 | INFO     | [836112] ⏱️ Model inference: 81.4 ms
2026-05-26 02:03:56,195 | INFO     | [836112] 📊 Chi tiết dự đoán: {'ANGRY': 4.65, 'DISGUST': 0.14, 'FEAR': 4.78, 'HAPPY': 31.67, 'NEUTRAL': 18.46, 'SAD': 38.16, 'SURPRISE': 2.13}
2026-05-26 02:03:56,195 | INFO     | [836112] 🎯 KẾT QUẢ CHỐT: SAD (38.16%)
2026-05-26 02:03:56,195 | INFO     | [836112] ⏱️ Thời gian phản hồi: 83.43 ms
2026-05-26 02:03:56,270 | INFO     | [836270] ------------------------------------------
2026-05-26 02:03:56,270 | INFO     | [836270] 📥 NHẬN YÊU CẦU QUÉT KHUÔN MẶT MỚI
2026-05-26 02:03:56,271 | INFO     | [836270] Đã xử lý ảnh thành công. Kích thước tensor: (1, 48, 48, 1)
2026-05-26 02:03:56,335 | INFO     | [836270] ⏱️ Model inference: 63.86 ms
2026-05-26 02:03:56,335 | INFO     | [836270] 📊 Chi tiết dự đoán: {'ANGRY': 3.62, 'DISGUST': 0.11, 'FEAR': 4.05, 'HAPPY': 34.87, 'NEUTRAL': 17.22, 'SAD': 38.41, 'SURPRISE': 1.72}
2026-05-26 02:03:56,335 | INFO     | [836270] 🎯 KẾT QUẢ CHỐT: SAD (38.41%)
2026-05-26 02:03:56,335 | INFO     | [836270] ⏱️ Thời gian phản hồi: 64.91 ms
2026-05-26 02:03:56,581 | INFO     | [836581] ------------------------------------------
2026-05-26 02:03:56,581 | INFO     | [836581] 📥 NHẬN YÊU CẦU QUÉT KHUÔN MẶT MỚI
2026-05-26 02:03:56,582 | INFO     | [836581] Đã xử lý ảnh thành công. Kích thước tensor: (1, 48, 48, 1)
2026-05-26 02:03:56,651 | INFO     | [836581] ⏱️ Model inference: 68.25 ms
2026-05-26 02:03:56,651 | INFO     | [836581] 📊 Chi tiết dự đoán: {'ANGRY': 3.86, 'DISGUST': 0.12, 'FEAR': 3.67, 'HAPPY': 51.98, 'NEUTRAL': 11.98, 'SAD': 26.47, 'SURPRISE': 1.93}
2026-05-26 02:03:56,651 | INFO     | [836581] 🎯 KẾT QUẢ CHỐT: HAPPY (51.98%)
2026-05-26 02:03:56,652 | INFO     | [836581] ⏱️ Thời gian phản hồi: 69.75 ms
2026-05-26 02:03:56,815 | INFO     | [836815] ------------------------------------------
2026-05-26 02:03:56,815 | INFO     | [836815] 📥 NHẬN YÊU CẦU QUÉT KHUÔN MẶT MỚI
2026-05-26 02:03:56,816 | INFO     | [836815] Đã xử lý ảnh thành công. Kích thước tensor: (1, 48, 48, 1)
2026-05-26 02:03:56,880 | INFO     | [836815] ⏱️ Model inference: 63.74 ms
2026-05-26 02:03:56,881 | INFO     | [836815] 📊 Chi tiết dự đoán: {'ANGRY': 4.49, 'DISGUST': 0.17, 'FEAR': 3.64, 'HAPPY': 37.15, 'NEUTRAL': 15.27, 'SAD': 37.95, 'SURPRISE': 1.33}
2026-05-26 02:03:56,881 | INFO     | [836815] 🎯 KẾT QUẢ CHỐT: SAD (37.95%)
2026-05-26 02:03:56,881 | INFO     | [836815] ⏱️ Thời gian phản hồi: 64.96 ms
2026-05-26 02:03:57,218 | INFO     | [837218] ------------------------------------------
2026-05-26 02:03:57,218 | INFO     | [837218] 📥 NHẬN YÊU CẦU QUÉT KHUÔN MẶT MỚI
2026-05-26 02:03:57,219 | INFO     | [837218] Đã xử lý ảnh thành công. Kích thước tensor: (1, 48, 48, 1)
2026-05-26 02:03:57,264 | INFO     | [837264] ------------------------------------------
2026-05-26 02:03:57,264 | INFO     | [837264] 📥 NHẬN YÊU CẦU QUÉT KHUÔN MẶT MỚI
2026-05-26 02:03:57,265 | INFO     | [837264] Đã xử lý ảnh thành công. Kích thước tensor: (1, 48, 48, 1)
2026-05-26 02:03:57,285 | INFO     | [837218] ⏱️ Model inference: 66.52 ms
2026-05-26 02:03:57,287 | INFO     | [837218] 📊 Chi tiết dự đoán: {'ANGRY': 4.07, 'DISGUST': 0.11, 'FEAR': 3.86, 'HAPPY': 30.81, 'NEUTRAL': 19.68, 'SAD': 40.17, 'SURPRISE': 1.3}
2026-05-26 02:03:57,287 | INFO     | [837218] 🎯 KẾT QUẢ CHỐT: SAD (40.17%)
2026-05-26 02:03:57,288 | INFO     | [837218] ⏱️ Thời gian phản hồi: 69.03 ms
2026-05-26 02:03:57,342 | INFO     | [837264] ⏱️ Model inference: 76.82 ms
2026-05-26 02:03:57,343 | INFO     | [837264] 📊 Chi tiết dự đoán: {'ANGRY': 4.16, 'DISGUST': 0.11, 'FEAR': 3.26, 'HAPPY': 47.69, 'NEUTRAL': 14.08, 'SAD': 29.47, 'SURPRISE': 1.24}
2026-05-26 02:03:57,343 | INFO     | [837264] 🎯 KẾT QUẢ CHỐT: HAPPY (47.69%)
2026-05-26 02:03:57,343 | INFO     | [837264] ⏱️ Thời gian phản hồi: 78.82 ms
2026-05-26 02:03:57,994 | INFO     | [837994] ------------------------------------------
2026-05-26 02:03:57,994 | INFO     | [837994] 📥 NHẬN YÊU CẦU QUÉT KHUÔN MẶT MỚI
2026-05-26 02:03:57,994 | INFO     | [837994] ------------------------------------------
2026-05-26 02:03:57,995 | INFO     | [837994] 📥 NHẬN YÊU CẦU QUÉT KHUÔN MẶT MỚI
2026-05-26 02:03:57,995 | INFO     | [837994] Đã xử lý ảnh thành công. Kích thước tensor: (1, 48, 48, 1)
2026-05-26 02:03:57,998 | INFO     | [837994] Đã xử lý ảnh thành công. Kích thước tensor: (1, 48, 48, 1)
2026-05-26 02:03:58,054 | INFO     | [838054] ------------------------------------------
2026-05-26 02:03:58,055 | INFO     | [838054] 📥 NHẬN YÊU CẦU QUÉT KHUÔN MẶT MỚI
2026-05-26 02:03:58,057 | INFO     | [838054] Đã xử lý ảnh thành công. Kích thước tensor: (1, 48, 48, 1)
2026-05-26 02:03:58,100 | INFO     | [837994] ⏱️ Model inference: 100.78 ms
2026-05-26 02:03:58,100 | INFO     | [837994] 📊 Chi tiết dự đoán: {'ANGRY': 5.35, 'DISGUST': 0.14, 'FEAR': 4.06, 'HAPPY': 39.36, 'NEUTRAL': 15.19, 'SAD': 34.32, 'SURPRISE': 1.59}
2026-05-26 02:03:58,101 | INFO     | [837994] 🎯 KẾT QUẢ CHỐT: HAPPY (39.36%)
2026-05-26 02:03:58,101 | INFO     | [837994] ⏱️ Thời gian phản hồi: 106.4 ms
2026-05-26 02:03:58,103 | INFO     | [837994] ⏱️ Model inference: 108.26 ms
2026-05-26 02:03:58,104 | INFO     | [837994] 📊 Chi tiết dự đoán: {'ANGRY': 5.24, 'DISGUST': 0.1, 'FEAR': 4.2, 'HAPPY': 44.62, 'NEUTRAL': 14.53, 'SAD': 29.55, 'SURPRISE': 1.76}
2026-05-26 02:03:58,104 | INFO     | [837994] 🎯 KẾT QUẢ CHỐT: HAPPY (44.62%)
2026-05-26 02:03:58,104 | INFO     | [837994] ⏱️ Thời gian phản hồi: 109.27 ms
2026-05-26 02:03:58,132 | INFO     | [838054] ⏱️ Model inference: 74.86 ms
2026-05-26 02:03:58,132 | INFO     | [838054] 📊 Chi tiết dự đoán: {'ANGRY': 4.53, 'DISGUST': 0.14, 'FEAR': 4.19, 'HAPPY': 34.54, 'NEUTRAL': 16.55, 'SAD': 38.32, 'SURPRISE': 1.74}
2026-05-26 02:03:58,133 | INFO     | [838054] 🎯 KẾT QUẢ CHỐT: SAD (38.32%)
2026-05-26 02:03:58,133 | INFO     | [838054] ⏱️ Thời gian phản hồi: 77.4 ms
2026-05-26 02:03:58,269 | INFO     | [838269] ------------------------------------------
2026-05-26 02:03:58,270 | INFO     | [838269] 📥 NHẬN YÊU CẦU QUÉT KHUÔN MẶT MỚI
2026-05-26 02:03:58,271 | INFO     | [838269] Đã xử lý ảnh thành công. Kích thước tensor: (1, 48, 48, 1)
2026-05-26 02:03:58,345 | INFO     | [838269] ⏱️ Model inference: 74.68 ms
2026-05-26 02:03:58,347 | INFO     | [838269] 📊 Chi tiết dự đoán: {'ANGRY': 4.99, 'DISGUST': 0.14, 'FEAR': 4.0, 'HAPPY': 43.6, 'NEUTRAL': 12.73, 'SAD': 32.87, 'SURPRISE': 1.67}
2026-05-26 02:03:58,347 | INFO     | [838269] 🎯 KẾT QUẢ CHỐT: HAPPY (43.60%)
2026-05-26 02:03:58,347 | INFO     | [838269] ⏱️ Thời gian phản hồi: 77.22 ms
2026-05-26 02:03:59,222 | INFO     | [839222] ------------------------------------------
2026-05-26 02:03:59,222 | INFO     | [839222] 📥 NHẬN YÊU CẦU QUÉT KHUÔN MẶT MỚI
2026-05-26 02:03:59,223 | INFO     | [839223] ------------------------------------------
2026-05-26 02:03:59,223 | INFO     | [839223] 📥 NHẬN YÊU CẦU QUÉT KHUÔN MẶT MỚI
2026-05-26 02:03:59,223 | INFO     | [839223] ------------------------------------------
2026-05-26 02:03:59,224 | INFO     | [839223] 📥 NHẬN YÊU CẦU QUÉT KHUÔN MẶT MỚI
2026-05-26 02:03:59,224 | INFO     | [839222] Đã xử lý ảnh thành công. Kích thước tensor: (1, 48, 48, 1)
2026-05-26 02:03:59,227 | INFO     | [839223] Đã xử lý ảnh thành công. Kích thước tensor: (1, 48, 48, 1)
2026-05-26 02:03:59,231 | INFO     | [839223] Đã xử lý ảnh thành công. Kích thước tensor: (1, 48, 48, 1)
2026-05-26 02:03:59,369 | INFO     | [839222] ⏱️ Model inference: 144.67 ms
2026-05-26 02:03:59,369 | INFO     | [839222] 📊 Chi tiết dự đoán: {'ANGRY': 4.48, 'DISGUST': 0.12, 'FEAR': 4.35, 'HAPPY': 31.69, 'NEUTRAL': 16.54, 'SAD': 41.19, 'SURPRISE': 1.63}
2026-05-26 02:03:59,369 | INFO     | [839222] 🎯 KẾT QUẢ CHỐT: SAD (41.19%)
2026-05-26 02:03:59,369 | INFO     | [839222] ⏱️ Thời gian phản hồi: 146.67 ms
2026-05-26 02:03:59,377 | INFO     | [839377] ------------------------------------------
2026-05-26 02:03:59,377 | INFO     | [839377] 📥 NHẬN YÊU CẦU QUÉT KHUÔN MẶT MỚI
2026-05-26 02:03:59,379 | INFO     | [839377] Đã xử lý ảnh thành công. Kích thước tensor: (1, 48, 48, 1)
2026-05-26 02:03:59,386 | INFO     | [839223] ⏱️ Model inference: 152.92 ms
2026-05-26 02:03:59,389 | INFO     | [839223] 📊 Chi tiết dự đoán: {'ANGRY': 4.26, 'DISGUST': 0.11, 'FEAR': 4.17, 'HAPPY': 38.9, 'NEUTRAL': 15.38, 'SAD': 35.52, 'SURPRISE': 1.66}
2026-05-26 02:03:59,389 | INFO     | [839223] 🎯 KẾT QUẢ CHỐT: HAPPY (38.90%)
2026-05-26 02:03:59,390 | INFO     | [839223] ⏱️ Thời gian phản hồi: 165.34 ms
2026-05-26 02:03:59,392 | INFO     | [839223] ⏱️ Model inference: 162.97 ms
2026-05-26 02:03:59,394 | INFO     | [839223] 📊 Chi tiết dự đoán: {'ANGRY': 5.66, 'DISGUST': 0.18, 'FEAR': 4.39, 'HAPPY': 42.25, 'NEUTRAL': 13.1, 'SAD': 32.55, 'SURPRISE': 1.88}
2026-05-26 02:03:59,395 | INFO     | [839223] 🎯 KẾT QUẢ CHỐT: HAPPY (42.25%)
2026-05-26 02:03:59,397 | INFO     | [839223] ⏱️ Thời gian phản hồi: 170.34 ms
2026-05-26 02:03:59,459 | INFO     | [839377] ⏱️ Model inference: 79.9 ms
2026-05-26 02:03:59,460 | INFO     | [839377] 📊 Chi tiết dự đoán: {'ANGRY': 3.69, 'DISGUST': 0.12, 'FEAR': 4.18, 'HAPPY': 36.49, 'NEUTRAL': 14.67, 'SAD': 39.24, 'SURPRISE': 1.62}
2026-05-26 02:03:59,460 | INFO     | [839377] 🎯 KẾT QUẢ CHỐT: SAD (39.24%)
2026-05-26 02:03:59,460 | INFO     | [839377] ⏱️ Thời gian phản hồi: 82.45 ms
2026-05-26 02:03:59,982 | INFO     | [839982] ------------------------------------------
2026-05-26 02:03:59,982 | INFO     | [839982] 📥 NHẬN YÊU CẦU QUÉT KHUÔN MẶT MỚI
2026-05-26 02:03:59,983 | INFO     | [839983] ------------------------------------------
2026-05-26 02:03:59,983 | INFO     | [839983] 📥 NHẬN YÊU CẦU QUÉT KHUÔN MẶT MỚI
2026-05-26 02:03:59,984 | INFO     | [839982] Đã xử lý ảnh thành công. Kích thước tensor: (1, 48, 48, 1)
2026-05-26 02:03:59,985 | INFO     | [839983] Đã xử lý ảnh thành công. Kích thước tensor: (1, 48, 48, 1)
2026-05-26 02:04:00,012 | INFO     | [840012] ------------------------------------------
2026-05-26 02:04:00,014 | INFO     | [840012] 📥 NHẬN YÊU CẦU QUÉT KHUÔN MẶT MỚI
2026-05-26 02:04:00,016 | INFO     | [840012] Đã xử lý ảnh thành công. Kích thước tensor: (1, 48, 48, 1)
2026-05-26 02:04:00,109 | INFO     | [839983] ⏱️ Model inference: 121.08 ms
2026-05-26 02:04:00,109 | INFO     | [839983] 📊 Chi tiết dự đoán: {'ANGRY': 4.58, 'DISGUST': 0.11, 'FEAR': 3.63, 'HAPPY': 48.62, 'NEUTRAL': 12.1, 'SAD': 29.6, 'SURPRISE': 1.35}
2026-05-26 02:04:00,110 | INFO     | [839983] 🎯 KẾT QUẢ CHỐT: HAPPY (48.62%)
2026-05-26 02:04:00,110 | INFO     | [839983] ⏱️ Thời gian phản hồi: 126.25 ms
2026-05-26 02:04:00,127 | INFO     | [839982] ⏱️ Model inference: 142.59 ms
2026-05-26 02:04:00,127 | INFO     | [839982] 📊 Chi tiết dự đoán: {'ANGRY': 4.65, 'DISGUST': 0.12, 'FEAR': 4.49, 'HAPPY': 38.69, 'NEUTRAL': 12.94, 'SAD': 37.47, 'SURPRISE': 1.62}
2026-05-26 02:04:00,127 | INFO     | [839982] 🎯 KẾT QUẢ CHỐT: HAPPY (38.69%)
2026-05-26 02:04:00,127 | INFO     | [839982] ⏱️ Thời gian phản hồi: 145.2 ms
2026-05-26 02:04:00,142 | INFO     | [840012] ⏱️ Model inference: 123.55 ms
2026-05-26 02:04:00,142 | INFO     | [840012] 📊 Chi tiết dự đoán: {'ANGRY': 4.31, 'DISGUST': 0.11, 'FEAR': 4.06, 'HAPPY': 31.8, 'NEUTRAL': 16.57, 'SAD': 41.52, 'SURPRISE': 1.62}
2026-05-26 02:04:00,142 | INFO     | [840012] 🎯 KẾT QUẢ CHỐT: SAD (41.52%)
2026-05-26 02:04:00,142 | INFO     | [840012] ⏱️ Thời gian phản hồi: 130.61 ms
2026-05-26 02:04:00,273 | INFO     | [840273] ------------------------------------------
2026-05-26 02:04:00,273 | INFO     | [840273] 📥 NHẬN YÊU CẦU QUÉT KHUÔN MẶT MỚI
2026-05-26 02:04:00,273 | INFO     | [840273] Đã xử lý ảnh thành công. Kích thước tensor: (1, 48, 48, 1)
2026-05-26 02:04:00,346 | INFO     | [840273] ⏱️ Model inference: 73.49 ms
2026-05-26 02:04:00,346 | INFO     | [840273] 📊 Chi tiết dự đoán: {'ANGRY': 5.07, 'DISGUST': 0.15, 'FEAR': 4.95, 'HAPPY': 29.16, 'NEUTRAL': 15.21, 'SAD': 43.33, 'SURPRISE': 2.14}
2026-05-26 02:04:00,346 | INFO     | [840273] 🎯 KẾT QUẢ CHỐT: SAD (43.33%)
2026-05-26 02:04:00,346 | INFO     | [840273] ⏱️ Thời gian phản hồi: 73.49 ms
2026-05-26 02:04:00,517 | INFO     | [840517] ------------------------------------------
2026-05-26 02:04:00,517 | INFO     | [840517] 📥 NHẬN YÊU CẦU QUÉT KHUÔN MẶT MỚI
2026-05-26 02:04:00,518 | INFO     | [840517] Đã xử lý ảnh thành công. Kích thước tensor: (1, 48, 48, 1)
2026-05-26 02:04:00,613 | INFO     | [840517] ⏱️ Model inference: 94.79 ms
2026-05-26 02:04:00,613 | INFO     | [840517] 📊 Chi tiết dự đoán: {'ANGRY': 4.76, 'DISGUST': 0.13, 'FEAR': 4.49, 'HAPPY': 21.45, 'NEUTRAL': 16.37, 'SAD': 51.49, 'SURPRISE': 1.31}
2026-05-26 02:04:00,613 | INFO     | [840517] 🎯 KẾT QUẢ CHỐT: SAD (51.49%)
2026-05-26 02:04:00,613 | INFO     | [840517] ⏱️ Thời gian phản hồi: 96.3 ms
2026-05-26 02:04:00,793 | INFO     | [840793] ------------------------------------------
2026-05-26 02:04:00,793 | INFO     | [840793] 📥 NHẬN YÊU CẦU QUÉT KHUÔN MẶT MỚI
2026-05-26 02:04:00,793 | INFO     | [840793] Đã xử lý ảnh thành công. Kích thước tensor: (1, 48, 48, 1)
2026-05-26 02:04:00,881 | INFO     | [840793] ⏱️ Model inference: 88.05 ms
2026-05-26 02:04:00,881 | INFO     | [840793] 📊 Chi tiết dự đoán: {'ANGRY': 4.77, 'DISGUST': 0.14, 'FEAR': 4.38, 'HAPPY': 24.77, 'NEUTRAL': 19.52, 'SAD': 44.98, 'SURPRISE': 1.44}
2026-05-26 02:04:00,881 | INFO     | [840793] 🎯 KẾT QUẢ CHỐT: SAD (44.98%)
2026-05-26 02:04:00,882 | INFO     | [840793] ⏱️ Thời gian phản hồi: 88.05 ms
2026-05-26 02:04:01,223 | INFO     | [841223] ------------------------------------------
2026-05-26 02:04:01,223 | INFO     | [841223] 📥 NHẬN YÊU CẦU QUÉT KHUÔN MẶT MỚI
2026-05-26 02:04:01,223 | INFO     | [841223] Đã xử lý ảnh thành công. Kích thước tensor: (1, 48, 48, 1)
2026-05-26 02:04:01,271 | INFO     | [841271] ------------------------------------------
2026-05-26 02:04:01,271 | INFO     | [841271] 📥 NHẬN YÊU CẦU QUÉT KHUÔN MẶT MỚI
2026-05-26 02:04:01,272 | INFO     | [841271] Đã xử lý ảnh thành công. Kích thước tensor: (1, 48, 48, 1)
2026-05-26 02:04:01,292 | INFO     | [841223] ⏱️ Model inference: 69.11 ms
2026-05-26 02:04:01,293 | INFO     | [841223] 📊 Chi tiết dự đoán: {'ANGRY': 3.99, 'DISGUST': 0.09, 'FEAR': 4.12, 'HAPPY': 31.63, 'NEUTRAL': 15.58, 'SAD': 43.3, 'SURPRISE': 1.29}
2026-05-26 02:04:01,294 | INFO     | [841223] 🎯 KẾT QUẢ CHỐT: SAD (43.30%)
2026-05-26 02:04:01,294 | INFO     | [841223] ⏱️ Thời gian phản hồi: 70.18 ms
2026-05-26 02:04:01,353 | INFO     | [841271] ⏱️ Model inference: 81.24 ms
2026-05-26 02:04:01,354 | INFO     | [841271] 📊 Chi tiết dự đoán: {'ANGRY': 4.16, 'DISGUST': 0.11, 'FEAR': 4.3, 'HAPPY': 22.44, 'NEUTRAL': 16.9, 'SAD': 50.86, 'SURPRISE': 1.24}
2026-05-26 02:04:01,354 | INFO     | [841271] 🎯 KẾT QUẢ CHỐT: SAD (50.86%)
2026-05-26 02:04:01,354 | INFO     | [841271] ⏱️ Thời gian phản hồi: 83.53 ms
2026-05-26 02:04:01,982 | INFO     | [841982] ------------------------------------------
2026-05-26 02:04:01,982 | INFO     | [841982] 📥 NHẬN YÊU CẦU QUÉT KHUÔN MẶT MỚI
2026-05-26 02:04:01,983 | INFO     | [841983] ------------------------------------------
2026-05-26 02:04:01,983 | INFO     | [841983] 📥 NHẬN YÊU CẦU QUÉT KHUÔN MẶT MỚI
2026-05-26 02:04:01,984 | INFO     | [841982] Đã xử lý ảnh thành công. Kích thước tensor: (1, 48, 48, 1)
2026-05-26 02:04:01,986 | INFO     | [841983] Đã xử lý ảnh thành công. Kích thước tensor: (1, 48, 48, 1)
2026-05-26 02:04:02,017 | INFO     | [842017] ------------------------------------------
2026-05-26 02:04:02,018 | INFO     | [842017] 📥 NHẬN YÊU CẦU QUÉT KHUÔN MẶT MỚI
2026-05-26 02:04:02,023 | INFO     | [842017] Đã xử lý ảnh thành công. Kích thước tensor: (1, 48, 48, 1)
2026-05-26 02:04:02,117 | INFO     | [841983] ⏱️ Model inference: 130.71 ms
2026-05-26 02:04:02,119 | INFO     | [841983] 📊 Chi tiết dự đoán: {'ANGRY': 4.84, 'DISGUST': 0.13, 'FEAR': 3.96, 'HAPPY': 34.91, 'NEUTRAL': 14.19, 'SAD': 40.68, 'SURPRISE': 1.29}
2026-05-26 02:04:02,119 | INFO     | [841983] 🎯 KẾT QUẢ CHỐT: SAD (40.68%)
2026-05-26 02:04:02,119 | INFO     | [841983] ⏱️ Thời gian phản hồi: 135.23 ms
2026-05-26 02:04:02,148 | INFO     | [842017] ⏱️ Model inference: 122.98 ms
2026-05-26 02:04:02,148 | INFO     | [842017] 📊 Chi tiết dự đoán: {'ANGRY': 3.59, 'DISGUST': 0.07, 'FEAR': 4.15, 'HAPPY': 28.22, 'NEUTRAL': 16.35, 'SAD': 46.17, 'SURPRISE': 1.44}
2026-05-26 02:04:02,148 | INFO     | [842017] 🎯 KẾT QUẢ CHỐT: SAD (46.17%)
2026-05-26 02:04:02,149 | INFO     | [842017] ⏱️ Thời gian phản hồi: 130.18 ms
2026-05-26 02:04:02,149 | INFO     | [841982] ⏱️ Model inference: 164.83 ms
2026-05-26 02:04:02,151 | INFO     | [841982] 📊 Chi tiết dự đoán: {'ANGRY': 4.38, 'DISGUST': 0.14, 'FEAR': 4.06, 'HAPPY': 22.38, 'NEUTRAL': 16.46, 'SAD': 51.37, 'SURPRISE': 1.22}
2026-05-26 02:04:02,151 | INFO     | [841982] 🎯 KẾT QUẢ CHỐT: SAD (51.37%)
2026-05-26 02:04:02,151 | INFO     | [841982] ⏱️ Thời gian phản hồi: 168.65 ms
2026-05-26 02:04:02,261 | INFO     | [842261] ------------------------------------------
2026-05-26 02:04:02,263 | INFO     | [842261] 📥 NHẬN YÊU CẦU QUÉT KHUÔN MẶT MỚI
2026-05-26 02:04:02,263 | INFO     | [842261] Đã xử lý ảnh thành công. Kích thước tensor: (1, 48, 48, 1)
2026-05-26 02:04:02,321 | INFO     | [842261] ⏱️ Model inference: 58.91 ms
2026-05-26 02:04:02,321 | INFO     | [842261] 📊 Chi tiết dự đoán: {'ANGRY': 4.82, 'DISGUST': 0.11, 'FEAR': 4.22, 'HAPPY': 30.6, 'NEUTRAL': 16.48, 'SAD': 42.46, 'SURPRISE': 1.31}
2026-05-26 02:04:02,321 | INFO     | [842261] 🎯 KẾT QUẢ CHỐT: SAD (42.46%)
2026-05-26 02:04:02,322 | INFO     | [842261] ⏱️ Thời gian phản hồi: 60.27 ms
2026-05-26 02:04:03,197 | INFO     | [843197] ------------------------------------------
2026-05-26 02:04:03,197 | INFO     | [843197] 📥 NHẬN YÊU CẦU QUÉT KHUÔN MẶT MỚI
2026-05-26 02:04:03,199 | INFO     | [843199] ------------------------------------------
2026-05-26 02:04:03,199 | INFO     | [843199] 📥 NHẬN YÊU CẦU QUÉT KHUÔN MẶT MỚI
2026-05-26 02:04:03,201 | INFO     | [843201] ------------------------------------------
2026-05-26 02:04:03,202 | INFO     | [843201] 📥 NHẬN YÊU CẦU QUÉT KHUÔN MẶT MỚI
2026-05-26 02:04:03,202 | INFO     | [843197] Đã xử lý ảnh thành công. Kích thước tensor: (1, 48, 48, 1)
2026-05-26 02:04:03,204 | INFO     | [843199] Đã xử lý ảnh thành công. Kích thước tensor: (1, 48, 48, 1)
2026-05-26 02:04:03,209 | INFO     | [843201] Đã xử lý ảnh thành công. Kích thước tensor: (1, 48, 48, 1)
2026-05-26 02:04:03,341 | INFO     | [843199] ⏱️ Model inference: 135.7 ms
2026-05-26 02:04:03,342 | INFO     | [843199] 📊 Chi tiết dự đoán: {'ANGRY': 4.23, 'DISGUST': 0.1, 'FEAR': 3.65, 'HAPPY': 37.84, 'NEUTRAL': 14.15, 'SAD': 38.82, 'SURPRISE': 1.21}
2026-05-26 02:04:03,342 | INFO     | [843199] 🎯 KẾT QUẢ CHỐT: SAD (38.82%)
2026-05-26 02:04:03,342 | INFO     | [843199] ⏱️ Thời gian phản hồi: 143.67 ms
2026-05-26 02:04:03,353 | INFO     | [843353] ------------------------------------------
2026-05-26 02:04:03,353 | INFO     | [843353] 📥 NHẬN YÊU CẦU QUÉT KHUÔN MẶT MỚI
2026-05-26 02:04:03,354 | INFO     | [843353] Đã xử lý ảnh thành công. Kích thước tensor: (1, 48, 48, 1)
2026-05-26 02:04:03,356 | INFO     | [843201] ⏱️ Model inference: 144.34 ms
2026-05-26 02:04:03,357 | INFO     | [843201] 📊 Chi tiết dự đoán: {'ANGRY': 4.96, 'DISGUST': 0.12, 'FEAR': 5.45, 'HAPPY': 12.4, 'NEUTRAL': 20.27, 'SAD': 54.07, 'SURPRISE': 2.74}
2026-05-26 02:04:03,358 | INFO     | [843201] 🎯 KẾT QUẢ CHỐT: SAD (54.07%)
2026-05-26 02:04:03,360 | INFO     | [843201] ⏱️ Thời gian phản hồi: 155.84 ms
2026-05-26 02:04:03,363 | INFO     | [843197] ⏱️ Model inference: 160.95 ms
2026-05-26 02:04:03,365 | INFO     | [843197] 📊 Chi tiết dự đoán: {'ANGRY': 7.82, 'DISGUST': 0.12, 'FEAR': 8.42, 'HAPPY': 13.47, 'NEUTRAL': 15.88, 'SAD': 48.39, 'SURPRISE': 5.91}
2026-05-26 02:04:03,366 | INFO     | [843197] 🎯 KẾT QUẢ CHỐT: SAD (48.39%)
2026-05-26 02:04:03,367 | INFO     | [843197] ⏱️ Thời gian phản hồi: 167.65 ms
2026-05-26 02:04:03,421 | INFO     | [843353] ⏱️ Model inference: 67.46 ms
2026-05-26 02:04:03,421 | INFO     | [843353] 📊 Chi tiết dự đoán: {'ANGRY': 5.49, 'DISGUST': 0.11, 'FEAR': 5.78, 'HAPPY': 9.7, 'NEUTRAL': 18.07, 'SAD': 58.16, 'SURPRISE': 2.68}
2026-05-26 02:04:03,423 | INFO     | [843353] 🎯 KẾT QUẢ CHỐT: SAD (58.16%)
2026-05-26 02:04:03,423 | INFO     | [843353] ⏱️ Thời gian phản hồi: 68.52 ms
2026-05-26 02:04:03,495 | INFO     | [BATCH-843495] ==========================================
2026-05-26 02:04:03,496 | INFO     | [BATCH-843495] 🎞️ NHẬN CHUỖI 5 KHUNG HÌNH (BATCH)
2026-05-26 02:04:03,933 | INFO     | [BATCH-843495] ⏱️ Batch inference elapsed: 437.15 ms (5 frames)
2026-05-26 02:04:03,935 | INFO     | [BATCH-843495] ↳ Frame 1/5: SAD (42.5%)
2026-05-26 02:04:03,935 | INFO     | [BATCH-843495] ↳ Frame 2/5: SAD (38.8%)
2026-05-26 02:04:03,935 | INFO     | [BATCH-843495] ↳ Frame 3/5: SAD (48.4%)
2026-05-26 02:04:03,935 | INFO     | [BATCH-843495] ↳ Frame 4/5: SAD (54.1%)
2026-05-26 02:04:03,935 | INFO     | [BATCH-843495] ↳ Frame 5/5: SAD (58.2%)
2026-05-26 02:04:03,936 | INFO     | [BATCH-843495] 🎯 KẾT QUẢ CHUỖI: SAD (Tần suất: {'SAD': 5})
2026-05-26 02:04:03,936 | INFO     | [BATCH-843495] ⏱️ Tổng thời gian xử lý: 440.93 ms
2026-05-26 02:05:57,707 | INFO     | [957707] ------------------------------------------
2026-05-26 02:05:57,707 | INFO     | [957707] 📥 NHẬN YÊU CẦU QUÉT KHUÔN MẶT MỚI
2026-05-26 02:05:57,709 | INFO     | [957709] ------------------------------------------
2026-05-26 02:05:57,710 | INFO     | [957709] 📥 NHẬN YÊU CẦU QUÉT KHUÔN MẶT MỚI
2026-05-26 02:05:57,710 | INFO     | [957707] Đã xử lý ảnh thành công. Kích thước tensor: (1, 48, 48, 1)
2026-05-26 02:05:57,712 | INFO     | [957709] Đã xử lý ảnh thành công. Kích thước tensor: (1, 48, 48, 1)
2026-05-26 02:05:57,826 | INFO     | [957707] ⏱️ Model inference: 116.08 ms
2026-05-26 02:05:57,826 | INFO     | [957707] 📊 Chi tiết dự đoán: {'ANGRY': 5.32, 'DISGUST': 0.22, 'FEAR': 3.15, 'HAPPY': 67.73, 'NEUTRAL': 9.68, 'SAD': 13.06, 'SURPRISE': 0.84}
2026-05-26 02:05:57,826 | INFO     | [957707] 🎯 KẾT QUẢ CHỐT: HAPPY (67.73%)
2026-05-26 02:05:57,826 | INFO     | [957707] ⏱️ Thời gian phản hồi: 119.08 ms
2026-05-26 02:05:57,827 | INFO     | [957709] ⏱️ Model inference: 112.2 ms
2026-05-26 02:05:57,828 | INFO     | [957709] 📊 Chi tiết dự đoán: {'ANGRY': 5.71, 'DISGUST': 0.22, 'FEAR': 3.35, 'HAPPY': 67.61, 'NEUTRAL': 9.29, 'SAD': 12.81, 'SURPRISE': 1.01}
2026-05-26 02:05:57,828 | INFO     | [957709] 🎯 KẾT QUẢ CHỐT: HAPPY (67.61%)
2026-05-26 02:05:57,828 | INFO     | [957709] ⏱️ Thời gian phản hồi: 119.08 ms
2026-05-26 02:05:58,085 | INFO     | [958085] ------------------------------------------
2026-05-26 02:05:58,085 | INFO     | [958085] 📥 NHẬN YÊU CẦU QUÉT KHUÔN MẶT MỚI
2026-05-26 02:05:58,086 | INFO     | [958085] Đã xử lý ảnh thành công. Kích thước tensor: (1, 48, 48, 1)
2026-05-26 02:05:58,154 | INFO     | [958085] ⏱️ Model inference: 67.3 ms
2026-05-26 02:05:58,154 | INFO     | [958085] 📊 Chi tiết dự đoán: {'ANGRY': 6.18, 'DISGUST': 0.28, 'FEAR': 4.59, 'HAPPY': 59.18, 'NEUTRAL': 9.65, 'SAD': 19.05, 'SURPRISE': 1.06}
2026-05-26 02:05:58,154 | INFO     | [958085] 🎯 KẾT QUẢ CHỐT: HAPPY (59.18%)
2026-05-26 02:05:58,155 | INFO     | [958085] ⏱️ Thời gian phản hồi: 68.3 ms
2026-05-26 02:05:58,194 | INFO     | [958194] ------------------------------------------
2026-05-26 02:05:58,194 | INFO     | [958194] 📥 NHẬN YÊU CẦU QUÉT KHUÔN MẶT MỚI
2026-05-26 02:05:58,196 | INFO     | [958194] Đã xử lý ảnh thành công. Kích thước tensor: (1, 48, 48, 1)
2026-05-26 02:05:58,265 | INFO     | [958194] ⏱️ Model inference: 69.18 ms
2026-05-26 02:05:58,265 | INFO     | [958194] 📊 Chi tiết dự đoán: {'ANGRY': 6.14, 'DISGUST': 0.32, 'FEAR': 4.16, 'HAPPY': 60.84, 'NEUTRAL': 9.41, 'SAD': 18.16, 'SURPRISE': 0.98}
2026-05-26 02:05:58,266 | INFO     | [958194] 🎯 KẾT QUẢ CHỐT: HAPPY (60.84%)
2026-05-26 02:05:58,266 | INFO     | [958194] ⏱️ Thời gian phản hồi: 70.93 ms
2026-05-26 02:05:58,753 | INFO     | [958753] ------------------------------------------
2026-05-26 02:05:58,753 | INFO     | [958753] 📥 NHẬN YÊU CẦU QUÉT KHUÔN MẶT MỚI
2026-05-26 02:05:58,754 | INFO     | [958754] ------------------------------------------
2026-05-26 02:05:58,754 | INFO     | [958754] 📥 NHẬN YÊU CẦU QUÉT KHUÔN MẶT MỚI
2026-05-26 02:05:58,756 | INFO     | [958753] Đã xử lý ảnh thành công. Kích thước tensor: (1, 48, 48, 1)
2026-05-26 02:05:58,757 | INFO     | [958754] Đã xử lý ảnh thành công. Kích thước tensor: (1, 48, 48, 1)
2026-05-26 02:05:58,865 | INFO     | [958753] ⏱️ Model inference: 109.69 ms
2026-05-26 02:05:58,866 | INFO     | [958753] 📊 Chi tiết dự đoán: {'ANGRY': 6.77, 'DISGUST': 0.27, 'FEAR': 6.42, 'HAPPY': 50.63, 'NEUTRAL': 12.19, 'SAD': 22.33, 'SURPRISE': 1.39}
2026-05-26 02:05:58,866 | INFO     | [958753] 🎯 KẾT QUẢ CHỐT: HAPPY (50.63%)
2026-05-26 02:05:58,866 | INFO     | [958753] ⏱️ Thời gian phản hồi: 113.63 ms
2026-05-26 02:05:58,876 | INFO     | [958754] ⏱️ Model inference: 117.37 ms
2026-05-26 02:05:58,876 | INFO     | [958754] 📊 Chi tiết dự đoán: {'ANGRY': 7.24, 'DISGUST': 0.31, 'FEAR': 4.88, 'HAPPY': 62.66, 'NEUTRAL': 9.06, 'SAD': 14.3, 'SURPRISE': 1.54}
2026-05-26 02:05:58,876 | INFO     | [958754] 🎯 KẾT QUẢ CHỐT: HAPPY (62.66%)
2026-05-26 02:05:58,877 | INFO     | [958754] ⏱️ Thời gian phản hồi: 121.51 ms
2026-05-26 02:05:58,955 | INFO     | [958955] ------------------------------------------
2026-05-26 02:05:58,955 | INFO     | [958955] 📥 NHẬN YÊU CẦU QUÉT KHUÔN MẶT MỚI
2026-05-26 02:05:58,956 | INFO     | [958955] Đã xử lý ảnh thành công. Kích thước tensor: (1, 48, 48, 1)
2026-05-26 02:05:59,036 | INFO     | [958955] ⏱️ Model inference: 79.05 ms
2026-05-26 02:05:59,037 | INFO     | [958955] 📊 Chi tiết dự đoán: {'ANGRY': 7.63, 'DISGUST': 0.34, 'FEAR': 7.21, 'HAPPY': 46.36, 'NEUTRAL': 12.76, 'SAD': 24.06, 'SURPRISE': 1.65}
2026-05-26 02:05:59,037 | INFO     | [958955] 🎯 KẾT QUẢ CHỐT: HAPPY (46.36%)
2026-05-26 02:05:59,037 | INFO     | [958955] ⏱️ Thời gian phản hồi: 81.55 ms
2026-05-26 02:05:59,206 | INFO     | [959206] ------------------------------------------
2026-05-26 02:05:59,206 | INFO     | [959206] 📥 NHẬN YÊU CẦU QUÉT KHUÔN MẶT MỚI
2026-05-26 02:05:59,206 | INFO     | [959206] Đã xử lý ảnh thành công. Kích thước tensor: (1, 48, 48, 1)
2026-05-26 02:05:59,292 | INFO     | [959206] ⏱️ Model inference: 84.7 ms
2026-05-26 02:05:59,292 | INFO     | [959206] 📊 Chi tiết dự đoán: {'ANGRY': 8.7, 'DISGUST': 0.34, 'FEAR': 6.68, 'HAPPY': 54.2, 'NEUTRAL': 10.33, 'SAD': 17.65, 'SURPRISE': 2.09}
2026-05-26 02:05:59,293 | INFO     | [959206] 🎯 KẾT QUẢ CHỐT: HAPPY (54.20%)
2026-05-26 02:05:59,293 | INFO     | [959206] ⏱️ Thời gian phản hồi: 85.7 ms
2026-05-26 02:06:00,088 | INFO     | [960088] ------------------------------------------
2026-05-26 02:06:00,089 | INFO     | [960088] 📥 NHẬN YÊU CẦU QUÉT KHUÔN MẶT MỚI
2026-05-26 02:06:00,090 | INFO     | [960088] Đã xử lý ảnh thành công. Kích thước tensor: (1, 48, 48, 1)
2026-05-26 02:06:00,103 | INFO     | [960103] ------------------------------------------
2026-05-26 02:06:00,103 | INFO     | [960103] 📥 NHẬN YÊU CẦU QUÉT KHUÔN MẶT MỚI
2026-05-26 02:06:00,105 | INFO     | [960105] ------------------------------------------
2026-05-26 02:06:00,106 | INFO     | [960105] 📥 NHẬN YÊU CẦU QUÉT KHUÔN MẶT MỚI
2026-05-26 02:06:00,108 | INFO     | [960103] Đã xử lý ảnh thành công. Kích thước tensor: (1, 48, 48, 1)
2026-05-26 02:06:00,114 | INFO     | [960105] Đã xử lý ảnh thành công. Kích thước tensor: (1, 48, 48, 1)
2026-05-26 02:06:00,249 | INFO     | [960088] ⏱️ Model inference: 159.4 ms
2026-05-26 02:06:00,250 | INFO     | [960088] 📊 Chi tiết dự đoán: {'ANGRY': 9.44, 'DISGUST': 0.47, 'FEAR': 7.22, 'HAPPY': 47.95, 'NEUTRAL': 10.85, 'SAD': 21.97, 'SURPRISE': 2.11}
2026-05-26 02:06:00,250 | INFO     | [960088] 🎯 KẾT QUẢ CHỐT: HAPPY (47.95%)
2026-05-26 02:06:00,250 | INFO     | [960088] ⏱️ Thời gian phản hồi: 161.4 ms
2026-05-26 02:06:00,250 | INFO     | [960105] ⏱️ Model inference: 135.79 ms
2026-05-26 02:06:00,252 | INFO     | [960105] 📊 Chi tiết dự đoán: {'ANGRY': 6.46, 'DISGUST': 0.28, 'FEAR': 5.73, 'HAPPY': 56.37, 'NEUTRAL': 12.28, 'SAD': 17.15, 'SURPRISE': 1.73}
2026-05-26 02:06:00,252 | INFO     | [960105] 🎯 KẾT QUẢ CHỐT: HAPPY (56.37%)
2026-05-26 02:06:00,252 | INFO     | [960105] ⏱️ Thời gian phản hồi: 146.47 ms
2026-05-26 02:06:00,253 | INFO     | [960103] ⏱️ Model inference: 143.43 ms
2026-05-26 02:06:00,253 | INFO     | [960103] 📊 Chi tiết dự đoán: {'ANGRY': 7.49, 'DISGUST': 0.29, 'FEAR': 8.5, 'HAPPY': 48.39, 'NEUTRAL': 12.18, 'SAD': 20.68, 'SURPRISE': 2.47}
2026-05-26 02:06:00,253 | INFO     | [960103] 🎯 KẾT QUẢ CHỐT: HAPPY (48.39%)
2026-05-26 02:06:00,254 | INFO     | [960103] ⏱️ Thời gian phản hồi: 150.0 ms
2026-05-26 02:06:00,262 | INFO     | [960262] ------------------------------------------
2026-05-26 02:06:00,262 | INFO     | [960262] 📥 NHẬN YÊU CẦU QUÉT KHUÔN MẶT MỚI
2026-05-26 02:06:00,263 | INFO     | [960262] Đã xử lý ảnh thành công. Kích thước tensor: (1, 48, 48, 1)
2026-05-26 02:06:00,330 | INFO     | [960262] ⏱️ Model inference: 66.82 ms
2026-05-26 02:06:00,331 | INFO     | [960262] 📊 Chi tiết dự đoán: {'ANGRY': 8.41, 'DISGUST': 0.47, 'FEAR': 6.78, 'HAPPY': 51.59, 'NEUTRAL': 10.39, 'SAD': 20.22, 'SURPRISE': 2.14}
2026-05-26 02:06:00,331 | INFO     | [960262] 🎯 KẾT QUẢ CHỐT: HAPPY (51.59%)
2026-05-26 02:06:00,331 | INFO     | [960262] ⏱️ Thời gian phản hồi: 68.85 ms
2026-05-26 02:06:01,173 | INFO     | [961173] ------------------------------------------
2026-05-26 02:06:01,173 | INFO     | [961173] 📥 NHẬN YÊU CẦU QUÉT KHUÔN MẶT MỚI
2026-05-26 02:06:01,173 | INFO     | [961173] ------------------------------------------
2026-05-26 02:06:01,173 | INFO     | [961173] 📥 NHẬN YÊU CẦU QUÉT KHUÔN MẶT MỚI
2026-05-26 02:06:01,175 | INFO     | [961175] ------------------------------------------
2026-05-26 02:06:01,175 | INFO     | [961175] 📥 NHẬN YÊU CẦU QUÉT KHUÔN MẶT MỚI
2026-05-26 02:06:01,175 | INFO     | [961173] Đã xử lý ảnh thành công. Kích thước tensor: (1, 48, 48, 1)
2026-05-26 02:06:01,177 | INFO     | [961173] Đã xử lý ảnh thành công. Kích thước tensor: (1, 48, 48, 1)
2026-05-26 02:06:01,183 | INFO     | [961175] Đã xử lý ảnh thành công. Kích thước tensor: (1, 48, 48, 1)
2026-05-26 02:06:01,298 | INFO     | [961173] ⏱️ Model inference: 119.38 ms
2026-05-26 02:06:01,299 | INFO     | [961173] 📊 Chi tiết dự đoán: {'ANGRY': 7.99, 'DISGUST': 0.4, 'FEAR': 6.46, 'HAPPY': 47.65, 'NEUTRAL': 12.53, 'SAD': 23.11, 'SURPRISE': 1.85}
2026-05-26 02:06:01,299 | INFO     | [961173] 🎯 KẾT QUẢ CHỐT: HAPPY (47.65%)
2026-05-26 02:06:01,299 | INFO     | [961173] ⏱️ Thời gian phản hồi: 125.37 ms
2026-05-26 02:06:01,309 | INFO     | [961175] ⏱️ Model inference: 124.57 ms
2026-05-26 02:06:01,309 | INFO     | [961175] 📊 Chi tiết dự đoán: {'ANGRY': 8.11, 'DISGUST': 0.5, 'FEAR': 5.63, 'HAPPY': 56.19, 'NEUTRAL': 11.0, 'SAD': 16.67, 'SURPRISE': 1.91}
2026-05-26 02:06:01,309 | INFO     | [961175] 🎯 KẾT QUẢ CHỐT: HAPPY (56.19%)
2026-05-26 02:06:01,309 | INFO     | [961175] ⏱️ Thời gian phản hồi: 134.31 ms
2026-05-26 02:06:01,311 | INFO     | [961173] ⏱️ Model inference: 135.92 ms
2026-05-26 02:06:01,311 | INFO     | [961173] 📊 Chi tiết dự đoán: {'ANGRY': 7.24, 'DISGUST': 0.13, 'FEAR': 8.51, 'HAPPY': 16.59, 'NEUTRAL': 15.43, 'SAD': 45.69, 'SURPRISE': 6.41}
2026-05-26 02:06:01,311 | INFO     | [961173] 🎯 KẾT QUẢ CHỐT: SAD (45.69%)
2026-05-26 02:06:01,313 | INFO     | [961173] ⏱️ Thời gian phản hồi: 138.85 ms
2026-05-26 02:06:01,314 | INFO     | [961314] ------------------------------------------
2026-05-26 02:06:01,314 | INFO     | [961314] 📥 NHẬN YÊU CẦU QUÉT KHUÔN MẶT MỚI
2026-05-26 02:06:01,315 | INFO     | [961314] Đã xử lý ảnh thành công. Kích thước tensor: (1, 48, 48, 1)
2026-05-26 02:06:01,396 | INFO     | [961314] ⏱️ Model inference: 80.95 ms
2026-05-26 02:06:01,396 | INFO     | [961314] 📊 Chi tiết dự đoán: {'ANGRY': 5.89, 'DISGUST': 0.12, 'FEAR': 6.26, 'HAPPY': 13.45, 'NEUTRAL': 20.78, 'SAD': 49.21, 'SURPRISE': 4.3}
2026-05-26 02:06:01,396 | INFO     | [961314] 🎯 KẾT QUẢ CHỐT: SAD (49.21%)
2026-05-26 02:06:01,396 | INFO     | [961314] ⏱️ Thời gian phản hồi: 82.45 ms
2026-05-26 02:06:01,665 | INFO     | [961665] ------------------------------------------
2026-05-26 02:06:01,665 | INFO     | [961665] 📥 NHẬN YÊU CẦU QUÉT KHUÔN MẶT MỚI
2026-05-26 02:06:01,667 | INFO     | [961665] Đã xử lý ảnh thành công. Kích thước tensor: (1, 48, 48, 1)
2026-05-26 02:06:01,699 | INFO     | [961699] ------------------------------------------
2026-05-26 02:06:01,700 | INFO     | [961699] 📥 NHẬN YÊU CẦU QUÉT KHUÔN MẶT MỚI
2026-05-26 02:06:01,703 | INFO     | [961699] Đã xử lý ảnh thành công. Kích thước tensor: (1, 48, 48, 1)
2026-05-26 02:06:01,773 | INFO     | [961665] ⏱️ Model inference: 106.21 ms
2026-05-26 02:06:01,774 | INFO     | [961665] 📊 Chi tiết dự đoán: {'ANGRY': 6.09, 'DISGUST': 0.13, 'FEAR': 5.99, 'HAPPY': 13.69, 'NEUTRAL': 19.2, 'SAD': 51.15, 'SURPRISE': 3.75}
2026-05-26 02:06:01,774 | INFO     | [961665] 🎯 KẾT QUẢ CHỐT: SAD (51.15%)
2026-05-26 02:06:01,774 | INFO     | [961665] ⏱️ Thời gian phản hồi: 108.72 ms
2026-05-26 02:06:01,813 | INFO     | [961699] ⏱️ Model inference: 108.67 ms
2026-05-26 02:06:01,813 | INFO     | [961699] 📊 Chi tiết dự đoán: {'ANGRY': 8.65, 'DISGUST': 0.61, 'FEAR': 5.29, 'HAPPY': 54.03, 'NEUTRAL': 9.16, 'SAD': 20.91, 'SURPRISE': 1.35}
2026-05-26 02:06:01,813 | INFO     | [961699] 🎯 KẾT QUẢ CHỐT: HAPPY (54.03%)
2026-05-26 02:06:01,813 | INFO     | [961699] ⏱️ Thời gian phản hồi: 113.71 ms
2026-05-26 02:06:01,960 | INFO     | [961960] ------------------------------------------
2026-05-26 02:06:01,960 | INFO     | [961960] 📥 NHẬN YÊU CẦU QUÉT KHUÔN MẶT MỚI
2026-05-26 02:06:01,960 | INFO     | [961960] Đã xử lý ảnh thành công. Kích thước tensor: (1, 48, 48, 1)
2026-05-26 02:06:02,034 | INFO     | [961960] ⏱️ Model inference: 73.48 ms
2026-05-26 02:06:02,035 | INFO     | [961960] 📊 Chi tiết dự đoán: {'ANGRY': 9.45, 'DISGUST': 0.54, 'FEAR': 3.81, 'HAPPY': 56.75, 'NEUTRAL': 8.76, 'SAD': 19.54, 'SURPRISE': 1.15}
2026-05-26 02:06:02,035 | INFO     | [961960] 🎯 KẾT QUẢ CHỐT: HAPPY (56.75%)
2026-05-26 02:06:02,035 | INFO     | [961960] ⏱️ Thời gian phản hồi: 74.02 ms
2026-05-26 02:06:02,194 | INFO     | [962194] ------------------------------------------
2026-05-26 02:06:02,194 | INFO     | [962194] 📥 NHẬN YÊU CẦU QUÉT KHUÔN MẶT MỚI
2026-05-26 02:06:02,195 | INFO     | [962194] Đã xử lý ảnh thành công. Kích thước tensor: (1, 48, 48, 1)
2026-05-26 02:06:02,280 | INFO     | [962194] ⏱️ Model inference: 85.45 ms
2026-05-26 02:06:02,281 | INFO     | [962194] 📊 Chi tiết dự đoán: {'ANGRY': 7.65, 'DISGUST': 0.51, 'FEAR': 4.71, 'HAPPY': 56.15, 'NEUTRAL': 10.61, 'SAD': 19.28, 'SURPRISE': 1.09}
2026-05-26 02:06:02,281 | INFO     | [962194] 🎯 KẾT QUẢ CHỐT: HAPPY (56.15%)
2026-05-26 02:06:02,282 | INFO     | [962194] ⏱️ Thời gian phản hồi: 87.57 ms
2026-05-26 02:06:02,442 | INFO     | [962442] ------------------------------------------
2026-05-26 02:06:02,444 | INFO     | [962442] 📥 NHẬN YÊU CẦU QUÉT KHUÔN MẶT MỚI
2026-05-26 02:06:02,444 | INFO     | [962442] Đã xử lý ảnh thành công. Kích thước tensor: (1, 48, 48, 1)
2026-05-26 02:06:02,521 | INFO     | [962442] ⏱️ Model inference: 75.73 ms
2026-05-26 02:06:02,521 | INFO     | [962442] 📊 Chi tiết dự đoán: {'ANGRY': 7.66, 'DISGUST': 0.4, 'FEAR': 3.75, 'HAPPY': 63.77, 'NEUTRAL': 8.55, 'SAD': 14.91, 'SURPRISE': 0.95}
2026-05-26 02:06:02,522 | INFO     | [962442] 🎯 KẾT QUẢ CHỐT: HAPPY (63.77%)
2026-05-26 02:06:02,522 | INFO     | [962442] ⏱️ Thời gian phản hồi: 78.78 ms
2026-05-26 02:06:02,708 | INFO     | [962708] ------------------------------------------
2026-05-26 02:06:02,709 | INFO     | [962708] 📥 NHẬN YÊU CẦU QUÉT KHUÔN MẶT MỚI
2026-05-26 02:06:02,709 | INFO     | [962708] Đã xử lý ảnh thành công. Kích thước tensor: (1, 48, 48, 1)
2026-05-26 02:06:02,794 | INFO     | [962708] ⏱️ Model inference: 83.66 ms
2026-05-26 02:06:02,794 | INFO     | [962708] 📊 Chi tiết dự đoán: {'ANGRY': 8.01, 'DISGUST': 0.41, 'FEAR': 5.29, 'HAPPY': 52.54, 'NEUTRAL': 12.09, 'SAD': 20.1, 'SURPRISE': 1.55}
2026-05-26 02:06:02,794 | INFO     | [962708] 🎯 KẾT QUẢ CHỐT: HAPPY (52.54%)
2026-05-26 02:06:02,794 | INFO     | [962708] ⏱️ Thời gian phản hồi: 85.18 ms
2026-05-26 02:06:03,175 | INFO     | [963175] ------------------------------------------
2026-05-26 02:06:03,175 | INFO     | [963175] 📥 NHẬN YÊU CẦU QUÉT KHUÔN MẶT MỚI
2026-05-26 02:06:03,176 | INFO     | [963175] Đã xử lý ảnh thành công. Kích thước tensor: (1, 48, 48, 1)
2026-05-26 02:06:03,194 | INFO     | [963194] ------------------------------------------
2026-05-26 02:06:03,195 | INFO     | [963194] 📥 NHẬN YÊU CẦU QUÉT KHUÔN MẶT MỚI
2026-05-26 02:06:03,196 | INFO     | [963194] Đã xử lý ảnh thành công. Kích thước tensor: (1, 48, 48, 1)
2026-05-26 02:06:03,286 | INFO     | [963175] ⏱️ Model inference: 110.4 ms
2026-05-26 02:06:03,286 | INFO     | [963175] 📊 Chi tiết dự đoán: {'ANGRY': 8.12, 'DISGUST': 0.43, 'FEAR': 5.51, 'HAPPY': 45.06, 'NEUTRAL': 15.89, 'SAD': 23.63, 'SURPRISE': 1.36}
2026-05-26 02:06:03,286 | INFO     | [963175] 🎯 KẾT QUẢ CHỐT: HAPPY (45.06%)
2026-05-26 02:06:03,287 | INFO     | [963175] ⏱️ Thời gian phản hồi: 111.39 ms
2026-05-26 02:06:03,306 | INFO     | [963194] ⏱️ Model inference: 107.07 ms
2026-05-26 02:06:03,307 | INFO     | [963194] 📊 Chi tiết dự đoán: {'ANGRY': 8.92, 'DISGUST': 0.51, 'FEAR': 5.84, 'HAPPY': 46.23, 'NEUTRAL': 14.5, 'SAD': 22.59, 'SURPRISE': 1.41}
2026-05-26 02:06:03,307 | INFO     | [963194] 🎯 KẾT QUẢ CHỐT: HAPPY (46.23%)
2026-05-26 02:06:03,307 | INFO     | [963194] ⏱️ Thời gian phản hồi: 112.36 ms
2026-05-26 02:06:04,093 | INFO     | [964093] ------------------------------------------
2026-05-26 02:06:04,093 | INFO     | [964093] 📥 NHẬN YÊU CẦU QUÉT KHUÔN MẶT MỚI
2026-05-26 02:06:04,095 | INFO     | [964095] ------------------------------------------
2026-05-26 02:06:04,095 | INFO     | [964095] 📥 NHẬN YÊU CẦU QUÉT KHUÔN MẶT MỚI
2026-05-26 02:06:04,096 | INFO     | [964096] ------------------------------------------
2026-05-26 02:06:04,096 | INFO     | [964096] 📥 NHẬN YÊU CẦU QUÉT KHUÔN MẶT MỚI
2026-05-26 02:06:04,096 | INFO     | [964093] Đã xử lý ảnh thành công. Kích thước tensor: (1, 48, 48, 1)
2026-05-26 02:06:04,098 | INFO     | [964095] Đã xử lý ảnh thành công. Kích thước tensor: (1, 48, 48, 1)
2026-05-26 02:06:04,102 | INFO     | [964096] Đã xử lý ảnh thành công. Kích thước tensor: (1, 48, 48, 1)
2026-05-26 02:06:04,990 | INFO     | [964095] ⏱️ Model inference: 890.45 ms
2026-05-26 02:06:04,990 | INFO     | [964095] 📊 Chi tiết dự đoán: {'ANGRY': 7.17, 'DISGUST': 0.39, 'FEAR': 4.77, 'HAPPY': 53.63, 'NEUTRAL': 13.96, 'SAD': 18.98, 'SURPRISE': 1.11}
2026-05-26 02:06:04,990 | INFO     | [964095] 🎯 KẾT QUẢ CHỐT: HAPPY (53.63%)
2026-05-26 02:06:04,991 | INFO     | [964095] ⏱️ Thời gian phản hồi: 895.45 ms
2026-05-26 02:06:04,994 | INFO     | [964096] ⏱️ Model inference: 890.0 ms
2026-05-26 02:06:04,995 | INFO     | [964096] 📊 Chi tiết dự đoán: {'ANGRY': 8.93, 'DISGUST': 0.5, 'FEAR': 5.2, 'HAPPY': 49.41, 'NEUTRAL': 12.89, 'SAD': 21.79, 'SURPRISE': 1.28}
2026-05-26 02:06:04,995 | INFO     | [964096] 🎯 KẾT QUẢ CHỐT: HAPPY (49.41%)
2026-05-26 02:06:04,995 | INFO     | [964096] ⏱️ Thời gian phản hồi: 899.49 ms
2026-05-26 02:06:05,013 | INFO     | [965013] ------------------------------------------
2026-05-26 02:06:05,013 | INFO     | [965013] 📥 NHẬN YÊU CẦU QUÉT KHUÔN MẶT MỚI
2026-05-26 02:06:05,015 | INFO     | [965015] ------------------------------------------
2026-05-26 02:06:05,015 | INFO     | [965015] 📥 NHẬN YÊU CẦU QUÉT KHUÔN MẶT MỚI
2026-05-26 02:06:05,016 | INFO     | [965013] Đã xử lý ảnh thành công. Kích thước tensor: (1, 48, 48, 1)
2026-05-26 02:06:05,021 | INFO     | [965015] Đã xử lý ảnh thành công. Kích thước tensor: (1, 48, 48, 1)
2026-05-26 02:06:05,153 | INFO     | [965015] ⏱️ Model inference: 130.35 ms
2026-05-26 02:06:05,153 | INFO     | [965015] 📊 Chi tiết dự đoán: {'ANGRY': 9.1, 'DISGUST': 0.49, 'FEAR': 4.96, 'HAPPY': 50.97, 'NEUTRAL': 12.99, 'SAD': 20.19, 'SURPRISE': 1.3}
2026-05-26 02:06:05,154 | INFO     | [965015] 🎯 KẾT QUẢ CHỐT: HAPPY (50.97%)
2026-05-26 02:06:05,154 | INFO     | [965015] ⏱️ Thời gian phản hồi: 137.93 ms
2026-05-26 02:06:05,158 | INFO     | [965013] ⏱️ Model inference: 142.19 ms
2026-05-26 02:06:05,159 | INFO     | [965013] 📊 Chi tiết dự đoán: {'ANGRY': 8.27, 'DISGUST': 0.5, 'FEAR': 4.92, 'HAPPY': 50.33, 'NEUTRAL': 14.53, 'SAD': 20.13, 'SURPRISE': 1.31}
2026-05-26 02:06:05,159 | INFO     | [965013] 🎯 KẾT QUẢ CHỐT: HAPPY (50.33%)
2026-05-26 02:06:05,159 | INFO     | [965013] ⏱️ Thời gian phản hồi: 145.98 ms
2026-05-26 02:06:05,170 | INFO     | [965170] ------------------------------------------
2026-05-26 02:06:05,171 | INFO     | [965170] 📥 NHẬN YÊU CẦU QUÉT KHUÔN MẶT MỚI
2026-05-26 02:06:05,171 | INFO     | [965171] ------------------------------------------
2026-05-26 02:06:05,171 | INFO     | [965171] 📥 NHẬN YÊU CẦU QUÉT KHUÔN MẶT MỚI
2026-05-26 02:06:05,172 | INFO     | [965170] Đã xử lý ảnh thành công. Kích thước tensor: (1, 48, 48, 1)
2026-05-26 02:06:05,177 | INFO     | [965171] Đã xử lý ảnh thành công. Kích thước tensor: (1, 48, 48, 1)
2026-05-26 02:06:05,308 | INFO     | [965171] ⏱️ Model inference: 130.13 ms
2026-05-26 02:06:05,310 | INFO     | [965171] 📊 Chi tiết dự đoán: {'ANGRY': 8.61, 'DISGUST': 0.45, 'FEAR': 5.1, 'HAPPY': 51.71, 'NEUTRAL': 12.75, 'SAD': 20.0, 'SURPRISE': 1.38}
2026-05-26 02:06:05,310 | INFO     | [965171] 🎯 KẾT QUẢ CHỐT: HAPPY (51.71%)
2026-05-26 02:06:05,310 | INFO     | [965171] ⏱️ Thời gian phản hồi: 139.08 ms
2026-05-26 02:06:05,315 | INFO     | [965170] ⏱️ Model inference: 142.19 ms
2026-05-26 02:06:05,315 | INFO     | [965170] 📊 Chi tiết dự đoán: {'ANGRY': 6.4, 'DISGUST': 0.16, 'FEAR': 6.5, 'HAPPY': 17.27, 'NEUTRAL': 20.15, 'SAD': 44.4, 'SURPRISE': 5.12}
2026-05-26 02:06:05,316 | INFO     | [965170] 🎯 KẾT QUẢ CHỐT: SAD (44.40%)
2026-05-26 02:06:05,316 | INFO     | [965170] ⏱️ Thời gian phản hồi: 145.59 ms
2026-05-26 02:06:05,327 | INFO     | [965327] ------------------------------------------
2026-05-26 02:06:05,327 | INFO     | [965327] 📥 NHẬN YÊU CẦU QUÉT KHUÔN MẶT MỚI
2026-05-26 02:06:05,328 | INFO     | [965327] Đã xử lý ảnh thành công. Kích thước tensor: (1, 48, 48, 1)
2026-05-26 02:06:05,428 | INFO     | [965327] ⏱️ Model inference: 99.62 ms
2026-05-26 02:06:05,430 | INFO     | [965327] 📊 Chi tiết dự đoán: {'ANGRY': 8.34, 'DISGUST': 0.14, 'FEAR': 7.23, 'HAPPY': 14.3, 'NEUTRAL': 15.58, 'SAD': 48.61, 'SURPRISE': 5.8}
2026-05-26 02:06:05,431 | INFO     | [965327] 🎯 KẾT QUẢ CHỐT: SAD (48.61%)
2026-05-26 02:06:05,432 | INFO     | [965327] ⏱️ Thời gian phản hồi: 103.73 ms
2026-05-26 02:06:05,474 | INFO     | [964093] ⏱️ Model inference: 1377.95 ms
2026-05-26 02:06:05,474 | INFO     | [964093] 📊 Chi tiết dự đoán: {'ANGRY': 8.51, 'DISGUST': 0.42, 'FEAR': 5.81, 'HAPPY': 43.24, 'NEUTRAL': 16.45, 'SAD': 23.96, 'SURPRISE': 1.61}
2026-05-26 02:06:05,474 | INFO     | [964093] 🎯 KẾT QUẢ CHỐT: HAPPY (43.24%)
2026-05-26 02:06:05,475 | INFO     | [964093] ⏱️ Thời gian phản hồi: 1380.47 ms
2026-05-26 02:06:05,494 | INFO     | [965494] ------------------------------------------
2026-05-26 02:06:05,495 | INFO     | [965494] 📥 NHẬN YÊU CẦU QUÉT KHUÔN MẶT MỚI
2026-05-26 02:06:05,495 | INFO     | [965494] Đã xử lý ảnh thành công. Kích thước tensor: (1, 48, 48, 1)
2026-05-26 02:06:05,582 | INFO     | [965494] ⏱️ Model inference: 86.69 ms
2026-05-26 02:06:05,583 | INFO     | [965494] 📊 Chi tiết dự đoán: {'ANGRY': 8.72, 'DISGUST': 0.11, 'FEAR': 10.37, 'HAPPY': 15.22, 'NEUTRAL': 13.31, 'SAD': 43.77, 'SURPRISE': 8.49}
2026-05-26 02:06:05,583 | INFO     | [965494] 🎯 KẾT QUẢ CHỐT: SAD (43.77%)
2026-05-26 02:06:05,583 | INFO     | [965494] ⏱️ Thời gian phản hồi: 89.25 ms
2026-05-26 02:06:05,699 | INFO     | [965699] ------------------------------------------
2026-05-26 02:06:05,700 | INFO     | [965699] 📥 NHẬN YÊU CẦU QUÉT KHUÔN MẶT MỚI
2026-05-26 02:06:05,700 | INFO     | [965699] Đã xử lý ảnh thành công. Kích thước tensor: (1, 48, 48, 1)
2026-05-26 02:06:05,786 | INFO     | [965699] ⏱️ Model inference: 83.9 ms
2026-05-26 02:06:05,786 | INFO     | [965699] 📊 Chi tiết dự đoán: {'ANGRY': 8.69, 'DISGUST': 0.46, 'FEAR': 5.49, 'HAPPY': 49.83, 'NEUTRAL': 11.84, 'SAD': 22.5, 'SURPRISE': 1.18}
2026-05-26 02:06:05,786 | INFO     | [965699] 🎯 KẾT QUẢ CHỐT: HAPPY (49.83%)
2026-05-26 02:06:05,786 | INFO     | [965699] ⏱️ Thời gian phản hồi: 86.8 ms
2026-05-26 02:06:06,091 | INFO     | [966091] ------------------------------------------
2026-05-26 02:06:06,091 | INFO     | [966091] 📥 NHẬN YÊU CẦU QUÉT KHUÔN MẶT MỚI
2026-05-26 02:06:06,092 | INFO     | [966091] Đã xử lý ảnh thành công. Kích thước tensor: (1, 48, 48, 1)
2026-05-26 02:06:06,152 | INFO     | [966091] ⏱️ Model inference: 60.44 ms
2026-05-26 02:06:06,152 | INFO     | [966091] 📊 Chi tiết dự đoán: {'ANGRY': 9.6, 'DISGUST': 0.46, 'FEAR': 5.14, 'HAPPY': 52.4, 'NEUTRAL': 11.14, 'SAD': 19.83, 'SURPRISE': 1.43}
2026-05-26 02:06:06,152 | INFO     | [966091] 🎯 KẾT QUẢ CHỐT: HAPPY (52.40%)
2026-05-26 02:06:06,152 | INFO     | [966091] ⏱️ Thời gian phản hồi: 61.45 ms
2026-05-26 02:06:06,201 | INFO     | [966201] ------------------------------------------
2026-05-26 02:06:06,201 | INFO     | [966201] 📥 NHẬN YÊU CẦU QUÉT KHUÔN MẶT MỚI
2026-05-26 02:06:06,202 | INFO     | [966201] Đã xử lý ảnh thành công. Kích thước tensor: (1, 48, 48, 1)
2026-05-26 02:06:06,284 | INFO     | [966201] ⏱️ Model inference: 81.32 ms
2026-05-26 02:06:06,284 | INFO     | [966201] 📊 Chi tiết dự đoán: {'ANGRY': 8.83, 'DISGUST': 0.48, 'FEAR': 5.2, 'HAPPY': 52.44, 'NEUTRAL': 10.85, 'SAD': 21.05, 'SURPRISE': 1.16}
2026-05-26 02:06:06,285 | INFO     | [966201] 🎯 KẾT QUẢ CHỐT: HAPPY (52.44%)
2026-05-26 02:06:06,285 | INFO     | [966201] ⏱️ Thời gian phản hồi: 82.77 ms
2026-05-26 02:06:07,057 | INFO     | [967057] ------------------------------------------
2026-05-26 02:06:07,057 | INFO     | [967057] 📥 NHẬN YÊU CẦU QUÉT KHUÔN MẶT MỚI
2026-05-26 02:06:07,058 | INFO     | [967058] ------------------------------------------
2026-05-26 02:06:07,058 | INFO     | [967058] 📥 NHẬN YÊU CẦU QUÉT KHUÔN MẶT MỚI
2026-05-26 02:06:07,058 | INFO     | [967058] ------------------------------------------
2026-05-26 02:06:07,058 | INFO     | [967058] 📥 NHẬN YÊU CẦU QUÉT KHUÔN MẶT MỚI
2026-05-26 02:06:07,059 | INFO     | [967057] Đã xử lý ảnh thành công. Kích thước tensor: (1, 48, 48, 1)
2026-05-26 02:06:07,063 | INFO     | [967058] Đã xử lý ảnh thành công. Kích thước tensor: (1, 48, 48, 1)
2026-05-26 02:06:07,072 | INFO     | [967058] Đã xử lý ảnh thành công. Kích thước tensor: (1, 48, 48, 1)
2026-05-26 02:06:07,222 | INFO     | [967057] ⏱️ Model inference: 162.85 ms
2026-05-26 02:06:07,223 | INFO     | [967057] 📊 Chi tiết dự đoán: {'ANGRY': 8.49, 'DISGUST': 0.44, 'FEAR': 3.96, 'HAPPY': 60.51, 'NEUTRAL': 8.59, 'SAD': 16.93, 'SURPRISE': 1.09}
2026-05-26 02:06:07,223 | INFO     | [967057] 🎯 KẾT QUẢ CHỐT: HAPPY (60.51%)
2026-05-26 02:06:07,223 | INFO     | [967057] ⏱️ Thời gian phản hồi: 165.87 ms
2026-05-26 02:06:07,224 | INFO     | [967058] ⏱️ Model inference: 159.77 ms
2026-05-26 02:06:07,224 | INFO     | [967058] 📊 Chi tiết dự đoán: {'ANGRY': 8.52, 'DISGUST': 0.46, 'FEAR': 4.35, 'HAPPY': 58.38, 'NEUTRAL': 9.4, 'SAD': 17.74, 'SURPRISE': 1.16}
2026-05-26 02:06:07,224 | INFO     | [967058] 🎯 KẾT QUẢ CHỐT: HAPPY (58.38%)
2026-05-26 02:06:07,224 | INFO     | [967058] ⏱️ Thời gian phản hồi: 166.27 ms
2026-05-26 02:06:07,226 | INFO     | [967058] ⏱️ Model inference: 152.64 ms
2026-05-26 02:06:07,226 | INFO     | [967058] 📊 Chi tiết dự đoán: {'ANGRY': 7.97, 'DISGUST': 0.45, 'FEAR': 4.06, 'HAPPY': 60.33, 'NEUTRAL': 9.79, 'SAD': 16.22, 'SURPRISE': 1.18}
2026-05-26 02:06:07,227 | INFO     | [967058] 🎯 KẾT QUẢ CHỐT: HAPPY (60.33%)
2026-05-26 02:06:07,227 | INFO     | [967058] ⏱️ Thời gian phản hồi: 167.56 ms
2026-05-26 02:06:07,244 | INFO     | [967244] ------------------------------------------
2026-05-26 02:06:07,244 | INFO     | [967244] 📥 NHẬN YÊU CẦU QUÉT KHUÔN MẶT MỚI
2026-05-26 02:06:07,245 | INFO     | [967244] Đã xử lý ảnh thành công. Kích thước tensor: (1, 48, 48, 1)
2026-05-26 02:06:07,311 | INFO     | [967244] ⏱️ Model inference: 66.31 ms
2026-05-26 02:06:07,311 | INFO     | [967244] 📊 Chi tiết dự đoán: {'ANGRY': 9.65, 'DISGUST': 0.42, 'FEAR': 5.49, 'HAPPY': 48.51, 'NEUTRAL': 13.83, 'SAD': 20.71, 'SURPRISE': 1.4}
2026-05-26 02:06:07,311 | INFO     | [967244] 🎯 KẾT QUẢ CHỐT: HAPPY (48.51%)
2026-05-26 02:06:07,311 | INFO     | [967244] ⏱️ Thời gian phản hồi: 67.31 ms
2026-05-26 02:06:07,418 | INFO     | [BATCH-967418] ==========================================
2026-05-26 02:06:07,418 | INFO     | [BATCH-967418] 🎞️ NHẬN CHUỖI 5 KHUNG HÌNH (BATCH)
2026-05-26 02:06:07,887 | INFO     | [BATCH-967418] ⏱️ Batch inference elapsed: 467.6 ms (5 frames)
2026-05-26 02:06:07,888 | INFO     | [BATCH-967418] ↳ Frame 1/5: HAPPY (52.4%)
2026-05-26 02:06:07,888 | INFO     | [BATCH-967418] ↳ Frame 2/5: HAPPY (58.4%)
2026-05-26 02:06:07,888 | INFO     | [BATCH-967418] ↳ Frame 3/5: HAPPY (60.5%)
2026-05-26 02:06:07,888 | INFO     | [BATCH-967418] ↳ Frame 4/5: HAPPY (60.3%)
2026-05-26 02:06:07,889 | INFO     | [BATCH-967418] ↳ Frame 5/5: HAPPY (48.5%)
2026-05-26 02:06:07,889 | INFO     | [BATCH-967418] 🎯 KẾT QUẢ CHUỖI: HAPPY (Tần suất: {'HAPPY': 5})
2026-05-26 02:06:07,889 | INFO     | [BATCH-967418] ⏱️ Tổng thời gian xử lý: 470.99 ms
2026-05-26 02:10:04,888 | INFO     | [204887] ------------------------------------------
2026-05-26 02:10:04,891 | INFO     | [204887] 📥 NHẬN YÊU CẦU QUÉT KHUÔN MẶT MỚI
2026-05-26 02:10:04,897 | INFO     | [204897] ------------------------------------------
2026-05-26 02:10:04,897 | INFO     | [204897] 📥 NHẬN YÊU CẦU QUÉT KHUÔN MẶT MỚI
2026-05-26 02:10:04,901 | INFO     | [204901] ------------------------------------------
2026-05-26 02:10:04,901 | INFO     | [204901] 📥 NHẬN YÊU CẦU QUÉT KHUÔN MẶT MỚI
2026-05-26 02:10:04,947 | INFO     | [204887] Đã xử lý ảnh thành công. Kích thước tensor: (1, 48, 48, 1)
2026-05-26 02:10:05,064 | INFO     | [204897] Đã xử lý ảnh thành công. Kích thước tensor: (1, 48, 48, 1)
2026-05-26 02:10:05,075 | INFO     | [204901] Đã xử lý ảnh thành công. Kích thước tensor: (1, 48, 48, 1)
2026-05-26 02:10:05,687 | INFO     | [204887] ⏱️ Model inference: 740.46 ms
2026-05-26 02:10:05,689 | INFO     | [204887] 📊 Chi tiết dự đoán: {'ANGRY': 7.5, 'DISGUST': 0.36, 'FEAR': 3.93, 'HAPPY': 63.22, 'NEUTRAL': 9.09, 'SAD': 14.89, 'SURPRISE': 1.0}
2026-05-26 02:10:05,689 | INFO     | [204887] 🎯 KẾT QUẢ CHỐT: HAPPY (63.22%)
2026-05-26 02:10:05,689 | INFO     | [204887] ⏱️ Thời gian phản hồi: 802.57 ms
2026-05-26 02:10:05,694 | INFO     | [204901] ⏱️ Model inference: 618.29 ms
2026-05-26 02:10:05,694 | INFO     | [204901] 📊 Chi tiết dự đoán: {'ANGRY': 10.3, 'DISGUST': 0.52, 'FEAR': 4.44, 'HAPPY': 47.93, 'NEUTRAL': 11.71, 'SAD': 23.93, 'SURPRISE': 1.18}
2026-05-26 02:10:05,695 | INFO     | [204901] 🎯 KẾT QUẢ CHỐT: HAPPY (47.93%)
2026-05-26 02:10:05,695 | INFO     | [204901] ⏱️ Thời gian phản hồi: 792.82 ms
2026-05-26 02:10:05,696 | INFO     | [204897] ⏱️ Model inference: 624.43 ms
2026-05-26 02:10:05,696 | INFO     | [204897] 📊 Chi tiết dự đoán: {'ANGRY': 6.97, 'DISGUST': 0.34, 'FEAR': 4.47, 'HAPPY': 53.89, 'NEUTRAL': 12.15, 'SAD': 20.97, 'SURPRISE': 1.21}
2026-05-26 02:10:05,696 | INFO     | [204897] 🎯 KẾT QUẢ CHỐT: HAPPY (53.89%)
2026-05-26 02:10:05,697 | INFO     | [204897] ⏱️ Thời gian phản hồi: 798.81 ms
2026-05-26 02:10:05,717 | INFO     | [205717] ------------------------------------------
2026-05-26 02:10:05,717 | INFO     | [205717] 📥 NHẬN YÊU CẦU QUÉT KHUÔN MẶT MỚI
2026-05-26 02:10:05,718 | INFO     | [205718] ------------------------------------------
2026-05-26 02:10:05,718 | INFO     | [205718] 📥 NHẬN YÊU CẦU QUÉT KHUÔN MẶT MỚI
2026-05-26 02:10:05,719 | INFO     | [205719] ------------------------------------------
2026-05-26 02:10:05,720 | INFO     | [205719] 📥 NHẬN YÊU CẦU QUÉT KHUÔN MẶT MỚI
2026-05-26 02:10:05,720 | INFO     | [205717] Đã xử lý ảnh thành công. Kích thước tensor: (1, 48, 48, 1)
2026-05-26 02:10:05,724 | INFO     | [205718] Đã xử lý ảnh thành công. Kích thước tensor: (1, 48, 48, 1)
2026-05-26 02:10:05,727 | INFO     | [205719] Đã xử lý ảnh thành công. Kích thước tensor: (1, 48, 48, 1)
2026-05-26 02:10:05,863 | INFO     | [205717] ⏱️ Model inference: 141.63 ms
2026-05-26 02:10:05,863 | INFO     | [205717] 📊 Chi tiết dự đoán: {'ANGRY': 9.5, 'DISGUST': 0.74, 'FEAR': 3.15, 'HAPPY': 55.07, 'NEUTRAL': 10.41, 'SAD': 19.83, 'SURPRISE': 1.31}
2026-05-26 02:10:05,863 | INFO     | [205717] 🎯 KẾT QUẢ CHỐT: HAPPY (55.07%)
2026-05-26 02:10:05,863 | INFO     | [205717] ⏱️ Thời gian phản hồi: 146.21 ms
2026-05-26 02:10:05,870 | INFO     | [205719] ⏱️ Model inference: 139.7 ms
2026-05-26 02:10:05,870 | INFO     | [205719] 📊 Chi tiết dự đoán: {'ANGRY': 6.81, 'DISGUST': 0.6, 'FEAR': 3.37, 'HAPPY': 62.59, 'NEUTRAL': 8.68, 'SAD': 16.83, 'SURPRISE': 1.12}
2026-05-26 02:10:05,871 | INFO     | [205719] 🎯 KẾT QUẢ CHỐT: HAPPY (62.59%)
2026-05-26 02:10:05,871 | INFO     | [205719] ⏱️ Thời gian phản hồi: 150.94 ms
2026-05-26 02:10:05,883 | INFO     | [205883] ------------------------------------------
2026-05-26 02:10:05,883 | INFO     | [205883] 📥 NHẬN YÊU CẦU QUÉT KHUÔN MẶT MỚI
2026-05-26 02:10:05,884 | INFO     | [205884] ------------------------------------------
2026-05-26 02:10:05,884 | INFO     | [205884] 📥 NHẬN YÊU CẦU QUÉT KHUÔN MẶT MỚI
2026-05-26 02:10:05,885 | INFO     | [205883] Đã xử lý ảnh thành công. Kích thước tensor: (1, 48, 48, 1)
2026-05-26 02:10:05,888 | INFO     | [205884] Đã xử lý ảnh thành công. Kích thước tensor: (1, 48, 48, 1)
2026-05-26 02:10:05,904 | INFO     | [205718] ⏱️ Model inference: 178.32 ms
2026-05-26 02:10:05,907 | INFO     | [205718] 📊 Chi tiết dự đoán: {'ANGRY': 8.08, 'DISGUST': 0.52, 'FEAR': 2.52, 'HAPPY': 62.02, 'NEUTRAL': 9.02, 'SAD': 17.04, 'SURPRISE': 0.81}
2026-05-26 02:10:05,908 | INFO     | [205718] 🎯 KẾT QUẢ CHỐT: HAPPY (62.02%)
2026-05-26 02:10:05,909 | INFO     | [205718] ⏱️ Thời gian phản hồi: 188.93 ms
2026-05-26 02:10:06,004 | INFO     | [205884] ⏱️ Model inference: 114.08 ms
2026-05-26 02:10:06,004 | INFO     | [205884] 📊 Chi tiết dự đoán: {'ANGRY': 7.81, 'DISGUST': 0.42, 'FEAR': 5.54, 'HAPPY': 46.5, 'NEUTRAL': 12.54, 'SAD': 26.06, 'SURPRISE': 1.13}
2026-05-26 02:10:06,004 | INFO     | [205884] 🎯 KẾT QUẢ CHỐT: HAPPY (46.50%)
2026-05-26 02:10:06,004 | INFO     | [205884] ⏱️ Thời gian phản hồi: 119.66 ms
2026-05-26 02:10:06,006 | INFO     | [205883] ⏱️ Model inference: 119.1 ms
2026-05-26 02:10:06,006 | INFO     | [205883] 📊 Chi tiết dự đoán: {'ANGRY': 9.37, 'DISGUST': 0.54, 'FEAR': 3.73, 'HAPPY': 54.36, 'NEUTRAL': 10.68, 'SAD': 20.32, 'SURPRISE': 1.0}
2026-05-26 02:10:06,006 | INFO     | [205883] 🎯 KẾT QUẢ CHỐT: HAPPY (54.36%)
2026-05-26 02:10:06,007 | INFO     | [205883] ⏱️ Thời gian phản hồi: 122.67 ms
2026-05-26 02:10:06,195 | INFO     | [206195] ------------------------------------------
2026-05-26 02:10:06,195 | INFO     | [206195] 📥 NHẬN YÊU CẦU QUÉT KHUÔN MẶT MỚI
2026-05-26 02:10:06,196 | INFO     | [206195] Đã xử lý ảnh thành công. Kích thước tensor: (1, 48, 48, 1)
2026-05-26 02:10:06,271 | INFO     | [206195] ⏱️ Model inference: 73.25 ms
2026-05-26 02:10:06,271 | INFO     | [206195] 📊 Chi tiết dự đoán: {'ANGRY': 5.92, 'DISGUST': 0.29, 'FEAR': 2.66, 'HAPPY': 67.97, 'NEUTRAL': 8.11, 'SAD': 14.2, 'SURPRISE': 0.85}
2026-05-26 02:10:06,271 | INFO     | [206195] 🎯 KẾT QUẢ CHỐT: HAPPY (67.97%)
2026-05-26 02:10:06,271 | INFO     | [206195] ⏱️ Thời gian phản hồi: 75.45 ms
2026-05-26 02:10:06,366 | INFO     | [206366] ------------------------------------------
2026-05-26 02:10:06,366 | INFO     | [206366] 📥 NHẬN YÊU CẦU QUÉT KHUÔN MẶT MỚI
2026-05-26 02:10:06,367 | INFO     | [206366] Đã xử lý ảnh thành công. Kích thước tensor: (1, 48, 48, 1)
2026-05-26 02:10:06,473 | INFO     | [206366] ⏱️ Model inference: 106.09 ms
2026-05-26 02:10:06,473 | INFO     | [206366] 📊 Chi tiết dự đoán: {'ANGRY': 6.36, 'DISGUST': 0.35, 'FEAR': 4.51, 'HAPPY': 60.25, 'NEUTRAL': 10.84, 'SAD': 16.57, 'SURPRISE': 1.12}
2026-05-26 02:10:06,473 | INFO     | [206366] 🎯 KẾT QUẢ CHỐT: HAPPY (60.25%)
2026-05-26 02:10:06,473 | INFO     | [206366] ⏱️ Thời gian phản hồi: 107.09 ms
2026-05-26 02:10:06,835 | INFO     | [206835] ------------------------------------------
2026-05-26 02:10:06,835 | INFO     | [206835] 📥 NHẬN YÊU CẦU QUÉT KHUÔN MẶT MỚI
2026-05-26 02:10:06,835 | INFO     | [206835] Đã xử lý ảnh thành công. Kích thước tensor: (1, 48, 48, 1)
2026-05-26 02:10:06,866 | INFO     | [206866] ------------------------------------------
2026-05-26 02:10:06,867 | INFO     | [206866] 📥 NHẬN YÊU CẦU QUÉT KHUÔN MẶT MỚI
2026-05-26 02:10:06,870 | INFO     | [206866] Đã xử lý ảnh thành công. Kích thước tensor: (1, 48, 48, 1)
2026-05-26 02:10:06,926 | INFO     | [206835] ⏱️ Model inference: 90.72 ms
2026-05-26 02:10:06,926 | INFO     | [206835] 📊 Chi tiết dự đoán: {'ANGRY': 6.61, 'DISGUST': 0.31, 'FEAR': 4.39, 'HAPPY': 61.47, 'NEUTRAL': 9.41, 'SAD': 16.69, 'SURPRISE': 1.11}
2026-05-26 02:10:06,926 | INFO     | [206835] 🎯 KẾT QUẢ CHỐT: HAPPY (61.47%)
2026-05-26 02:10:06,926 | INFO     | [206835] ⏱️ Thời gian phản hồi: 91.23 ms
2026-05-26 02:10:06,950 | INFO     | [206866] ⏱️ Model inference: 78.45 ms
2026-05-26 02:10:06,951 | INFO     | [206866] 📊 Chi tiết dự đoán: {'ANGRY': 6.17, 'DISGUST': 0.27, 'FEAR': 4.27, 'HAPPY': 64.5, 'NEUTRAL': 9.19, 'SAD': 14.61, 'SURPRISE': 0.99}
2026-05-26 02:10:06,951 | INFO     | [206866] 🎯 KẾT QUẢ CHỐT: HAPPY (64.50%)
2026-05-26 02:10:06,951 | INFO     | [206866] ⏱️ Thời gian phản hồi: 84.91 ms
2026-05-26 02:10:07,302 | INFO     | [207302] ------------------------------------------
2026-05-26 02:10:07,303 | INFO     | [207302] 📥 NHẬN YÊU CẦU QUÉT KHUÔN MẶT MỚI
2026-05-26 02:10:07,304 | INFO     | [207302] Đã xử lý ảnh thành công. Kích thước tensor: (1, 48, 48, 1)
2026-05-26 02:10:07,380 | INFO     | [207302] ⏱️ Model inference: 75.64 ms
2026-05-26 02:10:07,381 | INFO     | [207302] 📊 Chi tiết dự đoán: {'ANGRY': 6.94, 'DISGUST': 0.28, 'FEAR': 4.11, 'HAPPY': 63.39, 'NEUTRAL': 8.95, 'SAD': 15.36, 'SURPRISE': 0.96}
2026-05-26 02:10:07,381 | INFO     | [207302] 🎯 KẾT QUẢ CHỐT: HAPPY (63.39%)
2026-05-26 02:10:07,381 | INFO     | [207302] ⏱️ Thời gian phản hồi: 79.31 ms
2026-05-26 02:10:07,804 | INFO     | [207804] ------------------------------------------
2026-05-26 02:10:07,804 | INFO     | [207804] 📥 NHẬN YÊU CẦU QUÉT KHUÔN MẶT MỚI
2026-05-26 02:10:07,805 | INFO     | [207805] ------------------------------------------
2026-05-26 02:10:07,805 | INFO     | [207805] 📥 NHẬN YÊU CẦU QUÉT KHUÔN MẶT MỚI
2026-05-26 02:10:07,805 | INFO     | [207804] Đã xử lý ảnh thành công. Kích thước tensor: (1, 48, 48, 1)
2026-05-26 02:10:07,807 | INFO     | [207805] Đã xử lý ảnh thành công. Kích thước tensor: (1, 48, 48, 1)
2026-05-26 02:10:07,867 | INFO     | [207867] ------------------------------------------
2026-05-26 02:10:07,869 | INFO     | [207867] 📥 NHẬN YÊU CẦU QUÉT KHUÔN MẶT MỚI
2026-05-26 02:10:07,875 | INFO     | [207867] Đã xử lý ảnh thành công. Kích thước tensor: (1, 48, 48, 1)
2026-05-26 02:10:07,935 | INFO     | [207804] ⏱️ Model inference: 129.83 ms
2026-05-26 02:10:07,935 | INFO     | [207804] 📊 Chi tiết dự đoán: {'ANGRY': 7.81, 'DISGUST': 0.4, 'FEAR': 4.88, 'HAPPY': 63.46, 'NEUTRAL': 9.16, 'SAD': 13.19, 'SURPRISE': 1.11}
2026-05-26 02:10:07,935 | INFO     | [207804] 🎯 KẾT QUẢ CHỐT: HAPPY (63.46%)
2026-05-26 02:10:07,936 | INFO     | [207804] ⏱️ Thời gian phản hồi: 131.11 ms
2026-05-26 02:10:07,957 | INFO     | [207805] ⏱️ Model inference: 149.04 ms
2026-05-26 02:10:07,958 | INFO     | [207805] 📊 Chi tiết dự đoán: {'ANGRY': 7.3, 'DISGUST': 0.33, 'FEAR': 5.02, 'HAPPY': 57.63, 'NEUTRAL': 11.25, 'SAD': 17.29, 'SURPRISE': 1.17}
2026-05-26 02:10:07,958 | INFO     | [207805] 🎯 KẾT QUẢ CHỐT: HAPPY (57.63%)
2026-05-26 02:10:07,958 | INFO     | [207805] ⏱️ Thời gian phản hồi: 153.66 ms
2026-05-26 02:10:07,988 | INFO     | [207867] ⏱️ Model inference: 111.54 ms
2026-05-26 02:10:07,988 | INFO     | [207867] 📊 Chi tiết dự đoán: {'ANGRY': 6.56, 'DISGUST': 0.4, 'FEAR': 4.14, 'HAPPY': 58.48, 'NEUTRAL': 10.6, 'SAD': 18.89, 'SURPRISE': 0.93}
2026-05-26 02:10:07,988 | INFO     | [207867] 🎯 KẾT QUẢ CHỐT: HAPPY (58.48%)
2026-05-26 02:10:07,988 | INFO     | [207867] ⏱️ Thời gian phản hồi: 120.55 ms
2026-05-26 02:10:08,840 | INFO     | [208840] ------------------------------------------
2026-05-26 02:10:08,841 | INFO     | [208840] 📥 NHẬN YÊU CẦU QUÉT KHUÔN MẶT MỚI
2026-05-26 02:10:08,841 | INFO     | [208841] ------------------------------------------
2026-05-26 02:10:08,841 | INFO     | [208841] 📥 NHẬN YÊU CẦU QUÉT KHUÔN MẶT MỚI
2026-05-26 02:10:08,843 | INFO     | [208843] ------------------------------------------
2026-05-26 02:10:08,843 | INFO     | [208843] 📥 NHẬN YÊU CẦU QUÉT KHUÔN MẶT MỚI
2026-05-26 02:10:08,844 | INFO     | [208840] Đã xử lý ảnh thành công. Kích thước tensor: (1, 48, 48, 1)
2026-05-26 02:10:08,846 | INFO     | [208841] Đã xử lý ảnh thành công. Kích thước tensor: (1, 48, 48, 1)
2026-05-26 02:10:08,851 | INFO     | [208843] Đã xử lý ảnh thành công. Kích thước tensor: (1, 48, 48, 1)
2026-05-26 02:10:09,026 | INFO     | [208843] ⏱️ Model inference: 171.78 ms
2026-05-26 02:10:09,027 | INFO     | [208843] 📊 Chi tiết dự đoán: {'ANGRY': 5.96, 'DISGUST': 0.29, 'FEAR': 4.48, 'HAPPY': 58.07, 'NEUTRAL': 11.89, 'SAD': 18.06, 'SURPRISE': 1.25}
2026-05-26 02:10:09,027 | INFO     | [208843] 🎯 KẾT QUẢ CHỐT: HAPPY (58.07%)
2026-05-26 02:10:09,027 | INFO     | [208843] ⏱️ Thời gian phản hồi: 184.13 ms
2026-05-26 02:10:09,028 | INFO     | [208840] ⏱️ Model inference: 184.15 ms
2026-05-26 02:10:09,028 | INFO     | [208840] 📊 Chi tiết dự đoán: {'ANGRY': 7.19, 'DISGUST': 0.37, 'FEAR': 5.83, 'HAPPY': 56.1, 'NEUTRAL': 11.29, 'SAD': 17.73, 'SURPRISE': 1.49}
2026-05-26 02:10:09,028 | INFO     | [208840] 🎯 KẾT QUẢ CHỐT: HAPPY (56.10%)
2026-05-26 02:10:09,028 | INFO     | [208840] ⏱️ Thời gian phản hồi: 188.03 ms
2026-05-26 02:10:09,030 | INFO     | [208841] ⏱️ Model inference: 181.47 ms
2026-05-26 02:10:09,030 | INFO     | [208841] 📊 Chi tiết dự đoán: {'ANGRY': 7.08, 'DISGUST': 0.11, 'FEAR': 7.13, 'HAPPY': 15.73, 'NEUTRAL': 15.27, 'SAD': 48.45, 'SURPRISE': 6.23}
2026-05-26 02:10:09,030 | INFO     | [208841] 🎯 KẾT QUẢ CHỐT: SAD (48.45%)
2026-05-26 02:10:09,031 | INFO     | [208841] ⏱️ Thời gian phản hồi: 188.33 ms
2026-05-26 02:10:09,042 | INFO     | [209042] ------------------------------------------
2026-05-26 02:10:09,042 | INFO     | [209042] 📥 NHẬN YÊU CẦU QUÉT KHUÔN MẶT MỚI
2026-05-26 02:10:09,043 | INFO     | [209042] Đã xử lý ảnh thành công. Kích thước tensor: (1, 48, 48, 1)
2026-05-26 02:10:09,117 | INFO     | [209042] ⏱️ Model inference: 74.1 ms
2026-05-26 02:10:09,117 | INFO     | [209042] 📊 Chi tiết dự đoán: {'ANGRY': 5.41, 'DISGUST': 0.13, 'FEAR': 5.76, 'HAPPY': 12.11, 'NEUTRAL': 17.54, 'SAD': 55.5, 'SURPRISE': 3.55}
2026-05-26 02:10:09,117 | INFO     | [209042] 🎯 KẾT QUẢ CHỐT: SAD (55.50%)
2026-05-26 02:10:09,119 | INFO     | [209042] ⏱️ Thời gian phản hồi: 75.6 ms
2026-05-26 02:10:09,213 | INFO     | [209213] ------------------------------------------
2026-05-26 02:10:09,213 | INFO     | [209213] 📥 NHẬN YÊU CẦU QUÉT KHUÔN MẶT MỚI
2026-05-26 02:10:09,214 | INFO     | [209213] Đã xử lý ảnh thành công. Kích thước tensor: (1, 48, 48, 1)
2026-05-26 02:10:09,276 | INFO     | [209213] ⏱️ Model inference: 62.1 ms
2026-05-26 02:10:09,277 | INFO     | [209213] 📊 Chi tiết dự đoán: {'ANGRY': 6.96, 'DISGUST': 0.13, 'FEAR': 7.64, 'HAPPY': 12.78, 'NEUTRAL': 15.61, 'SAD': 50.49, 'SURPRISE': 6.39}
2026-05-26 02:10:09,277 | INFO     | [209213] 🎯 KẾT QUẢ CHỐT: SAD (50.49%)
2026-05-26 02:10:09,277 | INFO     | [209213] ⏱️ Thời gian phản hồi: 64.67 ms
2026-05-26 02:10:09,727 | INFO     | [209727] ------------------------------------------
2026-05-26 02:10:09,728 | INFO     | [209727] 📥 NHẬN YÊU CẦU QUÉT KHUÔN MẶT MỚI
2026-05-26 02:10:09,728 | INFO     | [209728] ------------------------------------------
2026-05-26 02:10:09,729 | INFO     | [209728] 📥 NHẬN YÊU CẦU QUÉT KHUÔN MẶT MỚI
2026-05-26 02:10:09,730 | INFO     | [209727] Đã xử lý ảnh thành công. Kích thước tensor: (1, 48, 48, 1)
2026-05-26 02:10:09,732 | INFO     | [209728] Đã xử lý ảnh thành công. Kích thước tensor: (1, 48, 48, 1)
2026-05-26 02:10:09,842 | INFO     | [209727] ⏱️ Model inference: 111.36 ms
2026-05-26 02:10:09,842 | INFO     | [209727] 📊 Chi tiết dự đoán: {'ANGRY': 10.01, 'DISGUST': 0.42, 'FEAR': 3.74, 'HAPPY': 62.09, 'NEUTRAL': 7.6, 'SAD': 15.06, 'SURPRISE': 1.08}
2026-05-26 02:10:09,843 | INFO     | [209727] 🎯 KẾT QUẢ CHỐT: HAPPY (62.09%)
2026-05-26 02:10:09,843 | INFO     | [209727] ⏱️ Thời gian phản hồi: 114.87 ms
2026-05-26 02:10:09,864 | INFO     | [209728] ⏱️ Model inference: 131.46 ms
2026-05-26 02:10:09,864 | INFO     | [209728] 📊 Chi tiết dự đoán: {'ANGRY': 5.83, 'DISGUST': 0.09, 'FEAR': 5.74, 'HAPPY': 15.98, 'NEUTRAL': 16.18, 'SAD': 52.25, 'SURPRISE': 3.93}
2026-05-26 02:10:09,864 | INFO     | [209728] 🎯 KẾT QUẢ CHỐT: SAD (52.25%)
2026-05-26 02:10:09,864 | INFO     | [209728] ⏱️ Thời gian phản hồi: 136.12 ms
2026-05-26 02:10:09,867 | INFO     | [209867] ------------------------------------------
2026-05-26 02:10:09,867 | INFO     | [209867] 📥 NHẬN YÊU CẦU QUÉT KHUÔN MẶT MỚI
2026-05-26 02:10:09,868 | INFO     | [209867] Đã xử lý ảnh thành công. Kích thước tensor: (1, 48, 48, 1)
2026-05-26 02:10:10,052 | INFO     | [209867] ⏱️ Model inference: 182.13 ms
2026-05-26 02:10:10,053 | INFO     | [209867] 📊 Chi tiết dự đoán: {'ANGRY': 8.58, 'DISGUST': 0.34, 'FEAR': 4.47, 'HAPPY': 57.95, 'NEUTRAL': 9.17, 'SAD': 18.48, 'SURPRISE': 1.01}
2026-05-26 02:10:10,053 | INFO     | [209867] 🎯 KẾT QUẢ CHỐT: HAPPY (57.95%)
2026-05-26 02:10:10,053 | INFO     | [209867] ⏱️ Thời gian phản hồi: 184.3 ms
2026-05-26 02:10:10,414 | INFO     | [210413] ------------------------------------------
2026-05-26 02:10:10,414 | INFO     | [210413] 📥 NHẬN YÊU CẦU QUÉT KHUÔN MẶT MỚI
2026-05-26 02:10:10,414 | INFO     | [210414] ------------------------------------------
2026-05-26 02:10:10,414 | INFO     | [210414] 📥 NHẬN YÊU CẦU QUÉT KHUÔN MẶT MỚI
2026-05-26 02:10:10,416 | INFO     | [210413] Đã xử lý ảnh thành công. Kích thước tensor: (1, 48, 48, 1)
2026-05-26 02:10:10,418 | INFO     | [210414] Đã xử lý ảnh thành công. Kích thước tensor: (1, 48, 48, 1)
2026-05-26 02:10:10,542 | INFO     | [210414] ⏱️ Model inference: 121.09 ms
2026-05-26 02:10:10,542 | INFO     | [210414] 📊 Chi tiết dự đoán: {'ANGRY': 8.19, 'DISGUST': 0.37, 'FEAR': 4.25, 'HAPPY': 60.59, 'NEUTRAL': 8.75, 'SAD': 16.84, 'SURPRISE': 1.0}
2026-05-26 02:10:10,542 | INFO     | [210414] 🎯 KẾT QUẢ CHỐT: HAPPY (60.59%)
2026-05-26 02:10:10,542 | INFO     | [210414] ⏱️ Thời gian phản hồi: 127.1 ms
2026-05-26 02:10:10,543 | INFO     | [210413] ⏱️ Model inference: 126.41 ms
2026-05-26 02:10:10,543 | INFO     | [210413] 📊 Chi tiết dự đoán: {'ANGRY': 8.23, 'DISGUST': 0.34, 'FEAR': 3.49, 'HAPPY': 70.48, 'NEUTRAL': 5.72, 'SAD': 10.86, 'SURPRISE': 0.87}
2026-05-26 02:10:10,543 | INFO     | [210413] 🎯 KẾT QUẢ CHỐT: HAPPY (70.48%)
2026-05-26 02:10:10,543 | INFO     | [210413] ⏱️ Thời gian phản hồi: 129.75 ms
2026-05-26 02:10:10,617 | INFO     | [210617] ------------------------------------------
2026-05-26 02:10:10,617 | INFO     | [210617] 📥 NHẬN YÊU CẦU QUÉT KHUÔN MẶT MỚI
2026-05-26 02:10:10,617 | INFO     | [210617] Đã xử lý ảnh thành công. Kích thước tensor: (1, 48, 48, 1)
2026-05-26 02:10:10,702 | INFO     | [210617] ⏱️ Model inference: 82.32 ms
2026-05-26 02:10:10,703 | INFO     | [210617] 📊 Chi tiết dự đoán: {'ANGRY': 7.64, 'DISGUST': 0.36, 'FEAR': 5.0, 'HAPPY': 53.22, 'NEUTRAL': 11.3, 'SAD': 21.21, 'SURPRISE': 1.26}
2026-05-26 02:10:10,703 | INFO     | [210617] 🎯 KẾT QUẢ CHỐT: HAPPY (53.22%)
2026-05-26 02:10:10,703 | INFO     | [210617] ⏱️ Thời gian phản hồi: 85.76 ms
2026-05-26 02:10:10,866 | INFO     | [210866] ------------------------------------------
2026-05-26 02:10:10,866 | INFO     | [210866] 📥 NHẬN YÊU CẦU QUÉT KHUÔN MẶT MỚI
2026-05-26 02:10:10,867 | INFO     | [210866] Đã xử lý ảnh thành công. Kích thước tensor: (1, 48, 48, 1)
2026-05-26 02:10:10,933 | INFO     | [210866] ⏱️ Model inference: 64.84 ms
2026-05-26 02:10:10,933 | INFO     | [210866] 📊 Chi tiết dự đoán: {'ANGRY': 9.19, 'DISGUST': 0.49, 'FEAR': 5.2, 'HAPPY': 49.72, 'NEUTRAL': 9.76, 'SAD': 24.36, 'SURPRISE': 1.28}
2026-05-26 02:10:10,933 | INFO     | [210866] 🎯 KẾT QUẢ CHỐT: HAPPY (49.72%)
2026-05-26 02:10:10,933 | INFO     | [210866] ⏱️ Thời gian phản hồi: 67.35 ms
2026-05-26 02:10:11,131 | INFO     | [211131] ------------------------------------------
2026-05-26 02:10:11,131 | INFO     | [211131] 📥 NHẬN YÊU CẦU QUÉT KHUÔN MẶT MỚI
2026-05-26 02:10:11,132 | INFO     | [211131] Đã xử lý ảnh thành công. Kích thước tensor: (1, 48, 48, 1)
2026-05-26 02:10:11,207 | INFO     | [211131] ⏱️ Model inference: 74.71 ms
2026-05-26 02:10:11,208 | INFO     | [211131] 📊 Chi tiết dự đoán: {'ANGRY': 8.25, 'DISGUST': 0.28, 'FEAR': 5.09, 'HAPPY': 59.92, 'NEUTRAL': 7.69, 'SAD': 17.57, 'SURPRISE': 1.2}
2026-05-26 02:10:11,208 | INFO     | [211131] 🎯 KẾT QUẢ CHỐT: HAPPY (59.92%)
2026-05-26 02:10:11,208 | INFO     | [211131] ⏱️ Thời gian phản hồi: 77.23 ms
2026-05-26 02:10:11,800 | INFO     | [211800] ------------------------------------------
2026-05-26 02:10:11,801 | INFO     | [211800] 📥 NHẬN YÊU CẦU QUÉT KHUÔN MẶT MỚI
2026-05-26 02:10:11,801 | INFO     | [211801] ------------------------------------------
2026-05-26 02:10:11,801 | INFO     | [211801] 📥 NHẬN YÊU CẦU QUÉT KHUÔN MẶT MỚI
2026-05-26 02:10:11,803 | INFO     | [211800] Đã xử lý ảnh thành công. Kích thước tensor: (1, 48, 48, 1)
2026-05-26 02:10:11,806 | INFO     | [211801] Đã xử lý ảnh thành công. Kích thước tensor: (1, 48, 48, 1)
2026-05-26 02:10:11,864 | INFO     | [211864] ------------------------------------------
2026-05-26 02:10:11,865 | INFO     | [211864] 📥 NHẬN YÊU CẦU QUÉT KHUÔN MẶT MỚI
2026-05-26 02:10:11,865 | INFO     | [211864] Đã xử lý ảnh thành công. Kích thước tensor: (1, 48, 48, 1)
2026-05-26 02:10:11,906 | INFO     | [211801] ⏱️ Model inference: 99.08 ms
2026-05-26 02:10:11,906 | INFO     | [211801] 📊 Chi tiết dự đoán: {'ANGRY': 3.62, 'DISGUST': 0.09, 'FEAR': 2.01, 'HAPPY': 80.4, 'NEUTRAL': 4.7, 'SAD': 8.74, 'SURPRISE': 0.44}
2026-05-26 02:10:11,906 | INFO     | [211801] 🎯 KẾT QUẢ CHỐT: HAPPY (80.40%)
2026-05-26 02:10:11,906 | INFO     | [211801] ⏱️ Thời gian phản hồi: 104.7 ms
2026-05-26 02:10:11,909 | INFO     | [211800] ⏱️ Model inference: 104.25 ms
2026-05-26 02:10:11,910 | INFO     | [211800] 📊 Chi tiết dự đoán: {'ANGRY': 5.86, 'DISGUST': 0.24, 'FEAR': 4.86, 'HAPPY': 55.35, 'NEUTRAL': 7.32, 'SAD': 25.58, 'SURPRISE': 0.79}
2026-05-26 02:10:11,911 | INFO     | [211800] 🎯 KẾT QUẢ CHỐT: HAPPY (55.35%)
2026-05-26 02:10:11,911 | INFO     | [211800] ⏱️ Thời gian phản hồi: 109.35 ms
2026-05-26 02:10:11,952 | INFO     | [211864] ⏱️ Model inference: 84.94 ms
2026-05-26 02:10:11,953 | INFO     | [211864] 📊 Chi tiết dự đoán: {'ANGRY': 5.72, 'DISGUST': 0.16, 'FEAR': 3.32, 'HAPPY': 75.2, 'NEUTRAL': 4.66, 'SAD': 9.91, 'SURPRISE': 1.04}
2026-05-26 02:10:11,953 | INFO     | [211864] 🎯 KẾT QUẢ CHỐT: HAPPY (75.20%)
2026-05-26 02:10:11,953 | INFO     | [211864] ⏱️ Thời gian phản hồi: 88.04 ms
2026-05-26 02:10:12,126 | INFO     | [212126] ------------------------------------------
2026-05-26 02:10:12,126 | INFO     | [212126] 📥 NHẬN YÊU CẦU QUÉT KHUÔN MẶT MỚI
2026-05-26 02:10:12,127 | INFO     | [212126] Đã xử lý ảnh thành công. Kích thước tensor: (1, 48, 48, 1)
2026-05-26 02:10:12,194 | INFO     | [212126] ⏱️ Model inference: 66.78 ms
2026-05-26 02:10:12,194 | INFO     | [212126] 📊 Chi tiết dự đoán: {'ANGRY': 5.5, 'DISGUST': 0.16, 'FEAR': 2.87, 'HAPPY': 77.98, 'NEUTRAL': 3.1, 'SAD': 9.67, 'SURPRISE': 0.72}
2026-05-26 02:10:12,194 | INFO     | [212126] 🎯 KẾT QUẢ CHỐT: HAPPY (77.98%)
2026-05-26 02:10:12,194 | INFO     | [212126] ⏱️ Thời gian phản hồi: 67.87 ms
2026-05-26 02:10:12,842 | INFO     | [212842] ------------------------------------------
2026-05-26 02:10:12,842 | INFO     | [212842] 📥 NHẬN YÊU CẦU QUÉT KHUÔN MẶT MỚI
2026-05-26 02:10:12,843 | INFO     | [212843] ------------------------------------------
2026-05-26 02:10:12,843 | INFO     | [212843] 📥 NHẬN YÊU CẦU QUÉT KHUÔN MẶT MỚI
2026-05-26 02:10:12,844 | INFO     | [212842] Đã xử lý ảnh thành công. Kích thước tensor: (1, 48, 48, 1)
2026-05-26 02:10:12,853 | INFO     | [212843] Đã xử lý ảnh thành công. Kích thước tensor: (1, 48, 48, 1)
2026-05-26 02:10:12,872 | INFO     | [212872] ------------------------------------------
2026-05-26 02:10:12,874 | INFO     | [212872] 📥 NHẬN YÊU CẦU QUÉT KHUÔN MẶT MỚI
2026-05-26 02:10:12,880 | INFO     | [212872] Đã xử lý ảnh thành công. Kích thước tensor: (1, 48, 48, 1)
2026-05-26 02:10:12,973 | INFO     | [212842] ⏱️ Model inference: 128.64 ms
2026-05-26 02:10:12,974 | INFO     | [212842] 📊 Chi tiết dự đoán: {'ANGRY': 8.6, 'DISGUST': 0.25, 'FEAR': 4.0, 'HAPPY': 71.9, 'NEUTRAL': 3.62, 'SAD': 10.79, 'SURPRISE': 0.84}
2026-05-26 02:10:12,974 | INFO     | [212842] 🎯 KẾT QUẢ CHỐT: HAPPY (71.90%)
2026-05-26 02:10:12,974 | INFO     | [212842] ⏱️ Thời gian phản hồi: 131.82 ms
2026-05-26 02:10:12,977 | INFO     | [212843] ⏱️ Model inference: 122.13 ms
2026-05-26 02:10:12,978 | INFO     | [212843] 📊 Chi tiết dự đoán: {'ANGRY': 6.46, 'DISGUST': 0.18, 'FEAR': 2.91, 'HAPPY': 79.75, 'NEUTRAL': 2.9, 'SAD': 7.08, 'SURPRISE': 0.73}
2026-05-26 02:10:12,978 | INFO     | [212843] 🎯 KẾT QUẢ CHỐT: HAPPY (79.75%)
2026-05-26 02:10:12,978 | INFO     | [212843] ⏱️ Thời gian phản hồi: 133.67 ms
2026-05-26 02:10:12,993 | INFO     | [212872] ⏱️ Model inference: 112.16 ms
2026-05-26 02:10:12,993 | INFO     | [212872] 📊 Chi tiết dự đoán: {'ANGRY': 7.38, 'DISGUST': 0.18, 'FEAR': 2.48, 'HAPPY': 80.72, 'NEUTRAL': 3.13, 'SAD': 5.44, 'SURPRISE': 0.69}
2026-05-26 02:10:12,993 | INFO     | [212872] 🎯 KẾT QUẢ CHỐT: HAPPY (80.72%)
2026-05-26 02:10:12,993 | INFO     | [212872] ⏱️ Thời gian phản hồi: 121.43 ms
2026-05-26 02:10:13,806 | INFO     | [213806] ------------------------------------------
2026-05-26 02:10:13,806 | INFO     | [213806] 📥 NHẬN YÊU CẦU QUÉT KHUÔN MẶT MỚI
2026-05-26 02:10:13,806 | INFO     | [213806] ------------------------------------------
2026-05-26 02:10:13,806 | INFO     | [213806] 📥 NHẬN YÊU CẦU QUÉT KHUÔN MẶT MỚI
2026-05-26 02:10:13,807 | INFO     | [213807] ------------------------------------------
2026-05-26 02:10:13,807 | INFO     | [213807] 📥 NHẬN YÊU CẦU QUÉT KHUÔN MẶT MỚI
2026-05-26 02:10:13,808 | INFO     | [213806] Đã xử lý ảnh thành công. Kích thước tensor: (1, 48, 48, 1)
2026-05-26 02:10:13,810 | INFO     | [213806] Đã xử lý ảnh thành công. Kích thước tensor: (1, 48, 48, 1)
2026-05-26 02:10:13,814 | INFO     | [213807] Đã xử lý ảnh thành công. Kích thước tensor: (1, 48, 48, 1)
2026-05-26 02:10:13,958 | INFO     | [213806] ⏱️ Model inference: 149.94 ms
2026-05-26 02:10:13,959 | INFO     | [213806] 📊 Chi tiết dự đoán: {'ANGRY': 8.4, 'DISGUST': 0.2, 'FEAR': 2.67, 'HAPPY': 79.05, 'NEUTRAL': 3.68, 'SAD': 5.23, 'SURPRISE': 0.77}
2026-05-26 02:10:13,959 | INFO     | [213806] 🎯 KẾT QUẢ CHỐT: HAPPY (79.05%)
2026-05-26 02:10:13,959 | INFO     | [213806] ⏱️ Thời gian phản hồi: 153.07 ms
2026-05-26 02:10:13,962 | INFO     | [213806] ⏱️ Model inference: 151.02 ms
2026-05-26 02:10:13,962 | INFO     | [213806] 📊 Chi tiết dự đoán: {'ANGRY': 6.22, 'DISGUST': 0.16, 'FEAR': 2.76, 'HAPPY': 80.09, 'NEUTRAL': 3.87, 'SAD': 6.11, 'SURPRISE': 0.78}
2026-05-26 02:10:13,962 | INFO     | [213806] 🎯 KẾT QUẢ CHỐT: HAPPY (80.09%)
2026-05-26 02:10:13,963 | INFO     | [213806] ⏱️ Thời gian phản hồi: 155.31 ms
2026-05-26 02:10:13,971 | INFO     | [213807] ⏱️ Model inference: 154.54 ms
2026-05-26 02:10:13,971 | INFO     | [213807] 📊 Chi tiết dự đoán: {'ANGRY': 5.0, 'DISGUST': 0.14, 'FEAR': 2.36, 'HAPPY': 81.92, 'NEUTRAL': 4.03, 'SAD': 5.92, 'SURPRISE': 0.63}
2026-05-26 02:10:13,971 | INFO     | [213807] 🎯 KẾT QUẢ CHỐT: HAPPY (81.92%)
2026-05-26 02:10:13,972 | INFO     | [213807] ⏱️ Thời gian phản hồi: 164.21 ms
2026-05-26 02:10:13,976 | INFO     | [213976] ------------------------------------------
2026-05-26 02:10:13,976 | INFO     | [213976] 📥 NHẬN YÊU CẦU QUÉT KHUÔN MẶT MỚI
2026-05-26 02:10:13,977 | INFO     | [213976] Đã xử lý ảnh thành công. Kích thước tensor: (1, 48, 48, 1)
2026-05-26 02:10:14,041 | INFO     | [213976] ⏱️ Model inference: 63.38 ms
2026-05-26 02:10:14,042 | INFO     | [213976] 📊 Chi tiết dự đoán: {'ANGRY': 9.89, 'DISGUST': 0.3, 'FEAR': 3.27, 'HAPPY': 75.37, 'NEUTRAL': 4.0, 'SAD': 6.11, 'SURPRISE': 1.06}
2026-05-26 02:10:14,042 | INFO     | [213976] 🎯 KẾT QUẢ CHỐT: HAPPY (75.37%)
2026-05-26 02:10:14,042 | INFO     | [213976] ⏱️ Thời gian phản hồi: 65.86 ms
2026-05-26 02:10:14,134 | INFO     | [214134] ------------------------------------------
2026-05-26 02:10:14,134 | INFO     | [214134] 📥 NHẬN YÊU CẦU QUÉT KHUÔN MẶT MỚI
2026-05-26 02:10:14,134 | INFO     | [214134] Đã xử lý ảnh thành công. Kích thước tensor: (1, 48, 48, 1)
2026-05-26 02:10:14,201 | INFO     | [BATCH-214201] ==========================================
2026-05-26 02:10:14,201 | INFO     | [BATCH-214201] 🎞️ NHẬN CHUỖI 5 KHUNG HÌNH (BATCH)
2026-05-26 02:10:14,271 | INFO     | [214134] ⏱️ Model inference: 136.6 ms
2026-05-26 02:10:14,271 | INFO     | [214134] 📊 Chi tiết dự đoán: {'ANGRY': 8.01, 'DISGUST': 0.18, 'FEAR': 2.66, 'HAPPY': 79.94, 'NEUTRAL': 3.78, 'SAD': 4.61, 'SURPRISE': 0.83}
2026-05-26 02:10:14,272 | INFO     | [214134] 🎯 KẾT QUẢ CHỐT: HAPPY (79.94%)
2026-05-26 02:10:14,272 | INFO     | [214134] ⏱️ Thời gian phản hồi: 137.61 ms
2026-05-26 02:10:14,667 | INFO     | [BATCH-214201] ⏱️ Batch inference elapsed: 463.93 ms (5 frames)
2026-05-26 02:10:14,667 | INFO     | [BATCH-214201] ↳ Frame 1/5: HAPPY (79.0%)
2026-05-26 02:10:14,667 | INFO     | [BATCH-214201] ↳ Frame 2/5: HAPPY (80.1%)
2026-05-26 02:10:14,667 | INFO     | [BATCH-214201] ↳ Frame 3/5: HAPPY (81.9%)
2026-05-26 02:10:14,669 | INFO     | [BATCH-214201] ↳ Frame 4/5: HAPPY (75.4%)
2026-05-26 02:10:14,669 | INFO     | [BATCH-214201] ↳ Frame 5/5: HAPPY (79.9%)
2026-05-26 02:10:14,669 | INFO     | [BATCH-214201] 🎯 KẾT QUẢ CHUỖI: HAPPY (Tần suất: {'HAPPY': 5})
2026-05-26 02:10:14,669 | INFO     | [BATCH-214201] ⏱️ Tổng thời gian xử lý: 467.31 ms
2026-05-26 02:10:33,322 | INFO     | [233322] ------------------------------------------
2026-05-26 02:10:33,322 | INFO     | [233322] 📥 NHẬN YÊU CẦU QUÉT KHUÔN MẶT MỚI
2026-05-26 02:10:33,323 | INFO     | [233323] ------------------------------------------
2026-05-26 02:10:33,323 | INFO     | [233323] 📥 NHẬN YÊU CẦU QUÉT KHUÔN MẶT MỚI
2026-05-26 02:10:33,324 | INFO     | [233324] ------------------------------------------
2026-05-26 02:10:33,324 | INFO     | [233324] 📥 NHẬN YÊU CẦU QUÉT KHUÔN MẶT MỚI
2026-05-26 02:10:33,325 | INFO     | [233322] Đã xử lý ảnh thành công. Kích thước tensor: (1, 48, 48, 1)
2026-05-26 02:10:33,327 | INFO     | [233323] Đã xử lý ảnh thành công. Kích thước tensor: (1, 48, 48, 1)
2026-05-26 02:10:33,329 | INFO     | [233324] Đã xử lý ảnh thành công. Kích thước tensor: (1, 48, 48, 1)
2026-05-26 02:10:33,467 | INFO     | [233322] ⏱️ Model inference: 141.74 ms
2026-05-26 02:10:33,468 | INFO     | [233322] 📊 Chi tiết dự đoán: {'ANGRY': 7.68, 'DISGUST': 0.34, 'FEAR': 2.55, 'HAPPY': 68.01, 'NEUTRAL': 6.23, 'SAD': 14.56, 'SURPRISE': 0.63}
2026-05-26 02:10:33,468 | INFO     | [233322] 🎯 KẾT QUẢ CHỐT: HAPPY (68.01%)
2026-05-26 02:10:33,468 | INFO     | [233322] ⏱️ Thời gian phản hồi: 145.85 ms
2026-05-26 02:10:33,472 | INFO     | [233324] ⏱️ Model inference: 142.07 ms
2026-05-26 02:10:33,472 | INFO     | [233324] 📊 Chi tiết dự đoán: {'ANGRY': 7.55, 'DISGUST': 0.27, 'FEAR': 4.53, 'HAPPY': 57.92, 'NEUTRAL': 8.96, 'SAD': 19.85, 'SURPRISE': 0.91}
2026-05-26 02:10:33,474 | INFO     | [233324] 🎯 KẾT QUẢ CHỐT: HAPPY (57.92%)
2026-05-26 02:10:33,474 | INFO     | [233324] ⏱️ Thời gian phản hồi: 148.48 ms
2026-05-26 02:10:33,474 | INFO     | [233323] ⏱️ Model inference: 146.76 ms
2026-05-26 02:10:33,474 | INFO     | [233323] 📊 Chi tiết dự đoán: {'ANGRY': 8.28, 'DISGUST': 0.35, 'FEAR': 3.18, 'HAPPY': 57.87, 'NEUTRAL': 9.73, 'SAD': 19.89, 'SURPRISE': 0.71}
2026-05-26 02:10:33,475 | INFO     | [233323] 🎯 KẾT QUẢ CHỐT: HAPPY (57.87%)
2026-05-26 02:10:33,475 | INFO     | [233323] ⏱️ Thời gian phản hồi: 150.76 ms
2026-05-26 02:10:33,482 | INFO     | [233482] ------------------------------------------
2026-05-26 02:10:33,482 | INFO     | [233482] 📥 NHẬN YÊU CẦU QUÉT KHUÔN MẶT MỚI
2026-05-26 02:10:33,483 | INFO     | [233482] Đã xử lý ảnh thành công. Kích thước tensor: (1, 48, 48, 1)
2026-05-26 02:10:33,557 | INFO     | [233482] ⏱️ Model inference: 73.79 ms
2026-05-26 02:10:33,557 | INFO     | [233482] 📊 Chi tiết dự đoán: {'ANGRY': 9.53, 'DISGUST': 0.4, 'FEAR': 2.58, 'HAPPY': 59.38, 'NEUTRAL': 8.23, 'SAD': 19.2, 'SURPRISE': 0.69}
2026-05-26 02:10:33,557 | INFO     | [233482] 🎯 KẾT QUẢ CHỐT: HAPPY (59.38%)
2026-05-26 02:10:33,558 | INFO     | [233482] ⏱️ Thời gian phản hồi: 74.91 ms
2026-05-26 02:10:34,199 | INFO     | [234199] ------------------------------------------
2026-05-26 02:10:34,199 | INFO     | [234199] 📥 NHẬN YÊU CẦU QUÉT KHUÔN MẶT MỚI
2026-05-26 02:10:34,200 | INFO     | [234200] ------------------------------------------
2026-05-26 02:10:34,200 | INFO     | [234200] 📥 NHẬN YÊU CẦU QUÉT KHUÔN MẶT MỚI
2026-05-26 02:10:34,201 | INFO     | [234201] ------------------------------------------
2026-05-26 02:10:34,201 | INFO     | [234201] 📥 NHẬN YÊU CẦU QUÉT KHUÔN MẶT MỚI
2026-05-26 02:10:34,201 | INFO     | [234199] Đã xử lý ảnh thành công. Kích thước tensor: (1, 48, 48, 1)
2026-05-26 02:10:34,206 | INFO     | [234200] Đã xử lý ảnh thành công. Kích thước tensor: (1, 48, 48, 1)
2026-05-26 02:10:34,214 | INFO     | [234201] Đã xử lý ảnh thành công. Kích thước tensor: (1, 48, 48, 1)
2026-05-26 02:10:34,334 | INFO     | [234201] ⏱️ Model inference: 119.93 ms
2026-05-26 02:10:34,336 | INFO     | [234201] 📊 Chi tiết dự đoán: {'ANGRY': 9.46, 'DISGUST': 0.36, 'FEAR': 3.97, 'HAPPY': 54.81, 'NEUTRAL': 8.87, 'SAD': 21.58, 'SURPRISE': 0.95}
2026-05-26 02:10:34,336 | INFO     | [234201] 🎯 KẾT QUẢ CHỐT: HAPPY (54.81%)
2026-05-26 02:10:34,337 | INFO     | [234201] ⏱️ Thời gian phản hồi: 134.32 ms
2026-05-26 02:10:34,339 | INFO     | [234200] ⏱️ Model inference: 131.31 ms
2026-05-26 02:10:34,339 | INFO     | [234200] 📊 Chi tiết dự đoán: {'ANGRY': 8.59, 'DISGUST': 0.39, 'FEAR': 6.04, 'HAPPY': 41.53, 'NEUTRAL': 11.86, 'SAD': 30.5, 'SURPRISE': 1.1}
2026-05-26 02:10:34,341 | INFO     | [234200] 🎯 KẾT QUẢ CHỐT: HAPPY (41.53%)
2026-05-26 02:10:34,341 | INFO     | [234200] ⏱️ Thời gian phản hồi: 138.66 ms
2026-05-26 02:10:34,355 | INFO     | [234355] ------------------------------------------
2026-05-26 02:10:34,355 | INFO     | [234355] 📥 NHẬN YÊU CẦU QUÉT KHUÔN MẶT MỚI
2026-05-26 02:10:34,356 | INFO     | [234355] Đã xử lý ảnh thành công. Kích thước tensor: (1, 48, 48, 1)
2026-05-26 02:10:34,380 | INFO     | [234199] ⏱️ Model inference: 178.72 ms
2026-05-26 02:10:34,381 | INFO     | [234199] 📊 Chi tiết dự đoán: {'ANGRY': 9.31, 'DISGUST': 0.44, 'FEAR': 3.26, 'HAPPY': 59.25, 'NEUTRAL': 8.5, 'SAD': 18.32, 'SURPRISE': 0.92}
2026-05-26 02:10:34,382 | INFO     | [234199] 🎯 KẾT QUẢ CHỐT: HAPPY (59.25%)
2026-05-26 02:10:34,382 | INFO     | [234199] ⏱️ Thời gian phản hồi: 181.94 ms
2026-05-26 02:10:34,426 | INFO     | [234355] ⏱️ Model inference: 70.0 ms
2026-05-26 02:10:34,426 | INFO     | [234355] 📊 Chi tiết dự đoán: {'ANGRY': 10.0, 'DISGUST': 0.39, 'FEAR': 5.32, 'HAPPY': 49.83, 'NEUTRAL': 11.35, 'SAD': 21.81, 'SURPRISE': 1.3}
2026-05-26 02:10:34,426 | INFO     | [234355] 🎯 KẾT QUẢ CHỐT: HAPPY (49.83%)
2026-05-26 02:10:34,426 | INFO     | [234355] ⏱️ Thời gian phản hồi: 71.5 ms
2026-05-26 02:10:35,316 | INFO     | [235316] ------------------------------------------
2026-05-26 02:10:35,316 | INFO     | [235316] 📥 NHẬN YÊU CẦU QUÉT KHUÔN MẶT MỚI
2026-05-26 02:10:35,317 | INFO     | [235317] ------------------------------------------
2026-05-26 02:10:35,317 | INFO     | [235317] 📥 NHẬN YÊU CẦU QUÉT KHUÔN MẶT MỚI
2026-05-26 02:10:35,317 | INFO     | [235317] ------------------------------------------
2026-05-26 02:10:35,317 | INFO     | [235317] 📥 NHẬN YÊU CẦU QUÉT KHUÔN MẶT MỚI
2026-05-26 02:10:35,318 | INFO     | [235316] Đã xử lý ảnh thành công. Kích thước tensor: (1, 48, 48, 1)
2026-05-26 02:10:35,324 | INFO     | [235317] Đã xử lý ảnh thành công. Kích thước tensor: (1, 48, 48, 1)
2026-05-26 02:10:35,328 | INFO     | [235317] Đã xử lý ảnh thành công. Kích thước tensor: (1, 48, 48, 1)
2026-05-26 02:10:35,449 | INFO     | [235316] ⏱️ Model inference: 130.34 ms
2026-05-26 02:10:35,449 | INFO     | [235316] 📊 Chi tiết dự đoán: {'ANGRY': 10.47, 'DISGUST': 0.47, 'FEAR': 3.27, 'HAPPY': 59.07, 'NEUTRAL': 6.94, 'SAD': 18.87, 'SURPRISE': 0.92}
2026-05-26 02:10:35,449 | INFO     | [235316] 🎯 KẾT QUẢ CHỐT: HAPPY (59.07%)
2026-05-26 02:10:35,450 | INFO     | [235316] ⏱️ Thời gian phản hồi: 132.75 ms
2026-05-26 02:10:35,456 | INFO     | [235317] ⏱️ Model inference: 127.16 ms
2026-05-26 02:10:35,457 | INFO     | [235317] 📊 Chi tiết dự đoán: {'ANGRY': 11.46, 'DISGUST': 0.37, 'FEAR': 2.41, 'HAPPY': 55.31, 'NEUTRAL': 9.73, 'SAD': 20.09, 'SURPRISE': 0.63}
2026-05-26 02:10:35,457 | INFO     | [235317] 🎯 KẾT QUẢ CHỐT: HAPPY (55.31%)
2026-05-26 02:10:35,457 | INFO     | [235317] ⏱️ Thời gian phản hồi: 139.93 ms
2026-05-26 02:10:35,459 | INFO     | [235317] ⏱️ Model inference: 133.64 ms
2026-05-26 02:10:35,460 | INFO     | [235317] 📊 Chi tiết dự đoán: {'ANGRY': 7.88, 'DISGUST': 0.35, 'FEAR': 4.78, 'HAPPY': 59.24, 'NEUTRAL': 8.08, 'SAD': 18.61, 'SURPRISE': 1.05}
2026-05-26 02:10:35,460 | INFO     | [235317] 🎯 KẾT QUẢ CHỐT: HAPPY (59.24%)
2026-05-26 02:10:35,460 | INFO     | [235317] ⏱️ Thời gian phản hồi: 142.45 ms
2026-05-26 02:10:35,462 | INFO     | [235462] ------------------------------------------
2026-05-26 02:10:35,462 | INFO     | [235462] 📥 NHẬN YÊU CẦU QUÉT KHUÔN MẶT MỚI
2026-05-26 02:10:35,463 | INFO     | [235462] Đã xử lý ảnh thành công. Kích thước tensor: (1, 48, 48, 1)
2026-05-26 02:10:35,532 | INFO     | [235462] ⏱️ Model inference: 69.12 ms
2026-05-26 02:10:35,532 | INFO     | [235462] 📊 Chi tiết dự đoán: {'ANGRY': 13.12, 'DISGUST': 0.4, 'FEAR': 3.5, 'HAPPY': 45.75, 'NEUTRAL': 11.27, 'SAD': 24.93, 'SURPRISE': 1.02}
2026-05-26 02:10:35,533 | INFO     | [235462] 🎯 KẾT QUẢ CHỐT: HAPPY (45.75%)
2026-05-26 02:10:35,533 | INFO     | [235462] ⏱️ Thời gian phản hồi: 70.12 ms
2026-05-26 02:10:36,205 | INFO     | [236205] ------------------------------------------
2026-05-26 02:10:36,205 | INFO     | [236205] 📥 NHẬN YÊU CẦU QUÉT KHUÔN MẶT MỚI
2026-05-26 02:10:36,205 | INFO     | [236205] ------------------------------------------
2026-05-26 02:10:36,206 | INFO     | [236205] 📥 NHẬN YÊU CẦU QUÉT KHUÔN MẶT MỚI
2026-05-26 02:10:36,206 | INFO     | [236206] ------------------------------------------
2026-05-26 02:10:36,206 | INFO     | [236206] 📥 NHẬN YÊU CẦU QUÉT KHUÔN MẶT MỚI
2026-05-26 02:10:36,207 | INFO     | [236205] Đã xử lý ảnh thành công. Kích thước tensor: (1, 48, 48, 1)
2026-05-26 02:10:36,210 | INFO     | [236205] Đã xử lý ảnh thành công. Kích thước tensor: (1, 48, 48, 1)
2026-05-26 02:10:36,214 | INFO     | [236206] Đã xử lý ảnh thành công. Kích thước tensor: (1, 48, 48, 1)
2026-05-26 02:10:36,327 | INFO     | [236205] ⏱️ Model inference: 119.96 ms
2026-05-26 02:10:36,327 | INFO     | [236205] 📊 Chi tiết dự đoán: {'ANGRY': 10.63, 'DISGUST': 0.34, 'FEAR': 3.6, 'HAPPY': 47.77, 'NEUTRAL': 11.33, 'SAD': 25.25, 'SURPRISE': 1.09}
2026-05-26 02:10:36,327 | INFO     | [236205] 🎯 KẾT QUẢ CHỐT: HAPPY (47.77%)
2026-05-26 02:10:36,327 | INFO     | [236205] ⏱️ Thời gian phản hồi: 122.65 ms
2026-05-26 02:10:36,335 | INFO     | [236206] ⏱️ Model inference: 118.4 ms
2026-05-26 02:10:36,336 | INFO     | [236206] 📊 Chi tiết dự đoán: {'ANGRY': 11.41, 'DISGUST': 0.44, 'FEAR': 3.7, 'HAPPY': 52.34, 'NEUTRAL': 9.96, 'SAD': 21.2, 'SURPRISE': 0.96}
2026-05-26 02:10:36,336 | INFO     | [236206] 🎯 KẾT QUẢ CHỐT: HAPPY (52.34%)
2026-05-26 02:10:36,336 | INFO     | [236206] ⏱️ Thời gian phản hồi: 129.84 ms
2026-05-26 02:10:36,346 | INFO     | [236346] ------------------------------------------
2026-05-26 02:10:36,346 | INFO     | [236346] 📥 NHẬN YÊU CẦU QUÉT KHUÔN MẶT MỚI
2026-05-26 02:10:36,348 | INFO     | [236346] Đã xử lý ảnh thành công. Kích thước tensor: (1, 48, 48, 1)
2026-05-26 02:10:36,352 | INFO     | [236205] ⏱️ Model inference: 140.67 ms
2026-05-26 02:10:36,352 | INFO     | [236205] 📊 Chi tiết dự đoán: {'ANGRY': 10.45, 'DISGUST': 0.39, 'FEAR': 2.61, 'HAPPY': 56.33, 'NEUTRAL': 8.92, 'SAD': 20.65, 'SURPRISE': 0.65}
2026-05-26 02:10:36,353 | INFO     | [236205] 🎯 KẾT QUẢ CHỐT: HAPPY (56.33%)
2026-05-26 02:10:36,355 | INFO     | [236205] ⏱️ Thời gian phản hồi: 147.43 ms
2026-05-26 02:10:36,416 | INFO     | [236346] ⏱️ Model inference: 68.78 ms
2026-05-26 02:10:36,416 | INFO     | [236346] 📊 Chi tiết dự đoán: {'ANGRY': 8.76, 'DISGUST': 0.38, 'FEAR': 4.53, 'HAPPY': 52.5, 'NEUTRAL': 9.75, 'SAD': 23.07, 'SURPRISE': 1.01}
2026-05-26 02:10:36,416 | INFO     | [236346] 🎯 KẾT QUẢ CHỐT: HAPPY (52.50%)
2026-05-26 02:10:36,418 | INFO     | [236346] ⏱️ Thời gian phản hồi: 69.98 ms
2026-05-26 02:10:36,705 | INFO     | [236705] ------------------------------------------
2026-05-26 02:10:36,705 | INFO     | [236705] 📥 NHẬN YÊU CẦU QUÉT KHUÔN MẶT MỚI
2026-05-26 02:10:36,706 | INFO     | [236705] Đã xử lý ảnh thành công. Kích thước tensor: (1, 48, 48, 1)
2026-05-26 02:10:36,766 | INFO     | [236705] ⏱️ Model inference: 60.01 ms
2026-05-26 02:10:36,766 | INFO     | [236705] 📊 Chi tiết dự đoán: {'ANGRY': 8.47, 'DISGUST': 0.34, 'FEAR': 3.19, 'HAPPY': 60.91, 'NEUTRAL': 8.14, 'SAD': 18.2, 'SURPRISE': 0.74}
2026-05-26 02:10:36,766 | INFO     | [236705] 🎯 KẾT QUẢ CHỐT: HAPPY (60.91%)
2026-05-26 02:10:36,766 | INFO     | [236705] ⏱️ Thời gian phản hồi: 61.05 ms
2026-05-26 02:10:37,328 | INFO     | [237328] ------------------------------------------
2026-05-26 02:10:37,328 | INFO     | [237328] 📥 NHẬN YÊU CẦU QUÉT KHUÔN MẶT MỚI
2026-05-26 02:10:37,328 | INFO     | [237328] ------------------------------------------
2026-05-26 02:10:37,328 | INFO     | [237328] 📥 NHẬN YÊU CẦU QUÉT KHUÔN MẶT MỚI
2026-05-26 02:10:37,329 | INFO     | [237328] Đã xử lý ảnh thành công. Kích thước tensor: (1, 48, 48, 1)
2026-05-26 02:10:37,331 | INFO     | [237328] Đã xử lý ảnh thành công. Kích thước tensor: (1, 48, 48, 1)
2026-05-26 02:10:37,362 | INFO     | [237362] ------------------------------------------
2026-05-26 02:10:37,362 | INFO     | [237362] 📥 NHẬN YÊU CẦU QUÉT KHUÔN MẶT MỚI
2026-05-26 02:10:37,367 | INFO     | [237362] Đã xử lý ảnh thành công. Kích thước tensor: (1, 48, 48, 1)
2026-05-26 02:10:37,461 | INFO     | [237328] ⏱️ Model inference: 128.52 ms
2026-05-26 02:10:37,461 | INFO     | [237328] 📊 Chi tiết dự đoán: {'ANGRY': 9.69, 'DISGUST': 0.4, 'FEAR': 3.07, 'HAPPY': 53.77, 'NEUTRAL': 10.67, 'SAD': 21.7, 'SURPRISE': 0.69}
2026-05-26 02:10:37,461 | INFO     | [237328] 🎯 KẾT QUẢ CHỐT: HAPPY (53.77%)
2026-05-26 02:10:37,461 | INFO     | [237328] ⏱️ Thời gian phản hồi: 133.36 ms
2026-05-26 02:10:37,464 | INFO     | [237328] ⏱️ Model inference: 135.24 ms
2026-05-26 02:10:37,464 | INFO     | [237328] 📊 Chi tiết dự đoán: {'ANGRY': 8.28, 'DISGUST': 0.37, 'FEAR': 2.93, 'HAPPY': 62.49, 'NEUTRAL': 7.91, 'SAD': 17.28, 'SURPRISE': 0.73}
2026-05-26 02:10:37,464 | INFO     | [237328] 🎯 KẾT QUẢ CHỐT: HAPPY (62.49%)
2026-05-26 02:10:37,464 | INFO     | [237328] ⏱️ Thời gian phản hồi: 136.75 ms
2026-05-26 02:10:37,480 | INFO     | [237362] ⏱️ Model inference: 108.87 ms
2026-05-26 02:10:37,481 | INFO     | [237362] 📊 Chi tiết dự đoán: {'ANGRY': 8.05, 'DISGUST': 0.44, 'FEAR': 4.33, 'HAPPY': 60.07, 'NEUTRAL': 9.27, 'SAD': 16.78, 'SURPRISE': 1.05}
2026-05-26 02:10:37,481 | INFO     | [237362] 🎯 KẾT QUẢ CHỐT: HAPPY (60.07%)
2026-05-26 02:10:37,481 | INFO     | [237362] ⏱️ Thời gian phản hồi: 119.19 ms
2026-05-26 02:10:38,216 | INFO     | [238216] ------------------------------------------
2026-05-26 02:10:38,216 | INFO     | [238216] 📥 NHẬN YÊU CẦU QUÉT KHUÔN MẶT MỚI
2026-05-26 02:10:38,217 | INFO     | [238217] ------------------------------------------
2026-05-26 02:10:38,217 | INFO     | [238217] 📥 NHẬN YÊU CẦU QUÉT KHUÔN MẶT MỚI
2026-05-26 02:10:38,217 | INFO     | [238217] ------------------------------------------
2026-05-26 02:10:38,217 | INFO     | [238217] 📥 NHẬN YÊU CẦU QUÉT KHUÔN MẶT MỚI
2026-05-26 02:10:38,218 | INFO     | [238216] Đã xử lý ảnh thành công. Kích thước tensor: (1, 48, 48, 1)
2026-05-26 02:10:38,221 | INFO     | [238217] Đã xử lý ảnh thành công. Kích thước tensor: (1, 48, 48, 1)
2026-05-26 02:10:38,227 | INFO     | [238217] Đã xử lý ảnh thành công. Kích thước tensor: (1, 48, 48, 1)
2026-05-26 02:10:38,356 | INFO     | [238216] ⏱️ Model inference: 137.57 ms
2026-05-26 02:10:38,356 | INFO     | [238216] 📊 Chi tiết dự đoán: {'ANGRY': 7.72, 'DISGUST': 0.38, 'FEAR': 3.67, 'HAPPY': 60.16, 'NEUTRAL': 8.97, 'SAD': 18.38, 'SURPRISE': 0.72}
2026-05-26 02:10:38,356 | INFO     | [238216] 🎯 KẾT QUẢ CHỐT: HAPPY (60.16%)
2026-05-26 02:10:38,356 | INFO     | [238216] ⏱️ Thời gian phản hồi: 140.25 ms
2026-05-26 02:10:38,364 | INFO     | [238217] ⏱️ Model inference: 142.25 ms
2026-05-26 02:10:38,365 | INFO     | [238217] 📊 Chi tiết dự đoán: {'ANGRY': 7.83, 'DISGUST': 0.34, 'FEAR': 3.9, 'HAPPY': 52.0, 'NEUTRAL': 10.75, 'SAD': 24.4, 'SURPRISE': 0.78}
2026-05-26 02:10:38,365 | INFO     | [238217] 🎯 KẾT QUẢ CHỐT: HAPPY (52.00%)
2026-05-26 02:10:38,365 | INFO     | [238217] ⏱️ Thời gian phản hồi: 147.92 ms
2026-05-26 02:10:38,366 | INFO     | [238217] ⏱️ Model inference: 136.88 ms
2026-05-26 02:10:38,366 | INFO     | [238217] 📊 Chi tiết dự đoán: {'ANGRY': 8.39, 'DISGUST': 0.38, 'FEAR': 3.68, 'HAPPY': 55.15, 'NEUTRAL': 9.9, 'SAD': 21.82, 'SURPRISE': 0.69}
2026-05-26 02:10:38,366 | INFO     | [238217] 🎯 KẾT QUẢ CHỐT: HAPPY (55.15%)
2026-05-26 02:10:38,368 | INFO     | [238217] ⏱️ Thời gian phản hồi: 149.29 ms
2026-05-26 02:10:38,370 | INFO     | [238370] ------------------------------------------
2026-05-26 02:10:38,370 | INFO     | [238370] 📥 NHẬN YÊU CẦU QUÉT KHUÔN MẶT MỚI
2026-05-26 02:10:38,371 | INFO     | [238370] Đã xử lý ảnh thành công. Kích thước tensor: (1, 48, 48, 1)
2026-05-26 02:10:38,439 | INFO     | [238370] ⏱️ Model inference: 67.45 ms
2026-05-26 02:10:38,439 | INFO     | [238370] 📊 Chi tiết dự đoán: {'ANGRY': 10.24, 'DISGUST': 0.51, 'FEAR': 4.41, 'HAPPY': 50.21, 'NEUTRAL': 9.76, 'SAD': 23.86, 'SURPRISE': 1.01}
2026-05-26 02:10:38,439 | INFO     | [238370] 🎯 KẾT QUẢ CHỐT: HAPPY (50.21%)
2026-05-26 02:10:38,439 | INFO     | [238370] ⏱️ Thời gian phản hồi: 68.47 ms
2026-05-26 02:10:39,098 | INFO     | [239098] ------------------------------------------
2026-05-26 02:10:39,098 | INFO     | [239098] 📥 NHẬN YÊU CẦU QUÉT KHUÔN MẶT MỚI
2026-05-26 02:10:39,100 | INFO     | [239100] ------------------------------------------
2026-05-26 02:10:39,100 | INFO     | [239100] 📥 NHẬN YÊU CẦU QUÉT KHUÔN MẶT MỚI
2026-05-26 02:10:39,101 | INFO     | [239101] ------------------------------------------
2026-05-26 02:10:39,101 | INFO     | [239101] 📥 NHẬN YÊU CẦU QUÉT KHUÔN MẶT MỚI
2026-05-26 02:10:39,102 | INFO     | [239098] Đã xử lý ảnh thành công. Kích thước tensor: (1, 48, 48, 1)
2026-05-26 02:10:39,104 | INFO     | [239100] Đã xử lý ảnh thành công. Kích thước tensor: (1, 48, 48, 1)
2026-05-26 02:10:39,112 | INFO     | [239101] Đã xử lý ảnh thành công. Kích thước tensor: (1, 48, 48, 1)
2026-05-26 02:10:39,224 | INFO     | [239100] ⏱️ Model inference: 117.53 ms
2026-05-26 02:10:39,225 | INFO     | [239100] 📊 Chi tiết dự đoán: {'ANGRY': 9.63, 'DISGUST': 0.42, 'FEAR': 4.65, 'HAPPY': 49.68, 'NEUTRAL': 10.51, 'SAD': 24.1, 'SURPRISE': 1.0}
2026-05-26 02:10:39,226 | INFO     | [239100] 🎯 KẾT QUẢ CHỐT: HAPPY (49.68%)
2026-05-26 02:10:39,226 | INFO     | [239100] ⏱️ Thời gian phản hồi: 124.97 ms
2026-05-26 02:10:39,227 | INFO     | [239101] ⏱️ Model inference: 114.87 ms
2026-05-26 02:10:39,228 | INFO     | [239101] 📊 Chi tiết dự đoán: {'ANGRY': 8.83, 'DISGUST': 0.36, 'FEAR': 3.81, 'HAPPY': 51.41, 'NEUTRAL': 10.75, 'SAD': 24.0, 'SURPRISE': 0.85}
2026-05-26 02:10:39,228 | INFO     | [239101] 🎯 KẾT QUẢ CHỐT: HAPPY (51.41%)
2026-05-26 02:10:39,228 | INFO     | [239101] ⏱️ Thời gian phản hồi: 126.97 ms
2026-05-26 02:10:39,266 | INFO     | [239098] ⏱️ Model inference: 163.22 ms
2026-05-26 02:10:39,267 | INFO     | [239098] 📊 Chi tiết dự đoán: {'ANGRY': 7.99, 'DISGUST': 0.33, 'FEAR': 4.56, 'HAPPY': 51.09, 'NEUTRAL': 11.1, 'SAD': 24.09, 'SURPRISE': 0.84}
2026-05-26 02:10:39,267 | INFO     | [239098] 🎯 KẾT QUẢ CHỐT: HAPPY (51.09%)
2026-05-26 02:10:39,267 | INFO     | [239098] ⏱️ Thời gian phản hồi: 167.43 ms
2026-05-26 02:10:39,364 | INFO     | [239364] ------------------------------------------
2026-05-26 02:10:39,364 | INFO     | [239364] 📥 NHẬN YÊU CẦU QUÉT KHUÔN MẶT MỚI
2026-05-26 02:10:39,365 | INFO     | [239364] Đã xử lý ảnh thành công. Kích thước tensor: (1, 48, 48, 1)
2026-05-26 02:10:39,427 | INFO     | [239364] ⏱️ Model inference: 62.09 ms
2026-05-26 02:10:39,427 | INFO     | [239364] 📊 Chi tiết dự đoán: {'ANGRY': 8.22, 'DISGUST': 0.48, 'FEAR': 5.11, 'HAPPY': 48.57, 'NEUTRAL': 11.4, 'SAD': 25.11, 'SURPRISE': 1.11}
2026-05-26 02:10:39,427 | INFO     | [239364] 🎯 KẾT QUẢ CHỐT: HAPPY (48.57%)
2026-05-26 02:10:39,428 | INFO     | [239364] ⏱️ Thời gian phản hồi: 63.09 ms
2026-05-26 02:10:40,209 | INFO     | [240209] ------------------------------------------
2026-05-26 02:10:40,209 | INFO     | [240209] 📥 NHẬN YÊU CẦU QUÉT KHUÔN MẶT MỚI
2026-05-26 02:10:40,209 | INFO     | [240209] ------------------------------------------
2026-05-26 02:10:40,210 | INFO     | [240209] 📥 NHẬN YÊU CẦU QUÉT KHUÔN MẶT MỚI
2026-05-26 02:10:40,210 | INFO     | [240210] ------------------------------------------
2026-05-26 02:10:40,210 | INFO     | [240210] 📥 NHẬN YÊU CẦU QUÉT KHUÔN MẶT MỚI
2026-05-26 02:10:40,211 | INFO     | [240209] Đã xử lý ảnh thành công. Kích thước tensor: (1, 48, 48, 1)
2026-05-26 02:10:40,213 | INFO     | [240209] Đã xử lý ảnh thành công. Kích thước tensor: (1, 48, 48, 1)
2026-05-26 02:10:40,217 | INFO     | [240210] Đã xử lý ảnh thành công. Kích thước tensor: (1, 48, 48, 1)
2026-05-26 02:10:40,333 | INFO     | [240209] ⏱️ Model inference: 121.37 ms
2026-05-26 02:10:40,334 | INFO     | [240209] 📊 Chi tiết dự đoán: {'ANGRY': 8.35, 'DISGUST': 0.43, 'FEAR': 5.78, 'HAPPY': 42.46, 'NEUTRAL': 12.81, 'SAD': 28.9, 'SURPRISE': 1.27}
2026-05-26 02:10:40,334 | INFO     | [240209] 🎯 KẾT QUẢ CHỐT: HAPPY (42.46%)
2026-05-26 02:10:40,334 | INFO     | [240209] ⏱️ Thời gian phản hồi: 124.72 ms
2026-05-26 02:10:40,335 | INFO     | [240209] ⏱️ Model inference: 121.12 ms
2026-05-26 02:10:40,335 | INFO     | [240209] 📊 Chi tiết dự đoán: {'ANGRY': 7.18, 'DISGUST': 0.36, 'FEAR': 3.93, 'HAPPY': 61.6, 'NEUTRAL': 9.15, 'SAD': 17.0, 'SURPRISE': 0.77}
2026-05-26 02:10:40,335 | INFO     | [240209] 🎯 KẾT QUẢ CHỐT: HAPPY (61.60%)
2026-05-26 02:10:40,335 | INFO     | [240209] ⏱️ Thời gian phản hồi: 126.21 ms
2026-05-26 02:10:40,336 | INFO     | [240210] ⏱️ Model inference: 119.86 ms
2026-05-26 02:10:40,336 | INFO     | [240210] 📊 Chi tiết dự đoán: {'ANGRY': 7.22, 'DISGUST': 0.38, 'FEAR': 3.86, 'HAPPY': 60.99, 'NEUTRAL': 9.0, 'SAD': 17.82, 'SURPRISE': 0.74}
2026-05-26 02:10:40,337 | INFO     | [240210] 🎯 KẾT QUẢ CHỐT: HAPPY (60.99%)
2026-05-26 02:10:40,337 | INFO     | [240210] ⏱️ Thời gian phản hồi: 126.18 ms
2026-05-26 02:10:40,348 | INFO     | [240348] ------------------------------------------
2026-05-26 02:10:40,348 | INFO     | [240348] 📥 NHẬN YÊU CẦU QUÉT KHUÔN MẶT MỚI
2026-05-26 02:10:40,349 | INFO     | [240348] Đã xử lý ảnh thành công. Kích thước tensor: (1, 48, 48, 1)
2026-05-26 02:10:40,406 | INFO     | [240348] ⏱️ Model inference: 56.72 ms
2026-05-26 02:10:40,407 | INFO     | [240348] 📊 Chi tiết dự đoán: {'ANGRY': 9.13, 'DISGUST': 0.4, 'FEAR': 3.86, 'HAPPY': 56.44, 'NEUTRAL': 9.4, 'SAD': 19.83, 'SURPRISE': 0.93}
2026-05-26 02:10:40,407 | INFO     | [240348] 🎯 KẾT QUẢ CHỐT: HAPPY (56.44%)
2026-05-26 02:10:40,407 | INFO     | [240348] ⏱️ Thời gian phản hồi: 58.95 ms
2026-05-26 02:10:41,313 | INFO     | [241313] ------------------------------------------
2026-05-26 02:10:41,314 | INFO     | [241313] 📥 NHẬN YÊU CẦU QUÉT KHUÔN MẶT MỚI
2026-05-26 02:10:41,314 | INFO     | [241314] ------------------------------------------
2026-05-26 02:10:41,314 | INFO     | [241314] 📥 NHẬN YÊU CẦU QUÉT KHUÔN MẶT MỚI
2026-05-26 02:10:41,315 | INFO     | [241315] ------------------------------------------
2026-05-26 02:10:41,315 | INFO     | [241315] 📥 NHẬN YÊU CẦU QUÉT KHUÔN MẶT MỚI
2026-05-26 02:10:41,315 | INFO     | [241313] Đã xử lý ảnh thành công. Kích thước tensor: (1, 48, 48, 1)
2026-05-26 02:10:41,317 | INFO     | [241314] Đã xử lý ảnh thành công. Kích thước tensor: (1, 48, 48, 1)
2026-05-26 02:10:41,324 | INFO     | [241315] Đã xử lý ảnh thành công. Kích thước tensor: (1, 48, 48, 1)
2026-05-26 02:10:41,446 | INFO     | [241314] ⏱️ Model inference: 129.22 ms
2026-05-26 02:10:41,446 | INFO     | [241314] 📊 Chi tiết dự đoán: {'ANGRY': 8.45, 'DISGUST': 0.39, 'FEAR': 3.31, 'HAPPY': 60.25, 'NEUTRAL': 8.25, 'SAD': 18.6, 'SURPRISE': 0.76}
2026-05-26 02:10:41,448 | INFO     | [241314] 🎯 KẾT QUẢ CHỐT: HAPPY (60.25%)
2026-05-26 02:10:41,448 | INFO     | [241314] ⏱️ Thời gian phản hồi: 132.42 ms
2026-05-26 02:10:41,449 | INFO     | [241313] ⏱️ Model inference: 134.2 ms
2026-05-26 02:10:41,450 | INFO     | [241313] 📊 Chi tiết dự đoán: {'ANGRY': 7.5, 'DISGUST': 0.38, 'FEAR': 3.42, 'HAPPY': 60.9, 'NEUTRAL': 9.7, 'SAD': 17.25, 'SURPRISE': 0.85}
2026-05-26 02:10:41,450 | INFO     | [241313] 🎯 KẾT QUẢ CHỐT: HAPPY (60.90%)
2026-05-26 02:10:41,450 | INFO     | [241313] ⏱️ Thời gian phản hồi: 137.41 ms
2026-05-26 02:10:41,453 | INFO     | [241315] ⏱️ Model inference: 127.64 ms
2026-05-26 02:10:41,454 | INFO     | [241315] 📊 Chi tiết dự đoán: {'ANGRY': 9.24, 'DISGUST': 0.4, 'FEAR': 3.03, 'HAPPY': 64.02, 'NEUTRAL': 7.02, 'SAD': 15.63, 'SURPRISE': 0.65}
2026-05-26 02:10:41,454 | INFO     | [241315] 🎯 KẾT QUẢ CHỐT: HAPPY (64.02%)
2026-05-26 02:10:41,454 | INFO     | [241315] ⏱️ Thời gian phản hồi: 139.09 ms
2026-05-26 02:10:41,468 | INFO     | [241468] ------------------------------------------
2026-05-26 02:10:41,468 | INFO     | [241468] 📥 NHẬN YÊU CẦU QUÉT KHUÔN MẶT MỚI
2026-05-26 02:10:41,469 | INFO     | [241468] Đã xử lý ảnh thành công. Kích thước tensor: (1, 48, 48, 1)
2026-05-26 02:10:41,536 | INFO     | [241468] ⏱️ Model inference: 67.1 ms
2026-05-26 02:10:41,537 | INFO     | [241468] 📊 Chi tiết dự đoán: {'ANGRY': 7.89, 'DISGUST': 0.33, 'FEAR': 4.5, 'HAPPY': 60.52, 'NEUTRAL': 8.76, 'SAD': 16.99, 'SURPRISE': 1.01}
2026-05-26 02:10:41,537 | INFO     | [241468] 🎯 KẾT QUẢ CHỐT: HAPPY (60.52%)
2026-05-26 02:10:41,537 | INFO     | [241468] ⏱️ Thời gian phản hồi: 69.18 ms
2026-05-26 02:10:42,196 | INFO     | [242196] ------------------------------------------
2026-05-26 02:10:42,196 | INFO     | [242196] 📥 NHẬN YÊU CẦU QUÉT KHUÔN MẶT MỚI
2026-05-26 02:10:42,197 | INFO     | [242196] ------------------------------------------
2026-05-26 02:10:42,197 | INFO     | [242196] 📥 NHẬN YÊU CẦU QUÉT KHUÔN MẶT MỚI
2026-05-26 02:10:42,197 | INFO     | [242197] ------------------------------------------
2026-05-26 02:10:42,197 | INFO     | [242197] 📥 NHẬN YÊU CẦU QUÉT KHUÔN MẶT MỚI
2026-05-26 02:10:42,198 | INFO     | [242196] Đã xử lý ảnh thành công. Kích thước tensor: (1, 48, 48, 1)
2026-05-26 02:10:42,200 | INFO     | [242196] Đã xử lý ảnh thành công. Kích thước tensor: (1, 48, 48, 1)
2026-05-26 02:10:42,207 | INFO     | [242197] Đã xử lý ảnh thành công. Kích thước tensor: (1, 48, 48, 1)
2026-05-26 02:10:42,339 | INFO     | [242196] ⏱️ Model inference: 140.78 ms
2026-05-26 02:10:42,340 | INFO     | [242196] 📊 Chi tiết dự đoán: {'ANGRY': 10.22, 'DISGUST': 0.44, 'FEAR': 4.29, 'HAPPY': 49.69, 'NEUTRAL': 10.44, 'SAD': 23.82, 'SURPRISE': 1.1}
2026-05-26 02:10:42,340 | INFO     | [242196] 🎯 KẾT QUẢ CHỐT: HAPPY (49.69%)
2026-05-26 02:10:42,340 | INFO     | [242196] ⏱️ Thời gian phản hồi: 144.12 ms
2026-05-26 02:10:42,341 | INFO     | [242196] ⏱️ Model inference: 140.13 ms
2026-05-26 02:10:42,341 | INFO     | [242196] 📊 Chi tiết dự đoán: {'ANGRY': 9.57, 'DISGUST': 0.46, 'FEAR': 5.62, 'HAPPY': 48.3, 'NEUTRAL': 9.99, 'SAD': 24.72, 'SURPRISE': 1.34}
2026-05-26 02:10:42,342 | INFO     | [242196] 🎯 KẾT QUẢ CHỐT: HAPPY (48.30%)
2026-05-26 02:10:42,342 | INFO     | [242196] ⏱️ Thời gian phản hồi: 145.13 ms
2026-05-26 02:10:42,343 | INFO     | [242197] ⏱️ Model inference: 135.0 ms
2026-05-26 02:10:42,343 | INFO     | [242197] 📊 Chi tiết dự đoán: {'ANGRY': 8.07, 'DISGUST': 0.39, 'FEAR': 4.56, 'HAPPY': 59.26, 'NEUTRAL': 9.65, 'SAD': 16.95, 'SURPRISE': 1.12}
2026-05-26 02:10:42,343 | INFO     | [242197] 🎯 KẾT QUẢ CHỐT: HAPPY (59.26%)
2026-05-26 02:10:42,343 | INFO     | [242197] ⏱️ Thời gian phản hồi: 146.17 ms
2026-05-26 02:10:42,355 | INFO     | [242355] ------------------------------------------
2026-05-26 02:10:42,355 | INFO     | [242355] 📥 NHẬN YÊU CẦU QUÉT KHUÔN MẶT MỚI
2026-05-26 02:10:42,356 | INFO     | [242355] Đã xử lý ảnh thành công. Kích thước tensor: (1, 48, 48, 1)
2026-05-26 02:10:42,424 | INFO     | [242355] ⏱️ Model inference: 67.42 ms
2026-05-26 02:10:42,425 | INFO     | [242355] 📊 Chi tiết dự đoán: {'ANGRY': 8.72, 'DISGUST': 0.36, 'FEAR': 4.67, 'HAPPY': 58.55, 'NEUTRAL': 8.72, 'SAD': 17.98, 'SURPRISE': 1.01}
2026-05-26 02:10:42,425 | INFO     | [242355] 🎯 KẾT QUẢ CHỐT: HAPPY (58.55%)
2026-05-26 02:10:42,425 | INFO     | [242355] ⏱️ Thời gian phản hồi: 69.41 ms
2026-05-26 02:10:42,577 | INFO     | [BATCH-242577] ==========================================
2026-05-26 02:10:42,578 | INFO     | [BATCH-242577] 🎞️ NHẬN CHUỖI 5 KHUNG HÌNH (BATCH)
2026-05-26 02:10:43,039 | INFO     | [BATCH-242577] ⏱️ Batch inference elapsed: 460.71 ms (5 frames)
2026-05-26 02:10:43,039 | INFO     | [BATCH-242577] ↳ Frame 1/5: HAPPY (60.5%)
2026-05-26 02:10:43,040 | INFO     | [BATCH-242577] ↳ Frame 2/5: HAPPY (59.3%)
2026-05-26 02:10:43,040 | INFO     | [BATCH-242577] ↳ Frame 3/5: HAPPY (49.7%)
2026-05-26 02:10:43,040 | INFO     | [BATCH-242577] ↳ Frame 4/5: HAPPY (48.3%)
2026-05-26 02:10:43,040 | INFO     | [BATCH-242577] ↳ Frame 5/5: HAPPY (58.5%)
2026-05-26 02:10:43,040 | INFO     | [BATCH-242577] 🎯 KẾT QUẢ CHUỖI: HAPPY (Tần suất: {'HAPPY': 5})
2026-05-26 02:10:43,041 | INFO     | [BATCH-242577] ⏱️ Tổng thời gian xử lý: 462.95 ms
2026-05-26 02:11:46,195 | INFO     | [306195] ------------------------------------------
2026-05-26 02:11:46,196 | INFO     | [306195] 📥 NHẬN YÊU CẦU QUÉT KHUÔN MẶT MỚI
2026-05-26 02:11:46,197 | INFO     | [306197] ------------------------------------------
2026-05-26 02:11:46,197 | INFO     | [306197] 📥 NHẬN YÊU CẦU QUÉT KHUÔN MẶT MỚI
2026-05-26 02:11:46,197 | INFO     | [306197] ------------------------------------------
2026-05-26 02:11:46,199 | INFO     | [306197] 📥 NHẬN YÊU CẦU QUÉT KHUÔN MẶT MỚI
2026-05-26 02:11:46,199 | INFO     | [306195] Đã xử lý ảnh thành công. Kích thước tensor: (1, 48, 48, 1)
2026-05-26 02:11:46,201 | INFO     | [306197] Đã xử lý ảnh thành công. Kích thước tensor: (1, 48, 48, 1)
2026-05-26 02:11:46,205 | INFO     | [306197] Đã xử lý ảnh thành công. Kích thước tensor: (1, 48, 48, 1)
2026-05-26 02:11:46,338 | INFO     | [306197] ⏱️ Model inference: 131.28 ms
2026-05-26 02:11:46,338 | INFO     | [306197] 📊 Chi tiết dự đoán: {'ANGRY': 9.19, 'DISGUST': 0.22, 'FEAR': 6.79, 'HAPPY': 45.12, 'NEUTRAL': 8.33, 'SAD': 28.84, 'SURPRISE': 1.53}
2026-05-26 02:11:46,338 | INFO     | [306197] 🎯 KẾT QUẢ CHỐT: HAPPY (45.12%)
2026-05-26 02:11:46,338 | INFO     | [306197] ⏱️ Thời gian phản hồi: 140.77 ms
2026-05-26 02:11:46,339 | INFO     | [306197] ⏱️ Model inference: 137.32 ms
2026-05-26 02:11:46,341 | INFO     | [306197] 📊 Chi tiết dự đoán: {'ANGRY': 9.49, 'DISGUST': 0.23, 'FEAR': 4.97, 'HAPPY': 58.74, 'NEUTRAL': 5.55, 'SAD': 19.96, 'SURPRISE': 1.06}
2026-05-26 02:11:46,341 | INFO     | [306197] 🎯 KẾT QUẢ CHỐT: HAPPY (58.74%)
2026-05-26 02:11:46,341 | INFO     | [306197] ⏱️ Thời gian phản hồi: 143.6 ms
2026-05-26 02:11:46,342 | INFO     | [306195] ⏱️ Model inference: 143.37 ms
2026-05-26 02:11:46,343 | INFO     | [306195] 📊 Chi tiết dự đoán: {'ANGRY': 8.43, 'DISGUST': 0.2, 'FEAR': 5.57, 'HAPPY': 43.06, 'NEUTRAL': 9.68, 'SAD': 32.02, 'SURPRISE': 1.04}
2026-05-26 02:11:46,343 | INFO     | [306195] 🎯 KẾT QUẢ CHỐT: HAPPY (43.06%)
2026-05-26 02:11:46,343 | INFO     | [306195] ⏱️ Thời gian phản hồi: 148.52 ms
2026-05-26 02:11:46,439 | INFO     | [306439] ------------------------------------------
2026-05-26 02:11:46,439 | INFO     | [306439] 📥 NHẬN YÊU CẦU QUÉT KHUÔN MẶT MỚI
2026-05-26 02:11:46,440 | INFO     | [306439] Đã xử lý ảnh thành công. Kích thước tensor: (1, 48, 48, 1)
2026-05-26 02:11:46,503 | INFO     | [306439] ⏱️ Model inference: 62.59 ms
2026-05-26 02:11:46,503 | INFO     | [306439] 📊 Chi tiết dự đoán: {'ANGRY': 8.29, 'DISGUST': 0.16, 'FEAR': 5.73, 'HAPPY': 41.91, 'NEUTRAL': 11.64, 'SAD': 31.18, 'SURPRISE': 1.08}
2026-05-26 02:11:46,503 | INFO     | [306439] 🎯 KẾT QUẢ CHỐT: HAPPY (41.91%)
2026-05-26 02:11:46,503 | INFO     | [306439] ⏱️ Thời gian phản hồi: 64.09 ms
2026-05-26 02:11:47,402 | INFO     | [307402] ------------------------------------------
2026-05-26 02:11:47,403 | INFO     | [307402] 📥 NHẬN YÊU CẦU QUÉT KHUÔN MẶT MỚI
2026-05-26 02:11:47,404 | INFO     | [307404] ------------------------------------------
2026-05-26 02:11:47,404 | INFO     | [307404] 📥 NHẬN YÊU CẦU QUÉT KHUÔN MẶT MỚI
2026-05-26 02:11:47,404 | INFO     | [307404] ------------------------------------------
2026-05-26 02:11:47,404 | INFO     | [307404] 📥 NHẬN YÊU CẦU QUÉT KHUÔN MẶT MỚI
2026-05-26 02:11:47,405 | INFO     | [307402] Đã xử lý ảnh thành công. Kích thước tensor: (1, 48, 48, 1)
2026-05-26 02:11:47,408 | INFO     | [307404] Đã xử lý ảnh thành công. Kích thước tensor: (1, 48, 48, 1)
2026-05-26 02:11:47,416 | INFO     | [307404] Đã xử lý ảnh thành công. Kích thước tensor: (1, 48, 48, 1)
2026-05-26 02:11:47,554 | INFO     | [307404] ⏱️ Model inference: 137.65 ms
2026-05-26 02:11:47,556 | INFO     | [307404] 📊 Chi tiết dự đoán: {'ANGRY': 10.7, 'DISGUST': 0.24, 'FEAR': 6.24, 'HAPPY': 40.24, 'NEUTRAL': 10.18, 'SAD': 31.41, 'SURPRISE': 1.0}
2026-05-26 02:11:47,556 | INFO     | [307404] 🎯 KẾT QUẢ CHỐT: HAPPY (40.24%)
2026-05-26 02:11:47,556 | INFO     | [307404] ⏱️ Thời gian phản hồi: 150.02 ms
2026-05-26 02:11:47,557 | INFO     | [307404] ⏱️ Model inference: 148.96 ms
2026-05-26 02:11:47,558 | INFO     | [307404] 📊 Chi tiết dự đoán: {'ANGRY': 9.16, 'DISGUST': 0.19, 'FEAR': 6.32, 'HAPPY': 35.92, 'NEUTRAL': 11.58, 'SAD': 35.76, 'SURPRISE': 1.07}
2026-05-26 02:11:47,558 | INFO     | [307404] 🎯 KẾT QUẢ CHỐT: HAPPY (35.92%)
2026-05-26 02:11:47,558 | INFO     | [307404] ⏱️ Thời gian phản hồi: 153.38 ms
2026-05-26 02:11:47,559 | INFO     | [307402] ⏱️ Model inference: 153.12 ms
2026-05-26 02:11:47,559 | INFO     | [307402] 📊 Chi tiết dự đoán: {'ANGRY': 9.62, 'DISGUST': 0.21, 'FEAR': 5.36, 'HAPPY': 40.99, 'NEUTRAL': 10.94, 'SAD': 31.94, 'SURPRISE': 0.94}
2026-05-26 02:11:47,560 | INFO     | [307402] 🎯 KẾT QUẢ CHỐT: HAPPY (40.99%)
2026-05-26 02:11:47,560 | INFO     | [307402] ⏱️ Thời gian phản hồi: 156.86 ms
2026-05-26 02:11:47,571 | INFO     | [307571] ------------------------------------------
2026-05-26 02:11:47,571 | INFO     | [307571] 📥 NHẬN YÊU CẦU QUÉT KHUÔN MẶT MỚI
2026-05-26 02:11:47,572 | INFO     | [307571] Đã xử lý ảnh thành công. Kích thước tensor: (1, 48, 48, 1)
2026-05-26 02:11:47,640 | INFO     | [307571] ⏱️ Model inference: 67.91 ms
2026-05-26 02:11:47,641 | INFO     | [307571] 📊 Chi tiết dự đoán: {'ANGRY': 9.86, 'DISGUST': 0.22, 'FEAR': 5.41, 'HAPPY': 40.86, 'NEUTRAL': 9.43, 'SAD': 33.22, 'SURPRISE': 1.01}
2026-05-26 02:11:47,641 | INFO     | [307571] 🎯 KẾT QUẢ CHỐT: HAPPY (40.86%)
2026-05-26 02:11:47,641 | INFO     | [307571] ⏱️ Thời gian phản hồi: 69.92 ms
2026-05-26 02:11:48,202 | INFO     | [308202] ------------------------------------------
2026-05-26 02:11:48,204 | INFO     | [308202] 📥 NHẬN YÊU CẦU QUÉT KHUÔN MẶT MỚI
2026-05-26 02:11:48,204 | INFO     | [308204] ------------------------------------------
2026-05-26 02:11:48,204 | INFO     | [308204] 📥 NHẬN YÊU CẦU QUÉT KHUÔN MẶT MỚI
2026-05-26 02:11:48,205 | INFO     | [308205] ------------------------------------------
2026-05-26 02:11:48,205 | INFO     | [308205] 📥 NHẬN YÊU CẦU QUÉT KHUÔN MẶT MỚI
2026-05-26 02:11:48,205 | INFO     | [308202] Đã xử lý ảnh thành công. Kích thước tensor: (1, 48, 48, 1)
2026-05-26 02:11:48,208 | INFO     | [308204] Đã xử lý ảnh thành công. Kích thước tensor: (1, 48, 48, 1)
2026-05-26 02:11:48,212 | INFO     | [308205] Đã xử lý ảnh thành công. Kích thước tensor: (1, 48, 48, 1)
2026-05-26 02:11:48,335 | INFO     | [308202] ⏱️ Model inference: 129.78 ms
2026-05-26 02:11:48,337 | INFO     | [308202] 📊 Chi tiết dự đoán: {'ANGRY': 8.22, 'DISGUST': 0.19, 'FEAR': 4.59, 'HAPPY': 53.57, 'NEUTRAL': 8.95, 'SAD': 23.56, 'SURPRISE': 0.91}
2026-05-26 02:11:48,338 | INFO     | [308202] 🎯 KẾT QUẢ CHỐT: HAPPY (53.57%)
2026-05-26 02:11:48,339 | INFO     | [308202] ⏱️ Thời gian phản hồi: 134.28 ms
2026-05-26 02:11:48,352 | INFO     | [308205] ⏱️ Model inference: 139.22 ms
2026-05-26 02:11:48,352 | INFO     | [308205] 📊 Chi tiết dự đoán: {'ANGRY': 8.47, 'DISGUST': 0.23, 'FEAR': 5.16, 'HAPPY': 49.69, 'NEUTRAL': 8.83, 'SAD': 26.61, 'SURPRISE': 1.01}
2026-05-26 02:11:48,352 | INFO     | [308205] 🎯 KẾT QUẢ CHỐT: HAPPY (49.69%)
2026-05-26 02:11:48,352 | INFO     | [308205] ⏱️ Thời gian phản hồi: 147.59 ms
2026-05-26 02:11:48,392 | INFO     | [308204] ⏱️ Model inference: 183.81 ms
2026-05-26 02:11:48,392 | INFO     | [308204] 📊 Chi tiết dự đoán: {'ANGRY': 7.95, 'DISGUST': 0.19, 'FEAR': 5.39, 'HAPPY': 36.52, 'NEUTRAL': 11.03, 'SAD': 37.81, 'SURPRISE': 1.11}
2026-05-26 02:11:48,394 | INFO     | [308204] 🎯 KẾT QUẢ CHỐT: SAD (37.81%)
2026-05-26 02:11:48,394 | INFO     | [308204] ⏱️ Thời gian phản hồi: 188.72 ms
2026-05-26 02:11:48,437 | INFO     | [308437] ------------------------------------------
2026-05-26 02:11:48,437 | INFO     | [308437] 📥 NHẬN YÊU CẦU QUÉT KHUÔN MẶT MỚI
2026-05-26 02:11:48,437 | INFO     | [308437] Đã xử lý ảnh thành công. Kích thước tensor: (1, 48, 48, 1)
2026-05-26 02:11:48,504 | INFO     | [308437] ⏱️ Model inference: 65.8 ms
2026-05-26 02:11:48,504 | INFO     | [308437] 📊 Chi tiết dự đoán: {'ANGRY': 6.18, 'DISGUST': 0.15, 'FEAR': 4.94, 'HAPPY': 33.53, 'NEUTRAL': 13.09, 'SAD': 40.99, 'SURPRISE': 1.12}
2026-05-26 02:11:48,505 | INFO     | [308437] 🎯 KẾT QUẢ CHỐT: SAD (40.99%)
2026-05-26 02:11:48,505 | INFO     | [308437] ⏱️ Thời gian phản hồi: 66.8 ms
2026-05-26 02:11:49,388 | INFO     | [309388] ------------------------------------------
2026-05-26 02:11:49,389 | INFO     | [309388] 📥 NHẬN YÊU CẦU QUÉT KHUÔN MẶT MỚI
2026-05-26 02:11:49,389 | INFO     | [309389] ------------------------------------------
2026-05-26 02:11:49,389 | INFO     | [309389] 📥 NHẬN YÊU CẦU QUÉT KHUÔN MẶT MỚI
2026-05-26 02:11:49,390 | INFO     | [309390] ------------------------------------------
2026-05-26 02:11:49,390 | INFO     | [309390] 📥 NHẬN YÊU CẦU QUÉT KHUÔN MẶT MỚI
2026-05-26 02:11:49,391 | INFO     | [309388] Đã xử lý ảnh thành công. Kích thước tensor: (1, 48, 48, 1)
2026-05-26 02:11:49,393 | INFO     | [309389] Đã xử lý ảnh thành công. Kích thước tensor: (1, 48, 48, 1)
2026-05-26 02:11:49,399 | INFO     | [309390] Đã xử lý ảnh thành công. Kích thước tensor: (1, 48, 48, 1)
2026-05-26 02:11:49,516 | INFO     | [309390] ⏱️ Model inference: 116.08 ms
2026-05-26 02:11:49,517 | INFO     | [309390] 📊 Chi tiết dự đoán: {'ANGRY': 8.34, 'DISGUST': 0.17, 'FEAR': 5.18, 'HAPPY': 37.27, 'NEUTRAL': 9.62, 'SAD': 38.4, 'SURPRISE': 1.02}
2026-05-26 02:11:49,517 | INFO     | [309390] 🎯 KẾT QUẢ CHỐT: SAD (38.40%)
2026-05-26 02:11:49,517 | INFO     | [309390] ⏱️ Thời gian phản hồi: 126.42 ms
2026-05-26 02:11:49,518 | INFO     | [309388] ⏱️ Model inference: 126.9 ms
2026-05-26 02:11:49,518 | INFO     | [309388] 📊 Chi tiết dự đoán: {'ANGRY': 7.52, 'DISGUST': 0.18, 'FEAR': 5.51, 'HAPPY': 33.11, 'NEUTRAL': 12.47, 'SAD': 40.1, 'SURPRISE': 1.11}
2026-05-26 02:11:49,518 | INFO     | [309388] 🎯 KẾT QUẢ CHỐT: SAD (40.10%)
2026-05-26 02:11:49,518 | INFO     | [309388] ⏱️ Thời gian phản hồi: 130.68 ms
2026-05-26 02:11:49,520 | INFO     | [309389] ⏱️ Model inference: 125.52 ms
2026-05-26 02:11:49,521 | INFO     | [309389] 📊 Chi tiết dự đoán: {'ANGRY': 7.91, 'DISGUST': 0.2, 'FEAR': 5.22, 'HAPPY': 42.45, 'NEUTRAL': 9.37, 'SAD': 33.67, 'SURPRISE': 1.18}
2026-05-26 02:11:49,521 | INFO     | [309389] 🎯 KẾT QUẢ CHỐT: HAPPY (42.45%)
2026-05-26 02:11:49,521 | INFO     | [309389] ⏱️ Thời gian phản hồi: 132.44 ms
2026-05-26 02:11:49,528 | INFO     | [309528] ------------------------------------------
2026-05-26 02:11:49,529 | INFO     | [309528] 📥 NHẬN YÊU CẦU QUÉT KHUÔN MẶT MỚI
2026-05-26 02:11:49,529 | INFO     | [309528] Đã xử lý ảnh thành công. Kích thước tensor: (1, 48, 48, 1)
2026-05-26 02:11:49,587 | INFO     | [309528] ⏱️ Model inference: 58.2 ms
2026-05-26 02:11:49,587 | INFO     | [309528] 📊 Chi tiết dự đoán: {'ANGRY': 8.3, 'DISGUST': 0.15, 'FEAR': 5.35, 'HAPPY': 35.61, 'NEUTRAL': 9.3, 'SAD': 39.85, 'SURPRISE': 1.45}
2026-05-26 02:11:49,587 | INFO     | [309528] 🎯 KẾT QUẢ CHỐT: SAD (39.85%)
2026-05-26 02:11:49,587 | INFO     | [309528] ⏱️ Thời gian phản hồi: 59.2 ms
2026-05-26 02:11:50,059 | INFO     | [310059] ------------------------------------------
2026-05-26 02:11:50,059 | INFO     | [310059] 📥 NHẬN YÊU CẦU QUÉT KHUÔN MẶT MỚI
2026-05-26 02:11:50,060 | INFO     | [310060] ------------------------------------------
2026-05-26 02:11:50,060 | INFO     | [310060] 📥 NHẬN YÊU CẦU QUÉT KHUÔN MẶT MỚI
2026-05-26 02:11:50,062 | INFO     | [310059] Đã xử lý ảnh thành công. Kích thước tensor: (1, 48, 48, 1)
2026-05-26 02:11:50,065 | INFO     | [310060] Đã xử lý ảnh thành công. Kích thước tensor: (1, 48, 48, 1)
2026-05-26 02:11:50,162 | INFO     | [310060] ⏱️ Model inference: 96.29 ms
2026-05-26 02:11:50,162 | INFO     | [310060] 📊 Chi tiết dự đoán: {'ANGRY': 7.65, 'DISGUST': 0.18, 'FEAR': 4.92, 'HAPPY': 33.51, 'NEUTRAL': 10.82, 'SAD': 41.64, 'SURPRISE': 1.28}
2026-05-26 02:11:50,162 | INFO     | [310060] 🎯 KẾT QUẢ CHỐT: SAD (41.64%)
2026-05-26 02:11:50,162 | INFO     | [310060] ⏱️ Thời gian phản hồi: 101.79 ms
2026-05-26 02:11:50,168 | INFO     | [310059] ⏱️ Model inference: 105.18 ms
2026-05-26 02:11:50,168 | INFO     | [310059] 📊 Chi tiết dự đoán: {'ANGRY': 8.89, 'DISGUST': 0.19, 'FEAR': 5.17, 'HAPPY': 37.65, 'NEUTRAL': 9.28, 'SAD': 37.45, 'SURPRISE': 1.38}
2026-05-26 02:11:50,168 | INFO     | [310059] 🎯 KẾT QUẢ CHỐT: HAPPY (37.65%)
2026-05-26 02:11:50,169 | INFO     | [310059] ⏱️ Thời gian phản hồi: 109.3 ms
2026-05-26 02:11:50,198 | INFO     | [310198] ------------------------------------------
2026-05-26 02:11:50,199 | INFO     | [310198] 📥 NHẬN YÊU CẦU QUÉT KHUÔN MẶT MỚI
2026-05-26 02:11:50,200 | INFO     | [310198] Đã xử lý ảnh thành công. Kích thước tensor: (1, 48, 48, 1)
2026-05-26 02:11:50,256 | INFO     | [310198] ⏱️ Model inference: 55.8 ms
2026-05-26 02:11:50,256 | INFO     | [310198] 📊 Chi tiết dự đoán: {'ANGRY': 9.52, 'DISGUST': 0.16, 'FEAR': 5.44, 'HAPPY': 33.65, 'NEUTRAL': 9.77, 'SAD': 40.18, 'SURPRISE': 1.28}
2026-05-26 02:11:50,256 | INFO     | [310198] 🎯 KẾT QUẢ CHỐT: SAD (40.18%)
2026-05-26 02:11:50,256 | INFO     | [310198] ⏱️ Thời gian phản hồi: 57.83 ms
2026-05-26 02:11:50,444 | INFO     | [310444] ------------------------------------------
2026-05-26 02:11:50,444 | INFO     | [310444] 📥 NHẬN YÊU CẦU QUÉT KHUÔN MẶT MỚI
2026-05-26 02:11:50,445 | INFO     | [310444] Đã xử lý ảnh thành công. Kích thước tensor: (1, 48, 48, 1)
2026-05-26 02:11:50,508 | INFO     | [310444] ⏱️ Model inference: 62.47 ms
2026-05-26 02:11:50,509 | INFO     | [310444] 📊 Chi tiết dự đoán: {'ANGRY': 9.2, 'DISGUST': 0.22, 'FEAR': 5.6, 'HAPPY': 30.59, 'NEUTRAL': 10.28, 'SAD': 42.58, 'SURPRISE': 1.53}
2026-05-26 02:11:50,509 | INFO     | [310444] 🎯 KẾT QUẢ CHỐT: SAD (42.58%)
2026-05-26 02:11:50,509 | INFO     | [310444] ⏱️ Thời gian phản hồi: 63.46 ms
2026-05-26 02:11:50,693 | INFO     | [310693] ------------------------------------------
2026-05-26 02:11:50,693 | INFO     | [310693] 📥 NHẬN YÊU CẦU QUÉT KHUÔN MẶT MỚI
2026-05-26 02:11:50,694 | INFO     | [310693] Đã xử lý ảnh thành công. Kích thước tensor: (1, 48, 48, 1)
2026-05-26 02:11:50,773 | INFO     | [310693] ⏱️ Model inference: 79.01 ms
2026-05-26 02:11:50,773 | INFO     | [310693] 📊 Chi tiết dự đoán: {'ANGRY': 7.3, 'DISGUST': 0.16, 'FEAR': 4.52, 'HAPPY': 27.43, 'NEUTRAL': 12.58, 'SAD': 46.79, 'SURPRISE': 1.23}
2026-05-26 02:11:50,773 | INFO     | [310693] 🎯 KẾT QUẢ CHỐT: SAD (46.79%)
2026-05-26 02:11:50,773 | INFO     | [310693] ⏱️ Thời gian phản hồi: 80.13 ms
2026-05-26 02:11:51,397 | INFO     | [311397] ------------------------------------------
2026-05-26 02:11:51,397 | INFO     | [311397] 📥 NHẬN YÊU CẦU QUÉT KHUÔN MẶT MỚI
2026-05-26 02:11:51,397 | INFO     | [311397] ------------------------------------------
2026-05-26 02:11:51,398 | INFO     | [311397] 📥 NHẬN YÊU CẦU QUÉT KHUÔN MẶT MỚI
2026-05-26 02:11:51,398 | INFO     | [311397] Đã xử lý ảnh thành công. Kích thước tensor: (1, 48, 48, 1)
2026-05-26 02:11:51,400 | INFO     | [311397] Đã xử lý ảnh thành công. Kích thước tensor: (1, 48, 48, 1)
2026-05-26 02:11:51,445 | INFO     | [311445] ------------------------------------------
2026-05-26 02:11:51,446 | INFO     | [311445] 📥 NHẬN YÊU CẦU QUÉT KHUÔN MẶT MỚI
2026-05-26 02:11:51,447 | INFO     | [311445] Đã xử lý ảnh thành công. Kích thước tensor: (1, 48, 48, 1)
2026-05-26 02:11:51,516 | INFO     | [311397] ⏱️ Model inference: 114.67 ms
2026-05-26 02:11:51,518 | INFO     | [311397] 📊 Chi tiết dự đoán: {'ANGRY': 7.7, 'DISGUST': 0.16, 'FEAR': 5.37, 'HAPPY': 43.8, 'NEUTRAL': 7.25, 'SAD': 34.44, 'SURPRISE': 1.27}
2026-05-26 02:11:51,518 | INFO     | [311397] 🎯 KẾT QUẢ CHỐT: HAPPY (43.80%)
2026-05-26 02:11:51,518 | INFO     | [311397] ⏱️ Thời gian phản hồi: 121.2 ms
2026-05-26 02:11:51,519 | INFO     | [311397] ⏱️ Model inference: 121.42 ms
2026-05-26 02:11:51,521 | INFO     | [311397] 📊 Chi tiết dự đoán: {'ANGRY': 8.97, 'DISGUST': 0.18, 'FEAR': 5.76, 'HAPPY': 46.68, 'NEUTRAL': 6.96, 'SAD': 29.94, 'SURPRISE': 1.51}
2026-05-26 02:11:51,521 | INFO     | [311397] 🎯 KẾT QUẢ CHỐT: HAPPY (46.68%)
2026-05-26 02:11:51,522 | INFO     | [311397] ⏱️ Thời gian phản hồi: 123.86 ms
2026-05-26 02:11:51,543 | INFO     | [311445] ⏱️ Model inference: 96.19 ms
2026-05-26 02:11:51,543 | INFO     | [311445] 📊 Chi tiết dự đoán: {'ANGRY': 6.46, 'DISGUST': 0.11, 'FEAR': 4.44, 'HAPPY': 52.97, 'NEUTRAL': 7.05, 'SAD': 27.97, 'SURPRISE': 1.0}
2026-05-26 02:11:51,543 | INFO     | [311445] 🎯 KẾT QUẢ CHỐT: HAPPY (52.97%)
2026-05-26 02:11:51,544 | INFO     | [311445] ⏱️ Thời gian phản hồi: 98.32 ms
2026-05-26 02:12:42,912 | INFO     | [362912] ------------------------------------------
2026-05-26 02:12:42,912 | INFO     | [362912] 📥 NHẬN YÊU CẦU QUÉT KHUÔN MẶT MỚI
2026-05-26 02:12:42,913 | INFO     | [362912] Đã xử lý ảnh thành công. Kích thước tensor: (1, 48, 48, 1)
2026-05-26 02:12:42,988 | INFO     | [362912] ⏱️ Model inference: 74.13 ms
2026-05-26 02:12:42,988 | INFO     | [362912] 📊 Chi tiết dự đoán: {'ANGRY': 5.04, 'DISGUST': 0.24, 'FEAR': 3.78, 'HAPPY': 62.16, 'NEUTRAL': 11.28, 'SAD': 16.69, 'SURPRISE': 0.8}
2026-05-26 02:12:42,988 | INFO     | [362912] 🎯 KẾT QUẢ CHỐT: HAPPY (62.16%)
2026-05-26 02:12:42,988 | INFO     | [362912] ⏱️ Thời gian phản hồi: 75.13 ms
2026-05-26 02:12:43,388 | INFO     | [363388] ------------------------------------------
2026-05-26 02:12:43,388 | INFO     | [363388] 📥 NHẬN YÊU CẦU QUÉT KHUÔN MẶT MỚI
2026-05-26 02:12:43,389 | INFO     | [363388] Đã xử lý ảnh thành công. Kích thước tensor: (1, 48, 48, 1)
2026-05-26 02:12:43,403 | INFO     | [363403] ------------------------------------------
2026-05-26 02:12:43,403 | INFO     | [363403] 📥 NHẬN YÊU CẦU QUÉT KHUÔN MẶT MỚI
2026-05-26 02:12:43,406 | INFO     | [363403] Đã xử lý ảnh thành công. Kích thước tensor: (1, 48, 48, 1)
2026-05-26 02:12:43,487 | INFO     | [363388] ⏱️ Model inference: 97.99 ms
2026-05-26 02:12:43,488 | INFO     | [363388] 📊 Chi tiết dự đoán: {'ANGRY': 5.15, 'DISGUST': 0.19, 'FEAR': 2.6, 'HAPPY': 70.17, 'NEUTRAL': 8.05, 'SAD': 13.23, 'SURPRISE': 0.62}
2026-05-26 02:12:43,488 | INFO     | [363388] 🎯 KẾT QUẢ CHỐT: HAPPY (70.17%)
2026-05-26 02:12:43,488 | INFO     | [363388] ⏱️ Thời gian phản hồi: 99.31 ms
2026-05-26 02:12:43,498 | INFO     | [363403] ⏱️ Model inference: 92.21 ms
2026-05-26 02:12:43,498 | INFO     | [363403] 📊 Chi tiết dự đoán: {'ANGRY': 6.46, 'DISGUST': 0.25, 'FEAR': 3.52, 'HAPPY': 66.67, 'NEUTRAL': 8.3, 'SAD': 14.02, 'SURPRISE': 0.78}
2026-05-26 02:12:43,498 | INFO     | [363403] 🎯 KẾT QUẢ CHỐT: HAPPY (66.67%)
2026-05-26 02:12:43,498 | INFO     | [363403] ⏱️ Thời gian phản hồi: 95.21 ms
2026-05-26 02:12:43,650 | INFO     | [363650] ------------------------------------------
2026-05-26 02:12:43,650 | INFO     | [363650] 📥 NHẬN YÊU CẦU QUÉT KHUÔN MẶT MỚI
2026-05-26 02:12:43,651 | INFO     | [363650] Đã xử lý ảnh thành công. Kích thước tensor: (1, 48, 48, 1)
2026-05-26 02:12:43,726 | INFO     | [363650] ⏱️ Model inference: 74.27 ms
2026-05-26 02:12:43,727 | INFO     | [363650] 📊 Chi tiết dự đoán: {'ANGRY': 5.62, 'DISGUST': 0.21, 'FEAR': 4.5, 'HAPPY': 59.22, 'NEUTRAL': 11.18, 'SAD': 18.43, 'SURPRISE': 0.86}
2026-05-26 02:12:43,727 | INFO     | [363650] 🎯 KẾT QUẢ CHỐT: HAPPY (59.22%)
2026-05-26 02:12:43,727 | INFO     | [363650] ⏱️ Thời gian phản hồi: 77.13 ms
2026-05-26 02:12:44,578 | INFO     | [364578] ------------------------------------------
2026-05-26 02:12:44,578 | INFO     | [364578] 📥 NHẬN YÊU CẦU QUÉT KHUÔN MẶT MỚI
2026-05-26 02:12:44,579 | INFO     | [364578] Đã xử lý ảnh thành công. Kích thước tensor: (1, 48, 48, 1)
2026-05-26 02:12:44,613 | INFO     | [364613] ------------------------------------------
2026-05-26 02:12:44,613 | INFO     | [364613] 📥 NHẬN YÊU CẦU QUÉT KHUÔN MẶT MỚI
2026-05-26 02:12:44,614 | INFO     | [364614] ------------------------------------------
2026-05-26 02:12:44,614 | INFO     | [364614] 📥 NHẬN YÊU CẦU QUÉT KHUÔN MẶT MỚI
2026-05-26 02:12:44,616 | INFO     | [364613] Đã xử lý ảnh thành công. Kích thước tensor: (1, 48, 48, 1)
2026-05-26 02:12:44,620 | INFO     | [364614] Đã xử lý ảnh thành công. Kích thước tensor: (1, 48, 48, 1)
2026-05-26 02:12:44,690 | INFO     | [364578] ⏱️ Model inference: 110.86 ms
2026-05-26 02:12:44,691 | INFO     | [364578] 📊 Chi tiết dự đoán: {'ANGRY': 4.51, 'DISGUST': 0.24, 'FEAR': 3.73, 'HAPPY': 70.14, 'NEUTRAL': 7.72, 'SAD': 12.82, 'SURPRISE': 0.83}
2026-05-26 02:12:44,694 | INFO     | [364578] 🎯 KẾT QUẢ CHỐT: HAPPY (70.14%)
2026-05-26 02:12:44,695 | INFO     | [364578] ⏱️ Thời gian phản hồi: 112.97 ms
2026-05-26 02:12:44,710 | INFO     | [364710] ------------------------------------------
2026-05-26 02:12:44,710 | INFO     | [364710] 📥 NHẬN YÊU CẦU QUÉT KHUÔN MẶT MỚI
2026-05-26 02:12:44,710 | INFO     | [364710] Đã xử lý ảnh thành công. Kích thước tensor: (1, 48, 48, 1)
2026-05-26 02:12:44,749 | INFO     | [364613] ⏱️ Model inference: 133.27 ms
2026-05-26 02:12:44,750 | INFO     | [364613] 📊 Chi tiết dự đoán: {'ANGRY': 5.68, 'DISGUST': 0.29, 'FEAR': 4.9, 'HAPPY': 56.69, 'NEUTRAL': 12.14, 'SAD': 19.42, 'SURPRISE': 0.88}
2026-05-26 02:12:44,751 | INFO     | [364613] 🎯 KẾT QUẢ CHỐT: HAPPY (56.69%)
2026-05-26 02:12:44,751 | INFO     | [364613] ⏱️ Thời gian phản hồi: 137.4 ms
2026-05-26 02:12:44,756 | INFO     | [364614] ⏱️ Model inference: 135.0 ms
2026-05-26 02:12:44,756 | INFO     | [364614] 📊 Chi tiết dự đoán: {'ANGRY': 6.13, 'DISGUST': 0.24, 'FEAR': 4.11, 'HAPPY': 62.75, 'NEUTRAL': 8.88, 'SAD': 16.93, 'SURPRISE': 0.96}
2026-05-26 02:12:44,757 | INFO     | [364614] 🎯 KẾT QUẢ CHỐT: HAPPY (62.75%)
2026-05-26 02:12:44,757 | INFO     | [364614] ⏱️ Thời gian phản hồi: 141.11 ms
2026-05-26 02:12:44,801 | INFO     | [364710] ⏱️ Model inference: 89.61 ms
2026-05-26 02:12:44,801 | INFO     | [364710] 📊 Chi tiết dự đoán: {'ANGRY': 5.68, 'DISGUST': 0.29, 'FEAR': 3.31, 'HAPPY': 66.9, 'NEUTRAL': 8.24, 'SAD': 14.55, 'SURPRISE': 1.03}
2026-05-26 02:12:44,803 | INFO     | [364710] 🎯 KẾT QUẢ CHỐT: HAPPY (66.90%)
2026-05-26 02:12:44,803 | INFO     | [364710] ⏱️ Thời gian phản hồi: 90.92 ms
2026-05-26 02:12:45,036 | INFO     | [365034] ------------------------------------------
2026-05-26 02:12:45,036 | INFO     | [365034] 📥 NHẬN YÊU CẦU QUÉT KHUÔN MẶT MỚI
2026-05-26 02:12:45,036 | INFO     | [365034] Đã xử lý ảnh thành công. Kích thước tensor: (1, 48, 48, 1)
2026-05-26 02:12:45,126 | INFO     | [365034] ⏱️ Model inference: 89.29 ms
2026-05-26 02:12:45,126 | INFO     | [365034] 📊 Chi tiết dự đoán: {'ANGRY': 5.53, 'DISGUST': 0.29, 'FEAR': 4.67, 'HAPPY': 60.35, 'NEUTRAL': 10.37, 'SAD': 17.65, 'SURPRISE': 1.14}
2026-05-26 02:12:45,126 | INFO     | [365034] 🎯 KẾT QUẢ CHỐT: HAPPY (60.35%)
2026-05-26 02:12:45,126 | INFO     | [365034] ⏱️ Thời gian phản hồi: 91.8 ms
2026-05-26 02:12:45,162 | INFO     | [365162] ------------------------------------------
2026-05-26 02:12:45,163 | INFO     | [365162] 📥 NHẬN YÊU CẦU QUÉT KHUÔN MẶT MỚI
2026-05-26 02:12:45,164 | INFO     | [365162] Đã xử lý ảnh thành công. Kích thước tensor: (1, 48, 48, 1)
2026-05-26 02:12:45,254 | INFO     | [365162] ⏱️ Model inference: 87.2 ms
2026-05-26 02:12:45,254 | INFO     | [365162] 📊 Chi tiết dự đoán: {'ANGRY': 5.05, 'DISGUST': 0.29, 'FEAR': 4.13, 'HAPPY': 65.37, 'NEUTRAL': 8.42, 'SAD': 15.86, 'SURPRISE': 0.88}
2026-05-26 02:12:45,255 | INFO     | [365162] 🎯 KẾT QUẢ CHỐT: HAPPY (65.37%)
2026-05-26 02:12:45,255 | INFO     | [365162] ⏱️ Thời gian phản hồi: 91.83 ms
2026-05-26 02:12:45,411 | INFO     | [365411] ------------------------------------------
2026-05-26 02:12:45,411 | INFO     | [365411] 📥 NHẬN YÊU CẦU QUÉT KHUÔN MẶT MỚI
2026-05-26 02:12:45,411 | INFO     | [365411] Đã xử lý ảnh thành công. Kích thước tensor: (1, 48, 48, 1)
2026-05-26 02:12:45,471 | INFO     | [365411] ⏱️ Model inference: 59.03 ms
2026-05-26 02:12:45,471 | INFO     | [365411] 📊 Chi tiết dự đoán: {'ANGRY': 7.42, 'DISGUST': 0.47, 'FEAR': 7.2, 'HAPPY': 51.43, 'NEUTRAL': 11.47, 'SAD': 20.59, 'SURPRISE': 1.42}
2026-05-26 02:12:45,471 | INFO     | [365411] 🎯 KẾT QUẢ CHỐT: HAPPY (51.43%)
2026-05-26 02:12:45,472 | INFO     | [365411] ⏱️ Thời gian phản hồi: 59.03 ms
2026-05-26 02:12:45,644 | INFO     | [365644] ------------------------------------------
2026-05-26 02:12:45,645 | INFO     | [365644] 📥 NHẬN YÊU CẦU QUÉT KHUÔN MẶT MỚI
2026-05-26 02:12:45,645 | INFO     | [365644] Đã xử lý ảnh thành công. Kích thước tensor: (1, 48, 48, 1)
2026-05-26 02:12:45,708 | INFO     | [365644] ⏱️ Model inference: 62.9 ms
2026-05-26 02:12:45,708 | INFO     | [365644] 📊 Chi tiết dự đoán: {'ANGRY': 4.77, 'DISGUST': 0.26, 'FEAR': 3.82, 'HAPPY': 66.2, 'NEUTRAL': 9.23, 'SAD': 14.96, 'SURPRISE': 0.77}
2026-05-26 02:12:45,708 | INFO     | [365644] 🎯 KẾT QUẢ CHỐT: HAPPY (66.20%)
2026-05-26 02:12:45,709 | INFO     | [365644] ⏱️ Thời gian phản hồi: 64.28 ms
2026-05-26 02:12:46,607 | INFO     | [366606] ------------------------------------------
2026-05-26 02:12:46,607 | INFO     | [366606] 📥 NHẬN YÊU CẦU QUÉT KHUÔN MẶT MỚI
2026-05-26 02:12:46,607 | INFO     | [366607] ------------------------------------------
2026-05-26 02:12:46,607 | INFO     | [366607] 📥 NHẬN YÊU CẦU QUÉT KHUÔN MẶT MỚI
2026-05-26 02:12:46,608 | INFO     | [366608] ------------------------------------------
2026-05-26 02:12:46,608 | INFO     | [366608] 📥 NHẬN YÊU CẦU QUÉT KHUÔN MẶT MỚI
2026-05-26 02:12:46,609 | INFO     | [366606] Đã xử lý ảnh thành công. Kích thước tensor: (1, 48, 48, 1)
2026-05-26 02:12:46,611 | INFO     | [366607] Đã xử lý ảnh thành công. Kích thước tensor: (1, 48, 48, 1)
2026-05-26 02:12:46,620 | INFO     | [366608] Đã xử lý ảnh thành công. Kích thước tensor: (1, 48, 48, 1)
2026-05-26 02:12:46,726 | INFO     | [366606] ⏱️ Model inference: 116.69 ms
2026-05-26 02:12:46,727 | INFO     | [366606] 📊 Chi tiết dự đoán: {'ANGRY': 5.82, 'DISGUST': 0.26, 'FEAR': 5.78, 'HAPPY': 54.52, 'NEUTRAL': 11.43, 'SAD': 21.16, 'SURPRISE': 1.03}
2026-05-26 02:12:46,727 | INFO     | [366606] 🎯 KẾT QUẢ CHỐT: HAPPY (54.52%)
2026-05-26 02:12:46,727 | INFO     | [366606] ⏱️ Thời gian phản hồi: 121.52 ms
2026-05-26 02:12:46,729 | INFO     | [366608] ⏱️ Model inference: 108.04 ms
2026-05-26 02:12:46,729 | INFO     | [366608] 📊 Chi tiết dự đoán: {'ANGRY': 5.83, 'DISGUST': 0.38, 'FEAR': 5.43, 'HAPPY': 59.82, 'NEUTRAL': 10.14, 'SAD': 17.03, 'SURPRISE': 1.36}
2026-05-26 02:12:46,729 | INFO     | [366608] 🎯 KẾT QUẢ CHỐT: HAPPY (59.82%)
2026-05-26 02:12:46,729 | INFO     | [366608] ⏱️ Thời gian phản hồi: 121.19 ms
2026-05-26 02:12:46,748 | INFO     | [366748] ------------------------------------------
2026-05-26 02:12:46,748 | INFO     | [366748] 📥 NHẬN YÊU CẦU QUÉT KHUÔN MẶT MỚI
2026-05-26 02:12:46,749 | INFO     | [366748] Đã xử lý ảnh thành công. Kích thước tensor: (1, 48, 48, 1)
2026-05-26 02:12:46,756 | INFO     | [366607] ⏱️ Model inference: 143.79 ms
2026-05-26 02:12:46,756 | INFO     | [366607] 📊 Chi tiết dự đoán: {'ANGRY': 6.03, 'DISGUST': 0.3, 'FEAR': 5.47, 'HAPPY': 52.41, 'NEUTRAL': 11.96, 'SAD': 22.72, 'SURPRISE': 1.11}
2026-05-26 02:12:46,757 | INFO     | [366607] 🎯 KẾT QUẢ CHỐT: HAPPY (52.41%)
2026-05-26 02:12:46,757 | INFO     | [366607] ⏱️ Thời gian phản hồi: 149.34 ms
2026-05-26 02:12:46,810 | INFO     | [366748] ⏱️ Model inference: 61.43 ms
2026-05-26 02:12:46,812 | INFO     | [366748] 📊 Chi tiết dự đoán: {'ANGRY': 5.41, 'DISGUST': 0.27, 'FEAR': 4.25, 'HAPPY': 70.43, 'NEUTRAL': 6.93, 'SAD': 11.77, 'SURPRISE': 0.94}
2026-05-26 02:12:46,812 | INFO     | [366748] 🎯 KẾT QUẢ CHỐT: HAPPY (70.43%)
2026-05-26 02:12:46,812 | INFO     | [366748] ⏱️ Thời gian phản hồi: 63.93 ms
2026-05-26 02:12:47,401 | INFO     | [367401] ------------------------------------------
2026-05-26 02:12:47,401 | INFO     | [367401] 📥 NHẬN YÊU CẦU QUÉT KHUÔN MẶT MỚI
2026-05-26 02:12:47,401 | INFO     | [367401] ------------------------------------------
2026-05-26 02:12:47,401 | INFO     | [367401] 📥 NHẬN YÊU CẦU QUÉT KHUÔN MẶT MỚI
2026-05-26 02:12:47,402 | INFO     | [367402] ------------------------------------------
2026-05-26 02:12:47,402 | INFO     | [367402] 📥 NHẬN YÊU CẦU QUÉT KHUÔN MẶT MỚI
2026-05-26 02:12:47,403 | INFO     | [367401] Đã xử lý ảnh thành công. Kích thước tensor: (1, 48, 48, 1)
2026-05-26 02:12:47,410 | INFO     | [367401] Đã xử lý ảnh thành công. Kích thước tensor: (1, 48, 48, 1)
2026-05-26 02:12:47,414 | INFO     | [367402] Đã xử lý ảnh thành công. Kích thước tensor: (1, 48, 48, 1)
2026-05-26 02:12:47,534 | INFO     | [367401] ⏱️ Model inference: 122.46 ms
2026-05-26 02:12:47,534 | INFO     | [367401] 📊 Chi tiết dự đoán: {'ANGRY': 5.31, 'DISGUST': 0.25, 'FEAR': 3.63, 'HAPPY': 67.0, 'NEUTRAL': 9.3, 'SAD': 13.52, 'SURPRISE': 0.99}
2026-05-26 02:12:47,534 | INFO     | [367401] 🎯 KẾT QUẢ CHỐT: HAPPY (67.00%)
2026-05-26 02:12:47,534 | INFO     | [367401] ⏱️ Thời gian phản hồi: 133.48 ms
2026-05-26 02:12:47,536 | INFO     | [367401] ⏱️ Model inference: 133.22 ms
2026-05-26 02:12:47,536 | INFO     | [367401] 📊 Chi tiết dự đoán: {'ANGRY': 5.53, 'DISGUST': 0.28, 'FEAR': 5.72, 'HAPPY': 57.44, 'NEUTRAL': 10.6, 'SAD': 19.15, 'SURPRISE': 1.29}
2026-05-26 02:12:47,536 | INFO     | [367401] 🎯 KẾT QUẢ CHỐT: HAPPY (57.44%)
2026-05-26 02:12:47,536 | INFO     | [367401] ⏱️ Thời gian phản hồi: 135.61 ms
2026-05-26 02:12:47,554 | INFO     | [367402] ⏱️ Model inference: 135.74 ms
2026-05-26 02:12:47,554 | INFO     | [367402] 📊 Chi tiết dự đoán: {'ANGRY': 5.2, 'DISGUST': 0.26, 'FEAR': 4.1, 'HAPPY': 65.23, 'NEUTRAL': 9.23, 'SAD': 14.98, 'SURPRISE': 0.99}
2026-05-26 02:12:47,554 | INFO     | [367402] 🎯 KẾT QUẢ CHỐT: HAPPY (65.23%)
2026-05-26 02:12:47,554 | INFO     | [367402] ⏱️ Thời gian phản hồi: 151.78 ms
2026-05-26 02:12:47,647 | INFO     | [367647] ------------------------------------------
2026-05-26 02:12:47,648 | INFO     | [367647] 📥 NHẬN YÊU CẦU QUÉT KHUÔN MẶT MỚI
2026-05-26 02:12:47,648 | INFO     | [367647] Đã xử lý ảnh thành công. Kích thước tensor: (1, 48, 48, 1)
2026-05-26 02:12:47,714 | INFO     | [367647] ⏱️ Model inference: 65.17 ms
2026-05-26 02:12:47,714 | INFO     | [367647] 📊 Chi tiết dự đoán: {'ANGRY': 6.16, 'DISGUST': 0.33, 'FEAR': 6.38, 'HAPPY': 53.31, 'NEUTRAL': 12.02, 'SAD': 20.27, 'SURPRISE': 1.53}
2026-05-26 02:12:47,714 | INFO     | [367647] 🎯 KẾT QUẢ CHỐT: HAPPY (53.31%)
2026-05-26 02:12:47,714 | INFO     | [367647] ⏱️ Thời gian phản hồi: 67.31 ms
2026-05-26 02:12:48,613 | INFO     | [368613] ------------------------------------------
2026-05-26 02:12:48,613 | INFO     | [368613] 📥 NHẬN YÊU CẦU QUÉT KHUÔN MẶT MỚI
2026-05-26 02:12:48,614 | INFO     | [368614] ------------------------------------------
2026-05-26 02:12:48,614 | INFO     | [368614] 📥 NHẬN YÊU CẦU QUÉT KHUÔN MẶT MỚI
2026-05-26 02:12:48,614 | INFO     | [368614] ------------------------------------------
2026-05-26 02:12:48,615 | INFO     | [368614] 📥 NHẬN YÊU CẦU QUÉT KHUÔN MẶT MỚI
2026-05-26 02:12:48,615 | INFO     | [368613] Đã xử lý ảnh thành công. Kích thước tensor: (1, 48, 48, 1)
2026-05-26 02:12:48,618 | INFO     | [368614] Đã xử lý ảnh thành công. Kích thước tensor: (1, 48, 48, 1)
2026-05-26 02:12:48,621 | INFO     | [368614] Đã xử lý ảnh thành công. Kích thước tensor: (1, 48, 48, 1)
2026-05-26 02:12:48,742 | INFO     | [368614] ⏱️ Model inference: 124.17 ms
2026-05-26 02:12:48,743 | INFO     | [368614] 📊 Chi tiết dự đoán: {'ANGRY': 5.51, 'DISGUST': 0.28, 'FEAR': 7.02, 'HAPPY': 50.8, 'NEUTRAL': 12.29, 'SAD': 22.51, 'SURPRISE': 1.57}
2026-05-26 02:12:48,743 | INFO     | [368614] 🎯 KẾT QUẢ CHỐT: HAPPY (50.80%)
2026-05-26 02:12:48,744 | INFO     | [368614] ⏱️ Thời gian phản hồi: 128.88 ms
2026-05-26 02:12:48,745 | INFO     | [368613] ⏱️ Model inference: 129.87 ms
2026-05-26 02:12:48,745 | INFO     | [368613] 📊 Chi tiết dự đoán: {'ANGRY': 5.35, 'DISGUST': 0.22, 'FEAR': 4.67, 'HAPPY': 58.14, 'NEUTRAL': 11.24, 'SAD': 19.29, 'SURPRISE': 1.08}
2026-05-26 02:12:48,745 | INFO     | [368613] 🎯 KẾT QUẢ CHỐT: HAPPY (58.14%)
2026-05-26 02:12:48,746 | INFO     | [368613] ⏱️ Thời gian phản hồi: 132.32 ms
2026-05-26 02:12:48,756 | INFO     | [368614] ⏱️ Model inference: 132.74 ms
2026-05-26 02:12:48,756 | INFO     | [368614] 📊 Chi tiết dự đoán: {'ANGRY': 5.7, 'DISGUST': 0.29, 'FEAR': 3.69, 'HAPPY': 63.46, 'NEUTRAL': 9.45, 'SAD': 16.51, 'SURPRISE': 0.9}
2026-05-26 02:12:48,757 | INFO     | [368614] 🎯 KẾT QUẢ CHỐT: HAPPY (63.46%)
2026-05-26 02:12:48,757 | INFO     | [368614] ⏱️ Thời gian phản hồi: 141.69 ms
2026-05-26 02:12:49,381 | INFO     | [369381] ------------------------------------------
2026-05-26 02:12:49,382 | INFO     | [369381] 📥 NHẬN YÊU CẦU QUÉT KHUÔN MẶT MỚI
2026-05-26 02:12:49,384 | INFO     | [369384] ------------------------------------------
2026-05-26 02:12:49,384 | INFO     | [369384] 📥 NHẬN YÊU CẦU QUÉT KHUÔN MẶT MỚI
2026-05-26 02:12:49,385 | INFO     | [369381] Đã xử lý ảnh thành công. Kích thước tensor: (1, 48, 48, 1)
2026-05-26 02:12:49,390 | INFO     | [369384] Đã xử lý ảnh thành công. Kích thước tensor: (1, 48, 48, 1)
2026-05-26 02:12:49,397 | INFO     | [369397] ------------------------------------------
2026-05-26 02:12:49,399 | INFO     | [369397] 📥 NHẬN YÊU CẦU QUÉT KHUÔN MẶT MỚI
2026-05-26 02:12:49,405 | INFO     | [369397] Đã xử lý ảnh thành công. Kích thước tensor: (1, 48, 48, 1)
2026-05-26 02:12:49,496 | INFO     | [369381] ⏱️ Model inference: 111.31 ms
2026-05-26 02:12:49,496 | INFO     | [369381] 📊 Chi tiết dự đoán: {'ANGRY': 5.3, 'DISGUST': 0.26, 'FEAR': 4.92, 'HAPPY': 64.44, 'NEUTRAL': 8.24, 'SAD': 15.67, 'SURPRISE': 1.17}
2026-05-26 02:12:49,496 | INFO     | [369381] 🎯 KẾT QUẢ CHỐT: HAPPY (64.44%)
2026-05-26 02:12:49,497 | INFO     | [369381] ⏱️ Thời gian phản hồi: 115.43 ms
2026-05-26 02:12:49,499 | INFO     | [369384] ⏱️ Model inference: 109.23 ms
2026-05-26 02:12:49,500 | INFO     | [369384] 📊 Chi tiết dự đoán: {'ANGRY': 5.29, 'DISGUST': 0.24, 'FEAR': 5.34, 'HAPPY': 60.96, 'NEUTRAL': 9.65, 'SAD': 17.38, 'SURPRISE': 1.14}
2026-05-26 02:12:49,500 | INFO     | [369384] 🎯 KẾT QUẢ CHỐT: HAPPY (60.96%)
2026-05-26 02:12:49,500 | INFO     | [369384] ⏱️ Thời gian phản hồi: 116.33 ms
2026-05-26 02:12:49,504 | INFO     | [369504] ------------------------------------------
2026-05-26 02:12:49,504 | INFO     | [369504] 📥 NHẬN YÊU CẦU QUÉT KHUÔN MẶT MỚI
2026-05-26 02:12:49,505 | INFO     | [369504] Đã xử lý ảnh thành công. Kích thước tensor: (1, 48, 48, 1)
2026-05-26 02:12:49,535 | INFO     | [369397] ⏱️ Model inference: 128.75 ms
2026-05-26 02:12:49,537 | INFO     | [369397] 📊 Chi tiết dự đoán: {'ANGRY': 4.94, 'DISGUST': 0.24, 'FEAR': 5.49, 'HAPPY': 60.6, 'NEUTRAL': 9.47, 'SAD': 17.93, 'SURPRISE': 1.34}
2026-05-26 02:12:49,537 | INFO     | [369397] 🎯 KẾT QUẢ CHỐT: HAPPY (60.60%)
2026-05-26 02:12:49,537 | INFO     | [369397] ⏱️ Thời gian phản hồi: 139.55 ms
2026-05-26 02:12:49,576 | INFO     | [369504] ⏱️ Model inference: 70.83 ms
2026-05-26 02:12:49,576 | INFO     | [369504] 📊 Chi tiết dự đoán: {'ANGRY': 5.19, 'DISGUST': 0.22, 'FEAR': 5.17, 'HAPPY': 62.44, 'NEUTRAL': 9.25, 'SAD': 16.63, 'SURPRISE': 1.11}
2026-05-26 02:12:49,576 | INFO     | [369504] 🎯 KẾT QUẢ CHỐT: HAPPY (62.44%)
2026-05-26 02:12:49,576 | INFO     | [369504] ⏱️ Thời gian phản hồi: 72.36 ms
2026-05-26 02:12:49,644 | INFO     | [369644] ------------------------------------------
2026-05-26 02:12:49,645 | INFO     | [369644] 📥 NHẬN YÊU CẦU QUÉT KHUÔN MẶT MỚI
2026-05-26 02:12:49,645 | INFO     | [369644] Đã xử lý ảnh thành công. Kích thước tensor: (1, 48, 48, 1)
2026-05-26 02:12:49,708 | INFO     | [369644] ⏱️ Model inference: 62.97 ms
2026-05-26 02:12:49,708 | INFO     | [369644] 📊 Chi tiết dự đoán: {'ANGRY': 5.32, 'DISGUST': 0.27, 'FEAR': 4.75, 'HAPPY': 65.2, 'NEUTRAL': 7.84, 'SAD': 15.56, 'SURPRISE': 1.05}
2026-05-26 02:12:49,708 | INFO     | [369644] 🎯 KẾT QUẢ CHỐT: HAPPY (65.20%)
2026-05-26 02:12:49,709 | INFO     | [369644] ⏱️ Thời gian phản hồi: 63.98 ms
2026-05-26 02:12:50,141 | INFO     | [370141] ------------------------------------------
2026-05-26 02:12:50,143 | INFO     | [370141] 📥 NHẬN YÊU CẦU QUÉT KHUÔN MẶT MỚI
2026-05-26 02:12:50,145 | INFO     | [370145] ------------------------------------------
2026-05-26 02:12:50,145 | INFO     | [370145] 📥 NHẬN YÊU CẦU QUÉT KHUÔN MẶT MỚI
2026-05-26 02:12:50,146 | INFO     | [370141] Đã xử lý ảnh thành công. Kích thước tensor: (1, 48, 48, 1)
2026-05-26 02:12:50,147 | INFO     | [370145] Đã xử lý ảnh thành công. Kích thước tensor: (1, 48, 48, 1)
2026-05-26 02:12:50,243 | INFO     | [370141] ⏱️ Model inference: 97.45 ms
2026-05-26 02:12:50,243 | INFO     | [370141] 📊 Chi tiết dự đoán: {'ANGRY': 6.06, 'DISGUST': 0.27, 'FEAR': 6.13, 'HAPPY': 53.54, 'NEUTRAL': 11.62, 'SAD': 21.19, 'SURPRISE': 1.2}
2026-05-26 02:12:50,243 | INFO     | [370141] 🎯 KẾT QUẢ CHỐT: HAPPY (53.54%)
2026-05-26 02:12:50,244 | INFO     | [370141] ⏱️ Thời gian phản hồi: 101.54 ms
2026-05-26 02:12:50,245 | INFO     | [370145] ⏱️ Model inference: 96.92 ms
2026-05-26 02:12:50,245 | INFO     | [370145] 📊 Chi tiết dự đoán: {'ANGRY': 4.43, 'DISGUST': 0.18, 'FEAR': 4.49, 'HAPPY': 64.28, 'NEUTRAL': 9.51, 'SAD': 16.12, 'SURPRISE': 0.98}
2026-05-26 02:12:50,245 | INFO     | [370145] 🎯 KẾT QUẢ CHỐT: HAPPY (64.28%)
2026-05-26 02:12:50,246 | INFO     | [370145] ⏱️ Thời gian phản hồi: 99.96 ms
2026-05-26 02:12:50,607 | INFO     | [370607] ------------------------------------------
2026-05-26 02:12:50,607 | INFO     | [370607] 📥 NHẬN YÊU CẦU QUÉT KHUÔN MẶT MỚI
2026-05-26 02:12:50,608 | INFO     | [370607] Đã xử lý ảnh thành công. Kích thước tensor: (1, 48, 48, 1)
2026-05-26 02:12:50,638 | INFO     | [370638] ------------------------------------------
2026-05-26 02:12:50,640 | INFO     | [370638] 📥 NHẬN YÊU CẦU QUÉT KHUÔN MẶT MỚI
2026-05-26 02:12:50,642 | INFO     | [370638] Đã xử lý ảnh thành công. Kích thước tensor: (1, 48, 48, 1)
2026-05-26 02:12:50,693 | INFO     | [370607] ⏱️ Model inference: 85.2 ms
2026-05-26 02:12:50,694 | INFO     | [370607] 📊 Chi tiết dự đoán: {'ANGRY': 4.12, 'DISGUST': 0.18, 'FEAR': 3.58, 'HAPPY': 72.34, 'NEUTRAL': 7.76, 'SAD': 11.06, 'SURPRISE': 0.96}
2026-05-26 02:12:50,694 | INFO     | [370607] 🎯 KẾT QUẢ CHỐT: HAPPY (72.34%)
2026-05-26 02:12:50,694 | INFO     | [370607] ⏱️ Thời gian phản hồi: 87.21 ms
2026-05-26 02:12:50,718 | INFO     | [370638] ⏱️ Model inference: 76.56 ms
2026-05-26 02:12:50,720 | INFO     | [370638] 📊 Chi tiết dự đoán: {'ANGRY': 5.39, 'DISGUST': 0.23, 'FEAR': 4.44, 'HAPPY': 66.71, 'NEUTRAL': 7.91, 'SAD': 14.34, 'SURPRISE': 0.99}
2026-05-26 02:12:50,720 | INFO     | [370638] 🎯 KẾT QUẢ CHỐT: HAPPY (66.71%)
2026-05-26 02:12:50,720 | INFO     | [370638] ⏱️ Thời gian phản hồi: 80.07 ms
2026-05-26 02:12:51,400 | INFO     | [371400] ------------------------------------------
2026-05-26 02:12:51,400 | INFO     | [371400] 📥 NHẬN YÊU CẦU QUÉT KHUÔN MẶT MỚI
2026-05-26 02:12:51,401 | INFO     | [371401] ------------------------------------------
2026-05-26 02:12:51,401 | INFO     | [371401] 📥 NHẬN YÊU CẦU QUÉT KHUÔN MẶT MỚI
2026-05-26 02:12:51,402 | INFO     | [371402] ------------------------------------------
2026-05-26 02:12:51,402 | INFO     | [371402] 📥 NHẬN YÊU CẦU QUÉT KHUÔN MẶT MỚI
2026-05-26 02:12:51,403 | INFO     | [371400] Đã xử lý ảnh thành công. Kích thước tensor: (1, 48, 48, 1)
2026-05-26 02:12:51,410 | INFO     | [371401] Đã xử lý ảnh thành công. Kích thước tensor: (1, 48, 48, 1)
2026-05-26 02:12:51,411 | INFO     | [371402] Đã xử lý ảnh thành công. Kích thước tensor: (1, 48, 48, 1)
2026-05-26 02:12:51,534 | INFO     | [371401] ⏱️ Model inference: 122.23 ms
2026-05-26 02:12:51,534 | INFO     | [371401] 📊 Chi tiết dự đoán: {'ANGRY': 4.41, 'DISGUST': 0.24, 'FEAR': 4.14, 'HAPPY': 68.69, 'NEUTRAL': 7.58, 'SAD': 13.88, 'SURPRISE': 1.07}
2026-05-26 02:12:51,534 | INFO     | [371401] 🎯 KẾT QUẢ CHỐT: HAPPY (68.69%)
2026-05-26 02:12:51,534 | INFO     | [371401] ⏱️ Thời gian phản hồi: 132.17 ms
2026-05-26 02:12:51,536 | INFO     | [371400] ⏱️ Model inference: 133.52 ms
2026-05-26 02:12:51,536 | INFO     | [371400] 📊 Chi tiết dự đoán: {'ANGRY': 6.26, 'DISGUST': 0.29, 'FEAR': 5.79, 'HAPPY': 61.52, 'NEUTRAL': 8.5, 'SAD': 16.3, 'SURPRISE': 1.34}
2026-05-26 02:12:51,537 | INFO     | [371400] 🎯 KẾT QUẢ CHỐT: HAPPY (61.52%)
2026-05-26 02:12:51,537 | INFO     | [371400] ⏱️ Thời gian phản hồi: 136.16 ms
2026-05-26 02:12:51,544 | INFO     | [371402] ⏱️ Model inference: 129.55 ms
2026-05-26 02:12:51,546 | INFO     | [371402] 📊 Chi tiết dự đoán: {'ANGRY': 5.8, 'DISGUST': 0.25, 'FEAR': 5.06, 'HAPPY': 62.89, 'NEUTRAL': 9.67, 'SAD': 15.12, 'SURPRISE': 1.21}
2026-05-26 02:12:51,546 | INFO     | [371402] 🎯 KẾT QUẢ CHỐT: HAPPY (62.89%)
2026-05-26 02:12:51,546 | INFO     | [371402] ⏱️ Thời gian phản hồi: 144.04 ms
2026-05-26 02:12:51,635 | INFO     | [371635] ------------------------------------------
2026-05-26 02:12:51,635 | INFO     | [371635] 📥 NHẬN YÊU CẦU QUÉT KHUÔN MẶT MỚI
2026-05-26 02:12:51,635 | INFO     | [371635] Đã xử lý ảnh thành công. Kích thước tensor: (1, 48, 48, 1)
2026-05-26 02:12:51,698 | INFO     | [371635] ⏱️ Model inference: 61.88 ms
2026-05-26 02:12:51,698 | INFO     | [371635] 📊 Chi tiết dự đoán: {'ANGRY': 4.91, 'DISGUST': 0.24, 'FEAR': 5.04, 'HAPPY': 60.39, 'NEUTRAL': 9.67, 'SAD': 18.51, 'SURPRISE': 1.24}
2026-05-26 02:12:51,698 | INFO     | [371635] 🎯 KẾT QUẢ CHỐT: HAPPY (60.39%)
2026-05-26 02:12:51,698 | INFO     | [371635] ⏱️ Thời gian phản hồi: 62.87 ms
2026-05-26 02:12:52,550 | INFO     | [372550] ------------------------------------------
2026-05-26 02:12:52,552 | INFO     | [372550] 📥 NHẬN YÊU CẦU QUÉT KHUÔN MẶT MỚI
2026-05-26 02:12:52,552 | INFO     | [372552] ------------------------------------------
2026-05-26 02:12:52,552 | INFO     | [372552] 📥 NHẬN YÊU CẦU QUÉT KHUÔN MẶT MỚI
2026-05-26 02:12:52,553 | INFO     | [372553] ------------------------------------------
2026-05-26 02:12:52,553 | INFO     | [372553] 📥 NHẬN YÊU CẦU QUÉT KHUÔN MẶT MỚI
2026-05-26 02:12:52,554 | INFO     | [372550] Đã xử lý ảnh thành công. Kích thước tensor: (1, 48, 48, 1)
2026-05-26 02:12:52,556 | INFO     | [372552] Đã xử lý ảnh thành công. Kích thước tensor: (1, 48, 48, 1)
2026-05-26 02:12:52,559 | INFO     | [372553] Đã xử lý ảnh thành công. Kích thước tensor: (1, 48, 48, 1)
2026-05-26 02:12:52,683 | INFO     | [372550] ⏱️ Model inference: 129.16 ms
2026-05-26 02:12:52,684 | INFO     | [372550] 📊 Chi tiết dự đoán: {'ANGRY': 5.02, 'DISGUST': 0.23, 'FEAR': 4.81, 'HAPPY': 64.38, 'NEUTRAL': 8.62, 'SAD': 15.79, 'SURPRISE': 1.15}
2026-05-26 02:12:52,684 | INFO     | [372550] 🎯 KẾT QUẢ CHỐT: HAPPY (64.38%)
2026-05-26 02:12:52,684 | INFO     | [372550] ⏱️ Thời gian phản hồi: 133.82 ms
2026-05-26 02:12:52,690 | INFO     | [372690] ------------------------------------------
2026-05-26 02:12:52,690 | INFO     | [372690] 📥 NHẬN YÊU CẦU QUÉT KHUÔN MẶT MỚI
2026-05-26 02:12:52,691 | INFO     | [372690] Đã xử lý ảnh thành công. Kích thước tensor: (1, 48, 48, 1)
2026-05-26 02:12:52,696 | INFO     | [372553] ⏱️ Model inference: 133.86 ms
2026-05-26 02:12:52,697 | INFO     | [372553] 📊 Chi tiết dự đoán: {'ANGRY': 4.44, 'DISGUST': 0.23, 'FEAR': 4.1, 'HAPPY': 68.26, 'NEUTRAL': 7.85, 'SAD': 14.16, 'SURPRISE': 0.95}
2026-05-26 02:12:52,698 | INFO     | [372553] 🎯 KẾT QUẢ CHỐT: HAPPY (68.26%)
2026-05-26 02:12:52,699 | INFO     | [372553] ⏱️ Thời gian phản hồi: 143.89 ms
2026-05-26 02:12:52,704 | INFO     | [372552] ⏱️ Model inference: 146.83 ms
2026-05-26 02:12:52,705 | INFO     | [372552] 📊 Chi tiết dự đoán: {'ANGRY': 4.71, 'DISGUST': 0.24, 'FEAR': 5.43, 'HAPPY': 59.58, 'NEUTRAL': 10.27, 'SAD': 18.6, 'SURPRISE': 1.17}
2026-05-26 02:12:52,706 | INFO     | [372552] 🎯 KẾT QUẢ CHỐT: HAPPY (59.58%)
2026-05-26 02:12:52,706 | INFO     | [372552] ⏱️ Thời gian phản hồi: 152.83 ms
2026-05-26 02:12:52,767 | INFO     | [372690] ⏱️ Model inference: 75.84 ms
2026-05-26 02:12:52,768 | INFO     | [372690] 📊 Chi tiết dự đoán: {'ANGRY': 4.22, 'DISGUST': 0.21, 'FEAR': 4.51, 'HAPPY': 65.22, 'NEUTRAL': 8.89, 'SAD': 15.85, 'SURPRISE': 1.11}
2026-05-26 02:12:52,768 | INFO     | [372690] 🎯 KẾT QUẢ CHỐT: HAPPY (65.22%)
2026-05-26 02:12:52,769 | INFO     | [372690] ⏱️ Thời gian phản hồi: 77.77 ms
2026-05-26 02:12:52,846 | INFO     | [BATCH-372846] ==========================================
2026-05-26 02:12:52,846 | INFO     | [BATCH-372846] 🎞️ NHẬN CHUỖI 5 KHUNG HÌNH (BATCH)
2026-05-26 02:12:53,307 | INFO     | [BATCH-372846] ⏱️ Batch inference elapsed: 459.44 ms (5 frames)
2026-05-26 02:12:53,307 | INFO     | [BATCH-372846] ↳ Frame 1/5: HAPPY (60.4%)
2026-05-26 02:12:53,308 | INFO     | [BATCH-372846] ↳ Frame 2/5: HAPPY (59.6%)
2026-05-26 02:12:53,308 | INFO     | [BATCH-372846] ↳ Frame 3/5: HAPPY (64.4%)
2026-05-26 02:12:53,308 | INFO     | [BATCH-372846] ↳ Frame 4/5: HAPPY (68.3%)
2026-05-26 02:12:53,308 | INFO     | [BATCH-372846] ↳ Frame 5/5: HAPPY (65.2%)
2026-05-26 02:12:53,308 | INFO     | [BATCH-372846] 🎯 KẾT QUẢ CHUỖI: HAPPY (Tần suất: {'HAPPY': 5})
2026-05-26 02:12:53,309 | INFO     | [BATCH-372846] ⏱️ Tổng thời gian xử lý: 461.95 ms
2026-05-26 02:13:06,807 | INFO     | [386807] ------------------------------------------
2026-05-26 02:13:06,808 | INFO     | [386807] 📥 NHẬN YÊU CẦU QUÉT KHUÔN MẶT MỚI
2026-05-26 02:13:06,809 | INFO     | [386809] ------------------------------------------
2026-05-26 02:13:06,809 | INFO     | [386809] 📥 NHẬN YÊU CẦU QUÉT KHUÔN MẶT MỚI
2026-05-26 02:13:06,809 | INFO     | [386809] ------------------------------------------
2026-05-26 02:13:06,809 | INFO     | [386809] 📥 NHẬN YÊU CẦU QUÉT KHUÔN MẶT MỚI
2026-05-26 02:13:06,811 | INFO     | [386807] Đã xử lý ảnh thành công. Kích thước tensor: (1, 48, 48, 1)
2026-05-26 02:13:06,814 | INFO     | [386809] Đã xử lý ảnh thành công. Kích thước tensor: (1, 48, 48, 1)
2026-05-26 02:13:06,821 | INFO     | [386809] Đã xử lý ảnh thành công. Kích thước tensor: (1, 48, 48, 1)
2026-05-26 02:13:06,978 | INFO     | [386807] ⏱️ Model inference: 167.09 ms
2026-05-26 02:13:06,978 | INFO     | [386807] 📊 Chi tiết dự đoán: {'ANGRY': 5.02, 'DISGUST': 0.21, 'FEAR': 4.1, 'HAPPY': 61.57, 'NEUTRAL': 11.06, 'SAD': 17.22, 'SURPRISE': 0.82}
2026-05-26 02:13:06,979 | INFO     | [386807] 🎯 KẾT QUẢ CHỐT: HAPPY (61.57%)
2026-05-26 02:13:06,979 | INFO     | [386807] ⏱️ Thời gian phản hồi: 171.14 ms
2026-05-26 02:13:06,988 | INFO     | [386809] ⏱️ Model inference: 165.72 ms
2026-05-26 02:13:06,988 | INFO     | [386809] 📊 Chi tiết dự đoán: {'ANGRY': 5.08, 'DISGUST': 0.19, 'FEAR': 4.63, 'HAPPY': 61.54, 'NEUTRAL': 11.62, 'SAD': 16.06, 'SURPRISE': 0.88}
2026-05-26 02:13:06,988 | INFO     | [386809] 🎯 KẾT QUẢ CHỐT: HAPPY (61.54%)
2026-05-26 02:13:06,989 | INFO     | [386809] ⏱️ Thời gian phản hồi: 178.57 ms
2026-05-26 02:13:06,990 | INFO     | [386809] ⏱️ Model inference: 174.46 ms
2026-05-26 02:13:06,990 | INFO     | [386809] 📊 Chi tiết dự đoán: {'ANGRY': 6.32, 'DISGUST': 0.3, 'FEAR': 5.93, 'HAPPY': 52.9, 'NEUTRAL': 10.79, 'SAD': 22.69, 'SURPRISE': 1.08}
2026-05-26 02:13:06,990 | INFO     | [386809] 🎯 KẾT QUẢ CHỐT: HAPPY (52.90%)
2026-05-26 02:13:06,990 | INFO     | [386809] ⏱️ Thời gian phản hồi: 180.81 ms
2026-05-26 02:13:06,995 | INFO     | [386995] ------------------------------------------
2026-05-26 02:13:06,995 | INFO     | [386995] 📥 NHẬN YÊU CẦU QUÉT KHUÔN MẶT MỚI
2026-05-26 02:13:06,995 | INFO     | [386995] Đã xử lý ảnh thành công. Kích thước tensor: (1, 48, 48, 1)
2026-05-26 02:13:07,086 | INFO     | [386995] ⏱️ Model inference: 90.97 ms
2026-05-26 02:13:07,086 | INFO     | [386995] 📊 Chi tiết dự đoán: {'ANGRY': 4.98, 'DISGUST': 0.2, 'FEAR': 4.12, 'HAPPY': 68.74, 'NEUTRAL': 7.89, 'SAD': 13.18, 'SURPRISE': 0.89}
2026-05-26 02:13:07,086 | INFO     | [386995] 🎯 KẾT QUẢ CHỐT: HAPPY (68.74%)
2026-05-26 02:13:07,086 | INFO     | [386995] ⏱️ Thời gian phản hồi: 91.48 ms
2026-05-26 02:13:07,384 | INFO     | [387384] ------------------------------------------
2026-05-26 02:13:07,384 | INFO     | [387384] 📥 NHẬN YÊU CẦU QUÉT KHUÔN MẶT MỚI
2026-05-26 02:13:07,384 | INFO     | [387384] ------------------------------------------
2026-05-26 02:13:07,385 | INFO     | [387384] 📥 NHẬN YÊU CẦU QUÉT KHUÔN MẶT MỚI
2026-05-26 02:13:07,385 | INFO     | [387384] Đã xử lý ảnh thành công. Kích thước tensor: (1, 48, 48, 1)
2026-05-26 02:13:07,388 | INFO     | [387384] Đã xử lý ảnh thành công. Kích thước tensor: (1, 48, 48, 1)
2026-05-26 02:13:07,504 | INFO     | [387384] ⏱️ Model inference: 118.95 ms
2026-05-26 02:13:07,504 | INFO     | [387384] 📊 Chi tiết dự đoán: {'ANGRY': 3.58, 'DISGUST': 0.12, 'FEAR': 2.96, 'HAPPY': 73.63, 'NEUTRAL': 7.52, 'SAD': 11.63, 'SURPRISE': 0.57}
2026-05-26 02:13:07,504 | INFO     | [387384] 🎯 KẾT QUẢ CHỐT: HAPPY (73.63%)
2026-05-26 02:13:07,504 | INFO     | [387384] ⏱️ Thời gian phản hồi: 120.01 ms
2026-05-26 02:13:07,507 | INFO     | [387384] ⏱️ Model inference: 117.51 ms
2026-05-26 02:13:07,507 | INFO     | [387384] 📊 Chi tiết dự đoán: {'ANGRY': 5.96, 'DISGUST': 0.18, 'FEAR': 5.57, 'HAPPY': 54.43, 'NEUTRAL': 11.58, 'SAD': 21.45, 'SURPRISE': 0.83}
2026-05-26 02:13:07,507 | INFO     | [387384] 🎯 KẾT QUẢ CHỐT: HAPPY (54.43%)
2026-05-26 02:13:07,508 | INFO     | [387384] ⏱️ Thời gian phản hồi: 122.49 ms
2026-05-26 02:13:07,777 | INFO     | [387777] ------------------------------------------
2026-05-26 02:13:07,777 | INFO     | [387777] 📥 NHẬN YÊU CẦU QUÉT KHUÔN MẶT MỚI
2026-05-26 02:13:07,778 | INFO     | [387777] Đã xử lý ảnh thành công. Kích thước tensor: (1, 48, 48, 1)
2026-05-26 02:13:07,839 | INFO     | [387839] ------------------------------------------
2026-05-26 02:13:07,839 | INFO     | [387839] 📥 NHẬN YÊU CẦU QUÉT KHUÔN MẶT MỚI
2026-05-26 02:13:07,841 | INFO     | [387839] Đã xử lý ảnh thành công. Kích thước tensor: (1, 48, 48, 1)
2026-05-26 02:13:07,845 | INFO     | [387777] ⏱️ Model inference: 66.86 ms
2026-05-26 02:13:07,845 | INFO     | [387777] 📊 Chi tiết dự đoán: {'ANGRY': 4.7, 'DISGUST': 0.21, 'FEAR': 3.9, 'HAPPY': 65.63, 'NEUTRAL': 9.8, 'SAD': 14.98, 'SURPRISE': 0.78}
2026-05-26 02:13:07,846 | INFO     | [387777] 🎯 KẾT QUẢ CHỐT: HAPPY (65.63%)
2026-05-26 02:13:07,847 | INFO     | [387777] ⏱️ Thời gian phản hồi: 68.49 ms
2026-05-26 02:13:07,915 | INFO     | [387839] ⏱️ Model inference: 74.69 ms
2026-05-26 02:13:07,915 | INFO     | [387839] 📊 Chi tiết dự đoán: {'ANGRY': 3.97, 'DISGUST': 0.16, 'FEAR': 3.17, 'HAPPY': 73.47, 'NEUTRAL': 7.55, 'SAD': 11.0, 'SURPRISE': 0.68}
2026-05-26 02:13:07,915 | INFO     | [387839] 🎯 KẾT QUẢ CHỐT: HAPPY (73.47%)
2026-05-26 02:13:07,915 | INFO     | [387839] ⏱️ Thời gian phản hồi: 76.01 ms
2026-05-26 02:13:08,800 | INFO     | [388800] ------------------------------------------
2026-05-26 02:13:08,800 | INFO     | [388800] 📥 NHẬN YÊU CẦU QUÉT KHUÔN MẶT MỚI
2026-05-26 02:13:08,807 | INFO     | [388807] ------------------------------------------
2026-05-26 02:13:08,807 | INFO     | [388807] 📥 NHẬN YÊU CẦU QUÉT KHUÔN MẶT MỚI
2026-05-26 02:13:08,808 | INFO     | [388808] ------------------------------------------
2026-05-26 02:13:08,808 | INFO     | [388808] 📥 NHẬN YÊU CẦU QUÉT KHUÔN MẶT MỚI
2026-05-26 02:13:08,809 | INFO     | [388800] Đã xử lý ảnh thành công. Kích thước tensor: (1, 48, 48, 1)
2026-05-26 02:13:08,810 | INFO     | [388807] Đã xử lý ảnh thành công. Kích thước tensor: (1, 48, 48, 1)
2026-05-26 02:13:08,814 | INFO     | [388808] Đã xử lý ảnh thành công. Kích thước tensor: (1, 48, 48, 1)
2026-05-26 02:13:08,936 | INFO     | [388808] ⏱️ Model inference: 118.57 ms
2026-05-26 02:13:08,936 | INFO     | [388808] 📊 Chi tiết dự đoán: {'ANGRY': 5.65, 'DISGUST': 0.25, 'FEAR': 5.8, 'HAPPY': 55.13, 'NEUTRAL': 11.16, 'SAD': 20.78, 'SURPRISE': 1.23}
2026-05-26 02:13:08,936 | INFO     | [388808] 🎯 KẾT QUẢ CHỐT: HAPPY (55.13%)
2026-05-26 02:13:08,936 | INFO     | [388808] ⏱️ Thời gian phản hồi: 127.76 ms
2026-05-26 02:13:08,938 | INFO     | [388807] ⏱️ Model inference: 127.02 ms
2026-05-26 02:13:08,938 | INFO     | [388807] 📊 Chi tiết dự đoán: {'ANGRY': 5.47, 'DISGUST': 0.21, 'FEAR': 3.69, 'HAPPY': 67.4, 'NEUTRAL': 9.27, 'SAD': 13.31, 'SURPRISE': 0.63}
2026-05-26 02:13:08,938 | INFO     | [388807] 🎯 KẾT QUẢ CHỐT: HAPPY (67.40%)
2026-05-26 02:13:08,938 | INFO     | [388807] ⏱️ Thời gian phản hồi: 131.51 ms
2026-05-26 02:13:08,939 | INFO     | [388800] ⏱️ Model inference: 130.35 ms
2026-05-26 02:13:08,939 | INFO     | [388800] 📊 Chi tiết dự đoán: {'ANGRY': 5.24, 'DISGUST': 0.24, 'FEAR': 5.38, 'HAPPY': 63.2, 'NEUTRAL': 9.28, 'SAD': 15.7, 'SURPRISE': 0.96}
2026-05-26 02:13:08,939 | INFO     | [388800] 🎯 KẾT QUẢ CHỐT: HAPPY (63.20%)
2026-05-26 02:13:08,939 | INFO     | [388800] ⏱️ Thời gian phản hồi: 139.23 ms
2026-05-26 02:13:08,956 | INFO     | [388956] ------------------------------------------
2026-05-26 02:13:08,957 | INFO     | [388956] 📥 NHẬN YÊU CẦU QUÉT KHUÔN MẶT MỚI
2026-05-26 02:13:08,958 | INFO     | [388956] Đã xử lý ảnh thành công. Kích thước tensor: (1, 48, 48, 1)
2026-05-26 02:13:09,020 | INFO     | [388956] ⏱️ Model inference: 61.97 ms
2026-05-26 02:13:09,021 | INFO     | [388956] 📊 Chi tiết dự đoán: {'ANGRY': 4.75, 'DISGUST': 0.21, 'FEAR': 4.66, 'HAPPY': 64.15, 'NEUTRAL': 9.64, 'SAD': 15.59, 'SURPRISE': 1.0}
2026-05-26 02:13:09,021 | INFO     | [388956] 🎯 KẾT QUẢ CHỐT: HAPPY (64.15%)
2026-05-26 02:13:09,021 | INFO     | [388956] ⏱️ Thời gian phản hồi: 64.97 ms
2026-05-26 02:13:09,376 | INFO     | [389376] ------------------------------------------
2026-05-26 02:13:09,376 | INFO     | [389376] 📥 NHẬN YÊU CẦU QUÉT KHUÔN MẶT MỚI
2026-05-26 02:13:09,376 | INFO     | [389376] ------------------------------------------
2026-05-26 02:13:09,376 | INFO     | [389376] 📥 NHẬN YÊU CẦU QUÉT KHUÔN MẶT MỚI
2026-05-26 02:13:09,377 | INFO     | [389376] Đã xử lý ảnh thành công. Kích thước tensor: (1, 48, 48, 1)
2026-05-26 02:13:09,378 | INFO     | [389376] Đã xử lý ảnh thành công. Kích thước tensor: (1, 48, 48, 1)
2026-05-26 02:13:09,470 | INFO     | [389376] ⏱️ Model inference: 90.85 ms
2026-05-26 02:13:09,472 | INFO     | [389376] 📊 Chi tiết dự đoán: {'ANGRY': 8.78, 'DISGUST': 0.31, 'FEAR': 5.11, 'HAPPY': 56.41, 'NEUTRAL': 9.4, 'SAD': 19.07, 'SURPRISE': 0.92}
2026-05-26 02:13:09,472 | INFO     | [389376] 🎯 KẾT QUẢ CHỐT: HAPPY (56.41%)
2026-05-26 02:13:09,472 | INFO     | [389376] ⏱️ Thời gian phản hồi: 95.13 ms
2026-05-26 02:13:09,473 | INFO     | [389376] ⏱️ Model inference: 95.63 ms
2026-05-26 02:13:09,473 | INFO     | [389376] 📊 Chi tiết dự đoán: {'ANGRY': 4.6, 'DISGUST': 0.17, 'FEAR': 3.26, 'HAPPY': 70.18, 'NEUTRAL': 9.08, 'SAD': 12.03, 'SURPRISE': 0.67}
2026-05-26 02:13:09,473 | INFO     | [389376] 🎯 KẾT QUẢ CHỐT: HAPPY (70.18%)
2026-05-26 02:13:09,473 | INFO     | [389376] ⏱️ Thời gian phản hồi: 97.14 ms
2026-05-26 02:13:09,779 | INFO     | [389779] ------------------------------------------
2026-05-26 02:13:09,779 | INFO     | [389779] 📥 NHẬN YÊU CẦU QUÉT KHUÔN MẶT MỚI
2026-05-26 02:13:09,780 | INFO     | [389779] Đã xử lý ảnh thành công. Kích thước tensor: (1, 48, 48, 1)
2026-05-26 02:13:09,840 | INFO     | [389779] ⏱️ Model inference: 59.3 ms
2026-05-26 02:13:09,840 | INFO     | [389779] 📊 Chi tiết dự đoán: {'ANGRY': 5.76, 'DISGUST': 0.29, 'FEAR': 5.07, 'HAPPY': 62.59, 'NEUTRAL': 9.51, 'SAD': 15.81, 'SURPRISE': 0.97}
2026-05-26 02:13:09,840 | INFO     | [389779] 🎯 KẾT QUẢ CHỐT: HAPPY (62.59%)
2026-05-26 02:13:09,840 | INFO     | [389779] ⏱️ Thời gian phản hồi: 60.37 ms
2026-05-26 02:13:09,842 | INFO     | [389842] ------------------------------------------
2026-05-26 02:13:09,842 | INFO     | [389842] 📥 NHẬN YÊU CẦU QUÉT KHUÔN MẶT MỚI
2026-05-26 02:13:09,842 | INFO     | [389842] Đã xử lý ảnh thành công. Kích thước tensor: (1, 48, 48, 1)
2026-05-26 02:13:09,898 | INFO     | [389842] ⏱️ Model inference: 56.2 ms
2026-05-26 02:13:09,898 | INFO     | [389842] 📊 Chi tiết dự đoán: {'ANGRY': 5.73, 'DISGUST': 0.25, 'FEAR': 4.4, 'HAPPY': 61.67, 'NEUTRAL': 11.47, 'SAD': 15.45, 'SURPRISE': 1.03}
2026-05-26 02:13:09,899 | INFO     | [389842] 🎯 KẾT QUẢ CHỐT: HAPPY (61.67%)
2026-05-26 02:13:09,899 | INFO     | [389842] ⏱️ Thời gian phản hồi: 56.2 ms
2026-05-26 02:13:10,817 | INFO     | [390817] ------------------------------------------
2026-05-26 02:13:10,817 | INFO     | [390817] 📥 NHẬN YÊU CẦU QUÉT KHUÔN MẶT MỚI
2026-05-26 02:13:10,819 | INFO     | [390819] ------------------------------------------
2026-05-26 02:13:10,819 | INFO     | [390819] 📥 NHẬN YÊU CẦU QUÉT KHUÔN MẶT MỚI
2026-05-26 02:13:10,819 | INFO     | [390819] ------------------------------------------
2026-05-26 02:13:10,820 | INFO     | [390819] 📥 NHẬN YÊU CẦU QUÉT KHUÔN MẶT MỚI
2026-05-26 02:13:10,820 | INFO     | [390817] Đã xử lý ảnh thành công. Kích thước tensor: (1, 48, 48, 1)
2026-05-26 02:13:10,821 | INFO     | [390819] Đã xử lý ảnh thành công. Kích thước tensor: (1, 48, 48, 1)
2026-05-26 02:13:10,825 | INFO     | [390819] Đã xử lý ảnh thành công. Kích thước tensor: (1, 48, 48, 1)
2026-05-26 02:13:10,939 | INFO     | [390817] ⏱️ Model inference: 118.98 ms
2026-05-26 02:13:10,940 | INFO     | [390817] 📊 Chi tiết dự đoán: {'ANGRY': 5.55, 'DISGUST': 0.23, 'FEAR': 4.68, 'HAPPY': 56.12, 'NEUTRAL': 13.38, 'SAD': 19.06, 'SURPRISE': 0.98}
2026-05-26 02:13:10,940 | INFO     | [390817] 🎯 KẾT QUẢ CHỐT: HAPPY (56.12%)
2026-05-26 02:13:10,941 | INFO     | [390817] ⏱️ Thời gian phản hồi: 122.98 ms
2026-05-26 02:13:10,942 | INFO     | [390819] ⏱️ Model inference: 119.09 ms
2026-05-26 02:13:10,942 | INFO     | [390819] 📊 Chi tiết dự đoán: {'ANGRY': 5.34, 'DISGUST': 0.17, 'FEAR': 3.41, 'HAPPY': 65.01, 'NEUTRAL': 9.73, 'SAD': 15.55, 'SURPRISE': 0.78}
2026-05-26 02:13:10,943 | INFO     | [390819] 🎯 KẾT QUẢ CHỐT: HAPPY (65.01%)
2026-05-26 02:13:10,943 | INFO     | [390819] ⏱️ Thời gian phản hồi: 123.06 ms
2026-05-26 02:13:10,960 | INFO     | [390960] ------------------------------------------
2026-05-26 02:13:10,960 | INFO     | [390960] 📥 NHẬN YÊU CẦU QUÉT KHUÔN MẶT MỚI
2026-05-26 02:13:10,961 | INFO     | [390960] Đã xử lý ảnh thành công. Kích thước tensor: (1, 48, 48, 1)
2026-05-26 02:13:10,969 | INFO     | [390819] ⏱️ Model inference: 139.94 ms
2026-05-26 02:13:10,971 | INFO     | [390819] 📊 Chi tiết dự đoán: {'ANGRY': 5.86, 'DISGUST': 0.19, 'FEAR': 2.52, 'HAPPY': 69.56, 'NEUTRAL': 8.94, 'SAD': 12.32, 'SURPRISE': 0.61}
2026-05-26 02:13:10,971 | INFO     | [390819] 🎯 KẾT QUẢ CHỐT: HAPPY (69.56%)
2026-05-26 02:13:10,971 | INFO     | [390819] ⏱️ Thời gian phản hồi: 151.85 ms
2026-05-26 02:13:11,036 | INFO     | [390960] ⏱️ Model inference: 74.51 ms
2026-05-26 02:13:11,037 | INFO     | [390960] 📊 Chi tiết dự đoán: {'ANGRY': 5.88, 'DISGUST': 0.22, 'FEAR': 4.77, 'HAPPY': 55.54, 'NEUTRAL': 12.43, 'SAD': 20.28, 'SURPRISE': 0.88}
2026-05-26 02:13:11,037 | INFO     | [390960] 🎯 KẾT QUẢ CHỐT: HAPPY (55.54%)
2026-05-26 02:13:11,037 | INFO     | [390960] ⏱️ Thời gian phản hồi: 77.39 ms
2026-05-26 02:13:11,381 | INFO     | [391380] ------------------------------------------
2026-05-26 02:13:11,381 | INFO     | [391380] 📥 NHẬN YÊU CẦU QUÉT KHUÔN MẶT MỚI
2026-05-26 02:13:11,381 | INFO     | [391381] ------------------------------------------
2026-05-26 02:13:11,381 | INFO     | [391381] 📥 NHẬN YÊU CẦU QUÉT KHUÔN MẶT MỚI
2026-05-26 02:13:11,383 | INFO     | [391380] Đã xử lý ảnh thành công. Kích thước tensor: (1, 48, 48, 1)
2026-05-26 02:13:11,386 | INFO     | [391381] Đã xử lý ảnh thành công. Kích thước tensor: (1, 48, 48, 1)
2026-05-26 02:13:11,477 | INFO     | [391380] ⏱️ Model inference: 94.11 ms
2026-05-26 02:13:11,477 | INFO     | [391380] 📊 Chi tiết dự đoán: {'ANGRY': 5.76, 'DISGUST': 0.25, 'FEAR': 4.71, 'HAPPY': 59.25, 'NEUTRAL': 11.76, 'SAD': 17.38, 'SURPRISE': 0.88}
2026-05-26 02:13:11,477 | INFO     | [391380] 🎯 KẾT QUẢ CHỐT: HAPPY (59.25%)
2026-05-26 02:13:11,477 | INFO     | [391380] ⏱️ Thời gian phản hồi: 96.61 ms
2026-05-26 02:13:11,479 | INFO     | [391381] ⏱️ Model inference: 90.73 ms
2026-05-26 02:13:11,479 | INFO     | [391381] 📊 Chi tiết dự đoán: {'ANGRY': 5.92, 'DISGUST': 0.21, 'FEAR': 2.82, 'HAPPY': 63.71, 'NEUTRAL': 10.8, 'SAD': 15.92, 'SURPRISE': 0.62}
2026-05-26 02:13:11,479 | INFO     | [391381] 🎯 KẾT QUẢ CHỐT: HAPPY (63.71%)
2026-05-26 02:13:11,480 | INFO     | [391381] ⏱️ Thời gian phản hồi: 97.3 ms
2026-05-26 02:13:11,771 | INFO     | [391771] ------------------------------------------
2026-05-26 02:13:11,771 | INFO     | [391771] 📥 NHẬN YÊU CẦU QUÉT KHUÔN MẶT MỚI
2026-05-26 02:13:11,772 | INFO     | [391771] Đã xử lý ảnh thành công. Kích thước tensor: (1, 48, 48, 1)
2026-05-26 02:13:11,836 | INFO     | [391836] ------------------------------------------
2026-05-26 02:13:11,837 | INFO     | [391836] 📥 NHẬN YÊU CẦU QUÉT KHUÔN MẶT MỚI
2026-05-26 02:13:11,837 | INFO     | [391836] Đã xử lý ảnh thành công. Kích thước tensor: (1, 48, 48, 1)
2026-05-26 02:13:11,866 | INFO     | [391771] ⏱️ Model inference: 94.03 ms
2026-05-26 02:13:11,867 | INFO     | [391771] 📊 Chi tiết dự đoán: {'ANGRY': 5.35, 'DISGUST': 0.26, 'FEAR': 5.15, 'HAPPY': 48.15, 'NEUTRAL': 15.17, 'SAD': 25.0, 'SURPRISE': 0.92}
2026-05-26 02:13:11,868 | INFO     | [391771] 🎯 KẾT QUẢ CHỐT: HAPPY (48.15%)
2026-05-26 02:13:11,870 | INFO     | [391771] ⏱️ Thời gian phản hồi: 95.74 ms
2026-05-26 02:13:11,958 | INFO     | [391836] ⏱️ Model inference: 120.15 ms
2026-05-26 02:13:11,958 | INFO     | [391836] 📊 Chi tiết dự đoán: {'ANGRY': 5.82, 'DISGUST': 0.26, 'FEAR': 6.16, 'HAPPY': 42.24, 'NEUTRAL': 16.97, 'SAD': 27.55, 'SURPRISE': 1.0}
2026-05-26 02:13:11,958 | INFO     | [391836] 🎯 KẾT QUẢ CHỐT: HAPPY (42.24%)
2026-05-26 02:13:11,958 | INFO     | [391836] ⏱️ Thời gian phản hồi: 122.55 ms
2026-05-26 02:13:12,643 | INFO     | [392643] ------------------------------------------
2026-05-26 02:13:12,643 | INFO     | [392643] 📥 NHẬN YÊU CẦU QUÉT KHUÔN MẶT MỚI
2026-05-26 02:13:12,643 | INFO     | [392643] ------------------------------------------
2026-05-26 02:13:12,644 | INFO     | [392643] 📥 NHẬN YÊU CẦU QUÉT KHUÔN MẶT MỚI
2026-05-26 02:13:12,645 | INFO     | [392645] ------------------------------------------
2026-05-26 02:13:12,645 | INFO     | [392645] 📥 NHẬN YÊU CẦU QUÉT KHUÔN MẶT MỚI
2026-05-26 02:13:12,645 | INFO     | [392643] Đã xử lý ảnh thành công. Kích thước tensor: (1, 48, 48, 1)
2026-05-26 02:13:12,649 | INFO     | [392643] Đã xử lý ảnh thành công. Kích thước tensor: (1, 48, 48, 1)
2026-05-26 02:13:12,652 | INFO     | [392645] Đã xử lý ảnh thành công. Kích thước tensor: (1, 48, 48, 1)
2026-05-26 02:13:12,808 | INFO     | [392643] ⏱️ Model inference: 158.5 ms
2026-05-26 02:13:12,810 | INFO     | [392643] 📊 Chi tiết dự đoán: {'ANGRY': 6.34, 'DISGUST': 0.25, 'FEAR': 5.03, 'HAPPY': 54.18, 'NEUTRAL': 10.95, 'SAD': 22.27, 'SURPRISE': 0.99}
2026-05-26 02:13:12,810 | INFO     | [392643] 🎯 KẾT QUẢ CHỐT: HAPPY (54.18%)
2026-05-26 02:13:12,810 | INFO     | [392643] ⏱️ Thời gian phản hồi: 166.9 ms
2026-05-26 02:13:12,812 | INFO     | [392643] ⏱️ Model inference: 165.85 ms
2026-05-26 02:13:12,812 | INFO     | [392643] 📊 Chi tiết dự đoán: {'ANGRY': 6.22, 'DISGUST': 0.23, 'FEAR': 3.16, 'HAPPY': 57.04, 'NEUTRAL': 13.12, 'SAD': 19.53, 'SURPRISE': 0.69}
2026-05-26 02:13:12,812 | INFO     | [392643] 🎯 KẾT QUẢ CHỐT: HAPPY (57.04%)
2026-05-26 02:13:12,814 | INFO     | [392643] ⏱️ Thời gian phản hồi: 169.48 ms
2026-05-26 02:13:12,814 | INFO     | [392645] ⏱️ Model inference: 160.5 ms
2026-05-26 02:13:12,815 | INFO     | [392645] 📊 Chi tiết dự đoán: {'ANGRY': 6.14, 'DISGUST': 0.28, 'FEAR': 5.26, 'HAPPY': 55.96, 'NEUTRAL': 12.75, 'SAD': 18.53, 'SURPRISE': 1.09}
2026-05-26 02:13:12,815 | INFO     | [392645] 🎯 KẾT QUẢ CHỐT: HAPPY (55.96%)
2026-05-26 02:13:12,815 | INFO     | [392645] ⏱️ Thời gian phản hồi: 169.94 ms
2026-05-26 02:13:12,848 | INFO     | [392848] ------------------------------------------
2026-05-26 02:13:12,848 | INFO     | [392848] 📥 NHẬN YÊU CẦU QUÉT KHUÔN MẶT MỚI
2026-05-26 02:13:12,849 | INFO     | [392848] Đã xử lý ảnh thành công. Kích thước tensor: (1, 48, 48, 1)
2026-05-26 02:13:12,928 | INFO     | [392848] ⏱️ Model inference: 78.38 ms
2026-05-26 02:13:12,928 | INFO     | [392848] 📊 Chi tiết dự đoán: {'ANGRY': 5.6, 'DISGUST': 0.23, 'FEAR': 4.18, 'HAPPY': 61.88, 'NEUTRAL': 12.88, 'SAD': 14.3, 'SURPRISE': 0.92}
2026-05-26 02:13:12,929 | INFO     | [392848] 🎯 KẾT QUẢ CHỐT: HAPPY (61.88%)
2026-05-26 02:13:12,929 | INFO     | [392848] ⏱️ Thời gian phản hồi: 79.39 ms
2026-05-26 02:13:13,379 | INFO     | [393379] ------------------------------------------
2026-05-26 02:13:13,380 | INFO     | [393379] 📥 NHẬN YÊU CẦU QUÉT KHUÔN MẶT MỚI
2026-05-26 02:13:13,381 | INFO     | [393381] ------------------------------------------
2026-05-26 02:13:13,381 | INFO     | [393381] 📥 NHẬN YÊU CẦU QUÉT KHUÔN MẶT MỚI
2026-05-26 02:13:13,382 | INFO     | [393379] Đã xử lý ảnh thành công. Kích thước tensor: (1, 48, 48, 1)
2026-05-26 02:13:13,384 | INFO     | [393381] Đã xử lý ảnh thành công. Kích thước tensor: (1, 48, 48, 1)
2026-05-26 02:13:13,474 | INFO     | [393379] ⏱️ Model inference: 91.96 ms
2026-05-26 02:13:13,474 | INFO     | [393379] 📊 Chi tiết dự đoán: {'ANGRY': 6.1, 'DISGUST': 0.24, 'FEAR': 4.59, 'HAPPY': 54.26, 'NEUTRAL': 14.45, 'SAD': 19.35, 'SURPRISE': 1.0}
2026-05-26 02:13:13,474 | INFO     | [393379] 🎯 KẾT QUẢ CHỐT: HAPPY (54.26%)
2026-05-26 02:13:13,474 | INFO     | [393379] ⏱️ Thời gian phản hồi: 94.52 ms
2026-05-26 02:13:13,475 | INFO     | [393381] ⏱️ Model inference: 89.54 ms
2026-05-26 02:13:13,476 | INFO     | [393381] 📊 Chi tiết dự đoán: {'ANGRY': 5.42, 'DISGUST': 0.2, 'FEAR': 4.97, 'HAPPY': 55.18, 'NEUTRAL': 14.22, 'SAD': 19.13, 'SURPRISE': 0.89}
2026-05-26 02:13:13,476 | INFO     | [393381] 🎯 KẾT QUẢ CHỐT: HAPPY (55.18%)
2026-05-26 02:13:13,476 | INFO     | [393381] ⏱️ Thời gian phản hồi: 94.1 ms
2026-05-26 02:13:13,784 | INFO     | [393784] ------------------------------------------
2026-05-26 02:13:13,785 | INFO     | [393784] 📥 NHẬN YÊU CẦU QUÉT KHUÔN MẶT MỚI
2026-05-26 02:13:13,786 | INFO     | [393784] Đã xử lý ảnh thành công. Kích thước tensor: (1, 48, 48, 1)
2026-05-26 02:13:13,845 | INFO     | [393845] ------------------------------------------
2026-05-26 02:13:13,845 | INFO     | [393845] 📥 NHẬN YÊU CẦU QUÉT KHUÔN MẶT MỚI
2026-05-26 02:13:13,846 | INFO     | [393845] Đã xử lý ảnh thành công. Kích thước tensor: (1, 48, 48, 1)
2026-05-26 02:13:13,848 | INFO     | [393784] ⏱️ Model inference: 62.08 ms
2026-05-26 02:13:13,849 | INFO     | [393784] 📊 Chi tiết dự đoán: {'ANGRY': 5.82, 'DISGUST': 0.22, 'FEAR': 4.04, 'HAPPY': 60.76, 'NEUTRAL': 12.16, 'SAD': 16.19, 'SURPRISE': 0.81}
2026-05-26 02:13:13,849 | INFO     | [393784] 🎯 KẾT QUẢ CHỐT: HAPPY (60.76%)
2026-05-26 02:13:13,850 | INFO     | [393784] ⏱️ Thời gian phản hồi: 65.12 ms
2026-05-26 02:13:13,909 | INFO     | [393845] ⏱️ Model inference: 63.35 ms
2026-05-26 02:13:13,909 | INFO     | [393845] 📊 Chi tiết dự đoán: {'ANGRY': 5.13, 'DISGUST': 0.21, 'FEAR': 3.7, 'HAPPY': 59.31, 'NEUTRAL': 13.56, 'SAD': 17.27, 'SURPRISE': 0.82}
2026-05-26 02:13:13,909 | INFO     | [393845] 🎯 KẾT QUẢ CHỐT: HAPPY (59.31%)
2026-05-26 02:13:13,909 | INFO     | [393845] ⏱️ Thời gian phản hồi: 64.36 ms
2026-05-26 02:13:14,219 | INFO     | [394219] ------------------------------------------
2026-05-26 02:13:14,219 | INFO     | [394219] 📥 NHẬN YÊU CẦU QUÉT KHUÔN MẶT MỚI
2026-05-26 02:13:14,220 | INFO     | [394219] Đã xử lý ảnh thành công. Kích thước tensor: (1, 48, 48, 1)
2026-05-26 02:13:14,280 | INFO     | [394219] ⏱️ Model inference: 59.61 ms
2026-05-26 02:13:14,280 | INFO     | [394219] 📊 Chi tiết dự đoán: {'ANGRY': 5.58, 'DISGUST': 0.25, 'FEAR': 5.21, 'HAPPY': 54.26, 'NEUTRAL': 13.96, 'SAD': 19.66, 'SURPRISE': 1.09}
2026-05-26 02:13:14,281 | INFO     | [394219] 🎯 KẾT QUẢ CHỐT: HAPPY (54.26%)
2026-05-26 02:13:14,281 | INFO     | [394219] ⏱️ Thời gian phản hồi: 60.98 ms
2026-05-26 02:13:14,811 | INFO     | [394811] ------------------------------------------
2026-05-26 02:13:14,811 | INFO     | [394811] 📥 NHẬN YÊU CẦU QUÉT KHUÔN MẶT MỚI
2026-05-26 02:13:14,812 | INFO     | [394812] ------------------------------------------
2026-05-26 02:13:14,812 | INFO     | [394812] 📥 NHẬN YÊU CẦU QUÉT KHUÔN MẶT MỚI
2026-05-26 02:13:14,813 | INFO     | [394811] Đã xử lý ảnh thành công. Kích thước tensor: (1, 48, 48, 1)
2026-05-26 02:13:14,817 | INFO     | [394812] Đã xử lý ảnh thành công. Kích thước tensor: (1, 48, 48, 1)
2026-05-26 02:13:14,844 | INFO     | [394844] ------------------------------------------
2026-05-26 02:13:14,845 | INFO     | [394844] 📥 NHẬN YÊU CẦU QUÉT KHUÔN MẶT MỚI
2026-05-26 02:13:14,851 | INFO     | [394844] Đã xử lý ảnh thành công. Kích thước tensor: (1, 48, 48, 1)
2026-05-26 02:13:14,928 | INFO     | [394811] ⏱️ Model inference: 115.06 ms
2026-05-26 02:13:14,928 | INFO     | [394811] 📊 Chi tiết dự đoán: {'ANGRY': 5.9, 'DISGUST': 0.23, 'FEAR': 4.92, 'HAPPY': 57.16, 'NEUTRAL': 11.86, 'SAD': 18.95, 'SURPRISE': 0.98}
2026-05-26 02:13:14,928 | INFO     | [394811] 🎯 KẾT QUẢ CHỐT: HAPPY (57.16%)
2026-05-26 02:13:14,929 | INFO     | [394811] ⏱️ Thời gian phản hồi: 117.41 ms
2026-05-26 02:13:14,949 | INFO     | [394844] ⏱️ Model inference: 96.75 ms
2026-05-26 02:13:14,950 | INFO     | [394844] 📊 Chi tiết dự đoán: {'ANGRY': 6.54, 'DISGUST': 0.25, 'FEAR': 4.54, 'HAPPY': 53.24, 'NEUTRAL': 14.03, 'SAD': 20.52, 'SURPRISE': 0.88}
2026-05-26 02:13:14,950 | INFO     | [394844] 🎯 KẾT QUẢ CHỐT: HAPPY (53.24%)
2026-05-26 02:13:14,950 | INFO     | [394844] ⏱️ Thời gian phản hồi: 106.58 ms
2026-05-26 02:13:14,952 | INFO     | [394812] ⏱️ Model inference: 133.45 ms
2026-05-26 02:13:14,952 | INFO     | [394812] 📊 Chi tiết dự đoán: {'ANGRY': 5.88, 'DISGUST': 0.22, 'FEAR': 3.69, 'HAPPY': 61.0, 'NEUTRAL': 12.22, 'SAD': 16.07, 'SURPRISE': 0.91}
2026-05-26 02:13:14,952 | INFO     | [394812] 🎯 KẾT QUẢ CHỐT: HAPPY (61.00%)
2026-05-26 02:13:14,952 | INFO     | [394812] ⏱️ Thời gian phản hồi: 139.46 ms
2026-05-26 02:13:15,388 | INFO     | [395388] ------------------------------------------
2026-05-26 02:13:15,388 | INFO     | [395388] 📥 NHẬN YÊU CẦU QUÉT KHUÔN MẶT MỚI
2026-05-26 02:13:15,389 | INFO     | [395389] ------------------------------------------
2026-05-26 02:13:15,389 | INFO     | [395389] 📥 NHẬN YÊU CẦU QUÉT KHUÔN MẶT MỚI
2026-05-26 02:13:15,389 | INFO     | [395388] Đã xử lý ảnh thành công. Kích thước tensor: (1, 48, 48, 1)
2026-05-26 02:13:15,391 | INFO     | [395389] Đã xử lý ảnh thành công. Kích thước tensor: (1, 48, 48, 1)
2026-05-26 02:13:15,481 | INFO     | [395389] ⏱️ Model inference: 89.01 ms
2026-05-26 02:13:15,481 | INFO     | [395389] 📊 Chi tiết dự đoán: {'ANGRY': 6.15, 'DISGUST': 0.28, 'FEAR': 5.49, 'HAPPY': 56.04, 'NEUTRAL': 13.08, 'SAD': 17.98, 'SURPRISE': 0.97}
2026-05-26 02:13:15,481 | INFO     | [395389] 🎯 KẾT QUẢ CHỐT: HAPPY (56.04%)
2026-05-26 02:13:15,483 | INFO     | [395389] ⏱️ Thời gian phản hồi: 92.01 ms
2026-05-26 02:13:15,484 | INFO     | [395388] ⏱️ Model inference: 94.52 ms
2026-05-26 02:13:15,484 | INFO     | [395388] 📊 Chi tiết dự đoán: {'ANGRY': 6.64, 'DISGUST': 0.24, 'FEAR': 3.72, 'HAPPY': 58.99, 'NEUTRAL': 12.94, 'SAD': 16.66, 'SURPRISE': 0.8}
2026-05-26 02:13:15,484 | INFO     | [395388] 🎯 KẾT QUẢ CHỐT: HAPPY (58.99%)
2026-05-26 02:13:15,484 | INFO     | [395388] ⏱️ Thời gian phản hồi: 95.86 ms
2026-05-26 02:13:15,778 | INFO     | [395778] ------------------------------------------
2026-05-26 02:13:15,779 | INFO     | [395778] 📥 NHẬN YÊU CẦU QUÉT KHUÔN MẶT MỚI
2026-05-26 02:13:15,779 | INFO     | [395778] Đã xử lý ảnh thành công. Kích thước tensor: (1, 48, 48, 1)
2026-05-26 02:13:15,837 | INFO     | [395778] ⏱️ Model inference: 58.37 ms
2026-05-26 02:13:15,837 | INFO     | [395778] 📊 Chi tiết dự đoán: {'ANGRY': 6.05, 'DISGUST': 0.25, 'FEAR': 2.72, 'HAPPY': 64.43, 'NEUTRAL': 11.11, 'SAD': 14.82, 'SURPRISE': 0.63}
2026-05-26 02:13:15,838 | INFO     | [395778] 🎯 KẾT QUẢ CHỐT: HAPPY (64.43%)
2026-05-26 02:13:15,838 | INFO     | [395778] ⏱️ Thời gian phản hồi: 59.44 ms
2026-05-26 02:13:15,840 | INFO     | [395840] ------------------------------------------
2026-05-26 02:13:15,842 | INFO     | [395840] 📥 NHẬN YÊU CẦU QUÉT KHUÔN MẶT MỚI
2026-05-26 02:13:15,842 | INFO     | [395840] Đã xử lý ảnh thành công. Kích thước tensor: (1, 48, 48, 1)
2026-05-26 02:13:15,915 | INFO     | [395840] ⏱️ Model inference: 73.57 ms
2026-05-26 02:13:15,916 | INFO     | [395840] 📊 Chi tiết dự đoán: {'ANGRY': 6.33, 'DISGUST': 0.27, 'FEAR': 4.05, 'HAPPY': 59.08, 'NEUTRAL': 12.07, 'SAD': 17.42, 'SURPRISE': 0.77}
2026-05-26 02:13:15,916 | INFO     | [395840] 🎯 KẾT QUẢ CHỐT: HAPPY (59.08%)
2026-05-26 02:13:15,916 | INFO     | [395840] ⏱️ Thời gian phản hồi: 75.8 ms
2026-05-26 02:13:16,121 | INFO     | [BATCH-396121] ==========================================
2026-05-26 02:13:16,121 | INFO     | [BATCH-396121] 🎞️ NHẬN CHUỖI 5 KHUNG HÌNH (BATCH)
2026-05-26 02:13:16,121 | INFO     | [396121] ------------------------------------------
2026-05-26 02:13:16,121 | INFO     | [396121] 📥 NHẬN YÊU CẦU QUÉT KHUÔN MẶT MỚI
2026-05-26 02:13:16,125 | INFO     | [396121] Đã xử lý ảnh thành công. Kích thước tensor: (1, 48, 48, 1)
2026-05-26 02:13:16,263 | INFO     | [396121] ⏱️ Model inference: 135.49 ms
2026-05-26 02:13:16,263 | INFO     | [396121] 📊 Chi tiết dự đoán: {'ANGRY': 5.83, 'DISGUST': 0.25, 'FEAR': 5.12, 'HAPPY': 51.71, 'NEUTRAL': 14.14, 'SAD': 21.92, 'SURPRISE': 1.04}
2026-05-26 02:13:16,265 | INFO     | [396121] 🎯 KẾT QUẢ CHỐT: HAPPY (51.71%)
2026-05-26 02:13:16,266 | INFO     | [396121] ⏱️ Thời gian phản hồi: 142.06 ms
2026-05-26 02:13:16,598 | INFO     | [BATCH-396121] ⏱️ Batch inference elapsed: 475.43 ms (5 frames)
2026-05-26 02:13:16,600 | INFO     | [BATCH-396121] ↳ Frame 1/5: HAPPY (53.2%)
2026-05-26 02:13:16,600 | INFO     | [BATCH-396121] ↳ Frame 2/5: HAPPY (59.0%)
2026-05-26 02:13:16,600 | INFO     | [BATCH-396121] ↳ Frame 3/5: HAPPY (56.0%)
2026-05-26 02:13:16,600 | INFO     | [BATCH-396121] ↳ Frame 4/5: HAPPY (64.4%)
2026-05-26 02:13:16,601 | INFO     | [BATCH-396121] ↳ Frame 5/5: HAPPY (59.1%)
2026-05-26 02:13:16,601 | INFO     | [BATCH-396121] 🎯 KẾT QUẢ CHUỖI: HAPPY (Tần suất: {'HAPPY': 5})
2026-05-26 02:13:16,601 | INFO     | [BATCH-396121] ⏱️ Tổng thời gian xử lý: 479.59 ms
2026-05-26 02:14:49,551 | INFO     | [emotion-service] Worker shutdown pid=30656 — draining inference executor ...
2026-05-26 02:14:49,555 | INFO     | [emotion-service] Worker shutdown pid=30656 complete
