2026-05-20 13:07:12,369 | INFO     | ⏳ Đang nạp AI Model vào bộ nhớ...
2026-05-20 13:07:17,021 | INFO     | ✅ Nạp Model thành công! Server AI đã sẵn sàng.
2026-05-20 13:08:38,041 | INFO     | [318041] ------------------------------------------
2026-05-20 13:08:38,043 | INFO     | [318041] 📥 NHẬN YÊU CẦU QUÉT KHUÔN MẶT MỚI
2026-05-20 13:08:38,066 | INFO     | [318041] Đã xử lý ảnh thành công. Kích thước tensor: (1, 48, 48, 1)
2026-05-20 13:08:44,970 | INFO     | [318041] 📊 Chi tiết dự đoán: {'ANGRY': 6.93, 'DISGUST': 0.69, 'FEAR': 10.39, 'HAPPY': 6.25, 'NEUTRAL': 33.83, 'SAD': 22.23, 'SURPRISE': 19.68}
2026-05-20 13:08:44,972 | INFO     | [318041] 🎯 KẾT QUẢ CHỐT: NEUTRAL (33.83%)
2026-05-20 13:08:44,972 | INFO     | [318041] ⏱️ Thời gian phản hồi: 6928.4 ms
2026-05-20 13:08:44,976 | INFO     | [324976] ------------------------------------------
2026-05-20 13:08:44,976 | INFO     | [324976] 📥 NHẬN YÊU CẦU QUÉT KHUÔN MẶT MỚI
2026-05-20 13:08:44,977 | INFO     | [324976] Đã xử lý ảnh thành công. Kích thước tensor: (1, 48, 48, 1)
2026-05-20 13:08:45,030 | INFO     | [324976] 📊 Chi tiết dự đoán: {'ANGRY': 8.31, 'DISGUST': 1.22, 'FEAR': 13.3, 'HAPPY': 5.43, 'NEUTRAL': 29.36, 'SAD': 22.77, 'SURPRISE': 19.62}
2026-05-20 13:08:45,030 | INFO     | [324976] 🎯 KẾT QUẢ CHỐT: NEUTRAL (29.36%)
2026-05-20 13:08:45,030 | INFO     | [324976] ⏱️ Thời gian phản hồi: 54.05 ms
2026-05-20 13:08:45,033 | INFO     | [325033] ------------------------------------------
2026-05-20 13:08:45,033 | INFO     | [325033] 📥 NHẬN YÊU CẦU QUÉT KHUÔN MẶT MỚI
2026-05-20 13:08:45,034 | INFO     | [325033] Đã xử lý ảnh thành công. Kích thước tensor: (1, 48, 48, 1)
2026-05-20 13:08:45,084 | INFO     | [325033] 📊 Chi tiết dự đoán: {'ANGRY': 9.43, 'DISGUST': 1.16, 'FEAR': 13.79, 'HAPPY': 8.54, 'NEUTRAL': 28.56, 'SAD': 18.52, 'SURPRISE': 20.01}
2026-05-20 13:08:45,084 | INFO     | [325033] 🎯 KẾT QUẢ CHỐT: NEUTRAL (28.56%)
2026-05-20 13:08:45,085 | INFO     | [325033] ⏱️ Thời gian phản hồi: 51.77 ms
2026-05-20 13:08:45,087 | INFO     | [325087] ------------------------------------------
2026-05-20 13:08:45,087 | INFO     | [325087] 📥 NHẬN YÊU CẦU QUÉT KHUÔN MẶT MỚI
2026-05-20 13:08:45,088 | INFO     | [325087] Đã xử lý ảnh thành công. Kích thước tensor: (1, 48, 48, 1)
2026-05-20 13:08:45,135 | INFO     | [325087] 📊 Chi tiết dự đoán: {'ANGRY': 9.29, 'DISGUST': 1.23, 'FEAR': 12.54, 'HAPPY': 8.14, 'NEUTRAL': 31.14, 'SAD': 22.25, 'SURPRISE': 15.4}
2026-05-20 13:08:45,136 | INFO     | [325087] 🎯 KẾT QUẢ CHỐT: NEUTRAL (31.14%)
2026-05-20 13:08:45,136 | INFO     | [325087] ⏱️ Thời gian phản hồi: 47.54 ms
2026-05-20 13:08:45,137 | INFO     | [325137] ------------------------------------------
2026-05-20 13:08:45,138 | INFO     | [325137] 📥 NHẬN YÊU CẦU QUÉT KHUÔN MẶT MỚI
2026-05-20 13:08:45,138 | INFO     | [325137] Đã xử lý ảnh thành công. Kích thước tensor: (1, 48, 48, 1)
2026-05-20 13:08:45,185 | INFO     | [325137] 📊 Chi tiết dự đoán: {'ANGRY': 9.62, 'DISGUST': 0.93, 'FEAR': 10.89, 'HAPPY': 10.86, 'NEUTRAL': 34.96, 'SAD': 19.73, 'SURPRISE': 13.0}
2026-05-20 13:08:45,186 | INFO     | [325137] 🎯 KẾT QUẢ CHỐT: NEUTRAL (34.96%)
2026-05-20 13:08:45,186 | INFO     | [325137] ⏱️ Thời gian phản hồi: 48.08 ms
2026-05-20 13:08:45,188 | INFO     | [325188] ------------------------------------------
2026-05-20 13:08:45,188 | INFO     | [325188] 📥 NHẬN YÊU CẦU QUÉT KHUÔN MẶT MỚI
2026-05-20 13:08:45,189 | INFO     | [325188] Đã xử lý ảnh thành công. Kích thước tensor: (1, 48, 48, 1)
2026-05-20 13:08:45,239 | INFO     | [325188] 📊 Chi tiết dự đoán: {'ANGRY': 8.54, 'DISGUST': 0.9, 'FEAR': 11.84, 'HAPPY': 9.43, 'NEUTRAL': 32.47, 'SAD': 21.69, 'SURPRISE': 15.12}
2026-05-20 13:08:45,239 | INFO     | [325188] 🎯 KẾT QUẢ CHỐT: NEUTRAL (32.47%)
2026-05-20 13:08:45,239 | INFO     | [325188] ⏱️ Thời gian phản hồi: 51.16 ms
2026-05-20 13:08:45,240 | INFO     | [325240] ------------------------------------------
2026-05-20 13:08:45,240 | INFO     | [325240] 📥 NHẬN YÊU CẦU QUÉT KHUÔN MẶT MỚI
2026-05-20 13:08:45,242 | INFO     | [325240] Đã xử lý ảnh thành công. Kích thước tensor: (1, 48, 48, 1)
2026-05-20 13:08:45,301 | INFO     | [325240] 📊 Chi tiết dự đoán: {'ANGRY': 8.62, 'DISGUST': 0.72, 'FEAR': 10.41, 'HAPPY': 11.29, 'NEUTRAL': 37.13, 'SAD': 18.99, 'SURPRISE': 12.84}
2026-05-20 13:08:45,301 | INFO     | [325240] 🎯 KẾT QUẢ CHỐT: NEUTRAL (37.13%)
2026-05-20 13:08:45,302 | INFO     | [325240] ⏱️ Thời gian phản hồi: 60.24 ms
2026-05-20 13:08:45,304 | INFO     | [325304] ------------------------------------------
2026-05-20 13:08:45,304 | INFO     | [325304] 📥 NHẬN YÊU CẦU QUÉT KHUÔN MẶT MỚI
2026-05-20 13:08:45,305 | INFO     | [325304] Đã xử lý ảnh thành công. Kích thước tensor: (1, 48, 48, 1)
2026-05-20 13:08:45,352 | INFO     | [325304] 📊 Chi tiết dự đoán: {'ANGRY': 8.7, 'DISGUST': 0.78, 'FEAR': 11.28, 'HAPPY': 13.02, 'NEUTRAL': 33.96, 'SAD': 20.83, 'SURPRISE': 11.44}
2026-05-20 13:08:45,352 | INFO     | [325304] 🎯 KẾT QUẢ CHỐT: NEUTRAL (33.96%)
2026-05-20 13:08:45,352 | INFO     | [325304] ⏱️ Thời gian phản hồi: 48.25 ms
2026-05-20 13:08:45,354 | INFO     | [325354] ------------------------------------------
2026-05-20 13:08:45,354 | INFO     | [325354] 📥 NHẬN YÊU CẦU QUÉT KHUÔN MẶT MỚI
2026-05-20 13:08:45,355 | INFO     | [325354] Đã xử lý ảnh thành công. Kích thước tensor: (1, 48, 48, 1)
2026-05-20 13:08:45,406 | INFO     | [325354] 📊 Chi tiết dự đoán: {'ANGRY': 10.57, 'DISGUST': 0.99, 'FEAR': 11.5, 'HAPPY': 12.9, 'NEUTRAL': 29.72, 'SAD': 18.82, 'SURPRISE': 15.5}
2026-05-20 13:08:45,406 | INFO     | [325354] 🎯 KẾT QUẢ CHỐT: NEUTRAL (29.72%)
2026-05-20 13:08:45,406 | INFO     | [325354] ⏱️ Thời gian phản hồi: 51.55 ms
2026-05-20 13:08:45,408 | INFO     | [325408] ------------------------------------------
2026-05-20 13:08:45,408 | INFO     | [325408] 📥 NHẬN YÊU CẦU QUÉT KHUÔN MẶT MỚI
2026-05-20 13:08:45,408 | INFO     | [325408] Đã xử lý ảnh thành công. Kích thước tensor: (1, 48, 48, 1)
2026-05-20 13:08:45,460 | INFO     | [325408] 📊 Chi tiết dự đoán: {'ANGRY': 10.42, 'DISGUST': 0.97, 'FEAR': 11.01, 'HAPPY': 12.41, 'NEUTRAL': 32.75, 'SAD': 20.24, 'SURPRISE': 12.2}
2026-05-20 13:08:45,462 | INFO     | [325408] 🎯 KẾT QUẢ CHỐT: NEUTRAL (32.75%)
2026-05-20 13:08:45,462 | INFO     | [325408] ⏱️ Thời gian phản hồi: 51.85 ms
2026-05-20 13:08:45,464 | INFO     | [325464] ------------------------------------------
2026-05-20 13:08:45,464 | INFO     | [325464] 📥 NHẬN YÊU CẦU QUÉT KHUÔN MẶT MỚI
2026-05-20 13:08:45,465 | INFO     | [325464] Đã xử lý ảnh thành công. Kích thước tensor: (1, 48, 48, 1)
2026-05-20 13:08:45,515 | INFO     | [325464] 📊 Chi tiết dự đoán: {'ANGRY': 9.51, 'DISGUST': 0.53, 'FEAR': 11.44, 'HAPPY': 15.96, 'NEUTRAL': 32.34, 'SAD': 20.95, 'SURPRISE': 9.27}
2026-05-20 13:08:45,515 | INFO     | [325464] 🎯 KẾT QUẢ CHỐT: NEUTRAL (32.34%)
2026-05-20 13:08:45,515 | INFO     | [325464] ⏱️ Thời gian phản hồi: 51.3 ms
2026-05-20 13:08:45,516 | INFO     | [325516] ------------------------------------------
2026-05-20 13:08:45,516 | INFO     | [325516] 📥 NHẬN YÊU CẦU QUÉT KHUÔN MẶT MỚI
2026-05-20 13:08:45,518 | INFO     | [325516] Đã xử lý ảnh thành công. Kích thước tensor: (1, 48, 48, 1)
2026-05-20 13:08:45,579 | INFO     | [325516] 📊 Chi tiết dự đoán: {'ANGRY': 10.05, 'DISGUST': 0.36, 'FEAR': 11.78, 'HAPPY': 14.17, 'NEUTRAL': 34.23, 'SAD': 22.6, 'SURPRISE': 6.82}
2026-05-20 13:08:45,579 | INFO     | [325516] 🎯 KẾT QUẢ CHỐT: NEUTRAL (34.23%)
2026-05-20 13:08:45,579 | INFO     | [325516] ⏱️ Thời gian phản hồi: 61.37 ms
2026-05-20 13:08:45,582 | INFO     | [325582] ------------------------------------------
2026-05-20 13:08:45,582 | INFO     | [325582] 📥 NHẬN YÊU CẦU QUÉT KHUÔN MẶT MỚI
2026-05-20 13:08:45,583 | INFO     | [325582] Đã xử lý ảnh thành công. Kích thước tensor: (1, 48, 48, 1)
2026-05-20 13:08:45,648 | INFO     | [325582] 📊 Chi tiết dự đoán: {'ANGRY': 10.07, 'DISGUST': 0.43, 'FEAR': 10.88, 'HAPPY': 11.67, 'NEUTRAL': 36.8, 'SAD': 22.97, 'SURPRISE': 7.19}
2026-05-20 13:08:45,648 | INFO     | [325582] 🎯 KẾT QUẢ CHỐT: NEUTRAL (36.80%)
2026-05-20 13:08:45,648 | INFO     | [325582] ⏱️ Thời gian phản hồi: 65.98 ms
2026-05-20 13:08:45,650 | INFO     | [325650] ------------------------------------------
2026-05-20 13:08:45,650 | INFO     | [325650] 📥 NHẬN YÊU CẦU QUÉT KHUÔN MẶT MỚI
2026-05-20 13:08:45,651 | INFO     | [325650] Đã xử lý ảnh thành công. Kích thước tensor: (1, 48, 48, 1)
2026-05-20 13:08:45,715 | INFO     | [325650] 📊 Chi tiết dự đoán: {'ANGRY': 8.44, 'DISGUST': 0.46, 'FEAR': 9.54, 'HAPPY': 11.16, 'NEUTRAL': 37.97, 'SAD': 20.56, 'SURPRISE': 11.87}
2026-05-20 13:08:45,715 | INFO     | [325650] 🎯 KẾT QUẢ CHỐT: NEUTRAL (37.97%)
2026-05-20 13:08:45,715 | INFO     | [325650] ⏱️ Thời gian phản hồi: 63.01 ms
2026-05-20 13:08:45,716 | INFO     | [325716] ------------------------------------------
2026-05-20 13:08:45,716 | INFO     | [325716] 📥 NHẬN YÊU CẦU QUÉT KHUÔN MẶT MỚI
2026-05-20 13:08:45,717 | INFO     | [325716] Đã xử lý ảnh thành công. Kích thước tensor: (1, 48, 48, 1)
2026-05-20 13:08:45,778 | INFO     | [325716] 📊 Chi tiết dự đoán: {'ANGRY': 8.55, 'DISGUST': 0.43, 'FEAR': 9.87, 'HAPPY': 10.35, 'NEUTRAL': 39.21, 'SAD': 21.06, 'SURPRISE': 10.53}
2026-05-20 13:08:45,778 | INFO     | [325716] 🎯 KẾT QUẢ CHỐT: NEUTRAL (39.21%)
2026-05-20 13:08:45,778 | INFO     | [325716] ⏱️ Thời gian phản hồi: 62.05 ms
2026-05-20 13:08:45,780 | INFO     | [325780] ------------------------------------------
2026-05-20 13:08:45,782 | INFO     | [325780] 📥 NHẬN YÊU CẦU QUÉT KHUÔN MẶT MỚI
2026-05-20 13:08:45,782 | INFO     | [325780] Đã xử lý ảnh thành công. Kích thước tensor: (1, 48, 48, 1)
2026-05-20 13:08:45,840 | INFO     | [325780] 📊 Chi tiết dự đoán: {'ANGRY': 9.09, 'DISGUST': 0.52, 'FEAR': 9.28, 'HAPPY': 11.13, 'NEUTRAL': 38.02, 'SAD': 21.95, 'SURPRISE': 10.01}
2026-05-20 13:08:45,840 | INFO     | [325780] 🎯 KẾT QUẢ CHỐT: NEUTRAL (38.02%)
2026-05-20 13:08:45,840 | INFO     | [325780] ⏱️ Thời gian phản hồi: 59.7 ms
2026-05-20 13:08:45,843 | INFO     | [325843] ------------------------------------------
2026-05-20 13:08:45,843 | INFO     | [325843] 📥 NHẬN YÊU CẦU QUÉT KHUÔN MẶT MỚI
2026-05-20 13:08:45,844 | INFO     | [325843] Đã xử lý ảnh thành công. Kích thước tensor: (1, 48, 48, 1)
2026-05-20 13:08:45,892 | INFO     | [325843] 📊 Chi tiết dự đoán: {'ANGRY': 8.98, 'DISGUST': 0.42, 'FEAR': 10.07, 'HAPPY': 11.65, 'NEUTRAL': 37.52, 'SAD': 21.91, 'SURPRISE': 9.45}
2026-05-20 13:08:45,892 | INFO     | [325843] 🎯 KẾT QUẢ CHỐT: NEUTRAL (37.52%)
2026-05-20 13:08:45,892 | INFO     | [325843] ⏱️ Thời gian phản hồi: 49.55 ms
2026-05-20 13:08:45,894 | INFO     | [325894] ------------------------------------------
2026-05-20 13:08:45,894 | INFO     | [325894] 📥 NHẬN YÊU CẦU QUÉT KHUÔN MẶT MỚI
2026-05-20 13:08:45,895 | INFO     | [325894] Đã xử lý ảnh thành công. Kích thước tensor: (1, 48, 48, 1)
2026-05-20 13:08:45,948 | INFO     | [325894] 📊 Chi tiết dự đoán: {'ANGRY': 8.75, 'DISGUST': 0.53, 'FEAR': 10.25, 'HAPPY': 10.45, 'NEUTRAL': 36.81, 'SAD': 21.93, 'SURPRISE': 11.27}
2026-05-20 13:08:45,948 | INFO     | [325894] 🎯 KẾT QUẢ CHỐT: NEUTRAL (36.81%)
2026-05-20 13:08:45,948 | INFO     | [325894] ⏱️ Thời gian phản hồi: 53.66 ms
2026-05-20 13:08:45,950 | INFO     | [325950] ------------------------------------------
2026-05-20 13:08:45,950 | INFO     | [325950] 📥 NHẬN YÊU CẦU QUÉT KHUÔN MẶT MỚI
2026-05-20 13:08:45,951 | INFO     | [325950] Đã xử lý ảnh thành công. Kích thước tensor: (1, 48, 48, 1)
2026-05-20 13:08:46,006 | INFO     | [325950] 📊 Chi tiết dự đoán: {'ANGRY': 8.72, 'DISGUST': 0.41, 'FEAR': 9.51, 'HAPPY': 12.23, 'NEUTRAL': 37.91, 'SAD': 22.16, 'SURPRISE': 9.06}
2026-05-20 13:08:46,006 | INFO     | [325950] 🎯 KẾT QUẢ CHỐT: NEUTRAL (37.91%)
2026-05-20 13:08:46,006 | INFO     | [325950] ⏱️ Thời gian phản hồi: 55.6 ms
2026-05-20 13:08:46,008 | INFO     | [326008] ------------------------------------------
2026-05-20 13:08:46,008 | INFO     | [326008] 📥 NHẬN YÊU CẦU QUÉT KHUÔN MẶT MỚI
2026-05-20 13:08:46,009 | INFO     | [326008] Đã xử lý ảnh thành công. Kích thước tensor: (1, 48, 48, 1)
2026-05-20 13:08:46,065 | INFO     | [326008] 📊 Chi tiết dự đoán: {'ANGRY': 8.87, 'DISGUST': 0.43, 'FEAR': 9.54, 'HAPPY': 12.18, 'NEUTRAL': 37.43, 'SAD': 22.71, 'SURPRISE': 8.84}
2026-05-20 13:08:46,065 | INFO     | [326008] 🎯 KẾT QUẢ CHỐT: NEUTRAL (37.43%)
2026-05-20 13:08:46,065 | INFO     | [326008] ⏱️ Thời gian phản hồi: 57.03 ms
2026-05-20 13:08:46,067 | INFO     | [326067] ------------------------------------------
2026-05-20 13:08:46,067 | INFO     | [326067] 📥 NHẬN YÊU CẦU QUÉT KHUÔN MẶT MỚI
2026-05-20 13:08:46,068 | INFO     | [326067] Đã xử lý ảnh thành công. Kích thước tensor: (1, 48, 48, 1)
2026-05-20 13:08:46,147 | INFO     | [326067] 📊 Chi tiết dự đoán: {'ANGRY': 8.39, 'DISGUST': 0.46, 'FEAR': 9.43, 'HAPPY': 10.56, 'NEUTRAL': 38.26, 'SAD': 23.05, 'SURPRISE': 9.86}
2026-05-20 13:08:46,147 | INFO     | [326067] 🎯 KẾT QUẢ CHỐT: NEUTRAL (38.26%)
2026-05-20 13:08:46,148 | INFO     | [326067] ⏱️ Thời gian phản hồi: 80.16 ms
2026-05-20 13:08:46,150 | INFO     | [326150] ------------------------------------------
2026-05-20 13:08:46,150 | INFO     | [326150] 📥 NHẬN YÊU CẦU QUÉT KHUÔN MẶT MỚI
2026-05-20 13:08:46,152 | INFO     | [326150] Đã xử lý ảnh thành công. Kích thước tensor: (1, 48, 48, 1)
2026-05-20 13:08:46,203 | INFO     | [326150] 📊 Chi tiết dự đoán: {'ANGRY': 8.74, 'DISGUST': 0.5, 'FEAR': 9.34, 'HAPPY': 10.79, 'NEUTRAL': 38.01, 'SAD': 22.64, 'SURPRISE': 9.97}
2026-05-20 13:08:46,203 | INFO     | [326150] 🎯 KẾT QUẢ CHỐT: NEUTRAL (38.01%)
2026-05-20 13:08:46,203 | INFO     | [326150] ⏱️ Thời gian phản hồi: 52.9 ms
2026-05-20 13:08:46,205 | INFO     | [326205] ------------------------------------------
2026-05-20 13:08:46,206 | INFO     | [326205] 📥 NHẬN YÊU CẦU QUÉT KHUÔN MẶT MỚI
2026-05-20 13:08:46,206 | INFO     | [326205] Đã xử lý ảnh thành công. Kích thước tensor: (1, 48, 48, 1)
2026-05-20 13:08:46,258 | INFO     | [326205] 📊 Chi tiết dự đoán: {'ANGRY': 9.05, 'DISGUST': 0.51, 'FEAR': 9.48, 'HAPPY': 10.97, 'NEUTRAL': 36.3, 'SAD': 24.26, 'SURPRISE': 9.43}
2026-05-20 13:08:46,260 | INFO     | [326205] 🎯 KẾT QUẢ CHỐT: NEUTRAL (36.30%)
2026-05-20 13:08:46,260 | INFO     | [326205] ⏱️ Thời gian phản hồi: 52.94 ms
2026-05-20 13:08:46,262 | INFO     | [326262] ------------------------------------------
2026-05-20 13:08:46,262 | INFO     | [326262] 📥 NHẬN YÊU CẦU QUÉT KHUÔN MẶT MỚI
2026-05-20 13:08:46,263 | INFO     | [326262] Đã xử lý ảnh thành công. Kích thước tensor: (1, 48, 48, 1)
2026-05-20 13:08:46,332 | INFO     | [326262] 📊 Chi tiết dự đoán: {'ANGRY': 8.85, 'DISGUST': 0.74, 'FEAR': 10.47, 'HAPPY': 8.78, 'NEUTRAL': 31.96, 'SAD': 23.82, 'SURPRISE': 15.39}
2026-05-20 13:08:46,332 | INFO     | [326262] 🎯 KẾT QUẢ CHỐT: NEUTRAL (31.96%)
2026-05-20 13:08:46,333 | INFO     | [326262] ⏱️ Thời gian phản hồi: 69.48 ms
2026-05-20 13:08:46,334 | INFO     | [326334] ------------------------------------------
2026-05-20 13:08:46,335 | INFO     | [326334] 📥 NHẬN YÊU CẦU QUÉT KHUÔN MẶT MỚI
2026-05-20 13:08:46,336 | INFO     | [326334] Đã xử lý ảnh thành công. Kích thước tensor: (1, 48, 48, 1)
2026-05-20 13:08:46,407 | INFO     | [326334] 📊 Chi tiết dự đoán: {'ANGRY': 8.53, 'DISGUST': 0.62, 'FEAR': 9.94, 'HAPPY': 8.6, 'NEUTRAL': 33.53, 'SAD': 24.45, 'SURPRISE': 14.32}
2026-05-20 13:08:46,408 | INFO     | [326334] 🎯 KẾT QUẢ CHỐT: NEUTRAL (33.53%)
2026-05-20 13:08:46,408 | INFO     | [326334] ⏱️ Thời gian phản hồi: 72.44 ms
2026-05-20 13:08:46,409 | INFO     | [326409] ------------------------------------------
2026-05-20 13:08:46,410 | INFO     | [326409] 📥 NHẬN YÊU CẦU QUÉT KHUÔN MẶT MỚI
2026-05-20 13:08:46,410 | INFO     | [326409] Đã xử lý ảnh thành công. Kích thước tensor: (1, 48, 48, 1)
2026-05-20 13:08:46,469 | INFO     | [326409] 📊 Chi tiết dự đoán: {'ANGRY': 9.16, 'DISGUST': 0.61, 'FEAR': 10.85, 'HAPPY': 11.03, 'NEUTRAL': 32.44, 'SAD': 23.73, 'SURPRISE': 12.18}
2026-05-20 13:08:46,470 | INFO     | [326409] 🎯 KẾT QUẢ CHỐT: NEUTRAL (32.44%)
2026-05-20 13:08:46,470 | INFO     | [326409] ⏱️ Thời gian phản hồi: 60.29 ms
2026-05-20 13:08:46,472 | INFO     | [326472] ------------------------------------------
2026-05-20 13:08:46,472 | INFO     | [326472] 📥 NHẬN YÊU CẦU QUÉT KHUÔN MẶT MỚI
2026-05-20 13:08:46,472 | INFO     | [326472] Đã xử lý ảnh thành công. Kích thước tensor: (1, 48, 48, 1)
2026-05-20 13:08:46,541 | INFO     | [326472] 📊 Chi tiết dự đoán: {'ANGRY': 9.26, 'DISGUST': 0.78, 'FEAR': 10.34, 'HAPPY': 10.22, 'NEUTRAL': 31.92, 'SAD': 21.73, 'SURPRISE': 15.75}
2026-05-20 13:08:46,541 | INFO     | [326472] 🎯 KẾT QUẢ CHỐT: NEUTRAL (31.92%)
2026-05-20 13:08:46,541 | INFO     | [326472] ⏱️ Thời gian phản hồi: 68.88 ms
2026-05-20 13:08:46,544 | INFO     | [326544] ------------------------------------------
2026-05-20 13:08:46,544 | INFO     | [326544] 📥 NHẬN YÊU CẦU QUÉT KHUÔN MẶT MỚI
2026-05-20 13:08:46,545 | INFO     | [326544] Đã xử lý ảnh thành công. Kích thước tensor: (1, 48, 48, 1)
2026-05-20 13:08:46,601 | INFO     | [326544] 📊 Chi tiết dự đoán: {'ANGRY': 10.02, 'DISGUST': 0.88, 'FEAR': 9.93, 'HAPPY': 11.03, 'NEUTRAL': 30.69, 'SAD': 21.67, 'SURPRISE': 15.78}
2026-05-20 13:08:46,601 | INFO     | [326544] 🎯 KẾT QUẢ CHỐT: NEUTRAL (30.69%)
2026-05-20 13:08:46,601 | INFO     | [326544] ⏱️ Thời gian phản hồi: 56.82 ms
2026-05-20 13:08:46,603 | INFO     | [326603] ------------------------------------------
2026-05-20 13:08:46,604 | INFO     | [326603] 📥 NHẬN YÊU CẦU QUÉT KHUÔN MẶT MỚI
2026-05-20 13:08:46,604 | INFO     | [326603] Đã xử lý ảnh thành công. Kích thước tensor: (1, 48, 48, 1)
2026-05-20 13:08:46,654 | INFO     | [326603] 📊 Chi tiết dự đoán: {'ANGRY': 10.18, 'DISGUST': 0.82, 'FEAR': 10.38, 'HAPPY': 12.67, 'NEUTRAL': 32.01, 'SAD': 21.92, 'SURPRISE': 12.02}
2026-05-20 13:08:46,654 | INFO     | [326603] 🎯 KẾT QUẢ CHỐT: NEUTRAL (32.01%)
2026-05-20 13:08:46,654 | INFO     | [326603] ⏱️ Thời gian phản hồi: 51.8 ms
2026-05-20 13:08:46,655 | INFO     | [326655] ------------------------------------------
2026-05-20 13:08:46,655 | INFO     | [326655] 📥 NHẬN YÊU CẦU QUÉT KHUÔN MẶT MỚI
2026-05-20 13:08:46,657 | INFO     | [326655] Đã xử lý ảnh thành công. Kích thước tensor: (1, 48, 48, 1)
2026-05-20 13:08:46,706 | INFO     | [326655] 📊 Chi tiết dự đoán: {'ANGRY': 10.09, 'DISGUST': 0.87, 'FEAR': 10.37, 'HAPPY': 12.75, 'NEUTRAL': 31.4, 'SAD': 22.03, 'SURPRISE': 12.48}
2026-05-20 13:08:46,706 | INFO     | [326655] 🎯 KẾT QUẢ CHỐT: NEUTRAL (31.40%)
2026-05-20 13:08:46,706 | INFO     | [326655] ⏱️ Thời gian phản hồi: 50.46 ms
2026-05-20 13:08:46,709 | INFO     | [326709] ------------------------------------------
2026-05-20 13:08:46,709 | INFO     | [326709] 📥 NHẬN YÊU CẦU QUÉT KHUÔN MẶT MỚI
2026-05-20 13:08:46,710 | INFO     | [326709] Đã xử lý ảnh thành công. Kích thước tensor: (1, 48, 48, 1)
2026-05-20 13:08:46,760 | INFO     | [326709] 📊 Chi tiết dự đoán: {'ANGRY': 9.97, 'DISGUST': 0.82, 'FEAR': 9.82, 'HAPPY': 11.69, 'NEUTRAL': 33.19, 'SAD': 22.38, 'SURPRISE': 12.14}
2026-05-20 13:08:46,760 | INFO     | [326709] 🎯 KẾT QUẢ CHỐT: NEUTRAL (33.19%)
2026-05-20 13:08:46,760 | INFO     | [326709] ⏱️ Thời gian phản hồi: 51.82 ms
2026-05-20 13:08:46,763 | INFO     | [326763] ------------------------------------------
2026-05-20 13:08:46,763 | INFO     | [326763] 📥 NHẬN YÊU CẦU QUÉT KHUÔN MẶT MỚI
2026-05-20 13:08:46,764 | INFO     | [326763] Đã xử lý ảnh thành công. Kích thước tensor: (1, 48, 48, 1)
2026-05-20 13:08:46,812 | INFO     | [326763] 📊 Chi tiết dự đoán: {'ANGRY': 9.24, 'DISGUST': 0.78, 'FEAR': 9.91, 'HAPPY': 11.21, 'NEUTRAL': 32.46, 'SAD': 22.04, 'SURPRISE': 14.36}
2026-05-20 13:08:46,812 | INFO     | [326763] 🎯 KẾT QUẢ CHỐT: NEUTRAL (32.46%)
2026-05-20 13:08:46,812 | INFO     | [326763] ⏱️ Thời gian phản hồi: 49.0 ms
2026-05-20 13:08:46,814 | INFO     | [326814] ------------------------------------------
2026-05-20 13:08:46,814 | INFO     | [326814] 📥 NHẬN YÊU CẦU QUÉT KHUÔN MẶT MỚI
2026-05-20 13:08:46,815 | INFO     | [326814] Đã xử lý ảnh thành công. Kích thước tensor: (1, 48, 48, 1)
2026-05-20 13:08:46,866 | INFO     | [326814] 📊 Chi tiết dự đoán: {'ANGRY': 8.87, 'DISGUST': 0.8, 'FEAR': 10.17, 'HAPPY': 10.73, 'NEUTRAL': 31.87, 'SAD': 23.49, 'SURPRISE': 14.07}
2026-05-20 13:08:46,866 | INFO     | [326814] 🎯 KẾT QUẢ CHỐT: NEUTRAL (31.87%)
2026-05-20 13:08:46,866 | INFO     | [326814] ⏱️ Thời gian phản hồi: 51.85 ms
2026-05-20 13:08:46,868 | INFO     | [326868] ------------------------------------------
2026-05-20 13:08:46,868 | INFO     | [326868] 📥 NHẬN YÊU CẦU QUÉT KHUÔN MẶT MỚI
2026-05-20 13:08:46,869 | INFO     | [326868] Đã xử lý ảnh thành công. Kích thước tensor: (1, 48, 48, 1)
2026-05-20 13:08:46,925 | INFO     | [326868] 📊 Chi tiết dự đoán: {'ANGRY': 9.15, 'DISGUST': 0.82, 'FEAR': 10.64, 'HAPPY': 12.84, 'NEUTRAL': 30.24, 'SAD': 23.47, 'SURPRISE': 12.84}
2026-05-20 13:08:46,925 | INFO     | [326868] 🎯 KẾT QUẢ CHỐT: NEUTRAL (30.24%)
2026-05-20 13:08:46,925 | INFO     | [326868] ⏱️ Thời gian phản hồi: 54.86 ms
2026-05-20 13:08:46,926 | INFO     | [326926] ------------------------------------------
2026-05-20 13:08:46,927 | INFO     | [326926] 📥 NHẬN YÊU CẦU QUÉT KHUÔN MẶT MỚI
2026-05-20 13:08:46,927 | INFO     | [326926] Đã xử lý ảnh thành công. Kích thước tensor: (1, 48, 48, 1)
2026-05-20 13:08:46,976 | INFO     | [326926] 📊 Chi tiết dự đoán: {'ANGRY': 9.0, 'DISGUST': 0.77, 'FEAR': 10.71, 'HAPPY': 12.64, 'NEUTRAL': 30.22, 'SAD': 22.89, 'SURPRISE': 13.76}
2026-05-20 13:08:46,976 | INFO     | [326926] 🎯 KẾT QUẢ CHỐT: NEUTRAL (30.22%)
2026-05-20 13:08:46,977 | INFO     | [326926] ⏱️ Thời gian phản hồi: 50.63 ms
2026-05-20 13:08:46,979 | INFO     | [326979] ------------------------------------------
2026-05-20 13:08:46,979 | INFO     | [326979] 📥 NHẬN YÊU CẦU QUÉT KHUÔN MẶT MỚI
2026-05-20 13:08:46,979 | INFO     | [326979] Đã xử lý ảnh thành công. Kích thước tensor: (1, 48, 48, 1)
2026-05-20 13:08:47,036 | INFO     | [326979] 📊 Chi tiết dự đoán: {'ANGRY': 9.38, 'DISGUST': 0.69, 'FEAR': 10.66, 'HAPPY': 12.61, 'NEUTRAL': 30.01, 'SAD': 23.42, 'SURPRISE': 13.22}
2026-05-20 13:08:47,036 | INFO     | [326979] 🎯 KẾT QUẢ CHỐT: NEUTRAL (30.01%)
2026-05-20 13:08:47,036 | INFO     | [326979] ⏱️ Thời gian phản hồi: 56.71 ms
2026-05-20 13:08:47,038 | INFO     | [327038] ------------------------------------------
2026-05-20 13:08:47,038 | INFO     | [327038] 📥 NHẬN YÊU CẦU QUÉT KHUÔN MẶT MỚI
2026-05-20 13:08:47,039 | INFO     | [327038] Đã xử lý ảnh thành công. Kích thước tensor: (1, 48, 48, 1)
2026-05-20 13:08:47,104 | INFO     | [327038] 📊 Chi tiết dự đoán: {'ANGRY': 9.0, 'DISGUST': 0.69, 'FEAR': 9.83, 'HAPPY': 12.7, 'NEUTRAL': 32.15, 'SAD': 23.16, 'SURPRISE': 12.48}
2026-05-20 13:08:47,104 | INFO     | [327038] 🎯 KẾT QUẢ CHỐT: NEUTRAL (32.15%)
2026-05-20 13:08:47,104 | INFO     | [327038] ⏱️ Thời gian phản hồi: 66.29 ms
2026-05-20 13:08:47,106 | INFO     | [327106] ------------------------------------------
2026-05-20 13:08:47,106 | INFO     | [327106] 📥 NHẬN YÊU CẦU QUÉT KHUÔN MẶT MỚI
2026-05-20 13:08:47,106 | INFO     | [327106] Đã xử lý ảnh thành công. Kích thước tensor: (1, 48, 48, 1)
2026-05-20 13:08:47,170 | INFO     | [327106] 📊 Chi tiết dự đoán: {'ANGRY': 9.37, 'DISGUST': 0.77, 'FEAR': 10.25, 'HAPPY': 13.68, 'NEUTRAL': 30.97, 'SAD': 22.24, 'SURPRISE': 12.73}
2026-05-20 13:08:47,171 | INFO     | [327106] 🎯 KẾT QUẢ CHỐT: NEUTRAL (30.97%)
2026-05-20 13:08:47,171 | INFO     | [327106] ⏱️ Thời gian phản hồi: 63.86 ms
2026-05-20 13:08:47,173 | INFO     | [327173] ------------------------------------------
2026-05-20 13:08:47,173 | INFO     | [327173] 📥 NHẬN YÊU CẦU QUÉT KHUÔN MẶT MỚI
2026-05-20 13:08:47,174 | INFO     | [327173] Đã xử lý ảnh thành công. Kích thước tensor: (1, 48, 48, 1)
2026-05-20 13:08:47,238 | INFO     | [327173] 📊 Chi tiết dự đoán: {'ANGRY': 9.52, 'DISGUST': 0.81, 'FEAR': 9.97, 'HAPPY': 13.03, 'NEUTRAL': 31.03, 'SAD': 23.94, 'SURPRISE': 11.69}
2026-05-20 13:08:47,238 | INFO     | [327173] 🎯 KẾT QUẢ CHỐT: NEUTRAL (31.03%)
2026-05-20 13:08:47,238 | INFO     | [327173] ⏱️ Thời gian phản hồi: 65.19 ms
2026-05-20 13:08:47,240 | INFO     | [327240] ------------------------------------------
2026-05-20 13:08:47,240 | INFO     | [327240] 📥 NHẬN YÊU CẦU QUÉT KHUÔN MẶT MỚI
2026-05-20 13:08:47,240 | INFO     | [327240] Đã xử lý ảnh thành công. Kích thước tensor: (1, 48, 48, 1)
2026-05-20 13:08:47,291 | INFO     | [327240] 📊 Chi tiết dự đoán: {'ANGRY': 9.77, 'DISGUST': 0.89, 'FEAR': 10.56, 'HAPPY': 13.54, 'NEUTRAL': 29.52, 'SAD': 23.88, 'SURPRISE': 11.84}
2026-05-20 13:08:47,291 | INFO     | [327240] 🎯 KẾT QUẢ CHỐT: NEUTRAL (29.52%)
2026-05-20 13:08:47,291 | INFO     | [327240] ⏱️ Thời gian phản hồi: 51.12 ms
2026-05-20 13:08:47,294 | INFO     | [327294] ------------------------------------------
2026-05-20 13:08:47,294 | INFO     | [327294] 📥 NHẬN YÊU CẦU QUÉT KHUÔN MẶT MỚI
2026-05-20 13:08:47,295 | INFO     | [327294] Đã xử lý ảnh thành công. Kích thước tensor: (1, 48, 48, 1)
2026-05-20 13:08:47,347 | INFO     | [327294] 📊 Chi tiết dự đoán: {'ANGRY': 9.52, 'DISGUST': 0.79, 'FEAR': 10.47, 'HAPPY': 12.59, 'NEUTRAL': 30.4, 'SAD': 23.9, 'SURPRISE': 12.33}
2026-05-20 13:08:47,347 | INFO     | [327294] 🎯 KẾT QUẢ CHỐT: NEUTRAL (30.40%)
2026-05-20 13:08:47,347 | INFO     | [327294] ⏱️ Thời gian phản hồi: 52.12 ms
2026-05-20 13:08:47,349 | INFO     | [327349] ------------------------------------------
2026-05-20 13:08:47,349 | INFO     | [327349] 📥 NHẬN YÊU CẦU QUÉT KHUÔN MẶT MỚI
2026-05-20 13:08:47,349 | INFO     | [327349] Đã xử lý ảnh thành công. Kích thước tensor: (1, 48, 48, 1)
2026-05-20 13:08:47,403 | INFO     | [327349] 📊 Chi tiết dự đoán: {'ANGRY': 9.17, 'DISGUST': 0.79, 'FEAR': 10.24, 'HAPPY': 12.34, 'NEUTRAL': 31.39, 'SAD': 24.36, 'SURPRISE': 11.7}
2026-05-20 13:08:47,403 | INFO     | [327349] 🎯 KẾT QUẢ CHỐT: NEUTRAL (31.39%)
2026-05-20 13:08:47,403 | INFO     | [327349] ⏱️ Thời gian phản hồi: 54.26 ms
2026-05-20 13:08:47,405 | INFO     | [327405] ------------------------------------------
2026-05-20 13:08:47,405 | INFO     | [327405] 📥 NHẬN YÊU CẦU QUÉT KHUÔN MẶT MỚI
2026-05-20 13:08:47,407 | INFO     | [327405] Đã xử lý ảnh thành công. Kích thước tensor: (1, 48, 48, 1)
2026-05-20 13:08:47,460 | INFO     | [327405] 📊 Chi tiết dự đoán: {'ANGRY': 9.41, 'DISGUST': 0.79, 'FEAR': 9.98, 'HAPPY': 13.47, 'NEUTRAL': 30.4, 'SAD': 24.51, 'SURPRISE': 11.44}
2026-05-20 13:08:47,460 | INFO     | [327405] 🎯 KẾT QUẢ CHỐT: NEUTRAL (30.40%)
2026-05-20 13:08:47,460 | INFO     | [327405] ⏱️ Thời gian phản hồi: 53.7 ms
2026-05-20 13:08:47,463 | INFO     | [327463] ------------------------------------------
2026-05-20 13:08:47,463 | INFO     | [327463] 📥 NHẬN YÊU CẦU QUÉT KHUÔN MẶT MỚI
2026-05-20 13:08:47,464 | INFO     | [327463] Đã xử lý ảnh thành công. Kích thước tensor: (1, 48, 48, 1)
2026-05-20 13:08:47,512 | INFO     | [327463] 📊 Chi tiết dự đoán: {'ANGRY': 8.98, 'DISGUST': 0.63, 'FEAR': 10.43, 'HAPPY': 12.38, 'NEUTRAL': 32.18, 'SAD': 21.97, 'SURPRISE': 13.42}
2026-05-20 13:08:47,513 | INFO     | [327463] 🎯 KẾT QUẢ CHỐT: NEUTRAL (32.18%)
2026-05-20 13:08:47,513 | INFO     | [327463] ⏱️ Thời gian phản hồi: 49.13 ms
2026-05-20 13:08:47,514 | INFO     | [327514] ------------------------------------------
2026-05-20 13:08:47,514 | INFO     | [327514] 📥 NHẬN YÊU CẦU QUÉT KHUÔN MẶT MỚI
2026-05-20 13:08:47,515 | INFO     | [327514] Đã xử lý ảnh thành công. Kích thước tensor: (1, 48, 48, 1)
2026-05-20 13:08:47,566 | INFO     | [327514] 📊 Chi tiết dự đoán: {'ANGRY': 9.06, 'DISGUST': 0.77, 'FEAR': 10.01, 'HAPPY': 14.35, 'NEUTRAL': 30.58, 'SAD': 23.31, 'SURPRISE': 11.92}
2026-05-20 13:08:47,566 | INFO     | [327514] 🎯 KẾT QUẢ CHỐT: NEUTRAL (30.58%)
2026-05-20 13:08:47,566 | INFO     | [327514] ⏱️ Thời gian phản hồi: 52.19 ms
2026-05-20 13:08:47,568 | INFO     | [327568] ------------------------------------------
2026-05-20 13:08:47,568 | INFO     | [327568] 📥 NHẬN YÊU CẦU QUÉT KHUÔN MẶT MỚI
2026-05-20 13:08:47,570 | INFO     | [327568] Đã xử lý ảnh thành công. Kích thước tensor: (1, 48, 48, 1)
2026-05-20 13:08:47,629 | INFO     | [327568] 📊 Chi tiết dự đoán: {'ANGRY': 8.88, 'DISGUST': 0.72, 'FEAR': 9.68, 'HAPPY': 13.41, 'NEUTRAL': 32.13, 'SAD': 22.83, 'SURPRISE': 12.34}
2026-05-20 13:08:47,629 | INFO     | [327568] 🎯 KẾT QUẢ CHỐT: NEUTRAL (32.13%)
2026-05-20 13:08:47,629 | INFO     | [327568] ⏱️ Thời gian phản hồi: 61.07 ms
2026-05-20 13:08:47,630 | INFO     | [327630] ------------------------------------------
2026-05-20 13:08:47,632 | INFO     | [327630] 📥 NHẬN YÊU CẦU QUÉT KHUÔN MẶT MỚI
2026-05-20 13:08:47,632 | INFO     | [327630] Đã xử lý ảnh thành công. Kích thước tensor: (1, 48, 48, 1)
2026-05-20 13:08:47,687 | INFO     | [327630] 📊 Chi tiết dự đoán: {'ANGRY': 8.13, 'DISGUST': 0.63, 'FEAR': 9.31, 'HAPPY': 10.61, 'NEUTRAL': 36.99, 'SAD': 24.35, 'SURPRISE': 9.98}
2026-05-20 13:08:47,687 | INFO     | [327630] 🎯 KẾT QUẢ CHỐT: NEUTRAL (36.99%)
2026-05-20 13:08:47,687 | INFO     | [327630] ⏱️ Thời gian phản hồi: 56.72 ms
2026-05-20 13:08:47,689 | INFO     | [327689] ------------------------------------------
2026-05-20 13:08:47,689 | INFO     | [327689] 📥 NHẬN YÊU CẦU QUÉT KHUÔN MẶT MỚI
2026-05-20 13:08:47,690 | INFO     | [327689] Đã xử lý ảnh thành công. Kích thước tensor: (1, 48, 48, 1)
2026-05-20 13:08:47,747 | INFO     | [327689] 📊 Chi tiết dự đoán: {'ANGRY': 8.43, 'DISGUST': 0.73, 'FEAR': 10.41, 'HAPPY': 9.32, 'NEUTRAL': 35.67, 'SAD': 23.73, 'SURPRISE': 11.71}
2026-05-20 13:08:47,747 | INFO     | [327689] 🎯 KẾT QUẢ CHỐT: NEUTRAL (35.67%)
2026-05-20 13:08:47,748 | INFO     | [327689] ⏱️ Thời gian phản hồi: 58.03 ms
2026-05-20 13:08:47,750 | INFO     | [327750] ------------------------------------------
2026-05-20 13:08:47,750 | INFO     | [327750] 📥 NHẬN YÊU CẦU QUÉT KHUÔN MẶT MỚI
2026-05-20 13:08:47,750 | INFO     | [327750] Đã xử lý ảnh thành công. Kích thước tensor: (1, 48, 48, 1)
2026-05-20 13:08:47,803 | INFO     | [327750] 📊 Chi tiết dự đoán: {'ANGRY': 8.55, 'DISGUST': 0.77, 'FEAR': 9.98, 'HAPPY': 9.66, 'NEUTRAL': 36.0, 'SAD': 23.96, 'SURPRISE': 11.07}
2026-05-20 13:08:47,803 | INFO     | [327750] 🎯 KẾT QUẢ CHỐT: NEUTRAL (36.00%)
2026-05-20 13:08:47,804 | INFO     | [327750] ⏱️ Thời gian phản hồi: 52.65 ms
2026-05-20 13:08:47,805 | INFO     | [327805] ------------------------------------------
2026-05-20 13:08:47,805 | INFO     | [327805] 📥 NHẬN YÊU CẦU QUÉT KHUÔN MẶT MỚI
2026-05-20 13:08:47,806 | INFO     | [327805] Đã xử lý ảnh thành công. Kích thước tensor: (1, 48, 48, 1)
2026-05-20 13:08:47,858 | INFO     | [327805] 📊 Chi tiết dự đoán: {'ANGRY': 8.56, 'DISGUST': 0.85, 'FEAR': 10.04, 'HAPPY': 9.76, 'NEUTRAL': 34.56, 'SAD': 24.03, 'SURPRISE': 12.19}
2026-05-20 13:08:47,858 | INFO     | [327805] 🎯 KẾT QUẢ CHỐT: NEUTRAL (34.56%)
2026-05-20 13:08:47,858 | INFO     | [327805] ⏱️ Thời gian phản hồi: 52.5 ms
2026-05-20 13:08:47,860 | INFO     | [327860] ------------------------------------------
2026-05-20 13:08:47,860 | INFO     | [327860] 📥 NHẬN YÊU CẦU QUÉT KHUÔN MẶT MỚI
2026-05-20 13:08:47,861 | INFO     | [327860] Đã xử lý ảnh thành công. Kích thước tensor: (1, 48, 48, 1)
2026-05-20 13:08:47,923 | INFO     | [327860] 📊 Chi tiết dự đoán: {'ANGRY': 8.44, 'DISGUST': 0.83, 'FEAR': 9.73, 'HAPPY': 10.37, 'NEUTRAL': 35.31, 'SAD': 22.9, 'SURPRISE': 12.42}
2026-05-20 13:08:47,925 | INFO     | [327860] 🎯 KẾT QUẢ CHỐT: NEUTRAL (35.31%)
2026-05-20 13:08:47,925 | INFO     | [327860] ⏱️ Thời gian phản hồi: 63.5 ms
2026-05-20 13:08:47,926 | INFO     | [327926] ------------------------------------------
2026-05-20 13:08:47,926 | INFO     | [327926] 📥 NHẬN YÊU CẦU QUÉT KHUÔN MẶT MỚI
2026-05-20 13:08:47,928 | INFO     | [327926] Đã xử lý ảnh thành công. Kích thước tensor: (1, 48, 48, 1)
2026-05-20 13:08:48,006 | INFO     | [327926] 📊 Chi tiết dự đoán: {'ANGRY': 8.58, 'DISGUST': 0.76, 'FEAR': 10.51, 'HAPPY': 9.95, 'NEUTRAL': 34.35, 'SAD': 22.88, 'SURPRISE': 12.96}
2026-05-20 13:08:48,007 | INFO     | [327926] 🎯 KẾT QUẢ CHỐT: NEUTRAL (34.35%)
2026-05-20 13:08:48,007 | INFO     | [327926] ⏱️ Thời gian phản hồi: 80.34 ms
2026-05-20 13:08:48,010 | INFO     | [328009] ------------------------------------------
2026-05-20 13:08:48,010 | INFO     | [328009] 📥 NHẬN YÊU CẦU QUÉT KHUÔN MẶT MỚI
2026-05-20 13:08:48,012 | INFO     | [328009] Đã xử lý ảnh thành công. Kích thước tensor: (1, 48, 48, 1)
2026-05-20 13:08:48,085 | INFO     | [328009] 📊 Chi tiết dự đoán: {'ANGRY': 8.4, 'DISGUST': 0.75, 'FEAR': 9.94, 'HAPPY': 10.56, 'NEUTRAL': 35.62, 'SAD': 23.51, 'SURPRISE': 11.23}
2026-05-20 13:08:48,086 | INFO     | [328009] 🎯 KẾT QUẢ CHỐT: NEUTRAL (35.62%)
2026-05-20 13:08:48,086 | INFO     | [328009] ⏱️ Thời gian phản hồi: 75.39 ms
2026-05-20 13:08:48,087 | INFO     | [328087] ------------------------------------------
2026-05-20 13:08:48,087 | INFO     | [328087] 📥 NHẬN YÊU CẦU QUÉT KHUÔN MẶT MỚI
2026-05-20 13:08:48,089 | INFO     | [328087] Đã xử lý ảnh thành công. Kích thước tensor: (1, 48, 48, 1)
2026-05-20 13:08:48,175 | INFO     | [328087] 📊 Chi tiết dự đoán: {'ANGRY': 8.29, 'DISGUST': 0.73, 'FEAR': 10.23, 'HAPPY': 10.45, 'NEUTRAL': 35.29, 'SAD': 22.34, 'SURPRISE': 12.67}
2026-05-20 13:08:48,175 | INFO     | [328087] 🎯 KẾT QUẢ CHỐT: NEUTRAL (35.29%)
2026-05-20 13:08:48,175 | INFO     | [328087] ⏱️ Thời gian phản hồi: 87.28 ms
2026-05-20 13:08:48,178 | INFO     | [328178] ------------------------------------------
2026-05-20 13:08:48,178 | INFO     | [328178] 📥 NHẬN YÊU CẦU QUÉT KHUÔN MẶT MỚI
2026-05-20 13:08:48,179 | INFO     | [328178] Đã xử lý ảnh thành công. Kích thước tensor: (1, 48, 48, 1)
2026-05-20 13:08:48,252 | INFO     | [328178] 📊 Chi tiết dự đoán: {'ANGRY': 8.97, 'DISGUST': 0.73, 'FEAR': 10.35, 'HAPPY': 9.78, 'NEUTRAL': 34.5, 'SAD': 23.36, 'SURPRISE': 12.31}
2026-05-20 13:08:48,252 | INFO     | [328178] 🎯 KẾT QUẢ CHỐT: NEUTRAL (34.50%)
2026-05-20 13:08:48,252 | INFO     | [328178] ⏱️ Thời gian phản hồi: 74.51 ms
2026-05-20 13:08:48,255 | INFO     | [328255] ------------------------------------------
2026-05-20 13:08:48,255 | INFO     | [328255] 📥 NHẬN YÊU CẦU QUÉT KHUÔN MẶT MỚI
2026-05-20 13:08:48,256 | INFO     | [328255] Đã xử lý ảnh thành công. Kích thước tensor: (1, 48, 48, 1)
2026-05-20 13:08:48,316 | INFO     | [328255] 📊 Chi tiết dự đoán: {'ANGRY': 9.22, 'DISGUST': 0.8, 'FEAR': 10.32, 'HAPPY': 9.67, 'NEUTRAL': 35.35, 'SAD': 21.9, 'SURPRISE': 12.74}
2026-05-20 13:08:48,316 | INFO     | [328255] 🎯 KẾT QUẢ CHỐT: NEUTRAL (35.35%)
2026-05-20 13:08:48,317 | INFO     | [328255] ⏱️ Thời gian phản hồi: 60.99 ms
2026-05-20 13:08:48,318 | INFO     | [328318] ------------------------------------------
2026-05-20 13:08:48,318 | INFO     | [328318] 📥 NHẬN YÊU CẦU QUÉT KHUÔN MẶT MỚI
2026-05-20 13:08:48,319 | INFO     | [328318] Đã xử lý ảnh thành công. Kích thước tensor: (1, 48, 48, 1)
2026-05-20 13:08:48,378 | INFO     | [328318] 📊 Chi tiết dự đoán: {'ANGRY': 8.85, 'DISGUST': 0.74, 'FEAR': 10.52, 'HAPPY': 9.1, 'NEUTRAL': 34.66, 'SAD': 21.48, 'SURPRISE': 14.66}
2026-05-20 13:08:48,378 | INFO     | [328318] 🎯 KẾT QUẢ CHỐT: NEUTRAL (34.66%)
2026-05-20 13:08:48,378 | INFO     | [328318] ⏱️ Thời gian phản hồi: 58.71 ms
2026-05-20 13:08:48,380 | INFO     | [328380] ------------------------------------------
2026-05-20 13:08:48,380 | INFO     | [328380] 📥 NHẬN YÊU CẦU QUÉT KHUÔN MẶT MỚI
2026-05-20 13:08:48,382 | INFO     | [328380] Đã xử lý ảnh thành công. Kích thước tensor: (1, 48, 48, 1)
2026-05-20 13:08:48,448 | INFO     | [328380] 📊 Chi tiết dự đoán: {'ANGRY': 8.7, 'DISGUST': 0.77, 'FEAR': 10.69, 'HAPPY': 9.73, 'NEUTRAL': 33.46, 'SAD': 21.34, 'SURPRISE': 15.3}
2026-05-20 13:08:48,448 | INFO     | [328380] 🎯 KẾT QUẢ CHỐT: NEUTRAL (33.46%)
2026-05-20 13:08:48,448 | INFO     | [328380] ⏱️ Thời gian phản hồi: 67.33 ms
2026-05-20 13:08:48,450 | INFO     | [328450] ------------------------------------------
2026-05-20 13:08:48,450 | INFO     | [328450] 📥 NHẬN YÊU CẦU QUÉT KHUÔN MẶT MỚI
2026-05-20 13:08:48,450 | INFO     | [328450] Đã xử lý ảnh thành công. Kích thước tensor: (1, 48, 48, 1)
2026-05-20 13:08:48,520 | INFO     | [328450] 📊 Chi tiết dự đoán: {'ANGRY': 8.55, 'DISGUST': 0.84, 'FEAR': 10.57, 'HAPPY': 9.85, 'NEUTRAL': 32.74, 'SAD': 20.68, 'SURPRISE': 16.77}
2026-05-20 13:08:48,520 | INFO     | [328450] 🎯 KẾT QUẢ CHỐT: NEUTRAL (32.74%)
2026-05-20 13:08:48,520 | INFO     | [328450] ⏱️ Thời gian phản hồi: 69.57 ms
2026-05-20 13:08:48,521 | INFO     | [328521] ------------------------------------------
2026-05-20 13:08:48,521 | INFO     | [328521] 📥 NHẬN YÊU CẦU QUÉT KHUÔN MẶT MỚI
2026-05-20 13:08:48,522 | INFO     | [328521] Đã xử lý ảnh thành công. Kích thước tensor: (1, 48, 48, 1)
2026-05-20 13:08:48,590 | INFO     | [328521] 📊 Chi tiết dự đoán: {'ANGRY': 8.18, 'DISGUST': 0.73, 'FEAR': 10.49, 'HAPPY': 8.97, 'NEUTRAL': 33.58, 'SAD': 20.57, 'SURPRISE': 17.49}
2026-05-20 13:08:48,590 | INFO     | [328521] 🎯 KẾT QUẢ CHỐT: NEUTRAL (33.58%)
2026-05-20 13:08:48,590 | INFO     | [328521] ⏱️ Thời gian phản hồi: 69.38 ms
2026-05-20 13:08:48,593 | INFO     | [328593] ------------------------------------------
2026-05-20 13:08:48,594 | INFO     | [328593] 📥 NHẬN YÊU CẦU QUÉT KHUÔN MẶT MỚI
2026-05-20 13:08:48,594 | INFO     | [328593] Đã xử lý ảnh thành công. Kích thước tensor: (1, 48, 48, 1)
2026-05-20 13:08:48,658 | INFO     | [328593] 📊 Chi tiết dự đoán: {'ANGRY': 7.93, 'DISGUST': 0.77, 'FEAR': 10.04, 'HAPPY': 9.13, 'NEUTRAL': 35.6, 'SAD': 20.42, 'SURPRISE': 16.11}
2026-05-20 13:08:48,658 | INFO     | [328593] 🎯 KẾT QUẢ CHỐT: NEUTRAL (35.60%)
2026-05-20 13:08:48,658 | INFO     | [328593] ⏱️ Thời gian phản hồi: 64.83 ms
2026-05-20 13:08:48,660 | INFO     | [328660] ------------------------------------------
2026-05-20 13:08:48,660 | INFO     | [328660] 📥 NHẬN YÊU CẦU QUÉT KHUÔN MẶT MỚI
2026-05-20 13:08:48,660 | INFO     | [328660] Đã xử lý ảnh thành công. Kích thước tensor: (1, 48, 48, 1)
2026-05-20 13:08:48,729 | INFO     | [328660] 📊 Chi tiết dự đoán: {'ANGRY': 8.19, 'DISGUST': 0.81, 'FEAR': 9.61, 'HAPPY': 9.12, 'NEUTRAL': 34.94, 'SAD': 21.57, 'SURPRISE': 15.76}
2026-05-20 13:08:48,729 | INFO     | [328660] 🎯 KẾT QUẢ CHỐT: NEUTRAL (34.94%)
2026-05-20 13:08:48,729 | INFO     | [328660] ⏱️ Thời gian phản hồi: 68.38 ms
2026-05-20 13:08:48,732 | INFO     | [328732] ------------------------------------------
2026-05-20 13:08:48,733 | INFO     | [328732] 📥 NHẬN YÊU CẦU QUÉT KHUÔN MẶT MỚI
2026-05-20 13:08:48,733 | INFO     | [328732] Đã xử lý ảnh thành công. Kích thước tensor: (1, 48, 48, 1)
2026-05-20 13:08:48,798 | INFO     | [328732] 📊 Chi tiết dự đoán: {'ANGRY': 8.51, 'DISGUST': 0.82, 'FEAR': 9.69, 'HAPPY': 10.22, 'NEUTRAL': 35.62, 'SAD': 20.87, 'SURPRISE': 14.27}
2026-05-20 13:08:48,798 | INFO     | [328732] 🎯 KẾT QUẢ CHỐT: NEUTRAL (35.62%)
2026-05-20 13:08:48,798 | INFO     | [328732] ⏱️ Thời gian phản hồi: 66.38 ms
2026-05-20 13:08:48,802 | INFO     | [328802] ------------------------------------------
2026-05-20 13:08:48,802 | INFO     | [328802] 📥 NHẬN YÊU CẦU QUÉT KHUÔN MẶT MỚI
2026-05-20 13:08:48,802 | INFO     | [328802] Đã xử lý ảnh thành công. Kích thước tensor: (1, 48, 48, 1)
2026-05-20 13:08:48,859 | INFO     | [328802] 📊 Chi tiết dự đoán: {'ANGRY': 7.77, 'DISGUST': 0.94, 'FEAR': 11.0, 'HAPPY': 8.06, 'NEUTRAL': 31.31, 'SAD': 20.79, 'SURPRISE': 20.13}
2026-05-20 13:08:48,860 | INFO     | [328802] 🎯 KẾT QUẢ CHỐT: NEUTRAL (31.31%)
2026-05-20 13:08:48,860 | INFO     | [328802] ⏱️ Thời gian phản hồi: 57.0 ms
2026-05-20 13:08:48,862 | INFO     | [328862] ------------------------------------------
2026-05-20 13:08:48,862 | INFO     | [328862] 📥 NHẬN YÊU CẦU QUÉT KHUÔN MẶT MỚI
2026-05-20 13:08:48,862 | INFO     | [328862] Đã xử lý ảnh thành công. Kích thước tensor: (1, 48, 48, 1)
2026-05-20 13:08:48,921 | INFO     | [328862] 📊 Chi tiết dự đoán: {'ANGRY': 7.56, 'DISGUST': 0.92, 'FEAR': 11.87, 'HAPPY': 7.42, 'NEUTRAL': 31.95, 'SAD': 22.78, 'SURPRISE': 17.51}
2026-05-20 13:08:48,922 | INFO     | [328862] 🎯 KẾT QUẢ CHỐT: NEUTRAL (31.95%)
2026-05-20 13:08:48,922 | INFO     | [328862] ⏱️ Thời gian phản hồi: 58.96 ms
2026-05-20 13:08:48,925 | INFO     | [328925] ------------------------------------------
2026-05-20 13:08:48,925 | INFO     | [328925] 📥 NHẬN YÊU CẦU QUÉT KHUÔN MẶT MỚI
2026-05-20 13:08:48,926 | INFO     | [328925] Đã xử lý ảnh thành công. Kích thước tensor: (1, 48, 48, 1)
2026-05-20 13:08:48,994 | INFO     | [328925] 📊 Chi tiết dự đoán: {'ANGRY': 7.57, 'DISGUST': 0.91, 'FEAR': 11.79, 'HAPPY': 7.79, 'NEUTRAL': 30.87, 'SAD': 21.36, 'SURPRISE': 19.72}
2026-05-20 13:08:48,994 | INFO     | [328925] 🎯 KẾT QUẢ CHỐT: NEUTRAL (30.87%)
2026-05-20 13:08:48,994 | INFO     | [328925] ⏱️ Thời gian phản hồi: 68.68 ms
2026-05-20 13:08:48,996 | INFO     | [328996] ------------------------------------------
2026-05-20 13:08:48,996 | INFO     | [328996] 📥 NHẬN YÊU CẦU QUÉT KHUÔN MẶT MỚI
2026-05-20 13:08:48,996 | INFO     | [328996] Đã xử lý ảnh thành công. Kích thước tensor: (1, 48, 48, 1)
2026-05-20 13:08:49,060 | INFO     | [328996] 📊 Chi tiết dự đoán: {'ANGRY': 7.11, 'DISGUST': 1.04, 'FEAR': 11.43, 'HAPPY': 7.18, 'NEUTRAL': 30.09, 'SAD': 21.32, 'SURPRISE': 21.82}
2026-05-20 13:08:49,060 | INFO     | [328996] 🎯 KẾT QUẢ CHỐT: NEUTRAL (30.09%)
2026-05-20 13:08:49,060 | INFO     | [328996] ⏱️ Thời gian phản hồi: 63.75 ms
2026-05-20 13:08:49,063 | INFO     | [329063] ------------------------------------------
2026-05-20 13:08:49,063 | INFO     | [329063] 📥 NHẬN YÊU CẦU QUÉT KHUÔN MẶT MỚI
2026-05-20 13:08:49,064 | INFO     | [329063] Đã xử lý ảnh thành công. Kích thước tensor: (1, 48, 48, 1)
2026-05-20 13:08:49,125 | INFO     | [329063] 📊 Chi tiết dự đoán: {'ANGRY': 6.95, 'DISGUST': 0.97, 'FEAR': 12.02, 'HAPPY': 7.61, 'NEUTRAL': 30.33, 'SAD': 22.04, 'SURPRISE': 20.08}
2026-05-20 13:08:49,126 | INFO     | [329063] 🎯 KẾT QUẢ CHỐT: NEUTRAL (30.33%)
2026-05-20 13:08:49,126 | INFO     | [329063] ⏱️ Thời gian phản hồi: 62.14 ms
2026-05-20 13:08:49,128 | INFO     | [329128] ------------------------------------------
2026-05-20 13:08:49,128 | INFO     | [329128] 📥 NHẬN YÊU CẦU QUÉT KHUÔN MẶT MỚI
2026-05-20 13:08:49,129 | INFO     | [329128] Đã xử lý ảnh thành công. Kích thước tensor: (1, 48, 48, 1)
2026-05-20 13:08:49,181 | INFO     | [329128] 📊 Chi tiết dự đoán: {'ANGRY': 7.37, 'DISGUST': 1.22, 'FEAR': 11.57, 'HAPPY': 7.3, 'NEUTRAL': 31.6, 'SAD': 21.72, 'SURPRISE': 19.22}
2026-05-20 13:08:49,181 | INFO     | [329128] 🎯 KẾT QUẢ CHỐT: NEUTRAL (31.60%)
2026-05-20 13:08:49,181 | INFO     | [329128] ⏱️ Thời gian phản hồi: 53.16 ms
2026-05-20 13:08:49,183 | INFO     | [329183] ------------------------------------------
2026-05-20 13:08:49,183 | INFO     | [329183] 📥 NHẬN YÊU CẦU QUÉT KHUÔN MẶT MỚI
2026-05-20 13:08:49,183 | INFO     | [329183] Đã xử lý ảnh thành công. Kích thước tensor: (1, 48, 48, 1)
2026-05-20 13:08:49,244 | INFO     | [329183] 📊 Chi tiết dự đoán: {'ANGRY': 7.45, 'DISGUST': 1.21, 'FEAR': 11.92, 'HAPPY': 7.18, 'NEUTRAL': 30.46, 'SAD': 20.79, 'SURPRISE': 20.98}
2026-05-20 13:08:49,244 | INFO     | [329183] 🎯 KẾT QUẢ CHỐT: NEUTRAL (30.46%)
2026-05-20 13:08:49,244 | INFO     | [329183] ⏱️ Thời gian phản hồi: 61.03 ms
2026-05-20 13:08:49,247 | INFO     | [329247] ------------------------------------------
2026-05-20 13:08:49,247 | INFO     | [329247] 📥 NHẬN YÊU CẦU QUÉT KHUÔN MẶT MỚI
2026-05-20 13:08:49,249 | INFO     | [329247] Đã xử lý ảnh thành công. Kích thước tensor: (1, 48, 48, 1)
2026-05-20 13:08:49,309 | INFO     | [329247] 📊 Chi tiết dự đoán: {'ANGRY': 7.82, 'DISGUST': 0.94, 'FEAR': 10.36, 'HAPPY': 9.43, 'NEUTRAL': 33.59, 'SAD': 19.51, 'SURPRISE': 18.34}
2026-05-20 13:08:49,309 | INFO     | [329247] 🎯 KẾT QUẢ CHỐT: NEUTRAL (33.59%)
2026-05-20 13:08:49,309 | INFO     | [329247] ⏱️ Thời gian phản hồi: 61.71 ms
2026-05-20 13:08:49,311 | INFO     | [329311] ------------------------------------------
2026-05-20 13:08:49,311 | INFO     | [329311] 📥 NHẬN YÊU CẦU QUÉT KHUÔN MẶT MỚI
2026-05-20 13:08:49,311 | INFO     | [329311] Đã xử lý ảnh thành công. Kích thước tensor: (1, 48, 48, 1)
2026-05-20 13:08:49,382 | INFO     | [329311] 📊 Chi tiết dự đoán: {'ANGRY': 7.26, 'DISGUST': 0.92, 'FEAR': 11.68, 'HAPPY': 7.54, 'NEUTRAL': 31.64, 'SAD': 20.58, 'SURPRISE': 20.38}
2026-05-20 13:08:49,382 | INFO     | [329311] 🎯 KẾT QUẢ CHỐT: NEUTRAL (31.64%)
2026-05-20 13:08:49,382 | INFO     | [329311] ⏱️ Thời gian phản hồi: 70.3 ms
2026-05-20 13:08:49,384 | INFO     | [329384] ------------------------------------------
2026-05-20 13:08:49,385 | INFO     | [329384] 📥 NHẬN YÊU CẦU QUÉT KHUÔN MẶT MỚI
2026-05-20 13:08:49,386 | INFO     | [329384] Đã xử lý ảnh thành công. Kích thước tensor: (1, 48, 48, 1)
2026-05-20 13:08:49,455 | INFO     | [329384] 📊 Chi tiết dự đoán: {'ANGRY': 7.01, 'DISGUST': 0.73, 'FEAR': 10.73, 'HAPPY': 7.34, 'NEUTRAL': 36.37, 'SAD': 20.63, 'SURPRISE': 17.2}
2026-05-20 13:08:49,455 | INFO     | [329384] 🎯 KẾT QUẢ CHỐT: NEUTRAL (36.37%)
2026-05-20 13:08:49,456 | INFO     | [329384] ⏱️ Thời gian phản hồi: 70.41 ms
2026-05-20 13:08:49,457 | INFO     | [329457] ------------------------------------------
2026-05-20 13:08:49,457 | INFO     | [329457] 📥 NHẬN YÊU CẦU QUÉT KHUÔN MẶT MỚI
2026-05-20 13:08:49,458 | INFO     | [329457] Đã xử lý ảnh thành công. Kích thước tensor: (1, 48, 48, 1)
2026-05-20 13:08:49,524 | INFO     | [329457] 📊 Chi tiết dự đoán: {'ANGRY': 7.03, 'DISGUST': 0.85, 'FEAR': 10.65, 'HAPPY': 6.81, 'NEUTRAL': 36.24, 'SAD': 20.77, 'SURPRISE': 17.65}
2026-05-20 13:08:49,524 | INFO     | [329457] 🎯 KẾT QUẢ CHỐT: NEUTRAL (36.24%)
2026-05-20 13:08:49,524 | INFO     | [329457] ⏱️ Thời gian phản hồi: 66.72 ms
2026-05-20 13:08:49,527 | INFO     | [329527] ------------------------------------------
2026-05-20 13:08:49,527 | INFO     | [329527] 📥 NHẬN YÊU CẦU QUÉT KHUÔN MẶT MỚI
2026-05-20 13:08:49,527 | INFO     | [329527] Đã xử lý ảnh thành công. Kích thước tensor: (1, 48, 48, 1)
2026-05-20 13:08:49,592 | INFO     | [329527] 📊 Chi tiết dự đoán: {'ANGRY': 7.92, 'DISGUST': 1.01, 'FEAR': 10.84, 'HAPPY': 8.13, 'NEUTRAL': 33.38, 'SAD': 19.51, 'SURPRISE': 19.21}
2026-05-20 13:08:49,592 | INFO     | [329527] 🎯 KẾT QUẢ CHỐT: NEUTRAL (33.38%)
2026-05-20 13:08:49,593 | INFO     | [329527] ⏱️ Thời gian phản hồi: 65.05 ms
2026-05-20 13:08:49,595 | INFO     | [329595] ------------------------------------------
2026-05-20 13:08:49,595 | INFO     | [329595] 📥 NHẬN YÊU CẦU QUÉT KHUÔN MẶT MỚI
2026-05-20 13:08:49,596 | INFO     | [329595] Đã xử lý ảnh thành công. Kích thước tensor: (1, 48, 48, 1)
2026-05-20 13:08:49,656 | INFO     | [329595] 📊 Chi tiết dự đoán: {'ANGRY': 8.51, 'DISGUST': 1.04, 'FEAR': 10.34, 'HAPPY': 9.12, 'NEUTRAL': 32.68, 'SAD': 18.73, 'SURPRISE': 19.58}
2026-05-20 13:08:49,657 | INFO     | [329595] 🎯 KẾT QUẢ CHỐT: NEUTRAL (32.68%)
2026-05-20 13:08:49,657 | INFO     | [329595] ⏱️ Thời gian phản hồi: 60.72 ms
2026-05-20 13:08:49,659 | INFO     | [329659] ------------------------------------------
2026-05-20 13:08:49,659 | INFO     | [329659] 📥 NHẬN YÊU CẦU QUÉT KHUÔN MẶT MỚI
2026-05-20 13:08:49,660 | INFO     | [329659] Đã xử lý ảnh thành công. Kích thước tensor: (1, 48, 48, 1)
2026-05-20 13:08:49,715 | INFO     | [329659] 📊 Chi tiết dự đoán: {'ANGRY': 8.79, 'DISGUST': 1.1, 'FEAR': 10.57, 'HAPPY': 10.0, 'NEUTRAL': 32.29, 'SAD': 18.94, 'SURPRISE': 18.31}
2026-05-20 13:08:49,715 | INFO     | [329659] 🎯 KẾT QUẢ CHỐT: NEUTRAL (32.29%)
2026-05-20 13:08:49,715 | INFO     | [329659] ⏱️ Thời gian phản hồi: 56.23 ms
2026-05-20 13:08:49,718 | INFO     | [329718] ------------------------------------------
2026-05-20 13:08:49,718 | INFO     | [329718] 📥 NHẬN YÊU CẦU QUÉT KHUÔN MẶT MỚI
2026-05-20 13:08:49,719 | INFO     | [329718] Đã xử lý ảnh thành công. Kích thước tensor: (1, 48, 48, 1)
2026-05-20 13:08:49,782 | INFO     | [329718] 📊 Chi tiết dự đoán: {'ANGRY': 8.52, 'DISGUST': 1.06, 'FEAR': 10.36, 'HAPPY': 9.76, 'NEUTRAL': 33.11, 'SAD': 20.31, 'SURPRISE': 16.88}
2026-05-20 13:08:49,782 | INFO     | [329718] 🎯 KẾT QUẢ CHỐT: NEUTRAL (33.11%)
2026-05-20 13:08:49,782 | INFO     | [329718] ⏱️ Thời gian phản hồi: 64.85 ms
2026-05-20 13:08:49,785 | INFO     | [329784] ------------------------------------------
2026-05-20 13:08:49,785 | INFO     | [329784] 📥 NHẬN YÊU CẦU QUÉT KHUÔN MẶT MỚI
2026-05-20 13:08:49,785 | INFO     | [329784] Đã xử lý ảnh thành công. Kích thước tensor: (1, 48, 48, 1)
2026-05-20 13:08:49,846 | INFO     | [329784] 📊 Chi tiết dự đoán: {'ANGRY': 8.24, 'DISGUST': 1.09, 'FEAR': 11.97, 'HAPPY': 10.22, 'NEUTRAL': 30.39, 'SAD': 19.58, 'SURPRISE': 18.5}
2026-05-20 13:08:49,846 | INFO     | [329784] 🎯 KẾT QUẢ CHỐT: NEUTRAL (30.39%)
2026-05-20 13:08:49,846 | INFO     | [329784] ⏱️ Thời gian phản hồi: 62.29 ms
2026-05-20 13:08:49,848 | INFO     | [329848] ------------------------------------------
2026-05-20 13:08:49,848 | INFO     | [329848] 📥 NHẬN YÊU CẦU QUÉT KHUÔN MẶT MỚI
2026-05-20 13:08:49,849 | INFO     | [329848] Đã xử lý ảnh thành công. Kích thước tensor: (1, 48, 48, 1)
2026-05-20 13:08:49,904 | INFO     | [329848] 📊 Chi tiết dự đoán: {'ANGRY': 9.16, 'DISGUST': 1.11, 'FEAR': 10.61, 'HAPPY': 9.96, 'NEUTRAL': 32.92, 'SAD': 18.93, 'SURPRISE': 17.3}
2026-05-20 13:08:49,904 | INFO     | [329848] 🎯 KẾT QUẢ CHỐT: NEUTRAL (32.92%)
2026-05-20 13:08:49,905 | INFO     | [329848] ⏱️ Thời gian phản hồi: 56.22 ms
2026-05-20 13:08:49,906 | INFO     | [329906] ------------------------------------------
2026-05-20 13:08:49,906 | INFO     | [329906] 📥 NHẬN YÊU CẦU QUÉT KHUÔN MẶT MỚI
2026-05-20 13:08:49,907 | INFO     | [329906] Đã xử lý ảnh thành công. Kích thước tensor: (1, 48, 48, 1)
2026-05-20 13:08:49,967 | INFO     | [329906] 📊 Chi tiết dự đoán: {'ANGRY': 9.08, 'DISGUST': 1.13, 'FEAR': 12.29, 'HAPPY': 9.87, 'NEUTRAL': 30.36, 'SAD': 19.72, 'SURPRISE': 17.54}
2026-05-20 13:08:49,967 | INFO     | [329906] 🎯 KẾT QUẢ CHỐT: NEUTRAL (30.36%)
2026-05-20 13:08:49,967 | INFO     | [329906] ⏱️ Thời gian phản hồi: 60.8 ms
2026-05-20 13:08:49,969 | INFO     | [329969] ------------------------------------------
2026-05-20 13:08:49,969 | INFO     | [329969] 📥 NHẬN YÊU CẦU QUÉT KHUÔN MẶT MỚI
2026-05-20 13:08:49,969 | INFO     | [329969] Đã xử lý ảnh thành công. Kích thước tensor: (1, 48, 48, 1)
2026-05-20 13:08:50,024 | INFO     | [329969] 📊 Chi tiết dự đoán: {'ANGRY': 8.47, 'DISGUST': 1.04, 'FEAR': 11.4, 'HAPPY': 9.45, 'NEUTRAL': 31.19, 'SAD': 19.85, 'SURPRISE': 18.61}
2026-05-20 13:08:50,024 | INFO     | [329969] 🎯 KẾT QUẢ CHỐT: NEUTRAL (31.19%)
2026-05-20 13:08:50,024 | INFO     | [329969] ⏱️ Thời gian phản hồi: 54.97 ms
2026-05-20 13:08:50,026 | INFO     | [330026] ------------------------------------------
2026-05-20 13:08:50,026 | INFO     | [330026] 📥 NHẬN YÊU CẦU QUÉT KHUÔN MẶT MỚI
2026-05-20 13:08:50,027 | INFO     | [330026] Đã xử lý ảnh thành công. Kích thước tensor: (1, 48, 48, 1)
2026-05-20 13:08:50,082 | INFO     | [330026] 📊 Chi tiết dự đoán: {'ANGRY': 8.94, 'DISGUST': 1.04, 'FEAR': 12.12, 'HAPPY': 10.6, 'NEUTRAL': 29.19, 'SAD': 20.29, 'SURPRISE': 17.82}
2026-05-20 13:08:50,082 | INFO     | [330026] 🎯 KẾT QUẢ CHỐT: NEUTRAL (29.19%)
2026-05-20 13:08:50,082 | INFO     | [330026] ⏱️ Thời gian phản hồi: 55.24 ms
2026-05-20 13:08:50,084 | INFO     | [330084] ------------------------------------------
2026-05-20 13:08:50,084 | INFO     | [330084] 📥 NHẬN YÊU CẦU QUÉT KHUÔN MẶT MỚI
2026-05-20 13:08:50,085 | INFO     | [330084] Đã xử lý ảnh thành công. Kích thước tensor: (1, 48, 48, 1)
2026-05-20 13:08:50,140 | INFO     | [330084] 📊 Chi tiết dự đoán: {'ANGRY': 8.6, 'DISGUST': 0.95, 'FEAR': 11.27, 'HAPPY': 11.05, 'NEUTRAL': 30.75, 'SAD': 20.87, 'SURPRISE': 16.52}
2026-05-20 13:08:50,140 | INFO     | [330084] 🎯 KẾT QUẢ CHỐT: NEUTRAL (30.75%)
2026-05-20 13:08:50,140 | INFO     | [330084] ⏱️ Thời gian phản hồi: 55.24 ms
2026-05-20 13:08:50,142 | INFO     | [330142] ------------------------------------------
2026-05-20 13:08:50,142 | INFO     | [330142] 📥 NHẬN YÊU CẦU QUÉT KHUÔN MẶT MỚI
2026-05-20 13:08:50,142 | INFO     | [330142] Đã xử lý ảnh thành công. Kích thước tensor: (1, 48, 48, 1)
2026-05-20 13:08:50,195 | INFO     | [330142] 📊 Chi tiết dự đoán: {'ANGRY': 8.64, 'DISGUST': 0.96, 'FEAR': 12.37, 'HAPPY': 10.38, 'NEUTRAL': 28.94, 'SAD': 20.12, 'SURPRISE': 18.59}
2026-05-20 13:08:50,195 | INFO     | [330142] 🎯 KẾT QUẢ CHỐT: NEUTRAL (28.94%)
2026-05-20 13:08:50,196 | INFO     | [330142] ⏱️ Thời gian phản hồi: 53.28 ms
2026-05-20 13:08:50,198 | INFO     | [330198] ------------------------------------------
2026-05-20 13:08:50,198 | INFO     | [330198] 📥 NHẬN YÊU CẦU QUÉT KHUÔN MẶT MỚI
2026-05-20 13:08:50,200 | INFO     | [330198] Đã xử lý ảnh thành công. Kích thước tensor: (1, 48, 48, 1)
2026-05-20 13:08:50,254 | INFO     | [330198] 📊 Chi tiết dự đoán: {'ANGRY': 8.84, 'DISGUST': 1.1, 'FEAR': 11.55, 'HAPPY': 9.46, 'NEUTRAL': 29.89, 'SAD': 21.12, 'SURPRISE': 18.04}
2026-05-20 13:08:50,254 | INFO     | [330198] 🎯 KẾT QUẢ CHỐT: NEUTRAL (29.89%)
2026-05-20 13:08:50,254 | INFO     | [330198] ⏱️ Thời gian phản hồi: 55.33 ms
2026-05-20 13:08:50,256 | INFO     | [330256] ------------------------------------------
2026-05-20 13:08:50,256 | INFO     | [330256] 📥 NHẬN YÊU CẦU QUÉT KHUÔN MẶT MỚI
2026-05-20 13:08:50,256 | INFO     | [330256] Đã xử lý ảnh thành công. Kích thước tensor: (1, 48, 48, 1)
2026-05-20 13:08:50,312 | INFO     | [330256] 📊 Chi tiết dự đoán: {'ANGRY': 9.1, 'DISGUST': 1.05, 'FEAR': 11.55, 'HAPPY': 10.02, 'NEUTRAL': 30.5, 'SAD': 20.74, 'SURPRISE': 17.04}
2026-05-20 13:08:50,312 | INFO     | [330256] 🎯 KẾT QUẢ CHỐT: NEUTRAL (30.50%)
2026-05-20 13:08:50,312 | INFO     | [330256] ⏱️ Thời gian phản hồi: 56.31 ms
2026-05-20 13:08:50,315 | INFO     | [330315] ------------------------------------------
2026-05-20 13:08:50,315 | INFO     | [330315] 📥 NHẬN YÊU CẦU QUÉT KHUÔN MẶT MỚI
2026-05-20 13:08:50,316 | INFO     | [330315] Đã xử lý ảnh thành công. Kích thước tensor: (1, 48, 48, 1)
2026-05-20 13:08:50,374 | INFO     | [330315] 📊 Chi tiết dự đoán: {'ANGRY': 9.11, 'DISGUST': 1.06, 'FEAR': 12.11, 'HAPPY': 9.84, 'NEUTRAL': 29.74, 'SAD': 21.78, 'SURPRISE': 16.36}
2026-05-20 13:08:50,374 | INFO     | [330315] 🎯 KẾT QUẢ CHỐT: NEUTRAL (29.74%)
2026-05-20 13:08:50,374 | INFO     | [330315] ⏱️ Thời gian phản hồi: 59.2 ms
2026-05-20 13:08:50,376 | INFO     | [330376] ------------------------------------------
2026-05-20 13:08:50,376 | INFO     | [330376] 📥 NHẬN YÊU CẦU QUÉT KHUÔN MẶT MỚI
2026-05-20 13:08:50,377 | INFO     | [330376] Đã xử lý ảnh thành công. Kích thước tensor: (1, 48, 48, 1)
2026-05-20 13:08:50,430 | INFO     | [330376] 📊 Chi tiết dự đoán: {'ANGRY': 9.29, 'DISGUST': 1.04, 'FEAR': 11.43, 'HAPPY': 8.93, 'NEUTRAL': 31.39, 'SAD': 22.89, 'SURPRISE': 15.03}
2026-05-20 13:08:50,430 | INFO     | [330376] 🎯 KẾT QUẢ CHỐT: NEUTRAL (31.39%)
2026-05-20 13:08:50,431 | INFO     | [330376] ⏱️ Thời gian phản hồi: 53.83 ms
2026-05-20 13:08:50,432 | INFO     | [330432] ------------------------------------------
2026-05-20 13:08:50,432 | INFO     | [330432] 📥 NHẬN YÊU CẦU QUÉT KHUÔN MẶT MỚI
2026-05-20 13:08:50,433 | INFO     | [330432] Đã xử lý ảnh thành công. Kích thước tensor: (1, 48, 48, 1)
2026-05-20 13:08:50,488 | INFO     | [330432] 📊 Chi tiết dự đoán: {'ANGRY': 9.13, 'DISGUST': 0.97, 'FEAR': 12.22, 'HAPPY': 9.56, 'NEUTRAL': 29.82, 'SAD': 21.89, 'SURPRISE': 16.41}
2026-05-20 13:08:50,489 | INFO     | [330432] 🎯 KẾT QUẢ CHỐT: NEUTRAL (29.82%)
2026-05-20 13:08:50,489 | INFO     | [330432] ⏱️ Thời gian phản hồi: 55.63 ms
2026-05-20 13:08:50,491 | INFO     | [330491] ------------------------------------------
2026-05-20 13:08:50,492 | INFO     | [330491] 📥 NHẬN YÊU CẦU QUÉT KHUÔN MẶT MỚI
2026-05-20 13:08:50,492 | INFO     | [330491] Đã xử lý ảnh thành công. Kích thước tensor: (1, 48, 48, 1)
2026-05-20 13:08:50,544 | INFO     | [330491] 📊 Chi tiết dự đoán: {'ANGRY': 9.21, 'DISGUST': 1.03, 'FEAR': 11.61, 'HAPPY': 8.84, 'NEUTRAL': 31.08, 'SAD': 22.34, 'SURPRISE': 15.88}
2026-05-20 13:08:50,544 | INFO     | [330491] 🎯 KẾT QUẢ CHỐT: NEUTRAL (31.08%)
2026-05-20 13:08:50,544 | INFO     | [330491] ⏱️ Thời gian phản hồi: 52.33 ms
2026-05-20 13:08:50,546 | INFO     | [330546] ------------------------------------------
2026-05-20 13:08:50,546 | INFO     | [330546] 📥 NHẬN YÊU CẦU QUÉT KHUÔN MẶT MỚI
2026-05-20 13:08:50,547 | INFO     | [330546] Đã xử lý ảnh thành công. Kích thước tensor: (1, 48, 48, 1)
2026-05-20 13:08:50,602 | INFO     | [330546] 📊 Chi tiết dự đoán: {'ANGRY': 8.9, 'DISGUST': 0.91, 'FEAR': 11.6, 'HAPPY': 9.11, 'NEUTRAL': 31.96, 'SAD': 23.09, 'SURPRISE': 14.44}
2026-05-20 13:08:50,602 | INFO     | [330546] 🎯 KẾT QUẢ CHỐT: NEUTRAL (31.96%)
2026-05-20 13:08:50,602 | INFO     | [330546] ⏱️ Thời gian phản hồi: 55.85 ms
2026-05-20 13:08:50,604 | INFO     | [330604] ------------------------------------------
2026-05-20 13:08:50,604 | INFO     | [330604] 📥 NHẬN YÊU CẦU QUÉT KHUÔN MẶT MỚI
2026-05-20 13:08:50,605 | INFO     | [330604] Đã xử lý ảnh thành công. Kích thước tensor: (1, 48, 48, 1)
2026-05-20 13:08:50,663 | INFO     | [330604] 📊 Chi tiết dự đoán: {'ANGRY': 9.2, 'DISGUST': 1.06, 'FEAR': 11.48, 'HAPPY': 8.98, 'NEUTRAL': 31.33, 'SAD': 22.63, 'SURPRISE': 15.32}
2026-05-20 13:08:50,663 | INFO     | [330604] 🎯 KẾT QUẢ CHỐT: NEUTRAL (31.33%)
2026-05-20 13:08:50,663 | INFO     | [330604] ⏱️ Thời gian phản hồi: 59.44 ms
2026-05-20 13:08:50,665 | INFO     | [330665] ------------------------------------------
2026-05-20 13:08:50,665 | INFO     | [330665] 📥 NHẬN YÊU CẦU QUÉT KHUÔN MẶT MỚI
2026-05-20 13:08:50,667 | INFO     | [330665] Đã xử lý ảnh thành công. Kích thước tensor: (1, 48, 48, 1)
2026-05-20 13:08:50,722 | INFO     | [330665] 📊 Chi tiết dự đoán: {'ANGRY': 8.48, 'DISGUST': 0.88, 'FEAR': 11.21, 'HAPPY': 8.35, 'NEUTRAL': 33.66, 'SAD': 23.12, 'SURPRISE': 14.31}
2026-05-20 13:08:50,722 | INFO     | [330665] 🎯 KẾT QUẢ CHỐT: NEUTRAL (33.66%)
2026-05-20 13:08:50,722 | INFO     | [330665] ⏱️ Thời gian phản hồi: 56.97 ms
2026-05-20 13:08:50,724 | INFO     | [330724] ------------------------------------------
2026-05-20 13:08:50,724 | INFO     | [330724] 📥 NHẬN YÊU CẦU QUÉT KHUÔN MẶT MỚI
2026-05-20 13:08:50,726 | INFO     | [330724] Đã xử lý ảnh thành công. Kích thước tensor: (1, 48, 48, 1)
2026-05-20 13:08:50,790 | INFO     | [330724] 📊 Chi tiết dự đoán: {'ANGRY': 9.09, 'DISGUST': 1.01, 'FEAR': 11.55, 'HAPPY': 8.83, 'NEUTRAL': 31.06, 'SAD': 23.18, 'SURPRISE': 15.27}
2026-05-20 13:08:50,790 | INFO     | [330724] 🎯 KẾT QUẢ CHỐT: NEUTRAL (31.06%)
2026-05-20 13:08:50,790 | INFO     | [330724] ⏱️ Thời gian phản hồi: 65.48 ms
2026-05-20 13:08:50,792 | INFO     | [330792] ------------------------------------------
2026-05-20 13:08:50,792 | INFO     | [330792] 📥 NHẬN YÊU CẦU QUÉT KHUÔN MẶT MỚI
2026-05-20 13:08:50,792 | INFO     | [330792] Đã xử lý ảnh thành công. Kích thước tensor: (1, 48, 48, 1)
2026-05-20 13:08:50,849 | INFO     | [330792] 📊 Chi tiết dự đoán: {'ANGRY': 9.18, 'DISGUST': 0.97, 'FEAR': 11.23, 'HAPPY': 7.1, 'NEUTRAL': 33.42, 'SAD': 23.57, 'SURPRISE': 14.53}
2026-05-20 13:08:50,849 | INFO     | [330792] 🎯 KẾT QUẢ CHỐT: NEUTRAL (33.42%)
2026-05-20 13:08:50,850 | INFO     | [330792] ⏱️ Thời gian phản hồi: 56.92 ms
2026-05-20 13:08:50,851 | INFO     | [330851] ------------------------------------------
2026-05-20 13:08:50,851 | INFO     | [330851] 📥 NHẬN YÊU CẦU QUÉT KHUÔN MẶT MỚI
2026-05-20 13:08:50,851 | INFO     | [330851] Đã xử lý ảnh thành công. Kích thước tensor: (1, 48, 48, 1)
2026-05-20 13:08:50,907 | INFO     | [330851] 📊 Chi tiết dự đoán: {'ANGRY': 8.86, 'DISGUST': 0.91, 'FEAR': 11.58, 'HAPPY': 8.27, 'NEUTRAL': 32.68, 'SAD': 22.54, 'SURPRISE': 15.16}
2026-05-20 13:08:50,907 | INFO     | [330851] 🎯 KẾT QUẢ CHỐT: NEUTRAL (32.68%)
2026-05-20 13:08:50,908 | INFO     | [330851] ⏱️ Thời gian phản hồi: 56.27 ms
2026-05-20 13:08:50,910 | INFO     | [330910] ------------------------------------------
2026-05-20 13:08:50,910 | INFO     | [330910] 📥 NHẬN YÊU CẦU QUÉT KHUÔN MẶT MỚI
2026-05-20 13:08:50,911 | INFO     | [330910] Đã xử lý ảnh thành công. Kích thước tensor: (1, 48, 48, 1)
2026-05-20 13:08:50,967 | INFO     | [330910] 📊 Chi tiết dự đoán: {'ANGRY': 8.87, 'DISGUST': 0.88, 'FEAR': 12.13, 'HAPPY': 8.79, 'NEUTRAL': 31.79, 'SAD': 22.41, 'SURPRISE': 15.13}
2026-05-20 13:08:50,967 | INFO     | [330910] 🎯 KẾT QUẢ CHỐT: NEUTRAL (31.79%)
2026-05-20 13:08:50,967 | INFO     | [330910] ⏱️ Thời gian phản hồi: 57.71 ms
2026-05-20 13:08:50,969 | INFO     | [330969] ------------------------------------------
2026-05-20 13:08:50,969 | INFO     | [330969] 📥 NHẬN YÊU CẦU QUÉT KHUÔN MẶT MỚI
2026-05-20 13:08:50,971 | INFO     | [330969] Đã xử lý ảnh thành công. Kích thước tensor: (1, 48, 48, 1)
2026-05-20 13:08:51,037 | INFO     | [330969] 📊 Chi tiết dự đoán: {'ANGRY': 8.15, 'DISGUST': 0.75, 'FEAR': 11.43, 'HAPPY': 7.85, 'NEUTRAL': 35.08, 'SAD': 23.94, 'SURPRISE': 12.8}
2026-05-20 13:08:51,037 | INFO     | [330969] 🎯 KẾT QUẢ CHỐT: NEUTRAL (35.08%)
2026-05-20 13:08:51,037 | INFO     | [330969] ⏱️ Thời gian phản hồi: 67.67 ms
2026-05-20 13:08:51,039 | INFO     | [331039] ------------------------------------------
2026-05-20 13:08:51,039 | INFO     | [331039] 📥 NHẬN YÊU CẦU QUÉT KHUÔN MẶT MỚI
2026-05-20 13:08:51,040 | INFO     | [331039] Đã xử lý ảnh thành công. Kích thước tensor: (1, 48, 48, 1)
2026-05-20 13:08:51,100 | INFO     | [331039] 📊 Chi tiết dự đoán: {'ANGRY': 8.32, 'DISGUST': 0.81, 'FEAR': 11.46, 'HAPPY': 7.8, 'NEUTRAL': 34.11, 'SAD': 23.98, 'SURPRISE': 13.52}
2026-05-20 13:08:51,100 | INFO     | [331039] 🎯 KẾT QUẢ CHỐT: NEUTRAL (34.11%)
2026-05-20 13:08:51,100 | INFO     | [331039] ⏱️ Thời gian phản hồi: 60.15 ms
2026-05-20 13:08:51,103 | INFO     | [331103] ------------------------------------------
2026-05-20 13:08:51,103 | INFO     | [331103] 📥 NHẬN YÊU CẦU QUÉT KHUÔN MẶT MỚI
2026-05-20 13:08:51,103 | INFO     | [331103] Đã xử lý ảnh thành công. Kích thước tensor: (1, 48, 48, 1)
2026-05-20 13:08:51,167 | INFO     | [331103] 📊 Chi tiết dự đoán: {'ANGRY': 8.87, 'DISGUST': 1.0, 'FEAR': 11.61, 'HAPPY': 8.2, 'NEUTRAL': 32.23, 'SAD': 23.34, 'SURPRISE': 14.75}
2026-05-20 13:08:51,167 | INFO     | [331103] 🎯 KẾT QUẢ CHỐT: NEUTRAL (32.23%)
2026-05-20 13:08:51,168 | INFO     | [331103] ⏱️ Thời gian phản hồi: 64.24 ms
2026-05-20 13:08:51,169 | INFO     | [331169] ------------------------------------------
2026-05-20 13:08:51,169 | INFO     | [331169] 📥 NHẬN YÊU CẦU QUÉT KHUÔN MẶT MỚI
2026-05-20 13:08:51,170 | INFO     | [331169] Đã xử lý ảnh thành công. Kích thước tensor: (1, 48, 48, 1)
2026-05-20 13:08:51,233 | INFO     | [331169] 📊 Chi tiết dự đoán: {'ANGRY': 8.28, 'DISGUST': 0.8, 'FEAR': 11.36, 'HAPPY': 7.91, 'NEUTRAL': 34.03, 'SAD': 23.84, 'SURPRISE': 13.78}
2026-05-20 13:08:51,233 | INFO     | [331169] 🎯 KẾT QUẢ CHỐT: NEUTRAL (34.03%)
2026-05-20 13:08:51,233 | INFO     | [331169] ⏱️ Thời gian phản hồi: 63.74 ms
2026-05-20 13:08:51,271 | INFO     | [BATCH-331271] ==========================================
2026-05-20 13:08:51,271 | INFO     | [BATCH-331271] 🎞️ NHẬN CHUỖI 60 KHUNG HÌNH (BATCH)
2026-05-20 13:08:51,340 | INFO     | [BATCH-331271] ↳ Frame 1/60: NEUTRAL (33.8%)
2026-05-20 13:08:51,406 | INFO     | [BATCH-331271] ↳ Frame 2/60: NEUTRAL (29.4%)
2026-05-20 13:08:51,475 | INFO     | [BATCH-331271] ↳ Frame 3/60: NEUTRAL (28.6%)
2026-05-20 13:08:51,534 | INFO     | [BATCH-331271] ↳ Frame 4/60: NEUTRAL (31.1%)
2026-05-20 13:08:51,592 | INFO     | [BATCH-331271] ↳ Frame 5/60: NEUTRAL (32.5%)
2026-05-20 13:08:51,650 | INFO     | [BATCH-331271] ↳ Frame 6/60: NEUTRAL (35.0%)
2026-05-20 13:08:51,716 | INFO     | [BATCH-331271] ↳ Frame 7/60: NEUTRAL (37.1%)
2026-05-20 13:08:51,785 | INFO     | [BATCH-331271] ↳ Frame 8/60: NEUTRAL (34.0%)
2026-05-20 13:08:51,840 | INFO     | [BATCH-331271] ↳ Frame 9/60: NEUTRAL (29.7%)
2026-05-20 13:08:51,903 | INFO     | [BATCH-331271] ↳ Frame 10/60: NEUTRAL (32.8%)
2026-05-20 13:08:51,974 | INFO     | [BATCH-331271] ↳ Frame 11/60: NEUTRAL (32.3%)
2026-05-20 13:08:52,040 | INFO     | [BATCH-331271] ↳ Frame 12/60: NEUTRAL (34.2%)
2026-05-20 13:08:52,107 | INFO     | [BATCH-331271] ↳ Frame 13/60: NEUTRAL (36.8%)
2026-05-20 13:08:52,171 | INFO     | [BATCH-331271] ↳ Frame 14/60: NEUTRAL (38.0%)
2026-05-20 13:08:52,241 | INFO     | [BATCH-331271] ↳ Frame 15/60: NEUTRAL (39.2%)
2026-05-20 13:08:52,317 | INFO     | [BATCH-331271] ↳ Frame 16/60: NEUTRAL (37.5%)
2026-05-20 13:08:52,384 | INFO     | [BATCH-331271] ↳ Frame 17/60: NEUTRAL (38.0%)
2026-05-20 13:08:52,451 | INFO     | [BATCH-331271] ↳ Frame 18/60: NEUTRAL (36.8%)
2026-05-20 13:08:52,512 | INFO     | [BATCH-331271] ↳ Frame 19/60: NEUTRAL (37.9%)
2026-05-20 13:08:52,577 | INFO     | [BATCH-331271] ↳ Frame 20/60: NEUTRAL (37.4%)
2026-05-20 13:08:52,645 | INFO     | [BATCH-331271] ↳ Frame 21/60: NEUTRAL (38.3%)
2026-05-20 13:08:52,708 | INFO     | [BATCH-331271] ↳ Frame 22/60: NEUTRAL (38.0%)
2026-05-20 13:08:52,768 | INFO     | [BATCH-331271] ↳ Frame 23/60: NEUTRAL (36.3%)
2026-05-20 13:08:52,827 | INFO     | [BATCH-331271] ↳ Frame 24/60: NEUTRAL (33.5%)
2026-05-20 13:08:52,888 | INFO     | [BATCH-331271] ↳ Frame 25/60: NEUTRAL (32.0%)
2026-05-20 13:08:52,966 | INFO     | [BATCH-331271] ↳ Frame 26/60: NEUTRAL (32.4%)
2026-05-20 13:08:53,047 | INFO     | [BATCH-331271] ↳ Frame 27/60: NEUTRAL (31.9%)
2026-05-20 13:08:53,115 | INFO     | [BATCH-331271] ↳ Frame 28/60: NEUTRAL (30.7%)
2026-05-20 13:08:53,196 | INFO     | [BATCH-331271] ↳ Frame 29/60: NEUTRAL (31.4%)
2026-05-20 13:08:53,264 | INFO     | [BATCH-331271] ↳ Frame 30/60: NEUTRAL (32.0%)
2026-05-20 13:08:53,344 | INFO     | [BATCH-331271] ↳ Frame 31/60: NEUTRAL (32.5%)
2026-05-20 13:08:53,407 | INFO     | [BATCH-331271] ↳ Frame 32/60: NEUTRAL (33.2%)
2026-05-20 13:08:53,465 | INFO     | [BATCH-331271] ↳ Frame 33/60: NEUTRAL (31.9%)
2026-05-20 13:08:53,532 | INFO     | [BATCH-331271] ↳ Frame 34/60: NEUTRAL (30.2%)
2026-05-20 13:08:53,603 | INFO     | [BATCH-331271] ↳ Frame 35/60: NEUTRAL (30.2%)
2026-05-20 13:08:53,668 | INFO     | [BATCH-331271] ↳ Frame 36/60: NEUTRAL (30.0%)
2026-05-20 13:08:53,731 | INFO     | [BATCH-331271] ↳ Frame 37/60: NEUTRAL (32.2%)
2026-05-20 13:08:53,794 | INFO     | [BATCH-331271] ↳ Frame 38/60: NEUTRAL (31.0%)
2026-05-20 13:08:53,863 | INFO     | [BATCH-331271] ↳ Frame 39/60: NEUTRAL (31.0%)
2026-05-20 13:08:53,931 | INFO     | [BATCH-331271] ↳ Frame 40/60: NEUTRAL (29.5%)
2026-05-20 13:08:54,003 | INFO     | [BATCH-331271] ↳ Frame 41/60: NEUTRAL (30.4%)
2026-05-20 13:08:54,079 | INFO     | [BATCH-331271] ↳ Frame 42/60: NEUTRAL (31.4%)
2026-05-20 13:08:54,152 | INFO     | [BATCH-331271] ↳ Frame 43/60: NEUTRAL (30.4%)
2026-05-20 13:08:54,235 | INFO     | [BATCH-331271] ↳ Frame 44/60: NEUTRAL (30.6%)
2026-05-20 13:08:54,306 | INFO     | [BATCH-331271] ↳ Frame 45/60: NEUTRAL (32.2%)
2026-05-20 13:08:54,375 | INFO     | [BATCH-331271] ↳ Frame 46/60: NEUTRAL (32.1%)
2026-05-20 13:08:54,457 | INFO     | [BATCH-331271] ↳ Frame 47/60: NEUTRAL (37.0%)
2026-05-20 13:08:54,557 | INFO     | [BATCH-331271] ↳ Frame 48/60: NEUTRAL (35.7%)
2026-05-20 13:08:54,646 | INFO     | [BATCH-331271] ↳ Frame 49/60: NEUTRAL (36.0%)
2026-05-20 13:08:54,721 | INFO     | [BATCH-331271] ↳ Frame 50/60: NEUTRAL (34.6%)
2026-05-20 13:08:54,790 | INFO     | [BATCH-331271] ↳ Frame 51/60: NEUTRAL (35.3%)
2026-05-20 13:08:54,856 | INFO     | [BATCH-331271] ↳ Frame 52/60: NEUTRAL (34.3%)
2026-05-20 13:08:54,924 | INFO     | [BATCH-331271] ↳ Frame 53/60: NEUTRAL (35.6%)
2026-05-20 13:08:54,992 | INFO     | [BATCH-331271] ↳ Frame 54/60: NEUTRAL (35.3%)
2026-05-20 13:08:55,056 | INFO     | [BATCH-331271] ↳ Frame 55/60: NEUTRAL (34.5%)
2026-05-20 13:08:55,121 | INFO     | [BATCH-331271] ↳ Frame 56/60: NEUTRAL (35.3%)
2026-05-20 13:08:55,186 | INFO     | [BATCH-331271] ↳ Frame 57/60: NEUTRAL (34.7%)
2026-05-20 13:08:55,256 | INFO     | [BATCH-331271] ↳ Frame 58/60: NEUTRAL (33.5%)
2026-05-20 13:08:55,333 | INFO     | [BATCH-331271] ↳ Frame 59/60: NEUTRAL (32.7%)
2026-05-20 13:08:55,404 | INFO     | [BATCH-331271] ↳ Frame 60/60: NEUTRAL (33.6%)
2026-05-20 13:08:55,404 | INFO     | [BATCH-331271] 🎯 KẾT QUẢ CHUỖI: NEUTRAL (Tần suất: {'NEUTRAL': 60})
2026-05-20 13:08:55,404 | INFO     | [BATCH-331271] ⏱️ Tổng thời gian xử lý: 4133.54 ms
2026-05-20 13:09:38,856 | INFO     | [378856] ------------------------------------------
2026-05-20 13:09:38,856 | INFO     | [378856] 📥 NHẬN YÊU CẦU QUÉT KHUÔN MẶT MỚI
2026-05-20 13:09:38,857 | INFO     | [378856] Đã xử lý ảnh thành công. Kích thước tensor: (1, 48, 48, 1)
2026-05-20 13:09:38,909 | INFO     | [378856] 📊 Chi tiết dự đoán: {'ANGRY': 6.49, 'DISGUST': 0.5, 'FEAR': 12.8, 'HAPPY': 3.66, 'NEUTRAL': 28.1, 'SAD': 19.53, 'SURPRISE': 28.91}
2026-05-20 13:09:38,909 | INFO     | [378856] 🎯 KẾT QUẢ CHỐT: SURPRISE (28.91%)
2026-05-20 13:09:38,909 | INFO     | [378856] ⏱️ Thời gian phản hồi: 52.53 ms
2026-05-20 13:09:38,956 | INFO     | [378956] ------------------------------------------
2026-05-20 13:09:38,956 | INFO     | [378956] 📥 NHẬN YÊU CẦU QUÉT KHUÔN MẶT MỚI
2026-05-20 13:09:38,957 | INFO     | [378956] Đã xử lý ảnh thành công. Kích thước tensor: (1, 48, 48, 1)
2026-05-20 13:09:39,005 | INFO     | [378956] 📊 Chi tiết dự đoán: {'ANGRY': 7.19, 'DISGUST': 0.42, 'FEAR': 12.77, 'HAPPY': 4.24, 'NEUTRAL': 29.15, 'SAD': 17.61, 'SURPRISE': 28.62}
2026-05-20 13:09:39,006 | INFO     | [378956] 🎯 KẾT QUẢ CHỐT: NEUTRAL (29.15%)
2026-05-20 13:09:39,006 | INFO     | [378956] ⏱️ Thời gian phản hồi: 49.05 ms
2026-05-20 13:09:39,067 | INFO     | [379067] ------------------------------------------
2026-05-20 13:09:39,067 | INFO     | [379067] 📥 NHẬN YÊU CẦU QUÉT KHUÔN MẶT MỚI
2026-05-20 13:09:39,069 | INFO     | [379067] Đã xử lý ảnh thành công. Kích thước tensor: (1, 48, 48, 1)
2026-05-20 13:09:39,158 | INFO     | [379067] 📊 Chi tiết dự đoán: {'ANGRY': 8.01, 'DISGUST': 0.51, 'FEAR': 13.31, 'HAPPY': 5.4, 'NEUTRAL': 25.97, 'SAD': 15.76, 'SURPRISE': 31.04}
2026-05-20 13:09:39,158 | INFO     | [379067] 🎯 KẾT QUẢ CHỐT: SURPRISE (31.04%)
2026-05-20 13:09:39,158 | INFO     | [379067] ⏱️ Thời gian phản hồi: 90.54 ms
2026-05-20 13:09:39,160 | INFO     | [379160] ------------------------------------------
2026-05-20 13:09:39,160 | INFO     | [379160] 📥 NHẬN YÊU CẦU QUÉT KHUÔN MẶT MỚI
2026-05-20 13:09:39,161 | INFO     | [379160] Đã xử lý ảnh thành công. Kích thước tensor: (1, 48, 48, 1)
2026-05-20 13:09:39,216 | INFO     | [379160] 📊 Chi tiết dự đoán: {'ANGRY': 8.61, 'DISGUST': 0.63, 'FEAR': 11.53, 'HAPPY': 5.34, 'NEUTRAL': 27.83, 'SAD': 17.52, 'SURPRISE': 28.54}
2026-05-20 13:09:39,217 | INFO     | [379160] 🎯 KẾT QUẢ CHỐT: SURPRISE (28.54%)
2026-05-20 13:09:39,217 | INFO     | [379160] ⏱️ Thời gian phản hồi: 56.45 ms
2026-05-20 13:09:39,503 | INFO     | [379503] ------------------------------------------
2026-05-20 13:09:39,503 | INFO     | [379503] 📥 NHẬN YÊU CẦU QUÉT KHUÔN MẶT MỚI
2026-05-20 13:09:39,504 | INFO     | [379503] Đã xử lý ảnh thành công. Kích thước tensor: (1, 48, 48, 1)
2026-05-20 13:09:39,560 | INFO     | [379503] 📊 Chi tiết dự đoán: {'ANGRY': 8.26, 'DISGUST': 0.27, 'FEAR': 8.03, 'HAPPY': 10.51, 'NEUTRAL': 39.01, 'SAD': 24.13, 'SURPRISE': 9.78}
2026-05-20 13:09:39,560 | INFO     | [379503] 🎯 KẾT QUẢ CHỐT: NEUTRAL (39.01%)
2026-05-20 13:09:39,560 | INFO     | [379503] ⏱️ Thời gian phản hồi: 56.81 ms
2026-05-20 13:09:39,565 | INFO     | [379565] ------------------------------------------
2026-05-20 13:09:39,566 | INFO     | [379565] 📥 NHẬN YÊU CẦU QUÉT KHUÔN MẶT MỚI
2026-05-20 13:09:39,566 | INFO     | [379565] Đã xử lý ảnh thành công. Kích thước tensor: (1, 48, 48, 1)
2026-05-20 13:09:39,618 | INFO     | [379565] 📊 Chi tiết dự đoán: {'ANGRY': 8.47, 'DISGUST': 0.26, 'FEAR': 7.83, 'HAPPY': 10.58, 'NEUTRAL': 39.15, 'SAD': 24.51, 'SURPRISE': 9.21}
2026-05-20 13:09:39,618 | INFO     | [379565] 🎯 KẾT QUẢ CHỐT: NEUTRAL (39.15%)
2026-05-20 13:09:39,618 | INFO     | [379565] ⏱️ Thời gian phản hồi: 53.05 ms
2026-05-20 13:09:39,658 | INFO     | [379658] ------------------------------------------
2026-05-20 13:09:39,660 | INFO     | [379658] 📥 NHẬN YÊU CẦU QUÉT KHUÔN MẶT MỚI
2026-05-20 13:09:39,660 | INFO     | [379658] Đã xử lý ảnh thành công. Kích thước tensor: (1, 48, 48, 1)
2026-05-20 13:09:39,712 | INFO     | [379658] 📊 Chi tiết dự đoán: {'ANGRY': 7.5, 'DISGUST': 0.18, 'FEAR': 8.56, 'HAPPY': 12.51, 'NEUTRAL': 36.15, 'SAD': 25.72, 'SURPRISE': 9.37}
2026-05-20 13:09:39,712 | INFO     | [379658] 🎯 KẾT QUẢ CHỐT: NEUTRAL (36.15%)
2026-05-20 13:09:39,713 | INFO     | [379658] ⏱️ Thời gian phản hồi: 53.23 ms
2026-05-20 13:09:39,754 | INFO     | [379754] ------------------------------------------
2026-05-20 13:09:39,754 | INFO     | [379754] 📥 NHẬN YÊU CẦU QUÉT KHUÔN MẶT MỚI
2026-05-20 13:09:39,755 | INFO     | [379754] Đã xử lý ảnh thành công. Kích thước tensor: (1, 48, 48, 1)
2026-05-20 13:09:39,808 | INFO     | [379754] 📊 Chi tiết dự đoán: {'ANGRY': 7.39, 'DISGUST': 0.23, 'FEAR': 8.46, 'HAPPY': 13.64, 'NEUTRAL': 35.07, 'SAD': 24.48, 'SURPRISE': 10.72}
2026-05-20 13:09:39,808 | INFO     | [379754] 🎯 KẾT QUẢ CHỐT: NEUTRAL (35.07%)
2026-05-20 13:09:39,808 | INFO     | [379754] ⏱️ Thời gian phản hồi: 53.2 ms
2026-05-20 13:09:39,865 | INFO     | [379865] ------------------------------------------
2026-05-20 13:09:39,865 | INFO     | [379865] 📥 NHẬN YÊU CẦU QUÉT KHUÔN MẶT MỚI
2026-05-20 13:09:39,866 | INFO     | [379865] Đã xử lý ảnh thành công. Kích thước tensor: (1, 48, 48, 1)
2026-05-20 13:09:39,916 | INFO     | [379865] 📊 Chi tiết dự đoán: {'ANGRY': 6.67, 'DISGUST': 0.27, 'FEAR': 7.45, 'HAPPY': 10.77, 'NEUTRAL': 39.67, 'SAD': 24.06, 'SURPRISE': 11.1}
2026-05-20 13:09:39,916 | INFO     | [379865] 🎯 KẾT QUẢ CHỐT: NEUTRAL (39.67%)
2026-05-20 13:09:39,917 | INFO     | [379865] ⏱️ Thời gian phản hồi: 51.36 ms
2026-05-20 13:09:39,957 | INFO     | [379957] ------------------------------------------
2026-05-20 13:09:39,957 | INFO     | [379957] 📥 NHẬN YÊU CẦU QUÉT KHUÔN MẶT MỚI
2026-05-20 13:09:39,957 | INFO     | [379957] Đã xử lý ảnh thành công. Kích thước tensor: (1, 48, 48, 1)
2026-05-20 13:09:40,021 | INFO     | [379957] 📊 Chi tiết dự đoán: {'ANGRY': 7.33, 'DISGUST': 0.36, 'FEAR': 8.84, 'HAPPY': 9.64, 'NEUTRAL': 36.11, 'SAD': 25.7, 'SURPRISE': 12.02}
2026-05-20 13:09:40,021 | INFO     | [379957] 🎯 KẾT QUẢ CHỐT: NEUTRAL (36.11%)
2026-05-20 13:09:40,021 | INFO     | [379957] ⏱️ Thời gian phản hồi: 64.08 ms
2026-05-20 13:09:40,065 | INFO     | [380065] ------------------------------------------
2026-05-20 13:09:40,065 | INFO     | [380065] 📥 NHẬN YÊU CẦU QUÉT KHUÔN MẶT MỚI
2026-05-20 13:09:40,066 | INFO     | [380065] Đã xử lý ảnh thành công. Kích thước tensor: (1, 48, 48, 1)
2026-05-20 13:09:40,133 | INFO     | [380065] 📊 Chi tiết dự đoán: {'ANGRY': 7.02, 'DISGUST': 0.31, 'FEAR': 8.76, 'HAPPY': 12.02, 'NEUTRAL': 36.39, 'SAD': 25.19, 'SURPRISE': 10.32}
2026-05-20 13:09:40,133 | INFO     | [380065] 🎯 KẾT QUẢ CHỐT: NEUTRAL (36.39%)
2026-05-20 13:09:40,133 | INFO     | [380065] ⏱️ Thời gian phản hồi: 67.45 ms
2026-05-20 13:09:40,157 | INFO     | [380157] ------------------------------------------
2026-05-20 13:09:40,158 | INFO     | [380157] 📥 NHẬN YÊU CẦU QUÉT KHUÔN MẶT MỚI
2026-05-20 13:09:40,158 | INFO     | [380157] Đã xử lý ảnh thành công. Kích thước tensor: (1, 48, 48, 1)
2026-05-20 13:09:40,216 | INFO     | [380157] 📊 Chi tiết dự đoán: {'ANGRY': 7.41, 'DISGUST': 0.36, 'FEAR': 8.07, 'HAPPY': 12.32, 'NEUTRAL': 36.52, 'SAD': 23.08, 'SURPRISE': 12.25}
2026-05-20 13:09:40,217 | INFO     | [380157] 🎯 KẾT QUẢ CHỐT: NEUTRAL (36.52%)
2026-05-20 13:09:40,217 | INFO     | [380157] ⏱️ Thời gian phản hồi: 59.01 ms
2026-05-20 13:09:40,265 | INFO     | [380265] ------------------------------------------
2026-05-20 13:09:40,265 | INFO     | [380265] 📥 NHẬN YÊU CẦU QUÉT KHUÔN MẶT MỚI
2026-05-20 13:09:40,266 | INFO     | [380265] Đã xử lý ảnh thành công. Kích thước tensor: (1, 48, 48, 1)
2026-05-20 13:09:40,326 | INFO     | [380265] 📊 Chi tiết dự đoán: {'ANGRY': 7.03, 'DISGUST': 0.26, 'FEAR': 8.37, 'HAPPY': 8.7, 'NEUTRAL': 40.04, 'SAD': 25.83, 'SURPRISE': 9.76}
2026-05-20 13:09:40,326 | INFO     | [380265] 🎯 KẾT QUẢ CHỐT: NEUTRAL (40.04%)
2026-05-20 13:09:40,327 | INFO     | [380265] ⏱️ Thời gian phản hồi: 61.09 ms
2026-05-20 13:09:40,358 | INFO     | [380358] ------------------------------------------
2026-05-20 13:09:40,358 | INFO     | [380358] 📥 NHẬN YÊU CẦU QUÉT KHUÔN MẶT MỚI
2026-05-20 13:09:40,359 | INFO     | [380358] Đã xử lý ảnh thành công. Kích thước tensor: (1, 48, 48, 1)
2026-05-20 13:09:40,410 | INFO     | [380358] 📊 Chi tiết dự đoán: {'ANGRY': 8.43, 'DISGUST': 0.37, 'FEAR': 9.08, 'HAPPY': 11.05, 'NEUTRAL': 34.12, 'SAD': 25.9, 'SURPRISE': 11.05}
2026-05-20 13:09:40,410 | INFO     | [380358] 🎯 KẾT QUẢ CHỐT: NEUTRAL (34.12%)
2026-05-20 13:09:40,410 | INFO     | [380358] ⏱️ Thời gian phản hồi: 52.56 ms
2026-05-20 13:09:40,467 | INFO     | [380467] ------------------------------------------
2026-05-20 13:09:40,467 | INFO     | [380467] 📥 NHẬN YÊU CẦU QUÉT KHUÔN MẶT MỚI
2026-05-20 13:09:40,468 | INFO     | [380467] Đã xử lý ảnh thành công. Kích thước tensor: (1, 48, 48, 1)
2026-05-20 13:09:40,520 | INFO     | [380467] 📊 Chi tiết dự đoán: {'ANGRY': 8.17, 'DISGUST': 0.42, 'FEAR': 9.6, 'HAPPY': 13.67, 'NEUTRAL': 29.14, 'SAD': 27.02, 'SURPRISE': 11.98}
2026-05-20 13:09:40,520 | INFO     | [380467] 🎯 KẾT QUẢ CHỐT: NEUTRAL (29.14%)
2026-05-20 13:09:40,521 | INFO     | [380467] ⏱️ Thời gian phản hồi: 52.4 ms
2026-05-20 13:09:40,561 | INFO     | [380561] ------------------------------------------
2026-05-20 13:09:40,561 | INFO     | [380561] 📥 NHẬN YÊU CẦU QUÉT KHUÔN MẶT MỚI
2026-05-20 13:09:40,561 | INFO     | [380561] Đã xử lý ảnh thành công. Kích thước tensor: (1, 48, 48, 1)
2026-05-20 13:09:40,614 | INFO     | [380561] 📊 Chi tiết dự đoán: {'ANGRY': 9.35, 'DISGUST': 0.3, 'FEAR': 10.22, 'HAPPY': 12.95, 'NEUTRAL': 27.51, 'SAD': 21.38, 'SURPRISE': 18.3}
2026-05-20 13:09:40,615 | INFO     | [380561] 🎯 KẾT QUẢ CHỐT: NEUTRAL (27.51%)
2026-05-20 13:09:40,615 | INFO     | [380561] ⏱️ Thời gian phản hồi: 52.97 ms
2026-05-20 13:09:40,653 | INFO     | [380653] ------------------------------------------
2026-05-20 13:09:40,653 | INFO     | [380653] 📥 NHẬN YÊU CẦU QUÉT KHUÔN MẶT MỚI
2026-05-20 13:09:40,655 | INFO     | [380653] Đã xử lý ảnh thành công. Kích thước tensor: (1, 48, 48, 1)
2026-05-20 13:09:40,706 | INFO     | [380653] 📊 Chi tiết dự đoán: {'ANGRY': 11.94, 'DISGUST': 0.5, 'FEAR': 9.41, 'HAPPY': 14.86, 'NEUTRAL': 26.85, 'SAD': 19.74, 'SURPRISE': 16.69}
2026-05-20 13:09:40,707 | INFO     | [380653] 🎯 KẾT QUẢ CHỐT: NEUTRAL (26.85%)
2026-05-20 13:09:40,707 | INFO     | [380653] ⏱️ Thời gian phản hồi: 52.87 ms
2026-05-20 13:09:40,764 | INFO     | [380764] ------------------------------------------
2026-05-20 13:09:40,765 | INFO     | [380764] 📥 NHẬN YÊU CẦU QUÉT KHUÔN MẶT MỚI
2026-05-20 13:09:40,765 | INFO     | [380764] Đã xử lý ảnh thành công. Kích thước tensor: (1, 48, 48, 1)
2026-05-20 13:09:40,817 | INFO     | [380764] 📊 Chi tiết dự đoán: {'ANGRY': 11.51, 'DISGUST': 0.44, 'FEAR': 9.97, 'HAPPY': 10.42, 'NEUTRAL': 29.84, 'SAD': 21.51, 'SURPRISE': 16.32}
2026-05-20 13:09:40,817 | INFO     | [380764] 🎯 KẾT QUẢ CHỐT: NEUTRAL (29.84%)
2026-05-20 13:09:40,818 | INFO     | [380764] ⏱️ Thời gian phản hồi: 53.04 ms
2026-05-20 13:09:40,856 | INFO     | [380856] ------------------------------------------
2026-05-20 13:09:40,856 | INFO     | [380856] 📥 NHẬN YÊU CẦU QUÉT KHUÔN MẶT MỚI
2026-05-20 13:09:40,857 | INFO     | [380856] Đã xử lý ảnh thành công. Kích thước tensor: (1, 48, 48, 1)
2026-05-20 13:09:40,908 | INFO     | [380856] 📊 Chi tiết dự đoán: {'ANGRY': 9.24, 'DISGUST': 0.24, 'FEAR': 8.14, 'HAPPY': 11.44, 'NEUTRAL': 36.15, 'SAD': 20.62, 'SURPRISE': 14.16}
2026-05-20 13:09:40,908 | INFO     | [380856] 🎯 KẾT QUẢ CHỐT: NEUTRAL (36.15%)
2026-05-20 13:09:40,908 | INFO     | [380856] ⏱️ Thời gian phản hồi: 50.75 ms
2026-05-20 13:09:40,950 | INFO     | [380950] ------------------------------------------
2026-05-20 13:09:40,950 | INFO     | [380950] 📥 NHẬN YÊU CẦU QUÉT KHUÔN MẶT MỚI
2026-05-20 13:09:40,950 | INFO     | [380950] Đã xử lý ảnh thành công. Kích thước tensor: (1, 48, 48, 1)
2026-05-20 13:09:41,006 | INFO     | [380950] 📊 Chi tiết dự đoán: {'ANGRY': 8.22, 'DISGUST': 0.18, 'FEAR': 7.32, 'HAPPY': 7.56, 'NEUTRAL': 43.96, 'SAD': 23.21, 'SURPRISE': 9.54}
2026-05-20 13:09:41,006 | INFO     | [380950] 🎯 KẾT QUẢ CHỐT: NEUTRAL (43.96%)
2026-05-20 13:09:41,006 | INFO     | [380950] ⏱️ Thời gian phản hồi: 56.4 ms
2026-05-20 13:09:41,058 | INFO     | [381058] ------------------------------------------
2026-05-20 13:09:41,058 | INFO     | [381058] 📥 NHẬN YÊU CẦU QUÉT KHUÔN MẶT MỚI
2026-05-20 13:09:41,059 | INFO     | [381058] Đã xử lý ảnh thành công. Kích thước tensor: (1, 48, 48, 1)
2026-05-20 13:09:41,132 | INFO     | [381058] 📊 Chi tiết dự đoán: {'ANGRY': 9.17, 'DISGUST': 0.24, 'FEAR': 9.75, 'HAPPY': 7.75, 'NEUTRAL': 35.7, 'SAD': 25.81, 'SURPRISE': 11.58}
2026-05-20 13:09:41,132 | INFO     | [381058] 🎯 KẾT QUẢ CHỐT: NEUTRAL (35.70%)
2026-05-20 13:09:41,132 | INFO     | [381058] ⏱️ Thời gian phản hồi: 73.97 ms
2026-05-20 13:09:41,151 | INFO     | [381151] ------------------------------------------
2026-05-20 13:09:41,152 | INFO     | [381151] 📥 NHẬN YÊU CẦU QUÉT KHUÔN MẶT MỚI
2026-05-20 13:09:41,152 | INFO     | [381151] Đã xử lý ảnh thành công. Kích thước tensor: (1, 48, 48, 1)
2026-05-20 13:09:41,209 | INFO     | [381151] 📊 Chi tiết dự đoán: {'ANGRY': 11.15, 'DISGUST': 0.32, 'FEAR': 10.79, 'HAPPY': 8.33, 'NEUTRAL': 30.98, 'SAD': 22.64, 'SURPRISE': 15.78}
2026-05-20 13:09:41,209 | INFO     | [381151] 🎯 KẾT QUẢ CHỐT: NEUTRAL (30.98%)
2026-05-20 13:09:41,209 | INFO     | [381151] ⏱️ Thời gian phản hồi: 57.9 ms
2026-05-20 13:09:41,260 | INFO     | [381260] ------------------------------------------
2026-05-20 13:09:41,262 | INFO     | [381260] 📥 NHẬN YÊU CẦU QUÉT KHUÔN MẶT MỚI
2026-05-20 13:09:41,262 | INFO     | [381260] Đã xử lý ảnh thành công. Kích thước tensor: (1, 48, 48, 1)
2026-05-20 13:09:41,318 | INFO     | [381260] 📊 Chi tiết dự đoán: {'ANGRY': 9.36, 'DISGUST': 0.27, 'FEAR': 9.28, 'HAPPY': 10.69, 'NEUTRAL': 32.86, 'SAD': 23.24, 'SURPRISE': 14.29}
2026-05-20 13:09:41,319 | INFO     | [381260] 🎯 KẾT QUẢ CHỐT: NEUTRAL (32.86%)
2026-05-20 13:09:41,319 | INFO     | [381260] ⏱️ Thời gian phản hồi: 57.96 ms
2026-05-20 13:09:41,356 | INFO     | [381356] ------------------------------------------
2026-05-20 13:09:41,356 | INFO     | [381356] 📥 NHẬN YÊU CẦU QUÉT KHUÔN MẶT MỚI
2026-05-20 13:09:41,357 | INFO     | [381356] Đã xử lý ảnh thành công. Kích thước tensor: (1, 48, 48, 1)
2026-05-20 13:09:41,408 | INFO     | [381356] 📊 Chi tiết dự đoán: {'ANGRY': 8.85, 'DISGUST': 0.34, 'FEAR': 10.53, 'HAPPY': 12.51, 'NEUTRAL': 28.21, 'SAD': 21.78, 'SURPRISE': 17.77}
2026-05-20 13:09:41,408 | INFO     | [381356] 🎯 KẾT QUẢ CHỐT: NEUTRAL (28.21%)
2026-05-20 13:09:41,410 | INFO     | [381356] ⏱️ Thời gian phản hồi: 51.82 ms
2026-05-20 13:09:41,462 | INFO     | [381462] ------------------------------------------
2026-05-20 13:09:41,462 | INFO     | [381462] 📥 NHẬN YÊU CẦU QUÉT KHUÔN MẶT MỚI
2026-05-20 13:09:41,463 | INFO     | [381462] Đã xử lý ảnh thành công. Kích thước tensor: (1, 48, 48, 1)
2026-05-20 13:09:41,521 | INFO     | [381462] 📊 Chi tiết dự đoán: {'ANGRY': 7.14, 'DISGUST': 0.22, 'FEAR': 8.61, 'HAPPY': 14.72, 'NEUTRAL': 33.16, 'SAD': 21.39, 'SURPRISE': 14.76}
2026-05-20 13:09:41,521 | INFO     | [381462] 🎯 KẾT QUẢ CHỐT: NEUTRAL (33.16%)
2026-05-20 13:09:41,521 | INFO     | [381462] ⏱️ Thời gian phản hồi: 57.65 ms
2026-05-20 13:09:41,556 | INFO     | [381556] ------------------------------------------
2026-05-20 13:09:41,557 | INFO     | [381556] 📥 NHẬN YÊU CẦU QUÉT KHUÔN MẶT MỚI
2026-05-20 13:09:41,557 | INFO     | [381556] Đã xử lý ảnh thành công. Kích thước tensor: (1, 48, 48, 1)
2026-05-20 13:09:41,617 | INFO     | [381556] 📊 Chi tiết dự đoán: {'ANGRY': 6.23, 'DISGUST': 0.19, 'FEAR': 8.96, 'HAPPY': 13.25, 'NEUTRAL': 33.62, 'SAD': 24.67, 'SURPRISE': 13.08}
2026-05-20 13:09:41,617 | INFO     | [381556] 🎯 KẾT QUẢ CHỐT: NEUTRAL (33.62%)
2026-05-20 13:09:41,617 | INFO     | [381556] ⏱️ Thời gian phản hồi: 61.88 ms
2026-05-20 13:09:41,650 | INFO     | [381650] ------------------------------------------
2026-05-20 13:09:41,651 | INFO     | [381650] 📥 NHẬN YÊU CẦU QUÉT KHUÔN MẶT MỚI
2026-05-20 13:09:41,651 | INFO     | [381650] Đã xử lý ảnh thành công. Kích thước tensor: (1, 48, 48, 1)
2026-05-20 13:09:41,702 | INFO     | [381650] 📊 Chi tiết dự đoán: {'ANGRY': 7.26, 'DISGUST': 0.26, 'FEAR': 10.37, 'HAPPY': 9.61, 'NEUTRAL': 33.4, 'SAD': 22.58, 'SURPRISE': 16.53}
2026-05-20 13:09:41,702 | INFO     | [381650] 🎯 KẾT QUẢ CHỐT: NEUTRAL (33.40%)
2026-05-20 13:09:41,703 | INFO     | [381650] ⏱️ Thời gian phản hồi: 52.24 ms
2026-05-20 13:09:41,758 | INFO     | [381758] ------------------------------------------
2026-05-20 13:09:41,758 | INFO     | [381758] 📥 NHẬN YÊU CẦU QUÉT KHUÔN MẶT MỚI
2026-05-20 13:09:41,759 | INFO     | [381758] Đã xử lý ảnh thành công. Kích thước tensor: (1, 48, 48, 1)
2026-05-20 13:09:41,813 | INFO     | [381758] 📊 Chi tiết dự đoán: {'ANGRY': 6.78, 'DISGUST': 0.24, 'FEAR': 10.73, 'HAPPY': 8.93, 'NEUTRAL': 31.79, 'SAD': 23.61, 'SURPRISE': 17.92}
2026-05-20 13:09:41,814 | INFO     | [381758] 🎯 KẾT QUẢ CHỐT: NEUTRAL (31.79%)
2026-05-20 13:09:41,814 | INFO     | [381758] ⏱️ Thời gian phản hồi: 55.36 ms
2026-05-20 13:09:41,851 | INFO     | [381851] ------------------------------------------
2026-05-20 13:09:41,851 | INFO     | [381851] 📥 NHẬN YÊU CẦU QUÉT KHUÔN MẶT MỚI
2026-05-20 13:09:41,853 | INFO     | [381851] Đã xử lý ảnh thành công. Kích thước tensor: (1, 48, 48, 1)
2026-05-20 13:09:41,903 | INFO     | [381851] 📊 Chi tiết dự đoán: {'ANGRY': 6.48, 'DISGUST': 0.22, 'FEAR': 9.99, 'HAPPY': 9.26, 'NEUTRAL': 35.08, 'SAD': 23.81, 'SURPRISE': 15.15}
2026-05-20 13:09:41,903 | INFO     | [381851] 🎯 KẾT QUẢ CHỐT: NEUTRAL (35.08%)
2026-05-20 13:09:41,903 | INFO     | [381851] ⏱️ Thời gian phản hồi: 51.63 ms
2026-05-20 13:09:41,961 | INFO     | [381961] ------------------------------------------
2026-05-20 13:09:41,961 | INFO     | [381961] 📥 NHẬN YÊU CẦU QUÉT KHUÔN MẶT MỚI
2026-05-20 13:09:41,961 | INFO     | [381961] Đã xử lý ảnh thành công. Kích thước tensor: (1, 48, 48, 1)
2026-05-20 13:09:42,013 | INFO     | [381961] 📊 Chi tiết dự đoán: {'ANGRY': 6.97, 'DISGUST': 0.2, 'FEAR': 10.17, 'HAPPY': 11.73, 'NEUTRAL': 34.16, 'SAD': 22.84, 'SURPRISE': 13.93}
2026-05-20 13:09:42,013 | INFO     | [381961] 🎯 KẾT QUẢ CHỐT: NEUTRAL (34.16%)
2026-05-20 13:09:42,013 | INFO     | [381961] ⏱️ Thời gian phản hồi: 51.64 ms
2026-05-20 13:09:42,052 | INFO     | [382052] ------------------------------------------
2026-05-20 13:09:42,052 | INFO     | [382052] 📥 NHẬN YÊU CẦU QUÉT KHUÔN MẶT MỚI
2026-05-20 13:09:42,052 | INFO     | [382052] Đã xử lý ảnh thành công. Kích thước tensor: (1, 48, 48, 1)
2026-05-20 13:09:42,107 | INFO     | [382052] 📊 Chi tiết dự đoán: {'ANGRY': 6.41, 'DISGUST': 0.2, 'FEAR': 8.85, 'HAPPY': 13.12, 'NEUTRAL': 35.01, 'SAD': 21.6, 'SURPRISE': 14.81}
2026-05-20 13:09:42,107 | INFO     | [382052] 🎯 KẾT QUẢ CHỐT: NEUTRAL (35.01%)
2026-05-20 13:09:42,107 | INFO     | [382052] ⏱️ Thời gian phản hồi: 54.21 ms
2026-05-20 13:09:42,161 | INFO     | [382161] ------------------------------------------
2026-05-20 13:09:42,161 | INFO     | [382161] 📥 NHẬN YÊU CẦU QUÉT KHUÔN MẶT MỚI
2026-05-20 13:09:42,162 | INFO     | [382161] Đã xử lý ảnh thành công. Kích thước tensor: (1, 48, 48, 1)
2026-05-20 13:09:42,215 | INFO     | [382161] 📊 Chi tiết dự đoán: {'ANGRY': 6.42, 'DISGUST': 0.16, 'FEAR': 8.83, 'HAPPY': 17.21, 'NEUTRAL': 32.17, 'SAD': 18.37, 'SURPRISE': 16.84}
2026-05-20 13:09:42,215 | INFO     | [382161] 🎯 KẾT QUẢ CHỐT: NEUTRAL (32.17%)
2026-05-20 13:09:42,216 | INFO     | [382161] ⏱️ Thời gian phản hồi: 54.54 ms
2026-05-20 13:09:42,254 | INFO     | [382254] ------------------------------------------
2026-05-20 13:09:42,255 | INFO     | [382254] 📥 NHẬN YÊU CẦU QUÉT KHUÔN MẶT MỚI
2026-05-20 13:09:42,255 | INFO     | [382254] Đã xử lý ảnh thành công. Kích thước tensor: (1, 48, 48, 1)
2026-05-20 13:09:42,312 | INFO     | [382254] 📊 Chi tiết dự đoán: {'ANGRY': 7.07, 'DISGUST': 0.22, 'FEAR': 8.71, 'HAPPY': 17.45, 'NEUTRAL': 31.07, 'SAD': 17.58, 'SURPRISE': 17.9}
2026-05-20 13:09:42,312 | INFO     | [382254] 🎯 KẾT QUẢ CHỐT: NEUTRAL (31.07%)
2026-05-20 13:09:42,313 | INFO     | [382254] ⏱️ Thời gian phản hồi: 57.96 ms
2026-05-20 13:09:42,363 | INFO     | [382363] ------------------------------------------
2026-05-20 13:09:42,363 | INFO     | [382363] 📥 NHẬN YÊU CẦU QUÉT KHUÔN MẶT MỚI
2026-05-20 13:09:42,364 | INFO     | [382363] Đã xử lý ảnh thành công. Kích thước tensor: (1, 48, 48, 1)
2026-05-20 13:09:42,417 | INFO     | [382363] 📊 Chi tiết dự đoán: {'ANGRY': 6.9, 'DISGUST': 0.2, 'FEAR': 8.39, 'HAPPY': 13.1, 'NEUTRAL': 36.15, 'SAD': 21.91, 'SURPRISE': 13.35}
2026-05-20 13:09:42,417 | INFO     | [382363] 🎯 KẾT QUẢ CHỐT: NEUTRAL (36.15%)
2026-05-20 13:09:42,417 | INFO     | [382363] ⏱️ Thời gian phản hồi: 53.96 ms
2026-05-20 13:09:42,458 | INFO     | [382458] ------------------------------------------
2026-05-20 13:09:42,458 | INFO     | [382458] 📥 NHẬN YÊU CẦU QUÉT KHUÔN MẶT MỚI
2026-05-20 13:09:42,458 | INFO     | [382458] Đã xử lý ảnh thành công. Kích thước tensor: (1, 48, 48, 1)
2026-05-20 13:09:42,520 | INFO     | [382458] 📊 Chi tiết dự đoán: {'ANGRY': 6.14, 'DISGUST': 0.2, 'FEAR': 8.34, 'HAPPY': 11.6, 'NEUTRAL': 35.56, 'SAD': 21.69, 'SURPRISE': 16.47}
2026-05-20 13:09:42,522 | INFO     | [382458] 🎯 KẾT QUẢ CHỐT: NEUTRAL (35.56%)
2026-05-20 13:09:42,522 | INFO     | [382458] ⏱️ Thời gian phản hồi: 62.44 ms
2026-05-20 13:09:42,553 | INFO     | [382553] ------------------------------------------
2026-05-20 13:09:42,553 | INFO     | [382553] 📥 NHẬN YÊU CẦU QUÉT KHUÔN MẶT MỚI
2026-05-20 13:09:42,553 | INFO     | [382553] Đã xử lý ảnh thành công. Kích thước tensor: (1, 48, 48, 1)
2026-05-20 13:09:42,618 | INFO     | [382553] 📊 Chi tiết dự đoán: {'ANGRY': 5.98, 'DISGUST': 0.2, 'FEAR': 8.89, 'HAPPY': 8.38, 'NEUTRAL': 38.18, 'SAD': 22.11, 'SURPRISE': 16.26}
2026-05-20 13:09:42,618 | INFO     | [382553] 🎯 KẾT QUẢ CHỐT: NEUTRAL (38.18%)
2026-05-20 13:09:42,618 | INFO     | [382553] ⏱️ Thời gian phản hồi: 64.06 ms
2026-05-20 13:09:42,662 | INFO     | [382662] ------------------------------------------
2026-05-20 13:09:42,662 | INFO     | [382662] 📥 NHẬN YÊU CẦU QUÉT KHUÔN MẶT MỚI
2026-05-20 13:09:42,663 | INFO     | [382662] Đã xử lý ảnh thành công. Kích thước tensor: (1, 48, 48, 1)
2026-05-20 13:09:42,718 | INFO     | [382662] 📊 Chi tiết dự đoán: {'ANGRY': 6.28, 'DISGUST': 0.21, 'FEAR': 8.82, 'HAPPY': 8.49, 'NEUTRAL': 37.85, 'SAD': 22.44, 'SURPRISE': 15.92}
2026-05-20 13:09:42,718 | INFO     | [382662] 🎯 KẾT QUẢ CHỐT: NEUTRAL (37.85%)
2026-05-20 13:09:42,718 | INFO     | [382662] ⏱️ Thời gian phản hồi: 55.59 ms
2026-05-20 13:09:42,755 | INFO     | [382755] ------------------------------------------
2026-05-20 13:09:42,755 | INFO     | [382755] 📥 NHẬN YÊU CẦU QUÉT KHUÔN MẶT MỚI
2026-05-20 13:09:42,756 | INFO     | [382755] Đã xử lý ảnh thành công. Kích thước tensor: (1, 48, 48, 1)
2026-05-20 13:09:42,818 | INFO     | [382755] 📊 Chi tiết dự đoán: {'ANGRY': 6.8, 'DISGUST': 0.24, 'FEAR': 8.53, 'HAPPY': 9.8, 'NEUTRAL': 38.28, 'SAD': 21.5, 'SURPRISE': 14.85}
2026-05-20 13:09:42,818 | INFO     | [382755] 🎯 KẾT QUẢ CHỐT: NEUTRAL (38.28%)
2026-05-20 13:09:42,818 | INFO     | [382755] ⏱️ Thời gian phản hồi: 62.65 ms
2026-05-20 13:09:42,864 | INFO     | [382864] ------------------------------------------
2026-05-20 13:09:42,864 | INFO     | [382864] 📥 NHẬN YÊU CẦU QUÉT KHUÔN MẶT MỚI
2026-05-20 13:09:42,864 | INFO     | [382864] Đã xử lý ảnh thành công. Kích thước tensor: (1, 48, 48, 1)
2026-05-20 13:09:42,917 | INFO     | [382864] 📊 Chi tiết dự đoán: {'ANGRY': 6.41, 'DISGUST': 0.22, 'FEAR': 9.05, 'HAPPY': 8.91, 'NEUTRAL': 37.8, 'SAD': 21.0, 'SURPRISE': 16.61}
2026-05-20 13:09:42,917 | INFO     | [382864] 🎯 KẾT QUẢ CHỐT: NEUTRAL (37.80%)
2026-05-20 13:09:42,917 | INFO     | [382864] ⏱️ Thời gian phản hồi: 53.42 ms
2026-05-20 13:09:42,957 | INFO     | [382957] ------------------------------------------
2026-05-20 13:09:42,957 | INFO     | [382957] 📥 NHẬN YÊU CẦU QUÉT KHUÔN MẶT MỚI
2026-05-20 13:09:42,959 | INFO     | [382957] Đã xử lý ảnh thành công. Kích thước tensor: (1, 48, 48, 1)
2026-05-20 13:09:43,030 | INFO     | [382957] 📊 Chi tiết dự đoán: {'ANGRY': 6.54, 'DISGUST': 0.21, 'FEAR': 9.5, 'HAPPY': 8.91, 'NEUTRAL': 37.11, 'SAD': 20.97, 'SURPRISE': 16.76}
2026-05-20 13:09:43,030 | INFO     | [382957] 🎯 KẾT QUẢ CHỐT: NEUTRAL (37.11%)
2026-05-20 13:09:43,030 | INFO     | [382957] ⏱️ Thời gian phản hồi: 72.23 ms
2026-05-20 13:09:43,052 | INFO     | [383052] ------------------------------------------
2026-05-20 13:09:43,052 | INFO     | [383052] 📥 NHẬN YÊU CẦU QUÉT KHUÔN MẶT MỚI
2026-05-20 13:09:43,053 | INFO     | [383052] Đã xử lý ảnh thành công. Kích thước tensor: (1, 48, 48, 1)
2026-05-20 13:09:43,113 | INFO     | [383052] 📊 Chi tiết dự đoán: {'ANGRY': 6.39, 'DISGUST': 0.19, 'FEAR': 8.97, 'HAPPY': 8.34, 'NEUTRAL': 39.91, 'SAD': 19.97, 'SURPRISE': 16.23}
2026-05-20 13:09:43,113 | INFO     | [383052] 🎯 KẾT QUẢ CHỐT: NEUTRAL (39.91%)
2026-05-20 13:09:43,115 | INFO     | [383052] ⏱️ Thời gian phản hồi: 61.69 ms
2026-05-20 13:09:43,145 | INFO     | [383145] ------------------------------------------
2026-05-20 13:09:43,145 | INFO     | [383145] 📥 NHẬN YÊU CẦU QUÉT KHUÔN MẶT MỚI
2026-05-20 13:09:43,146 | INFO     | [383145] Đã xử lý ảnh thành công. Kích thước tensor: (1, 48, 48, 1)
2026-05-20 13:09:43,211 | INFO     | [383145] 📊 Chi tiết dự đoán: {'ANGRY': 6.04, 'DISGUST': 0.19, 'FEAR': 8.94, 'HAPPY': 8.5, 'NEUTRAL': 39.57, 'SAD': 20.85, 'SURPRISE': 15.92}
2026-05-20 13:09:43,211 | INFO     | [383145] 🎯 KẾT QUẢ CHỐT: NEUTRAL (39.57%)
2026-05-20 13:09:43,211 | INFO     | [383145] ⏱️ Thời gian phản hồi: 65.95 ms
2026-05-20 13:09:43,254 | INFO     | [383254] ------------------------------------------
2026-05-20 13:09:43,255 | INFO     | [383254] 📥 NHẬN YÊU CẦU QUÉT KHUÔN MẶT MỚI
2026-05-20 13:09:43,258 | INFO     | [383254] Đã xử lý ảnh thành công. Kích thước tensor: (1, 48, 48, 1)
2026-05-20 13:09:43,321 | INFO     | [383254] 📊 Chi tiết dự đoán: {'ANGRY': 5.64, 'DISGUST': 0.17, 'FEAR': 9.26, 'HAPPY': 8.36, 'NEUTRAL': 38.97, 'SAD': 21.13, 'SURPRISE': 16.47}
2026-05-20 13:09:43,322 | INFO     | [383254] 🎯 KẾT QUẢ CHỐT: NEUTRAL (38.97%)
2026-05-20 13:09:43,322 | INFO     | [383254] ⏱️ Thời gian phản hồi: 67.42 ms
2026-05-20 13:09:43,348 | INFO     | [383348] ------------------------------------------
2026-05-20 13:09:43,348 | INFO     | [383348] 📥 NHẬN YÊU CẦU QUÉT KHUÔN MẶT MỚI
2026-05-20 13:09:43,348 | INFO     | [383348] Đã xử lý ảnh thành công. Kích thước tensor: (1, 48, 48, 1)
2026-05-20 13:09:43,415 | INFO     | [383348] 📊 Chi tiết dự đoán: {'ANGRY': 5.71, 'DISGUST': 0.18, 'FEAR': 8.72, 'HAPPY': 8.35, 'NEUTRAL': 40.3, 'SAD': 22.06, 'SURPRISE': 14.68}
2026-05-20 13:09:43,416 | INFO     | [383348] 🎯 KẾT QUẢ CHỐT: NEUTRAL (40.30%)
2026-05-20 13:09:43,416 | INFO     | [383348] ⏱️ Thời gian phản hồi: 66.62 ms
2026-05-20 13:09:43,443 | INFO     | [383443] ------------------------------------------
2026-05-20 13:09:43,443 | INFO     | [383443] 📥 NHẬN YÊU CẦU QUÉT KHUÔN MẶT MỚI
2026-05-20 13:09:43,444 | INFO     | [383443] Đã xử lý ảnh thành công. Kích thước tensor: (1, 48, 48, 1)
2026-05-20 13:09:43,510 | INFO     | [383443] 📊 Chi tiết dự đoán: {'ANGRY': 5.86, 'DISGUST': 0.18, 'FEAR': 9.08, 'HAPPY': 7.77, 'NEUTRAL': 41.2, 'SAD': 21.58, 'SURPRISE': 14.34}
2026-05-20 13:09:43,510 | INFO     | [383443] 🎯 KẾT QUẢ CHỐT: NEUTRAL (41.20%)
2026-05-20 13:09:43,511 | INFO     | [383443] ⏱️ Thời gian phản hồi: 66.79 ms
2026-05-20 13:09:43,551 | INFO     | [383551] ------------------------------------------
2026-05-20 13:09:43,551 | INFO     | [383551] 📥 NHẬN YÊU CẦU QUÉT KHUÔN MẶT MỚI
2026-05-20 13:09:43,553 | INFO     | [383551] Đã xử lý ảnh thành công. Kích thước tensor: (1, 48, 48, 1)
2026-05-20 13:09:43,616 | INFO     | [383551] 📊 Chi tiết dự đoán: {'ANGRY': 5.36, 'DISGUST': 0.17, 'FEAR': 8.69, 'HAPPY': 6.87, 'NEUTRAL': 42.12, 'SAD': 22.01, 'SURPRISE': 14.77}
2026-05-20 13:09:43,616 | INFO     | [383551] 🎯 KẾT QUẢ CHỐT: NEUTRAL (42.12%)
2026-05-20 13:09:43,616 | INFO     | [383551] ⏱️ Thời gian phản hồi: 65.36 ms
2026-05-20 13:09:43,662 | INFO     | [383662] ------------------------------------------
2026-05-20 13:09:43,662 | INFO     | [383662] 📥 NHẬN YÊU CẦU QUÉT KHUÔN MẶT MỚI
2026-05-20 13:09:43,663 | INFO     | [383662] Đã xử lý ảnh thành công. Kích thước tensor: (1, 48, 48, 1)
2026-05-20 13:09:43,730 | INFO     | [383662] 📊 Chi tiết dự đoán: {'ANGRY': 5.74, 'DISGUST': 0.18, 'FEAR': 9.04, 'HAPPY': 7.43, 'NEUTRAL': 41.79, 'SAD': 22.85, 'SURPRISE': 12.98}
2026-05-20 13:09:43,731 | INFO     | [383662] 🎯 KẾT QUẢ CHỐT: NEUTRAL (41.79%)
2026-05-20 13:09:43,731 | INFO     | [383662] ⏱️ Thời gian phản hồi: 68.41 ms
2026-05-20 13:09:43,756 | INFO     | [383756] ------------------------------------------
2026-05-20 13:09:43,756 | INFO     | [383756] 📥 NHẬN YÊU CẦU QUÉT KHUÔN MẶT MỚI
2026-05-20 13:09:43,756 | INFO     | [383756] Đã xử lý ảnh thành công. Kích thước tensor: (1, 48, 48, 1)
2026-05-20 13:09:43,824 | INFO     | [383756] 📊 Chi tiết dự đoán: {'ANGRY': 5.84, 'DISGUST': 0.18, 'FEAR': 8.8, 'HAPPY': 7.35, 'NEUTRAL': 42.87, 'SAD': 21.88, 'SURPRISE': 13.07}
2026-05-20 13:09:43,824 | INFO     | [383756] 🎯 KẾT QUẢ CHỐT: NEUTRAL (42.87%)
2026-05-20 13:09:43,824 | INFO     | [383756] ⏱️ Thời gian phản hồi: 67.42 ms
2026-05-20 13:09:43,851 | INFO     | [383851] ------------------------------------------
2026-05-20 13:09:43,851 | INFO     | [383851] 📥 NHẬN YÊU CẦU QUÉT KHUÔN MẶT MỚI
2026-05-20 13:09:43,853 | INFO     | [383851] Đã xử lý ảnh thành công. Kích thước tensor: (1, 48, 48, 1)
2026-05-20 13:09:43,909 | INFO     | [383851] 📊 Chi tiết dự đoán: {'ANGRY': 5.18, 'DISGUST': 0.15, 'FEAR': 8.93, 'HAPPY': 6.62, 'NEUTRAL': 42.92, 'SAD': 22.92, 'SURPRISE': 13.26}
2026-05-20 13:09:43,909 | INFO     | [383851] 🎯 KẾT QUẢ CHỐT: NEUTRAL (42.92%)
2026-05-20 13:09:43,909 | INFO     | [383851] ⏱️ Thời gian phản hồi: 58.44 ms
2026-05-20 13:09:43,959 | INFO     | [383959] ------------------------------------------
2026-05-20 13:09:43,959 | INFO     | [383959] 📥 NHẬN YÊU CẦU QUÉT KHUÔN MẶT MỚI
2026-05-20 13:09:43,960 | INFO     | [383959] Đã xử lý ảnh thành công. Kích thước tensor: (1, 48, 48, 1)
2026-05-20 13:09:44,012 | INFO     | [383959] 📊 Chi tiết dự đoán: {'ANGRY': 5.71, 'DISGUST': 0.17, 'FEAR': 9.15, 'HAPPY': 7.17, 'NEUTRAL': 41.31, 'SAD': 21.86, 'SURPRISE': 14.62}
2026-05-20 13:09:44,013 | INFO     | [383959] 🎯 KẾT QUẢ CHỐT: NEUTRAL (41.31%)
2026-05-20 13:09:44,013 | INFO     | [383959] ⏱️ Thời gian phản hồi: 52.88 ms
2026-05-20 13:09:44,052 | INFO     | [384052] ------------------------------------------
2026-05-20 13:09:44,054 | INFO     | [384052] 📥 NHẬN YÊU CẦU QUÉT KHUÔN MẶT MỚI
2026-05-20 13:09:44,054 | INFO     | [384052] Đã xử lý ảnh thành công. Kích thước tensor: (1, 48, 48, 1)
2026-05-20 13:09:44,112 | INFO     | [384052] 📊 Chi tiết dự đoán: {'ANGRY': 5.62, 'DISGUST': 0.18, 'FEAR': 9.21, 'HAPPY': 6.23, 'NEUTRAL': 43.15, 'SAD': 22.42, 'SURPRISE': 13.19}
2026-05-20 13:09:44,112 | INFO     | [384052] 🎯 KẾT QUẢ CHỐT: NEUTRAL (43.15%)
2026-05-20 13:09:44,112 | INFO     | [384052] ⏱️ Thời gian phản hồi: 59.91 ms
2026-05-20 13:09:44,163 | INFO     | [384163] ------------------------------------------
2026-05-20 13:09:44,163 | INFO     | [384163] 📥 NHẬN YÊU CẦU QUÉT KHUÔN MẶT MỚI
2026-05-20 13:09:44,164 | INFO     | [384163] Đã xử lý ảnh thành công. Kích thước tensor: (1, 48, 48, 1)
2026-05-20 13:09:44,224 | INFO     | [384163] 📊 Chi tiết dự đoán: {'ANGRY': 5.25, 'DISGUST': 0.16, 'FEAR': 9.03, 'HAPPY': 6.63, 'NEUTRAL': 43.06, 'SAD': 22.26, 'SURPRISE': 13.62}
2026-05-20 13:09:44,224 | INFO     | [384163] 🎯 KẾT QUẢ CHỐT: NEUTRAL (43.06%)
2026-05-20 13:09:44,225 | INFO     | [384163] ⏱️ Thời gian phản hồi: 60.79 ms
2026-05-20 13:09:44,255 | INFO     | [384255] ------------------------------------------
2026-05-20 13:09:44,255 | INFO     | [384255] 📥 NHẬN YÊU CẦU QUÉT KHUÔN MẶT MỚI
2026-05-20 13:09:44,256 | INFO     | [384255] Đã xử lý ảnh thành công. Kích thước tensor: (1, 48, 48, 1)
2026-05-20 13:09:44,310 | INFO     | [384255] 📊 Chi tiết dự đoán: {'ANGRY': 5.53, 'DISGUST': 0.15, 'FEAR': 9.37, 'HAPPY': 7.89, 'NEUTRAL': 40.72, 'SAD': 22.05, 'SURPRISE': 14.29}
2026-05-20 13:09:44,310 | INFO     | [384255] 🎯 KẾT QUẢ CHỐT: NEUTRAL (40.72%)
2026-05-20 13:09:44,310 | INFO     | [384255] ⏱️ Thời gian phản hồi: 54.3 ms
2026-05-20 13:09:44,363 | INFO     | [384363] ------------------------------------------
2026-05-20 13:09:44,363 | INFO     | [384363] 📥 NHẬN YÊU CẦU QUÉT KHUÔN MẶT MỚI
2026-05-20 13:09:44,363 | INFO     | [384363] Đã xử lý ảnh thành công. Kích thước tensor: (1, 48, 48, 1)
2026-05-20 13:09:44,416 | INFO     | [384363] 📊 Chi tiết dự đoán: {'ANGRY': 5.47, 'DISGUST': 0.16, 'FEAR': 8.67, 'HAPPY': 6.48, 'NEUTRAL': 42.82, 'SAD': 21.95, 'SURPRISE': 14.46}
2026-05-20 13:09:44,416 | INFO     | [384363] 🎯 KẾT QUẢ CHỐT: NEUTRAL (42.82%)
2026-05-20 13:09:44,417 | INFO     | [384363] ⏱️ Thời gian phản hồi: 53.38 ms
2026-05-20 13:09:44,456 | INFO     | [384456] ------------------------------------------
2026-05-20 13:09:44,457 | INFO     | [384456] 📥 NHẬN YÊU CẦU QUÉT KHUÔN MẶT MỚI
2026-05-20 13:09:44,457 | INFO     | [384456] Đã xử lý ảnh thành công. Kích thước tensor: (1, 48, 48, 1)
2026-05-20 13:09:44,517 | INFO     | [384456] 📊 Chi tiết dự đoán: {'ANGRY': 5.66, 'DISGUST': 0.17, 'FEAR': 8.63, 'HAPPY': 6.22, 'NEUTRAL': 44.3, 'SAD': 23.04, 'SURPRISE': 11.97}
2026-05-20 13:09:44,517 | INFO     | [384456] 🎯 KẾT QUẢ CHỐT: NEUTRAL (44.30%)
2026-05-20 13:09:44,517 | INFO     | [384456] ⏱️ Thời gian phản hồi: 61.52 ms
2026-05-20 13:09:44,551 | INFO     | [384551] ------------------------------------------
2026-05-20 13:09:44,552 | INFO     | [384551] 📥 NHẬN YÊU CẦU QUÉT KHUÔN MẶT MỚI
2026-05-20 13:09:44,552 | INFO     | [384551] Đã xử lý ảnh thành công. Kích thước tensor: (1, 48, 48, 1)
2026-05-20 13:09:44,610 | INFO     | [384551] 📊 Chi tiết dự đoán: {'ANGRY': 5.78, 'DISGUST': 0.15, 'FEAR': 9.29, 'HAPPY': 6.51, 'NEUTRAL': 43.62, 'SAD': 22.86, 'SURPRISE': 11.78}
2026-05-20 13:09:44,610 | INFO     | [384551] 🎯 KẾT QUẢ CHỐT: NEUTRAL (43.62%)
2026-05-20 13:09:44,610 | INFO     | [384551] ⏱️ Thời gian phản hồi: 58.52 ms
2026-05-20 13:09:44,660 | INFO     | [384660] ------------------------------------------
2026-05-20 13:09:44,662 | INFO     | [384660] 📥 NHẬN YÊU CẦU QUÉT KHUÔN MẶT MỚI
2026-05-20 13:09:44,662 | INFO     | [384660] Đã xử lý ảnh thành công. Kích thước tensor: (1, 48, 48, 1)
2026-05-20 13:09:44,718 | INFO     | [384660] 📊 Chi tiết dự đoán: {'ANGRY': 5.99, 'DISGUST': 0.17, 'FEAR': 9.56, 'HAPPY': 7.36, 'NEUTRAL': 41.11, 'SAD': 21.5, 'SURPRISE': 14.3}
2026-05-20 13:09:44,718 | INFO     | [384660] 🎯 KẾT QUẢ CHỐT: NEUTRAL (41.11%)
2026-05-20 13:09:44,718 | INFO     | [384660] ⏱️ Thời gian phản hồi: 57.42 ms
2026-05-20 13:09:44,755 | INFO     | [384755] ------------------------------------------
2026-05-20 13:09:44,755 | INFO     | [384755] 📥 NHẬN YÊU CẦU QUÉT KHUÔN MẶT MỚI
2026-05-20 13:09:44,756 | INFO     | [384755] Đã xử lý ảnh thành công. Kích thước tensor: (1, 48, 48, 1)
2026-05-20 13:09:44,820 | INFO     | [384755] 📊 Chi tiết dự đoán: {'ANGRY': 6.16, 'DISGUST': 0.16, 'FEAR': 9.5, 'HAPPY': 7.36, 'NEUTRAL': 42.73, 'SAD': 22.31, 'SURPRISE': 11.79}
2026-05-20 13:09:44,820 | INFO     | [384755] 🎯 KẾT QUẢ CHỐT: NEUTRAL (42.73%)
2026-05-20 13:09:44,821 | INFO     | [384755] ⏱️ Thời gian phản hồi: 65.43 ms
2026-05-20 13:09:44,864 | INFO     | [384864] ------------------------------------------
2026-05-20 13:09:44,864 | INFO     | [384864] 📥 NHẬN YÊU CẦU QUÉT KHUÔN MẶT MỚI
2026-05-20 13:09:44,864 | INFO     | [384864] Đã xử lý ảnh thành công. Kích thước tensor: (1, 48, 48, 1)
2026-05-20 13:09:44,929 | INFO     | [384864] 📊 Chi tiết dự đoán: {'ANGRY': 5.79, 'DISGUST': 0.16, 'FEAR': 8.88, 'HAPPY': 7.37, 'NEUTRAL': 43.27, 'SAD': 22.58, 'SURPRISE': 11.95}
2026-05-20 13:09:44,929 | INFO     | [384864] 🎯 KẾT QUẢ CHỐT: NEUTRAL (43.27%)
2026-05-20 13:09:44,929 | INFO     | [384864] ⏱️ Thời gian phản hồi: 65.6 ms
2026-05-20 13:09:44,957 | INFO     | [384957] ------------------------------------------
2026-05-20 13:09:44,957 | INFO     | [384957] 📥 NHẬN YÊU CẦU QUÉT KHUÔN MẶT MỚI
2026-05-20 13:09:44,959 | INFO     | [384957] Đã xử lý ảnh thành công. Kích thước tensor: (1, 48, 48, 1)
2026-05-20 13:09:45,015 | INFO     | [384957] 📊 Chi tiết dự đoán: {'ANGRY': 5.64, 'DISGUST': 0.14, 'FEAR': 9.03, 'HAPPY': 7.69, 'NEUTRAL': 42.68, 'SAD': 21.56, 'SURPRISE': 13.26}
2026-05-20 13:09:45,015 | INFO     | [384957] 🎯 KẾT QUẢ CHỐT: NEUTRAL (42.68%)
2026-05-20 13:09:45,015 | INFO     | [384957] ⏱️ Thời gian phản hồi: 57.73 ms
2026-05-20 13:09:45,052 | INFO     | [385052] ------------------------------------------
2026-05-20 13:09:45,052 | INFO     | [385052] 📥 NHẬN YÊU CẦU QUÉT KHUÔN MẶT MỚI
2026-05-20 13:09:45,053 | INFO     | [385052] Đã xử lý ảnh thành công. Kích thước tensor: (1, 48, 48, 1)
2026-05-20 13:09:45,103 | INFO     | [385052] 📊 Chi tiết dự đoán: {'ANGRY': 5.99, 'DISGUST': 0.13, 'FEAR': 8.98, 'HAPPY': 7.26, 'NEUTRAL': 43.54, 'SAD': 21.61, 'SURPRISE': 12.48}
2026-05-20 13:09:45,103 | INFO     | [385052] 🎯 KẾT QUẢ CHỐT: NEUTRAL (43.54%)
2026-05-20 13:09:45,103 | INFO     | [385052] ⏱️ Thời gian phản hồi: 51.41 ms
2026-05-20 13:09:45,160 | INFO     | [385159] ------------------------------------------
2026-05-20 13:09:45,160 | INFO     | [385159] 📥 NHẬN YÊU CẦU QUÉT KHUÔN MẶT MỚI
2026-05-20 13:09:45,160 | INFO     | [385159] Đã xử lý ảnh thành công. Kích thước tensor: (1, 48, 48, 1)
2026-05-20 13:09:45,216 | INFO     | [385159] 📊 Chi tiết dự đoán: {'ANGRY': 5.8, 'DISGUST': 0.14, 'FEAR': 9.05, 'HAPPY': 6.49, 'NEUTRAL': 43.8, 'SAD': 23.42, 'SURPRISE': 11.29}
2026-05-20 13:09:45,216 | INFO     | [385159] 🎯 KẾT QUẢ CHỐT: NEUTRAL (43.80%)
2026-05-20 13:09:45,216 | INFO     | [385159] ⏱️ Thời gian phản hồi: 57.55 ms
2026-05-20 13:09:45,252 | INFO     | [385252] ------------------------------------------
2026-05-20 13:09:45,252 | INFO     | [385252] 📥 NHẬN YÊU CẦU QUÉT KHUÔN MẶT MỚI
2026-05-20 13:09:45,253 | INFO     | [385252] Đã xử lý ảnh thành công. Kích thước tensor: (1, 48, 48, 1)
2026-05-20 13:09:45,312 | INFO     | [385252] 📊 Chi tiết dự đoán: {'ANGRY': 6.15, 'DISGUST': 0.19, 'FEAR': 9.11, 'HAPPY': 6.42, 'NEUTRAL': 43.49, 'SAD': 23.03, 'SURPRISE': 11.62}
2026-05-20 13:09:45,313 | INFO     | [385252] 🎯 KẾT QUẢ CHỐT: NEUTRAL (43.49%)
2026-05-20 13:09:45,313 | INFO     | [385252] ⏱️ Thời gian phản hồi: 60.14 ms
2026-05-20 13:09:45,361 | INFO     | [385361] ------------------------------------------
2026-05-20 13:09:45,361 | INFO     | [385361] 📥 NHẬN YÊU CẦU QUÉT KHUÔN MẶT MỚI
2026-05-20 13:09:45,361 | INFO     | [385361] Đã xử lý ảnh thành công. Kích thước tensor: (1, 48, 48, 1)
2026-05-20 13:09:45,424 | INFO     | [385361] 📊 Chi tiết dự đoán: {'ANGRY': 6.91, 'DISGUST': 0.26, 'FEAR': 9.32, 'HAPPY': 5.83, 'NEUTRAL': 42.26, 'SAD': 22.43, 'SURPRISE': 12.99}
2026-05-20 13:09:45,424 | INFO     | [385361] 🎯 KẾT QUẢ CHỐT: NEUTRAL (42.26%)
2026-05-20 13:09:45,424 | INFO     | [385361] ⏱️ Thời gian phản hồi: 63.23 ms
2026-05-20 13:09:45,455 | INFO     | [385455] ------------------------------------------
2026-05-20 13:09:45,456 | INFO     | [385455] 📥 NHẬN YÊU CẦU QUÉT KHUÔN MẶT MỚI
2026-05-20 13:09:45,456 | INFO     | [385455] Đã xử lý ảnh thành công. Kích thước tensor: (1, 48, 48, 1)
2026-05-20 13:09:45,516 | INFO     | [385455] 📊 Chi tiết dự đoán: {'ANGRY': 6.8, 'DISGUST': 0.24, 'FEAR': 8.85, 'HAPPY': 5.61, 'NEUTRAL': 45.1, 'SAD': 22.86, 'SURPRISE': 10.53}
2026-05-20 13:09:45,518 | INFO     | [385455] 🎯 KẾT QUẢ CHỐT: NEUTRAL (45.10%)
2026-05-20 13:09:45,518 | INFO     | [385455] ⏱️ Thời gian phản hồi: 61.59 ms
2026-05-20 13:09:45,564 | INFO     | [385564] ------------------------------------------
2026-05-20 13:09:45,564 | INFO     | [385564] 📥 NHẬN YÊU CẦU QUÉT KHUÔN MẶT MỚI
2026-05-20 13:09:45,566 | INFO     | [385564] Đã xử lý ảnh thành công. Kích thước tensor: (1, 48, 48, 1)
2026-05-20 13:09:45,625 | INFO     | [385564] 📊 Chi tiết dự đoán: {'ANGRY': 6.8, 'DISGUST': 0.26, 'FEAR': 8.65, 'HAPPY': 5.44, 'NEUTRAL': 45.41, 'SAD': 22.38, 'SURPRISE': 11.07}
2026-05-20 13:09:45,625 | INFO     | [385564] 🎯 KẾT QUẢ CHỐT: NEUTRAL (45.41%)
2026-05-20 13:09:45,625 | INFO     | [385564] ⏱️ Thời gian phản hồi: 60.59 ms
2026-05-20 13:09:45,661 | INFO     | [385661] ------------------------------------------
2026-05-20 13:09:45,661 | INFO     | [385661] 📥 NHẬN YÊU CẦU QUÉT KHUÔN MẶT MỚI
2026-05-20 13:09:45,661 | INFO     | [385661] Đã xử lý ảnh thành công. Kích thước tensor: (1, 48, 48, 1)
2026-05-20 13:09:45,717 | INFO     | [385661] 📊 Chi tiết dự đoán: {'ANGRY': 7.21, 'DISGUST': 0.26, 'FEAR': 9.45, 'HAPPY': 5.61, 'NEUTRAL': 43.0, 'SAD': 22.05, 'SURPRISE': 12.43}
2026-05-20 13:09:45,717 | INFO     | [385661] 🎯 KẾT QUẢ CHỐT: NEUTRAL (43.00%)
2026-05-20 13:09:45,717 | INFO     | [385661] ⏱️ Thời gian phản hồi: 55.98 ms
2026-05-20 13:09:45,753 | INFO     | [385753] ------------------------------------------
2026-05-20 13:09:45,753 | INFO     | [385753] 📥 NHẬN YÊU CẦU QUÉT KHUÔN MẶT MỚI
2026-05-20 13:09:45,754 | INFO     | [385753] Đã xử lý ảnh thành công. Kích thước tensor: (1, 48, 48, 1)
2026-05-20 13:09:45,813 | INFO     | [385753] 📊 Chi tiết dự đoán: {'ANGRY': 6.68, 'DISGUST': 0.22, 'FEAR': 9.17, 'HAPPY': 5.82, 'NEUTRAL': 43.61, 'SAD': 22.12, 'SURPRISE': 12.38}
2026-05-20 13:09:45,813 | INFO     | [385753] 🎯 KẾT QUẢ CHỐT: NEUTRAL (43.61%)
2026-05-20 13:09:45,813 | INFO     | [385753] ⏱️ Thời gian phản hồi: 59.9 ms
2026-05-20 13:09:45,861 | INFO     | [385861] ------------------------------------------
2026-05-20 13:09:45,861 | INFO     | [385861] 📥 NHẬN YÊU CẦU QUÉT KHUÔN MẶT MỚI
2026-05-20 13:09:45,861 | INFO     | [385861] Đã xử lý ảnh thành công. Kích thước tensor: (1, 48, 48, 1)
2026-05-20 13:09:45,918 | INFO     | [385861] 📊 Chi tiết dự đoán: {'ANGRY': 6.14, 'DISGUST': 0.2, 'FEAR': 8.48, 'HAPPY': 5.64, 'NEUTRAL': 44.59, 'SAD': 22.11, 'SURPRISE': 12.83}
2026-05-20 13:09:45,918 | INFO     | [385861] 🎯 KẾT QUẢ CHỐT: NEUTRAL (44.59%)
2026-05-20 13:09:45,919 | INFO     | [385861] ⏱️ Thời gian phản hồi: 57.17 ms
2026-05-20 13:09:45,955 | INFO     | [385955] ------------------------------------------
2026-05-20 13:09:45,955 | INFO     | [385955] 📥 NHẬN YÊU CẦU QUÉT KHUÔN MẶT MỚI
2026-05-20 13:09:45,955 | INFO     | [385955] Đã xử lý ảnh thành công. Kích thước tensor: (1, 48, 48, 1)
2026-05-20 13:09:46,015 | INFO     | [385955] 📊 Chi tiết dự đoán: {'ANGRY': 5.98, 'DISGUST': 0.17, 'FEAR': 9.28, 'HAPPY': 6.25, 'NEUTRAL': 40.93, 'SAD': 22.31, 'SURPRISE': 15.08}
2026-05-20 13:09:46,015 | INFO     | [385955] 🎯 KẾT QUẢ CHỐT: NEUTRAL (40.93%)
2026-05-20 13:09:46,016 | INFO     | [385955] ⏱️ Thời gian phản hồi: 60.55 ms
2026-05-20 13:09:46,048 | INFO     | [386048] ------------------------------------------
2026-05-20 13:09:46,048 | INFO     | [386048] 📥 NHẬN YÊU CẦU QUÉT KHUÔN MẶT MỚI
2026-05-20 13:09:46,048 | INFO     | [386048] Đã xử lý ảnh thành công. Kích thước tensor: (1, 48, 48, 1)
2026-05-20 13:09:46,119 | INFO     | [386048] 📊 Chi tiết dự đoán: {'ANGRY': 5.89, 'DISGUST': 0.16, 'FEAR': 8.65, 'HAPPY': 6.77, 'NEUTRAL': 41.66, 'SAD': 22.8, 'SURPRISE': 14.08}
2026-05-20 13:09:46,119 | INFO     | [386048] 🎯 KẾT QUẢ CHỐT: NEUTRAL (41.66%)
2026-05-20 13:09:46,119 | INFO     | [386048] ⏱️ Thời gian phản hồi: 71.12 ms
2026-05-20 13:09:46,155 | INFO     | [386155] ------------------------------------------
2026-05-20 13:09:46,157 | INFO     | [386155] 📥 NHẬN YÊU CẦU QUÉT KHUÔN MẶT MỚI
2026-05-20 13:09:46,158 | INFO     | [386155] Đã xử lý ảnh thành công. Kích thước tensor: (1, 48, 48, 1)
2026-05-20 13:09:46,224 | INFO     | [386155] 📊 Chi tiết dự đoán: {'ANGRY': 5.66, 'DISGUST': 0.15, 'FEAR': 9.01, 'HAPPY': 6.81, 'NEUTRAL': 41.22, 'SAD': 23.65, 'SURPRISE': 13.5}
2026-05-20 13:09:46,226 | INFO     | [386155] 🎯 KẾT QUẢ CHỐT: NEUTRAL (41.22%)
2026-05-20 13:09:46,226 | INFO     | [386155] ⏱️ Thời gian phản hồi: 68.83 ms
2026-05-20 13:09:46,262 | INFO     | [386262] ------------------------------------------
2026-05-20 13:09:46,263 | INFO     | [386262] 📥 NHẬN YÊU CẦU QUÉT KHUÔN MẶT MỚI
2026-05-20 13:09:46,263 | INFO     | [386262] Đã xử lý ảnh thành công. Kích thước tensor: (1, 48, 48, 1)
2026-05-20 13:09:46,333 | INFO     | [386262] 📊 Chi tiết dự đoán: {'ANGRY': 5.8, 'DISGUST': 0.15, 'FEAR': 8.43, 'HAPPY': 6.88, 'NEUTRAL': 42.82, 'SAD': 23.27, 'SURPRISE': 12.64}
2026-05-20 13:09:46,334 | INFO     | [386262] 🎯 KẾT QUẢ CHỐT: NEUTRAL (42.82%)
2026-05-20 13:09:46,334 | INFO     | [386262] ⏱️ Thời gian phản hồi: 71.75 ms
2026-05-20 13:09:46,355 | INFO     | [386355] ------------------------------------------
2026-05-20 13:09:46,355 | INFO     | [386355] 📥 NHẬN YÊU CẦU QUÉT KHUÔN MẶT MỚI
2026-05-20 13:09:46,356 | INFO     | [386355] Đã xử lý ảnh thành công. Kích thước tensor: (1, 48, 48, 1)
2026-05-20 13:09:46,417 | INFO     | [386355] 📊 Chi tiết dự đoán: {'ANGRY': 5.78, 'DISGUST': 0.15, 'FEAR': 8.54, 'HAPPY': 6.93, 'NEUTRAL': 42.13, 'SAD': 23.26, 'SURPRISE': 13.22}
2026-05-20 13:09:46,417 | INFO     | [386355] 🎯 KẾT QUẢ CHỐT: NEUTRAL (42.13%)
2026-05-20 13:09:46,417 | INFO     | [386355] ⏱️ Thời gian phản hồi: 62.24 ms
2026-05-20 13:09:46,446 | INFO     | [386445] ------------------------------------------
2026-05-20 13:09:46,446 | INFO     | [386445] 📥 NHẬN YÊU CẦU QUÉT KHUÔN MẶT MỚI
2026-05-20 13:09:46,446 | INFO     | [386445] Đã xử lý ảnh thành công. Kích thước tensor: (1, 48, 48, 1)
2026-05-20 13:09:46,501 | INFO     | [386445] 📊 Chi tiết dự đoán: {'ANGRY': 6.1, 'DISGUST': 0.16, 'FEAR': 8.63, 'HAPPY': 6.96, 'NEUTRAL': 42.17, 'SAD': 22.94, 'SURPRISE': 13.05}
2026-05-20 13:09:46,503 | INFO     | [386445] 🎯 KẾT QUẢ CHỐT: NEUTRAL (42.17%)
2026-05-20 13:09:46,503 | INFO     | [386445] ⏱️ Thời gian phản hồi: 55.71 ms
2026-05-20 13:09:46,572 | INFO     | [386572] ------------------------------------------
2026-05-20 13:09:46,572 | INFO     | [386572] 📥 NHẬN YÊU CẦU QUÉT KHUÔN MẶT MỚI
2026-05-20 13:09:46,573 | INFO     | [386572] Đã xử lý ảnh thành công. Kích thước tensor: (1, 48, 48, 1)
2026-05-20 13:09:46,625 | INFO     | [386572] 📊 Chi tiết dự đoán: {'ANGRY': 5.27, 'DISGUST': 0.14, 'FEAR': 9.05, 'HAPPY': 6.16, 'NEUTRAL': 41.67, 'SAD': 24.12, 'SURPRISE': 13.59}
2026-05-20 13:09:46,625 | INFO     | [386572] 🎯 KẾT QUẢ CHỐT: NEUTRAL (41.67%)
2026-05-20 13:09:46,625 | INFO     | [386572] ⏱️ Thời gian phản hồi: 53.03 ms
2026-05-20 13:09:46,666 | INFO     | [386666] ------------------------------------------
2026-05-20 13:09:46,666 | INFO     | [386666] 📥 NHẬN YÊU CẦU QUÉT KHUÔN MẶT MỚI
2026-05-20 13:09:46,666 | INFO     | [386666] Đã xử lý ảnh thành công. Kích thước tensor: (1, 48, 48, 1)
2026-05-20 13:09:46,723 | INFO     | [386666] 📊 Chi tiết dự đoán: {'ANGRY': 5.34, 'DISGUST': 0.14, 'FEAR': 8.59, 'HAPPY': 6.06, 'NEUTRAL': 42.35, 'SAD': 24.0, 'SURPRISE': 13.51}
2026-05-20 13:09:46,723 | INFO     | [386666] 🎯 KẾT QUẢ CHỐT: NEUTRAL (42.35%)
2026-05-20 13:09:46,723 | INFO     | [386666] ⏱️ Thời gian phản hồi: 57.38 ms
2026-05-20 13:09:46,759 | INFO     | [386759] ------------------------------------------
2026-05-20 13:09:46,759 | INFO     | [386759] 📥 NHẬN YÊU CẦU QUÉT KHUÔN MẶT MỚI
2026-05-20 13:09:46,760 | INFO     | [386759] Đã xử lý ảnh thành công. Kích thước tensor: (1, 48, 48, 1)
2026-05-20 13:09:46,813 | INFO     | [386759] 📊 Chi tiết dự đoán: {'ANGRY': 5.57, 'DISGUST': 0.15, 'FEAR': 8.51, 'HAPPY': 6.5, 'NEUTRAL': 42.73, 'SAD': 23.24, 'SURPRISE': 13.3}
2026-05-20 13:09:46,813 | INFO     | [386759] 🎯 KẾT QUẢ CHỐT: NEUTRAL (42.73%)
2026-05-20 13:09:46,813 | INFO     | [386759] ⏱️ Thời gian phản hồi: 53.21 ms
2026-05-20 13:09:46,850 | INFO     | [386850] ------------------------------------------
2026-05-20 13:09:46,851 | INFO     | [386850] 📥 NHẬN YÊU CẦU QUÉT KHUÔN MẶT MỚI
2026-05-20 13:09:46,851 | INFO     | [386850] Đã xử lý ảnh thành công. Kích thước tensor: (1, 48, 48, 1)
2026-05-20 13:09:46,903 | INFO     | [386850] 📊 Chi tiết dự đoán: {'ANGRY': 5.03, 'DISGUST': 0.15, 'FEAR': 8.53, 'HAPPY': 6.36, 'NEUTRAL': 41.16, 'SAD': 24.71, 'SURPRISE': 14.06}
2026-05-20 13:09:46,903 | INFO     | [386850] 🎯 KẾT QUẢ CHỐT: NEUTRAL (41.16%)
2026-05-20 13:09:46,903 | INFO     | [386850] ⏱️ Thời gian phản hồi: 52.27 ms
2026-05-20 13:09:46,960 | INFO     | [386960] ------------------------------------------
2026-05-20 13:09:46,960 | INFO     | [386960] 📥 NHẬN YÊU CẦU QUÉT KHUÔN MẶT MỚI
2026-05-20 13:09:46,960 | INFO     | [386960] Đã xử lý ảnh thành công. Kích thước tensor: (1, 48, 48, 1)
2026-05-20 13:09:47,015 | INFO     | [386960] 📊 Chi tiết dự đoán: {'ANGRY': 5.84, 'DISGUST': 0.17, 'FEAR': 8.79, 'HAPPY': 7.37, 'NEUTRAL': 40.78, 'SAD': 23.48, 'SURPRISE': 13.59}
2026-05-20 13:09:47,015 | INFO     | [386960] 🎯 KẾT QUẢ CHỐT: NEUTRAL (40.78%)
2026-05-20 13:09:47,015 | INFO     | [386960] ⏱️ Thời gian phản hồi: 54.92 ms
2026-05-20 13:09:47,052 | INFO     | [387052] ------------------------------------------
2026-05-20 13:09:47,053 | INFO     | [387052] 📥 NHẬN YÊU CẦU QUÉT KHUÔN MẶT MỚI
2026-05-20 13:09:47,053 | INFO     | [387052] Đã xử lý ảnh thành công. Kích thước tensor: (1, 48, 48, 1)
2026-05-20 13:09:47,105 | INFO     | [387052] 📊 Chi tiết dự đoán: {'ANGRY': 6.22, 'DISGUST': 0.17, 'FEAR': 8.91, 'HAPPY': 6.82, 'NEUTRAL': 41.09, 'SAD': 23.28, 'SURPRISE': 13.52}
2026-05-20 13:09:47,105 | INFO     | [387052] 🎯 KẾT QUẢ CHỐT: NEUTRAL (41.09%)
2026-05-20 13:09:47,106 | INFO     | [387052] ⏱️ Thời gian phản hồi: 53.07 ms
2026-05-20 13:09:47,148 | INFO     | [387148] ------------------------------------------
2026-05-20 13:09:47,148 | INFO     | [387148] 📥 NHẬN YÊU CẦU QUÉT KHUÔN MẶT MỚI
2026-05-20 13:09:47,149 | INFO     | [387148] Đã xử lý ảnh thành công. Kích thước tensor: (1, 48, 48, 1)
2026-05-20 13:09:47,209 | INFO     | [387148] 📊 Chi tiết dự đoán: {'ANGRY': 6.18, 'DISGUST': 0.16, 'FEAR': 8.15, 'HAPPY': 7.3, 'NEUTRAL': 42.84, 'SAD': 23.06, 'SURPRISE': 12.3}
2026-05-20 13:09:47,209 | INFO     | [387148] 🎯 KẾT QUẢ CHỐT: NEUTRAL (42.84%)
2026-05-20 13:09:47,209 | INFO     | [387148] ⏱️ Thời gian phản hồi: 60.78 ms
2026-05-20 13:09:47,256 | INFO     | [387256] ------------------------------------------
2026-05-20 13:09:47,258 | INFO     | [387256] 📥 NHẬN YÊU CẦU QUÉT KHUÔN MẶT MỚI
2026-05-20 13:09:47,258 | INFO     | [387256] Đã xử lý ảnh thành công. Kích thước tensor: (1, 48, 48, 1)
2026-05-20 13:09:47,318 | INFO     | [387256] 📊 Chi tiết dự đoán: {'ANGRY': 6.19, 'DISGUST': 0.17, 'FEAR': 7.91, 'HAPPY': 6.8, 'NEUTRAL': 45.13, 'SAD': 22.74, 'SURPRISE': 11.07}
2026-05-20 13:09:47,318 | INFO     | [387256] 🎯 KẾT QUẢ CHỐT: NEUTRAL (45.13%)
2026-05-20 13:09:47,318 | INFO     | [387256] ⏱️ Thời gian phản hồi: 61.61 ms
2026-05-20 13:09:47,352 | INFO     | [387352] ------------------------------------------
2026-05-20 13:09:47,352 | INFO     | [387352] 📥 NHẬN YÊU CẦU QUÉT KHUÔN MẶT MỚI
2026-05-20 13:09:47,353 | INFO     | [387352] Đã xử lý ảnh thành công. Kích thước tensor: (1, 48, 48, 1)
2026-05-20 13:09:47,409 | INFO     | [387352] 📊 Chi tiết dự đoán: {'ANGRY': 5.9, 'DISGUST': 0.14, 'FEAR': 7.17, 'HAPPY': 6.48, 'NEUTRAL': 47.84, 'SAD': 24.0, 'SURPRISE': 8.46}
2026-05-20 13:09:47,409 | INFO     | [387352] 🎯 KẾT QUẢ CHỐT: NEUTRAL (47.84%)
2026-05-20 13:09:47,409 | INFO     | [387352] ⏱️ Thời gian phản hồi: 56.96 ms
2026-05-20 13:09:47,460 | INFO     | [387460] ------------------------------------------
2026-05-20 13:09:47,460 | INFO     | [387460] 📥 NHẬN YÊU CẦU QUÉT KHUÔN MẶT MỚI
2026-05-20 13:09:47,461 | INFO     | [387460] Đã xử lý ảnh thành công. Kích thước tensor: (1, 48, 48, 1)
2026-05-20 13:09:47,511 | INFO     | [387460] 📊 Chi tiết dự đoán: {'ANGRY': 7.12, 'DISGUST': 0.19, 'FEAR': 7.72, 'HAPPY': 7.88, 'NEUTRAL': 44.94, 'SAD': 22.61, 'SURPRISE': 9.53}
2026-05-20 13:09:47,513 | INFO     | [387460] 🎯 KẾT QUẢ CHỐT: NEUTRAL (44.94%)
2026-05-20 13:09:47,513 | INFO     | [387460] ⏱️ Thời gian phản hồi: 50.44 ms
2026-05-20 13:09:47,553 | INFO     | [387553] ------------------------------------------
2026-05-20 13:09:47,554 | INFO     | [387553] 📥 NHẬN YÊU CẦU QUÉT KHUÔN MẶT MỚI
2026-05-20 13:09:47,554 | INFO     | [387553] Đã xử lý ảnh thành công. Kích thước tensor: (1, 48, 48, 1)
2026-05-20 13:09:47,610 | INFO     | [387553] 📊 Chi tiết dự đoán: {'ANGRY': 7.06, 'DISGUST': 0.2, 'FEAR': 8.46, 'HAPPY': 7.39, 'NEUTRAL': 43.72, 'SAD': 22.26, 'SURPRISE': 10.92}
2026-05-20 13:09:47,610 | INFO     | [387553] 🎯 KẾT QUẢ CHỐT: NEUTRAL (43.72%)
2026-05-20 13:09:47,610 | INFO     | [387553] ⏱️ Thời gian phản hồi: 56.72 ms
2026-05-20 13:09:47,663 | INFO     | [387663] ------------------------------------------
2026-05-20 13:09:47,663 | INFO     | [387663] 📥 NHẬN YÊU CẦU QUÉT KHUÔN MẶT MỚI
2026-05-20 13:09:47,665 | INFO     | [387663] Đã xử lý ảnh thành công. Kích thước tensor: (1, 48, 48, 1)
2026-05-20 13:09:47,722 | INFO     | [387663] 📊 Chi tiết dự đoán: {'ANGRY': 7.19, 'DISGUST': 0.22, 'FEAR': 7.81, 'HAPPY': 6.83, 'NEUTRAL': 44.73, 'SAD': 23.04, 'SURPRISE': 10.18}
2026-05-20 13:09:47,723 | INFO     | [387663] 🎯 KẾT QUẢ CHỐT: NEUTRAL (44.73%)
2026-05-20 13:09:47,723 | INFO     | [387663] ⏱️ Thời gian phản hồi: 59.18 ms
2026-05-20 13:09:47,758 | INFO     | [387758] ------------------------------------------
2026-05-20 13:09:47,758 | INFO     | [387758] 📥 NHẬN YÊU CẦU QUÉT KHUÔN MẶT MỚI
2026-05-20 13:09:47,759 | INFO     | [387758] Đã xử lý ảnh thành công. Kích thước tensor: (1, 48, 48, 1)
2026-05-20 13:09:47,818 | INFO     | [387758] 📊 Chi tiết dự đoán: {'ANGRY': 7.02, 'DISGUST': 0.24, 'FEAR': 7.02, 'HAPPY': 5.22, 'NEUTRAL': 44.81, 'SAD': 27.03, 'SURPRISE': 8.67}
2026-05-20 13:09:47,818 | INFO     | [387758] 🎯 KẾT QUẢ CHỐT: NEUTRAL (44.81%)
2026-05-20 13:09:47,819 | INFO     | [387758] ⏱️ Thời gian phản hồi: 60.32 ms
2026-05-20 13:09:47,851 | INFO     | [387851] ------------------------------------------
2026-05-20 13:09:47,851 | INFO     | [387851] 📥 NHẬN YÊU CẦU QUÉT KHUÔN MẶT MỚI
2026-05-20 13:09:47,851 | INFO     | [387851] Đã xử lý ảnh thành công. Kích thước tensor: (1, 48, 48, 1)
2026-05-20 13:09:47,923 | INFO     | [387851] 📊 Chi tiết dự đoán: {'ANGRY': 6.59, 'DISGUST': 0.23, 'FEAR': 7.08, 'HAPPY': 3.43, 'NEUTRAL': 45.25, 'SAD': 30.18, 'SURPRISE': 7.23}
2026-05-20 13:09:47,923 | INFO     | [387851] 🎯 KẾT QUẢ CHỐT: NEUTRAL (45.25%)
2026-05-20 13:09:47,924 | INFO     | [387851] ⏱️ Thời gian phản hồi: 72.06 ms
2026-05-20 13:09:47,958 | INFO     | [387958] ------------------------------------------
2026-05-20 13:09:47,958 | INFO     | [387958] 📥 NHẬN YÊU CẦU QUÉT KHUÔN MẶT MỚI
2026-05-20 13:09:47,959 | INFO     | [387958] Đã xử lý ảnh thành công. Kích thước tensor: (1, 48, 48, 1)
2026-05-20 13:09:48,020 | INFO     | [387958] 📊 Chi tiết dự đoán: {'ANGRY': 7.34, 'DISGUST': 0.26, 'FEAR': 8.44, 'HAPPY': 4.55, 'NEUTRAL': 40.71, 'SAD': 29.6, 'SURPRISE': 9.11}
2026-05-20 13:09:48,021 | INFO     | [387958] 🎯 KẾT QUẢ CHỐT: NEUTRAL (40.71%)
2026-05-20 13:09:48,021 | INFO     | [387958] ⏱️ Thời gian phản hồi: 61.65 ms
2026-05-20 13:09:48,054 | INFO     | [388054] ------------------------------------------
2026-05-20 13:09:48,054 | INFO     | [388054] 📥 NHẬN YÊU CẦU QUÉT KHUÔN MẶT MỚI
2026-05-20 13:09:48,055 | INFO     | [388054] Đã xử lý ảnh thành công. Kích thước tensor: (1, 48, 48, 1)
2026-05-20 13:09:48,131 | INFO     | [388054] 📊 Chi tiết dự đoán: {'ANGRY': 6.36, 'DISGUST': 0.25, 'FEAR': 8.6, 'HAPPY': 4.67, 'NEUTRAL': 41.0, 'SAD': 28.48, 'SURPRISE': 10.64}
2026-05-20 13:09:48,131 | INFO     | [388054] 🎯 KẾT QUẢ CHỐT: NEUTRAL (41.00%)
2026-05-20 13:09:48,131 | INFO     | [388054] ⏱️ Thời gian phản hồi: 77.23 ms
2026-05-20 13:09:48,161 | INFO     | [388161] ------------------------------------------
2026-05-20 13:09:48,161 | INFO     | [388161] 📥 NHẬN YÊU CẦU QUÉT KHUÔN MẶT MỚI
2026-05-20 13:09:48,162 | INFO     | [388161] Đã xử lý ảnh thành công. Kích thước tensor: (1, 48, 48, 1)
2026-05-20 13:09:48,230 | INFO     | [388161] 📊 Chi tiết dự đoán: {'ANGRY': 7.16, 'DISGUST': 0.3, 'FEAR': 10.48, 'HAPPY': 6.07, 'NEUTRAL': 35.07, 'SAD': 26.75, 'SURPRISE': 14.17}
2026-05-20 13:09:48,230 | INFO     | [388161] 🎯 KẾT QUẢ CHỐT: NEUTRAL (35.07%)
2026-05-20 13:09:48,230 | INFO     | [388161] ⏱️ Thời gian phản hồi: 68.68 ms
2026-05-20 13:09:48,257 | INFO     | [388257] ------------------------------------------
2026-05-20 13:09:48,257 | INFO     | [388257] 📥 NHẬN YÊU CẦU QUÉT KHUÔN MẶT MỚI
2026-05-20 13:09:48,258 | INFO     | [388257] Đã xử lý ảnh thành công. Kích thước tensor: (1, 48, 48, 1)
2026-05-20 13:09:48,327 | INFO     | [388257] 📊 Chi tiết dự đoán: {'ANGRY': 7.03, 'DISGUST': 0.35, 'FEAR': 10.57, 'HAPPY': 5.59, 'NEUTRAL': 34.73, 'SAD': 28.91, 'SURPRISE': 12.81}
2026-05-20 13:09:48,327 | INFO     | [388257] 🎯 KẾT QUẢ CHỐT: NEUTRAL (34.73%)
2026-05-20 13:09:48,327 | INFO     | [388257] ⏱️ Thời gian phản hồi: 68.85 ms
2026-05-20 13:09:48,365 | INFO     | [388365] ------------------------------------------
2026-05-20 13:09:48,366 | INFO     | [388365] 📥 NHẬN YÊU CẦU QUÉT KHUÔN MẶT MỚI
2026-05-20 13:09:48,366 | INFO     | [388365] Đã xử lý ảnh thành công. Kích thước tensor: (1, 48, 48, 1)
2026-05-20 13:09:48,436 | INFO     | [388365] 📊 Chi tiết dự đoán: {'ANGRY': 7.12, 'DISGUST': 0.36, 'FEAR': 10.95, 'HAPPY': 6.03, 'NEUTRAL': 32.94, 'SAD': 29.76, 'SURPRISE': 12.84}
2026-05-20 13:09:48,436 | INFO     | [388365] 🎯 KẾT QUẢ CHỐT: NEUTRAL (32.94%)
2026-05-20 13:09:48,436 | INFO     | [388365] ⏱️ Thời gian phản hồi: 70.32 ms
2026-05-20 13:09:48,458 | INFO     | [388458] ------------------------------------------
2026-05-20 13:09:48,459 | INFO     | [388458] 📥 NHẬN YÊU CẦU QUÉT KHUÔN MẶT MỚI
2026-05-20 13:09:48,459 | INFO     | [388458] Đã xử lý ảnh thành công. Kích thước tensor: (1, 48, 48, 1)
2026-05-20 13:09:48,530 | INFO     | [388458] 📊 Chi tiết dự đoán: {'ANGRY': 6.06, 'DISGUST': 0.26, 'FEAR': 9.19, 'HAPPY': 4.43, 'NEUTRAL': 39.36, 'SAD': 29.29, 'SURPRISE': 11.42}
2026-05-20 13:09:48,531 | INFO     | [388458] 🎯 KẾT QUẢ CHỐT: NEUTRAL (39.36%)
2026-05-20 13:09:48,531 | INFO     | [388458] ⏱️ Thời gian phản hồi: 71.56 ms
2026-05-20 13:09:48,552 | INFO     | [388552] ------------------------------------------
2026-05-20 13:09:48,553 | INFO     | [388552] 📥 NHẬN YÊU CẦU QUÉT KHUÔN MẶT MỚI
2026-05-20 13:09:48,553 | INFO     | [388552] Đã xử lý ảnh thành công. Kích thước tensor: (1, 48, 48, 1)
2026-05-20 13:09:48,615 | INFO     | [388552] 📊 Chi tiết dự đoán: {'ANGRY': 6.93, 'DISGUST': 0.22, 'FEAR': 6.95, 'HAPPY': 4.34, 'NEUTRAL': 44.95, 'SAD': 29.7, 'SURPRISE': 6.91}
2026-05-20 13:09:48,615 | INFO     | [388552] 🎯 KẾT QUẢ CHỐT: NEUTRAL (44.95%)
2026-05-20 13:09:48,615 | INFO     | [388552] ⏱️ Thời gian phản hồi: 63.58 ms
2026-05-20 13:09:48,660 | INFO     | [388660] ------------------------------------------
2026-05-20 13:09:48,660 | INFO     | [388660] 📥 NHẬN YÊU CẦU QUÉT KHUÔN MẶT MỚI
2026-05-20 13:09:48,660 | INFO     | [388660] Đã xử lý ảnh thành công. Kích thước tensor: (1, 48, 48, 1)
2026-05-20 13:09:48,720 | INFO     | [388660] 📊 Chi tiết dự đoán: {'ANGRY': 7.19, 'DISGUST': 0.26, 'FEAR': 6.92, 'HAPPY': 3.98, 'NEUTRAL': 44.62, 'SAD': 29.99, 'SURPRISE': 7.04}
2026-05-20 13:09:48,721 | INFO     | [388660] 🎯 KẾT QUẢ CHỐT: NEUTRAL (44.62%)
2026-05-20 13:09:48,721 | INFO     | [388660] ⏱️ Thời gian phản hồi: 59.94 ms
2026-05-20 13:09:48,754 | INFO     | [388754] ------------------------------------------
2026-05-20 13:09:48,754 | INFO     | [388754] 📥 NHẬN YÊU CẦU QUÉT KHUÔN MẶT MỚI
2026-05-20 13:09:48,755 | INFO     | [388754] Đã xử lý ảnh thành công. Kích thước tensor: (1, 48, 48, 1)
2026-05-20 13:09:48,813 | INFO     | [388754] 📊 Chi tiết dự đoán: {'ANGRY': 7.1, 'DISGUST': 0.29, 'FEAR': 7.1, 'HAPPY': 3.88, 'NEUTRAL': 44.39, 'SAD': 30.0, 'SURPRISE': 7.24}
2026-05-20 13:09:48,813 | INFO     | [388754] 🎯 KẾT QUẢ CHỐT: NEUTRAL (44.39%)
2026-05-20 13:09:48,813 | INFO     | [388754] ⏱️ Thời gian phản hồi: 58.42 ms
2026-05-20 13:09:48,863 | INFO     | [388861] ------------------------------------------
2026-05-20 13:09:48,863 | INFO     | [388861] 📥 NHẬN YÊU CẦU QUÉT KHUÔN MẶT MỚI
2026-05-20 13:09:48,863 | INFO     | [388861] Đã xử lý ảnh thành công. Kích thước tensor: (1, 48, 48, 1)
2026-05-20 13:09:48,922 | INFO     | [388861] 📊 Chi tiết dự đoán: {'ANGRY': 7.11, 'DISGUST': 0.32, 'FEAR': 6.98, 'HAPPY': 3.89, 'NEUTRAL': 43.88, 'SAD': 29.49, 'SURPRISE': 8.33}
2026-05-20 13:09:48,923 | INFO     | [388861] 🎯 KẾT QUẢ CHỐT: NEUTRAL (43.88%)
2026-05-20 13:09:48,923 | INFO     | [388861] ⏱️ Thời gian phản hồi: 60.69 ms
2026-05-20 13:09:48,957 | INFO     | [388957] ------------------------------------------
2026-05-20 13:09:48,957 | INFO     | [388957] 📥 NHẬN YÊU CẦU QUÉT KHUÔN MẶT MỚI
2026-05-20 13:09:48,957 | INFO     | [388957] Đã xử lý ảnh thành công. Kích thước tensor: (1, 48, 48, 1)
2026-05-20 13:09:49,009 | INFO     | [388957] 📊 Chi tiết dự đoán: {'ANGRY': 6.64, 'DISGUST': 0.27, 'FEAR': 6.97, 'HAPPY': 3.92, 'NEUTRAL': 45.03, 'SAD': 28.7, 'SURPRISE': 8.47}
2026-05-20 13:09:49,009 | INFO     | [388957] 🎯 KẾT QUẢ CHỐT: NEUTRAL (45.03%)
2026-05-20 13:09:49,009 | INFO     | [388957] ⏱️ Thời gian phản hồi: 52.51 ms
2026-05-20 13:09:49,050 | INFO     | [389050] ------------------------------------------
2026-05-20 13:09:49,051 | INFO     | [389050] 📥 NHẬN YÊU CẦU QUÉT KHUÔN MẶT MỚI
2026-05-20 13:09:49,051 | INFO     | [389050] Đã xử lý ảnh thành công. Kích thước tensor: (1, 48, 48, 1)
2026-05-20 13:09:49,111 | INFO     | [389050] 📊 Chi tiết dự đoán: {'ANGRY': 7.06, 'DISGUST': 0.33, 'FEAR': 6.68, 'HAPPY': 3.99, 'NEUTRAL': 44.31, 'SAD': 28.26, 'SURPRISE': 9.37}
2026-05-20 13:09:49,113 | INFO     | [389050] 🎯 KẾT QUẢ CHỐT: NEUTRAL (44.31%)
2026-05-20 13:09:49,113 | INFO     | [389050] ⏱️ Thời gian phản hồi: 61.44 ms
2026-05-20 13:09:49,162 | INFO     | [389162] ------------------------------------------
2026-05-20 13:09:49,162 | INFO     | [389162] 📥 NHẬN YÊU CẦU QUÉT KHUÔN MẶT MỚI
2026-05-20 13:09:49,162 | INFO     | [389162] Đã xử lý ảnh thành công. Kích thước tensor: (1, 48, 48, 1)
2026-05-20 13:09:49,212 | INFO     | [389162] 📊 Chi tiết dự đoán: {'ANGRY': 7.12, 'DISGUST': 0.36, 'FEAR': 7.42, 'HAPPY': 4.97, 'NEUTRAL': 41.19, 'SAD': 26.18, 'SURPRISE': 12.77}
2026-05-20 13:09:49,212 | INFO     | [389162] 🎯 KẾT QUẢ CHỐT: NEUTRAL (41.19%)
2026-05-20 13:09:49,212 | INFO     | [389162] ⏱️ Thời gian phản hồi: 50.64 ms
2026-05-20 13:09:49,255 | INFO     | [389255] ------------------------------------------
2026-05-20 13:09:49,255 | INFO     | [389255] 📥 NHẬN YÊU CẦU QUÉT KHUÔN MẶT MỚI
2026-05-20 13:09:49,256 | INFO     | [389255] Đã xử lý ảnh thành công. Kích thước tensor: (1, 48, 48, 1)
2026-05-20 13:09:49,309 | INFO     | [389255] 📊 Chi tiết dự đoán: {'ANGRY': 7.89, 'DISGUST': 0.39, 'FEAR': 7.35, 'HAPPY': 5.25, 'NEUTRAL': 41.7, 'SAD': 26.23, 'SURPRISE': 11.18}
2026-05-20 13:09:49,309 | INFO     | [389255] 🎯 KẾT QUẢ CHỐT: NEUTRAL (41.70%)
2026-05-20 13:09:49,310 | INFO     | [389255] ⏱️ Thời gian phản hồi: 54.48 ms
2026-05-20 13:09:49,362 | INFO     | [389362] ------------------------------------------
2026-05-20 13:09:49,363 | INFO     | [389362] 📥 NHẬN YÊU CẦU QUÉT KHUÔN MẶT MỚI
2026-05-20 13:09:49,363 | INFO     | [389362] Đã xử lý ảnh thành công. Kích thước tensor: (1, 48, 48, 1)
2026-05-20 13:09:49,412 | INFO     | [389362] 📊 Chi tiết dự đoán: {'ANGRY': 7.03, 'DISGUST': 0.25, 'FEAR': 7.09, 'HAPPY': 5.68, 'NEUTRAL': 44.84, 'SAD': 26.23, 'SURPRISE': 8.88}
2026-05-20 13:09:49,414 | INFO     | [389362] 🎯 KẾT QUẢ CHỐT: NEUTRAL (44.84%)
2026-05-20 13:09:49,414 | INFO     | [389362] ⏱️ Thời gian phản hồi: 50.63 ms
2026-05-20 13:09:49,456 | INFO     | [389456] ------------------------------------------
2026-05-20 13:09:49,456 | INFO     | [389456] 📥 NHẬN YÊU CẦU QUÉT KHUÔN MẶT MỚI
2026-05-20 13:09:49,457 | INFO     | [389456] Đã xử lý ảnh thành công. Kích thước tensor: (1, 48, 48, 1)
2026-05-20 13:09:49,519 | INFO     | [389456] 📊 Chi tiết dự đoán: {'ANGRY': 6.98, 'DISGUST': 0.23, 'FEAR': 7.34, 'HAPPY': 4.06, 'NEUTRAL': 46.41, 'SAD': 26.66, 'SURPRISE': 8.32}
2026-05-20 13:09:49,520 | INFO     | [389456] 🎯 KẾT QUẢ CHỐT: NEUTRAL (46.41%)
2026-05-20 13:09:49,520 | INFO     | [389456] ⏱️ Thời gian phản hồi: 62.93 ms
2026-05-20 13:09:49,537 | INFO     | [BATCH-389537] ==========================================
2026-05-20 13:09:49,537 | INFO     | [BATCH-389537] 🎞️ NHẬN CHUỖI 60 KHUNG HÌNH (BATCH)
2026-05-20 13:09:49,613 | INFO     | [BATCH-389537] ↳ Frame 1/60: SURPRISE (28.9%)
2026-05-20 13:09:49,686 | INFO     | [BATCH-389537] ↳ Frame 2/60: NEUTRAL (29.1%)
2026-05-20 13:09:49,772 | INFO     | [BATCH-389537] ↳ Frame 3/60: SURPRISE (31.0%)
2026-05-20 13:09:49,847 | INFO     | [BATCH-389537] ↳ Frame 4/60: SURPRISE (28.5%)
2026-05-20 13:09:49,929 | INFO     | [BATCH-389537] ↳ Frame 5/60: NEUTRAL (39.0%)
2026-05-20 13:09:49,996 | INFO     | [BATCH-389537] ↳ Frame 6/60: NEUTRAL (39.1%)
2026-05-20 13:09:50,078 | INFO     | [BATCH-389537] ↳ Frame 7/60: NEUTRAL (36.2%)
2026-05-20 13:09:50,159 | INFO     | [BATCH-389537] ↳ Frame 8/60: NEUTRAL (35.1%)
2026-05-20 13:09:50,249 | INFO     | [BATCH-389537] ↳ Frame 9/60: NEUTRAL (39.7%)
2026-05-20 13:09:50,344 | INFO     | [BATCH-389537] ↳ Frame 10/60: NEUTRAL (36.1%)
2026-05-20 13:09:50,425 | INFO     | [BATCH-389537] ↳ Frame 11/60: NEUTRAL (36.4%)
2026-05-20 13:09:50,503 | INFO     | [BATCH-389537] ↳ Frame 12/60: NEUTRAL (36.5%)
2026-05-20 13:09:50,556 | INFO     | [BATCH-389537] ↳ Frame 13/60: NEUTRAL (40.0%)
2026-05-20 13:09:50,608 | INFO     | [BATCH-389537] ↳ Frame 14/60: NEUTRAL (34.1%)
2026-05-20 13:09:50,659 | INFO     | [BATCH-389537] ↳ Frame 15/60: NEUTRAL (29.1%)
2026-05-20 13:09:50,709 | INFO     | [BATCH-389537] ↳ Frame 16/60: NEUTRAL (27.5%)
2026-05-20 13:09:50,761 | INFO     | [BATCH-389537] ↳ Frame 17/60: NEUTRAL (26.8%)
2026-05-20 13:09:50,814 | INFO     | [BATCH-389537] ↳ Frame 18/60: NEUTRAL (29.8%)
2026-05-20 13:09:50,872 | INFO     | [BATCH-389537] ↳ Frame 19/60: NEUTRAL (36.2%)
2026-05-20 13:09:50,923 | INFO     | [BATCH-389537] ↳ Frame 20/60: NEUTRAL (44.0%)
2026-05-20 13:09:50,981 | INFO     | [BATCH-389537] ↳ Frame 21/60: NEUTRAL (35.7%)
2026-05-20 13:09:51,045 | INFO     | [BATCH-389537] ↳ Frame 22/60: NEUTRAL (31.0%)
2026-05-20 13:09:51,108 | INFO     | [BATCH-389537] ↳ Frame 23/60: NEUTRAL (32.9%)
2026-05-20 13:09:51,166 | INFO     | [BATCH-389537] ↳ Frame 24/60: NEUTRAL (28.2%)
2026-05-20 13:09:51,222 | INFO     | [BATCH-389537] ↳ Frame 25/60: NEUTRAL (33.2%)
2026-05-20 13:09:51,278 | INFO     | [BATCH-389537] ↳ Frame 26/60: NEUTRAL (33.6%)
2026-05-20 13:09:51,331 | INFO     | [BATCH-389537] ↳ Frame 27/60: NEUTRAL (33.4%)
2026-05-20 13:09:51,392 | INFO     | [BATCH-389537] ↳ Frame 28/60: NEUTRAL (31.8%)
2026-05-20 13:09:51,447 | INFO     | [BATCH-389537] ↳ Frame 29/60: NEUTRAL (35.1%)
2026-05-20 13:09:51,503 | INFO     | [BATCH-389537] ↳ Frame 30/60: NEUTRAL (34.2%)
2026-05-20 13:09:51,567 | INFO     | [BATCH-389537] ↳ Frame 31/60: NEUTRAL (35.0%)
2026-05-20 13:09:51,623 | INFO     | [BATCH-389537] ↳ Frame 32/60: NEUTRAL (32.2%)
2026-05-20 13:09:51,674 | INFO     | [BATCH-389537] ↳ Frame 33/60: NEUTRAL (31.1%)
2026-05-20 13:09:51,726 | INFO     | [BATCH-389537] ↳ Frame 34/60: NEUTRAL (36.2%)
2026-05-20 13:09:51,776 | INFO     | [BATCH-389537] ↳ Frame 35/60: NEUTRAL (35.6%)
2026-05-20 13:09:51,827 | INFO     | [BATCH-389537] ↳ Frame 36/60: NEUTRAL (38.2%)
2026-05-20 13:09:51,883 | INFO     | [BATCH-389537] ↳ Frame 37/60: NEUTRAL (37.8%)
2026-05-20 13:09:51,949 | INFO     | [BATCH-389537] ↳ Frame 38/60: NEUTRAL (38.3%)
2026-05-20 13:09:52,011 | INFO     | [BATCH-389537] ↳ Frame 39/60: NEUTRAL (37.8%)
2026-05-20 13:09:52,079 | INFO     | [BATCH-389537] ↳ Frame 40/60: NEUTRAL (37.1%)
2026-05-20 13:09:52,140 | INFO     | [BATCH-389537] ↳ Frame 41/60: NEUTRAL (39.9%)
2026-05-20 13:09:52,200 | INFO     | [BATCH-389537] ↳ Frame 42/60: NEUTRAL (39.6%)
2026-05-20 13:09:52,259 | INFO     | [BATCH-389537] ↳ Frame 43/60: NEUTRAL (39.0%)
2026-05-20 13:09:52,316 | INFO     | [BATCH-389537] ↳ Frame 44/60: NEUTRAL (40.3%)
2026-05-20 13:09:52,374 | INFO     | [BATCH-389537] ↳ Frame 45/60: NEUTRAL (41.2%)
2026-05-20 13:09:52,435 | INFO     | [BATCH-389537] ↳ Frame 46/60: NEUTRAL (42.1%)
2026-05-20 13:09:52,494 | INFO     | [BATCH-389537] ↳ Frame 47/60: NEUTRAL (41.8%)
2026-05-20 13:09:52,545 | INFO     | [BATCH-389537] ↳ Frame 48/60: NEUTRAL (42.9%)
2026-05-20 13:09:52,598 | INFO     | [BATCH-389537] ↳ Frame 49/60: NEUTRAL (42.9%)
2026-05-20 13:09:52,650 | INFO     | [BATCH-389537] ↳ Frame 50/60: NEUTRAL (41.3%)
2026-05-20 13:09:52,708 | INFO     | [BATCH-389537] ↳ Frame 51/60: NEUTRAL (43.2%)
2026-05-20 13:09:52,761 | INFO     | [BATCH-389537] ↳ Frame 52/60: NEUTRAL (43.1%)
2026-05-20 13:09:52,810 | INFO     | [BATCH-389537] ↳ Frame 53/60: NEUTRAL (40.7%)
2026-05-20 13:09:52,863 | INFO     | [BATCH-389537] ↳ Frame 54/60: NEUTRAL (42.8%)
2026-05-20 13:09:52,913 | INFO     | [BATCH-389537] ↳ Frame 55/60: NEUTRAL (44.3%)
2026-05-20 13:09:52,973 | INFO     | [BATCH-389537] ↳ Frame 56/60: NEUTRAL (43.6%)
2026-05-20 13:09:53,042 | INFO     | [BATCH-389537] ↳ Frame 57/60: NEUTRAL (41.1%)
2026-05-20 13:09:53,145 | INFO     | [BATCH-389537] ↳ Frame 58/60: NEUTRAL (42.7%)
2026-05-20 13:09:53,208 | INFO     | [BATCH-389537] ↳ Frame 59/60: NEUTRAL (43.3%)
2026-05-20 13:09:53,258 | INFO     | [BATCH-389537] ↳ Frame 60/60: NEUTRAL (42.7%)
2026-05-20 13:09:53,258 | INFO     | [BATCH-389537] 🎯 KẾT QUẢ CHUỖI: NEUTRAL (Tần suất: {'SURPRISE': 3, 'NEUTRAL': 57})
2026-05-20 13:09:53,258 | INFO     | [BATCH-389537] ⏱️ Tổng thời gian xử lý: 3721.19 ms
2026-05-20 16:17:56,475 | INFO     | [676472] ------------------------------------------
2026-05-20 16:17:56,481 | INFO     | [676472] 📥 NHẬN YÊU CẦU QUÉT KHUÔN MẶT MỚI
2026-05-20 16:17:56,528 | INFO     | [676472] Đã xử lý ảnh thành công. Kích thước tensor: (1, 48, 48, 1)
2026-05-20 16:17:57,423 | INFO     | [676472] 📊 Chi tiết dự đoán: {'ANGRY': 7.65, 'DISGUST': 0.04, 'FEAR': 13.43, 'HAPPY': 6.76, 'NEUTRAL': 26.78, 'SAD': 41.47, 'SURPRISE': 3.87}
2026-05-20 16:17:57,424 | INFO     | [676472] 🎯 KẾT QUẢ CHỐT: SAD (41.47%)
2026-05-20 16:17:57,424 | INFO     | [676472] ⏱️ Thời gian phản hồi: 951.04 ms
2026-05-20 16:17:57,434 | INFO     | [677434] ------------------------------------------
2026-05-20 16:17:57,434 | INFO     | [677434] 📥 NHẬN YÊU CẦU QUÉT KHUÔN MẶT MỚI
2026-05-20 16:17:57,435 | INFO     | [677434] Đã xử lý ảnh thành công. Kích thước tensor: (1, 48, 48, 1)
2026-05-20 16:17:57,518 | INFO     | [677434] 📊 Chi tiết dự đoán: {'ANGRY': 8.93, 'DISGUST': 0.04, 'FEAR': 15.66, 'HAPPY': 6.01, 'NEUTRAL': 23.31, 'SAD': 41.82, 'SURPRISE': 4.23}
2026-05-20 16:17:57,518 | INFO     | [677434] 🎯 KẾT QUẢ CHỐT: SAD (41.82%)
2026-05-20 16:17:57,518 | INFO     | [677434] ⏱️ Thời gian phản hồi: 83.66 ms
2026-05-20 16:17:57,521 | INFO     | [677521] ------------------------------------------
2026-05-20 16:17:57,522 | INFO     | [677521] 📥 NHẬN YÊU CẦU QUÉT KHUÔN MẶT MỚI
2026-05-20 16:17:57,523 | INFO     | [677521] Đã xử lý ảnh thành công. Kích thước tensor: (1, 48, 48, 1)
2026-05-20 16:17:57,621 | INFO     | [677521] 📊 Chi tiết dự đoán: {'ANGRY': 8.28, 'DISGUST': 0.04, 'FEAR': 13.72, 'HAPPY': 7.52, 'NEUTRAL': 23.12, 'SAD': 43.53, 'SURPRISE': 3.8}
2026-05-20 16:17:57,621 | INFO     | [677521] 🎯 KẾT QUẢ CHỐT: SAD (43.53%)
2026-05-20 16:17:57,621 | INFO     | [677521] ⏱️ Thời gian phản hồi: 99.84 ms
2026-05-20 16:17:57,623 | INFO     | [677623] ------------------------------------------
2026-05-20 16:17:57,624 | INFO     | [677623] 📥 NHẬN YÊU CẦU QUÉT KHUÔN MẶT MỚI
2026-05-20 16:17:57,624 | INFO     | [677623] Đã xử lý ảnh thành công. Kích thước tensor: (1, 48, 48, 1)
2026-05-20 16:17:57,723 | INFO     | [677623] 📊 Chi tiết dự đoán: {'ANGRY': 8.54, 'DISGUST': 0.03, 'FEAR': 12.41, 'HAPPY': 7.99, 'NEUTRAL': 23.68, 'SAD': 45.28, 'SURPRISE': 2.08}
2026-05-20 16:17:57,724 | INFO     | [677623] 🎯 KẾT QUẢ CHỐT: SAD (45.28%)
2026-05-20 16:17:57,724 | INFO     | [677623] ⏱️ Thời gian phản hồi: 100.45 ms
2026-05-20 16:17:57,724 | INFO     | [677724] ------------------------------------------
2026-05-20 16:17:57,724 | INFO     | [677724] 📥 NHẬN YÊU CẦU QUÉT KHUÔN MẶT MỚI
2026-05-20 16:17:57,726 | INFO     | [677724] Đã xử lý ảnh thành công. Kích thước tensor: (1, 48, 48, 1)
2026-05-20 16:17:57,809 | INFO     | [677724] 📊 Chi tiết dự đoán: {'ANGRY': 7.13, 'DISGUST': 0.06, 'FEAR': 13.78, 'HAPPY': 4.79, 'NEUTRAL': 26.44, 'SAD': 45.25, 'SURPRISE': 2.55}
2026-05-20 16:17:57,809 | INFO     | [677724] 🎯 KẾT QUẢ CHỐT: SAD (45.25%)
2026-05-20 16:17:57,809 | INFO     | [677724] ⏱️ Thời gian phản hồi: 84.67 ms
2026-05-20 16:17:57,811 | INFO     | [677811] ------------------------------------------
2026-05-20 16:17:57,811 | INFO     | [677811] 📥 NHẬN YÊU CẦU QUÉT KHUÔN MẶT MỚI
2026-05-20 16:17:57,811 | INFO     | [677811] Đã xử lý ảnh thành công. Kích thước tensor: (1, 48, 48, 1)
2026-05-20 16:17:57,879 | INFO     | [677811] 📊 Chi tiết dự đoán: {'ANGRY': 7.13, 'DISGUST': 0.06, 'FEAR': 13.78, 'HAPPY': 4.79, 'NEUTRAL': 26.44, 'SAD': 45.25, 'SURPRISE': 2.55}
2026-05-20 16:17:57,879 | INFO     | [677811] 🎯 KẾT QUẢ CHỐT: SAD (45.25%)
2026-05-20 16:17:57,879 | INFO     | [677811] ⏱️ Thời gian phản hồi: 67.58 ms
2026-05-20 16:17:57,881 | INFO     | [677881] ------------------------------------------
2026-05-20 16:17:57,881 | INFO     | [677881] 📥 NHẬN YÊU CẦU QUÉT KHUÔN MẶT MỚI
2026-05-20 16:17:57,881 | INFO     | [677881] Đã xử lý ảnh thành công. Kích thước tensor: (1, 48, 48, 1)
2026-05-20 16:17:57,943 | INFO     | [677881] 📊 Chi tiết dự đoán: {'ANGRY': 6.56, 'DISGUST': 0.05, 'FEAR': 13.48, 'HAPPY': 4.66, 'NEUTRAL': 26.02, 'SAD': 46.5, 'SURPRISE': 2.73}
2026-05-20 16:17:57,944 | INFO     | [677881] 🎯 KẾT QUẢ CHỐT: SAD (46.50%)
2026-05-20 16:17:57,944 | INFO     | [677881] ⏱️ Thời gian phản hồi: 62.22 ms
2026-05-20 16:17:57,946 | INFO     | [677946] ------------------------------------------
2026-05-20 16:17:57,946 | INFO     | [677946] 📥 NHẬN YÊU CẦU QUÉT KHUÔN MẶT MỚI
2026-05-20 16:17:57,947 | INFO     | [677946] Đã xử lý ảnh thành công. Kích thước tensor: (1, 48, 48, 1)
2026-05-20 16:17:58,014 | INFO     | [677946] 📊 Chi tiết dự đoán: {'ANGRY': 6.06, 'DISGUST': 0.03, 'FEAR': 12.48, 'HAPPY': 4.52, 'NEUTRAL': 25.54, 'SAD': 49.0, 'SURPRISE': 2.37}
2026-05-20 16:17:58,014 | INFO     | [677946] 🎯 KẾT QUẢ CHỐT: SAD (49.00%)
2026-05-20 16:17:58,014 | INFO     | [677946] ⏱️ Thời gian phản hồi: 68.41 ms
2026-05-20 16:17:58,018 | INFO     | [678018] ------------------------------------------
2026-05-20 16:17:58,018 | INFO     | [678018] 📥 NHẬN YÊU CẦU QUÉT KHUÔN MẶT MỚI
2026-05-20 16:17:58,019 | INFO     | [678018] Đã xử lý ảnh thành công. Kích thước tensor: (1, 48, 48, 1)
2026-05-20 16:17:58,079 | INFO     | [678018] 📊 Chi tiết dự đoán: {'ANGRY': 6.1, 'DISGUST': 0.03, 'FEAR': 13.08, 'HAPPY': 4.45, 'NEUTRAL': 26.8, 'SAD': 47.0, 'SURPRISE': 2.53}
2026-05-20 16:17:58,079 | INFO     | [678018] 🎯 KẾT QUẢ CHỐT: SAD (47.00%)
2026-05-20 16:17:58,079 | INFO     | [678018] ⏱️ Thời gian phản hồi: 61.25 ms
2026-05-20 16:17:58,081 | INFO     | [678081] ------------------------------------------
2026-05-20 16:17:58,081 | INFO     | [678081] 📥 NHẬN YÊU CẦU QUÉT KHUÔN MẶT MỚI
2026-05-20 16:17:58,081 | INFO     | [678081] Đã xử lý ảnh thành công. Kích thước tensor: (1, 48, 48, 1)
2026-05-20 16:17:58,141 | INFO     | [678081] 📊 Chi tiết dự đoán: {'ANGRY': 6.04, 'DISGUST': 0.04, 'FEAR': 11.71, 'HAPPY': 4.07, 'NEUTRAL': 29.5, 'SAD': 46.49, 'SURPRISE': 2.15}
2026-05-20 16:17:58,141 | INFO     | [678081] 🎯 KẾT QUẢ CHỐT: SAD (46.49%)
2026-05-20 16:17:58,141 | INFO     | [678081] ⏱️ Thời gian phản hồi: 59.77 ms
2026-05-20 16:17:58,144 | INFO     | [678144] ------------------------------------------
2026-05-20 16:17:58,144 | INFO     | [678144] 📥 NHẬN YÊU CẦU QUÉT KHUÔN MẶT MỚI
2026-05-20 16:17:58,144 | INFO     | [678144] Đã xử lý ảnh thành công. Kích thước tensor: (1, 48, 48, 1)
2026-05-20 16:17:58,212 | INFO     | [678144] 📊 Chi tiết dự đoán: {'ANGRY': 3.69, 'DISGUST': 0.03, 'FEAR': 12.44, 'HAPPY': 2.63, 'NEUTRAL': 23.16, 'SAD': 55.45, 'SURPRISE': 2.61}
2026-05-20 16:17:58,214 | INFO     | [678144] 🎯 KẾT QUẢ CHỐT: SAD (55.45%)
2026-05-20 16:17:58,214 | INFO     | [678144] ⏱️ Thời gian phản hồi: 68.44 ms
2026-05-20 16:17:58,217 | INFO     | [678217] ------------------------------------------
2026-05-20 16:17:58,217 | INFO     | [678217] 📥 NHẬN YÊU CẦU QUÉT KHUÔN MẶT MỚI
2026-05-20 16:17:58,218 | INFO     | [678217] Đã xử lý ảnh thành công. Kích thước tensor: (1, 48, 48, 1)
2026-05-20 16:17:58,275 | INFO     | [678217] 📊 Chi tiết dự đoán: {'ANGRY': 3.98, 'DISGUST': 0.02, 'FEAR': 12.85, 'HAPPY': 3.16, 'NEUTRAL': 23.32, 'SAD': 53.63, 'SURPRISE': 3.04}
2026-05-20 16:17:58,275 | INFO     | [678217] 🎯 KẾT QUẢ CHỐT: SAD (53.63%)
2026-05-20 16:17:58,275 | INFO     | [678217] ⏱️ Thời gian phản hồi: 57.72 ms
2026-05-20 16:17:58,277 | INFO     | [678277] ------------------------------------------
2026-05-20 16:17:58,278 | INFO     | [678277] 📥 NHẬN YÊU CẦU QUÉT KHUÔN MẶT MỚI
2026-05-20 16:17:58,279 | INFO     | [678277] Đã xử lý ảnh thành công. Kích thước tensor: (1, 48, 48, 1)
2026-05-20 16:17:58,353 | INFO     | [678277] 📊 Chi tiết dự đoán: {'ANGRY': 4.3, 'DISGUST': 0.03, 'FEAR': 12.21, 'HAPPY': 4.21, 'NEUTRAL': 17.24, 'SAD': 59.68, 'SURPRISE': 2.34}
2026-05-20 16:17:58,353 | INFO     | [678277] 🎯 KẾT QUẢ CHỐT: SAD (59.68%)
2026-05-20 16:17:58,353 | INFO     | [678277] ⏱️ Thời gian phản hồi: 76.38 ms
2026-05-20 16:17:58,356 | INFO     | [678356] ------------------------------------------
2026-05-20 16:17:58,356 | INFO     | [678356] 📥 NHẬN YÊU CẦU QUÉT KHUÔN MẶT MỚI
2026-05-20 16:17:58,357 | INFO     | [678356] Đã xử lý ảnh thành công. Kích thước tensor: (1, 48, 48, 1)
2026-05-20 16:17:58,432 | INFO     | [678356] 📊 Chi tiết dự đoán: {'ANGRY': 4.24, 'DISGUST': 0.03, 'FEAR': 13.24, 'HAPPY': 3.38, 'NEUTRAL': 14.73, 'SAD': 61.47, 'SURPRISE': 2.92}
2026-05-20 16:17:58,432 | INFO     | [678356] 🎯 KẾT QUẢ CHỐT: SAD (61.47%)
2026-05-20 16:17:58,432 | INFO     | [678356] ⏱️ Thời gian phản hồi: 73.92 ms
2026-05-20 16:17:58,434 | INFO     | [678434] ------------------------------------------
2026-05-20 16:17:58,434 | INFO     | [678434] 📥 NHẬN YÊU CẦU QUÉT KHUÔN MẶT MỚI
2026-05-20 16:17:58,434 | INFO     | [678434] Đã xử lý ảnh thành công. Kích thước tensor: (1, 48, 48, 1)
2026-05-20 16:17:58,504 | INFO     | [678434] 📊 Chi tiết dự đoán: {'ANGRY': 4.44, 'DISGUST': 0.02, 'FEAR': 10.01, 'HAPPY': 5.03, 'NEUTRAL': 19.85, 'SAD': 59.06, 'SURPRISE': 1.58}
2026-05-20 16:17:58,504 | INFO     | [678434] 🎯 KẾT QUẢ CHỐT: SAD (59.06%)
2026-05-20 16:17:58,504 | INFO     | [678434] ⏱️ Thời gian phản hồi: 70.55 ms
2026-05-20 16:17:58,507 | INFO     | [678507] ------------------------------------------
2026-05-20 16:17:58,507 | INFO     | [678507] 📥 NHẬN YÊU CẦU QUÉT KHUÔN MẶT MỚI
2026-05-20 16:17:58,508 | INFO     | [678507] Đã xử lý ảnh thành công. Kích thước tensor: (1, 48, 48, 1)
2026-05-20 16:17:58,573 | INFO     | [678507] 📊 Chi tiết dự đoán: {'ANGRY': 5.65, 'DISGUST': 0.02, 'FEAR': 10.95, 'HAPPY': 9.85, 'NEUTRAL': 26.39, 'SAD': 43.96, 'SURPRISE': 3.18}
2026-05-20 16:17:58,574 | INFO     | [678507] 🎯 KẾT QUẢ CHỐT: SAD (43.96%)
2026-05-20 16:17:58,574 | INFO     | [678507] ⏱️ Thời gian phản hồi: 66.22 ms
2026-05-20 16:17:58,575 | INFO     | [678575] ------------------------------------------
2026-05-20 16:17:58,576 | INFO     | [678575] 📥 NHẬN YÊU CẦU QUÉT KHUÔN MẶT MỚI
2026-05-20 16:17:58,578 | INFO     | [678575] Đã xử lý ảnh thành công. Kích thước tensor: (1, 48, 48, 1)
2026-05-20 16:17:58,641 | INFO     | [678575] 📊 Chi tiết dự đoán: {'ANGRY': 6.08, 'DISGUST': 0.02, 'FEAR': 9.09, 'HAPPY': 11.12, 'NEUTRAL': 31.68, 'SAD': 38.66, 'SURPRISE': 3.34}
2026-05-20 16:17:58,641 | INFO     | [678575] 🎯 KẾT QUẢ CHỐT: SAD (38.66%)
2026-05-20 16:17:58,641 | INFO     | [678575] ⏱️ Thời gian phản hồi: 66.05 ms
2026-05-20 16:17:58,643 | INFO     | [678643] ------------------------------------------
2026-05-20 16:17:58,643 | INFO     | [678643] 📥 NHẬN YÊU CẦU QUÉT KHUÔN MẶT MỚI
2026-05-20 16:17:58,644 | INFO     | [678643] Đã xử lý ảnh thành công. Kích thước tensor: (1, 48, 48, 1)
2026-05-20 16:17:58,704 | INFO     | [678643] 📊 Chi tiết dự đoán: {'ANGRY': 6.21, 'DISGUST': 0.04, 'FEAR': 12.71, 'HAPPY': 4.45, 'NEUTRAL': 17.25, 'SAD': 50.32, 'SURPRISE': 9.03}
2026-05-20 16:17:58,704 | INFO     | [678643] 🎯 KẾT QUẢ CHỐT: SAD (50.32%)
2026-05-20 16:17:58,705 | INFO     | [678643] ⏱️ Thời gian phản hồi: 60.62 ms
2026-05-20 16:17:58,706 | INFO     | [678706] ------------------------------------------
2026-05-20 16:17:58,707 | INFO     | [678706] 📥 NHẬN YÊU CẦU QUÉT KHUÔN MẶT MỚI
2026-05-20 16:17:58,708 | INFO     | [678706] Đã xử lý ảnh thành công. Kích thước tensor: (1, 48, 48, 1)
2026-05-20 16:17:58,775 | INFO     | [678706] 📊 Chi tiết dự đoán: {'ANGRY': 3.83, 'DISGUST': 0.02, 'FEAR': 11.56, 'HAPPY': 2.96, 'NEUTRAL': 18.06, 'SAD': 60.17, 'SURPRISE': 3.4}
2026-05-20 16:17:58,776 | INFO     | [678706] 🎯 KẾT QUẢ CHỐT: SAD (60.17%)
2026-05-20 16:17:58,776 | INFO     | [678706] ⏱️ Thời gian phản hồi: 68.53 ms
2026-05-20 16:17:58,777 | INFO     | [678777] ------------------------------------------
2026-05-20 16:17:58,777 | INFO     | [678777] 📥 NHẬN YÊU CẦU QUÉT KHUÔN MẶT MỚI
2026-05-20 16:17:58,778 | INFO     | [678777] Đã xử lý ảnh thành công. Kích thước tensor: (1, 48, 48, 1)
2026-05-20 16:17:58,843 | INFO     | [678777] 📊 Chi tiết dự đoán: {'ANGRY': 7.06, 'DISGUST': 0.03, 'FEAR': 13.72, 'HAPPY': 4.03, 'NEUTRAL': 18.29, 'SAD': 49.49, 'SURPRISE': 7.38}
2026-05-20 16:17:58,843 | INFO     | [678777] 🎯 KẾT QUẢ CHỐT: SAD (49.49%)
2026-05-20 16:17:58,843 | INFO     | [678777] ⏱️ Thời gian phản hồi: 66.68 ms
2026-05-20 16:17:58,846 | INFO     | [678846] ------------------------------------------
2026-05-20 16:17:58,846 | INFO     | [678846] 📥 NHẬN YÊU CẦU QUÉT KHUÔN MẶT MỚI
2026-05-20 16:17:58,846 | INFO     | [678846] Đã xử lý ảnh thành công. Kích thước tensor: (1, 48, 48, 1)
2026-05-20 16:17:58,927 | INFO     | [678846] 📊 Chi tiết dự đoán: {'ANGRY': 4.07, 'DISGUST': 0.02, 'FEAR': 12.51, 'HAPPY': 3.21, 'NEUTRAL': 21.24, 'SAD': 55.88, 'SURPRISE': 3.06}
2026-05-20 16:17:58,927 | INFO     | [678846] 🎯 KẾT QUẢ CHỐT: SAD (55.88%)
2026-05-20 16:17:58,928 | INFO     | [678846] ⏱️ Thời gian phản hồi: 81.51 ms
2026-05-20 16:17:58,929 | INFO     | [678929] ------------------------------------------
2026-05-20 16:17:58,931 | INFO     | [678929] 📥 NHẬN YÊU CẦU QUÉT KHUÔN MẶT MỚI
2026-05-20 16:17:58,931 | INFO     | [678929] Đã xử lý ảnh thành công. Kích thước tensor: (1, 48, 48, 1)
2026-05-20 16:17:58,996 | INFO     | [678929] 📊 Chi tiết dự đoán: {'ANGRY': 3.58, 'DISGUST': 0.01, 'FEAR': 10.69, 'HAPPY': 3.54, 'NEUTRAL': 24.94, 'SAD': 54.82, 'SURPRISE': 2.41}
2026-05-20 16:17:58,996 | INFO     | [678929] 🎯 KẾT QUẢ CHỐT: SAD (54.82%)
2026-05-20 16:17:58,996 | INFO     | [678929] ⏱️ Thời gian phản hồi: 66.46 ms
2026-05-20 16:17:58,999 | INFO     | [678999] ------------------------------------------
2026-05-20 16:17:59,000 | INFO     | [678999] 📥 NHẬN YÊU CẦU QUÉT KHUÔN MẶT MỚI
2026-05-20 16:17:59,001 | INFO     | [678999] Đã xử lý ảnh thành công. Kích thước tensor: (1, 48, 48, 1)
2026-05-20 16:17:59,072 | INFO     | [678999] 📊 Chi tiết dự đoán: {'ANGRY': 2.55, 'DISGUST': 0.01, 'FEAR': 9.49, 'HAPPY': 2.03, 'NEUTRAL': 17.22, 'SAD': 67.1, 'SURPRISE': 1.59}
2026-05-20 16:17:59,072 | INFO     | [678999] 🎯 KẾT QUẢ CHỐT: SAD (67.10%)
2026-05-20 16:17:59,073 | INFO     | [678999] ⏱️ Thời gian phản hồi: 73.6 ms
2026-05-20 16:17:59,074 | INFO     | [679074] ------------------------------------------
2026-05-20 16:17:59,074 | INFO     | [679074] 📥 NHẬN YÊU CẦU QUÉT KHUÔN MẶT MỚI
2026-05-20 16:17:59,075 | INFO     | [679074] Đã xử lý ảnh thành công. Kích thước tensor: (1, 48, 48, 1)
2026-05-20 16:17:59,147 | INFO     | [679074] 📊 Chi tiết dự đoán: {'ANGRY': 3.04, 'DISGUST': 0.01, 'FEAR': 11.07, 'HAPPY': 2.19, 'NEUTRAL': 25.65, 'SAD': 55.26, 'SURPRISE': 2.78}
2026-05-20 16:17:59,147 | INFO     | [679074] 🎯 KẾT QUẢ CHỐT: SAD (55.26%)
2026-05-20 16:17:59,147 | INFO     | [679074] ⏱️ Thời gian phản hồi: 72.23 ms
2026-05-20 16:17:59,149 | INFO     | [679149] ------------------------------------------
2026-05-20 16:17:59,150 | INFO     | [679149] 📥 NHẬN YÊU CẦU QUÉT KHUÔN MẶT MỚI
2026-05-20 16:17:59,150 | INFO     | [679149] Đã xử lý ảnh thành công. Kích thước tensor: (1, 48, 48, 1)
2026-05-20 16:17:59,217 | INFO     | [679149] 📊 Chi tiết dự đoán: {'ANGRY': 3.86, 'DISGUST': 0.01, 'FEAR': 10.94, 'HAPPY': 5.3, 'NEUTRAL': 25.66, 'SAD': 51.34, 'SURPRISE': 2.9}
2026-05-20 16:17:59,217 | INFO     | [679149] 🎯 KẾT QUẢ CHỐT: SAD (51.34%)
2026-05-20 16:17:59,217 | INFO     | [679149] ⏱️ Thời gian phản hồi: 68.35 ms
2026-05-20 16:17:59,220 | INFO     | [679220] ------------------------------------------
2026-05-20 16:17:59,220 | INFO     | [679220] 📥 NHẬN YÊU CẦU QUÉT KHUÔN MẶT MỚI
2026-05-20 16:17:59,221 | INFO     | [679220] Đã xử lý ảnh thành công. Kích thước tensor: (1, 48, 48, 1)
2026-05-20 16:17:59,281 | INFO     | [679220] 📊 Chi tiết dự đoán: {'ANGRY': 3.99, 'DISGUST': 0.01, 'FEAR': 11.64, 'HAPPY': 2.37, 'NEUTRAL': 25.33, 'SAD': 54.28, 'SURPRISE': 2.38}
2026-05-20 16:17:59,281 | INFO     | [679220] 🎯 KẾT QUẢ CHỐT: SAD (54.28%)
2026-05-20 16:17:59,281 | INFO     | [679220] ⏱️ Thời gian phản hồi: 61.74 ms
2026-05-20 16:17:59,284 | INFO     | [679284] ------------------------------------------
2026-05-20 16:17:59,284 | INFO     | [679284] 📥 NHẬN YÊU CẦU QUÉT KHUÔN MẶT MỚI
2026-05-20 16:17:59,285 | INFO     | [679284] Đã xử lý ảnh thành công. Kích thước tensor: (1, 48, 48, 1)
2026-05-20 16:17:59,355 | INFO     | [679284] 📊 Chi tiết dự đoán: {'ANGRY': 3.4, 'DISGUST': 0.01, 'FEAR': 11.33, 'HAPPY': 1.96, 'NEUTRAL': 25.23, 'SAD': 55.43, 'SURPRISE': 2.63}
2026-05-20 16:17:59,357 | INFO     | [679284] 🎯 KẾT QUẢ CHỐT: SAD (55.43%)
2026-05-20 16:17:59,357 | INFO     | [679284] ⏱️ Thời gian phản hồi: 71.26 ms
2026-05-20 16:17:59,359 | INFO     | [679359] ------------------------------------------
2026-05-20 16:17:59,359 | INFO     | [679359] 📥 NHẬN YÊU CẦU QUÉT KHUÔN MẶT MỚI
2026-05-20 16:17:59,360 | INFO     | [679359] Đã xử lý ảnh thành công. Kích thước tensor: (1, 48, 48, 1)
2026-05-20 16:17:59,428 | INFO     | [679359] 📊 Chi tiết dự đoán: {'ANGRY': 3.28, 'DISGUST': 0.01, 'FEAR': 9.33, 'HAPPY': 2.42, 'NEUTRAL': 28.3, 'SAD': 54.83, 'SURPRISE': 1.82}
2026-05-20 16:17:59,428 | INFO     | [679359] 🎯 KẾT QUẢ CHỐT: SAD (54.83%)
2026-05-20 16:17:59,428 | INFO     | [679359] ⏱️ Thời gian phản hồi: 69.43 ms
2026-05-20 16:17:59,430 | INFO     | [679430] ------------------------------------------
2026-05-20 16:17:59,430 | INFO     | [679430] 📥 NHẬN YÊU CẦU QUÉT KHUÔN MẶT MỚI
2026-05-20 16:17:59,433 | INFO     | [679430] Đã xử lý ảnh thành công. Kích thước tensor: (1, 48, 48, 1)
2026-05-20 16:17:59,503 | INFO     | [679430] 📊 Chi tiết dự đoán: {'ANGRY': 4.86, 'DISGUST': 0.01, 'FEAR': 10.67, 'HAPPY': 5.66, 'NEUTRAL': 30.51, 'SAD': 45.21, 'SURPRISE': 3.08}
2026-05-20 16:17:59,504 | INFO     | [679430] 🎯 KẾT QUẢ CHỐT: SAD (45.21%)
2026-05-20 16:17:59,504 | INFO     | [679430] ⏱️ Thời gian phản hồi: 72.98 ms
2026-05-20 16:17:59,506 | INFO     | [679506] ------------------------------------------
2026-05-20 16:17:59,506 | INFO     | [679506] 📥 NHẬN YÊU CẦU QUÉT KHUÔN MẶT MỚI
2026-05-20 16:17:59,507 | INFO     | [679506] Đã xử lý ảnh thành công. Kích thước tensor: (1, 48, 48, 1)
2026-05-20 16:17:59,576 | INFO     | [679506] 📊 Chi tiết dự đoán: {'ANGRY': 4.75, 'DISGUST': 0.02, 'FEAR': 10.41, 'HAPPY': 2.98, 'NEUTRAL': 28.72, 'SAD': 51.09, 'SURPRISE': 2.03}
2026-05-20 16:17:59,576 | INFO     | [679506] 🎯 KẾT QUẢ CHỐT: SAD (51.09%)
2026-05-20 16:17:59,576 | INFO     | [679506] ⏱️ Thời gian phản hồi: 69.6 ms
2026-05-20 16:17:59,578 | INFO     | [679578] ------------------------------------------
2026-05-20 16:17:59,578 | INFO     | [679578] 📥 NHẬN YÊU CẦU QUÉT KHUÔN MẶT MỚI
2026-05-20 16:17:59,579 | INFO     | [679578] Đã xử lý ảnh thành công. Kích thước tensor: (1, 48, 48, 1)
2026-05-20 16:17:59,639 | INFO     | [679578] 📊 Chi tiết dự đoán: {'ANGRY': 5.15, 'DISGUST': 0.02, 'FEAR': 12.0, 'HAPPY': 3.59, 'NEUTRAL': 26.96, 'SAD': 49.23, 'SURPRISE': 3.05}
2026-05-20 16:17:59,639 | INFO     | [679578] 🎯 KẾT QUẢ CHỐT: SAD (49.23%)
2026-05-20 16:17:59,639 | INFO     | [679578] ⏱️ Thời gian phản hồi: 60.5 ms
2026-05-20 16:17:59,663 | INFO     | [679663] ------------------------------------------
2026-05-20 16:17:59,665 | INFO     | [679663] 📥 NHẬN YÊU CẦU QUÉT KHUÔN MẶT MỚI
2026-05-20 16:17:59,665 | INFO     | [679663] Đã xử lý ảnh thành công. Kích thước tensor: (1, 48, 48, 1)
2026-05-20 16:17:59,729 | INFO     | [679663] 📊 Chi tiết dự đoán: {'ANGRY': 3.97, 'DISGUST': 0.01, 'FEAR': 10.58, 'HAPPY': 3.21, 'NEUTRAL': 26.01, 'SAD': 54.49, 'SURPRISE': 1.74}
2026-05-20 16:17:59,729 | INFO     | [679663] 🎯 KẾT QUẢ CHỐT: SAD (54.49%)
2026-05-20 16:17:59,729 | INFO     | [679663] ⏱️ Thời gian phản hồi: 65.99 ms
2026-05-20 16:17:59,758 | INFO     | [679758] ------------------------------------------
2026-05-20 16:17:59,758 | INFO     | [679758] 📥 NHẬN YÊU CẦU QUÉT KHUÔN MẶT MỚI
2026-05-20 16:17:59,760 | INFO     | [679758] Đã xử lý ảnh thành công. Kích thước tensor: (1, 48, 48, 1)
2026-05-20 16:17:59,819 | INFO     | [679758] 📊 Chi tiết dự đoán: {'ANGRY': 3.5, 'DISGUST': 0.01, 'FEAR': 10.38, 'HAPPY': 3.46, 'NEUTRAL': 23.54, 'SAD': 57.36, 'SURPRISE': 1.76}
2026-05-20 16:17:59,819 | INFO     | [679758] 🎯 KẾT QUẢ CHỐT: SAD (57.36%)
2026-05-20 16:17:59,819 | INFO     | [679758] ⏱️ Thời gian phản hồi: 60.88 ms
2026-05-20 16:17:59,868 | INFO     | [679868] ------------------------------------------
2026-05-20 16:17:59,868 | INFO     | [679868] 📥 NHẬN YÊU CẦU QUÉT KHUÔN MẶT MỚI
2026-05-20 16:17:59,869 | INFO     | [679868] Đã xử lý ảnh thành công. Kích thước tensor: (1, 48, 48, 1)
2026-05-20 16:17:59,945 | INFO     | [679868] 📊 Chi tiết dự đoán: {'ANGRY': 4.56, 'DISGUST': 0.02, 'FEAR': 10.6, 'HAPPY': 4.46, 'NEUTRAL': 24.83, 'SAD': 53.18, 'SURPRISE': 2.36}
2026-05-20 16:17:59,945 | INFO     | [679868] 🎯 KẾT QUẢ CHỐT: SAD (53.18%)
2026-05-20 16:17:59,945 | INFO     | [679868] ⏱️ Thời gian phản hồi: 76.68 ms
2026-05-20 16:17:59,960 | INFO     | [679960] ------------------------------------------
2026-05-20 16:17:59,961 | INFO     | [679960] 📥 NHẬN YÊU CẦU QUÉT KHUÔN MẶT MỚI
2026-05-20 16:17:59,961 | INFO     | [679960] Đã xử lý ảnh thành công. Kích thước tensor: (1, 48, 48, 1)
2026-05-20 16:18:00,032 | INFO     | [679960] 📊 Chi tiết dự đoán: {'ANGRY': 4.77, 'DISGUST': 0.02, 'FEAR': 10.19, 'HAPPY': 3.93, 'NEUTRAL': 26.76, 'SAD': 52.23, 'SURPRISE': 2.1}
2026-05-20 16:18:00,032 | INFO     | [679960] 🎯 KẾT QUẢ CHỐT: SAD (52.23%)
2026-05-20 16:18:00,032 | INFO     | [679960] ⏱️ Thời gian phản hồi: 72.09 ms
2026-05-20 16:18:00,068 | INFO     | [680068] ------------------------------------------
2026-05-20 16:18:00,068 | INFO     | [680068] 📥 NHẬN YÊU CẦU QUÉT KHUÔN MẶT MỚI
2026-05-20 16:18:00,068 | INFO     | [680068] Đã xử lý ảnh thành công. Kích thước tensor: (1, 48, 48, 1)
2026-05-20 16:18:00,136 | INFO     | [680068] 📊 Chi tiết dự đoán: {'ANGRY': 4.78, 'DISGUST': 0.02, 'FEAR': 9.06, 'HAPPY': 4.21, 'NEUTRAL': 29.03, 'SAD': 51.29, 'SURPRISE': 1.61}
2026-05-20 16:18:00,136 | INFO     | [680068] 🎯 KẾT QUẢ CHỐT: SAD (51.29%)
2026-05-20 16:18:00,136 | INFO     | [680068] ⏱️ Thời gian phản hồi: 68.6 ms
2026-05-20 16:18:00,160 | INFO     | [680160] ------------------------------------------
2026-05-20 16:18:00,160 | INFO     | [680160] 📥 NHẬN YÊU CẦU QUÉT KHUÔN MẶT MỚI
2026-05-20 16:18:00,163 | INFO     | [680160] Đã xử lý ảnh thành công. Kích thước tensor: (1, 48, 48, 1)
2026-05-20 16:18:00,233 | INFO     | [680160] 📊 Chi tiết dự đoán: {'ANGRY': 5.03, 'DISGUST': 0.01, 'FEAR': 9.04, 'HAPPY': 4.96, 'NEUTRAL': 31.69, 'SAD': 47.6, 'SURPRISE': 1.67}
2026-05-20 16:18:00,233 | INFO     | [680160] 🎯 KẾT QUẢ CHỐT: SAD (47.60%)
2026-05-20 16:18:00,233 | INFO     | [680160] ⏱️ Thời gian phản hồi: 73.39 ms
2026-05-20 16:18:00,254 | INFO     | [680254] ------------------------------------------
2026-05-20 16:18:00,255 | INFO     | [680254] 📥 NHẬN YÊU CẦU QUÉT KHUÔN MẶT MỚI
2026-05-20 16:18:00,255 | INFO     | [680254] Đã xử lý ảnh thành công. Kích thước tensor: (1, 48, 48, 1)
2026-05-20 16:18:00,345 | INFO     | [680254] 📊 Chi tiết dự đoán: {'ANGRY': 5.04, 'DISGUST': 0.02, 'FEAR': 9.02, 'HAPPY': 4.58, 'NEUTRAL': 28.03, 'SAD': 51.39, 'SURPRISE': 1.93}
2026-05-20 16:18:00,349 | INFO     | [680254] 🎯 KẾT QUẢ CHỐT: SAD (51.39%)
2026-05-20 16:18:00,349 | INFO     | [680254] ⏱️ Thời gian phản hồi: 91.33 ms
2026-05-20 16:18:00,364 | INFO     | [680364] ------------------------------------------
2026-05-20 16:18:00,364 | INFO     | [680364] 📥 NHẬN YÊU CẦU QUÉT KHUÔN MẶT MỚI
2026-05-20 16:18:00,365 | INFO     | [680364] Đã xử lý ảnh thành công. Kích thước tensor: (1, 48, 48, 1)
2026-05-20 16:18:00,441 | INFO     | [680364] 📊 Chi tiết dự đoán: {'ANGRY': 5.0, 'DISGUST': 0.03, 'FEAR': 10.3, 'HAPPY': 5.92, 'NEUTRAL': 32.83, 'SAD': 40.44, 'SURPRISE': 5.48}
2026-05-20 16:18:00,441 | INFO     | [680364] 🎯 KẾT QUẢ CHỐT: SAD (40.44%)
2026-05-20 16:18:00,441 | INFO     | [680364] ⏱️ Thời gian phản hồi: 76.92 ms
2026-05-20 16:18:00,455 | INFO     | [680455] ------------------------------------------
2026-05-20 16:18:00,456 | INFO     | [680455] 📥 NHẬN YÊU CẦU QUÉT KHUÔN MẶT MỚI
2026-05-20 16:18:00,458 | INFO     | [680455] Đã xử lý ảnh thành công. Kích thước tensor: (1, 48, 48, 1)
2026-05-20 16:18:00,525 | INFO     | [680455] 📊 Chi tiết dự đoán: {'ANGRY': 5.74, 'DISGUST': 0.03, 'FEAR': 10.98, 'HAPPY': 7.55, 'NEUTRAL': 29.88, 'SAD': 39.65, 'SURPRISE': 6.16}
2026-05-20 16:18:00,525 | INFO     | [680455] 🎯 KẾT QUẢ CHỐT: SAD (39.65%)
2026-05-20 16:18:00,527 | INFO     | [680455] ⏱️ Thời gian phản hồi: 69.55 ms
2026-05-20 16:18:00,547 | INFO     | [680547] ------------------------------------------
2026-05-20 16:18:00,549 | INFO     | [680547] 📥 NHẬN YÊU CẦU QUÉT KHUÔN MẶT MỚI
2026-05-20 16:18:00,550 | INFO     | [680547] Đã xử lý ảnh thành công. Kích thước tensor: (1, 48, 48, 1)
2026-05-20 16:18:00,616 | INFO     | [680547] 📊 Chi tiết dự đoán: {'ANGRY': 5.3, 'DISGUST': 0.02, 'FEAR': 8.47, 'HAPPY': 11.42, 'NEUTRAL': 35.8, 'SAD': 35.05, 'SURPRISE': 3.92}
2026-05-20 16:18:00,616 | INFO     | [680547] 🎯 KẾT QUẢ CHỐT: NEUTRAL (35.80%)
2026-05-20 16:18:00,616 | INFO     | [680547] ⏱️ Thời gian phản hồi: 69.28 ms
2026-05-20 16:18:00,658 | INFO     | [680658] ------------------------------------------
2026-05-20 16:18:00,658 | INFO     | [680658] 📥 NHẬN YÊU CẦU QUÉT KHUÔN MẶT MỚI
2026-05-20 16:18:00,658 | INFO     | [680658] Đã xử lý ảnh thành công. Kích thước tensor: (1, 48, 48, 1)
2026-05-20 16:18:00,728 | INFO     | [680658] 📊 Chi tiết dự đoán: {'ANGRY': 4.94, 'DISGUST': 0.03, 'FEAR': 8.41, 'HAPPY': 10.01, 'NEUTRAL': 32.57, 'SAD': 40.43, 'SURPRISE': 3.62}
2026-05-20 16:18:00,728 | INFO     | [680658] 🎯 KẾT QUẢ CHỐT: SAD (40.43%)
2026-05-20 16:18:00,728 | INFO     | [680658] ⏱️ Thời gian phản hồi: 69.81 ms
2026-05-20 16:18:00,751 | INFO     | [680751] ------------------------------------------
2026-05-20 16:18:00,751 | INFO     | [680751] 📥 NHẬN YÊU CẦU QUÉT KHUÔN MẶT MỚI
2026-05-20 16:18:00,752 | INFO     | [680751] Đã xử lý ảnh thành công. Kích thước tensor: (1, 48, 48, 1)
2026-05-20 16:18:00,830 | INFO     | [680751] 📊 Chi tiết dự đoán: {'ANGRY': 4.95, 'DISGUST': 0.03, 'FEAR': 8.55, 'HAPPY': 8.23, 'NEUTRAL': 31.58, 'SAD': 43.68, 'SURPRISE': 2.99}
2026-05-20 16:18:00,830 | INFO     | [680751] 🎯 KẾT QUẢ CHỐT: SAD (43.68%)
2026-05-20 16:18:00,830 | INFO     | [680751] ⏱️ Thời gian phản hồi: 79.15 ms
2026-05-20 16:18:00,862 | INFO     | [680862] ------------------------------------------
2026-05-20 16:18:00,862 | INFO     | [680862] 📥 NHẬN YÊU CẦU QUÉT KHUÔN MẶT MỚI
2026-05-20 16:18:00,863 | INFO     | [680862] Đã xử lý ảnh thành công. Kích thước tensor: (1, 48, 48, 1)
2026-05-20 16:18:00,924 | INFO     | [680862] 📊 Chi tiết dự đoán: {'ANGRY': 5.1, 'DISGUST': 0.04, 'FEAR': 8.97, 'HAPPY': 8.2, 'NEUTRAL': 30.71, 'SAD': 42.77, 'SURPRISE': 4.22}
2026-05-20 16:18:00,925 | INFO     | [680862] 🎯 KẾT QUẢ CHỐT: SAD (42.77%)
2026-05-20 16:18:00,925 | INFO     | [680862] ⏱️ Thời gian phản hồi: 62.24 ms
2026-05-20 16:18:00,954 | INFO     | [680954] ------------------------------------------
2026-05-20 16:18:00,955 | INFO     | [680954] 📥 NHẬN YÊU CẦU QUÉT KHUÔN MẶT MỚI
2026-05-20 16:18:00,955 | INFO     | [680954] Đã xử lý ảnh thành công. Kích thước tensor: (1, 48, 48, 1)
2026-05-20 16:18:01,023 | INFO     | [680954] 📊 Chi tiết dự đoán: {'ANGRY': 5.15, 'DISGUST': 0.04, 'FEAR': 10.49, 'HAPPY': 7.19, 'NEUTRAL': 27.07, 'SAD': 43.76, 'SURPRISE': 6.3}
2026-05-20 16:18:01,023 | INFO     | [680954] 🎯 KẾT QUẢ CHỐT: SAD (43.76%)
2026-05-20 16:18:01,023 | INFO     | [680954] ⏱️ Thời gian phản hồi: 68.26 ms
2026-05-20 16:18:01,062 | INFO     | [681062] ------------------------------------------
2026-05-20 16:18:01,062 | INFO     | [681062] 📥 NHẬN YÊU CẦU QUÉT KHUÔN MẶT MỚI
2026-05-20 16:18:01,063 | INFO     | [681062] Đã xử lý ảnh thành công. Kích thước tensor: (1, 48, 48, 1)
2026-05-20 16:18:01,123 | INFO     | [681062] 📊 Chi tiết dự đoán: {'ANGRY': 5.52, 'DISGUST': 0.03, 'FEAR': 8.98, 'HAPPY': 10.14, 'NEUTRAL': 28.03, 'SAD': 43.38, 'SURPRISE': 3.92}
2026-05-20 16:18:01,123 | INFO     | [681062] 🎯 KẾT QUẢ CHỐT: SAD (43.38%)
2026-05-20 16:18:01,123 | INFO     | [681062] ⏱️ Thời gian phản hồi: 60.65 ms
2026-05-20 16:18:01,157 | INFO     | [681157] ------------------------------------------
2026-05-20 16:18:01,157 | INFO     | [681157] 📥 NHẬN YÊU CẦU QUÉT KHUÔN MẶT MỚI
2026-05-20 16:18:01,158 | INFO     | [681157] Đã xử lý ảnh thành công. Kích thước tensor: (1, 48, 48, 1)
2026-05-20 16:18:01,224 | INFO     | [681157] 📊 Chi tiết dự đoán: {'ANGRY': 5.24, 'DISGUST': 0.04, 'FEAR': 8.74, 'HAPPY': 11.97, 'NEUTRAL': 29.19, 'SAD': 39.76, 'SURPRISE': 5.06}
2026-05-20 16:18:01,224 | INFO     | [681157] 🎯 KẾT QUẢ CHỐT: SAD (39.76%)
2026-05-20 16:18:01,224 | INFO     | [681157] ⏱️ Thời gian phản hồi: 66.7 ms
2026-05-20 16:18:01,249 | INFO     | [681249] ------------------------------------------
2026-05-20 16:18:01,249 | INFO     | [681249] 📥 NHẬN YÊU CẦU QUÉT KHUÔN MẶT MỚI
2026-05-20 16:18:01,250 | INFO     | [681249] Đã xử lý ảnh thành công. Kích thước tensor: (1, 48, 48, 1)
2026-05-20 16:18:01,309 | INFO     | [681249] 📊 Chi tiết dự đoán: {'ANGRY': 5.52, 'DISGUST': 0.04, 'FEAR': 9.46, 'HAPPY': 11.28, 'NEUTRAL': 26.14, 'SAD': 42.62, 'SURPRISE': 4.93}
2026-05-20 16:18:01,309 | INFO     | [681249] 🎯 KẾT QUẢ CHỐT: SAD (42.62%)
2026-05-20 16:18:01,309 | INFO     | [681249] ⏱️ Thời gian phản hồi: 60.3 ms
2026-05-20 16:18:01,359 | INFO     | [681359] ------------------------------------------
2026-05-20 16:18:01,359 | INFO     | [681359] 📥 NHẬN YÊU CẦU QUÉT KHUÔN MẶT MỚI
2026-05-20 16:18:01,360 | INFO     | [681359] Đã xử lý ảnh thành công. Kích thước tensor: (1, 48, 48, 1)
2026-05-20 16:18:01,414 | INFO     | [681359] 📊 Chi tiết dự đoán: {'ANGRY': 5.19, 'DISGUST': 0.04, 'FEAR': 9.67, 'HAPPY': 12.64, 'NEUTRAL': 24.17, 'SAD': 43.06, 'SURPRISE': 5.23}
2026-05-20 16:18:01,414 | INFO     | [681359] 🎯 KẾT QUẢ CHỐT: SAD (43.06%)
2026-05-20 16:18:01,415 | INFO     | [681359] ⏱️ Thời gian phản hồi: 54.14 ms
2026-05-20 16:18:01,452 | INFO     | [681452] ------------------------------------------
2026-05-20 16:18:01,452 | INFO     | [681452] 📥 NHẬN YÊU CẦU QUÉT KHUÔN MẶT MỚI
2026-05-20 16:18:01,453 | INFO     | [681452] Đã xử lý ảnh thành công. Kích thước tensor: (1, 48, 48, 1)
2026-05-20 16:18:01,504 | INFO     | [681452] 📊 Chi tiết dự đoán: {'ANGRY': 5.04, 'DISGUST': 0.03, 'FEAR': 9.14, 'HAPPY': 14.32, 'NEUTRAL': 27.44, 'SAD': 39.55, 'SURPRISE': 4.46}
2026-05-20 16:18:01,504 | INFO     | [681452] 🎯 KẾT QUẢ CHỐT: SAD (39.55%)
2026-05-20 16:18:01,505 | INFO     | [681452] ⏱️ Thời gian phản hồi: 52.14 ms
2026-05-20 16:18:01,546 | INFO     | [681546] ------------------------------------------
2026-05-20 16:18:01,546 | INFO     | [681546] 📥 NHẬN YÊU CẦU QUÉT KHUÔN MẶT MỚI
2026-05-20 16:18:01,546 | INFO     | [681546] Đã xử lý ảnh thành công. Kích thước tensor: (1, 48, 48, 1)
2026-05-20 16:18:01,605 | INFO     | [681546] 📊 Chi tiết dự đoán: {'ANGRY': 5.1, 'DISGUST': 0.03, 'FEAR': 9.44, 'HAPPY': 10.19, 'NEUTRAL': 30.85, 'SAD': 39.82, 'SURPRISE': 4.56}
2026-05-20 16:18:01,605 | INFO     | [681546] 🎯 KẾT QUẢ CHỐT: SAD (39.82%)
2026-05-20 16:18:01,605 | INFO     | [681546] ⏱️ Thời gian phản hồi: 59.79 ms
2026-05-20 16:18:01,653 | INFO     | [681653] ------------------------------------------
2026-05-20 16:18:01,655 | INFO     | [681653] 📥 NHẬN YÊU CẦU QUÉT KHUÔN MẶT MỚI
2026-05-20 16:18:01,655 | INFO     | [681653] Đã xử lý ảnh thành công. Kích thước tensor: (1, 48, 48, 1)
2026-05-20 16:18:01,723 | INFO     | [681653] 📊 Chi tiết dự đoán: {'ANGRY': 5.14, 'DISGUST': 0.04, 'FEAR': 9.54, 'HAPPY': 11.13, 'NEUTRAL': 26.79, 'SAD': 42.62, 'SURPRISE': 4.75}
2026-05-20 16:18:01,723 | INFO     | [681653] 🎯 KẾT QUẢ CHỐT: SAD (42.62%)
2026-05-20 16:18:01,725 | INFO     | [681653] ⏱️ Thời gian phản hồi: 69.83 ms
2026-05-20 16:18:01,747 | INFO     | [681747] ------------------------------------------
2026-05-20 16:18:01,747 | INFO     | [681747] 📥 NHẬN YÊU CẦU QUÉT KHUÔN MẶT MỚI
2026-05-20 16:18:01,748 | INFO     | [681747] Đã xử lý ảnh thành công. Kích thước tensor: (1, 48, 48, 1)
2026-05-20 16:18:01,815 | INFO     | [681747] 📊 Chi tiết dự đoán: {'ANGRY': 4.85, 'DISGUST': 0.05, 'FEAR': 9.26, 'HAPPY': 13.64, 'NEUTRAL': 24.13, 'SAD': 43.31, 'SURPRISE': 4.75}
2026-05-20 16:18:01,815 | INFO     | [681747] 🎯 KẾT QUẢ CHỐT: SAD (43.31%)
2026-05-20 16:18:01,815 | INFO     | [681747] ⏱️ Thời gian phản hồi: 67.62 ms
2026-05-20 16:18:01,856 | INFO     | [681856] ------------------------------------------
2026-05-20 16:18:01,856 | INFO     | [681856] 📥 NHẬN YÊU CẦU QUÉT KHUÔN MẶT MỚI
2026-05-20 16:18:01,857 | INFO     | [681856] Đã xử lý ảnh thành công. Kích thước tensor: (1, 48, 48, 1)
2026-05-20 16:18:01,924 | INFO     | [681856] 📊 Chi tiết dự đoán: {'ANGRY': 4.66, 'DISGUST': 0.04, 'FEAR': 8.68, 'HAPPY': 16.31, 'NEUTRAL': 25.26, 'SAD': 42.0, 'SURPRISE': 3.05}
2026-05-20 16:18:01,924 | INFO     | [681856] 🎯 KẾT QUẢ CHỐT: SAD (42.00%)
2026-05-20 16:18:01,924 | INFO     | [681856] ⏱️ Thời gian phản hồi: 68.07 ms
2026-05-20 16:18:01,965 | INFO     | [681965] ------------------------------------------
2026-05-20 16:18:01,967 | INFO     | [681965] 📥 NHẬN YÊU CẦU QUÉT KHUÔN MẶT MỚI
2026-05-20 16:18:01,967 | INFO     | [681965] Đã xử lý ảnh thành công. Kích thước tensor: (1, 48, 48, 1)
2026-05-20 16:18:02,027 | INFO     | [681965] 📊 Chi tiết dự đoán: {'ANGRY': 5.19, 'DISGUST': 0.03, 'FEAR': 9.75, 'HAPPY': 10.91, 'NEUTRAL': 25.32, 'SAD': 44.57, 'SURPRISE': 4.22}
2026-05-20 16:18:02,027 | INFO     | [681965] 🎯 KẾT QUẢ CHỐT: SAD (44.57%)
2026-05-20 16:18:02,027 | INFO     | [681965] ⏱️ Thời gian phản hồi: 61.04 ms
2026-05-20 16:18:02,057 | INFO     | [682057] ------------------------------------------
2026-05-20 16:18:02,059 | INFO     | [682057] 📥 NHẬN YÊU CẦU QUÉT KHUÔN MẶT MỚI
2026-05-20 16:18:02,059 | INFO     | [682057] Đã xử lý ảnh thành công. Kích thước tensor: (1, 48, 48, 1)
2026-05-20 16:18:02,137 | INFO     | [682057] 📊 Chi tiết dự đoán: {'ANGRY': 5.37, 'DISGUST': 0.04, 'FEAR': 10.17, 'HAPPY': 12.21, 'NEUTRAL': 24.51, 'SAD': 42.64, 'SURPRISE': 5.06}
2026-05-20 16:18:02,137 | INFO     | [682057] 🎯 KẾT QUẢ CHỐT: SAD (42.64%)
2026-05-20 16:18:02,137 | INFO     | [682057] ⏱️ Thời gian phản hồi: 78.95 ms
2026-05-20 16:18:02,170 | INFO     | [682170] ------------------------------------------
2026-05-20 16:18:02,171 | INFO     | [682170] 📥 NHẬN YÊU CẦU QUÉT KHUÔN MẶT MỚI
2026-05-20 16:18:02,171 | INFO     | [682170] Đã xử lý ảnh thành công. Kích thước tensor: (1, 48, 48, 1)
2026-05-20 16:18:02,225 | INFO     | [682170] 📊 Chi tiết dự đoán: {'ANGRY': 6.04, 'DISGUST': 0.03, 'FEAR': 10.9, 'HAPPY': 15.1, 'NEUTRAL': 23.79, 'SAD': 38.61, 'SURPRISE': 5.53}
2026-05-20 16:18:02,225 | INFO     | [682170] 🎯 KẾT QUẢ CHỐT: SAD (38.61%)
2026-05-20 16:18:02,225 | INFO     | [682170] ⏱️ Thời gian phản hồi: 54.87 ms
2026-05-20 16:18:02,263 | INFO     | [682263] ------------------------------------------
2026-05-20 16:18:02,264 | INFO     | [682263] 📥 NHẬN YÊU CẦU QUÉT KHUÔN MẶT MỚI
2026-05-20 16:18:02,264 | INFO     | [682263] Đã xử lý ảnh thành công. Kích thước tensor: (1, 48, 48, 1)
2026-05-20 16:18:02,320 | INFO     | [682263] 📊 Chi tiết dự đoán: {'ANGRY': 6.82, 'DISGUST': 0.03, 'FEAR': 12.11, 'HAPPY': 10.75, 'NEUTRAL': 28.08, 'SAD': 36.05, 'SURPRISE': 6.16}
2026-05-20 16:18:02,320 | INFO     | [682263] 🎯 KẾT QUẢ CHỐT: SAD (36.05%)
2026-05-20 16:18:02,320 | INFO     | [682263] ⏱️ Thời gian phản hồi: 56.38 ms
2026-05-20 16:18:02,356 | INFO     | [682356] ------------------------------------------
2026-05-20 16:18:02,356 | INFO     | [682356] 📥 NHẬN YÊU CẦU QUÉT KHUÔN MẶT MỚI
2026-05-20 16:18:02,357 | INFO     | [682356] Đã xử lý ảnh thành công. Kích thước tensor: (1, 48, 48, 1)
2026-05-20 16:18:02,411 | INFO     | [682356] 📊 Chi tiết dự đoán: {'ANGRY': 7.58, 'DISGUST': 0.03, 'FEAR': 11.62, 'HAPPY': 15.68, 'NEUTRAL': 26.19, 'SAD': 32.63, 'SURPRISE': 6.26}
2026-05-20 16:18:02,411 | INFO     | [682356] 🎯 KẾT QUẢ CHỐT: SAD (32.63%)
2026-05-20 16:18:02,411 | INFO     | [682356] ⏱️ Thời gian phản hồi: 54.57 ms
2026-05-20 16:18:02,467 | INFO     | [682467] ------------------------------------------
2026-05-20 16:18:02,467 | INFO     | [682467] 📥 NHẬN YÊU CẦU QUÉT KHUÔN MẶT MỚI
2026-05-20 16:18:02,467 | INFO     | [682467] Đã xử lý ảnh thành công. Kích thước tensor: (1, 48, 48, 1)
2026-05-20 16:18:02,527 | INFO     | [682467] 📊 Chi tiết dự đoán: {'ANGRY': 7.4, 'DISGUST': 0.04, 'FEAR': 10.76, 'HAPPY': 15.52, 'NEUTRAL': 25.78, 'SAD': 35.35, 'SURPRISE': 5.15}
2026-05-20 16:18:02,527 | INFO     | [682467] 🎯 KẾT QUẢ CHỐT: SAD (35.35%)
2026-05-20 16:18:02,527 | INFO     | [682467] ⏱️ Thời gian phản hồi: 60.01 ms
2026-05-20 16:18:02,560 | INFO     | [682560] ------------------------------------------
2026-05-20 16:18:02,560 | INFO     | [682560] 📥 NHẬN YÊU CẦU QUÉT KHUÔN MẶT MỚI
2026-05-20 16:18:02,560 | INFO     | [682560] Đã xử lý ảnh thành công. Kích thước tensor: (1, 48, 48, 1)
2026-05-20 16:18:02,620 | INFO     | [682560] 📊 Chi tiết dự đoán: {'ANGRY': 7.19, 'DISGUST': 0.03, 'FEAR': 10.71, 'HAPPY': 13.63, 'NEUTRAL': 25.51, 'SAD': 37.85, 'SURPRISE': 5.07}
2026-05-20 16:18:02,620 | INFO     | [682560] 🎯 KẾT QUẢ CHỐT: SAD (37.85%)
2026-05-20 16:18:02,620 | INFO     | [682560] ⏱️ Thời gian phản hồi: 59.36 ms
2026-05-20 16:18:02,654 | INFO     | [682654] ------------------------------------------
2026-05-20 16:18:02,654 | INFO     | [682654] 📥 NHẬN YÊU CẦU QUÉT KHUÔN MẶT MỚI
2026-05-20 16:18:02,654 | INFO     | [682654] Đã xử lý ảnh thành công. Kích thước tensor: (1, 48, 48, 1)
2026-05-20 16:18:02,705 | INFO     | [682654] 📊 Chi tiết dự đoán: {'ANGRY': 6.92, 'DISGUST': 0.03, 'FEAR': 9.98, 'HAPPY': 14.3, 'NEUTRAL': 27.68, 'SAD': 37.81, 'SURPRISE': 3.29}
2026-05-20 16:18:02,706 | INFO     | [682654] 🎯 KẾT QUẢ CHỐT: SAD (37.81%)
2026-05-20 16:18:02,706 | INFO     | [682654] ⏱️ Thời gian phản hồi: 51.6 ms
2026-05-20 16:18:02,763 | INFO     | [682763] ------------------------------------------
2026-05-20 16:18:02,763 | INFO     | [682763] 📥 NHẬN YÊU CẦU QUÉT KHUÔN MẶT MỚI
2026-05-20 16:18:02,764 | INFO     | [682763] Đã xử lý ảnh thành công. Kích thước tensor: (1, 48, 48, 1)
2026-05-20 16:18:02,814 | INFO     | [682763] 📊 Chi tiết dự đoán: {'ANGRY': 6.92, 'DISGUST': 0.04, 'FEAR': 10.91, 'HAPPY': 12.85, 'NEUTRAL': 24.58, 'SAD': 40.53, 'SURPRISE': 4.17}
2026-05-20 16:18:02,815 | INFO     | [682763] 🎯 KẾT QUẢ CHỐT: SAD (40.53%)
2026-05-20 16:18:02,815 | INFO     | [682763] ⏱️ Thời gian phản hồi: 51.12 ms
2026-05-20 16:18:02,856 | INFO     | [682856] ------------------------------------------
2026-05-20 16:18:02,856 | INFO     | [682856] 📥 NHẬN YÊU CẦU QUÉT KHUÔN MẶT MỚI
2026-05-20 16:18:02,856 | INFO     | [682856] Đã xử lý ảnh thành công. Kích thước tensor: (1, 48, 48, 1)
2026-05-20 16:18:02,907 | INFO     | [682856] 📊 Chi tiết dự đoán: {'ANGRY': 6.5, 'DISGUST': 0.03, 'FEAR': 9.23, 'HAPPY': 14.4, 'NEUTRAL': 29.28, 'SAD': 36.96, 'SURPRISE': 3.6}
2026-05-20 16:18:02,907 | INFO     | [682856] 🎯 KẾT QUẢ CHỐT: SAD (36.96%)
2026-05-20 16:18:02,908 | INFO     | [682856] ⏱️ Thời gian phản hồi: 51.37 ms
2026-05-20 16:18:02,964 | INFO     | [682964] ------------------------------------------
2026-05-20 16:18:02,965 | INFO     | [682964] 📥 NHẬN YÊU CẦU QUÉT KHUÔN MẶT MỚI
2026-05-20 16:18:02,965 | INFO     | [682964] Đã xử lý ảnh thành công. Kích thước tensor: (1, 48, 48, 1)
2026-05-20 16:18:03,023 | INFO     | [682964] 📊 Chi tiết dự đoán: {'ANGRY': 6.08, 'DISGUST': 0.02, 'FEAR': 9.61, 'HAPPY': 13.31, 'NEUTRAL': 29.96, 'SAD': 37.53, 'SURPRISE': 3.5}
2026-05-20 16:18:03,023 | INFO     | [682964] 🎯 KẾT QUẢ CHỐT: SAD (37.53%)
2026-05-20 16:18:03,023 | INFO     | [682964] ⏱️ Thời gian phản hồi: 58.95 ms
2026-05-20 16:18:03,057 | INFO     | [683057] ------------------------------------------
2026-05-20 16:18:03,058 | INFO     | [683057] 📥 NHẬN YÊU CẦU QUÉT KHUÔN MẶT MỚI
2026-05-20 16:18:03,058 | INFO     | [683057] Đã xử lý ảnh thành công. Kích thước tensor: (1, 48, 48, 1)
2026-05-20 16:18:03,108 | INFO     | [683057] 📊 Chi tiết dự đoán: {'ANGRY': 6.21, 'DISGUST': 0.02, 'FEAR': 9.23, 'HAPPY': 14.85, 'NEUTRAL': 30.41, 'SAD': 35.32, 'SURPRISE': 3.96}
2026-05-20 16:18:03,108 | INFO     | [683057] 🎯 KẾT QUẢ CHỐT: SAD (35.32%)
2026-05-20 16:18:03,108 | INFO     | [683057] ⏱️ Thời gian phản hồi: 51.43 ms
2026-05-20 16:18:03,153 | INFO     | [683153] ------------------------------------------
2026-05-20 16:18:03,153 | INFO     | [683153] 📥 NHẬN YÊU CẦU QUÉT KHUÔN MẶT MỚI
2026-05-20 16:18:03,154 | INFO     | [683153] Đã xử lý ảnh thành công. Kích thước tensor: (1, 48, 48, 1)
2026-05-20 16:18:03,207 | INFO     | [683153] 📊 Chi tiết dự đoán: {'ANGRY': 6.72, 'DISGUST': 0.03, 'FEAR': 9.27, 'HAPPY': 16.24, 'NEUTRAL': 30.73, 'SAD': 32.55, 'SURPRISE': 4.46}
2026-05-20 16:18:03,207 | INFO     | [683153] 🎯 KẾT QUẢ CHỐT: SAD (32.55%)
2026-05-20 16:18:03,207 | INFO     | [683153] ⏱️ Thời gian phản hồi: 54.19 ms
2026-05-20 16:18:03,260 | INFO     | [683260] ------------------------------------------
2026-05-20 16:18:03,260 | INFO     | [683260] 📥 NHẬN YÊU CẦU QUÉT KHUÔN MẶT MỚI
2026-05-20 16:18:03,260 | INFO     | [683260] Đã xử lý ảnh thành công. Kích thước tensor: (1, 48, 48, 1)
2026-05-20 16:18:03,314 | INFO     | [683260] 📊 Chi tiết dự đoán: {'ANGRY': 6.96, 'DISGUST': 0.03, 'FEAR': 10.2, 'HAPPY': 17.56, 'NEUTRAL': 28.03, 'SAD': 31.7, 'SURPRISE': 5.51}
2026-05-20 16:18:03,315 | INFO     | [683260] 🎯 KẾT QUẢ CHỐT: SAD (31.70%)
2026-05-20 16:18:03,315 | INFO     | [683260] ⏱️ Thời gian phản hồi: 54.37 ms
2026-05-20 16:18:03,369 | INFO     | [683369] ------------------------------------------
2026-05-20 16:18:03,369 | INFO     | [683369] 📥 NHẬN YÊU CẦU QUÉT KHUÔN MẶT MỚI
2026-05-20 16:18:03,369 | INFO     | [683369] Đã xử lý ảnh thành công. Kích thước tensor: (1, 48, 48, 1)
2026-05-20 16:18:03,422 | INFO     | [683369] 📊 Chi tiết dự đoán: {'ANGRY': 6.92, 'DISGUST': 0.03, 'FEAR': 9.77, 'HAPPY': 16.39, 'NEUTRAL': 28.94, 'SAD': 33.03, 'SURPRISE': 4.93}
2026-05-20 16:18:03,422 | INFO     | [683369] 🎯 KẾT QUẢ CHỐT: SAD (33.03%)
2026-05-20 16:18:03,422 | INFO     | [683369] ⏱️ Thời gian phản hồi: 53.5 ms
2026-05-20 16:18:03,460 | INFO     | [683460] ------------------------------------------
2026-05-20 16:18:03,461 | INFO     | [683460] 📥 NHẬN YÊU CẦU QUÉT KHUÔN MẶT MỚI
2026-05-20 16:18:03,461 | INFO     | [683460] Đã xử lý ảnh thành công. Kích thước tensor: (1, 48, 48, 1)
2026-05-20 16:18:03,531 | INFO     | [683460] 📊 Chi tiết dự đoán: {'ANGRY': 6.9, 'DISGUST': 0.02, 'FEAR': 9.62, 'HAPPY': 15.37, 'NEUTRAL': 29.61, 'SAD': 34.06, 'SURPRISE': 4.41}
2026-05-20 16:18:03,531 | INFO     | [683460] 🎯 KẾT QUẢ CHỐT: SAD (34.06%)
2026-05-20 16:18:03,531 | INFO     | [683460] ⏱️ Thời gian phản hồi: 70.84 ms
2026-05-20 16:18:03,555 | INFO     | [683555] ------------------------------------------
2026-05-20 16:18:03,555 | INFO     | [683555] 📥 NHẬN YÊU CẦU QUÉT KHUÔN MẶT MỚI
2026-05-20 16:18:03,557 | INFO     | [683555] Đã xử lý ảnh thành công. Kích thước tensor: (1, 48, 48, 1)
2026-05-20 16:18:04,294 | INFO     | [683555] 📊 Chi tiết dự đoán: {'ANGRY': 6.49, 'DISGUST': 0.03, 'FEAR': 9.29, 'HAPPY': 16.38, 'NEUTRAL': 29.78, 'SAD': 33.33, 'SURPRISE': 4.71}
2026-05-20 16:18:04,294 | INFO     | [683555] 🎯 KẾT QUẢ CHỐT: SAD (33.33%)
2026-05-20 16:18:04,295 | INFO     | [683555] ⏱️ Thời gian phản hồi: 738.83 ms
2026-05-20 16:18:04,297 | INFO     | [684297] ------------------------------------------
2026-05-20 16:18:04,298 | INFO     | [684297] 📥 NHẬN YÊU CẦU QUÉT KHUÔN MẶT MỚI
2026-05-20 16:18:04,298 | INFO     | [684297] Đã xử lý ảnh thành công. Kích thước tensor: (1, 48, 48, 1)
2026-05-20 16:18:04,353 | INFO     | [684297] 📊 Chi tiết dự đoán: {'ANGRY': 6.89, 'DISGUST': 0.03, 'FEAR': 9.59, 'HAPPY': 19.72, 'NEUTRAL': 28.79, 'SAD': 29.46, 'SURPRISE': 5.52}
2026-05-20 16:18:04,353 | INFO     | [684297] 🎯 KẾT QUẢ CHỐT: SAD (29.46%)
2026-05-20 16:18:04,353 | INFO     | [684297] ⏱️ Thời gian phản hồi: 55.81 ms
2026-05-20 16:18:04,355 | INFO     | [684355] ------------------------------------------
2026-05-20 16:18:04,355 | INFO     | [684355] 📥 NHẬN YÊU CẦU QUÉT KHUÔN MẶT MỚI
2026-05-20 16:18:04,356 | INFO     | [684355] Đã xử lý ảnh thành công. Kích thước tensor: (1, 48, 48, 1)
2026-05-20 16:18:04,413 | INFO     | [684355] 📊 Chi tiết dự đoán: {'ANGRY': 6.79, 'DISGUST': 0.03, 'FEAR': 9.0, 'HAPPY': 18.05, 'NEUTRAL': 28.96, 'SAD': 31.7, 'SURPRISE': 5.47}
2026-05-20 16:18:04,413 | INFO     | [684355] 🎯 KẾT QUẢ CHỐT: SAD (31.70%)
2026-05-20 16:18:04,413 | INFO     | [684355] ⏱️ Thời gian phản hồi: 58.04 ms
2026-05-20 16:18:04,414 | INFO     | [684414] ------------------------------------------
2026-05-20 16:18:04,414 | INFO     | [684414] 📥 NHẬN YÊU CẦU QUÉT KHUÔN MẶT MỚI
2026-05-20 16:18:04,415 | INFO     | [684414] Đã xử lý ảnh thành công. Kích thước tensor: (1, 48, 48, 1)
2026-05-20 16:18:04,475 | INFO     | [684414] 📊 Chi tiết dự đoán: {'ANGRY': 6.7, 'DISGUST': 0.03, 'FEAR': 9.22, 'HAPPY': 19.49, 'NEUTRAL': 30.07, 'SAD': 30.17, 'SURPRISE': 4.34}
2026-05-20 16:18:04,475 | INFO     | [684414] 🎯 KẾT QUẢ CHỐT: SAD (30.17%)
2026-05-20 16:18:04,475 | INFO     | [684414] ⏱️ Thời gian phản hồi: 61.34 ms
2026-05-20 16:18:04,477 | INFO     | [684477] ------------------------------------------
2026-05-20 16:18:04,477 | INFO     | [684477] 📥 NHẬN YÊU CẦU QUÉT KHUÔN MẶT MỚI
2026-05-20 16:18:04,478 | INFO     | [684477] Đã xử lý ảnh thành công. Kích thước tensor: (1, 48, 48, 1)
2026-05-20 16:18:04,537 | INFO     | [684477] 📊 Chi tiết dự đoán: {'ANGRY': 6.75, 'DISGUST': 0.03, 'FEAR': 9.39, 'HAPPY': 17.8, 'NEUTRAL': 31.43, 'SAD': 29.65, 'SURPRISE': 4.94}
2026-05-20 16:18:04,537 | INFO     | [684477] 🎯 KẾT QUẢ CHỐT: NEUTRAL (31.43%)
2026-05-20 16:18:04,537 | INFO     | [684477] ⏱️ Thời gian phản hồi: 59.87 ms
2026-05-20 16:18:04,539 | INFO     | [684539] ------------------------------------------
2026-05-20 16:18:04,539 | INFO     | [684539] 📥 NHẬN YÊU CẦU QUÉT KHUÔN MẶT MỚI
2026-05-20 16:18:04,541 | INFO     | [684539] Đã xử lý ảnh thành công. Kích thước tensor: (1, 48, 48, 1)
2026-05-20 16:18:04,602 | INFO     | [684539] 📊 Chi tiết dự đoán: {'ANGRY': 6.42, 'DISGUST': 0.02, 'FEAR': 8.91, 'HAPPY': 16.54, 'NEUTRAL': 31.57, 'SAD': 32.71, 'SURPRISE': 3.83}
2026-05-20 16:18:04,602 | INFO     | [684539] 🎯 KẾT QUẢ CHỐT: SAD (32.71%)
2026-05-20 16:18:04,602 | INFO     | [684539] ⏱️ Thời gian phản hồi: 62.29 ms
2026-05-20 16:18:04,605 | INFO     | [684605] ------------------------------------------
2026-05-20 16:18:04,606 | INFO     | [684605] 📥 NHẬN YÊU CẦU QUÉT KHUÔN MẶT MỚI
2026-05-20 16:18:04,606 | INFO     | [684605] Đã xử lý ảnh thành công. Kích thước tensor: (1, 48, 48, 1)
2026-05-20 16:18:04,667 | INFO     | [684605] 📊 Chi tiết dự đoán: {'ANGRY': 8.35, 'DISGUST': 0.03, 'FEAR': 9.26, 'HAPPY': 18.73, 'NEUTRAL': 27.9, 'SAD': 32.53, 'SURPRISE': 3.21}
2026-05-20 16:18:04,668 | INFO     | [684605] 🎯 KẾT QUẢ CHỐT: SAD (32.53%)
2026-05-20 16:18:04,668 | INFO     | [684605] ⏱️ Thời gian phản hồi: 62.45 ms
2026-05-20 16:18:04,669 | INFO     | [684669] ------------------------------------------
2026-05-20 16:18:04,669 | INFO     | [684669] 📥 NHẬN YÊU CẦU QUÉT KHUÔN MẶT MỚI
2026-05-20 16:18:04,670 | INFO     | [684669] Đã xử lý ảnh thành công. Kích thước tensor: (1, 48, 48, 1)
2026-05-20 16:18:04,734 | INFO     | [684669] 📊 Chi tiết dự đoán: {'ANGRY': 8.09, 'DISGUST': 0.03, 'FEAR': 9.79, 'HAPPY': 17.0, 'NEUTRAL': 27.96, 'SAD': 33.45, 'SURPRISE': 3.68}
2026-05-20 16:18:04,734 | INFO     | [684669] 🎯 KẾT QUẢ CHỐT: SAD (33.45%)
2026-05-20 16:18:04,734 | INFO     | [684669] ⏱️ Thời gian phản hồi: 64.68 ms
2026-05-20 16:18:04,736 | INFO     | [684736] ------------------------------------------
2026-05-20 16:18:04,736 | INFO     | [684736] 📥 NHẬN YÊU CẦU QUÉT KHUÔN MẶT MỚI
2026-05-20 16:18:04,737 | INFO     | [684736] Đã xử lý ảnh thành công. Kích thước tensor: (1, 48, 48, 1)
2026-05-20 16:18:04,797 | INFO     | [684736] 📊 Chi tiết dự đoán: {'ANGRY': 7.65, 'DISGUST': 0.03, 'FEAR': 10.59, 'HAPPY': 18.69, 'NEUTRAL': 27.01, 'SAD': 31.32, 'SURPRISE': 4.71}
2026-05-20 16:18:04,797 | INFO     | [684736] 🎯 KẾT QUẢ CHỐT: SAD (31.32%)
2026-05-20 16:18:04,797 | INFO     | [684736] ⏱️ Thời gian phản hồi: 60.37 ms
2026-05-20 16:18:04,799 | INFO     | [684799] ------------------------------------------
2026-05-20 16:18:04,799 | INFO     | [684799] 📥 NHẬN YÊU CẦU QUÉT KHUÔN MẶT MỚI
2026-05-20 16:18:04,799 | INFO     | [684799] Đã xử lý ảnh thành công. Kích thước tensor: (1, 48, 48, 1)
2026-05-20 16:18:04,856 | INFO     | [684799] 📊 Chi tiết dự đoán: {'ANGRY': 6.6, 'DISGUST': 0.03, 'FEAR': 9.33, 'HAPPY': 15.29, 'NEUTRAL': 29.81, 'SAD': 34.81, 'SURPRISE': 4.13}
2026-05-20 16:18:04,856 | INFO     | [684799] 🎯 KẾT QUẢ CHỐT: SAD (34.81%)
2026-05-20 16:18:04,856 | INFO     | [684799] ⏱️ Thời gian phản hồi: 56.45 ms
2026-05-20 16:18:04,858 | INFO     | [684858] ------------------------------------------
2026-05-20 16:18:04,858 | INFO     | [684858] 📥 NHẬN YÊU CẦU QUÉT KHUÔN MẶT MỚI
2026-05-20 16:18:04,859 | INFO     | [684858] Đã xử lý ảnh thành công. Kích thước tensor: (1, 48, 48, 1)
2026-05-20 16:18:04,911 | INFO     | [684858] 📊 Chi tiết dự đoán: {'ANGRY': 7.91, 'DISGUST': 0.03, 'FEAR': 9.36, 'HAPPY': 19.14, 'NEUTRAL': 26.9, 'SAD': 33.1, 'SURPRISE': 3.55}
2026-05-20 16:18:04,912 | INFO     | [684858] 🎯 KẾT QUẢ CHỐT: SAD (33.10%)
2026-05-20 16:18:04,912 | INFO     | [684858] ⏱️ Thời gian phản hồi: 52.8 ms
2026-05-20 16:18:04,914 | INFO     | [684914] ------------------------------------------
2026-05-20 16:18:04,914 | INFO     | [684914] 📥 NHẬN YÊU CẦU QUÉT KHUÔN MẶT MỚI
2026-05-20 16:18:04,914 | INFO     | [684914] Đã xử lý ảnh thành công. Kích thước tensor: (1, 48, 48, 1)
2026-05-20 16:18:04,973 | INFO     | [684914] 📊 Chi tiết dự đoán: {'ANGRY': 8.2, 'DISGUST': 0.04, 'FEAR': 10.36, 'HAPPY': 18.91, 'NEUTRAL': 27.37, 'SAD': 30.92, 'SURPRISE': 4.19}
2026-05-20 16:18:04,973 | INFO     | [684914] 🎯 KẾT QUẢ CHỐT: SAD (30.92%)
2026-05-20 16:18:04,973 | INFO     | [684914] ⏱️ Thời gian phản hồi: 58.87 ms
2026-05-20 16:18:04,976 | INFO     | [684976] ------------------------------------------
2026-05-20 16:18:04,976 | INFO     | [684976] 📥 NHẬN YÊU CẦU QUÉT KHUÔN MẶT MỚI
2026-05-20 16:18:04,976 | INFO     | [684976] Đã xử lý ảnh thành công. Kích thước tensor: (1, 48, 48, 1)
2026-05-20 16:18:05,046 | INFO     | [684976] 📊 Chi tiết dự đoán: {'ANGRY': 7.87, 'DISGUST': 0.02, 'FEAR': 10.79, 'HAPPY': 13.38, 'NEUTRAL': 31.16, 'SAD': 32.3, 'SURPRISE': 4.48}
2026-05-20 16:18:05,046 | INFO     | [684976] 🎯 KẾT QUẢ CHỐT: SAD (32.30%)
2026-05-20 16:18:05,046 | INFO     | [684976] ⏱️ Thời gian phản hồi: 69.9 ms
2026-05-20 16:18:05,047 | INFO     | [685047] ------------------------------------------
2026-05-20 16:18:05,047 | INFO     | [685047] 📥 NHẬN YÊU CẦU QUÉT KHUÔN MẶT MỚI
2026-05-20 16:18:05,049 | INFO     | [685047] Đã xử lý ảnh thành công. Kích thước tensor: (1, 48, 48, 1)
2026-05-20 16:18:05,108 | INFO     | [685047] 📊 Chi tiết dự đoán: {'ANGRY': 7.5, 'DISGUST': 0.02, 'FEAR': 9.95, 'HAPPY': 14.73, 'NEUTRAL': 33.17, 'SAD': 29.4, 'SURPRISE': 5.23}
2026-05-20 16:18:05,109 | INFO     | [685047] 🎯 KẾT QUẢ CHỐT: NEUTRAL (33.17%)
2026-05-20 16:18:05,109 | INFO     | [685047] ⏱️ Thời gian phản hồi: 60.7 ms
2026-05-20 16:18:05,111 | INFO     | [685111] ------------------------------------------
2026-05-20 16:18:05,112 | INFO     | [685111] 📥 NHẬN YÊU CẦU QUÉT KHUÔN MẶT MỚI
2026-05-20 16:18:05,112 | INFO     | [685111] Đã xử lý ảnh thành công. Kích thước tensor: (1, 48, 48, 1)
2026-05-20 16:18:05,169 | INFO     | [685111] 📊 Chi tiết dự đoán: {'ANGRY': 8.73, 'DISGUST': 0.03, 'FEAR': 11.1, 'HAPPY': 13.18, 'NEUTRAL': 33.24, 'SAD': 29.16, 'SURPRISE': 4.56}
2026-05-20 16:18:05,170 | INFO     | [685111] 🎯 KẾT QUẢ CHỐT: NEUTRAL (33.24%)
2026-05-20 16:18:05,170 | INFO     | [685111] ⏱️ Thời gian phản hồi: 58.86 ms
2026-05-20 16:18:05,171 | INFO     | [685171] ------------------------------------------
2026-05-20 16:18:05,171 | INFO     | [685171] 📥 NHẬN YÊU CẦU QUÉT KHUÔN MẶT MỚI
2026-05-20 16:18:05,171 | INFO     | [685171] Đã xử lý ảnh thành công. Kích thước tensor: (1, 48, 48, 1)
2026-05-20 16:18:05,225 | INFO     | [685171] 📊 Chi tiết dự đoán: {'ANGRY': 8.42, 'DISGUST': 0.04, 'FEAR': 10.2, 'HAPPY': 16.23, 'NEUTRAL': 31.25, 'SAD': 30.12, 'SURPRISE': 3.75}
2026-05-20 16:18:05,225 | INFO     | [685171] 🎯 KẾT QUẢ CHỐT: NEUTRAL (31.25%)
2026-05-20 16:18:05,226 | INFO     | [685171] ⏱️ Thời gian phản hồi: 53.41 ms
2026-05-20 16:18:05,229 | INFO     | [685229] ------------------------------------------
2026-05-20 16:18:05,229 | INFO     | [685229] 📥 NHẬN YÊU CẦU QUÉT KHUÔN MẶT MỚI
2026-05-20 16:18:05,230 | INFO     | [685229] Đã xử lý ảnh thành công. Kích thước tensor: (1, 48, 48, 1)
2026-05-20 16:18:05,288 | INFO     | [685229] 📊 Chi tiết dự đoán: {'ANGRY': 7.93, 'DISGUST': 0.04, 'FEAR': 9.66, 'HAPPY': 15.38, 'NEUTRAL': 32.24, 'SAD': 30.37, 'SURPRISE': 4.38}
2026-05-20 16:18:05,288 | INFO     | [685229] 🎯 KẾT QUẢ CHỐT: NEUTRAL (32.24%)
2026-05-20 16:18:05,289 | INFO     | [685229] ⏱️ Thời gian phản hồi: 59.07 ms
2026-05-20 16:18:05,290 | INFO     | [685290] ------------------------------------------
2026-05-20 16:18:05,291 | INFO     | [685290] 📥 NHẬN YÊU CẦU QUÉT KHUÔN MẶT MỚI
2026-05-20 16:18:05,292 | INFO     | [685290] Đã xử lý ảnh thành công. Kích thước tensor: (1, 48, 48, 1)
2026-05-20 16:18:05,349 | INFO     | [685290] 📊 Chi tiết dự đoán: {'ANGRY': 7.98, 'DISGUST': 0.04, 'FEAR': 10.07, 'HAPPY': 17.87, 'NEUTRAL': 32.66, 'SAD': 25.96, 'SURPRISE': 5.42}
2026-05-20 16:18:05,349 | INFO     | [685290] 🎯 KẾT QUẢ CHỐT: NEUTRAL (32.66%)
2026-05-20 16:18:05,349 | INFO     | [685290] ⏱️ Thời gian phản hồi: 59.08 ms
2026-05-20 16:18:05,356 | INFO     | [685356] ------------------------------------------
2026-05-20 16:18:05,357 | INFO     | [685356] 📥 NHẬN YÊU CẦU QUÉT KHUÔN MẶT MỚI
2026-05-20 16:18:05,357 | INFO     | [685356] Đã xử lý ảnh thành công. Kích thước tensor: (1, 48, 48, 1)
2026-05-20 16:18:05,416 | INFO     | [685356] 📊 Chi tiết dự đoán: {'ANGRY': 8.91, 'DISGUST': 0.04, 'FEAR': 10.96, 'HAPPY': 19.42, 'NEUTRAL': 26.34, 'SAD': 28.64, 'SURPRISE': 5.68}
2026-05-20 16:18:05,418 | INFO     | [685356] 🎯 KẾT QUẢ CHỐT: SAD (28.64%)
2026-05-20 16:18:05,418 | INFO     | [685356] ⏱️ Thời gian phản hồi: 60.34 ms
2026-05-20 16:18:05,463 | INFO     | [685463] ------------------------------------------
2026-05-20 16:18:05,465 | INFO     | [685463] 📥 NHẬN YÊU CẦU QUÉT KHUÔN MẶT MỚI
2026-05-20 16:18:05,465 | INFO     | [685463] Đã xử lý ảnh thành công. Kích thước tensor: (1, 48, 48, 1)
2026-05-20 16:18:05,521 | INFO     | [685463] 📊 Chi tiết dự đoán: {'ANGRY': 8.66, 'DISGUST': 0.05, 'FEAR': 9.96, 'HAPPY': 18.76, 'NEUTRAL': 28.38, 'SAD': 30.04, 'SURPRISE': 4.15}
2026-05-20 16:18:05,521 | INFO     | [685463] 🎯 KẾT QUẢ CHỐT: SAD (30.04%)
2026-05-20 16:18:05,521 | INFO     | [685463] ⏱️ Thời gian phản hồi: 58.14 ms
2026-05-20 16:18:05,558 | INFO     | [685558] ------------------------------------------
2026-05-20 16:18:05,558 | INFO     | [685558] 📥 NHẬN YÊU CẦU QUÉT KHUÔN MẶT MỚI
2026-05-20 16:18:05,560 | INFO     | [685558] Đã xử lý ảnh thành công. Kích thước tensor: (1, 48, 48, 1)
2026-05-20 16:18:05,609 | INFO     | [685558] 📊 Chi tiết dự đoán: {'ANGRY': 8.13, 'DISGUST': 0.04, 'FEAR': 8.89, 'HAPPY': 21.53, 'NEUTRAL': 27.34, 'SAD': 30.33, 'SURPRISE': 3.74}
2026-05-20 16:18:05,610 | INFO     | [685558] 🎯 KẾT QUẢ CHỐT: SAD (30.33%)
2026-05-20 16:18:05,610 | INFO     | [685558] ⏱️ Thời gian phản hồi: 50.67 ms
2026-05-20 16:18:05,667 | INFO     | [685667] ------------------------------------------
2026-05-20 16:18:05,667 | INFO     | [685667] 📥 NHẬN YÊU CẦU QUÉT KHUÔN MẶT MỚI
2026-05-20 16:18:05,668 | INFO     | [685667] Đã xử lý ảnh thành công. Kích thước tensor: (1, 48, 48, 1)
2026-05-20 16:18:05,724 | INFO     | [685667] 📊 Chi tiết dự đoán: {'ANGRY': 8.77, 'DISGUST': 0.04, 'FEAR': 10.33, 'HAPPY': 19.18, 'NEUTRAL': 27.0, 'SAD': 30.29, 'SURPRISE': 4.39}
2026-05-20 16:18:05,724 | INFO     | [685667] 🎯 KẾT QUẢ CHỐT: SAD (30.29%)
2026-05-20 16:18:05,724 | INFO     | [685667] ⏱️ Thời gian phản hồi: 56.36 ms
2026-05-20 16:18:05,761 | INFO     | [685761] ------------------------------------------
2026-05-20 16:18:05,762 | INFO     | [685761] 📥 NHẬN YÊU CẦU QUÉT KHUÔN MẶT MỚI
2026-05-20 16:18:05,762 | INFO     | [685761] Đã xử lý ảnh thành công. Kích thước tensor: (1, 48, 48, 1)
2026-05-20 16:18:05,818 | INFO     | [685761] 📊 Chi tiết dự đoán: {'ANGRY': 9.4, 'DISGUST': 0.06, 'FEAR': 10.46, 'HAPPY': 17.31, 'NEUTRAL': 27.65, 'SAD': 30.18, 'SURPRISE': 4.95}
2026-05-20 16:18:05,818 | INFO     | [685761] 🎯 KẾT QUẢ CHỐT: SAD (30.18%)
2026-05-20 16:18:05,818 | INFO     | [685761] ⏱️ Thời gian phản hồi: 56.95 ms
2026-05-20 16:18:05,855 | INFO     | [685855] ------------------------------------------
2026-05-20 16:18:05,855 | INFO     | [685855] 📥 NHẬN YÊU CẦU QUÉT KHUÔN MẶT MỚI
2026-05-20 16:18:05,856 | INFO     | [685855] Đã xử lý ảnh thành công. Kích thước tensor: (1, 48, 48, 1)
2026-05-20 16:18:05,911 | INFO     | [685855] 📊 Chi tiết dự đoán: {'ANGRY': 9.29, 'DISGUST': 0.04, 'FEAR': 10.72, 'HAPPY': 18.76, 'NEUTRAL': 26.38, 'SAD': 29.47, 'SURPRISE': 5.34}
2026-05-20 16:18:05,911 | INFO     | [685855] 🎯 KẾT QUẢ CHỐT: SAD (29.47%)
2026-05-20 16:18:05,911 | INFO     | [685855] ⏱️ Thời gian phản hồi: 55.88 ms
2026-05-20 16:18:05,964 | INFO     | [685964] ------------------------------------------
2026-05-20 16:18:05,964 | INFO     | [685964] 📥 NHẬN YÊU CẦU QUÉT KHUÔN MẶT MỚI
2026-05-20 16:18:05,964 | INFO     | [685964] Đã xử lý ảnh thành công. Kích thước tensor: (1, 48, 48, 1)
2026-05-20 16:18:06,027 | INFO     | [685964] 📊 Chi tiết dự đoán: {'ANGRY': 9.32, 'DISGUST': 0.04, 'FEAR': 10.15, 'HAPPY': 18.94, 'NEUTRAL': 28.15, 'SAD': 29.21, 'SURPRISE': 4.2}
2026-05-20 16:18:06,027 | INFO     | [685964] 🎯 KẾT QUẢ CHỐT: SAD (29.21%)
2026-05-20 16:18:06,027 | INFO     | [685964] ⏱️ Thời gian phản hồi: 63.12 ms
2026-05-20 16:18:06,056 | INFO     | [686056] ------------------------------------------
2026-05-20 16:18:06,056 | INFO     | [686056] 📥 NHẬN YÊU CẦU QUÉT KHUÔN MẶT MỚI
2026-05-20 16:18:06,056 | INFO     | [686056] Đã xử lý ảnh thành công. Kích thước tensor: (1, 48, 48, 1)
2026-05-20 16:18:06,116 | INFO     | [686056] 📊 Chi tiết dự đoán: {'ANGRY': 9.37, 'DISGUST': 0.05, 'FEAR': 10.81, 'HAPPY': 19.29, 'NEUTRAL': 25.61, 'SAD': 29.47, 'SURPRISE': 5.4}
2026-05-20 16:18:06,116 | INFO     | [686056] 🎯 KẾT QUẢ CHỐT: SAD (29.47%)
2026-05-20 16:18:06,116 | INFO     | [686056] ⏱️ Thời gian phản hồi: 59.84 ms
2026-05-20 16:18:06,167 | INFO     | [686167] ------------------------------------------
2026-05-20 16:18:06,167 | INFO     | [686167] 📥 NHẬN YÊU CẦU QUÉT KHUÔN MẶT MỚI
2026-05-20 16:18:06,167 | INFO     | [686167] Đã xử lý ảnh thành công. Kích thước tensor: (1, 48, 48, 1)
2026-05-20 16:18:06,221 | INFO     | [686167] 📊 Chi tiết dự đoán: {'ANGRY': 9.23, 'DISGUST': 0.03, 'FEAR': 9.87, 'HAPPY': 21.23, 'NEUTRAL': 26.69, 'SAD': 27.68, 'SURPRISE': 5.28}
2026-05-20 16:18:06,221 | INFO     | [686167] 🎯 KẾT QUẢ CHỐT: SAD (27.68%)
2026-05-20 16:18:06,221 | INFO     | [686167] ⏱️ Thời gian phản hồi: 54.4 ms
2026-05-20 16:18:06,259 | INFO     | [686259] ------------------------------------------
2026-05-20 16:18:06,259 | INFO     | [686259] 📥 NHẬN YÊU CẦU QUÉT KHUÔN MẶT MỚI
2026-05-20 16:18:06,259 | INFO     | [686259] Đã xử lý ảnh thành công. Kích thước tensor: (1, 48, 48, 1)
2026-05-20 16:18:06,319 | INFO     | [686259] 📊 Chi tiết dự đoán: {'ANGRY': 10.56, 'DISGUST': 0.05, 'FEAR': 11.14, 'HAPPY': 16.32, 'NEUTRAL': 26.64, 'SAD': 29.93, 'SURPRISE': 5.36}
2026-05-20 16:18:06,319 | INFO     | [686259] 🎯 KẾT QUẢ CHỐT: SAD (29.93%)
2026-05-20 16:18:06,319 | INFO     | [686259] ⏱️ Thời gian phản hồi: 60.01 ms
2026-05-20 16:18:06,367 | INFO     | [686367] ------------------------------------------
2026-05-20 16:18:06,367 | INFO     | [686367] 📥 NHẬN YÊU CẦU QUÉT KHUÔN MẶT MỚI
2026-05-20 16:18:06,368 | INFO     | [686367] Đã xử lý ảnh thành công. Kích thước tensor: (1, 48, 48, 1)
2026-05-20 16:18:06,420 | INFO     | [686367] 📊 Chi tiết dự đoán: {'ANGRY': 9.33, 'DISGUST': 0.04, 'FEAR': 9.3, 'HAPPY': 23.22, 'NEUTRAL': 25.37, 'SAD': 28.52, 'SURPRISE': 4.23}
2026-05-20 16:18:06,420 | INFO     | [686367] 🎯 KẾT QUẢ CHỐT: SAD (28.52%)
2026-05-20 16:18:06,420 | INFO     | [686367] ⏱️ Thời gian phản hồi: 52.6 ms
2026-05-20 16:18:06,459 | INFO     | [686459] ------------------------------------------
2026-05-20 16:18:06,459 | INFO     | [686459] 📥 NHẬN YÊU CẦU QUÉT KHUÔN MẶT MỚI
2026-05-20 16:18:06,461 | INFO     | [686459] Đã xử lý ảnh thành công. Kích thước tensor: (1, 48, 48, 1)
2026-05-20 16:18:06,513 | INFO     | [686459] 📊 Chi tiết dự đoán: {'ANGRY': 9.29, 'DISGUST': 0.03, 'FEAR': 10.72, 'HAPPY': 18.06, 'NEUTRAL': 26.47, 'SAD': 30.98, 'SURPRISE': 4.44}
2026-05-20 16:18:06,513 | INFO     | [686459] 🎯 KẾT QUẢ CHỐT: SAD (30.98%)
2026-05-20 16:18:06,513 | INFO     | [686459] ⏱️ Thời gian phản hồi: 53.53 ms
2026-05-20 16:18:06,554 | INFO     | [686554] ------------------------------------------
2026-05-20 16:18:06,554 | INFO     | [686554] 📥 NHẬN YÊU CẦU QUÉT KHUÔN MẶT MỚI
2026-05-20 16:18:06,554 | INFO     | [686554] Đã xử lý ảnh thành công. Kích thước tensor: (1, 48, 48, 1)
2026-05-20 16:18:06,611 | INFO     | [686554] 📊 Chi tiết dự đoán: {'ANGRY': 9.12, 'DISGUST': 0.03, 'FEAR': 10.18, 'HAPPY': 18.1, 'NEUTRAL': 27.2, 'SAD': 31.26, 'SURPRISE': 4.11}
2026-05-20 16:18:06,611 | INFO     | [686554] 🎯 KẾT QUẢ CHỐT: SAD (31.26%)
2026-05-20 16:18:06,611 | INFO     | [686554] ⏱️ Thời gian phản hồi: 56.41 ms
2026-05-20 16:18:06,661 | INFO     | [686661] ------------------------------------------
2026-05-20 16:18:06,663 | INFO     | [686661] 📥 NHẬN YÊU CẦU QUÉT KHUÔN MẶT MỚI
2026-05-20 16:18:06,663 | INFO     | [686661] Đã xử lý ảnh thành công. Kích thước tensor: (1, 48, 48, 1)
2026-05-20 16:18:06,717 | INFO     | [686661] 📊 Chi tiết dự đoán: {'ANGRY': 8.44, 'DISGUST': 0.04, 'FEAR': 10.37, 'HAPPY': 15.26, 'NEUTRAL': 30.98, 'SAD': 30.76, 'SURPRISE': 4.15}
2026-05-20 16:18:06,717 | INFO     | [686661] 🎯 KẾT QUẢ CHỐT: NEUTRAL (30.98%)
2026-05-20 16:18:06,717 | INFO     | [686661] ⏱️ Thời gian phản hồi: 55.95 ms
2026-05-20 16:18:06,754 | INFO     | [686754] ------------------------------------------
2026-05-20 16:18:06,755 | INFO     | [686754] 📥 NHẬN YÊU CẦU QUÉT KHUÔN MẶT MỚI
2026-05-20 16:18:06,755 | INFO     | [686754] Đã xử lý ảnh thành công. Kích thước tensor: (1, 48, 48, 1)
2026-05-20 16:18:06,819 | INFO     | [686754] 📊 Chi tiết dự đoán: {'ANGRY': 8.37, 'DISGUST': 0.03, 'FEAR': 9.88, 'HAPPY': 16.18, 'NEUTRAL': 26.73, 'SAD': 35.87, 'SURPRISE': 2.94}
2026-05-20 16:18:06,819 | INFO     | [686754] 🎯 KẾT QUẢ CHỐT: SAD (35.87%)
2026-05-20 16:18:06,819 | INFO     | [686754] ⏱️ Thời gian phản hồi: 65.24 ms
2026-05-20 16:18:06,864 | INFO     | [686863] ------------------------------------------
2026-05-20 16:18:06,864 | INFO     | [686863] 📥 NHẬN YÊU CẦU QUÉT KHUÔN MẶT MỚI
2026-05-20 16:18:06,864 | INFO     | [686863] Đã xử lý ảnh thành công. Kích thước tensor: (1, 48, 48, 1)
2026-05-20 16:18:06,913 | INFO     | [686863] 📊 Chi tiết dự đoán: {'ANGRY': 8.63, 'DISGUST': 0.03, 'FEAR': 9.53, 'HAPPY': 11.79, 'NEUTRAL': 33.55, 'SAD': 33.34, 'SURPRISE': 3.12}
2026-05-20 16:18:06,914 | INFO     | [686863] 🎯 KẾT QUẢ CHỐT: NEUTRAL (33.55%)
2026-05-20 16:18:06,914 | INFO     | [686863] ⏱️ Thời gian phản hồi: 50.05 ms
2026-05-20 16:18:06,956 | INFO     | [686956] ------------------------------------------
2026-05-20 16:18:06,958 | INFO     | [686956] 📥 NHẬN YÊU CẦU QUÉT KHUÔN MẶT MỚI
2026-05-20 16:18:06,958 | INFO     | [686956] Đã xử lý ảnh thành công. Kích thước tensor: (1, 48, 48, 1)
2026-05-20 16:18:07,009 | INFO     | [686956] 📊 Chi tiết dự đoán: {'ANGRY': 9.28, 'DISGUST': 0.04, 'FEAR': 9.73, 'HAPPY': 16.92, 'NEUTRAL': 25.28, 'SAD': 35.16, 'SURPRISE': 3.59}
2026-05-20 16:18:07,009 | INFO     | [686956] 🎯 KẾT QUẢ CHỐT: SAD (35.16%)
2026-05-20 16:18:07,009 | INFO     | [686956] ⏱️ Thời gian phản hồi: 52.34 ms
2026-05-20 16:18:07,070 | INFO     | [BATCH-687070] ==========================================
2026-05-20 16:18:07,071 | INFO     | [BATCH-687070] 🎞️ NHẬN CHUỖI 60 KHUNG HÌNH (BATCH)
2026-05-20 16:18:07,151 | INFO     | [BATCH-687070] ↳ Frame 1/60: SAD (41.5%)
2026-05-20 16:18:07,221 | INFO     | [BATCH-687070] ↳ Frame 2/60: SAD (41.8%)
2026-05-20 16:18:07,281 | INFO     | [BATCH-687070] ↳ Frame 3/60: SAD (43.5%)
2026-05-20 16:18:07,337 | INFO     | [BATCH-687070] ↳ Frame 4/60: SAD (45.3%)
2026-05-20 16:18:07,392 | INFO     | [BATCH-687070] ↳ Frame 5/60: SAD (45.3%)
2026-05-20 16:18:07,447 | INFO     | [BATCH-687070] ↳ Frame 6/60: SAD (45.3%)
2026-05-20 16:18:07,503 | INFO     | [BATCH-687070] ↳ Frame 7/60: SAD (46.5%)
2026-05-20 16:18:07,555 | INFO     | [BATCH-687070] ↳ Frame 8/60: SAD (49.0%)
2026-05-20 16:18:07,610 | INFO     | [BATCH-687070] ↳ Frame 9/60: SAD (47.0%)
2026-05-20 16:18:07,668 | INFO     | [BATCH-687070] ↳ Frame 10/60: SAD (46.5%)
2026-05-20 16:18:07,734 | INFO     | [BATCH-687070] ↳ Frame 11/60: SAD (55.4%)
2026-05-20 16:18:07,787 | INFO     | [BATCH-687070] ↳ Frame 12/60: SAD (53.6%)
2026-05-20 16:18:07,840 | INFO     | [BATCH-687070] ↳ Frame 13/60: SAD (59.7%)
2026-05-20 16:18:07,890 | INFO     | [BATCH-687070] ↳ Frame 14/60: SAD (61.5%)
2026-05-20 16:18:07,942 | INFO     | [BATCH-687070] ↳ Frame 15/60: SAD (59.1%)
2026-05-20 16:18:07,998 | INFO     | [BATCH-687070] ↳ Frame 16/60: SAD (44.0%)
2026-05-20 16:18:08,052 | INFO     | [BATCH-687070] ↳ Frame 17/60: SAD (38.7%)
2026-05-20 16:18:08,104 | INFO     | [BATCH-687070] ↳ Frame 18/60: SAD (50.3%)
2026-05-20 16:18:08,158 | INFO     | [BATCH-687070] ↳ Frame 19/60: SAD (49.5%)
2026-05-20 16:18:08,217 | INFO     | [BATCH-687070] ↳ Frame 20/60: SAD (60.2%)
2026-05-20 16:18:08,270 | INFO     | [BATCH-687070] ↳ Frame 21/60: SAD (55.9%)
2026-05-20 16:18:08,323 | INFO     | [BATCH-687070] ↳ Frame 22/60: SAD (54.8%)
2026-05-20 16:18:08,374 | INFO     | [BATCH-687070] ↳ Frame 23/60: SAD (67.1%)
2026-05-20 16:18:08,427 | INFO     | [BATCH-687070] ↳ Frame 24/60: SAD (55.3%)
2026-05-20 16:18:08,483 | INFO     | [BATCH-687070] ↳ Frame 25/60: SAD (51.3%)
2026-05-20 16:18:08,535 | INFO     | [BATCH-687070] ↳ Frame 26/60: SAD (54.3%)
2026-05-20 16:18:08,591 | INFO     | [BATCH-687070] ↳ Frame 27/60: SAD (55.4%)
2026-05-20 16:18:08,644 | INFO     | [BATCH-687070] ↳ Frame 28/60: SAD (54.8%)
2026-05-20 16:18:08,702 | INFO     | [BATCH-687070] ↳ Frame 29/60: SAD (45.2%)
2026-05-20 16:18:08,764 | INFO     | [BATCH-687070] ↳ Frame 30/60: SAD (51.1%)
2026-05-20 16:18:08,820 | INFO     | [BATCH-687070] ↳ Frame 31/60: SAD (49.2%)
2026-05-20 16:18:08,878 | INFO     | [BATCH-687070] ↳ Frame 32/60: SAD (54.5%)
2026-05-20 16:18:08,930 | INFO     | [BATCH-687070] ↳ Frame 33/60: SAD (57.4%)
2026-05-20 16:18:08,984 | INFO     | [BATCH-687070] ↳ Frame 34/60: SAD (53.2%)
2026-05-20 16:18:09,040 | INFO     | [BATCH-687070] ↳ Frame 35/60: SAD (52.2%)
2026-05-20 16:18:09,095 | INFO     | [BATCH-687070] ↳ Frame 36/60: SAD (51.3%)
2026-05-20 16:18:09,146 | INFO     | [BATCH-687070] ↳ Frame 37/60: SAD (47.6%)
2026-05-20 16:18:09,201 | INFO     | [BATCH-687070] ↳ Frame 38/60: SAD (51.4%)
2026-05-20 16:18:09,261 | INFO     | [BATCH-687070] ↳ Frame 39/60: SAD (40.4%)
2026-05-20 16:18:09,315 | INFO     | [BATCH-687070] ↳ Frame 40/60: SAD (39.7%)
2026-05-20 16:18:09,368 | INFO     | [BATCH-687070] ↳ Frame 41/60: NEUTRAL (35.8%)
2026-05-20 16:18:09,420 | INFO     | [BATCH-687070] ↳ Frame 42/60: SAD (40.4%)
2026-05-20 16:18:09,474 | INFO     | [BATCH-687070] ↳ Frame 43/60: SAD (43.7%)
2026-05-20 16:18:09,527 | INFO     | [BATCH-687070] ↳ Frame 44/60: SAD (42.8%)
2026-05-20 16:18:09,580 | INFO     | [BATCH-687070] ↳ Frame 45/60: SAD (43.8%)
2026-05-20 16:18:09,632 | INFO     | [BATCH-687070] ↳ Frame 46/60: SAD (43.4%)
2026-05-20 16:18:09,682 | INFO     | [BATCH-687070] ↳ Frame 47/60: SAD (39.8%)
2026-05-20 16:18:09,732 | INFO     | [BATCH-687070] ↳ Frame 48/60: SAD (42.6%)
2026-05-20 16:18:09,788 | INFO     | [BATCH-687070] ↳ Frame 49/60: SAD (43.1%)
2026-05-20 16:18:09,843 | INFO     | [BATCH-687070] ↳ Frame 50/60: SAD (39.6%)
2026-05-20 16:18:09,902 | INFO     | [BATCH-687070] ↳ Frame 51/60: SAD (39.8%)
2026-05-20 16:18:09,953 | INFO     | [BATCH-687070] ↳ Frame 52/60: SAD (42.6%)
2026-05-20 16:18:10,005 | INFO     | [BATCH-687070] ↳ Frame 53/60: SAD (43.3%)
2026-05-20 16:18:10,063 | INFO     | [BATCH-687070] ↳ Frame 54/60: SAD (42.0%)
2026-05-20 16:18:10,124 | INFO     | [BATCH-687070] ↳ Frame 55/60: SAD (44.6%)
2026-05-20 16:18:10,183 | INFO     | [BATCH-687070] ↳ Frame 56/60: SAD (42.6%)
2026-05-20 16:18:10,236 | INFO     | [BATCH-687070] ↳ Frame 57/60: SAD (38.6%)
2026-05-20 16:18:10,293 | INFO     | [BATCH-687070] ↳ Frame 58/60: SAD (36.0%)
2026-05-20 16:18:10,343 | INFO     | [BATCH-687070] ↳ Frame 59/60: SAD (32.6%)
2026-05-20 16:18:10,391 | INFO     | [BATCH-687070] ↳ Frame 60/60: SAD (35.4%)
2026-05-20 16:18:10,391 | INFO     | [BATCH-687070] 🎯 KẾT QUẢ CHUỖI: SAD (Tần suất: {'SAD': 59, 'NEUTRAL': 1})
2026-05-20 16:18:10,391 | INFO     | [BATCH-687070] ⏱️ Tổng thời gian xử lý: 3321.37 ms
2026-05-20 16:18:14,741 | INFO     | [694741] ------------------------------------------
2026-05-20 16:18:14,741 | INFO     | [694741] 📥 NHẬN YÊU CẦU QUÉT KHUÔN MẶT MỚI
2026-05-20 16:18:14,741 | INFO     | [694741] Đã xử lý ảnh thành công. Kích thước tensor: (1, 48, 48, 1)
2026-05-20 16:18:14,796 | INFO     | [694741] 📊 Chi tiết dự đoán: {'ANGRY': 5.67, 'DISGUST': 0.04, 'FEAR': 10.18, 'HAPPY': 7.07, 'NEUTRAL': 19.5, 'SAD': 53.72, 'SURPRISE': 3.82}
2026-05-20 16:18:14,797 | INFO     | [694741] 🎯 KẾT QUẢ CHỐT: SAD (53.72%)
2026-05-20 16:18:14,797 | INFO     | [694741] ⏱️ Thời gian phản hồi: 54.99 ms
2026-05-20 16:18:14,799 | INFO     | [694799] ------------------------------------------
2026-05-20 16:18:14,799 | INFO     | [694799] 📥 NHẬN YÊU CẦU QUÉT KHUÔN MẶT MỚI
2026-05-20 16:18:14,800 | INFO     | [694799] Đã xử lý ảnh thành công. Kích thước tensor: (1, 48, 48, 1)
2026-05-20 16:18:14,856 | INFO     | [694799] 📊 Chi tiết dự đoán: {'ANGRY': 5.05, 'DISGUST': 0.03, 'FEAR': 10.51, 'HAPPY': 4.98, 'NEUTRAL': 18.71, 'SAD': 57.17, 'SURPRISE': 3.54}
2026-05-20 16:18:14,856 | INFO     | [694799] 🎯 KẾT QUẢ CHỐT: SAD (57.17%)
2026-05-20 16:18:14,856 | INFO     | [694799] ⏱️ Thời gian phản hồi: 56.72 ms
2026-05-20 16:18:14,881 | INFO     | [694881] ------------------------------------------
2026-05-20 16:18:14,882 | INFO     | [694881] 📥 NHẬN YÊU CẦU QUÉT KHUÔN MẶT MỚI
2026-05-20 16:18:14,882 | INFO     | [694881] Đã xử lý ảnh thành công. Kích thước tensor: (1, 48, 48, 1)
2026-05-20 16:18:14,939 | INFO     | [694881] 📊 Chi tiết dự đoán: {'ANGRY': 4.97, 'DISGUST': 0.02, 'FEAR': 9.67, 'HAPPY': 7.34, 'NEUTRAL': 21.18, 'SAD': 52.93, 'SURPRISE': 3.89}
2026-05-20 16:18:14,939 | INFO     | [694881] 🎯 KẾT QUẢ CHỐT: SAD (52.93%)
2026-05-20 16:18:14,939 | INFO     | [694881] ⏱️ Thời gian phản hồi: 57.27 ms
2026-05-20 16:18:14,975 | INFO     | [694975] ------------------------------------------
2026-05-20 16:18:14,975 | INFO     | [694975] 📥 NHẬN YÊU CẦU QUÉT KHUÔN MẶT MỚI
2026-05-20 16:18:14,976 | INFO     | [694975] Đã xử lý ảnh thành công. Kích thước tensor: (1, 48, 48, 1)
2026-05-20 16:18:15,032 | INFO     | [694975] 📊 Chi tiết dự đoán: {'ANGRY': 6.79, 'DISGUST': 0.04, 'FEAR': 9.73, 'HAPPY': 5.56, 'NEUTRAL': 20.6, 'SAD': 54.4, 'SURPRISE': 2.89}
2026-05-20 16:18:15,032 | INFO     | [694975] 🎯 KẾT QUẢ CHỐT: SAD (54.40%)
2026-05-20 16:18:15,032 | INFO     | [694975] ⏱️ Thời gian phản hồi: 57.73 ms
2026-05-20 16:18:15,085 | INFO     | [695085] ------------------------------------------
2026-05-20 16:18:15,085 | INFO     | [695085] 📥 NHẬN YÊU CẦU QUÉT KHUÔN MẶT MỚI
2026-05-20 16:18:15,087 | INFO     | [695085] Đã xử lý ảnh thành công. Kích thước tensor: (1, 48, 48, 1)
2026-05-20 16:18:15,163 | INFO     | [695085] 📊 Chi tiết dự đoán: {'ANGRY': 6.65, 'DISGUST': 0.04, 'FEAR': 9.55, 'HAPPY': 6.71, 'NEUTRAL': 22.42, 'SAD': 51.25, 'SURPRISE': 3.38}
2026-05-20 16:18:15,163 | INFO     | [695085] 🎯 KẾT QUẢ CHỐT: SAD (51.25%)
2026-05-20 16:18:15,163 | INFO     | [695085] ⏱️ Thời gian phản hồi: 77.27 ms
2026-05-20 16:18:15,176 | INFO     | [695176] ------------------------------------------
2026-05-20 16:18:15,176 | INFO     | [695176] 📥 NHẬN YÊU CẦU QUÉT KHUÔN MẶT MỚI
2026-05-20 16:18:15,177 | INFO     | [695176] Đã xử lý ảnh thành công. Kích thước tensor: (1, 48, 48, 1)
2026-05-20 16:18:15,236 | INFO     | [695176] 📊 Chi tiết dự đoán: {'ANGRY': 7.03, 'DISGUST': 0.05, 'FEAR': 8.22, 'HAPPY': 12.8, 'NEUTRAL': 21.16, 'SAD': 48.52, 'SURPRISE': 2.22}
2026-05-20 16:18:15,236 | INFO     | [695176] 🎯 KẾT QUẢ CHỐT: SAD (48.52%)
2026-05-20 16:18:15,238 | INFO     | [695176] ⏱️ Thời gian phản hồi: 59.66 ms
2026-05-20 16:18:15,283 | INFO     | [695283] ------------------------------------------
2026-05-20 16:18:15,283 | INFO     | [695283] 📥 NHẬN YÊU CẦU QUÉT KHUÔN MẶT MỚI
2026-05-20 16:18:15,285 | INFO     | [695283] Đã xử lý ảnh thành công. Kích thước tensor: (1, 48, 48, 1)
2026-05-20 16:18:15,353 | INFO     | [695283] 📊 Chi tiết dự đoán: {'ANGRY': 5.75, 'DISGUST': 0.06, 'FEAR': 6.62, 'HAPPY': 6.98, 'NEUTRAL': 24.86, 'SAD': 54.59, 'SURPRISE': 1.14}
2026-05-20 16:18:15,354 | INFO     | [695283] 🎯 KẾT QUẢ CHỐT: SAD (54.59%)
2026-05-20 16:18:15,354 | INFO     | [695283] ⏱️ Thời gian phản hồi: 69.05 ms
2026-05-20 16:18:15,378 | INFO     | [695378] ------------------------------------------
2026-05-20 16:18:15,378 | INFO     | [695378] 📥 NHẬN YÊU CẦU QUÉT KHUÔN MẶT MỚI
2026-05-20 16:18:15,378 | INFO     | [695378] Đã xử lý ảnh thành công. Kích thước tensor: (1, 48, 48, 1)
2026-05-20 16:18:15,441 | INFO     | [695378] 📊 Chi tiết dự đoán: {'ANGRY': 4.9, 'DISGUST': 0.06, 'FEAR': 5.87, 'HAPPY': 7.76, 'NEUTRAL': 23.46, 'SAD': 56.87, 'SURPRISE': 1.08}
2026-05-20 16:18:15,441 | INFO     | [695378] 🎯 KẾT QUẢ CHỐT: SAD (56.87%)
2026-05-20 16:18:15,441 | INFO     | [695378] ⏱️ Thời gian phản hồi: 63.61 ms
2026-05-20 16:18:15,472 | INFO     | [695472] ------------------------------------------
2026-05-20 16:18:15,472 | INFO     | [695472] 📥 NHẬN YÊU CẦU QUÉT KHUÔN MẶT MỚI
2026-05-20 16:18:15,473 | INFO     | [695472] Đã xử lý ảnh thành công. Kích thước tensor: (1, 48, 48, 1)
2026-05-20 16:18:15,542 | INFO     | [695472] 📊 Chi tiết dự đoán: {'ANGRY': 3.18, 'DISGUST': 0.03, 'FEAR': 5.88, 'HAPPY': 5.73, 'NEUTRAL': 6.64, 'SAD': 78.3, 'SURPRISE': 0.23}
2026-05-20 16:18:15,542 | INFO     | [695472] 🎯 KẾT QUẢ CHỐT: SAD (78.30%)
2026-05-20 16:18:15,542 | INFO     | [695472] ⏱️ Thời gian phản hồi: 69.32 ms
2026-05-20 16:18:15,582 | INFO     | [695582] ------------------------------------------
2026-05-20 16:18:15,582 | INFO     | [695582] 📥 NHẬN YÊU CẦU QUÉT KHUÔN MẶT MỚI
2026-05-20 16:18:15,583 | INFO     | [695582] Đã xử lý ảnh thành công. Kích thước tensor: (1, 48, 48, 1)
2026-05-20 16:18:15,636 | INFO     | [695582] 📊 Chi tiết dự đoán: {'ANGRY': 4.27, 'DISGUST': 0.05, 'FEAR': 6.28, 'HAPPY': 2.58, 'NEUTRAL': 5.09, 'SAD': 81.5, 'SURPRISE': 0.22}
2026-05-20 16:18:15,636 | INFO     | [695582] 🎯 KẾT QUẢ CHỐT: SAD (81.50%)
2026-05-20 16:18:15,636 | INFO     | [695582] ⏱️ Thời gian phản hồi: 53.23 ms
2026-05-20 16:18:15,676 | INFO     | [695676] ------------------------------------------
2026-05-20 16:18:15,676 | INFO     | [695676] 📥 NHẬN YÊU CẦU QUÉT KHUÔN MẶT MỚI
2026-05-20 16:18:15,676 | INFO     | [695676] Đã xử lý ảnh thành công. Kích thước tensor: (1, 48, 48, 1)
2026-05-20 16:18:15,730 | INFO     | [695676] 📊 Chi tiết dự đoán: {'ANGRY': 4.01, 'DISGUST': 0.05, 'FEAR': 6.92, 'HAPPY': 2.46, 'NEUTRAL': 4.98, 'SAD': 81.2, 'SURPRISE': 0.38}
2026-05-20 16:18:15,731 | INFO     | [695676] 🎯 KẾT QUẢ CHỐT: SAD (81.20%)
2026-05-20 16:18:15,731 | INFO     | [695676] ⏱️ Thời gian phản hồi: 54.58 ms
2026-05-20 16:18:15,783 | INFO     | [695783] ------------------------------------------
2026-05-20 16:18:15,784 | INFO     | [695783] 📥 NHẬN YÊU CẦU QUÉT KHUÔN MẶT MỚI
2026-05-20 16:18:15,784 | INFO     | [695783] Đã xử lý ảnh thành công. Kích thước tensor: (1, 48, 48, 1)
2026-05-20 16:18:15,848 | INFO     | [695783] 📊 Chi tiết dự đoán: {'ANGRY': 4.16, 'DISGUST': 0.04, 'FEAR': 6.79, 'HAPPY': 3.22, 'NEUTRAL': 9.84, 'SAD': 75.61, 'SURPRISE': 0.34}
2026-05-20 16:18:15,848 | INFO     | [695783] 🎯 KẾT QUẢ CHỐT: SAD (75.61%)
2026-05-20 16:18:15,848 | INFO     | [695783] ⏱️ Thời gian phản hồi: 65.08 ms
2026-05-20 16:18:15,877 | INFO     | [695877] ------------------------------------------
2026-05-20 16:18:15,877 | INFO     | [695877] 📥 NHẬN YÊU CẦU QUÉT KHUÔN MẶT MỚI
2026-05-20 16:18:15,879 | INFO     | [695877] Đã xử lý ảnh thành công. Kích thước tensor: (1, 48, 48, 1)
2026-05-20 16:18:15,936 | INFO     | [695877] 📊 Chi tiết dự đoán: {'ANGRY': 3.09, 'DISGUST': 0.03, 'FEAR': 6.03, 'HAPPY': 2.31, 'NEUTRAL': 10.43, 'SAD': 77.76, 'SURPRISE': 0.36}
2026-05-20 16:18:15,936 | INFO     | [695877] 🎯 KẾT QUẢ CHỐT: SAD (77.76%)
2026-05-20 16:18:15,936 | INFO     | [695877] ⏱️ Thời gian phản hồi: 58.58 ms
2026-05-20 16:18:15,986 | INFO     | [695986] ------------------------------------------
2026-05-20 16:18:15,987 | INFO     | [695986] 📥 NHẬN YÊU CẦU QUÉT KHUÔN MẶT MỚI
2026-05-20 16:18:15,987 | INFO     | [695986] Đã xử lý ảnh thành công. Kích thước tensor: (1, 48, 48, 1)
2026-05-20 16:18:16,040 | INFO     | [695986] 📊 Chi tiết dự đoán: {'ANGRY': 3.94, 'DISGUST': 0.05, 'FEAR': 6.58, 'HAPPY': 4.05, 'NEUTRAL': 18.18, 'SAD': 66.53, 'SURPRISE': 0.68}
2026-05-20 16:18:16,040 | INFO     | [695986] 🎯 KẾT QUẢ CHỐT: SAD (66.53%)
2026-05-20 16:18:16,040 | INFO     | [695986] ⏱️ Thời gian phản hồi: 53.41 ms
2026-05-20 16:18:16,078 | INFO     | [696078] ------------------------------------------
2026-05-20 16:18:16,078 | INFO     | [696078] 📥 NHẬN YÊU CẦU QUÉT KHUÔN MẶT MỚI
2026-05-20 16:18:16,080 | INFO     | [696078] Đã xử lý ảnh thành công. Kích thước tensor: (1, 48, 48, 1)
2026-05-20 16:18:16,133 | INFO     | [696078] 📊 Chi tiết dự đoán: {'ANGRY': 3.2, 'DISGUST': 0.04, 'FEAR': 6.13, 'HAPPY': 3.55, 'NEUTRAL': 15.44, 'SAD': 71.16, 'SURPRISE': 0.49}
2026-05-20 16:18:16,133 | INFO     | [696078] 🎯 KẾT QUẢ CHỐT: SAD (71.16%)
2026-05-20 16:18:16,133 | INFO     | [696078] ⏱️ Thời gian phản hồi: 54.78 ms
2026-05-20 16:18:16,186 | INFO     | [696186] ------------------------------------------
2026-05-20 16:18:16,187 | INFO     | [696186] 📥 NHẬN YÊU CẦU QUÉT KHUÔN MẶT MỚI
2026-05-20 16:18:16,187 | INFO     | [696186] Đã xử lý ảnh thành công. Kích thước tensor: (1, 48, 48, 1)
2026-05-20 16:18:16,247 | INFO     | [696186] 📊 Chi tiết dự đoán: {'ANGRY': 4.45, 'DISGUST': 0.03, 'FEAR': 10.29, 'HAPPY': 4.2, 'NEUTRAL': 22.53, 'SAD': 56.54, 'SURPRISE': 1.95}
2026-05-20 16:18:16,247 | INFO     | [696186] 🎯 KẾT QUẢ CHỐT: SAD (56.54%)
2026-05-20 16:18:16,247 | INFO     | [696186] ⏱️ Thời gian phản hồi: 60.45 ms
2026-05-20 16:18:16,280 | INFO     | [696280] ------------------------------------------
2026-05-20 16:18:16,280 | INFO     | [696280] 📥 NHẬN YÊU CẦU QUÉT KHUÔN MẶT MỚI
2026-05-20 16:18:16,281 | INFO     | [696280] Đã xử lý ảnh thành công. Kích thước tensor: (1, 48, 48, 1)
2026-05-20 16:18:16,331 | INFO     | [696280] 📊 Chi tiết dự đoán: {'ANGRY': 6.72, 'DISGUST': 0.06, 'FEAR': 10.11, 'HAPPY': 3.44, 'NEUTRAL': 23.58, 'SAD': 53.67, 'SURPRISE': 2.42}
2026-05-20 16:18:16,332 | INFO     | [696280] 🎯 KẾT QUẢ CHỐT: SAD (53.67%)
2026-05-20 16:18:16,332 | INFO     | [696280] ⏱️ Thời gian phản hồi: 50.93 ms
2026-05-20 16:18:16,388 | INFO     | [696388] ------------------------------------------
2026-05-20 16:18:16,389 | INFO     | [696388] 📥 NHẬN YÊU CẦU QUÉT KHUÔN MẶT MỚI
2026-05-20 16:18:16,389 | INFO     | [696388] Đã xử lý ảnh thành công. Kích thước tensor: (1, 48, 48, 1)
2026-05-20 16:18:16,448 | INFO     | [696388] 📊 Chi tiết dự đoán: {'ANGRY': 7.57, 'DISGUST': 0.07, 'FEAR': 15.03, 'HAPPY': 4.61, 'NEUTRAL': 17.91, 'SAD': 48.55, 'SURPRISE': 6.26}
2026-05-20 16:18:16,448 | INFO     | [696388] 🎯 KẾT QUẢ CHỐT: SAD (48.55%)
2026-05-20 16:18:16,448 | INFO     | [696388] ⏱️ Thời gian phản hồi: 59.72 ms
2026-05-20 16:18:16,482 | INFO     | [696482] ------------------------------------------
2026-05-20 16:18:16,482 | INFO     | [696482] 📥 NHẬN YÊU CẦU QUÉT KHUÔN MẶT MỚI
2026-05-20 16:18:16,483 | INFO     | [696482] Đã xử lý ảnh thành công. Kích thước tensor: (1, 48, 48, 1)
2026-05-20 16:18:16,538 | INFO     | [696482] 📊 Chi tiết dự đoán: {'ANGRY': 7.06, 'DISGUST': 0.06, 'FEAR': 16.37, 'HAPPY': 3.07, 'NEUTRAL': 16.34, 'SAD': 47.18, 'SURPRISE': 9.92}
2026-05-20 16:18:16,539 | INFO     | [696482] 🎯 KẾT QUẢ CHỐT: SAD (47.18%)
2026-05-20 16:18:16,539 | INFO     | [696482] ⏱️ Thời gian phản hồi: 56.8 ms
2026-05-20 16:18:16,591 | INFO     | [696591] ------------------------------------------
2026-05-20 16:18:16,591 | INFO     | [696591] 📥 NHẬN YÊU CẦU QUÉT KHUÔN MẶT MỚI
2026-05-20 16:18:16,591 | INFO     | [696591] Đã xử lý ảnh thành công. Kích thước tensor: (1, 48, 48, 1)
2026-05-20 16:18:16,643 | INFO     | [696591] 📊 Chi tiết dự đoán: {'ANGRY': 7.43, 'DISGUST': 0.05, 'FEAR': 15.86, 'HAPPY': 3.1, 'NEUTRAL': 16.84, 'SAD': 49.31, 'SURPRISE': 7.4}
2026-05-20 16:18:16,643 | INFO     | [696591] 🎯 KẾT QUẢ CHỐT: SAD (49.31%)
2026-05-20 16:18:16,643 | INFO     | [696591] ⏱️ Thời gian phản hồi: 51.96 ms
2026-05-20 16:18:16,685 | INFO     | [696685] ------------------------------------------
2026-05-20 16:18:16,685 | INFO     | [696685] 📥 NHẬN YÊU CẦU QUÉT KHUÔN MẶT MỚI
2026-05-20 16:18:16,685 | INFO     | [696685] Đã xử lý ảnh thành công. Kích thước tensor: (1, 48, 48, 1)
2026-05-20 16:18:16,735 | INFO     | [696685] 📊 Chi tiết dự đoán: {'ANGRY': 4.67, 'DISGUST': 0.03, 'FEAR': 14.6, 'HAPPY': 2.18, 'NEUTRAL': 15.39, 'SAD': 58.06, 'SURPRISE': 5.07}
2026-05-20 16:18:16,735 | INFO     | [696685] 🎯 KẾT QUẢ CHỐT: SAD (58.06%)
2026-05-20 16:18:16,735 | INFO     | [696685] ⏱️ Thời gian phản hồi: 50.04 ms
2026-05-20 16:18:16,778 | INFO     | [696778] ------------------------------------------
2026-05-20 16:18:16,778 | INFO     | [696778] 📥 NHẬN YÊU CẦU QUÉT KHUÔN MẶT MỚI
2026-05-20 16:18:16,779 | INFO     | [696778] Đã xử lý ảnh thành công. Kích thước tensor: (1, 48, 48, 1)
2026-05-20 16:18:16,840 | INFO     | [696778] 📊 Chi tiết dự đoán: {'ANGRY': 2.85, 'DISGUST': 0.02, 'FEAR': 8.59, 'HAPPY': 1.56, 'NEUTRAL': 17.55, 'SAD': 68.31, 'SURPRISE': 1.12}
2026-05-20 16:18:16,841 | INFO     | [696778] 🎯 KẾT QUẢ CHỐT: SAD (68.31%)
2026-05-20 16:18:16,841 | INFO     | [696778] ⏱️ Thời gian phản hồi: 62.75 ms
2026-05-20 16:18:16,885 | INFO     | [696885] ------------------------------------------
2026-05-20 16:18:16,885 | INFO     | [696885] 📥 NHẬN YÊU CẦU QUÉT KHUÔN MẶT MỚI
2026-05-20 16:18:16,887 | INFO     | [696885] Đã xử lý ảnh thành công. Kích thước tensor: (1, 48, 48, 1)
2026-05-20 16:18:16,937 | INFO     | [696885] 📊 Chi tiết dự đoán: {'ANGRY': 3.3, 'DISGUST': 0.02, 'FEAR': 8.93, 'HAPPY': 1.36, 'NEUTRAL': 20.32, 'SAD': 65.18, 'SURPRISE': 0.9}
2026-05-20 16:18:16,938 | INFO     | [696885] 🎯 KẾT QUẢ CHỐT: SAD (65.18%)
2026-05-20 16:18:16,938 | INFO     | [696885] ⏱️ Thời gian phản hồi: 52.21 ms
2026-05-20 16:18:16,980 | INFO     | [696980] ------------------------------------------
2026-05-20 16:18:16,980 | INFO     | [696980] 📥 NHẬN YÊU CẦU QUÉT KHUÔN MẶT MỚI
2026-05-20 16:18:16,981 | INFO     | [696980] Đã xử lý ảnh thành công. Kích thước tensor: (1, 48, 48, 1)
2026-05-20 16:18:17,040 | INFO     | [696980] 📊 Chi tiết dự đoán: {'ANGRY': 5.14, 'DISGUST': 0.03, 'FEAR': 12.94, 'HAPPY': 2.1, 'NEUTRAL': 19.73, 'SAD': 57.23, 'SURPRISE': 2.83}
2026-05-20 16:18:17,041 | INFO     | [696980] 🎯 KẾT QUẢ CHỐT: SAD (57.23%)
2026-05-20 16:18:17,041 | INFO     | [696980] ⏱️ Thời gian phản hồi: 60.56 ms
2026-05-20 16:18:17,088 | INFO     | [697088] ------------------------------------------
2026-05-20 16:18:17,089 | INFO     | [697088] 📥 NHẬN YÊU CẦU QUÉT KHUÔN MẶT MỚI
2026-05-20 16:18:17,090 | INFO     | [697088] Đã xử lý ảnh thành công. Kích thước tensor: (1, 48, 48, 1)
2026-05-20 16:18:17,149 | INFO     | [697088] 📊 Chi tiết dự đoán: {'ANGRY': 6.11, 'DISGUST': 0.05, 'FEAR': 15.49, 'HAPPY': 2.44, 'NEUTRAL': 16.28, 'SAD': 54.67, 'SURPRISE': 4.96}
2026-05-20 16:18:17,149 | INFO     | [697088] 🎯 KẾT QUẢ CHỐT: SAD (54.67%)
2026-05-20 16:18:17,149 | INFO     | [697088] ⏱️ Thời gian phản hồi: 61.81 ms
2026-05-20 16:18:17,183 | INFO     | [697183] ------------------------------------------
2026-05-20 16:18:17,183 | INFO     | [697183] 📥 NHẬN YÊU CẦU QUÉT KHUÔN MẶT MỚI
2026-05-20 16:18:17,184 | INFO     | [697183] Đã xử lý ảnh thành công. Kích thước tensor: (1, 48, 48, 1)
2026-05-20 16:18:17,239 | INFO     | [697183] 📊 Chi tiết dự đoán: {'ANGRY': 5.73, 'DISGUST': 0.05, 'FEAR': 13.67, 'HAPPY': 3.62, 'NEUTRAL': 14.75, 'SAD': 58.95, 'SURPRISE': 3.24}
2026-05-20 16:18:17,239 | INFO     | [697183] 🎯 KẾT QUẢ CHỐT: SAD (58.95%)
2026-05-20 16:18:17,239 | INFO     | [697183] ⏱️ Thời gian phản hồi: 56.18 ms
2026-05-20 16:18:17,276 | INFO     | [697276] ------------------------------------------
2026-05-20 16:18:17,276 | INFO     | [697276] 📥 NHẬN YÊU CẦU QUÉT KHUÔN MẶT MỚI
2026-05-20 16:18:17,277 | INFO     | [697276] Đã xử lý ảnh thành công. Kích thước tensor: (1, 48, 48, 1)
2026-05-20 16:18:17,327 | INFO     | [697276] 📊 Chi tiết dự đoán: {'ANGRY': 6.22, 'DISGUST': 0.04, 'FEAR': 15.93, 'HAPPY': 2.84, 'NEUTRAL': 17.82, 'SAD': 52.29, 'SURPRISE': 4.86}
2026-05-20 16:18:17,327 | INFO     | [697276] 🎯 KẾT QUẢ CHỐT: SAD (52.29%)
2026-05-20 16:18:17,327 | INFO     | [697276] ⏱️ Thời gian phản hồi: 51.27 ms
2026-05-20 16:18:17,386 | INFO     | [697386] ------------------------------------------
2026-05-20 16:18:17,386 | INFO     | [697386] 📥 NHẬN YÊU CẦU QUÉT KHUÔN MẶT MỚI
2026-05-20 16:18:17,386 | INFO     | [697386] Đã xử lý ảnh thành công. Kích thước tensor: (1, 48, 48, 1)
2026-05-20 16:18:17,438 | INFO     | [697386] 📊 Chi tiết dự đoán: {'ANGRY': 4.24, 'DISGUST': 0.03, 'FEAR': 7.94, 'HAPPY': 2.35, 'NEUTRAL': 18.68, 'SAD': 65.59, 'SURPRISE': 1.17}
2026-05-20 16:18:17,438 | INFO     | [697386] 🎯 KẾT QUẢ CHỐT: SAD (65.59%)
2026-05-20 16:18:17,438 | INFO     | [697386] ⏱️ Thời gian phản hồi: 51.86 ms
2026-05-20 16:18:17,479 | INFO     | [697479] ------------------------------------------
2026-05-20 16:18:17,479 | INFO     | [697479] 📥 NHẬN YÊU CẦU QUÉT KHUÔN MẶT MỚI
2026-05-20 16:18:17,480 | INFO     | [697479] Đã xử lý ảnh thành công. Kích thước tensor: (1, 48, 48, 1)
2026-05-20 16:18:17,534 | INFO     | [697479] 📊 Chi tiết dự đoán: {'ANGRY': 3.9, 'DISGUST': 0.03, 'FEAR': 9.67, 'HAPPY': 1.76, 'NEUTRAL': 19.02, 'SAD': 64.25, 'SURPRISE': 1.38}
2026-05-20 16:18:17,534 | INFO     | [697479] 🎯 KẾT QUẢ CHỐT: SAD (64.25%)
2026-05-20 16:18:17,534 | INFO     | [697479] ⏱️ Thời gian phản hồi: 55.35 ms
2026-05-20 16:18:17,588 | INFO     | [697588] ------------------------------------------
2026-05-20 16:18:17,589 | INFO     | [697588] 📥 NHẬN YÊU CẦU QUÉT KHUÔN MẶT MỚI
2026-05-20 16:18:17,589 | INFO     | [697588] Đã xử lý ảnh thành công. Kích thước tensor: (1, 48, 48, 1)
2026-05-20 16:18:17,644 | INFO     | [697588] 📊 Chi tiết dự đoán: {'ANGRY': 4.92, 'DISGUST': 0.03, 'FEAR': 13.52, 'HAPPY': 2.87, 'NEUTRAL': 16.2, 'SAD': 58.76, 'SURPRISE': 3.71}
2026-05-20 16:18:17,644 | INFO     | [697588] 🎯 KẾT QUẢ CHỐT: SAD (58.76%)
2026-05-20 16:18:17,644 | INFO     | [697588] ⏱️ Thời gian phản hồi: 56.73 ms
2026-05-20 16:18:17,684 | INFO     | [697682] ------------------------------------------
2026-05-20 16:18:17,684 | INFO     | [697682] 📥 NHẬN YÊU CẦU QUÉT KHUÔN MẶT MỚI
2026-05-20 16:18:17,684 | INFO     | [697682] Đã xử lý ảnh thành công. Kích thước tensor: (1, 48, 48, 1)
2026-05-20 16:18:17,739 | INFO     | [697682] 📊 Chi tiết dự đoán: {'ANGRY': 6.31, 'DISGUST': 0.04, 'FEAR': 17.04, 'HAPPY': 2.24, 'NEUTRAL': 14.95, 'SAD': 51.98, 'SURPRISE': 7.43}
2026-05-20 16:18:17,739 | INFO     | [697682] 🎯 KẾT QUẢ CHỐT: SAD (51.98%)
2026-05-20 16:18:17,739 | INFO     | [697682] ⏱️ Thời gian phản hồi: 56.69 ms
2026-05-20 16:18:17,776 | INFO     | [697776] ------------------------------------------
2026-05-20 16:18:17,776 | INFO     | [697776] 📥 NHẬN YÊU CẦU QUÉT KHUÔN MẶT MỚI
2026-05-20 16:18:17,776 | INFO     | [697776] Đã xử lý ảnh thành công. Kích thước tensor: (1, 48, 48, 1)
2026-05-20 16:18:17,831 | INFO     | [697776] 📊 Chi tiết dự đoán: {'ANGRY': 7.23, 'DISGUST': 0.08, 'FEAR': 13.5, 'HAPPY': 1.12, 'NEUTRAL': 11.98, 'SAD': 63.44, 'SURPRISE': 2.65}
2026-05-20 16:18:17,831 | INFO     | [697776] 🎯 KẾT QUẢ CHỐT: SAD (63.44%)
2026-05-20 16:18:17,832 | INFO     | [697776] ⏱️ Thời gian phản hồi: 54.64 ms
2026-05-20 16:18:17,884 | INFO     | [697884] ------------------------------------------
2026-05-20 16:18:17,886 | INFO     | [697884] 📥 NHẬN YÊU CẦU QUÉT KHUÔN MẶT MỚI
2026-05-20 16:18:17,886 | INFO     | [697884] Đã xử lý ảnh thành công. Kích thước tensor: (1, 48, 48, 1)
2026-05-20 16:18:17,954 | INFO     | [697884] 📊 Chi tiết dự đoán: {'ANGRY': 3.77, 'DISGUST': 0.05, 'FEAR': 8.04, 'HAPPY': 0.94, 'NEUTRAL': 12.74, 'SAD': 73.79, 'SURPRISE': 0.68}
2026-05-20 16:18:17,954 | INFO     | [697884] 🎯 KẾT QUẢ CHỐT: SAD (73.79%)
2026-05-20 16:18:17,954 | INFO     | [697884] ⏱️ Thời gian phản hồi: 69.23 ms
2026-05-20 16:18:17,977 | INFO     | [697977] ------------------------------------------
2026-05-20 16:18:17,978 | INFO     | [697977] 📥 NHẬN YÊU CẦU QUÉT KHUÔN MẶT MỚI
2026-05-20 16:18:17,978 | INFO     | [697977] Đã xử lý ảnh thành công. Kích thước tensor: (1, 48, 48, 1)
2026-05-20 16:18:18,039 | INFO     | [697977] 📊 Chi tiết dự đoán: {'ANGRY': 4.55, 'DISGUST': 0.04, 'FEAR': 8.74, 'HAPPY': 1.53, 'NEUTRAL': 14.82, 'SAD': 69.5, 'SURPRISE': 0.82}
2026-05-20 16:18:18,040 | INFO     | [697977] 🎯 KẾT QUẢ CHỐT: SAD (69.50%)
2026-05-20 16:18:18,040 | INFO     | [697977] ⏱️ Thời gian phản hồi: 62.39 ms
2026-05-20 16:18:18,087 | INFO     | [698087] ------------------------------------------
2026-05-20 16:18:18,089 | INFO     | [698087] 📥 NHẬN YÊU CẦU QUÉT KHUÔN MẶT MỚI
2026-05-20 16:18:18,089 | INFO     | [698087] Đã xử lý ảnh thành công. Kích thước tensor: (1, 48, 48, 1)
2026-05-20 16:18:18,147 | INFO     | [698087] 📊 Chi tiết dự đoán: {'ANGRY': 7.16, 'DISGUST': 0.09, 'FEAR': 12.21, 'HAPPY': 1.33, 'NEUTRAL': 10.96, 'SAD': 66.38, 'SURPRISE': 1.87}
2026-05-20 16:18:18,148 | INFO     | [698087] 🎯 KẾT QUẢ CHỐT: SAD (66.38%)
2026-05-20 16:18:18,148 | INFO     | [698087] ⏱️ Thời gian phản hồi: 60.05 ms
2026-05-20 16:18:18,182 | INFO     | [698182] ------------------------------------------
2026-05-20 16:18:18,182 | INFO     | [698182] 📥 NHẬN YÊU CẦU QUÉT KHUÔN MẶT MỚI
2026-05-20 16:18:18,183 | INFO     | [698182] Đã xử lý ảnh thành công. Kích thước tensor: (1, 48, 48, 1)
2026-05-20 16:18:18,237 | INFO     | [698182] 📊 Chi tiết dự đoán: {'ANGRY': 5.61, 'DISGUST': 0.05, 'FEAR': 9.65, 'HAPPY': 1.45, 'NEUTRAL': 15.19, 'SAD': 66.92, 'SURPRISE': 1.13}
2026-05-20 16:18:18,237 | INFO     | [698182] 🎯 KẾT QUẢ CHỐT: SAD (66.92%)
2026-05-20 16:18:18,237 | INFO     | [698182] ⏱️ Thời gian phản hồi: 55.06 ms
2026-05-20 16:18:18,274 | INFO     | [698274] ------------------------------------------
2026-05-20 16:18:18,275 | INFO     | [698274] 📥 NHẬN YÊU CẦU QUÉT KHUÔN MẶT MỚI
2026-05-20 16:18:18,275 | INFO     | [698274] Đã xử lý ảnh thành công. Kích thước tensor: (1, 48, 48, 1)
2026-05-20 16:18:18,328 | INFO     | [698274] 📊 Chi tiết dự đoán: {'ANGRY': 3.88, 'DISGUST': 0.04, 'FEAR': 8.73, 'HAPPY': 0.6, 'NEUTRAL': 12.16, 'SAD': 73.89, 'SURPRISE': 0.69}
2026-05-20 16:18:18,329 | INFO     | [698274] 🎯 KẾT QUẢ CHỐT: SAD (73.89%)
2026-05-20 16:18:18,329 | INFO     | [698274] ⏱️ Thời gian phản hồi: 54.71 ms
2026-05-20 16:18:18,383 | INFO     | [698383] ------------------------------------------
2026-05-20 16:18:18,383 | INFO     | [698383] 📥 NHẬN YÊU CẦU QUÉT KHUÔN MẶT MỚI
2026-05-20 16:18:18,383 | INFO     | [698383] Đã xử lý ảnh thành công. Kích thước tensor: (1, 48, 48, 1)
2026-05-20 16:18:18,434 | INFO     | [698383] 📊 Chi tiết dự đoán: {'ANGRY': 4.18, 'DISGUST': 0.04, 'FEAR': 10.09, 'HAPPY': 0.68, 'NEUTRAL': 14.46, 'SAD': 69.52, 'SURPRISE': 1.03}
2026-05-20 16:18:18,434 | INFO     | [698383] 🎯 KẾT QUẢ CHỐT: SAD (69.52%)
2026-05-20 16:18:18,434 | INFO     | [698383] ⏱️ Thời gian phản hồi: 51.41 ms
2026-05-20 16:18:18,478 | INFO     | [698477] ------------------------------------------
2026-05-20 16:18:18,478 | INFO     | [698477] 📥 NHẬN YÊU CẦU QUÉT KHUÔN MẶT MỚI
2026-05-20 16:18:18,478 | INFO     | [698477] Đã xử lý ảnh thành công. Kích thước tensor: (1, 48, 48, 1)
2026-05-20 16:18:18,527 | INFO     | [698477] 📊 Chi tiết dự đoán: {'ANGRY': 6.16, 'DISGUST': 0.08, 'FEAR': 14.65, 'HAPPY': 0.96, 'NEUTRAL': 11.59, 'SAD': 61.98, 'SURPRISE': 4.58}
2026-05-20 16:18:18,528 | INFO     | [698477] 🎯 KẾT QUẢ CHỐT: SAD (61.98%)
2026-05-20 16:18:18,528 | INFO     | [698477] ⏱️ Thời gian phản hồi: 50.39 ms
2026-05-20 16:18:18,590 | INFO     | [698590] ------------------------------------------
2026-05-20 16:18:18,590 | INFO     | [698590] 📥 NHẬN YÊU CẦU QUÉT KHUÔN MẶT MỚI
2026-05-20 16:18:18,591 | INFO     | [698590] Đã xử lý ảnh thành công. Kích thước tensor: (1, 48, 48, 1)
2026-05-20 16:18:18,641 | INFO     | [698590] 📊 Chi tiết dự đoán: {'ANGRY': 5.77, 'DISGUST': 0.08, 'FEAR': 13.31, 'HAPPY': 0.84, 'NEUTRAL': 9.62, 'SAD': 67.03, 'SURPRISE': 3.36}
2026-05-20 16:18:18,642 | INFO     | [698590] 🎯 KẾT QUẢ CHỐT: SAD (67.03%)
2026-05-20 16:18:18,642 | INFO     | [698590] ⏱️ Thời gian phản hồi: 50.21 ms
2026-05-20 16:18:18,681 | INFO     | [698681] ------------------------------------------
2026-05-20 16:18:18,681 | INFO     | [698681] 📥 NHẬN YÊU CẦU QUÉT KHUÔN MẶT MỚI
2026-05-20 16:18:18,682 | INFO     | [698681] Đã xử lý ảnh thành công. Kích thước tensor: (1, 48, 48, 1)
2026-05-20 16:18:18,731 | INFO     | [698681] 📊 Chi tiết dự đoán: {'ANGRY': 3.94, 'DISGUST': 0.04, 'FEAR': 11.76, 'HAPPY': 0.71, 'NEUTRAL': 10.95, 'SAD': 70.77, 'SURPRISE': 1.82}
2026-05-20 16:18:18,732 | INFO     | [698681] 🎯 KẾT QUẢ CHỐT: SAD (70.77%)
2026-05-20 16:18:18,732 | INFO     | [698681] ⏱️ Thời gian phản hồi: 50.28 ms
2026-05-20 16:18:18,773 | INFO     | [698773] ------------------------------------------
2026-05-20 16:18:18,775 | INFO     | [698773] 📥 NHẬN YÊU CẦU QUÉT KHUÔN MẶT MỚI
2026-05-20 16:18:18,775 | INFO     | [698773] Đã xử lý ảnh thành công. Kích thước tensor: (1, 48, 48, 1)
2026-05-20 16:18:18,832 | INFO     | [698773] 📊 Chi tiết dự đoán: {'ANGRY': 3.51, 'DISGUST': 0.04, 'FEAR': 8.55, 'HAPPY': 0.73, 'NEUTRAL': 11.25, 'SAD': 75.32, 'SURPRISE': 0.61}
2026-05-20 16:18:18,832 | INFO     | [698773] 🎯 KẾT QUẢ CHỐT: SAD (75.32%)
2026-05-20 16:18:18,833 | INFO     | [698773] ⏱️ Thời gian phản hồi: 58.62 ms
2026-05-20 16:18:18,880 | INFO     | [698880] ------------------------------------------
2026-05-20 16:18:18,881 | INFO     | [698880] 📥 NHẬN YÊU CẦU QUÉT KHUÔN MẶT MỚI
2026-05-20 16:18:18,882 | INFO     | [698880] Đã xử lý ảnh thành công. Kích thước tensor: (1, 48, 48, 1)
2026-05-20 16:18:18,940 | INFO     | [698880] 📊 Chi tiết dự đoán: {'ANGRY': 5.09, 'DISGUST': 0.07, 'FEAR': 10.54, 'HAPPY': 0.93, 'NEUTRAL': 13.58, 'SAD': 68.32, 'SURPRISE': 1.46}
2026-05-20 16:18:18,940 | INFO     | [698880] 🎯 KẾT QUẢ CHỐT: SAD (68.32%)
2026-05-20 16:18:18,940 | INFO     | [698880] ⏱️ Thời gian phản hồi: 60.21 ms
2026-05-20 16:18:18,973 | INFO     | [698973] ------------------------------------------
2026-05-20 16:18:18,974 | INFO     | [698973] 📥 NHẬN YÊU CẦU QUÉT KHUÔN MẶT MỚI
2026-05-20 16:18:18,974 | INFO     | [698973] Đã xử lý ảnh thành công. Kích thước tensor: (1, 48, 48, 1)
2026-05-20 16:18:19,037 | INFO     | [698973] 📊 Chi tiết dự đoán: {'ANGRY': 6.7, 'DISGUST': 0.1, 'FEAR': 12.77, 'HAPPY': 1.03, 'NEUTRAL': 14.33, 'SAD': 60.99, 'SURPRISE': 4.08}
2026-05-20 16:18:19,037 | INFO     | [698973] 🎯 KẾT QUẢ CHỐT: SAD (60.99%)
2026-05-20 16:18:19,037 | INFO     | [698973] ⏱️ Thời gian phản hồi: 63.78 ms
2026-05-20 16:18:19,084 | INFO     | [699084] ------------------------------------------
2026-05-20 16:18:19,084 | INFO     | [699084] 📥 NHẬN YÊU CẦU QUÉT KHUÔN MẶT MỚI
2026-05-20 16:18:19,086 | INFO     | [699084] Đã xử lý ảnh thành công. Kích thước tensor: (1, 48, 48, 1)
2026-05-20 16:18:19,142 | INFO     | [699084] 📊 Chi tiết dự đoán: {'ANGRY': 6.72, 'DISGUST': 0.12, 'FEAR': 14.05, 'HAPPY': 1.09, 'NEUTRAL': 14.38, 'SAD': 58.83, 'SURPRISE': 4.8}
2026-05-20 16:18:19,142 | INFO     | [699084] 🎯 KẾT QUẢ CHỐT: SAD (58.83%)
2026-05-20 16:18:19,142 | INFO     | [699084] ⏱️ Thời gian phản hồi: 57.63 ms
2026-05-20 16:18:19,177 | INFO     | [699176] ------------------------------------------
2026-05-20 16:18:19,177 | INFO     | [699176] 📥 NHẬN YÊU CẦU QUÉT KHUÔN MẶT MỚI
2026-05-20 16:18:19,177 | INFO     | [699176] Đã xử lý ảnh thành công. Kích thước tensor: (1, 48, 48, 1)
2026-05-20 16:18:19,229 | INFO     | [699176] 📊 Chi tiết dự đoán: {'ANGRY': 6.29, 'DISGUST': 0.09, 'FEAR': 14.79, 'HAPPY': 1.34, 'NEUTRAL': 14.19, 'SAD': 57.91, 'SURPRISE': 5.38}
2026-05-20 16:18:19,229 | INFO     | [699176] 🎯 KẾT QUẢ CHỐT: SAD (57.91%)
2026-05-20 16:18:19,229 | INFO     | [699176] ⏱️ Thời gian phản hồi: 51.8 ms
2026-05-20 16:18:19,271 | INFO     | [699271] ------------------------------------------
2026-05-20 16:18:19,271 | INFO     | [699271] 📥 NHẬN YÊU CẦU QUÉT KHUÔN MẶT MỚI
2026-05-20 16:18:19,273 | INFO     | [699271] Đã xử lý ảnh thành công. Kích thước tensor: (1, 48, 48, 1)
2026-05-20 16:18:19,322 | INFO     | [699271] 📊 Chi tiết dự đoán: {'ANGRY': 6.73, 'DISGUST': 0.1, 'FEAR': 15.59, 'HAPPY': 1.31, 'NEUTRAL': 12.52, 'SAD': 57.58, 'SURPRISE': 6.17}
2026-05-20 16:18:19,322 | INFO     | [699271] 🎯 KẾT QUẢ CHỐT: SAD (57.58%)
2026-05-20 16:18:19,322 | INFO     | [699271] ⏱️ Thời gian phản hồi: 50.56 ms
2026-05-20 16:18:19,380 | INFO     | [699380] ------------------------------------------
2026-05-20 16:18:19,380 | INFO     | [699380] 📥 NHẬN YÊU CẦU QUÉT KHUÔN MẶT MỚI
2026-05-20 16:18:19,380 | INFO     | [699380] Đã xử lý ảnh thành công. Kích thước tensor: (1, 48, 48, 1)
2026-05-20 16:18:19,433 | INFO     | [699380] 📊 Chi tiết dự đoán: {'ANGRY': 5.07, 'DISGUST': 0.07, 'FEAR': 12.28, 'HAPPY': 1.22, 'NEUTRAL': 12.54, 'SAD': 66.23, 'SURPRISE': 2.6}
2026-05-20 16:18:19,433 | INFO     | [699380] 🎯 KẾT QUẢ CHỐT: SAD (66.23%)
2026-05-20 16:18:19,433 | INFO     | [699380] ⏱️ Thời gian phản hồi: 52.88 ms
2026-05-20 16:18:19,471 | INFO     | [699471] ------------------------------------------
2026-05-20 16:18:19,473 | INFO     | [699471] 📥 NHẬN YÊU CẦU QUÉT KHUÔN MẶT MỚI
2026-05-20 16:18:19,473 | INFO     | [699471] Đã xử lý ảnh thành công. Kích thước tensor: (1, 48, 48, 1)
2026-05-20 16:18:19,530 | INFO     | [699471] 📊 Chi tiết dự đoán: {'ANGRY': 6.7, 'DISGUST': 0.09, 'FEAR': 15.81, 'HAPPY': 1.26, 'NEUTRAL': 19.72, 'SAD': 48.22, 'SURPRISE': 8.2}
2026-05-20 16:18:19,530 | INFO     | [699471] 🎯 KẾT QUẢ CHỐT: SAD (48.22%)
2026-05-20 16:18:19,530 | INFO     | [699471] ⏱️ Thời gian phản hồi: 58.51 ms
2026-05-20 16:18:19,582 | INFO     | [699582] ------------------------------------------
2026-05-20 16:18:19,582 | INFO     | [699582] 📥 NHẬN YÊU CẦU QUÉT KHUÔN MẶT MỚI
2026-05-20 16:18:19,582 | INFO     | [699582] Đã xử lý ảnh thành công. Kích thước tensor: (1, 48, 48, 1)
2026-05-20 16:18:19,633 | INFO     | [699582] 📊 Chi tiết dự đoán: {'ANGRY': 5.89, 'DISGUST': 0.07, 'FEAR': 11.85, 'HAPPY': 1.35, 'NEUTRAL': 20.83, 'SAD': 55.78, 'SURPRISE': 4.24}
2026-05-20 16:18:19,633 | INFO     | [699582] 🎯 KẾT QUẢ CHỐT: SAD (55.78%)
2026-05-20 16:18:19,633 | INFO     | [699582] ⏱️ Thời gian phản hồi: 51.08 ms
2026-05-20 16:18:19,673 | INFO     | [699673] ------------------------------------------
2026-05-20 16:18:19,675 | INFO     | [699673] 📥 NHẬN YÊU CẦU QUÉT KHUÔN MẶT MỚI
2026-05-20 16:18:19,675 | INFO     | [699673] Đã xử lý ảnh thành công. Kích thước tensor: (1, 48, 48, 1)
2026-05-20 16:18:19,724 | INFO     | [699673] 📊 Chi tiết dự đoán: {'ANGRY': 6.61, 'DISGUST': 0.08, 'FEAR': 15.31, 'HAPPY': 1.36, 'NEUTRAL': 18.65, 'SAD': 49.71, 'SURPRISE': 8.27}
2026-05-20 16:18:19,725 | INFO     | [699673] 🎯 KẾT QUẢ CHỐT: SAD (49.71%)
2026-05-20 16:18:19,725 | INFO     | [699673] ⏱️ Thời gian phản hồi: 50.82 ms
2026-05-20 16:18:19,782 | INFO     | [699782] ------------------------------------------
2026-05-20 16:18:19,782 | INFO     | [699782] 📥 NHẬN YÊU CẦU QUÉT KHUÔN MẶT MỚI
2026-05-20 16:18:19,783 | INFO     | [699782] Đã xử lý ảnh thành công. Kích thước tensor: (1, 48, 48, 1)
2026-05-20 16:18:19,835 | INFO     | [699782] 📊 Chi tiết dự đoán: {'ANGRY': 6.04, 'DISGUST': 0.07, 'FEAR': 15.98, 'HAPPY': 1.25, 'NEUTRAL': 19.69, 'SAD': 48.41, 'SURPRISE': 8.57}
2026-05-20 16:18:19,835 | INFO     | [699782] 🎯 KẾT QUẢ CHỐT: SAD (48.41%)
2026-05-20 16:18:19,835 | INFO     | [699782] ⏱️ Thời gian phản hồi: 52.6 ms
2026-05-20 16:18:19,876 | INFO     | [699876] ------------------------------------------
2026-05-20 16:18:19,876 | INFO     | [699876] 📥 NHẬN YÊU CẦU QUÉT KHUÔN MẶT MỚI
2026-05-20 16:18:19,876 | INFO     | [699876] Đã xử lý ảnh thành công. Kích thước tensor: (1, 48, 48, 1)
2026-05-20 16:18:19,938 | INFO     | [699876] 📊 Chi tiết dự đoán: {'ANGRY': 6.31, 'DISGUST': 0.07, 'FEAR': 15.89, 'HAPPY': 1.12, 'NEUTRAL': 15.95, 'SAD': 53.72, 'SURPRISE': 6.94}
2026-05-20 16:18:19,938 | INFO     | [699876] 🎯 KẾT QUẢ CHỐT: SAD (53.72%)
2026-05-20 16:18:19,938 | INFO     | [699876] ⏱️ Thời gian phản hồi: 62.51 ms
2026-05-20 16:18:19,984 | INFO     | [699984] ------------------------------------------
2026-05-20 16:18:19,984 | INFO     | [699984] 📥 NHẬN YÊU CẦU QUÉT KHUÔN MẶT MỚI
2026-05-20 16:18:19,985 | INFO     | [699984] Đã xử lý ảnh thành công. Kích thước tensor: (1, 48, 48, 1)
2026-05-20 16:18:20,046 | INFO     | [699984] 📊 Chi tiết dự đoán: {'ANGRY': 6.9, 'DISGUST': 0.08, 'FEAR': 16.96, 'HAPPY': 1.31, 'NEUTRAL': 17.46, 'SAD': 47.42, 'SURPRISE': 9.87}
2026-05-20 16:18:20,046 | INFO     | [699984] 🎯 KẾT QUẢ CHỐT: SAD (47.42%)
2026-05-20 16:18:20,046 | INFO     | [699984] ⏱️ Thời gian phản hồi: 62.1 ms
2026-05-20 16:18:20,078 | INFO     | [700078] ------------------------------------------
2026-05-20 16:18:20,078 | INFO     | [700078] 📥 NHẬN YÊU CẦU QUÉT KHUÔN MẶT MỚI
2026-05-20 16:18:20,079 | INFO     | [700078] Đã xử lý ảnh thành công. Kích thước tensor: (1, 48, 48, 1)
2026-05-20 16:18:20,145 | INFO     | [700078] 📊 Chi tiết dự đoán: {'ANGRY': 8.48, 'DISGUST': 0.09, 'FEAR': 18.18, 'HAPPY': 1.33, 'NEUTRAL': 16.75, 'SAD': 44.82, 'SURPRISE': 10.35}
2026-05-20 16:18:20,154 | INFO     | [700078] 🎯 KẾT QUẢ CHỐT: SAD (44.82%)
2026-05-20 16:18:20,160 | INFO     | [700078] ⏱️ Thời gian phản hồi: 67.3 ms
2026-05-20 16:18:20,175 | INFO     | [700175] ------------------------------------------
2026-05-20 16:18:20,176 | INFO     | [700175] 📥 NHẬN YÊU CẦU QUÉT KHUÔN MẶT MỚI
2026-05-20 16:18:20,177 | INFO     | [700175] Đã xử lý ảnh thành công. Kích thước tensor: (1, 48, 48, 1)
2026-05-20 16:18:20,252 | INFO     | [700175] 📊 Chi tiết dự đoán: {'ANGRY': 6.16, 'DISGUST': 0.08, 'FEAR': 14.82, 'HAPPY': 1.09, 'NEUTRAL': 17.2, 'SAD': 55.09, 'SURPRISE': 5.56}
2026-05-20 16:18:20,253 | INFO     | [700175] 🎯 KẾT QUẢ CHỐT: SAD (55.09%)
2026-05-20 16:18:20,253 | INFO     | [700175] ⏱️ Thời gian phản hồi: 77.06 ms
2026-05-20 16:18:20,280 | INFO     | [700280] ------------------------------------------
2026-05-20 16:18:20,280 | INFO     | [700280] 📥 NHẬN YÊU CẦU QUÉT KHUÔN MẶT MỚI
2026-05-20 16:18:20,281 | INFO     | [700280] Đã xử lý ảnh thành công. Kích thước tensor: (1, 48, 48, 1)
2026-05-20 16:18:20,336 | INFO     | [700280] 📊 Chi tiết dự đoán: {'ANGRY': 7.4, 'DISGUST': 0.09, 'FEAR': 17.42, 'HAPPY': 1.19, 'NEUTRAL': 15.9, 'SAD': 48.63, 'SURPRISE': 9.37}
2026-05-20 16:18:20,336 | INFO     | [700280] 🎯 KẾT QUẢ CHỐT: SAD (48.63%)
2026-05-20 16:18:20,336 | INFO     | [700280] ⏱️ Thời gian phản hồi: 55.53 ms
2026-05-20 16:18:20,372 | INFO     | [700372] ------------------------------------------
2026-05-20 16:18:20,373 | INFO     | [700372] 📥 NHẬN YÊU CẦU QUÉT KHUÔN MẶT MỚI
2026-05-20 16:18:20,373 | INFO     | [700372] Đã xử lý ảnh thành công. Kích thước tensor: (1, 48, 48, 1)
2026-05-20 16:18:20,431 | INFO     | [700372] 📊 Chi tiết dự đoán: {'ANGRY': 7.87, 'DISGUST': 0.08, 'FEAR': 15.42, 'HAPPY': 1.27, 'NEUTRAL': 17.09, 'SAD': 50.37, 'SURPRISE': 7.89}
2026-05-20 16:18:20,432 | INFO     | [700372] 🎯 KẾT QUẢ CHỐT: SAD (50.37%)
2026-05-20 16:18:20,432 | INFO     | [700372] ⏱️ Thời gian phản hồi: 59.33 ms
2026-05-20 16:18:20,482 | INFO     | [700482] ------------------------------------------
2026-05-20 16:18:20,482 | INFO     | [700482] 📥 NHẬN YÊU CẦU QUÉT KHUÔN MẶT MỚI
2026-05-20 16:18:20,482 | INFO     | [700482] Đã xử lý ảnh thành công. Kích thước tensor: (1, 48, 48, 1)
2026-05-20 16:18:20,546 | INFO     | [700482] 📊 Chi tiết dự đoán: {'ANGRY': 7.39, 'DISGUST': 0.08, 'FEAR': 16.88, 'HAPPY': 1.03, 'NEUTRAL': 16.51, 'SAD': 49.84, 'SURPRISE': 8.27}
2026-05-20 16:18:20,546 | INFO     | [700482] 🎯 KẾT QUẢ CHỐT: SAD (49.84%)
2026-05-20 16:18:20,546 | INFO     | [700482] ⏱️ Thời gian phản hồi: 64.09 ms
2026-05-20 16:18:20,575 | INFO     | [700575] ------------------------------------------
2026-05-20 16:18:20,575 | INFO     | [700575] 📥 NHẬN YÊU CẦU QUÉT KHUÔN MẶT MỚI
2026-05-20 16:18:20,575 | INFO     | [700575] Đã xử lý ảnh thành công. Kích thước tensor: (1, 48, 48, 1)
2026-05-20 16:18:20,636 | INFO     | [700575] 📊 Chi tiết dự đoán: {'ANGRY': 8.11, 'DISGUST': 0.09, 'FEAR': 17.06, 'HAPPY': 1.41, 'NEUTRAL': 17.56, 'SAD': 45.29, 'SURPRISE': 10.48}
2026-05-20 16:18:20,638 | INFO     | [700575] 🎯 KẾT QUẢ CHỐT: SAD (45.29%)
2026-05-20 16:18:20,638 | INFO     | [700575] ⏱️ Thời gian phản hồi: 61.06 ms
2026-05-20 16:18:20,671 | INFO     | [700671] ------------------------------------------
2026-05-20 16:18:20,671 | INFO     | [700671] 📥 NHẬN YÊU CẦU QUÉT KHUÔN MẶT MỚI
2026-05-20 16:18:20,671 | INFO     | [700671] Đã xử lý ảnh thành công. Kích thước tensor: (1, 48, 48, 1)
2026-05-20 16:18:20,724 | INFO     | [700671] 📊 Chi tiết dự đoán: {'ANGRY': 7.74, 'DISGUST': 0.08, 'FEAR': 18.18, 'HAPPY': 1.29, 'NEUTRAL': 17.58, 'SAD': 43.31, 'SURPRISE': 11.81}
2026-05-20 16:18:20,725 | INFO     | [700671] 🎯 KẾT QUẢ CHỐT: SAD (43.31%)
2026-05-20 16:18:20,725 | INFO     | [700671] ⏱️ Thời gian phản hồi: 52.95 ms
2026-05-20 16:18:20,780 | INFO     | [700780] ------------------------------------------
2026-05-20 16:18:20,780 | INFO     | [700780] 📥 NHẬN YÊU CẦU QUÉT KHUÔN MẶT MỚI
2026-05-20 16:18:20,780 | INFO     | [700780] Đã xử lý ảnh thành công. Kích thước tensor: (1, 48, 48, 1)
2026-05-20 16:18:20,835 | INFO     | [700780] 📊 Chi tiết dự đoán: {'ANGRY': 8.44, 'DISGUST': 0.09, 'FEAR': 16.54, 'HAPPY': 1.74, 'NEUTRAL': 16.67, 'SAD': 44.85, 'SURPRISE': 11.68}
2026-05-20 16:18:20,835 | INFO     | [700780] 🎯 KẾT QUẢ CHỐT: SAD (44.85%)
2026-05-20 16:18:20,836 | INFO     | [700780] ⏱️ Thời gian phản hồi: 54.37 ms
2026-05-20 16:18:20,888 | INFO     | [700888] ------------------------------------------
2026-05-20 16:18:20,889 | INFO     | [700888] 📥 NHẬN YÊU CẦU QUÉT KHUÔN MẶT MỚI
2026-05-20 16:18:20,889 | INFO     | [700888] Đã xử lý ảnh thành công. Kích thước tensor: (1, 48, 48, 1)
2026-05-20 16:18:20,954 | INFO     | [700888] 📊 Chi tiết dự đoán: {'ANGRY': 7.57, 'DISGUST': 0.08, 'FEAR': 16.3, 'HAPPY': 1.55, 'NEUTRAL': 19.56, 'SAD': 45.09, 'SURPRISE': 9.86}
2026-05-20 16:18:20,955 | INFO     | [700888] 🎯 KẾT QUẢ CHỐT: SAD (45.09%)
2026-05-20 16:18:20,955 | INFO     | [700888] ⏱️ Thời gian phản hồi: 66.11 ms
2026-05-20 16:18:20,981 | INFO     | [700981] ------------------------------------------
2026-05-20 16:18:20,981 | INFO     | [700981] 📥 NHẬN YÊU CẦU QUÉT KHUÔN MẶT MỚI
2026-05-20 16:18:20,982 | INFO     | [700981] Đã xử lý ảnh thành công. Kích thước tensor: (1, 48, 48, 1)
2026-05-20 16:18:21,059 | INFO     | [700981] 📊 Chi tiết dự đoán: {'ANGRY': 6.4, 'DISGUST': 0.07, 'FEAR': 15.03, 'HAPPY': 1.53, 'NEUTRAL': 18.85, 'SAD': 51.62, 'SURPRISE': 6.51}
2026-05-20 16:18:21,059 | INFO     | [700981] 🎯 KẾT QUẢ CHỐT: SAD (51.62%)
2026-05-20 16:18:21,059 | INFO     | [700981] ⏱️ Thời gian phản hồi: 78.4 ms
2026-05-20 16:18:21,088 | INFO     | [701088] ------------------------------------------
2026-05-20 16:18:21,090 | INFO     | [701088] 📥 NHẬN YÊU CẦU QUÉT KHUÔN MẶT MỚI
2026-05-20 16:18:21,090 | INFO     | [701088] Đã xử lý ảnh thành công. Kích thước tensor: (1, 48, 48, 1)
2026-05-20 16:18:21,154 | INFO     | [701088] 📊 Chi tiết dự đoán: {'ANGRY': 5.58, 'DISGUST': 0.07, 'FEAR': 13.28, 'HAPPY': 1.29, 'NEUTRAL': 20.0, 'SAD': 53.47, 'SURPRISE': 6.31}
2026-05-20 16:18:21,155 | INFO     | [701088] 🎯 KẾT QUẢ CHỐT: SAD (53.47%)
2026-05-20 16:18:21,155 | INFO     | [701088] ⏱️ Thời gian phản hồi: 65.35 ms
2026-05-20 16:18:21,183 | INFO     | [701183] ------------------------------------------
2026-05-20 16:18:21,183 | INFO     | [701183] 📥 NHẬN YÊU CẦU QUÉT KHUÔN MẶT MỚI
2026-05-20 16:18:21,183 | INFO     | [701183] Đã xử lý ảnh thành công. Kích thước tensor: (1, 48, 48, 1)
2026-05-20 16:18:21,246 | INFO     | [701183] 📊 Chi tiết dự đoán: {'ANGRY': 6.95, 'DISGUST': 0.07, 'FEAR': 16.17, 'HAPPY': 1.56, 'NEUTRAL': 17.52, 'SAD': 49.42, 'SURPRISE': 8.3}
2026-05-20 16:18:21,246 | INFO     | [701183] 🎯 KẾT QUẢ CHỐT: SAD (49.42%)
2026-05-20 16:18:21,246 | INFO     | [701183] ⏱️ Thời gian phản hồi: 62.81 ms
2026-05-20 16:18:21,292 | INFO     | [701292] ------------------------------------------
2026-05-20 16:18:21,292 | INFO     | [701292] 📥 NHẬN YÊU CẦU QUÉT KHUÔN MẶT MỚI
2026-05-20 16:18:21,292 | INFO     | [701292] Đã xử lý ảnh thành công. Kích thước tensor: (1, 48, 48, 1)
2026-05-20 16:18:21,352 | INFO     | [701292] 📊 Chi tiết dự đoán: {'ANGRY': 7.62, 'DISGUST': 0.08, 'FEAR': 14.94, 'HAPPY': 2.3, 'NEUTRAL': 17.63, 'SAD': 49.0, 'SURPRISE': 8.42}
2026-05-20 16:18:21,352 | INFO     | [701292] 🎯 KẾT QUẢ CHỐT: SAD (49.00%)
2026-05-20 16:18:21,352 | INFO     | [701292] ⏱️ Thời gian phản hồi: 60.0 ms
2026-05-20 16:18:21,386 | INFO     | [701386] ------------------------------------------
2026-05-20 16:18:21,386 | INFO     | [701386] 📥 NHẬN YÊU CẦU QUÉT KHUÔN MẶT MỚI
2026-05-20 16:18:21,386 | INFO     | [701386] Đã xử lý ảnh thành công. Kích thước tensor: (1, 48, 48, 1)
2026-05-20 16:18:21,447 | INFO     | [701386] 📊 Chi tiết dự đoán: {'ANGRY': 7.09, 'DISGUST': 0.08, 'FEAR': 13.43, 'HAPPY': 2.22, 'NEUTRAL': 18.63, 'SAD': 53.19, 'SURPRISE': 5.37}
2026-05-20 16:18:21,447 | INFO     | [701386] 🎯 KẾT QUẢ CHỐT: SAD (53.19%)
2026-05-20 16:18:21,448 | INFO     | [701386] ⏱️ Thời gian phản hồi: 60.92 ms
2026-05-20 16:18:21,479 | INFO     | [701479] ------------------------------------------
2026-05-20 16:18:21,479 | INFO     | [701479] 📥 NHẬN YÊU CẦU QUÉT KHUÔN MẶT MỚI
2026-05-20 16:18:21,480 | INFO     | [701479] Đã xử lý ảnh thành công. Kích thước tensor: (1, 48, 48, 1)
2026-05-20 16:18:21,537 | INFO     | [701479] 📊 Chi tiết dự đoán: {'ANGRY': 7.32, 'DISGUST': 0.08, 'FEAR': 16.83, 'HAPPY': 1.81, 'NEUTRAL': 15.02, 'SAD': 50.93, 'SURPRISE': 8.02}
2026-05-20 16:18:21,537 | INFO     | [701479] 🎯 KẾT QUẢ CHỐT: SAD (50.93%)
2026-05-20 16:18:21,537 | INFO     | [701479] ⏱️ Thời gian phản hồi: 58.22 ms
2026-05-20 16:18:21,586 | INFO     | [701586] ------------------------------------------
2026-05-20 16:18:21,587 | INFO     | [701586] 📥 NHẬN YÊU CẦU QUÉT KHUÔN MẶT MỚI
2026-05-20 16:18:21,587 | INFO     | [701586] Đã xử lý ảnh thành công. Kích thước tensor: (1, 48, 48, 1)
2026-05-20 16:18:21,648 | INFO     | [701586] 📊 Chi tiết dự đoán: {'ANGRY': 7.95, 'DISGUST': 0.08, 'FEAR': 17.46, 'HAPPY': 1.95, 'NEUTRAL': 14.42, 'SAD': 46.87, 'SURPRISE': 11.28}
2026-05-20 16:18:21,648 | INFO     | [701586] 🎯 KẾT QUẢ CHỐT: SAD (46.87%)
2026-05-20 16:18:21,648 | INFO     | [701586] ⏱️ Thời gian phản hồi: 61.75 ms
2026-05-20 16:18:21,681 | INFO     | [701681] ------------------------------------------
2026-05-20 16:18:21,681 | INFO     | [701681] 📥 NHẬN YÊU CẦU QUÉT KHUÔN MẶT MỚI
2026-05-20 16:18:21,682 | INFO     | [701681] Đã xử lý ảnh thành công. Kích thước tensor: (1, 48, 48, 1)
2026-05-20 16:18:21,739 | INFO     | [701681] 📊 Chi tiết dự đoán: {'ANGRY': 7.77, 'DISGUST': 0.07, 'FEAR': 15.95, 'HAPPY': 1.84, 'NEUTRAL': 18.1, 'SAD': 47.35, 'SURPRISE': 8.91}
2026-05-20 16:18:21,739 | INFO     | [701681] 🎯 KẾT QUẢ CHỐT: SAD (47.35%)
2026-05-20 16:18:21,739 | INFO     | [701681] ⏱️ Thời gian phản hồi: 57.9 ms
2026-05-20 16:18:21,792 | INFO     | [701792] ------------------------------------------
2026-05-20 16:18:21,792 | INFO     | [701792] 📥 NHẬN YÊU CẦU QUÉT KHUÔN MẶT MỚI
2026-05-20 16:18:21,793 | INFO     | [701792] Đã xử lý ảnh thành công. Kích thước tensor: (1, 48, 48, 1)
2026-05-20 16:18:21,855 | INFO     | [701792] 📊 Chi tiết dự đoán: {'ANGRY': 7.56, 'DISGUST': 0.08, 'FEAR': 14.75, 'HAPPY': 2.1, 'NEUTRAL': 16.92, 'SAD': 51.28, 'SURPRISE': 7.32}
2026-05-20 16:18:21,855 | INFO     | [701792] 🎯 KẾT QUẢ CHỐT: SAD (51.28%)
2026-05-20 16:18:21,855 | INFO     | [701792] ⏱️ Thời gian phản hồi: 61.96 ms
2026-05-20 16:18:21,886 | INFO     | [701886] ------------------------------------------
2026-05-20 16:18:21,886 | INFO     | [701886] 📥 NHẬN YÊU CẦU QUÉT KHUÔN MẶT MỚI
2026-05-20 16:18:21,886 | INFO     | [701886] Đã xử lý ảnh thành công. Kích thước tensor: (1, 48, 48, 1)
2026-05-20 16:18:21,944 | INFO     | [701886] 📊 Chi tiết dự đoán: {'ANGRY': 6.61, 'DISGUST': 0.07, 'FEAR': 16.12, 'HAPPY': 1.66, 'NEUTRAL': 18.17, 'SAD': 46.08, 'SURPRISE': 11.29}
2026-05-20 16:18:21,944 | INFO     | [701886] 🎯 KẾT QUẢ CHỐT: SAD (46.08%)
2026-05-20 16:18:21,944 | INFO     | [701886] ⏱️ Thời gian phản hồi: 56.98 ms
2026-05-20 16:18:21,979 | INFO     | [701979] ------------------------------------------
2026-05-20 16:18:21,979 | INFO     | [701979] 📥 NHẬN YÊU CẦU QUÉT KHUÔN MẶT MỚI
2026-05-20 16:18:21,980 | INFO     | [701979] Đã xử lý ảnh thành công. Kích thước tensor: (1, 48, 48, 1)
2026-05-20 16:18:22,045 | INFO     | [701979] 📊 Chi tiết dự đoán: {'ANGRY': 6.45, 'DISGUST': 0.06, 'FEAR': 15.04, 'HAPPY': 1.84, 'NEUTRAL': 19.1, 'SAD': 45.68, 'SURPRISE': 11.85}
2026-05-20 16:18:22,046 | INFO     | [701979] 🎯 KẾT QUẢ CHỐT: SAD (45.68%)
2026-05-20 16:18:22,046 | INFO     | [701979] ⏱️ Thời gian phản hồi: 65.96 ms
2026-05-20 16:18:22,089 | INFO     | [702089] ------------------------------------------
2026-05-20 16:18:22,089 | INFO     | [702089] 📥 NHẬN YÊU CẦU QUÉT KHUÔN MẶT MỚI
2026-05-20 16:18:22,089 | INFO     | [702089] Đã xử lý ảnh thành công. Kích thước tensor: (1, 48, 48, 1)
2026-05-20 16:18:22,142 | INFO     | [702089] 📊 Chi tiết dự đoán: {'ANGRY': 6.96, 'DISGUST': 0.07, 'FEAR': 17.39, 'HAPPY': 1.65, 'NEUTRAL': 19.14, 'SAD': 42.71, 'SURPRISE': 12.08}
2026-05-20 16:18:22,143 | INFO     | [702089] 🎯 KẾT QUẢ CHỐT: SAD (42.71%)
2026-05-20 16:18:22,143 | INFO     | [702089] ⏱️ Thời gian phản hồi: 52.56 ms
2026-05-20 16:18:22,183 | INFO     | [702183] ------------------------------------------
2026-05-20 16:18:22,183 | INFO     | [702183] 📥 NHẬN YÊU CẦU QUÉT KHUÔN MẶT MỚI
2026-05-20 16:18:22,183 | INFO     | [702183] Đã xử lý ảnh thành công. Kích thước tensor: (1, 48, 48, 1)
2026-05-20 16:18:22,239 | INFO     | [702183] 📊 Chi tiết dự đoán: {'ANGRY': 6.67, 'DISGUST': 0.06, 'FEAR': 16.35, 'HAPPY': 1.47, 'NEUTRAL': 21.99, 'SAD': 41.82, 'SURPRISE': 11.64}
2026-05-20 16:18:22,239 | INFO     | [702183] 🎯 KẾT QUẢ CHỐT: SAD (41.82%)
2026-05-20 16:18:22,239 | INFO     | [702183] ⏱️ Thời gian phản hồi: 55.62 ms
2026-05-20 16:18:22,294 | INFO     | [702294] ------------------------------------------
2026-05-20 16:18:22,294 | INFO     | [702294] 📥 NHẬN YÊU CẦU QUÉT KHUÔN MẶT MỚI
2026-05-20 16:18:22,294 | INFO     | [702294] Đã xử lý ảnh thành công. Kích thước tensor: (1, 48, 48, 1)
2026-05-20 16:18:22,365 | INFO     | [702294] 📊 Chi tiết dự đoán: {'ANGRY': 9.4, 'DISGUST': 0.07, 'FEAR': 19.75, 'HAPPY': 2.55, 'NEUTRAL': 18.13, 'SAD': 33.08, 'SURPRISE': 17.02}
2026-05-20 16:18:22,365 | INFO     | [702294] 🎯 KẾT QUẢ CHỐT: SAD (33.08%)
2026-05-20 16:18:22,365 | INFO     | [702294] ⏱️ Thời gian phản hồi: 71.8 ms
2026-05-20 16:18:22,385 | INFO     | [702385] ------------------------------------------
2026-05-20 16:18:22,385 | INFO     | [702385] 📥 NHẬN YÊU CẦU QUÉT KHUÔN MẶT MỚI
2026-05-20 16:18:22,385 | INFO     | [702385] Đã xử lý ảnh thành công. Kích thước tensor: (1, 48, 48, 1)
2026-05-20 16:18:22,455 | INFO     | [702385] 📊 Chi tiết dự đoán: {'ANGRY': 6.54, 'DISGUST': 0.06, 'FEAR': 15.64, 'HAPPY': 1.85, 'NEUTRAL': 20.77, 'SAD': 47.14, 'SURPRISE': 8.0}
2026-05-20 16:18:22,455 | INFO     | [702385] 🎯 KẾT QUẢ CHỐT: SAD (47.14%)
2026-05-20 16:18:22,455 | INFO     | [702385] ⏱️ Thời gian phản hồi: 70.4 ms
2026-05-20 16:18:22,493 | INFO     | [702493] ------------------------------------------
2026-05-20 16:18:22,493 | INFO     | [702493] 📥 NHẬN YÊU CẦU QUÉT KHUÔN MẶT MỚI
2026-05-20 16:18:22,494 | INFO     | [702493] Đã xử lý ảnh thành công. Kích thước tensor: (1, 48, 48, 1)
2026-05-20 16:18:22,574 | INFO     | [702493] 📊 Chi tiết dự đoán: {'ANGRY': 2.96, 'DISGUST': 0.03, 'FEAR': 8.77, 'HAPPY': 0.8, 'NEUTRAL': 16.87, 'SAD': 69.42, 'SURPRISE': 1.15}
2026-05-20 16:18:22,575 | INFO     | [702493] 🎯 KẾT QUẢ CHỐT: SAD (69.42%)
2026-05-20 16:18:22,575 | INFO     | [702493] ⏱️ Thời gian phản hồi: 80.76 ms
2026-05-20 16:18:22,587 | INFO     | [702587] ------------------------------------------
2026-05-20 16:18:22,587 | INFO     | [702587] 📥 NHẬN YÊU CẦU QUÉT KHUÔN MẶT MỚI
2026-05-20 16:18:22,588 | INFO     | [702587] Đã xử lý ảnh thành công. Kích thước tensor: (1, 48, 48, 1)
2026-05-20 16:18:22,647 | INFO     | [702587] 📊 Chi tiết dự đoán: {'ANGRY': 2.95, 'DISGUST': 0.04, 'FEAR': 8.91, 'HAPPY': 0.71, 'NEUTRAL': 13.78, 'SAD': 72.55, 'SURPRISE': 1.06}
2026-05-20 16:18:22,647 | INFO     | [702587] 🎯 KẾT QUẢ CHỐT: SAD (72.55%)
2026-05-20 16:18:22,647 | INFO     | [702587] ⏱️ Thời gian phản hồi: 60.26 ms
2026-05-20 16:18:22,696 | INFO     | [702696] ------------------------------------------
2026-05-20 16:18:22,696 | INFO     | [702696] 📥 NHẬN YÊU CẦU QUÉT KHUÔN MẶT MỚI
2026-05-20 16:18:22,697 | INFO     | [702696] Đã xử lý ảnh thành công. Kích thước tensor: (1, 48, 48, 1)
2026-05-20 16:18:22,760 | INFO     | [702696] 📊 Chi tiết dự đoán: {'ANGRY': 2.92, 'DISGUST': 0.03, 'FEAR': 8.23, 'HAPPY': 0.75, 'NEUTRAL': 15.45, 'SAD': 71.61, 'SURPRISE': 1.01}
2026-05-20 16:18:22,760 | INFO     | [702696] 🎯 KẾT QUẢ CHỐT: SAD (71.61%)
2026-05-20 16:18:22,760 | INFO     | [702696] ⏱️ Thời gian phản hồi: 63.66 ms
2026-05-20 16:18:22,789 | INFO     | [702789] ------------------------------------------
2026-05-20 16:18:22,789 | INFO     | [702789] 📥 NHẬN YÊU CẦU QUÉT KHUÔN MẶT MỚI
2026-05-20 16:18:22,791 | INFO     | [702789] Đã xử lý ảnh thành công. Kích thước tensor: (1, 48, 48, 1)
2026-05-20 16:18:22,857 | INFO     | [702789] 📊 Chi tiết dự đoán: {'ANGRY': 2.89, 'DISGUST': 0.03, 'FEAR': 8.59, 'HAPPY': 0.84, 'NEUTRAL': 14.13, 'SAD': 72.53, 'SURPRISE': 0.99}
2026-05-20 16:18:22,857 | INFO     | [702789] 🎯 KẾT QUẢ CHỐT: SAD (72.53%)
2026-05-20 16:18:22,857 | INFO     | [702789] ⏱️ Thời gian phản hồi: 67.95 ms
2026-05-20 16:18:22,884 | INFO     | [702884] ------------------------------------------
2026-05-20 16:18:22,884 | INFO     | [702884] 📥 NHẬN YÊU CẦU QUÉT KHUÔN MẶT MỚI
2026-05-20 16:18:22,885 | INFO     | [702884] Đã xử lý ảnh thành công. Kích thước tensor: (1, 48, 48, 1)
2026-05-20 16:18:22,946 | INFO     | [702884] 📊 Chi tiết dự đoán: {'ANGRY': 2.97, 'DISGUST': 0.04, 'FEAR': 8.64, 'HAPPY': 0.85, 'NEUTRAL': 13.69, 'SAD': 72.98, 'SURPRISE': 0.83}
2026-05-20 16:18:22,947 | INFO     | [702884] 🎯 KẾT QUẢ CHỐT: SAD (72.98%)
2026-05-20 16:18:22,947 | INFO     | [702884] ⏱️ Thời gian phản hồi: 61.76 ms
2026-05-20 16:18:22,992 | INFO     | [702992] ------------------------------------------
2026-05-20 16:18:22,993 | INFO     | [702992] 📥 NHẬN YÊU CẦU QUÉT KHUÔN MẶT MỚI
2026-05-20 16:18:22,993 | INFO     | [702992] Đã xử lý ảnh thành công. Kích thước tensor: (1, 48, 48, 1)
2026-05-20 16:18:23,052 | INFO     | [702992] 📊 Chi tiết dự đoán: {'ANGRY': 3.09, 'DISGUST': 0.04, 'FEAR': 9.06, 'HAPPY': 0.8, 'NEUTRAL': 16.75, 'SAD': 69.08, 'SURPRISE': 1.18}
2026-05-20 16:18:23,052 | INFO     | [702992] 🎯 KẾT QUẢ CHỐT: SAD (69.08%)
2026-05-20 16:18:23,052 | INFO     | [702992] ⏱️ Thời gian phản hồi: 59.89 ms
2026-05-20 16:18:23,085 | INFO     | [703084] ------------------------------------------
2026-05-20 16:18:23,085 | INFO     | [703084] 📥 NHẬN YÊU CẦU QUÉT KHUÔN MẶT MỚI
2026-05-20 16:18:23,086 | INFO     | [703084] Đã xử lý ảnh thành công. Kích thước tensor: (1, 48, 48, 1)
2026-05-20 16:18:23,139 | INFO     | [703084] 📊 Chi tiết dự đoán: {'ANGRY': 2.74, 'DISGUST': 0.04, 'FEAR': 10.13, 'HAPPY': 1.11, 'NEUTRAL': 14.92, 'SAD': 69.58, 'SURPRISE': 1.48}
2026-05-20 16:18:23,139 | INFO     | [703084] 🎯 KẾT QUẢ CHỐT: SAD (69.58%)
2026-05-20 16:18:23,140 | INFO     | [703084] ⏱️ Thời gian phản hồi: 55.18 ms
2026-05-20 16:18:23,191 | INFO     | [703191] ------------------------------------------
2026-05-20 16:18:23,192 | INFO     | [703191] 📥 NHẬN YÊU CẦU QUÉT KHUÔN MẶT MỚI
2026-05-20 16:18:23,192 | INFO     | [703191] Đã xử lý ảnh thành công. Kích thước tensor: (1, 48, 48, 1)
2026-05-20 16:18:23,264 | INFO     | [703191] 📊 Chi tiết dự đoán: {'ANGRY': 3.11, 'DISGUST': 0.05, 'FEAR': 11.04, 'HAPPY': 0.84, 'NEUTRAL': 12.01, 'SAD': 71.46, 'SURPRISE': 1.49}
2026-05-20 16:18:23,265 | INFO     | [703191] 🎯 KẾT QUẢ CHỐT: SAD (71.46%)
2026-05-20 16:18:23,265 | INFO     | [703191] ⏱️ Thời gian phản hồi: 72.93 ms
2026-05-20 16:18:23,286 | INFO     | [703286] ------------------------------------------
2026-05-20 16:18:23,286 | INFO     | [703286] 📥 NHẬN YÊU CẦU QUÉT KHUÔN MẶT MỚI
2026-05-20 16:18:23,286 | INFO     | [703286] Đã xử lý ảnh thành công. Kích thước tensor: (1, 48, 48, 1)
2026-05-20 16:18:23,346 | INFO     | [703286] 📊 Chi tiết dự đoán: {'ANGRY': 3.34, 'DISGUST': 0.04, 'FEAR': 8.44, 'HAPPY': 1.56, 'NEUTRAL': 19.01, 'SAD': 66.83, 'SURPRISE': 0.79}
2026-05-20 16:18:23,346 | INFO     | [703286] 🎯 KẾT QUẢ CHỐT: SAD (66.83%)
2026-05-20 16:18:23,346 | INFO     | [703286] ⏱️ Thời gian phản hồi: 60.5 ms
2026-05-20 16:18:23,393 | INFO     | [703393] ------------------------------------------
2026-05-20 16:18:23,394 | INFO     | [703393] 📥 NHẬN YÊU CẦU QUÉT KHUÔN MẶT MỚI
2026-05-20 16:18:23,394 | INFO     | [703393] Đã xử lý ảnh thành công. Kích thước tensor: (1, 48, 48, 1)
2026-05-20 16:18:23,458 | INFO     | [703393] 📊 Chi tiết dự đoán: {'ANGRY': 4.76, 'DISGUST': 0.04, 'FEAR': 7.51, 'HAPPY': 3.42, 'NEUTRAL': 23.72, 'SAD': 59.72, 'SURPRISE': 0.83}
2026-05-20 16:18:23,460 | INFO     | [703393] 🎯 KẾT QUẢ CHỐT: SAD (59.72%)
2026-05-20 16:18:23,460 | INFO     | [703393] ⏱️ Thời gian phản hồi: 64.95 ms
2026-05-20 16:18:23,486 | INFO     | [703486] ------------------------------------------
2026-05-20 16:18:23,486 | INFO     | [703486] 📥 NHẬN YÊU CẦU QUÉT KHUÔN MẶT MỚI
2026-05-20 16:18:23,488 | INFO     | [703486] Đã xử lý ảnh thành công. Kích thước tensor: (1, 48, 48, 1)
2026-05-20 16:18:23,543 | INFO     | [703486] 📊 Chi tiết dự đoán: {'ANGRY': 4.67, 'DISGUST': 0.04, 'FEAR': 7.09, 'HAPPY': 2.39, 'NEUTRAL': 21.38, 'SAD': 63.69, 'SURPRISE': 0.75}
2026-05-20 16:18:23,543 | INFO     | [703486] 🎯 KẾT QUẢ CHỐT: SAD (63.69%)
2026-05-20 16:18:23,543 | INFO     | [703486] ⏱️ Thời gian phản hồi: 56.95 ms
2026-05-20 16:18:23,596 | INFO     | [703596] ------------------------------------------
2026-05-20 16:18:23,596 | INFO     | [703596] 📥 NHẬN YÊU CẦU QUÉT KHUÔN MẶT MỚI
2026-05-20 16:18:23,597 | INFO     | [703596] Đã xử lý ảnh thành công. Kích thước tensor: (1, 48, 48, 1)
2026-05-20 16:18:23,653 | INFO     | [703596] 📊 Chi tiết dự đoán: {'ANGRY': 3.97, 'DISGUST': 0.04, 'FEAR': 7.17, 'HAPPY': 1.83, 'NEUTRAL': 25.27, 'SAD': 60.94, 'SURPRISE': 0.79}
2026-05-20 16:18:23,653 | INFO     | [703596] 🎯 KẾT QUẢ CHỐT: SAD (60.94%)
2026-05-20 16:18:23,653 | INFO     | [703596] ⏱️ Thời gian phản hồi: 56.98 ms
2026-05-20 16:18:23,691 | INFO     | [703691] ------------------------------------------
2026-05-20 16:18:23,691 | INFO     | [703691] 📥 NHẬN YÊU CẦU QUÉT KHUÔN MẶT MỚI
2026-05-20 16:18:23,691 | INFO     | [703691] Đã xử lý ảnh thành công. Kích thước tensor: (1, 48, 48, 1)
2026-05-20 16:18:23,746 | INFO     | [703691] 📊 Chi tiết dự đoán: {'ANGRY': 6.59, 'DISGUST': 0.07, 'FEAR': 7.92, 'HAPPY': 2.37, 'NEUTRAL': 19.86, 'SAD': 61.83, 'SURPRISE': 1.35}
2026-05-20 16:18:23,747 | INFO     | [703691] 🎯 KẾT QUẢ CHỐT: SAD (61.83%)
2026-05-20 16:18:23,747 | INFO     | [703691] ⏱️ Thời gian phản hồi: 55.31 ms
2026-05-20 16:18:23,782 | INFO     | [703782] ------------------------------------------
2026-05-20 16:18:23,784 | INFO     | [703782] 📥 NHẬN YÊU CẦU QUÉT KHUÔN MẶT MỚI
2026-05-20 16:18:23,784 | INFO     | [703782] Đã xử lý ảnh thành công. Kích thước tensor: (1, 48, 48, 1)
2026-05-20 16:18:23,842 | INFO     | [703782] 📊 Chi tiết dự đoán: {'ANGRY': 5.88, 'DISGUST': 0.07, 'FEAR': 6.65, 'HAPPY': 1.81, 'NEUTRAL': 22.8, 'SAD': 61.96, 'SURPRISE': 0.83}
2026-05-20 16:18:23,842 | INFO     | [703782] 🎯 KẾT QUẢ CHỐT: SAD (61.96%)
2026-05-20 16:18:23,842 | INFO     | [703782] ⏱️ Thời gian phản hồi: 59.46 ms
2026-05-20 16:18:23,891 | INFO     | [703891] ------------------------------------------
2026-05-20 16:18:23,892 | INFO     | [703891] 📥 NHẬN YÊU CẦU QUÉT KHUÔN MẶT MỚI
2026-05-20 16:18:23,892 | INFO     | [703891] Đã xử lý ảnh thành công. Kích thước tensor: (1, 48, 48, 1)
2026-05-20 16:18:23,947 | INFO     | [703891] 📊 Chi tiết dự đoán: {'ANGRY': 5.62, 'DISGUST': 0.07, 'FEAR': 7.12, 'HAPPY': 2.45, 'NEUTRAL': 22.62, 'SAD': 61.02, 'SURPRISE': 1.11}
2026-05-20 16:18:23,947 | INFO     | [703891] 🎯 KẾT QUẢ CHỐT: SAD (61.02%)
2026-05-20 16:18:23,947 | INFO     | [703891] ⏱️ Thời gian phản hồi: 56.26 ms
2026-05-20 16:18:23,987 | INFO     | [703987] ------------------------------------------
2026-05-20 16:18:23,987 | INFO     | [703987] 📥 NHẬN YÊU CẦU QUÉT KHUÔN MẶT MỚI
2026-05-20 16:18:23,987 | INFO     | [703987] Đã xử lý ảnh thành công. Kích thước tensor: (1, 48, 48, 1)
2026-05-20 16:18:24,042 | INFO     | [703987] 📊 Chi tiết dự đoán: {'ANGRY': 6.64, 'DISGUST': 0.09, 'FEAR': 9.05, 'HAPPY': 2.69, 'NEUTRAL': 17.82, 'SAD': 62.29, 'SURPRISE': 1.43}
2026-05-20 16:18:24,042 | INFO     | [703987] 🎯 KẾT QUẢ CHỐT: SAD (62.29%)
2026-05-20 16:18:24,044 | INFO     | [703987] ⏱️ Thời gian phản hồi: 55.49 ms
2026-05-20 16:18:24,095 | INFO     | [704095] ------------------------------------------
2026-05-20 16:18:24,096 | INFO     | [704095] 📥 NHẬN YÊU CẦU QUÉT KHUÔN MẶT MỚI
2026-05-20 16:18:24,096 | INFO     | [704095] Đã xử lý ảnh thành công. Kích thước tensor: (1, 48, 48, 1)
2026-05-20 16:18:24,149 | INFO     | [704095] 📊 Chi tiết dự đoán: {'ANGRY': 5.29, 'DISGUST': 0.06, 'FEAR': 8.41, 'HAPPY': 2.12, 'NEUTRAL': 20.35, 'SAD': 62.43, 'SURPRISE': 1.34}
2026-05-20 16:18:24,150 | INFO     | [704095] 🎯 KẾT QUẢ CHỐT: SAD (62.43%)
2026-05-20 16:18:24,150 | INFO     | [704095] ⏱️ Thời gian phản hồi: 54.2 ms
2026-05-20 16:18:24,190 | INFO     | [704190] ------------------------------------------
2026-05-20 16:18:24,190 | INFO     | [704190] 📥 NHẬN YÊU CẦU QUÉT KHUÔN MẶT MỚI
2026-05-20 16:18:24,190 | INFO     | [704190] Đã xử lý ảnh thành công. Kích thước tensor: (1, 48, 48, 1)
2026-05-20 16:18:24,243 | INFO     | [704190] 📊 Chi tiết dự đoán: {'ANGRY': 5.65, 'DISGUST': 0.07, 'FEAR': 9.01, 'HAPPY': 2.06, 'NEUTRAL': 19.63, 'SAD': 62.15, 'SURPRISE': 1.43}
2026-05-20 16:18:24,243 | INFO     | [704190] 🎯 KẾT QUẢ CHỐT: SAD (62.15%)
2026-05-20 16:18:24,243 | INFO     | [704190] ⏱️ Thời gian phản hồi: 53.57 ms
2026-05-20 16:18:24,299 | INFO     | [704299] ------------------------------------------
2026-05-20 16:18:24,299 | INFO     | [704299] 📥 NHẬN YÊU CẦU QUÉT KHUÔN MẶT MỚI
2026-05-20 16:18:24,299 | INFO     | [704299] Đã xử lý ảnh thành công. Kích thước tensor: (1, 48, 48, 1)
2026-05-20 16:18:24,350 | INFO     | [704299] 📊 Chi tiết dự đoán: {'ANGRY': 5.84, 'DISGUST': 0.07, 'FEAR': 9.34, 'HAPPY': 2.41, 'NEUTRAL': 19.5, 'SAD': 61.09, 'SURPRISE': 1.76}
2026-05-20 16:18:24,351 | INFO     | [704299] 🎯 KẾT QUẢ CHỐT: SAD (61.09%)
2026-05-20 16:18:24,351 | INFO     | [704299] ⏱️ Thời gian phản hồi: 51.73 ms
2026-05-20 16:18:24,391 | INFO     | [704391] ------------------------------------------
2026-05-20 16:18:24,392 | INFO     | [704391] 📥 NHẬN YÊU CẦU QUÉT KHUÔN MẶT MỚI
2026-05-20 16:18:24,392 | INFO     | [704391] Đã xử lý ảnh thành công. Kích thước tensor: (1, 48, 48, 1)
2026-05-20 16:18:24,443 | INFO     | [704391] 📊 Chi tiết dự đoán: {'ANGRY': 5.6, 'DISGUST': 0.06, 'FEAR': 8.26, 'HAPPY': 2.13, 'NEUTRAL': 22.1, 'SAD': 60.58, 'SURPRISE': 1.27}
2026-05-20 16:18:24,443 | INFO     | [704391] 🎯 KẾT QUẢ CHỐT: SAD (60.58%)
2026-05-20 16:18:24,443 | INFO     | [704391] ⏱️ Thời gian phản hồi: 52.5 ms
2026-05-20 16:18:24,500 | INFO     | [704500] ------------------------------------------
2026-05-20 16:18:24,500 | INFO     | [704500] 📥 NHẬN YÊU CẦU QUÉT KHUÔN MẶT MỚI
2026-05-20 16:18:24,501 | INFO     | [704500] Đã xử lý ảnh thành công. Kích thước tensor: (1, 48, 48, 1)
2026-05-20 16:18:24,552 | INFO     | [704500] 📊 Chi tiết dự đoán: {'ANGRY': 5.63, 'DISGUST': 0.08, 'FEAR': 8.1, 'HAPPY': 2.33, 'NEUTRAL': 23.12, 'SAD': 59.34, 'SURPRISE': 1.4}
2026-05-20 16:18:24,552 | INFO     | [704500] 🎯 KẾT QUẢ CHỐT: SAD (59.34%)
2026-05-20 16:18:24,552 | INFO     | [704500] ⏱️ Thời gian phản hồi: 52.08 ms
2026-05-20 16:18:24,592 | INFO     | [704592] ------------------------------------------
2026-05-20 16:18:24,592 | INFO     | [704592] 📥 NHẬN YÊU CẦU QUÉT KHUÔN MẶT MỚI
2026-05-20 16:18:24,592 | INFO     | [704592] Đã xử lý ảnh thành công. Kích thước tensor: (1, 48, 48, 1)
2026-05-20 16:18:24,647 | INFO     | [704592] 📊 Chi tiết dự đoán: {'ANGRY': 4.21, 'DISGUST': 0.03, 'FEAR': 6.69, 'HAPPY': 2.74, 'NEUTRAL': 25.07, 'SAD': 60.54, 'SURPRISE': 0.72}
2026-05-20 16:18:24,649 | INFO     | [704592] 🎯 KẾT QUẢ CHỐT: SAD (60.54%)
2026-05-20 16:18:24,649 | INFO     | [704592] ⏱️ Thời gian phản hồi: 54.56 ms
2026-05-20 16:18:24,685 | INFO     | [704685] ------------------------------------------
2026-05-20 16:18:24,685 | INFO     | [704685] 📥 NHẬN YÊU CẦU QUÉT KHUÔN MẶT MỚI
2026-05-20 16:18:24,685 | INFO     | [704685] Đã xử lý ảnh thành công. Kích thước tensor: (1, 48, 48, 1)
2026-05-20 16:18:24,739 | INFO     | [704685] 📊 Chi tiết dự đoán: {'ANGRY': 4.1, 'DISGUST': 0.03, 'FEAR': 6.69, 'HAPPY': 2.29, 'NEUTRAL': 24.04, 'SAD': 62.24, 'SURPRISE': 0.62}
2026-05-20 16:18:24,740 | INFO     | [704685] 🎯 KẾT QUẢ CHỐT: SAD (62.24%)
2026-05-20 16:18:24,740 | INFO     | [704685] ⏱️ Thời gian phản hồi: 53.93 ms
2026-05-20 16:18:24,776 | INFO     | [BATCH-704776] ==========================================
2026-05-20 16:18:24,776 | INFO     | [BATCH-704776] 🎞️ NHẬN CHUỖI 60 KHUNG HÌNH (BATCH)
2026-05-20 16:18:24,855 | INFO     | [BATCH-704776] ↳ Frame 1/60: SAD (53.7%)
2026-05-20 16:18:24,938 | INFO     | [BATCH-704776] ↳ Frame 2/60: SAD (57.2%)
2026-05-20 16:18:25,017 | INFO     | [BATCH-704776] ↳ Frame 3/60: SAD (52.9%)
2026-05-20 16:18:25,097 | INFO     | [BATCH-704776] ↳ Frame 4/60: SAD (54.4%)
2026-05-20 16:18:25,199 | INFO     | [BATCH-704776] ↳ Frame 5/60: SAD (51.3%)
2026-05-20 16:18:25,286 | INFO     | [BATCH-704776] ↳ Frame 6/60: SAD (48.5%)
2026-05-20 16:18:25,361 | INFO     | [BATCH-704776] ↳ Frame 7/60: SAD (54.6%)
2026-05-20 16:18:25,422 | INFO     | [BATCH-704776] ↳ Frame 8/60: SAD (56.9%)
2026-05-20 16:18:25,482 | INFO     | [BATCH-704776] ↳ Frame 9/60: SAD (78.3%)
2026-05-20 16:18:25,542 | INFO     | [BATCH-704776] ↳ Frame 10/60: SAD (81.5%)
2026-05-20 16:18:25,601 | INFO     | [BATCH-704776] ↳ Frame 11/60: SAD (81.2%)
2026-05-20 16:18:25,665 | INFO     | [BATCH-704776] ↳ Frame 12/60: SAD (75.6%)
2026-05-20 16:18:25,726 | INFO     | [BATCH-704776] ↳ Frame 13/60: SAD (77.8%)
2026-05-20 16:18:25,783 | INFO     | [BATCH-704776] ↳ Frame 14/60: SAD (66.5%)
2026-05-20 16:18:25,839 | INFO     | [BATCH-704776] ↳ Frame 15/60: SAD (71.2%)
2026-05-20 16:18:25,892 | INFO     | [BATCH-704776] ↳ Frame 16/60: SAD (56.5%)
2026-05-20 16:18:25,946 | INFO     | [BATCH-704776] ↳ Frame 17/60: SAD (53.7%)
2026-05-20 16:18:26,004 | INFO     | [BATCH-704776] ↳ Frame 18/60: SAD (48.6%)
2026-05-20 16:18:26,060 | INFO     | [BATCH-704776] ↳ Frame 19/60: SAD (47.2%)
2026-05-20 16:18:26,117 | INFO     | [BATCH-704776] ↳ Frame 20/60: SAD (49.3%)
2026-05-20 16:18:26,183 | INFO     | [BATCH-704776] ↳ Frame 21/60: SAD (58.1%)
2026-05-20 16:18:26,247 | INFO     | [BATCH-704776] ↳ Frame 22/60: SAD (68.3%)
2026-05-20 16:18:26,310 | INFO     | [BATCH-704776] ↳ Frame 23/60: SAD (65.2%)
2026-05-20 16:18:26,376 | INFO     | [BATCH-704776] ↳ Frame 24/60: SAD (57.2%)
2026-05-20 16:18:26,439 | INFO     | [BATCH-704776] ↳ Frame 25/60: SAD (54.7%)
2026-05-20 16:18:26,501 | INFO     | [BATCH-704776] ↳ Frame 26/60: SAD (59.0%)
2026-05-20 16:18:26,561 | INFO     | [BATCH-704776] ↳ Frame 27/60: SAD (52.3%)
2026-05-20 16:18:26,614 | INFO     | [BATCH-704776] ↳ Frame 28/60: SAD (65.6%)
2026-05-20 16:18:26,668 | INFO     | [BATCH-704776] ↳ Frame 29/60: SAD (64.2%)
2026-05-20 16:18:26,727 | INFO     | [BATCH-704776] ↳ Frame 30/60: SAD (58.8%)
2026-05-20 16:18:26,782 | INFO     | [BATCH-704776] ↳ Frame 31/60: SAD (52.0%)
2026-05-20 16:18:26,844 | INFO     | [BATCH-704776] ↳ Frame 32/60: SAD (63.4%)
2026-05-20 16:18:26,906 | INFO     | [BATCH-704776] ↳ Frame 33/60: SAD (73.8%)
2026-05-20 16:18:26,968 | INFO     | [BATCH-704776] ↳ Frame 34/60: SAD (69.5%)
2026-05-20 16:18:27,033 | INFO     | [BATCH-704776] ↳ Frame 35/60: SAD (66.4%)
2026-05-20 16:18:27,100 | INFO     | [BATCH-704776] ↳ Frame 36/60: SAD (66.9%)
2026-05-20 16:18:27,161 | INFO     | [BATCH-704776] ↳ Frame 37/60: SAD (73.9%)
2026-05-20 16:18:27,224 | INFO     | [BATCH-704776] ↳ Frame 38/60: SAD (69.5%)
2026-05-20 16:18:27,286 | INFO     | [BATCH-704776] ↳ Frame 39/60: SAD (62.0%)
2026-05-20 16:18:27,350 | INFO     | [BATCH-704776] ↳ Frame 40/60: SAD (67.0%)
2026-05-20 16:18:27,412 | INFO     | [BATCH-704776] ↳ Frame 41/60: SAD (70.8%)
2026-05-20 16:18:27,469 | INFO     | [BATCH-704776] ↳ Frame 42/60: SAD (75.3%)
2026-05-20 16:18:27,522 | INFO     | [BATCH-704776] ↳ Frame 43/60: SAD (68.3%)
2026-05-20 16:18:27,572 | INFO     | [BATCH-704776] ↳ Frame 44/60: SAD (61.0%)
2026-05-20 16:18:27,621 | INFO     | [BATCH-704776] ↳ Frame 45/60: SAD (58.8%)
2026-05-20 16:18:27,678 | INFO     | [BATCH-704776] ↳ Frame 46/60: SAD (57.9%)
2026-05-20 16:18:27,738 | INFO     | [BATCH-704776] ↳ Frame 47/60: SAD (57.6%)
2026-05-20 16:18:27,794 | INFO     | [BATCH-704776] ↳ Frame 48/60: SAD (66.2%)
2026-05-20 16:18:27,846 | INFO     | [BATCH-704776] ↳ Frame 49/60: SAD (48.2%)
2026-05-20 16:18:27,896 | INFO     | [BATCH-704776] ↳ Frame 50/60: SAD (55.8%)
2026-05-20 16:18:27,947 | INFO     | [BATCH-704776] ↳ Frame 51/60: SAD (49.7%)
2026-05-20 16:18:27,997 | INFO     | [BATCH-704776] ↳ Frame 52/60: SAD (48.4%)
2026-05-20 16:18:28,048 | INFO     | [BATCH-704776] ↳ Frame 53/60: SAD (53.7%)
2026-05-20 16:18:28,098 | INFO     | [BATCH-704776] ↳ Frame 54/60: SAD (47.4%)
2026-05-20 16:18:28,153 | INFO     | [BATCH-704776] ↳ Frame 55/60: SAD (44.8%)
2026-05-20 16:18:28,203 | INFO     | [BATCH-704776] ↳ Frame 56/60: SAD (55.1%)
2026-05-20 16:18:28,258 | INFO     | [BATCH-704776] ↳ Frame 57/60: SAD (48.6%)
2026-05-20 16:18:28,310 | INFO     | [BATCH-704776] ↳ Frame 58/60: SAD (50.4%)
2026-05-20 16:18:28,361 | INFO     | [BATCH-704776] ↳ Frame 59/60: SAD (49.8%)
2026-05-20 16:18:28,412 | INFO     | [BATCH-704776] ↳ Frame 60/60: SAD (45.3%)
2026-05-20 16:18:28,412 | INFO     | [BATCH-704776] 🎯 KẾT QUẢ CHUỖI: SAD (Tần suất: {'SAD': 60})
2026-05-20 16:18:28,412 | INFO     | [BATCH-704776] ⏱️ Tổng thời gian xử lý: 3635.75 ms
2026-05-20 16:18:33,413 | INFO     | [713413] ------------------------------------------
2026-05-20 16:18:33,415 | INFO     | [713413] 📥 NHẬN YÊU CẦU QUÉT KHUÔN MẶT MỚI
2026-05-20 16:18:33,415 | INFO     | [713413] Đã xử lý ảnh thành công. Kích thước tensor: (1, 48, 48, 1)
2026-05-20 16:18:33,475 | INFO     | [713413] 📊 Chi tiết dự đoán: {'ANGRY': 4.07, 'DISGUST': 0.04, 'FEAR': 10.69, 'HAPPY': 4.18, 'NEUTRAL': 23.71, 'SAD': 55.49, 'SURPRISE': 1.82}
2026-05-20 16:18:33,475 | INFO     | [713413] 🎯 KẾT QUẢ CHỐT: SAD (55.49%)
2026-05-20 16:18:33,475 | INFO     | [713413] ⏱️ Thời gian phản hồi: 61.17 ms
2026-05-20 16:18:33,478 | INFO     | [713478] ------------------------------------------
2026-05-20 16:18:33,478 | INFO     | [713478] 📥 NHẬN YÊU CẦU QUÉT KHUÔN MẶT MỚI
2026-05-20 16:18:33,479 | INFO     | [713478] Đã xử lý ảnh thành công. Kích thước tensor: (1, 48, 48, 1)
2026-05-20 16:18:33,535 | INFO     | [713478] 📊 Chi tiết dự đoán: {'ANGRY': 4.07, 'DISGUST': 0.04, 'FEAR': 10.69, 'HAPPY': 4.18, 'NEUTRAL': 23.71, 'SAD': 55.49, 'SURPRISE': 1.82}
2026-05-20 16:18:33,535 | INFO     | [713478] 🎯 KẾT QUẢ CHỐT: SAD (55.49%)
2026-05-20 16:18:33,537 | INFO     | [713478] ⏱️ Thời gian phản hồi: 57.45 ms
2026-05-20 16:18:33,553 | INFO     | [713553] ------------------------------------------
2026-05-20 16:18:33,554 | INFO     | [713553] 📥 NHẬN YÊU CẦU QUÉT KHUÔN MẶT MỚI
2026-05-20 16:18:33,554 | INFO     | [713553] Đã xử lý ảnh thành công. Kích thước tensor: (1, 48, 48, 1)
2026-05-20 16:18:33,612 | INFO     | [713553] 📊 Chi tiết dự đoán: {'ANGRY': 7.78, 'DISGUST': 0.09, 'FEAR': 9.71, 'HAPPY': 5.01, 'NEUTRAL': 18.7, 'SAD': 56.72, 'SURPRISE': 1.99}
2026-05-20 16:18:33,612 | INFO     | [713553] 🎯 KẾT QUẢ CHỐT: SAD (56.72%)
2026-05-20 16:18:33,613 | INFO     | [713553] ⏱️ Thời gian phản hồi: 58.58 ms
2026-05-20 16:18:33,661 | INFO     | [713661] ------------------------------------------
2026-05-20 16:18:33,661 | INFO     | [713661] 📥 NHẬN YÊU CẦU QUÉT KHUÔN MẶT MỚI
2026-05-20 16:18:33,661 | INFO     | [713661] Đã xử lý ảnh thành công. Kích thước tensor: (1, 48, 48, 1)
2026-05-20 16:18:33,714 | INFO     | [713661] 📊 Chi tiết dự đoán: {'ANGRY': 4.98, 'DISGUST': 0.05, 'FEAR': 8.4, 'HAPPY': 2.95, 'NEUTRAL': 16.93, 'SAD': 65.19, 'SURPRISE': 1.5}
2026-05-20 16:18:33,714 | INFO     | [713661] 🎯 KẾT QUẢ CHỐT: SAD (65.19%)
2026-05-20 16:18:33,714 | INFO     | [713661] ⏱️ Thời gian phản hồi: 52.86 ms
2026-05-20 16:18:33,770 | INFO     | [713770] ------------------------------------------
2026-05-20 16:18:33,770 | INFO     | [713770] 📥 NHẬN YÊU CẦU QUÉT KHUÔN MẶT MỚI
2026-05-20 16:18:33,770 | INFO     | [713770] Đã xử lý ảnh thành công. Kích thước tensor: (1, 48, 48, 1)
2026-05-20 16:18:33,835 | INFO     | [713770] 📊 Chi tiết dự đoán: {'ANGRY': 3.81, 'DISGUST': 0.03, 'FEAR': 7.04, 'HAPPY': 2.82, 'NEUTRAL': 10.41, 'SAD': 75.47, 'SURPRISE': 0.43}
2026-05-20 16:18:33,835 | INFO     | [713770] 🎯 KẾT QUẢ CHỐT: SAD (75.47%)
2026-05-20 16:18:33,835 | INFO     | [713770] ⏱️ Thời gian phản hồi: 65.28 ms
2026-05-20 16:18:33,862 | INFO     | [713862] ------------------------------------------
2026-05-20 16:18:33,862 | INFO     | [713862] 📥 NHẬN YÊU CẦU QUÉT KHUÔN MẶT MỚI
2026-05-20 16:18:33,863 | INFO     | [713862] Đã xử lý ảnh thành công. Kích thước tensor: (1, 48, 48, 1)
2026-05-20 16:18:33,914 | INFO     | [713862] 📊 Chi tiết dự đoán: {'ANGRY': 3.63, 'DISGUST': 0.02, 'FEAR': 4.18, 'HAPPY': 3.87, 'NEUTRAL': 22.07, 'SAD': 66.09, 'SURPRISE': 0.14}
2026-05-20 16:18:33,914 | INFO     | [713862] 🎯 KẾT QUẢ CHỐT: SAD (66.09%)
2026-05-20 16:18:33,914 | INFO     | [713862] ⏱️ Thời gian phản hồi: 52.11 ms
2026-05-20 16:18:33,972 | INFO     | [713972] ------------------------------------------
2026-05-20 16:18:33,972 | INFO     | [713972] 📥 NHẬN YÊU CẦU QUÉT KHUÔN MẶT MỚI
2026-05-20 16:18:33,972 | INFO     | [713972] Đã xử lý ảnh thành công. Kích thước tensor: (1, 48, 48, 1)
2026-05-20 16:18:34,037 | INFO     | [713972] 📊 Chi tiết dự đoán: {'ANGRY': 4.22, 'DISGUST': 0.02, 'FEAR': 5.01, 'HAPPY': 4.08, 'NEUTRAL': 25.53, 'SAD': 60.91, 'SURPRISE': 0.23}
2026-05-20 16:18:34,037 | INFO     | [713972] 🎯 KẾT QUẢ CHỐT: SAD (60.91%)
2026-05-20 16:18:34,037 | INFO     | [713972] ⏱️ Thời gian phản hồi: 64.83 ms
2026-05-20 16:18:34,066 | INFO     | [714066] ------------------------------------------
2026-05-20 16:18:34,066 | INFO     | [714066] 📥 NHẬN YÊU CẦU QUÉT KHUÔN MẶT MỚI
2026-05-20 16:18:34,066 | INFO     | [714066] Đã xử lý ảnh thành công. Kích thước tensor: (1, 48, 48, 1)
2026-05-20 16:18:34,123 | INFO     | [714066] 📊 Chi tiết dự đoán: {'ANGRY': 4.43, 'DISGUST': 0.04, 'FEAR': 6.0, 'HAPPY': 3.38, 'NEUTRAL': 22.73, 'SAD': 63.15, 'SURPRISE': 0.28}
2026-05-20 16:18:34,124 | INFO     | [714066] 🎯 KẾT QUẢ CHỐT: SAD (63.15%)
2026-05-20 16:18:34,124 | INFO     | [714066] ⏱️ Thời gian phản hồi: 56.46 ms
2026-05-20 16:18:34,158 | INFO     | [714158] ------------------------------------------
2026-05-20 16:18:34,159 | INFO     | [714158] 📥 NHẬN YÊU CẦU QUÉT KHUÔN MẶT MỚI
2026-05-20 16:18:34,159 | INFO     | [714158] Đã xử lý ảnh thành công. Kích thước tensor: (1, 48, 48, 1)
2026-05-20 16:18:34,210 | INFO     | [714158] 📊 Chi tiết dự đoán: {'ANGRY': 9.99, 'DISGUST': 0.08, 'FEAR': 7.72, 'HAPPY': 9.69, 'NEUTRAL': 26.08, 'SAD': 45.29, 'SURPRISE': 1.16}
2026-05-20 16:18:34,210 | INFO     | [714158] 🎯 KẾT QUẢ CHỐT: SAD (45.29%)
2026-05-20 16:18:34,210 | INFO     | [714158] ⏱️ Thời gian phản hồi: 52.37 ms
2026-05-20 16:18:34,252 | INFO     | [714252] ------------------------------------------
2026-05-20 16:18:34,252 | INFO     | [714252] 📥 NHẬN YÊU CẦU QUÉT KHUÔN MẶT MỚI
2026-05-20 16:18:34,253 | INFO     | [714252] Đã xử lý ảnh thành công. Kích thước tensor: (1, 48, 48, 1)
2026-05-20 16:18:34,306 | INFO     | [714252] 📊 Chi tiết dự đoán: {'ANGRY': 12.32, 'DISGUST': 0.1, 'FEAR': 9.2, 'HAPPY': 16.12, 'NEUTRAL': 24.74, 'SAD': 34.45, 'SURPRISE': 3.07}
2026-05-20 16:18:34,306 | INFO     | [714252] 🎯 KẾT QUẢ CHỐT: SAD (34.45%)
2026-05-20 16:18:34,306 | INFO     | [714252] ⏱️ Thời gian phản hồi: 53.22 ms
2026-05-20 16:18:34,361 | INFO     | [714361] ------------------------------------------
2026-05-20 16:18:34,361 | INFO     | [714361] 📥 NHẬN YÊU CẦU QUÉT KHUÔN MẶT MỚI
2026-05-20 16:18:34,363 | INFO     | [714361] Đã xử lý ảnh thành công. Kích thước tensor: (1, 48, 48, 1)
2026-05-20 16:18:34,417 | INFO     | [714361] 📊 Chi tiết dự đoán: {'ANGRY': 13.66, 'DISGUST': 0.11, 'FEAR': 12.28, 'HAPPY': 12.15, 'NEUTRAL': 21.91, 'SAD': 35.05, 'SURPRISE': 4.84}
2026-05-20 16:18:34,417 | INFO     | [714361] 🎯 KẾT QUẢ CHỐT: SAD (35.05%)
2026-05-20 16:18:34,418 | INFO     | [714361] ⏱️ Thời gian phản hồi: 55.57 ms
2026-05-20 16:18:34,455 | INFO     | [714455] ------------------------------------------
2026-05-20 16:18:34,456 | INFO     | [714455] 📥 NHẬN YÊU CẦU QUÉT KHUÔN MẶT MỚI
2026-05-20 16:18:34,456 | INFO     | [714455] Đã xử lý ảnh thành công. Kích thước tensor: (1, 48, 48, 1)
2026-05-20 16:18:34,508 | INFO     | [714455] 📊 Chi tiết dự đoán: {'ANGRY': 8.71, 'DISGUST': 0.08, 'FEAR': 8.52, 'HAPPY': 5.73, 'NEUTRAL': 27.92, 'SAD': 47.95, 'SURPRISE': 1.08}
2026-05-20 16:18:34,508 | INFO     | [714455] 🎯 KẾT QUẢ CHỐT: SAD (47.95%)
2026-05-20 16:18:34,509 | INFO     | [714455] ⏱️ Thời gian phản hồi: 52.63 ms
2026-05-20 16:18:34,550 | INFO     | [714550] ------------------------------------------
2026-05-20 16:18:34,550 | INFO     | [714550] 📥 NHẬN YÊU CẦU QUÉT KHUÔN MẶT MỚI
2026-05-20 16:18:34,551 | INFO     | [714550] Đã xử lý ảnh thành công. Kích thước tensor: (1, 48, 48, 1)
2026-05-20 16:18:34,602 | INFO     | [714550] 📊 Chi tiết dự đoán: {'ANGRY': 6.05, 'DISGUST': 0.05, 'FEAR': 7.16, 'HAPPY': 7.26, 'NEUTRAL': 21.93, 'SAD': 56.88, 'SURPRISE': 0.68}
2026-05-20 16:18:34,602 | INFO     | [714550] 🎯 KẾT QUẢ CHỐT: SAD (56.88%)
2026-05-20 16:18:34,602 | INFO     | [714550] ⏱️ Thời gian phản hồi: 51.43 ms
2026-05-20 16:18:34,660 | INFO     | [714660] ------------------------------------------
2026-05-20 16:18:34,660 | INFO     | [714660] 📥 NHẬN YÊU CẦU QUÉT KHUÔN MẶT MỚI
2026-05-20 16:18:34,660 | INFO     | [714660] Đã xử lý ảnh thành công. Kích thước tensor: (1, 48, 48, 1)
2026-05-20 16:18:34,714 | INFO     | [714660] 📊 Chi tiết dự đoán: {'ANGRY': 4.72, 'DISGUST': 0.04, 'FEAR': 7.37, 'HAPPY': 3.98, 'NEUTRAL': 17.98, 'SAD': 65.5, 'SURPRISE': 0.41}
2026-05-20 16:18:34,714 | INFO     | [714660] 🎯 KẾT QUẢ CHỐT: SAD (65.50%)
2026-05-20 16:18:34,715 | INFO     | [714660] ⏱️ Thời gian phản hồi: 54.76 ms
2026-05-20 16:18:34,751 | INFO     | [714751] ------------------------------------------
2026-05-20 16:18:34,753 | INFO     | [714751] 📥 NHẬN YÊU CẦU QUÉT KHUÔN MẶT MỚI
2026-05-20 16:18:34,753 | INFO     | [714751] Đã xử lý ảnh thành công. Kích thước tensor: (1, 48, 48, 1)
2026-05-20 16:18:34,806 | INFO     | [714751] 📊 Chi tiết dự đoán: {'ANGRY': 5.46, 'DISGUST': 0.06, 'FEAR': 8.55, 'HAPPY': 3.26, 'NEUTRAL': 10.86, 'SAD': 70.72, 'SURPRISE': 1.1}
2026-05-20 16:18:34,806 | INFO     | [714751] 🎯 KẾT QUẢ CHỐT: SAD (70.72%)
2026-05-20 16:18:34,807 | INFO     | [714751] ⏱️ Thời gian phản hồi: 54.9 ms
2026-05-20 16:18:34,862 | INFO     | [714862] ------------------------------------------
2026-05-20 16:18:34,863 | INFO     | [714862] 📥 NHẬN YÊU CẦU QUÉT KHUÔN MẶT MỚI
2026-05-20 16:18:34,863 | INFO     | [714862] Đã xử lý ảnh thành công. Kích thước tensor: (1, 48, 48, 1)
2026-05-20 16:18:34,913 | INFO     | [714862] 📊 Chi tiết dự đoán: {'ANGRY': 5.01, 'DISGUST': 0.05, 'FEAR': 8.08, 'HAPPY': 2.72, 'NEUTRAL': 12.06, 'SAD': 71.2, 'SURPRISE': 0.88}
2026-05-20 16:18:34,913 | INFO     | [714862] 🎯 KẾT QUẢ CHỐT: SAD (71.20%)
2026-05-20 16:18:34,913 | INFO     | [714862] ⏱️ Thời gian phản hồi: 51.3 ms
2026-05-20 16:18:34,952 | INFO     | [714952] ------------------------------------------
2026-05-20 16:18:34,954 | INFO     | [714952] 📥 NHẬN YÊU CẦU QUÉT KHUÔN MẶT MỚI
2026-05-20 16:18:34,954 | INFO     | [714952] Đã xử lý ảnh thành công. Kích thước tensor: (1, 48, 48, 1)
2026-05-20 16:18:35,004 | INFO     | [714952] 📊 Chi tiết dự đoán: {'ANGRY': 4.77, 'DISGUST': 0.05, 'FEAR': 6.72, 'HAPPY': 3.13, 'NEUTRAL': 19.88, 'SAD': 64.86, 'SURPRISE': 0.59}
2026-05-20 16:18:35,005 | INFO     | [714952] 🎯 KẾT QUẢ CHỐT: SAD (64.86%)
2026-05-20 16:18:35,005 | INFO     | [714952] ⏱️ Thời gian phản hồi: 51.99 ms
2026-05-20 16:18:35,061 | INFO     | [715061] ------------------------------------------
2026-05-20 16:18:35,061 | INFO     | [715061] 📥 NHẬN YÊU CẦU QUÉT KHUÔN MẶT MỚI
2026-05-20 16:18:35,062 | INFO     | [715061] Đã xử lý ảnh thành công. Kích thước tensor: (1, 48, 48, 1)
2026-05-20 16:18:35,130 | INFO     | [715061] 📊 Chi tiết dự đoán: {'ANGRY': 4.83, 'DISGUST': 0.04, 'FEAR': 7.4, 'HAPPY': 4.03, 'NEUTRAL': 19.86, 'SAD': 63.36, 'SURPRISE': 0.48}
2026-05-20 16:18:35,130 | INFO     | [715061] 🎯 KẾT QUẢ CHỐT: SAD (63.36%)
2026-05-20 16:18:35,130 | INFO     | [715061] ⏱️ Thời gian phản hồi: 68.78 ms
2026-05-20 16:18:35,154 | INFO     | [715154] ------------------------------------------
2026-05-20 16:18:35,155 | INFO     | [715154] 📥 NHẬN YÊU CẦU QUÉT KHUÔN MẶT MỚI
2026-05-20 16:18:35,155 | INFO     | [715154] Đã xử lý ảnh thành công. Kích thước tensor: (1, 48, 48, 1)
2026-05-20 16:18:35,235 | INFO     | [715154] 📊 Chi tiết dự đoán: {'ANGRY': 5.73, 'DISGUST': 0.06, 'FEAR': 9.46, 'HAPPY': 4.02, 'NEUTRAL': 17.16, 'SAD': 62.11, 'SURPRISE': 1.46}
2026-05-20 16:18:35,235 | INFO     | [715154] 🎯 KẾT QUẢ CHỐT: SAD (62.11%)
2026-05-20 16:18:35,235 | INFO     | [715154] ⏱️ Thời gian phản hồi: 80.26 ms
2026-05-20 16:18:35,264 | INFO     | [715264] ------------------------------------------
2026-05-20 16:18:35,264 | INFO     | [715264] 📥 NHẬN YÊU CẦU QUÉT KHUÔN MẶT MỚI
2026-05-20 16:18:35,265 | INFO     | [715264] Đã xử lý ảnh thành công. Kích thước tensor: (1, 48, 48, 1)
2026-05-20 16:18:35,341 | INFO     | [715264] 📊 Chi tiết dự đoán: {'ANGRY': 3.35, 'DISGUST': 0.02, 'FEAR': 6.83, 'HAPPY': 2.1, 'NEUTRAL': 17.52, 'SAD': 69.82, 'SURPRISE': 0.36}
2026-05-20 16:18:35,342 | INFO     | [715264] 🎯 KẾT QUẢ CHỐT: SAD (69.82%)
2026-05-20 16:18:35,342 | INFO     | [715264] ⏱️ Thời gian phản hồi: 76.59 ms
2026-05-20 16:18:35,357 | INFO     | [715357] ------------------------------------------
2026-05-20 16:18:35,357 | INFO     | [715357] 📥 NHẬN YÊU CẦU QUÉT KHUÔN MẶT MỚI
2026-05-20 16:18:35,357 | INFO     | [715357] Đã xử lý ảnh thành công. Kích thước tensor: (1, 48, 48, 1)
2026-05-20 16:18:35,420 | INFO     | [715357] 📊 Chi tiết dự đoán: {'ANGRY': 3.63, 'DISGUST': 0.03, 'FEAR': 7.97, 'HAPPY': 1.31, 'NEUTRAL': 16.37, 'SAD': 70.3, 'SURPRISE': 0.39}
2026-05-20 16:18:35,420 | INFO     | [715357] 🎯 KẾT QUẢ CHỐT: SAD (70.30%)
2026-05-20 16:18:35,420 | INFO     | [715357] ⏱️ Thời gian phản hồi: 63.08 ms
2026-05-20 16:18:35,451 | INFO     | [715451] ------------------------------------------
2026-05-20 16:18:35,451 | INFO     | [715451] 📥 NHẬN YÊU CẦU QUÉT KHUÔN MẶT MỚI
2026-05-20 16:18:35,452 | INFO     | [715451] Đã xử lý ảnh thành công. Kích thước tensor: (1, 48, 48, 1)
2026-05-20 16:18:35,513 | INFO     | [715451] 📊 Chi tiết dự đoán: {'ANGRY': 3.31, 'DISGUST': 0.03, 'FEAR': 9.11, 'HAPPY': 0.73, 'NEUTRAL': 17.62, 'SAD': 67.94, 'SURPRISE': 1.27}
2026-05-20 16:18:35,513 | INFO     | [715451] 🎯 KẾT QUẢ CHỐT: SAD (67.94%)
2026-05-20 16:18:35,514 | INFO     | [715451] ⏱️ Thời gian phản hồi: 61.61 ms
2026-05-20 16:18:35,561 | INFO     | [715561] ------------------------------------------
2026-05-20 16:18:35,561 | INFO     | [715561] 📥 NHẬN YÊU CẦU QUÉT KHUÔN MẶT MỚI
2026-05-20 16:18:35,561 | INFO     | [715561] Đã xử lý ảnh thành công. Kích thước tensor: (1, 48, 48, 1)
2026-05-20 16:18:35,622 | INFO     | [715561] 📊 Chi tiết dự đoán: {'ANGRY': 3.2, 'DISGUST': 0.03, 'FEAR': 8.8, 'HAPPY': 0.74, 'NEUTRAL': 17.47, 'SAD': 68.7, 'SURPRISE': 1.07}
2026-05-20 16:18:35,622 | INFO     | [715561] 🎯 KẾT QUẢ CHỐT: SAD (68.70%)
2026-05-20 16:18:35,622 | INFO     | [715561] ⏱️ Thời gian phản hồi: 61.85 ms
2026-05-20 16:18:35,653 | INFO     | [715653] ------------------------------------------
2026-05-20 16:18:35,653 | INFO     | [715653] 📥 NHẬN YÊU CẦU QUÉT KHUÔN MẶT MỚI
2026-05-20 16:18:35,654 | INFO     | [715653] Đã xử lý ảnh thành công. Kích thước tensor: (1, 48, 48, 1)
2026-05-20 16:18:35,716 | INFO     | [715653] 📊 Chi tiết dự đoán: {'ANGRY': 3.28, 'DISGUST': 0.02, 'FEAR': 10.88, 'HAPPY': 1.08, 'NEUTRAL': 15.78, 'SAD': 66.67, 'SURPRISE': 2.29}
2026-05-20 16:18:35,717 | INFO     | [715653] 🎯 KẾT QUẢ CHỐT: SAD (66.67%)
2026-05-20 16:18:35,717 | INFO     | [715653] ⏱️ Thời gian phản hồi: 63.14 ms
2026-05-20 16:18:35,762 | INFO     | [715762] ------------------------------------------
2026-05-20 16:18:35,762 | INFO     | [715762] 📥 NHẬN YÊU CẦU QUÉT KHUÔN MẶT MỚI
2026-05-20 16:18:35,763 | INFO     | [715762] Đã xử lý ảnh thành công. Kích thước tensor: (1, 48, 48, 1)
2026-05-20 16:18:35,820 | INFO     | [715762] 📊 Chi tiết dự đoán: {'ANGRY': 2.81, 'DISGUST': 0.03, 'FEAR': 11.05, 'HAPPY': 0.78, 'NEUTRAL': 14.67, 'SAD': 68.36, 'SURPRISE': 2.3}
2026-05-20 16:18:35,820 | INFO     | [715762] 🎯 KẾT QUẢ CHỐT: SAD (68.36%)
2026-05-20 16:18:35,820 | INFO     | [715762] ⏱️ Thời gian phản hồi: 57.66 ms
2026-05-20 16:18:35,855 | INFO     | [715855] ------------------------------------------
2026-05-20 16:18:35,856 | INFO     | [715855] 📥 NHẬN YÊU CẦU QUÉT KHUÔN MẶT MỚI
2026-05-20 16:18:35,856 | INFO     | [715855] Đã xử lý ảnh thành công. Kích thước tensor: (1, 48, 48, 1)
2026-05-20 16:18:35,913 | INFO     | [715855] 📊 Chi tiết dự đoán: {'ANGRY': 3.01, 'DISGUST': 0.03, 'FEAR': 9.29, 'HAPPY': 0.77, 'NEUTRAL': 13.43, 'SAD': 72.52, 'SURPRISE': 0.94}
2026-05-20 16:18:35,913 | INFO     | [715855] 🎯 KẾT QUẢ CHỐT: SAD (72.52%)
2026-05-20 16:18:35,913 | INFO     | [715855] ⏱️ Thời gian phản hồi: 58.48 ms
2026-05-20 16:18:35,963 | INFO     | [715963] ------------------------------------------
2026-05-20 16:18:35,964 | INFO     | [715963] 📥 NHẬN YÊU CẦU QUÉT KHUÔN MẶT MỚI
2026-05-20 16:18:35,964 | INFO     | [715963] Đã xử lý ảnh thành công. Kích thước tensor: (1, 48, 48, 1)
2026-05-20 16:18:36,023 | INFO     | [715963] 📊 Chi tiết dự đoán: {'ANGRY': 4.99, 'DISGUST': 0.07, 'FEAR': 11.64, 'HAPPY': 1.29, 'NEUTRAL': 14.8, 'SAD': 65.25, 'SURPRISE': 1.95}
2026-05-20 16:18:36,023 | INFO     | [715963] 🎯 KẾT QUẢ CHỐT: SAD (65.25%)
2026-05-20 16:18:36,023 | INFO     | [715963] ⏱️ Thời gian phản hồi: 60.12 ms
2026-05-20 16:18:36,056 | INFO     | [716056] ------------------------------------------
2026-05-20 16:18:36,058 | INFO     | [716056] 📥 NHẬN YÊU CẦU QUÉT KHUÔN MẶT MỚI
2026-05-20 16:18:36,058 | INFO     | [716056] Đã xử lý ảnh thành công. Kích thước tensor: (1, 48, 48, 1)
2026-05-20 16:18:36,114 | INFO     | [716056] 📊 Chi tiết dự đoán: {'ANGRY': 6.21, 'DISGUST': 0.12, 'FEAR': 12.95, 'HAPPY': 1.51, 'NEUTRAL': 13.2, 'SAD': 62.84, 'SURPRISE': 3.17}
2026-05-20 16:18:36,114 | INFO     | [716056] 🎯 KẾT QUẢ CHỐT: SAD (62.84%)
2026-05-20 16:18:36,114 | INFO     | [716056] ⏱️ Thời gian phản hồi: 57.47 ms
2026-05-20 16:18:36,163 | INFO     | [716163] ------------------------------------------
2026-05-20 16:18:36,163 | INFO     | [716163] 📥 NHẬN YÊU CẦU QUÉT KHUÔN MẶT MỚI
2026-05-20 16:18:36,165 | INFO     | [716163] Đã xử lý ảnh thành công. Kích thước tensor: (1, 48, 48, 1)
2026-05-20 16:18:36,222 | INFO     | [716163] 📊 Chi tiết dự đoán: {'ANGRY': 5.29, 'DISGUST': 0.08, 'FEAR': 14.41, 'HAPPY': 1.4, 'NEUTRAL': 13.59, 'SAD': 61.4, 'SURPRISE': 3.84}
2026-05-20 16:18:36,223 | INFO     | [716163] 🎯 KẾT QUẢ CHỐT: SAD (61.40%)
2026-05-20 16:18:36,223 | INFO     | [716163] ⏱️ Thời gian phản hồi: 59.33 ms
2026-05-20 16:18:36,255 | INFO     | [716255] ------------------------------------------
2026-05-20 16:18:36,255 | INFO     | [716255] 📥 NHẬN YÊU CẦU QUÉT KHUÔN MẶT MỚI
2026-05-20 16:18:36,256 | INFO     | [716255] Đã xử lý ảnh thành công. Kích thước tensor: (1, 48, 48, 1)
2026-05-20 16:18:36,306 | INFO     | [716255] 📊 Chi tiết dự đoán: {'ANGRY': 3.94, 'DISGUST': 0.05, 'FEAR': 14.4, 'HAPPY': 1.21, 'NEUTRAL': 12.7, 'SAD': 65.25, 'SURPRISE': 2.45}
2026-05-20 16:18:36,306 | INFO     | [716255] 🎯 KẾT QUẢ CHỐT: SAD (65.25%)
2026-05-20 16:18:36,306 | INFO     | [716255] ⏱️ Thời gian phản hồi: 51.23 ms
2026-05-20 16:18:36,365 | INFO     | [716365] ------------------------------------------
2026-05-20 16:18:36,365 | INFO     | [716365] 📥 NHẬN YÊU CẦU QUÉT KHUÔN MẶT MỚI
2026-05-20 16:18:36,365 | INFO     | [716365] Đã xử lý ảnh thành công. Kích thước tensor: (1, 48, 48, 1)
2026-05-20 16:18:36,425 | INFO     | [716365] 📊 Chi tiết dự đoán: {'ANGRY': 4.74, 'DISGUST': 0.07, 'FEAR': 12.28, 'HAPPY': 0.96, 'NEUTRAL': 11.41, 'SAD': 68.64, 'SURPRISE': 1.91}
2026-05-20 16:18:36,425 | INFO     | [716365] 🎯 KẾT QUẢ CHỐT: SAD (68.64%)
2026-05-20 16:18:36,425 | INFO     | [716365] ⏱️ Thời gian phản hồi: 58.85 ms
2026-05-20 16:18:36,458 | INFO     | [716458] ------------------------------------------
2026-05-20 16:18:36,459 | INFO     | [716458] 📥 NHẬN YÊU CẦU QUÉT KHUÔN MẶT MỚI
2026-05-20 16:18:36,460 | INFO     | [716458] Đã xử lý ảnh thành công. Kích thước tensor: (1, 48, 48, 1)
2026-05-20 16:18:36,529 | INFO     | [716458] 📊 Chi tiết dự đoán: {'ANGRY': 3.75, 'DISGUST': 0.04, 'FEAR': 15.1, 'HAPPY': 0.86, 'NEUTRAL': 12.12, 'SAD': 65.55, 'SURPRISE': 2.58}
2026-05-20 16:18:36,529 | INFO     | [716458] 🎯 KẾT QUẢ CHỐT: SAD (65.55%)
2026-05-20 16:18:36,529 | INFO     | [716458] ⏱️ Thời gian phản hồi: 70.78 ms
2026-05-20 16:18:36,568 | INFO     | [716568] ------------------------------------------
2026-05-20 16:18:36,568 | INFO     | [716568] 📥 NHẬN YÊU CẦU QUÉT KHUÔN MẶT MỚI
2026-05-20 16:18:36,569 | INFO     | [716568] Đã xử lý ảnh thành công. Kích thước tensor: (1, 48, 48, 1)
2026-05-20 16:18:36,633 | INFO     | [716568] 📊 Chi tiết dự đoán: {'ANGRY': 4.35, 'DISGUST': 0.07, 'FEAR': 11.03, 'HAPPY': 0.73, 'NEUTRAL': 10.5, 'SAD': 71.53, 'SURPRISE': 1.79}
2026-05-20 16:18:36,633 | INFO     | [716568] 🎯 KẾT QUẢ CHỐT: SAD (71.53%)
2026-05-20 16:18:36,633 | INFO     | [716568] ⏱️ Thời gian phản hồi: 65.61 ms
2026-05-20 16:18:36,661 | INFO     | [716661] ------------------------------------------
2026-05-20 16:18:36,662 | INFO     | [716661] 📥 NHẬN YÊU CẦU QUÉT KHUÔN MẶT MỚI
2026-05-20 16:18:36,662 | INFO     | [716661] Đã xử lý ảnh thành công. Kích thước tensor: (1, 48, 48, 1)
2026-05-20 16:18:36,725 | INFO     | [716661] 📊 Chi tiết dự đoán: {'ANGRY': 5.1, 'DISGUST': 0.07, 'FEAR': 11.52, 'HAPPY': 0.64, 'NEUTRAL': 11.8, 'SAD': 69.38, 'SURPRISE': 1.49}
2026-05-20 16:18:36,725 | INFO     | [716661] 🎯 KẾT QUẢ CHỐT: SAD (69.38%)
2026-05-20 16:18:36,725 | INFO     | [716661] ⏱️ Thời gian phản hồi: 63.47 ms
2026-05-20 16:18:36,770 | INFO     | [716770] ------------------------------------------
2026-05-20 16:18:36,770 | INFO     | [716770] 📥 NHẬN YÊU CẦU QUÉT KHUÔN MẶT MỚI
2026-05-20 16:18:36,771 | INFO     | [716770] Đã xử lý ảnh thành công. Kích thước tensor: (1, 48, 48, 1)
2026-05-20 16:18:36,829 | INFO     | [716770] 📊 Chi tiết dự đoán: {'ANGRY': 5.14, 'DISGUST': 0.07, 'FEAR': 12.16, 'HAPPY': 0.66, 'NEUTRAL': 11.54, 'SAD': 68.78, 'SURPRISE': 1.65}
2026-05-20 16:18:36,829 | INFO     | [716770] 🎯 KẾT QUẢ CHỐT: SAD (68.78%)
2026-05-20 16:18:36,829 | INFO     | [716770] ⏱️ Thời gian phản hồi: 59.01 ms
2026-05-20 16:18:36,863 | INFO     | [716863] ------------------------------------------
2026-05-20 16:18:36,863 | INFO     | [716863] 📥 NHẬN YÊU CẦU QUÉT KHUÔN MẶT MỚI
2026-05-20 16:18:36,863 | INFO     | [716863] Đã xử lý ảnh thành công. Kích thước tensor: (1, 48, 48, 1)
2026-05-20 16:18:36,925 | INFO     | [716863] 📊 Chi tiết dự đoán: {'ANGRY': 5.28, 'DISGUST': 0.07, 'FEAR': 10.72, 'HAPPY': 0.9, 'NEUTRAL': 11.21, 'SAD': 69.98, 'SURPRISE': 1.84}
2026-05-20 16:18:36,925 | INFO     | [716863] 🎯 KẾT QUẢ CHỐT: SAD (69.98%)
2026-05-20 16:18:36,926 | INFO     | [716863] ⏱️ Thời gian phản hồi: 62.68 ms
2026-05-20 16:18:36,971 | INFO     | [716970] ------------------------------------------
2026-05-20 16:18:36,971 | INFO     | [716970] 📥 NHẬN YÊU CẦU QUÉT KHUÔN MẶT MỚI
2026-05-20 16:18:36,971 | INFO     | [716970] Đã xử lý ảnh thành công. Kích thước tensor: (1, 48, 48, 1)
2026-05-20 16:18:37,025 | INFO     | [716970] 📊 Chi tiết dự đoán: {'ANGRY': 5.34, 'DISGUST': 0.07, 'FEAR': 11.66, 'HAPPY': 0.95, 'NEUTRAL': 10.82, 'SAD': 68.86, 'SURPRISE': 2.29}
2026-05-20 16:18:37,025 | INFO     | [716970] 🎯 KẾT QUẢ CHỐT: SAD (68.86%)
2026-05-20 16:18:37,025 | INFO     | [716970] ⏱️ Thời gian phản hồi: 55.42 ms
2026-05-20 16:18:37,050 | INFO     | [717050] ------------------------------------------
2026-05-20 16:18:37,050 | INFO     | [717050] 📥 NHẬN YÊU CẦU QUÉT KHUÔN MẶT MỚI
2026-05-20 16:18:37,051 | INFO     | [717050] Đã xử lý ảnh thành công. Kích thước tensor: (1, 48, 48, 1)
2026-05-20 16:18:37,102 | INFO     | [717050] 📊 Chi tiết dự đoán: {'ANGRY': 5.47, 'DISGUST': 0.09, 'FEAR': 15.34, 'HAPPY': 1.18, 'NEUTRAL': 11.06, 'SAD': 63.4, 'SURPRISE': 3.47}
2026-05-20 16:18:37,102 | INFO     | [717050] 🎯 KẾT QUẢ CHỐT: SAD (63.40%)
2026-05-20 16:18:37,102 | INFO     | [717050] ⏱️ Thời gian phản hồi: 52.71 ms
2026-05-20 16:18:37,159 | INFO     | [717159] ------------------------------------------
2026-05-20 16:18:37,159 | INFO     | [717159] 📥 NHẬN YÊU CẦU QUÉT KHUÔN MẶT MỚI
2026-05-20 16:18:37,160 | INFO     | [717159] Đã xử lý ảnh thành công. Kích thước tensor: (1, 48, 48, 1)
2026-05-20 16:18:37,214 | INFO     | [717159] 📊 Chi tiết dự đoán: {'ANGRY': 4.37, 'DISGUST': 0.06, 'FEAR': 13.04, 'HAPPY': 0.69, 'NEUTRAL': 11.68, 'SAD': 67.53, 'SURPRISE': 2.63}
2026-05-20 16:18:37,214 | INFO     | [717159] 🎯 KẾT QUẢ CHỐT: SAD (67.53%)
2026-05-20 16:18:37,214 | INFO     | [717159] ⏱️ Thời gian phản hồi: 55.72 ms
2026-05-20 16:18:37,252 | INFO     | [717252] ------------------------------------------
2026-05-20 16:18:37,253 | INFO     | [717252] 📥 NHẬN YÊU CẦU QUÉT KHUÔN MẶT MỚI
2026-05-20 16:18:37,253 | INFO     | [717252] Đã xử lý ảnh thành công. Kích thước tensor: (1, 48, 48, 1)
2026-05-20 16:18:37,323 | INFO     | [717252] 📊 Chi tiết dự đoán: {'ANGRY': 5.98, 'DISGUST': 0.09, 'FEAR': 11.1, 'HAPPY': 1.42, 'NEUTRAL': 16.43, 'SAD': 62.35, 'SURPRISE': 2.63}
2026-05-20 16:18:37,323 | INFO     | [717252] 🎯 KẾT QUẢ CHỐT: SAD (62.35%)
2026-05-20 16:18:37,323 | INFO     | [717252] ⏱️ Thời gian phản hồi: 70.67 ms
2026-05-20 16:18:37,346 | INFO     | [717346] ------------------------------------------
2026-05-20 16:18:37,346 | INFO     | [717346] 📥 NHẬN YÊU CẦU QUÉT KHUÔN MẶT MỚI
2026-05-20 16:18:37,346 | INFO     | [717346] Đã xử lý ảnh thành công. Kích thước tensor: (1, 48, 48, 1)
2026-05-20 16:18:37,419 | INFO     | [717346] 📊 Chi tiết dự đoán: {'ANGRY': 6.47, 'DISGUST': 0.05, 'FEAR': 12.6, 'HAPPY': 2.53, 'NEUTRAL': 18.81, 'SAD': 55.72, 'SURPRISE': 3.83}
2026-05-20 16:18:37,419 | INFO     | [717346] 🎯 KẾT QUẢ CHỐT: SAD (55.72%)
2026-05-20 16:18:37,419 | INFO     | [717346] ⏱️ Thời gian phản hồi: 72.72 ms
2026-05-20 16:18:37,454 | INFO     | [717454] ------------------------------------------
2026-05-20 16:18:37,454 | INFO     | [717454] 📥 NHẬN YÊU CẦU QUÉT KHUÔN MẶT MỚI
2026-05-20 16:18:37,455 | INFO     | [717454] Đã xử lý ảnh thành công. Kích thước tensor: (1, 48, 48, 1)
2026-05-20 16:18:37,505 | INFO     | [717454] 📊 Chi tiết dự đoán: {'ANGRY': 6.74, 'DISGUST': 0.07, 'FEAR': 12.54, 'HAPPY': 2.71, 'NEUTRAL': 18.25, 'SAD': 55.45, 'SURPRISE': 4.24}
2026-05-20 16:18:37,506 | INFO     | [717454] 🎯 KẾT QUẢ CHỐT: SAD (55.45%)
2026-05-20 16:18:37,506 | INFO     | [717454] ⏱️ Thời gian phản hồi: 50.99 ms
2026-05-20 16:18:37,548 | INFO     | [717548] ------------------------------------------
2026-05-20 16:18:37,548 | INFO     | [717548] 📥 NHẬN YÊU CẦU QUÉT KHUÔN MẶT MỚI
2026-05-20 16:18:37,550 | INFO     | [717548] Đã xử lý ảnh thành công. Kích thước tensor: (1, 48, 48, 1)
2026-05-20 16:18:37,603 | INFO     | [717548] 📊 Chi tiết dự đoán: {'ANGRY': 5.64, 'DISGUST': 0.06, 'FEAR': 11.45, 'HAPPY': 1.78, 'NEUTRAL': 19.69, 'SAD': 58.25, 'SURPRISE': 3.12}
2026-05-20 16:18:37,604 | INFO     | [717548] 🎯 KẾT QUẢ CHỐT: SAD (58.25%)
2026-05-20 16:18:37,604 | INFO     | [717548] ⏱️ Thời gian phản hồi: 54.87 ms
2026-05-20 16:18:37,643 | INFO     | [717643] ------------------------------------------
2026-05-20 16:18:37,643 | INFO     | [717643] 📥 NHẬN YÊU CẦU QUÉT KHUÔN MẶT MỚI
2026-05-20 16:18:37,643 | INFO     | [717643] Đã xử lý ảnh thành công. Kích thước tensor: (1, 48, 48, 1)
2026-05-20 16:18:37,692 | INFO     | [717643] 📊 Chi tiết dự đoán: {'ANGRY': 5.34, 'DISGUST': 0.06, 'FEAR': 9.88, 'HAPPY': 1.96, 'NEUTRAL': 23.79, 'SAD': 56.14, 'SURPRISE': 2.83}
2026-05-20 16:18:37,692 | INFO     | [717643] 🎯 KẾT QUẢ CHỐT: SAD (56.14%)
2026-05-20 16:18:37,694 | INFO     | [717643] ⏱️ Thời gian phản hồi: 49.42 ms
2026-05-20 16:18:37,751 | INFO     | [717751] ------------------------------------------
2026-05-20 16:18:37,751 | INFO     | [717751] 📥 NHẬN YÊU CẦU QUÉT KHUÔN MẶT MỚI
2026-05-20 16:18:37,752 | INFO     | [717751] Đã xử lý ảnh thành công. Kích thước tensor: (1, 48, 48, 1)
2026-05-20 16:18:37,802 | INFO     | [717751] 📊 Chi tiết dự đoán: {'ANGRY': 3.68, 'DISGUST': 0.03, 'FEAR': 8.08, 'HAPPY': 1.56, 'NEUTRAL': 22.06, 'SAD': 63.08, 'SURPRISE': 1.51}
2026-05-20 16:18:37,802 | INFO     | [717751] 🎯 KẾT QUẢ CHỐT: SAD (63.08%)
2026-05-20 16:18:37,802 | INFO     | [717751] ⏱️ Thời gian phản hồi: 51.68 ms
2026-05-20 16:18:37,843 | INFO     | [717843] ------------------------------------------
2026-05-20 16:18:37,844 | INFO     | [717843] 📥 NHẬN YÊU CẦU QUÉT KHUÔN MẶT MỚI
2026-05-20 16:18:37,844 | INFO     | [717843] Đã xử lý ảnh thành công. Kích thước tensor: (1, 48, 48, 1)
2026-05-20 16:18:37,894 | INFO     | [717843] 📊 Chi tiết dự đoán: {'ANGRY': 4.09, 'DISGUST': 0.04, 'FEAR': 8.88, 'HAPPY': 1.78, 'NEUTRAL': 23.82, 'SAD': 59.9, 'SURPRISE': 1.49}
2026-05-20 16:18:37,894 | INFO     | [717843] 🎯 KẾT QUẢ CHỐT: SAD (59.90%)
2026-05-20 16:18:37,894 | INFO     | [717843] ⏱️ Thời gian phản hồi: 51.46 ms
2026-05-20 16:18:37,952 | INFO     | [717952] ------------------------------------------
2026-05-20 16:18:37,952 | INFO     | [717952] 📥 NHẬN YÊU CẦU QUÉT KHUÔN MẶT MỚI
2026-05-20 16:18:37,953 | INFO     | [717952] Đã xử lý ảnh thành công. Kích thước tensor: (1, 48, 48, 1)
2026-05-20 16:18:38,018 | INFO     | [717952] 📊 Chi tiết dự đoán: {'ANGRY': 3.57, 'DISGUST': 0.04, 'FEAR': 7.88, 'HAPPY': 1.82, 'NEUTRAL': 24.07, 'SAD': 61.37, 'SURPRISE': 1.25}
2026-05-20 16:18:38,018 | INFO     | [717952] 🎯 KẾT QUẢ CHỐT: SAD (61.37%)
2026-05-20 16:18:38,018 | INFO     | [717952] ⏱️ Thời gian phản hồi: 65.94 ms
2026-05-20 16:18:38,046 | INFO     | [718046] ------------------------------------------
2026-05-20 16:18:38,046 | INFO     | [718046] 📥 NHẬN YÊU CẦU QUÉT KHUÔN MẶT MỚI
2026-05-20 16:18:38,046 | INFO     | [718046] Đã xử lý ảnh thành công. Kích thước tensor: (1, 48, 48, 1)
2026-05-20 16:18:38,109 | INFO     | [718046] 📊 Chi tiết dự đoán: {'ANGRY': 3.32, 'DISGUST': 0.04, 'FEAR': 9.15, 'HAPPY': 2.07, 'NEUTRAL': 24.75, 'SAD': 58.9, 'SURPRISE': 1.77}
2026-05-20 16:18:38,109 | INFO     | [718046] 🎯 KẾT QUẢ CHỐT: SAD (58.90%)
2026-05-20 16:18:38,109 | INFO     | [718046] ⏱️ Thời gian phản hồi: 62.97 ms
2026-05-20 16:18:38,156 | INFO     | [718156] ------------------------------------------
2026-05-20 16:18:38,157 | INFO     | [718156] 📥 NHẬN YÊU CẦU QUÉT KHUÔN MẶT MỚI
2026-05-20 16:18:38,157 | INFO     | [718156] Đã xử lý ảnh thành công. Kích thước tensor: (1, 48, 48, 1)
2026-05-20 16:18:38,207 | INFO     | [718156] 📊 Chi tiết dự đoán: {'ANGRY': 4.27, 'DISGUST': 0.04, 'FEAR': 7.87, 'HAPPY': 3.0, 'NEUTRAL': 25.33, 'SAD': 57.29, 'SURPRISE': 2.22}
2026-05-20 16:18:38,207 | INFO     | [718156] 🎯 KẾT QUẢ CHỐT: SAD (57.29%)
2026-05-20 16:18:38,207 | INFO     | [718156] ⏱️ Thời gian phản hồi: 51.02 ms
2026-05-20 16:18:38,250 | INFO     | [718250] ------------------------------------------
2026-05-20 16:18:38,250 | INFO     | [718250] 📥 NHẬN YÊU CẦU QUÉT KHUÔN MẶT MỚI
2026-05-20 16:18:38,252 | INFO     | [718250] Đã xử lý ảnh thành công. Kích thước tensor: (1, 48, 48, 1)
2026-05-20 16:18:38,302 | INFO     | [718250] 📊 Chi tiết dự đoán: {'ANGRY': 5.14, 'DISGUST': 0.04, 'FEAR': 9.75, 'HAPPY': 4.44, 'NEUTRAL': 25.48, 'SAD': 51.83, 'SURPRISE': 3.31}
2026-05-20 16:18:38,303 | INFO     | [718250] 🎯 KẾT QUẢ CHỐT: SAD (51.83%)
2026-05-20 16:18:38,303 | INFO     | [718250] ⏱️ Thời gian phản hồi: 51.93 ms
2026-05-20 16:18:38,345 | INFO     | [718345] ------------------------------------------
2026-05-20 16:18:38,345 | INFO     | [718345] 📥 NHẬN YÊU CẦU QUÉT KHUÔN MẶT MỚI
2026-05-20 16:18:38,346 | INFO     | [718345] Đã xử lý ảnh thành công. Kích thước tensor: (1, 48, 48, 1)
2026-05-20 16:18:38,406 | INFO     | [718345] 📊 Chi tiết dự đoán: {'ANGRY': 5.68, 'DISGUST': 0.05, 'FEAR': 10.24, 'HAPPY': 4.93, 'NEUTRAL': 19.65, 'SAD': 55.5, 'SURPRISE': 3.95}
2026-05-20 16:18:38,408 | INFO     | [718345] 🎯 KẾT QUẢ CHỐT: SAD (55.50%)
2026-05-20 16:18:38,408 | INFO     | [718345] ⏱️ Thời gian phản hồi: 61.06 ms
2026-05-20 16:18:38,455 | INFO     | [718455] ------------------------------------------
2026-05-20 16:18:38,455 | INFO     | [718455] 📥 NHẬN YÊU CẦU QUÉT KHUÔN MẶT MỚI
2026-05-20 16:18:38,455 | INFO     | [718455] Đã xử lý ảnh thành công. Kích thước tensor: (1, 48, 48, 1)
2026-05-20 16:18:38,518 | INFO     | [718455] 📊 Chi tiết dự đoán: {'ANGRY': 8.16, 'DISGUST': 0.09, 'FEAR': 13.44, 'HAPPY': 2.38, 'NEUTRAL': 17.44, 'SAD': 51.08, 'SURPRISE': 7.41}
2026-05-20 16:18:38,518 | INFO     | [718455] 🎯 KẾT QUẢ CHỐT: SAD (51.08%)
2026-05-20 16:18:38,519 | INFO     | [718455] ⏱️ Thời gian phản hồi: 63.58 ms
2026-05-20 16:18:38,549 | INFO     | [718549] ------------------------------------------
2026-05-20 16:18:38,549 | INFO     | [718549] 📥 NHẬN YÊU CẦU QUÉT KHUÔN MẶT MỚI
2026-05-20 16:18:38,550 | INFO     | [718549] Đã xử lý ảnh thành công. Kích thước tensor: (1, 48, 48, 1)
2026-05-20 16:18:38,606 | INFO     | [718549] 📊 Chi tiết dự đoán: {'ANGRY': 7.07, 'DISGUST': 0.07, 'FEAR': 12.16, 'HAPPY': 4.47, 'NEUTRAL': 19.02, 'SAD': 52.23, 'SURPRISE': 4.97}
2026-05-20 16:18:38,606 | INFO     | [718549] 🎯 KẾT QUẢ CHỐT: SAD (52.23%)
2026-05-20 16:18:38,606 | INFO     | [718549] ⏱️ Thời gian phản hồi: 57.15 ms
2026-05-20 16:18:38,658 | INFO     | [718658] ------------------------------------------
2026-05-20 16:18:38,658 | INFO     | [718658] 📥 NHẬN YÊU CẦU QUÉT KHUÔN MẶT MỚI
2026-05-20 16:18:38,659 | INFO     | [718658] Đã xử lý ảnh thành công. Kích thước tensor: (1, 48, 48, 1)
2026-05-20 16:18:38,722 | INFO     | [718658] 📊 Chi tiết dự đoán: {'ANGRY': 7.34, 'DISGUST': 0.07, 'FEAR': 12.59, 'HAPPY': 4.44, 'NEUTRAL': 15.92, 'SAD': 53.93, 'SURPRISE': 5.71}
2026-05-20 16:18:38,724 | INFO     | [718658] 🎯 KẾT QUẢ CHỐT: SAD (53.93%)
2026-05-20 16:18:38,724 | INFO     | [718658] ⏱️ Thời gian phản hồi: 64.7 ms
2026-05-20 16:18:38,753 | INFO     | [718753] ------------------------------------------
2026-05-20 16:18:38,753 | INFO     | [718753] 📥 NHẬN YÊU CẦU QUÉT KHUÔN MẶT MỚI
2026-05-20 16:18:38,754 | INFO     | [718753] Đã xử lý ảnh thành công. Kích thước tensor: (1, 48, 48, 1)
2026-05-20 16:18:38,814 | INFO     | [718753] 📊 Chi tiết dự đoán: {'ANGRY': 9.78, 'DISGUST': 0.09, 'FEAR': 13.85, 'HAPPY': 4.16, 'NEUTRAL': 17.92, 'SAD': 46.67, 'SURPRISE': 7.52}
2026-05-20 16:18:38,815 | INFO     | [718753] 🎯 KẾT QUẢ CHỐT: SAD (46.67%)
2026-05-20 16:18:38,815 | INFO     | [718753] ⏱️ Thời gian phản hồi: 60.85 ms
2026-05-20 16:18:38,863 | INFO     | [718863] ------------------------------------------
2026-05-20 16:18:38,863 | INFO     | [718863] 📥 NHẬN YÊU CẦU QUÉT KHUÔN MẶT MỚI
2026-05-20 16:18:38,863 | INFO     | [718863] Đã xử lý ảnh thành công. Kích thước tensor: (1, 48, 48, 1)
2026-05-20 16:18:38,918 | INFO     | [718863] 📊 Chi tiết dự đoán: {'ANGRY': 9.46, 'DISGUST': 0.1, 'FEAR': 13.42, 'HAPPY': 4.83, 'NEUTRAL': 16.33, 'SAD': 49.29, 'SURPRISE': 6.58}
2026-05-20 16:18:38,918 | INFO     | [718863] 🎯 KẾT QUẢ CHỐT: SAD (49.29%)
2026-05-20 16:18:38,919 | INFO     | [718863] ⏱️ Thời gian phản hồi: 55.06 ms
2026-05-20 16:18:38,955 | INFO     | [718955] ------------------------------------------
2026-05-20 16:18:38,955 | INFO     | [718955] 📥 NHẬN YÊU CẦU QUÉT KHUÔN MẶT MỚI
2026-05-20 16:18:38,956 | INFO     | [718955] Đã xử lý ảnh thành công. Kích thước tensor: (1, 48, 48, 1)
2026-05-20 16:18:39,015 | INFO     | [718955] 📊 Chi tiết dự đoán: {'ANGRY': 6.94, 'DISGUST': 0.06, 'FEAR': 11.94, 'HAPPY': 4.49, 'NEUTRAL': 21.67, 'SAD': 50.27, 'SURPRISE': 4.63}
2026-05-20 16:18:39,017 | INFO     | [718955] 🎯 KẾT QUẢ CHỐT: SAD (50.27%)
2026-05-20 16:18:39,017 | INFO     | [718955] ⏱️ Thời gian phản hồi: 60.44 ms
2026-05-20 16:18:39,063 | INFO     | [719063] ------------------------------------------
2026-05-20 16:18:39,065 | INFO     | [719063] 📥 NHẬN YÊU CẦU QUÉT KHUÔN MẶT MỚI
2026-05-20 16:18:39,065 | INFO     | [719063] Đã xử lý ảnh thành công. Kích thước tensor: (1, 48, 48, 1)
2026-05-20 16:18:39,127 | INFO     | [719063] 📊 Chi tiết dự đoán: {'ANGRY': 5.85, 'DISGUST': 0.07, 'FEAR': 11.78, 'HAPPY': 4.22, 'NEUTRAL': 21.67, 'SAD': 51.92, 'SURPRISE': 4.49}
2026-05-20 16:18:39,127 | INFO     | [719063] 🎯 KẾT QUẢ CHỐT: SAD (51.92%)
2026-05-20 16:18:39,127 | INFO     | [719063] ⏱️ Thời gian phản hồi: 63.24 ms
2026-05-20 16:18:39,156 | INFO     | [719156] ------------------------------------------
2026-05-20 16:18:39,156 | INFO     | [719156] 📥 NHẬN YÊU CẦU QUÉT KHUÔN MẶT MỚI
2026-05-20 16:18:39,156 | INFO     | [719156] Đã xử lý ảnh thành công. Kích thước tensor: (1, 48, 48, 1)
2026-05-20 16:18:39,208 | INFO     | [719156] 📊 Chi tiết dự đoán: {'ANGRY': 6.76, 'DISGUST': 0.05, 'FEAR': 11.81, 'HAPPY': 5.34, 'NEUTRAL': 23.65, 'SAD': 45.76, 'SURPRISE': 6.63}
2026-05-20 16:18:39,210 | INFO     | [719156] 🎯 KẾT QUẢ CHỐT: SAD (45.76%)
2026-05-20 16:18:39,210 | INFO     | [719156] ⏱️ Thời gian phản hồi: 52.48 ms
2026-05-20 16:18:39,250 | INFO     | [719250] ------------------------------------------
2026-05-20 16:18:39,250 | INFO     | [719250] 📥 NHẬN YÊU CẦU QUÉT KHUÔN MẶT MỚI
2026-05-20 16:18:39,250 | INFO     | [719250] Đã xử lý ảnh thành công. Kích thước tensor: (1, 48, 48, 1)
2026-05-20 16:18:39,308 | INFO     | [719250] 📊 Chi tiết dự đoán: {'ANGRY': 5.73, 'DISGUST': 0.06, 'FEAR': 11.0, 'HAPPY': 3.83, 'NEUTRAL': 23.2, 'SAD': 51.74, 'SURPRISE': 4.45}
2026-05-20 16:18:39,308 | INFO     | [719250] 🎯 KẾT QUẢ CHỐT: SAD (51.74%)
2026-05-20 16:18:39,308 | INFO     | [719250] ⏱️ Thời gian phản hồi: 58.16 ms
2026-05-20 16:18:39,359 | INFO     | [719359] ------------------------------------------
2026-05-20 16:18:39,359 | INFO     | [719359] 📥 NHẬN YÊU CẦU QUÉT KHUÔN MẶT MỚI
2026-05-20 16:18:39,360 | INFO     | [719359] Đã xử lý ảnh thành công. Kích thước tensor: (1, 48, 48, 1)
2026-05-20 16:18:39,413 | INFO     | [719359] 📊 Chi tiết dự đoán: {'ANGRY': 6.25, 'DISGUST': 0.04, 'FEAR': 10.62, 'HAPPY': 5.36, 'NEUTRAL': 26.5, 'SAD': 46.88, 'SURPRISE': 4.36}
2026-05-20 16:18:39,413 | INFO     | [719359] 🎯 KẾT QUẢ CHỐT: SAD (46.88%)
2026-05-20 16:18:39,413 | INFO     | [719359] ⏱️ Thời gian phản hồi: 53.96 ms
2026-05-20 16:18:39,451 | INFO     | [719451] ------------------------------------------
2026-05-20 16:18:39,451 | INFO     | [719451] 📥 NHẬN YÊU CẦU QUÉT KHUÔN MẶT MỚI
2026-05-20 16:18:39,453 | INFO     | [719451] Đã xử lý ảnh thành công. Kích thước tensor: (1, 48, 48, 1)
2026-05-20 16:18:39,511 | INFO     | [719451] 📊 Chi tiết dự đoán: {'ANGRY': 5.52, 'DISGUST': 0.04, 'FEAR': 11.47, 'HAPPY': 4.95, 'NEUTRAL': 21.57, 'SAD': 52.5, 'SURPRISE': 3.95}
2026-05-20 16:18:39,511 | INFO     | [719451] 🎯 KẾT QUẢ CHỐT: SAD (52.50%)
2026-05-20 16:18:39,512 | INFO     | [719451] ⏱️ Thời gian phản hồi: 59.7 ms
2026-05-20 16:18:39,559 | INFO     | [719559] ------------------------------------------
2026-05-20 16:18:39,559 | INFO     | [719559] 📥 NHẬN YÊU CẦU QUÉT KHUÔN MẶT MỚI
2026-05-20 16:18:39,559 | INFO     | [719559] Đã xử lý ảnh thành công. Kích thước tensor: (1, 48, 48, 1)
2026-05-20 16:18:39,613 | INFO     | [719559] 📊 Chi tiết dự đoán: {'ANGRY': 6.42, 'DISGUST': 0.06, 'FEAR': 11.3, 'HAPPY': 4.86, 'NEUTRAL': 21.64, 'SAD': 51.46, 'SURPRISE': 4.26}
2026-05-20 16:18:39,613 | INFO     | [719559] 🎯 KẾT QUẢ CHỐT: SAD (51.46%)
2026-05-20 16:18:39,613 | INFO     | [719559] ⏱️ Thời gian phản hồi: 53.33 ms
2026-05-20 16:18:39,654 | INFO     | [719654] ------------------------------------------
2026-05-20 16:18:39,654 | INFO     | [719654] 📥 NHẬN YÊU CẦU QUÉT KHUÔN MẶT MỚI
2026-05-20 16:18:39,655 | INFO     | [719654] Đã xử lý ảnh thành công. Kích thước tensor: (1, 48, 48, 1)
2026-05-20 16:18:39,706 | INFO     | [719654] 📊 Chi tiết dự đoán: {'ANGRY': 5.68, 'DISGUST': 0.04, 'FEAR': 10.09, 'HAPPY': 5.19, 'NEUTRAL': 23.48, 'SAD': 51.91, 'SURPRISE': 3.62}
2026-05-20 16:18:39,706 | INFO     | [719654] 🎯 KẾT QUẢ CHỐT: SAD (51.91%)
2026-05-20 16:18:39,706 | INFO     | [719654] ⏱️ Thời gian phản hồi: 52.86 ms
2026-05-20 16:18:39,764 | INFO     | [719764] ------------------------------------------
2026-05-20 16:18:39,764 | INFO     | [719764] 📥 NHẬN YÊU CẦU QUÉT KHUÔN MẶT MỚI
2026-05-20 16:18:39,765 | INFO     | [719764] Đã xử lý ảnh thành công. Kích thước tensor: (1, 48, 48, 1)
2026-05-20 16:18:39,814 | INFO     | [719764] 📊 Chi tiết dự đoán: {'ANGRY': 5.16, 'DISGUST': 0.03, 'FEAR': 10.1, 'HAPPY': 4.22, 'NEUTRAL': 19.93, 'SAD': 57.91, 'SURPRISE': 2.65}
2026-05-20 16:18:39,814 | INFO     | [719764] 🎯 KẾT QUẢ CHỐT: SAD (57.91%)
2026-05-20 16:18:39,814 | INFO     | [719764] ⏱️ Thời gian phản hồi: 50.49 ms
2026-05-20 16:18:39,858 | INFO     | [719858] ------------------------------------------
2026-05-20 16:18:39,858 | INFO     | [719858] 📥 NHẬN YÊU CẦU QUÉT KHUÔN MẶT MỚI
2026-05-20 16:18:39,858 | INFO     | [719858] Đã xử lý ảnh thành công. Kích thước tensor: (1, 48, 48, 1)
2026-05-20 16:18:39,909 | INFO     | [719858] 📊 Chi tiết dự đoán: {'ANGRY': 6.26, 'DISGUST': 0.04, 'FEAR': 11.82, 'HAPPY': 6.22, 'NEUTRAL': 21.55, 'SAD': 50.07, 'SURPRISE': 4.04}
2026-05-20 16:18:39,910 | INFO     | [719858] 🎯 KẾT QUẢ CHỐT: SAD (50.07%)
2026-05-20 16:18:39,910 | INFO     | [719858] ⏱️ Thời gian phản hồi: 50.77 ms
2026-05-20 16:18:39,965 | INFO     | [719965] ------------------------------------------
2026-05-20 16:18:39,966 | INFO     | [719965] 📥 NHẬN YÊU CẦU QUÉT KHUÔN MẶT MỚI
2026-05-20 16:18:39,966 | INFO     | [719965] Đã xử lý ảnh thành công. Kích thước tensor: (1, 48, 48, 1)
2026-05-20 16:18:40,018 | INFO     | [719965] 📊 Chi tiết dự đoán: {'ANGRY': 6.66, 'DISGUST': 0.04, 'FEAR': 11.91, 'HAPPY': 6.31, 'NEUTRAL': 22.2, 'SAD': 48.62, 'SURPRISE': 4.25}
2026-05-20 16:18:40,018 | INFO     | [719965] 🎯 KẾT QUẢ CHỐT: SAD (48.62%)
2026-05-20 16:18:40,019 | INFO     | [719965] ⏱️ Thời gian phản hồi: 53.32 ms
2026-05-20 16:18:40,057 | INFO     | [720057] ------------------------------------------
2026-05-20 16:18:40,057 | INFO     | [720057] 📥 NHẬN YÊU CẦU QUÉT KHUÔN MẶT MỚI
2026-05-20 16:18:40,058 | INFO     | [720057] Đã xử lý ảnh thành công. Kích thước tensor: (1, 48, 48, 1)
2026-05-20 16:18:40,112 | INFO     | [720057] 📊 Chi tiết dự đoán: {'ANGRY': 7.09, 'DISGUST': 0.05, 'FEAR': 12.06, 'HAPPY': 6.38, 'NEUTRAL': 21.82, 'SAD': 48.81, 'SURPRISE': 3.79}
2026-05-20 16:18:40,113 | INFO     | [720057] 🎯 KẾT QUẢ CHỐT: SAD (48.81%)
2026-05-20 16:18:40,113 | INFO     | [720057] ⏱️ Thời gian phản hồi: 54.69 ms
2026-05-20 16:18:40,165 | INFO     | [720165] ------------------------------------------
2026-05-20 16:18:40,165 | INFO     | [720165] 📥 NHẬN YÊU CẦU QUÉT KHUÔN MẶT MỚI
2026-05-20 16:18:40,166 | INFO     | [720165] Đã xử lý ảnh thành công. Kích thước tensor: (1, 48, 48, 1)
2026-05-20 16:18:40,232 | INFO     | [720165] 📊 Chi tiết dự đoán: {'ANGRY': 8.11, 'DISGUST': 0.06, 'FEAR': 13.46, 'HAPPY': 5.15, 'NEUTRAL': 19.7, 'SAD': 49.42, 'SURPRISE': 4.1}
2026-05-20 16:18:40,233 | INFO     | [720165] 🎯 KẾT QUẢ CHỐT: SAD (49.42%)
2026-05-20 16:18:40,233 | INFO     | [720165] ⏱️ Thời gian phản hồi: 67.51 ms
2026-05-20 16:18:40,259 | INFO     | [720259] ------------------------------------------
2026-05-20 16:18:40,260 | INFO     | [720259] 📥 NHẬN YÊU CẦU QUÉT KHUÔN MẶT MỚI
2026-05-20 16:18:40,260 | INFO     | [720259] Đã xử lý ảnh thành công. Kích thước tensor: (1, 48, 48, 1)
2026-05-20 16:18:40,318 | INFO     | [720259] 📊 Chi tiết dự đoán: {'ANGRY': 6.87, 'DISGUST': 0.05, 'FEAR': 13.88, 'HAPPY': 4.83, 'NEUTRAL': 19.01, 'SAD': 51.03, 'SURPRISE': 4.33}
2026-05-20 16:18:40,318 | INFO     | [720259] 🎯 KẾT QUẢ CHỐT: SAD (51.03%)
2026-05-20 16:18:40,318 | INFO     | [720259] ⏱️ Thời gian phản hồi: 59.47 ms
2026-05-20 16:18:40,352 | INFO     | [720352] ------------------------------------------
2026-05-20 16:18:40,352 | INFO     | [720352] 📥 NHẬN YÊU CẦU QUÉT KHUÔN MẶT MỚI
2026-05-20 16:18:40,352 | INFO     | [720352] Đã xử lý ảnh thành công. Kích thước tensor: (1, 48, 48, 1)
2026-05-20 16:18:40,411 | INFO     | [720352] 📊 Chi tiết dự đoán: {'ANGRY': 6.83, 'DISGUST': 0.05, 'FEAR': 11.19, 'HAPPY': 4.82, 'NEUTRAL': 20.98, 'SAD': 52.84, 'SURPRISE': 3.28}
2026-05-20 16:18:40,411 | INFO     | [720352] 🎯 KẾT QUẢ CHỐT: SAD (52.84%)
2026-05-20 16:18:40,411 | INFO     | [720352] ⏱️ Thời gian phản hồi: 58.5 ms
2026-05-20 16:18:40,462 | INFO     | [720462] ------------------------------------------
2026-05-20 16:18:40,462 | INFO     | [720462] 📥 NHẬN YÊU CẦU QUÉT KHUÔN MẶT MỚI
2026-05-20 16:18:40,462 | INFO     | [720462] Đã xử lý ảnh thành công. Kích thước tensor: (1, 48, 48, 1)
2026-05-20 16:18:40,537 | INFO     | [720462] 📊 Chi tiết dự đoán: {'ANGRY': 5.99, 'DISGUST': 0.03, 'FEAR': 10.99, 'HAPPY': 6.8, 'NEUTRAL': 22.81, 'SAD': 50.32, 'SURPRISE': 3.06}
2026-05-20 16:18:40,537 | INFO     | [720462] 🎯 KẾT QUẢ CHỐT: SAD (50.32%)
2026-05-20 16:18:40,537 | INFO     | [720462] ⏱️ Thời gian phản hồi: 74.82 ms
2026-05-20 16:18:40,556 | INFO     | [720556] ------------------------------------------
2026-05-20 16:18:40,556 | INFO     | [720556] 📥 NHẬN YÊU CẦU QUÉT KHUÔN MẶT MỚI
2026-05-20 16:18:40,557 | INFO     | [720556] Đã xử lý ảnh thành công. Kích thước tensor: (1, 48, 48, 1)
2026-05-20 16:18:40,614 | INFO     | [720556] 📊 Chi tiết dự đoán: {'ANGRY': 6.3, 'DISGUST': 0.05, 'FEAR': 11.42, 'HAPPY': 7.33, 'NEUTRAL': 21.56, 'SAD': 49.95, 'SURPRISE': 3.4}
2026-05-20 16:18:40,615 | INFO     | [720556] 🎯 KẾT QUẢ CHỐT: SAD (49.95%)
2026-05-20 16:18:40,615 | INFO     | [720556] ⏱️ Thời gian phản hồi: 57.75 ms
2026-05-20 16:18:40,665 | INFO     | [720665] ------------------------------------------
2026-05-20 16:18:40,665 | INFO     | [720665] 📥 NHẬN YÊU CẦU QUÉT KHUÔN MẶT MỚI
2026-05-20 16:18:40,666 | INFO     | [720665] Đã xử lý ảnh thành công. Kích thước tensor: (1, 48, 48, 1)
2026-05-20 16:18:40,719 | INFO     | [720665] 📊 Chi tiết dự đoán: {'ANGRY': 5.97, 'DISGUST': 0.04, 'FEAR': 10.92, 'HAPPY': 7.69, 'NEUTRAL': 21.35, 'SAD': 50.23, 'SURPRISE': 3.81}
2026-05-20 16:18:40,719 | INFO     | [720665] 🎯 KẾT QUẢ CHỐT: SAD (50.23%)
2026-05-20 16:18:40,719 | INFO     | [720665] ⏱️ Thời gian phản hồi: 53.94 ms
2026-05-20 16:18:40,759 | INFO     | [720759] ------------------------------------------
2026-05-20 16:18:40,759 | INFO     | [720759] 📥 NHẬN YÊU CẦU QUÉT KHUÔN MẶT MỚI
2026-05-20 16:18:40,759 | INFO     | [720759] Đã xử lý ảnh thành công. Kích thước tensor: (1, 48, 48, 1)
2026-05-20 16:18:40,814 | INFO     | [720759] 📊 Chi tiết dự đoán: {'ANGRY': 7.34, 'DISGUST': 0.04, 'FEAR': 11.39, 'HAPPY': 8.96, 'NEUTRAL': 21.73, 'SAD': 46.43, 'SURPRISE': 4.1}
2026-05-20 16:18:40,814 | INFO     | [720759] 🎯 KẾT QUẢ CHỐT: SAD (46.43%)
2026-05-20 16:18:40,816 | INFO     | [720759] ⏱️ Thời gian phản hồi: 55.78 ms
2026-05-20 16:18:40,867 | INFO     | [720867] ------------------------------------------
2026-05-20 16:18:40,868 | INFO     | [720867] 📥 NHẬN YÊU CẦU QUÉT KHUÔN MẶT MỚI
2026-05-20 16:18:40,868 | INFO     | [720867] Đã xử lý ảnh thành công. Kích thước tensor: (1, 48, 48, 1)
2026-05-20 16:18:40,921 | INFO     | [720867] 📊 Chi tiết dự đoán: {'ANGRY': 6.54, 'DISGUST': 0.04, 'FEAR': 10.43, 'HAPPY': 7.28, 'NEUTRAL': 24.18, 'SAD': 48.47, 'SURPRISE': 3.06}
2026-05-20 16:18:40,921 | INFO     | [720867] 🎯 KẾT QUẢ CHỐT: SAD (48.47%)
2026-05-20 16:18:40,921 | INFO     | [720867] ⏱️ Thời gian phản hồi: 53.76 ms
2026-05-20 16:18:40,960 | INFO     | [720960] ------------------------------------------
2026-05-20 16:18:40,960 | INFO     | [720960] 📥 NHẬN YÊU CẦU QUÉT KHUÔN MẶT MỚI
2026-05-20 16:18:40,961 | INFO     | [720960] Đã xử lý ảnh thành công. Kích thước tensor: (1, 48, 48, 1)
2026-05-20 16:18:41,015 | INFO     | [720960] 📊 Chi tiết dự đoán: {'ANGRY': 6.62, 'DISGUST': 0.04, 'FEAR': 10.59, 'HAPPY': 7.03, 'NEUTRAL': 23.41, 'SAD': 49.15, 'SURPRISE': 3.17}
2026-05-20 16:18:41,016 | INFO     | [720960] 🎯 KẾT QUẢ CHỐT: SAD (49.15%)
2026-05-20 16:18:41,016 | INFO     | [720960] ⏱️ Thời gian phản hồi: 54.81 ms
2026-05-20 16:18:41,069 | INFO     | [721069] ------------------------------------------
2026-05-20 16:18:41,070 | INFO     | [721069] 📥 NHẬN YÊU CẦU QUÉT KHUÔN MẶT MỚI
2026-05-20 16:18:41,071 | INFO     | [721069] Đã xử lý ảnh thành công. Kích thước tensor: (1, 48, 48, 1)
2026-05-20 16:18:41,125 | INFO     | [721069] 📊 Chi tiết dự đoán: {'ANGRY': 5.8, 'DISGUST': 0.04, 'FEAR': 10.21, 'HAPPY': 4.88, 'NEUTRAL': 23.76, 'SAD': 52.19, 'SURPRISE': 3.13}
2026-05-20 16:18:41,125 | INFO     | [721069] 🎯 KẾT QUẢ CHỐT: SAD (52.19%)
2026-05-20 16:18:41,125 | INFO     | [721069] ⏱️ Thời gian phản hồi: 56.82 ms
2026-05-20 16:18:41,148 | INFO     | [721148] ------------------------------------------
2026-05-20 16:18:41,148 | INFO     | [721148] 📥 NHẬN YÊU CẦU QUÉT KHUÔN MẶT MỚI
2026-05-20 16:18:41,148 | INFO     | [721148] Đã xử lý ảnh thành công. Kích thước tensor: (1, 48, 48, 1)
2026-05-20 16:18:41,207 | INFO     | [721148] 📊 Chi tiết dự đoán: {'ANGRY': 5.5, 'DISGUST': 0.03, 'FEAR': 10.84, 'HAPPY': 5.65, 'NEUTRAL': 21.91, 'SAD': 53.38, 'SURPRISE': 2.69}
2026-05-20 16:18:41,209 | INFO     | [721148] 🎯 KẾT QUẢ CHỐT: SAD (53.38%)
2026-05-20 16:18:41,209 | INFO     | [721148] ⏱️ Thời gian phản hồi: 58.95 ms
2026-05-20 16:18:41,269 | INFO     | [721269] ------------------------------------------
2026-05-20 16:18:41,270 | INFO     | [721269] 📥 NHẬN YÊU CẦU QUÉT KHUÔN MẶT MỚI
2026-05-20 16:18:41,270 | INFO     | [721269] Đã xử lý ảnh thành công. Kích thước tensor: (1, 48, 48, 1)
2026-05-20 16:18:41,324 | INFO     | [721269] 📊 Chi tiết dự đoán: {'ANGRY': 4.09, 'DISGUST': 0.02, 'FEAR': 10.03, 'HAPPY': 5.19, 'NEUTRAL': 22.9, 'SAD': 55.26, 'SURPRISE': 2.52}
2026-05-20 16:18:41,324 | INFO     | [721269] 🎯 KẾT QUẢ CHỐT: SAD (55.26%)
2026-05-20 16:18:41,324 | INFO     | [721269] ⏱️ Thời gian phản hồi: 55.63 ms
2026-05-20 16:18:41,362 | INFO     | [721362] ------------------------------------------
2026-05-20 16:18:41,362 | INFO     | [721362] 📥 NHẬN YÊU CẦU QUÉT KHUÔN MẶT MỚI
2026-05-20 16:18:41,364 | INFO     | [721362] Đã xử lý ảnh thành công. Kích thước tensor: (1, 48, 48, 1)
2026-05-20 16:18:41,420 | INFO     | [721362] 📊 Chi tiết dự đoán: {'ANGRY': 6.59, 'DISGUST': 0.04, 'FEAR': 13.09, 'HAPPY': 5.65, 'NEUTRAL': 19.0, 'SAD': 50.67, 'SURPRISE': 4.96}
2026-05-20 16:18:41,421 | INFO     | [721362] 🎯 KẾT QUẢ CHỐT: SAD (50.67%)
2026-05-20 16:18:41,421 | INFO     | [721362] ⏱️ Thời gian phản hồi: 57.54 ms
2026-05-20 16:18:41,457 | INFO     | [721457] ------------------------------------------
2026-05-20 16:18:41,457 | INFO     | [721457] 📥 NHẬN YÊU CẦU QUÉT KHUÔN MẶT MỚI
2026-05-20 16:18:41,458 | INFO     | [721457] Đã xử lý ảnh thành công. Kích thước tensor: (1, 48, 48, 1)
2026-05-20 16:18:41,519 | INFO     | [721457] 📊 Chi tiết dự đoán: {'ANGRY': 4.16, 'DISGUST': 0.04, 'FEAR': 13.33, 'HAPPY': 2.34, 'NEUTRAL': 14.87, 'SAD': 58.55, 'SURPRISE': 6.71}
2026-05-20 16:18:41,519 | INFO     | [721457] 🎯 KẾT QUẢ CHỐT: SAD (58.55%)
2026-05-20 16:18:41,520 | INFO     | [721457] ⏱️ Thời gian phản hồi: 61.77 ms
2026-05-20 16:18:41,565 | INFO     | [721565] ------------------------------------------
2026-05-20 16:18:41,565 | INFO     | [721565] 📥 NHẬN YÊU CẦU QUÉT KHUÔN MẶT MỚI
2026-05-20 16:18:41,565 | INFO     | [721565] Đã xử lý ảnh thành công. Kích thước tensor: (1, 48, 48, 1)
2026-05-20 16:18:41,616 | INFO     | [721565] 📊 Chi tiết dự đoán: {'ANGRY': 3.72, 'DISGUST': 0.02, 'FEAR': 11.55, 'HAPPY': 2.44, 'NEUTRAL': 17.89, 'SAD': 60.82, 'SURPRISE': 3.56}
2026-05-20 16:18:41,616 | INFO     | [721565] 🎯 KẾT QUẢ CHỐT: SAD (60.82%)
2026-05-20 16:18:41,616 | INFO     | [721565] ⏱️ Thời gian phản hồi: 51.72 ms
2026-05-20 16:18:41,658 | INFO     | [721658] ------------------------------------------
2026-05-20 16:18:41,658 | INFO     | [721658] 📥 NHẬN YÊU CẦU QUÉT KHUÔN MẶT MỚI
2026-05-20 16:18:41,659 | INFO     | [721658] Đã xử lý ảnh thành công. Kích thước tensor: (1, 48, 48, 1)
2026-05-20 16:18:41,719 | INFO     | [721658] 📊 Chi tiết dự đoán: {'ANGRY': 5.41, 'DISGUST': 0.03, 'FEAR': 12.21, 'HAPPY': 2.58, 'NEUTRAL': 25.42, 'SAD': 49.33, 'SURPRISE': 5.02}
2026-05-20 16:18:41,719 | INFO     | [721658] 🎯 KẾT QUẢ CHỐT: SAD (49.33%)
2026-05-20 16:18:41,719 | INFO     | [721658] ⏱️ Thời gian phản hồi: 61.74 ms
2026-05-20 16:18:41,752 | INFO     | [721752] ------------------------------------------
2026-05-20 16:18:41,752 | INFO     | [721752] 📥 NHẬN YÊU CẦU QUÉT KHUÔN MẶT MỚI
2026-05-20 16:18:41,752 | INFO     | [721752] Đã xử lý ảnh thành công. Kích thước tensor: (1, 48, 48, 1)
2026-05-20 16:18:41,808 | INFO     | [721752] 📊 Chi tiết dự đoán: {'ANGRY': 5.05, 'DISGUST': 0.02, 'FEAR': 13.55, 'HAPPY': 6.17, 'NEUTRAL': 17.91, 'SAD': 49.36, 'SURPRISE': 7.93}
2026-05-20 16:18:41,808 | INFO     | [721752] 🎯 KẾT QUẢ CHỐT: SAD (49.36%)
2026-05-20 16:18:41,808 | INFO     | [721752] ⏱️ Thời gian phản hồi: 55.81 ms
2026-05-20 16:18:41,861 | INFO     | [721861] ------------------------------------------
2026-05-20 16:18:41,861 | INFO     | [721861] 📥 NHẬN YÊU CẦU QUÉT KHUÔN MẶT MỚI
2026-05-20 16:18:41,862 | INFO     | [721861] Đã xử lý ảnh thành công. Kích thước tensor: (1, 48, 48, 1)
2026-05-20 16:18:41,918 | INFO     | [721861] 📊 Chi tiết dự đoán: {'ANGRY': 5.1, 'DISGUST': 0.04, 'FEAR': 13.31, 'HAPPY': 6.14, 'NEUTRAL': 15.54, 'SAD': 44.17, 'SURPRISE': 15.69}
2026-05-20 16:18:41,918 | INFO     | [721861] 🎯 KẾT QUẢ CHỐT: SAD (44.17%)
2026-05-20 16:18:41,919 | INFO     | [721861] ⏱️ Thời gian phản hồi: 57.78 ms
2026-05-20 16:18:41,956 | INFO     | [721956] ------------------------------------------
2026-05-20 16:18:41,956 | INFO     | [721956] 📥 NHẬN YÊU CẦU QUÉT KHUÔN MẶT MỚI
2026-05-20 16:18:41,956 | INFO     | [721956] Đã xử lý ảnh thành công. Kích thước tensor: (1, 48, 48, 1)
2026-05-20 16:18:42,011 | INFO     | [721956] 📊 Chi tiết dự đoán: {'ANGRY': 6.34, 'DISGUST': 0.04, 'FEAR': 15.68, 'HAPPY': 4.03, 'NEUTRAL': 13.02, 'SAD': 47.96, 'SURPRISE': 12.93}
2026-05-20 16:18:42,012 | INFO     | [721956] 🎯 KẾT QUẢ CHỐT: SAD (47.96%)
2026-05-20 16:18:42,012 | INFO     | [721956] ⏱️ Thời gian phản hồi: 55.37 ms
2026-05-20 16:18:42,063 | INFO     | [722063] ------------------------------------------
2026-05-20 16:18:42,063 | INFO     | [722063] 📥 NHẬN YÊU CẦU QUÉT KHUÔN MẶT MỚI
2026-05-20 16:18:42,065 | INFO     | [722063] Đã xử lý ảnh thành công. Kích thước tensor: (1, 48, 48, 1)
2026-05-20 16:18:42,135 | INFO     | [722063] 📊 Chi tiết dự đoán: {'ANGRY': 8.58, 'DISGUST': 0.05, 'FEAR': 13.92, 'HAPPY': 18.05, 'NEUTRAL': 17.61, 'SAD': 31.91, 'SURPRISE': 9.87}
2026-05-20 16:18:42,135 | INFO     | [722063] 🎯 KẾT QUẢ CHỐT: SAD (31.91%)
2026-05-20 16:18:42,135 | INFO     | [722063] ⏱️ Thời gian phản hồi: 71.46 ms
2026-05-20 16:18:42,157 | INFO     | [722157] ------------------------------------------
2026-05-20 16:18:42,157 | INFO     | [722157] 📥 NHẬN YÊU CẦU QUÉT KHUÔN MẶT MỚI
2026-05-20 16:18:42,158 | INFO     | [722157] Đã xử lý ảnh thành công. Kích thước tensor: (1, 48, 48, 1)
2026-05-20 16:18:42,214 | INFO     | [722157] 📊 Chi tiết dự đoán: {'ANGRY': 10.56, 'DISGUST': 0.07, 'FEAR': 14.41, 'HAPPY': 18.18, 'NEUTRAL': 18.58, 'SAD': 31.69, 'SURPRISE': 6.52}
2026-05-20 16:18:42,214 | INFO     | [722157] 🎯 KẾT QUẢ CHỐT: SAD (31.69%)
2026-05-20 16:18:42,214 | INFO     | [722157] ⏱️ Thời gian phản hồi: 55.75 ms
2026-05-20 16:18:42,249 | INFO     | [722249] ------------------------------------------
2026-05-20 16:18:42,249 | INFO     | [722249] 📥 NHẬN YÊU CẦU QUÉT KHUÔN MẶT MỚI
2026-05-20 16:18:42,250 | INFO     | [722249] Đã xử lý ảnh thành công. Kích thước tensor: (1, 48, 48, 1)
2026-05-20 16:18:42,313 | INFO     | [722249] 📊 Chi tiết dự đoán: {'ANGRY': 10.66, 'DISGUST': 0.04, 'FEAR': 23.67, 'HAPPY': 10.24, 'NEUTRAL': 14.16, 'SAD': 37.39, 'SURPRISE': 3.83}
2026-05-20 16:18:42,315 | INFO     | [722249] 🎯 KẾT QUẢ CHỐT: SAD (37.39%)
2026-05-20 16:18:42,315 | INFO     | [722249] ⏱️ Thời gian phản hồi: 64.4 ms
2026-05-20 16:18:42,357 | INFO     | [722357] ------------------------------------------
2026-05-20 16:18:42,357 | INFO     | [722357] 📥 NHẬN YÊU CẦU QUÉT KHUÔN MẶT MỚI
2026-05-20 16:18:42,358 | INFO     | [722357] Đã xử lý ảnh thành công. Kích thước tensor: (1, 48, 48, 1)
2026-05-20 16:18:42,424 | INFO     | [722357] 📊 Chi tiết dự đoán: {'ANGRY': 15.91, 'DISGUST': 0.07, 'FEAR': 19.92, 'HAPPY': 16.42, 'NEUTRAL': 13.12, 'SAD': 28.64, 'SURPRISE': 5.92}
2026-05-20 16:18:42,424 | INFO     | [722357] 🎯 KẾT QUẢ CHỐT: SAD (28.64%)
2026-05-20 16:18:42,424 | INFO     | [722357] ⏱️ Thời gian phản hồi: 67.07 ms
2026-05-20 16:18:42,450 | INFO     | [722450] ------------------------------------------
2026-05-20 16:18:42,450 | INFO     | [722450] 📥 NHẬN YÊU CẦU QUÉT KHUÔN MẶT MỚI
2026-05-20 16:18:42,451 | INFO     | [722450] Đã xử lý ảnh thành công. Kích thước tensor: (1, 48, 48, 1)
2026-05-20 16:18:42,513 | INFO     | [722450] 📊 Chi tiết dự đoán: {'ANGRY': 25.32, 'DISGUST': 0.08, 'FEAR': 12.36, 'HAPPY': 31.83, 'NEUTRAL': 13.92, 'SAD': 13.89, 'SURPRISE': 2.59}
2026-05-20 16:18:42,513 | INFO     | [722450] 🎯 KẾT QUẢ CHỐT: HAPPY (31.83%)
2026-05-20 16:18:42,513 | INFO     | [722450] ⏱️ Thời gian phản hồi: 62.67 ms
2026-05-20 16:18:42,559 | INFO     | [722559] ------------------------------------------
2026-05-20 16:18:42,561 | INFO     | [722559] 📥 NHẬN YÊU CẦU QUÉT KHUÔN MẶT MỚI
2026-05-20 16:18:42,561 | INFO     | [722559] Đã xử lý ảnh thành công. Kích thước tensor: (1, 48, 48, 1)
2026-05-20 16:18:42,619 | INFO     | [722559] 📊 Chi tiết dự đoán: {'ANGRY': 25.24, 'DISGUST': 0.07, 'FEAR': 9.39, 'HAPPY': 39.03, 'NEUTRAL': 13.85, 'SAD': 9.2, 'SURPRISE': 3.22}
2026-05-20 16:18:42,620 | INFO     | [722559] 🎯 KẾT QUẢ CHỐT: HAPPY (39.03%)
2026-05-20 16:18:42,620 | INFO     | [722559] ⏱️ Thời gian phản hồi: 59.64 ms
2026-05-20 16:18:42,652 | INFO     | [722652] ------------------------------------------
2026-05-20 16:18:42,653 | INFO     | [722652] 📥 NHẬN YÊU CẦU QUÉT KHUÔN MẶT MỚI
2026-05-20 16:18:42,653 | INFO     | [722652] Đã xử lý ảnh thành công. Kích thước tensor: (1, 48, 48, 1)
2026-05-20 16:18:42,710 | INFO     | [722652] 📊 Chi tiết dự đoán: {'ANGRY': 26.77, 'DISGUST': 0.08, 'FEAR': 9.83, 'HAPPY': 37.2, 'NEUTRAL': 14.18, 'SAD': 8.38, 'SURPRISE': 3.56}
2026-05-20 16:18:42,710 | INFO     | [722652] 🎯 KẾT QUẢ CHỐT: HAPPY (37.20%)
2026-05-20 16:18:42,710 | INFO     | [722652] ⏱️ Thời gian phản hồi: 58.64 ms
2026-05-20 16:18:42,749 | INFO     | [722749] ------------------------------------------
2026-05-20 16:18:42,749 | INFO     | [722749] 📥 NHẬN YÊU CẦU QUÉT KHUÔN MẶT MỚI
2026-05-20 16:18:42,749 | INFO     | [722749] Đã xử lý ảnh thành công. Kích thước tensor: (1, 48, 48, 1)
2026-05-20 16:18:42,801 | INFO     | [722749] 📊 Chi tiết dự đoán: {'ANGRY': 22.22, 'DISGUST': 0.13, 'FEAR': 10.29, 'HAPPY': 25.87, 'NEUTRAL': 23.37, 'SAD': 13.0, 'SURPRISE': 5.11}
2026-05-20 16:18:42,801 | INFO     | [722749] 🎯 KẾT QUẢ CHỐT: HAPPY (25.87%)
2026-05-20 16:18:42,801 | INFO     | [722749] ⏱️ Thời gian phản hồi: 52.03 ms
2026-05-20 16:18:42,859 | INFO     | [722859] ------------------------------------------
2026-05-20 16:18:42,859 | INFO     | [722859] 📥 NHẬN YÊU CẦU QUÉT KHUÔN MẶT MỚI
2026-05-20 16:18:42,859 | INFO     | [722859] Đã xử lý ảnh thành công. Kích thước tensor: (1, 48, 48, 1)
2026-05-20 16:18:42,914 | INFO     | [722859] 📊 Chi tiết dự đoán: {'ANGRY': 25.93, 'DISGUST': 0.15, 'FEAR': 11.57, 'HAPPY': 16.62, 'NEUTRAL': 25.44, 'SAD': 14.5, 'SURPRISE': 5.79}
2026-05-20 16:18:42,914 | INFO     | [722859] 🎯 KẾT QUẢ CHỐT: ANGRY (25.93%)
2026-05-20 16:18:42,914 | INFO     | [722859] ⏱️ Thời gian phản hồi: 54.93 ms
2026-05-20 16:18:42,952 | INFO     | [722952] ------------------------------------------
2026-05-20 16:18:42,952 | INFO     | [722952] 📥 NHẬN YÊU CẦU QUÉT KHUÔN MẶT MỚI
2026-05-20 16:18:42,953 | INFO     | [722952] Đã xử lý ảnh thành công. Kích thước tensor: (1, 48, 48, 1)
2026-05-20 16:18:43,011 | INFO     | [722952] 📊 Chi tiết dự đoán: {'ANGRY': 25.84, 'DISGUST': 0.1, 'FEAR': 10.14, 'HAPPY': 25.55, 'NEUTRAL': 21.02, 'SAD': 12.45, 'SURPRISE': 4.89}
2026-05-20 16:18:43,011 | INFO     | [722952] 🎯 KẾT QUẢ CHỐT: ANGRY (25.84%)
2026-05-20 16:18:43,011 | INFO     | [722952] ⏱️ Thời gian phản hồi: 59.58 ms
2026-05-20 16:18:43,059 | INFO     | [723059] ------------------------------------------
2026-05-20 16:18:43,059 | INFO     | [723059] 📥 NHẬN YÊU CẦU QUÉT KHUÔN MẶT MỚI
2026-05-20 16:18:43,060 | INFO     | [723059] Đã xử lý ảnh thành công. Kích thước tensor: (1, 48, 48, 1)
2026-05-20 16:18:43,114 | INFO     | [723059] 📊 Chi tiết dự đoán: {'ANGRY': 28.51, 'DISGUST': 0.1, 'FEAR': 9.79, 'HAPPY': 24.57, 'NEUTRAL': 21.04, 'SAD': 12.23, 'SURPRISE': 3.76}
2026-05-20 16:18:43,114 | INFO     | [723059] 🎯 KẾT QUẢ CHỐT: ANGRY (28.51%)
2026-05-20 16:18:43,114 | INFO     | [723059] ⏱️ Thời gian phản hồi: 55.27 ms
2026-05-20 16:18:43,153 | INFO     | [723153] ------------------------------------------
2026-05-20 16:18:43,154 | INFO     | [723153] 📥 NHẬN YÊU CẦU QUÉT KHUÔN MẶT MỚI
2026-05-20 16:18:43,154 | INFO     | [723153] Đã xử lý ảnh thành công. Kích thước tensor: (1, 48, 48, 1)
2026-05-20 16:18:43,206 | INFO     | [723153] 📊 Chi tiết dự đoán: {'ANGRY': 23.68, 'DISGUST': 0.1, 'FEAR': 8.54, 'HAPPY': 21.28, 'NEUTRAL': 25.68, 'SAD': 16.28, 'SURPRISE': 4.45}
2026-05-20 16:18:43,206 | INFO     | [723153] 🎯 KẾT QUẢ CHỐT: NEUTRAL (25.68%)
2026-05-20 16:18:43,206 | INFO     | [723153] ⏱️ Thời gian phản hồi: 52.74 ms
2026-05-20 16:18:43,263 | INFO     | [723263] ------------------------------------------
2026-05-20 16:18:43,263 | INFO     | [723263] 📥 NHẬN YÊU CẦU QUÉT KHUÔN MẶT MỚI
2026-05-20 16:18:43,263 | INFO     | [723263] Đã xử lý ảnh thành công. Kích thước tensor: (1, 48, 48, 1)
2026-05-20 16:18:43,323 | INFO     | [723263] 📊 Chi tiết dự đoán: {'ANGRY': 25.54, 'DISGUST': 0.11, 'FEAR': 10.33, 'HAPPY': 18.85, 'NEUTRAL': 22.32, 'SAD': 17.4, 'SURPRISE': 5.45}
2026-05-20 16:18:43,324 | INFO     | [723263] 🎯 KẾT QUẢ CHỐT: ANGRY (25.54%)
2026-05-20 16:18:43,324 | INFO     | [723263] ⏱️ Thời gian phản hồi: 59.68 ms
2026-05-20 16:18:43,358 | INFO     | [723358] ------------------------------------------
2026-05-20 16:18:43,358 | INFO     | [723358] 📥 NHẬN YÊU CẦU QUÉT KHUÔN MẶT MỚI
2026-05-20 16:18:43,359 | INFO     | [723358] Đã xử lý ảnh thành công. Kích thước tensor: (1, 48, 48, 1)
2026-05-20 16:18:43,419 | INFO     | [723358] 📊 Chi tiết dự đoán: {'ANGRY': 38.07, 'DISGUST': 0.13, 'FEAR': 10.47, 'HAPPY': 21.8, 'NEUTRAL': 13.89, 'SAD': 12.22, 'SURPRISE': 3.41}
2026-05-20 16:18:43,420 | INFO     | [723358] 🎯 KẾT QUẢ CHỐT: ANGRY (38.07%)
2026-05-20 16:18:43,420 | INFO     | [723358] ⏱️ Thời gian phản hồi: 60.42 ms
2026-05-20 16:18:43,437 | INFO     | [BATCH-723437] ==========================================
2026-05-20 16:18:43,438 | INFO     | [BATCH-723437] 🎞️ NHẬN CHUỖI 60 KHUNG HÌNH (BATCH)
2026-05-20 16:18:43,513 | INFO     | [BATCH-723437] ↳ Frame 1/60: SAD (55.5%)
2026-05-20 16:18:43,590 | INFO     | [BATCH-723437] ↳ Frame 2/60: SAD (55.5%)
2026-05-20 16:18:43,647 | INFO     | [BATCH-723437] ↳ Frame 3/60: SAD (56.7%)
2026-05-20 16:18:43,698 | INFO     | [BATCH-723437] ↳ Frame 4/60: SAD (65.2%)
2026-05-20 16:18:43,754 | INFO     | [BATCH-723437] ↳ Frame 5/60: SAD (75.5%)
2026-05-20 16:18:43,812 | INFO     | [BATCH-723437] ↳ Frame 6/60: SAD (66.1%)
2026-05-20 16:18:43,910 | INFO     | [BATCH-723437] ↳ Frame 7/60: SAD (60.9%)
2026-05-20 16:18:43,968 | INFO     | [BATCH-723437] ↳ Frame 8/60: SAD (63.1%)
2026-05-20 16:18:44,024 | INFO     | [BATCH-723437] ↳ Frame 9/60: SAD (45.3%)
2026-05-20 16:18:44,077 | INFO     | [BATCH-723437] ↳ Frame 10/60: SAD (34.4%)
2026-05-20 16:18:44,128 | INFO     | [BATCH-723437] ↳ Frame 11/60: SAD (35.1%)
2026-05-20 16:18:44,182 | INFO     | [BATCH-723437] ↳ Frame 12/60: SAD (47.9%)
2026-05-20 16:18:44,233 | INFO     | [BATCH-723437] ↳ Frame 13/60: SAD (56.9%)
2026-05-20 16:18:44,285 | INFO     | [BATCH-723437] ↳ Frame 14/60: SAD (65.5%)
2026-05-20 16:18:44,353 | INFO     | [BATCH-723437] ↳ Frame 15/60: SAD (70.7%)
2026-05-20 16:18:44,406 | INFO     | [BATCH-723437] ↳ Frame 16/60: SAD (71.2%)
2026-05-20 16:18:44,459 | INFO     | [BATCH-723437] ↳ Frame 17/60: SAD (64.9%)
2026-05-20 16:18:44,509 | INFO     | [BATCH-723437] ↳ Frame 18/60: SAD (63.4%)
2026-05-20 16:18:44,565 | INFO     | [BATCH-723437] ↳ Frame 19/60: SAD (62.1%)
2026-05-20 16:18:44,618 | INFO     | [BATCH-723437] ↳ Frame 20/60: SAD (69.8%)
2026-05-20 16:18:44,670 | INFO     | [BATCH-723437] ↳ Frame 21/60: SAD (70.3%)
2026-05-20 16:18:44,722 | INFO     | [BATCH-723437] ↳ Frame 22/60: SAD (67.9%)
2026-05-20 16:18:44,768 | INFO     | [BATCH-723437] ↳ Frame 23/60: SAD (68.7%)
2026-05-20 16:18:44,816 | INFO     | [BATCH-723437] ↳ Frame 24/60: SAD (66.7%)
2026-05-20 16:18:44,862 | INFO     | [BATCH-723437] ↳ Frame 25/60: SAD (68.4%)
2026-05-20 16:18:44,909 | INFO     | [BATCH-723437] ↳ Frame 26/60: SAD (72.5%)
2026-05-20 16:18:44,958 | INFO     | [BATCH-723437] ↳ Frame 27/60: SAD (65.3%)
2026-05-20 16:18:45,007 | INFO     | [BATCH-723437] ↳ Frame 28/60: SAD (62.8%)
2026-05-20 16:18:45,056 | INFO     | [BATCH-723437] ↳ Frame 29/60: SAD (61.4%)
2026-05-20 16:18:45,107 | INFO     | [BATCH-723437] ↳ Frame 30/60: SAD (65.3%)
2026-05-20 16:18:45,158 | INFO     | [BATCH-723437] ↳ Frame 31/60: SAD (68.6%)
2026-05-20 16:18:45,211 | INFO     | [BATCH-723437] ↳ Frame 32/60: SAD (65.6%)
2026-05-20 16:18:45,266 | INFO     | [BATCH-723437] ↳ Frame 33/60: SAD (71.5%)
2026-05-20 16:18:45,332 | INFO     | [BATCH-723437] ↳ Frame 34/60: SAD (69.4%)
2026-05-20 16:18:45,380 | INFO     | [BATCH-723437] ↳ Frame 35/60: SAD (68.8%)
2026-05-20 16:18:45,429 | INFO     | [BATCH-723437] ↳ Frame 36/60: SAD (70.0%)
2026-05-20 16:18:45,479 | INFO     | [BATCH-723437] ↳ Frame 37/60: SAD (68.9%)
2026-05-20 16:18:45,530 | INFO     | [BATCH-723437] ↳ Frame 38/60: SAD (63.4%)
2026-05-20 16:18:45,587 | INFO     | [BATCH-723437] ↳ Frame 39/60: SAD (67.5%)
2026-05-20 16:18:45,637 | INFO     | [BATCH-723437] ↳ Frame 40/60: SAD (62.3%)
2026-05-20 16:18:45,688 | INFO     | [BATCH-723437] ↳ Frame 41/60: SAD (55.7%)
2026-05-20 16:18:45,741 | INFO     | [BATCH-723437] ↳ Frame 42/60: SAD (55.5%)
2026-05-20 16:18:45,799 | INFO     | [BATCH-723437] ↳ Frame 43/60: SAD (58.3%)
2026-05-20 16:18:45,845 | INFO     | [BATCH-723437] ↳ Frame 44/60: SAD (56.1%)
2026-05-20 16:18:45,890 | INFO     | [BATCH-723437] ↳ Frame 45/60: SAD (63.1%)
2026-05-20 16:18:45,935 | INFO     | [BATCH-723437] ↳ Frame 46/60: SAD (59.9%)
2026-05-20 16:18:45,981 | INFO     | [BATCH-723437] ↳ Frame 47/60: SAD (61.4%)
2026-05-20 16:18:46,030 | INFO     | [BATCH-723437] ↳ Frame 48/60: SAD (58.9%)
2026-05-20 16:18:46,075 | INFO     | [BATCH-723437] ↳ Frame 49/60: SAD (57.3%)
2026-05-20 16:18:46,122 | INFO     | [BATCH-723437] ↳ Frame 50/60: SAD (51.8%)
2026-05-20 16:18:46,173 | INFO     | [BATCH-723437] ↳ Frame 51/60: SAD (55.5%)
2026-05-20 16:18:46,231 | INFO     | [BATCH-723437] ↳ Frame 52/60: SAD (51.1%)
2026-05-20 16:18:46,289 | INFO     | [BATCH-723437] ↳ Frame 53/60: SAD (52.2%)
2026-05-20 16:18:46,343 | INFO     | [BATCH-723437] ↳ Frame 54/60: SAD (53.9%)
2026-05-20 16:18:46,400 | INFO     | [BATCH-723437] ↳ Frame 55/60: SAD (46.7%)
2026-05-20 16:18:46,448 | INFO     | [BATCH-723437] ↳ Frame 56/60: SAD (49.3%)
2026-05-20 16:18:46,494 | INFO     | [BATCH-723437] ↳ Frame 57/60: SAD (50.3%)
2026-05-20 16:18:46,539 | INFO     | [BATCH-723437] ↳ Frame 58/60: SAD (51.9%)
2026-05-20 16:18:46,584 | INFO     | [BATCH-723437] ↳ Frame 59/60: SAD (45.8%)
2026-05-20 16:18:46,629 | INFO     | [BATCH-723437] ↳ Frame 60/60: SAD (51.7%)
2026-05-20 16:18:46,629 | INFO     | [BATCH-723437] 🎯 KẾT QUẢ CHUỖI: SAD (Tần suất: {'SAD': 60})
2026-05-20 16:18:46,629 | INFO     | [BATCH-723437] ⏱️ Tổng thời gian xử lý: 3192.0 ms
2026-05-20 21:25:41,724 | INFO     | ⏳ Đang nạp AI Model vào bộ nhớ...
2026-05-20 21:25:44,862 | INFO     | ✅ Nạp Model thành công! Server AI đã sẵn sàng.
