2026-06-22 14:51:01,060 | INFO     | ⏳ Đang nạp AI Model vào bộ nhớ...
2026-06-22 14:51:04,305 | INFO     | ✅ Nạp Model thành công! Server AI đã sẵn sàng.
2026-06-22 14:51:04,308 | INFO     | [emotion-service] Inference executor ready: max_workers=4
2026-06-22 14:51:04,590 | INFO     | [emotion-service] Worker boot  pid=32980 inference_workers=4 max_concurrent=12
2026-06-22 14:51:04,591 | INFO     | [emotion-service] pid=32980 warm-up: running dummy predict ...
2026-06-22 14:51:14,034 | INFO     | [emotion-service] pid=32980 warm-up complete
2026-06-22 14:57:26,622 | INFO     | [046622] ------------------------------------------
2026-06-22 14:57:26,623 | INFO     | [046622] 📥 NHẬN YÊU CẦU QUÉT KHUÔN MẶT MỚI
2026-06-22 14:57:26,658 | INFO     | [046622] Đã xử lý ảnh thành công. Kích thước tensor: (1, 48, 48, 1)
2026-06-22 14:57:26,724 | INFO     | [046622] ⏱️ Model inference: 66.13 ms
2026-06-22 14:57:26,726 | INFO     | [046622] 📊 Chi tiết dự đoán: {'ANGRY': 2.82, 'DISGUST': 0.11, 'FEAR': 11.7, 'HAPPY': 45.95, 'NEUTRAL': 15.6, 'SAD': 21.8, 'SURPRISE': 2.03}
2026-06-22 14:57:26,727 | INFO     | [046622] 🎯 KẾT QUẢ CHỐT: HAPPY (45.95%)
2026-06-22 14:57:26,727 | INFO     | [046622] ⏱️ Thời gian phản hồi: 104.48 ms
2026-06-22 14:57:26,876 | INFO     | [046876] ------------------------------------------
2026-06-22 14:57:26,876 | INFO     | [046876] 📥 NHẬN YÊU CẦU QUÉT KHUÔN MẶT MỚI
2026-06-22 14:57:26,877 | INFO     | [046876] Đã xử lý ảnh thành công. Kích thước tensor: (1, 48, 48, 1)
2026-06-22 14:57:26,956 | INFO     | [046876] ⏱️ Model inference: 79.52 ms
2026-06-22 14:57:26,956 | INFO     | [046876] 📊 Chi tiết dự đoán: {'ANGRY': 3.72, 'DISGUST': 0.13, 'FEAR': 7.99, 'HAPPY': 57.67, 'NEUTRAL': 12.11, 'SAD': 17.17, 'SURPRISE': 1.21}
2026-06-22 14:57:26,956 | INFO     | [046876] 🎯 KẾT QUẢ CHỐT: HAPPY (57.67%)
2026-06-22 14:57:26,956 | INFO     | [046876] ⏱️ Thời gian phản hồi: 80.69 ms
2026-06-22 14:57:27,109 | INFO     | [047109] ------------------------------------------
2026-06-22 14:57:27,109 | INFO     | [047109] 📥 NHẬN YÊU CẦU QUÉT KHUÔN MẶT MỚI
2026-06-22 14:57:27,110 | INFO     | [047109] Đã xử lý ảnh thành công. Kích thước tensor: (1, 48, 48, 1)
2026-06-22 14:57:27,175 | INFO     | [047109] ⏱️ Model inference: 64.66 ms
2026-06-22 14:57:27,175 | INFO     | [047109] 📊 Chi tiết dự đoán: {'ANGRY': 4.79, 'DISGUST': 0.19, 'FEAR': 9.94, 'HAPPY': 48.85, 'NEUTRAL': 13.14, 'SAD': 21.66, 'SURPRISE': 1.44}
2026-06-22 14:57:27,175 | INFO     | [047109] 🎯 KẾT QUẢ CHỐT: HAPPY (48.85%)
2026-06-22 14:57:27,176 | INFO     | [047109] ⏱️ Thời gian phản hồi: 65.65 ms
2026-06-22 14:57:27,372 | INFO     | [047372] ------------------------------------------
2026-06-22 14:57:27,372 | INFO     | [047372] 📥 NHẬN YÊU CẦU QUÉT KHUÔN MẶT MỚI
2026-06-22 14:57:27,372 | INFO     | [047372] Đã xử lý ảnh thành công. Kích thước tensor: (1, 48, 48, 1)
2026-06-22 14:57:27,435 | INFO     | [047372] ⏱️ Model inference: 63.24 ms
2026-06-22 14:57:27,435 | INFO     | [047372] 📊 Chi tiết dự đoán: {'ANGRY': 4.77, 'DISGUST': 0.26, 'FEAR': 11.05, 'HAPPY': 41.91, 'NEUTRAL': 14.47, 'SAD': 25.57, 'SURPRISE': 1.97}
2026-06-22 14:57:27,435 | INFO     | [047372] 🎯 KẾT QUẢ CHỐT: HAPPY (41.91%)
2026-06-22 14:57:27,437 | INFO     | [047372] ⏱️ Thời gian phản hồi: 63.24 ms
2026-06-22 14:57:27,623 | INFO     | [047623] ------------------------------------------
2026-06-22 14:57:27,623 | INFO     | [047623] 📥 NHẬN YÊU CẦU QUÉT KHUÔN MẶT MỚI
2026-06-22 14:57:27,624 | INFO     | [047623] Đã xử lý ảnh thành công. Kích thước tensor: (1, 48, 48, 1)
2026-06-22 14:57:27,690 | INFO     | [047623] ⏱️ Model inference: 65.85 ms
2026-06-22 14:57:27,690 | INFO     | [047623] 📊 Chi tiết dự đoán: {'ANGRY': 3.87, 'DISGUST': 0.16, 'FEAR': 7.73, 'HAPPY': 43.57, 'NEUTRAL': 19.49, 'SAD': 23.6, 'SURPRISE': 1.58}
2026-06-22 14:57:27,690 | INFO     | [047623] 🎯 KẾT QUẢ CHỐT: HAPPY (43.57%)
2026-06-22 14:57:27,690 | INFO     | [047623] ⏱️ Thời gian phản hồi: 67.11 ms
2026-06-22 14:57:27,872 | INFO     | [047872] ------------------------------------------
2026-06-22 14:57:27,872 | INFO     | [047872] 📥 NHẬN YÊU CẦU QUÉT KHUÔN MẶT MỚI
2026-06-22 14:57:27,873 | INFO     | [047872] Đã xử lý ảnh thành công. Kích thước tensor: (1, 48, 48, 1)
2026-06-22 14:57:27,924 | INFO     | [047872] ⏱️ Model inference: 51.1 ms
2026-06-22 14:57:27,924 | INFO     | [047872] 📊 Chi tiết dự đoán: {'ANGRY': 3.15, 'DISGUST': 0.13, 'FEAR': 5.25, 'HAPPY': 63.52, 'NEUTRAL': 12.46, 'SAD': 14.19, 'SURPRISE': 1.31}
2026-06-22 14:57:27,924 | INFO     | [047872] 🎯 KẾT QUẢ CHỐT: HAPPY (63.52%)
2026-06-22 14:57:27,924 | INFO     | [047872] ⏱️ Thời gian phản hồi: 52.12 ms
2026-06-22 14:57:28,121 | INFO     | [048121] ------------------------------------------
2026-06-22 14:57:28,121 | INFO     | [048121] 📥 NHẬN YÊU CẦU QUÉT KHUÔN MẶT MỚI
2026-06-22 14:57:28,121 | INFO     | [048121] Đã xử lý ảnh thành công. Kích thước tensor: (1, 48, 48, 1)
2026-06-22 14:57:28,173 | INFO     | [048121] ⏱️ Model inference: 51.26 ms
2026-06-22 14:57:28,173 | INFO     | [048121] 📊 Chi tiết dự đoán: {'ANGRY': 3.66, 'DISGUST': 0.19, 'FEAR': 9.1, 'HAPPY': 45.1, 'NEUTRAL': 15.82, 'SAD': 24.01, 'SURPRISE': 2.13}
2026-06-22 14:57:28,173 | INFO     | [048121] 🎯 KẾT QUẢ CHỐT: HAPPY (45.10%)
2026-06-22 14:57:28,173 | INFO     | [048121] ⏱️ Thời gian phản hồi: 51.26 ms
2026-06-22 14:57:28,357 | INFO     | [048357] ------------------------------------------
2026-06-22 14:57:28,357 | INFO     | [048357] 📥 NHẬN YÊU CẦU QUÉT KHUÔN MẶT MỚI
2026-06-22 14:57:28,357 | INFO     | [048357] Đã xử lý ảnh thành công. Kích thước tensor: (1, 48, 48, 1)
2026-06-22 14:57:28,409 | INFO     | [048357] ⏱️ Model inference: 50.95 ms
2026-06-22 14:57:28,409 | INFO     | [048357] 📊 Chi tiết dự đoán: {'ANGRY': 2.63, 'DISGUST': 0.09, 'FEAR': 5.49, 'HAPPY': 57.5, 'NEUTRAL': 15.72, 'SAD': 17.55, 'SURPRISE': 1.0}
2026-06-22 14:57:28,409 | INFO     | [048357] 🎯 KẾT QUẢ CHỐT: HAPPY (57.50%)
2026-06-22 14:57:28,409 | INFO     | [048357] ⏱️ Thời gian phản hồi: 51.94 ms
2026-06-22 14:57:28,619 | INFO     | [048619] ------------------------------------------
2026-06-22 14:57:28,619 | INFO     | [048619] 📥 NHẬN YÊU CẦU QUÉT KHUÔN MẶT MỚI
2026-06-22 14:57:28,619 | INFO     | [048619] Đã xử lý ảnh thành công. Kích thước tensor: (1, 48, 48, 1)
2026-06-22 14:57:28,670 | INFO     | [048619] ⏱️ Model inference: 49.68 ms
2026-06-22 14:57:28,670 | INFO     | [048619] 📊 Chi tiết dự đoán: {'ANGRY': 5.82, 'DISGUST': 0.25, 'FEAR': 12.33, 'HAPPY': 35.14, 'NEUTRAL': 15.94, 'SAD': 27.88, 'SURPRISE': 2.65}
2026-06-22 14:57:28,670 | INFO     | [048619] 🎯 KẾT QUẢ CHỐT: HAPPY (35.14%)
2026-06-22 14:57:28,671 | INFO     | [048619] ⏱️ Thời gian phản hồi: 50.71 ms
2026-06-22 14:57:28,866 | INFO     | [048866] ------------------------------------------
2026-06-22 14:57:28,866 | INFO     | [048866] 📥 NHẬN YÊU CẦU QUÉT KHUÔN MẶT MỚI
2026-06-22 14:57:28,867 | INFO     | [048866] Đã xử lý ảnh thành công. Kích thước tensor: (1, 48, 48, 1)
2026-06-22 14:57:28,931 | INFO     | [048866] ⏱️ Model inference: 63.85 ms
2026-06-22 14:57:28,932 | INFO     | [048866] 📊 Chi tiết dự đoán: {'ANGRY': 2.56, 'DISGUST': 0.14, 'FEAR': 4.86, 'HAPPY': 68.49, 'NEUTRAL': 9.96, 'SAD': 12.84, 'SURPRISE': 1.16}
2026-06-22 14:57:28,932 | INFO     | [048866] 🎯 KẾT QUẢ CHỐT: HAPPY (68.49%)
2026-06-22 14:57:28,932 | INFO     | [048866] ⏱️ Thời gian phản hồi: 66.19 ms
2026-06-22 14:57:29,116 | INFO     | [049116] ------------------------------------------
2026-06-22 14:57:29,116 | INFO     | [049116] 📥 NHẬN YÊU CẦU QUÉT KHUÔN MẶT MỚI
2026-06-22 14:57:29,117 | INFO     | [049116] Đã xử lý ảnh thành công. Kích thước tensor: (1, 48, 48, 1)
2026-06-22 14:57:29,167 | INFO     | [049116] ⏱️ Model inference: 50.2 ms
2026-06-22 14:57:29,167 | INFO     | [049116] 📊 Chi tiết dự đoán: {'ANGRY': 3.1, 'DISGUST': 0.12, 'FEAR': 5.23, 'HAPPY': 62.55, 'NEUTRAL': 13.2, 'SAD': 14.48, 'SURPRISE': 1.31}
2026-06-22 14:57:29,167 | INFO     | [049116] 🎯 KẾT QUẢ CHỐT: HAPPY (62.55%)
2026-06-22 14:57:29,167 | INFO     | [049116] ⏱️ Thời gian phản hồi: 51.27 ms
2026-06-22 14:57:29,364 | INFO     | [049364] ------------------------------------------
2026-06-22 14:57:29,364 | INFO     | [049364] 📥 NHẬN YÊU CẦU QUÉT KHUÔN MẶT MỚI
2026-06-22 14:57:29,364 | INFO     | [049364] Đã xử lý ảnh thành công. Kích thước tensor: (1, 48, 48, 1)
2026-06-22 14:57:29,414 | INFO     | [049364] ⏱️ Model inference: 50.08 ms
2026-06-22 14:57:29,414 | INFO     | [049364] 📊 Chi tiết dự đoán: {'ANGRY': 5.28, 'DISGUST': 0.26, 'FEAR': 9.35, 'HAPPY': 46.99, 'NEUTRAL': 11.67, 'SAD': 24.54, 'SURPRISE': 1.91}
2026-06-22 14:57:29,415 | INFO     | [049364] 🎯 KẾT QUẢ CHỐT: HAPPY (46.99%)
2026-06-22 14:57:29,415 | INFO     | [049364] ⏱️ Thời gian phản hồi: 50.08 ms
2026-06-22 14:57:29,613 | INFO     | [049613] ------------------------------------------
2026-06-22 14:57:29,614 | INFO     | [049613] 📥 NHẬN YÊU CẦU QUÉT KHUÔN MẶT MỚI
2026-06-22 14:57:29,615 | INFO     | [049613] Đã xử lý ảnh thành công. Kích thước tensor: (1, 48, 48, 1)
2026-06-22 14:57:29,679 | INFO     | [049613] ⏱️ Model inference: 63.13 ms
2026-06-22 14:57:29,680 | INFO     | [049613] 📊 Chi tiết dự đoán: {'ANGRY': 2.59, 'DISGUST': 0.13, 'FEAR': 4.28, 'HAPPY': 69.63, 'NEUTRAL': 10.44, 'SAD': 11.84, 'SURPRISE': 1.09}
2026-06-22 14:57:29,680 | INFO     | [049613] 🎯 KẾT QUẢ CHỐT: HAPPY (69.63%)
2026-06-22 14:57:29,680 | INFO     | [049613] ⏱️ Thời gian phản hồi: 65.19 ms
2026-06-22 14:57:29,862 | INFO     | [049862] ------------------------------------------
2026-06-22 14:57:29,862 | INFO     | [049862] 📥 NHẬN YÊU CẦU QUÉT KHUÔN MẶT MỚI
2026-06-22 14:57:29,863 | INFO     | [049862] Đã xử lý ảnh thành công. Kích thước tensor: (1, 48, 48, 1)
2026-06-22 14:57:29,939 | INFO     | [049862] ⏱️ Model inference: 76.24 ms
2026-06-22 14:57:29,941 | INFO     | [049862] 📊 Chi tiết dự đoán: {'ANGRY': 3.96, 'DISGUST': 0.12, 'FEAR': 7.52, 'HAPPY': 42.1, 'NEUTRAL': 19.67, 'SAD': 25.31, 'SURPRISE': 1.31}
2026-06-22 14:57:29,941 | INFO     | [049862] 🎯 KẾT QUẢ CHỐT: HAPPY (42.10%)
2026-06-22 14:57:29,941 | INFO     | [049862] ⏱️ Thời gian phản hồi: 78.34 ms
2026-06-22 14:57:30,112 | INFO     | [050112] ------------------------------------------
2026-06-22 14:57:30,112 | INFO     | [050112] 📥 NHẬN YÊU CẦU QUÉT KHUÔN MẶT MỚI
2026-06-22 14:57:30,112 | INFO     | [050112] Đã xử lý ảnh thành công. Kích thước tensor: (1, 48, 48, 1)
2026-06-22 14:57:30,173 | INFO     | [050112] ⏱️ Model inference: 60.6 ms
2026-06-22 14:57:30,173 | INFO     | [050112] 📊 Chi tiết dự đoán: {'ANGRY': 3.69, 'DISGUST': 0.15, 'FEAR': 6.47, 'HAPPY': 53.56, 'NEUTRAL': 14.28, 'SAD': 20.3, 'SURPRISE': 1.54}
2026-06-22 14:57:30,173 | INFO     | [050112] 🎯 KẾT QUẢ CHỐT: HAPPY (53.56%)
2026-06-22 14:57:30,173 | INFO     | [050112] ⏱️ Thời gian phản hồi: 60.6 ms
2026-06-22 14:57:30,361 | INFO     | [050361] ------------------------------------------
2026-06-22 14:57:30,361 | INFO     | [050361] 📥 NHẬN YÊU CẦU QUÉT KHUÔN MẶT MỚI
2026-06-22 14:57:30,362 | INFO     | [050361] Đã xử lý ảnh thành công. Kích thước tensor: (1, 48, 48, 1)
2026-06-22 14:57:30,421 | INFO     | [050361] ⏱️ Model inference: 58.9 ms
2026-06-22 14:57:30,422 | INFO     | [050361] 📊 Chi tiết dự đoán: {'ANGRY': 3.89, 'DISGUST': 0.14, 'FEAR': 6.9, 'HAPPY': 45.94, 'NEUTRAL': 19.44, 'SAD': 22.11, 'SURPRISE': 1.57}
2026-06-22 14:57:30,422 | INFO     | [050361] 🎯 KẾT QUẢ CHỐT: HAPPY (45.94%)
2026-06-22 14:57:30,422 | INFO     | [050361] ⏱️ Thời gian phản hồi: 61.06 ms
2026-06-22 14:57:30,612 | INFO     | [050611] ------------------------------------------
2026-06-22 14:57:30,612 | INFO     | [050611] 📥 NHẬN YÊU CẦU QUÉT KHUÔN MẶT MỚI
2026-06-22 14:57:30,613 | INFO     | [050611] Đã xử lý ảnh thành công. Kích thước tensor: (1, 48, 48, 1)
2026-06-22 14:57:30,668 | INFO     | [050611] ⏱️ Model inference: 55.15 ms
2026-06-22 14:57:30,668 | INFO     | [050611] 📊 Chi tiết dự đoán: {'ANGRY': 3.94, 'DISGUST': 0.13, 'FEAR': 8.58, 'HAPPY': 38.91, 'NEUTRAL': 21.5, 'SAD': 24.83, 'SURPRISE': 2.12}
2026-06-22 14:57:30,668 | INFO     | [050611] 🎯 KẾT QUẢ CHỐT: HAPPY (38.91%)
2026-06-22 14:57:30,670 | INFO     | [050611] ⏱️ Thời gian phản hồi: 57.56 ms
2026-06-22 14:57:30,864 | INFO     | [050864] ------------------------------------------
2026-06-22 14:57:30,864 | INFO     | [050864] 📥 NHẬN YÊU CẦU QUÉT KHUÔN MẶT MỚI
2026-06-22 14:57:30,866 | INFO     | [050864] Đã xử lý ảnh thành công. Kích thước tensor: (1, 48, 48, 1)
2026-06-22 14:57:30,919 | INFO     | [050864] ⏱️ Model inference: 53.08 ms
2026-06-22 14:57:30,919 | INFO     | [050864] 📊 Chi tiết dự đoán: {'ANGRY': 3.74, 'DISGUST': 0.12, 'FEAR': 7.7, 'HAPPY': 41.36, 'NEUTRAL': 19.97, 'SAD': 25.72, 'SURPRISE': 1.39}
2026-06-22 14:57:30,920 | INFO     | [050864] 🎯 KẾT QUẢ CHỐT: HAPPY (41.36%)
2026-06-22 14:57:30,920 | INFO     | [050864] ⏱️ Thời gian phản hồi: 54.62 ms
2026-06-22 14:57:31,113 | INFO     | [051113] ------------------------------------------
2026-06-22 14:57:31,113 | INFO     | [051113] 📥 NHẬN YÊU CẦU QUÉT KHUÔN MẶT MỚI
2026-06-22 14:57:31,113 | INFO     | [051113] Đã xử lý ảnh thành công. Kích thước tensor: (1, 48, 48, 1)
2026-06-22 14:57:31,169 | INFO     | [051113] ⏱️ Model inference: 54.26 ms
2026-06-22 14:57:31,169 | INFO     | [051113] 📊 Chi tiết dự đoán: {'ANGRY': 4.37, 'DISGUST': 0.16, 'FEAR': 7.66, 'HAPPY': 46.02, 'NEUTRAL': 19.23, 'SAD': 20.62, 'SURPRISE': 1.94}
2026-06-22 14:57:31,169 | INFO     | [051113] 🎯 KẾT QUẢ CHỐT: HAPPY (46.02%)
2026-06-22 14:57:31,169 | INFO     | [051113] ⏱️ Thời gian phản hồi: 55.77 ms
2026-06-22 14:57:31,362 | INFO     | [051362] ------------------------------------------
2026-06-22 14:57:31,362 | INFO     | [051362] 📥 NHẬN YÊU CẦU QUÉT KHUÔN MẶT MỚI
2026-06-22 14:57:31,363 | INFO     | [051362] Đã xử lý ảnh thành công. Kích thước tensor: (1, 48, 48, 1)
2026-06-22 14:57:31,413 | INFO     | [051362] ⏱️ Model inference: 49.95 ms
2026-06-22 14:57:31,413 | INFO     | [051362] 📊 Chi tiết dự đoán: {'ANGRY': 3.91, 'DISGUST': 0.14, 'FEAR': 6.93, 'HAPPY': 45.78, 'NEUTRAL': 19.15, 'SAD': 22.44, 'SURPRISE': 1.66}
2026-06-22 14:57:31,413 | INFO     | [051362] 🎯 KẾT QUẢ CHỐT: HAPPY (45.78%)
2026-06-22 14:57:31,414 | INFO     | [051362] ⏱️ Thời gian phản hồi: 50.96 ms
2026-06-22 14:57:31,611 | INFO     | [051611] ------------------------------------------
2026-06-22 14:57:31,612 | INFO     | [051611] 📥 NHẬN YÊU CẦU QUÉT KHUÔN MẶT MỚI
2026-06-22 14:57:31,613 | INFO     | [051611] Đã xử lý ảnh thành công. Kích thước tensor: (1, 48, 48, 1)
2026-06-22 14:57:31,662 | INFO     | [051611] ⏱️ Model inference: 49.06 ms
2026-06-22 14:57:31,664 | INFO     | [051611] 📊 Chi tiết dự đoán: {'ANGRY': 4.28, 'DISGUST': 0.16, 'FEAR': 5.74, 'HAPPY': 41.03, 'NEUTRAL': 23.3, 'SAD': 24.0, 'SURPRISE': 1.49}
2026-06-22 14:57:31,664 | INFO     | [051611] 🎯 KẾT QUẢ CHỐT: HAPPY (41.03%)
2026-06-22 14:57:31,664 | INFO     | [051611] ⏱️ Thời gian phản hồi: 52.25 ms
2026-06-22 14:57:31,861 | INFO     | [051861] ------------------------------------------
2026-06-22 14:57:31,861 | INFO     | [051861] 📥 NHẬN YÊU CẦU QUÉT KHUÔN MẶT MỚI
2026-06-22 14:57:31,862 | INFO     | [051861] Đã xử lý ảnh thành công. Kích thước tensor: (1, 48, 48, 1)
2026-06-22 14:57:31,912 | INFO     | [051861] ⏱️ Model inference: 49.87 ms
2026-06-22 14:57:31,912 | INFO     | [051861] 📊 Chi tiết dự đoán: {'ANGRY': 4.16, 'DISGUST': 0.19, 'FEAR': 8.76, 'HAPPY': 31.47, 'NEUTRAL': 25.68, 'SAD': 27.47, 'SURPRISE': 2.25}
2026-06-22 14:57:31,912 | INFO     | [051861] 🎯 KẾT QUẢ CHỐT: HAPPY (31.47%)
2026-06-22 14:57:31,912 | INFO     | [051861] ⏱️ Thời gian phản hồi: 50.9 ms
2026-06-22 14:57:32,124 | INFO     | [052124] ------------------------------------------
2026-06-22 14:57:32,124 | INFO     | [052124] 📥 NHẬN YÊU CẦU QUÉT KHUÔN MẶT MỚI
2026-06-22 14:57:32,125 | INFO     | [052124] Đã xử lý ảnh thành công. Kích thước tensor: (1, 48, 48, 1)
2026-06-22 14:57:32,180 | INFO     | [052124] ⏱️ Model inference: 54.67 ms
2026-06-22 14:57:32,180 | INFO     | [052124] 📊 Chi tiết dự đoán: {'ANGRY': 4.22, 'DISGUST': 0.14, 'FEAR': 8.3, 'HAPPY': 30.53, 'NEUTRAL': 30.77, 'SAD': 23.97, 'SURPRISE': 2.06}
2026-06-22 14:57:32,180 | INFO     | [052124] 🎯 KẾT QUẢ CHỐT: NEUTRAL (30.77%)
2026-06-22 14:57:32,180 | INFO     | [052124] ⏱️ Thời gian phản hồi: 55.66 ms
2026-06-22 14:57:32,358 | INFO     | [052358] ------------------------------------------
2026-06-22 14:57:32,358 | INFO     | [052358] 📥 NHẬN YÊU CẦU QUÉT KHUÔN MẶT MỚI
2026-06-22 14:57:32,359 | INFO     | [052358] Đã xử lý ảnh thành công. Kích thước tensor: (1, 48, 48, 1)
2026-06-22 14:57:32,410 | INFO     | [052358] ⏱️ Model inference: 50.54 ms
2026-06-22 14:57:32,410 | INFO     | [052358] 📊 Chi tiết dự đoán: {'ANGRY': 3.93, 'DISGUST': 0.14, 'FEAR': 8.67, 'HAPPY': 29.98, 'NEUTRAL': 29.95, 'SAD': 25.25, 'SURPRISE': 2.07}
2026-06-22 14:57:32,411 | INFO     | [052358] 🎯 KẾT QUẢ CHỐT: HAPPY (29.98%)
2026-06-22 14:57:32,411 | INFO     | [052358] ⏱️ Thời gian phản hồi: 51.55 ms
2026-06-22 14:57:32,624 | INFO     | [052624] ------------------------------------------
2026-06-22 14:57:32,624 | INFO     | [052624] 📥 NHẬN YÊU CẦU QUÉT KHUÔN MẶT MỚI
2026-06-22 14:57:32,625 | INFO     | [052624] Đã xử lý ảnh thành công. Kích thước tensor: (1, 48, 48, 1)
2026-06-22 14:57:32,678 | INFO     | [052624] ⏱️ Model inference: 53.05 ms
2026-06-22 14:57:32,678 | INFO     | [052624] 📊 Chi tiết dự đoán: {'ANGRY': 4.31, 'DISGUST': 0.12, 'FEAR': 6.27, 'HAPPY': 36.66, 'NEUTRAL': 28.46, 'SAD': 22.39, 'SURPRISE': 1.79}
2026-06-22 14:57:32,678 | INFO     | [052624] 🎯 KẾT QUẢ CHỐT: HAPPY (36.66%)
2026-06-22 14:57:32,679 | INFO     | [052624] ⏱️ Thời gian phản hồi: 54.04 ms
2026-06-22 14:57:32,859 | INFO     | [052859] ------------------------------------------
2026-06-22 14:57:32,859 | INFO     | [052859] 📥 NHẬN YÊU CẦU QUÉT KHUÔN MẶT MỚI
2026-06-22 14:57:32,861 | INFO     | [052859] Đã xử lý ảnh thành công. Kích thước tensor: (1, 48, 48, 1)
2026-06-22 14:57:32,912 | INFO     | [052859] ⏱️ Model inference: 50.78 ms
2026-06-22 14:57:32,912 | INFO     | [052859] 📊 Chi tiết dự đoán: {'ANGRY': 3.57, 'DISGUST': 0.14, 'FEAR': 7.69, 'HAPPY': 38.08, 'NEUTRAL': 26.25, 'SAD': 22.6, 'SURPRISE': 1.67}
2026-06-22 14:57:32,912 | INFO     | [052859] 🎯 KẾT QUẢ CHỐT: HAPPY (38.08%)
2026-06-22 14:57:32,913 | INFO     | [052859] ⏱️ Thời gian phản hồi: 52.14 ms
2026-06-22 14:57:33,128 | INFO     | [053127] ------------------------------------------
2026-06-22 14:57:33,128 | INFO     | [053127] 📥 NHẬN YÊU CẦU QUÉT KHUÔN MẶT MỚI
2026-06-22 14:57:33,128 | INFO     | [053127] Đã xử lý ảnh thành công. Kích thước tensor: (1, 48, 48, 1)
2026-06-22 14:57:33,178 | INFO     | [053127] ⏱️ Model inference: 50.47 ms
2026-06-22 14:57:33,178 | INFO     | [053127] 📊 Chi tiết dự đoán: {'ANGRY': 5.17, 'DISGUST': 0.18, 'FEAR': 6.96, 'HAPPY': 34.33, 'NEUTRAL': 24.26, 'SAD': 27.3, 'SURPRISE': 1.8}
2026-06-22 14:57:33,178 | INFO     | [053127] 🎯 KẾT QUẢ CHỐT: HAPPY (34.33%)
2026-06-22 14:57:33,178 | INFO     | [053127] ⏱️ Thời gian phản hồi: 51.68 ms
2026-06-22 14:57:33,364 | INFO     | [053364] ------------------------------------------
2026-06-22 14:57:33,364 | INFO     | [053364] 📥 NHẬN YÊU CẦU QUÉT KHUÔN MẶT MỚI
2026-06-22 14:57:33,365 | INFO     | [053364] Đã xử lý ảnh thành công. Kích thước tensor: (1, 48, 48, 1)
2026-06-22 14:57:33,418 | INFO     | [053364] ⏱️ Model inference: 52.11 ms
2026-06-22 14:57:33,418 | INFO     | [053364] 📊 Chi tiết dự đoán: {'ANGRY': 4.61, 'DISGUST': 0.17, 'FEAR': 6.18, 'HAPPY': 35.89, 'NEUTRAL': 25.19, 'SAD': 26.42, 'SURPRISE': 1.54}
2026-06-22 14:57:33,418 | INFO     | [053364] 🎯 KẾT QUẢ CHỐT: HAPPY (35.89%)
2026-06-22 14:57:33,418 | INFO     | [053364] ⏱️ Thời gian phản hồi: 53.65 ms
2026-06-22 14:57:33,615 | INFO     | [053615] ------------------------------------------
2026-06-22 14:57:33,615 | INFO     | [053615] 📥 NHẬN YÊU CẦU QUÉT KHUÔN MẶT MỚI
2026-06-22 14:57:33,615 | INFO     | [053615] Đã xử lý ảnh thành công. Kích thước tensor: (1, 48, 48, 1)
2026-06-22 14:57:33,666 | INFO     | [053615] ⏱️ Model inference: 50.44 ms
2026-06-22 14:57:33,666 | INFO     | [053615] 📊 Chi tiết dự đoán: {'ANGRY': 2.92, 'DISGUST': 0.16, 'FEAR': 6.99, 'HAPPY': 48.74, 'NEUTRAL': 18.8, 'SAD': 20.73, 'SURPRISE': 1.65}
2026-06-22 14:57:33,666 | INFO     | [053615] 🎯 KẾT QUẢ CHỐT: HAPPY (48.74%)
2026-06-22 14:57:33,666 | INFO     | [053615] ⏱️ Thời gian phản hồi: 50.44 ms
2026-06-22 14:57:33,865 | INFO     | [053865] ------------------------------------------
2026-06-22 14:57:33,865 | INFO     | [053865] 📥 NHẬN YÊU CẦU QUÉT KHUÔN MẶT MỚI
2026-06-22 14:57:33,866 | INFO     | [053865] Đã xử lý ảnh thành công. Kích thước tensor: (1, 48, 48, 1)
2026-06-22 14:57:33,920 | INFO     | [053865] ⏱️ Model inference: 53.81 ms
2026-06-22 14:57:33,920 | INFO     | [053865] 📊 Chi tiết dự đoán: {'ANGRY': 3.46, 'DISGUST': 0.17, 'FEAR': 6.54, 'HAPPY': 49.45, 'NEUTRAL': 18.64, 'SAD': 19.82, 'SURPRISE': 1.92}
2026-06-22 14:57:33,920 | INFO     | [053865] 🎯 KẾT QUẢ CHỐT: HAPPY (49.45%)
2026-06-22 14:57:33,920 | INFO     | [053865] ⏱️ Thời gian phản hồi: 54.83 ms
2026-06-22 14:57:34,114 | INFO     | [054114] ------------------------------------------
2026-06-22 14:57:34,114 | INFO     | [054114] 📥 NHẬN YÊU CẦU QUÉT KHUÔN MẶT MỚI
2026-06-22 14:57:34,116 | INFO     | [054114] Đã xử lý ảnh thành công. Kích thước tensor: (1, 48, 48, 1)
2026-06-22 14:57:34,166 | INFO     | [054114] ⏱️ Model inference: 49.89 ms
2026-06-22 14:57:34,167 | INFO     | [054114] 📊 Chi tiết dự đoán: {'ANGRY': 4.41, 'DISGUST': 0.19, 'FEAR': 5.43, 'HAPPY': 48.68, 'NEUTRAL': 18.05, 'SAD': 21.57, 'SURPRISE': 1.68}
2026-06-22 14:57:34,167 | INFO     | [054114] 🎯 KẾT QUẢ CHỐT: HAPPY (48.68%)
2026-06-22 14:57:34,167 | INFO     | [054114] ⏱️ Thời gian phản hồi: 52.42 ms
2026-06-22 14:57:34,365 | INFO     | [054365] ------------------------------------------
2026-06-22 14:57:34,365 | INFO     | [054365] 📥 NHẬN YÊU CẦU QUÉT KHUÔN MẶT MỚI
2026-06-22 14:57:34,367 | INFO     | [054365] Đã xử lý ảnh thành công. Kích thước tensor: (1, 48, 48, 1)
2026-06-22 14:57:34,421 | INFO     | [054365] ⏱️ Model inference: 53.38 ms
2026-06-22 14:57:34,421 | INFO     | [054365] 📊 Chi tiết dự đoán: {'ANGRY': 3.67, 'DISGUST': 0.15, 'FEAR': 4.68, 'HAPPY': 52.51, 'NEUTRAL': 17.5, 'SAD': 20.01, 'SURPRISE': 1.47}
2026-06-22 14:57:34,421 | INFO     | [054365] 🎯 KẾT QUẢ CHỐT: HAPPY (52.51%)
2026-06-22 14:57:34,421 | INFO     | [054365] ⏱️ Thời gian phản hồi: 56.01 ms
2026-06-22 14:57:34,614 | INFO     | [054614] ------------------------------------------
2026-06-22 14:57:34,614 | INFO     | [054614] 📥 NHẬN YÊU CẦU QUÉT KHUÔN MẶT MỚI
2026-06-22 14:57:34,616 | INFO     | [054614] Đã xử lý ảnh thành công. Kích thước tensor: (1, 48, 48, 1)
2026-06-22 14:57:34,668 | INFO     | [054614] ⏱️ Model inference: 52.32 ms
2026-06-22 14:57:34,668 | INFO     | [054614] 📊 Chi tiết dự đoán: {'ANGRY': 3.96, 'DISGUST': 0.18, 'FEAR': 6.66, 'HAPPY': 42.98, 'NEUTRAL': 19.18, 'SAD': 24.9, 'SURPRISE': 2.14}
2026-06-22 14:57:34,668 | INFO     | [054614] 🎯 KẾT QUẢ CHỐT: HAPPY (42.98%)
2026-06-22 14:57:34,669 | INFO     | [054614] ⏱️ Thời gian phản hồi: 53.43 ms
2026-06-22 14:57:34,879 | INFO     | [054879] ------------------------------------------
2026-06-22 14:57:34,879 | INFO     | [054879] 📥 NHẬN YÊU CẦU QUÉT KHUÔN MẶT MỚI
2026-06-22 14:57:34,879 | INFO     | [054879] Đã xử lý ảnh thành công. Kích thước tensor: (1, 48, 48, 1)
2026-06-22 14:57:34,936 | INFO     | [054879] ⏱️ Model inference: 57.24 ms
2026-06-22 14:57:34,936 | INFO     | [054879] 📊 Chi tiết dự đoán: {'ANGRY': 4.33, 'DISGUST': 0.25, 'FEAR': 6.62, 'HAPPY': 43.63, 'NEUTRAL': 17.28, 'SAD': 26.37, 'SURPRISE': 1.52}
2026-06-22 14:57:34,937 | INFO     | [054879] 🎯 KẾT QUẢ CHỐT: HAPPY (43.63%)
2026-06-22 14:57:34,937 | INFO     | [054879] ⏱️ Thời gian phản hồi: 57.24 ms
2026-06-22 14:57:35,112 | INFO     | [055112] ------------------------------------------
2026-06-22 14:57:35,112 | INFO     | [055112] 📥 NHẬN YÊU CẦU QUÉT KHUÔN MẶT MỚI
2026-06-22 14:57:35,112 | INFO     | [055112] Đã xử lý ảnh thành công. Kích thước tensor: (1, 48, 48, 1)
2026-06-22 14:57:35,164 | INFO     | [055112] ⏱️ Model inference: 51.77 ms
2026-06-22 14:57:35,165 | INFO     | [055112] 📊 Chi tiết dự đoán: {'ANGRY': 3.94, 'DISGUST': 0.21, 'FEAR': 7.78, 'HAPPY': 36.95, 'NEUTRAL': 21.07, 'SAD': 28.3, 'SURPRISE': 1.76}
2026-06-22 14:57:35,165 | INFO     | [055112] 🎯 KẾT QUẢ CHỐT: HAPPY (36.95%)
2026-06-22 14:57:35,165 | INFO     | [055112] ⏱️ Thời gian phản hồi: 52.77 ms
2026-06-22 14:57:35,361 | INFO     | [055361] ------------------------------------------
2026-06-22 14:57:35,362 | INFO     | [055361] 📥 NHẬN YÊU CẦU QUÉT KHUÔN MẶT MỚI
2026-06-22 14:57:35,362 | INFO     | [055361] Đã xử lý ảnh thành công. Kích thước tensor: (1, 48, 48, 1)
2026-06-22 14:57:35,411 | INFO     | [055361] ⏱️ Model inference: 48.8 ms
2026-06-22 14:57:35,411 | INFO     | [055361] 📊 Chi tiết dự đoán: {'ANGRY': 4.66, 'DISGUST': 0.23, 'FEAR': 7.04, 'HAPPY': 34.7, 'NEUTRAL': 22.3, 'SAD': 29.52, 'SURPRISE': 1.54}
2026-06-22 14:57:35,411 | INFO     | [055361] 🎯 KẾT QUẢ CHỐT: HAPPY (34.70%)
2026-06-22 14:57:35,412 | INFO     | [055361] ⏱️ Thời gian phản hồi: 49.81 ms
2026-06-22 14:57:35,611 | INFO     | [055611] ------------------------------------------
2026-06-22 14:57:35,613 | INFO     | [055611] 📥 NHẬN YÊU CẦU QUÉT KHUÔN MẶT MỚI
2026-06-22 14:57:35,613 | INFO     | [055611] Đã xử lý ảnh thành công. Kích thước tensor: (1, 48, 48, 1)
2026-06-22 14:57:35,665 | INFO     | [055611] ⏱️ Model inference: 51.38 ms
2026-06-22 14:57:35,665 | INFO     | [055611] 📊 Chi tiết dự đoán: {'ANGRY': 3.75, 'DISGUST': 0.16, 'FEAR': 5.55, 'HAPPY': 45.97, 'NEUTRAL': 18.98, 'SAD': 24.25, 'SURPRISE': 1.36}
2026-06-22 14:57:35,665 | INFO     | [055611] 🎯 KẾT QUẢ CHỐT: HAPPY (45.97%)
2026-06-22 14:57:35,665 | INFO     | [055611] ⏱️ Thời gian phản hồi: 53.05 ms
2026-06-22 14:57:35,862 | INFO     | [055862] ------------------------------------------
2026-06-22 14:57:35,862 | INFO     | [055862] 📥 NHẬN YÊU CẦU QUÉT KHUÔN MẶT MỚI
2026-06-22 14:57:35,863 | INFO     | [055862] Đã xử lý ảnh thành công. Kích thước tensor: (1, 48, 48, 1)
2026-06-22 14:57:35,914 | INFO     | [055862] ⏱️ Model inference: 50.25 ms
2026-06-22 14:57:35,914 | INFO     | [055862] 📊 Chi tiết dự đoán: {'ANGRY': 4.59, 'DISGUST': 0.23, 'FEAR': 7.52, 'HAPPY': 27.89, 'NEUTRAL': 25.64, 'SAD': 32.4, 'SURPRISE': 1.73}
2026-06-22 14:57:35,914 | INFO     | [055862] 🎯 KẾT QUẢ CHỐT: SAD (32.40%)
2026-06-22 14:57:35,914 | INFO     | [055862] ⏱️ Thời gian phản hồi: 51.25 ms
2026-06-22 14:57:36,113 | INFO     | [056113] ------------------------------------------
2026-06-22 14:57:36,114 | INFO     | [056113] 📥 NHẬN YÊU CẦU QUÉT KHUÔN MẶT MỚI
2026-06-22 14:57:36,114 | INFO     | [056113] Đã xử lý ảnh thành công. Kích thước tensor: (1, 48, 48, 1)
2026-06-22 14:57:36,162 | INFO     | [056113] ⏱️ Model inference: 48.15 ms
2026-06-22 14:57:36,162 | INFO     | [056113] 📊 Chi tiết dự đoán: {'ANGRY': 5.29, 'DISGUST': 0.25, 'FEAR': 4.48, 'HAPPY': 44.45, 'NEUTRAL': 17.0, 'SAD': 27.45, 'SURPRISE': 1.08}
2026-06-22 14:57:36,163 | INFO     | [056113] 🎯 KẾT QUẢ CHỐT: HAPPY (44.45%)
2026-06-22 14:57:36,163 | INFO     | [056113] ⏱️ Thời gian phản hồi: 49.45 ms
2026-06-22 14:57:36,362 | INFO     | [056362] ------------------------------------------
2026-06-22 14:57:36,362 | INFO     | [056362] 📥 NHẬN YÊU CẦU QUÉT KHUÔN MẶT MỚI
2026-06-22 14:57:36,363 | INFO     | [056362] Đã xử lý ảnh thành công. Kích thước tensor: (1, 48, 48, 1)
2026-06-22 14:57:36,414 | INFO     | [056362] ⏱️ Model inference: 51.08 ms
2026-06-22 14:57:36,414 | INFO     | [056362] 📊 Chi tiết dự đoán: {'ANGRY': 3.8, 'DISGUST': 0.23, 'FEAR': 7.43, 'HAPPY': 31.05, 'NEUTRAL': 21.32, 'SAD': 34.46, 'SURPRISE': 1.72}
2026-06-22 14:57:36,414 | INFO     | [056362] 🎯 KẾT QUẢ CHỐT: SAD (34.46%)
2026-06-22 14:57:36,415 | INFO     | [056362] ⏱️ Thời gian phản hồi: 52.09 ms
2026-06-22 14:57:36,613 | INFO     | [BATCH-056613] ==========================================
2026-06-22 14:57:36,615 | INFO     | [BATCH-056613] 🎞️ NHẬN CHUỖI 5 KHUNG HÌNH (BATCH)
2026-06-22 14:57:37,145 | INFO     | [BATCH-056613] ⏱️ Batch inference elapsed: 528.14 ms (5 frames)
2026-06-22 14:57:37,148 | INFO     | [BATCH-056613] ↳ Frame 1/5: HAPPY (34.7%)
2026-06-22 14:57:37,150 | INFO     | [BATCH-056613] ↳ Frame 2/5: HAPPY (46.0%)
2026-06-22 14:57:37,153 | INFO     | [BATCH-056613] ↳ Frame 3/5: SAD (32.4%)
2026-06-22 14:57:37,155 | INFO     | [BATCH-056613] ↳ Frame 4/5: HAPPY (44.4%)
2026-06-22 14:57:37,157 | INFO     | [BATCH-056613] ↳ Frame 5/5: SAD (34.5%)
2026-06-22 14:57:37,159 | INFO     | [BATCH-056613] 🎯 KẾT QUẢ CHUỖI: HAPPY (Tần suất: {'HAPPY': 3, 'SAD': 2})
2026-06-22 14:57:37,162 | INFO     | [BATCH-056613] ⏱️ Tổng thời gian xử lý: 546.18 ms
2026-06-22 15:05:08,177 | INFO     | [508177] ------------------------------------------
2026-06-22 15:05:08,177 | INFO     | [508177] 📥 NHẬN YÊU CẦU QUÉT KHUÔN MẶT MỚI
2026-06-22 15:05:08,178 | INFO     | [508177] Đã xử lý ảnh thành công. Kích thước tensor: (1, 48, 48, 1)
2026-06-22 15:05:08,243 | INFO     | [508177] ⏱️ Model inference: 64.66 ms
2026-06-22 15:05:08,243 | INFO     | [508177] 📊 Chi tiết dự đoán: {'ANGRY': 3.38, 'DISGUST': 0.28, 'FEAR': 5.77, 'HAPPY': 26.16, 'NEUTRAL': 20.87, 'SAD': 42.35, 'SURPRISE': 1.19}
2026-06-22 15:05:08,243 | INFO     | [508177] 🎯 KẾT QUẢ CHỐT: SAD (42.35%)
2026-06-22 15:05:08,243 | INFO     | [508177] ⏱️ Thời gian phản hồi: 65.66 ms
2026-06-22 15:05:08,392 | INFO     | [508392] ------------------------------------------
2026-06-22 15:05:08,393 | INFO     | [508392] 📥 NHẬN YÊU CẦU QUÉT KHUÔN MẶT MỚI
2026-06-22 15:05:08,393 | INFO     | [508392] Đã xử lý ảnh thành công. Kích thước tensor: (1, 48, 48, 1)
2026-06-22 15:05:08,448 | INFO     | [508392] ⏱️ Model inference: 55.09 ms
2026-06-22 15:05:08,448 | INFO     | [508392] 📊 Chi tiết dự đoán: {'ANGRY': 4.32, 'DISGUST': 0.45, 'FEAR': 5.1, 'HAPPY': 20.86, 'NEUTRAL': 20.29, 'SAD': 47.8, 'SURPRISE': 1.19}
2026-06-22 15:05:08,448 | INFO     | [508392] 🎯 KẾT QUẢ CHỐT: SAD (47.80%)
2026-06-22 15:05:08,448 | INFO     | [508392] ⏱️ Thời gian phản hồi: 56.08 ms
2026-06-22 15:05:08,643 | INFO     | [508643] ------------------------------------------
2026-06-22 15:05:08,643 | INFO     | [508643] 📥 NHẬN YÊU CẦU QUÉT KHUÔN MẶT MỚI
2026-06-22 15:05:08,643 | INFO     | [508643] Đã xử lý ảnh thành công. Kích thước tensor: (1, 48, 48, 1)
2026-06-22 15:05:08,703 | INFO     | [508643] ⏱️ Model inference: 60.31 ms
2026-06-22 15:05:08,703 | INFO     | [508643] 📊 Chi tiết dự đoán: {'ANGRY': 4.64, 'DISGUST': 0.54, 'FEAR': 3.84, 'HAPPY': 22.45, 'NEUTRAL': 21.57, 'SAD': 45.72, 'SURPRISE': 1.24}
2026-06-22 15:05:08,705 | INFO     | [508643] 🎯 KẾT QUẢ CHỐT: SAD (45.72%)
2026-06-22 15:05:08,705 | INFO     | [508643] ⏱️ Thời gian phản hồi: 60.31 ms
2026-06-22 15:05:08,893 | INFO     | [508893] ------------------------------------------
2026-06-22 15:05:08,893 | INFO     | [508893] 📥 NHẬN YÊU CẦU QUÉT KHUÔN MẶT MỚI
2026-06-22 15:05:08,894 | INFO     | [508893] Đã xử lý ảnh thành công. Kích thước tensor: (1, 48, 48, 1)
2026-06-22 15:05:08,955 | INFO     | [508893] ⏱️ Model inference: 60.22 ms
2026-06-22 15:05:08,956 | INFO     | [508893] 📊 Chi tiết dự đoán: {'ANGRY': 4.5, 'DISGUST': 0.47, 'FEAR': 4.98, 'HAPPY': 12.82, 'NEUTRAL': 21.65, 'SAD': 54.44, 'SURPRISE': 1.14}
2026-06-22 15:05:08,956 | INFO     | [508893] 🎯 KẾT QUẢ CHỐT: SAD (54.44%)
2026-06-22 15:05:08,956 | INFO     | [508893] ⏱️ Thời gian phản hồi: 62.24 ms
2026-06-22 15:05:09,142 | INFO     | [509142] ------------------------------------------
2026-06-22 15:05:09,142 | INFO     | [509142] 📥 NHẬN YÊU CẦU QUÉT KHUÔN MẶT MỚI
2026-06-22 15:05:09,143 | INFO     | [509142] Đã xử lý ảnh thành công. Kích thước tensor: (1, 48, 48, 1)
2026-06-22 15:05:09,208 | INFO     | [509142] ⏱️ Model inference: 65.49 ms
2026-06-22 15:05:09,208 | INFO     | [509142] 📊 Chi tiết dự đoán: {'ANGRY': 3.52, 'DISGUST': 0.28, 'FEAR': 4.95, 'HAPPY': 11.03, 'NEUTRAL': 20.69, 'SAD': 58.55, 'SURPRISE': 0.98}
2026-06-22 15:05:09,208 | INFO     | [509142] 🎯 KẾT QUẢ CHỐT: SAD (58.55%)
2026-06-22 15:05:09,211 | INFO     | [509142] ⏱️ Thời gian phản hồi: 66.49 ms
2026-06-22 15:05:09,390 | INFO     | [509390] ------------------------------------------
2026-06-22 15:05:09,390 | INFO     | [509390] 📥 NHẬN YÊU CẦU QUÉT KHUÔN MẶT MỚI
2026-06-22 15:05:09,391 | INFO     | [509390] Đã xử lý ảnh thành công. Kích thước tensor: (1, 48, 48, 1)
2026-06-22 15:05:09,456 | INFO     | [509390] ⏱️ Model inference: 64.72 ms
2026-06-22 15:05:09,456 | INFO     | [509390] 📊 Chi tiết dự đoán: {'ANGRY': 6.06, 'DISGUST': 0.57, 'FEAR': 3.18, 'HAPPY': 10.34, 'NEUTRAL': 22.15, 'SAD': 56.68, 'SURPRISE': 1.03}
2026-06-22 15:05:09,456 | INFO     | [509390] 🎯 KẾT QUẢ CHỐT: SAD (56.68%)
2026-06-22 15:05:09,456 | INFO     | [509390] ⏱️ Thời gian phản hồi: 66.11 ms
2026-06-22 15:05:09,638 | INFO     | [509638] ------------------------------------------
2026-06-22 15:05:09,639 | INFO     | [509638] 📥 NHẬN YÊU CẦU QUÉT KHUÔN MẶT MỚI
2026-06-22 15:05:09,639 | INFO     | [509638] Đã xử lý ảnh thành công. Kích thước tensor: (1, 48, 48, 1)
2026-06-22 15:05:09,719 | INFO     | [509638] ⏱️ Model inference: 79.19 ms
2026-06-22 15:05:09,719 | INFO     | [509638] 📊 Chi tiết dự đoán: {'ANGRY': 5.5, 'DISGUST': 0.45, 'FEAR': 3.26, 'HAPPY': 15.82, 'NEUTRAL': 21.16, 'SAD': 53.02, 'SURPRISE': 0.79}
2026-06-22 15:05:09,719 | INFO     | [509638] 🎯 KẾT QUẢ CHỐT: SAD (53.02%)
2026-06-22 15:05:09,720 | INFO     | [509638] ⏱️ Thời gian phản hồi: 81.25 ms
2026-06-22 15:05:09,889 | INFO     | [509889] ------------------------------------------
2026-06-22 15:05:09,889 | INFO     | [509889] 📥 NHẬN YÊU CẦU QUÉT KHUÔN MẶT MỚI
2026-06-22 15:05:09,890 | INFO     | [509889] Đã xử lý ảnh thành công. Kích thước tensor: (1, 48, 48, 1)
2026-06-22 15:05:09,966 | INFO     | [509889] ⏱️ Model inference: 75.94 ms
2026-06-22 15:05:09,967 | INFO     | [509889] 📊 Chi tiết dự đoán: {'ANGRY': 7.47, 'DISGUST': 0.31, 'FEAR': 4.08, 'HAPPY': 6.57, 'NEUTRAL': 23.12, 'SAD': 57.82, 'SURPRISE': 0.64}
2026-06-22 15:05:09,967 | INFO     | [509889] 🎯 KẾT QUẢ CHỐT: SAD (57.82%)
2026-06-22 15:05:09,967 | INFO     | [509889] ⏱️ Thời gian phản hồi: 78.06 ms
2026-06-22 15:05:10,138 | INFO     | [510138] ------------------------------------------
2026-06-22 15:05:10,138 | INFO     | [510138] 📥 NHẬN YÊU CẦU QUÉT KHUÔN MẶT MỚI
2026-06-22 15:05:10,138 | INFO     | [510138] Đã xử lý ảnh thành công. Kích thước tensor: (1, 48, 48, 1)
2026-06-22 15:05:10,200 | INFO     | [510138] ⏱️ Model inference: 60.82 ms
2026-06-22 15:05:10,201 | INFO     | [510138] 📊 Chi tiết dự đoán: {'ANGRY': 7.74, 'DISGUST': 0.26, 'FEAR': 3.76, 'HAPPY': 8.02, 'NEUTRAL': 20.95, 'SAD': 58.37, 'SURPRISE': 0.9}
2026-06-22 15:05:10,201 | INFO     | [510138] 🎯 KẾT QUẢ CHỐT: SAD (58.37%)
2026-06-22 15:05:10,201 | INFO     | [510138] ⏱️ Thời gian phản hồi: 63.35 ms
2026-06-22 15:05:10,402 | INFO     | [510402] ------------------------------------------
2026-06-22 15:05:10,402 | INFO     | [510402] 📥 NHẬN YÊU CẦU QUÉT KHUÔN MẶT MỚI
2026-06-22 15:05:10,403 | INFO     | [510402] Đã xử lý ảnh thành công. Kích thước tensor: (1, 48, 48, 1)
2026-06-22 15:05:10,470 | INFO     | [510402] ⏱️ Model inference: 67.46 ms
2026-06-22 15:05:10,470 | INFO     | [510402] 📊 Chi tiết dự đoán: {'ANGRY': 5.26, 'DISGUST': 0.37, 'FEAR': 3.84, 'HAPPY': 9.79, 'NEUTRAL': 25.91, 'SAD': 53.8, 'SURPRISE': 1.04}
2026-06-22 15:05:10,470 | INFO     | [510402] 🎯 KẾT QUẢ CHỐT: SAD (53.80%)
2026-06-22 15:05:10,471 | INFO     | [510402] ⏱️ Thời gian phản hồi: 68.76 ms
2026-06-22 15:05:10,636 | INFO     | [510636] ------------------------------------------
2026-06-22 15:05:10,636 | INFO     | [510636] 📥 NHẬN YÊU CẦU QUÉT KHUÔN MẶT MỚI
2026-06-22 15:05:10,637 | INFO     | [510636] Đã xử lý ảnh thành công. Kích thước tensor: (1, 48, 48, 1)
2026-06-22 15:05:10,691 | INFO     | [510636] ⏱️ Model inference: 51.51 ms
2026-06-22 15:05:10,691 | INFO     | [510636] 📊 Chi tiết dự đoán: {'ANGRY': 4.78, 'DISGUST': 0.24, 'FEAR': 3.56, 'HAPPY': 7.53, 'NEUTRAL': 23.08, 'SAD': 60.2, 'SURPRISE': 0.63}
2026-06-22 15:05:10,691 | INFO     | [510636] 🎯 KẾT QUẢ CHỐT: SAD (60.20%)
2026-06-22 15:05:10,691 | INFO     | [510636] ⏱️ Thời gian phản hồi: 54.75 ms
2026-06-22 15:05:10,900 | INFO     | [510900] ------------------------------------------
2026-06-22 15:05:10,900 | INFO     | [510900] 📥 NHẬN YÊU CẦU QUÉT KHUÔN MẶT MỚI
2026-06-22 15:05:10,901 | INFO     | [510900] Đã xử lý ảnh thành công. Kích thước tensor: (1, 48, 48, 1)
2026-06-22 15:05:10,955 | INFO     | [510900] ⏱️ Model inference: 53.99 ms
2026-06-22 15:05:10,955 | INFO     | [510900] 📊 Chi tiết dự đoán: {'ANGRY': 5.12, 'DISGUST': 0.32, 'FEAR': 3.58, 'HAPPY': 11.26, 'NEUTRAL': 22.97, 'SAD': 55.79, 'SURPRISE': 0.96}
2026-06-22 15:05:10,955 | INFO     | [510900] 🎯 KẾT QUẢ CHỐT: SAD (55.79%)
2026-06-22 15:05:10,955 | INFO     | [510900] ⏱️ Thời gian phản hồi: 55.01 ms
2026-06-22 15:05:11,135 | INFO     | [511135] ------------------------------------------
2026-06-22 15:05:11,136 | INFO     | [511135] 📥 NHẬN YÊU CẦU QUÉT KHUÔN MẶT MỚI
2026-06-22 15:05:11,136 | INFO     | [511135] Đã xử lý ảnh thành công. Kích thước tensor: (1, 48, 48, 1)
2026-06-22 15:05:11,196 | INFO     | [511135] ⏱️ Model inference: 59.79 ms
2026-06-22 15:05:11,196 | INFO     | [511135] 📊 Chi tiết dự đoán: {'ANGRY': 4.53, 'DISGUST': 0.49, 'FEAR': 4.63, 'HAPPY': 13.52, 'NEUTRAL': 20.03, 'SAD': 55.36, 'SURPRISE': 1.44}
2026-06-22 15:05:11,196 | INFO     | [511135] 🎯 KẾT QUẢ CHỐT: SAD (55.36%)
2026-06-22 15:05:11,196 | INFO     | [511135] ⏱️ Thời gian phản hồi: 61.24 ms
2026-06-22 15:05:11,386 | INFO     | [511386] ------------------------------------------
2026-06-22 15:05:11,386 | INFO     | [511386] 📥 NHẬN YÊU CẦU QUÉT KHUÔN MẶT MỚI
2026-06-22 15:05:11,386 | INFO     | [511386] Đã xử lý ảnh thành công. Kích thước tensor: (1, 48, 48, 1)
2026-06-22 15:05:11,452 | INFO     | [511386] ⏱️ Model inference: 66.31 ms
2026-06-22 15:05:11,452 | INFO     | [511386] 📊 Chi tiết dự đoán: {'ANGRY': 5.17, 'DISGUST': 0.46, 'FEAR': 2.89, 'HAPPY': 15.2, 'NEUTRAL': 24.22, 'SAD': 51.11, 'SURPRISE': 0.95}
2026-06-22 15:05:11,452 | INFO     | [511386] 🎯 KẾT QUẢ CHỐT: SAD (51.11%)
2026-06-22 15:05:11,454 | INFO     | [511386] ⏱️ Thời gian phản hồi: 66.31 ms
2026-06-22 15:05:11,654 | INFO     | [511653] ------------------------------------------
2026-06-22 15:05:11,654 | INFO     | [511653] 📥 NHẬN YÊU CẦU QUÉT KHUÔN MẶT MỚI
2026-06-22 15:05:11,654 | INFO     | [511653] Đã xử lý ảnh thành công. Kích thước tensor: (1, 48, 48, 1)
2026-06-22 15:05:11,707 | INFO     | [511653] ⏱️ Model inference: 51.86 ms
2026-06-22 15:05:11,708 | INFO     | [511653] 📊 Chi tiết dự đoán: {'ANGRY': 4.67, 'DISGUST': 0.23, 'FEAR': 3.31, 'HAPPY': 9.74, 'NEUTRAL': 21.56, 'SAD': 59.64, 'SURPRISE': 0.85}
2026-06-22 15:05:11,708 | INFO     | [511653] 🎯 KẾT QUẢ CHỐT: SAD (59.64%)
2026-06-22 15:05:11,708 | INFO     | [511653] ⏱️ Thời gian phản hồi: 54.34 ms
2026-06-22 15:05:11,887 | INFO     | [511887] ------------------------------------------
2026-06-22 15:05:11,887 | INFO     | [511887] 📥 NHẬN YÊU CẦU QUÉT KHUÔN MẶT MỚI
2026-06-22 15:05:11,888 | INFO     | [511887] Đã xử lý ảnh thành công. Kích thước tensor: (1, 48, 48, 1)
2026-06-22 15:05:11,946 | INFO     | [511887] ⏱️ Model inference: 57.61 ms
2026-06-22 15:05:11,947 | INFO     | [511887] 📊 Chi tiết dự đoán: {'ANGRY': 6.52, 'DISGUST': 0.34, 'FEAR': 2.84, 'HAPPY': 11.67, 'NEUTRAL': 19.24, 'SAD': 58.61, 'SURPRISE': 0.77}
2026-06-22 15:05:11,947 | INFO     | [511887] 🎯 KẾT QUẢ CHỐT: SAD (58.61%)
2026-06-22 15:05:11,947 | INFO     | [511887] ⏱️ Thời gian phản hồi: 59.69 ms
2026-06-22 15:05:12,139 | INFO     | [512139] ------------------------------------------
2026-06-22 15:05:12,139 | INFO     | [512139] 📥 NHẬN YÊU CẦU QUÉT KHUÔN MẶT MỚI
2026-06-22 15:05:12,141 | INFO     | [512139] Đã xử lý ảnh thành công. Kích thước tensor: (1, 48, 48, 1)
2026-06-22 15:05:12,195 | INFO     | [512139] ⏱️ Model inference: 54.69 ms
2026-06-22 15:05:12,197 | INFO     | [512139] 📊 Chi tiết dự đoán: {'ANGRY': 5.88, 'DISGUST': 0.38, 'FEAR': 3.39, 'HAPPY': 15.55, 'NEUTRAL': 19.73, 'SAD': 54.04, 'SURPRISE': 1.03}
2026-06-22 15:05:12,197 | INFO     | [512139] 🎯 KẾT QUẢ CHỐT: SAD (54.04%)
2026-06-22 15:05:12,197 | INFO     | [512139] ⏱️ Thời gian phản hồi: 58.18 ms
2026-06-22 15:05:12,405 | INFO     | [512405] ------------------------------------------
2026-06-22 15:05:12,405 | INFO     | [512405] 📥 NHẬN YÊU CẦU QUÉT KHUÔN MẶT MỚI
2026-06-22 15:05:12,406 | INFO     | [512405] Đã xử lý ảnh thành công. Kích thước tensor: (1, 48, 48, 1)
2026-06-22 15:05:12,472 | INFO     | [512405] ⏱️ Model inference: 65.56 ms
2026-06-22 15:05:12,472 | INFO     | [512405] 📊 Chi tiết dự đoán: {'ANGRY': 6.46, 'DISGUST': 0.3, 'FEAR': 2.59, 'HAPPY': 10.96, 'NEUTRAL': 23.18, 'SAD': 55.65, 'SURPRISE': 0.86}
2026-06-22 15:05:12,473 | INFO     | [512405] 🎯 KẾT QUẢ CHỐT: SAD (55.65%)
2026-06-22 15:05:12,473 | INFO     | [512405] ⏱️ Thời gian phản hồi: 66.56 ms
2026-06-22 15:05:12,625 | INFO     | [512625] ------------------------------------------
2026-06-22 15:05:12,625 | INFO     | [512625] 📥 NHẬN YÊU CẦU QUÉT KHUÔN MẶT MỚI
2026-06-22 15:05:12,626 | INFO     | [512625] Đã xử lý ảnh thành công. Kích thước tensor: (1, 48, 48, 1)
2026-06-22 15:05:12,687 | INFO     | [512625] ⏱️ Model inference: 61.43 ms
2026-06-22 15:05:12,688 | INFO     | [512625] 📊 Chi tiết dự đoán: {'ANGRY': 5.57, 'DISGUST': 0.17, 'FEAR': 7.33, 'HAPPY': 2.87, 'NEUTRAL': 12.64, 'SAD': 69.97, 'SURPRISE': 1.45}
2026-06-22 15:05:12,688 | INFO     | [512625] 🎯 KẾT QUẢ CHỐT: SAD (69.97%)
2026-06-22 15:05:12,688 | INFO     | [512625] ⏱️ Thời gian phản hồi: 62.43 ms
2026-06-22 15:05:12,875 | INFO     | [512875] ------------------------------------------
2026-06-22 15:05:12,875 | INFO     | [512875] 📥 NHẬN YÊU CẦU QUÉT KHUÔN MẶT MỚI
2026-06-22 15:05:12,876 | INFO     | [512875] Đã xử lý ảnh thành công. Kích thước tensor: (1, 48, 48, 1)
2026-06-22 15:05:12,927 | INFO     | [512875] ⏱️ Model inference: 50.93 ms
2026-06-22 15:05:12,927 | INFO     | [512875] 📊 Chi tiết dự đoán: {'ANGRY': 4.78, 'DISGUST': 0.13, 'FEAR': 7.74, 'HAPPY': 2.33, 'NEUTRAL': 11.79, 'SAD': 71.61, 'SURPRISE': 1.62}
2026-06-22 15:05:12,927 | INFO     | [512875] 🎯 KẾT QUẢ CHỐT: SAD (71.61%)
2026-06-22 15:05:12,927 | INFO     | [512875] ⏱️ Thời gian phản hồi: 52.48 ms
2026-06-22 15:05:13,125 | INFO     | [513125] ------------------------------------------
2026-06-22 15:05:13,125 | INFO     | [513125] 📥 NHẬN YÊU CẦU QUÉT KHUÔN MẶT MỚI
2026-06-22 15:05:13,126 | INFO     | [513125] Đã xử lý ảnh thành công. Kích thước tensor: (1, 48, 48, 1)
2026-06-22 15:05:13,179 | INFO     | [513125] ⏱️ Model inference: 52.34 ms
2026-06-22 15:05:13,180 | INFO     | [513125] 📊 Chi tiết dự đoán: {'ANGRY': 4.77, 'DISGUST': 0.14, 'FEAR': 7.97, 'HAPPY': 2.24, 'NEUTRAL': 13.06, 'SAD': 70.64, 'SURPRISE': 1.18}
2026-06-22 15:05:13,180 | INFO     | [513125] 🎯 KẾT QUẢ CHỐT: SAD (70.64%)
2026-06-22 15:05:13,180 | INFO     | [513125] ⏱️ Thời gian phản hồi: 54.4 ms
2026-06-22 15:05:13,390 | INFO     | [513390] ------------------------------------------
2026-06-22 15:05:13,390 | INFO     | [513390] 📥 NHẬN YÊU CẦU QUÉT KHUÔN MẶT MỚI
2026-06-22 15:05:13,392 | INFO     | [513390] Đã xử lý ảnh thành công. Kích thước tensor: (1, 48, 48, 1)
2026-06-22 15:05:13,455 | INFO     | [513390] ⏱️ Model inference: 63.5 ms
2026-06-22 15:05:13,455 | INFO     | [513390] 📊 Chi tiết dự đoán: {'ANGRY': 4.62, 'DISGUST': 0.16, 'FEAR': 8.07, 'HAPPY': 2.52, 'NEUTRAL': 12.82, 'SAD': 70.69, 'SURPRISE': 1.12}
2026-06-22 15:05:13,455 | INFO     | [513390] 🎯 KẾT QUẢ CHỐT: SAD (70.69%)
2026-06-22 15:05:13,455 | INFO     | [513390] ⏱️ Thời gian phản hồi: 65.01 ms
2026-06-22 15:05:13,638 | INFO     | [513638] ------------------------------------------
2026-06-22 15:05:13,640 | INFO     | [513638] 📥 NHẬN YÊU CẦU QUÉT KHUÔN MẶT MỚI
2026-06-22 15:05:13,640 | INFO     | [513638] Đã xử lý ảnh thành công. Kích thước tensor: (1, 48, 48, 1)
2026-06-22 15:05:13,712 | INFO     | [513638] ⏱️ Model inference: 70.73 ms
2026-06-22 15:05:13,713 | INFO     | [513638] 📊 Chi tiết dự đoán: {'ANGRY': 4.62, 'DISGUST': 0.16, 'FEAR': 6.69, 'HAPPY': 2.65, 'NEUTRAL': 15.54, 'SAD': 69.63, 'SURPRISE': 0.71}
2026-06-22 15:05:13,713 | INFO     | [513638] 🎯 KẾT QUẢ CHỐT: SAD (69.63%)
2026-06-22 15:05:13,713 | INFO     | [513638] ⏱️ Thời gian phản hồi: 74.73 ms
2026-06-22 15:05:13,888 | INFO     | [513888] ------------------------------------------
2026-06-22 15:05:13,889 | INFO     | [513888] 📥 NHẬN YÊU CẦU QUÉT KHUÔN MẶT MỚI
2026-06-22 15:05:13,890 | INFO     | [513888] Đã xử lý ảnh thành công. Kích thước tensor: (1, 48, 48, 1)
2026-06-22 15:05:13,948 | INFO     | [513888] ⏱️ Model inference: 58.43 ms
2026-06-22 15:05:13,948 | INFO     | [513888] 📊 Chi tiết dự đoán: {'ANGRY': 6.56, 'DISGUST': 0.31, 'FEAR': 3.55, 'HAPPY': 3.92, 'NEUTRAL': 15.48, 'SAD': 69.71, 'SURPRISE': 0.47}
2026-06-22 15:05:13,948 | INFO     | [513888] 🎯 KẾT QUẢ CHỐT: SAD (69.71%)
2026-06-22 15:05:13,948 | INFO     | [513888] ⏱️ Thời gian phản hồi: 59.95 ms
2026-06-22 15:05:14,139 | INFO     | [514139] ------------------------------------------
2026-06-22 15:05:14,139 | INFO     | [514139] 📥 NHẬN YÊU CẦU QUÉT KHUÔN MẶT MỚI
2026-06-22 15:05:14,140 | INFO     | [514139] Đã xử lý ảnh thành công. Kích thước tensor: (1, 48, 48, 1)
2026-06-22 15:05:14,193 | INFO     | [514139] ⏱️ Model inference: 53.41 ms
2026-06-22 15:05:14,193 | INFO     | [514139] 📊 Chi tiết dự đoán: {'ANGRY': 5.99, 'DISGUST': 0.22, 'FEAR': 3.6, 'HAPPY': 3.97, 'NEUTRAL': 15.61, 'SAD': 70.09, 'SURPRISE': 0.51}
2026-06-22 15:05:14,193 | INFO     | [514139] 🎯 KẾT QUẢ CHỐT: SAD (70.09%)
2026-06-22 15:05:14,193 | INFO     | [514139] ⏱️ Thời gian phản hồi: 54.4 ms
2026-06-22 15:05:14,389 | INFO     | [514389] ------------------------------------------
2026-06-22 15:05:14,389 | INFO     | [514389] 📥 NHẬN YÊU CẦU QUÉT KHUÔN MẶT MỚI
2026-06-22 15:05:14,389 | INFO     | [514389] Đã xử lý ảnh thành công. Kích thước tensor: (1, 48, 48, 1)
2026-06-22 15:05:14,447 | INFO     | [514389] ⏱️ Model inference: 58.21 ms
2026-06-22 15:05:14,448 | INFO     | [514389] 📊 Chi tiết dự đoán: {'ANGRY': 6.67, 'DISGUST': 0.28, 'FEAR': 3.56, 'HAPPY': 3.25, 'NEUTRAL': 16.42, 'SAD': 69.38, 'SURPRISE': 0.43}
2026-06-22 15:05:14,448 | INFO     | [514389] 🎯 KẾT QUẢ CHỐT: SAD (69.38%)
2026-06-22 15:05:14,448 | INFO     | [514389] ⏱️ Thời gian phản hồi: 59.7 ms
2026-06-22 15:05:14,639 | INFO     | [514639] ------------------------------------------
2026-06-22 15:05:14,639 | INFO     | [514639] 📥 NHẬN YÊU CẦU QUÉT KHUÔN MẶT MỚI
2026-06-22 15:05:14,640 | INFO     | [514639] Đã xử lý ảnh thành công. Kích thước tensor: (1, 48, 48, 1)
2026-06-22 15:05:14,690 | INFO     | [514639] ⏱️ Model inference: 50.65 ms
2026-06-22 15:05:14,690 | INFO     | [514639] 📊 Chi tiết dự đoán: {'ANGRY': 6.64, 'DISGUST': 0.26, 'FEAR': 3.4, 'HAPPY': 4.07, 'NEUTRAL': 16.31, 'SAD': 68.9, 'SURPRISE': 0.42}
2026-06-22 15:05:14,690 | INFO     | [514639] 🎯 KẾT QUẢ CHỐT: SAD (68.90%)
2026-06-22 15:05:14,690 | INFO     | [514639] ⏱️ Thời gian phản hồi: 51.65 ms
2026-06-22 15:05:14,901 | INFO     | [514901] ------------------------------------------
2026-06-22 15:05:14,901 | INFO     | [514901] 📥 NHẬN YÊU CẦU QUÉT KHUÔN MẶT MỚI
2026-06-22 15:05:14,902 | INFO     | [514901] Đã xử lý ảnh thành công. Kích thước tensor: (1, 48, 48, 1)
2026-06-22 15:05:14,953 | INFO     | [514901] ⏱️ Model inference: 51.1 ms
2026-06-22 15:05:14,954 | INFO     | [514901] 📊 Chi tiết dự đoán: {'ANGRY': 6.23, 'DISGUST': 0.24, 'FEAR': 3.21, 'HAPPY': 5.02, 'NEUTRAL': 17.74, 'SAD': 67.15, 'SURPRISE': 0.42}
2026-06-22 15:05:14,954 | INFO     | [514901] 🎯 KẾT QUẢ CHỐT: SAD (67.15%)
2026-06-22 15:05:14,954 | INFO     | [514901] ⏱️ Thời gian phản hồi: 53.48 ms
2026-06-22 15:05:15,135 | INFO     | [515135] ------------------------------------------
2026-06-22 15:05:15,135 | INFO     | [515135] 📥 NHẬN YÊU CẦU QUÉT KHUÔN MẶT MỚI
2026-06-22 15:05:15,135 | INFO     | [515135] Đã xử lý ảnh thành công. Kích thước tensor: (1, 48, 48, 1)
2026-06-22 15:05:15,192 | INFO     | [515135] ⏱️ Model inference: 56.09 ms
2026-06-22 15:05:15,192 | INFO     | [515135] 📊 Chi tiết dự đoán: {'ANGRY': 6.49, 'DISGUST': 0.34, 'FEAR': 4.2, 'HAPPY': 3.65, 'NEUTRAL': 16.95, 'SAD': 67.91, 'SURPRISE': 0.46}
2026-06-22 15:05:15,192 | INFO     | [515135] 🎯 KẾT QUẢ CHỐT: SAD (67.91%)
2026-06-22 15:05:15,192 | INFO     | [515135] ⏱️ Thời gian phản hồi: 57.11 ms
2026-06-22 15:05:15,386 | INFO     | [515386] ------------------------------------------
2026-06-22 15:05:15,386 | INFO     | [515386] 📥 NHẬN YÊU CẦU QUÉT KHUÔN MẶT MỚI
2026-06-22 15:05:15,387 | INFO     | [515386] Đã xử lý ảnh thành công. Kích thước tensor: (1, 48, 48, 1)
2026-06-22 15:05:15,438 | INFO     | [515386] ⏱️ Model inference: 50.81 ms
2026-06-22 15:05:15,438 | INFO     | [515386] 📊 Chi tiết dự đoán: {'ANGRY': 5.29, 'DISGUST': 0.2, 'FEAR': 4.04, 'HAPPY': 4.01, 'NEUTRAL': 17.71, 'SAD': 68.13, 'SURPRISE': 0.62}
2026-06-22 15:05:15,438 | INFO     | [515386] 🎯 KẾT QUẢ CHỐT: SAD (68.13%)
2026-06-22 15:05:15,438 | INFO     | [515386] ⏱️ Thời gian phản hồi: 51.96 ms
2026-06-22 15:05:15,634 | INFO     | [515634] ------------------------------------------
2026-06-22 15:05:15,634 | INFO     | [515634] 📥 NHẬN YÊU CẦU QUÉT KHUÔN MẶT MỚI
2026-06-22 15:05:15,634 | INFO     | [515634] Đã xử lý ảnh thành công. Kích thước tensor: (1, 48, 48, 1)
2026-06-22 15:05:15,701 | INFO     | [515634] ⏱️ Model inference: 65.57 ms
2026-06-22 15:05:15,702 | INFO     | [515634] 📊 Chi tiết dự đoán: {'ANGRY': 5.62, 'DISGUST': 0.22, 'FEAR': 4.05, 'HAPPY': 3.99, 'NEUTRAL': 16.6, 'SAD': 68.94, 'SURPRISE': 0.58}
2026-06-22 15:05:15,703 | INFO     | [515634] 🎯 KẾT QUẢ CHỐT: SAD (68.94%)
2026-06-22 15:05:15,703 | INFO     | [515634] ⏱️ Thời gian phản hồi: 67.79 ms
2026-06-22 15:05:15,885 | INFO     | [515885] ------------------------------------------
2026-06-22 15:05:15,885 | INFO     | [515885] 📥 NHẬN YÊU CẦU QUÉT KHUÔN MẶT MỚI
2026-06-22 15:05:15,886 | INFO     | [515885] Đã xử lý ảnh thành công. Kích thước tensor: (1, 48, 48, 1)
2026-06-22 15:05:15,942 | INFO     | [515885] ⏱️ Model inference: 55.76 ms
2026-06-22 15:05:15,942 | INFO     | [515885] 📊 Chi tiết dự đoán: {'ANGRY': 5.33, 'DISGUST': 0.22, 'FEAR': 3.56, 'HAPPY': 6.8, 'NEUTRAL': 15.37, 'SAD': 68.23, 'SURPRISE': 0.49}
2026-06-22 15:05:15,943 | INFO     | [515885] 🎯 KẾT QUẢ CHỐT: SAD (68.23%)
2026-06-22 15:05:15,943 | INFO     | [515885] ⏱️ Thời gian phản hồi: 57.13 ms
2026-06-22 15:05:16,149 | INFO     | [516149] ------------------------------------------
2026-06-22 15:05:16,149 | INFO     | [516149] 📥 NHẬN YÊU CẦU QUÉT KHUÔN MẶT MỚI
2026-06-22 15:05:16,150 | INFO     | [516149] Đã xử lý ảnh thành công. Kích thước tensor: (1, 48, 48, 1)
2026-06-22 15:05:16,202 | INFO     | [516149] ⏱️ Model inference: 52.43 ms
2026-06-22 15:05:16,202 | INFO     | [516149] 📊 Chi tiết dự đoán: {'ANGRY': 5.09, 'DISGUST': 0.24, 'FEAR': 6.04, 'HAPPY': 3.46, 'NEUTRAL': 15.93, 'SAD': 68.44, 'SURPRISE': 0.79}
2026-06-22 15:05:16,202 | INFO     | [516149] 🎯 KẾT QUẢ CHỐT: SAD (68.44%)
2026-06-22 15:05:16,202 | INFO     | [516149] ⏱️ Thời gian phản hồi: 53.43 ms
2026-06-22 15:05:16,383 | INFO     | [516383] ------------------------------------------
2026-06-22 15:05:16,383 | INFO     | [516383] 📥 NHẬN YÊU CẦU QUÉT KHUÔN MẶT MỚI
2026-06-22 15:05:16,384 | INFO     | [516383] Đã xử lý ảnh thành công. Kích thước tensor: (1, 48, 48, 1)
2026-06-22 15:05:16,445 | INFO     | [516383] ⏱️ Model inference: 61.68 ms
2026-06-22 15:05:16,446 | INFO     | [516383] 📊 Chi tiết dự đoán: {'ANGRY': 5.89, 'DISGUST': 0.26, 'FEAR': 4.33, 'HAPPY': 5.7, 'NEUTRAL': 16.93, 'SAD': 66.4, 'SURPRISE': 0.48}
2026-06-22 15:05:16,446 | INFO     | [516383] 🎯 KẾT QUẢ CHỐT: SAD (66.40%)
2026-06-22 15:05:16,446 | INFO     | [516383] ⏱️ Thời gian phản hồi: 63.28 ms
2026-06-22 15:05:16,634 | INFO     | [516634] ------------------------------------------
2026-06-22 15:05:16,634 | INFO     | [516634] 📥 NHẬN YÊU CẦU QUÉT KHUÔN MẶT MỚI
2026-06-22 15:05:16,634 | INFO     | [516634] Đã xử lý ảnh thành công. Kích thước tensor: (1, 48, 48, 1)
2026-06-22 15:05:16,697 | INFO     | [516634] ⏱️ Model inference: 63.03 ms
2026-06-22 15:05:16,697 | INFO     | [516634] 📊 Chi tiết dự đoán: {'ANGRY': 5.29, 'DISGUST': 0.18, 'FEAR': 3.96, 'HAPPY': 7.08, 'NEUTRAL': 17.02, 'SAD': 65.77, 'SURPRISE': 0.69}
2026-06-22 15:05:16,697 | INFO     | [516634] 🎯 KẾT QUẢ CHỐT: SAD (65.77%)
2026-06-22 15:05:16,697 | INFO     | [516634] ⏱️ Thời gian phản hồi: 63.03 ms
2026-06-22 15:05:16,898 | INFO     | [516898] ------------------------------------------
2026-06-22 15:05:16,898 | INFO     | [516898] 📥 NHẬN YÊU CẦU QUÉT KHUÔN MẶT MỚI
2026-06-22 15:05:16,898 | INFO     | [516898] Đã xử lý ảnh thành công. Kích thước tensor: (1, 48, 48, 1)
2026-06-22 15:05:16,948 | INFO     | [516898] ⏱️ Model inference: 50.08 ms
2026-06-22 15:05:16,948 | INFO     | [516898] 📊 Chi tiết dự đoán: {'ANGRY': 4.26, 'DISGUST': 0.15, 'FEAR': 5.68, 'HAPPY': 4.93, 'NEUTRAL': 15.71, 'SAD': 68.42, 'SURPRISE': 0.86}
2026-06-22 15:05:16,948 | INFO     | [516898] 🎯 KẾT QUẢ CHỐT: SAD (68.42%)
2026-06-22 15:05:16,948 | INFO     | [516898] ⏱️ Thời gian phản hồi: 50.59 ms
2026-06-22 15:05:17,147 | INFO     | [517147] ------------------------------------------
2026-06-22 15:05:17,147 | INFO     | [517147] 📥 NHẬN YÊU CẦU QUÉT KHUÔN MẶT MỚI
2026-06-22 15:05:17,148 | INFO     | [517147] Đã xử lý ảnh thành công. Kích thước tensor: (1, 48, 48, 1)
2026-06-22 15:05:17,199 | INFO     | [517147] ⏱️ Model inference: 51.07 ms
2026-06-22 15:05:17,199 | INFO     | [517147] 📊 Chi tiết dự đoán: {'ANGRY': 4.6, 'DISGUST': 0.2, 'FEAR': 5.36, 'HAPPY': 4.77, 'NEUTRAL': 17.84, 'SAD': 66.42, 'SURPRISE': 0.81}
2026-06-22 15:05:17,199 | INFO     | [517147] 🎯 KẾT QUẢ CHỐT: SAD (66.42%)
2026-06-22 15:05:17,199 | INFO     | [517147] ⏱️ Thời gian phản hồi: 52.49 ms
2026-06-22 15:05:17,397 | INFO     | [517397] ------------------------------------------
2026-06-22 15:05:17,397 | INFO     | [517397] 📥 NHẬN YÊU CẦU QUÉT KHUÔN MẶT MỚI
2026-06-22 15:05:17,397 | INFO     | [517397] Đã xử lý ảnh thành công. Kích thước tensor: (1, 48, 48, 1)
2026-06-22 15:05:17,448 | INFO     | [517397] ⏱️ Model inference: 49.6 ms
2026-06-22 15:05:17,450 | INFO     | [517397] 📊 Chi tiết dự đoán: {'ANGRY': 5.28, 'DISGUST': 0.27, 'FEAR': 5.25, 'HAPPY': 6.08, 'NEUTRAL': 17.08, 'SAD': 65.48, 'SURPRISE': 0.57}
2026-06-22 15:05:17,450 | INFO     | [517397] 🎯 KẾT QUẢ CHỐT: SAD (65.48%)
2026-06-22 15:05:17,450 | INFO     | [517397] ⏱️ Thời gian phản hồi: 52.63 ms
2026-06-22 15:05:17,644 | INFO     | [517644] ------------------------------------------
2026-06-22 15:05:17,644 | INFO     | [517644] 📥 NHẬN YÊU CẦU QUÉT KHUÔN MẶT MỚI
2026-06-22 15:05:17,646 | INFO     | [517644] Đã xử lý ảnh thành công. Kích thước tensor: (1, 48, 48, 1)
2026-06-22 15:05:17,699 | INFO     | [517644] ⏱️ Model inference: 53.39 ms
2026-06-22 15:05:17,699 | INFO     | [517644] 📊 Chi tiết dự đoán: {'ANGRY': 5.2, 'DISGUST': 0.3, 'FEAR': 5.84, 'HAPPY': 5.66, 'NEUTRAL': 15.72, 'SAD': 66.53, 'SURPRISE': 0.75}
2026-06-22 15:05:17,700 | INFO     | [517644] 🎯 KẾT QUẢ CHỐT: SAD (66.53%)
2026-06-22 15:05:17,700 | INFO     | [517644] ⏱️ Thời gian phản hồi: 55.15 ms
2026-06-22 15:05:17,895 | INFO     | [517895] ------------------------------------------
2026-06-22 15:05:17,896 | INFO     | [517895] 📥 NHẬN YÊU CẦU QUÉT KHUÔN MẶT MỚI
2026-06-22 15:05:17,896 | INFO     | [517895] Đã xử lý ảnh thành công. Kích thước tensor: (1, 48, 48, 1)
2026-06-22 15:05:17,950 | INFO     | [517895] ⏱️ Model inference: 54.36 ms
2026-06-22 15:05:17,950 | INFO     | [517895] 📊 Chi tiết dự đoán: {'ANGRY': 4.95, 'DISGUST': 0.26, 'FEAR': 4.71, 'HAPPY': 9.11, 'NEUTRAL': 14.41, 'SAD': 65.69, 'SURPRISE': 0.87}
2026-06-22 15:05:17,950 | INFO     | [517895] 🎯 KẾT QUẢ CHỐT: SAD (65.69%)
2026-06-22 15:05:17,950 | INFO     | [517895] ⏱️ Thời gian phản hồi: 55.37 ms
2026-06-22 15:05:18,083 | INFO     | [BATCH-518083] ==========================================
2026-06-22 15:05:18,083 | INFO     | [BATCH-518083] 🎞️ NHẬN CHUỖI 5 KHUNG HÌNH (BATCH)
2026-06-22 15:05:18,560 | INFO     | [BATCH-518083] ⏱️ Batch inference elapsed: 477.23 ms (5 frames)
2026-06-22 15:05:18,560 | INFO     | [BATCH-518083] ↳ Frame 1/5: SAD (68.4%)
2026-06-22 15:05:18,560 | INFO     | [BATCH-518083] ↳ Frame 2/5: SAD (66.4%)
2026-06-22 15:05:18,560 | INFO     | [BATCH-518083] ↳ Frame 3/5: SAD (65.5%)
2026-06-22 15:05:18,561 | INFO     | [BATCH-518083] ↳ Frame 4/5: SAD (66.5%)
2026-06-22 15:05:18,561 | INFO     | [BATCH-518083] ↳ Frame 5/5: SAD (65.7%)
2026-06-22 15:05:18,561 | INFO     | [BATCH-518083] 🎯 KẾT QUẢ CHUỖI: SAD (Tần suất: {'SAD': 5})
2026-06-22 15:05:18,561 | INFO     | [BATCH-518083] ⏱️ Tổng thời gian xử lý: 478.24 ms
2026-06-22 15:05:28,716 | INFO     | [528716] ------------------------------------------
2026-06-22 15:05:28,716 | INFO     | [528716] 📥 NHẬN YÊU CẦU QUÉT KHUÔN MẶT MỚI
2026-06-22 15:05:28,717 | INFO     | [528716] Đã xử lý ảnh thành công. Kích thước tensor: (1, 48, 48, 1)
2026-06-22 15:05:28,772 | INFO     | [528716] ⏱️ Model inference: 55.34 ms
2026-06-22 15:05:28,772 | INFO     | [528716] 📊 Chi tiết dự đoán: {'ANGRY': 4.66, 'DISGUST': 0.32, 'FEAR': 3.81, 'HAPPY': 6.84, 'NEUTRAL': 14.97, 'SAD': 68.74, 'SURPRISE': 0.67}
2026-06-22 15:05:28,773 | INFO     | [528716] 🎯 KẾT QUẢ CHỐT: SAD (68.74%)
2026-06-22 15:05:28,773 | INFO     | [528716] ⏱️ Thời gian phản hồi: 56.34 ms
2026-06-22 15:05:28,913 | INFO     | [528913] ------------------------------------------
2026-06-22 15:05:28,914 | INFO     | [528913] 📥 NHẬN YÊU CẦU QUÉT KHUÔN MẶT MỚI
2026-06-22 15:05:28,914 | INFO     | [528913] Đã xử lý ảnh thành công. Kích thước tensor: (1, 48, 48, 1)
2026-06-22 15:05:28,968 | INFO     | [528913] ⏱️ Model inference: 53.71 ms
2026-06-22 15:05:28,968 | INFO     | [528913] 📊 Chi tiết dự đoán: {'ANGRY': 3.87, 'DISGUST': 0.24, 'FEAR': 4.58, 'HAPPY': 5.89, 'NEUTRAL': 14.75, 'SAD': 69.85, 'SURPRISE': 0.81}
2026-06-22 15:05:28,968 | INFO     | [528913] 🎯 KẾT QUẢ CHỐT: SAD (69.85%)
2026-06-22 15:05:28,968 | INFO     | [528913] ⏱️ Thời gian phản hồi: 54.72 ms
2026-06-22 15:05:29,162 | INFO     | [529162] ------------------------------------------
2026-06-22 15:05:29,163 | INFO     | [529162] 📥 NHẬN YÊU CẦU QUÉT KHUÔN MẶT MỚI
2026-06-22 15:05:29,163 | INFO     | [529162] Đã xử lý ảnh thành công. Kích thước tensor: (1, 48, 48, 1)
2026-06-22 15:05:29,214 | INFO     | [529162] ⏱️ Model inference: 51.08 ms
2026-06-22 15:05:29,214 | INFO     | [529162] 📊 Chi tiết dự đoán: {'ANGRY': 4.03, 'DISGUST': 0.22, 'FEAR': 5.16, 'HAPPY': 4.06, 'NEUTRAL': 16.49, 'SAD': 69.18, 'SURPRISE': 0.87}
2026-06-22 15:05:29,214 | INFO     | [529162] 🎯 KẾT QUẢ CHỐT: SAD (69.18%)
2026-06-22 15:05:29,214 | INFO     | [529162] ⏱️ Thời gian phản hồi: 52.28 ms
2026-06-22 15:05:29,411 | INFO     | [529411] ------------------------------------------
2026-06-22 15:05:29,412 | INFO     | [529411] 📥 NHẬN YÊU CẦU QUÉT KHUÔN MẶT MỚI
2026-06-22 15:05:29,412 | INFO     | [529411] Đã xử lý ảnh thành công. Kích thước tensor: (1, 48, 48, 1)
2026-06-22 15:05:29,464 | INFO     | [529411] ⏱️ Model inference: 52.16 ms
2026-06-22 15:05:29,464 | INFO     | [529411] 📊 Chi tiết dự đoán: {'ANGRY': 3.62, 'DISGUST': 0.24, 'FEAR': 5.32, 'HAPPY': 5.48, 'NEUTRAL': 14.43, 'SAD': 69.73, 'SURPRISE': 1.18}
2026-06-22 15:05:29,464 | INFO     | [529411] 🎯 KẾT QUẢ CHỐT: SAD (69.73%)
2026-06-22 15:05:29,465 | INFO     | [529411] ⏱️ Thời gian phản hồi: 53.51 ms
2026-06-22 15:05:29,648 | INFO     | [529648] ------------------------------------------
2026-06-22 15:05:29,648 | INFO     | [529648] 📥 NHẬN YÊU CẦU QUÉT KHUÔN MẶT MỚI
2026-06-22 15:05:29,648 | INFO     | [529648] Đã xử lý ảnh thành công. Kích thước tensor: (1, 48, 48, 1)
2026-06-22 15:05:29,722 | INFO     | [529648] ⏱️ Model inference: 72.13 ms
2026-06-22 15:05:29,722 | INFO     | [529648] 📊 Chi tiết dự đoán: {'ANGRY': 3.34, 'DISGUST': 0.22, 'FEAR': 5.19, 'HAPPY': 5.05, 'NEUTRAL': 15.51, 'SAD': 69.75, 'SURPRISE': 0.94}
2026-06-22 15:05:29,722 | INFO     | [529648] 🎯 KẾT QUẢ CHỐT: SAD (69.75%)
2026-06-22 15:05:29,722 | INFO     | [529648] ⏱️ Thời gian phản hồi: 73.46 ms
2026-06-22 15:05:29,912 | INFO     | [529912] ------------------------------------------
2026-06-22 15:05:29,913 | INFO     | [529912] 📥 NHẬN YÊU CẦU QUÉT KHUÔN MẶT MỚI
2026-06-22 15:05:29,913 | INFO     | [529912] Đã xử lý ảnh thành công. Kích thước tensor: (1, 48, 48, 1)
2026-06-22 15:05:29,983 | INFO     | [529912] ⏱️ Model inference: 69.44 ms
2026-06-22 15:05:29,983 | INFO     | [529912] 📊 Chi tiết dự đoán: {'ANGRY': 2.98, 'DISGUST': 0.18, 'FEAR': 5.08, 'HAPPY': 5.07, 'NEUTRAL': 14.0, 'SAD': 71.72, 'SURPRISE': 0.97}
2026-06-22 15:05:29,983 | INFO     | [529912] 🎯 KẾT QUẢ CHỐT: SAD (71.72%)
2026-06-22 15:05:29,983 | INFO     | [529912] ⏱️ Thời gian phản hồi: 71.47 ms
2026-06-22 15:05:30,146 | INFO     | [530146] ------------------------------------------
2026-06-22 15:05:30,147 | INFO     | [530146] 📥 NHẬN YÊU CẦU QUÉT KHUÔN MẶT MỚI
2026-06-22 15:05:30,148 | INFO     | [530146] Đã xử lý ảnh thành công. Kích thước tensor: (1, 48, 48, 1)
2026-06-22 15:05:30,203 | INFO     | [530146] ⏱️ Model inference: 55.34 ms
2026-06-22 15:05:30,205 | INFO     | [530146] 📊 Chi tiết dự đoán: {'ANGRY': 2.95, 'DISGUST': 0.17, 'FEAR': 4.94, 'HAPPY': 5.82, 'NEUTRAL': 18.23, 'SAD': 66.72, 'SURPRISE': 1.17}
2026-06-22 15:05:30,205 | INFO     | [530146] 🎯 KẾT QUẢ CHỐT: SAD (66.72%)
2026-06-22 15:05:30,205 | INFO     | [530146] ⏱️ Thời gian phản hồi: 57.36 ms
2026-06-22 15:05:30,410 | INFO     | [530410] ------------------------------------------
2026-06-22 15:05:30,410 | INFO     | [530410] 📥 NHẬN YÊU CẦU QUÉT KHUÔN MẶT MỚI
2026-06-22 15:05:30,411 | INFO     | [530410] Đã xử lý ảnh thành công. Kích thước tensor: (1, 48, 48, 1)
2026-06-22 15:05:30,462 | INFO     | [530410] ⏱️ Model inference: 50.96 ms
2026-06-22 15:05:30,462 | INFO     | [530410] 📊 Chi tiết dự đoán: {'ANGRY': 3.68, 'DISGUST': 0.17, 'FEAR': 5.85, 'HAPPY': 4.65, 'NEUTRAL': 16.23, 'SAD': 68.22, 'SURPRISE': 1.2}
2026-06-22 15:05:30,462 | INFO     | [530410] 🎯 KẾT QUẢ CHỐT: SAD (68.22%)
2026-06-22 15:05:30,463 | INFO     | [530410] ⏱️ Thời gian phản hồi: 51.96 ms
2026-06-22 15:05:30,661 | INFO     | [530661] ------------------------------------------
2026-06-22 15:05:30,661 | INFO     | [530661] 📥 NHẬN YÊU CẦU QUÉT KHUÔN MẶT MỚI
2026-06-22 15:05:30,661 | INFO     | [530661] Đã xử lý ảnh thành công. Kích thước tensor: (1, 48, 48, 1)
2026-06-22 15:05:30,717 | INFO     | [530661] ⏱️ Model inference: 56.42 ms
2026-06-22 15:05:30,717 | INFO     | [530661] 📊 Chi tiết dự đoán: {'ANGRY': 3.07, 'DISGUST': 0.12, 'FEAR': 4.5, 'HAPPY': 2.88, 'NEUTRAL': 12.16, 'SAD': 76.73, 'SURPRISE': 0.53}
2026-06-22 15:05:30,717 | INFO     | [530661] 🎯 KẾT QUẢ CHỐT: SAD (76.73%)
2026-06-22 15:05:30,717 | INFO     | [530661] ⏱️ Thời gian phản hồi: 56.42 ms
2026-06-22 15:05:30,909 | INFO     | [530909] ------------------------------------------
2026-06-22 15:05:30,909 | INFO     | [530909] 📥 NHẬN YÊU CẦU QUÉT KHUÔN MẶT MỚI
2026-06-22 15:05:30,911 | INFO     | [530909] Đã xử lý ảnh thành công. Kích thước tensor: (1, 48, 48, 1)
2026-06-22 15:05:30,962 | INFO     | [530909] ⏱️ Model inference: 51.79 ms
2026-06-22 15:05:30,962 | INFO     | [530909] 📊 Chi tiết dự đoán: {'ANGRY': 2.93, 'DISGUST': 0.16, 'FEAR': 4.98, 'HAPPY': 5.23, 'NEUTRAL': 16.06, 'SAD': 69.66, 'SURPRISE': 0.98}
2026-06-22 15:05:30,963 | INFO     | [530909] 🎯 KẾT QUẢ CHỐT: SAD (69.66%)
2026-06-22 15:05:30,963 | INFO     | [530909] ⏱️ Thời gian phản hồi: 53.09 ms
2026-06-22 15:05:31,160 | INFO     | [531160] ------------------------------------------
2026-06-22 15:05:31,160 | INFO     | [531160] 📥 NHẬN YÊU CẦU QUÉT KHUÔN MẶT MỚI
2026-06-22 15:05:31,160 | INFO     | [531160] Đã xử lý ảnh thành công. Kích thước tensor: (1, 48, 48, 1)
2026-06-22 15:05:31,211 | INFO     | [531160] ⏱️ Model inference: 50.23 ms
2026-06-22 15:05:31,212 | INFO     | [531160] 📊 Chi tiết dự đoán: {'ANGRY': 2.97, 'DISGUST': 0.1, 'FEAR': 5.08, 'HAPPY': 5.94, 'NEUTRAL': 18.63, 'SAD': 66.44, 'SURPRISE': 0.84}
2026-06-22 15:05:31,212 | INFO     | [531160] 🎯 KẾT QUẢ CHỐT: SAD (66.44%)
2026-06-22 15:05:31,212 | INFO     | [531160] ⏱️ Thời gian phản hồi: 51.78 ms
2026-06-22 15:05:31,409 | INFO     | [531409] ------------------------------------------
2026-06-22 15:05:31,410 | INFO     | [531409] 📥 NHẬN YÊU CẦU QUÉT KHUÔN MẶT MỚI
2026-06-22 15:05:31,410 | INFO     | [531409] Đã xử lý ảnh thành công. Kích thước tensor: (1, 48, 48, 1)
2026-06-22 15:05:31,462 | INFO     | [531409] ⏱️ Model inference: 51.31 ms
2026-06-22 15:05:31,463 | INFO     | [531409] 📊 Chi tiết dự đoán: {'ANGRY': 2.42, 'DISGUST': 0.15, 'FEAR': 4.53, 'HAPPY': 5.78, 'NEUTRAL': 12.9, 'SAD': 73.25, 'SURPRISE': 0.98}
2026-06-22 15:05:31,463 | INFO     | [531409] 🎯 KẾT QUẢ CHỐT: SAD (73.25%)
2026-06-22 15:05:31,463 | INFO     | [531409] ⏱️ Thời gian phản hồi: 52.68 ms
2026-06-22 15:05:31,660 | INFO     | [531660] ------------------------------------------
2026-06-22 15:05:31,660 | INFO     | [531660] 📥 NHẬN YÊU CẦU QUÉT KHUÔN MẶT MỚI
2026-06-22 15:05:31,662 | INFO     | [531660] Đã xử lý ảnh thành công. Kích thước tensor: (1, 48, 48, 1)
2026-06-22 15:05:31,711 | INFO     | [531660] ⏱️ Model inference: 49.45 ms
2026-06-22 15:05:31,711 | INFO     | [531660] 📊 Chi tiết dự đoán: {'ANGRY': 2.44, 'DISGUST': 0.12, 'FEAR': 4.75, 'HAPPY': 4.86, 'NEUTRAL': 14.72, 'SAD': 72.36, 'SURPRISE': 0.76}
2026-06-22 15:05:31,712 | INFO     | [531660] 🎯 KẾT QUẢ CHỐT: SAD (72.36%)
2026-06-22 15:05:31,712 | INFO     | [531660] ⏱️ Thời gian phản hồi: 50.95 ms
2026-06-22 15:05:31,909 | INFO     | [531909] ------------------------------------------
2026-06-22 15:05:31,909 | INFO     | [531909] 📥 NHẬN YÊU CẦU QUÉT KHUÔN MẶT MỚI
2026-06-22 15:05:31,909 | INFO     | [531909] Đã xử lý ảnh thành công. Kích thước tensor: (1, 48, 48, 1)
2026-06-22 15:05:31,969 | INFO     | [531909] ⏱️ Model inference: 59.47 ms
2026-06-22 15:05:31,969 | INFO     | [531909] 📊 Chi tiết dự đoán: {'ANGRY': 2.19, 'DISGUST': 0.07, 'FEAR': 5.12, 'HAPPY': 4.95, 'NEUTRAL': 11.95, 'SAD': 75.2, 'SURPRISE': 0.52}
2026-06-22 15:05:31,970 | INFO     | [531909] 🎯 KẾT QUẢ CHỐT: SAD (75.20%)
2026-06-22 15:05:31,970 | INFO     | [531909] ⏱️ Thời gian phản hồi: 59.47 ms
2026-06-22 15:05:32,160 | INFO     | [532160] ------------------------------------------
2026-06-22 15:05:32,160 | INFO     | [532160] 📥 NHẬN YÊU CẦU QUÉT KHUÔN MẶT MỚI
2026-06-22 15:05:32,161 | INFO     | [532160] Đã xử lý ảnh thành công. Kích thước tensor: (1, 48, 48, 1)
2026-06-22 15:05:32,224 | INFO     | [532160] ⏱️ Model inference: 63.54 ms
2026-06-22 15:05:32,224 | INFO     | [532160] 📊 Chi tiết dự đoán: {'ANGRY': 2.37, 'DISGUST': 0.1, 'FEAR': 5.08, 'HAPPY': 4.74, 'NEUTRAL': 15.51, 'SAD': 71.35, 'SURPRISE': 0.86}
2026-06-22 15:05:32,224 | INFO     | [532160] 🎯 KẾT QUẢ CHỐT: SAD (71.35%)
2026-06-22 15:05:32,224 | INFO     | [532160] ⏱️ Thời gian phản hồi: 64.54 ms
2026-06-22 15:05:32,408 | INFO     | [532408] ------------------------------------------
2026-06-22 15:05:32,408 | INFO     | [532408] 📥 NHẬN YÊU CẦU QUÉT KHUÔN MẶT MỚI
2026-06-22 15:05:32,409 | INFO     | [532408] Đã xử lý ảnh thành công. Kích thước tensor: (1, 48, 48, 1)
2026-06-22 15:05:32,460 | INFO     | [532408] ⏱️ Model inference: 51.75 ms
2026-06-22 15:05:32,462 | INFO     | [532408] 📊 Chi tiết dự đoán: {'ANGRY': 2.3, 'DISGUST': 0.08, 'FEAR': 5.28, 'HAPPY': 4.6, 'NEUTRAL': 13.46, 'SAD': 73.76, 'SURPRISE': 0.52}
2026-06-22 15:05:32,462 | INFO     | [532408] 🎯 KẾT QUẢ CHỐT: SAD (73.76%)
2026-06-22 15:05:32,462 | INFO     | [532408] ⏱️ Thời gian phản hồi: 54.26 ms
2026-06-22 15:05:32,659 | INFO     | [532659] ------------------------------------------
2026-06-22 15:05:32,659 | INFO     | [532659] 📥 NHẬN YÊU CẦU QUÉT KHUÔN MẶT MỚI
2026-06-22 15:05:32,660 | INFO     | [532659] Đã xử lý ảnh thành công. Kích thước tensor: (1, 48, 48, 1)
2026-06-22 15:05:32,710 | INFO     | [532659] ⏱️ Model inference: 49.76 ms
2026-06-22 15:05:32,710 | INFO     | [532659] 📊 Chi tiết dự đoán: {'ANGRY': 2.53, 'DISGUST': 0.11, 'FEAR': 5.31, 'HAPPY': 5.06, 'NEUTRAL': 16.84, 'SAD': 69.33, 'SURPRISE': 0.82}
2026-06-22 15:05:32,710 | INFO     | [532659] 🎯 KẾT QUẢ CHỐT: SAD (69.33%)
2026-06-22 15:05:32,711 | INFO     | [532659] ⏱️ Thời gian phản hồi: 50.78 ms
2026-06-22 15:05:32,911 | INFO     | [532911] ------------------------------------------
2026-06-22 15:05:32,911 | INFO     | [532911] 📥 NHẬN YÊU CẦU QUÉT KHUÔN MẶT MỚI
2026-06-22 15:05:32,913 | INFO     | [532911] Đã xử lý ảnh thành công. Kích thước tensor: (1, 48, 48, 1)
2026-06-22 15:05:32,970 | INFO     | [532911] ⏱️ Model inference: 57.04 ms
2026-06-22 15:05:32,971 | INFO     | [532911] 📊 Chi tiết dự đoán: {'ANGRY': 2.61, 'DISGUST': 0.12, 'FEAR': 4.79, 'HAPPY': 6.57, 'NEUTRAL': 19.91, 'SAD': 64.85, 'SURPRISE': 1.15}
2026-06-22 15:05:32,971 | INFO     | [532911] 🎯 KẾT QUẢ CHỐT: SAD (64.85%)
2026-06-22 15:05:32,971 | INFO     | [532911] ⏱️ Thời gian phản hồi: 59.34 ms
2026-06-22 15:05:33,161 | INFO     | [533161] ------------------------------------------
2026-06-22 15:05:33,161 | INFO     | [533161] 📥 NHẬN YÊU CẦU QUÉT KHUÔN MẶT MỚI
2026-06-22 15:05:33,162 | INFO     | [533161] Đã xử lý ảnh thành công. Kích thước tensor: (1, 48, 48, 1)
2026-06-22 15:05:33,210 | INFO     | [533161] ⏱️ Model inference: 48.43 ms
2026-06-22 15:05:33,210 | INFO     | [533161] 📊 Chi tiết dự đoán: {'ANGRY': 2.96, 'DISGUST': 0.13, 'FEAR': 5.18, 'HAPPY': 5.49, 'NEUTRAL': 16.57, 'SAD': 68.87, 'SURPRISE': 0.8}
2026-06-22 15:05:33,210 | INFO     | [533161] 🎯 KẾT QUẢ CHỐT: SAD (68.87%)
2026-06-22 15:05:33,210 | INFO     | [533161] ⏱️ Thời gian phản hồi: 49.44 ms
2026-06-22 15:05:33,412 | INFO     | [533412] ------------------------------------------
2026-06-22 15:05:33,412 | INFO     | [533412] 📥 NHẬN YÊU CẦU QUÉT KHUÔN MẶT MỚI
2026-06-22 15:05:33,413 | INFO     | [533412] Đã xử lý ảnh thành công. Kích thước tensor: (1, 48, 48, 1)
2026-06-22 15:05:33,463 | INFO     | [533412] ⏱️ Model inference: 50.33 ms
2026-06-22 15:05:33,463 | INFO     | [533412] 📊 Chi tiết dự đoán: {'ANGRY': 3.2, 'DISGUST': 0.16, 'FEAR': 5.13, 'HAPPY': 5.92, 'NEUTRAL': 16.02, 'SAD': 68.76, 'SURPRISE': 0.81}
2026-06-22 15:05:33,463 | INFO     | [533412] 🎯 KẾT QUẢ CHỐT: SAD (68.76%)
2026-06-22 15:05:33,465 | INFO     | [533412] ⏱️ Thời gian phản hồi: 51.4 ms
2026-06-22 15:05:33,659 | INFO     | [533659] ------------------------------------------
2026-06-22 15:05:33,659 | INFO     | [533659] 📥 NHẬN YÊU CẦU QUÉT KHUÔN MẶT MỚI
2026-06-22 15:05:33,659 | INFO     | [533659] Đã xử lý ảnh thành công. Kích thước tensor: (1, 48, 48, 1)
2026-06-22 15:05:33,709 | INFO     | [533659] ⏱️ Model inference: 49.75 ms
2026-06-22 15:05:33,709 | INFO     | [533659] 📊 Chi tiết dự đoán: {'ANGRY': 2.95, 'DISGUST': 0.12, 'FEAR': 4.91, 'HAPPY': 5.48, 'NEUTRAL': 15.85, 'SAD': 69.98, 'SURPRISE': 0.71}
2026-06-22 15:05:33,710 | INFO     | [533659] 🎯 KẾT QUẢ CHỐT: SAD (69.98%)
2026-06-22 15:05:33,710 | INFO     | [533659] ⏱️ Thời gian phản hồi: 49.75 ms
2026-06-22 15:05:33,921 | INFO     | [533921] ------------------------------------------
2026-06-22 15:05:33,923 | INFO     | [533921] 📥 NHẬN YÊU CẦU QUÉT KHUÔN MẶT MỚI
2026-06-22 15:05:33,923 | INFO     | [533921] Đã xử lý ảnh thành công. Kích thước tensor: (1, 48, 48, 1)
2026-06-22 15:05:33,975 | INFO     | [533921] ⏱️ Model inference: 51.54 ms
2026-06-22 15:05:33,975 | INFO     | [533921] 📊 Chi tiết dự đoán: {'ANGRY': 3.98, 'DISGUST': 0.26, 'FEAR': 5.79, 'HAPPY': 6.06, 'NEUTRAL': 18.92, 'SAD': 64.07, 'SURPRISE': 0.93}
2026-06-22 15:05:33,975 | INFO     | [533921] 🎯 KẾT QUẢ CHỐT: SAD (64.07%)
2026-06-22 15:05:33,975 | INFO     | [533921] ⏱️ Thời gian phản hồi: 53.39 ms
2026-06-22 15:05:34,159 | INFO     | [534159] ------------------------------------------
2026-06-22 15:05:34,159 | INFO     | [534159] 📥 NHẬN YÊU CẦU QUÉT KHUÔN MẶT MỚI
2026-06-22 15:05:34,160 | INFO     | [534159] Đã xử lý ảnh thành công. Kích thước tensor: (1, 48, 48, 1)
2026-06-22 15:05:34,217 | INFO     | [534159] ⏱️ Model inference: 57.95 ms
2026-06-22 15:05:34,217 | INFO     | [534159] 📊 Chi tiết dự đoán: {'ANGRY': 4.5, 'DISGUST': 0.43, 'FEAR': 6.15, 'HAPPY': 13.22, 'NEUTRAL': 15.52, 'SAD': 58.57, 'SURPRISE': 1.61}
2026-06-22 15:05:34,217 | INFO     | [534159] 🎯 KẾT QUẢ CHỐT: SAD (58.57%)
2026-06-22 15:05:34,217 | INFO     | [534159] ⏱️ Thời gian phản hồi: 58.97 ms
2026-06-22 15:05:34,409 | INFO     | [534407] ------------------------------------------
2026-06-22 15:05:34,409 | INFO     | [534407] 📥 NHẬN YÊU CẦU QUÉT KHUÔN MẶT MỚI
2026-06-22 15:05:34,410 | INFO     | [534407] Đã xử lý ảnh thành công. Kích thước tensor: (1, 48, 48, 1)
2026-06-22 15:05:34,465 | INFO     | [534407] ⏱️ Model inference: 55.14 ms
2026-06-22 15:05:34,465 | INFO     | [534407] 📊 Chi tiết dự đoán: {'ANGRY': 6.35, 'DISGUST': 0.63, 'FEAR': 6.78, 'HAPPY': 7.8, 'NEUTRAL': 22.25, 'SAD': 53.69, 'SURPRISE': 2.5}
2026-06-22 15:05:34,465 | INFO     | [534407] 🎯 KẾT QUẢ CHỐT: SAD (53.69%)
2026-06-22 15:05:34,465 | INFO     | [534407] ⏱️ Thời gian phản hồi: 57.4 ms
2026-06-22 15:05:34,658 | INFO     | [534658] ------------------------------------------
2026-06-22 15:05:34,659 | INFO     | [534658] 📥 NHẬN YÊU CẦU QUÉT KHUÔN MẶT MỚI
2026-06-22 15:05:34,659 | INFO     | [534658] Đã xử lý ảnh thành công. Kích thước tensor: (1, 48, 48, 1)
2026-06-22 15:05:34,713 | INFO     | [534658] ⏱️ Model inference: 53.47 ms
2026-06-22 15:05:34,714 | INFO     | [534658] 📊 Chi tiết dự đoán: {'ANGRY': 5.66, 'DISGUST': 0.52, 'FEAR': 6.8, 'HAPPY': 7.7, 'NEUTRAL': 24.52, 'SAD': 52.74, 'SURPRISE': 2.06}
2026-06-22 15:05:34,714 | INFO     | [534658] 🎯 KẾT QUẢ CHỐT: SAD (52.74%)
2026-06-22 15:05:34,714 | INFO     | [534658] ⏱️ Thời gian phản hồi: 56.04 ms
2026-06-22 15:05:34,909 | INFO     | [534909] ------------------------------------------
2026-06-22 15:05:34,909 | INFO     | [534909] 📥 NHẬN YÊU CẦU QUÉT KHUÔN MẶT MỚI
2026-06-22 15:05:34,910 | INFO     | [534909] Đã xử lý ảnh thành công. Kích thước tensor: (1, 48, 48, 1)
2026-06-22 15:05:34,960 | INFO     | [534909] ⏱️ Model inference: 50.13 ms
2026-06-22 15:05:34,960 | INFO     | [534909] 📊 Chi tiết dự đoán: {'ANGRY': 5.0, 'DISGUST': 0.39, 'FEAR': 6.35, 'HAPPY': 8.13, 'NEUTRAL': 25.67, 'SAD': 52.59, 'SURPRISE': 1.88}
2026-06-22 15:05:34,960 | INFO     | [534909] 🎯 KẾT QUẢ CHỐT: SAD (52.59%)
2026-06-22 15:05:34,960 | INFO     | [534909] ⏱️ Thời gian phản hồi: 51.13 ms
2026-06-22 15:05:35,158 | INFO     | [535158] ------------------------------------------
2026-06-22 15:05:35,159 | INFO     | [535158] 📥 NHẬN YÊU CẦU QUÉT KHUÔN MẶT MỚI
2026-06-22 15:05:35,159 | INFO     | [535158] Đã xử lý ảnh thành công. Kích thước tensor: (1, 48, 48, 1)
2026-06-22 15:05:35,209 | INFO     | [535158] ⏱️ Model inference: 48.4 ms
2026-06-22 15:05:35,209 | INFO     | [535158] 📊 Chi tiết dự đoán: {'ANGRY': 4.91, 'DISGUST': 0.4, 'FEAR': 5.94, 'HAPPY': 9.2, 'NEUTRAL': 23.98, 'SAD': 53.2, 'SURPRISE': 2.37}
2026-06-22 15:05:35,210 | INFO     | [535158] 🎯 KẾT QUẢ CHỐT: SAD (53.20%)
2026-06-22 15:05:35,210 | INFO     | [535158] ⏱️ Thời gian phản hồi: 50.71 ms
2026-06-22 15:05:35,406 | INFO     | [535406] ------------------------------------------
2026-06-22 15:05:35,408 | INFO     | [535406] 📥 NHẬN YÊU CẦU QUÉT KHUÔN MẶT MỚI
2026-06-22 15:05:35,408 | INFO     | [535406] Đã xử lý ảnh thành công. Kích thước tensor: (1, 48, 48, 1)
2026-06-22 15:05:35,458 | INFO     | [535406] ⏱️ Model inference: 50.69 ms
2026-06-22 15:05:35,458 | INFO     | [535406] 📊 Chi tiết dự đoán: {'ANGRY': 5.12, 'DISGUST': 0.42, 'FEAR': 5.61, 'HAPPY': 9.79, 'NEUTRAL': 21.8, 'SAD': 55.08, 'SURPRISE': 2.18}
2026-06-22 15:05:35,458 | INFO     | [535406] 🎯 KẾT QUẢ CHỐT: SAD (55.08%)
2026-06-22 15:05:35,459 | INFO     | [535406] ⏱️ Thời gian phản hồi: 52.02 ms
2026-06-22 15:05:35,656 | INFO     | [535656] ------------------------------------------
2026-06-22 15:05:35,656 | INFO     | [535656] 📥 NHẬN YÊU CẦU QUÉT KHUÔN MẶT MỚI
2026-06-22 15:05:35,657 | INFO     | [535656] Đã xử lý ảnh thành công. Kích thước tensor: (1, 48, 48, 1)
2026-06-22 15:05:35,706 | INFO     | [535656] ⏱️ Model inference: 49.19 ms
2026-06-22 15:05:35,706 | INFO     | [535656] 📊 Chi tiết dự đoán: {'ANGRY': 4.88, 'DISGUST': 0.39, 'FEAR': 6.81, 'HAPPY': 8.26, 'NEUTRAL': 22.27, 'SAD': 54.99, 'SURPRISE': 2.4}
2026-06-22 15:05:35,706 | INFO     | [535656] 🎯 KẾT QUẢ CHỐT: SAD (54.99%)
2026-06-22 15:05:35,707 | INFO     | [535656] ⏱️ Thời gian phản hồi: 50.19 ms
2026-06-22 15:05:35,907 | INFO     | [535907] ------------------------------------------
2026-06-22 15:05:35,907 | INFO     | [535907] 📥 NHẬN YÊU CẦU QUÉT KHUÔN MẶT MỚI
2026-06-22 15:05:35,908 | INFO     | [535907] Đã xử lý ảnh thành công. Kích thước tensor: (1, 48, 48, 1)
2026-06-22 15:05:35,959 | INFO     | [535907] ⏱️ Model inference: 51.17 ms
2026-06-22 15:05:35,959 | INFO     | [535907] 📊 Chi tiết dự đoán: {'ANGRY': 5.2, 'DISGUST': 0.54, 'FEAR': 6.73, 'HAPPY': 5.69, 'NEUTRAL': 21.54, 'SAD': 58.29, 'SURPRISE': 2.01}
2026-06-22 15:05:35,959 | INFO     | [535907] 🎯 KẾT QUẢ CHỐT: SAD (58.29%)
2026-06-22 15:05:35,959 | INFO     | [535907] ⏱️ Thời gian phản hồi: 52.17 ms
2026-06-22 15:05:36,172 | INFO     | [536172] ------------------------------------------
2026-06-22 15:05:36,172 | INFO     | [536172] 📥 NHẬN YÊU CẦU QUÉT KHUÔN MẶT MỚI
2026-06-22 15:05:36,173 | INFO     | [536172] Đã xử lý ảnh thành công. Kích thước tensor: (1, 48, 48, 1)
2026-06-22 15:05:36,224 | INFO     | [536172] ⏱️ Model inference: 50.93 ms
2026-06-22 15:05:36,224 | INFO     | [536172] 📊 Chi tiết dự đoán: {'ANGRY': 5.22, 'DISGUST': 0.41, 'FEAR': 6.33, 'HAPPY': 8.15, 'NEUTRAL': 25.95, 'SAD': 51.99, 'SURPRISE': 1.96}
2026-06-22 15:05:36,224 | INFO     | [536172] 🎯 KẾT QUẢ CHỐT: SAD (51.99%)
2026-06-22 15:05:36,224 | INFO     | [536172] ⏱️ Thời gian phản hồi: 51.93 ms
2026-06-22 15:05:36,402 | INFO     | [536402] ------------------------------------------
2026-06-22 15:05:36,402 | INFO     | [536402] 📥 NHẬN YÊU CẦU QUÉT KHUÔN MẶT MỚI
2026-06-22 15:05:36,403 | INFO     | [536402] Đã xử lý ảnh thành công. Kích thước tensor: (1, 48, 48, 1)
2026-06-22 15:05:36,453 | INFO     | [536402] ⏱️ Model inference: 50.13 ms
2026-06-22 15:05:36,453 | INFO     | [536402] 📊 Chi tiết dự đoán: {'ANGRY': 5.39, 'DISGUST': 0.5, 'FEAR': 6.34, 'HAPPY': 7.87, 'NEUTRAL': 23.43, 'SAD': 54.46, 'SURPRISE': 2.01}
2026-06-22 15:05:36,453 | INFO     | [536402] 🎯 KẾT QUẢ CHỐT: SAD (54.46%)
2026-06-22 15:05:36,453 | INFO     | [536402] ⏱️ Thời gian phản hồi: 51.14 ms
2026-06-22 15:05:36,652 | INFO     | [536652] ------------------------------------------
2026-06-22 15:05:36,652 | INFO     | [536652] 📥 NHẬN YÊU CẦU QUÉT KHUÔN MẶT MỚI
2026-06-22 15:05:36,653 | INFO     | [536652] Đã xử lý ảnh thành công. Kích thước tensor: (1, 48, 48, 1)
2026-06-22 15:05:36,711 | INFO     | [536652] ⏱️ Model inference: 57.67 ms
2026-06-22 15:05:36,712 | INFO     | [536652] 📊 Chi tiết dự đoán: {'ANGRY': 4.8, 'DISGUST': 0.28, 'FEAR': 6.9, 'HAPPY': 5.48, 'NEUTRAL': 26.27, 'SAD': 53.94, 'SURPRISE': 2.33}
2026-06-22 15:05:36,712 | INFO     | [536652] 🎯 KẾT QUẢ CHỐT: SAD (53.94%)
2026-06-22 15:05:36,712 | INFO     | [536652] ⏱️ Thời gian phản hồi: 59.75 ms
2026-06-22 15:05:36,902 | INFO     | [536902] ------------------------------------------
2026-06-22 15:05:36,902 | INFO     | [536902] 📥 NHẬN YÊU CẦU QUÉT KHUÔN MẶT MỚI
2026-06-22 15:05:36,904 | INFO     | [536902] Đã xử lý ảnh thành công. Kích thước tensor: (1, 48, 48, 1)
2026-06-22 15:05:36,954 | INFO     | [536902] ⏱️ Model inference: 50.26 ms
2026-06-22 15:05:36,954 | INFO     | [536902] 📊 Chi tiết dự đoán: {'ANGRY': 5.76, 'DISGUST': 0.57, 'FEAR': 6.07, 'HAPPY': 8.43, 'NEUTRAL': 15.86, 'SAD': 62.06, 'SURPRISE': 1.25}
2026-06-22 15:05:36,954 | INFO     | [536902] 🎯 KẾT QUẢ CHỐT: SAD (62.06%)
2026-06-22 15:05:36,954 | INFO     | [536902] ⏱️ Thời gian phản hồi: 51.41 ms
2026-06-22 15:05:37,166 | INFO     | [537166] ------------------------------------------
2026-06-22 15:05:37,167 | INFO     | [537166] 📥 NHẬN YÊU CẦU QUÉT KHUÔN MẶT MỚI
2026-06-22 15:05:37,167 | INFO     | [537166] Đã xử lý ảnh thành công. Kích thước tensor: (1, 48, 48, 1)
2026-06-22 15:05:37,219 | INFO     | [537166] ⏱️ Model inference: 52.4 ms
2026-06-22 15:05:37,219 | INFO     | [537166] 📊 Chi tiết dự đoán: {'ANGRY': 5.06, 'DISGUST': 0.47, 'FEAR': 6.75, 'HAPPY': 3.07, 'NEUTRAL': 14.74, 'SAD': 68.88, 'SURPRISE': 1.02}
2026-06-22 15:05:37,219 | INFO     | [537166] 🎯 KẾT QUẢ CHỐT: SAD (68.88%)
2026-06-22 15:05:37,220 | INFO     | [537166] ⏱️ Thời gian phản hồi: 53.44 ms
2026-06-22 15:05:37,415 | INFO     | [537415] ------------------------------------------
2026-06-22 15:05:37,417 | INFO     | [537415] 📥 NHẬN YÊU CẦU QUÉT KHUÔN MẶT MỚI
2026-06-22 15:05:37,417 | INFO     | [537415] Đã xử lý ảnh thành công. Kích thước tensor: (1, 48, 48, 1)
2026-06-22 15:05:37,467 | INFO     | [537415] ⏱️ Model inference: 50.44 ms
2026-06-22 15:05:37,467 | INFO     | [537415] 📊 Chi tiết dự đoán: {'ANGRY': 4.66, 'DISGUST': 0.28, 'FEAR': 6.27, 'HAPPY': 3.58, 'NEUTRAL': 15.35, 'SAD': 69.13, 'SURPRISE': 0.72}
2026-06-22 15:05:37,467 | INFO     | [537415] 🎯 KẾT QUẢ CHỐT: SAD (69.13%)
2026-06-22 15:05:37,467 | INFO     | [537415] ⏱️ Thời gian phản hồi: 51.77 ms
2026-06-22 15:05:37,667 | INFO     | [537667] ------------------------------------------
2026-06-22 15:05:37,667 | INFO     | [537667] 📥 NHẬN YÊU CẦU QUÉT KHUÔN MẶT MỚI
2026-06-22 15:05:37,668 | INFO     | [537667] Đã xử lý ảnh thành công. Kích thước tensor: (1, 48, 48, 1)
2026-06-22 15:05:37,722 | INFO     | [537667] ⏱️ Model inference: 54.03 ms
2026-06-22 15:05:37,722 | INFO     | [537667] 📊 Chi tiết dự đoán: {'ANGRY': 3.32, 'DISGUST': 0.13, 'FEAR': 5.64, 'HAPPY': 4.6, 'NEUTRAL': 14.08, 'SAD': 71.51, 'SURPRISE': 0.7}
2026-06-22 15:05:37,722 | INFO     | [537667] 🎯 KẾT QUẢ CHỐT: SAD (71.51%)
2026-06-22 15:05:37,723 | INFO     | [537667] ⏱️ Thời gian phản hồi: 55.03 ms
2026-06-22 15:05:37,916 | INFO     | [537916] ------------------------------------------
2026-06-22 15:05:37,916 | INFO     | [537916] 📥 NHẬN YÊU CẦU QUÉT KHUÔN MẶT MỚI
2026-06-22 15:05:37,917 | INFO     | [537916] Đã xử lý ảnh thành công. Kích thước tensor: (1, 48, 48, 1)
2026-06-22 15:05:37,967 | INFO     | [537916] ⏱️ Model inference: 49.91 ms
2026-06-22 15:05:37,967 | INFO     | [537916] 📊 Chi tiết dự đoán: {'ANGRY': 4.04, 'DISGUST': 0.22, 'FEAR': 6.1, 'HAPPY': 3.79, 'NEUTRAL': 16.13, 'SAD': 68.79, 'SURPRISE': 0.92}
2026-06-22 15:05:37,967 | INFO     | [537916] 🎯 KẾT QUẢ CHỐT: SAD (68.79%)
2026-06-22 15:05:37,968 | INFO     | [537916] ⏱️ Thời gian phản hồi: 51.42 ms
2026-06-22 15:05:38,165 | INFO     | [538165] ------------------------------------------
2026-06-22 15:05:38,166 | INFO     | [538165] 📥 NHẬN YÊU CẦU QUÉT KHUÔN MẶT MỚI
2026-06-22 15:05:38,167 | INFO     | [538165] Đã xử lý ảnh thành công. Kích thước tensor: (1, 48, 48, 1)
2026-06-22 15:05:38,220 | INFO     | [538165] ⏱️ Model inference: 51.34 ms
2026-06-22 15:05:38,220 | INFO     | [538165] 📊 Chi tiết dự đoán: {'ANGRY': 4.19, 'DISGUST': 0.34, 'FEAR': 4.74, 'HAPPY': 5.61, 'NEUTRAL': 15.65, 'SAD': 68.48, 'SURPRISE': 0.99}
2026-06-22 15:05:38,220 | INFO     | [538165] 🎯 KẾT QUẢ CHỐT: SAD (68.48%)
2026-06-22 15:05:38,220 | INFO     | [538165] ⏱️ Thời gian phản hồi: 54.5 ms
2026-06-22 15:05:38,414 | INFO     | [538414] ------------------------------------------
2026-06-22 15:05:38,416 | INFO     | [538414] 📥 NHẬN YÊU CẦU QUÉT KHUÔN MẶT MỚI
2026-06-22 15:05:38,416 | INFO     | [538414] Đã xử lý ảnh thành công. Kích thước tensor: (1, 48, 48, 1)
2026-06-22 15:05:38,474 | INFO     | [538414] ⏱️ Model inference: 57.84 ms
2026-06-22 15:05:38,474 | INFO     | [538414] 📊 Chi tiết dự đoán: {'ANGRY': 4.18, 'DISGUST': 0.22, 'FEAR': 5.25, 'HAPPY': 5.03, 'NEUTRAL': 15.06, 'SAD': 69.11, 'SURPRISE': 1.15}
2026-06-22 15:05:38,474 | INFO     | [538414] 🎯 KẾT QUẢ CHỐT: SAD (69.11%)
2026-06-22 15:05:38,475 | INFO     | [538414] ⏱️ Thời gian phản hồi: 59.48 ms
2026-06-22 15:05:38,665 | INFO     | [538665] ------------------------------------------
2026-06-22 15:05:38,665 | INFO     | [538665] 📥 NHẬN YÊU CẦU QUÉT KHUÔN MẶT MỚI
2026-06-22 15:05:38,665 | INFO     | [538665] Đã xử lý ảnh thành công. Kích thước tensor: (1, 48, 48, 1)
2026-06-22 15:05:38,717 | INFO     | [538665] ⏱️ Model inference: 52.01 ms
2026-06-22 15:05:38,717 | INFO     | [538665] 📊 Chi tiết dự đoán: {'ANGRY': 4.93, 'DISGUST': 0.3, 'FEAR': 6.69, 'HAPPY': 7.09, 'NEUTRAL': 17.36, 'SAD': 62.12, 'SURPRISE': 1.51}
2026-06-22 15:05:38,717 | INFO     | [538665] 🎯 KẾT QUẢ CHỐT: SAD (62.12%)
2026-06-22 15:05:38,717 | INFO     | [538665] ⏱️ Thời gian phản hồi: 52.52 ms
2026-06-22 15:05:38,742 | INFO     | [BATCH-538742] ==========================================
2026-06-22 15:05:38,743 | INFO     | [BATCH-538742] 🎞️ NHẬN CHUỖI 5 KHUNG HÌNH (BATCH)
2026-06-22 15:05:39,344 | INFO     | [BATCH-538742] ⏱️ Batch inference elapsed: 601.16 ms (5 frames)
2026-06-22 15:05:39,346 | INFO     | [BATCH-538742] ↳ Frame 1/5: SAD (71.5%)
2026-06-22 15:05:39,347 | INFO     | [BATCH-538742] ↳ Frame 2/5: SAD (68.8%)
2026-06-22 15:05:39,347 | INFO     | [BATCH-538742] ↳ Frame 3/5: SAD (68.5%)
2026-06-22 15:05:39,349 | INFO     | [BATCH-538742] ↳ Frame 4/5: SAD (69.1%)
2026-06-22 15:05:39,349 | INFO     | [BATCH-538742] ↳ Frame 5/5: SAD (62.1%)
2026-06-22 15:05:39,350 | INFO     | [BATCH-538742] 🎯 KẾT QUẢ CHUỖI: SAD (Tần suất: {'SAD': 5})
2026-06-22 15:05:39,350 | INFO     | [BATCH-538742] ⏱️ Tổng thời gian xử lý: 608.6 ms
2026-06-22 15:05:48,083 | INFO     | [548083] ------------------------------------------
2026-06-22 15:05:48,083 | INFO     | [548083] 📥 NHẬN YÊU CẦU QUÉT KHUÔN MẶT MỚI
2026-06-22 15:05:48,083 | INFO     | [548083] Đã xử lý ảnh thành công. Kích thước tensor: (1, 48, 48, 1)
2026-06-22 15:05:48,149 | INFO     | [548083] ⏱️ Model inference: 65.77 ms
2026-06-22 15:05:48,149 | INFO     | [548083] 📊 Chi tiết dự đoán: {'ANGRY': 3.88, 'DISGUST': 0.22, 'FEAR': 5.54, 'HAPPY': 5.37, 'NEUTRAL': 11.49, 'SAD': 72.67, 'SURPRISE': 0.82}
2026-06-22 15:05:48,149 | INFO     | [548083] 🎯 KẾT QUẢ CHỐT: SAD (72.67%)
2026-06-22 15:05:48,150 | INFO     | [548083] ⏱️ Thời gian phản hồi: 66.83 ms
2026-06-22 15:05:48,281 | INFO     | [548281] ------------------------------------------
2026-06-22 15:05:48,281 | INFO     | [548281] 📥 NHẬN YÊU CẦU QUÉT KHUÔN MẶT MỚI
2026-06-22 15:05:48,281 | INFO     | [548281] Đã xử lý ảnh thành công. Kích thước tensor: (1, 48, 48, 1)
2026-06-22 15:05:48,333 | INFO     | [548281] ⏱️ Model inference: 51.6 ms
2026-06-22 15:05:48,333 | INFO     | [548281] 📊 Chi tiết dự đoán: {'ANGRY': 3.97, 'DISGUST': 0.16, 'FEAR': 3.65, 'HAPPY': 7.24, 'NEUTRAL': 17.84, 'SAD': 66.46, 'SURPRISE': 0.69}
2026-06-22 15:05:48,333 | INFO     | [548281] 🎯 KẾT QUẢ CHỐT: SAD (66.46%)
2026-06-22 15:05:48,333 | INFO     | [548281] ⏱️ Thời gian phản hồi: 51.6 ms
2026-06-22 15:05:48,530 | INFO     | [548530] ------------------------------------------
2026-06-22 15:05:48,532 | INFO     | [548530] 📥 NHẬN YÊU CẦU QUÉT KHUÔN MẶT MỚI
2026-06-22 15:05:48,532 | INFO     | [548530] Đã xử lý ảnh thành công. Kích thước tensor: (1, 48, 48, 1)
2026-06-22 15:05:48,586 | INFO     | [548530] ⏱️ Model inference: 54.57 ms
2026-06-22 15:05:48,586 | INFO     | [548530] 📊 Chi tiết dự đoán: {'ANGRY': 3.86, 'DISGUST': 0.16, 'FEAR': 5.04, 'HAPPY': 4.26, 'NEUTRAL': 12.98, 'SAD': 72.72, 'SURPRISE': 0.97}
2026-06-22 15:05:48,587 | INFO     | [548530] 🎯 KẾT QUẢ CHỐT: SAD (72.72%)
2026-06-22 15:05:48,587 | INFO     | [548530] ⏱️ Thời gian phản hồi: 56.07 ms
2026-06-22 15:05:48,781 | INFO     | [548781] ------------------------------------------
2026-06-22 15:05:48,781 | INFO     | [548781] 📥 NHẬN YÊU CẦU QUÉT KHUÔN MẶT MỚI
2026-06-22 15:05:48,782 | INFO     | [548781] Đã xử lý ảnh thành công. Kích thước tensor: (1, 48, 48, 1)
2026-06-22 15:05:48,835 | INFO     | [548781] ⏱️ Model inference: 52.23 ms
2026-06-22 15:05:48,836 | INFO     | [548781] 📊 Chi tiết dự đoán: {'ANGRY': 4.07, 'DISGUST': 0.13, 'FEAR': 5.33, 'HAPPY': 4.73, 'NEUTRAL': 10.78, 'SAD': 74.14, 'SURPRISE': 0.82}
2026-06-22 15:05:48,836 | INFO     | [548781] 🎯 KẾT QUẢ CHỐT: SAD (74.14%)
2026-06-22 15:05:48,836 | INFO     | [548781] ⏱️ Thời gian phản hồi: 54.66 ms
2026-06-22 15:05:49,031 | INFO     | [549031] ------------------------------------------
2026-06-22 15:05:49,031 | INFO     | [549031] 📥 NHẬN YÊU CẦU QUÉT KHUÔN MẶT MỚI
2026-06-22 15:05:49,031 | INFO     | [549031] Đã xử lý ảnh thành công. Kích thước tensor: (1, 48, 48, 1)
2026-06-22 15:05:49,085 | INFO     | [549031] ⏱️ Model inference: 53.98 ms
2026-06-22 15:05:49,085 | INFO     | [549031] 📊 Chi tiết dự đoán: {'ANGRY': 4.05, 'DISGUST': 0.12, 'FEAR': 6.15, 'HAPPY': 3.41, 'NEUTRAL': 12.15, 'SAD': 73.26, 'SURPRISE': 0.85}
2026-06-22 15:05:49,085 | INFO     | [549031] 🎯 KẾT QUẢ CHỐT: SAD (73.26%)
2026-06-22 15:05:49,085 | INFO     | [549031] ⏱️ Thời gian phản hồi: 53.98 ms
2026-06-22 15:05:49,279 | INFO     | [549279] ------------------------------------------
2026-06-22 15:05:49,279 | INFO     | [549279] 📥 NHẬN YÊU CẦU QUÉT KHUÔN MẶT MỚI
2026-06-22 15:05:49,280 | INFO     | [549279] Đã xử lý ảnh thành công. Kích thước tensor: (1, 48, 48, 1)
2026-06-22 15:05:49,341 | INFO     | [549279] ⏱️ Model inference: 59.98 ms
2026-06-22 15:05:49,343 | INFO     | [549279] 📊 Chi tiết dự đoán: {'ANGRY': 4.71, 'DISGUST': 0.17, 'FEAR': 6.14, 'HAPPY': 3.25, 'NEUTRAL': 12.67, 'SAD': 72.11, 'SURPRISE': 0.94}
2026-06-22 15:05:49,343 | INFO     | [549279] 🎯 KẾT QUẢ CHỐT: SAD (72.11%)
2026-06-22 15:05:49,343 | INFO     | [549279] ⏱️ Thời gian phản hồi: 63.05 ms
2026-06-22 15:05:49,513 | INFO     | [549513] ------------------------------------------
2026-06-22 15:05:49,514 | INFO     | [549513] 📥 NHẬN YÊU CẦU QUÉT KHUÔN MẶT MỚI
2026-06-22 15:05:49,514 | INFO     | [549513] Đã xử lý ảnh thành công. Kích thước tensor: (1, 48, 48, 1)
2026-06-22 15:05:49,566 | INFO     | [549513] ⏱️ Model inference: 50.55 ms
2026-06-22 15:05:49,567 | INFO     | [549513] 📊 Chi tiết dự đoán: {'ANGRY': 5.93, 'DISGUST': 0.17, 'FEAR': 5.82, 'HAPPY': 4.03, 'NEUTRAL': 11.6, 'SAD': 71.2, 'SURPRISE': 1.25}
2026-06-22 15:05:49,567 | INFO     | [549513] 🎯 KẾT QUẢ CHỐT: SAD (71.20%)
2026-06-22 15:05:49,567 | INFO     | [549513] ⏱️ Thời gian phản hồi: 54.18 ms
2026-06-22 15:05:49,778 | INFO     | [549778] ------------------------------------------
2026-06-22 15:05:49,779 | INFO     | [549778] 📥 NHẬN YÊU CẦU QUÉT KHUÔN MẶT MỚI
2026-06-22 15:05:49,779 | INFO     | [549778] Đã xử lý ảnh thành công. Kích thước tensor: (1, 48, 48, 1)
2026-06-22 15:05:49,850 | INFO     | [549778] ⏱️ Model inference: 69.57 ms
2026-06-22 15:05:49,850 | INFO     | [549778] 📊 Chi tiết dự đoán: {'ANGRY': 7.39, 'DISGUST': 0.35, 'FEAR': 5.74, 'HAPPY': 4.64, 'NEUTRAL': 14.25, 'SAD': 66.43, 'SURPRISE': 1.21}
2026-06-22 15:05:49,850 | INFO     | [549778] 🎯 KẾT QUẢ CHỐT: SAD (66.43%)
2026-06-22 15:05:49,850 | INFO     | [549778] ⏱️ Thời gian phản hồi: 72.74 ms
2026-06-22 15:05:50,029 | INFO     | [550029] ------------------------------------------
2026-06-22 15:05:50,030 | INFO     | [550029] 📥 NHẬN YÊU CẦU QUÉT KHUÔN MẶT MỚI
2026-06-22 15:05:50,030 | INFO     | [550029] Đã xử lý ảnh thành công. Kích thước tensor: (1, 48, 48, 1)
2026-06-22 15:05:50,100 | INFO     | [550029] ⏱️ Model inference: 70.19 ms
2026-06-22 15:05:50,101 | INFO     | [550029] 📊 Chi tiết dự đoán: {'ANGRY': 3.48, 'DISGUST': 0.09, 'FEAR': 6.44, 'HAPPY': 4.0, 'NEUTRAL': 13.59, 'SAD': 71.39, 'SURPRISE': 1.01}
2026-06-22 15:05:50,101 | INFO     | [550029] 🎯 KẾT QUẢ CHỐT: SAD (71.39%)
2026-06-22 15:05:50,101 | INFO     | [550029] ⏱️ Thời gian phản hồi: 71.73 ms
2026-06-22 15:05:50,280 | INFO     | [550280] ------------------------------------------
2026-06-22 15:05:50,280 | INFO     | [550280] 📥 NHẬN YÊU CẦU QUÉT KHUÔN MẶT MỚI
2026-06-22 15:05:50,281 | INFO     | [550280] Đã xử lý ảnh thành công. Kích thước tensor: (1, 48, 48, 1)
2026-06-22 15:05:50,344 | INFO     | [550280] ⏱️ Model inference: 62.45 ms
2026-06-22 15:05:50,344 | INFO     | [550280] 📊 Chi tiết dự đoán: {'ANGRY': 4.4, 'DISGUST': 0.1, 'FEAR': 6.89, 'HAPPY': 4.35, 'NEUTRAL': 11.24, 'SAD': 72.02, 'SURPRISE': 1.01}
2026-06-22 15:05:50,344 | INFO     | [550280] 🎯 KẾT QUẢ CHỐT: SAD (72.02%)
2026-06-22 15:05:50,344 | INFO     | [550280] ⏱️ Thời gian phản hồi: 63.45 ms
2026-06-22 15:05:50,528 | INFO     | [550528] ------------------------------------------
2026-06-22 15:05:50,528 | INFO     | [550528] 📥 NHẬN YÊU CẦU QUÉT KHUÔN MẶT MỚI
2026-06-22 15:05:50,528 | INFO     | [550528] Đã xử lý ảnh thành công. Kích thước tensor: (1, 48, 48, 1)
2026-06-22 15:05:50,579 | INFO     | [550528] ⏱️ Model inference: 50.44 ms
2026-06-22 15:05:50,579 | INFO     | [550528] 📊 Chi tiết dự đoán: {'ANGRY': 4.11, 'DISGUST': 0.12, 'FEAR': 6.84, 'HAPPY': 4.93, 'NEUTRAL': 11.83, 'SAD': 70.91, 'SURPRISE': 1.27}
2026-06-22 15:05:50,579 | INFO     | [550528] 🎯 KẾT QUẢ CHỐT: SAD (70.91%)
2026-06-22 15:05:50,579 | INFO     | [550528] ⏱️ Thời gian phản hồi: 50.44 ms
2026-06-22 15:05:50,780 | INFO     | [550780] ------------------------------------------
2026-06-22 15:05:50,780 | INFO     | [550780] 📥 NHẬN YÊU CẦU QUÉT KHUÔN MẶT MỚI
2026-06-22 15:05:50,781 | INFO     | [550780] Đã xử lý ảnh thành công. Kích thước tensor: (1, 48, 48, 1)
2026-06-22 15:05:50,836 | INFO     | [550780] ⏱️ Model inference: 54.9 ms
2026-06-22 15:05:50,836 | INFO     | [550780] 📊 Chi tiết dự đoán: {'ANGRY': 4.63, 'DISGUST': 0.14, 'FEAR': 5.93, 'HAPPY': 4.31, 'NEUTRAL': 15.36, 'SAD': 68.42, 'SURPRISE': 1.22}
2026-06-22 15:05:50,836 | INFO     | [550780] 🎯 KẾT QUẢ CHỐT: SAD (68.42%)
2026-06-22 15:05:50,836 | INFO     | [550780] ⏱️ Thời gian phản hồi: 56.42 ms
2026-06-22 15:05:51,028 | INFO     | [551028] ------------------------------------------
2026-06-22 15:05:51,028 | INFO     | [551028] 📥 NHẬN YÊU CẦU QUÉT KHUÔN MẶT MỚI
2026-06-22 15:05:51,029 | INFO     | [551028] Đã xử lý ảnh thành công. Kích thước tensor: (1, 48, 48, 1)
2026-06-22 15:05:51,083 | INFO     | [551028] ⏱️ Model inference: 54.19 ms
2026-06-22 15:05:51,083 | INFO     | [551028] 📊 Chi tiết dự đoán: {'ANGRY': 4.21, 'DISGUST': 0.11, 'FEAR': 6.03, 'HAPPY': 5.4, 'NEUTRAL': 13.39, 'SAD': 69.81, 'SURPRISE': 1.04}
2026-06-22 15:05:51,083 | INFO     | [551028] 🎯 KẾT QUẢ CHỐT: SAD (69.81%)
2026-06-22 15:05:51,083 | INFO     | [551028] ⏱️ Thời gian phản hồi: 55.22 ms
2026-06-22 15:05:51,276 | INFO     | [551276] ------------------------------------------
2026-06-22 15:05:51,276 | INFO     | [551276] 📥 NHẬN YÊU CẦU QUÉT KHUÔN MẶT MỚI
2026-06-22 15:05:51,276 | INFO     | [551276] Đã xử lý ảnh thành công. Kích thước tensor: (1, 48, 48, 1)
2026-06-22 15:05:51,335 | INFO     | [551276] ⏱️ Model inference: 57.42 ms
2026-06-22 15:05:51,336 | INFO     | [551276] 📊 Chi tiết dự đoán: {'ANGRY': 3.48, 'DISGUST': 0.1, 'FEAR': 6.0, 'HAPPY': 6.18, 'NEUTRAL': 12.39, 'SAD': 70.93, 'SURPRISE': 0.92}
2026-06-22 15:05:51,336 | INFO     | [551276] 🎯 KẾT QUẢ CHỐT: SAD (70.93%)
2026-06-22 15:05:51,336 | INFO     | [551276] ⏱️ Thời gian phản hồi: 60.04 ms
2026-06-22 15:05:51,523 | INFO     | [551523] ------------------------------------------
2026-06-22 15:05:51,523 | INFO     | [551523] 📥 NHẬN YÊU CẦU QUÉT KHUÔN MẶT MỚI
2026-06-22 15:05:51,525 | INFO     | [551523] Đã xử lý ảnh thành công. Kích thước tensor: (1, 48, 48, 1)
2026-06-22 15:05:51,582 | INFO     | [551523] ⏱️ Model inference: 56.39 ms
2026-06-22 15:05:51,582 | INFO     | [551523] 📊 Chi tiết dự đoán: {'ANGRY': 4.72, 'DISGUST': 0.15, 'FEAR': 5.43, 'HAPPY': 4.59, 'NEUTRAL': 15.1, 'SAD': 68.95, 'SURPRISE': 1.06}
2026-06-22 15:05:51,582 | INFO     | [551523] 🎯 KẾT QUẢ CHỐT: SAD (68.95%)
2026-06-22 15:05:51,582 | INFO     | [551523] ⏱️ Thời gian phản hồi: 58.12 ms
2026-06-22 15:05:51,773 | INFO     | [551773] ------------------------------------------
2026-06-22 15:05:51,773 | INFO     | [551773] 📥 NHẬN YÊU CẦU QUÉT KHUÔN MẶT MỚI
2026-06-22 15:05:51,775 | INFO     | [551773] Đã xử lý ảnh thành công. Kích thước tensor: (1, 48, 48, 1)
2026-06-22 15:05:51,825 | INFO     | [551773] ⏱️ Model inference: 50.82 ms
2026-06-22 15:05:51,825 | INFO     | [551773] 📊 Chi tiết dự đoán: {'ANGRY': 4.5, 'DISGUST': 0.1, 'FEAR': 5.6, 'HAPPY': 3.73, 'NEUTRAL': 13.19, 'SAD': 71.89, 'SURPRISE': 0.99}
2026-06-22 15:05:51,825 | INFO     | [551773] 🎯 KẾT QUẢ CHỐT: SAD (71.89%)
2026-06-22 15:05:51,826 | INFO     | [551773] ⏱️ Thời gian phản hồi: 51.92 ms
2026-06-22 15:05:52,022 | INFO     | [552022] ------------------------------------------
2026-06-22 15:05:52,022 | INFO     | [552022] 📥 NHẬN YÊU CẦU QUÉT KHUÔN MẶT MỚI
2026-06-22 15:05:52,024 | INFO     | [552022] Đã xử lý ảnh thành công. Kích thước tensor: (1, 48, 48, 1)
2026-06-22 15:05:52,076 | INFO     | [552022] ⏱️ Model inference: 52.41 ms
2026-06-22 15:05:52,077 | INFO     | [552022] 📊 Chi tiết dự đoán: {'ANGRY': 6.16, 'DISGUST': 0.17, 'FEAR': 5.72, 'HAPPY': 5.2, 'NEUTRAL': 13.11, 'SAD': 68.55, 'SURPRISE': 1.09}
2026-06-22 15:05:52,077 | INFO     | [552022] 🎯 KẾT QUẢ CHỐT: SAD (68.55%)
2026-06-22 15:05:52,077 | INFO     | [552022] ⏱️ Thời gian phản hồi: 54.88 ms
2026-06-22 15:05:52,273 | INFO     | [552273] ------------------------------------------
2026-06-22 15:05:52,273 | INFO     | [552273] 📥 NHẬN YÊU CẦU QUÉT KHUÔN MẶT MỚI
2026-06-22 15:05:52,274 | INFO     | [552273] Đã xử lý ảnh thành công. Kích thước tensor: (1, 48, 48, 1)
2026-06-22 15:05:52,339 | INFO     | [552273] ⏱️ Model inference: 64.33 ms
2026-06-22 15:05:52,339 | INFO     | [552273] 📊 Chi tiết dự đoán: {'ANGRY': 4.48, 'DISGUST': 0.14, 'FEAR': 5.57, 'HAPPY': 4.52, 'NEUTRAL': 12.03, 'SAD': 72.31, 'SURPRISE': 0.94}
2026-06-22 15:05:52,339 | INFO     | [552273] 🎯 KẾT QUẢ CHỐT: SAD (72.31%)
2026-06-22 15:05:52,340 | INFO     | [552273] ⏱️ Thời gian phản hồi: 65.33 ms
2026-06-22 15:05:52,538 | INFO     | [552538] ------------------------------------------
2026-06-22 15:05:52,538 | INFO     | [552538] 📥 NHẬN YÊU CẦU QUÉT KHUÔN MẶT MỚI
2026-06-22 15:05:52,539 | INFO     | [552538] Đã xử lý ảnh thành công. Kích thước tensor: (1, 48, 48, 1)
2026-06-22 15:05:52,590 | INFO     | [552538] ⏱️ Model inference: 50.47 ms
2026-06-22 15:05:52,590 | INFO     | [552538] 📊 Chi tiết dự đoán: {'ANGRY': 5.42, 'DISGUST': 0.17, 'FEAR': 5.21, 'HAPPY': 6.07, 'NEUTRAL': 11.87, 'SAD': 70.27, 'SURPRISE': 0.99}
2026-06-22 15:05:52,591 | INFO     | [552538] 🎯 KẾT QUẢ CHỐT: SAD (70.27%)
2026-06-22 15:05:52,591 | INFO     | [552538] ⏱️ Thời gian phản hồi: 51.47 ms
2026-06-22 15:05:52,772 | INFO     | [552772] ------------------------------------------
2026-06-22 15:05:52,772 | INFO     | [552772] 📥 NHẬN YÊU CẦU QUÉT KHUÔN MẶT MỚI
2026-06-22 15:05:52,773 | INFO     | [552772] Đã xử lý ảnh thành công. Kích thước tensor: (1, 48, 48, 1)
2026-06-22 15:05:52,828 | INFO     | [552772] ⏱️ Model inference: 55.12 ms
2026-06-22 15:05:52,828 | INFO     | [552772] 📊 Chi tiết dự đoán: {'ANGRY': 4.77, 'DISGUST': 0.23, 'FEAR': 5.12, 'HAPPY': 5.21, 'NEUTRAL': 14.33, 'SAD': 69.33, 'SURPRISE': 1.01}
2026-06-22 15:05:52,828 | INFO     | [552772] 🎯 KẾT QUẢ CHỐT: SAD (69.33%)
2026-06-22 15:05:52,828 | INFO     | [552772] ⏱️ Thời gian phản hồi: 56.12 ms
2026-06-22 15:05:53,025 | INFO     | [553025] ------------------------------------------
2026-06-22 15:05:53,025 | INFO     | [553025] 📥 NHẬN YÊU CẦU QUÉT KHUÔN MẶT MỚI
2026-06-22 15:05:53,026 | INFO     | [553025] Đã xử lý ảnh thành công. Kích thước tensor: (1, 48, 48, 1)
2026-06-22 15:05:53,076 | INFO     | [553025] ⏱️ Model inference: 49.82 ms
2026-06-22 15:05:53,076 | INFO     | [553025] 📊 Chi tiết dự đoán: {'ANGRY': 6.34, 'DISGUST': 0.24, 'FEAR': 4.77, 'HAPPY': 6.11, 'NEUTRAL': 12.81, 'SAD': 68.82, 'SURPRISE': 0.92}
2026-06-22 15:05:53,076 | INFO     | [553025] 🎯 KẾT QUẢ CHỐT: SAD (68.82%)
2026-06-22 15:05:53,078 | INFO     | [553025] ⏱️ Thời gian phản hồi: 51.23 ms
2026-06-22 15:05:53,275 | INFO     | [553275] ------------------------------------------
2026-06-22 15:05:53,275 | INFO     | [553275] 📥 NHẬN YÊU CẦU QUÉT KHUÔN MẶT MỚI
2026-06-22 15:05:53,276 | INFO     | [553275] Đã xử lý ảnh thành công. Kích thước tensor: (1, 48, 48, 1)
2026-06-22 15:05:53,326 | INFO     | [553275] ⏱️ Model inference: 49.59 ms
2026-06-22 15:05:53,327 | INFO     | [553275] 📊 Chi tiết dự đoán: {'ANGRY': 5.26, 'DISGUST': 0.2, 'FEAR': 5.39, 'HAPPY': 5.91, 'NEUTRAL': 10.38, 'SAD': 72.17, 'SURPRISE': 0.68}
2026-06-22 15:05:53,327 | INFO     | [553275] 🎯 KẾT QUẢ CHỐT: SAD (72.17%)
2026-06-22 15:05:53,327 | INFO     | [553275] ⏱️ Thời gian phản hồi: 51.61 ms
2026-06-22 15:05:53,523 | INFO     | [553523] ------------------------------------------
2026-06-22 15:05:53,523 | INFO     | [553523] 📥 NHẬN YÊU CẦU QUÉT KHUÔN MẶT MỚI
2026-06-22 15:05:53,524 | INFO     | [553523] Đã xử lý ảnh thành công. Kích thước tensor: (1, 48, 48, 1)
2026-06-22 15:05:53,574 | INFO     | [553523] ⏱️ Model inference: 49.77 ms
2026-06-22 15:05:53,574 | INFO     | [553523] 📊 Chi tiết dự đoán: {'ANGRY': 5.1, 'DISGUST': 0.28, 'FEAR': 5.7, 'HAPPY': 7.94, 'NEUTRAL': 8.14, 'SAD': 71.86, 'SURPRISE': 0.99}
2026-06-22 15:05:53,574 | INFO     | [553523] 🎯 KẾT QUẢ CHỐT: SAD (71.86%)
2026-06-22 15:05:53,575 | INFO     | [553523] ⏱️ Thời gian phản hồi: 50.84 ms
2026-06-22 15:05:53,773 | INFO     | [553773] ------------------------------------------
2026-06-22 15:05:53,773 | INFO     | [553773] 📥 NHẬN YÊU CẦU QUÉT KHUÔN MẶT MỚI
2026-06-22 15:05:53,773 | INFO     | [553773] Đã xử lý ảnh thành công. Kích thước tensor: (1, 48, 48, 1)
2026-06-22 15:05:53,830 | INFO     | [553773] ⏱️ Model inference: 57.47 ms
2026-06-22 15:05:53,830 | INFO     | [553773] 📊 Chi tiết dự đoán: {'ANGRY': 5.55, 'DISGUST': 0.47, 'FEAR': 5.92, 'HAPPY': 5.82, 'NEUTRAL': 16.27, 'SAD': 64.83, 'SURPRISE': 1.15}
2026-06-22 15:05:53,830 | INFO     | [553773] 🎯 KẾT QUẢ CHỐT: SAD (64.83%)
2026-06-22 15:05:53,830 | INFO     | [553773] ⏱️ Thời gian phản hồi: 57.47 ms
2026-06-22 15:05:54,037 | INFO     | [554037] ------------------------------------------
2026-06-22 15:05:54,037 | INFO     | [554037] 📥 NHẬN YÊU CẦU QUÉT KHUÔN MẶT MỚI
2026-06-22 15:05:54,038 | INFO     | [554037] Đã xử lý ảnh thành công. Kích thước tensor: (1, 48, 48, 1)
2026-06-22 15:05:54,088 | INFO     | [554037] ⏱️ Model inference: 49.91 ms
2026-06-22 15:05:54,088 | INFO     | [554037] 📊 Chi tiết dự đoán: {'ANGRY': 5.22, 'DISGUST': 0.43, 'FEAR': 6.85, 'HAPPY': 5.93, 'NEUTRAL': 16.85, 'SAD': 63.12, 'SURPRISE': 1.6}
2026-06-22 15:05:54,088 | INFO     | [554037] 🎯 KẾT QUẢ CHỐT: SAD (63.12%)
2026-06-22 15:05:54,088 | INFO     | [554037] ⏱️ Thời gian phản hồi: 50.91 ms
2026-06-22 15:05:54,272 | INFO     | [554272] ------------------------------------------
2026-06-22 15:05:54,273 | INFO     | [554272] 📥 NHẬN YÊU CẦU QUÉT KHUÔN MẶT MỚI
2026-06-22 15:05:54,273 | INFO     | [554272] Đã xử lý ảnh thành công. Kích thước tensor: (1, 48, 48, 1)
2026-06-22 15:05:54,325 | INFO     | [554272] ⏱️ Model inference: 51.3 ms
2026-06-22 15:05:54,325 | INFO     | [554272] 📊 Chi tiết dự đoán: {'ANGRY': 6.28, 'DISGUST': 0.54, 'FEAR': 6.92, 'HAPPY': 9.56, 'NEUTRAL': 18.64, 'SAD': 56.72, 'SURPRISE': 1.34}
2026-06-22 15:05:54,325 | INFO     | [554272] 🎯 KẾT QUẢ CHỐT: SAD (56.72%)
2026-06-22 15:05:54,326 | INFO     | [554272] ⏱️ Thời gian phản hồi: 52.24 ms
2026-06-22 15:05:54,521 | INFO     | [554521] ------------------------------------------
2026-06-22 15:05:54,522 | INFO     | [554521] 📥 NHẬN YÊU CẦU QUÉT KHUÔN MẶT MỚI
2026-06-22 15:05:54,522 | INFO     | [554521] Đã xử lý ảnh thành công. Kích thước tensor: (1, 48, 48, 1)
2026-06-22 15:05:54,577 | INFO     | [554521] ⏱️ Model inference: 53.4 ms
2026-06-22 15:05:54,577 | INFO     | [554521] 📊 Chi tiết dự đoán: {'ANGRY': 3.52, 'DISGUST': 0.17, 'FEAR': 5.83, 'HAPPY': 3.33, 'NEUTRAL': 16.88, 'SAD': 69.44, 'SURPRISE': 0.83}
2026-06-22 15:05:54,577 | INFO     | [554521] 🎯 KẾT QUẢ CHỐT: SAD (69.44%)
2026-06-22 15:05:54,578 | INFO     | [554521] ⏱️ Thời gian phản hồi: 55.41 ms
2026-06-22 15:05:54,773 | INFO     | [554773] ------------------------------------------
2026-06-22 15:05:54,773 | INFO     | [554773] 📥 NHẬN YÊU CẦU QUÉT KHUÔN MẶT MỚI
2026-06-22 15:05:54,774 | INFO     | [554773] Đã xử lý ảnh thành công. Kích thước tensor: (1, 48, 48, 1)
2026-06-22 15:05:54,824 | INFO     | [554773] ⏱️ Model inference: 50.17 ms
2026-06-22 15:05:54,824 | INFO     | [554773] 📊 Chi tiết dự đoán: {'ANGRY': 4.51, 'DISGUST': 0.19, 'FEAR': 3.81, 'HAPPY': 3.5, 'NEUTRAL': 15.77, 'SAD': 71.87, 'SURPRISE': 0.35}
2026-06-22 15:05:54,824 | INFO     | [554773] 🎯 KẾT QUẢ CHỐT: SAD (71.87%)
2026-06-22 15:05:54,826 | INFO     | [554773] ⏱️ Thời gian phản hồi: 51.18 ms
2026-06-22 15:05:55,023 | INFO     | [555023] ------------------------------------------
2026-06-22 15:05:55,023 | INFO     | [555023] 📥 NHẬN YÊU CẦU QUÉT KHUÔN MẶT MỚI
2026-06-22 15:05:55,024 | INFO     | [555023] Đã xử lý ảnh thành công. Kích thước tensor: (1, 48, 48, 1)
2026-06-22 15:05:55,075 | INFO     | [555023] ⏱️ Model inference: 50.78 ms
2026-06-22 15:05:55,075 | INFO     | [555023] 📊 Chi tiết dự đoán: {'ANGRY': 4.57, 'DISGUST': 0.17, 'FEAR': 4.96, 'HAPPY': 2.83, 'NEUTRAL': 15.92, 'SAD': 70.86, 'SURPRISE': 0.69}
2026-06-22 15:05:55,075 | INFO     | [555023] 🎯 KẾT QUẢ CHỐT: SAD (70.86%)
2026-06-22 15:05:55,075 | INFO     | [555023] ⏱️ Thời gian phản hồi: 51.8 ms
2026-06-22 15:05:55,273 | INFO     | [555273] ------------------------------------------
2026-06-22 15:05:55,273 | INFO     | [555273] 📥 NHẬN YÊU CẦU QUÉT KHUÔN MẶT MỚI
2026-06-22 15:05:55,273 | INFO     | [555273] Đã xử lý ảnh thành công. Kích thước tensor: (1, 48, 48, 1)
2026-06-22 15:05:55,329 | INFO     | [555273] ⏱️ Model inference: 54.41 ms
2026-06-22 15:05:55,330 | INFO     | [555273] 📊 Chi tiết dự đoán: {'ANGRY': 4.54, 'DISGUST': 0.14, 'FEAR': 4.05, 'HAPPY': 3.51, 'NEUTRAL': 16.64, 'SAD': 70.62, 'SURPRISE': 0.51}
2026-06-22 15:05:55,330 | INFO     | [555273] 🎯 KẾT QUẢ CHỐT: SAD (70.62%)
2026-06-22 15:05:55,330 | INFO     | [555273] ⏱️ Thời gian phản hồi: 57.17 ms
2026-06-22 15:05:55,523 | INFO     | [555523] ------------------------------------------
2026-06-22 15:05:55,523 | INFO     | [555523] 📥 NHẬN YÊU CẦU QUÉT KHUÔN MẶT MỚI
2026-06-22 15:05:55,524 | INFO     | [555523] Đã xử lý ảnh thành công. Kích thước tensor: (1, 48, 48, 1)
2026-06-22 15:05:55,573 | INFO     | [555523] ⏱️ Model inference: 48.82 ms
2026-06-22 15:05:55,573 | INFO     | [555523] 📊 Chi tiết dự đoán: {'ANGRY': 5.12, 'DISGUST': 0.15, 'FEAR': 3.26, 'HAPPY': 5.79, 'NEUTRAL': 18.17, 'SAD': 66.95, 'SURPRISE': 0.55}
2026-06-22 15:05:55,573 | INFO     | [555523] 🎯 KẾT QUẢ CHỐT: SAD (66.95%)
2026-06-22 15:05:55,574 | INFO     | [555523] ⏱️ Thời gian phản hồi: 49.82 ms
2026-06-22 15:05:55,773 | INFO     | [555773] ------------------------------------------
2026-06-22 15:05:55,773 | INFO     | [555773] 📥 NHẬN YÊU CẦU QUÉT KHUÔN MẶT MỚI
2026-06-22 15:05:55,773 | INFO     | [555773] Đã xử lý ảnh thành công. Kích thước tensor: (1, 48, 48, 1)
2026-06-22 15:05:55,825 | INFO     | [555773] ⏱️ Model inference: 50.64 ms
2026-06-22 15:05:55,825 | INFO     | [555773] 📊 Chi tiết dự đoán: {'ANGRY': 5.48, 'DISGUST': 0.22, 'FEAR': 3.02, 'HAPPY': 4.57, 'NEUTRAL': 14.82, 'SAD': 71.43, 'SURPRISE': 0.47}
2026-06-22 15:05:55,825 | INFO     | [555773] 🎯 KẾT QUẢ CHỐT: SAD (71.43%)
2026-06-22 15:05:55,825 | INFO     | [555773] ⏱️ Thời gian phản hồi: 51.85 ms
2026-06-22 15:05:56,023 | INFO     | [556023] ------------------------------------------
2026-06-22 15:05:56,023 | INFO     | [556023] 📥 NHẬN YÊU CẦU QUÉT KHUÔN MẶT MỚI
2026-06-22 15:05:56,024 | INFO     | [556023] Đã xử lý ảnh thành công. Kích thước tensor: (1, 48, 48, 1)
2026-06-22 15:05:56,087 | INFO     | [556023] ⏱️ Model inference: 62.67 ms
2026-06-22 15:05:56,087 | INFO     | [556023] 📊 Chi tiết dự đoán: {'ANGRY': 7.21, 'DISGUST': 0.38, 'FEAR': 3.2, 'HAPPY': 5.81, 'NEUTRAL': 14.89, 'SAD': 67.79, 'SURPRISE': 0.71}
2026-06-22 15:05:56,087 | INFO     | [556023] 🎯 KẾT QUẢ CHỐT: SAD (67.79%)
2026-06-22 15:05:56,087 | INFO     | [556023] ⏱️ Thời gian phản hồi: 64.68 ms
2026-06-22 15:05:56,286 | INFO     | [556286] ------------------------------------------
2026-06-22 15:05:56,286 | INFO     | [556286] 📥 NHẬN YÊU CẦU QUÉT KHUÔN MẶT MỚI
2026-06-22 15:05:56,287 | INFO     | [556286] Đã xử lý ảnh thành công. Kích thước tensor: (1, 48, 48, 1)
2026-06-22 15:05:56,337 | INFO     | [556286] ⏱️ Model inference: 49.45 ms
2026-06-22 15:05:56,338 | INFO     | [556286] 📊 Chi tiết dự đoán: {'ANGRY': 5.46, 'DISGUST': 0.25, 'FEAR': 3.16, 'HAPPY': 3.69, 'NEUTRAL': 14.28, 'SAD': 72.74, 'SURPRISE': 0.43}
2026-06-22 15:05:56,338 | INFO     | [556286] 🎯 KẾT QUẢ CHỐT: SAD (72.74%)
2026-06-22 15:05:56,338 | INFO     | [556286] ⏱️ Thời gian phản hồi: 51.5 ms
2026-06-22 15:05:56,521 | INFO     | [556521] ------------------------------------------
2026-06-22 15:05:56,521 | INFO     | [556521] 📥 NHẬN YÊU CẦU QUÉT KHUÔN MẶT MỚI
2026-06-22 15:05:56,522 | INFO     | [556521] Đã xử lý ảnh thành công. Kích thước tensor: (1, 48, 48, 1)
2026-06-22 15:05:56,578 | INFO     | [556521] ⏱️ Model inference: 55.86 ms
2026-06-22 15:05:56,579 | INFO     | [556521] 📊 Chi tiết dự đoán: {'ANGRY': 5.95, 'DISGUST': 0.25, 'FEAR': 4.44, 'HAPPY': 4.36, 'NEUTRAL': 19.53, 'SAD': 64.72, 'SURPRISE': 0.75}
2026-06-22 15:05:56,579 | INFO     | [556521] 🎯 KẾT QUẢ CHỐT: SAD (64.72%)
2026-06-22 15:05:56,579 | INFO     | [556521] ⏱️ Thời gian phản hồi: 58.22 ms
2026-06-22 15:05:56,771 | INFO     | [556771] ------------------------------------------
2026-06-22 15:05:56,771 | INFO     | [556771] 📥 NHẬN YÊU CẦU QUÉT KHUÔN MẶT MỚI
2026-06-22 15:05:56,771 | INFO     | [556771] Đã xử lý ảnh thành công. Kích thước tensor: (1, 48, 48, 1)
2026-06-22 15:05:56,822 | INFO     | [556771] ⏱️ Model inference: 49.74 ms
2026-06-22 15:05:56,824 | INFO     | [556771] 📊 Chi tiết dự đoán: {'ANGRY': 6.14, 'DISGUST': 0.25, 'FEAR': 3.49, 'HAPPY': 2.76, 'NEUTRAL': 17.83, 'SAD': 69.04, 'SURPRISE': 0.5}
2026-06-22 15:05:56,824 | INFO     | [556771] 🎯 KẾT QUẢ CHỐT: SAD (69.04%)
2026-06-22 15:05:56,824 | INFO     | [556771] ⏱️ Thời gian phản hồi: 52.89 ms
2026-06-22 15:05:57,035 | INFO     | [557035] ------------------------------------------
2026-06-22 15:05:57,035 | INFO     | [557035] 📥 NHẬN YÊU CẦU QUÉT KHUÔN MẶT MỚI
2026-06-22 15:05:57,035 | INFO     | [557035] Đã xử lý ảnh thành công. Kích thước tensor: (1, 48, 48, 1)
2026-06-22 15:05:57,089 | INFO     | [557035] ⏱️ Model inference: 53.49 ms
2026-06-22 15:05:57,089 | INFO     | [557035] 📊 Chi tiết dự đoán: {'ANGRY': 6.59, 'DISGUST': 0.25, 'FEAR': 3.78, 'HAPPY': 4.03, 'NEUTRAL': 20.84, 'SAD': 63.74, 'SURPRISE': 0.77}
2026-06-22 15:05:57,089 | INFO     | [557035] 🎯 KẾT QUẢ CHỐT: SAD (63.74%)
2026-06-22 15:05:57,090 | INFO     | [557035] ⏱️ Thời gian phản hồi: 54.0 ms
2026-06-22 15:05:57,287 | INFO     | [557287] ------------------------------------------
2026-06-22 15:05:57,287 | INFO     | [557287] 📥 NHẬN YÊU CẦU QUÉT KHUÔN MẶT MỚI
2026-06-22 15:05:57,288 | INFO     | [557287] Đã xử lý ảnh thành công. Kích thước tensor: (1, 48, 48, 1)
2026-06-22 15:05:57,346 | INFO     | [557287] ⏱️ Model inference: 57.36 ms
2026-06-22 15:05:57,346 | INFO     | [557287] 📊 Chi tiết dự đoán: {'ANGRY': 5.33, 'DISGUST': 0.25, 'FEAR': 4.57, 'HAPPY': 5.09, 'NEUTRAL': 17.32, 'SAD': 66.42, 'SURPRISE': 1.03}
2026-06-22 15:05:57,346 | INFO     | [557287] 🎯 KẾT QUẢ CHỐT: SAD (66.42%)
2026-06-22 15:05:57,347 | INFO     | [557287] ⏱️ Thời gian phản hồi: 58.45 ms
2026-06-22 15:05:57,520 | INFO     | [557520] ------------------------------------------
2026-06-22 15:05:57,520 | INFO     | [557520] 📥 NHẬN YÊU CẦU QUÉT KHUÔN MẶT MỚI
2026-06-22 15:05:57,521 | INFO     | [557520] Đã xử lý ảnh thành công. Kích thước tensor: (1, 48, 48, 1)
2026-06-22 15:05:57,572 | INFO     | [557520] ⏱️ Model inference: 50.18 ms
2026-06-22 15:05:57,572 | INFO     | [557520] 📊 Chi tiết dự đoán: {'ANGRY': 6.04, 'DISGUST': 0.35, 'FEAR': 3.22, 'HAPPY': 6.03, 'NEUTRAL': 18.38, 'SAD': 65.22, 'SURPRISE': 0.75}
2026-06-22 15:05:57,572 | INFO     | [557520] 🎯 KẾT QUẢ CHỐT: SAD (65.22%)
2026-06-22 15:05:57,572 | INFO     | [557520] ⏱️ Thời gian phản hồi: 51.17 ms
2026-06-22 15:05:57,770 | INFO     | [557770] ------------------------------------------
2026-06-22 15:05:57,770 | INFO     | [557770] 📥 NHẬN YÊU CẦU QUÉT KHUÔN MẶT MỚI
2026-06-22 15:05:57,771 | INFO     | [557770] Đã xử lý ảnh thành công. Kích thước tensor: (1, 48, 48, 1)
2026-06-22 15:05:57,821 | INFO     | [557770] ⏱️ Model inference: 49.43 ms
2026-06-22 15:05:57,822 | INFO     | [557770] 📊 Chi tiết dự đoán: {'ANGRY': 6.45, 'DISGUST': 0.32, 'FEAR': 3.25, 'HAPPY': 7.04, 'NEUTRAL': 17.29, 'SAD': 64.93, 'SURPRISE': 0.72}
2026-06-22 15:05:57,822 | INFO     | [557770] 🎯 KẾT QUẢ CHỐT: SAD (64.93%)
2026-06-22 15:05:57,822 | INFO     | [557770] ⏱️ Thời gian phản hồi: 52.22 ms
2026-06-22 15:05:58,035 | INFO     | [558035] ------------------------------------------
2026-06-22 15:05:58,035 | INFO     | [558035] 📥 NHẬN YÊU CẦU QUÉT KHUÔN MẶT MỚI
2026-06-22 15:05:58,036 | INFO     | [558035] Đã xử lý ảnh thành công. Kích thước tensor: (1, 48, 48, 1)
2026-06-22 15:05:58,087 | INFO     | [558035] ⏱️ Model inference: 51.13 ms
2026-06-22 15:05:58,087 | INFO     | [558035] 📊 Chi tiết dự đoán: {'ANGRY': 6.18, 'DISGUST': 0.31, 'FEAR': 3.79, 'HAPPY': 5.32, 'NEUTRAL': 19.58, 'SAD': 63.99, 'SURPRISE': 0.82}
2026-06-22 15:05:58,089 | INFO     | [558035] 🎯 KẾT QUẢ CHỐT: SAD (63.99%)
2026-06-22 15:05:58,089 | INFO     | [558035] ⏱️ Thời gian phản hồi: 52.13 ms
2026-06-22 15:05:58,115 | INFO     | [BATCH-558115] ==========================================
2026-06-22 15:05:58,115 | INFO     | [BATCH-558115] 🎞️ NHẬN CHUỖI 5 KHUNG HÌNH (BATCH)
2026-06-22 15:05:58,704 | INFO     | [BATCH-558115] ⏱️ Batch inference elapsed: 588.98 ms (5 frames)
2026-06-22 15:05:58,705 | INFO     | [BATCH-558115] ↳ Frame 1/5: SAD (63.7%)
2026-06-22 15:05:58,706 | INFO     | [BATCH-558115] ↳ Frame 2/5: SAD (66.4%)
2026-06-22 15:05:58,706 | INFO     | [BATCH-558115] ↳ Frame 3/5: SAD (65.2%)
2026-06-22 15:05:58,706 | INFO     | [BATCH-558115] ↳ Frame 4/5: SAD (64.9%)
2026-06-22 15:05:58,706 | INFO     | [BATCH-558115] ↳ Frame 5/5: SAD (64.0%)
2026-06-22 15:05:58,706 | INFO     | [BATCH-558115] 🎯 KẾT QUẢ CHUỖI: SAD (Tần suất: {'SAD': 5})
2026-06-22 15:05:58,707 | INFO     | [BATCH-558115] ⏱️ Tổng thời gian xử lý: 590.98 ms
2026-06-22 16:34:22,517 | INFO     | [862516] ------------------------------------------
2026-06-22 16:34:22,522 | INFO     | [862516] 📥 NHẬN YÊU CẦU QUÉT KHUÔN MẶT MỚI
2026-06-22 16:34:22,575 | INFO     | [862516] Đã xử lý ảnh thành công. Kích thước tensor: (1, 48, 48, 1)
2026-06-22 16:34:22,997 | INFO     | [862997] ------------------------------------------
2026-06-22 16:34:22,999 | INFO     | [862997] 📥 NHẬN YÊU CẦU QUÉT KHUÔN MẶT MỚI
2026-06-22 16:34:23,005 | INFO     | [862997] Đã xử lý ảnh thành công. Kích thước tensor: (1, 48, 48, 1)
2026-06-22 16:34:23,285 | INFO     | [863285] ------------------------------------------
2026-06-22 16:34:23,290 | INFO     | [863285] 📥 NHẬN YÊU CẦU QUÉT KHUÔN MẶT MỚI
2026-06-22 16:34:23,298 | INFO     | [863285] Đã xử lý ảnh thành công. Kích thước tensor: (1, 48, 48, 1)
2026-06-22 16:34:23,459 | INFO     | [862997] ⏱️ Model inference: 453.68 ms
2026-06-22 16:34:23,462 | INFO     | [862997] 📊 Chi tiết dự đoán: {'ANGRY': 5.66, 'DISGUST': 0.16, 'FEAR': 10.05, 'HAPPY': 18.21, 'NEUTRAL': 23.67, 'SAD': 41.47, 'SURPRISE': 0.78}
2026-06-22 16:34:23,463 | INFO     | [862997] 🎯 KẾT QUẢ CHỐT: SAD (41.47%)
2026-06-22 16:34:23,463 | INFO     | [862997] ⏱️ Thời gian phản hồi: 464.67 ms
2026-06-22 16:34:23,464 | INFO     | [863285] ⏱️ Model inference: 165.48 ms
2026-06-22 16:34:23,465 | INFO     | [863285] 📊 Chi tiết dự đoán: {'ANGRY': 5.74, 'DISGUST': 0.25, 'FEAR': 17.27, 'HAPPY': 14.8, 'NEUTRAL': 17.95, 'SAD': 42.84, 'SURPRISE': 1.15}
2026-06-22 16:34:23,465 | INFO     | [863285] 🎯 KẾT QUẢ CHỐT: SAD (42.84%)
2026-06-22 16:34:23,465 | INFO     | [863285] ⏱️ Thời gian phản hồi: 179.69 ms
2026-06-22 16:34:23,467 | INFO     | [862516] ⏱️ Model inference: 891.52 ms
2026-06-22 16:34:23,467 | INFO     | [862516] 📊 Chi tiết dự đoán: {'ANGRY': 4.64, 'DISGUST': 0.15, 'FEAR': 15.64, 'HAPPY': 17.7, 'NEUTRAL': 23.04, 'SAD': 37.37, 'SURPRISE': 1.46}
2026-06-22 16:34:23,467 | INFO     | [862516] 🎯 KẾT QUẢ CHỐT: SAD (37.37%)
2026-06-22 16:34:23,467 | INFO     | [862516] ⏱️ Thời gian phản hồi: 951.15 ms
2026-06-22 16:34:23,475 | INFO     | [863475] ------------------------------------------
2026-06-22 16:34:23,475 | INFO     | [863475] 📥 NHẬN YÊU CẦU QUÉT KHUÔN MẶT MỚI
2026-06-22 16:34:23,477 | INFO     | [863475] Đã xử lý ảnh thành công. Kích thước tensor: (1, 48, 48, 1)
2026-06-22 16:34:23,538 | INFO     | [863475] ⏱️ Model inference: 61.24 ms
2026-06-22 16:34:23,539 | INFO     | [863475] 📊 Chi tiết dự đoán: {'ANGRY': 5.17, 'DISGUST': 0.17, 'FEAR': 14.48, 'HAPPY': 14.84, 'NEUTRAL': 21.47, 'SAD': 42.88, 'SURPRISE': 0.98}
2026-06-22 16:34:23,539 | INFO     | [863475] 🎯 KẾT QUẢ CHỐT: SAD (42.88%)
2026-06-22 16:34:23,539 | INFO     | [863475] ⏱️ Thời gian phản hồi: 63.95 ms
2026-06-22 16:34:23,661 | INFO     | [863661] ------------------------------------------
2026-06-22 16:34:23,662 | INFO     | [863661] 📥 NHẬN YÊU CẦU QUÉT KHUÔN MẶT MỚI
2026-06-22 16:34:23,662 | INFO     | [863661] Đã xử lý ảnh thành công. Kích thước tensor: (1, 48, 48, 1)
2026-06-22 16:34:23,758 | INFO     | [863661] ⏱️ Model inference: 95.53 ms
2026-06-22 16:34:23,758 | INFO     | [863661] 📊 Chi tiết dự đoán: {'ANGRY': 5.01, 'DISGUST': 0.21, 'FEAR': 20.27, 'HAPPY': 12.11, 'NEUTRAL': 15.87, 'SAD': 45.09, 'SURPRISE': 1.43}
2026-06-22 16:34:23,758 | INFO     | [863661] 🎯 KẾT QUẢ CHỐT: SAD (45.09%)
2026-06-22 16:34:23,759 | INFO     | [863661] ⏱️ Thời gian phản hồi: 96.54 ms
2026-06-22 16:34:23,926 | INFO     | [863926] ------------------------------------------
2026-06-22 16:34:23,926 | INFO     | [863926] 📥 NHẬN YÊU CẦU QUÉT KHUÔN MẶT MỚI
2026-06-22 16:34:23,927 | INFO     | [863926] Đã xử lý ảnh thành công. Kích thước tensor: (1, 48, 48, 1)
2026-06-22 16:34:23,993 | INFO     | [863926] ⏱️ Model inference: 65.91 ms
2026-06-22 16:34:23,993 | INFO     | [863926] 📊 Chi tiết dự đoán: {'ANGRY': 5.28, 'DISGUST': 0.41, 'FEAR': 20.86, 'HAPPY': 17.0, 'NEUTRAL': 15.28, 'SAD': 39.31, 'SURPRISE': 1.85}
2026-06-22 16:34:23,993 | INFO     | [863926] 🎯 KẾT QUẢ CHỐT: SAD (39.31%)
2026-06-22 16:34:23,994 | INFO     | [863926] ⏱️ Thời gian phản hồi: 66.91 ms
2026-06-22 16:34:24,172 | INFO     | [864172] ------------------------------------------
2026-06-22 16:34:24,172 | INFO     | [864172] 📥 NHẬN YÊU CẦU QUÉT KHUÔN MẶT MỚI
2026-06-22 16:34:24,174 | INFO     | [864172] Đã xử lý ảnh thành công. Kích thước tensor: (1, 48, 48, 1)
2026-06-22 16:34:24,247 | INFO     | [864172] ⏱️ Model inference: 73.54 ms
2026-06-22 16:34:24,249 | INFO     | [864172] 📊 Chi tiết dự đoán: {'ANGRY': 5.16, 'DISGUST': 0.22, 'FEAR': 12.84, 'HAPPY': 12.2, 'NEUTRAL': 23.05, 'SAD': 45.45, 'SURPRISE': 1.08}
2026-06-22 16:34:24,249 | INFO     | [864172] 🎯 KẾT QUẢ CHỐT: SAD (45.45%)
2026-06-22 16:34:24,249 | INFO     | [864172] ⏱️ Thời gian phản hồi: 76.75 ms
2026-06-22 16:34:24,421 | INFO     | [864421] ------------------------------------------
2026-06-22 16:34:24,422 | INFO     | [864421] 📥 NHẬN YÊU CẦU QUÉT KHUÔN MẶT MỚI
2026-06-22 16:34:24,422 | INFO     | [864421] Đã xử lý ảnh thành công. Kích thước tensor: (1, 48, 48, 1)
2026-06-22 16:34:24,479 | INFO     | [864421] ⏱️ Model inference: 56.54 ms
2026-06-22 16:34:24,479 | INFO     | [864421] 📊 Chi tiết dự đoán: {'ANGRY': 4.52, 'DISGUST': 0.15, 'FEAR': 16.77, 'HAPPY': 13.14, 'NEUTRAL': 18.77, 'SAD': 45.44, 'SURPRISE': 1.21}
2026-06-22 16:34:24,479 | INFO     | [864421] 🎯 KẾT QUẢ CHỐT: SAD (45.44%)
2026-06-22 16:34:24,479 | INFO     | [864421] ⏱️ Thời gian phản hồi: 57.54 ms
2026-06-22 16:34:24,671 | INFO     | [864671] ------------------------------------------
2026-06-22 16:34:24,671 | INFO     | [864671] 📥 NHẬN YÊU CẦU QUÉT KHUÔN MẶT MỚI
2026-06-22 16:34:24,672 | INFO     | [864671] Đã xử lý ảnh thành công. Kích thước tensor: (1, 48, 48, 1)
2026-06-22 16:34:24,742 | INFO     | [864671] ⏱️ Model inference: 70.51 ms
2026-06-22 16:34:24,742 | INFO     | [864671] 📊 Chi tiết dự đoán: {'ANGRY': 4.27, 'DISGUST': 0.18, 'FEAR': 19.07, 'HAPPY': 13.19, 'NEUTRAL': 15.0, 'SAD': 46.5, 'SURPRISE': 1.79}
2026-06-22 16:34:24,742 | INFO     | [864671] 🎯 KẾT QUẢ CHỐT: SAD (46.50%)
2026-06-22 16:34:24,742 | INFO     | [864671] ⏱️ Thời gian phản hồi: 71.53 ms
2026-06-22 16:34:24,916 | INFO     | [864916] ------------------------------------------
2026-06-22 16:34:24,916 | INFO     | [864916] 📥 NHẬN YÊU CẦU QUÉT KHUÔN MẶT MỚI
2026-06-22 16:34:24,917 | INFO     | [864916] Đã xử lý ảnh thành công. Kích thước tensor: (1, 48, 48, 1)
2026-06-22 16:34:24,992 | INFO     | [864916] ⏱️ Model inference: 74.42 ms
2026-06-22 16:34:24,992 | INFO     | [864916] 📊 Chi tiết dự đoán: {'ANGRY': 3.69, 'DISGUST': 0.16, 'FEAR': 21.68, 'HAPPY': 12.8, 'NEUTRAL': 16.99, 'SAD': 42.6, 'SURPRISE': 2.09}
2026-06-22 16:34:24,992 | INFO     | [864916] 🎯 KẾT QUẢ CHỐT: SAD (42.60%)
2026-06-22 16:34:24,992 | INFO     | [864916] ⏱️ Thời gian phản hồi: 76.47 ms
2026-06-22 16:34:25,164 | INFO     | [865164] ------------------------------------------
2026-06-22 16:34:25,165 | INFO     | [865164] 📥 NHẬN YÊU CẦU QUÉT KHUÔN MẶT MỚI
2026-06-22 16:34:25,165 | INFO     | [865164] Đã xử lý ảnh thành công. Kích thước tensor: (1, 48, 48, 1)
2026-06-22 16:34:25,242 | INFO     | [865164] ⏱️ Model inference: 77.1 ms
2026-06-22 16:34:25,242 | INFO     | [865164] 📊 Chi tiết dự đoán: {'ANGRY': 3.85, 'DISGUST': 0.12, 'FEAR': 17.94, 'HAPPY': 14.48, 'NEUTRAL': 16.68, 'SAD': 45.37, 'SURPRISE': 1.55}
2026-06-22 16:34:25,242 | INFO     | [865164] 🎯 KẾT QUẢ CHỐT: SAD (45.37%)
2026-06-22 16:34:25,242 | INFO     | [865164] ⏱️ Thời gian phản hồi: 78.11 ms
2026-06-22 16:34:25,412 | INFO     | [865412] ------------------------------------------
2026-06-22 16:34:25,413 | INFO     | [865412] 📥 NHẬN YÊU CẦU QUÉT KHUÔN MẶT MỚI
2026-06-22 16:34:25,413 | INFO     | [865412] Đã xử lý ảnh thành công. Kích thước tensor: (1, 48, 48, 1)
2026-06-22 16:34:25,472 | INFO     | [865412] ⏱️ Model inference: 59.15 ms
2026-06-22 16:34:25,473 | INFO     | [865412] 📊 Chi tiết dự đoán: {'ANGRY': 3.85, 'DISGUST': 0.13, 'FEAR': 11.72, 'HAPPY': 24.98, 'NEUTRAL': 17.99, 'SAD': 40.04, 'SURPRISE': 1.29}
2026-06-22 16:34:25,473 | INFO     | [865412] 🎯 KẾT QUẢ CHỐT: SAD (40.04%)
2026-06-22 16:34:25,473 | INFO     | [865412] ⏱️ Thời gian phản hồi: 61.15 ms
2026-06-22 16:34:25,664 | INFO     | [865664] ------------------------------------------
2026-06-22 16:34:25,664 | INFO     | [865664] 📥 NHẬN YÊU CẦU QUÉT KHUÔN MẶT MỚI
2026-06-22 16:34:25,665 | INFO     | [865664] Đã xử lý ảnh thành công. Kích thước tensor: (1, 48, 48, 1)
2026-06-22 16:34:25,743 | INFO     | [865664] ⏱️ Model inference: 78.03 ms
2026-06-22 16:34:25,743 | INFO     | [865664] 📊 Chi tiết dự đoán: {'ANGRY': 3.74, 'DISGUST': 0.13, 'FEAR': 10.36, 'HAPPY': 21.4, 'NEUTRAL': 22.35, 'SAD': 41.06, 'SURPRISE': 0.97}
2026-06-22 16:34:25,743 | INFO     | [865664] 🎯 KẾT QUẢ CHỐT: SAD (41.06%)
2026-06-22 16:34:25,744 | INFO     | [865664] ⏱️ Thời gian phản hồi: 79.03 ms
2026-06-22 16:34:25,912 | INFO     | [865912] ------------------------------------------
2026-06-22 16:34:25,912 | INFO     | [865912] 📥 NHẬN YÊU CẦU QUÉT KHUÔN MẶT MỚI
2026-06-22 16:34:25,913 | INFO     | [865912] Đã xử lý ảnh thành công. Kích thước tensor: (1, 48, 48, 1)
2026-06-22 16:34:25,982 | INFO     | [865912] ⏱️ Model inference: 67.77 ms
2026-06-22 16:34:25,982 | INFO     | [865912] 📊 Chi tiết dự đoán: {'ANGRY': 3.49, 'DISGUST': 0.15, 'FEAR': 10.47, 'HAPPY': 17.92, 'NEUTRAL': 20.04, 'SAD': 46.78, 'SURPRISE': 1.14}
2026-06-22 16:34:25,982 | INFO     | [865912] 🎯 KẾT QUẢ CHỐT: SAD (46.78%)
2026-06-22 16:34:25,982 | INFO     | [865912] ⏱️ Thời gian phản hồi: 70.49 ms
2026-06-22 16:34:26,161 | INFO     | [866161] ------------------------------------------
2026-06-22 16:34:26,162 | INFO     | [866161] 📥 NHẬN YÊU CẦU QUÉT KHUÔN MẶT MỚI
2026-06-22 16:34:26,162 | INFO     | [866161] Đã xử lý ảnh thành công. Kích thước tensor: (1, 48, 48, 1)
2026-06-22 16:34:26,229 | INFO     | [866161] ⏱️ Model inference: 65.61 ms
2026-06-22 16:34:26,230 | INFO     | [866161] 📊 Chi tiết dự đoán: {'ANGRY': 4.08, 'DISGUST': 0.13, 'FEAR': 11.19, 'HAPPY': 13.39, 'NEUTRAL': 21.79, 'SAD': 48.05, 'SURPRISE': 1.38}
2026-06-22 16:34:26,230 | INFO     | [866161] 🎯 KẾT QUẢ CHỐT: SAD (48.05%)
2026-06-22 16:34:26,230 | INFO     | [866161] ⏱️ Thời gian phản hồi: 68.28 ms
2026-06-22 16:34:26,412 | INFO     | [866412] ------------------------------------------
2026-06-22 16:34:26,412 | INFO     | [866412] 📥 NHẬN YÊU CẦU QUÉT KHUÔN MẶT MỚI
2026-06-22 16:34:26,412 | INFO     | [866412] Đã xử lý ảnh thành công. Kích thước tensor: (1, 48, 48, 1)
2026-06-22 16:34:26,466 | INFO     | [866412] ⏱️ Model inference: 52.99 ms
2026-06-22 16:34:26,467 | INFO     | [866412] 📊 Chi tiết dự đoán: {'ANGRY': 3.73, 'DISGUST': 0.13, 'FEAR': 11.55, 'HAPPY': 15.1, 'NEUTRAL': 20.8, 'SAD': 47.17, 'SURPRISE': 1.52}
2026-06-22 16:34:26,467 | INFO     | [866412] 🎯 KẾT QUẢ CHỐT: SAD (47.17%)
2026-06-22 16:34:26,467 | INFO     | [866412] ⏱️ Thời gian phản hồi: 55.5 ms
2026-06-22 16:34:26,665 | INFO     | [866665] ------------------------------------------
2026-06-22 16:34:26,665 | INFO     | [866665] 📥 NHẬN YÊU CẦU QUÉT KHUÔN MẶT MỚI
2026-06-22 16:34:26,666 | INFO     | [866665] Đã xử lý ảnh thành công. Kích thước tensor: (1, 48, 48, 1)
2026-06-22 16:34:26,738 | INFO     | [866665] ⏱️ Model inference: 71.99 ms
2026-06-22 16:34:26,740 | INFO     | [866665] 📊 Chi tiết dự đoán: {'ANGRY': 3.58, 'DISGUST': 0.15, 'FEAR': 10.72, 'HAPPY': 31.8, 'NEUTRAL': 16.62, 'SAD': 35.26, 'SURPRISE': 1.86}
2026-06-22 16:34:26,740 | INFO     | [866665] 🎯 KẾT QUẢ CHỐT: SAD (35.26%)
2026-06-22 16:34:26,740 | INFO     | [866665] ⏱️ Thời gian phản hồi: 74.74 ms
2026-06-22 16:34:26,936 | INFO     | [866936] ------------------------------------------
2026-06-22 16:34:26,936 | INFO     | [866936] 📥 NHẬN YÊU CẦU QUÉT KHUÔN MẶT MỚI
2026-06-22 16:34:26,937 | INFO     | [866936] Đã xử lý ảnh thành công. Kích thước tensor: (1, 48, 48, 1)
2026-06-22 16:34:27,038 | INFO     | [866936] ⏱️ Model inference: 100.7 ms
2026-06-22 16:34:27,039 | INFO     | [866936] 📊 Chi tiết dự đoán: {'ANGRY': 4.0, 'DISGUST': 0.14, 'FEAR': 5.54, 'HAPPY': 25.43, 'NEUTRAL': 17.38, 'SAD': 46.61, 'SURPRISE': 0.9}
2026-06-22 16:34:27,039 | INFO     | [866936] 🎯 KẾT QUẢ CHỐT: SAD (46.61%)
2026-06-22 16:34:27,039 | INFO     | [866936] ⏱️ Thời gian phản hồi: 103.55 ms
2026-06-22 16:34:27,165 | INFO     | [867165] ------------------------------------------
2026-06-22 16:34:27,165 | INFO     | [867165] 📥 NHẬN YÊU CẦU QUÉT KHUÔN MẶT MỚI
2026-06-22 16:34:27,166 | INFO     | [867165] Đã xử lý ảnh thành công. Kích thước tensor: (1, 48, 48, 1)
2026-06-22 16:34:27,225 | INFO     | [867165] ⏱️ Model inference: 58.72 ms
2026-06-22 16:34:27,225 | INFO     | [867165] 📊 Chi tiết dự đoán: {'ANGRY': 4.65, 'DISGUST': 0.17, 'FEAR': 5.91, 'HAPPY': 23.66, 'NEUTRAL': 15.87, 'SAD': 48.94, 'SURPRISE': 0.81}
2026-06-22 16:34:27,225 | INFO     | [867165] 🎯 KẾT QUẢ CHỐT: SAD (48.94%)
2026-06-22 16:34:27,225 | INFO     | [867165] ⏱️ Thời gian phản hồi: 60.06 ms
2026-06-22 16:34:27,412 | INFO     | [867412] ------------------------------------------
2026-06-22 16:34:27,412 | INFO     | [867412] 📥 NHẬN YÊU CẦU QUÉT KHUÔN MẶT MỚI
2026-06-22 16:34:27,414 | INFO     | [867412] Đã xử lý ảnh thành công. Kích thước tensor: (1, 48, 48, 1)
2026-06-22 16:34:27,471 | INFO     | [867412] ⏱️ Model inference: 57.52 ms
2026-06-22 16:34:27,471 | INFO     | [867412] 📊 Chi tiết dự đoán: {'ANGRY': 5.07, 'DISGUST': 0.18, 'FEAR': 5.66, 'HAPPY': 34.87, 'NEUTRAL': 14.02, 'SAD': 39.33, 'SURPRISE': 0.88}
2026-06-22 16:34:27,471 | INFO     | [867412] 🎯 KẾT QUẢ CHỐT: SAD (39.33%)
2026-06-22 16:34:27,471 | INFO     | [867412] ⏱️ Thời gian phản hồi: 59.03 ms
2026-06-22 16:34:27,665 | INFO     | [867665] ------------------------------------------
2026-06-22 16:34:27,665 | INFO     | [867665] 📥 NHẬN YÊU CẦU QUÉT KHUÔN MẶT MỚI
2026-06-22 16:34:27,665 | INFO     | [867665] Đã xử lý ảnh thành công. Kích thước tensor: (1, 48, 48, 1)
2026-06-22 16:34:27,720 | INFO     | [867665] ⏱️ Model inference: 55.68 ms
2026-06-22 16:34:27,722 | INFO     | [867665] 📊 Chi tiết dự đoán: {'ANGRY': 4.35, 'DISGUST': 0.16, 'FEAR': 4.89, 'HAPPY': 35.58, 'NEUTRAL': 15.21, 'SAD': 39.15, 'SURPRISE': 0.67}
2026-06-22 16:34:27,722 | INFO     | [867665] 🎯 KẾT QUẢ CHỐT: SAD (39.15%)
2026-06-22 16:34:27,722 | INFO     | [867665] ⏱️ Thời gian phản hồi: 57.03 ms
2026-06-22 16:34:27,911 | INFO     | [867911] ------------------------------------------
2026-06-22 16:34:27,911 | INFO     | [867911] 📥 NHẬN YÊU CẦU QUÉT KHUÔN MẶT MỚI
2026-06-22 16:34:27,913 | INFO     | [867911] Đã xử lý ảnh thành công. Kích thước tensor: (1, 48, 48, 1)
2026-06-22 16:34:27,969 | INFO     | [867911] ⏱️ Model inference: 55.53 ms
2026-06-22 16:34:27,969 | INFO     | [867911] 📊 Chi tiết dự đoán: {'ANGRY': 4.81, 'DISGUST': 0.26, 'FEAR': 6.02, 'HAPPY': 31.54, 'NEUTRAL': 15.7, 'SAD': 40.87, 'SURPRISE': 0.8}
2026-06-22 16:34:27,970 | INFO     | [867911] 🎯 KẾT QUẢ CHỐT: SAD (40.87%)
2026-06-22 16:34:27,970 | INFO     | [867911] ⏱️ Thời gian phản hồi: 57.52 ms
2026-06-22 16:34:28,163 | INFO     | [868163] ------------------------------------------
2026-06-22 16:34:28,163 | INFO     | [868163] 📥 NHẬN YÊU CẦU QUÉT KHUÔN MẶT MỚI
2026-06-22 16:34:28,163 | INFO     | [868163] Đã xử lý ảnh thành công. Kích thước tensor: (1, 48, 48, 1)
2026-06-22 16:34:28,225 | INFO     | [868163] ⏱️ Model inference: 61.15 ms
2026-06-22 16:34:28,225 | INFO     | [868163] 📊 Chi tiết dự đoán: {'ANGRY': 4.77, 'DISGUST': 0.17, 'FEAR': 5.05, 'HAPPY': 27.92, 'NEUTRAL': 17.24, 'SAD': 44.22, 'SURPRISE': 0.63}
2026-06-22 16:34:28,226 | INFO     | [868163] 🎯 KẾT QUẢ CHỐT: SAD (44.22%)
2026-06-22 16:34:28,226 | INFO     | [868163] ⏱️ Thời gian phản hồi: 61.15 ms
2026-06-22 16:34:28,416 | INFO     | [868416] ------------------------------------------
2026-06-22 16:34:28,416 | INFO     | [868416] 📥 NHẬN YÊU CẦU QUÉT KHUÔN MẶT MỚI
2026-06-22 16:34:28,417 | INFO     | [868416] Đã xử lý ảnh thành công. Kích thước tensor: (1, 48, 48, 1)
2026-06-22 16:34:28,468 | INFO     | [868416] ⏱️ Model inference: 50.48 ms
2026-06-22 16:34:28,469 | INFO     | [868416] 📊 Chi tiết dự đoán: {'ANGRY': 4.68, 'DISGUST': 0.19, 'FEAR': 6.12, 'HAPPY': 29.67, 'NEUTRAL': 14.39, 'SAD': 44.12, 'SURPRISE': 0.83}
2026-06-22 16:34:28,469 | INFO     | [868416] 🎯 KẾT QUẢ CHỐT: SAD (44.12%)
2026-06-22 16:34:28,469 | INFO     | [868416] ⏱️ Thời gian phản hồi: 52.93 ms
2026-06-22 16:34:28,669 | INFO     | [868669] ------------------------------------------
2026-06-22 16:34:28,669 | INFO     | [868669] 📥 NHẬN YÊU CẦU QUÉT KHUÔN MẶT MỚI
2026-06-22 16:34:28,670 | INFO     | [868669] Đã xử lý ảnh thành công. Kích thước tensor: (1, 48, 48, 1)
2026-06-22 16:34:28,728 | INFO     | [868669] ⏱️ Model inference: 58.33 ms
2026-06-22 16:34:28,729 | INFO     | [868669] 📊 Chi tiết dự đoán: {'ANGRY': 4.92, 'DISGUST': 0.17, 'FEAR': 6.44, 'HAPPY': 24.72, 'NEUTRAL': 17.36, 'SAD': 45.72, 'SURPRISE': 0.66}
2026-06-22 16:34:28,729 | INFO     | [868669] 🎯 KẾT QUẢ CHỐT: SAD (45.72%)
2026-06-22 16:34:28,729 | INFO     | [868669] ⏱️ Thời gian phản hồi: 60.42 ms
2026-06-22 16:34:28,915 | INFO     | [868915] ------------------------------------------
2026-06-22 16:34:28,916 | INFO     | [868915] 📥 NHẬN YÊU CẦU QUÉT KHUÔN MẶT MỚI
2026-06-22 16:34:28,918 | INFO     | [868915] Đã xử lý ảnh thành công. Kích thước tensor: (1, 48, 48, 1)
2026-06-22 16:34:28,971 | INFO     | [868915] ⏱️ Model inference: 52.86 ms
2026-06-22 16:34:28,972 | INFO     | [868915] 📊 Chi tiết dự đoán: {'ANGRY': 5.12, 'DISGUST': 0.22, 'FEAR': 6.83, 'HAPPY': 36.18, 'NEUTRAL': 16.07, 'SAD': 34.71, 'SURPRISE': 0.87}
2026-06-22 16:34:28,972 | INFO     | [868915] 🎯 KẾT QUẢ CHỐT: HAPPY (36.18%)
2026-06-22 16:34:28,972 | INFO     | [868915] ⏱️ Thời gian phản hồi: 56.21 ms
2026-06-22 16:34:29,166 | INFO     | [869165] ------------------------------------------
2026-06-22 16:34:29,166 | INFO     | [869165] 📥 NHẬN YÊU CẦU QUÉT KHUÔN MẶT MỚI
2026-06-22 16:34:29,166 | INFO     | [869165] Đã xử lý ảnh thành công. Kích thước tensor: (1, 48, 48, 1)
2026-06-22 16:34:29,220 | INFO     | [869165] ⏱️ Model inference: 53.41 ms
2026-06-22 16:34:29,220 | INFO     | [869165] 📊 Chi tiết dự đoán: {'ANGRY': 5.43, 'DISGUST': 0.21, 'FEAR': 7.39, 'HAPPY': 30.01, 'NEUTRAL': 17.11, 'SAD': 38.79, 'SURPRISE': 1.05}
2026-06-22 16:34:29,221 | INFO     | [869165] 🎯 KẾT QUẢ CHỐT: SAD (38.79%)
2026-06-22 16:34:29,221 | INFO     | [869165] ⏱️ Thời gian phản hồi: 54.46 ms
2026-06-22 16:34:29,413 | INFO     | [869413] ------------------------------------------
2026-06-22 16:34:29,414 | INFO     | [869413] 📥 NHẬN YÊU CẦU QUÉT KHUÔN MẶT MỚI
2026-06-22 16:34:29,414 | INFO     | [869413] Đã xử lý ảnh thành công. Kích thước tensor: (1, 48, 48, 1)
2026-06-22 16:34:29,478 | INFO     | [869413] ⏱️ Model inference: 64.02 ms
2026-06-22 16:34:29,478 | INFO     | [869413] 📊 Chi tiết dự đoán: {'ANGRY': 5.4, 'DISGUST': 0.22, 'FEAR': 6.53, 'HAPPY': 31.68, 'NEUTRAL': 16.56, 'SAD': 38.76, 'SURPRISE': 0.85}
2026-06-22 16:34:29,478 | INFO     | [869413] 🎯 KẾT QUẢ CHỐT: SAD (38.76%)
2026-06-22 16:34:29,478 | INFO     | [869413] ⏱️ Thời gian phản hồi: 65.06 ms
2026-06-22 16:34:29,680 | INFO     | [869680] ------------------------------------------
2026-06-22 16:34:29,681 | INFO     | [869680] 📥 NHẬN YÊU CẦU QUÉT KHUÔN MẶT MỚI
2026-06-22 16:34:29,681 | INFO     | [869680] Đã xử lý ảnh thành công. Kích thước tensor: (1, 48, 48, 1)
2026-06-22 16:34:29,734 | INFO     | [869680] ⏱️ Model inference: 52.64 ms
2026-06-22 16:34:29,734 | INFO     | [869680] 📊 Chi tiết dự đoán: {'ANGRY': 6.33, 'DISGUST': 0.3, 'FEAR': 6.22, 'HAPPY': 39.53, 'NEUTRAL': 15.87, 'SAD': 30.89, 'SURPRISE': 0.86}
2026-06-22 16:34:29,734 | INFO     | [869680] 🎯 KẾT QUẢ CHỐT: HAPPY (39.53%)
2026-06-22 16:34:29,734 | INFO     | [869680] ⏱️ Thời gian phản hồi: 53.64 ms
2026-06-22 16:34:29,915 | INFO     | [869915] ------------------------------------------
2026-06-22 16:34:29,915 | INFO     | [869915] 📥 NHẬN YÊU CẦU QUÉT KHUÔN MẶT MỚI
2026-06-22 16:34:29,915 | INFO     | [869915] Đã xử lý ảnh thành công. Kích thước tensor: (1, 48, 48, 1)
2026-06-22 16:34:29,976 | INFO     | [869915] ⏱️ Model inference: 60.65 ms
2026-06-22 16:34:29,976 | INFO     | [869915] 📊 Chi tiết dự đoán: {'ANGRY': 5.6, 'DISGUST': 0.23, 'FEAR': 7.99, 'HAPPY': 21.54, 'NEUTRAL': 16.83, 'SAD': 46.97, 'SURPRISE': 0.83}
2026-06-22 16:34:29,977 | INFO     | [869915] 🎯 KẾT QUẢ CHỐT: SAD (46.97%)
2026-06-22 16:34:29,977 | INFO     | [869915] ⏱️ Thời gian phản hồi: 61.66 ms
2026-06-22 16:34:30,161 | INFO     | [870161] ------------------------------------------
2026-06-22 16:34:30,162 | INFO     | [870161] 📥 NHẬN YÊU CẦU QUÉT KHUÔN MẶT MỚI
2026-06-22 16:34:30,162 | INFO     | [870161] Đã xử lý ảnh thành công. Kích thước tensor: (1, 48, 48, 1)
2026-06-22 16:34:30,221 | INFO     | [870161] ⏱️ Model inference: 58.54 ms
2026-06-22 16:34:30,221 | INFO     | [870161] 📊 Chi tiết dự đoán: {'ANGRY': 4.67, 'DISGUST': 0.17, 'FEAR': 7.47, 'HAPPY': 26.66, 'NEUTRAL': 19.11, 'SAD': 41.03, 'SURPRISE': 0.91}
2026-06-22 16:34:30,221 | INFO     | [870161] 🎯 KẾT QUẢ CHỐT: SAD (41.03%)
2026-06-22 16:34:30,221 | INFO     | [870161] ⏱️ Thời gian phản hồi: 60.06 ms
2026-06-22 16:34:30,410 | INFO     | [870410] ------------------------------------------
2026-06-22 16:34:30,410 | INFO     | [870410] 📥 NHẬN YÊU CẦU QUÉT KHUÔN MẶT MỚI
2026-06-22 16:34:30,412 | INFO     | [870410] Đã xử lý ảnh thành công. Kích thước tensor: (1, 48, 48, 1)
2026-06-22 16:34:30,463 | INFO     | [870410] ⏱️ Model inference: 51.79 ms
2026-06-22 16:34:30,464 | INFO     | [870410] 📊 Chi tiết dự đoán: {'ANGRY': 5.35, 'DISGUST': 0.28, 'FEAR': 7.28, 'HAPPY': 28.24, 'NEUTRAL': 17.21, 'SAD': 40.71, 'SURPRISE': 0.93}
2026-06-22 16:34:30,464 | INFO     | [870410] 🎯 KẾT QUẢ CHỐT: SAD (40.71%)
2026-06-22 16:34:30,464 | INFO     | [870410] ⏱️ Thời gian phản hồi: 54.23 ms
2026-06-22 16:34:30,661 | INFO     | [870661] ------------------------------------------
2026-06-22 16:34:30,661 | INFO     | [870661] 📥 NHẬN YÊU CẦU QUÉT KHUÔN MẶT MỚI
2026-06-22 16:34:30,662 | INFO     | [870661] Đã xử lý ảnh thành công. Kích thước tensor: (1, 48, 48, 1)
2026-06-22 16:34:30,726 | INFO     | [870661] ⏱️ Model inference: 63.82 ms
2026-06-22 16:34:30,727 | INFO     | [870661] 📊 Chi tiết dự đoán: {'ANGRY': 5.6, 'DISGUST': 0.29, 'FEAR': 6.91, 'HAPPY': 34.69, 'NEUTRAL': 15.4, 'SAD': 36.25, 'SURPRISE': 0.85}
2026-06-22 16:34:30,727 | INFO     | [870661] 🎯 KẾT QUẢ CHỐT: SAD (36.25%)
2026-06-22 16:34:30,727 | INFO     | [870661] ⏱️ Thời gian phản hồi: 66.32 ms
2026-06-22 16:34:30,923 | INFO     | [870923] ------------------------------------------
2026-06-22 16:34:30,923 | INFO     | [870923] 📥 NHẬN YÊU CẦU QUÉT KHUÔN MẶT MỚI
2026-06-22 16:34:30,923 | INFO     | [870923] Đã xử lý ảnh thành công. Kích thước tensor: (1, 48, 48, 1)
2026-06-22 16:34:30,978 | INFO     | [870923] ⏱️ Model inference: 55.06 ms
2026-06-22 16:34:30,978 | INFO     | [870923] 📊 Chi tiết dự đoán: {'ANGRY': 4.38, 'DISGUST': 0.28, 'FEAR': 8.83, 'HAPPY': 26.16, 'NEUTRAL': 15.24, 'SAD': 44.09, 'SURPRISE': 1.03}
2026-06-22 16:34:30,978 | INFO     | [870923] 🎯 KẾT QUẢ CHỐT: SAD (44.09%)
2026-06-22 16:34:30,978 | INFO     | [870923] ⏱️ Thời gian phản hồi: 55.06 ms
2026-06-22 16:34:31,158 | INFO     | [871158] ------------------------------------------
2026-06-22 16:34:31,158 | INFO     | [871158] 📥 NHẬN YÊU CẦU QUÉT KHUÔN MẶT MỚI
2026-06-22 16:34:31,159 | INFO     | [871158] Đã xử lý ảnh thành công. Kích thước tensor: (1, 48, 48, 1)
2026-06-22 16:34:31,218 | INFO     | [871158] ⏱️ Model inference: 59.88 ms
2026-06-22 16:34:31,220 | INFO     | [871158] 📊 Chi tiết dự đoán: {'ANGRY': 4.76, 'DISGUST': 0.27, 'FEAR': 7.55, 'HAPPY': 24.66, 'NEUTRAL': 15.29, 'SAD': 46.55, 'SURPRISE': 0.91}
2026-06-22 16:34:31,220 | INFO     | [871158] 🎯 KẾT QUẢ CHỐT: SAD (46.55%)
2026-06-22 16:34:31,220 | INFO     | [871158] ⏱️ Thời gian phản hồi: 62.15 ms
2026-06-22 16:34:31,424 | INFO     | [871424] ------------------------------------------
2026-06-22 16:34:31,425 | INFO     | [871424] 📥 NHẬN YÊU CẦU QUÉT KHUÔN MẶT MỚI
2026-06-22 16:34:31,425 | INFO     | [871424] Đã xử lý ảnh thành công. Kích thước tensor: (1, 48, 48, 1)
2026-06-22 16:34:31,475 | INFO     | [871424] ⏱️ Model inference: 50.28 ms
2026-06-22 16:34:31,475 | INFO     | [871424] 📊 Chi tiết dự đoán: {'ANGRY': 4.61, 'DISGUST': 0.31, 'FEAR': 8.11, 'HAPPY': 29.48, 'NEUTRAL': 13.97, 'SAD': 42.42, 'SURPRISE': 1.11}
2026-06-22 16:34:31,475 | INFO     | [871424] 🎯 KẾT QUẢ CHỐT: SAD (42.42%)
2026-06-22 16:34:31,477 | INFO     | [871424] ⏱️ Thời gian phản hồi: 51.79 ms
2026-06-22 16:34:31,660 | INFO     | [871660] ------------------------------------------
2026-06-22 16:34:31,660 | INFO     | [871660] 📥 NHẬN YÊU CẦU QUÉT KHUÔN MẶT MỚI
2026-06-22 16:34:31,661 | INFO     | [871660] Đã xử lý ảnh thành công. Kích thước tensor: (1, 48, 48, 1)
2026-06-22 16:34:31,717 | INFO     | [871660] ⏱️ Model inference: 56.25 ms
2026-06-22 16:34:31,717 | INFO     | [871660] 📊 Chi tiết dự đoán: {'ANGRY': 4.43, 'DISGUST': 0.27, 'FEAR': 7.65, 'HAPPY': 24.56, 'NEUTRAL': 16.08, 'SAD': 46.08, 'SURPRISE': 0.93}
2026-06-22 16:34:31,717 | INFO     | [871660] 🎯 KẾT QUẢ CHỐT: SAD (46.08%)
2026-06-22 16:34:31,717 | INFO     | [871660] ⏱️ Thời gian phản hồi: 57.31 ms
2026-06-22 16:34:31,924 | INFO     | [871924] ------------------------------------------
2026-06-22 16:34:31,924 | INFO     | [871924] 📥 NHẬN YÊU CẦU QUÉT KHUÔN MẶT MỚI
2026-06-22 16:34:31,925 | INFO     | [871924] Đã xử lý ảnh thành công. Kích thước tensor: (1, 48, 48, 1)
2026-06-22 16:34:31,983 | INFO     | [871924] ⏱️ Model inference: 55.72 ms
2026-06-22 16:34:31,983 | INFO     | [871924] 📊 Chi tiết dự đoán: {'ANGRY': 4.56, 'DISGUST': 0.24, 'FEAR': 7.88, 'HAPPY': 29.61, 'NEUTRAL': 15.68, 'SAD': 41.12, 'SURPRISE': 0.9}
2026-06-22 16:34:31,983 | INFO     | [871924] 🎯 KẾT QUẢ CHỐT: SAD (41.12%)
2026-06-22 16:34:31,983 | INFO     | [871924] ⏱️ Thời gian phản hồi: 58.28 ms
2026-06-22 16:34:32,172 | INFO     | [872172] ------------------------------------------
2026-06-22 16:34:32,173 | INFO     | [872172] 📥 NHẬN YÊU CẦU QUÉT KHUÔN MẶT MỚI
2026-06-22 16:34:32,173 | INFO     | [872172] Đã xử lý ảnh thành công. Kích thước tensor: (1, 48, 48, 1)
2026-06-22 16:34:32,230 | INFO     | [872172] ⏱️ Model inference: 55.16 ms
2026-06-22 16:34:32,230 | INFO     | [872172] 📊 Chi tiết dự đoán: {'ANGRY': 4.29, 'DISGUST': 0.23, 'FEAR': 8.17, 'HAPPY': 21.2, 'NEUTRAL': 16.9, 'SAD': 48.12, 'SURPRISE': 1.09}
2026-06-22 16:34:32,230 | INFO     | [872172] 🎯 KẾT QUẢ CHỐT: SAD (48.12%)
2026-06-22 16:34:32,231 | INFO     | [872172] ⏱️ Thời gian phản hồi: 57.69 ms
2026-06-22 16:34:32,406 | INFO     | [872406] ------------------------------------------
2026-06-22 16:34:32,407 | INFO     | [872406] 📥 NHẬN YÊU CẦU QUÉT KHUÔN MẶT MỚI
2026-06-22 16:34:32,407 | INFO     | [872406] Đã xử lý ảnh thành công. Kích thước tensor: (1, 48, 48, 1)
2026-06-22 16:34:32,458 | INFO     | [872406] ⏱️ Model inference: 50.55 ms
2026-06-22 16:34:32,458 | INFO     | [872406] 📊 Chi tiết dự đoán: {'ANGRY': 4.55, 'DISGUST': 0.28, 'FEAR': 8.36, 'HAPPY': 24.28, 'NEUTRAL': 16.31, 'SAD': 45.1, 'SURPRISE': 1.12}
2026-06-22 16:34:32,459 | INFO     | [872406] 🎯 KẾT QUẢ CHỐT: SAD (45.10%)
2026-06-22 16:34:32,459 | INFO     | [872406] ⏱️ Thời gian phản hồi: 51.97 ms
2026-06-22 16:34:32,674 | INFO     | [872674] ------------------------------------------
2026-06-22 16:34:32,674 | INFO     | [872674] 📥 NHẬN YÊU CẦU QUÉT KHUÔN MẶT MỚI
2026-06-22 16:34:32,675 | INFO     | [872674] Đã xử lý ảnh thành công. Kích thước tensor: (1, 48, 48, 1)
2026-06-22 16:34:32,728 | INFO     | [872674] ⏱️ Model inference: 53.18 ms
2026-06-22 16:34:32,728 | INFO     | [872674] 📊 Chi tiết dự đoán: {'ANGRY': 4.75, 'DISGUST': 0.25, 'FEAR': 8.24, 'HAPPY': 27.61, 'NEUTRAL': 18.16, 'SAD': 39.95, 'SURPRISE': 1.04}
2026-06-22 16:34:32,728 | INFO     | [872674] 🎯 KẾT QUẢ CHỐT: SAD (39.95%)
2026-06-22 16:34:32,728 | INFO     | [872674] ⏱️ Thời gian phản hồi: 54.32 ms
2026-06-22 16:34:32,910 | INFO     | [872910] ------------------------------------------
2026-06-22 16:34:32,910 | INFO     | [872910] 📥 NHẬN YÊU CẦU QUÉT KHUÔN MẶT MỚI
2026-06-22 16:34:32,911 | INFO     | [872910] Đã xử lý ảnh thành công. Kích thước tensor: (1, 48, 48, 1)
2026-06-22 16:34:32,978 | INFO     | [872910] ⏱️ Model inference: 66.7 ms
2026-06-22 16:34:32,978 | INFO     | [872910] 📊 Chi tiết dự đoán: {'ANGRY': 5.01, 'DISGUST': 0.35, 'FEAR': 8.71, 'HAPPY': 23.02, 'NEUTRAL': 19.36, 'SAD': 42.34, 'SURPRISE': 1.21}
2026-06-22 16:34:32,978 | INFO     | [872910] 🎯 KẾT QUẢ CHỐT: SAD (42.34%)
2026-06-22 16:34:32,978 | INFO     | [872910] ⏱️ Thời gian phản hồi: 68.22 ms
2026-06-22 17:04:52,624 | INFO     | [692624] ------------------------------------------
2026-06-22 17:04:52,626 | INFO     | [692624] 📥 NHẬN YÊU CẦU QUÉT KHUÔN MẶT MỚI
2026-06-22 17:04:52,667 | INFO     | [692624] Đã xử lý ảnh thành công. Kích thước tensor: (1, 48, 48, 1)
2026-06-22 17:04:52,807 | INFO     | [692807] ------------------------------------------
2026-06-22 17:04:52,811 | INFO     | [692807] 📥 NHẬN YÊU CẦU QUÉT KHUÔN MẶT MỚI
2026-06-22 17:04:52,812 | INFO     | [692807] Đã xử lý ảnh thành công. Kích thước tensor: (1, 48, 48, 1)
2026-06-22 17:04:53,050 | INFO     | [693050] ------------------------------------------
2026-06-22 17:04:53,050 | INFO     | [693050] 📥 NHẬN YÊU CẦU QUÉT KHUÔN MẶT MỚI
2026-06-22 17:04:53,051 | INFO     | [693050] Đã xử lý ảnh thành công. Kích thước tensor: (1, 48, 48, 1)
2026-06-22 17:04:53,268 | INFO     | [692807] ⏱️ Model inference: 449.99 ms
2026-06-22 17:04:53,272 | INFO     | [692807] 📊 Chi tiết dự đoán: {'ANGRY': 4.86, 'DISGUST': 0.27, 'FEAR': 15.74, 'HAPPY': 20.65, 'NEUTRAL': 13.4, 'SAD': 43.85, 'SURPRISE': 1.22}
2026-06-22 17:04:53,272 | INFO     | [692807] 🎯 KẾT QUẢ CHỐT: SAD (43.85%)
2026-06-22 17:04:53,272 | INFO     | [692807] ⏱️ Thời gian phản hồi: 464.31 ms
2026-06-22 17:04:53,273 | INFO     | [692624] ⏱️ Model inference: 606.09 ms
2026-06-22 17:04:53,273 | INFO     | [692624] 📊 Chi tiết dự đoán: {'ANGRY': 5.86, 'DISGUST': 0.33, 'FEAR': 14.47, 'HAPPY': 18.76, 'NEUTRAL': 20.69, 'SAD': 38.67, 'SURPRISE': 1.22}
2026-06-22 17:04:53,274 | INFO     | [692624] 🎯 KẾT QUẢ CHỐT: SAD (38.67%)
2026-06-22 17:04:53,274 | INFO     | [692624] ⏱️ Thời gian phản hồi: 648.91 ms
2026-06-22 17:04:53,275 | INFO     | [693050] ⏱️ Model inference: 224.18 ms
2026-06-22 17:04:53,275 | INFO     | [693050] 📊 Chi tiết dự đoán: {'ANGRY': 7.15, 'DISGUST': 0.27, 'FEAR': 15.36, 'HAPPY': 18.98, 'NEUTRAL': 13.02, 'SAD': 43.91, 'SURPRISE': 1.3}
2026-06-22 17:04:53,275 | INFO     | [693050] 🎯 KẾT QUẢ CHỐT: SAD (43.91%)
2026-06-22 17:04:53,275 | INFO     | [693050] ⏱️ Thời gian phản hồi: 225.18 ms
2026-06-22 17:04:53,309 | INFO     | [693309] ------------------------------------------
2026-06-22 17:04:53,309 | INFO     | [693309] 📥 NHẬN YÊU CẦU QUÉT KHUÔN MẶT MỚI
2026-06-22 17:04:53,309 | INFO     | [693309] Đã xử lý ảnh thành công. Kích thước tensor: (1, 48, 48, 1)
2026-06-22 17:04:53,368 | INFO     | [693309] ⏱️ Model inference: 59.6 ms
2026-06-22 17:04:53,368 | INFO     | [693309] 📊 Chi tiết dự đoán: {'ANGRY': 9.12, 'DISGUST': 0.36, 'FEAR': 10.12, 'HAPPY': 20.23, 'NEUTRAL': 15.65, 'SAD': 43.33, 'SURPRISE': 1.2}
2026-06-22 17:04:53,368 | INFO     | [693309] 🎯 KẾT QUẢ CHỐT: SAD (43.33%)
2026-06-22 17:04:53,370 | INFO     | [693309] ⏱️ Thời gian phản hồi: 59.6 ms
2026-06-22 17:04:53,556 | INFO     | [693556] ------------------------------------------
2026-06-22 17:04:53,556 | INFO     | [693556] 📥 NHẬN YÊU CẦU QUÉT KHUÔN MẶT MỚI
2026-06-22 17:04:53,557 | INFO     | [693556] Đã xử lý ảnh thành công. Kích thước tensor: (1, 48, 48, 1)
2026-06-22 17:04:53,614 | INFO     | [693556] ⏱️ Model inference: 57.22 ms
2026-06-22 17:04:53,614 | INFO     | [693556] 📊 Chi tiết dự đoán: {'ANGRY': 6.93, 'DISGUST': 0.41, 'FEAR': 11.91, 'HAPPY': 14.69, 'NEUTRAL': 17.25, 'SAD': 47.34, 'SURPRISE': 1.47}
2026-06-22 17:04:53,615 | INFO     | [693556] 🎯 KẾT QUẢ CHỐT: SAD (47.34%)
2026-06-22 17:04:53,615 | INFO     | [693556] ⏱️ Thời gian phản hồi: 58.27 ms
2026-06-22 17:04:53,820 | INFO     | [693820] ------------------------------------------
2026-06-22 17:04:53,820 | INFO     | [693820] 📥 NHẬN YÊU CẦU QUÉT KHUÔN MẶT MỚI
2026-06-22 17:04:53,821 | INFO     | [693820] Đã xử lý ảnh thành công. Kích thước tensor: (1, 48, 48, 1)
2026-06-22 17:04:53,877 | INFO     | [693820] ⏱️ Model inference: 55.49 ms
2026-06-22 17:04:53,877 | INFO     | [693820] 📊 Chi tiết dự đoán: {'ANGRY': 7.41, 'DISGUST': 0.49, 'FEAR': 8.77, 'HAPPY': 17.3, 'NEUTRAL': 18.11, 'SAD': 46.54, 'SURPRISE': 1.38}
2026-06-22 17:04:53,877 | INFO     | [693820] 🎯 KẾT QUẢ CHỐT: SAD (46.54%)
2026-06-22 17:04:53,877 | INFO     | [693820] ⏱️ Thời gian phản hồi: 56.5 ms
2026-06-22 17:04:54,055 | INFO     | [694055] ------------------------------------------
2026-06-22 17:04:54,055 | INFO     | [694055] 📥 NHẬN YÊU CẦU QUÉT KHUÔN MẶT MỚI
2026-06-22 17:04:54,057 | INFO     | [694055] Đã xử lý ảnh thành công. Kích thước tensor: (1, 48, 48, 1)
2026-06-22 17:04:54,112 | INFO     | [694055] ⏱️ Model inference: 55.22 ms
2026-06-22 17:04:54,112 | INFO     | [694055] 📊 Chi tiết dự đoán: {'ANGRY': 7.66, 'DISGUST': 0.37, 'FEAR': 11.13, 'HAPPY': 17.76, 'NEUTRAL': 17.39, 'SAD': 44.43, 'SURPRISE': 1.25}
2026-06-22 17:04:54,112 | INFO     | [694055] 🎯 KẾT QUẢ CHỐT: SAD (44.43%)
2026-06-22 17:04:54,112 | INFO     | [694055] ⏱️ Thời gian phản hồi: 56.74 ms
2026-06-22 17:04:54,320 | INFO     | [694320] ------------------------------------------
2026-06-22 17:04:54,320 | INFO     | [694320] 📥 NHẬN YÊU CẦU QUÉT KHUÔN MẶT MỚI
2026-06-22 17:04:54,320 | INFO     | [694320] Đã xử lý ảnh thành công. Kích thước tensor: (1, 48, 48, 1)
2026-06-22 17:04:54,381 | INFO     | [694320] ⏱️ Model inference: 59.97 ms
2026-06-22 17:04:54,381 | INFO     | [694320] 📊 Chi tiết dự đoán: {'ANGRY': 6.81, 'DISGUST': 0.37, 'FEAR': 11.86, 'HAPPY': 16.28, 'NEUTRAL': 16.93, 'SAD': 46.3, 'SURPRISE': 1.45}
2026-06-22 17:04:54,382 | INFO     | [694320] 🎯 KẾT QUẢ CHỐT: SAD (46.30%)
2026-06-22 17:04:54,382 | INFO     | [694320] ⏱️ Thời gian phản hồi: 61.2 ms
2026-06-22 17:04:54,570 | INFO     | [694570] ------------------------------------------
2026-06-22 17:04:54,570 | INFO     | [694570] 📥 NHẬN YÊU CẦU QUÉT KHUÔN MẶT MỚI
2026-06-22 17:04:54,571 | INFO     | [694570] Đã xử lý ảnh thành công. Kích thước tensor: (1, 48, 48, 1)
2026-06-22 17:04:54,632 | INFO     | [694570] ⏱️ Model inference: 60.24 ms
2026-06-22 17:04:54,632 | INFO     | [694570] 📊 Chi tiết dự đoán: {'ANGRY': 7.61, 'DISGUST': 0.31, 'FEAR': 10.44, 'HAPPY': 13.41, 'NEUTRAL': 18.32, 'SAD': 48.71, 'SURPRISE': 1.2}
2026-06-22 17:04:54,632 | INFO     | [694570] 🎯 KẾT QUẢ CHỐT: SAD (48.71%)
2026-06-22 17:04:54,633 | INFO     | [694570] ⏱️ Thời gian phản hồi: 61.28 ms
2026-06-22 17:04:54,805 | INFO     | [694805] ------------------------------------------
2026-06-22 17:04:54,805 | INFO     | [694805] 📥 NHẬN YÊU CẦU QUÉT KHUÔN MẶT MỚI
2026-06-22 17:04:54,808 | INFO     | [694805] Đã xử lý ảnh thành công. Kích thước tensor: (1, 48, 48, 1)
2026-06-22 17:04:54,867 | INFO     | [694805] ⏱️ Model inference: 59.86 ms
2026-06-22 17:04:54,869 | INFO     | [694805] 📊 Chi tiết dự đoán: {'ANGRY': 6.68, 'DISGUST': 0.26, 'FEAR': 9.46, 'HAPPY': 15.44, 'NEUTRAL': 17.91, 'SAD': 49.23, 'SURPRISE': 1.01}
2026-06-22 17:04:54,869 | INFO     | [694805] 🎯 KẾT QUẢ CHỐT: SAD (49.23%)
2026-06-22 17:04:54,869 | INFO     | [694805] ⏱️ Thời gian phản hồi: 64.11 ms
2026-06-22 17:04:55,071 | INFO     | [695071] ------------------------------------------
2026-06-22 17:04:55,071 | INFO     | [695071] 📥 NHẬN YÊU CẦU QUÉT KHUÔN MẶT MỚI
2026-06-22 17:04:55,071 | INFO     | [695071] Đã xử lý ảnh thành công. Kích thước tensor: (1, 48, 48, 1)
2026-06-22 17:04:55,123 | INFO     | [695071] ⏱️ Model inference: 51.03 ms
2026-06-22 17:04:55,123 | INFO     | [695071] 📊 Chi tiết dự đoán: {'ANGRY': 8.93, 'DISGUST': 0.3, 'FEAR': 9.17, 'HAPPY': 17.12, 'NEUTRAL': 19.6, 'SAD': 42.99, 'SURPRISE': 1.89}
2026-06-22 17:04:55,123 | INFO     | [695071] 🎯 KẾT QUẢ CHỐT: SAD (42.99%)
2026-06-22 17:04:55,123 | INFO     | [695071] ⏱️ Thời gian phản hồi: 52.03 ms
2026-06-22 17:04:55,306 | INFO     | [695306] ------------------------------------------
2026-06-22 17:04:55,306 | INFO     | [695306] 📥 NHẬN YÊU CẦU QUÉT KHUÔN MẶT MỚI
2026-06-22 17:04:55,307 | INFO     | [695306] Đã xử lý ảnh thành công. Kích thước tensor: (1, 48, 48, 1)
2026-06-22 17:04:55,358 | INFO     | [695306] ⏱️ Model inference: 51.1 ms
2026-06-22 17:04:55,358 | INFO     | [695306] 📊 Chi tiết dự đoán: {'ANGRY': 7.29, 'DISGUST': 0.23, 'FEAR': 10.17, 'HAPPY': 16.99, 'NEUTRAL': 18.07, 'SAD': 45.89, 'SURPRISE': 1.36}
2026-06-22 17:04:55,359 | INFO     | [695306] 🎯 KẾT QUẢ CHỐT: SAD (45.89%)
2026-06-22 17:04:55,359 | INFO     | [695306] ⏱️ Thời gian phản hồi: 52.1 ms
2026-06-22 17:04:55,557 | INFO     | [695557] ------------------------------------------
2026-06-22 17:04:55,557 | INFO     | [695557] 📥 NHẬN YÊU CẦU QUÉT KHUÔN MẶT MỚI
2026-06-22 17:04:55,558 | INFO     | [695557] Đã xử lý ảnh thành công. Kích thước tensor: (1, 48, 48, 1)
2026-06-22 17:04:55,616 | INFO     | [695557] ⏱️ Model inference: 57.61 ms
2026-06-22 17:04:55,616 | INFO     | [695557] 📊 Chi tiết dự đoán: {'ANGRY': 8.65, 'DISGUST': 0.27, 'FEAR': 6.78, 'HAPPY': 21.18, 'NEUTRAL': 19.25, 'SAD': 42.55, 'SURPRISE': 1.31}
2026-06-22 17:04:55,616 | INFO     | [695557] 🎯 KẾT QUẢ CHỐT: SAD (42.55%)
2026-06-22 17:04:55,616 | INFO     | [695557] ⏱️ Thời gian phản hồi: 58.61 ms
2026-06-22 17:04:55,806 | INFO     | [695806] ------------------------------------------
2026-06-22 17:04:55,806 | INFO     | [695806] 📥 NHẬN YÊU CẦU QUÉT KHUÔN MẶT MỚI
2026-06-22 17:04:55,807 | INFO     | [695806] Đã xử lý ảnh thành công. Kích thước tensor: (1, 48, 48, 1)
2026-06-22 17:04:55,869 | INFO     | [695806] ⏱️ Model inference: 62.32 ms
2026-06-22 17:04:55,871 | INFO     | [695806] 📊 Chi tiết dự đoán: {'ANGRY': 8.56, 'DISGUST': 0.32, 'FEAR': 7.59, 'HAPPY': 24.87, 'NEUTRAL': 19.23, 'SAD': 38.14, 'SURPRISE': 1.3}
2026-06-22 17:04:55,871 | INFO     | [695806] 🎯 KẾT QUẢ CHỐT: SAD (38.14%)
2026-06-22 17:04:55,871 | INFO     | [695806] ⏱️ Thời gian phản hồi: 64.95 ms
2026-06-22 17:04:56,070 | INFO     | [696070] ------------------------------------------
2026-06-22 17:04:56,070 | INFO     | [696070] 📥 NHẬN YÊU CẦU QUÉT KHUÔN MẶT MỚI
2026-06-22 17:04:56,071 | INFO     | [696070] Đã xử lý ảnh thành công. Kích thước tensor: (1, 48, 48, 1)
2026-06-22 17:04:56,130 | INFO     | [696070] ⏱️ Model inference: 59.33 ms
2026-06-22 17:04:56,130 | INFO     | [696070] 📊 Chi tiết dự đoán: {'ANGRY': 10.84, 'DISGUST': 0.24, 'FEAR': 4.43, 'HAPPY': 19.49, 'NEUTRAL': 21.15, 'SAD': 43.11, 'SURPRISE': 0.74}
2026-06-22 17:04:56,130 | INFO     | [696070] 🎯 KẾT QUẢ CHỐT: SAD (43.11%)
2026-06-22 17:04:56,130 | INFO     | [696070] ⏱️ Thời gian phản hồi: 60.42 ms
2026-06-22 17:04:56,317 | INFO     | [696317] ------------------------------------------
2026-06-22 17:04:56,317 | INFO     | [696317] 📥 NHẬN YÊU CẦU QUÉT KHUÔN MẶT MỚI
2026-06-22 17:04:56,318 | INFO     | [696317] Đã xử lý ảnh thành công. Kích thước tensor: (1, 48, 48, 1)
2026-06-22 17:04:56,378 | INFO     | [696317] ⏱️ Model inference: 59.35 ms
2026-06-22 17:04:56,379 | INFO     | [696317] 📊 Chi tiết dự đoán: {'ANGRY': 9.52, 'DISGUST': 0.21, 'FEAR': 7.56, 'HAPPY': 16.01, 'NEUTRAL': 26.28, 'SAD': 39.1, 'SURPRISE': 1.32}
2026-06-22 17:04:56,379 | INFO     | [696317] 🎯 KẾT QUẢ CHỐT: SAD (39.10%)
2026-06-22 17:04:56,379 | INFO     | [696317] ⏱️ Thời gian phản hồi: 61.27 ms
2026-06-22 17:04:56,551 | INFO     | [696551] ------------------------------------------
2026-06-22 17:04:56,551 | INFO     | [696551] 📥 NHẬN YÊU CẦU QUÉT KHUÔN MẶT MỚI
2026-06-22 17:04:56,552 | INFO     | [696551] Đã xử lý ảnh thành công. Kích thước tensor: (1, 48, 48, 1)
2026-06-22 17:04:56,611 | INFO     | [696551] ⏱️ Model inference: 58.74 ms
2026-06-22 17:04:56,612 | INFO     | [696551] 📊 Chi tiết dự đoán: {'ANGRY': 8.15, 'DISGUST': 0.15, 'FEAR': 9.86, 'HAPPY': 13.11, 'NEUTRAL': 22.93, 'SAD': 44.17, 'SURPRISE': 1.64}
2026-06-22 17:04:56,612 | INFO     | [696551] 🎯 KẾT QUẢ CHỐT: SAD (44.17%)
2026-06-22 17:04:56,612 | INFO     | [696551] ⏱️ Thời gian phản hồi: 60.74 ms
2026-06-22 17:04:56,799 | INFO     | [696799] ------------------------------------------
2026-06-22 17:04:56,799 | INFO     | [696799] 📥 NHẬN YÊU CẦU QUÉT KHUÔN MẶT MỚI
2026-06-22 17:04:56,800 | INFO     | [696799] Đã xử lý ảnh thành công. Kích thước tensor: (1, 48, 48, 1)
2026-06-22 17:04:56,858 | INFO     | [696799] ⏱️ Model inference: 57.7 ms
2026-06-22 17:04:56,859 | INFO     | [696799] 📊 Chi tiết dự đoán: {'ANGRY': 8.03, 'DISGUST': 0.18, 'FEAR': 8.5, 'HAPPY': 16.37, 'NEUTRAL': 26.07, 'SAD': 39.36, 'SURPRISE': 1.5}
2026-06-22 17:04:56,859 | INFO     | [696799] 🎯 KẾT QUẢ CHỐT: SAD (39.36%)
2026-06-22 17:04:56,859 | INFO     | [696799] ⏱️ Thời gian phản hồi: 59.76 ms
2026-06-22 17:04:57,062 | INFO     | [697062] ------------------------------------------
2026-06-22 17:04:57,063 | INFO     | [697062] 📥 NHẬN YÊU CẦU QUÉT KHUÔN MẶT MỚI
2026-06-22 17:04:57,063 | INFO     | [697062] Đã xử lý ảnh thành công. Kích thước tensor: (1, 48, 48, 1)
2026-06-22 17:04:57,117 | INFO     | [697062] ⏱️ Model inference: 53.81 ms
2026-06-22 17:04:57,118 | INFO     | [697062] 📊 Chi tiết dự đoán: {'ANGRY': 9.99, 'DISGUST': 0.26, 'FEAR': 7.63, 'HAPPY': 20.17, 'NEUTRAL': 20.95, 'SAD': 39.64, 'SURPRISE': 1.37}
2026-06-22 17:04:57,118 | INFO     | [697062] 🎯 KẾT QUẢ CHỐT: SAD (39.64%)
2026-06-22 17:04:57,118 | INFO     | [697062] ⏱️ Thời gian phản hồi: 55.84 ms
2026-06-22 17:04:57,313 | INFO     | [697313] ------------------------------------------
2026-06-22 17:04:57,313 | INFO     | [697313] 📥 NHẬN YÊU CẦU QUÉT KHUÔN MẶT MỚI
2026-06-22 17:04:57,314 | INFO     | [697313] Đã xử lý ảnh thành công. Kích thước tensor: (1, 48, 48, 1)
2026-06-22 17:04:57,378 | INFO     | [697313] ⏱️ Model inference: 64.37 ms
2026-06-22 17:04:57,378 | INFO     | [697313] 📊 Chi tiết dự đoán: {'ANGRY': 8.13, 'DISGUST': 0.2, 'FEAR': 9.29, 'HAPPY': 15.33, 'NEUTRAL': 22.48, 'SAD': 43.21, 'SURPRISE': 1.35}
2026-06-22 17:04:57,378 | INFO     | [697313] 🎯 KẾT QUẢ CHỐT: SAD (43.21%)
2026-06-22 17:04:57,378 | INFO     | [697313] ⏱️ Thời gian phản hồi: 65.37 ms
2026-06-22 17:04:57,563 | INFO     | [697563] ------------------------------------------
2026-06-22 17:04:57,563 | INFO     | [697563] 📥 NHẬN YÊU CẦU QUÉT KHUÔN MẶT MỚI
2026-06-22 17:04:57,564 | INFO     | [697563] Đã xử lý ảnh thành công. Kích thước tensor: (1, 48, 48, 1)
2026-06-22 17:04:57,615 | INFO     | [697563] ⏱️ Model inference: 51.43 ms
2026-06-22 17:04:57,615 | INFO     | [697563] 📊 Chi tiết dự đoán: {'ANGRY': 8.69, 'DISGUST': 0.14, 'FEAR': 5.8, 'HAPPY': 17.17, 'NEUTRAL': 25.59, 'SAD': 41.85, 'SURPRISE': 0.76}
2026-06-22 17:04:57,615 | INFO     | [697563] 🎯 KẾT QUẢ CHỐT: SAD (41.85%)
2026-06-22 17:04:57,616 | INFO     | [697563] ⏱️ Thời gian phản hồi: 52.44 ms
2026-06-22 17:04:57,810 | INFO     | [697810] ------------------------------------------
2026-06-22 17:04:57,811 | INFO     | [697810] 📥 NHẬN YÊU CẦU QUÉT KHUÔN MẶT MỚI
2026-06-22 17:04:57,812 | INFO     | [697810] Đã xử lý ảnh thành công. Kích thước tensor: (1, 48, 48, 1)
2026-06-22 17:04:57,865 | INFO     | [697810] ⏱️ Model inference: 52.12 ms
2026-06-22 17:04:57,865 | INFO     | [697810] 📊 Chi tiết dự đoán: {'ANGRY': 8.38, 'DISGUST': 0.12, 'FEAR': 6.55, 'HAPPY': 17.27, 'NEUTRAL': 22.61, 'SAD': 44.27, 'SURPRISE': 0.79}
2026-06-22 17:04:57,865 | INFO     | [697810] 🎯 KẾT QUẢ CHỐT: SAD (44.27%)
2026-06-22 17:04:57,865 | INFO     | [697810] ⏱️ Thời gian phản hồi: 55.62 ms
2026-06-22 17:04:58,060 | INFO     | [698060] ------------------------------------------
2026-06-22 17:04:58,061 | INFO     | [698060] 📥 NHẬN YÊU CẦU QUÉT KHUÔN MẶT MỚI
2026-06-22 17:04:58,061 | INFO     | [698060] Đã xử lý ảnh thành công. Kích thước tensor: (1, 48, 48, 1)
2026-06-22 17:04:58,119 | INFO     | [698060] ⏱️ Model inference: 57.28 ms
2026-06-22 17:04:58,119 | INFO     | [698060] 📊 Chi tiết dự đoán: {'ANGRY': 9.51, 'DISGUST': 0.16, 'FEAR': 6.41, 'HAPPY': 23.59, 'NEUTRAL': 20.39, 'SAD': 38.95, 'SURPRISE': 1.0}
2026-06-22 17:04:58,119 | INFO     | [698060] 🎯 KẾT QUẢ CHỐT: SAD (38.95%)
2026-06-22 17:04:58,119 | INFO     | [698060] ⏱️ Thời gian phản hồi: 59.28 ms
2026-06-22 17:04:58,311 | INFO     | [698311] ------------------------------------------
2026-06-22 17:04:58,311 | INFO     | [698311] 📥 NHẬN YÊU CẦU QUÉT KHUÔN MẶT MỚI
2026-06-22 17:04:58,312 | INFO     | [698311] Đã xử lý ảnh thành công. Kích thước tensor: (1, 48, 48, 1)
2026-06-22 17:04:58,374 | INFO     | [698311] ⏱️ Model inference: 61.73 ms
2026-06-22 17:04:58,374 | INFO     | [698311] 📊 Chi tiết dự đoán: {'ANGRY': 8.87, 'DISGUST': 0.17, 'FEAR': 6.67, 'HAPPY': 23.77, 'NEUTRAL': 21.64, 'SAD': 37.89, 'SURPRISE': 0.99}
2026-06-22 17:04:58,375 | INFO     | [698311] 🎯 KẾT QUẢ CHỐT: SAD (37.89%)
2026-06-22 17:04:58,375 | INFO     | [698311] ⏱️ Thời gian phản hồi: 62.73 ms
2026-06-22 17:04:58,546 | INFO     | [698546] ------------------------------------------
2026-06-22 17:04:58,546 | INFO     | [698546] 📥 NHẬN YÊU CẦU QUÉT KHUÔN MẶT MỚI
2026-06-22 17:04:58,546 | INFO     | [698546] Đã xử lý ảnh thành công. Kích thước tensor: (1, 48, 48, 1)
2026-06-22 17:04:58,598 | INFO     | [698546] ⏱️ Model inference: 49.75 ms
2026-06-22 17:04:58,598 | INFO     | [698546] 📊 Chi tiết dự đoán: {'ANGRY': 7.34, 'DISGUST': 0.11, 'FEAR': 8.68, 'HAPPY': 12.59, 'NEUTRAL': 15.2, 'SAD': 52.62, 'SURPRISE': 3.48}
2026-06-22 17:04:58,598 | INFO     | [698546] 🎯 KẾT QUẢ CHỐT: SAD (52.62%)
2026-06-22 17:04:58,598 | INFO     | [698546] ⏱️ Thời gian phản hồi: 51.81 ms
2026-06-22 17:04:58,793 | INFO     | [698793] ------------------------------------------
2026-06-22 17:04:58,795 | INFO     | [698793] 📥 NHẬN YÊU CẦU QUÉT KHUÔN MẶT MỚI
2026-06-22 17:04:58,795 | INFO     | [698793] Đã xử lý ảnh thành công. Kích thước tensor: (1, 48, 48, 1)
2026-06-22 17:04:58,857 | INFO     | [698793] ⏱️ Model inference: 61.99 ms
2026-06-22 17:04:58,858 | INFO     | [698793] 📊 Chi tiết dự đoán: {'ANGRY': 8.66, 'DISGUST': 0.22, 'FEAR': 8.81, 'HAPPY': 11.4, 'NEUTRAL': 13.19, 'SAD': 53.39, 'SURPRISE': 4.32}
2026-06-22 17:04:58,858 | INFO     | [698793] 🎯 KẾT QUẢ CHỐT: SAD (53.39%)
2026-06-22 17:04:58,858 | INFO     | [698793] ⏱️ Thời gian phản hồi: 65.08 ms
2026-06-22 17:04:59,058 | INFO     | [699058] ------------------------------------------
2026-06-22 17:04:59,058 | INFO     | [699058] 📥 NHẬN YÊU CẦU QUÉT KHUÔN MẶT MỚI
2026-06-22 17:04:59,060 | INFO     | [699058] Đã xử lý ảnh thành công. Kích thước tensor: (1, 48, 48, 1)
2026-06-22 17:04:59,128 | INFO     | [699058] ⏱️ Model inference: 68.27 ms
2026-06-22 17:04:59,128 | INFO     | [699058] 📊 Chi tiết dự đoán: {'ANGRY': 11.58, 'DISGUST': 0.41, 'FEAR': 2.3, 'HAPPY': 40.79, 'NEUTRAL': 10.82, 'SAD': 33.61, 'SURPRISE': 0.48}
2026-06-22 17:04:59,128 | INFO     | [699058] 🎯 KẾT QUẢ CHỐT: HAPPY (40.79%)
2026-06-22 17:04:59,129 | INFO     | [699058] ⏱️ Thời gian phản hồi: 69.79 ms
2026-06-22 17:04:59,309 | INFO     | [699309] ------------------------------------------
2026-06-22 17:04:59,309 | INFO     | [699309] 📥 NHẬN YÊU CẦU QUÉT KHUÔN MẶT MỚI
2026-06-22 17:04:59,310 | INFO     | [699309] Đã xử lý ảnh thành công. Kích thước tensor: (1, 48, 48, 1)
2026-06-22 17:04:59,370 | INFO     | [699309] ⏱️ Model inference: 59.75 ms
2026-06-22 17:04:59,370 | INFO     | [699309] 📊 Chi tiết dự đoán: {'ANGRY': 12.07, 'DISGUST': 0.53, 'FEAR': 3.2, 'HAPPY': 42.04, 'NEUTRAL': 12.56, 'SAD': 28.86, 'SURPRISE': 0.75}
2026-06-22 17:04:59,371 | INFO     | [699309] 🎯 KẾT QUẢ CHỐT: HAPPY (42.04%)
2026-06-22 17:04:59,371 | INFO     | [699309] ⏱️ Thời gian phản hồi: 60.77 ms
2026-06-22 17:04:59,558 | INFO     | [699558] ------------------------------------------
2026-06-22 17:04:59,558 | INFO     | [699558] 📥 NHẬN YÊU CẦU QUÉT KHUÔN MẶT MỚI
2026-06-22 17:04:59,559 | INFO     | [699558] Đã xử lý ảnh thành công. Kích thước tensor: (1, 48, 48, 1)
2026-06-22 17:04:59,608 | INFO     | [699558] ⏱️ Model inference: 49.05 ms
2026-06-22 17:04:59,609 | INFO     | [699558] 📊 Chi tiết dự đoán: {'ANGRY': 16.19, 'DISGUST': 0.7, 'FEAR': 6.6, 'HAPPY': 37.4, 'NEUTRAL': 6.54, 'SAD': 31.41, 'SURPRISE': 1.16}
2026-06-22 17:04:59,609 | INFO     | [699558] 🎯 KẾT QUẢ CHỐT: HAPPY (37.40%)
2026-06-22 17:04:59,609 | INFO     | [699558] ⏱️ Thời gian phản hồi: 51.07 ms
2026-06-22 17:04:59,806 | INFO     | [699806] ------------------------------------------
2026-06-22 17:04:59,806 | INFO     | [699806] 📥 NHẬN YÊU CẦU QUÉT KHUÔN MẶT MỚI
2026-06-22 17:04:59,806 | INFO     | [699806] Đã xử lý ảnh thành công. Kích thước tensor: (1, 48, 48, 1)
2026-06-22 17:04:59,856 | INFO     | [699806] ⏱️ Model inference: 50.09 ms
2026-06-22 17:04:59,857 | INFO     | [699806] 📊 Chi tiết dự đoán: {'ANGRY': 13.24, 'DISGUST': 0.69, 'FEAR': 7.28, 'HAPPY': 36.12, 'NEUTRAL': 6.59, 'SAD': 34.84, 'SURPRISE': 1.25}
2026-06-22 17:04:59,857 | INFO     | [699806] 🎯 KẾT QUẢ CHỐT: HAPPY (36.12%)
2026-06-22 17:04:59,857 | INFO     | [699806] ⏱️ Thời gian phản hồi: 51.6 ms
2026-06-22 17:05:00,059 | INFO     | [700059] ------------------------------------------
2026-06-22 17:05:00,059 | INFO     | [700059] 📥 NHẬN YÊU CẦU QUÉT KHUÔN MẶT MỚI
2026-06-22 17:05:00,060 | INFO     | [700059] Đã xử lý ảnh thành công. Kích thước tensor: (1, 48, 48, 1)
2026-06-22 17:05:00,121 | INFO     | [700059] ⏱️ Model inference: 60.68 ms
2026-06-22 17:05:00,121 | INFO     | [700059] 📊 Chi tiết dự đoán: {'ANGRY': 13.15, 'DISGUST': 0.72, 'FEAR': 7.83, 'HAPPY': 49.83, 'NEUTRAL': 6.59, 'SAD': 20.18, 'SURPRISE': 1.71}
2026-06-22 17:05:00,121 | INFO     | [700059] 🎯 KẾT QUẢ CHỐT: HAPPY (49.83%)
2026-06-22 17:05:00,121 | INFO     | [700059] ⏱️ Thời gian phản hồi: 61.68 ms
2026-06-22 17:05:00,308 | INFO     | [700308] ------------------------------------------
2026-06-22 17:05:00,308 | INFO     | [700308] 📥 NHẬN YÊU CẦU QUÉT KHUÔN MẶT MỚI
2026-06-22 17:05:00,308 | INFO     | [700308] Đã xử lý ảnh thành công. Kích thước tensor: (1, 48, 48, 1)
2026-06-22 17:05:00,358 | INFO     | [700308] ⏱️ Model inference: 48.78 ms
2026-06-22 17:05:00,359 | INFO     | [700308] 📊 Chi tiết dự đoán: {'ANGRY': 14.49, 'DISGUST': 0.91, 'FEAR': 8.73, 'HAPPY': 45.6, 'NEUTRAL': 5.28, 'SAD': 22.87, 'SURPRISE': 2.1}
2026-06-22 17:05:00,359 | INFO     | [700308] 🎯 KẾT QUẢ CHỐT: HAPPY (45.60%)
2026-06-22 17:05:00,359 | INFO     | [700308] ⏱️ Thời gian phản hồi: 49.81 ms
2026-06-22 17:05:00,556 | INFO     | [700556] ------------------------------------------
2026-06-22 17:05:00,556 | INFO     | [700556] 📥 NHẬN YÊU CẦU QUÉT KHUÔN MẶT MỚI
2026-06-22 17:05:00,557 | INFO     | [700556] Đã xử lý ảnh thành công. Kích thước tensor: (1, 48, 48, 1)
2026-06-22 17:05:00,607 | INFO     | [700556] ⏱️ Model inference: 49.88 ms
2026-06-22 17:05:00,607 | INFO     | [700556] 📊 Chi tiết dự đoán: {'ANGRY': 15.2, 'DISGUST': 0.74, 'FEAR': 8.33, 'HAPPY': 39.19, 'NEUTRAL': 6.71, 'SAD': 28.15, 'SURPRISE': 1.67}
2026-06-22 17:05:00,607 | INFO     | [700556] 🎯 KẾT QUẢ CHỐT: HAPPY (39.19%)
2026-06-22 17:05:00,608 | INFO     | [700556] ⏱️ Thời gian phản hồi: 50.88 ms
2026-06-22 17:05:00,805 | INFO     | [700805] ------------------------------------------
2026-06-22 17:05:00,805 | INFO     | [700805] 📥 NHẬN YÊU CẦU QUÉT KHUÔN MẶT MỚI
2026-06-22 17:05:00,807 | INFO     | [700805] Đã xử lý ảnh thành công. Kích thước tensor: (1, 48, 48, 1)
2026-06-22 17:05:00,864 | INFO     | [700805] ⏱️ Model inference: 56.97 ms
2026-06-22 17:05:00,864 | INFO     | [700805] 📊 Chi tiết dự đoán: {'ANGRY': 16.76, 'DISGUST': 0.92, 'FEAR': 7.39, 'HAPPY': 46.44, 'NEUTRAL': 5.79, 'SAD': 20.85, 'SURPRISE': 1.86}
2026-06-22 17:05:00,865 | INFO     | [700805] 🎯 KẾT QUẢ CHỐT: HAPPY (46.44%)
2026-06-22 17:05:00,865 | INFO     | [700805] ⏱️ Thời gian phản hồi: 58.96 ms
2026-06-22 17:05:01,054 | INFO     | [701054] ------------------------------------------
2026-06-22 17:05:01,056 | INFO     | [701054] 📥 NHẬN YÊU CẦU QUÉT KHUÔN MẶT MỚI
2026-06-22 17:05:01,056 | INFO     | [701054] Đã xử lý ảnh thành công. Kích thước tensor: (1, 48, 48, 1)
2026-06-22 17:05:01,120 | INFO     | [701054] ⏱️ Model inference: 63.78 ms
2026-06-22 17:05:01,121 | INFO     | [701054] 📊 Chi tiết dự đoán: {'ANGRY': 10.05, 'DISGUST': 0.47, 'FEAR': 3.01, 'HAPPY': 60.55, 'NEUTRAL': 5.25, 'SAD': 20.03, 'SURPRISE': 0.63}
2026-06-22 17:05:01,121 | INFO     | [701054] 🎯 KẾT QUẢ CHỐT: HAPPY (60.55%)
2026-06-22 17:05:01,121 | INFO     | [701054] ⏱️ Thời gian phản hồi: 65.39 ms
2026-06-22 17:05:01,318 | INFO     | [701318] ------------------------------------------
2026-06-22 17:05:01,319 | INFO     | [701318] 📥 NHẬN YÊU CẦU QUÉT KHUÔN MẶT MỚI
2026-06-22 17:05:01,319 | INFO     | [701318] Đã xử lý ảnh thành công. Kích thước tensor: (1, 48, 48, 1)
2026-06-22 17:05:01,376 | INFO     | [701318] ⏱️ Model inference: 57.48 ms
2026-06-22 17:05:01,376 | INFO     | [701318] 📊 Chi tiết dự đoán: {'ANGRY': 10.32, 'DISGUST': 0.66, 'FEAR': 5.04, 'HAPPY': 41.78, 'NEUTRAL': 8.63, 'SAD': 32.78, 'SURPRISE': 0.81}
2026-06-22 17:05:01,376 | INFO     | [701318] 🎯 KẾT QUẢ CHỐT: HAPPY (41.78%)
2026-06-22 17:05:01,376 | INFO     | [701318] ⏱️ Thời gian phản hồi: 58.48 ms
2026-06-22 17:05:01,568 | INFO     | [701568] ------------------------------------------
2026-06-22 17:05:01,569 | INFO     | [701568] 📥 NHẬN YÊU CẦU QUÉT KHUÔN MẶT MỚI
2026-06-22 17:05:01,569 | INFO     | [701568] Đã xử lý ảnh thành công. Kích thước tensor: (1, 48, 48, 1)
2026-06-22 17:05:01,621 | INFO     | [701568] ⏱️ Model inference: 52.34 ms
2026-06-22 17:05:01,621 | INFO     | [701568] 📊 Chi tiết dự đoán: {'ANGRY': 8.52, 'DISGUST': 0.4, 'FEAR': 5.81, 'HAPPY': 41.49, 'NEUTRAL': 9.95, 'SAD': 32.98, 'SURPRISE': 0.86}
2026-06-22 17:05:01,621 | INFO     | [701568] 🎯 KẾT QUẢ CHỐT: HAPPY (41.49%)
2026-06-22 17:05:01,622 | INFO     | [701568] ⏱️ Thời gian phản hồi: 53.34 ms
2026-06-22 17:05:01,819 | INFO     | [701819] ------------------------------------------
2026-06-22 17:05:01,819 | INFO     | [701819] 📥 NHẬN YÊU CẦU QUÉT KHUÔN MẶT MỚI
2026-06-22 17:05:01,820 | INFO     | [701819] Đã xử lý ảnh thành công. Kích thước tensor: (1, 48, 48, 1)
2026-06-22 17:05:01,877 | INFO     | [701819] ⏱️ Model inference: 57.72 ms
2026-06-22 17:05:01,877 | INFO     | [701819] 📊 Chi tiết dự đoán: {'ANGRY': 7.16, 'DISGUST': 0.41, 'FEAR': 6.9, 'HAPPY': 45.93, 'NEUTRAL': 8.78, 'SAD': 29.71, 'SURPRISE': 1.12}
2026-06-22 17:05:01,877 | INFO     | [701819] 🎯 KẾT QUẢ CHỐT: HAPPY (45.93%)
2026-06-22 17:05:01,877 | INFO     | [701819] ⏱️ Thời gian phản hồi: 58.72 ms
2026-06-22 17:05:02,068 | INFO     | [702068] ------------------------------------------
2026-06-22 17:05:02,069 | INFO     | [702068] 📥 NHẬN YÊU CẦU QUÉT KHUÔN MẶT MỚI
2026-06-22 17:05:02,069 | INFO     | [702068] Đã xử lý ảnh thành công. Kích thước tensor: (1, 48, 48, 1)
2026-06-22 17:05:02,119 | INFO     | [702068] ⏱️ Model inference: 48.27 ms
2026-06-22 17:05:02,120 | INFO     | [702068] 📊 Chi tiết dự đoán: {'ANGRY': 7.11, 'DISGUST': 0.41, 'FEAR': 6.12, 'HAPPY': 40.24, 'NEUTRAL': 10.68, 'SAD': 34.57, 'SURPRISE': 0.87}
2026-06-22 17:05:02,120 | INFO     | [702068] 🎯 KẾT QUẢ CHỐT: HAPPY (40.24%)
2026-06-22 17:05:02,120 | INFO     | [702068] ⏱️ Thời gian phản hồi: 51.77 ms
2026-06-22 17:05:02,305 | INFO     | [702305] ------------------------------------------
2026-06-22 17:05:02,305 | INFO     | [702305] 📥 NHẬN YÊU CẦU QUÉT KHUÔN MẶT MỚI
2026-06-22 17:05:02,306 | INFO     | [702305] Đã xử lý ảnh thành công. Kích thước tensor: (1, 48, 48, 1)
2026-06-22 17:05:02,368 | INFO     | [702305] ⏱️ Model inference: 61.42 ms
2026-06-22 17:05:02,368 | INFO     | [702305] 📊 Chi tiết dự đoán: {'ANGRY': 6.96, 'DISGUST': 0.42, 'FEAR': 7.24, 'HAPPY': 26.21, 'NEUTRAL': 12.14, 'SAD': 45.95, 'SURPRISE': 1.07}
2026-06-22 17:05:02,368 | INFO     | [702305] 🎯 KẾT QUẢ CHỐT: SAD (45.95%)
2026-06-22 17:05:02,368 | INFO     | [702305] ⏱️ Thời gian phản hồi: 62.63 ms
2026-06-22 17:05:02,573 | INFO     | [BATCH-702573] ==========================================
2026-06-22 17:05:02,573 | INFO     | [BATCH-702573] 🎞️ NHẬN CHUỖI 5 KHUNG HÌNH (BATCH)
2026-06-22 17:05:02,930 | INFO     | [BATCH-702573] ⏱️ Batch inference elapsed: 355.91 ms (5 frames)
2026-06-22 17:05:02,932 | INFO     | [BATCH-702573] ↳ Frame 1/5: HAPPY (41.8%)
2026-06-22 17:05:02,932 | INFO     | [BATCH-702573] ↳ Frame 2/5: HAPPY (41.5%)
2026-06-22 17:05:02,932 | INFO     | [BATCH-702573] ↳ Frame 3/5: HAPPY (45.9%)
2026-06-22 17:05:02,933 | INFO     | [BATCH-702573] ↳ Frame 4/5: HAPPY (40.2%)
2026-06-22 17:05:02,933 | INFO     | [BATCH-702573] ↳ Frame 5/5: SAD (46.0%)
2026-06-22 17:05:02,934 | INFO     | [BATCH-702573] 🎯 KẾT QUẢ CHUỖI: HAPPY (Tần suất: {'HAPPY': 4, 'SAD': 1})
2026-06-22 17:05:02,934 | INFO     | [BATCH-702573] ⏱️ Tổng thời gian xử lý: 360.61 ms
2026-06-22 17:06:08,824 | INFO     | [768824] ------------------------------------------
2026-06-22 17:06:08,824 | INFO     | [768824] 📥 NHẬN YÊU CẦU QUÉT KHUÔN MẶT MỚI
2026-06-22 17:06:08,824 | INFO     | [768824] Đã xử lý ảnh thành công. Kích thước tensor: (1, 48, 48, 1)
2026-06-22 17:06:08,904 | INFO     | [768824] ⏱️ Model inference: 78.24 ms
2026-06-22 17:06:08,904 | INFO     | [768824] 📊 Chi tiết dự đoán: {'ANGRY': 3.5, 'DISGUST': 0.18, 'FEAR': 7.85, 'HAPPY': 48.85, 'NEUTRAL': 18.21, 'SAD': 20.06, 'SURPRISE': 1.35}
2026-06-22 17:06:08,904 | INFO     | [768824] 🎯 KẾT QUẢ CHỐT: HAPPY (48.85%)
2026-06-22 17:06:08,904 | INFO     | [768824] ⏱️ Thời gian phản hồi: 79.74 ms
2026-06-22 17:06:09,311 | INFO     | [769311] ------------------------------------------
2026-06-22 17:06:09,312 | INFO     | [769311] 📥 NHẬN YÊU CẦU QUÉT KHUÔN MẶT MỚI
2026-06-22 17:06:09,313 | INFO     | [769311] Đã xử lý ảnh thành công. Kích thước tensor: (1, 48, 48, 1)
2026-06-22 17:06:09,383 | INFO     | [769311] ⏱️ Model inference: 69.67 ms
2026-06-22 17:06:09,384 | INFO     | [769311] 📊 Chi tiết dự đoán: {'ANGRY': 5.41, 'DISGUST': 0.24, 'FEAR': 8.23, 'HAPPY': 51.77, 'NEUTRAL': 14.32, 'SAD': 18.35, 'SURPRISE': 1.68}
2026-06-22 17:06:09,384 | INFO     | [769311] 🎯 KẾT QUẢ CHỐT: HAPPY (51.77%)
2026-06-22 17:06:09,384 | INFO     | [769311] ⏱️ Thời gian phản hồi: 72.2 ms
2026-06-22 17:06:09,574 | INFO     | [769574] ------------------------------------------
2026-06-22 17:06:09,576 | INFO     | [769574] 📥 NHẬN YÊU CẦU QUÉT KHUÔN MẶT MỚI
2026-06-22 17:06:09,576 | INFO     | [769574] Đã xử lý ảnh thành công. Kích thước tensor: (1, 48, 48, 1)
2026-06-22 17:06:09,632 | INFO     | [769574] ⏱️ Model inference: 56.54 ms
2026-06-22 17:06:09,632 | INFO     | [769574] 📊 Chi tiết dự đoán: {'ANGRY': 4.3, 'DISGUST': 0.25, 'FEAR': 7.61, 'HAPPY': 57.65, 'NEUTRAL': 12.25, 'SAD': 16.65, 'SURPRISE': 1.29}
2026-06-22 17:06:09,632 | INFO     | [769574] 🎯 KẾT QUẢ CHỐT: HAPPY (57.65%)
2026-06-22 17:06:09,632 | INFO     | [769574] ⏱️ Thời gian phản hồi: 58.05 ms
2026-06-22 17:06:09,822 | INFO     | [769822] ------------------------------------------
2026-06-22 17:06:09,823 | INFO     | [769822] 📥 NHẬN YÊU CẦU QUÉT KHUÔN MẶT MỚI
2026-06-22 17:06:09,823 | INFO     | [769822] Đã xử lý ảnh thành công. Kích thước tensor: (1, 48, 48, 1)
2026-06-22 17:06:09,878 | INFO     | [769822] ⏱️ Model inference: 54.89 ms
2026-06-22 17:06:09,880 | INFO     | [769822] 📊 Chi tiết dự đoán: {'ANGRY': 4.88, 'DISGUST': 0.18, 'FEAR': 15.67, 'HAPPY': 32.68, 'NEUTRAL': 13.84, 'SAD': 31.11, 'SURPRISE': 1.64}
2026-06-22 17:06:09,880 | INFO     | [769822] 🎯 KẾT QUẢ CHỐT: HAPPY (32.68%)
2026-06-22 17:06:09,880 | INFO     | [769822] ⏱️ Thời gian phản hồi: 55.9 ms
2026-06-22 17:06:10,072 | INFO     | [770072] ------------------------------------------
2026-06-22 17:06:10,072 | INFO     | [770072] 📥 NHẬN YÊU CẦU QUÉT KHUÔN MẶT MỚI
2026-06-22 17:06:10,073 | INFO     | [770072] Đã xử lý ảnh thành công. Kích thước tensor: (1, 48, 48, 1)
2026-06-22 17:06:10,133 | INFO     | [770072] ⏱️ Model inference: 59.52 ms
2026-06-22 17:06:10,133 | INFO     | [770072] 📊 Chi tiết dự đoán: {'ANGRY': 5.65, 'DISGUST': 0.27, 'FEAR': 10.99, 'HAPPY': 38.37, 'NEUTRAL': 16.18, 'SAD': 26.99, 'SURPRISE': 1.55}
2026-06-22 17:06:10,134 | INFO     | [770072] 🎯 KẾT QUẢ CHỐT: HAPPY (38.37%)
2026-06-22 17:06:10,134 | INFO     | [770072] ⏱️ Thời gian phản hồi: 60.98 ms
2026-06-22 17:06:10,322 | INFO     | [770322] ------------------------------------------
2026-06-22 17:06:10,323 | INFO     | [770322] 📥 NHẬN YÊU CẦU QUÉT KHUÔN MẶT MỚI
2026-06-22 17:06:10,323 | INFO     | [770322] Đã xử lý ảnh thành công. Kích thước tensor: (1, 48, 48, 1)
2026-06-22 17:06:10,377 | INFO     | [770322] ⏱️ Model inference: 53.63 ms
2026-06-22 17:06:10,377 | INFO     | [770322] 📊 Chi tiết dự đoán: {'ANGRY': 4.15, 'DISGUST': 0.17, 'FEAR': 8.0, 'HAPPY': 54.57, 'NEUTRAL': 11.4, 'SAD': 20.2, 'SURPRISE': 1.5}
2026-06-22 17:06:10,377 | INFO     | [770322] 🎯 KẾT QUẢ CHỐT: HAPPY (54.57%)
2026-06-22 17:06:10,377 | INFO     | [770322] ⏱️ Thời gian phản hồi: 54.64 ms
2026-06-22 17:06:10,571 | INFO     | [770571] ------------------------------------------
2026-06-22 17:06:10,572 | INFO     | [770571] 📥 NHẬN YÊU CẦU QUÉT KHUÔN MẶT MỚI
2026-06-22 17:06:10,573 | INFO     | [770571] Đã xử lý ảnh thành công. Kích thước tensor: (1, 48, 48, 1)
2026-06-22 17:06:10,629 | INFO     | [770571] ⏱️ Model inference: 56.3 ms
2026-06-22 17:06:10,629 | INFO     | [770571] 📊 Chi tiết dự đoán: {'ANGRY': 7.56, 'DISGUST': 0.21, 'FEAR': 9.39, 'HAPPY': 34.64, 'NEUTRAL': 17.51, 'SAD': 29.33, 'SURPRISE': 1.36}
2026-06-22 17:06:10,629 | INFO     | [770571] 🎯 KẾT QUẢ CHỐT: HAPPY (34.64%)
2026-06-22 17:06:10,630 | INFO     | [770571] ⏱️ Thời gian phản hồi: 58.29 ms
2026-06-22 17:06:10,823 | INFO     | [770823] ------------------------------------------
2026-06-22 17:06:10,823 | INFO     | [770823] 📥 NHẬN YÊU CẦU QUÉT KHUÔN MẶT MỚI
2026-06-22 17:06:10,824 | INFO     | [770823] Đã xử lý ảnh thành công. Kích thước tensor: (1, 48, 48, 1)
2026-06-22 17:06:10,883 | INFO     | [770823] ⏱️ Model inference: 58.89 ms
2026-06-22 17:06:10,883 | INFO     | [770823] 📊 Chi tiết dự đoán: {'ANGRY': 7.12, 'DISGUST': 0.18, 'FEAR': 8.98, 'HAPPY': 35.74, 'NEUTRAL': 17.43, 'SAD': 29.21, 'SURPRISE': 1.34}
2026-06-22 17:06:10,883 | INFO     | [770823] 🎯 KẾT QUẢ CHỐT: HAPPY (35.74%)
2026-06-22 17:06:10,883 | INFO     | [770823] ⏱️ Thời gian phản hồi: 60.2 ms
2026-06-22 17:06:11,070 | INFO     | [771070] ------------------------------------------
2026-06-22 17:06:11,071 | INFO     | [771070] 📥 NHẬN YÊU CẦU QUÉT KHUÔN MẶT MỚI
2026-06-22 17:06:11,071 | INFO     | [771070] Đã xử lý ảnh thành công. Kích thước tensor: (1, 48, 48, 1)
2026-06-22 17:06:11,130 | INFO     | [771070] ⏱️ Model inference: 57.77 ms
2026-06-22 17:06:11,131 | INFO     | [771070] 📊 Chi tiết dự đoán: {'ANGRY': 6.37, 'DISGUST': 0.18, 'FEAR': 9.02, 'HAPPY': 41.14, 'NEUTRAL': 16.3, 'SAD': 25.49, 'SURPRISE': 1.5}
2026-06-22 17:06:11,131 | INFO     | [771070] 🎯 KẾT QUẢ CHỐT: HAPPY (41.14%)
2026-06-22 17:06:11,131 | INFO     | [771070] ⏱️ Thời gian phản hồi: 60.81 ms
2026-06-22 17:06:11,320 | INFO     | [771320] ------------------------------------------
2026-06-22 17:06:11,320 | INFO     | [771320] 📥 NHẬN YÊU CẦU QUÉT KHUÔN MẶT MỚI
2026-06-22 17:06:11,322 | INFO     | [771320] Đã xử lý ảnh thành công. Kích thước tensor: (1, 48, 48, 1)
2026-06-22 17:06:11,385 | INFO     | [771320] ⏱️ Model inference: 63.14 ms
2026-06-22 17:06:11,385 | INFO     | [771320] 📊 Chi tiết dự đoán: {'ANGRY': 7.42, 'DISGUST': 0.27, 'FEAR': 8.23, 'HAPPY': 45.33, 'NEUTRAL': 11.48, 'SAD': 25.91, 'SURPRISE': 1.35}
2026-06-22 17:06:11,385 | INFO     | [771320] 🎯 KẾT QUẢ CHỐT: HAPPY (45.33%)
2026-06-22 17:06:11,385 | INFO     | [771320] ⏱️ Thời gian phản hồi: 65.17 ms
2026-06-22 17:06:11,570 | INFO     | [771570] ------------------------------------------
2026-06-22 17:06:11,570 | INFO     | [771570] 📥 NHẬN YÊU CẦU QUÉT KHUÔN MẶT MỚI
2026-06-22 17:06:11,572 | INFO     | [771570] Đã xử lý ảnh thành công. Kích thước tensor: (1, 48, 48, 1)
2026-06-22 17:06:11,651 | INFO     | [771570] ⏱️ Model inference: 77.24 ms
2026-06-22 17:06:11,652 | INFO     | [771570] 📊 Chi tiết dự đoán: {'ANGRY': 6.26, 'DISGUST': 0.19, 'FEAR': 7.19, 'HAPPY': 52.7, 'NEUTRAL': 10.63, 'SAD': 21.78, 'SURPRISE': 1.25}
2026-06-22 17:06:11,652 | INFO     | [771570] 🎯 KẾT QUẢ CHỐT: HAPPY (52.70%)
2026-06-22 17:06:11,652 | INFO     | [771570] ⏱️ Thời gian phản hồi: 82.48 ms
2026-06-22 17:06:11,819 | INFO     | [771819] ------------------------------------------
2026-06-22 17:06:11,819 | INFO     | [771819] 📥 NHẬN YÊU CẦU QUÉT KHUÔN MẶT MỚI
2026-06-22 17:06:11,820 | INFO     | [771819] Đã xử lý ảnh thành công. Kích thước tensor: (1, 48, 48, 1)
2026-06-22 17:06:11,878 | INFO     | [771819] ⏱️ Model inference: 58.15 ms
2026-06-22 17:06:11,879 | INFO     | [771819] 📊 Chi tiết dự đoán: {'ANGRY': 5.94, 'DISGUST': 0.15, 'FEAR': 7.97, 'HAPPY': 39.14, 'NEUTRAL': 16.13, 'SAD': 29.47, 'SURPRISE': 1.21}
2026-06-22 17:06:11,879 | INFO     | [771819] 🎯 KẾT QUẢ CHỐT: HAPPY (39.14%)
2026-06-22 17:06:11,879 | INFO     | [771819] ⏱️ Thời gian phản hồi: 60.14 ms
2026-06-22 17:06:12,068 | INFO     | [772068] ------------------------------------------
2026-06-22 17:06:12,068 | INFO     | [772068] 📥 NHẬN YÊU CẦU QUÉT KHUÔN MẶT MỚI
2026-06-22 17:06:12,069 | INFO     | [772068] Đã xử lý ảnh thành công. Kích thước tensor: (1, 48, 48, 1)
2026-06-22 17:06:12,122 | INFO     | [772068] ⏱️ Model inference: 52.67 ms
2026-06-22 17:06:12,122 | INFO     | [772068] 📊 Chi tiết dự đoán: {'ANGRY': 5.28, 'DISGUST': 0.22, 'FEAR': 9.19, 'HAPPY': 32.54, 'NEUTRAL': 18.27, 'SAD': 33.19, 'SURPRISE': 1.3}
2026-06-22 17:06:12,123 | INFO     | [772068] 🎯 KẾT QUẢ CHỐT: SAD (33.19%)
2026-06-22 17:06:12,123 | INFO     | [772068] ⏱️ Thời gian phản hồi: 53.84 ms
2026-06-22 17:06:12,332 | INFO     | [772332] ------------------------------------------
2026-06-22 17:06:12,332 | INFO     | [772332] 📥 NHẬN YÊU CẦU QUÉT KHUÔN MẶT MỚI
2026-06-22 17:06:12,333 | INFO     | [772332] Đã xử lý ảnh thành công. Kích thước tensor: (1, 48, 48, 1)
2026-06-22 17:06:12,400 | INFO     | [772332] ⏱️ Model inference: 66.26 ms
2026-06-22 17:06:12,400 | INFO     | [772332] 📊 Chi tiết dự đoán: {'ANGRY': 7.49, 'DISGUST': 0.27, 'FEAR': 9.3, 'HAPPY': 39.51, 'NEUTRAL': 14.2, 'SAD': 27.08, 'SURPRISE': 2.14}
2026-06-22 17:06:12,401 | INFO     | [772332] 🎯 KẾT QUẢ CHỐT: HAPPY (39.51%)
2026-06-22 17:06:12,401 | INFO     | [772332] ⏱️ Thời gian phản hồi: 67.3 ms
2026-06-22 17:06:12,567 | INFO     | [772567] ------------------------------------------
2026-06-22 17:06:12,568 | INFO     | [772567] 📥 NHẬN YÊU CẦU QUÉT KHUÔN MẶT MỚI
2026-06-22 17:06:12,570 | INFO     | [772567] Đã xử lý ảnh thành công. Kích thước tensor: (1, 48, 48, 1)
2026-06-22 17:06:12,636 | INFO     | [772567] ⏱️ Model inference: 66.49 ms
2026-06-22 17:06:12,636 | INFO     | [772567] 📊 Chi tiết dự đoán: {'ANGRY': 7.88, 'DISGUST': 0.23, 'FEAR': 7.84, 'HAPPY': 22.85, 'NEUTRAL': 21.15, 'SAD': 38.64, 'SURPRISE': 1.4}
2026-06-22 17:06:12,636 | INFO     | [772567] 🎯 KẾT QUẢ CHỐT: SAD (38.64%)
2026-06-22 17:06:12,637 | INFO     | [772567] ⏱️ Thời gian phản hồi: 68.93 ms
2026-06-22 17:06:12,816 | INFO     | [772816] ------------------------------------------
2026-06-22 17:06:12,816 | INFO     | [772816] 📥 NHẬN YÊU CẦU QUÉT KHUÔN MẶT MỚI
2026-06-22 17:06:12,817 | INFO     | [772816] Đã xử lý ảnh thành công. Kích thước tensor: (1, 48, 48, 1)
2026-06-22 17:06:12,885 | INFO     | [772816] ⏱️ Model inference: 67.29 ms
2026-06-22 17:06:12,885 | INFO     | [772816] 📊 Chi tiết dự đoán: {'ANGRY': 5.48, 'DISGUST': 0.18, 'FEAR': 7.85, 'HAPPY': 33.81, 'NEUTRAL': 19.5, 'SAD': 31.85, 'SURPRISE': 1.33}
2026-06-22 17:06:12,885 | INFO     | [772816] 🎯 KẾT QUẢ CHỐT: HAPPY (33.81%)
2026-06-22 17:06:12,886 | INFO     | [772816] ⏱️ Thời gian phản hồi: 68.75 ms
2026-06-22 17:06:13,068 | INFO     | [773068] ------------------------------------------
2026-06-22 17:06:13,068 | INFO     | [773068] 📥 NHẬN YÊU CẦU QUÉT KHUÔN MẶT MỚI
2026-06-22 17:06:13,068 | INFO     | [773068] Đã xử lý ảnh thành công. Kích thước tensor: (1, 48, 48, 1)
2026-06-22 17:06:13,136 | INFO     | [773068] ⏱️ Model inference: 66.64 ms
2026-06-22 17:06:13,137 | INFO     | [773068] 📊 Chi tiết dự đoán: {'ANGRY': 6.55, 'DISGUST': 0.29, 'FEAR': 7.52, 'HAPPY': 25.95, 'NEUTRAL': 23.66, 'SAD': 34.66, 'SURPRISE': 1.37}
2026-06-22 17:06:13,137 | INFO     | [773068] 🎯 KẾT QUẢ CHỐT: SAD (34.66%)
2026-06-22 17:06:13,137 | INFO     | [773068] ⏱️ Thời gian phản hồi: 69.16 ms
2026-06-22 17:06:13,333 | INFO     | [773333] ------------------------------------------
2026-06-22 17:06:13,333 | INFO     | [773333] 📥 NHẬN YÊU CẦU QUÉT KHUÔN MẶT MỚI
2026-06-22 17:06:13,335 | INFO     | [773333] Đã xử lý ảnh thành công. Kích thước tensor: (1, 48, 48, 1)
2026-06-22 17:06:13,399 | INFO     | [773333] ⏱️ Model inference: 64.16 ms
2026-06-22 17:06:13,399 | INFO     | [773333] 📊 Chi tiết dự đoán: {'ANGRY': 6.36, 'DISGUST': 0.23, 'FEAR': 8.56, 'HAPPY': 26.33, 'NEUTRAL': 22.04, 'SAD': 35.14, 'SURPRISE': 1.34}
2026-06-22 17:06:13,399 | INFO     | [773333] 🎯 KẾT QUẢ CHỐT: SAD (35.14%)
2026-06-22 17:06:13,399 | INFO     | [773333] ⏱️ Thời gian phản hồi: 65.52 ms
2026-06-22 17:06:13,565 | INFO     | [773565] ------------------------------------------
2026-06-22 17:06:13,565 | INFO     | [773565] 📥 NHẬN YÊU CẦU QUÉT KHUÔN MẶT MỚI
2026-06-22 17:06:13,566 | INFO     | [773565] Đã xử lý ảnh thành công. Kích thước tensor: (1, 48, 48, 1)
2026-06-22 17:06:13,628 | INFO     | [773565] ⏱️ Model inference: 61.94 ms
2026-06-22 17:06:13,628 | INFO     | [773565] 📊 Chi tiết dự đoán: {'ANGRY': 6.25, 'DISGUST': 0.29, 'FEAR': 8.59, 'HAPPY': 28.66, 'NEUTRAL': 20.87, 'SAD': 33.73, 'SURPRISE': 1.6}
2026-06-22 17:06:13,628 | INFO     | [773565] 🎯 KẾT QUẢ CHỐT: SAD (33.73%)
2026-06-22 17:06:13,629 | INFO     | [773565] ⏱️ Thời gian phản hồi: 62.95 ms
2026-06-22 17:06:13,815 | INFO     | [773815] ------------------------------------------
2026-06-22 17:06:13,815 | INFO     | [773815] 📥 NHẬN YÊU CẦU QUÉT KHUÔN MẶT MỚI
2026-06-22 17:06:13,816 | INFO     | [773815] Đã xử lý ảnh thành công. Kích thước tensor: (1, 48, 48, 1)
2026-06-22 17:06:13,876 | INFO     | [773815] ⏱️ Model inference: 60.14 ms
2026-06-22 17:06:13,878 | INFO     | [773815] 📊 Chi tiết dự đoán: {'ANGRY': 6.12, 'DISGUST': 0.23, 'FEAR': 6.93, 'HAPPY': 29.22, 'NEUTRAL': 21.5, 'SAD': 34.85, 'SURPRISE': 1.15}
2026-06-22 17:06:13,878 | INFO     | [773815] 🎯 KẾT QUẢ CHỐT: SAD (34.85%)
2026-06-22 17:06:13,878 | INFO     | [773815] ⏱️ Thời gian phản hồi: 62.63 ms
2026-06-22 17:06:14,077 | INFO     | [774077] ------------------------------------------
2026-06-22 17:06:14,079 | INFO     | [774077] 📥 NHẬN YÊU CẦU QUÉT KHUÔN MẶT MỚI
2026-06-22 17:06:14,079 | INFO     | [774077] Đã xử lý ảnh thành công. Kích thước tensor: (1, 48, 48, 1)
2026-06-22 17:06:14,142 | INFO     | [774077] ⏱️ Model inference: 63.43 ms
2026-06-22 17:06:14,144 | INFO     | [774077] 📊 Chi tiết dự đoán: {'ANGRY': 6.09, 'DISGUST': 0.21, 'FEAR': 6.48, 'HAPPY': 29.94, 'NEUTRAL': 22.26, 'SAD': 33.89, 'SURPRISE': 1.13}
2026-06-22 17:06:14,144 | INFO     | [774077] 🎯 KẾT QUẢ CHỐT: SAD (33.89%)
2026-06-22 17:06:14,144 | INFO     | [774077] ⏱️ Thời gian phản hồi: 66.11 ms
2026-06-22 17:06:14,327 | INFO     | [774327] ------------------------------------------
2026-06-22 17:06:14,328 | INFO     | [774327] 📥 NHẬN YÊU CẦU QUÉT KHUÔN MẶT MỚI
2026-06-22 17:06:14,328 | INFO     | [774327] Đã xử lý ảnh thành công. Kích thước tensor: (1, 48, 48, 1)
2026-06-22 17:06:14,378 | INFO     | [774327] ⏱️ Model inference: 50.58 ms
2026-06-22 17:06:14,379 | INFO     | [774327] 📊 Chi tiết dự đoán: {'ANGRY': 5.15, 'DISGUST': 0.15, 'FEAR': 8.39, 'HAPPY': 21.28, 'NEUTRAL': 21.03, 'SAD': 42.87, 'SURPRISE': 1.13}
2026-06-22 17:06:14,379 | INFO     | [774327] 🎯 KẾT QUẢ CHỐT: SAD (42.87%)
2026-06-22 17:06:14,379 | INFO     | [774327] ⏱️ Thời gian phản hồi: 52.63 ms
2026-06-22 17:06:14,561 | INFO     | [774561] ------------------------------------------
2026-06-22 17:06:14,561 | INFO     | [774561] 📥 NHẬN YÊU CẦU QUÉT KHUÔN MẶT MỚI
2026-06-22 17:06:14,561 | INFO     | [774561] Đã xử lý ảnh thành công. Kích thước tensor: (1, 48, 48, 1)
2026-06-22 17:06:14,624 | INFO     | [774561] ⏱️ Model inference: 61.15 ms
2026-06-22 17:06:14,624 | INFO     | [774561] 📊 Chi tiết dự đoán: {'ANGRY': 5.88, 'DISGUST': 0.15, 'FEAR': 8.87, 'HAPPY': 22.45, 'NEUTRAL': 22.34, 'SAD': 39.09, 'SURPRISE': 1.23}
2026-06-22 17:06:14,624 | INFO     | [774561] 🎯 KẾT QUẢ CHỐT: SAD (39.09%)
2026-06-22 17:06:14,624 | INFO     | [774561] ⏱️ Thời gian phản hồi: 62.65 ms
2026-06-22 17:06:14,812 | INFO     | [774812] ------------------------------------------
2026-06-22 17:06:14,813 | INFO     | [774812] 📥 NHẬN YÊU CẦU QUÉT KHUÔN MẶT MỚI
2026-06-22 17:06:14,813 | INFO     | [774812] Đã xử lý ảnh thành công. Kích thước tensor: (1, 48, 48, 1)
2026-06-22 17:06:14,862 | INFO     | [774812] ⏱️ Model inference: 49.09 ms
2026-06-22 17:06:14,862 | INFO     | [774812] 📊 Chi tiết dự đoán: {'ANGRY': 5.39, 'DISGUST': 0.09, 'FEAR': 7.81, 'HAPPY': 11.35, 'NEUTRAL': 19.13, 'SAD': 51.92, 'SURPRISE': 4.31}
2026-06-22 17:06:14,863 | INFO     | [774812] 🎯 KẾT QUẢ CHỐT: SAD (51.92%)
2026-06-22 17:06:14,863 | INFO     | [774812] ⏱️ Thời gian phản hồi: 50.08 ms
2026-06-22 17:06:15,079 | INFO     | [775079] ------------------------------------------
2026-06-22 17:06:15,079 | INFO     | [775079] 📥 NHẬN YÊU CẦU QUÉT KHUÔN MẶT MỚI
2026-06-22 17:06:15,080 | INFO     | [775079] Đã xử lý ảnh thành công. Kích thước tensor: (1, 48, 48, 1)
2026-06-22 17:06:15,143 | INFO     | [775079] ⏱️ Model inference: 62.86 ms
2026-06-22 17:06:15,144 | INFO     | [775079] 📊 Chi tiết dự đoán: {'ANGRY': 6.97, 'DISGUST': 0.29, 'FEAR': 4.75, 'HAPPY': 45.64, 'NEUTRAL': 8.75, 'SAD': 32.92, 'SURPRISE': 0.69}
2026-06-22 17:06:15,144 | INFO     | [775079] 🎯 KẾT QUẢ CHỐT: HAPPY (45.64%)
2026-06-22 17:06:15,144 | INFO     | [775079] ⏱️ Thời gian phản hồi: 65.01 ms
2026-06-22 17:06:15,329 | INFO     | [775329] ------------------------------------------
2026-06-22 17:06:15,329 | INFO     | [775329] 📥 NHẬN YÊU CẦU QUÉT KHUÔN MẶT MỚI
2026-06-22 17:06:15,330 | INFO     | [775329] Đã xử lý ảnh thành công. Kích thước tensor: (1, 48, 48, 1)
2026-06-22 17:06:15,376 | INFO     | [775329] ⏱️ Model inference: 46.83 ms
2026-06-22 17:06:15,377 | INFO     | [775329] 📊 Chi tiết dự đoán: {'ANGRY': 7.2, 'DISGUST': 0.49, 'FEAR': 4.43, 'HAPPY': 56.26, 'NEUTRAL': 6.43, 'SAD': 24.15, 'SURPRISE': 1.04}
2026-06-22 17:06:15,377 | INFO     | [775329] 🎯 KẾT QUẢ CHỐT: HAPPY (56.26%)
2026-06-22 17:06:15,377 | INFO     | [775329] ⏱️ Thời gian phản hồi: 47.84 ms
2026-06-22 17:06:15,565 | INFO     | [775565] ------------------------------------------
2026-06-22 17:06:15,565 | INFO     | [775565] 📥 NHẬN YÊU CẦU QUÉT KHUÔN MẶT MỚI
2026-06-22 17:06:15,566 | INFO     | [775565] Đã xử lý ảnh thành công. Kích thước tensor: (1, 48, 48, 1)
2026-06-22 17:06:15,618 | INFO     | [775565] ⏱️ Model inference: 52.93 ms
2026-06-22 17:06:15,619 | INFO     | [775565] 📊 Chi tiết dự đoán: {'ANGRY': 7.5, 'DISGUST': 0.48, 'FEAR': 4.58, 'HAPPY': 40.25, 'NEUTRAL': 11.46, 'SAD': 34.9, 'SURPRISE': 0.83}
2026-06-22 17:06:15,619 | INFO     | [775565] 🎯 KẾT QUẢ CHỐT: HAPPY (40.25%)
2026-06-22 17:06:15,619 | INFO     | [775565] ⏱️ Thời gian phản hồi: 53.93 ms
2026-06-22 17:06:15,830 | INFO     | [775830] ------------------------------------------
2026-06-22 17:06:15,830 | INFO     | [775830] 📥 NHẬN YÊU CẦU QUÉT KHUÔN MẶT MỚI
2026-06-22 17:06:15,831 | INFO     | [775830] Đã xử lý ảnh thành công. Kích thước tensor: (1, 48, 48, 1)
2026-06-22 17:06:15,889 | INFO     | [775830] ⏱️ Model inference: 57.43 ms
2026-06-22 17:06:15,890 | INFO     | [775830] 📊 Chi tiết dự đoán: {'ANGRY': 8.15, 'DISGUST': 0.44, 'FEAR': 5.14, 'HAPPY': 41.2, 'NEUTRAL': 8.58, 'SAD': 35.41, 'SURPRISE': 1.08}
2026-06-22 17:06:15,890 | INFO     | [775830] 🎯 KẾT QUẢ CHỐT: HAPPY (41.20%)
2026-06-22 17:06:15,890 | INFO     | [775830] ⏱️ Thời gian phản hồi: 59.44 ms
2026-06-22 17:06:16,081 | INFO     | [776081] ------------------------------------------
2026-06-22 17:06:16,081 | INFO     | [776081] 📥 NHẬN YÊU CẦU QUÉT KHUÔN MẶT MỚI
2026-06-22 17:06:16,082 | INFO     | [776081] Đã xử lý ảnh thành công. Kích thước tensor: (1, 48, 48, 1)
2026-06-22 17:06:16,141 | INFO     | [776081] ⏱️ Model inference: 59.24 ms
2026-06-22 17:06:16,141 | INFO     | [776081] 📊 Chi tiết dự đoán: {'ANGRY': 7.17, 'DISGUST': 0.54, 'FEAR': 4.68, 'HAPPY': 47.52, 'NEUTRAL': 8.54, 'SAD': 30.49, 'SURPRISE': 1.07}
2026-06-22 17:06:16,141 | INFO     | [776081] 🎯 KẾT QUẢ CHỐT: HAPPY (47.52%)
2026-06-22 17:06:16,141 | INFO     | [776081] ⏱️ Thời gian phản hồi: 60.24 ms
2026-06-22 17:06:16,331 | INFO     | [776331] ------------------------------------------
2026-06-22 17:06:16,331 | INFO     | [776331] 📥 NHẬN YÊU CẦU QUÉT KHUÔN MẶT MỚI
2026-06-22 17:06:16,332 | INFO     | [776331] Đã xử lý ảnh thành công. Kích thước tensor: (1, 48, 48, 1)
2026-06-22 17:06:16,387 | INFO     | [776331] ⏱️ Model inference: 54.81 ms
2026-06-22 17:06:16,387 | INFO     | [776331] 📊 Chi tiết dự đoán: {'ANGRY': 7.2, 'DISGUST': 0.37, 'FEAR': 4.29, 'HAPPY': 46.86, 'NEUTRAL': 10.6, 'SAD': 29.84, 'SURPRISE': 0.84}
2026-06-22 17:06:16,387 | INFO     | [776331] 🎯 KẾT QUẢ CHỐT: HAPPY (46.86%)
2026-06-22 17:06:16,388 | INFO     | [776331] ⏱️ Thời gian phản hồi: 55.89 ms
2026-06-22 17:06:16,579 | INFO     | [776579] ------------------------------------------
2026-06-22 17:06:16,579 | INFO     | [776579] 📥 NHẬN YÊU CẦU QUÉT KHUÔN MẶT MỚI
2026-06-22 17:06:16,580 | INFO     | [776579] Đã xử lý ảnh thành công. Kích thước tensor: (1, 48, 48, 1)
2026-06-22 17:06:16,638 | INFO     | [776579] ⏱️ Model inference: 57.16 ms
2026-06-22 17:06:16,639 | INFO     | [776579] 📊 Chi tiết dự đoán: {'ANGRY': 7.15, 'DISGUST': 0.39, 'FEAR': 4.2, 'HAPPY': 47.87, 'NEUTRAL': 11.3, 'SAD': 28.29, 'SURPRISE': 0.8}
2026-06-22 17:06:16,639 | INFO     | [776579] 🎯 KẾT QUẢ CHỐT: HAPPY (47.87%)
2026-06-22 17:06:16,639 | INFO     | [776579] ⏱️ Thời gian phản hồi: 59.18 ms
2026-06-22 17:06:16,847 | INFO     | [776847] ------------------------------------------
2026-06-22 17:06:16,847 | INFO     | [776847] 📥 NHẬN YÊU CẦU QUÉT KHUÔN MẶT MỚI
2026-06-22 17:06:16,847 | INFO     | [776847] Đã xử lý ảnh thành công. Kích thước tensor: (1, 48, 48, 1)
2026-06-22 17:06:16,897 | INFO     | [776847] ⏱️ Model inference: 50.38 ms
2026-06-22 17:06:16,897 | INFO     | [776847] 📊 Chi tiết dự đoán: {'ANGRY': 8.82, 'DISGUST': 0.37, 'FEAR': 4.13, 'HAPPY': 46.47, 'NEUTRAL': 9.62, 'SAD': 29.93, 'SURPRISE': 0.65}
2026-06-22 17:06:16,897 | INFO     | [776847] 🎯 KẾT QUẢ CHỐT: HAPPY (46.47%)
2026-06-22 17:06:16,897 | INFO     | [776847] ⏱️ Thời gian phản hồi: 50.38 ms
2026-06-22 17:06:17,064 | INFO     | [777064] ------------------------------------------
2026-06-22 17:06:17,064 | INFO     | [777064] 📥 NHẬN YÊU CẦU QUÉT KHUÔN MẶT MỚI
2026-06-22 17:06:17,065 | INFO     | [777064] Đã xử lý ảnh thành công. Kích thước tensor: (1, 48, 48, 1)
2026-06-22 17:06:17,127 | INFO     | [777064] ⏱️ Model inference: 61.62 ms
2026-06-22 17:06:17,127 | INFO     | [777064] 📊 Chi tiết dự đoán: {'ANGRY': 5.63, 'DISGUST': 0.31, 'FEAR': 4.78, 'HAPPY': 44.36, 'NEUTRAL': 12.57, 'SAD': 31.62, 'SURPRISE': 0.73}
2026-06-22 17:06:17,127 | INFO     | [777064] 🎯 KẾT QUẢ CHỐT: HAPPY (44.36%)
2026-06-22 17:06:17,127 | INFO     | [777064] ⏱️ Thời gian phản hồi: 63.3 ms
2026-06-22 17:06:17,330 | INFO     | [777330] ------------------------------------------
2026-06-22 17:06:17,330 | INFO     | [777330] 📥 NHẬN YÊU CẦU QUÉT KHUÔN MẶT MỚI
2026-06-22 17:06:17,332 | INFO     | [777330] Đã xử lý ảnh thành công. Kích thước tensor: (1, 48, 48, 1)
2026-06-22 17:06:17,397 | INFO     | [777330] ⏱️ Model inference: 64.31 ms
2026-06-22 17:06:17,397 | INFO     | [777330] 📊 Chi tiết dự đoán: {'ANGRY': 6.95, 'DISGUST': 0.34, 'FEAR': 5.66, 'HAPPY': 43.59, 'NEUTRAL': 11.74, 'SAD': 30.79, 'SURPRISE': 0.94}
2026-06-22 17:06:17,397 | INFO     | [777330] 🎯 KẾT QUẢ CHỐT: HAPPY (43.59%)
2026-06-22 17:06:17,397 | INFO     | [777330] ⏱️ Thời gian phản hồi: 66.78 ms
2026-06-22 17:06:17,581 | INFO     | [777581] ------------------------------------------
2026-06-22 17:06:17,581 | INFO     | [777581] 📥 NHẬN YÊU CẦU QUÉT KHUÔN MẶT MỚI
2026-06-22 17:06:17,583 | INFO     | [777581] Đã xử lý ảnh thành công. Kích thước tensor: (1, 48, 48, 1)
2026-06-22 17:06:17,651 | INFO     | [777581] ⏱️ Model inference: 67.78 ms
2026-06-22 17:06:17,651 | INFO     | [777581] 📊 Chi tiết dự đoán: {'ANGRY': 7.51, 'DISGUST': 0.4, 'FEAR': 5.33, 'HAPPY': 47.77, 'NEUTRAL': 10.67, 'SAD': 27.48, 'SURPRISE': 0.85}
2026-06-22 17:06:17,651 | INFO     | [777581] 🎯 KẾT QUẢ CHỐT: HAPPY (47.77%)
2026-06-22 17:06:17,651 | INFO     | [777581] ⏱️ Thời gian phản hồi: 69.25 ms
2026-06-22 17:06:17,828 | INFO     | [777828] ------------------------------------------
2026-06-22 17:06:17,828 | INFO     | [777828] 📥 NHẬN YÊU CẦU QUÉT KHUÔN MẶT MỚI
2026-06-22 17:06:17,830 | INFO     | [777828] Đã xử lý ảnh thành công. Kích thước tensor: (1, 48, 48, 1)
2026-06-22 17:06:17,898 | INFO     | [777828] ⏱️ Model inference: 68.4 ms
2026-06-22 17:06:17,898 | INFO     | [777828] 📊 Chi tiết dự đoán: {'ANGRY': 8.0, 'DISGUST': 0.4, 'FEAR': 5.22, 'HAPPY': 40.82, 'NEUTRAL': 10.92, 'SAD': 33.78, 'SURPRISE': 0.86}
2026-06-22 17:06:17,898 | INFO     | [777828] 🎯 KẾT QUẢ CHỐT: HAPPY (40.82%)
2026-06-22 17:06:17,898 | INFO     | [777828] ⏱️ Thời gian phản hồi: 69.87 ms
2026-06-22 17:06:18,078 | INFO     | [778078] ------------------------------------------
2026-06-22 17:06:18,078 | INFO     | [778078] 📥 NHẬN YÊU CẦU QUÉT KHUÔN MẶT MỚI
2026-06-22 17:06:18,078 | INFO     | [778078] Đã xử lý ảnh thành công. Kích thước tensor: (1, 48, 48, 1)
2026-06-22 17:06:18,175 | INFO     | [778078] ⏱️ Model inference: 96.92 ms
2026-06-22 17:06:18,175 | INFO     | [778078] 📊 Chi tiết dự đoán: {'ANGRY': 6.28, 'DISGUST': 0.32, 'FEAR': 4.7, 'HAPPY': 51.23, 'NEUTRAL': 9.89, 'SAD': 26.79, 'SURPRISE': 0.8}
2026-06-22 17:06:18,175 | INFO     | [778078] 🎯 KẾT QUẢ CHỐT: HAPPY (51.23%)
2026-06-22 17:06:18,175 | INFO     | [778078] ⏱️ Thời gian phản hồi: 96.92 ms
2026-06-22 17:06:18,315 | INFO     | [778315] ------------------------------------------
2026-06-22 17:06:18,315 | INFO     | [778315] 📥 NHẬN YÊU CẦU QUÉT KHUÔN MẶT MỚI
2026-06-22 17:06:18,316 | INFO     | [778315] Đã xử lý ảnh thành công. Kích thước tensor: (1, 48, 48, 1)
2026-06-22 17:06:18,395 | INFO     | [778315] ⏱️ Model inference: 78.72 ms
2026-06-22 17:06:18,396 | INFO     | [778315] 📊 Chi tiết dự đoán: {'ANGRY': 5.95, 'DISGUST': 0.16, 'FEAR': 11.32, 'HAPPY': 10.69, 'NEUTRAL': 23.86, 'SAD': 46.3, 'SURPRISE': 1.71}
2026-06-22 17:06:18,396 | INFO     | [778315] 🎯 KẾT QUẢ CHỐT: SAD (46.30%)
2026-06-22 17:06:18,396 | INFO     | [778315] ⏱️ Thời gian phản hồi: 81.23 ms
2026-06-22 17:06:18,577 | INFO     | [778577] ------------------------------------------
2026-06-22 17:06:18,579 | INFO     | [778577] 📥 NHẬN YÊU CẦU QUÉT KHUÔN MẶT MỚI
2026-06-22 17:06:18,579 | INFO     | [778577] Đã xử lý ảnh thành công. Kích thước tensor: (1, 48, 48, 1)
2026-06-22 17:06:18,655 | INFO     | [778577] ⏱️ Model inference: 76.25 ms
2026-06-22 17:06:18,655 | INFO     | [778577] 📊 Chi tiết dự đoán: {'ANGRY': 5.92, 'DISGUST': 0.13, 'FEAR': 12.01, 'HAPPY': 7.93, 'NEUTRAL': 19.79, 'SAD': 53.04, 'SURPRISE': 1.17}
2026-06-22 17:06:18,657 | INFO     | [778577] 🎯 KẾT QUẢ CHỐT: SAD (53.04%)
2026-06-22 17:06:18,657 | INFO     | [778577] ⏱️ Thời gian phản hồi: 77.66 ms
2026-06-22 17:06:18,826 | INFO     | [778826] ------------------------------------------
2026-06-22 17:06:18,826 | INFO     | [778826] 📥 NHẬN YÊU CẦU QUÉT KHUÔN MẶT MỚI
2026-06-22 17:06:18,828 | INFO     | [778826] Đã xử lý ảnh thành công. Kích thước tensor: (1, 48, 48, 1)
2026-06-22 17:06:18,892 | INFO     | [778826] ⏱️ Model inference: 64.95 ms
2026-06-22 17:06:18,893 | INFO     | [778826] 📊 Chi tiết dự đoán: {'ANGRY': 5.12, 'DISGUST': 0.12, 'FEAR': 12.18, 'HAPPY': 9.37, 'NEUTRAL': 19.54, 'SAD': 52.38, 'SURPRISE': 1.29}
2026-06-22 17:06:18,893 | INFO     | [778826] 🎯 KẾT QUẢ CHỐT: SAD (52.38%)
2026-06-22 17:06:18,893 | INFO     | [778826] ⏱️ Thời gian phản hồi: 67.29 ms
2026-06-22 17:06:19,073 | INFO     | [779073] ------------------------------------------
2026-06-22 17:06:19,073 | INFO     | [779073] 📥 NHẬN YÊU CẦU QUÉT KHUÔN MẶT MỚI
2026-06-22 17:06:19,075 | INFO     | [779073] Đã xử lý ảnh thành công. Kích thước tensor: (1, 48, 48, 1)
2026-06-22 17:06:19,136 | INFO     | [779073] ⏱️ Model inference: 60.02 ms
2026-06-22 17:06:19,136 | INFO     | [779073] 📊 Chi tiết dự đoán: {'ANGRY': 5.41, 'DISGUST': 0.11, 'FEAR': 11.16, 'HAPPY': 8.89, 'NEUTRAL': 23.06, 'SAD': 50.23, 'SURPRISE': 1.14}
2026-06-22 17:06:19,136 | INFO     | [779073] 🎯 KẾT QUẢ CHỐT: SAD (50.23%)
2026-06-22 17:06:19,136 | INFO     | [779073] ⏱️ Thời gian phản hồi: 62.78 ms
2026-06-22 17:06:19,339 | INFO     | [779339] ------------------------------------------
2026-06-22 17:06:19,339 | INFO     | [779339] 📥 NHẬN YÊU CẦU QUÉT KHUÔN MẶT MỚI
2026-06-22 17:06:19,340 | INFO     | [779339] Đã xử lý ảnh thành công. Kích thước tensor: (1, 48, 48, 1)
2026-06-22 17:06:19,457 | INFO     | [779339] ⏱️ Model inference: 115.58 ms
2026-06-22 17:06:19,459 | INFO     | [779339] 📊 Chi tiết dự đoán: {'ANGRY': 4.91, 'DISGUST': 0.11, 'FEAR': 12.15, 'HAPPY': 9.94, 'NEUTRAL': 20.86, 'SAD': 50.55, 'SURPRISE': 1.49}
2026-06-22 17:06:19,459 | INFO     | [779339] 🎯 KẾT QUẢ CHỐT: SAD (50.55%)
2026-06-22 17:06:19,459 | INFO     | [779339] ⏱️ Thời gian phản hồi: 119.09 ms
2026-06-22 17:07:21,418 | INFO     | [841418] ------------------------------------------
2026-06-22 17:07:21,419 | INFO     | [841418] 📥 NHẬN YÊU CẦU QUÉT KHUÔN MẶT MỚI
2026-06-22 17:07:21,419 | INFO     | [841418] Đã xử lý ảnh thành công. Kích thước tensor: (1, 48, 48, 1)
2026-06-22 17:07:21,470 | INFO     | [841418] ⏱️ Model inference: 50.49 ms
2026-06-22 17:07:21,470 | INFO     | [841418] 📊 Chi tiết dự đoán: {'ANGRY': 3.71, 'DISGUST': 0.18, 'FEAR': 10.56, 'HAPPY': 33.41, 'NEUTRAL': 15.16, 'SAD': 35.65, 'SURPRISE': 1.33}
2026-06-22 17:07:21,470 | INFO     | [841418] 🎯 KẾT QUẢ CHỐT: SAD (35.65%)
2026-06-22 17:07:21,470 | INFO     | [841418] ⏱️ Thời gian phản hồi: 52.49 ms
2026-06-22 17:07:21,877 | INFO     | [841877] ------------------------------------------
2026-06-22 17:07:21,877 | INFO     | [841877] 📥 NHẬN YÊU CẦU QUÉT KHUÔN MẶT MỚI
2026-06-22 17:07:21,878 | INFO     | [841877] Đã xử lý ảnh thành công. Kích thước tensor: (1, 48, 48, 1)
2026-06-22 17:07:21,914 | INFO     | [841914] ------------------------------------------
2026-06-22 17:07:21,915 | INFO     | [841914] 📥 NHẬN YÊU CẦU QUÉT KHUÔN MẶT MỚI
2026-06-22 17:07:21,915 | INFO     | [841914] Đã xử lý ảnh thành công. Kích thước tensor: (1, 48, 48, 1)
2026-06-22 17:07:21,934 | INFO     | [841877] ⏱️ Model inference: 55.95 ms
2026-06-22 17:07:21,935 | INFO     | [841877] 📊 Chi tiết dự đoán: {'ANGRY': 3.17, 'DISGUST': 0.24, 'FEAR': 6.96, 'HAPPY': 42.8, 'NEUTRAL': 11.39, 'SAD': 34.86, 'SURPRISE': 0.58}
2026-06-22 17:07:21,935 | INFO     | [841877] 🎯 KẾT QUẢ CHỐT: HAPPY (42.80%)
2026-06-22 17:07:21,936 | INFO     | [841877] ⏱️ Thời gian phản hồi: 57.96 ms
2026-06-22 17:07:21,973 | INFO     | [841914] ⏱️ Model inference: 58.2 ms
2026-06-22 17:07:21,975 | INFO     | [841914] 📊 Chi tiết dự đoán: {'ANGRY': 3.58, 'DISGUST': 0.31, 'FEAR': 8.63, 'HAPPY': 41.96, 'NEUTRAL': 11.53, 'SAD': 33.37, 'SURPRISE': 0.62}
2026-06-22 17:07:21,975 | INFO     | [841914] 🎯 KẾT QUẢ CHỐT: HAPPY (41.96%)
2026-06-22 17:07:21,975 | INFO     | [841914] ⏱️ Thời gian phản hồi: 60.43 ms
2026-06-22 17:07:22,175 | INFO     | [842175] ------------------------------------------
2026-06-22 17:07:22,175 | INFO     | [842175] 📥 NHẬN YÊU CẦU QUÉT KHUÔN MẶT MỚI
2026-06-22 17:07:22,175 | INFO     | [842175] Đã xử lý ảnh thành công. Kích thước tensor: (1, 48, 48, 1)
2026-06-22 17:07:22,239 | INFO     | [842175] ⏱️ Model inference: 63.12 ms
2026-06-22 17:07:22,240 | INFO     | [842175] 📊 Chi tiết dự đoán: {'ANGRY': 4.3, 'DISGUST': 0.3, 'FEAR': 11.93, 'HAPPY': 22.52, 'NEUTRAL': 11.88, 'SAD': 48.01, 'SURPRISE': 1.07}
2026-06-22 17:07:22,240 | INFO     | [842175] 🎯 KẾT QUẢ CHỐT: SAD (48.01%)
2026-06-22 17:07:22,240 | INFO     | [842175] ⏱️ Thời gian phản hồi: 64.63 ms
2026-06-22 17:07:22,423 | INFO     | [842423] ------------------------------------------
2026-06-22 17:07:22,423 | INFO     | [842423] 📥 NHẬN YÊU CẦU QUÉT KHUÔN MẶT MỚI
2026-06-22 17:07:22,424 | INFO     | [842423] Đã xử lý ảnh thành công. Kích thước tensor: (1, 48, 48, 1)
2026-06-22 17:07:22,478 | INFO     | [842423] ⏱️ Model inference: 53.8 ms
2026-06-22 17:07:22,478 | INFO     | [842423] 📊 Chi tiết dự đoán: {'ANGRY': 4.07, 'DISGUST': 0.2, 'FEAR': 13.1, 'HAPPY': 17.88, 'NEUTRAL': 11.16, 'SAD': 52.54, 'SURPRISE': 1.05}
2026-06-22 17:07:22,478 | INFO     | [842423] 🎯 KẾT QUẢ CHỐT: SAD (52.54%)
2026-06-22 17:07:22,478 | INFO     | [842423] ⏱️ Thời gian phản hồi: 55.52 ms
2026-06-22 17:07:22,671 | INFO     | [842671] ------------------------------------------
2026-06-22 17:07:22,673 | INFO     | [842671] 📥 NHẬN YÊU CẦU QUÉT KHUÔN MẶT MỚI
2026-06-22 17:07:22,673 | INFO     | [842671] Đã xử lý ảnh thành công. Kích thước tensor: (1, 48, 48, 1)
2026-06-22 17:07:22,727 | INFO     | [842671] ⏱️ Model inference: 53.79 ms
2026-06-22 17:07:22,727 | INFO     | [842671] 📊 Chi tiết dự đoán: {'ANGRY': 3.63, 'DISGUST': 0.16, 'FEAR': 12.48, 'HAPPY': 10.34, 'NEUTRAL': 12.56, 'SAD': 59.92, 'SURPRISE': 0.92}
2026-06-22 17:07:22,727 | INFO     | [842671] 🎯 KẾT QUẢ CHỐT: SAD (59.92%)
2026-06-22 17:07:22,727 | INFO     | [842671] ⏱️ Thời gian phản hồi: 55.23 ms
2026-06-22 17:07:22,922 | INFO     | [842922] ------------------------------------------
2026-06-22 17:07:22,922 | INFO     | [842922] 📥 NHẬN YÊU CẦU QUÉT KHUÔN MẶT MỚI
2026-06-22 17:07:22,922 | INFO     | [842922] Đã xử lý ảnh thành công. Kích thước tensor: (1, 48, 48, 1)
2026-06-22 17:07:22,975 | INFO     | [842922] ⏱️ Model inference: 51.29 ms
2026-06-22 17:07:22,975 | INFO     | [842922] 📊 Chi tiết dự đoán: {'ANGRY': 4.09, 'DISGUST': 0.19, 'FEAR': 14.89, 'HAPPY': 13.58, 'NEUTRAL': 10.46, 'SAD': 55.69, 'SURPRISE': 1.1}
2026-06-22 17:07:22,976 | INFO     | [842922] 🎯 KẾT QUẢ CHỐT: SAD (55.69%)
2026-06-22 17:07:22,976 | INFO     | [842922] ⏱️ Thời gian phản hồi: 52.32 ms
2026-06-22 17:07:23,172 | INFO     | [843172] ------------------------------------------
2026-06-22 17:07:23,173 | INFO     | [843172] 📥 NHẬN YÊU CẦU QUÉT KHUÔN MẶT MỚI
2026-06-22 17:07:23,173 | INFO     | [843172] Đã xử lý ảnh thành công. Kích thước tensor: (1, 48, 48, 1)
2026-06-22 17:07:23,233 | INFO     | [843172] ⏱️ Model inference: 59.81 ms
2026-06-22 17:07:23,234 | INFO     | [843172] 📊 Chi tiết dự đoán: {'ANGRY': 4.86, 'DISGUST': 0.25, 'FEAR': 11.99, 'HAPPY': 18.26, 'NEUTRAL': 13.12, 'SAD': 50.6, 'SURPRISE': 0.92}
2026-06-22 17:07:23,234 | INFO     | [843172] 🎯 KẾT QUẢ CHỐT: SAD (50.60%)
2026-06-22 17:07:23,234 | INFO     | [843172] ⏱️ Thời gian phản hồi: 61.84 ms
2026-06-22 17:07:23,424 | INFO     | [843424] ------------------------------------------
2026-06-22 17:07:23,425 | INFO     | [843424] 📥 NHẬN YÊU CẦU QUÉT KHUÔN MẶT MỚI
2026-06-22 17:07:23,425 | INFO     | [843424] Đã xử lý ảnh thành công. Kích thước tensor: (1, 48, 48, 1)
2026-06-22 17:07:23,475 | INFO     | [843424] ⏱️ Model inference: 49.18 ms
2026-06-22 17:07:23,475 | INFO     | [843424] 📊 Chi tiết dự đoán: {'ANGRY': 5.75, 'DISGUST': 0.19, 'FEAR': 11.52, 'HAPPY': 11.06, 'NEUTRAL': 15.54, 'SAD': 54.88, 'SURPRISE': 1.06}
2026-06-22 17:07:23,475 | INFO     | [843424] 🎯 KẾT QUẢ CHỐT: SAD (54.88%)
2026-06-22 17:07:23,476 | INFO     | [843424] ⏱️ Thời gian phản hồi: 50.85 ms
2026-06-22 17:07:23,674 | INFO     | [843674] ------------------------------------------
2026-06-22 17:07:23,675 | INFO     | [843674] 📥 NHẬN YÊU CẦU QUÉT KHUÔN MẶT MỚI
2026-06-22 17:07:23,675 | INFO     | [843674] Đã xử lý ảnh thành công. Kích thước tensor: (1, 48, 48, 1)
2026-06-22 17:07:23,726 | INFO     | [843674] ⏱️ Model inference: 51.23 ms
2026-06-22 17:07:23,726 | INFO     | [843674] 📊 Chi tiết dự đoán: {'ANGRY': 7.85, 'DISGUST': 0.5, 'FEAR': 11.89, 'HAPPY': 17.44, 'NEUTRAL': 10.77, 'SAD': 50.38, 'SURPRISE': 1.16}
2026-06-22 17:07:23,726 | INFO     | [843674] 🎯 KẾT QUẢ CHỐT: SAD (50.38%)
2026-06-22 17:07:23,726 | INFO     | [843674] ⏱️ Thời gian phản hồi: 52.56 ms
2026-06-22 17:07:23,938 | INFO     | [843938] ------------------------------------------
2026-06-22 17:07:23,938 | INFO     | [843938] 📥 NHẬN YÊU CẦU QUÉT KHUÔN MẶT MỚI
2026-06-22 17:07:23,939 | INFO     | [843938] Đã xử lý ảnh thành công. Kích thước tensor: (1, 48, 48, 1)
2026-06-22 17:07:23,987 | INFO     | [843938] ⏱️ Model inference: 48.3 ms
2026-06-22 17:07:23,988 | INFO     | [843938] 📊 Chi tiết dự đoán: {'ANGRY': 6.19, 'DISGUST': 0.27, 'FEAR': 11.18, 'HAPPY': 15.46, 'NEUTRAL': 12.61, 'SAD': 53.19, 'SURPRISE': 1.1}
2026-06-22 17:07:23,988 | INFO     | [843938] 🎯 KẾT QUẢ CHỐT: SAD (53.19%)
2026-06-22 17:07:23,988 | INFO     | [843938] ⏱️ Thời gian phản hồi: 50.3 ms
2026-06-22 17:07:24,172 | INFO     | [844172] ------------------------------------------
2026-06-22 17:07:24,172 | INFO     | [844172] 📥 NHẬN YÊU CẦU QUÉT KHUÔN MẶT MỚI
2026-06-22 17:07:24,172 | INFO     | [844172] Đã xử lý ảnh thành công. Kích thước tensor: (1, 48, 48, 1)
2026-06-22 17:07:24,222 | INFO     | [844172] ⏱️ Model inference: 49.83 ms
2026-06-22 17:07:24,222 | INFO     | [844172] 📊 Chi tiết dự đoán: {'ANGRY': 5.91, 'DISGUST': 0.29, 'FEAR': 7.15, 'HAPPY': 23.34, 'NEUTRAL': 17.34, 'SAD': 44.94, 'SURPRISE': 1.02}
2026-06-22 17:07:24,222 | INFO     | [844172] 🎯 KẾT QUẢ CHỐT: SAD (44.94%)
2026-06-22 17:07:24,222 | INFO     | [844172] ⏱️ Thời gian phản hồi: 49.83 ms
2026-06-22 17:07:24,434 | INFO     | [844434] ------------------------------------------
2026-06-22 17:07:24,436 | INFO     | [844434] 📥 NHẬN YÊU CẦU QUÉT KHUÔN MẶT MỚI
2026-06-22 17:07:24,436 | INFO     | [844434] Đã xử lý ảnh thành công. Kích thước tensor: (1, 48, 48, 1)
2026-06-22 17:07:24,504 | INFO     | [844434] ⏱️ Model inference: 66.73 ms
2026-06-22 17:07:24,504 | INFO     | [844434] 📊 Chi tiết dự đoán: {'ANGRY': 6.97, 'DISGUST': 0.25, 'FEAR': 5.12, 'HAPPY': 38.68, 'NEUTRAL': 16.67, 'SAD': 31.51, 'SURPRISE': 0.79}
2026-06-22 17:07:24,504 | INFO     | [844434] 🎯 KẾT QUẢ CHỐT: HAPPY (38.68%)
2026-06-22 17:07:24,504 | INFO     | [844434] ⏱️ Thời gian phản hồi: 69.78 ms
2026-06-22 17:07:24,683 | INFO     | [844683] ------------------------------------------
2026-06-22 17:07:24,683 | INFO     | [844683] 📥 NHẬN YÊU CẦU QUÉT KHUÔN MẶT MỚI
2026-06-22 17:07:24,683 | INFO     | [844683] Đã xử lý ảnh thành công. Kích thước tensor: (1, 48, 48, 1)
2026-06-22 17:07:24,734 | INFO     | [844683] ⏱️ Model inference: 50.55 ms
2026-06-22 17:07:24,734 | INFO     | [844683] 📊 Chi tiết dự đoán: {'ANGRY': 7.34, 'DISGUST': 0.36, 'FEAR': 7.41, 'HAPPY': 42.47, 'NEUTRAL': 13.83, 'SAD': 27.59, 'SURPRISE': 1.0}
2026-06-22 17:07:24,734 | INFO     | [844683] 🎯 KẾT QUẢ CHỐT: HAPPY (42.47%)
2026-06-22 17:07:24,734 | INFO     | [844683] ⏱️ Thời gian phản hồi: 51.43 ms
2026-06-22 17:07:24,919 | INFO     | [844919] ------------------------------------------
2026-06-22 17:07:24,920 | INFO     | [844919] 📥 NHẬN YÊU CẦU QUÉT KHUÔN MẶT MỚI
2026-06-22 17:07:24,920 | INFO     | [844919] Đã xử lý ảnh thành công. Kích thước tensor: (1, 48, 48, 1)
2026-06-22 17:07:24,969 | INFO     | [844919] ⏱️ Model inference: 48.68 ms
2026-06-22 17:07:24,969 | INFO     | [844919] 📊 Chi tiết dự đoán: {'ANGRY': 7.95, 'DISGUST': 0.61, 'FEAR': 6.72, 'HAPPY': 34.99, 'NEUTRAL': 12.59, 'SAD': 36.13, 'SURPRISE': 1.01}
2026-06-22 17:07:24,969 | INFO     | [844919] 🎯 KẾT QUẢ CHỐT: SAD (36.13%)
2026-06-22 17:07:24,969 | INFO     | [844919] ⏱️ Thời gian phản hồi: 50.0 ms
2026-06-22 17:07:25,167 | INFO     | [845167] ------------------------------------------
2026-06-22 17:07:25,167 | INFO     | [845167] 📥 NHẬN YÊU CẦU QUÉT KHUÔN MẶT MỚI
2026-06-22 17:07:25,168 | INFO     | [845167] Đã xử lý ảnh thành công. Kích thước tensor: (1, 48, 48, 1)
2026-06-22 17:07:25,222 | INFO     | [845167] ⏱️ Model inference: 54.35 ms
2026-06-22 17:07:25,224 | INFO     | [845167] 📊 Chi tiết dự đoán: {'ANGRY': 8.76, 'DISGUST': 0.39, 'FEAR': 9.54, 'HAPPY': 19.91, 'NEUTRAL': 14.09, 'SAD': 46.11, 'SURPRISE': 1.2}
2026-06-22 17:07:25,224 | INFO     | [845167] 🎯 KẾT QUẢ CHỐT: SAD (46.11%)
2026-06-22 17:07:25,224 | INFO     | [845167] ⏱️ Thời gian phản hồi: 56.97 ms
2026-06-22 17:07:25,419 | INFO     | [845419] ------------------------------------------
2026-06-22 17:07:25,419 | INFO     | [845419] 📥 NHẬN YÊU CẦU QUÉT KHUÔN MẶT MỚI
2026-06-22 17:07:25,421 | INFO     | [845419] Đã xử lý ảnh thành công. Kích thước tensor: (1, 48, 48, 1)
2026-06-22 17:07:25,472 | INFO     | [845419] ⏱️ Model inference: 51.42 ms
2026-06-22 17:07:25,472 | INFO     | [845419] 📊 Chi tiết dự đoán: {'ANGRY': 10.76, 'DISGUST': 0.45, 'FEAR': 7.27, 'HAPPY': 28.25, 'NEUTRAL': 13.53, 'SAD': 38.56, 'SURPRISE': 1.17}
2026-06-22 17:07:25,472 | INFO     | [845419] 🎯 KẾT QUẢ CHỐT: SAD (38.56%)
2026-06-22 17:07:25,474 | INFO     | [845419] ⏱️ Thời gian phản hồi: 52.81 ms
2026-06-22 17:07:25,670 | INFO     | [845669] ------------------------------------------
2026-06-22 17:07:25,670 | INFO     | [845669] 📥 NHẬN YÊU CẦU QUÉT KHUÔN MẶT MỚI
2026-06-22 17:07:25,670 | INFO     | [845669] Đã xử lý ảnh thành công. Kích thước tensor: (1, 48, 48, 1)
2026-06-22 17:07:25,728 | INFO     | [845669] ⏱️ Model inference: 58.11 ms
2026-06-22 17:07:25,729 | INFO     | [845669] 📊 Chi tiết dự đoán: {'ANGRY': 9.55, 'DISGUST': 0.43, 'FEAR': 7.42, 'HAPPY': 18.42, 'NEUTRAL': 15.9, 'SAD': 47.18, 'SURPRISE': 1.1}
2026-06-22 17:07:25,729 | INFO     | [845669] 🎯 KẾT QUẢ CHỐT: SAD (47.18%)
2026-06-22 17:07:25,729 | INFO     | [845669] ⏱️ Thời gian phản hồi: 60.41 ms
2026-06-22 17:07:25,917 | INFO     | [845917] ------------------------------------------
2026-06-22 17:07:25,917 | INFO     | [845917] 📥 NHẬN YÊU CẦU QUÉT KHUÔN MẶT MỚI
2026-06-22 17:07:25,918 | INFO     | [845917] Đã xử lý ảnh thành công. Kích thước tensor: (1, 48, 48, 1)
2026-06-22 17:07:25,966 | INFO     | [845917] ⏱️ Model inference: 48.32 ms
2026-06-22 17:07:25,967 | INFO     | [845917] 📊 Chi tiết dự đoán: {'ANGRY': 10.7, 'DISGUST': 0.39, 'FEAR': 7.12, 'HAPPY': 23.47, 'NEUTRAL': 13.49, 'SAD': 43.67, 'SURPRISE': 1.17}
2026-06-22 17:07:25,967 | INFO     | [845917] 🎯 KẾT QUẢ CHỐT: SAD (43.67%)
2026-06-22 17:07:25,967 | INFO     | [845917] ⏱️ Thời gian phản hồi: 50.32 ms
2026-06-22 17:07:26,180 | INFO     | [846180] ------------------------------------------
2026-06-22 17:07:26,181 | INFO     | [846180] 📥 NHẬN YÊU CẦU QUÉT KHUÔN MẶT MỚI
2026-06-22 17:07:26,181 | INFO     | [846180] Đã xử lý ảnh thành công. Kích thước tensor: (1, 48, 48, 1)
2026-06-22 17:07:26,230 | INFO     | [846180] ⏱️ Model inference: 47.85 ms
2026-06-22 17:07:26,231 | INFO     | [846180] 📊 Chi tiết dự đoán: {'ANGRY': 9.63, 'DISGUST': 0.44, 'FEAR': 8.26, 'HAPPY': 19.54, 'NEUTRAL': 14.78, 'SAD': 46.11, 'SURPRISE': 1.24}
2026-06-22 17:07:26,231 | INFO     | [846180] 🎯 KẾT QUẢ CHỐT: SAD (46.11%)
2026-06-22 17:07:26,231 | INFO     | [846180] ⏱️ Thời gian phản hồi: 50.87 ms
2026-06-22 17:07:26,429 | INFO     | [846429] ------------------------------------------
2026-06-22 17:07:26,429 | INFO     | [846429] 📥 NHẬN YÊU CẦU QUÉT KHUÔN MẶT MỚI
2026-06-22 17:07:26,430 | INFO     | [846429] Đã xử lý ảnh thành công. Kích thước tensor: (1, 48, 48, 1)
2026-06-22 17:07:26,479 | INFO     | [846429] ⏱️ Model inference: 49.11 ms
2026-06-22 17:07:26,479 | INFO     | [846429] 📊 Chi tiết dự đoán: {'ANGRY': 7.71, 'DISGUST': 0.23, 'FEAR': 8.35, 'HAPPY': 16.62, 'NEUTRAL': 14.72, 'SAD': 51.39, 'SURPRISE': 0.98}
2026-06-22 17:07:26,480 | INFO     | [846429] 🎯 KẾT QUẢ CHỐT: SAD (51.39%)
2026-06-22 17:07:26,480 | INFO     | [846429] ⏱️ Thời gian phản hồi: 50.11 ms
2026-06-22 17:07:26,679 | INFO     | [846679] ------------------------------------------
2026-06-22 17:07:26,679 | INFO     | [846679] 📥 NHẬN YÊU CẦU QUÉT KHUÔN MẶT MỚI
2026-06-22 17:07:26,680 | INFO     | [846679] Đã xử lý ảnh thành công. Kích thước tensor: (1, 48, 48, 1)
2026-06-22 17:07:26,733 | INFO     | [846679] ⏱️ Model inference: 53.64 ms
2026-06-22 17:07:26,733 | INFO     | [846679] 📊 Chi tiết dự đoán: {'ANGRY': 8.62, 'DISGUST': 0.36, 'FEAR': 7.63, 'HAPPY': 19.25, 'NEUTRAL': 17.57, 'SAD': 45.38, 'SURPRISE': 1.19}
2026-06-22 17:07:26,733 | INFO     | [846679] 🎯 KẾT QUẢ CHỐT: SAD (45.38%)
2026-06-22 17:07:26,733 | INFO     | [846679] ⏱️ Thời gian phản hồi: 54.64 ms
2026-06-22 17:07:26,928 | INFO     | [846928] ------------------------------------------
2026-06-22 17:07:26,928 | INFO     | [846928] 📥 NHẬN YÊU CẦU QUÉT KHUÔN MẶT MỚI
2026-06-22 17:07:26,929 | INFO     | [846928] Đã xử lý ảnh thành công. Kích thước tensor: (1, 48, 48, 1)
2026-06-22 17:07:26,982 | INFO     | [846928] ⏱️ Model inference: 52.57 ms
2026-06-22 17:07:26,982 | INFO     | [846928] 📊 Chi tiết dự đoán: {'ANGRY': 8.48, 'DISGUST': 0.36, 'FEAR': 7.57, 'HAPPY': 21.03, 'NEUTRAL': 15.74, 'SAD': 45.6, 'SURPRISE': 1.22}
2026-06-22 17:07:26,982 | INFO     | [846928] 🎯 KẾT QUẢ CHỐT: SAD (45.60%)
2026-06-22 17:07:26,982 | INFO     | [846928] ⏱️ Thời gian phản hồi: 53.57 ms
2026-06-22 17:07:27,176 | INFO     | [847176] ------------------------------------------
2026-06-22 17:07:27,177 | INFO     | [847176] 📥 NHẬN YÊU CẦU QUÉT KHUÔN MẶT MỚI
2026-06-22 17:07:27,177 | INFO     | [847176] Đã xử lý ảnh thành công. Kích thước tensor: (1, 48, 48, 1)
2026-06-22 17:07:27,227 | INFO     | [847176] ⏱️ Model inference: 49.67 ms
2026-06-22 17:07:27,227 | INFO     | [847176] 📊 Chi tiết dự đoán: {'ANGRY': 7.89, 'DISGUST': 0.31, 'FEAR': 6.59, 'HAPPY': 19.92, 'NEUTRAL': 18.43, 'SAD': 45.87, 'SURPRISE': 0.99}
2026-06-22 17:07:27,227 | INFO     | [847176] 🎯 KẾT QUẢ CHỐT: SAD (45.87%)
2026-06-22 17:07:27,227 | INFO     | [847176] ⏱️ Thời gian phản hồi: 50.7 ms
2026-06-22 17:07:27,425 | INFO     | [847425] ------------------------------------------
2026-06-22 17:07:27,425 | INFO     | [847425] 📥 NHẬN YÊU CẦU QUÉT KHUÔN MẶT MỚI
2026-06-22 17:07:27,426 | INFO     | [847425] Đã xử lý ảnh thành công. Kích thước tensor: (1, 48, 48, 1)
2026-06-22 17:07:27,476 | INFO     | [847425] ⏱️ Model inference: 50.04 ms
2026-06-22 17:07:27,477 | INFO     | [847425] 📊 Chi tiết dự đoán: {'ANGRY': 7.65, 'DISGUST': 0.28, 'FEAR': 6.89, 'HAPPY': 17.98, 'NEUTRAL': 16.98, 'SAD': 49.31, 'SURPRISE': 0.92}
2026-06-22 17:07:27,477 | INFO     | [847425] 🎯 KẾT QUẢ CHỐT: SAD (49.31%)
2026-06-22 17:07:27,477 | INFO     | [847425] ⏱️ Thời gian phản hồi: 52.04 ms
2026-06-22 17:07:27,674 | INFO     | [847674] ------------------------------------------
2026-06-22 17:07:27,676 | INFO     | [847674] 📥 NHẬN YÊU CẦU QUÉT KHUÔN MẶT MỚI
2026-06-22 17:07:27,676 | INFO     | [847674] Đã xử lý ảnh thành công. Kích thước tensor: (1, 48, 48, 1)
2026-06-22 17:07:27,729 | INFO     | [847674] ⏱️ Model inference: 53.4 ms
2026-06-22 17:07:27,729 | INFO     | [847674] 📊 Chi tiết dự đoán: {'ANGRY': 6.05, 'DISGUST': 0.29, 'FEAR': 7.6, 'HAPPY': 28.01, 'NEUTRAL': 18.98, 'SAD': 38.09, 'SURPRISE': 0.98}
2026-06-22 17:07:27,729 | INFO     | [847674] 🎯 KẾT QUẢ CHỐT: SAD (38.09%)
2026-06-22 17:07:27,730 | INFO     | [847674] ⏱️ Thời gian phản hồi: 54.71 ms
2026-06-22 17:07:27,927 | INFO     | [847927] ------------------------------------------
2026-06-22 17:07:27,927 | INFO     | [847927] 📥 NHẬN YÊU CẦU QUÉT KHUÔN MẶT MỚI
2026-06-22 17:07:27,927 | INFO     | [847927] Đã xử lý ảnh thành công. Kích thước tensor: (1, 48, 48, 1)
2026-06-22 17:07:27,978 | INFO     | [847927] ⏱️ Model inference: 49.65 ms
2026-06-22 17:07:27,979 | INFO     | [847927] 📊 Chi tiết dự đoán: {'ANGRY': 4.65, 'DISGUST': 0.27, 'FEAR': 7.61, 'HAPPY': 24.69, 'NEUTRAL': 17.86, 'SAD': 44.22, 'SURPRISE': 0.69}
2026-06-22 17:07:27,979 | INFO     | [847927] 🎯 KẾT QUẢ CHỐT: SAD (44.22%)
2026-06-22 17:07:27,979 | INFO     | [847927] ⏱️ Thời gian phản hồi: 51.66 ms
2026-06-22 17:07:28,175 | INFO     | [848175] ------------------------------------------
2026-06-22 17:07:28,175 | INFO     | [848175] 📥 NHẬN YÊU CẦU QUÉT KHUÔN MẶT MỚI
2026-06-22 17:07:28,176 | INFO     | [848175] Đã xử lý ảnh thành công. Kích thước tensor: (1, 48, 48, 1)
2026-06-22 17:07:28,229 | INFO     | [848175] ⏱️ Model inference: 52.41 ms
2026-06-22 17:07:28,230 | INFO     | [848175] 📊 Chi tiết dự đoán: {'ANGRY': 4.76, 'DISGUST': 0.17, 'FEAR': 8.43, 'HAPPY': 18.93, 'NEUTRAL': 20.13, 'SAD': 46.82, 'SURPRISE': 0.75}
2026-06-22 17:07:28,230 | INFO     | [848175] 🎯 KẾT QUẢ CHỐT: SAD (46.82%)
2026-06-22 17:07:28,230 | INFO     | [848175] ⏱️ Thời gian phản hồi: 54.54 ms
2026-06-22 17:07:28,425 | INFO     | [848425] ------------------------------------------
2026-06-22 17:07:28,425 | INFO     | [848425] 📥 NHẬN YÊU CẦU QUÉT KHUÔN MẶT MỚI
2026-06-22 17:07:28,426 | INFO     | [848425] Đã xử lý ảnh thành công. Kích thước tensor: (1, 48, 48, 1)
2026-06-22 17:07:28,477 | INFO     | [848425] ⏱️ Model inference: 50.28 ms
2026-06-22 17:07:28,477 | INFO     | [848425] 📊 Chi tiết dự đoán: {'ANGRY': 5.24, 'DISGUST': 0.2, 'FEAR': 8.36, 'HAPPY': 19.16, 'NEUTRAL': 21.69, 'SAD': 44.72, 'SURPRISE': 0.63}
2026-06-22 17:07:28,477 | INFO     | [848425] 🎯 KẾT QUẢ CHỐT: SAD (44.72%)
2026-06-22 17:07:28,477 | INFO     | [848425] ⏱️ Thời gian phản hồi: 52.28 ms
2026-06-22 17:07:28,672 | INFO     | [848672] ------------------------------------------
2026-06-22 17:07:28,672 | INFO     | [848672] 📥 NHẬN YÊU CẦU QUÉT KHUÔN MẶT MỚI
2026-06-22 17:07:28,672 | INFO     | [848672] Đã xử lý ảnh thành công. Kích thước tensor: (1, 48, 48, 1)
2026-06-22 17:07:28,725 | INFO     | [848672] ⏱️ Model inference: 52.97 ms
2026-06-22 17:07:28,725 | INFO     | [848672] 📊 Chi tiết dự đoán: {'ANGRY': 4.25, 'DISGUST': 0.13, 'FEAR': 7.91, 'HAPPY': 17.96, 'NEUTRAL': 23.66, 'SAD': 45.43, 'SURPRISE': 0.66}
2026-06-22 17:07:28,725 | INFO     | [848672] 🎯 KẾT QUẢ CHỐT: SAD (45.43%)
2026-06-22 17:07:28,725 | INFO     | [848672] ⏱️ Thời gian phản hồi: 52.97 ms
2026-06-22 17:07:28,926 | INFO     | [848926] ------------------------------------------
2026-06-22 17:07:28,926 | INFO     | [848926] 📥 NHẬN YÊU CẦU QUÉT KHUÔN MẶT MỚI
2026-06-22 17:07:28,927 | INFO     | [848926] Đã xử lý ảnh thành công. Kích thước tensor: (1, 48, 48, 1)
2026-06-22 17:07:28,983 | INFO     | [848926] ⏱️ Model inference: 56.11 ms
2026-06-22 17:07:28,983 | INFO     | [848926] 📊 Chi tiết dự đoán: {'ANGRY': 4.06, 'DISGUST': 0.15, 'FEAR': 7.35, 'HAPPY': 26.48, 'NEUTRAL': 20.5, 'SAD': 40.65, 'SURPRISE': 0.81}
2026-06-22 17:07:28,983 | INFO     | [848926] 🎯 KẾT QUẢ CHỐT: SAD (40.65%)
2026-06-22 17:07:28,983 | INFO     | [848926] ⏱️ Thời gian phản hồi: 57.12 ms
2026-06-22 17:07:29,174 | INFO     | [849174] ------------------------------------------
2026-06-22 17:07:29,174 | INFO     | [849174] 📥 NHẬN YÊU CẦU QUÉT KHUÔN MẶT MỚI
2026-06-22 17:07:29,174 | INFO     | [849174] Đã xử lý ảnh thành công. Kích thước tensor: (1, 48, 48, 1)
2026-06-22 17:07:29,267 | INFO     | [849174] ⏱️ Model inference: 92.46 ms
2026-06-22 17:07:29,267 | INFO     | [849174] 📊 Chi tiết dự đoán: {'ANGRY': 3.91, 'DISGUST': 0.12, 'FEAR': 6.53, 'HAPPY': 22.81, 'NEUTRAL': 24.79, 'SAD': 41.2, 'SURPRISE': 0.65}
2026-06-22 17:07:29,267 | INFO     | [849174] 🎯 KẾT QUẢ CHỐT: SAD (41.20%)
2026-06-22 17:07:29,267 | INFO     | [849174] ⏱️ Thời gian phản hồi: 93.51 ms
2026-06-22 17:07:29,438 | INFO     | [849438] ------------------------------------------
2026-06-22 17:07:29,438 | INFO     | [849438] 📥 NHẬN YÊU CẦU QUÉT KHUÔN MẶT MỚI
2026-06-22 17:07:29,440 | INFO     | [849438] Đã xử lý ảnh thành công. Kích thước tensor: (1, 48, 48, 1)
2026-06-22 17:07:29,502 | INFO     | [849438] ⏱️ Model inference: 62.18 ms
2026-06-22 17:07:29,502 | INFO     | [849438] 📊 Chi tiết dự đoán: {'ANGRY': 5.86, 'DISGUST': 0.22, 'FEAR': 4.97, 'HAPPY': 31.07, 'NEUTRAL': 14.95, 'SAD': 42.12, 'SURPRISE': 0.81}
2026-06-22 17:07:29,502 | INFO     | [849438] 🎯 KẾT QUẢ CHỐT: SAD (42.12%)
2026-06-22 17:07:29,502 | INFO     | [849438] ⏱️ Thời gian phản hồi: 63.68 ms
2026-06-22 17:07:29,673 | INFO     | [849673] ------------------------------------------
2026-06-22 17:07:29,673 | INFO     | [849673] 📥 NHẬN YÊU CẦU QUÉT KHUÔN MẶT MỚI
2026-06-22 17:07:29,673 | INFO     | [849673] Đã xử lý ảnh thành công. Kích thước tensor: (1, 48, 48, 1)
2026-06-22 17:07:29,734 | INFO     | [849673] ⏱️ Model inference: 60.26 ms
2026-06-22 17:07:29,734 | INFO     | [849673] 📊 Chi tiết dự đoán: {'ANGRY': 6.09, 'DISGUST': 0.3, 'FEAR': 4.36, 'HAPPY': 33.01, 'NEUTRAL': 13.28, 'SAD': 42.19, 'SURPRISE': 0.76}
2026-06-22 17:07:29,734 | INFO     | [849673] 🎯 KẾT QUẢ CHỐT: SAD (42.19%)
2026-06-22 17:07:29,734 | INFO     | [849673] ⏱️ Thời gian phản hồi: 61.69 ms
2026-06-22 17:07:29,923 | INFO     | [849923] ------------------------------------------
2026-06-22 17:07:29,923 | INFO     | [849923] 📥 NHẬN YÊU CẦU QUÉT KHUÔN MẶT MỚI
2026-06-22 17:07:29,923 | INFO     | [849923] Đã xử lý ảnh thành công. Kích thước tensor: (1, 48, 48, 1)
2026-06-22 17:07:29,974 | INFO     | [849923] ⏱️ Model inference: 51.03 ms
2026-06-22 17:07:29,974 | INFO     | [849923] 📊 Chi tiết dự đoán: {'ANGRY': 6.31, 'DISGUST': 0.37, 'FEAR': 5.54, 'HAPPY': 35.01, 'NEUTRAL': 12.64, 'SAD': 39.12, 'SURPRISE': 1.0}
2026-06-22 17:07:29,974 | INFO     | [849923] 🎯 KẾT QUẢ CHỐT: SAD (39.12%)
2026-06-22 17:07:29,974 | INFO     | [849923] ⏱️ Thời gian phản hồi: 51.03 ms
2026-06-22 17:07:30,188 | INFO     | [850188] ------------------------------------------
2026-06-22 17:07:30,188 | INFO     | [850188] 📥 NHẬN YÊU CẦU QUÉT KHUÔN MẶT MỚI
2026-06-22 17:07:30,189 | INFO     | [850188] Đã xử lý ảnh thành công. Kích thước tensor: (1, 48, 48, 1)
2026-06-22 17:07:30,238 | INFO     | [850188] ⏱️ Model inference: 49.19 ms
2026-06-22 17:07:30,238 | INFO     | [850188] 📊 Chi tiết dự đoán: {'ANGRY': 6.73, 'DISGUST': 0.52, 'FEAR': 5.46, 'HAPPY': 34.14, 'NEUTRAL': 11.3, 'SAD': 40.85, 'SURPRISE': 1.0}
2026-06-22 17:07:30,238 | INFO     | [850188] 🎯 KẾT QUẢ CHỐT: SAD (40.85%)
2026-06-22 17:07:30,238 | INFO     | [850188] ⏱️ Thời gian phản hồi: 50.58 ms
2026-06-22 17:07:30,422 | INFO     | [850422] ------------------------------------------
2026-06-22 17:07:30,422 | INFO     | [850422] 📥 NHẬN YÊU CẦU QUÉT KHUÔN MẶT MỚI
2026-06-22 17:07:30,424 | INFO     | [850422] Đã xử lý ảnh thành công. Kích thước tensor: (1, 48, 48, 1)
2026-06-22 17:07:30,474 | INFO     | [850422] ⏱️ Model inference: 50.04 ms
2026-06-22 17:07:30,474 | INFO     | [850422] 📊 Chi tiết dự đoán: {'ANGRY': 7.32, 'DISGUST': 0.55, 'FEAR': 5.18, 'HAPPY': 32.94, 'NEUTRAL': 10.99, 'SAD': 42.34, 'SURPRISE': 0.68}
2026-06-22 17:07:30,475 | INFO     | [850422] 🎯 KẾT QUẢ CHỐT: SAD (42.34%)
2026-06-22 17:07:30,475 | INFO     | [850422] ⏱️ Thời gian phản hồi: 51.55 ms
2026-06-22 17:07:30,671 | INFO     | [850671] ------------------------------------------
2026-06-22 17:07:30,671 | INFO     | [850671] 📥 NHẬN YÊU CẦU QUÉT KHUÔN MẶT MỚI
2026-06-22 17:07:30,675 | INFO     | [850671] Đã xử lý ảnh thành công. Kích thước tensor: (1, 48, 48, 1)
2026-06-22 17:07:30,727 | INFO     | [850671] ⏱️ Model inference: 51.87 ms
2026-06-22 17:07:30,727 | INFO     | [850671] 📊 Chi tiết dự đoán: {'ANGRY': 7.07, 'DISGUST': 0.55, 'FEAR': 5.33, 'HAPPY': 30.47, 'NEUTRAL': 11.71, 'SAD': 44.22, 'SURPRISE': 0.65}
2026-06-22 17:07:30,728 | INFO     | [850671] 🎯 KẾT QUẢ CHỐT: SAD (44.22%)
2026-06-22 17:07:30,728 | INFO     | [850671] ⏱️ Thời gian phản hồi: 55.59 ms
2026-06-22 17:07:30,938 | INFO     | [850938] ------------------------------------------
2026-06-22 17:07:30,938 | INFO     | [850938] 📥 NHẬN YÊU CẦU QUÉT KHUÔN MẶT MỚI
2026-06-22 17:07:30,939 | INFO     | [850938] Đã xử lý ảnh thành công. Kích thước tensor: (1, 48, 48, 1)
2026-06-22 17:07:30,989 | INFO     | [850938] ⏱️ Model inference: 50.24 ms
2026-06-22 17:07:30,989 | INFO     | [850938] 📊 Chi tiết dự đoán: {'ANGRY': 6.58, 'DISGUST': 0.46, 'FEAR': 4.91, 'HAPPY': 40.96, 'NEUTRAL': 11.36, 'SAD': 35.01, 'SURPRISE': 0.72}
2026-06-22 17:07:30,990 | INFO     | [850938] 🎯 KẾT QUẢ CHỐT: HAPPY (40.96%)
2026-06-22 17:07:30,990 | INFO     | [850938] ⏱️ Thời gian phản hồi: 51.42 ms
2026-06-22 17:07:31,188 | INFO     | [851188] ------------------------------------------
2026-06-22 17:07:31,189 | INFO     | [851188] 📥 NHẬN YÊU CẦU QUÉT KHUÔN MẶT MỚI
2026-06-22 17:07:31,189 | INFO     | [851188] Đã xử lý ảnh thành công. Kích thước tensor: (1, 48, 48, 1)
2026-06-22 17:07:31,247 | INFO     | [851188] ⏱️ Model inference: 57.23 ms
2026-06-22 17:07:31,247 | INFO     | [851188] 📊 Chi tiết dự đoán: {'ANGRY': 7.09, 'DISGUST': 0.5, 'FEAR': 5.38, 'HAPPY': 33.42, 'NEUTRAL': 12.8, 'SAD': 39.89, 'SURPRISE': 0.91}
2026-06-22 17:07:31,247 | INFO     | [851188] 🎯 KẾT QUẢ CHỐT: SAD (39.89%)
2026-06-22 17:07:31,247 | INFO     | [851188] ⏱️ Thời gian phản hồi: 58.74 ms
2026-06-22 17:07:31,436 | INFO     | [851436] ------------------------------------------
2026-06-22 17:07:31,436 | INFO     | [851436] 📥 NHẬN YÊU CẦU QUÉT KHUÔN MẶT MỚI
2026-06-22 17:07:31,437 | INFO     | [851436] Đã xử lý ảnh thành công. Kích thước tensor: (1, 48, 48, 1)
2026-06-22 17:07:31,505 | INFO     | [851436] ⏱️ Model inference: 68.45 ms
2026-06-22 17:07:31,505 | INFO     | [851436] 📊 Chi tiết dự đoán: {'ANGRY': 5.06, 'DISGUST': 0.41, 'FEAR': 5.36, 'HAPPY': 47.79, 'NEUTRAL': 11.08, 'SAD': 29.58, 'SURPRISE': 0.72}
2026-06-22 17:07:31,505 | INFO     | [851436] 🎯 KẾT QUẢ CHỐT: HAPPY (47.79%)
2026-06-22 17:07:31,505 | INFO     | [851436] ⏱️ Thời gian phản hồi: 69.45 ms
2026-06-22 17:07:31,673 | INFO     | [851673] ------------------------------------------
2026-06-22 17:07:31,673 | INFO     | [851673] 📥 NHẬN YÊU CẦU QUÉT KHUÔN MẶT MỚI
2026-06-22 17:07:31,674 | INFO     | [851673] Đã xử lý ảnh thành công. Kích thước tensor: (1, 48, 48, 1)
2026-06-22 17:07:31,725 | INFO     | [851673] ⏱️ Model inference: 51.54 ms
2026-06-22 17:07:31,725 | INFO     | [851673] 📊 Chi tiết dự đoán: {'ANGRY': 6.01, 'DISGUST': 0.44, 'FEAR': 5.79, 'HAPPY': 37.03, 'NEUTRAL': 13.36, 'SAD': 36.63, 'SURPRISE': 0.74}
2026-06-22 17:07:31,725 | INFO     | [851673] 🎯 KẾT QUẢ CHỐT: HAPPY (37.03%)
2026-06-22 17:07:31,726 | INFO     | [851673] ⏱️ Thời gian phản hồi: 52.56 ms
