2026-05-15 22:08:11,644 | INFO     | ⏳ Đang nạp AI Model vào bộ nhớ...
2026-05-15 22:08:14,654 | INFO     | ✅ Nạp Model thành công! Server AI đã sẵn sàng.
2026-05-15 22:30:53,527 | INFO     | [053527] ------------------------------------------
2026-05-15 22:30:53,531 | INFO     | [053527] 📥 NHẬN YÊU CẦU QUÉT KHUÔN MẶT MỚI
2026-05-15 22:30:53,556 | INFO     | [053527] Đã xử lý ảnh thành công. Kích thước tensor: (1, 48, 48, 1)
2026-05-15 22:31:00,294 | INFO     | [053527] 📊 Chi tiết dự đoán: {'ANGRY': 4.8, 'DISGUST': 0.31, 'FEAR': 14.49, 'HAPPY': 24.79, 'NEUTRAL': 19.5, 'SAD': 32.6, 'SURPRISE': 3.5}
2026-05-15 22:31:00,295 | INFO     | [053527] 🎯 KẾT QUẢ CHỐT: SAD (32.60%)
2026-05-15 22:31:00,295 | INFO     | [053527] ⏱️ Thời gian phản hồi: 6764.84 ms
2026-05-15 22:31:00,301 | INFO     | [060301] ------------------------------------------
2026-05-15 22:31:00,301 | INFO     | [060301] 📥 NHẬN YÊU CẦU QUÉT KHUÔN MẶT MỚI
2026-05-15 22:31:00,302 | INFO     | [060301] Đã xử lý ảnh thành công. Kích thước tensor: (1, 48, 48, 1)
2026-05-15 22:31:00,362 | INFO     | [060301] 📊 Chi tiết dự đoán: {'ANGRY': 4.44, 'DISGUST': 0.33, 'FEAR': 14.39, 'HAPPY': 23.99, 'NEUTRAL': 19.08, 'SAD': 34.29, 'SURPRISE': 3.49}
2026-05-15 22:31:00,362 | INFO     | [060301] 🎯 KẾT QUẢ CHỐT: SAD (34.29%)
2026-05-15 22:31:00,363 | INFO     | [060301] ⏱️ Thời gian phản hồi: 61.34 ms
2026-05-15 22:31:00,365 | INFO     | [060365] ------------------------------------------
2026-05-15 22:31:00,365 | INFO     | [060365] 📥 NHẬN YÊU CẦU QUÉT KHUÔN MẶT MỚI
2026-05-15 22:31:00,366 | INFO     | [060365] Đã xử lý ảnh thành công. Kích thước tensor: (1, 48, 48, 1)
2026-05-15 22:31:00,426 | INFO     | [060365] 📊 Chi tiết dự đoán: {'ANGRY': 4.56, 'DISGUST': 0.35, 'FEAR': 15.02, 'HAPPY': 22.06, 'NEUTRAL': 18.87, 'SAD': 35.23, 'SURPRISE': 3.92}
2026-05-15 22:31:00,426 | INFO     | [060365] 🎯 KẾT QUẢ CHỐT: SAD (35.23%)
2026-05-15 22:31:00,426 | INFO     | [060365] ⏱️ Thời gian phản hồi: 60.98 ms
2026-05-15 22:31:00,427 | INFO     | [060427] ------------------------------------------
2026-05-15 22:31:00,428 | INFO     | [060427] 📥 NHẬN YÊU CẦU QUÉT KHUÔN MẶT MỚI
2026-05-15 22:31:00,428 | INFO     | [060427] Đã xử lý ảnh thành công. Kích thước tensor: (1, 48, 48, 1)
2026-05-15 22:31:00,478 | INFO     | [060427] 📊 Chi tiết dự đoán: {'ANGRY': 5.8, 'DISGUST': 0.43, 'FEAR': 16.71, 'HAPPY': 20.77, 'NEUTRAL': 16.92, 'SAD': 36.16, 'SURPRISE': 3.2}
2026-05-15 22:31:00,478 | INFO     | [060427] 🎯 KẾT QUẢ CHỐT: SAD (36.16%)
2026-05-15 22:31:00,479 | INFO     | [060427] ⏱️ Thời gian phản hồi: 50.56 ms
2026-05-15 22:31:00,480 | INFO     | [060480] ------------------------------------------
2026-05-15 22:31:00,480 | INFO     | [060480] 📥 NHẬN YÊU CẦU QUÉT KHUÔN MẶT MỚI
2026-05-15 22:31:00,481 | INFO     | [060480] Đã xử lý ảnh thành công. Kích thước tensor: (1, 48, 48, 1)
2026-05-15 22:31:00,533 | INFO     | [060480] 📊 Chi tiết dự đoán: {'ANGRY': 4.38, 'DISGUST': 0.18, 'FEAR': 13.12, 'HAPPY': 25.42, 'NEUTRAL': 15.19, 'SAD': 39.73, 'SURPRISE': 1.98}
2026-05-15 22:31:00,533 | INFO     | [060480] 🎯 KẾT QUẢ CHỐT: SAD (39.73%)
2026-05-15 22:31:00,533 | INFO     | [060480] ⏱️ Thời gian phản hồi: 52.45 ms
2026-05-15 22:31:00,535 | INFO     | [060535] ------------------------------------------
2026-05-15 22:31:00,535 | INFO     | [060535] 📥 NHẬN YÊU CẦU QUÉT KHUÔN MẶT MỚI
2026-05-15 22:31:00,536 | INFO     | [060535] Đã xử lý ảnh thành công. Kích thước tensor: (1, 48, 48, 1)
2026-05-15 22:31:00,588 | INFO     | [060535] 📊 Chi tiết dự đoán: {'ANGRY': 3.98, 'DISGUST': 0.21, 'FEAR': 14.98, 'HAPPY': 20.58, 'NEUTRAL': 14.89, 'SAD': 43.4, 'SURPRISE': 1.96}
2026-05-15 22:31:00,588 | INFO     | [060535] 🎯 KẾT QUẢ CHỐT: SAD (43.40%)
2026-05-15 22:31:00,588 | INFO     | [060535] ⏱️ Thời gian phản hồi: 52.84 ms
2026-05-15 22:31:00,589 | INFO     | [060589] ------------------------------------------
2026-05-15 22:31:00,590 | INFO     | [060589] 📥 NHẬN YÊU CẦU QUÉT KHUÔN MẶT MỚI
2026-05-15 22:31:00,590 | INFO     | [060589] Đã xử lý ảnh thành công. Kích thước tensor: (1, 48, 48, 1)
2026-05-15 22:31:00,642 | INFO     | [060589] 📊 Chi tiết dự đoán: {'ANGRY': 4.28, 'DISGUST': 0.16, 'FEAR': 11.34, 'HAPPY': 31.62, 'NEUTRAL': 14.88, 'SAD': 35.22, 'SURPRISE': 2.49}
2026-05-15 22:31:00,642 | INFO     | [060589] 🎯 KẾT QUẢ CHỐT: SAD (35.22%)
2026-05-15 22:31:00,642 | INFO     | [060589] ⏱️ Thời gian phản hồi: 53.8 ms
2026-05-15 22:31:00,644 | INFO     | [060644] ------------------------------------------
2026-05-15 22:31:00,645 | INFO     | [060644] 📥 NHẬN YÊU CẦU QUÉT KHUÔN MẶT MỚI
2026-05-15 22:31:00,645 | INFO     | [060644] Đã xử lý ảnh thành công. Kích thước tensor: (1, 48, 48, 1)
2026-05-15 22:31:00,694 | INFO     | [060644] 📊 Chi tiết dự đoán: {'ANGRY': 5.74, 'DISGUST': 0.18, 'FEAR': 11.84, 'HAPPY': 29.86, 'NEUTRAL': 16.6, 'SAD': 33.77, 'SURPRISE': 2.01}
2026-05-15 22:31:00,694 | INFO     | [060644] 🎯 KẾT QUẢ CHỐT: SAD (33.77%)
2026-05-15 22:31:00,694 | INFO     | [060644] ⏱️ Thời gian phản hồi: 49.72 ms
2026-05-15 22:31:00,697 | INFO     | [060697] ------------------------------------------
2026-05-15 22:31:00,697 | INFO     | [060697] 📥 NHẬN YÊU CẦU QUÉT KHUÔN MẶT MỚI
2026-05-15 22:31:00,698 | INFO     | [060697] Đã xử lý ảnh thành công. Kích thước tensor: (1, 48, 48, 1)
2026-05-15 22:31:00,746 | INFO     | [060697] 📊 Chi tiết dự đoán: {'ANGRY': 7.06, 'DISGUST': 0.18, 'FEAR': 14.03, 'HAPPY': 18.82, 'NEUTRAL': 14.84, 'SAD': 43.21, 'SURPRISE': 1.86}
2026-05-15 22:31:00,746 | INFO     | [060697] 🎯 KẾT QUẢ CHỐT: SAD (43.21%)
2026-05-15 22:31:00,747 | INFO     | [060697] ⏱️ Thời gian phản hồi: 49.32 ms
2026-05-15 22:31:00,748 | INFO     | [060748] ------------------------------------------
2026-05-15 22:31:00,748 | INFO     | [060748] 📥 NHẬN YÊU CẦU QUÉT KHUÔN MẶT MỚI
2026-05-15 22:31:00,749 | INFO     | [060748] Đã xử lý ảnh thành công. Kích thước tensor: (1, 48, 48, 1)
2026-05-15 22:31:00,799 | INFO     | [060748] 📊 Chi tiết dự đoán: {'ANGRY': 5.37, 'DISGUST': 0.16, 'FEAR': 9.99, 'HAPPY': 27.45, 'NEUTRAL': 15.55, 'SAD': 39.97, 'SURPRISE': 1.51}
2026-05-15 22:31:00,799 | INFO     | [060748] 🎯 KẾT QUẢ CHỐT: SAD (39.97%)
2026-05-15 22:31:00,799 | INFO     | [060748] ⏱️ Thời gian phản hồi: 50.71 ms
2026-05-15 22:31:00,802 | INFO     | [060802] ------------------------------------------
2026-05-15 22:31:00,802 | INFO     | [060802] 📥 NHẬN YÊU CẦU QUÉT KHUÔN MẶT MỚI
2026-05-15 22:31:00,802 | INFO     | [060802] Đã xử lý ảnh thành công. Kích thước tensor: (1, 48, 48, 1)
2026-05-15 22:31:00,851 | INFO     | [060802] 📊 Chi tiết dự đoán: {'ANGRY': 5.1, 'DISGUST': 0.17, 'FEAR': 11.34, 'HAPPY': 20.68, 'NEUTRAL': 17.0, 'SAD': 44.05, 'SURPRISE': 1.64}
2026-05-15 22:31:00,851 | INFO     | [060802] 🎯 KẾT QUẢ CHỐT: SAD (44.05%)
2026-05-15 22:31:00,852 | INFO     | [060802] ⏱️ Thời gian phản hồi: 49.74 ms
2026-05-15 22:31:00,853 | INFO     | [060853] ------------------------------------------
2026-05-15 22:31:00,853 | INFO     | [060853] 📥 NHẬN YÊU CẦU QUÉT KHUÔN MẶT MỚI
2026-05-15 22:31:00,853 | INFO     | [060853] Đã xử lý ảnh thành công. Kích thước tensor: (1, 48, 48, 1)
2026-05-15 22:31:00,903 | INFO     | [060853] 📊 Chi tiết dự đoán: {'ANGRY': 5.21, 'DISGUST': 0.11, 'FEAR': 9.61, 'HAPPY': 20.12, 'NEUTRAL': 19.16, 'SAD': 44.19, 'SURPRISE': 1.6}
2026-05-15 22:31:00,903 | INFO     | [060853] 🎯 KẾT QUẢ CHỐT: SAD (44.19%)
2026-05-15 22:31:00,903 | INFO     | [060853] ⏱️ Thời gian phản hồi: 49.91 ms
2026-05-15 22:31:00,906 | INFO     | [060906] ------------------------------------------
2026-05-15 22:31:00,906 | INFO     | [060906] 📥 NHẬN YÊU CẦU QUÉT KHUÔN MẶT MỚI
2026-05-15 22:31:00,910 | INFO     | [060906] Đã xử lý ảnh thành công. Kích thước tensor: (1, 48, 48, 1)
2026-05-15 22:31:00,958 | INFO     | [060906] 📊 Chi tiết dự đoán: {'ANGRY': 6.03, 'DISGUST': 0.18, 'FEAR': 11.91, 'HAPPY': 15.34, 'NEUTRAL': 18.83, 'SAD': 46.05, 'SURPRISE': 1.66}
2026-05-15 22:31:00,959 | INFO     | [060906] 🎯 KẾT QUẢ CHỐT: SAD (46.05%)
2026-05-15 22:31:00,959 | INFO     | [060906] ⏱️ Thời gian phản hồi: 51.26 ms
2026-05-15 22:31:00,961 | INFO     | [060961] ------------------------------------------
2026-05-15 22:31:00,961 | INFO     | [060961] 📥 NHẬN YÊU CẦU QUÉT KHUÔN MẶT MỚI
2026-05-15 22:31:00,962 | INFO     | [060961] Đã xử lý ảnh thành công. Kích thước tensor: (1, 48, 48, 1)
2026-05-15 22:31:01,014 | INFO     | [060961] 📊 Chi tiết dự đoán: {'ANGRY': 5.65, 'DISGUST': 0.19, 'FEAR': 11.24, 'HAPPY': 21.95, 'NEUTRAL': 17.65, 'SAD': 41.62, 'SURPRISE': 1.71}
2026-05-15 22:31:01,014 | INFO     | [060961] 🎯 KẾT QUẢ CHỐT: SAD (41.62%)
2026-05-15 22:31:01,015 | INFO     | [060961] ⏱️ Thời gian phản hồi: 52.6 ms
2026-05-15 22:31:01,017 | INFO     | [061017] ------------------------------------------
2026-05-15 22:31:01,017 | INFO     | [061017] 📥 NHẬN YÊU CẦU QUÉT KHUÔN MẶT MỚI
2026-05-15 22:31:01,018 | INFO     | [061017] Đã xử lý ảnh thành công. Kích thước tensor: (1, 48, 48, 1)
2026-05-15 22:31:01,065 | INFO     | [061017] 📊 Chi tiết dự đoán: {'ANGRY': 4.81, 'DISGUST': 0.17, 'FEAR': 10.81, 'HAPPY': 17.73, 'NEUTRAL': 18.45, 'SAD': 46.6, 'SURPRISE': 1.44}
2026-05-15 22:31:01,065 | INFO     | [061017] 🎯 KẾT QUẢ CHỐT: SAD (46.60%)
2026-05-15 22:31:01,066 | INFO     | [061017] ⏱️ Thời gian phản hồi: 47.99 ms
2026-05-15 22:31:01,067 | INFO     | [061067] ------------------------------------------
2026-05-15 22:31:01,068 | INFO     | [061067] 📥 NHẬN YÊU CẦU QUÉT KHUÔN MẶT MỚI
2026-05-15 22:31:01,068 | INFO     | [061067] Đã xử lý ảnh thành công. Kích thước tensor: (1, 48, 48, 1)
2026-05-15 22:31:01,122 | INFO     | [061067] 📊 Chi tiết dự đoán: {'ANGRY': 4.61, 'DISGUST': 0.14, 'FEAR': 9.95, 'HAPPY': 17.19, 'NEUTRAL': 18.66, 'SAD': 48.04, 'SURPRISE': 1.4}
2026-05-15 22:31:01,122 | INFO     | [061067] 🎯 KẾT QUẢ CHỐT: SAD (48.04%)
2026-05-15 22:31:01,122 | INFO     | [061067] ⏱️ Thời gian phản hồi: 53.36 ms
2026-05-15 22:31:01,123 | INFO     | [061123] ------------------------------------------
2026-05-15 22:31:01,123 | INFO     | [061123] 📥 NHẬN YÊU CẦU QUÉT KHUÔN MẶT MỚI
2026-05-15 22:31:01,124 | INFO     | [061123] Đã xử lý ảnh thành công. Kích thước tensor: (1, 48, 48, 1)
2026-05-15 22:31:01,176 | INFO     | [061123] 📊 Chi tiết dự đoán: {'ANGRY': 5.13, 'DISGUST': 0.14, 'FEAR': 10.77, 'HAPPY': 18.56, 'NEUTRAL': 17.15, 'SAD': 47.11, 'SURPRISE': 1.13}
2026-05-15 22:31:01,176 | INFO     | [061123] 🎯 KẾT QUẢ CHỐT: SAD (47.11%)
2026-05-15 22:31:01,176 | INFO     | [061123] ⏱️ Thời gian phản hồi: 53.22 ms
2026-05-15 22:31:01,178 | INFO     | [061178] ------------------------------------------
2026-05-15 22:31:01,178 | INFO     | [061178] 📥 NHẬN YÊU CẦU QUÉT KHUÔN MẶT MỚI
2026-05-15 22:31:01,179 | INFO     | [061178] Đã xử lý ảnh thành công. Kích thước tensor: (1, 48, 48, 1)
2026-05-15 22:31:01,246 | INFO     | [061178] 📊 Chi tiết dự đoán: {'ANGRY': 5.0, 'DISGUST': 0.16, 'FEAR': 10.75, 'HAPPY': 20.53, 'NEUTRAL': 17.49, 'SAD': 44.89, 'SURPRISE': 1.18}
2026-05-15 22:31:01,246 | INFO     | [061178] 🎯 KẾT QUẢ CHỐT: SAD (44.89%)
2026-05-15 22:31:01,248 | INFO     | [061178] ⏱️ Thời gian phản hồi: 68.04 ms
2026-05-15 22:31:01,251 | INFO     | [061249] ------------------------------------------
2026-05-15 22:31:01,251 | INFO     | [061249] 📥 NHẬN YÊU CẦU QUÉT KHUÔN MẶT MỚI
2026-05-15 22:31:01,252 | INFO     | [061249] Đã xử lý ảnh thành công. Kích thước tensor: (1, 48, 48, 1)
2026-05-15 22:31:01,308 | INFO     | [061249] 📊 Chi tiết dự đoán: {'ANGRY': 4.54, 'DISGUST': 0.13, 'FEAR': 10.03, 'HAPPY': 16.85, 'NEUTRAL': 18.29, 'SAD': 48.95, 'SURPRISE': 1.22}
2026-05-15 22:31:01,308 | INFO     | [061249] 🎯 KẾT QUẢ CHỐT: SAD (48.95%)
2026-05-15 22:31:01,309 | INFO     | [061249] ⏱️ Thời gian phản hồi: 58.98 ms
2026-05-15 22:31:01,311 | INFO     | [061311] ------------------------------------------
2026-05-15 22:31:01,311 | INFO     | [061311] 📥 NHẬN YÊU CẦU QUÉT KHUÔN MẶT MỚI
2026-05-15 22:31:01,311 | INFO     | [061311] Đã xử lý ảnh thành công. Kích thước tensor: (1, 48, 48, 1)
2026-05-15 22:31:01,364 | INFO     | [061311] 📊 Chi tiết dự đoán: {'ANGRY': 4.09, 'DISGUST': 0.12, 'FEAR': 9.36, 'HAPPY': 21.62, 'NEUTRAL': 16.07, 'SAD': 47.64, 'SURPRISE': 1.11}
2026-05-15 22:31:01,364 | INFO     | [061311] 🎯 KẾT QUẢ CHỐT: SAD (47.64%)
2026-05-15 22:31:01,364 | INFO     | [061311] ⏱️ Thời gian phản hồi: 53.57 ms
2026-05-15 22:31:01,367 | INFO     | [061367] ------------------------------------------
2026-05-15 22:31:01,367 | INFO     | [061367] 📥 NHẬN YÊU CẦU QUÉT KHUÔN MẶT MỚI
2026-05-15 22:31:01,367 | INFO     | [061367] Đã xử lý ảnh thành công. Kích thước tensor: (1, 48, 48, 1)
2026-05-15 22:31:01,416 | INFO     | [061367] 📊 Chi tiết dự đoán: {'ANGRY': 4.57, 'DISGUST': 0.11, 'FEAR': 9.54, 'HAPPY': 17.92, 'NEUTRAL': 19.44, 'SAD': 47.19, 'SURPRISE': 1.23}
2026-05-15 22:31:01,416 | INFO     | [061367] 🎯 KẾT QUẢ CHỐT: SAD (47.19%)
2026-05-15 22:31:01,416 | INFO     | [061367] ⏱️ Thời gian phản hồi: 49.08 ms
2026-05-15 22:31:01,418 | INFO     | [061418] ------------------------------------------
2026-05-15 22:31:01,419 | INFO     | [061418] 📥 NHẬN YÊU CẦU QUÉT KHUÔN MẶT MỚI
2026-05-15 22:31:01,419 | INFO     | [061418] Đã xử lý ảnh thành công. Kích thước tensor: (1, 48, 48, 1)
2026-05-15 22:31:01,466 | INFO     | [061418] 📊 Chi tiết dự đoán: {'ANGRY': 5.5, 'DISGUST': 0.12, 'FEAR': 10.64, 'HAPPY': 17.13, 'NEUTRAL': 17.32, 'SAD': 48.17, 'SURPRISE': 1.11}
2026-05-15 22:31:01,466 | INFO     | [061418] 🎯 KẾT QUẢ CHỐT: SAD (48.17%)
2026-05-15 22:31:01,466 | INFO     | [061418] ⏱️ Thời gian phản hồi: 47.76 ms
2026-05-15 22:31:01,469 | INFO     | [061469] ------------------------------------------
2026-05-15 22:31:01,469 | INFO     | [061469] 📥 NHẬN YÊU CẦU QUÉT KHUÔN MẶT MỚI
2026-05-15 22:31:01,469 | INFO     | [061469] Đã xử lý ảnh thành công. Kích thước tensor: (1, 48, 48, 1)
2026-05-15 22:31:01,521 | INFO     | [061469] 📊 Chi tiết dự đoán: {'ANGRY': 3.89, 'DISGUST': 0.07, 'FEAR': 8.79, 'HAPPY': 14.14, 'NEUTRAL': 16.97, 'SAD': 55.28, 'SURPRISE': 0.86}
2026-05-15 22:31:01,521 | INFO     | [061469] 🎯 KẾT QUẢ CHỐT: SAD (55.28%)
2026-05-15 22:31:01,521 | INFO     | [061469] ⏱️ Thời gian phản hồi: 52.23 ms
2026-05-15 22:31:01,523 | INFO     | [061523] ------------------------------------------
2026-05-15 22:31:01,523 | INFO     | [061523] 📥 NHẬN YÊU CẦU QUÉT KHUÔN MẶT MỚI
2026-05-15 22:31:01,524 | INFO     | [061523] Đã xử lý ảnh thành công. Kích thước tensor: (1, 48, 48, 1)
2026-05-15 22:31:01,573 | INFO     | [061523] 📊 Chi tiết dự đoán: {'ANGRY': 4.71, 'DISGUST': 0.12, 'FEAR': 9.86, 'HAPPY': 15.63, 'NEUTRAL': 18.92, 'SAD': 49.54, 'SURPRISE': 1.22}
2026-05-15 22:31:01,574 | INFO     | [061523] 🎯 KẾT QUẢ CHỐT: SAD (49.54%)
2026-05-15 22:31:01,574 | INFO     | [061523] ⏱️ Thời gian phản hồi: 49.83 ms
2026-05-15 22:31:01,576 | INFO     | [061576] ------------------------------------------
2026-05-15 22:31:01,576 | INFO     | [061576] 📥 NHẬN YÊU CẦU QUÉT KHUÔN MẶT MỚI
2026-05-15 22:31:01,576 | INFO     | [061576] Đã xử lý ảnh thành công. Kích thước tensor: (1, 48, 48, 1)
2026-05-15 22:31:01,632 | INFO     | [061576] 📊 Chi tiết dự đoán: {'ANGRY': 4.17, 'DISGUST': 0.08, 'FEAR': 9.51, 'HAPPY': 12.73, 'NEUTRAL': 17.29, 'SAD': 55.12, 'SURPRISE': 1.09}
2026-05-15 22:31:01,632 | INFO     | [061576] 🎯 KẾT QUẢ CHỐT: SAD (55.12%)
2026-05-15 22:31:01,632 | INFO     | [061576] ⏱️ Thời gian phản hồi: 55.98 ms
2026-05-15 22:31:01,634 | INFO     | [061634] ------------------------------------------
2026-05-15 22:31:01,634 | INFO     | [061634] 📥 NHẬN YÊU CẦU QUÉT KHUÔN MẶT MỚI
2026-05-15 22:31:01,634 | INFO     | [061634] Đã xử lý ảnh thành công. Kích thước tensor: (1, 48, 48, 1)
2026-05-15 22:31:01,686 | INFO     | [061634] 📊 Chi tiết dự đoán: {'ANGRY': 2.92, 'DISGUST': 0.08, 'FEAR': 9.04, 'HAPPY': 21.07, 'NEUTRAL': 16.32, 'SAD': 49.62, 'SURPRISE': 0.94}
2026-05-15 22:31:01,686 | INFO     | [061634] 🎯 KẾT QUẢ CHỐT: SAD (49.62%)
2026-05-15 22:31:01,686 | INFO     | [061634] ⏱️ Thời gian phản hồi: 51.89 ms
2026-05-15 22:31:01,687 | INFO     | [061687] ------------------------------------------
2026-05-15 22:31:01,687 | INFO     | [061687] 📥 NHẬN YÊU CẦU QUÉT KHUÔN MẶT MỚI
2026-05-15 22:31:01,688 | INFO     | [061687] Đã xử lý ảnh thành công. Kích thước tensor: (1, 48, 48, 1)
2026-05-15 22:31:01,737 | INFO     | [061687] 📊 Chi tiết dự đoán: {'ANGRY': 4.26, 'DISGUST': 0.08, 'FEAR': 10.73, 'HAPPY': 15.41, 'NEUTRAL': 15.83, 'SAD': 52.47, 'SURPRISE': 1.24}
2026-05-15 22:31:01,737 | INFO     | [061687] 🎯 KẾT QUẢ CHỐT: SAD (52.47%)
2026-05-15 22:31:01,738 | INFO     | [061687] ⏱️ Thời gian phản hồi: 49.48 ms
2026-05-15 22:31:01,739 | INFO     | [061739] ------------------------------------------
2026-05-15 22:31:01,739 | INFO     | [061739] 📥 NHẬN YÊU CẦU QUÉT KHUÔN MẶT MỚI
2026-05-15 22:31:01,741 | INFO     | [061739] Đã xử lý ảnh thành công. Kích thước tensor: (1, 48, 48, 1)
2026-05-15 22:31:01,791 | INFO     | [061739] 📊 Chi tiết dự đoán: {'ANGRY': 3.75, 'DISGUST': 0.07, 'FEAR': 9.35, 'HAPPY': 13.85, 'NEUTRAL': 16.42, 'SAD': 55.92, 'SURPRISE': 0.64}
2026-05-15 22:31:01,791 | INFO     | [061739] 🎯 KẾT QUẢ CHỐT: SAD (55.92%)
2026-05-15 22:31:01,791 | INFO     | [061739] ⏱️ Thời gian phản hồi: 51.16 ms
2026-05-15 22:31:01,793 | INFO     | [061793] ------------------------------------------
2026-05-15 22:31:01,793 | INFO     | [061793] 📥 NHẬN YÊU CẦU QUÉT KHUÔN MẶT MỚI
2026-05-15 22:31:01,794 | INFO     | [061793] Đã xử lý ảnh thành công. Kích thước tensor: (1, 48, 48, 1)
2026-05-15 22:31:01,844 | INFO     | [061793] 📊 Chi tiết dự đoán: {'ANGRY': 5.03, 'DISGUST': 0.08, 'FEAR': 9.15, 'HAPPY': 19.46, 'NEUTRAL': 15.37, 'SAD': 49.73, 'SURPRISE': 1.18}
2026-05-15 22:31:01,844 | INFO     | [061793] 🎯 KẾT QUẢ CHỐT: SAD (49.73%)
2026-05-15 22:31:01,845 | INFO     | [061793] ⏱️ Thời gian phản hồi: 50.08 ms
2026-05-15 22:31:01,846 | INFO     | [061846] ------------------------------------------
2026-05-15 22:31:01,846 | INFO     | [061846] 📥 NHẬN YÊU CẦU QUÉT KHUÔN MẶT MỚI
2026-05-15 22:31:01,847 | INFO     | [061846] Đã xử lý ảnh thành công. Kích thước tensor: (1, 48, 48, 1)
2026-05-15 22:31:01,896 | INFO     | [061846] 📊 Chi tiết dự đoán: {'ANGRY': 3.94, 'DISGUST': 0.09, 'FEAR': 10.92, 'HAPPY': 17.99, 'NEUTRAL': 15.7, 'SAD': 50.28, 'SURPRISE': 1.08}
2026-05-15 22:31:01,897 | INFO     | [061846] 🎯 KẾT QUẢ CHỐT: SAD (50.28%)
2026-05-15 22:31:01,897 | INFO     | [061846] ⏱️ Thời gian phản hồi: 50.48 ms
2026-05-15 22:31:01,899 | INFO     | [061899] ------------------------------------------
2026-05-15 22:31:01,899 | INFO     | [061899] 📥 NHẬN YÊU CẦU QUÉT KHUÔN MẶT MỚI
2026-05-15 22:31:01,900 | INFO     | [061899] Đã xử lý ảnh thành công. Kích thước tensor: (1, 48, 48, 1)
2026-05-15 22:31:01,952 | INFO     | [061899] 📊 Chi tiết dự đoán: {'ANGRY': 4.75, 'DISGUST': 0.11, 'FEAR': 11.22, 'HAPPY': 17.05, 'NEUTRAL': 14.31, 'SAD': 51.3, 'SURPRISE': 1.26}
2026-05-15 22:31:01,952 | INFO     | [061899] 🎯 KẾT QUẢ CHỐT: SAD (51.30%)
2026-05-15 22:31:01,952 | INFO     | [061899] ⏱️ Thời gian phản hồi: 53.24 ms
2026-05-15 22:31:01,954 | INFO     | [061954] ------------------------------------------
2026-05-15 22:31:01,954 | INFO     | [061954] 📥 NHẬN YÊU CẦU QUÉT KHUÔN MẶT MỚI
2026-05-15 22:31:01,955 | INFO     | [061954] Đã xử lý ảnh thành công. Kích thước tensor: (1, 48, 48, 1)
2026-05-15 22:31:02,004 | INFO     | [061954] 📊 Chi tiết dự đoán: {'ANGRY': 3.77, 'DISGUST': 0.08, 'FEAR': 11.53, 'HAPPY': 15.34, 'NEUTRAL': 14.78, 'SAD': 53.64, 'SURPRISE': 0.86}
2026-05-15 22:31:02,004 | INFO     | [061954] 🎯 KẾT QUẢ CHỐT: SAD (53.64%)
2026-05-15 22:31:02,004 | INFO     | [061954] ⏱️ Thời gian phản hồi: 50.54 ms
2026-05-15 22:31:02,006 | INFO     | [062006] ------------------------------------------
2026-05-15 22:31:02,006 | INFO     | [062006] 📥 NHẬN YÊU CẦU QUÉT KHUÔN MẶT MỚI
2026-05-15 22:31:02,007 | INFO     | [062006] Đã xử lý ảnh thành công. Kích thước tensor: (1, 48, 48, 1)
2026-05-15 22:31:02,058 | INFO     | [062006] 📊 Chi tiết dự đoán: {'ANGRY': 4.06, 'DISGUST': 0.12, 'FEAR': 12.38, 'HAPPY': 13.75, 'NEUTRAL': 13.04, 'SAD': 55.29, 'SURPRISE': 1.36}
2026-05-15 22:31:02,059 | INFO     | [062006] 🎯 KẾT QUẢ CHỐT: SAD (55.29%)
2026-05-15 22:31:02,059 | INFO     | [062006] ⏱️ Thời gian phản hồi: 52.09 ms
2026-05-15 22:31:02,061 | INFO     | [062061] ------------------------------------------
2026-05-15 22:31:02,061 | INFO     | [062061] 📥 NHẬN YÊU CẦU QUÉT KHUÔN MẶT MỚI
2026-05-15 22:31:02,061 | INFO     | [062061] Đã xử lý ảnh thành công. Kích thước tensor: (1, 48, 48, 1)
2026-05-15 22:31:02,117 | INFO     | [062061] 📊 Chi tiết dự đoán: {'ANGRY': 3.89, 'DISGUST': 0.1, 'FEAR': 11.08, 'HAPPY': 14.57, 'NEUTRAL': 19.88, 'SAD': 49.22, 'SURPRISE': 1.26}
2026-05-15 22:31:02,117 | INFO     | [062061] 🎯 KẾT QUẢ CHỐT: SAD (49.22%)
2026-05-15 22:31:02,117 | INFO     | [062061] ⏱️ Thời gian phản hồi: 55.31 ms
2026-05-15 22:31:02,119 | INFO     | [062119] ------------------------------------------
2026-05-15 22:31:02,119 | INFO     | [062119] 📥 NHẬN YÊU CẦU QUÉT KHUÔN MẶT MỚI
2026-05-15 22:31:02,120 | INFO     | [062119] Đã xử lý ảnh thành công. Kích thước tensor: (1, 48, 48, 1)
2026-05-15 22:31:02,181 | INFO     | [062119] 📊 Chi tiết dự đoán: {'ANGRY': 3.73, 'DISGUST': 0.1, 'FEAR': 11.76, 'HAPPY': 14.75, 'NEUTRAL': 17.82, 'SAD': 50.28, 'SURPRISE': 1.56}
2026-05-15 22:31:02,182 | INFO     | [062119] 🎯 KẾT QUẢ CHỐT: SAD (50.28%)
2026-05-15 22:31:02,182 | INFO     | [062119] ⏱️ Thời gian phản hồi: 62.34 ms
2026-05-15 22:31:02,184 | INFO     | [062184] ------------------------------------------
2026-05-15 22:31:02,185 | INFO     | [062184] 📥 NHẬN YÊU CẦU QUÉT KHUÔN MẶT MỚI
2026-05-15 22:31:02,186 | INFO     | [062184] Đã xử lý ảnh thành công. Kích thước tensor: (1, 48, 48, 1)
2026-05-15 22:31:02,245 | INFO     | [062184] 📊 Chi tiết dự đoán: {'ANGRY': 3.42, 'DISGUST': 0.11, 'FEAR': 10.83, 'HAPPY': 13.82, 'NEUTRAL': 24.02, 'SAD': 45.77, 'SURPRISE': 2.03}
2026-05-15 22:31:02,245 | INFO     | [062184] 🎯 KẾT QUẢ CHỐT: SAD (45.77%)
2026-05-15 22:31:02,245 | INFO     | [062184] ⏱️ Thời gian phản hồi: 60.56 ms
2026-05-15 22:31:02,246 | INFO     | [062246] ------------------------------------------
2026-05-15 22:31:02,247 | INFO     | [062246] 📥 NHẬN YÊU CẦU QUÉT KHUÔN MẶT MỚI
2026-05-15 22:31:02,247 | INFO     | [062246] Đã xử lý ảnh thành công. Kích thước tensor: (1, 48, 48, 1)
2026-05-15 22:31:02,306 | INFO     | [062246] 📊 Chi tiết dự đoán: {'ANGRY': 4.17, 'DISGUST': 0.17, 'FEAR': 12.59, 'HAPPY': 10.57, 'NEUTRAL': 21.58, 'SAD': 49.2, 'SURPRISE': 1.72}
2026-05-15 22:31:02,306 | INFO     | [062246] 🎯 KẾT QUẢ CHỐT: SAD (49.20%)
2026-05-15 22:31:02,307 | INFO     | [062246] ⏱️ Thời gian phản hồi: 59.44 ms
2026-05-15 22:31:02,308 | INFO     | [062308] ------------------------------------------
2026-05-15 22:31:02,308 | INFO     | [062308] 📥 NHẬN YÊU CẦU QUÉT KHUÔN MẶT MỚI
2026-05-15 22:31:02,309 | INFO     | [062308] Đã xử lý ảnh thành công. Kích thước tensor: (1, 48, 48, 1)
2026-05-15 22:31:02,361 | INFO     | [062308] 📊 Chi tiết dự đoán: {'ANGRY': 3.08, 'DISGUST': 0.09, 'FEAR': 11.51, 'HAPPY': 11.14, 'NEUTRAL': 23.39, 'SAD': 49.12, 'SURPRISE': 1.68}
2026-05-15 22:31:02,361 | INFO     | [062308] 🎯 KẾT QUẢ CHỐT: SAD (49.12%)
2026-05-15 22:31:02,361 | INFO     | [062308] ⏱️ Thời gian phản hồi: 51.63 ms
2026-05-15 22:31:02,364 | INFO     | [062364] ------------------------------------------
2026-05-15 22:31:02,364 | INFO     | [062364] 📥 NHẬN YÊU CẦU QUÉT KHUÔN MẶT MỚI
2026-05-15 22:31:02,364 | INFO     | [062364] Đã xử lý ảnh thành công. Kích thước tensor: (1, 48, 48, 1)
2026-05-15 22:31:02,416 | INFO     | [062364] 📊 Chi tiết dự đoán: {'ANGRY': 3.08, 'DISGUST': 0.09, 'FEAR': 12.19, 'HAPPY': 9.32, 'NEUTRAL': 24.52, 'SAD': 48.92, 'SURPRISE': 1.88}
2026-05-15 22:31:02,416 | INFO     | [062364] 🎯 KẾT QUẢ CHỐT: SAD (48.92%)
2026-05-15 22:31:02,416 | INFO     | [062364] ⏱️ Thời gian phản hồi: 52.24 ms
2026-05-15 22:31:02,419 | INFO     | [062419] ------------------------------------------
2026-05-15 22:31:02,419 | INFO     | [062419] 📥 NHẬN YÊU CẦU QUÉT KHUÔN MẶT MỚI
2026-05-15 22:31:02,419 | INFO     | [062419] Đã xử lý ảnh thành công. Kích thước tensor: (1, 48, 48, 1)
2026-05-15 22:31:02,470 | INFO     | [062419] 📊 Chi tiết dự đoán: {'ANGRY': 3.35, 'DISGUST': 0.09, 'FEAR': 13.02, 'HAPPY': 8.81, 'NEUTRAL': 24.46, 'SAD': 48.51, 'SURPRISE': 1.77}
2026-05-15 22:31:02,470 | INFO     | [062419] 🎯 KẾT QUẢ CHỐT: SAD (48.51%)
2026-05-15 22:31:02,470 | INFO     | [062419] ⏱️ Thời gian phản hồi: 50.6 ms
2026-05-15 22:31:02,472 | INFO     | [062472] ------------------------------------------
2026-05-15 22:31:02,473 | INFO     | [062472] 📥 NHẬN YÊU CẦU QUÉT KHUÔN MẶT MỚI
2026-05-15 22:31:02,473 | INFO     | [062472] Đã xử lý ảnh thành công. Kích thước tensor: (1, 48, 48, 1)
2026-05-15 22:31:02,523 | INFO     | [062472] 📊 Chi tiết dự đoán: {'ANGRY': 3.35, 'DISGUST': 0.08, 'FEAR': 12.38, 'HAPPY': 9.08, 'NEUTRAL': 24.05, 'SAD': 49.21, 'SURPRISE': 1.86}
2026-05-15 22:31:02,523 | INFO     | [062472] 🎯 KẾT QUẢ CHỐT: SAD (49.21%)
2026-05-15 22:31:02,524 | INFO     | [062472] ⏱️ Thời gian phản hồi: 51.25 ms
2026-05-15 22:31:02,525 | INFO     | [062525] ------------------------------------------
2026-05-15 22:31:02,525 | INFO     | [062525] 📥 NHẬN YÊU CẦU QUÉT KHUÔN MẶT MỚI
2026-05-15 22:31:02,526 | INFO     | [062525] Đã xử lý ảnh thành công. Kích thước tensor: (1, 48, 48, 1)
2026-05-15 22:31:02,576 | INFO     | [062525] 📊 Chi tiết dự đoán: {'ANGRY': 3.21, 'DISGUST': 0.09, 'FEAR': 13.71, 'HAPPY': 8.98, 'NEUTRAL': 25.09, 'SAD': 46.64, 'SURPRISE': 2.28}
2026-05-15 22:31:02,577 | INFO     | [062525] 🎯 KẾT QUẢ CHỐT: SAD (46.64%)
2026-05-15 22:31:02,577 | INFO     | [062525] ⏱️ Thời gian phản hồi: 51.08 ms
2026-05-15 22:31:02,579 | INFO     | [062579] ------------------------------------------
2026-05-15 22:31:02,579 | INFO     | [062579] 📥 NHẬN YÊU CẦU QUÉT KHUÔN MẶT MỚI
2026-05-15 22:31:02,580 | INFO     | [062579] Đã xử lý ảnh thành công. Kích thước tensor: (1, 48, 48, 1)
2026-05-15 22:31:02,633 | INFO     | [062579] 📊 Chi tiết dự đoán: {'ANGRY': 3.12, 'DISGUST': 0.08, 'FEAR': 12.94, 'HAPPY': 9.77, 'NEUTRAL': 23.93, 'SAD': 48.42, 'SURPRISE': 1.75}
2026-05-15 22:31:02,633 | INFO     | [062579] 🎯 KẾT QUẢ CHỐT: SAD (48.42%)
2026-05-15 22:31:02,634 | INFO     | [062579] ⏱️ Thời gian phản hồi: 54.35 ms
2026-05-15 22:31:02,636 | INFO     | [062636] ------------------------------------------
2026-05-15 22:31:02,636 | INFO     | [062636] 📥 NHẬN YÊU CẦU QUÉT KHUÔN MẶT MỚI
2026-05-15 22:31:02,636 | INFO     | [062636] Đã xử lý ảnh thành công. Kích thước tensor: (1, 48, 48, 1)
2026-05-15 22:31:02,690 | INFO     | [062636] 📊 Chi tiết dự đoán: {'ANGRY': 3.59, 'DISGUST': 0.1, 'FEAR': 13.24, 'HAPPY': 9.75, 'NEUTRAL': 24.26, 'SAD': 47.08, 'SURPRISE': 1.98}
2026-05-15 22:31:02,690 | INFO     | [062636] 🎯 KẾT QUẢ CHỐT: SAD (47.08%)
2026-05-15 22:31:02,690 | INFO     | [062636] ⏱️ Thời gian phản hồi: 54.35 ms
2026-05-15 22:31:02,693 | INFO     | [062693] ------------------------------------------
2026-05-15 22:31:02,693 | INFO     | [062693] 📥 NHẬN YÊU CẦU QUÉT KHUÔN MẶT MỚI
2026-05-15 22:31:02,693 | INFO     | [062693] Đã xử lý ảnh thành công. Kích thước tensor: (1, 48, 48, 1)
2026-05-15 22:31:02,744 | INFO     | [062693] 📊 Chi tiết dự đoán: {'ANGRY': 3.54, 'DISGUST': 0.1, 'FEAR': 12.79, 'HAPPY': 9.69, 'NEUTRAL': 23.52, 'SAD': 48.38, 'SURPRISE': 1.98}
2026-05-15 22:31:02,744 | INFO     | [062693] 🎯 KẾT QUẢ CHỐT: SAD (48.38%)
2026-05-15 22:31:02,745 | INFO     | [062693] ⏱️ Thời gian phản hồi: 50.87 ms
2026-05-15 22:31:02,747 | INFO     | [062747] ------------------------------------------
2026-05-15 22:31:02,747 | INFO     | [062747] 📥 NHẬN YÊU CẦU QUÉT KHUÔN MẶT MỚI
2026-05-15 22:31:02,748 | INFO     | [062747] Đã xử lý ảnh thành công. Kích thước tensor: (1, 48, 48, 1)
2026-05-15 22:31:02,800 | INFO     | [062747] 📊 Chi tiết dự đoán: {'ANGRY': 3.63, 'DISGUST': 0.12, 'FEAR': 11.38, 'HAPPY': 13.2, 'NEUTRAL': 24.16, 'SAD': 45.35, 'SURPRISE': 2.16}
2026-05-15 22:31:02,800 | INFO     | [062747] 🎯 KẾT QUẢ CHỐT: SAD (45.35%)
2026-05-15 22:31:02,802 | INFO     | [062747] ⏱️ Thời gian phản hồi: 53.15 ms
2026-05-15 22:31:02,803 | INFO     | [062803] ------------------------------------------
2026-05-15 22:31:02,803 | INFO     | [062803] 📥 NHẬN YÊU CẦU QUÉT KHUÔN MẶT MỚI
2026-05-15 22:31:02,803 | INFO     | [062803] Đã xử lý ảnh thành công. Kích thước tensor: (1, 48, 48, 1)
2026-05-15 22:31:02,851 | INFO     | [062803] 📊 Chi tiết dự đoán: {'ANGRY': 3.9, 'DISGUST': 0.12, 'FEAR': 12.44, 'HAPPY': 14.75, 'NEUTRAL': 22.89, 'SAD': 43.63, 'SURPRISE': 2.27}
2026-05-15 22:31:02,851 | INFO     | [062803] 🎯 KẾT QUẢ CHỐT: SAD (43.63%)
2026-05-15 22:31:02,851 | INFO     | [062803] ⏱️ Thời gian phản hồi: 48.9 ms
2026-05-15 22:31:02,855 | INFO     | [062855] ------------------------------------------
2026-05-15 22:31:02,855 | INFO     | [062855] 📥 NHẬN YÊU CẦU QUÉT KHUÔN MẶT MỚI
2026-05-15 22:31:02,856 | INFO     | [062855] Đã xử lý ảnh thành công. Kích thước tensor: (1, 48, 48, 1)
2026-05-15 22:31:02,911 | INFO     | [062855] 📊 Chi tiết dự đoán: {'ANGRY': 3.22, 'DISGUST': 0.09, 'FEAR': 11.57, 'HAPPY': 15.58, 'NEUTRAL': 24.02, 'SAD': 43.58, 'SURPRISE': 1.95}
2026-05-15 22:31:02,911 | INFO     | [062855] 🎯 KẾT QUẢ CHỐT: SAD (43.58%)
2026-05-15 22:31:02,912 | INFO     | [062855] ⏱️ Thời gian phản hồi: 56.43 ms
2026-05-15 22:31:02,914 | INFO     | [062914] ------------------------------------------
2026-05-15 22:31:02,914 | INFO     | [062914] 📥 NHẬN YÊU CẦU QUÉT KHUÔN MẶT MỚI
2026-05-15 22:31:02,914 | INFO     | [062914] Đã xử lý ảnh thành công. Kích thước tensor: (1, 48, 48, 1)
2026-05-15 22:31:02,965 | INFO     | [062914] 📊 Chi tiết dự đoán: {'ANGRY': 3.09, 'DISGUST': 0.08, 'FEAR': 11.6, 'HAPPY': 15.52, 'NEUTRAL': 24.37, 'SAD': 43.35, 'SURPRISE': 1.99}
2026-05-15 22:31:02,966 | INFO     | [062914] 🎯 KẾT QUẢ CHỐT: SAD (43.35%)
2026-05-15 22:31:02,966 | INFO     | [062914] ⏱️ Thời gian phản hồi: 50.93 ms
2026-05-15 22:31:02,967 | INFO     | [062967] ------------------------------------------
2026-05-15 22:31:02,967 | INFO     | [062967] 📥 NHẬN YÊU CẦU QUÉT KHUÔN MẶT MỚI
2026-05-15 22:31:02,969 | INFO     | [062967] Đã xử lý ảnh thành công. Kích thước tensor: (1, 48, 48, 1)
2026-05-15 22:31:03,020 | INFO     | [062967] 📊 Chi tiết dự đoán: {'ANGRY': 3.32, 'DISGUST': 0.09, 'FEAR': 12.38, 'HAPPY': 12.39, 'NEUTRAL': 24.2, 'SAD': 45.78, 'SURPRISE': 1.84}
2026-05-15 22:31:03,020 | INFO     | [062967] 🎯 KẾT QUẢ CHỐT: SAD (45.78%)
2026-05-15 22:31:03,020 | INFO     | [062967] ⏱️ Thời gian phản hồi: 52.82 ms
2026-05-15 22:31:03,023 | INFO     | [063023] ------------------------------------------
2026-05-15 22:31:03,023 | INFO     | [063023] 📥 NHẬN YÊU CẦU QUÉT KHUÔN MẶT MỚI
2026-05-15 22:31:03,023 | INFO     | [063023] Đã xử lý ảnh thành công. Kích thước tensor: (1, 48, 48, 1)
2026-05-15 22:31:03,074 | INFO     | [063023] 📊 Chi tiết dự đoán: {'ANGRY': 3.16, 'DISGUST': 0.1, 'FEAR': 11.79, 'HAPPY': 14.81, 'NEUTRAL': 23.27, 'SAD': 45.0, 'SURPRISE': 1.88}
2026-05-15 22:31:03,074 | INFO     | [063023] 🎯 KẾT QUẢ CHỐT: SAD (45.00%)
2026-05-15 22:31:03,075 | INFO     | [063023] ⏱️ Thời gian phản hồi: 50.24 ms
2026-05-15 22:31:03,076 | INFO     | [063076] ------------------------------------------
2026-05-15 22:31:03,076 | INFO     | [063076] 📥 NHẬN YÊU CẦU QUÉT KHUÔN MẶT MỚI
2026-05-15 22:31:03,077 | INFO     | [063076] Đã xử lý ảnh thành công. Kích thước tensor: (1, 48, 48, 1)
2026-05-15 22:31:03,132 | INFO     | [063076] 📊 Chi tiết dự đoán: {'ANGRY': 3.14, 'DISGUST': 0.08, 'FEAR': 12.4, 'HAPPY': 11.36, 'NEUTRAL': 24.54, 'SAD': 46.74, 'SURPRISE': 1.75}
2026-05-15 22:31:03,132 | INFO     | [063076] 🎯 KẾT QUẢ CHỐT: SAD (46.74%)
2026-05-15 22:31:03,133 | INFO     | [063076] ⏱️ Thời gian phản hồi: 56.16 ms
2026-05-15 22:31:03,134 | INFO     | [063134] ------------------------------------------
2026-05-15 22:31:03,135 | INFO     | [063134] 📥 NHẬN YÊU CẦU QUÉT KHUÔN MẶT MỚI
2026-05-15 22:31:03,135 | INFO     | [063134] Đã xử lý ảnh thành công. Kích thước tensor: (1, 48, 48, 1)
2026-05-15 22:31:03,188 | INFO     | [063134] 📊 Chi tiết dự đoán: {'ANGRY': 3.25, 'DISGUST': 0.09, 'FEAR': 11.76, 'HAPPY': 10.42, 'NEUTRAL': 24.65, 'SAD': 48.18, 'SURPRISE': 1.66}
2026-05-15 22:31:03,189 | INFO     | [063134] 🎯 KẾT QUẢ CHỐT: SAD (48.18%)
2026-05-15 22:31:03,189 | INFO     | [063134] ⏱️ Thời gian phản hồi: 54.17 ms
2026-05-15 22:31:03,192 | INFO     | [063192] ------------------------------------------
2026-05-15 22:31:03,192 | INFO     | [063192] 📥 NHẬN YÊU CẦU QUÉT KHUÔN MẶT MỚI
2026-05-15 22:31:03,192 | INFO     | [063192] Đã xử lý ảnh thành công. Kích thước tensor: (1, 48, 48, 1)
2026-05-15 22:31:03,252 | INFO     | [063192] 📊 Chi tiết dự đoán: {'ANGRY': 3.25, 'DISGUST': 0.08, 'FEAR': 11.69, 'HAPPY': 10.33, 'NEUTRAL': 24.09, 'SAD': 49.02, 'SURPRISE': 1.54}
2026-05-15 22:31:03,253 | INFO     | [063192] 🎯 KẾT QUẢ CHỐT: SAD (49.02%)
2026-05-15 22:31:03,253 | INFO     | [063192] ⏱️ Thời gian phản hồi: 60.64 ms
2026-05-15 22:31:03,254 | INFO     | [063254] ------------------------------------------
2026-05-15 22:31:03,255 | INFO     | [063254] 📥 NHẬN YÊU CẦU QUÉT KHUÔN MẶT MỚI
2026-05-15 22:31:03,255 | INFO     | [063254] Đã xử lý ảnh thành công. Kích thước tensor: (1, 48, 48, 1)
2026-05-15 22:31:03,316 | INFO     | [063254] 📊 Chi tiết dự đoán: {'ANGRY': 3.33, 'DISGUST': 0.09, 'FEAR': 12.48, 'HAPPY': 9.0, 'NEUTRAL': 24.33, 'SAD': 48.97, 'SURPRISE': 1.81}
2026-05-15 22:31:03,316 | INFO     | [063254] 🎯 KẾT QUẢ CHỐT: SAD (48.97%)
2026-05-15 22:31:03,317 | INFO     | [063254] ⏱️ Thời gian phản hồi: 61.31 ms
2026-05-15 22:31:03,319 | INFO     | [063319] ------------------------------------------
2026-05-15 22:31:03,319 | INFO     | [063319] 📥 NHẬN YÊU CẦU QUÉT KHUÔN MẶT MỚI
2026-05-15 22:31:03,320 | INFO     | [063319] Đã xử lý ảnh thành công. Kích thước tensor: (1, 48, 48, 1)
2026-05-15 22:31:03,376 | INFO     | [063319] 📊 Chi tiết dự đoán: {'ANGRY': 3.3, 'DISGUST': 0.08, 'FEAR': 12.48, 'HAPPY': 10.18, 'NEUTRAL': 22.61, 'SAD': 49.63, 'SURPRISE': 1.72}
2026-05-15 22:31:03,377 | INFO     | [063319] 🎯 KẾT QUẢ CHỐT: SAD (49.63%)
2026-05-15 22:31:03,377 | INFO     | [063319] ⏱️ Thời gian phản hồi: 56.95 ms
2026-05-15 22:31:03,379 | INFO     | [063379] ------------------------------------------
2026-05-15 22:31:03,379 | INFO     | [063379] 📥 NHẬN YÊU CẦU QUÉT KHUÔN MẶT MỚI
2026-05-15 22:31:03,380 | INFO     | [063379] Đã xử lý ảnh thành công. Kích thước tensor: (1, 48, 48, 1)
2026-05-15 22:31:03,431 | INFO     | [063379] 📊 Chi tiết dự đoán: {'ANGRY': 3.07, 'DISGUST': 0.07, 'FEAR': 11.95, 'HAPPY': 10.68, 'NEUTRAL': 22.82, 'SAD': 49.88, 'SURPRISE': 1.53}
2026-05-15 22:31:03,431 | INFO     | [063379] 🎯 KẾT QUẢ CHỐT: SAD (49.88%)
2026-05-15 22:31:03,431 | INFO     | [063379] ⏱️ Thời gian phản hồi: 52.74 ms
2026-05-15 22:31:03,433 | INFO     | [063433] ------------------------------------------
2026-05-15 22:31:03,433 | INFO     | [063433] 📥 NHẬN YÊU CẦU QUÉT KHUÔN MẶT MỚI
2026-05-15 22:31:03,434 | INFO     | [063433] Đã xử lý ảnh thành công. Kích thước tensor: (1, 48, 48, 1)
2026-05-15 22:31:03,485 | INFO     | [063433] 📊 Chi tiết dự đoán: {'ANGRY': 3.36, 'DISGUST': 0.08, 'FEAR': 13.08, 'HAPPY': 8.85, 'NEUTRAL': 23.46, 'SAD': 49.25, 'SURPRISE': 1.91}
2026-05-15 22:31:03,485 | INFO     | [063433] 🎯 KẾT QUẢ CHỐT: SAD (49.25%)
2026-05-15 22:31:03,485 | INFO     | [063433] ⏱️ Thời gian phản hồi: 51.34 ms
2026-05-15 22:31:03,487 | INFO     | [063487] ------------------------------------------
2026-05-15 22:31:03,487 | INFO     | [063487] 📥 NHẬN YÊU CẦU QUÉT KHUÔN MẶT MỚI
2026-05-15 22:31:03,488 | INFO     | [063487] Đã xử lý ảnh thành công. Kích thước tensor: (1, 48, 48, 1)
2026-05-15 22:31:03,537 | INFO     | [063487] 📊 Chi tiết dự đoán: {'ANGRY': 3.21, 'DISGUST': 0.09, 'FEAR': 12.97, 'HAPPY': 9.38, 'NEUTRAL': 23.62, 'SAD': 48.59, 'SURPRISE': 2.15}
2026-05-15 22:31:03,537 | INFO     | [063487] 🎯 KẾT QUẢ CHỐT: SAD (48.59%)
2026-05-15 22:31:03,537 | INFO     | [063487] ⏱️ Thời gian phản hồi: 48.62 ms
2026-05-15 22:31:03,538 | INFO     | [063538] ------------------------------------------
2026-05-15 22:31:03,538 | INFO     | [063538] 📥 NHẬN YÊU CẦU QUÉT KHUÔN MẶT MỚI
2026-05-15 22:31:03,539 | INFO     | [063538] Đã xử lý ảnh thành công. Kích thước tensor: (1, 48, 48, 1)
2026-05-15 22:31:03,592 | INFO     | [063538] 📊 Chi tiết dự đoán: {'ANGRY': 3.48, 'DISGUST': 0.09, 'FEAR': 12.86, 'HAPPY': 9.25, 'NEUTRAL': 24.38, 'SAD': 47.9, 'SURPRISE': 2.04}
2026-05-15 22:31:03,592 | INFO     | [063538] 🎯 KẾT QUẢ CHỐT: SAD (47.90%)
2026-05-15 22:31:03,592 | INFO     | [063538] ⏱️ Thời gian phản hồi: 54.31 ms
2026-05-15 22:31:03,594 | INFO     | [063594] ------------------------------------------
2026-05-15 22:31:03,595 | INFO     | [063594] 📥 NHẬN YÊU CẦU QUÉT KHUÔN MẶT MỚI
2026-05-15 22:31:03,595 | INFO     | [063594] Đã xử lý ảnh thành công. Kích thước tensor: (1, 48, 48, 1)
2026-05-15 22:31:03,649 | INFO     | [063594] 📊 Chi tiết dự đoán: {'ANGRY': 3.79, 'DISGUST': 0.11, 'FEAR': 13.72, 'HAPPY': 9.3, 'NEUTRAL': 25.42, 'SAD': 45.26, 'SURPRISE': 2.4}
2026-05-15 22:31:03,650 | INFO     | [063594] 🎯 KẾT QUẢ CHỐT: SAD (45.26%)
2026-05-15 22:31:03,650 | INFO     | [063594] ⏱️ Thời gian phản hồi: 54.55 ms
2026-05-15 22:31:03,652 | INFO     | [063652] ------------------------------------------
2026-05-15 22:31:03,652 | INFO     | [063652] 📥 NHẬN YÊU CẦU QUÉT KHUÔN MẶT MỚI
2026-05-15 22:31:03,653 | INFO     | [063652] Đã xử lý ảnh thành công. Kích thước tensor: (1, 48, 48, 1)
2026-05-15 22:31:03,706 | INFO     | [063652] 📊 Chi tiết dự đoán: {'ANGRY': 3.26, 'DISGUST': 0.09, 'FEAR': 12.64, 'HAPPY': 7.18, 'NEUTRAL': 24.31, 'SAD': 50.35, 'SURPRISE': 2.16}
2026-05-15 22:31:03,707 | INFO     | [063652] 🎯 KẾT QUẢ CHỐT: SAD (50.35%)
2026-05-15 22:31:03,707 | INFO     | [063652] ⏱️ Thời gian phản hồi: 54.08 ms
2026-05-15 22:31:03,709 | INFO     | [063709] ------------------------------------------
2026-05-15 22:31:03,709 | INFO     | [063709] 📥 NHẬN YÊU CẦU QUÉT KHUÔN MẶT MỚI
2026-05-15 22:31:03,709 | INFO     | [063709] Đã xử lý ảnh thành công. Kích thước tensor: (1, 48, 48, 1)
2026-05-15 22:31:03,762 | INFO     | [063709] 📊 Chi tiết dự đoán: {'ANGRY': 3.59, 'DISGUST': 0.09, 'FEAR': 13.62, 'HAPPY': 8.06, 'NEUTRAL': 26.07, 'SAD': 46.25, 'SURPRISE': 2.31}
2026-05-15 22:31:03,762 | INFO     | [063709] 🎯 KẾT QUẢ CHỐT: SAD (46.25%)
2026-05-15 22:31:03,763 | INFO     | [063709] ⏱️ Thời gian phản hồi: 53.41 ms
2026-05-15 22:31:03,765 | INFO     | [063765] ------------------------------------------
2026-05-15 22:31:03,765 | INFO     | [063765] 📥 NHẬN YÊU CẦU QUÉT KHUÔN MẶT MỚI
2026-05-15 22:31:03,766 | INFO     | [063765] Đã xử lý ảnh thành công. Kích thước tensor: (1, 48, 48, 1)
2026-05-15 22:31:03,814 | INFO     | [063765] 📊 Chi tiết dự đoán: {'ANGRY': 3.54, 'DISGUST': 0.11, 'FEAR': 14.55, 'HAPPY': 9.54, 'NEUTRAL': 25.46, 'SAD': 44.08, 'SURPRISE': 2.71}
2026-05-15 22:31:03,815 | INFO     | [063765] 🎯 KẾT QUẢ CHỐT: SAD (44.08%)
2026-05-15 22:31:03,815 | INFO     | [063765] ⏱️ Thời gian phản hồi: 48.92 ms
2026-05-15 22:31:03,817 | INFO     | [063817] ------------------------------------------
2026-05-15 22:31:03,817 | INFO     | [063817] 📥 NHẬN YÊU CẦU QUÉT KHUÔN MẶT MỚI
2026-05-15 22:31:03,818 | INFO     | [063817] Đã xử lý ảnh thành công. Kích thước tensor: (1, 48, 48, 1)
2026-05-15 22:31:03,868 | INFO     | [063817] 📊 Chi tiết dự đoán: {'ANGRY': 3.9, 'DISGUST': 0.12, 'FEAR': 13.27, 'HAPPY': 12.24, 'NEUTRAL': 23.8, 'SAD': 44.2, 'SURPRISE': 2.46}
2026-05-15 22:31:03,869 | INFO     | [063817] 🎯 KẾT QUẢ CHỐT: SAD (44.20%)
2026-05-15 22:31:03,869 | INFO     | [063817] ⏱️ Thời gian phản hồi: 50.75 ms
2026-05-15 22:31:03,872 | INFO     | [063872] ------------------------------------------
2026-05-15 22:31:03,872 | INFO     | [063872] 📥 NHẬN YÊU CẦU QUÉT KHUÔN MẶT MỚI
2026-05-15 22:31:03,873 | INFO     | [063872] Đã xử lý ảnh thành công. Kích thước tensor: (1, 48, 48, 1)
2026-05-15 22:31:03,935 | INFO     | [063872] 📊 Chi tiết dự đoán: {'ANGRY': 3.35, 'DISGUST': 0.1, 'FEAR': 14.25, 'HAPPY': 10.92, 'NEUTRAL': 24.03, 'SAD': 45.25, 'SURPRISE': 2.1}
2026-05-15 22:31:03,936 | INFO     | [063872] 🎯 KẾT QUẢ CHỐT: SAD (45.25%)
2026-05-15 22:31:03,936 | INFO     | [063872] ⏱️ Thời gian phản hồi: 63.3 ms
2026-05-15 22:31:03,937 | INFO     | [063937] ------------------------------------------
2026-05-15 22:31:03,937 | INFO     | [063937] 📥 NHẬN YÊU CẦU QUÉT KHUÔN MẶT MỚI
2026-05-15 22:31:03,938 | INFO     | [063937] Đã xử lý ảnh thành công. Kích thước tensor: (1, 48, 48, 1)
2026-05-15 22:31:03,992 | INFO     | [063937] 📊 Chi tiết dự đoán: {'ANGRY': 3.72, 'DISGUST': 0.1, 'FEAR': 14.15, 'HAPPY': 9.55, 'NEUTRAL': 25.34, 'SAD': 44.86, 'SURPRISE': 2.27}
2026-05-15 22:31:03,992 | INFO     | [063937] 🎯 KẾT QUẢ CHỐT: SAD (44.86%)
2026-05-15 22:31:03,992 | INFO     | [063937] ⏱️ Thời gian phản hồi: 55.35 ms
2026-05-15 22:31:03,995 | INFO     | [063995] ------------------------------------------
2026-05-15 22:31:03,995 | INFO     | [063995] 📥 NHẬN YÊU CẦU QUÉT KHUÔN MẶT MỚI
2026-05-15 22:31:03,997 | INFO     | [063995] Đã xử lý ảnh thành công. Kích thước tensor: (1, 48, 48, 1)
2026-05-15 22:31:04,056 | INFO     | [063995] 📊 Chi tiết dự đoán: {'ANGRY': 3.73, 'DISGUST': 0.12, 'FEAR': 13.4, 'HAPPY': 9.64, 'NEUTRAL': 23.2, 'SAD': 47.66, 'SURPRISE': 2.25}
2026-05-15 22:31:04,056 | INFO     | [063995] 🎯 KẾT QUẢ CHỐT: SAD (47.66%)
2026-05-15 22:31:04,056 | INFO     | [063995] ⏱️ Thời gian phản hồi: 60.6 ms
2026-05-15 22:31:04,059 | INFO     | [064059] ------------------------------------------
2026-05-15 22:31:04,059 | INFO     | [064059] 📥 NHẬN YÊU CẦU QUÉT KHUÔN MẶT MỚI
2026-05-15 22:31:04,059 | INFO     | [064059] Đã xử lý ảnh thành công. Kích thước tensor: (1, 48, 48, 1)
2026-05-15 22:31:04,115 | INFO     | [064059] 📊 Chi tiết dự đoán: {'ANGRY': 3.56, 'DISGUST': 0.12, 'FEAR': 13.05, 'HAPPY': 10.39, 'NEUTRAL': 23.08, 'SAD': 47.34, 'SURPRISE': 2.47}
2026-05-15 22:31:04,115 | INFO     | [064059] 🎯 KẾT QUẢ CHỐT: SAD (47.34%)
2026-05-15 22:31:04,115 | INFO     | [064059] ⏱️ Thời gian phản hồi: 56.36 ms
2026-05-15 22:31:04,117 | INFO     | [064117] ------------------------------------------
2026-05-15 22:31:04,117 | INFO     | [064117] 📥 NHẬN YÊU CẦU QUÉT KHUÔN MẶT MỚI
2026-05-15 22:31:04,118 | INFO     | [064117] Đã xử lý ảnh thành công. Kích thước tensor: (1, 48, 48, 1)
2026-05-15 22:31:04,187 | INFO     | [064117] 📊 Chi tiết dự đoán: {'ANGRY': 3.3, 'DISGUST': 0.1, 'FEAR': 13.35, 'HAPPY': 8.15, 'NEUTRAL': 23.69, 'SAD': 49.24, 'SURPRISE': 2.17}
2026-05-15 22:31:04,188 | INFO     | [064117] 🎯 KẾT QUẢ CHỐT: SAD (49.24%)
2026-05-15 22:31:04,188 | INFO     | [064117] ⏱️ Thời gian phản hồi: 70.03 ms
2026-05-15 22:31:04,191 | INFO     | [064191] ------------------------------------------
2026-05-15 22:31:04,191 | INFO     | [064191] 📥 NHẬN YÊU CẦU QUÉT KHUÔN MẶT MỚI
2026-05-15 22:31:04,192 | INFO     | [064191] Đã xử lý ảnh thành công. Kích thước tensor: (1, 48, 48, 1)
2026-05-15 22:31:04,255 | INFO     | [064191] 📊 Chi tiết dự đoán: {'ANGRY': 3.42, 'DISGUST': 0.08, 'FEAR': 12.23, 'HAPPY': 9.45, 'NEUTRAL': 26.29, 'SAD': 46.69, 'SURPRISE': 1.85}
2026-05-15 22:31:04,255 | INFO     | [064191] 🎯 KẾT QUẢ CHỐT: SAD (46.69%)
2026-05-15 22:31:04,256 | INFO     | [064191] ⏱️ Thời gian phản hồi: 64.42 ms
2026-05-15 22:31:04,258 | INFO     | [064258] ------------------------------------------
2026-05-15 22:31:04,258 | INFO     | [064258] 📥 NHẬN YÊU CẦU QUÉT KHUÔN MẶT MỚI
2026-05-15 22:31:04,259 | INFO     | [064258] Đã xử lý ảnh thành công. Kích thước tensor: (1, 48, 48, 1)
2026-05-15 22:31:04,310 | INFO     | [064258] 📊 Chi tiết dự đoán: {'ANGRY': 3.54, 'DISGUST': 0.09, 'FEAR': 13.29, 'HAPPY': 9.92, 'NEUTRAL': 24.56, 'SAD': 46.61, 'SURPRISE': 1.99}
2026-05-15 22:31:04,310 | INFO     | [064258] 🎯 KẾT QUẢ CHỐT: SAD (46.61%)
2026-05-15 22:31:04,311 | INFO     | [064258] ⏱️ Thời gian phản hồi: 52.21 ms
2026-05-15 22:31:04,313 | INFO     | [064313] ------------------------------------------
2026-05-15 22:31:04,313 | INFO     | [064313] 📥 NHẬN YÊU CẦU QUÉT KHUÔN MẶT MỚI
2026-05-15 22:31:04,314 | INFO     | [064313] Đã xử lý ảnh thành công. Kích thước tensor: (1, 48, 48, 1)
2026-05-15 22:31:04,370 | INFO     | [064313] 📊 Chi tiết dự đoán: {'ANGRY': 3.55, 'DISGUST': 0.11, 'FEAR': 13.86, 'HAPPY': 8.76, 'NEUTRAL': 23.7, 'SAD': 47.96, 'SURPRISE': 2.07}
2026-05-15 22:31:04,371 | INFO     | [064313] 🎯 KẾT QUẢ CHỐT: SAD (47.96%)
2026-05-15 22:31:04,371 | INFO     | [064313] ⏱️ Thời gian phản hồi: 56.97 ms
2026-05-15 22:31:04,372 | INFO     | [064372] ------------------------------------------
2026-05-15 22:31:04,372 | INFO     | [064372] 📥 NHẬN YÊU CẦU QUÉT KHUÔN MẶT MỚI
2026-05-15 22:31:04,374 | INFO     | [064372] Đã xử lý ảnh thành công. Kích thước tensor: (1, 48, 48, 1)
2026-05-15 22:31:04,435 | INFO     | [064372] 📊 Chi tiết dự đoán: {'ANGRY': 3.18, 'DISGUST': 0.09, 'FEAR': 13.03, 'HAPPY': 8.48, 'NEUTRAL': 23.65, 'SAD': 49.65, 'SURPRISE': 1.93}
2026-05-15 22:31:04,435 | INFO     | [064372] 🎯 KẾT QUẢ CHỐT: SAD (49.65%)
2026-05-15 22:31:04,435 | INFO     | [064372] ⏱️ Thời gian phản hồi: 62.28 ms
2026-05-15 22:31:04,437 | INFO     | [064437] ------------------------------------------
2026-05-15 22:31:04,437 | INFO     | [064437] 📥 NHẬN YÊU CẦU QUÉT KHUÔN MẶT MỚI
2026-05-15 22:31:04,438 | INFO     | [064437] Đã xử lý ảnh thành công. Kích thước tensor: (1, 48, 48, 1)
2026-05-15 22:31:04,503 | INFO     | [064437] 📊 Chi tiết dự đoán: {'ANGRY': 3.17, 'DISGUST': 0.1, 'FEAR': 12.95, 'HAPPY': 11.75, 'NEUTRAL': 23.07, 'SAD': 46.74, 'SURPRISE': 2.22}
2026-05-15 22:31:04,503 | INFO     | [064437] 🎯 KẾT QUẢ CHỐT: SAD (46.74%)
2026-05-15 22:31:04,504 | INFO     | [064437] ⏱️ Thời gian phản hồi: 65.93 ms
2026-05-15 22:31:04,505 | INFO     | [064505] ------------------------------------------
2026-05-15 22:31:04,505 | INFO     | [064505] 📥 NHẬN YÊU CẦU QUÉT KHUÔN MẶT MỚI
2026-05-15 22:31:04,506 | INFO     | [064505] Đã xử lý ảnh thành công. Kích thước tensor: (1, 48, 48, 1)
2026-05-15 22:31:04,561 | INFO     | [064505] 📊 Chi tiết dự đoán: {'ANGRY': 3.61, 'DISGUST': 0.11, 'FEAR': 13.4, 'HAPPY': 11.42, 'NEUTRAL': 23.71, 'SAD': 45.45, 'SURPRISE': 2.29}
2026-05-15 22:31:04,561 | INFO     | [064505] 🎯 KẾT QUẢ CHỐT: SAD (45.45%)
2026-05-15 22:31:04,561 | INFO     | [064505] ⏱️ Thời gian phản hồi: 55.43 ms
2026-05-15 22:31:04,563 | INFO     | [064563] ------------------------------------------
2026-05-15 22:31:04,563 | INFO     | [064563] 📥 NHẬN YÊU CẦU QUÉT KHUÔN MẶT MỚI
2026-05-15 22:31:04,564 | INFO     | [064563] Đã xử lý ảnh thành công. Kích thước tensor: (1, 48, 48, 1)
2026-05-15 22:31:04,613 | INFO     | [064563] 📊 Chi tiết dự đoán: {'ANGRY': 3.24, 'DISGUST': 0.09, 'FEAR': 13.82, 'HAPPY': 11.17, 'NEUTRAL': 23.01, 'SAD': 46.75, 'SURPRISE': 1.91}
2026-05-15 22:31:04,614 | INFO     | [064563] 🎯 KẾT QUẢ CHỐT: SAD (46.75%)
2026-05-15 22:31:04,614 | INFO     | [064563] ⏱️ Thời gian phản hồi: 50.58 ms
2026-05-15 22:31:04,616 | INFO     | [064616] ------------------------------------------
2026-05-15 22:31:04,616 | INFO     | [064616] 📥 NHẬN YÊU CẦU QUÉT KHUÔN MẶT MỚI
2026-05-15 22:31:04,617 | INFO     | [064616] Đã xử lý ảnh thành công. Kích thước tensor: (1, 48, 48, 1)
2026-05-15 22:31:04,669 | INFO     | [064616] 📊 Chi tiết dự đoán: {'ANGRY': 3.43, 'DISGUST': 0.11, 'FEAR': 14.18, 'HAPPY': 11.02, 'NEUTRAL': 23.66, 'SAD': 45.12, 'SURPRISE': 2.48}
2026-05-15 22:31:04,669 | INFO     | [064616] 🎯 KẾT QUẢ CHỐT: SAD (45.12%)
2026-05-15 22:31:04,669 | INFO     | [064616] ⏱️ Thời gian phản hồi: 52.58 ms
2026-05-15 22:31:04,671 | INFO     | [064671] ------------------------------------------
2026-05-15 22:31:04,671 | INFO     | [064671] 📥 NHẬN YÊU CẦU QUÉT KHUÔN MẶT MỚI
2026-05-15 22:31:04,672 | INFO     | [064671] Đã xử lý ảnh thành công. Kích thước tensor: (1, 48, 48, 1)
2026-05-15 22:31:04,733 | INFO     | [064671] 📊 Chi tiết dự đoán: {'ANGRY': 3.79, 'DISGUST': 0.13, 'FEAR': 13.77, 'HAPPY': 9.64, 'NEUTRAL': 24.56, 'SAD': 45.67, 'SURPRISE': 2.43}
2026-05-15 22:31:04,733 | INFO     | [064671] 🎯 KẾT QUẢ CHỐT: SAD (45.67%)
2026-05-15 22:31:04,734 | INFO     | [064671] ⏱️ Thời gian phản hồi: 62.49 ms
2026-05-15 22:31:04,736 | INFO     | [064736] ------------------------------------------
2026-05-15 22:31:04,736 | INFO     | [064736] 📥 NHẬN YÊU CẦU QUÉT KHUÔN MẶT MỚI
2026-05-15 22:31:04,737 | INFO     | [064736] Đã xử lý ảnh thành công. Kích thước tensor: (1, 48, 48, 1)
2026-05-15 22:31:04,800 | INFO     | [064736] 📊 Chi tiết dự đoán: {'ANGRY': 3.68, 'DISGUST': 0.12, 'FEAR': 12.85, 'HAPPY': 12.83, 'NEUTRAL': 24.49, 'SAD': 43.91, 'SURPRISE': 2.12}
2026-05-15 22:31:04,800 | INFO     | [064736] 🎯 KẾT QUẢ CHỐT: SAD (43.91%)
2026-05-15 22:31:04,800 | INFO     | [064736] ⏱️ Thời gian phản hồi: 64.71 ms
2026-05-15 22:31:04,803 | INFO     | [064803] ------------------------------------------
2026-05-15 22:31:04,803 | INFO     | [064803] 📥 NHẬN YÊU CẦU QUÉT KHUÔN MẶT MỚI
2026-05-15 22:31:04,804 | INFO     | [064803] Đã xử lý ảnh thành công. Kích thước tensor: (1, 48, 48, 1)
2026-05-15 22:31:04,882 | INFO     | [064803] 📊 Chi tiết dự đoán: {'ANGRY': 3.85, 'DISGUST': 0.13, 'FEAR': 12.21, 'HAPPY': 16.25, 'NEUTRAL': 23.94, 'SAD': 41.14, 'SURPRISE': 2.48}
2026-05-15 22:31:04,882 | INFO     | [064803] 🎯 KẾT QUẢ CHỐT: SAD (41.14%)
2026-05-15 22:31:04,882 | INFO     | [064803] ⏱️ Thời gian phản hồi: 79.08 ms
2026-05-15 22:31:04,884 | INFO     | [064884] ------------------------------------------
2026-05-15 22:31:04,884 | INFO     | [064884] 📥 NHẬN YÊU CẦU QUÉT KHUÔN MẶT MỚI
2026-05-15 22:31:04,885 | INFO     | [064884] Đã xử lý ảnh thành công. Kích thước tensor: (1, 48, 48, 1)
2026-05-15 22:31:04,940 | INFO     | [064884] 📊 Chi tiết dự đoán: {'ANGRY': 3.63, 'DISGUST': 0.11, 'FEAR': 12.46, 'HAPPY': 10.87, 'NEUTRAL': 25.25, 'SAD': 45.6, 'SURPRISE': 2.08}
2026-05-15 22:31:04,941 | INFO     | [064884] 🎯 KẾT QUẢ CHỐT: SAD (45.60%)
2026-05-15 22:31:04,941 | INFO     | [064884] ⏱️ Thời gian phản hồi: 56.68 ms
2026-05-15 22:31:04,943 | INFO     | [064943] ------------------------------------------
2026-05-15 22:31:04,943 | INFO     | [064943] 📥 NHẬN YÊU CẦU QUÉT KHUÔN MẶT MỚI
2026-05-15 22:31:04,944 | INFO     | [064943] Đã xử lý ảnh thành công. Kích thước tensor: (1, 48, 48, 1)
2026-05-15 22:31:04,994 | INFO     | [064943] 📊 Chi tiết dự đoán: {'ANGRY': 3.87, 'DISGUST': 0.14, 'FEAR': 12.94, 'HAPPY': 12.08, 'NEUTRAL': 25.06, 'SAD': 43.58, 'SURPRISE': 2.34}
2026-05-15 22:31:04,995 | INFO     | [064943] 🎯 KẾT QUẢ CHỐT: SAD (43.58%)
2026-05-15 22:31:04,995 | INFO     | [064943] ⏱️ Thời gian phản hồi: 51.0 ms
2026-05-15 22:31:04,997 | INFO     | [064997] ------------------------------------------
2026-05-15 22:31:04,997 | INFO     | [064997] 📥 NHẬN YÊU CẦU QUÉT KHUÔN MẶT MỚI
2026-05-15 22:31:04,998 | INFO     | [064997] Đã xử lý ảnh thành công. Kích thước tensor: (1, 48, 48, 1)
2026-05-15 22:31:05,051 | INFO     | [064997] 📊 Chi tiết dự đoán: {'ANGRY': 3.45, 'DISGUST': 0.13, 'FEAR': 12.95, 'HAPPY': 14.42, 'NEUTRAL': 24.93, 'SAD': 41.46, 'SURPRISE': 2.67}
2026-05-15 22:31:05,051 | INFO     | [064997] 🎯 KẾT QUẢ CHỐT: SAD (41.46%)
2026-05-15 22:31:05,051 | INFO     | [064997] ⏱️ Thời gian phản hồi: 53.48 ms
2026-05-15 22:31:05,052 | INFO     | [065052] ------------------------------------------
2026-05-15 22:31:05,053 | INFO     | [065052] 📥 NHẬN YÊU CẦU QUÉT KHUÔN MẶT MỚI
2026-05-15 22:31:05,053 | INFO     | [065052] Đã xử lý ảnh thành công. Kích thước tensor: (1, 48, 48, 1)
2026-05-15 22:31:05,106 | INFO     | [065052] 📊 Chi tiết dự đoán: {'ANGRY': 3.97, 'DISGUST': 0.17, 'FEAR': 12.49, 'HAPPY': 15.83, 'NEUTRAL': 24.46, 'SAD': 40.39, 'SURPRISE': 2.69}
2026-05-15 22:31:05,106 | INFO     | [065052] 🎯 KẾT QUẢ CHỐT: SAD (40.39%)
2026-05-15 22:31:05,106 | INFO     | [065052] ⏱️ Thời gian phản hồi: 54.13 ms
2026-05-15 22:31:05,108 | INFO     | [065108] ------------------------------------------
2026-05-15 22:31:05,108 | INFO     | [065108] 📥 NHẬN YÊU CẦU QUÉT KHUÔN MẶT MỚI
2026-05-15 22:31:05,109 | INFO     | [065108] Đã xử lý ảnh thành công. Kích thước tensor: (1, 48, 48, 1)
2026-05-15 22:31:05,171 | INFO     | [065108] 📊 Chi tiết dự đoán: {'ANGRY': 3.76, 'DISGUST': 0.15, 'FEAR': 12.96, 'HAPPY': 12.0, 'NEUTRAL': 26.1, 'SAD': 42.24, 'SURPRISE': 2.79}
2026-05-15 22:31:05,172 | INFO     | [065108] 🎯 KẾT QUẢ CHỐT: SAD (42.24%)
2026-05-15 22:31:05,172 | INFO     | [065108] ⏱️ Thời gian phản hồi: 63.25 ms
2026-05-15 22:31:05,173 | INFO     | [065173] ------------------------------------------
2026-05-15 22:31:05,175 | INFO     | [065173] 📥 NHẬN YÊU CẦU QUÉT KHUÔN MẶT MỚI
2026-05-15 22:31:05,176 | INFO     | [065173] Đã xử lý ảnh thành công. Kích thước tensor: (1, 48, 48, 1)
2026-05-15 22:31:05,236 | INFO     | [065173] 📊 Chi tiết dự đoán: {'ANGRY': 3.89, 'DISGUST': 0.18, 'FEAR': 14.15, 'HAPPY': 12.46, 'NEUTRAL': 25.44, 'SAD': 40.82, 'SURPRISE': 3.05}
2026-05-15 22:31:05,237 | INFO     | [065173] 🎯 KẾT QUẢ CHỐT: SAD (40.82%)
2026-05-15 22:31:05,237 | INFO     | [065173] ⏱️ Thời gian phản hồi: 62.38 ms
2026-05-15 22:31:05,239 | INFO     | [065239] ------------------------------------------
2026-05-15 22:31:05,240 | INFO     | [065239] 📥 NHẬN YÊU CẦU QUÉT KHUÔN MẶT MỚI
2026-05-15 22:31:05,240 | INFO     | [065239] Đã xử lý ảnh thành công. Kích thước tensor: (1, 48, 48, 1)
2026-05-15 22:31:05,294 | INFO     | [065239] 📊 Chi tiết dự đoán: {'ANGRY': 3.74, 'DISGUST': 0.15, 'FEAR': 13.08, 'HAPPY': 12.4, 'NEUTRAL': 25.17, 'SAD': 42.68, 'SURPRISE': 2.78}
2026-05-15 22:31:05,294 | INFO     | [065239] 🎯 KẾT QUẢ CHỐT: SAD (42.68%)
2026-05-15 22:31:05,295 | INFO     | [065239] ⏱️ Thời gian phản hồi: 54.77 ms
2026-05-15 22:31:05,296 | INFO     | [065296] ------------------------------------------
2026-05-15 22:31:05,296 | INFO     | [065296] 📥 NHẬN YÊU CẦU QUÉT KHUÔN MẶT MỚI
2026-05-15 22:31:05,297 | INFO     | [065296] Đã xử lý ảnh thành công. Kích thước tensor: (1, 48, 48, 1)
2026-05-15 22:31:05,351 | INFO     | [065296] 📊 Chi tiết dự đoán: {'ANGRY': 4.43, 'DISGUST': 0.18, 'FEAR': 12.71, 'HAPPY': 15.05, 'NEUTRAL': 26.02, 'SAD': 39.05, 'SURPRISE': 2.57}
2026-05-15 22:31:05,351 | INFO     | [065296] 🎯 KẾT QUẢ CHỐT: SAD (39.05%)
2026-05-15 22:31:05,351 | INFO     | [065296] ⏱️ Thời gian phản hồi: 55.54 ms
2026-05-15 22:31:05,353 | INFO     | [065353] ------------------------------------------
2026-05-15 22:31:05,353 | INFO     | [065353] 📥 NHẬN YÊU CẦU QUÉT KHUÔN MẶT MỚI
2026-05-15 22:31:05,354 | INFO     | [065353] Đã xử lý ảnh thành công. Kích thước tensor: (1, 48, 48, 1)
2026-05-15 22:31:05,412 | INFO     | [065353] 📊 Chi tiết dự đoán: {'ANGRY': 4.09, 'DISGUST': 0.16, 'FEAR': 11.93, 'HAPPY': 14.79, 'NEUTRAL': 25.84, 'SAD': 40.85, 'SURPRISE': 2.34}
2026-05-15 22:31:05,413 | INFO     | [065353] 🎯 KẾT QUẢ CHỐT: SAD (40.85%)
2026-05-15 22:31:05,413 | INFO     | [065353] ⏱️ Thời gian phản hồi: 58.41 ms
2026-05-15 22:31:05,415 | INFO     | [065415] ------------------------------------------
2026-05-15 22:31:05,415 | INFO     | [065415] 📥 NHẬN YÊU CẦU QUÉT KHUÔN MẶT MỚI
2026-05-15 22:31:05,416 | INFO     | [065415] Đã xử lý ảnh thành công. Kích thước tensor: (1, 48, 48, 1)
2026-05-15 22:31:05,473 | INFO     | [065415] 📊 Chi tiết dự đoán: {'ANGRY': 4.93, 'DISGUST': 0.23, 'FEAR': 13.02, 'HAPPY': 16.75, 'NEUTRAL': 23.54, 'SAD': 38.56, 'SURPRISE': 2.98}
2026-05-15 22:31:05,473 | INFO     | [065415] 🎯 KẾT QUẢ CHỐT: SAD (38.56%)
2026-05-15 22:31:05,473 | INFO     | [065415] ⏱️ Thời gian phản hồi: 58.28 ms
2026-05-15 22:31:05,474 | INFO     | [065474] ------------------------------------------
2026-05-15 22:31:05,475 | INFO     | [065474] 📥 NHẬN YÊU CẦU QUÉT KHUÔN MẶT MỚI
2026-05-15 22:31:05,475 | INFO     | [065474] Đã xử lý ảnh thành công. Kích thước tensor: (1, 48, 48, 1)
2026-05-15 22:31:05,526 | INFO     | [065474] 📊 Chi tiết dự đoán: {'ANGRY': 4.47, 'DISGUST': 0.19, 'FEAR': 12.26, 'HAPPY': 17.47, 'NEUTRAL': 24.0, 'SAD': 39.27, 'SURPRISE': 2.34}
2026-05-15 22:31:05,527 | INFO     | [065474] 🎯 KẾT QUẢ CHỐT: SAD (39.27%)
2026-05-15 22:31:05,527 | INFO     | [065474] ⏱️ Thời gian phản hồi: 52.24 ms
2026-05-15 22:31:05,529 | INFO     | [065529] ------------------------------------------
2026-05-15 22:31:05,529 | INFO     | [065529] 📥 NHẬN YÊU CẦU QUÉT KHUÔN MẶT MỚI
2026-05-15 22:31:05,530 | INFO     | [065529] Đã xử lý ảnh thành công. Kích thước tensor: (1, 48, 48, 1)
2026-05-15 22:31:05,582 | INFO     | [065529] 📊 Chi tiết dự đoán: {'ANGRY': 4.72, 'DISGUST': 0.18, 'FEAR': 12.41, 'HAPPY': 15.12, 'NEUTRAL': 24.27, 'SAD': 40.87, 'SURPRISE': 2.43}
2026-05-15 22:31:05,582 | INFO     | [065529] 🎯 KẾT QUẢ CHỐT: SAD (40.87%)
2026-05-15 22:31:05,582 | INFO     | [065529] ⏱️ Thời gian phản hồi: 52.78 ms
2026-05-15 22:31:05,585 | INFO     | [065585] ------------------------------------------
2026-05-15 22:31:05,585 | INFO     | [065585] 📥 NHẬN YÊU CẦU QUÉT KHUÔN MẶT MỚI
2026-05-15 22:31:05,586 | INFO     | [065585] Đã xử lý ảnh thành công. Kích thước tensor: (1, 48, 48, 1)
2026-05-15 22:31:05,648 | INFO     | [065585] 📊 Chi tiết dự đoán: {'ANGRY': 4.29, 'DISGUST': 0.16, 'FEAR': 12.27, 'HAPPY': 12.79, 'NEUTRAL': 26.41, 'SAD': 41.49, 'SURPRISE': 2.59}
2026-05-15 22:31:05,649 | INFO     | [065585] 🎯 KẾT QUẢ CHỐT: SAD (41.49%)
2026-05-15 22:31:05,649 | INFO     | [065585] ⏱️ Thời gian phản hồi: 62.36 ms
2026-05-15 22:31:05,650 | INFO     | [065650] ------------------------------------------
2026-05-15 22:31:05,650 | INFO     | [065650] 📥 NHẬN YÊU CẦU QUÉT KHUÔN MẶT MỚI
2026-05-15 22:31:05,651 | INFO     | [065650] Đã xử lý ảnh thành công. Kích thước tensor: (1, 48, 48, 1)
2026-05-15 22:31:05,712 | INFO     | [065650] 📊 Chi tiết dự đoán: {'ANGRY': 4.39, 'DISGUST': 0.18, 'FEAR': 12.54, 'HAPPY': 14.1, 'NEUTRAL': 25.71, 'SAD': 40.34, 'SURPRISE': 2.74}
2026-05-15 22:31:05,712 | INFO     | [065650] 🎯 KẾT QUẢ CHỐT: SAD (40.34%)
2026-05-15 22:31:05,712 | INFO     | [065650] ⏱️ Thời gian phản hồi: 62.44 ms
2026-05-15 22:31:05,716 | INFO     | [065716] ------------------------------------------
2026-05-15 22:31:05,716 | INFO     | [065716] 📥 NHẬN YÊU CẦU QUÉT KHUÔN MẶT MỚI
2026-05-15 22:31:05,717 | INFO     | [065716] Đã xử lý ảnh thành công. Kích thước tensor: (1, 48, 48, 1)
2026-05-15 22:31:05,775 | INFO     | [065716] 📊 Chi tiết dự đoán: {'ANGRY': 4.44, 'DISGUST': 0.18, 'FEAR': 12.3, 'HAPPY': 13.53, 'NEUTRAL': 26.91, 'SAD': 39.51, 'SURPRISE': 3.14}
2026-05-15 22:31:05,776 | INFO     | [065716] 🎯 KẾT QUẢ CHỐT: SAD (39.51%)
2026-05-15 22:31:05,776 | INFO     | [065716] ⏱️ Thời gian phản hồi: 59.03 ms
2026-05-15 22:31:05,777 | INFO     | [065777] ------------------------------------------
2026-05-15 22:31:05,777 | INFO     | [065777] 📥 NHẬN YÊU CẦU QUÉT KHUÔN MẶT MỚI
2026-05-15 22:31:05,778 | INFO     | [065777] Đã xử lý ảnh thành công. Kích thước tensor: (1, 48, 48, 1)
2026-05-15 22:31:05,829 | INFO     | [065777] 📊 Chi tiết dự đoán: {'ANGRY': 4.0, 'DISGUST': 0.15, 'FEAR': 11.48, 'HAPPY': 15.5, 'NEUTRAL': 25.3, 'SAD': 40.63, 'SURPRISE': 2.95}
2026-05-15 22:31:05,829 | INFO     | [065777] 🎯 KẾT QUẢ CHỐT: SAD (40.63%)
2026-05-15 22:31:05,830 | INFO     | [065777] ⏱️ Thời gian phản hồi: 52.03 ms
2026-05-15 22:31:05,832 | INFO     | [065832] ------------------------------------------
2026-05-15 22:31:05,832 | INFO     | [065832] 📥 NHẬN YÊU CẦU QUÉT KHUÔN MẶT MỚI
2026-05-15 22:31:05,833 | INFO     | [065832] Đã xử lý ảnh thành công. Kích thước tensor: (1, 48, 48, 1)
2026-05-15 22:31:05,886 | INFO     | [065832] 📊 Chi tiết dự đoán: {'ANGRY': 4.63, 'DISGUST': 0.19, 'FEAR': 11.41, 'HAPPY': 13.69, 'NEUTRAL': 28.52, 'SAD': 38.21, 'SURPRISE': 3.34}
2026-05-15 22:31:05,886 | INFO     | [065832] 🎯 KẾT QUẢ CHỐT: SAD (38.21%)
2026-05-15 22:31:05,886 | INFO     | [065832] ⏱️ Thời gian phản hồi: 54.48 ms
2026-05-15 22:31:05,888 | INFO     | [065888] ------------------------------------------
2026-05-15 22:31:05,888 | INFO     | [065888] 📥 NHẬN YÊU CẦU QUÉT KHUÔN MẶT MỚI
2026-05-15 22:31:05,889 | INFO     | [065888] Đã xử lý ảnh thành công. Kích thước tensor: (1, 48, 48, 1)
2026-05-15 22:31:05,950 | INFO     | [065888] 📊 Chi tiết dự đoán: {'ANGRY': 3.6, 'DISGUST': 0.13, 'FEAR': 11.86, 'HAPPY': 15.21, 'NEUTRAL': 26.88, 'SAD': 39.06, 'SURPRISE': 3.25}
2026-05-15 22:31:05,950 | INFO     | [065888] 🎯 KẾT QUẢ CHỐT: SAD (39.06%)
2026-05-15 22:31:05,950 | INFO     | [065888] ⏱️ Thời gian phản hồi: 61.49 ms
2026-05-15 22:31:05,952 | INFO     | [065952] ------------------------------------------
2026-05-15 22:31:05,952 | INFO     | [065952] 📥 NHẬN YÊU CẦU QUÉT KHUÔN MẶT MỚI
2026-05-15 22:31:05,952 | INFO     | [065952] Đã xử lý ảnh thành công. Kích thước tensor: (1, 48, 48, 1)
2026-05-15 22:31:06,008 | INFO     | [065952] 📊 Chi tiết dự đoán: {'ANGRY': 3.94, 'DISGUST': 0.14, 'FEAR': 11.79, 'HAPPY': 17.61, 'NEUTRAL': 24.97, 'SAD': 38.39, 'SURPRISE': 3.16}
2026-05-15 22:31:06,008 | INFO     | [065952] 🎯 KẾT QUẢ CHỐT: SAD (38.39%)
2026-05-15 22:31:06,008 | INFO     | [065952] ⏱️ Thời gian phản hồi: 56.17 ms
2026-05-15 22:31:06,010 | INFO     | [066010] ------------------------------------------
2026-05-15 22:31:06,010 | INFO     | [066010] 📥 NHẬN YÊU CẦU QUÉT KHUÔN MẶT MỚI
2026-05-15 22:31:06,011 | INFO     | [066010] Đã xử lý ảnh thành công. Kích thước tensor: (1, 48, 48, 1)
2026-05-15 22:31:06,064 | INFO     | [066010] 📊 Chi tiết dự đoán: {'ANGRY': 4.14, 'DISGUST': 0.19, 'FEAR': 11.51, 'HAPPY': 17.04, 'NEUTRAL': 27.2, 'SAD': 36.68, 'SURPRISE': 3.23}
2026-05-15 22:31:06,064 | INFO     | [066010] 🎯 KẾT QUẢ CHỐT: SAD (36.68%)
2026-05-15 22:31:06,065 | INFO     | [066010] ⏱️ Thời gian phản hồi: 53.15 ms
2026-05-15 22:31:06,066 | INFO     | [066066] ------------------------------------------
2026-05-15 22:31:06,066 | INFO     | [066066] 📥 NHẬN YÊU CẦU QUÉT KHUÔN MẶT MỚI
2026-05-15 22:31:06,066 | INFO     | [066066] Đã xử lý ảnh thành công. Kích thước tensor: (1, 48, 48, 1)
2026-05-15 22:31:06,121 | INFO     | [066066] 📊 Chi tiết dự đoán: {'ANGRY': 3.89, 'DISGUST': 0.13, 'FEAR': 11.83, 'HAPPY': 19.04, 'NEUTRAL': 26.33, 'SAD': 35.57, 'SURPRISE': 3.21}
2026-05-15 22:31:06,121 | INFO     | [066066] 🎯 KẾT QUẢ CHỐT: SAD (35.57%)
2026-05-15 22:31:06,121 | INFO     | [066066] ⏱️ Thời gian phản hồi: 55.5 ms
2026-05-15 22:31:06,123 | INFO     | [066123] ------------------------------------------
2026-05-15 22:31:06,124 | INFO     | [066123] 📥 NHẬN YÊU CẦU QUÉT KHUÔN MẶT MỚI
2026-05-15 22:31:06,124 | INFO     | [066123] Đã xử lý ảnh thành công. Kích thước tensor: (1, 48, 48, 1)
2026-05-15 22:31:06,192 | INFO     | [066123] 📊 Chi tiết dự đoán: {'ANGRY': 3.66, 'DISGUST': 0.16, 'FEAR': 11.57, 'HAPPY': 19.07, 'NEUTRAL': 24.83, 'SAD': 37.68, 'SURPRISE': 3.02}
2026-05-15 22:31:06,193 | INFO     | [066123] 🎯 KẾT QUẢ CHỐT: SAD (37.68%)
2026-05-15 22:31:06,193 | INFO     | [066123] ⏱️ Thời gian phản hồi: 68.64 ms
2026-05-15 22:31:06,195 | INFO     | [066195] ------------------------------------------
2026-05-15 22:31:06,197 | INFO     | [066195] 📥 NHẬN YÊU CẦU QUÉT KHUÔN MẶT MỚI
2026-05-15 22:31:06,197 | INFO     | [066195] Đã xử lý ảnh thành công. Kích thước tensor: (1, 48, 48, 1)
2026-05-15 22:31:06,274 | INFO     | [066195] 📊 Chi tiết dự đoán: {'ANGRY': 4.45, 'DISGUST': 0.19, 'FEAR': 12.17, 'HAPPY': 14.8, 'NEUTRAL': 25.9, 'SAD': 39.83, 'SURPRISE': 2.65}
2026-05-15 22:31:06,274 | INFO     | [066195] 🎯 KẾT QUẢ CHỐT: SAD (39.83%)
2026-05-15 22:31:06,274 | INFO     | [066195] ⏱️ Thời gian phản hồi: 77.74 ms
2026-05-15 22:31:06,275 | INFO     | [066275] ------------------------------------------
2026-05-15 22:31:06,275 | INFO     | [066275] 📥 NHẬN YÊU CẦU QUÉT KHUÔN MẶT MỚI
2026-05-15 22:31:06,276 | INFO     | [066275] Đã xử lý ảnh thành công. Kích thước tensor: (1, 48, 48, 1)
2026-05-15 22:31:06,346 | INFO     | [066275] 📊 Chi tiết dự đoán: {'ANGRY': 4.33, 'DISGUST': 0.15, 'FEAR': 11.92, 'HAPPY': 10.96, 'NEUTRAL': 28.22, 'SAD': 41.78, 'SURPRISE': 2.64}
2026-05-15 22:31:06,347 | INFO     | [066275] 🎯 KẾT QUẢ CHỐT: SAD (41.78%)
2026-05-15 22:31:06,347 | INFO     | [066275] ⏱️ Thời gian phản hồi: 70.42 ms
2026-05-15 22:31:06,349 | INFO     | [066349] ------------------------------------------
2026-05-15 22:31:06,349 | INFO     | [066349] 📥 NHẬN YÊU CẦU QUÉT KHUÔN MẶT MỚI
2026-05-15 22:31:06,350 | INFO     | [066349] Đã xử lý ảnh thành công. Kích thước tensor: (1, 48, 48, 1)
2026-05-15 22:31:06,427 | INFO     | [066349] 📊 Chi tiết dự đoán: {'ANGRY': 4.06, 'DISGUST': 0.16, 'FEAR': 11.68, 'HAPPY': 16.24, 'NEUTRAL': 26.46, 'SAD': 38.18, 'SURPRISE': 3.21}
2026-05-15 22:31:06,427 | INFO     | [066349] 🎯 KẾT QUẢ CHỐT: SAD (38.18%)
2026-05-15 22:31:06,427 | INFO     | [066349] ⏱️ Thời gian phản hồi: 77.02 ms
2026-05-15 22:31:06,454 | INFO     | [BATCH-066454] ==========================================
2026-05-15 22:31:06,454 | INFO     | [BATCH-066454] 🎞️ NHẬN CHUỖI 60 KHUNG HÌNH (BATCH)
2026-05-15 22:31:06,526 | INFO     | [BATCH-066454] ↳ Frame 1/60: SAD (32.6%)
2026-05-15 22:31:06,597 | INFO     | [BATCH-066454] ↳ Frame 2/60: SAD (34.3%)
2026-05-15 22:31:06,676 | INFO     | [BATCH-066454] ↳ Frame 3/60: SAD (35.2%)
2026-05-15 22:31:06,741 | INFO     | [BATCH-066454] ↳ Frame 4/60: SAD (36.2%)
2026-05-15 22:31:06,813 | INFO     | [BATCH-066454] ↳ Frame 5/60: SAD (43.4%)
2026-05-15 22:31:06,887 | INFO     | [BATCH-066454] ↳ Frame 6/60: SAD (39.7%)
2026-05-15 22:31:06,963 | INFO     | [BATCH-066454] ↳ Frame 7/60: SAD (35.2%)
2026-05-15 22:31:07,051 | INFO     | [BATCH-066454] ↳ Frame 8/60: SAD (33.8%)
2026-05-15 22:31:07,115 | INFO     | [BATCH-066454] ↳ Frame 9/60: SAD (43.2%)
2026-05-15 22:31:07,176 | INFO     | [BATCH-066454] ↳ Frame 10/60: SAD (40.0%)
2026-05-15 22:31:07,252 | INFO     | [BATCH-066454] ↳ Frame 11/60: SAD (44.1%)
2026-05-15 22:31:07,329 | INFO     | [BATCH-066454] ↳ Frame 12/60: SAD (44.2%)
2026-05-15 22:31:07,398 | INFO     | [BATCH-066454] ↳ Frame 13/60: SAD (46.0%)
2026-05-15 22:31:07,470 | INFO     | [BATCH-066454] ↳ Frame 14/60: SAD (41.6%)
2026-05-15 22:31:07,539 | INFO     | [BATCH-066454] ↳ Frame 15/60: SAD (46.6%)
2026-05-15 22:31:07,609 | INFO     | [BATCH-066454] ↳ Frame 16/60: SAD (48.0%)
2026-05-15 22:31:07,677 | INFO     | [BATCH-066454] ↳ Frame 17/60: SAD (47.1%)
2026-05-15 22:31:07,748 | INFO     | [BATCH-066454] ↳ Frame 18/60: SAD (44.9%)
2026-05-15 22:31:07,817 | INFO     | [BATCH-066454] ↳ Frame 19/60: SAD (48.9%)
2026-05-15 22:31:07,899 | INFO     | [BATCH-066454] ↳ Frame 20/60: SAD (47.6%)
2026-05-15 22:31:07,964 | INFO     | [BATCH-066454] ↳ Frame 21/60: SAD (48.2%)
2026-05-15 22:31:08,035 | INFO     | [BATCH-066454] ↳ Frame 22/60: SAD (47.2%)
2026-05-15 22:31:08,097 | INFO     | [BATCH-066454] ↳ Frame 23/60: SAD (55.3%)
2026-05-15 22:31:08,161 | INFO     | [BATCH-066454] ↳ Frame 24/60: SAD (55.1%)
2026-05-15 22:31:08,232 | INFO     | [BATCH-066454] ↳ Frame 25/60: SAD (49.5%)
2026-05-15 22:31:08,302 | INFO     | [BATCH-066454] ↳ Frame 26/60: SAD (52.5%)
2026-05-15 22:31:08,383 | INFO     | [BATCH-066454] ↳ Frame 27/60: SAD (49.6%)
2026-05-15 22:31:08,452 | INFO     | [BATCH-066454] ↳ Frame 28/60: SAD (55.9%)
2026-05-15 22:31:08,520 | INFO     | [BATCH-066454] ↳ Frame 29/60: SAD (50.3%)
2026-05-15 22:31:08,592 | INFO     | [BATCH-066454] ↳ Frame 30/60: SAD (49.7%)
2026-05-15 22:31:08,674 | INFO     | [BATCH-066454] ↳ Frame 31/60: SAD (51.3%)
2026-05-15 22:31:08,740 | INFO     | [BATCH-066454] ↳ Frame 32/60: SAD (53.6%)
2026-05-15 22:31:08,807 | INFO     | [BATCH-066454] ↳ Frame 33/60: SAD (55.3%)
2026-05-15 22:31:08,914 | INFO     | [BATCH-066454] ↳ Frame 34/60: SAD (50.3%)
2026-05-15 22:31:08,978 | INFO     | [BATCH-066454] ↳ Frame 35/60: SAD (49.2%)
2026-05-15 22:31:09,040 | INFO     | [BATCH-066454] ↳ Frame 36/60: SAD (49.2%)
2026-05-15 22:31:09,097 | INFO     | [BATCH-066454] ↳ Frame 37/60: SAD (45.8%)
2026-05-15 22:31:09,162 | INFO     | [BATCH-066454] ↳ Frame 38/60: SAD (49.1%)
2026-05-15 22:31:09,224 | INFO     | [BATCH-066454] ↳ Frame 39/60: SAD (48.9%)
2026-05-15 22:31:09,290 | INFO     | [BATCH-066454] ↳ Frame 40/60: SAD (48.5%)
2026-05-15 22:31:09,349 | INFO     | [BATCH-066454] ↳ Frame 41/60: SAD (46.6%)
2026-05-15 22:31:09,420 | INFO     | [BATCH-066454] ↳ Frame 42/60: SAD (49.2%)
2026-05-15 22:31:09,496 | INFO     | [BATCH-066454] ↳ Frame 43/60: SAD (48.4%)
2026-05-15 22:31:09,571 | INFO     | [BATCH-066454] ↳ Frame 44/60: SAD (48.4%)
2026-05-15 22:31:09,635 | INFO     | [BATCH-066454] ↳ Frame 45/60: SAD (47.1%)
2026-05-15 22:31:09,693 | INFO     | [BATCH-066454] ↳ Frame 46/60: SAD (43.6%)
2026-05-15 22:31:09,751 | INFO     | [BATCH-066454] ↳ Frame 47/60: SAD (45.3%)
2026-05-15 22:31:09,814 | INFO     | [BATCH-066454] ↳ Frame 48/60: SAD (43.6%)
2026-05-15 22:31:09,891 | INFO     | [BATCH-066454] ↳ Frame 49/60: SAD (43.3%)
2026-05-15 22:31:09,975 | INFO     | [BATCH-066454] ↳ Frame 50/60: SAD (45.8%)
2026-05-15 22:31:10,041 | INFO     | [BATCH-066454] ↳ Frame 51/60: SAD (45.0%)
2026-05-15 22:31:10,101 | INFO     | [BATCH-066454] ↳ Frame 52/60: SAD (46.7%)
2026-05-15 22:31:10,171 | INFO     | [BATCH-066454] ↳ Frame 53/60: SAD (48.2%)
2026-05-15 22:31:10,230 | INFO     | [BATCH-066454] ↳ Frame 54/60: SAD (49.0%)
2026-05-15 22:31:10,293 | INFO     | [BATCH-066454] ↳ Frame 55/60: SAD (49.0%)
2026-05-15 22:31:10,351 | INFO     | [BATCH-066454] ↳ Frame 56/60: SAD (49.6%)
2026-05-15 22:31:10,410 | INFO     | [BATCH-066454] ↳ Frame 57/60: SAD (49.9%)
2026-05-15 22:31:10,461 | INFO     | [BATCH-066454] ↳ Frame 58/60: SAD (49.3%)
2026-05-15 22:31:10,520 | INFO     | [BATCH-066454] ↳ Frame 59/60: SAD (48.6%)
2026-05-15 22:31:10,573 | INFO     | [BATCH-066454] ↳ Frame 60/60: SAD (47.9%)
2026-05-15 22:31:10,574 | INFO     | [BATCH-066454] 🎯 KẾT QUẢ CHUỖI: SAD (Tần suất: {'SAD': 60})
2026-05-15 22:31:10,574 | INFO     | [BATCH-066454] ⏱️ Tổng thời gian xử lý: 4119.82 ms
2026-05-15 22:31:19,784 | INFO     | [079783] ------------------------------------------
2026-05-15 22:31:19,784 | INFO     | [079783] 📥 NHẬN YÊU CẦU QUÉT KHUÔN MẶT MỚI
2026-05-15 22:31:19,785 | INFO     | [079783] Đã xử lý ảnh thành công. Kích thước tensor: (1, 48, 48, 1)
2026-05-15 22:31:19,849 | INFO     | [079783] 📊 Chi tiết dự đoán: {'ANGRY': 4.05, 'DISGUST': 0.11, 'FEAR': 11.65, 'HAPPY': 9.31, 'NEUTRAL': 24.25, 'SAD': 48.12, 'SURPRISE': 2.51}
2026-05-15 22:31:19,849 | INFO     | [079783] 🎯 KẾT QUẢ CHỐT: SAD (48.12%)
2026-05-15 22:31:19,849 | INFO     | [079783] ⏱️ Thời gian phản hồi: 65.52 ms
2026-05-15 22:31:19,882 | INFO     | [079882] ------------------------------------------
2026-05-15 22:31:19,882 | INFO     | [079882] 📥 NHẬN YÊU CẦU QUÉT KHUÔN MẶT MỚI
2026-05-15 22:31:19,883 | INFO     | [079882] Đã xử lý ảnh thành công. Kích thước tensor: (1, 48, 48, 1)
2026-05-15 22:31:19,951 | INFO     | [079882] 📊 Chi tiết dự đoán: {'ANGRY': 4.11, 'DISGUST': 0.13, 'FEAR': 11.93, 'HAPPY': 9.31, 'NEUTRAL': 22.05, 'SAD': 50.1, 'SURPRISE': 2.36}
2026-05-15 22:31:19,951 | INFO     | [079882] 🎯 KẾT QUẢ CHỐT: SAD (50.10%)
2026-05-15 22:31:19,951 | INFO     | [079882] ⏱️ Thời gian phản hồi: 68.38 ms
2026-05-15 22:31:19,990 | INFO     | [079990] ------------------------------------------
2026-05-15 22:31:19,991 | INFO     | [079990] 📥 NHẬN YÊU CẦU QUÉT KHUÔN MẶT MỚI
2026-05-15 22:31:19,991 | INFO     | [079990] Đã xử lý ảnh thành công. Kích thước tensor: (1, 48, 48, 1)
2026-05-15 22:31:20,050 | INFO     | [079990] 📊 Chi tiết dự đoán: {'ANGRY': 4.33, 'DISGUST': 0.15, 'FEAR': 12.94, 'HAPPY': 8.13, 'NEUTRAL': 23.62, 'SAD': 47.97, 'SURPRISE': 2.87}
2026-05-15 22:31:20,050 | INFO     | [079990] 🎯 KẾT QUẢ CHỐT: SAD (47.97%)
2026-05-15 22:31:20,050 | INFO     | [079990] ⏱️ Thời gian phản hồi: 60.28 ms
2026-05-15 22:31:20,084 | INFO     | [080084] ------------------------------------------
2026-05-15 22:31:20,085 | INFO     | [080084] 📥 NHẬN YÊU CẦU QUÉT KHUÔN MẶT MỚI
2026-05-15 22:31:20,085 | INFO     | [080084] Đã xử lý ảnh thành công. Kích thước tensor: (1, 48, 48, 1)
2026-05-15 22:31:20,141 | INFO     | [080084] 📊 Chi tiết dự đoán: {'ANGRY': 3.94, 'DISGUST': 0.14, 'FEAR': 13.66, 'HAPPY': 7.5, 'NEUTRAL': 21.4, 'SAD': 50.81, 'SURPRISE': 2.54}
2026-05-15 22:31:20,141 | INFO     | [080084] 🎯 KẾT QUẢ CHỐT: SAD (50.81%)
2026-05-15 22:31:20,141 | INFO     | [080084] ⏱️ Thời gian phản hồi: 56.87 ms
2026-05-15 22:31:20,410 | INFO     | [080410] ------------------------------------------
2026-05-15 22:31:20,410 | INFO     | [080410] 📥 NHẬN YÊU CẦU QUÉT KHUÔN MẶT MỚI
2026-05-15 22:31:20,412 | INFO     | [080410] Đã xử lý ảnh thành công. Kích thước tensor: (1, 48, 48, 1)
2026-05-15 22:31:20,469 | INFO     | [080410] 📊 Chi tiết dự đoán: {'ANGRY': 3.95, 'DISGUST': 0.13, 'FEAR': 12.37, 'HAPPY': 9.77, 'NEUTRAL': 23.32, 'SAD': 48.74, 'SURPRISE': 1.72}
2026-05-15 22:31:20,470 | INFO     | [080410] 🎯 KẾT QUẢ CHỐT: SAD (48.74%)
2026-05-15 22:31:20,470 | INFO     | [080410] ⏱️ Thời gian phản hồi: 58.22 ms
2026-05-15 22:31:20,487 | INFO     | [080487] ------------------------------------------
2026-05-15 22:31:20,488 | INFO     | [080487] 📥 NHẬN YÊU CẦU QUÉT KHUÔN MẶT MỚI
2026-05-15 22:31:20,488 | INFO     | [080487] Đã xử lý ảnh thành công. Kích thước tensor: (1, 48, 48, 1)
2026-05-15 22:31:20,546 | INFO     | [080487] 📊 Chi tiết dự đoán: {'ANGRY': 3.32, 'DISGUST': 0.08, 'FEAR': 12.98, 'HAPPY': 8.95, 'NEUTRAL': 23.07, 'SAD': 50.33, 'SURPRISE': 1.27}
2026-05-15 22:31:20,546 | INFO     | [080487] 🎯 KẾT QUẢ CHỐT: SAD (50.33%)
2026-05-15 22:31:20,546 | INFO     | [080487] ⏱️ Thời gian phản hồi: 58.68 ms
2026-05-15 22:31:20,583 | INFO     | [080583] ------------------------------------------
2026-05-15 22:31:20,583 | INFO     | [080583] 📥 NHẬN YÊU CẦU QUÉT KHUÔN MẶT MỚI
2026-05-15 22:31:20,584 | INFO     | [080583] Đã xử lý ảnh thành công. Kích thước tensor: (1, 48, 48, 1)
2026-05-15 22:31:20,650 | INFO     | [080583] 📊 Chi tiết dự đoán: {'ANGRY': 3.21, 'DISGUST': 0.09, 'FEAR': 10.23, 'HAPPY': 12.9, 'NEUTRAL': 27.17, 'SAD': 44.72, 'SURPRISE': 1.68}
2026-05-15 22:31:20,650 | INFO     | [080583] 🎯 KẾT QUẢ CHỐT: SAD (44.72%)
2026-05-15 22:31:20,650 | INFO     | [080583] ⏱️ Thời gian phản hồi: 66.58 ms
2026-05-15 22:31:20,676 | INFO     | [080676] ------------------------------------------
2026-05-15 22:31:20,676 | INFO     | [080676] 📥 NHẬN YÊU CẦU QUÉT KHUÔN MẶT MỚI
2026-05-15 22:31:20,677 | INFO     | [080676] Đã xử lý ảnh thành công. Kích thước tensor: (1, 48, 48, 1)
2026-05-15 22:31:20,750 | INFO     | [080676] 📊 Chi tiết dự đoán: {'ANGRY': 4.01, 'DISGUST': 0.15, 'FEAR': 12.85, 'HAPPY': 10.8, 'NEUTRAL': 22.59, 'SAD': 48.02, 'SURPRISE': 1.6}
2026-05-15 22:31:20,751 | INFO     | [080676] 🎯 KẾT QUẢ CHỐT: SAD (48.02%)
2026-05-15 22:31:20,751 | INFO     | [080676] ⏱️ Thời gian phản hồi: 73.19 ms
2026-05-15 22:31:20,786 | INFO     | [080786] ------------------------------------------
2026-05-15 22:31:20,786 | INFO     | [080786] 📥 NHẬN YÊU CẦU QUÉT KHUÔN MẶT MỚI
2026-05-15 22:31:20,787 | INFO     | [080786] Đã xử lý ảnh thành công. Kích thước tensor: (1, 48, 48, 1)
2026-05-15 22:31:20,840 | INFO     | [080786] 📊 Chi tiết dự đoán: {'ANGRY': 3.98, 'DISGUST': 0.11, 'FEAR': 12.58, 'HAPPY': 7.21, 'NEUTRAL': 20.3, 'SAD': 54.59, 'SURPRISE': 1.23}
2026-05-15 22:31:20,840 | INFO     | [080786] 🎯 KẾT QUẢ CHỐT: SAD (54.59%)
2026-05-15 22:31:20,840 | INFO     | [080786] ⏱️ Thời gian phản hồi: 54.33 ms
2026-05-15 22:31:20,879 | INFO     | [080879] ------------------------------------------
2026-05-15 22:31:20,879 | INFO     | [080879] 📥 NHẬN YÊU CẦU QUÉT KHUÔN MẶT MỚI
2026-05-15 22:31:20,879 | INFO     | [080879] Đã xử lý ảnh thành công. Kích thước tensor: (1, 48, 48, 1)
2026-05-15 22:31:20,935 | INFO     | [080879] 📊 Chi tiết dự đoán: {'ANGRY': 4.52, 'DISGUST': 0.25, 'FEAR': 12.92, 'HAPPY': 9.99, 'NEUTRAL': 19.53, 'SAD': 50.44, 'SURPRISE': 2.36}
2026-05-15 22:31:20,937 | INFO     | [080879] 🎯 KẾT QUẢ CHỐT: SAD (50.44%)
2026-05-15 22:31:20,937 | INFO     | [080879] ⏱️ Thời gian phản hồi: 55.82 ms
2026-05-15 22:31:20,989 | INFO     | [080989] ------------------------------------------
2026-05-15 22:31:20,991 | INFO     | [080989] 📥 NHẬN YÊU CẦU QUÉT KHUÔN MẶT MỚI
2026-05-15 22:31:20,991 | INFO     | [080989] Đã xử lý ảnh thành công. Kích thước tensor: (1, 48, 48, 1)
2026-05-15 22:31:21,050 | INFO     | [080989] 📊 Chi tiết dự đoán: {'ANGRY': 4.04, 'DISGUST': 0.09, 'FEAR': 10.21, 'HAPPY': 10.05, 'NEUTRAL': 27.24, 'SAD': 47.11, 'SURPRISE': 1.26}
2026-05-15 22:31:21,051 | INFO     | [080989] 🎯 KẾT QUẢ CHỐT: SAD (47.11%)
2026-05-15 22:31:21,051 | INFO     | [080989] ⏱️ Thời gian phản hồi: 61.21 ms
2026-05-15 22:31:21,098 | INFO     | [081098] ------------------------------------------
2026-05-15 22:31:21,098 | INFO     | [081098] 📥 NHẬN YÊU CẦU QUÉT KHUÔN MẶT MỚI
2026-05-15 22:31:21,099 | INFO     | [081098] Đã xử lý ảnh thành công. Kích thước tensor: (1, 48, 48, 1)
2026-05-15 22:31:21,165 | INFO     | [081098] 📊 Chi tiết dự đoán: {'ANGRY': 4.24, 'DISGUST': 0.11, 'FEAR': 10.05, 'HAPPY': 11.53, 'NEUTRAL': 25.45, 'SAD': 47.16, 'SURPRISE': 1.46}
2026-05-15 22:31:21,165 | INFO     | [081098] 🎯 KẾT QUẢ CHỐT: SAD (47.16%)
2026-05-15 22:31:21,165 | INFO     | [081098] ⏱️ Thời gian phản hồi: 66.09 ms
2026-05-15 22:31:21,177 | INFO     | [081177] ------------------------------------------
2026-05-15 22:31:21,177 | INFO     | [081177] 📥 NHẬN YÊU CẦU QUÉT KHUÔN MẶT MỚI
2026-05-15 22:31:21,177 | INFO     | [081177] Đã xử lý ảnh thành công. Kích thước tensor: (1, 48, 48, 1)
2026-05-15 22:31:21,249 | INFO     | [081177] 📊 Chi tiết dự đoán: {'ANGRY': 3.99, 'DISGUST': 0.09, 'FEAR': 9.61, 'HAPPY': 12.42, 'NEUTRAL': 24.53, 'SAD': 48.17, 'SURPRISE': 1.19}
2026-05-15 22:31:21,250 | INFO     | [081177] 🎯 KẾT QUẢ CHỐT: SAD (48.17%)
2026-05-15 22:31:21,250 | INFO     | [081177] ⏱️ Thời gian phản hồi: 72.19 ms
2026-05-15 22:31:21,287 | INFO     | [081287] ------------------------------------------
2026-05-15 22:31:21,287 | INFO     | [081287] 📥 NHẬN YÊU CẦU QUÉT KHUÔN MẶT MỚI
2026-05-15 22:31:21,287 | INFO     | [081287] Đã xử lý ảnh thành công. Kích thước tensor: (1, 48, 48, 1)
2026-05-15 22:31:21,346 | INFO     | [081287] 📊 Chi tiết dự đoán: {'ANGRY': 4.79, 'DISGUST': 0.13, 'FEAR': 10.55, 'HAPPY': 10.69, 'NEUTRAL': 21.51, 'SAD': 51.18, 'SURPRISE': 1.14}
2026-05-15 22:31:21,346 | INFO     | [081287] 🎯 KẾT QUẢ CHỐT: SAD (51.18%)
2026-05-15 22:31:21,347 | INFO     | [081287] ⏱️ Thời gian phản hồi: 59.31 ms
2026-05-15 22:31:21,396 | INFO     | [081396] ------------------------------------------
2026-05-15 22:31:21,396 | INFO     | [081396] 📥 NHẬN YÊU CẦU QUÉT KHUÔN MẶT MỚI
2026-05-15 22:31:21,397 | INFO     | [081396] Đã xử lý ảnh thành công. Kích thước tensor: (1, 48, 48, 1)
2026-05-15 22:31:21,451 | INFO     | [081396] 📊 Chi tiết dự đoán: {'ANGRY': 4.04, 'DISGUST': 0.11, 'FEAR': 10.96, 'HAPPY': 10.99, 'NEUTRAL': 22.49, 'SAD': 49.98, 'SURPRISE': 1.41}
2026-05-15 22:31:21,451 | INFO     | [081396] 🎯 KẾT QUẢ CHỐT: SAD (49.98%)
2026-05-15 22:31:21,451 | INFO     | [081396] ⏱️ Thời gian phản hồi: 54.27 ms
2026-05-15 22:31:21,491 | INFO     | [081491] ------------------------------------------
2026-05-15 22:31:21,491 | INFO     | [081491] 📥 NHẬN YÊU CẦU QUÉT KHUÔN MẶT MỚI
2026-05-15 22:31:21,491 | INFO     | [081491] Đã xử lý ảnh thành công. Kích thước tensor: (1, 48, 48, 1)
2026-05-15 22:31:21,544 | INFO     | [081491] 📊 Chi tiết dự đoán: {'ANGRY': 3.55, 'DISGUST': 0.08, 'FEAR': 9.48, 'HAPPY': 18.4, 'NEUTRAL': 25.01, 'SAD': 42.23, 'SURPRISE': 1.25}
2026-05-15 22:31:21,544 | INFO     | [081491] 🎯 KẾT QUẢ CHỐT: SAD (42.23%)
2026-05-15 22:31:21,544 | INFO     | [081491] ⏱️ Thời gian phản hồi: 53.56 ms
2026-05-15 22:31:21,583 | INFO     | [081583] ------------------------------------------
2026-05-15 22:31:21,584 | INFO     | [081583] 📥 NHẬN YÊU CẦU QUÉT KHUÔN MẶT MỚI
2026-05-15 22:31:21,584 | INFO     | [081583] Đã xử lý ảnh thành công. Kích thước tensor: (1, 48, 48, 1)
2026-05-15 22:31:21,641 | INFO     | [081583] 📊 Chi tiết dự đoán: {'ANGRY': 3.69, 'DISGUST': 0.11, 'FEAR': 9.18, 'HAPPY': 17.22, 'NEUTRAL': 26.95, 'SAD': 41.47, 'SURPRISE': 1.39}
2026-05-15 22:31:21,643 | INFO     | [081583] 🎯 KẾT QUẢ CHỐT: SAD (41.47%)
2026-05-15 22:31:21,643 | INFO     | [081583] ⏱️ Thời gian phản hồi: 58.38 ms
2026-05-15 22:31:21,694 | INFO     | [081694] ------------------------------------------
2026-05-15 22:31:21,694 | INFO     | [081694] 📥 NHẬN YÊU CẦU QUÉT KHUÔN MẶT MỚI
2026-05-15 22:31:21,695 | INFO     | [081694] Đã xử lý ảnh thành công. Kích thước tensor: (1, 48, 48, 1)
2026-05-15 22:31:21,768 | INFO     | [081694] 📊 Chi tiết dự đoán: {'ANGRY': 3.58, 'DISGUST': 0.1, 'FEAR': 9.53, 'HAPPY': 11.94, 'NEUTRAL': 24.6, 'SAD': 49.06, 'SURPRISE': 1.19}
2026-05-15 22:31:21,768 | INFO     | [081694] 🎯 KẾT QUẢ CHỐT: SAD (49.06%)
2026-05-15 22:31:21,769 | INFO     | [081694] ⏱️ Thời gian phản hồi: 74.03 ms
2026-05-15 22:31:21,773 | INFO     | [081773] ------------------------------------------
2026-05-15 22:31:21,773 | INFO     | [081773] 📥 NHẬN YÊU CẦU QUÉT KHUÔN MẶT MỚI
2026-05-15 22:31:21,774 | INFO     | [081773] Đã xử lý ảnh thành công. Kích thước tensor: (1, 48, 48, 1)
2026-05-15 22:31:21,852 | INFO     | [081773] 📊 Chi tiết dự đoán: {'ANGRY': 3.58, 'DISGUST': 0.1, 'FEAR': 9.85, 'HAPPY': 13.71, 'NEUTRAL': 23.17, 'SAD': 48.35, 'SURPRISE': 1.23}
2026-05-15 22:31:21,853 | INFO     | [081773] 🎯 KẾT QUẢ CHỐT: SAD (48.35%)
2026-05-15 22:31:21,853 | INFO     | [081773] ⏱️ Thời gian phản hồi: 78.53 ms
2026-05-15 22:31:21,880 | INFO     | [081880] ------------------------------------------
2026-05-15 22:31:21,882 | INFO     | [081880] 📥 NHẬN YÊU CẦU QUÉT KHUÔN MẶT MỚI
2026-05-15 22:31:21,882 | INFO     | [081880] Đã xử lý ảnh thành công. Kích thước tensor: (1, 48, 48, 1)
2026-05-15 22:31:21,959 | INFO     | [081880] 📊 Chi tiết dự đoán: {'ANGRY': 3.83, 'DISGUST': 0.12, 'FEAR': 10.45, 'HAPPY': 13.87, 'NEUTRAL': 21.47, 'SAD': 48.93, 'SURPRISE': 1.33}
2026-05-15 22:31:21,961 | INFO     | [081880] 🎯 KẾT QUẢ CHỐT: SAD (48.93%)
2026-05-15 22:31:21,962 | INFO     | [081880] ⏱️ Thời gian phản hồi: 79.04 ms
2026-05-15 22:31:21,973 | INFO     | [081973] ------------------------------------------
2026-05-15 22:31:21,974 | INFO     | [081973] 📥 NHẬN YÊU CẦU QUÉT KHUÔN MẶT MỚI
2026-05-15 22:31:21,974 | INFO     | [081973] Đã xử lý ảnh thành công. Kích thước tensor: (1, 48, 48, 1)
2026-05-15 22:31:22,054 | INFO     | [081973] 📊 Chi tiết dự đoán: {'ANGRY': 4.28, 'DISGUST': 0.15, 'FEAR': 9.88, 'HAPPY': 15.16, 'NEUTRAL': 25.06, 'SAD': 44.02, 'SURPRISE': 1.46}
2026-05-15 22:31:22,056 | INFO     | [081973] 🎯 KẾT QUẢ CHỐT: SAD (44.02%)
2026-05-15 22:31:22,056 | INFO     | [081973] ⏱️ Thời gian phản hồi: 80.91 ms
2026-05-15 22:31:22,082 | INFO     | [082082] ------------------------------------------
2026-05-15 22:31:22,082 | INFO     | [082082] 📥 NHẬN YÊU CẦU QUÉT KHUÔN MẶT MỚI
2026-05-15 22:31:22,083 | INFO     | [082082] Đã xử lý ảnh thành công. Kích thước tensor: (1, 48, 48, 1)
2026-05-15 22:31:22,160 | INFO     | [082082] 📊 Chi tiết dự đoán: {'ANGRY': 3.9, 'DISGUST': 0.12, 'FEAR': 8.92, 'HAPPY': 17.16, 'NEUTRAL': 23.91, 'SAD': 44.54, 'SURPRISE': 1.45}
2026-05-15 22:31:22,160 | INFO     | [082082] 🎯 KẾT QUẢ CHỐT: SAD (44.54%)
2026-05-15 22:31:22,160 | INFO     | [082082] ⏱️ Thời gian phản hồi: 78.11 ms
2026-05-15 22:31:22,191 | INFO     | [082191] ------------------------------------------
2026-05-15 22:31:22,191 | INFO     | [082191] 📥 NHẬN YÊU CẦU QUÉT KHUÔN MẶT MỚI
2026-05-15 22:31:22,192 | INFO     | [082191] Đã xử lý ảnh thành công. Kích thước tensor: (1, 48, 48, 1)
2026-05-15 22:31:22,249 | INFO     | [082191] 📊 Chi tiết dự đoán: {'ANGRY': 3.59, 'DISGUST': 0.09, 'FEAR': 10.01, 'HAPPY': 14.45, 'NEUTRAL': 21.62, 'SAD': 49.1, 'SURPRISE': 1.14}
2026-05-15 22:31:22,249 | INFO     | [082191] 🎯 KẾT QUẢ CHỐT: SAD (49.10%)
2026-05-15 22:31:22,249 | INFO     | [082191] ⏱️ Thời gian phản hồi: 58.38 ms
2026-05-15 22:31:22,284 | INFO     | [082284] ------------------------------------------
2026-05-15 22:31:22,284 | INFO     | [082284] 📥 NHẬN YÊU CẦU QUÉT KHUÔN MẶT MỚI
2026-05-15 22:31:22,284 | INFO     | [082284] Đã xử lý ảnh thành công. Kích thước tensor: (1, 48, 48, 1)
2026-05-15 22:31:22,343 | INFO     | [082284] 📊 Chi tiết dự đoán: {'ANGRY': 3.8, 'DISGUST': 0.09, 'FEAR': 9.83, 'HAPPY': 9.4, 'NEUTRAL': 22.08, 'SAD': 53.84, 'SURPRISE': 0.96}
2026-05-15 22:31:22,345 | INFO     | [082284] 🎯 KẾT QUẢ CHỐT: SAD (53.84%)
2026-05-15 22:31:22,345 | INFO     | [082284] ⏱️ Thời gian phản hồi: 59.3 ms
2026-05-15 22:31:22,377 | INFO     | [082377] ------------------------------------------
2026-05-15 22:31:22,377 | INFO     | [082377] 📥 NHẬN YÊU CẦU QUÉT KHUÔN MẶT MỚI
2026-05-15 22:31:22,378 | INFO     | [082377] Đã xử lý ảnh thành công. Kích thước tensor: (1, 48, 48, 1)
2026-05-15 22:31:22,445 | INFO     | [082377] 📊 Chi tiết dự đoán: {'ANGRY': 4.31, 'DISGUST': 0.1, 'FEAR': 9.51, 'HAPPY': 11.1, 'NEUTRAL': 24.76, 'SAD': 48.89, 'SURPRISE': 1.33}
2026-05-15 22:31:22,445 | INFO     | [082377] 🎯 KẾT QUẢ CHỐT: SAD (48.89%)
2026-05-15 22:31:22,445 | INFO     | [082377] ⏱️ Thời gian phản hồi: 68.14 ms
2026-05-15 22:31:22,486 | INFO     | [082486] ------------------------------------------
2026-05-15 22:31:22,486 | INFO     | [082486] 📥 NHẬN YÊU CẦU QUÉT KHUÔN MẶT MỚI
2026-05-15 22:31:22,487 | INFO     | [082486] Đã xử lý ảnh thành công. Kích thước tensor: (1, 48, 48, 1)
2026-05-15 22:31:22,544 | INFO     | [082486] 📊 Chi tiết dự đoán: {'ANGRY': 5.49, 'DISGUST': 0.11, 'FEAR': 9.83, 'HAPPY': 12.59, 'NEUTRAL': 24.55, 'SAD': 45.96, 'SURPRISE': 1.46}
2026-05-15 22:31:22,544 | INFO     | [082486] 🎯 KẾT QUẢ CHỐT: SAD (45.96%)
2026-05-15 22:31:22,545 | INFO     | [082486] ⏱️ Thời gian phản hồi: 58.25 ms
2026-05-15 22:31:22,578 | INFO     | [082578] ------------------------------------------
2026-05-15 22:31:22,578 | INFO     | [082578] 📥 NHẬN YÊU CẦU QUÉT KHUÔN MẶT MỚI
2026-05-15 22:31:22,579 | INFO     | [082578] Đã xử lý ảnh thành công. Kích thước tensor: (1, 48, 48, 1)
2026-05-15 22:31:22,638 | INFO     | [082578] 📊 Chi tiết dự đoán: {'ANGRY': 4.7, 'DISGUST': 0.11, 'FEAR': 10.63, 'HAPPY': 11.39, 'NEUTRAL': 23.89, 'SAD': 47.84, 'SURPRISE': 1.45}
2026-05-15 22:31:22,638 | INFO     | [082578] 🎯 KẾT QUẢ CHỐT: SAD (47.84%)
2026-05-15 22:31:22,638 | INFO     | [082578] ⏱️ Thời gian phản hồi: 58.82 ms
2026-05-15 22:31:22,685 | INFO     | [082685] ------------------------------------------
2026-05-15 22:31:22,685 | INFO     | [082685] 📥 NHẬN YÊU CẦU QUÉT KHUÔN MẶT MỚI
2026-05-15 22:31:22,685 | INFO     | [082685] Đã xử lý ảnh thành công. Kích thước tensor: (1, 48, 48, 1)
2026-05-15 22:31:22,738 | INFO     | [082685] 📊 Chi tiết dự đoán: {'ANGRY': 5.84, 'DISGUST': 0.17, 'FEAR': 11.37, 'HAPPY': 10.89, 'NEUTRAL': 19.79, 'SAD': 49.95, 'SURPRISE': 2.0}
2026-05-15 22:31:22,738 | INFO     | [082685] 🎯 KẾT QUẢ CHỐT: SAD (49.95%)
2026-05-15 22:31:22,738 | INFO     | [082685] ⏱️ Thời gian phản hồi: 53.43 ms
2026-05-15 22:31:22,779 | INFO     | [082779] ------------------------------------------
2026-05-15 22:31:22,779 | INFO     | [082779] 📥 NHẬN YÊU CẦU QUÉT KHUÔN MẶT MỚI
2026-05-15 22:31:22,781 | INFO     | [082779] Đã xử lý ảnh thành công. Kích thước tensor: (1, 48, 48, 1)
2026-05-15 22:31:22,833 | INFO     | [082779] 📊 Chi tiết dự đoán: {'ANGRY': 5.88, 'DISGUST': 0.13, 'FEAR': 10.38, 'HAPPY': 10.48, 'NEUTRAL': 17.65, 'SAD': 53.87, 'SURPRISE': 1.61}
2026-05-15 22:31:22,834 | INFO     | [082779] 🎯 KẾT QUẢ CHỐT: SAD (53.87%)
2026-05-15 22:31:22,834 | INFO     | [082779] ⏱️ Thời gian phản hồi: 53.89 ms
2026-05-15 22:31:22,887 | INFO     | [082887] ------------------------------------------
2026-05-15 22:31:22,889 | INFO     | [082887] 📥 NHẬN YÊU CẦU QUÉT KHUÔN MẶT MỚI
2026-05-15 22:31:22,889 | INFO     | [082887] Đã xử lý ảnh thành công. Kích thước tensor: (1, 48, 48, 1)
2026-05-15 22:31:22,947 | INFO     | [082887] 📊 Chi tiết dự đoán: {'ANGRY': 4.42, 'DISGUST': 0.1, 'FEAR': 10.17, 'HAPPY': 15.05, 'NEUTRAL': 22.61, 'SAD': 46.12, 'SURPRISE': 1.53}
2026-05-15 22:31:22,947 | INFO     | [082887] 🎯 KẾT QUẢ CHỐT: SAD (46.12%)
2026-05-15 22:31:22,947 | INFO     | [082887] ⏱️ Thời gian phản hồi: 59.55 ms
2026-05-15 22:31:22,984 | INFO     | [082984] ------------------------------------------
2026-05-15 22:31:22,984 | INFO     | [082984] 📥 NHẬN YÊU CẦU QUÉT KHUÔN MẶT MỚI
2026-05-15 22:31:22,985 | INFO     | [082984] Đã xử lý ảnh thành công. Kích thước tensor: (1, 48, 48, 1)
2026-05-15 22:31:23,039 | INFO     | [082984] 📊 Chi tiết dự đoán: {'ANGRY': 4.27, 'DISGUST': 0.1, 'FEAR': 11.21, 'HAPPY': 11.82, 'NEUTRAL': 23.16, 'SAD': 47.87, 'SURPRISE': 1.56}
2026-05-15 22:31:23,039 | INFO     | [082984] 🎯 KẾT QUẢ CHỐT: SAD (47.87%)
2026-05-15 22:31:23,040 | INFO     | [082984] ⏱️ Thời gian phản hồi: 55.64 ms
2026-05-15 22:31:23,076 | INFO     | [083076] ------------------------------------------
2026-05-15 22:31:23,076 | INFO     | [083076] 📥 NHẬN YÊU CẦU QUÉT KHUÔN MẶT MỚI
2026-05-15 22:31:23,077 | INFO     | [083076] Đã xử lý ảnh thành công. Kích thước tensor: (1, 48, 48, 1)
2026-05-15 22:31:23,131 | INFO     | [083076] 📊 Chi tiết dự đoán: {'ANGRY': 4.12, 'DISGUST': 0.11, 'FEAR': 10.39, 'HAPPY': 9.96, 'NEUTRAL': 17.54, 'SAD': 56.44, 'SURPRISE': 1.44}
2026-05-15 22:31:23,132 | INFO     | [083076] 🎯 KẾT QUẢ CHỐT: SAD (56.44%)
2026-05-15 22:31:23,132 | INFO     | [083076] ⏱️ Thời gian phản hồi: 54.57 ms
2026-05-15 22:31:23,186 | INFO     | [083186] ------------------------------------------
2026-05-15 22:31:23,188 | INFO     | [083186] 📥 NHẬN YÊU CẦU QUÉT KHUÔN MẶT MỚI
2026-05-15 22:31:23,188 | INFO     | [083186] Đã xử lý ảnh thành công. Kích thước tensor: (1, 48, 48, 1)
2026-05-15 22:31:23,249 | INFO     | [083186] 📊 Chi tiết dự đoán: {'ANGRY': 5.4, 'DISGUST': 0.15, 'FEAR': 10.17, 'HAPPY': 12.71, 'NEUTRAL': 19.71, 'SAD': 50.13, 'SURPRISE': 1.75}
2026-05-15 22:31:23,249 | INFO     | [083186] 🎯 KẾT QUẢ CHỐT: SAD (50.13%)
2026-05-15 22:31:23,249 | INFO     | [083186] ⏱️ Thời gian phản hồi: 62.36 ms
2026-05-15 22:31:23,280 | INFO     | [083280] ------------------------------------------
2026-05-15 22:31:23,280 | INFO     | [083280] 📥 NHẬN YÊU CẦU QUÉT KHUÔN MẶT MỚI
2026-05-15 22:31:23,281 | INFO     | [083280] Đã xử lý ảnh thành công. Kích thước tensor: (1, 48, 48, 1)
2026-05-15 22:31:23,338 | INFO     | [083280] 📊 Chi tiết dự đoán: {'ANGRY': 4.88, 'DISGUST': 0.15, 'FEAR': 9.64, 'HAPPY': 10.71, 'NEUTRAL': 23.34, 'SAD': 49.66, 'SURPRISE': 1.63}
2026-05-15 22:31:23,338 | INFO     | [083280] 🎯 KẾT QUẢ CHỐT: SAD (49.66%)
2026-05-15 22:31:23,339 | INFO     | [083280] ⏱️ Thời gian phản hồi: 58.56 ms
2026-05-15 22:31:23,390 | INFO     | [083390] ------------------------------------------
2026-05-15 22:31:23,390 | INFO     | [083390] 📥 NHẬN YÊU CẦU QUÉT KHUÔN MẶT MỚI
2026-05-15 22:31:23,391 | INFO     | [083390] Đã xử lý ảnh thành công. Kích thước tensor: (1, 48, 48, 1)
2026-05-15 22:31:23,442 | INFO     | [083390] 📊 Chi tiết dự đoán: {'ANGRY': 5.02, 'DISGUST': 0.15, 'FEAR': 9.93, 'HAPPY': 15.06, 'NEUTRAL': 21.05, 'SAD': 47.34, 'SURPRISE': 1.45}
2026-05-15 22:31:23,443 | INFO     | [083390] 🎯 KẾT QUẢ CHỐT: SAD (47.34%)
2026-05-15 22:31:23,443 | INFO     | [083390] ⏱️ Thời gian phản hồi: 52.4 ms
2026-05-15 22:31:23,485 | INFO     | [083485] ------------------------------------------
2026-05-15 22:31:23,485 | INFO     | [083485] 📥 NHẬN YÊU CẦU QUÉT KHUÔN MẶT MỚI
2026-05-15 22:31:23,486 | INFO     | [083485] Đã xử lý ảnh thành công. Kích thước tensor: (1, 48, 48, 1)
2026-05-15 22:31:23,545 | INFO     | [083485] 📊 Chi tiết dự đoán: {'ANGRY': 5.89, 'DISGUST': 0.17, 'FEAR': 10.83, 'HAPPY': 10.58, 'NEUTRAL': 21.14, 'SAD': 49.58, 'SURPRISE': 1.81}
2026-05-15 22:31:23,545 | INFO     | [083485] 🎯 KẾT QUẢ CHỐT: SAD (49.58%)
2026-05-15 22:31:23,546 | INFO     | [083485] ⏱️ Thời gian phản hồi: 59.9 ms
2026-05-15 22:31:23,580 | INFO     | [083580] ------------------------------------------
2026-05-15 22:31:23,581 | INFO     | [083580] 📥 NHẬN YÊU CẦU QUÉT KHUÔN MẶT MỚI
2026-05-15 22:31:23,581 | INFO     | [083580] Đã xử lý ảnh thành công. Kích thước tensor: (1, 48, 48, 1)
2026-05-15 22:31:23,635 | INFO     | [083580] 📊 Chi tiết dự đoán: {'ANGRY': 4.37, 'DISGUST': 0.09, 'FEAR': 12.1, 'HAPPY': 8.35, 'NEUTRAL': 20.47, 'SAD': 53.42, 'SURPRISE': 1.2}
2026-05-15 22:31:23,635 | INFO     | [083580] 🎯 KẾT QUẢ CHỐT: SAD (53.42%)
2026-05-15 22:31:23,635 | INFO     | [083580] ⏱️ Thời gian phản hồi: 55.32 ms
2026-05-15 22:31:23,690 | INFO     | [083690] ------------------------------------------
2026-05-15 22:31:23,690 | INFO     | [083690] 📥 NHẬN YÊU CẦU QUÉT KHUÔN MẶT MỚI
2026-05-15 22:31:23,691 | INFO     | [083690] Đã xử lý ảnh thành công. Kích thước tensor: (1, 48, 48, 1)
2026-05-15 22:31:23,741 | INFO     | [083690] 📊 Chi tiết dự đoán: {'ANGRY': 4.55, 'DISGUST': 0.1, 'FEAR': 10.85, 'HAPPY': 12.9, 'NEUTRAL': 21.85, 'SAD': 48.54, 'SURPRISE': 1.21}
2026-05-15 22:31:23,741 | INFO     | [083690] 🎯 KẾT QUẢ CHỐT: SAD (48.54%)
2026-05-15 22:31:23,741 | INFO     | [083690] ⏱️ Thời gian phản hồi: 50.93 ms
2026-05-15 22:31:23,783 | INFO     | [083783] ------------------------------------------
2026-05-15 22:31:23,783 | INFO     | [083783] 📥 NHẬN YÊU CẦU QUÉT KHUÔN MẶT MỚI
2026-05-15 22:31:23,783 | INFO     | [083783] Đã xử lý ảnh thành công. Kích thước tensor: (1, 48, 48, 1)
2026-05-15 22:31:23,835 | INFO     | [083783] 📊 Chi tiết dự đoán: {'ANGRY': 4.53, 'DISGUST': 0.11, 'FEAR': 11.26, 'HAPPY': 10.57, 'NEUTRAL': 21.6, 'SAD': 50.4, 'SURPRISE': 1.52}
2026-05-15 22:31:23,835 | INFO     | [083783] 🎯 KẾT QUẢ CHỐT: SAD (50.40%)
2026-05-15 22:31:23,835 | INFO     | [083783] ⏱️ Thời gian phản hồi: 51.3 ms
2026-05-15 22:31:23,876 | INFO     | [083876] ------------------------------------------
2026-05-15 22:31:23,876 | INFO     | [083876] 📥 NHẬN YÊU CẦU QUÉT KHUÔN MẶT MỚI
2026-05-15 22:31:23,877 | INFO     | [083876] Đã xử lý ảnh thành công. Kích thước tensor: (1, 48, 48, 1)
2026-05-15 22:31:23,930 | INFO     | [083876] 📊 Chi tiết dự đoán: {'ANGRY': 4.69, 'DISGUST': 0.1, 'FEAR': 10.59, 'HAPPY': 11.05, 'NEUTRAL': 24.63, 'SAD': 47.39, 'SURPRISE': 1.54}
2026-05-15 22:31:23,930 | INFO     | [083876] 🎯 KẾT QUẢ CHỐT: SAD (47.39%)
2026-05-15 22:31:23,932 | INFO     | [083876] ⏱️ Thời gian phản hồi: 54.05 ms
2026-05-15 22:31:23,985 | INFO     | [083985] ------------------------------------------
2026-05-15 22:31:23,986 | INFO     | [083985] 📥 NHẬN YÊU CẦU QUÉT KHUÔN MẶT MỚI
2026-05-15 22:31:23,986 | INFO     | [083985] Đã xử lý ảnh thành công. Kích thước tensor: (1, 48, 48, 1)
2026-05-15 22:31:24,042 | INFO     | [083985] 📊 Chi tiết dự đoán: {'ANGRY': 4.08, 'DISGUST': 0.1, 'FEAR': 10.56, 'HAPPY': 10.57, 'NEUTRAL': 23.4, 'SAD': 49.89, 'SURPRISE': 1.41}
2026-05-15 22:31:24,042 | INFO     | [083985] 🎯 KẾT QUẢ CHỐT: SAD (49.89%)
2026-05-15 22:31:24,042 | INFO     | [083985] ⏱️ Thời gian phản hồi: 57.45 ms
2026-05-15 22:31:24,077 | INFO     | [084077] ------------------------------------------
2026-05-15 22:31:24,079 | INFO     | [084077] 📥 NHẬN YÊU CẦU QUÉT KHUÔN MẶT MỚI
2026-05-15 22:31:24,079 | INFO     | [084077] Đã xử lý ảnh thành công. Kích thước tensor: (1, 48, 48, 1)
2026-05-15 22:31:24,143 | INFO     | [084077] 📊 Chi tiết dự đoán: {'ANGRY': 4.16, 'DISGUST': 0.1, 'FEAR': 10.5, 'HAPPY': 12.05, 'NEUTRAL': 24.39, 'SAD': 47.12, 'SURPRISE': 1.68}
2026-05-15 22:31:24,144 | INFO     | [084077] 🎯 KẾT QUẢ CHỐT: SAD (47.12%)
2026-05-15 22:31:24,144 | INFO     | [084077] ⏱️ Thời gian phản hồi: 65.33 ms
2026-05-15 22:31:24,188 | INFO     | [084188] ------------------------------------------
2026-05-15 22:31:24,188 | INFO     | [084188] 📥 NHẬN YÊU CẦU QUÉT KHUÔN MẶT MỚI
2026-05-15 22:31:24,189 | INFO     | [084188] Đã xử lý ảnh thành công. Kích thước tensor: (1, 48, 48, 1)
2026-05-15 22:31:24,249 | INFO     | [084188] 📊 Chi tiết dự đoán: {'ANGRY': 4.42, 'DISGUST': 0.12, 'FEAR': 9.93, 'HAPPY': 11.39, 'NEUTRAL': 27.23, 'SAD': 45.05, 'SURPRISE': 1.86}
2026-05-15 22:31:24,249 | INFO     | [084188] 🎯 KẾT QUẢ CHỐT: SAD (45.05%)
2026-05-15 22:31:24,249 | INFO     | [084188] ⏱️ Thời gian phản hồi: 61.86 ms
2026-05-15 22:31:24,277 | INFO     | [084277] ------------------------------------------
2026-05-15 22:31:24,278 | INFO     | [084277] 📥 NHẬN YÊU CẦU QUÉT KHUÔN MẶT MỚI
2026-05-15 22:31:24,278 | INFO     | [084277] Đã xử lý ảnh thành công. Kích thước tensor: (1, 48, 48, 1)
2026-05-15 22:31:24,334 | INFO     | [084277] 📊 Chi tiết dự đoán: {'ANGRY': 4.29, 'DISGUST': 0.1, 'FEAR': 10.01, 'HAPPY': 10.22, 'NEUTRAL': 26.88, 'SAD': 46.54, 'SURPRISE': 1.95}
2026-05-15 22:31:24,334 | INFO     | [084277] 🎯 KẾT QUẢ CHỐT: SAD (46.54%)
2026-05-15 22:31:24,335 | INFO     | [084277] ⏱️ Thời gian phản hồi: 57.23 ms
2026-05-15 22:31:24,387 | INFO     | [084387] ------------------------------------------
2026-05-15 22:31:24,387 | INFO     | [084387] 📥 NHẬN YÊU CẦU QUÉT KHUÔN MẶT MỚI
2026-05-15 22:31:24,388 | INFO     | [084387] Đã xử lý ảnh thành công. Kích thước tensor: (1, 48, 48, 1)
2026-05-15 22:31:24,453 | INFO     | [084387] 📊 Chi tiết dự đoán: {'ANGRY': 4.54, 'DISGUST': 0.16, 'FEAR': 10.67, 'HAPPY': 13.58, 'NEUTRAL': 22.6, 'SAD': 46.27, 'SURPRISE': 2.18}
2026-05-15 22:31:24,454 | INFO     | [084387] 🎯 KẾT QUẢ CHỐT: SAD (46.27%)
2026-05-15 22:31:24,454 | INFO     | [084387] ⏱️ Thời gian phản hồi: 66.87 ms
2026-05-15 22:31:24,482 | INFO     | [084482] ------------------------------------------
2026-05-15 22:31:24,483 | INFO     | [084482] 📥 NHẬN YÊU CẦU QUÉT KHUÔN MẶT MỚI
2026-05-15 22:31:24,483 | INFO     | [084482] Đã xử lý ảnh thành công. Kích thước tensor: (1, 48, 48, 1)
2026-05-15 22:31:24,544 | INFO     | [084482] 📊 Chi tiết dự đoán: {'ANGRY': 4.38, 'DISGUST': 0.11, 'FEAR': 9.76, 'HAPPY': 9.21, 'NEUTRAL': 27.04, 'SAD': 47.84, 'SURPRISE': 1.67}
2026-05-15 22:31:24,544 | INFO     | [084482] 🎯 KẾT QUẢ CHỐT: SAD (47.84%)
2026-05-15 22:31:24,546 | INFO     | [084482] ⏱️ Thời gian phản hồi: 62.84 ms
2026-05-15 22:31:24,576 | INFO     | [084576] ------------------------------------------
2026-05-15 22:31:24,576 | INFO     | [084576] 📥 NHẬN YÊU CẦU QUÉT KHUÔN MẶT MỚI
2026-05-15 22:31:24,577 | INFO     | [084576] Đã xử lý ảnh thành công. Kích thước tensor: (1, 48, 48, 1)
2026-05-15 22:31:24,629 | INFO     | [084576] 📊 Chi tiết dự đoán: {'ANGRY': 4.63, 'DISGUST': 0.12, 'FEAR': 9.87, 'HAPPY': 12.66, 'NEUTRAL': 26.24, 'SAD': 44.57, 'SURPRISE': 1.91}
2026-05-15 22:31:24,629 | INFO     | [084576] 🎯 KẾT QUẢ CHỐT: SAD (44.57%)
2026-05-15 22:31:24,629 | INFO     | [084576] ⏱️ Thời gian phản hồi: 53.62 ms
2026-05-15 22:31:24,686 | INFO     | [084686] ------------------------------------------
2026-05-15 22:31:24,686 | INFO     | [084686] 📥 NHẬN YÊU CẦU QUÉT KHUÔN MẶT MỚI
2026-05-15 22:31:24,687 | INFO     | [084686] Đã xử lý ảnh thành công. Kích thước tensor: (1, 48, 48, 1)
2026-05-15 22:31:24,740 | INFO     | [084686] 📊 Chi tiết dự đoán: {'ANGRY': 4.81, 'DISGUST': 0.16, 'FEAR': 10.37, 'HAPPY': 10.67, 'NEUTRAL': 25.08, 'SAD': 46.76, 'SURPRISE': 2.15}
2026-05-15 22:31:24,740 | INFO     | [084686] 🎯 KẾT QUẢ CHỐT: SAD (46.76%)
2026-05-15 22:31:24,740 | INFO     | [084686] ⏱️ Thời gian phản hồi: 53.47 ms
2026-05-15 22:31:24,780 | INFO     | [084780] ------------------------------------------
2026-05-15 22:31:24,781 | INFO     | [084780] 📥 NHẬN YÊU CẦU QUÉT KHUÔN MẶT MỚI
2026-05-15 22:31:24,781 | INFO     | [084780] Đã xử lý ảnh thành công. Kích thước tensor: (1, 48, 48, 1)
2026-05-15 22:31:24,839 | INFO     | [084780] 📊 Chi tiết dự đoán: {'ANGRY': 4.53, 'DISGUST': 0.12, 'FEAR': 10.13, 'HAPPY': 12.55, 'NEUTRAL': 25.08, 'SAD': 45.61, 'SURPRISE': 1.99}
2026-05-15 22:31:24,840 | INFO     | [084780] 🎯 KẾT QUẢ CHỐT: SAD (45.61%)
2026-05-15 22:31:24,840 | INFO     | [084780] ⏱️ Thời gian phản hồi: 58.87 ms
2026-05-15 22:31:24,888 | INFO     | [084888] ------------------------------------------
2026-05-15 22:31:24,888 | INFO     | [084888] 📥 NHẬN YÊU CẦU QUÉT KHUÔN MẶT MỚI
2026-05-15 22:31:24,888 | INFO     | [084888] Đã xử lý ảnh thành công. Kích thước tensor: (1, 48, 48, 1)
2026-05-15 22:31:24,949 | INFO     | [084888] 📊 Chi tiết dự đoán: {'ANGRY': 4.2, 'DISGUST': 0.13, 'FEAR': 10.09, 'HAPPY': 11.75, 'NEUTRAL': 26.39, 'SAD': 45.65, 'SURPRISE': 1.79}
2026-05-15 22:31:24,949 | INFO     | [084888] 🎯 KẾT QUẢ CHỐT: SAD (45.65%)
2026-05-15 22:31:24,949 | INFO     | [084888] ⏱️ Thời gian phản hồi: 60.9 ms
2026-05-15 22:31:24,982 | INFO     | [084981] ------------------------------------------
2026-05-15 22:31:24,982 | INFO     | [084981] 📥 NHẬN YÊU CẦU QUÉT KHUÔN MẶT MỚI
2026-05-15 22:31:24,982 | INFO     | [084981] Đã xử lý ảnh thành công. Kích thước tensor: (1, 48, 48, 1)
2026-05-15 22:31:25,037 | INFO     | [084981] 📊 Chi tiết dự đoán: {'ANGRY': 3.97, 'DISGUST': 0.13, 'FEAR': 10.89, 'HAPPY': 13.05, 'NEUTRAL': 24.11, 'SAD': 45.67, 'SURPRISE': 2.17}
2026-05-15 22:31:25,038 | INFO     | [084981] 🎯 KẾT QUẢ CHỐT: SAD (45.67%)
2026-05-15 22:31:25,038 | INFO     | [084981] ⏱️ Thời gian phản hồi: 56.27 ms
2026-05-15 22:31:25,091 | INFO     | [085091] ------------------------------------------
2026-05-15 22:31:25,091 | INFO     | [085091] 📥 NHẬN YÊU CẦU QUÉT KHUÔN MẶT MỚI
2026-05-15 22:31:25,092 | INFO     | [085091] Đã xử lý ảnh thành công. Kích thước tensor: (1, 48, 48, 1)
2026-05-15 22:31:25,142 | INFO     | [085091] 📊 Chi tiết dự đoán: {'ANGRY': 4.18, 'DISGUST': 0.13, 'FEAR': 10.3, 'HAPPY': 10.31, 'NEUTRAL': 25.0, 'SAD': 48.58, 'SURPRISE': 1.5}
2026-05-15 22:31:25,143 | INFO     | [085091] 🎯 KẾT QUẢ CHỐT: SAD (48.58%)
2026-05-15 22:31:25,143 | INFO     | [085091] ⏱️ Thời gian phản hồi: 51.63 ms
2026-05-15 22:31:25,183 | INFO     | [085183] ------------------------------------------
2026-05-15 22:31:25,183 | INFO     | [085183] 📥 NHẬN YÊU CẦU QUÉT KHUÔN MẶT MỚI
2026-05-15 22:31:25,184 | INFO     | [085183] Đã xử lý ảnh thành công. Kích thước tensor: (1, 48, 48, 1)
2026-05-15 22:31:25,234 | INFO     | [085183] 📊 Chi tiết dự đoán: {'ANGRY': 3.87, 'DISGUST': 0.13, 'FEAR': 10.6, 'HAPPY': 10.87, 'NEUTRAL': 25.49, 'SAD': 47.34, 'SURPRISE': 1.7}
2026-05-15 22:31:25,234 | INFO     | [085183] 🎯 KẾT QUẢ CHỐT: SAD (47.34%)
2026-05-15 22:31:25,234 | INFO     | [085183] ⏱️ Thời gian phản hồi: 51.41 ms
2026-05-15 22:31:25,290 | INFO     | [085290] ------------------------------------------
2026-05-15 22:31:25,291 | INFO     | [085290] 📥 NHẬN YÊU CẦU QUÉT KHUÔN MẶT MỚI
2026-05-15 22:31:25,291 | INFO     | [085290] Đã xử lý ảnh thành công. Kích thước tensor: (1, 48, 48, 1)
2026-05-15 22:31:25,347 | INFO     | [085290] 📊 Chi tiết dự đoán: {'ANGRY': 4.25, 'DISGUST': 0.16, 'FEAR': 10.38, 'HAPPY': 11.33, 'NEUTRAL': 25.63, 'SAD': 46.44, 'SURPRISE': 1.81}
2026-05-15 22:31:25,347 | INFO     | [085290] 🎯 KẾT QUẢ CHỐT: SAD (46.44%)
2026-05-15 22:31:25,348 | INFO     | [085290] ⏱️ Thời gian phản hồi: 56.68 ms
2026-05-15 22:31:25,385 | INFO     | [085385] ------------------------------------------
2026-05-15 22:31:25,385 | INFO     | [085385] 📥 NHẬN YÊU CẦU QUÉT KHUÔN MẶT MỚI
2026-05-15 22:31:25,385 | INFO     | [085385] Đã xử lý ảnh thành công. Kích thước tensor: (1, 48, 48, 1)
2026-05-15 22:31:25,452 | INFO     | [085385] 📊 Chi tiết dự đoán: {'ANGRY': 4.25, 'DISGUST': 0.13, 'FEAR': 10.5, 'HAPPY': 9.17, 'NEUTRAL': 24.05, 'SAD': 50.17, 'SURPRISE': 1.73}
2026-05-15 22:31:25,452 | INFO     | [085385] 🎯 KẾT QUẢ CHỐT: SAD (50.17%)
2026-05-15 22:31:25,452 | INFO     | [085385] ⏱️ Thời gian phản hồi: 67.25 ms
2026-05-15 22:31:25,475 | INFO     | [085475] ------------------------------------------
2026-05-15 22:31:25,475 | INFO     | [085475] 📥 NHẬN YÊU CẦU QUÉT KHUÔN MẶT MỚI
2026-05-15 22:31:25,476 | INFO     | [085475] Đã xử lý ảnh thành công. Kích thước tensor: (1, 48, 48, 1)
2026-05-15 22:31:25,528 | INFO     | [085475] 📊 Chi tiết dự đoán: {'ANGRY': 4.44, 'DISGUST': 0.13, 'FEAR': 10.08, 'HAPPY': 10.27, 'NEUTRAL': 26.07, 'SAD': 47.17, 'SURPRISE': 1.85}
2026-05-15 22:31:25,528 | INFO     | [085475] 🎯 KẾT QUẢ CHỐT: SAD (47.17%)
2026-05-15 22:31:25,529 | INFO     | [085475] ⏱️ Thời gian phản hồi: 53.44 ms
2026-05-15 22:31:25,585 | INFO     | [085585] ------------------------------------------
2026-05-15 22:31:25,585 | INFO     | [085585] 📥 NHẬN YÊU CẦU QUÉT KHUÔN MẶT MỚI
2026-05-15 22:31:25,586 | INFO     | [085585] Đã xử lý ảnh thành công. Kích thước tensor: (1, 48, 48, 1)
2026-05-15 22:31:25,638 | INFO     | [085585] 📊 Chi tiết dự đoán: {'ANGRY': 4.22, 'DISGUST': 0.14, 'FEAR': 10.31, 'HAPPY': 12.17, 'NEUTRAL': 23.65, 'SAD': 47.68, 'SURPRISE': 1.83}
2026-05-15 22:31:25,638 | INFO     | [085585] 🎯 KẾT QUẢ CHỐT: SAD (47.68%)
2026-05-15 22:31:25,638 | INFO     | [085585] ⏱️ Thời gian phản hồi: 52.93 ms
2026-05-15 22:31:25,694 | INFO     | [085694] ------------------------------------------
2026-05-15 22:31:25,694 | INFO     | [085694] 📥 NHẬN YÊU CẦU QUÉT KHUÔN MẶT MỚI
2026-05-15 22:31:25,695 | INFO     | [085694] Đã xử lý ảnh thành công. Kích thước tensor: (1, 48, 48, 1)
2026-05-15 22:31:25,746 | INFO     | [085694] 📊 Chi tiết dự đoán: {'ANGRY': 4.36, 'DISGUST': 0.13, 'FEAR': 9.5, 'HAPPY': 11.32, 'NEUTRAL': 25.72, 'SAD': 47.25, 'SURPRISE': 1.73}
2026-05-15 22:31:25,746 | INFO     | [085694] 🎯 KẾT QUẢ CHỐT: SAD (47.25%)
2026-05-15 22:31:25,746 | INFO     | [085694] ⏱️ Thời gian phản hồi: 51.86 ms
2026-05-15 22:31:25,787 | INFO     | [085787] ------------------------------------------
2026-05-15 22:31:25,787 | INFO     | [085787] 📥 NHẬN YÊU CẦU QUÉT KHUÔN MẶT MỚI
2026-05-15 22:31:25,789 | INFO     | [085787] Đã xử lý ảnh thành công. Kích thước tensor: (1, 48, 48, 1)
2026-05-15 22:31:25,841 | INFO     | [085787] 📊 Chi tiết dự đoán: {'ANGRY': 4.05, 'DISGUST': 0.12, 'FEAR': 9.66, 'HAPPY': 10.72, 'NEUTRAL': 25.66, 'SAD': 47.98, 'SURPRISE': 1.81}
2026-05-15 22:31:25,842 | INFO     | [085787] 🎯 KẾT QUẢ CHỐT: SAD (47.98%)
2026-05-15 22:31:25,842 | INFO     | [085787] ⏱️ Thời gian phản hồi: 53.5 ms
2026-05-15 22:31:25,896 | INFO     | [085896] ------------------------------------------
2026-05-15 22:31:25,897 | INFO     | [085896] 📥 NHẬN YÊU CẦU QUÉT KHUÔN MẶT MỚI
2026-05-15 22:31:25,899 | INFO     | [085896] Đã xử lý ảnh thành công. Kích thước tensor: (1, 48, 48, 1)
2026-05-15 22:31:25,950 | INFO     | [085896] 📊 Chi tiết dự đoán: {'ANGRY': 4.18, 'DISGUST': 0.12, 'FEAR': 9.61, 'HAPPY': 14.02, 'NEUTRAL': 25.61, 'SAD': 44.59, 'SURPRISE': 1.87}
2026-05-15 22:31:25,950 | INFO     | [085896] 🎯 KẾT QUẢ CHỐT: SAD (44.59%)
2026-05-15 22:31:25,950 | INFO     | [085896] ⏱️ Thời gian phản hồi: 53.97 ms
2026-05-15 22:31:25,987 | INFO     | [085987] ------------------------------------------
2026-05-15 22:31:25,987 | INFO     | [085987] 📥 NHẬN YÊU CẦU QUÉT KHUÔN MẶT MỚI
2026-05-15 22:31:25,989 | INFO     | [085987] Đã xử lý ảnh thành công. Kích thước tensor: (1, 48, 48, 1)
2026-05-15 22:31:26,058 | INFO     | [085987] 📊 Chi tiết dự đoán: {'ANGRY': 4.11, 'DISGUST': 0.13, 'FEAR': 9.54, 'HAPPY': 10.55, 'NEUTRAL': 25.36, 'SAD': 48.58, 'SURPRISE': 1.71}
2026-05-15 22:31:26,058 | INFO     | [085987] 🎯 KẾT QUẢ CHỐT: SAD (48.58%)
2026-05-15 22:31:26,059 | INFO     | [085987] ⏱️ Thời gian phản hồi: 70.49 ms
2026-05-15 22:31:26,081 | INFO     | [086081] ------------------------------------------
2026-05-15 22:31:26,081 | INFO     | [086081] 📥 NHẬN YÊU CẦU QUÉT KHUÔN MẶT MỚI
2026-05-15 22:31:26,081 | INFO     | [086081] Đã xử lý ảnh thành công. Kích thước tensor: (1, 48, 48, 1)
2026-05-15 22:31:26,152 | INFO     | [086081] 📊 Chi tiết dự đoán: {'ANGRY': 4.2, 'DISGUST': 0.17, 'FEAR': 9.82, 'HAPPY': 13.59, 'NEUTRAL': 24.97, 'SAD': 45.35, 'SURPRISE': 1.9}
2026-05-15 22:31:26,154 | INFO     | [086081] 🎯 KẾT QUẢ CHỐT: SAD (45.35%)
2026-05-15 22:31:26,154 | INFO     | [086081] ⏱️ Thời gian phản hồi: 71.52 ms
2026-05-15 22:31:26,188 | INFO     | [086188] ------------------------------------------
2026-05-15 22:31:26,188 | INFO     | [086188] 📥 NHẬN YÊU CẦU QUÉT KHUÔN MẶT MỚI
2026-05-15 22:31:26,190 | INFO     | [086188] Đã xử lý ảnh thành công. Kích thước tensor: (1, 48, 48, 1)
2026-05-15 22:31:26,253 | INFO     | [086188] 📊 Chi tiết dự đoán: {'ANGRY': 4.84, 'DISGUST': 0.15, 'FEAR': 9.86, 'HAPPY': 11.21, 'NEUTRAL': 26.44, 'SAD': 45.76, 'SURPRISE': 1.74}
2026-05-15 22:31:26,253 | INFO     | [086188] 🎯 KẾT QUẢ CHỐT: SAD (45.76%)
2026-05-15 22:31:26,253 | INFO     | [086188] ⏱️ Thời gian phản hồi: 64.53 ms
2026-05-15 22:31:26,280 | INFO     | [086280] ------------------------------------------
2026-05-15 22:31:26,280 | INFO     | [086280] 📥 NHẬN YÊU CẦU QUÉT KHUÔN MẶT MỚI
2026-05-15 22:31:26,282 | INFO     | [086280] Đã xử lý ảnh thành công. Kích thước tensor: (1, 48, 48, 1)
2026-05-15 22:31:26,352 | INFO     | [086280] 📊 Chi tiết dự đoán: {'ANGRY': 5.02, 'DISGUST': 0.15, 'FEAR': 9.78, 'HAPPY': 12.11, 'NEUTRAL': 26.43, 'SAD': 44.45, 'SURPRISE': 2.06}
2026-05-15 22:31:26,352 | INFO     | [086280] 🎯 KẾT QUẢ CHỐT: SAD (44.45%)
2026-05-15 22:31:26,352 | INFO     | [086280] ⏱️ Thời gian phản hồi: 71.03 ms
2026-05-15 22:31:26,391 | INFO     | [086391] ------------------------------------------
2026-05-15 22:31:26,391 | INFO     | [086391] 📥 NHẬN YÊU CẦU QUÉT KHUÔN MẶT MỚI
2026-05-15 22:31:26,392 | INFO     | [086391] Đã xử lý ảnh thành công. Kích thước tensor: (1, 48, 48, 1)
2026-05-15 22:31:26,450 | INFO     | [086391] 📊 Chi tiết dự đoán: {'ANGRY': 5.1, 'DISGUST': 0.18, 'FEAR': 9.83, 'HAPPY': 14.17, 'NEUTRAL': 25.08, 'SAD': 43.77, 'SURPRISE': 1.88}
2026-05-15 22:31:26,450 | INFO     | [086391] 🎯 KẾT QUẢ CHỐT: SAD (43.77%)
2026-05-15 22:31:26,451 | INFO     | [086391] ⏱️ Thời gian phản hồi: 58.76 ms
2026-05-15 22:31:26,484 | INFO     | [086484] ------------------------------------------
2026-05-15 22:31:26,484 | INFO     | [086484] 📥 NHẬN YÊU CẦU QUÉT KHUÔN MẶT MỚI
2026-05-15 22:31:26,484 | INFO     | [086484] Đã xử lý ảnh thành công. Kích thước tensor: (1, 48, 48, 1)
2026-05-15 22:31:26,550 | INFO     | [086484] 📊 Chi tiết dự đoán: {'ANGRY': 4.41, 'DISGUST': 0.13, 'FEAR': 9.31, 'HAPPY': 12.11, 'NEUTRAL': 25.55, 'SAD': 46.69, 'SURPRISE': 1.8}
2026-05-15 22:31:26,551 | INFO     | [086484] 🎯 KẾT QUẢ CHỐT: SAD (46.69%)
2026-05-15 22:31:26,551 | INFO     | [086484] ⏱️ Thời gian phản hồi: 65.92 ms
2026-05-15 22:31:26,577 | INFO     | [086577] ------------------------------------------
2026-05-15 22:31:26,577 | INFO     | [086577] 📥 NHẬN YÊU CẦU QUÉT KHUÔN MẶT MỚI
2026-05-15 22:31:26,579 | INFO     | [086577] Đã xử lý ảnh thành công. Kích thước tensor: (1, 48, 48, 1)
2026-05-15 22:31:26,645 | INFO     | [086577] 📊 Chi tiết dự đoán: {'ANGRY': 4.42, 'DISGUST': 0.14, 'FEAR': 9.21, 'HAPPY': 11.67, 'NEUTRAL': 25.54, 'SAD': 47.2, 'SURPRISE': 1.81}
2026-05-15 22:31:26,645 | INFO     | [086577] 🎯 KẾT QUẢ CHỐT: SAD (47.20%)
2026-05-15 22:31:26,646 | INFO     | [086577] ⏱️ Thời gian phản hồi: 67.21 ms
2026-05-15 22:31:26,685 | INFO     | [086685] ------------------------------------------
2026-05-15 22:31:26,685 | INFO     | [086685] 📥 NHẬN YÊU CẦU QUÉT KHUÔN MẶT MỚI
2026-05-15 22:31:26,686 | INFO     | [086685] Đã xử lý ảnh thành công. Kích thước tensor: (1, 48, 48, 1)
2026-05-15 22:31:26,754 | INFO     | [086685] 📊 Chi tiết dự đoán: {'ANGRY': 5.06, 'DISGUST': 0.17, 'FEAR': 9.94, 'HAPPY': 11.38, 'NEUTRAL': 26.59, 'SAD': 44.86, 'SURPRISE': 2.01}
2026-05-15 22:31:26,754 | INFO     | [086685] 🎯 KẾT QUẢ CHỐT: SAD (44.86%)
2026-05-15 22:31:26,754 | INFO     | [086685] ⏱️ Thời gian phản hồi: 68.66 ms
2026-05-15 22:31:26,779 | INFO     | [086778] ------------------------------------------
2026-05-15 22:31:26,779 | INFO     | [086778] 📥 NHẬN YÊU CẦU QUÉT KHUÔN MẶT MỚI
2026-05-15 22:31:26,779 | INFO     | [086778] Đã xử lý ảnh thành công. Kích thước tensor: (1, 48, 48, 1)
2026-05-15 22:31:26,845 | INFO     | [086778] 📊 Chi tiết dự đoán: {'ANGRY': 4.62, 'DISGUST': 0.15, 'FEAR': 9.03, 'HAPPY': 9.39, 'NEUTRAL': 29.03, 'SAD': 45.59, 'SURPRISE': 2.18}
2026-05-15 22:31:26,845 | INFO     | [086778] 🎯 KẾT QUẢ CHỐT: SAD (45.59%)
2026-05-15 22:31:26,846 | INFO     | [086778] ⏱️ Thời gian phản hồi: 66.63 ms
2026-05-15 22:31:26,888 | INFO     | [086888] ------------------------------------------
2026-05-15 22:31:26,888 | INFO     | [086888] 📥 NHẬN YÊU CẦU QUÉT KHUÔN MẶT MỚI
2026-05-15 22:31:26,890 | INFO     | [086888] Đã xử lý ảnh thành công. Kích thước tensor: (1, 48, 48, 1)
2026-05-15 22:31:26,953 | INFO     | [086888] 📊 Chi tiết dự đoán: {'ANGRY': 4.52, 'DISGUST': 0.15, 'FEAR': 9.17, 'HAPPY': 12.07, 'NEUTRAL': 23.89, 'SAD': 48.59, 'SURPRISE': 1.59}
2026-05-15 22:31:26,953 | INFO     | [086888] 🎯 KẾT QUẢ CHỐT: SAD (48.59%)
2026-05-15 22:31:26,953 | INFO     | [086888] ⏱️ Thời gian phản hồi: 64.24 ms
2026-05-15 22:31:26,982 | INFO     | [086982] ------------------------------------------
2026-05-15 22:31:26,982 | INFO     | [086982] 📥 NHẬN YÊU CẦU QUÉT KHUÔN MẶT MỚI
2026-05-15 22:31:26,983 | INFO     | [086982] Đã xử lý ảnh thành công. Kích thước tensor: (1, 48, 48, 1)
2026-05-15 22:31:27,045 | INFO     | [086982] 📊 Chi tiết dự đoán: {'ANGRY': 4.39, 'DISGUST': 0.15, 'FEAR': 9.07, 'HAPPY': 11.21, 'NEUTRAL': 26.65, 'SAD': 46.77, 'SURPRISE': 1.76}
2026-05-15 22:31:27,045 | INFO     | [086982] 🎯 KẾT QUẢ CHỐT: SAD (46.77%)
2026-05-15 22:31:27,046 | INFO     | [086982] ⏱️ Thời gian phản hồi: 63.38 ms
2026-05-15 22:31:27,090 | INFO     | [087089] ------------------------------------------
2026-05-15 22:31:27,090 | INFO     | [087089] 📥 NHẬN YÊU CẦU QUÉT KHUÔN MẶT MỚI
2026-05-15 22:31:27,090 | INFO     | [087089] Đã xử lý ảnh thành công. Kích thước tensor: (1, 48, 48, 1)
2026-05-15 22:31:27,147 | INFO     | [087089] 📊 Chi tiết dự đoán: {'ANGRY': 4.43, 'DISGUST': 0.15, 'FEAR': 9.28, 'HAPPY': 11.01, 'NEUTRAL': 25.41, 'SAD': 48.02, 'SURPRISE': 1.7}
2026-05-15 22:31:27,147 | INFO     | [087089] 🎯 KẾT QUẢ CHỐT: SAD (48.02%)
2026-05-15 22:31:27,147 | INFO     | [087089] ⏱️ Thời gian phản hồi: 57.88 ms
2026-05-15 22:31:27,182 | INFO     | [087182] ------------------------------------------
2026-05-15 22:31:27,183 | INFO     | [087182] 📥 NHẬN YÊU CẦU QUÉT KHUÔN MẶT MỚI
2026-05-15 22:31:27,183 | INFO     | [087182] Đã xử lý ảnh thành công. Kích thước tensor: (1, 48, 48, 1)
2026-05-15 22:31:27,250 | INFO     | [087182] 📊 Chi tiết dự đoán: {'ANGRY': 4.17, 'DISGUST': 0.12, 'FEAR': 9.46, 'HAPPY': 9.14, 'NEUTRAL': 26.44, 'SAD': 49.05, 'SURPRISE': 1.62}
2026-05-15 22:31:27,250 | INFO     | [087182] 🎯 KẾT QUẢ CHỐT: SAD (49.05%)
2026-05-15 22:31:27,251 | INFO     | [087182] ⏱️ Thời gian phản hồi: 68.35 ms
2026-05-15 22:31:27,277 | INFO     | [087277] ------------------------------------------
2026-05-15 22:31:27,277 | INFO     | [087277] 📥 NHẬN YÊU CẦU QUÉT KHUÔN MẶT MỚI
2026-05-15 22:31:27,279 | INFO     | [087277] Đã xử lý ảnh thành công. Kích thước tensor: (1, 48, 48, 1)
2026-05-15 22:31:27,334 | INFO     | [087277] 📊 Chi tiết dự đoán: {'ANGRY': 4.28, 'DISGUST': 0.13, 'FEAR': 9.69, 'HAPPY': 10.25, 'NEUTRAL': 24.2, 'SAD': 49.74, 'SURPRISE': 1.71}
2026-05-15 22:31:27,334 | INFO     | [087277] 🎯 KẾT QUẢ CHỐT: SAD (49.74%)
2026-05-15 22:31:27,334 | INFO     | [087277] ⏱️ Thời gian phản hồi: 56.88 ms
2026-05-15 22:31:27,387 | INFO     | [087387] ------------------------------------------
2026-05-15 22:31:27,387 | INFO     | [087387] 📥 NHẬN YÊU CẦU QUÉT KHUÔN MẶT MỚI
2026-05-15 22:31:27,387 | INFO     | [087387] Đã xử lý ảnh thành công. Kích thước tensor: (1, 48, 48, 1)
2026-05-15 22:31:27,467 | INFO     | [087387] 📊 Chi tiết dự đoán: {'ANGRY': 4.93, 'DISGUST': 0.14, 'FEAR': 9.34, 'HAPPY': 8.71, 'NEUTRAL': 27.72, 'SAD': 47.19, 'SURPRISE': 1.96}
2026-05-15 22:31:27,468 | INFO     | [087387] 🎯 KẾT QUẢ CHỐT: SAD (47.19%)
2026-05-15 22:31:27,468 | INFO     | [087387] ⏱️ Thời gian phản hồi: 79.58 ms
2026-05-15 22:31:27,481 | INFO     | [087481] ------------------------------------------
2026-05-15 22:31:27,482 | INFO     | [087481] 📥 NHẬN YÊU CẦU QUÉT KHUÔN MẶT MỚI
2026-05-15 22:31:27,482 | INFO     | [087481] Đã xử lý ảnh thành công. Kích thước tensor: (1, 48, 48, 1)
2026-05-15 22:31:27,564 | INFO     | [087481] 📊 Chi tiết dự đoán: {'ANGRY': 4.54, 'DISGUST': 0.12, 'FEAR': 8.98, 'HAPPY': 12.16, 'NEUTRAL': 26.53, 'SAD': 46.06, 'SURPRISE': 1.62}
2026-05-15 22:31:27,564 | INFO     | [087481] 🎯 KẾT QUẢ CHỐT: SAD (46.06%)
2026-05-15 22:31:27,565 | INFO     | [087481] ⏱️ Thời gian phản hồi: 82.7 ms
2026-05-15 22:31:27,590 | INFO     | [087590] ------------------------------------------
2026-05-15 22:31:27,590 | INFO     | [087590] 📥 NHẬN YÊU CẦU QUÉT KHUÔN MẶT MỚI
2026-05-15 22:31:27,592 | INFO     | [087590] Đã xử lý ảnh thành công. Kích thước tensor: (1, 48, 48, 1)
2026-05-15 22:31:27,674 | INFO     | [087590] 📊 Chi tiết dự đoán: {'ANGRY': 4.72, 'DISGUST': 0.12, 'FEAR': 9.2, 'HAPPY': 9.69, 'NEUTRAL': 28.7, 'SAD': 45.93, 'SURPRISE': 1.65}
2026-05-15 22:31:27,674 | INFO     | [087590] 🎯 KẾT QUẢ CHỐT: SAD (45.93%)
2026-05-15 22:31:27,674 | INFO     | [087590] ⏱️ Thời gian phản hồi: 83.62 ms
2026-05-15 22:31:27,688 | INFO     | [087688] ------------------------------------------
2026-05-15 22:31:27,689 | INFO     | [087688] 📥 NHẬN YÊU CẦU QUÉT KHUÔN MẶT MỚI
2026-05-15 22:31:27,690 | INFO     | [087688] Đã xử lý ảnh thành công. Kích thước tensor: (1, 48, 48, 1)
2026-05-15 22:31:27,768 | INFO     | [087688] 📊 Chi tiết dự đoán: {'ANGRY': 4.33, 'DISGUST': 0.15, 'FEAR': 8.97, 'HAPPY': 13.9, 'NEUTRAL': 25.05, 'SAD': 45.92, 'SURPRISE': 1.69}
2026-05-15 22:31:27,768 | INFO     | [087688] 🎯 KẾT QUẢ CHỐT: SAD (45.92%)
2026-05-15 22:31:27,768 | INFO     | [087688] ⏱️ Thời gian phản hồi: 80.67 ms
2026-05-15 22:31:27,782 | INFO     | [087782] ------------------------------------------
2026-05-15 22:31:27,782 | INFO     | [087782] 📥 NHẬN YÊU CẦU QUÉT KHUÔN MẶT MỚI
2026-05-15 22:31:27,782 | INFO     | [087782] Đã xử lý ảnh thành công. Kích thước tensor: (1, 48, 48, 1)
2026-05-15 22:31:27,861 | INFO     | [087782] 📊 Chi tiết dự đoán: {'ANGRY': 4.6, 'DISGUST': 0.12, 'FEAR': 9.62, 'HAPPY': 9.62, 'NEUTRAL': 26.29, 'SAD': 48.06, 'SURPRISE': 1.69}
2026-05-15 22:31:27,862 | INFO     | [087782] 🎯 KẾT QUẢ CHỐT: SAD (48.06%)
2026-05-15 22:31:27,862 | INFO     | [087782] ⏱️ Thời gian phản hồi: 78.58 ms
2026-05-15 22:31:27,875 | INFO     | [087875] ------------------------------------------
2026-05-15 22:31:27,875 | INFO     | [087875] 📥 NHẬN YÊU CẦU QUÉT KHUÔN MẶT MỚI
2026-05-15 22:31:27,876 | INFO     | [087875] Đã xử lý ảnh thành công. Kích thước tensor: (1, 48, 48, 1)
2026-05-15 22:31:27,949 | INFO     | [087875] 📊 Chi tiết dự đoán: {'ANGRY': 4.28, 'DISGUST': 0.13, 'FEAR': 10.0, 'HAPPY': 11.95, 'NEUTRAL': 24.67, 'SAD': 47.17, 'SURPRISE': 1.79}
2026-05-15 22:31:27,949 | INFO     | [087875] 🎯 KẾT QUẢ CHỐT: SAD (47.17%)
2026-05-15 22:31:27,949 | INFO     | [087875] ⏱️ Thời gian phản hồi: 73.95 ms
2026-05-15 22:31:27,986 | INFO     | [087986] ------------------------------------------
2026-05-15 22:31:27,986 | INFO     | [087986] 📥 NHẬN YÊU CẦU QUÉT KHUÔN MẶT MỚI
2026-05-15 22:31:27,987 | INFO     | [087986] Đã xử lý ảnh thành công. Kích thước tensor: (1, 48, 48, 1)
2026-05-15 22:31:28,047 | INFO     | [087986] 📊 Chi tiết dự đoán: {'ANGRY': 3.9, 'DISGUST': 0.13, 'FEAR': 9.74, 'HAPPY': 15.25, 'NEUTRAL': 22.99, 'SAD': 46.28, 'SURPRISE': 1.72}
2026-05-15 22:31:28,047 | INFO     | [087986] 🎯 KẾT QUẢ CHỐT: SAD (46.28%)
2026-05-15 22:31:28,047 | INFO     | [087986] ⏱️ Thời gian phản hồi: 61.0 ms
2026-05-15 22:31:28,082 | INFO     | [088082] ------------------------------------------
2026-05-15 22:31:28,082 | INFO     | [088082] 📥 NHẬN YÊU CẦU QUÉT KHUÔN MẶT MỚI
2026-05-15 22:31:28,083 | INFO     | [088082] Đã xử lý ảnh thành công. Kích thước tensor: (1, 48, 48, 1)
2026-05-15 22:31:28,161 | INFO     | [088082] 📊 Chi tiết dự đoán: {'ANGRY': 3.74, 'DISGUST': 0.11, 'FEAR': 9.6, 'HAPPY': 11.36, 'NEUTRAL': 25.81, 'SAD': 47.69, 'SURPRISE': 1.69}
2026-05-15 22:31:28,161 | INFO     | [088082] 🎯 KẾT QUẢ CHỐT: SAD (47.69%)
2026-05-15 22:31:28,162 | INFO     | [088082] ⏱️ Thời gian phản hồi: 78.46 ms
2026-05-15 22:31:28,191 | INFO     | [088191] ------------------------------------------
2026-05-15 22:31:28,191 | INFO     | [088191] 📥 NHẬN YÊU CẦU QUÉT KHUÔN MẶT MỚI
2026-05-15 22:31:28,191 | INFO     | [088191] Đã xử lý ảnh thành công. Kích thước tensor: (1, 48, 48, 1)
2026-05-15 22:31:28,262 | INFO     | [088191] 📊 Chi tiết dự đoán: {'ANGRY': 4.2, 'DISGUST': 0.14, 'FEAR': 9.76, 'HAPPY': 12.51, 'NEUTRAL': 23.84, 'SAD': 47.87, 'SURPRISE': 1.69}
2026-05-15 22:31:28,262 | INFO     | [088191] 🎯 KẾT QUẢ CHỐT: SAD (47.87%)
2026-05-15 22:31:28,262 | INFO     | [088191] ⏱️ Thời gian phản hồi: 71.13 ms
2026-05-15 22:31:28,299 | INFO     | [088299] ------------------------------------------
2026-05-15 22:31:28,299 | INFO     | [088299] 📥 NHẬN YÊU CẦU QUÉT KHUÔN MẶT MỚI
2026-05-15 22:31:28,299 | INFO     | [088299] Đã xử lý ảnh thành công. Kích thước tensor: (1, 48, 48, 1)
2026-05-15 22:31:28,352 | INFO     | [088299] 📊 Chi tiết dự đoán: {'ANGRY': 3.51, 'DISGUST': 0.09, 'FEAR': 9.45, 'HAPPY': 10.98, 'NEUTRAL': 25.27, 'SAD': 49.33, 'SURPRISE': 1.37}
2026-05-15 22:31:28,352 | INFO     | [088299] 🎯 KẾT QUẢ CHỐT: SAD (49.33%)
2026-05-15 22:31:28,353 | INFO     | [088299] ⏱️ Thời gian phản hồi: 52.6 ms
2026-05-15 22:31:28,377 | INFO     | [088377] ------------------------------------------
2026-05-15 22:31:28,379 | INFO     | [088377] 📥 NHẬN YÊU CẦU QUÉT KHUÔN MẶT MỚI
2026-05-15 22:31:28,379 | INFO     | [088377] Đã xử lý ảnh thành công. Kích thước tensor: (1, 48, 48, 1)
2026-05-15 22:31:28,432 | INFO     | [088377] 📊 Chi tiết dự đoán: {'ANGRY': 4.08, 'DISGUST': 0.12, 'FEAR': 9.73, 'HAPPY': 11.76, 'NEUTRAL': 24.02, 'SAD': 48.7, 'SURPRISE': 1.58}
2026-05-15 22:31:28,432 | INFO     | [088377] 🎯 KẾT QUẢ CHỐT: SAD (48.70%)
2026-05-15 22:31:28,432 | INFO     | [088377] ⏱️ Thời gian phản hồi: 55.72 ms
2026-05-15 22:31:28,489 | INFO     | [088489] ------------------------------------------
2026-05-15 22:31:28,489 | INFO     | [088489] 📥 NHẬN YÊU CẦU QUÉT KHUÔN MẶT MỚI
2026-05-15 22:31:28,490 | INFO     | [088489] Đã xử lý ảnh thành công. Kích thước tensor: (1, 48, 48, 1)
2026-05-15 22:31:28,552 | INFO     | [088489] 📊 Chi tiết dự đoán: {'ANGRY': 4.39, 'DISGUST': 0.12, 'FEAR': 9.84, 'HAPPY': 12.52, 'NEUTRAL': 23.31, 'SAD': 48.11, 'SURPRISE': 1.71}
2026-05-15 22:31:28,552 | INFO     | [088489] 🎯 KẾT QUẢ CHỐT: SAD (48.11%)
2026-05-15 22:31:28,552 | INFO     | [088489] ⏱️ Thời gian phản hồi: 62.55 ms
2026-05-15 22:31:28,598 | INFO     | [088598] ------------------------------------------
2026-05-15 22:31:28,598 | INFO     | [088598] 📥 NHẬN YÊU CẦU QUÉT KHUÔN MẶT MỚI
2026-05-15 22:31:28,599 | INFO     | [088598] Đã xử lý ảnh thành công. Kích thước tensor: (1, 48, 48, 1)
2026-05-15 22:31:28,655 | INFO     | [088598] 📊 Chi tiết dự đoán: {'ANGRY': 3.95, 'DISGUST': 0.14, 'FEAR': 9.72, 'HAPPY': 15.45, 'NEUTRAL': 22.58, 'SAD': 46.53, 'SURPRISE': 1.64}
2026-05-15 22:31:28,655 | INFO     | [088598] 🎯 KẾT QUẢ CHỐT: SAD (46.53%)
2026-05-15 22:31:28,655 | INFO     | [088598] ⏱️ Thời gian phản hồi: 57.13 ms
2026-05-15 22:31:28,693 | INFO     | [088693] ------------------------------------------
2026-05-15 22:31:28,694 | INFO     | [088693] 📥 NHẬN YÊU CẦU QUÉT KHUÔN MẶT MỚI
2026-05-15 22:31:28,694 | INFO     | [088693] Đã xử lý ảnh thành công. Kích thước tensor: (1, 48, 48, 1)
2026-05-15 22:31:28,747 | INFO     | [088693] 📊 Chi tiết dự đoán: {'ANGRY': 3.57, 'DISGUST': 0.11, 'FEAR': 9.29, 'HAPPY': 10.02, 'NEUTRAL': 24.14, 'SAD': 51.43, 'SURPRISE': 1.45}
2026-05-15 22:31:28,749 | INFO     | [088693] 🎯 KẾT QUẢ CHỐT: SAD (51.43%)
2026-05-15 22:31:28,749 | INFO     | [088693] ⏱️ Thời gian phản hồi: 53.69 ms
2026-05-15 22:31:28,788 | INFO     | [088788] ------------------------------------------
2026-05-15 22:31:28,788 | INFO     | [088788] 📥 NHẬN YÊU CẦU QUÉT KHUÔN MẶT MỚI
2026-05-15 22:31:28,789 | INFO     | [088788] Đã xử lý ảnh thành công. Kích thước tensor: (1, 48, 48, 1)
2026-05-15 22:31:28,845 | INFO     | [088788] 📊 Chi tiết dự đoán: {'ANGRY': 3.73, 'DISGUST': 0.09, 'FEAR': 9.75, 'HAPPY': 13.83, 'NEUTRAL': 25.05, 'SAD': 45.78, 'SURPRISE': 1.77}
2026-05-15 22:31:28,845 | INFO     | [088788] 🎯 KẾT QUẢ CHỐT: SAD (45.78%)
2026-05-15 22:31:28,845 | INFO     | [088788] ⏱️ Thời gian phản hồi: 56.96 ms
2026-05-15 22:31:28,883 | INFO     | [088883] ------------------------------------------
2026-05-15 22:31:28,884 | INFO     | [088883] 📥 NHẬN YÊU CẦU QUÉT KHUÔN MẶT MỚI
2026-05-15 22:31:28,884 | INFO     | [088883] Đã xử lý ảnh thành công. Kích thước tensor: (1, 48, 48, 1)
2026-05-15 22:31:28,941 | INFO     | [088883] 📊 Chi tiết dự đoán: {'ANGRY': 3.68, 'DISGUST': 0.12, 'FEAR': 8.87, 'HAPPY': 13.25, 'NEUTRAL': 25.22, 'SAD': 47.24, 'SURPRISE': 1.62}
2026-05-15 22:31:28,941 | INFO     | [088883] 🎯 KẾT QUẢ CHỐT: SAD (47.24%)
2026-05-15 22:31:28,942 | INFO     | [088883] ⏱️ Thời gian phản hồi: 58.06 ms
2026-05-15 22:31:28,993 | INFO     | [088993] ------------------------------------------
2026-05-15 22:31:28,993 | INFO     | [088993] 📥 NHẬN YÊU CẦU QUÉT KHUÔN MẶT MỚI
2026-05-15 22:31:28,993 | INFO     | [088993] Đã xử lý ảnh thành công. Kích thước tensor: (1, 48, 48, 1)
2026-05-15 22:31:29,057 | INFO     | [088993] 📊 Chi tiết dự đoán: {'ANGRY': 3.65, 'DISGUST': 0.1, 'FEAR': 9.49, 'HAPPY': 10.47, 'NEUTRAL': 25.41, 'SAD': 49.45, 'SURPRISE': 1.42}
2026-05-15 22:31:29,057 | INFO     | [088993] 🎯 KẾT QUẢ CHỐT: SAD (49.45%)
2026-05-15 22:31:29,057 | INFO     | [088993] ⏱️ Thời gian phản hồi: 64.29 ms
2026-05-15 22:31:29,086 | INFO     | [089086] ------------------------------------------
2026-05-15 22:31:29,086 | INFO     | [089086] 📥 NHẬN YÊU CẦU QUÉT KHUÔN MẶT MỚI
2026-05-15 22:31:29,088 | INFO     | [089086] Đã xử lý ảnh thành công. Kích thước tensor: (1, 48, 48, 1)
2026-05-15 22:31:29,181 | INFO     | [089086] 📊 Chi tiết dự đoán: {'ANGRY': 4.04, 'DISGUST': 0.11, 'FEAR': 10.36, 'HAPPY': 10.17, 'NEUTRAL': 25.31, 'SAD': 48.28, 'SURPRISE': 1.73}
2026-05-15 22:31:29,182 | INFO     | [089086] 🎯 KẾT QUẢ CHỐT: SAD (48.28%)
2026-05-15 22:31:29,182 | INFO     | [089086] ⏱️ Thời gian phản hồi: 95.22 ms
2026-05-15 22:31:29,185 | INFO     | [089185] ------------------------------------------
2026-05-15 22:31:29,185 | INFO     | [089185] 📥 NHẬN YÊU CẦU QUÉT KHUÔN MẶT MỚI
2026-05-15 22:31:29,186 | INFO     | [089185] Đã xử lý ảnh thành công. Kích thước tensor: (1, 48, 48, 1)
2026-05-15 22:31:29,274 | INFO     | [089185] 📊 Chi tiết dự đoán: {'ANGRY': 3.72, 'DISGUST': 0.11, 'FEAR': 10.31, 'HAPPY': 11.03, 'NEUTRAL': 24.74, 'SAD': 48.64, 'SURPRISE': 1.44}
2026-05-15 22:31:29,274 | INFO     | [089185] 🎯 KẾT QUẢ CHỐT: SAD (48.64%)
2026-05-15 22:31:29,275 | INFO     | [089185] ⏱️ Thời gian phản hồi: 89.66 ms
2026-05-15 22:31:29,289 | INFO     | [089289] ------------------------------------------
2026-05-15 22:31:29,289 | INFO     | [089289] 📥 NHẬN YÊU CẦU QUÉT KHUÔN MẶT MỚI
2026-05-15 22:31:29,290 | INFO     | [089289] Đã xử lý ảnh thành công. Kích thước tensor: (1, 48, 48, 1)
2026-05-15 22:31:29,362 | INFO     | [089289] 📊 Chi tiết dự đoán: {'ANGRY': 3.52, 'DISGUST': 0.11, 'FEAR': 9.95, 'HAPPY': 13.25, 'NEUTRAL': 25.15, 'SAD': 46.27, 'SURPRISE': 1.74}
2026-05-15 22:31:29,363 | INFO     | [089289] 🎯 KẾT QUẢ CHỐT: SAD (46.27%)
2026-05-15 22:31:29,363 | INFO     | [089289] ⏱️ Thời gian phản hồi: 73.57 ms
2026-05-15 22:31:29,397 | INFO     | [089397] ------------------------------------------
2026-05-15 22:31:29,397 | INFO     | [089397] 📥 NHẬN YÊU CẦU QUÉT KHUÔN MẶT MỚI
2026-05-15 22:31:29,399 | INFO     | [089397] Đã xử lý ảnh thành công. Kích thước tensor: (1, 48, 48, 1)
2026-05-15 22:31:29,470 | INFO     | [089397] 📊 Chi tiết dự đoán: {'ANGRY': 4.35, 'DISGUST': 0.12, 'FEAR': 8.67, 'HAPPY': 11.14, 'NEUTRAL': 28.01, 'SAD': 46.06, 'SURPRISE': 1.65}
2026-05-15 22:31:29,470 | INFO     | [089397] 🎯 KẾT QUẢ CHỐT: SAD (46.06%)
2026-05-15 22:31:29,470 | INFO     | [089397] ⏱️ Thời gian phản hồi: 72.92 ms
2026-05-15 22:31:29,476 | INFO     | [089476] ------------------------------------------
2026-05-15 22:31:29,476 | INFO     | [089476] 📥 NHẬN YÊU CẦU QUÉT KHUÔN MẶT MỚI
2026-05-15 22:31:29,476 | INFO     | [089476] Đã xử lý ảnh thành công. Kích thước tensor: (1, 48, 48, 1)
2026-05-15 22:31:29,546 | INFO     | [089476] 📊 Chi tiết dự đoán: {'ANGRY': 4.8, 'DISGUST': 0.11, 'FEAR': 9.37, 'HAPPY': 10.0, 'NEUTRAL': 26.27, 'SAD': 47.87, 'SURPRISE': 1.58}
2026-05-15 22:31:29,546 | INFO     | [089476] 🎯 KẾT QUẢ CHỐT: SAD (47.87%)
2026-05-15 22:31:29,546 | INFO     | [089476] ⏱️ Thời gian phản hồi: 70.02 ms
2026-05-15 22:31:29,598 | INFO     | [089598] ------------------------------------------
2026-05-15 22:31:29,598 | INFO     | [089598] 📥 NHẬN YÊU CẦU QUÉT KHUÔN MẶT MỚI
2026-05-15 22:31:29,600 | INFO     | [089598] Đã xử lý ảnh thành công. Kích thước tensor: (1, 48, 48, 1)
2026-05-15 22:31:29,679 | INFO     | [089598] 📊 Chi tiết dự đoán: {'ANGRY': 4.89, 'DISGUST': 0.13, 'FEAR': 10.29, 'HAPPY': 11.43, 'NEUTRAL': 25.53, 'SAD': 45.98, 'SURPRISE': 1.75}
2026-05-15 22:31:29,679 | INFO     | [089598] 🎯 KẾT QUẢ CHỐT: SAD (45.98%)
2026-05-15 22:31:29,679 | INFO     | [089598] ⏱️ Thời gian phản hồi: 81.0 ms
2026-05-15 22:31:29,682 | INFO     | [089682] ------------------------------------------
2026-05-15 22:31:29,682 | INFO     | [089682] 📥 NHẬN YÊU CẦU QUÉT KHUÔN MẶT MỚI
2026-05-15 22:31:29,684 | INFO     | [089682] Đã xử lý ảnh thành công. Kích thước tensor: (1, 48, 48, 1)
2026-05-15 22:31:29,762 | INFO     | [089682] 📊 Chi tiết dự đoán: {'ANGRY': 4.94, 'DISGUST': 0.12, 'FEAR': 10.04, 'HAPPY': 11.05, 'NEUTRAL': 28.25, 'SAD': 43.83, 'SURPRISE': 1.77}
2026-05-15 22:31:29,762 | INFO     | [089682] 🎯 KẾT QUẢ CHỐT: SAD (43.83%)
2026-05-15 22:31:29,762 | INFO     | [089682] ⏱️ Thời gian phản hồi: 79.88 ms
2026-05-15 22:31:29,787 | INFO     | [089787] ------------------------------------------
2026-05-15 22:31:29,787 | INFO     | [089787] 📥 NHẬN YÊU CẦU QUÉT KHUÔN MẶT MỚI
2026-05-15 22:31:29,789 | INFO     | [089787] Đã xử lý ảnh thành công. Kích thước tensor: (1, 48, 48, 1)
2026-05-15 22:31:29,863 | INFO     | [089787] 📊 Chi tiết dự đoán: {'ANGRY': 4.95, 'DISGUST': 0.12, 'FEAR': 10.3, 'HAPPY': 9.51, 'NEUTRAL': 27.66, 'SAD': 45.56, 'SURPRISE': 1.89}
2026-05-15 22:31:29,865 | INFO     | [089787] 🎯 KẾT QUẢ CHỐT: SAD (45.56%)
2026-05-15 22:31:29,865 | INFO     | [089787] ⏱️ Thời gian phản hồi: 76.34 ms
2026-05-15 22:31:29,895 | INFO     | [089895] ------------------------------------------
2026-05-15 22:31:29,895 | INFO     | [089895] 📥 NHẬN YÊU CẦU QUÉT KHUÔN MẶT MỚI
2026-05-15 22:31:29,896 | INFO     | [089895] Đã xử lý ảnh thành công. Kích thước tensor: (1, 48, 48, 1)
2026-05-15 22:31:29,968 | INFO     | [089895] 📊 Chi tiết dự đoán: {'ANGRY': 4.8, 'DISGUST': 0.15, 'FEAR': 9.18, 'HAPPY': 12.5, 'NEUTRAL': 25.67, 'SAD': 45.91, 'SURPRISE': 1.79}
2026-05-15 22:31:29,968 | INFO     | [089895] 🎯 KẾT QUẢ CHỐT: SAD (45.91%)
2026-05-15 22:31:29,968 | INFO     | [089895] ⏱️ Thời gian phản hồi: 73.67 ms
2026-05-15 22:31:29,987 | INFO     | [089987] ------------------------------------------
2026-05-15 22:31:29,987 | INFO     | [089987] 📥 NHẬN YÊU CẦU QUÉT KHUÔN MẶT MỚI
2026-05-15 22:31:29,989 | INFO     | [089987] Đã xử lý ảnh thành công. Kích thước tensor: (1, 48, 48, 1)
2026-05-15 22:31:30,061 | INFO     | [089987] 📊 Chi tiết dự đoán: {'ANGRY': 4.59, 'DISGUST': 0.13, 'FEAR': 9.12, 'HAPPY': 12.87, 'NEUTRAL': 25.29, 'SAD': 46.48, 'SURPRISE': 1.53}
2026-05-15 22:31:30,061 | INFO     | [089987] 🎯 KẾT QUẢ CHỐT: SAD (46.48%)
2026-05-15 22:31:30,062 | INFO     | [089987] ⏱️ Thời gian phản hồi: 74.18 ms
2026-05-15 22:31:30,080 | INFO     | [090080] ------------------------------------------
2026-05-15 22:31:30,080 | INFO     | [090080] 📥 NHẬN YÊU CẦU QUÉT KHUÔN MẶT MỚI
2026-05-15 22:31:30,081 | INFO     | [090080] Đã xử lý ảnh thành công. Kích thước tensor: (1, 48, 48, 1)
2026-05-15 22:31:30,134 | INFO     | [090080] 📊 Chi tiết dự đoán: {'ANGRY': 4.57, 'DISGUST': 0.12, 'FEAR': 9.17, 'HAPPY': 11.76, 'NEUTRAL': 25.3, 'SAD': 47.47, 'SURPRISE': 1.61}
2026-05-15 22:31:30,135 | INFO     | [090080] 🎯 KẾT QUẢ CHỐT: SAD (47.47%)
2026-05-15 22:31:30,135 | INFO     | [090080] ⏱️ Thời gian phản hồi: 54.06 ms
2026-05-15 22:31:30,189 | INFO     | [090189] ------------------------------------------
2026-05-15 22:31:30,190 | INFO     | [090189] 📥 NHẬN YÊU CẦU QUÉT KHUÔN MẶT MỚI
2026-05-15 22:31:30,190 | INFO     | [090189] Đã xử lý ảnh thành công. Kích thước tensor: (1, 48, 48, 1)
2026-05-15 22:31:30,254 | INFO     | [090189] 📊 Chi tiết dự đoán: {'ANGRY': 4.76, 'DISGUST': 0.11, 'FEAR': 9.77, 'HAPPY': 10.69, 'NEUTRAL': 25.95, 'SAD': 47.15, 'SURPRISE': 1.57}
2026-05-15 22:31:30,255 | INFO     | [090189] 🎯 KẾT QUẢ CHỐT: SAD (47.15%)
2026-05-15 22:31:30,255 | INFO     | [090189] ⏱️ Thời gian phản hồi: 64.8 ms
2026-05-15 22:31:30,283 | INFO     | [090283] ------------------------------------------
2026-05-15 22:31:30,283 | INFO     | [090283] 📥 NHẬN YÊU CẦU QUÉT KHUÔN MẶT MỚI
2026-05-15 22:31:30,284 | INFO     | [090283] Đã xử lý ảnh thành công. Kích thước tensor: (1, 48, 48, 1)
2026-05-15 22:31:30,354 | INFO     | [090283] 📊 Chi tiết dự đoán: {'ANGRY': 4.57, 'DISGUST': 0.12, 'FEAR': 8.97, 'HAPPY': 14.77, 'NEUTRAL': 24.45, 'SAD': 45.88, 'SURPRISE': 1.25}
2026-05-15 22:31:30,354 | INFO     | [090283] 🎯 KẾT QUẢ CHỐT: SAD (45.88%)
2026-05-15 22:31:30,354 | INFO     | [090283] ⏱️ Thời gian phản hồi: 71.38 ms
2026-05-15 22:31:30,376 | INFO     | [090376] ------------------------------------------
2026-05-15 22:31:30,378 | INFO     | [090376] 📥 NHẬN YÊU CẦU QUÉT KHUÔN MẶT MỚI
2026-05-15 22:31:30,378 | INFO     | [090376] Đã xử lý ảnh thành công. Kích thước tensor: (1, 48, 48, 1)
2026-05-15 22:31:30,447 | INFO     | [090376] 📊 Chi tiết dự đoán: {'ANGRY': 4.72, 'DISGUST': 0.14, 'FEAR': 9.75, 'HAPPY': 10.86, 'NEUTRAL': 25.07, 'SAD': 47.93, 'SURPRISE': 1.52}
2026-05-15 22:31:30,448 | INFO     | [090376] 🎯 KẾT QUẢ CHỐT: SAD (47.93%)
2026-05-15 22:31:30,448 | INFO     | [090376] ⏱️ Thời gian phản hồi: 70.29 ms
2026-05-15 22:31:30,482 | INFO     | [BATCH-090482] ==========================================
2026-05-15 22:31:30,482 | INFO     | [BATCH-090482] 🎞️ NHẬN CHUỖI 60 KHUNG HÌNH (BATCH)
2026-05-15 22:31:30,556 | INFO     | [BATCH-090482] ↳ Frame 1/60: SAD (48.1%)
2026-05-15 22:31:30,644 | INFO     | [BATCH-090482] ↳ Frame 2/60: SAD (50.1%)
2026-05-15 22:31:30,736 | INFO     | [BATCH-090482] ↳ Frame 3/60: SAD (48.0%)
2026-05-15 22:31:30,824 | INFO     | [BATCH-090482] ↳ Frame 4/60: SAD (50.8%)
2026-05-15 22:31:30,921 | INFO     | [BATCH-090482] ↳ Frame 5/60: SAD (48.7%)
2026-05-15 22:31:31,010 | INFO     | [BATCH-090482] ↳ Frame 6/60: SAD (50.3%)
2026-05-15 22:31:31,104 | INFO     | [BATCH-090482] ↳ Frame 7/60: SAD (44.7%)
2026-05-15 22:31:31,185 | INFO     | [BATCH-090482] ↳ Frame 8/60: SAD (48.0%)
2026-05-15 22:31:31,284 | INFO     | [BATCH-090482] ↳ Frame 9/60: SAD (54.6%)
2026-05-15 22:31:31,380 | INFO     | [BATCH-090482] ↳ Frame 10/60: SAD (50.4%)
2026-05-15 22:31:31,462 | INFO     | [BATCH-090482] ↳ Frame 11/60: SAD (47.1%)
2026-05-15 22:31:31,525 | INFO     | [BATCH-090482] ↳ Frame 12/60: SAD (47.2%)
2026-05-15 22:31:31,583 | INFO     | [BATCH-090482] ↳ Frame 13/60: SAD (48.2%)
2026-05-15 22:31:31,642 | INFO     | [BATCH-090482] ↳ Frame 14/60: SAD (51.2%)
2026-05-15 22:31:31,704 | INFO     | [BATCH-090482] ↳ Frame 15/60: SAD (50.0%)
2026-05-15 22:31:31,762 | INFO     | [BATCH-090482] ↳ Frame 16/60: SAD (42.2%)
2026-05-15 22:31:31,817 | INFO     | [BATCH-090482] ↳ Frame 17/60: SAD (41.5%)
2026-05-15 22:31:31,874 | INFO     | [BATCH-090482] ↳ Frame 18/60: SAD (49.1%)
2026-05-15 22:31:31,932 | INFO     | [BATCH-090482] ↳ Frame 19/60: SAD (48.4%)
2026-05-15 22:31:31,993 | INFO     | [BATCH-090482] ↳ Frame 20/60: SAD (48.9%)
2026-05-15 22:31:32,060 | INFO     | [BATCH-090482] ↳ Frame 21/60: SAD (44.0%)
2026-05-15 22:31:32,134 | INFO     | [BATCH-090482] ↳ Frame 22/60: SAD (44.5%)
2026-05-15 22:31:32,205 | INFO     | [BATCH-090482] ↳ Frame 23/60: SAD (49.1%)
2026-05-15 22:31:32,269 | INFO     | [BATCH-090482] ↳ Frame 24/60: SAD (53.8%)
2026-05-15 22:31:32,332 | INFO     | [BATCH-090482] ↳ Frame 25/60: SAD (48.9%)
2026-05-15 22:31:32,398 | INFO     | [BATCH-090482] ↳ Frame 26/60: SAD (46.0%)
2026-05-15 22:31:32,462 | INFO     | [BATCH-090482] ↳ Frame 27/60: SAD (47.8%)
2026-05-15 22:31:32,522 | INFO     | [BATCH-090482] ↳ Frame 28/60: SAD (50.0%)
2026-05-15 22:31:32,581 | INFO     | [BATCH-090482] ↳ Frame 29/60: SAD (53.9%)
2026-05-15 22:31:32,637 | INFO     | [BATCH-090482] ↳ Frame 30/60: SAD (46.1%)
2026-05-15 22:31:32,694 | INFO     | [BATCH-090482] ↳ Frame 31/60: SAD (47.9%)
2026-05-15 22:31:32,755 | INFO     | [BATCH-090482] ↳ Frame 32/60: SAD (56.4%)
2026-05-15 22:31:32,818 | INFO     | [BATCH-090482] ↳ Frame 33/60: SAD (50.1%)
2026-05-15 22:31:32,890 | INFO     | [BATCH-090482] ↳ Frame 34/60: SAD (49.7%)
2026-05-15 22:31:32,948 | INFO     | [BATCH-090482] ↳ Frame 35/60: SAD (47.3%)
2026-05-15 22:31:33,003 | INFO     | [BATCH-090482] ↳ Frame 36/60: SAD (49.6%)
2026-05-15 22:31:33,055 | INFO     | [BATCH-090482] ↳ Frame 37/60: SAD (53.4%)
2026-05-15 22:31:33,113 | INFO     | [BATCH-090482] ↳ Frame 38/60: SAD (48.5%)
2026-05-15 22:31:33,164 | INFO     | [BATCH-090482] ↳ Frame 39/60: SAD (50.4%)
2026-05-15 22:31:33,216 | INFO     | [BATCH-090482] ↳ Frame 40/60: SAD (47.4%)
2026-05-15 22:31:33,280 | INFO     | [BATCH-090482] ↳ Frame 41/60: SAD (49.9%)
2026-05-15 22:31:33,343 | INFO     | [BATCH-090482] ↳ Frame 42/60: SAD (47.1%)
2026-05-15 22:31:33,405 | INFO     | [BATCH-090482] ↳ Frame 43/60: SAD (45.0%)
2026-05-15 22:31:33,456 | INFO     | [BATCH-090482] ↳ Frame 44/60: SAD (46.5%)
2026-05-15 22:31:33,510 | INFO     | [BATCH-090482] ↳ Frame 45/60: SAD (46.3%)
2026-05-15 22:31:33,562 | INFO     | [BATCH-090482] ↳ Frame 46/60: SAD (47.8%)
2026-05-15 22:31:33,627 | INFO     | [BATCH-090482] ↳ Frame 47/60: SAD (44.6%)
2026-05-15 22:31:33,685 | INFO     | [BATCH-090482] ↳ Frame 48/60: SAD (46.8%)
2026-05-15 22:31:33,740 | INFO     | [BATCH-090482] ↳ Frame 49/60: SAD (45.6%)
2026-05-15 22:31:33,791 | INFO     | [BATCH-090482] ↳ Frame 50/60: SAD (45.6%)
2026-05-15 22:31:33,859 | INFO     | [BATCH-090482] ↳ Frame 51/60: SAD (45.7%)
2026-05-15 22:31:33,932 | INFO     | [BATCH-090482] ↳ Frame 52/60: SAD (48.6%)
2026-05-15 22:31:33,992 | INFO     | [BATCH-090482] ↳ Frame 53/60: SAD (47.3%)
2026-05-15 22:31:34,050 | INFO     | [BATCH-090482] ↳ Frame 54/60: SAD (46.4%)
2026-05-15 22:31:34,110 | INFO     | [BATCH-090482] ↳ Frame 55/60: SAD (50.2%)
2026-05-15 22:31:34,178 | INFO     | [BATCH-090482] ↳ Frame 56/60: SAD (47.2%)
2026-05-15 22:31:34,235 | INFO     | [BATCH-090482] ↳ Frame 57/60: SAD (47.7%)
2026-05-15 22:31:34,287 | INFO     | [BATCH-090482] ↳ Frame 58/60: SAD (47.3%)
2026-05-15 22:31:34,342 | INFO     | [BATCH-090482] ↳ Frame 59/60: SAD (48.0%)
2026-05-15 22:31:34,396 | INFO     | [BATCH-090482] ↳ Frame 60/60: SAD (44.6%)
2026-05-15 22:31:34,396 | INFO     | [BATCH-090482] 🎯 KẾT QUẢ CHUỖI: SAD (Tần suất: {'SAD': 60})
2026-05-15 22:31:34,396 | INFO     | [BATCH-090482] ⏱️ Tổng thời gian xử lý: 3913.23 ms
