2026-05-23 11:49:35,483 | INFO     | ⏳ Đang nạp AI Model vào bộ nhớ...
2026-05-23 11:49:39,337 | INFO     | ✅ Nạp Model thành công! Server AI đã sẵn sàng.
2026-05-23 11:51:28,854 | INFO     | [888854] ------------------------------------------
2026-05-23 11:51:28,855 | INFO     | [888854] 📥 NHẬN YÊU CẦU QUÉT KHUÔN MẶT MỚI
2026-05-23 11:51:28,879 | INFO     | [888854] Đã xử lý ảnh thành công. Kích thước tensor: (1, 48, 48, 1)
2026-05-23 11:51:36,771 | INFO     | [888854] 📊 Chi tiết dự đoán: {'ANGRY': 2.43, 'DISGUST': 0.06, 'FEAR': 9.8, 'HAPPY': 12.91, 'NEUTRAL': 26.17, 'SAD': 45.58, 'SURPRISE': 3.05}
2026-05-23 11:51:36,771 | INFO     | [888854] 🎯 KẾT QUẢ CHỐT: SAD (45.58%)
2026-05-23 11:51:36,771 | INFO     | [888854] ⏱️ Thời gian phản hồi: 7915.92 ms
2026-05-23 11:51:36,774 | INFO     | [896774] ------------------------------------------
2026-05-23 11:51:36,775 | INFO     | [896774] 📥 NHẬN YÊU CẦU QUÉT KHUÔN MẶT MỚI
2026-05-23 11:51:36,775 | INFO     | [896774] Đã xử lý ảnh thành công. Kích thước tensor: (1, 48, 48, 1)
2026-05-23 11:51:36,851 | INFO     | [896774] 📊 Chi tiết dự đoán: {'ANGRY': 2.53, 'DISGUST': 0.07, 'FEAR': 9.24, 'HAPPY': 14.49, 'NEUTRAL': 22.56, 'SAD': 48.9, 'SURPRISE': 2.21}
2026-05-23 11:51:36,851 | INFO     | [896774] 🎯 KẾT QUẢ CHỐT: SAD (48.90%)
2026-05-23 11:51:36,851 | INFO     | [896774] ⏱️ Thời gian phản hồi: 76.65 ms
2026-05-23 11:51:36,854 | INFO     | [896854] ------------------------------------------
2026-05-23 11:51:36,855 | INFO     | [896854] 📥 NHẬN YÊU CẦU QUÉT KHUÔN MẶT MỚI
2026-05-23 11:51:36,855 | INFO     | [896854] Đã xử lý ảnh thành công. Kích thước tensor: (1, 48, 48, 1)
2026-05-23 11:51:36,922 | INFO     | [896854] 📊 Chi tiết dự đoán: {'ANGRY': 2.53, 'DISGUST': 0.07, 'FEAR': 9.24, 'HAPPY': 14.49, 'NEUTRAL': 22.56, 'SAD': 48.9, 'SURPRISE': 2.21}
2026-05-23 11:51:36,922 | INFO     | [896854] 🎯 KẾT QUẢ CHỐT: SAD (48.90%)
2026-05-23 11:51:36,922 | INFO     | [896854] ⏱️ Thời gian phản hồi: 68.05 ms
2026-05-23 11:51:36,925 | INFO     | [896925] ------------------------------------------
2026-05-23 11:51:36,925 | INFO     | [896925] 📥 NHẬN YÊU CẦU QUÉT KHUÔN MẶT MỚI
2026-05-23 11:51:36,926 | INFO     | [896925] Đã xử lý ảnh thành công. Kích thước tensor: (1, 48, 48, 1)
2026-05-23 11:51:36,998 | INFO     | [896925] 📊 Chi tiết dự đoán: {'ANGRY': 2.33, 'DISGUST': 0.08, 'FEAR': 6.31, 'HAPPY': 33.47, 'NEUTRAL': 20.8, 'SAD': 35.12, 'SURPRISE': 1.89}
2026-05-23 11:51:36,998 | INFO     | [896925] 🎯 KẾT QUẢ CHỐT: SAD (35.12%)
2026-05-23 11:51:36,998 | INFO     | [896925] ⏱️ Thời gian phản hồi: 73.19 ms
2026-05-23 11:51:37,001 | INFO     | [897001] ------------------------------------------
2026-05-23 11:51:37,001 | INFO     | [897001] 📥 NHẬN YÊU CẦU QUÉT KHUÔN MẶT MỚI
2026-05-23 11:51:37,001 | INFO     | [897001] Đã xử lý ảnh thành công. Kích thước tensor: (1, 48, 48, 1)
2026-05-23 11:51:37,073 | INFO     | [897001] 📊 Chi tiết dự đoán: {'ANGRY': 2.73, 'DISGUST': 0.12, 'FEAR': 8.16, 'HAPPY': 23.97, 'NEUTRAL': 17.31, 'SAD': 43.96, 'SURPRISE': 3.75}
2026-05-23 11:51:37,073 | INFO     | [897001] 🎯 KẾT QUẢ CHỐT: SAD (43.96%)
2026-05-23 11:51:37,073 | INFO     | [897001] ⏱️ Thời gian phản hồi: 71.79 ms
2026-05-23 11:51:37,075 | INFO     | [897075] ------------------------------------------
2026-05-23 11:51:37,075 | INFO     | [897075] 📥 NHẬN YÊU CẦU QUÉT KHUÔN MẶT MỚI
2026-05-23 11:51:37,076 | INFO     | [897075] Đã xử lý ảnh thành công. Kích thước tensor: (1, 48, 48, 1)
2026-05-23 11:51:37,139 | INFO     | [897075] 📊 Chi tiết dự đoán: {'ANGRY': 2.37, 'DISGUST': 0.08, 'FEAR': 6.62, 'HAPPY': 25.75, 'NEUTRAL': 17.71, 'SAD': 45.64, 'SURPRISE': 1.83}
2026-05-23 11:51:37,140 | INFO     | [897075] 🎯 KẾT QUẢ CHỐT: SAD (45.64%)
2026-05-23 11:51:37,140 | INFO     | [897075] ⏱️ Thời gian phản hồi: 63.52 ms
2026-05-23 11:51:37,141 | INFO     | [897141] ------------------------------------------
2026-05-23 11:51:37,141 | INFO     | [897141] 📥 NHẬN YÊU CẦU QUÉT KHUÔN MẶT MỚI
2026-05-23 11:51:37,141 | INFO     | [897141] Đã xử lý ảnh thành công. Kích thước tensor: (1, 48, 48, 1)
2026-05-23 11:51:37,208 | INFO     | [897141] 📊 Chi tiết dự đoán: {'ANGRY': 2.58, 'DISGUST': 0.09, 'FEAR': 7.58, 'HAPPY': 16.75, 'NEUTRAL': 15.26, 'SAD': 56.27, 'SURPRISE': 1.47}
2026-05-23 11:51:37,209 | INFO     | [897141] 🎯 KẾT QUẢ CHỐT: SAD (56.27%)
2026-05-23 11:51:37,209 | INFO     | [897141] ⏱️ Thời gian phản hồi: 66.88 ms
2026-05-23 11:51:37,210 | INFO     | [897210] ------------------------------------------
2026-05-23 11:51:37,211 | INFO     | [897210] 📥 NHẬN YÊU CẦU QUÉT KHUÔN MẶT MỚI
2026-05-23 11:51:37,213 | INFO     | [897210] Đã xử lý ảnh thành công. Kích thước tensor: (1, 48, 48, 1)
2026-05-23 11:51:37,278 | INFO     | [897210] 📊 Chi tiết dự đoán: {'ANGRY': 2.37, 'DISGUST': 0.07, 'FEAR': 8.36, 'HAPPY': 13.44, 'NEUTRAL': 18.96, 'SAD': 55.02, 'SURPRISE': 1.79}
2026-05-23 11:51:37,278 | INFO     | [897210] 🎯 KẾT QUẢ CHỐT: SAD (55.02%)
2026-05-23 11:51:37,278 | INFO     | [897210] ⏱️ Thời gian phản hồi: 68.2 ms
2026-05-23 11:51:37,280 | INFO     | [897280] ------------------------------------------
2026-05-23 11:51:37,280 | INFO     | [897280] 📥 NHẬN YÊU CẦU QUÉT KHUÔN MẶT MỚI
2026-05-23 11:51:37,280 | INFO     | [897280] Đã xử lý ảnh thành công. Kích thước tensor: (1, 48, 48, 1)
2026-05-23 11:51:37,348 | INFO     | [897280] 📊 Chi tiết dự đoán: {'ANGRY': 2.32, 'DISGUST': 0.1, 'FEAR': 8.5, 'HAPPY': 16.93, 'NEUTRAL': 18.61, 'SAD': 51.21, 'SURPRISE': 2.33}
2026-05-23 11:51:37,349 | INFO     | [897280] 🎯 KẾT QUẢ CHỐT: SAD (51.21%)
2026-05-23 11:51:37,349 | INFO     | [897280] ⏱️ Thời gian phản hồi: 67.72 ms
2026-05-23 11:51:37,350 | INFO     | [897350] ------------------------------------------
2026-05-23 11:51:37,350 | INFO     | [897350] 📥 NHẬN YÊU CẦU QUÉT KHUÔN MẶT MỚI
2026-05-23 11:51:37,352 | INFO     | [897350] Đã xử lý ảnh thành công. Kích thước tensor: (1, 48, 48, 1)
2026-05-23 11:51:37,419 | INFO     | [897350] 📊 Chi tiết dự đoán: {'ANGRY': 2.35, 'DISGUST': 0.16, 'FEAR': 6.1, 'HAPPY': 28.8, 'NEUTRAL': 18.35, 'SAD': 42.06, 'SURPRISE': 2.18}
2026-05-23 11:51:37,420 | INFO     | [897350] 🎯 KẾT QUẢ CHỐT: SAD (42.06%)
2026-05-23 11:51:37,420 | INFO     | [897350] ⏱️ Thời gian phản hồi: 68.47 ms
2026-05-23 11:51:37,423 | INFO     | [897421] ------------------------------------------
2026-05-23 11:51:37,423 | INFO     | [897421] 📥 NHẬN YÊU CẦU QUÉT KHUÔN MẶT MỚI
2026-05-23 11:51:37,424 | INFO     | [897421] Đã xử lý ảnh thành công. Kích thước tensor: (1, 48, 48, 1)
2026-05-23 11:51:37,494 | INFO     | [897421] 📊 Chi tiết dự đoán: {'ANGRY': 2.4, 'DISGUST': 0.11, 'FEAR': 7.01, 'HAPPY': 19.1, 'NEUTRAL': 17.68, 'SAD': 52.03, 'SURPRISE': 1.66}
2026-05-23 11:51:37,494 | INFO     | [897421] 🎯 KẾT QUẢ CHỐT: SAD (52.03%)
2026-05-23 11:51:37,494 | INFO     | [897421] ⏱️ Thời gian phản hồi: 73.09 ms
2026-05-23 11:51:37,496 | INFO     | [897496] ------------------------------------------
2026-05-23 11:51:37,496 | INFO     | [897496] 📥 NHẬN YÊU CẦU QUÉT KHUÔN MẶT MỚI
2026-05-23 11:51:37,496 | INFO     | [897496] Đã xử lý ảnh thành công. Kích thước tensor: (1, 48, 48, 1)
2026-05-23 11:51:37,565 | INFO     | [897496] 📊 Chi tiết dự đoán: {'ANGRY': 2.47, 'DISGUST': 0.15, 'FEAR': 6.5, 'HAPPY': 26.05, 'NEUTRAL': 16.51, 'SAD': 46.17, 'SURPRISE': 2.13}
2026-05-23 11:51:37,565 | INFO     | [897496] 🎯 KẾT QUẢ CHỐT: SAD (46.17%)
2026-05-23 11:51:37,566 | INFO     | [897496] ⏱️ Thời gian phản hồi: 68.41 ms
2026-05-23 11:51:37,569 | INFO     | [897569] ------------------------------------------
2026-05-23 11:51:37,570 | INFO     | [897569] 📥 NHẬN YÊU CẦU QUÉT KHUÔN MẶT MỚI
2026-05-23 11:51:37,570 | INFO     | [897569] Đã xử lý ảnh thành công. Kích thước tensor: (1, 48, 48, 1)
2026-05-23 11:51:37,636 | INFO     | [897569] 📊 Chi tiết dự đoán: {'ANGRY': 2.65, 'DISGUST': 0.11, 'FEAR': 7.5, 'HAPPY': 18.97, 'NEUTRAL': 18.77, 'SAD': 50.12, 'SURPRISE': 1.89}
2026-05-23 11:51:37,636 | INFO     | [897569] 🎯 KẾT QUẢ CHỐT: SAD (50.12%)
2026-05-23 11:51:37,636 | INFO     | [897569] ⏱️ Thời gian phản hồi: 66.92 ms
2026-05-23 11:51:37,638 | INFO     | [897638] ------------------------------------------
2026-05-23 11:51:37,638 | INFO     | [897638] 📥 NHẬN YÊU CẦU QUÉT KHUÔN MẶT MỚI
2026-05-23 11:51:37,640 | INFO     | [897638] Đã xử lý ảnh thành công. Kích thước tensor: (1, 48, 48, 1)
2026-05-23 11:51:37,708 | INFO     | [897638] 📊 Chi tiết dự đoán: {'ANGRY': 2.84, 'DISGUST': 0.12, 'FEAR': 7.82, 'HAPPY': 15.81, 'NEUTRAL': 19.21, 'SAD': 52.38, 'SURPRISE': 1.82}
2026-05-23 11:51:37,708 | INFO     | [897638] 🎯 KẾT QUẢ CHỐT: SAD (52.38%)
2026-05-23 11:51:37,709 | INFO     | [897638] ⏱️ Thời gian phản hồi: 69.61 ms
2026-05-23 11:51:37,710 | INFO     | [897710] ------------------------------------------
2026-05-23 11:51:37,710 | INFO     | [897710] 📥 NHẬN YÊU CẦU QUÉT KHUÔN MẶT MỚI
2026-05-23 11:51:37,711 | INFO     | [897710] Đã xử lý ảnh thành công. Kích thước tensor: (1, 48, 48, 1)
2026-05-23 11:51:37,783 | INFO     | [897710] 📊 Chi tiết dự đoán: {'ANGRY': 2.35, 'DISGUST': 0.11, 'FEAR': 8.53, 'HAPPY': 14.73, 'NEUTRAL': 20.57, 'SAD': 50.88, 'SURPRISE': 2.84}
2026-05-23 11:51:37,785 | INFO     | [897710] 🎯 KẾT QUẢ CHỐT: SAD (50.88%)
2026-05-23 11:51:37,785 | INFO     | [897710] ⏱️ Thời gian phản hồi: 73.46 ms
2026-05-23 11:51:37,787 | INFO     | [897787] ------------------------------------------
2026-05-23 11:51:37,789 | INFO     | [897787] 📥 NHẬN YÊU CẦU QUÉT KHUÔN MẶT MỚI
2026-05-23 11:51:37,790 | INFO     | [897787] Đã xử lý ảnh thành công. Kích thước tensor: (1, 48, 48, 1)
2026-05-23 11:51:37,880 | INFO     | [897787] 📊 Chi tiết dự đoán: {'ANGRY': 2.73, 'DISGUST': 0.11, 'FEAR': 8.83, 'HAPPY': 13.74, 'NEUTRAL': 20.13, 'SAD': 52.16, 'SURPRISE': 2.31}
2026-05-23 11:51:37,880 | INFO     | [897787] 🎯 KẾT QUẢ CHỐT: SAD (52.16%)
2026-05-23 11:51:37,880 | INFO     | [897787] ⏱️ Thời gian phản hồi: 92.3 ms
2026-05-23 11:51:37,884 | INFO     | [897884] ------------------------------------------
2026-05-23 11:51:37,884 | INFO     | [897884] 📥 NHẬN YÊU CẦU QUÉT KHUÔN MẶT MỚI
2026-05-23 11:51:37,885 | INFO     | [897884] Đã xử lý ảnh thành công. Kích thước tensor: (1, 48, 48, 1)
2026-05-23 11:51:37,959 | INFO     | [897884] 📊 Chi tiết dự đoán: {'ANGRY': 2.44, 'DISGUST': 0.1, 'FEAR': 9.07, 'HAPPY': 15.52, 'NEUTRAL': 20.94, 'SAD': 48.68, 'SURPRISE': 3.25}
2026-05-23 11:51:37,960 | INFO     | [897884] 🎯 KẾT QUẢ CHỐT: SAD (48.68%)
2026-05-23 11:51:37,960 | INFO     | [897884] ⏱️ Thời gian phản hồi: 75.24 ms
2026-05-23 11:51:37,962 | INFO     | [897962] ------------------------------------------
2026-05-23 11:51:37,963 | INFO     | [897962] 📥 NHẬN YÊU CẦU QUÉT KHUÔN MẶT MỚI
2026-05-23 11:51:37,964 | INFO     | [897962] Đã xử lý ảnh thành công. Kích thước tensor: (1, 48, 48, 1)
2026-05-23 11:51:38,048 | INFO     | [897962] 📊 Chi tiết dự đoán: {'ANGRY': 2.45, 'DISGUST': 0.11, 'FEAR': 7.17, 'HAPPY': 21.36, 'NEUTRAL': 21.86, 'SAD': 44.99, 'SURPRISE': 2.08}
2026-05-23 11:51:38,048 | INFO     | [897962] 🎯 KẾT QUẢ CHỐT: SAD (44.99%)
2026-05-23 11:51:38,048 | INFO     | [897962] ⏱️ Thời gian phản hồi: 86.72 ms
2026-05-23 11:51:38,052 | INFO     | [898052] ------------------------------------------
2026-05-23 11:51:38,053 | INFO     | [898052] 📥 NHẬN YÊU CẦU QUÉT KHUÔN MẶT MỚI
2026-05-23 11:51:38,054 | INFO     | [898052] Đã xử lý ảnh thành công. Kích thước tensor: (1, 48, 48, 1)
2026-05-23 11:51:38,144 | INFO     | [898052] 📊 Chi tiết dự đoán: {'ANGRY': 2.66, 'DISGUST': 0.1, 'FEAR': 6.39, 'HAPPY': 17.03, 'NEUTRAL': 21.11, 'SAD': 51.58, 'SURPRISE': 1.12}
2026-05-23 11:51:38,145 | INFO     | [898052] 🎯 KẾT QUẢ CHỐT: SAD (51.58%)
2026-05-23 11:51:38,145 | INFO     | [898052] ⏱️ Thời gian phản hồi: 91.93 ms
2026-05-23 11:51:38,147 | INFO     | [898147] ------------------------------------------
2026-05-23 11:51:38,147 | INFO     | [898147] 📥 NHẬN YÊU CẦU QUÉT KHUÔN MẶT MỚI
2026-05-23 11:51:38,147 | INFO     | [898147] Đã xử lý ảnh thành công. Kích thước tensor: (1, 48, 48, 1)
2026-05-23 11:51:38,217 | INFO     | [898147] 📊 Chi tiết dự đoán: {'ANGRY': 2.82, 'DISGUST': 0.16, 'FEAR': 6.32, 'HAPPY': 31.77, 'NEUTRAL': 16.37, 'SAD': 40.48, 'SURPRISE': 2.07}
2026-05-23 11:51:38,217 | INFO     | [898147] 🎯 KẾT QUẢ CHỐT: SAD (40.48%)
2026-05-23 11:51:38,217 | INFO     | [898147] ⏱️ Thời gian phản hồi: 69.65 ms
2026-05-23 11:51:38,220 | INFO     | [898220] ------------------------------------------
2026-05-23 11:51:38,221 | INFO     | [898220] 📥 NHẬN YÊU CẦU QUÉT KHUÔN MẶT MỚI
2026-05-23 11:51:38,221 | INFO     | [898220] Đã xử lý ảnh thành công. Kích thước tensor: (1, 48, 48, 1)
2026-05-23 11:51:38,295 | INFO     | [898220] 📊 Chi tiết dự đoán: {'ANGRY': 2.44, 'DISGUST': 0.11, 'FEAR': 7.29, 'HAPPY': 21.76, 'NEUTRAL': 17.76, 'SAD': 48.07, 'SURPRISE': 2.56}
2026-05-23 11:51:38,296 | INFO     | [898220] 🎯 KẾT QUẢ CHỐT: SAD (48.07%)
2026-05-23 11:51:38,296 | INFO     | [898220] ⏱️ Thời gian phản hồi: 74.72 ms
2026-05-23 11:51:38,299 | INFO     | [898299] ------------------------------------------
2026-05-23 11:51:38,299 | INFO     | [898299] 📥 NHẬN YÊU CẦU QUÉT KHUÔN MẶT MỚI
2026-05-23 11:51:38,299 | INFO     | [898299] Đã xử lý ảnh thành công. Kích thước tensor: (1, 48, 48, 1)
2026-05-23 11:51:38,370 | INFO     | [898299] 📊 Chi tiết dự đoán: {'ANGRY': 2.78, 'DISGUST': 0.16, 'FEAR': 7.26, 'HAPPY': 19.47, 'NEUTRAL': 17.86, 'SAD': 50.28, 'SURPRISE': 2.19}
2026-05-23 11:51:38,371 | INFO     | [898299] 🎯 KẾT QUẢ CHỐT: SAD (50.28%)
2026-05-23 11:51:38,371 | INFO     | [898299] ⏱️ Thời gian phản hồi: 70.43 ms
2026-05-23 11:51:38,374 | INFO     | [898374] ------------------------------------------
2026-05-23 11:51:38,374 | INFO     | [898374] 📥 NHẬN YÊU CẦU QUÉT KHUÔN MẶT MỚI
2026-05-23 11:51:38,374 | INFO     | [898374] Đã xử lý ảnh thành công. Kích thước tensor: (1, 48, 48, 1)
2026-05-23 11:51:38,442 | INFO     | [898374] 📊 Chi tiết dự đoán: {'ANGRY': 2.75, 'DISGUST': 0.14, 'FEAR': 6.71, 'HAPPY': 22.18, 'NEUTRAL': 19.18, 'SAD': 47.32, 'SURPRISE': 1.71}
2026-05-23 11:51:38,442 | INFO     | [898374] 🎯 KẾT QUẢ CHỐT: SAD (47.32%)
2026-05-23 11:51:38,442 | INFO     | [898374] ⏱️ Thời gian phản hồi: 68.83 ms
2026-05-23 11:51:38,445 | INFO     | [898445] ------------------------------------------
2026-05-23 11:51:38,446 | INFO     | [898445] 📥 NHẬN YÊU CẦU QUÉT KHUÔN MẶT MỚI
2026-05-23 11:51:38,446 | INFO     | [898445] Đã xử lý ảnh thành công. Kích thước tensor: (1, 48, 48, 1)
2026-05-23 11:51:38,514 | INFO     | [898445] 📊 Chi tiết dự đoán: {'ANGRY': 2.42, 'DISGUST': 0.1, 'FEAR': 6.57, 'HAPPY': 25.68, 'NEUTRAL': 19.16, 'SAD': 43.86, 'SURPRISE': 2.21}
2026-05-23 11:51:38,514 | INFO     | [898445] 🎯 KẾT QUẢ CHỐT: SAD (43.86%)
2026-05-23 11:51:38,514 | INFO     | [898445] ⏱️ Thời gian phản hồi: 69.18 ms
2026-05-23 11:51:38,516 | INFO     | [898516] ------------------------------------------
2026-05-23 11:51:38,516 | INFO     | [898516] 📥 NHẬN YÊU CẦU QUÉT KHUÔN MẶT MỚI
2026-05-23 11:51:38,516 | INFO     | [898516] Đã xử lý ảnh thành công. Kích thước tensor: (1, 48, 48, 1)
2026-05-23 11:51:38,591 | INFO     | [898516] 📊 Chi tiết dự đoán: {'ANGRY': 2.4, 'DISGUST': 0.13, 'FEAR': 6.02, 'HAPPY': 26.63, 'NEUTRAL': 17.72, 'SAD': 45.47, 'SURPRISE': 1.61}
2026-05-23 11:51:38,591 | INFO     | [898516] 🎯 KẾT QUẢ CHỐT: SAD (45.47%)
2026-05-23 11:51:38,591 | INFO     | [898516] ⏱️ Thời gian phản hồi: 73.41 ms
2026-05-23 11:51:38,592 | INFO     | [898592] ------------------------------------------
2026-05-23 11:51:38,592 | INFO     | [898592] 📥 NHẬN YÊU CẦU QUÉT KHUÔN MẶT MỚI
2026-05-23 11:51:38,594 | INFO     | [898592] Đã xử lý ảnh thành công. Kích thước tensor: (1, 48, 48, 1)
2026-05-23 11:51:38,664 | INFO     | [898592] 📊 Chi tiết dự đoán: {'ANGRY': 2.81, 'DISGUST': 0.11, 'FEAR': 7.22, 'HAPPY': 15.24, 'NEUTRAL': 19.33, 'SAD': 53.88, 'SURPRISE': 1.41}
2026-05-23 11:51:38,664 | INFO     | [898592] 🎯 KẾT QUẢ CHỐT: SAD (53.88%)
2026-05-23 11:51:38,665 | INFO     | [898592] ⏱️ Thời gian phản hồi: 71.21 ms
2026-05-23 11:51:38,666 | INFO     | [898666] ------------------------------------------
2026-05-23 11:51:38,666 | INFO     | [898666] 📥 NHẬN YÊU CẦU QUÉT KHUÔN MẶT MỚI
2026-05-23 11:51:38,667 | INFO     | [898666] Đã xử lý ảnh thành công. Kích thước tensor: (1, 48, 48, 1)
2026-05-23 11:51:38,742 | INFO     | [898666] 📊 Chi tiết dự đoán: {'ANGRY': 2.37, 'DISGUST': 0.11, 'FEAR': 6.19, 'HAPPY': 27.58, 'NEUTRAL': 18.55, 'SAD': 43.69, 'SURPRISE': 1.52}
2026-05-23 11:51:38,742 | INFO     | [898666] 🎯 KẾT QUẢ CHỐT: SAD (43.69%)
2026-05-23 11:51:38,742 | INFO     | [898666] ⏱️ Thời gian phản hồi: 76.6 ms
2026-05-23 11:51:38,745 | INFO     | [898745] ------------------------------------------
2026-05-23 11:51:38,745 | INFO     | [898745] 📥 NHẬN YÊU CẦU QUÉT KHUÔN MẶT MỚI
2026-05-23 11:51:38,746 | INFO     | [898745] Đã xử lý ảnh thành công. Kích thước tensor: (1, 48, 48, 1)
2026-05-23 11:51:38,826 | INFO     | [898745] 📊 Chi tiết dự đoán: {'ANGRY': 2.92, 'DISGUST': 0.14, 'FEAR': 7.59, 'HAPPY': 18.96, 'NEUTRAL': 18.05, 'SAD': 48.79, 'SURPRISE': 3.54}
2026-05-23 11:51:38,826 | INFO     | [898745] 🎯 KẾT QUẢ CHỐT: SAD (48.79%)
2026-05-23 11:51:38,826 | INFO     | [898745] ⏱️ Thời gian phản hồi: 80.3 ms
2026-05-23 11:51:38,828 | INFO     | [898828] ------------------------------------------
2026-05-23 11:51:38,828 | INFO     | [898828] 📥 NHẬN YÊU CẦU QUÉT KHUÔN MẶT MỚI
2026-05-23 11:51:38,830 | INFO     | [898828] Đã xử lý ảnh thành công. Kích thước tensor: (1, 48, 48, 1)
2026-05-23 11:51:38,904 | INFO     | [898828] 📊 Chi tiết dự đoán: {'ANGRY': 2.77, 'DISGUST': 0.19, 'FEAR': 6.84, 'HAPPY': 29.98, 'NEUTRAL': 14.53, 'SAD': 42.85, 'SURPRISE': 2.83}
2026-05-23 11:51:38,904 | INFO     | [898828] 🎯 KẾT QUẢ CHỐT: SAD (42.85%)
2026-05-23 11:51:38,905 | INFO     | [898828] ⏱️ Thời gian phản hồi: 75.63 ms
2026-05-23 11:51:38,906 | INFO     | [898906] ------------------------------------------
2026-05-23 11:51:38,906 | INFO     | [898906] 📥 NHẬN YÊU CẦU QUÉT KHUÔN MẶT MỚI
2026-05-23 11:51:38,907 | INFO     | [898906] Đã xử lý ảnh thành công. Kích thước tensor: (1, 48, 48, 1)
2026-05-23 11:51:38,981 | INFO     | [898906] 📊 Chi tiết dự đoán: {'ANGRY': 2.74, 'DISGUST': 0.1, 'FEAR': 5.93, 'HAPPY': 27.36, 'NEUTRAL': 16.93, 'SAD': 46.02, 'SURPRISE': 0.91}
2026-05-23 11:51:38,981 | INFO     | [898906] 🎯 KẾT QUẢ CHỐT: SAD (46.02%)
2026-05-23 11:51:38,981 | INFO     | [898906] ⏱️ Thời gian phản hồi: 74.55 ms
2026-05-23 11:51:38,984 | INFO     | [898984] ------------------------------------------
2026-05-23 11:51:38,984 | INFO     | [898984] 📥 NHẬN YÊU CẦU QUÉT KHUÔN MẶT MỚI
2026-05-23 11:51:38,985 | INFO     | [898984] Đã xử lý ảnh thành công. Kích thước tensor: (1, 48, 48, 1)
2026-05-23 11:51:39,094 | INFO     | [898984] 📊 Chi tiết dự đoán: {'ANGRY': 2.41, 'DISGUST': 0.09, 'FEAR': 6.51, 'HAPPY': 23.07, 'NEUTRAL': 19.59, 'SAD': 47.06, 'SURPRISE': 1.29}
2026-05-23 11:51:39,095 | INFO     | [898984] 🎯 KẾT QUẢ CHỐT: SAD (47.06%)
2026-05-23 11:51:39,095 | INFO     | [898984] ⏱️ Thời gian phản hồi: 109.67 ms
2026-05-23 11:51:39,096 | INFO     | [899096] ------------------------------------------
2026-05-23 11:51:39,097 | INFO     | [899096] 📥 NHẬN YÊU CẦU QUÉT KHUÔN MẶT MỚI
2026-05-23 11:51:39,097 | INFO     | [899096] Đã xử lý ảnh thành công. Kích thước tensor: (1, 48, 48, 1)
2026-05-23 11:51:39,168 | INFO     | [899096] 📊 Chi tiết dự đoán: {'ANGRY': 2.59, 'DISGUST': 0.1, 'FEAR': 7.28, 'HAPPY': 15.32, 'NEUTRAL': 19.29, 'SAD': 53.89, 'SURPRISE': 1.53}
2026-05-23 11:51:39,170 | INFO     | [899096] 🎯 KẾT QUẢ CHỐT: SAD (53.89%)
2026-05-23 11:51:39,170 | INFO     | [899096] ⏱️ Thời gian phản hồi: 72.76 ms
2026-05-23 11:51:39,172 | INFO     | [899172] ------------------------------------------
2026-05-23 11:51:39,173 | INFO     | [899172] 📥 NHẬN YÊU CẦU QUÉT KHUÔN MẶT MỚI
2026-05-23 11:51:39,174 | INFO     | [899172] Đã xử lý ảnh thành công. Kích thước tensor: (1, 48, 48, 1)
2026-05-23 11:51:39,245 | INFO     | [899172] 📊 Chi tiết dự đoán: {'ANGRY': 2.36, 'DISGUST': 0.09, 'FEAR': 6.59, 'HAPPY': 16.79, 'NEUTRAL': 19.43, 'SAD': 53.56, 'SURPRISE': 1.18}
2026-05-23 11:51:39,245 | INFO     | [899172] 🎯 KẾT QUẢ CHỐT: SAD (53.56%)
2026-05-23 11:51:39,246 | INFO     | [899172] ⏱️ Thời gian phản hồi: 73.41 ms
2026-05-23 11:51:39,249 | INFO     | [899249] ------------------------------------------
2026-05-23 11:51:39,249 | INFO     | [899249] 📥 NHẬN YÊU CẦU QUÉT KHUÔN MẶT MỚI
2026-05-23 11:51:39,249 | INFO     | [899249] Đã xử lý ảnh thành công. Kích thước tensor: (1, 48, 48, 1)
2026-05-23 11:51:39,328 | INFO     | [899249] 📊 Chi tiết dự đoán: {'ANGRY': 2.52, 'DISGUST': 0.09, 'FEAR': 5.63, 'HAPPY': 24.96, 'NEUTRAL': 17.67, 'SAD': 48.16, 'SURPRISE': 0.98}
2026-05-23 11:51:39,328 | INFO     | [899249] 🎯 KẾT QUẢ CHỐT: SAD (48.16%)
2026-05-23 11:51:39,328 | INFO     | [899249] ⏱️ Thời gian phản hồi: 78.8 ms
2026-05-23 11:51:39,330 | INFO     | [899330] ------------------------------------------
2026-05-23 11:51:39,330 | INFO     | [899330] 📥 NHẬN YÊU CẦU QUÉT KHUÔN MẶT MỚI
2026-05-23 11:51:39,330 | INFO     | [899330] Đã xử lý ảnh thành công. Kích thước tensor: (1, 48, 48, 1)
2026-05-23 11:51:39,408 | INFO     | [899330] 📊 Chi tiết dự đoán: {'ANGRY': 2.49, 'DISGUST': 0.1, 'FEAR': 6.67, 'HAPPY': 16.06, 'NEUTRAL': 17.53, 'SAD': 56.08, 'SURPRISE': 1.06}
2026-05-23 11:51:39,408 | INFO     | [899330] 🎯 KẾT QUẢ CHỐT: SAD (56.08%)
2026-05-23 11:51:39,409 | INFO     | [899330] ⏱️ Thời gian phản hồi: 78.07 ms
2026-05-23 11:51:39,411 | INFO     | [899411] ------------------------------------------
2026-05-23 11:51:39,411 | INFO     | [899411] 📥 NHẬN YÊU CẦU QUÉT KHUÔN MẶT MỚI
2026-05-23 11:51:39,413 | INFO     | [899411] Đã xử lý ảnh thành công. Kích thước tensor: (1, 48, 48, 1)
2026-05-23 11:51:39,491 | INFO     | [899411] 📊 Chi tiết dự đoán: {'ANGRY': 2.88, 'DISGUST': 0.14, 'FEAR': 6.33, 'HAPPY': 25.03, 'NEUTRAL': 17.51, 'SAD': 46.82, 'SURPRISE': 1.29}
2026-05-23 11:51:39,491 | INFO     | [899411] 🎯 KẾT QUẢ CHỐT: SAD (46.82%)
2026-05-23 11:51:39,492 | INFO     | [899411] ⏱️ Thời gian phản hồi: 79.69 ms
2026-05-23 11:51:39,493 | INFO     | [899493] ------------------------------------------
2026-05-23 11:51:39,493 | INFO     | [899493] 📥 NHẬN YÊU CẦU QUÉT KHUÔN MẶT MỚI
2026-05-23 11:51:39,494 | INFO     | [899493] Đã xử lý ảnh thành công. Kích thước tensor: (1, 48, 48, 1)
2026-05-23 11:51:39,563 | INFO     | [899493] 📊 Chi tiết dự đoán: {'ANGRY': 2.57, 'DISGUST': 0.09, 'FEAR': 5.92, 'HAPPY': 12.69, 'NEUTRAL': 19.93, 'SAD': 57.77, 'SURPRISE': 1.03}
2026-05-23 11:51:39,563 | INFO     | [899493] 🎯 KẾT QUẢ CHỐT: SAD (57.77%)
2026-05-23 11:51:39,563 | INFO     | [899493] ⏱️ Thời gian phản hồi: 68.85 ms
2026-05-23 11:51:39,566 | INFO     | [899566] ------------------------------------------
2026-05-23 11:51:39,566 | INFO     | [899566] 📥 NHẬN YÊU CẦU QUÉT KHUÔN MẶT MỚI
2026-05-23 11:51:39,567 | INFO     | [899566] Đã xử lý ảnh thành công. Kích thước tensor: (1, 48, 48, 1)
2026-05-23 11:51:39,634 | INFO     | [899566] 📊 Chi tiết dự đoán: {'ANGRY': 3.23, 'DISGUST': 0.2, 'FEAR': 6.66, 'HAPPY': 19.55, 'NEUTRAL': 18.23, 'SAD': 50.82, 'SURPRISE': 1.31}
2026-05-23 11:51:39,635 | INFO     | [899566] 🎯 KẾT QUẢ CHỐT: SAD (50.82%)
2026-05-23 11:51:39,635 | INFO     | [899566] ⏱️ Thời gian phản hồi: 68.98 ms
2026-05-23 11:51:39,638 | INFO     | [899638] ------------------------------------------
2026-05-23 11:51:39,638 | INFO     | [899638] 📥 NHẬN YÊU CẦU QUÉT KHUÔN MẶT MỚI
2026-05-23 11:51:39,639 | INFO     | [899638] Đã xử lý ảnh thành công. Kích thước tensor: (1, 48, 48, 1)
2026-05-23 11:51:39,712 | INFO     | [899638] 📊 Chi tiết dự đoán: {'ANGRY': 2.57, 'DISGUST': 0.08, 'FEAR': 6.4, 'HAPPY': 16.04, 'NEUTRAL': 20.56, 'SAD': 53.12, 'SURPRISE': 1.24}
2026-05-23 11:51:39,712 | INFO     | [899638] 🎯 KẾT QUẢ CHỐT: SAD (53.12%)
2026-05-23 11:51:39,712 | INFO     | [899638] ⏱️ Thời gian phản hồi: 74.07 ms
2026-05-23 11:51:39,714 | INFO     | [899714] ------------------------------------------
2026-05-23 11:51:39,714 | INFO     | [899714] 📥 NHẬN YÊU CẦU QUÉT KHUÔN MẶT MỚI
2026-05-23 11:51:39,715 | INFO     | [899714] Đã xử lý ảnh thành công. Kích thước tensor: (1, 48, 48, 1)
2026-05-23 11:51:39,787 | INFO     | [899714] 📊 Chi tiết dự đoán: {'ANGRY': 2.85, 'DISGUST': 0.12, 'FEAR': 6.34, 'HAPPY': 19.28, 'NEUTRAL': 21.89, 'SAD': 47.96, 'SURPRISE': 1.55}
2026-05-23 11:51:39,787 | INFO     | [899714] 🎯 KẾT QUẢ CHỐT: SAD (47.96%)
2026-05-23 11:51:39,787 | INFO     | [899714] ⏱️ Thời gian phản hồi: 71.06 ms
2026-05-23 11:51:39,790 | INFO     | [899790] ------------------------------------------
2026-05-23 11:51:39,790 | INFO     | [899790] 📥 NHẬN YÊU CẦU QUÉT KHUÔN MẶT MỚI
2026-05-23 11:51:39,791 | INFO     | [899790] Đã xử lý ảnh thành công. Kích thước tensor: (1, 48, 48, 1)
2026-05-23 11:51:39,862 | INFO     | [899790] 📊 Chi tiết dự đoán: {'ANGRY': 2.64, 'DISGUST': 0.11, 'FEAR': 7.21, 'HAPPY': 12.98, 'NEUTRAL': 20.99, 'SAD': 54.81, 'SURPRISE': 1.27}
2026-05-23 11:51:39,862 | INFO     | [899790] 🎯 KẾT QUẢ CHỐT: SAD (54.81%)
2026-05-23 11:51:39,862 | INFO     | [899790] ⏱️ Thời gian phản hồi: 71.84 ms
2026-05-23 11:51:39,863 | INFO     | [899863] ------------------------------------------
2026-05-23 11:51:39,863 | INFO     | [899863] 📥 NHẬN YÊU CẦU QUÉT KHUÔN MẶT MỚI
2026-05-23 11:51:39,864 | INFO     | [899863] Đã xử lý ảnh thành công. Kích thước tensor: (1, 48, 48, 1)
2026-05-23 11:51:39,935 | INFO     | [899863] 📊 Chi tiết dự đoán: {'ANGRY': 2.96, 'DISGUST': 0.13, 'FEAR': 6.78, 'HAPPY': 14.56, 'NEUTRAL': 20.89, 'SAD': 53.36, 'SURPRISE': 1.31}
2026-05-23 11:51:39,936 | INFO     | [899863] 🎯 KẾT QUẢ CHỐT: SAD (53.36%)
2026-05-23 11:51:39,936 | INFO     | [899863] ⏱️ Thời gian phản hồi: 71.47 ms
2026-05-23 11:51:39,938 | INFO     | [899938] ------------------------------------------
2026-05-23 11:51:39,938 | INFO     | [899938] 📥 NHẬN YÊU CẦU QUÉT KHUÔN MẶT MỚI
2026-05-23 11:51:39,939 | INFO     | [899938] Đã xử lý ảnh thành công. Kích thước tensor: (1, 48, 48, 1)
2026-05-23 11:51:40,019 | INFO     | [899938] 📊 Chi tiết dự đoán: {'ANGRY': 2.88, 'DISGUST': 0.05, 'FEAR': 8.36, 'HAPPY': 6.58, 'NEUTRAL': 16.67, 'SAD': 63.25, 'SURPRISE': 2.22}
2026-05-23 11:51:40,020 | INFO     | [899938] 🎯 KẾT QUẢ CHỐT: SAD (63.25%)
2026-05-23 11:51:40,020 | INFO     | [899938] ⏱️ Thời gian phản hồi: 80.69 ms
2026-05-23 11:51:40,022 | INFO     | [900022] ------------------------------------------
2026-05-23 11:51:40,023 | INFO     | [900022] 📥 NHẬN YÊU CẦU QUÉT KHUÔN MẶT MỚI
2026-05-23 11:51:40,023 | INFO     | [900022] Đã xử lý ảnh thành công. Kích thước tensor: (1, 48, 48, 1)
2026-05-23 11:51:40,103 | INFO     | [900022] 📊 Chi tiết dự đoán: {'ANGRY': 3.07, 'DISGUST': 0.05, 'FEAR': 8.13, 'HAPPY': 7.23, 'NEUTRAL': 16.19, 'SAD': 63.49, 'SURPRISE': 1.83}
2026-05-23 11:51:40,103 | INFO     | [900022] 🎯 KẾT QUẢ CHỐT: SAD (63.49%)
2026-05-23 11:51:40,104 | INFO     | [900022] ⏱️ Thời gian phản hồi: 80.38 ms
2026-05-23 11:51:40,105 | INFO     | [900105] ------------------------------------------
2026-05-23 11:51:40,105 | INFO     | [900105] 📥 NHẬN YÊU CẦU QUÉT KHUÔN MẶT MỚI
2026-05-23 11:51:40,106 | INFO     | [900105] Đã xử lý ảnh thành công. Kích thước tensor: (1, 48, 48, 1)
2026-05-23 11:51:40,196 | INFO     | [900105] 📊 Chi tiết dự đoán: {'ANGRY': 2.83, 'DISGUST': 0.05, 'FEAR': 8.27, 'HAPPY': 6.8, 'NEUTRAL': 15.85, 'SAD': 63.89, 'SURPRISE': 2.31}
2026-05-23 11:51:40,198 | INFO     | [900105] 🎯 KẾT QUẢ CHỐT: SAD (63.89%)
2026-05-23 11:51:40,198 | INFO     | [900105] ⏱️ Thời gian phản hồi: 91.12 ms
2026-05-23 11:51:40,201 | INFO     | [900201] ------------------------------------------
2026-05-23 11:51:40,202 | INFO     | [900201] 📥 NHẬN YÊU CẦU QUÉT KHUÔN MẶT MỚI
2026-05-23 11:51:40,203 | INFO     | [900201] Đã xử lý ảnh thành công. Kích thước tensor: (1, 48, 48, 1)
2026-05-23 11:51:40,292 | INFO     | [900201] 📊 Chi tiết dự đoán: {'ANGRY': 2.89, 'DISGUST': 0.05, 'FEAR': 8.81, 'HAPPY': 8.23, 'NEUTRAL': 15.82, 'SAD': 61.66, 'SURPRISE': 2.53}
2026-05-23 11:51:40,292 | INFO     | [900201] 🎯 KẾT QUẢ CHỐT: SAD (61.66%)
2026-05-23 11:51:40,292 | INFO     | [900201] ⏱️ Thời gian phản hồi: 90.96 ms
2026-05-23 11:51:40,294 | INFO     | [900294] ------------------------------------------
2026-05-23 11:51:40,294 | INFO     | [900294] 📥 NHẬN YÊU CẦU QUÉT KHUÔN MẶT MỚI
2026-05-23 11:51:40,295 | INFO     | [900294] Đã xử lý ảnh thành công. Kích thước tensor: (1, 48, 48, 1)
2026-05-23 11:51:40,364 | INFO     | [900294] 📊 Chi tiết dự đoán: {'ANGRY': 2.54, 'DISGUST': 0.05, 'FEAR': 8.39, 'HAPPY': 6.92, 'NEUTRAL': 15.38, 'SAD': 64.47, 'SURPRISE': 2.26}
2026-05-23 11:51:40,364 | INFO     | [900294] 🎯 KẾT QUẢ CHỐT: SAD (64.47%)
2026-05-23 11:51:40,364 | INFO     | [900294] ⏱️ Thời gian phản hồi: 69.65 ms
2026-05-23 11:51:40,366 | INFO     | [900366] ------------------------------------------
2026-05-23 11:51:40,367 | INFO     | [900366] 📥 NHẬN YÊU CẦU QUÉT KHUÔN MẶT MỚI
2026-05-23 11:51:40,367 | INFO     | [900366] Đã xử lý ảnh thành công. Kích thước tensor: (1, 48, 48, 1)
2026-05-23 11:51:40,437 | INFO     | [900366] 📊 Chi tiết dự đoán: {'ANGRY': 2.99, 'DISGUST': 0.06, 'FEAR': 9.29, 'HAPPY': 5.3, 'NEUTRAL': 16.0, 'SAD': 63.93, 'SURPRISE': 2.42}
2026-05-23 11:51:40,438 | INFO     | [900366] 🎯 KẾT QUẢ CHỐT: SAD (63.93%)
2026-05-23 11:51:40,438 | INFO     | [900366] ⏱️ Thời gian phản hồi: 70.76 ms
2026-05-23 11:51:40,439 | INFO     | [900439] ------------------------------------------
2026-05-23 11:51:40,439 | INFO     | [900439] 📥 NHẬN YÊU CẦU QUÉT KHUÔN MẶT MỚI
2026-05-23 11:51:40,442 | INFO     | [900439] Đã xử lý ảnh thành công. Kích thước tensor: (1, 48, 48, 1)
2026-05-23 11:51:40,517 | INFO     | [900439] 📊 Chi tiết dự đoán: {'ANGRY': 3.14, 'DISGUST': 0.08, 'FEAR': 8.22, 'HAPPY': 6.81, 'NEUTRAL': 15.98, 'SAD': 63.47, 'SURPRISE': 2.31}
2026-05-23 11:51:40,517 | INFO     | [900439] 🎯 KẾT QUẢ CHỐT: SAD (63.47%)
2026-05-23 11:51:40,517 | INFO     | [900439] ⏱️ Thời gian phản hồi: 77.62 ms
2026-05-23 11:51:40,519 | INFO     | [900519] ------------------------------------------
2026-05-23 11:51:40,519 | INFO     | [900519] 📥 NHẬN YÊU CẦU QUÉT KHUÔN MẶT MỚI
2026-05-23 11:51:40,520 | INFO     | [900519] Đã xử lý ảnh thành công. Kích thước tensor: (1, 48, 48, 1)
2026-05-23 11:51:40,594 | INFO     | [900519] 📊 Chi tiết dự đoán: {'ANGRY': 2.67, 'DISGUST': 0.06, 'FEAR': 8.07, 'HAPPY': 6.22, 'NEUTRAL': 13.64, 'SAD': 66.99, 'SURPRISE': 2.35}
2026-05-23 11:51:40,595 | INFO     | [900519] 🎯 KẾT QUẢ CHỐT: SAD (66.99%)
2026-05-23 11:51:40,595 | INFO     | [900519] ⏱️ Thời gian phản hồi: 74.16 ms
2026-05-23 11:51:40,598 | INFO     | [900598] ------------------------------------------
2026-05-23 11:51:40,598 | INFO     | [900598] 📥 NHẬN YÊU CẦU QUÉT KHUÔN MẶT MỚI
2026-05-23 11:51:40,599 | INFO     | [900598] Đã xử lý ảnh thành công. Kích thước tensor: (1, 48, 48, 1)
2026-05-23 11:51:40,669 | INFO     | [900598] 📊 Chi tiết dự đoán: {'ANGRY': 2.26, 'DISGUST': 0.04, 'FEAR': 8.21, 'HAPPY': 4.92, 'NEUTRAL': 16.37, 'SAD': 66.28, 'SURPRISE': 1.91}
2026-05-23 11:51:40,669 | INFO     | [900598] 🎯 KẾT QUẢ CHỐT: SAD (66.28%)
2026-05-23 11:51:40,669 | INFO     | [900598] ⏱️ Thời gian phản hồi: 71.84 ms
2026-05-23 11:51:40,672 | INFO     | [900672] ------------------------------------------
2026-05-23 11:51:40,672 | INFO     | [900672] 📥 NHẬN YÊU CẦU QUÉT KHUÔN MẶT MỚI
2026-05-23 11:51:40,673 | INFO     | [900672] Đã xử lý ảnh thành công. Kích thước tensor: (1, 48, 48, 1)
2026-05-23 11:51:40,748 | INFO     | [900672] 📊 Chi tiết dự đoán: {'ANGRY': 2.67, 'DISGUST': 0.05, 'FEAR': 8.29, 'HAPPY': 5.4, 'NEUTRAL': 15.78, 'SAD': 65.47, 'SURPRISE': 2.34}
2026-05-23 11:51:40,748 | INFO     | [900672] 🎯 KẾT QUẢ CHỐT: SAD (65.47%)
2026-05-23 11:51:40,748 | INFO     | [900672] ⏱️ Thời gian phản hồi: 76.72 ms
2026-05-23 11:51:40,750 | INFO     | [900750] ------------------------------------------
2026-05-23 11:51:40,752 | INFO     | [900750] 📥 NHẬN YÊU CẦU QUÉT KHUÔN MẶT MỚI
2026-05-23 11:51:40,752 | INFO     | [900750] Đã xử lý ảnh thành công. Kích thước tensor: (1, 48, 48, 1)
2026-05-23 11:51:40,816 | INFO     | [900750] 📊 Chi tiết dự đoán: {'ANGRY': 2.21, 'DISGUST': 0.04, 'FEAR': 7.68, 'HAPPY': 7.01, 'NEUTRAL': 15.79, 'SAD': 64.93, 'SURPRISE': 2.34}
2026-05-23 11:51:40,816 | INFO     | [900750] 🎯 KẾT QUẢ CHỐT: SAD (64.93%)
2026-05-23 11:51:40,816 | INFO     | [900750] ⏱️ Thời gian phản hồi: 65.16 ms
2026-05-23 11:51:40,820 | INFO     | [900820] ------------------------------------------
2026-05-23 11:51:40,820 | INFO     | [900820] 📥 NHẬN YÊU CẦU QUÉT KHUÔN MẶT MỚI
2026-05-23 11:51:40,821 | INFO     | [900820] Đã xử lý ảnh thành công. Kích thước tensor: (1, 48, 48, 1)
2026-05-23 11:51:40,898 | INFO     | [900820] 📊 Chi tiết dự đoán: {'ANGRY': 2.13, 'DISGUST': 0.04, 'FEAR': 7.28, 'HAPPY': 6.05, 'NEUTRAL': 12.13, 'SAD': 70.95, 'SURPRISE': 1.41}
2026-05-23 11:51:40,898 | INFO     | [900820] 🎯 KẾT QUẢ CHỐT: SAD (70.95%)
2026-05-23 11:51:40,898 | INFO     | [900820] ⏱️ Thời gian phản hồi: 77.06 ms
2026-05-23 11:51:40,899 | INFO     | [900899] ------------------------------------------
2026-05-23 11:51:40,899 | INFO     | [900899] 📥 NHẬN YÊU CẦU QUÉT KHUÔN MẶT MỚI
2026-05-23 11:51:40,900 | INFO     | [900899] Đã xử lý ảnh thành công. Kích thước tensor: (1, 48, 48, 1)
2026-05-23 11:51:40,978 | INFO     | [900899] 📊 Chi tiết dự đoán: {'ANGRY': 2.46, 'DISGUST': 0.05, 'FEAR': 8.68, 'HAPPY': 8.25, 'NEUTRAL': 14.73, 'SAD': 63.16, 'SURPRISE': 2.67}
2026-05-23 11:51:40,980 | INFO     | [900899] 🎯 KẾT QUẢ CHỐT: SAD (63.16%)
2026-05-23 11:51:40,980 | INFO     | [900899] ⏱️ Thời gian phản hồi: 79.47 ms
2026-05-23 11:51:40,982 | INFO     | [900982] ------------------------------------------
2026-05-23 11:51:40,983 | INFO     | [900982] 📥 NHẬN YÊU CẦU QUÉT KHUÔN MẶT MỚI
2026-05-23 11:51:40,984 | INFO     | [900982] Đã xử lý ảnh thành công. Kích thước tensor: (1, 48, 48, 1)
2026-05-23 11:51:41,053 | INFO     | [900982] 📊 Chi tiết dự đoán: {'ANGRY': 2.23, 'DISGUST': 0.05, 'FEAR': 8.02, 'HAPPY': 6.68, 'NEUTRAL': 15.2, 'SAD': 65.42, 'SURPRISE': 2.41}
2026-05-23 11:51:41,055 | INFO     | [900982] 🎯 KẾT QUẢ CHỐT: SAD (65.42%)
2026-05-23 11:51:41,055 | INFO     | [900982] ⏱️ Thời gian phản hồi: 71.29 ms
2026-05-23 11:51:41,056 | INFO     | [901056] ------------------------------------------
2026-05-23 11:51:41,057 | INFO     | [901056] 📥 NHẬN YÊU CẦU QUÉT KHUÔN MẶT MỚI
2026-05-23 11:51:41,057 | INFO     | [901056] Đã xử lý ảnh thành công. Kích thước tensor: (1, 48, 48, 1)
2026-05-23 11:51:41,123 | INFO     | [901056] 📊 Chi tiết dự đoán: {'ANGRY': 2.42, 'DISGUST': 0.04, 'FEAR': 8.47, 'HAPPY': 6.36, 'NEUTRAL': 16.74, 'SAD': 63.83, 'SURPRISE': 2.13}
2026-05-23 11:51:41,124 | INFO     | [901056] 🎯 KẾT QUẢ CHỐT: SAD (63.83%)
2026-05-23 11:51:41,124 | INFO     | [901056] ⏱️ Thời gian phản hồi: 66.87 ms
2026-05-23 11:51:41,126 | INFO     | [901126] ------------------------------------------
2026-05-23 11:51:41,126 | INFO     | [901126] 📥 NHẬN YÊU CẦU QUÉT KHUÔN MẶT MỚI
2026-05-23 11:51:41,126 | INFO     | [901126] Đã xử lý ảnh thành công. Kích thước tensor: (1, 48, 48, 1)
2026-05-23 11:51:41,194 | INFO     | [901126] 📊 Chi tiết dự đoán: {'ANGRY': 2.37, 'DISGUST': 0.05, 'FEAR': 7.88, 'HAPPY': 4.25, 'NEUTRAL': 13.62, 'SAD': 70.36, 'SURPRISE': 1.48}
2026-05-23 11:51:41,194 | INFO     | [901126] 🎯 KẾT QUẢ CHỐT: SAD (70.36%)
2026-05-23 11:51:41,194 | INFO     | [901126] ⏱️ Thời gian phản hồi: 67.05 ms
2026-05-23 11:51:41,196 | INFO     | [901196] ------------------------------------------
2026-05-23 11:51:41,196 | INFO     | [901196] 📥 NHẬN YÊU CẦU QUÉT KHUÔN MẶT MỚI
2026-05-23 11:51:41,196 | INFO     | [901196] Đã xử lý ảnh thành công. Kích thước tensor: (1, 48, 48, 1)
2026-05-23 11:51:41,269 | INFO     | [901196] 📊 Chi tiết dự đoán: {'ANGRY': 2.67, 'DISGUST': 0.05, 'FEAR': 8.33, 'HAPPY': 7.61, 'NEUTRAL': 14.27, 'SAD': 65.25, 'SURPRISE': 1.82}
2026-05-23 11:51:41,269 | INFO     | [901196] 🎯 KẾT QUẢ CHỐT: SAD (65.25%)
2026-05-23 11:51:41,269 | INFO     | [901196] ⏱️ Thời gian phản hồi: 72.46 ms
2026-05-23 11:51:41,271 | INFO     | [901271] ------------------------------------------
2026-05-23 11:51:41,271 | INFO     | [901271] 📥 NHẬN YÊU CẦU QUÉT KHUÔN MẶT MỚI
2026-05-23 11:51:41,273 | INFO     | [901271] Đã xử lý ảnh thành công. Kích thước tensor: (1, 48, 48, 1)
2026-05-23 11:51:41,339 | INFO     | [901271] 📊 Chi tiết dự đoán: {'ANGRY': 2.43, 'DISGUST': 0.05, 'FEAR': 8.24, 'HAPPY': 8.2, 'NEUTRAL': 15.34, 'SAD': 63.47, 'SURPRISE': 2.27}
2026-05-23 11:51:41,339 | INFO     | [901271] 🎯 KẾT QUẢ CHỐT: SAD (63.47%)
2026-05-23 11:51:41,339 | INFO     | [901271] ⏱️ Thời gian phản hồi: 67.53 ms
2026-05-23 11:51:41,341 | INFO     | [901341] ------------------------------------------
2026-05-23 11:51:41,342 | INFO     | [901341] 📥 NHẬN YÊU CẦU QUÉT KHUÔN MẶT MỚI
2026-05-23 11:51:41,343 | INFO     | [901341] Đã xử lý ảnh thành công. Kích thước tensor: (1, 48, 48, 1)
2026-05-23 11:51:41,409 | INFO     | [901341] 📊 Chi tiết dự đoán: {'ANGRY': 2.36, 'DISGUST': 0.04, 'FEAR': 8.64, 'HAPPY': 7.48, 'NEUTRAL': 15.3, 'SAD': 63.92, 'SURPRISE': 2.25}
2026-05-23 11:51:41,409 | INFO     | [901341] 🎯 KẾT QUẢ CHỐT: SAD (63.92%)
2026-05-23 11:51:41,409 | INFO     | [901341] ⏱️ Thời gian phản hồi: 67.65 ms
2026-05-23 11:51:41,411 | INFO     | [901411] ------------------------------------------
2026-05-23 11:51:41,411 | INFO     | [901411] 📥 NHẬN YÊU CẦU QUÉT KHUÔN MẶT MỚI
2026-05-23 11:51:41,412 | INFO     | [901411] Đã xử lý ảnh thành công. Kích thước tensor: (1, 48, 48, 1)
2026-05-23 11:51:41,495 | INFO     | [901411] 📊 Chi tiết dự đoán: {'ANGRY': 2.56, 'DISGUST': 0.06, 'FEAR': 8.15, 'HAPPY': 5.59, 'NEUTRAL': 13.79, 'SAD': 67.29, 'SURPRISE': 2.55}
2026-05-23 11:51:41,495 | INFO     | [901411] 🎯 KẾT QUẢ CHỐT: SAD (67.29%)
2026-05-23 11:51:41,496 | INFO     | [901411] ⏱️ Thời gian phản hồi: 84.15 ms
2026-05-23 11:51:41,498 | INFO     | [901498] ------------------------------------------
2026-05-23 11:51:41,498 | INFO     | [901498] 📥 NHẬN YÊU CẦU QUÉT KHUÔN MẶT MỚI
2026-05-23 11:51:41,499 | INFO     | [901498] Đã xử lý ảnh thành công. Kích thước tensor: (1, 48, 48, 1)
2026-05-23 11:51:41,571 | INFO     | [901498] 📊 Chi tiết dự đoán: {'ANGRY': 2.5, 'DISGUST': 0.04, 'FEAR': 8.25, 'HAPPY': 6.06, 'NEUTRAL': 15.0, 'SAD': 66.25, 'SURPRISE': 1.9}
2026-05-23 11:51:41,571 | INFO     | [901498] 🎯 KẾT QUẢ CHỐT: SAD (66.25%)
2026-05-23 11:51:41,571 | INFO     | [901498] ⏱️ Thời gian phản hồi: 72.71 ms
2026-05-23 11:51:41,573 | INFO     | [901573] ------------------------------------------
2026-05-23 11:51:41,573 | INFO     | [901573] 📥 NHẬN YÊU CẦU QUÉT KHUÔN MẶT MỚI
2026-05-23 11:51:41,574 | INFO     | [901573] Đã xử lý ảnh thành công. Kích thước tensor: (1, 48, 48, 1)
2026-05-23 11:51:41,645 | INFO     | [901573] 📊 Chi tiết dự đoán: {'ANGRY': 2.61, 'DISGUST': 0.03, 'FEAR': 8.6, 'HAPPY': 8.45, 'NEUTRAL': 16.36, 'SAD': 61.96, 'SURPRISE': 1.99}
2026-05-23 11:51:41,645 | INFO     | [901573] 🎯 KẾT QUẢ CHỐT: SAD (61.96%)
2026-05-23 11:51:41,646 | INFO     | [901573] ⏱️ Thời gian phản hồi: 72.35 ms
2026-05-23 11:51:41,647 | INFO     | [901647] ------------------------------------------
2026-05-23 11:51:41,647 | INFO     | [901647] 📥 NHẬN YÊU CẦU QUÉT KHUÔN MẶT MỚI
2026-05-23 11:51:41,648 | INFO     | [901647] Đã xử lý ảnh thành công. Kích thước tensor: (1, 48, 48, 1)
2026-05-23 11:51:41,716 | INFO     | [901647] 📊 Chi tiết dự đoán: {'ANGRY': 2.22, 'DISGUST': 0.04, 'FEAR': 7.84, 'HAPPY': 7.59, 'NEUTRAL': 15.94, 'SAD': 64.29, 'SURPRISE': 2.07}
2026-05-23 11:51:41,716 | INFO     | [901647] 🎯 KẾT QUẢ CHỐT: SAD (64.29%)
2026-05-23 11:51:41,716 | INFO     | [901647] ⏱️ Thời gian phản hồi: 69.3 ms
2026-05-23 11:51:41,718 | INFO     | [901718] ------------------------------------------
2026-05-23 11:51:41,718 | INFO     | [901718] 📥 NHẬN YÊU CẦU QUÉT KHUÔN MẶT MỚI
2026-05-23 11:51:41,720 | INFO     | [901718] Đã xử lý ảnh thành công. Kích thước tensor: (1, 48, 48, 1)
2026-05-23 11:51:41,785 | INFO     | [901718] 📊 Chi tiết dự đoán: {'ANGRY': 2.82, 'DISGUST': 0.12, 'FEAR': 7.07, 'HAPPY': 18.49, 'NEUTRAL': 16.71, 'SAD': 53.37, 'SURPRISE': 1.42}
2026-05-23 11:51:41,786 | INFO     | [901718] 🎯 KẾT QUẢ CHỐT: SAD (53.37%)
2026-05-23 11:51:41,786 | INFO     | [901718] ⏱️ Thời gian phản hồi: 66.75 ms
2026-05-23 11:51:41,787 | INFO     | [901787] ------------------------------------------
2026-05-23 11:51:41,787 | INFO     | [901787] 📥 NHẬN YÊU CẦU QUÉT KHUÔN MẶT MỚI
2026-05-23 11:51:41,788 | INFO     | [901787] Đã xử lý ảnh thành công. Kích thước tensor: (1, 48, 48, 1)
2026-05-23 11:51:41,849 | INFO     | [901787] 📊 Chi tiết dự đoán: {'ANGRY': 2.1, 'DISGUST': 0.07, 'FEAR': 6.65, 'HAPPY': 12.81, 'NEUTRAL': 13.32, 'SAD': 63.83, 'SURPRISE': 1.23}
2026-05-23 11:51:41,849 | INFO     | [901787] 🎯 KẾT QUẢ CHỐT: SAD (63.83%)
2026-05-23 11:51:41,849 | INFO     | [901787] ⏱️ Thời gian phản hồi: 61.37 ms
2026-05-23 11:51:41,851 | INFO     | [901851] ------------------------------------------
2026-05-23 11:51:41,851 | INFO     | [901851] 📥 NHẬN YÊU CẦU QUÉT KHUÔN MẶT MỚI
2026-05-23 11:51:41,852 | INFO     | [901851] Đã xử lý ảnh thành công. Kích thước tensor: (1, 48, 48, 1)
2026-05-23 11:51:41,924 | INFO     | [901851] 📊 Chi tiết dự đoán: {'ANGRY': 2.95, 'DISGUST': 0.12, 'FEAR': 6.5, 'HAPPY': 20.38, 'NEUTRAL': 17.73, 'SAD': 51.32, 'SURPRISE': 1.0}
2026-05-23 11:51:41,924 | INFO     | [901851] 🎯 KẾT QUẢ CHỐT: SAD (51.32%)
2026-05-23 11:51:41,924 | INFO     | [901851] ⏱️ Thời gian phản hồi: 71.86 ms
2026-05-23 11:51:41,926 | INFO     | [901926] ------------------------------------------
2026-05-23 11:51:41,926 | INFO     | [901926] 📥 NHẬN YÊU CẦU QUÉT KHUÔN MẶT MỚI
2026-05-23 11:51:41,927 | INFO     | [901926] Đã xử lý ảnh thành công. Kích thước tensor: (1, 48, 48, 1)
2026-05-23 11:51:41,993 | INFO     | [901926] 📊 Chi tiết dự đoán: {'ANGRY': 3.08, 'DISGUST': 0.12, 'FEAR': 6.43, 'HAPPY': 16.07, 'NEUTRAL': 16.68, 'SAD': 56.65, 'SURPRISE': 0.97}
2026-05-23 11:51:41,993 | INFO     | [901926] 🎯 KẾT QUẢ CHỐT: SAD (56.65%)
2026-05-23 11:51:41,993 | INFO     | [901926] ⏱️ Thời gian phản hồi: 66.81 ms
2026-05-23 11:51:41,996 | INFO     | [901996] ------------------------------------------
2026-05-23 11:51:41,996 | INFO     | [901996] 📥 NHẬN YÊU CẦU QUÉT KHUÔN MẶT MỚI
2026-05-23 11:51:41,996 | INFO     | [901996] Đã xử lý ảnh thành công. Kích thước tensor: (1, 48, 48, 1)
2026-05-23 11:51:42,065 | INFO     | [901996] 📊 Chi tiết dự đoán: {'ANGRY': 2.8, 'DISGUST': 0.1, 'FEAR': 6.97, 'HAPPY': 16.15, 'NEUTRAL': 17.85, 'SAD': 54.98, 'SURPRISE': 1.15}
2026-05-23 11:51:42,066 | INFO     | [901996] 🎯 KẾT QUẢ CHỐT: SAD (54.98%)
2026-05-23 11:51:42,066 | INFO     | [901996] ⏱️ Thời gian phản hồi: 69.01 ms
2026-05-23 11:51:42,068 | INFO     | [902068] ------------------------------------------
2026-05-23 11:51:42,069 | INFO     | [902068] 📥 NHẬN YÊU CẦU QUÉT KHUÔN MẶT MỚI
2026-05-23 11:51:42,069 | INFO     | [902068] Đã xử lý ảnh thành công. Kích thước tensor: (1, 48, 48, 1)
2026-05-23 11:51:42,139 | INFO     | [902068] 📊 Chi tiết dự đoán: {'ANGRY': 2.86, 'DISGUST': 0.14, 'FEAR': 6.37, 'HAPPY': 19.76, 'NEUTRAL': 17.27, 'SAD': 52.16, 'SURPRISE': 1.44}
2026-05-23 11:51:42,139 | INFO     | [902068] 🎯 KẾT QUẢ CHỐT: SAD (52.16%)
2026-05-23 11:51:42,139 | INFO     | [902068] ⏱️ Thời gian phản hồi: 71.25 ms
2026-05-23 11:51:42,141 | INFO     | [902141] ------------------------------------------
2026-05-23 11:51:42,142 | INFO     | [902141] 📥 NHẬN YÊU CẦU QUÉT KHUÔN MẶT MỚI
2026-05-23 11:51:42,142 | INFO     | [902141] Đã xử lý ảnh thành công. Kích thước tensor: (1, 48, 48, 1)
2026-05-23 11:51:42,205 | INFO     | [902141] 📊 Chi tiết dự đoán: {'ANGRY': 2.94, 'DISGUST': 0.13, 'FEAR': 5.55, 'HAPPY': 29.0, 'NEUTRAL': 16.73, 'SAD': 44.69, 'SURPRISE': 0.96}
2026-05-23 11:51:42,206 | INFO     | [902141] 🎯 KẾT QUẢ CHỐT: SAD (44.69%)
2026-05-23 11:51:42,206 | INFO     | [902141] ⏱️ Thời gian phản hồi: 64.0 ms
2026-05-23 11:51:42,208 | INFO     | [902208] ------------------------------------------
2026-05-23 11:51:42,208 | INFO     | [902208] 📥 NHẬN YÊU CẦU QUÉT KHUÔN MẶT MỚI
2026-05-23 11:51:42,210 | INFO     | [902208] Đã xử lý ảnh thành công. Kích thước tensor: (1, 48, 48, 1)
2026-05-23 11:51:42,277 | INFO     | [902208] 📊 Chi tiết dự đoán: {'ANGRY': 2.76, 'DISGUST': 0.14, 'FEAR': 6.35, 'HAPPY': 18.51, 'NEUTRAL': 18.84, 'SAD': 52.02, 'SURPRISE': 1.37}
2026-05-23 11:51:42,277 | INFO     | [902208] 🎯 KẾT QUẢ CHỐT: SAD (52.02%)
2026-05-23 11:51:42,278 | INFO     | [902208] ⏱️ Thời gian phản hồi: 68.89 ms
2026-05-23 11:51:42,280 | INFO     | [902280] ------------------------------------------
2026-05-23 11:51:42,283 | INFO     | [902280] 📥 NHẬN YÊU CẦU QUÉT KHUÔN MẶT MỚI
2026-05-23 11:51:42,284 | INFO     | [902280] Đã xử lý ảnh thành công. Kích thước tensor: (1, 48, 48, 1)
2026-05-23 11:51:42,354 | INFO     | [902280] 📊 Chi tiết dự đoán: {'ANGRY': 2.81, 'DISGUST': 0.15, 'FEAR': 6.13, 'HAPPY': 22.12, 'NEUTRAL': 16.0, 'SAD': 51.58, 'SURPRISE': 1.22}
2026-05-23 11:51:42,355 | INFO     | [902280] 🎯 KẾT QUẢ CHỐT: SAD (51.58%)
2026-05-23 11:51:42,355 | INFO     | [902280] ⏱️ Thời gian phản hồi: 73.2 ms
2026-05-23 11:51:42,356 | INFO     | [902356] ------------------------------------------
2026-05-23 11:51:42,356 | INFO     | [902356] 📥 NHẬN YÊU CẦU QUÉT KHUÔN MẶT MỚI
2026-05-23 11:51:42,356 | INFO     | [902356] Đã xử lý ảnh thành công. Kích thước tensor: (1, 48, 48, 1)
2026-05-23 11:51:42,425 | INFO     | [902356] 📊 Chi tiết dự đoán: {'ANGRY': 2.8, 'DISGUST': 0.13, 'FEAR': 6.93, 'HAPPY': 14.36, 'NEUTRAL': 19.03, 'SAD': 55.23, 'SURPRISE': 1.52}
2026-05-23 11:51:42,425 | INFO     | [902356] 🎯 KẾT QUẢ CHỐT: SAD (55.23%)
2026-05-23 11:51:42,425 | INFO     | [902356] ⏱️ Thời gian phản hồi: 68.56 ms
2026-05-23 11:51:42,427 | INFO     | [902427] ------------------------------------------
2026-05-23 11:51:42,427 | INFO     | [902427] 📥 NHẬN YÊU CẦU QUÉT KHUÔN MẶT MỚI
2026-05-23 11:51:42,428 | INFO     | [902427] Đã xử lý ảnh thành công. Kích thước tensor: (1, 48, 48, 1)
2026-05-23 11:51:42,496 | INFO     | [902427] 📊 Chi tiết dự đoán: {'ANGRY': 3.02, 'DISGUST': 0.12, 'FEAR': 6.56, 'HAPPY': 13.99, 'NEUTRAL': 20.69, 'SAD': 54.36, 'SURPRISE': 1.25}
2026-05-23 11:51:42,497 | INFO     | [902427] 🎯 KẾT QUẢ CHỐT: SAD (54.36%)
2026-05-23 11:51:42,497 | INFO     | [902427] ⏱️ Thời gian phản hồi: 69.25 ms
2026-05-23 11:51:42,499 | INFO     | [902499] ------------------------------------------
2026-05-23 11:51:42,499 | INFO     | [902499] 📥 NHẬN YÊU CẦU QUÉT KHUÔN MẶT MỚI
2026-05-23 11:51:42,500 | INFO     | [902499] Đã xử lý ảnh thành công. Kích thước tensor: (1, 48, 48, 1)
2026-05-23 11:51:42,570 | INFO     | [902499] 📊 Chi tiết dự đoán: {'ANGRY': 2.96, 'DISGUST': 0.13, 'FEAR': 6.58, 'HAPPY': 20.52, 'NEUTRAL': 16.62, 'SAD': 51.82, 'SURPRISE': 1.36}
2026-05-23 11:51:42,570 | INFO     | [902499] 🎯 KẾT QUẢ CHỐT: SAD (51.82%)
2026-05-23 11:51:42,570 | INFO     | [902499] ⏱️ Thời gian phản hồi: 70.28 ms
2026-05-23 11:51:42,572 | INFO     | [902572] ------------------------------------------
2026-05-23 11:51:42,572 | INFO     | [902572] 📥 NHẬN YÊU CẦU QUÉT KHUÔN MẶT MỚI
2026-05-23 11:51:42,573 | INFO     | [902572] Đã xử lý ảnh thành công. Kích thước tensor: (1, 48, 48, 1)
2026-05-23 11:51:42,637 | INFO     | [902572] 📊 Chi tiết dự đoán: {'ANGRY': 3.08, 'DISGUST': 0.13, 'FEAR': 6.28, 'HAPPY': 19.24, 'NEUTRAL': 22.96, 'SAD': 46.7, 'SURPRISE': 1.61}
2026-05-23 11:51:42,638 | INFO     | [902572] 🎯 KẾT QUẢ CHỐT: SAD (46.70%)
2026-05-23 11:51:42,638 | INFO     | [902572] ⏱️ Thời gian phản hồi: 65.0 ms
2026-05-23 11:51:42,640 | INFO     | [902640] ------------------------------------------
2026-05-23 11:51:42,640 | INFO     | [902640] 📥 NHẬN YÊU CẦU QUÉT KHUÔN MẶT MỚI
2026-05-23 11:51:42,641 | INFO     | [902640] Đã xử lý ảnh thành công. Kích thước tensor: (1, 48, 48, 1)
2026-05-23 11:51:42,709 | INFO     | [902640] 📊 Chi tiết dự đoán: {'ANGRY': 3.21, 'DISGUST': 0.15, 'FEAR': 6.6, 'HAPPY': 17.47, 'NEUTRAL': 20.0, 'SAD': 50.72, 'SURPRISE': 1.85}
2026-05-23 11:51:42,709 | INFO     | [902640] 🎯 KẾT QUẢ CHỐT: SAD (50.72%)
2026-05-23 11:51:42,709 | INFO     | [902640] ⏱️ Thời gian phản hồi: 68.62 ms
2026-05-23 11:51:42,711 | INFO     | [902711] ------------------------------------------
2026-05-23 11:51:42,711 | INFO     | [902711] 📥 NHẬN YÊU CẦU QUÉT KHUÔN MẶT MỚI
2026-05-23 11:51:42,713 | INFO     | [902711] Đã xử lý ảnh thành công. Kích thước tensor: (1, 48, 48, 1)
2026-05-23 11:51:42,777 | INFO     | [902711] 📊 Chi tiết dự đoán: {'ANGRY': 2.97, 'DISGUST': 0.12, 'FEAR': 5.27, 'HAPPY': 31.01, 'NEUTRAL': 19.58, 'SAD': 40.01, 'SURPRISE': 1.05}
2026-05-23 11:51:42,778 | INFO     | [902711] 🎯 KẾT QUẢ CHỐT: SAD (40.01%)
2026-05-23 11:51:42,778 | INFO     | [902711] ⏱️ Thời gian phản hồi: 65.68 ms
2026-05-23 11:51:42,781 | INFO     | [902781] ------------------------------------------
2026-05-23 11:51:42,781 | INFO     | [902781] 📥 NHẬN YÊU CẦU QUÉT KHUÔN MẶT MỚI
2026-05-23 11:51:42,782 | INFO     | [902781] Đã xử lý ảnh thành công. Kích thước tensor: (1, 48, 48, 1)
2026-05-23 11:51:42,857 | INFO     | [902781] 📊 Chi tiết dự đoán: {'ANGRY': 2.85, 'DISGUST': 0.12, 'FEAR': 5.86, 'HAPPY': 21.03, 'NEUTRAL': 17.02, 'SAD': 52.16, 'SURPRISE': 0.96}
2026-05-23 11:51:42,857 | INFO     | [902781] 🎯 KẾT QUẢ CHỐT: SAD (52.16%)
2026-05-23 11:51:42,857 | INFO     | [902781] ⏱️ Thời gian phản hồi: 76.07 ms
2026-05-23 11:51:42,858 | INFO     | [902858] ------------------------------------------
2026-05-23 11:51:42,858 | INFO     | [902858] 📥 NHẬN YÊU CẦU QUÉT KHUÔN MẶT MỚI
2026-05-23 11:51:42,859 | INFO     | [902858] Đã xử lý ảnh thành công. Kích thước tensor: (1, 48, 48, 1)
2026-05-23 11:51:42,930 | INFO     | [902858] 📊 Chi tiết dự đoán: {'ANGRY': 2.97, 'DISGUST': 0.12, 'FEAR': 6.89, 'HAPPY': 18.4, 'NEUTRAL': 18.55, 'SAD': 51.68, 'SURPRISE': 1.39}
2026-05-23 11:51:42,931 | INFO     | [902858] 🎯 KẾT QUẢ CHỐT: SAD (51.68%)
2026-05-23 11:51:42,931 | INFO     | [902858] ⏱️ Thời gian phản hồi: 72.19 ms
2026-05-23 11:51:42,934 | INFO     | [902934] ------------------------------------------
2026-05-23 11:51:42,934 | INFO     | [902934] 📥 NHẬN YÊU CẦU QUÉT KHUÔN MẶT MỚI
2026-05-23 11:51:42,936 | INFO     | [902934] Đã xử lý ảnh thành công. Kích thước tensor: (1, 48, 48, 1)
2026-05-23 11:51:42,999 | INFO     | [902934] 📊 Chi tiết dự đoán: {'ANGRY': 3.0, 'DISGUST': 0.12, 'FEAR': 6.75, 'HAPPY': 19.11, 'NEUTRAL': 18.45, 'SAD': 50.94, 'SURPRISE': 1.62}
2026-05-23 11:51:42,999 | INFO     | [902934] 🎯 KẾT QUẢ CHỐT: SAD (50.94%)
2026-05-23 11:51:43,000 | INFO     | [902934] ⏱️ Thời gian phản hồi: 64.69 ms
2026-05-23 11:51:43,001 | INFO     | [903001] ------------------------------------------
2026-05-23 11:51:43,001 | INFO     | [903001] 📥 NHẬN YÊU CẦU QUÉT KHUÔN MẶT MỚI
2026-05-23 11:51:43,002 | INFO     | [903001] Đã xử lý ảnh thành công. Kích thước tensor: (1, 48, 48, 1)
2026-05-23 11:51:43,061 | INFO     | [903001] 📊 Chi tiết dự đoán: {'ANGRY': 3.07, 'DISGUST': 0.13, 'FEAR': 6.71, 'HAPPY': 16.16, 'NEUTRAL': 19.07, 'SAD': 53.39, 'SURPRISE': 1.48}
2026-05-23 11:51:43,062 | INFO     | [903001] 🎯 KẾT QUẢ CHỐT: SAD (53.39%)
2026-05-23 11:51:43,062 | INFO     | [903001] ⏱️ Thời gian phản hồi: 59.53 ms
2026-05-23 11:51:43,063 | INFO     | [903063] ------------------------------------------
2026-05-23 11:51:43,063 | INFO     | [903063] 📥 NHẬN YÊU CẦU QUÉT KHUÔN MẶT MỚI
2026-05-23 11:51:43,064 | INFO     | [903063] Đã xử lý ảnh thành công. Kích thước tensor: (1, 48, 48, 1)
2026-05-23 11:51:43,118 | INFO     | [903063] 📊 Chi tiết dự đoán: {'ANGRY': 3.1, 'DISGUST': 0.12, 'FEAR': 6.42, 'HAPPY': 17.22, 'NEUTRAL': 19.06, 'SAD': 52.75, 'SURPRISE': 1.33}
2026-05-23 11:51:43,119 | INFO     | [903063] 🎯 KẾT QUẢ CHỐT: SAD (52.75%)
2026-05-23 11:51:43,119 | INFO     | [903063] ⏱️ Thời gian phản hồi: 54.67 ms
2026-05-23 11:51:43,121 | INFO     | [903121] ------------------------------------------
2026-05-23 11:51:43,121 | INFO     | [903121] 📥 NHẬN YÊU CẦU QUÉT KHUÔN MẶT MỚI
2026-05-23 11:51:43,122 | INFO     | [903121] Đã xử lý ảnh thành công. Kích thước tensor: (1, 48, 48, 1)
2026-05-23 11:51:43,184 | INFO     | [903121] 📊 Chi tiết dự đoán: {'ANGRY': 2.96, 'DISGUST': 0.13, 'FEAR': 6.41, 'HAPPY': 22.31, 'NEUTRAL': 17.19, 'SAD': 49.88, 'SURPRISE': 1.13}
2026-05-23 11:51:43,184 | INFO     | [903121] 🎯 KẾT QUẢ CHỐT: SAD (49.88%)
2026-05-23 11:51:43,184 | INFO     | [903121] ⏱️ Thời gian phản hồi: 63.23 ms
2026-05-23 11:51:43,187 | INFO     | [903187] ------------------------------------------
2026-05-23 11:51:43,187 | INFO     | [903187] 📥 NHẬN YÊU CẦU QUÉT KHUÔN MẶT MỚI
2026-05-23 11:51:43,187 | INFO     | [903187] Đã xử lý ảnh thành công. Kích thước tensor: (1, 48, 48, 1)
2026-05-23 11:51:43,244 | INFO     | [903187] 📊 Chi tiết dự đoán: {'ANGRY': 2.95, 'DISGUST': 0.13, 'FEAR': 6.77, 'HAPPY': 15.54, 'NEUTRAL': 22.71, 'SAD': 50.44, 'SURPRISE': 1.46}
2026-05-23 11:51:43,244 | INFO     | [903187] 🎯 KẾT QUẢ CHỐT: SAD (50.44%)
2026-05-23 11:51:43,244 | INFO     | [903187] ⏱️ Thời gian phản hồi: 57.33 ms
2026-05-23 11:51:43,246 | INFO     | [903246] ------------------------------------------
2026-05-23 11:51:43,247 | INFO     | [903246] 📥 NHẬN YÊU CẦU QUÉT KHUÔN MẶT MỚI
2026-05-23 11:51:43,248 | INFO     | [903246] Đã xử lý ảnh thành công. Kích thước tensor: (1, 48, 48, 1)
2026-05-23 11:51:43,308 | INFO     | [903246] 📊 Chi tiết dự đoán: {'ANGRY': 2.48, 'DISGUST': 0.11, 'FEAR': 6.73, 'HAPPY': 18.42, 'NEUTRAL': 20.28, 'SAD': 50.73, 'SURPRISE': 1.26}
2026-05-23 11:51:43,308 | INFO     | [903246] 🎯 KẾT QUẢ CHỐT: SAD (50.73%)
2026-05-23 11:51:43,308 | INFO     | [903246] ⏱️ Thời gian phản hồi: 61.38 ms
2026-05-23 11:51:43,310 | INFO     | [903310] ------------------------------------------
2026-05-23 11:51:43,310 | INFO     | [903310] 📥 NHẬN YÊU CẦU QUÉT KHUÔN MẶT MỚI
2026-05-23 11:51:43,310 | INFO     | [903310] Đã xử lý ảnh thành công. Kích thước tensor: (1, 48, 48, 1)
2026-05-23 11:51:43,370 | INFO     | [903310] 📊 Chi tiết dự đoán: {'ANGRY': 3.02, 'DISGUST': 0.13, 'FEAR': 6.25, 'HAPPY': 21.61, 'NEUTRAL': 17.71, 'SAD': 50.02, 'SURPRISE': 1.25}
2026-05-23 11:51:43,370 | INFO     | [903310] 🎯 KẾT QUẢ CHỐT: SAD (50.02%)
2026-05-23 11:51:43,370 | INFO     | [903310] ⏱️ Thời gian phản hồi: 59.83 ms
2026-05-23 11:51:43,372 | INFO     | [903372] ------------------------------------------
2026-05-23 11:51:43,372 | INFO     | [903372] 📥 NHẬN YÊU CẦU QUÉT KHUÔN MẶT MỚI
2026-05-23 11:51:43,372 | INFO     | [903372] Đã xử lý ảnh thành công. Kích thước tensor: (1, 48, 48, 1)
2026-05-23 11:51:43,439 | INFO     | [903372] 📊 Chi tiết dự đoán: {'ANGRY': 2.73, 'DISGUST': 0.14, 'FEAR': 6.17, 'HAPPY': 21.04, 'NEUTRAL': 18.85, 'SAD': 49.81, 'SURPRISE': 1.26}
2026-05-23 11:51:43,439 | INFO     | [903372] 🎯 KẾT QUẢ CHỐT: SAD (49.81%)
2026-05-23 11:51:43,440 | INFO     | [903372] ⏱️ Thời gian phản hồi: 67.32 ms
2026-05-23 11:51:43,442 | INFO     | [903442] ------------------------------------------
2026-05-23 11:51:43,442 | INFO     | [903442] 📥 NHẬN YÊU CẦU QUÉT KHUÔN MẶT MỚI
2026-05-23 11:51:43,443 | INFO     | [903442] Đã xử lý ảnh thành công. Kích thước tensor: (1, 48, 48, 1)
2026-05-23 11:51:43,508 | INFO     | [903442] 📊 Chi tiết dự đoán: {'ANGRY': 2.57, 'DISGUST': 0.11, 'FEAR': 6.09, 'HAPPY': 19.02, 'NEUTRAL': 20.11, 'SAD': 50.74, 'SURPRISE': 1.35}
2026-05-23 11:51:43,508 | INFO     | [903442] 🎯 KẾT QUẢ CHỐT: SAD (50.74%)
2026-05-23 11:51:43,509 | INFO     | [903442] ⏱️ Thời gian phản hồi: 65.78 ms
2026-05-23 11:51:43,510 | INFO     | [903510] ------------------------------------------
2026-05-23 11:51:43,510 | INFO     | [903510] 📥 NHẬN YÊU CẦU QUÉT KHUÔN MẶT MỚI
2026-05-23 11:51:43,511 | INFO     | [903510] Đã xử lý ảnh thành công. Kích thước tensor: (1, 48, 48, 1)
2026-05-23 11:51:43,578 | INFO     | [903510] 📊 Chi tiết dự đoán: {'ANGRY': 2.84, 'DISGUST': 0.12, 'FEAR': 6.22, 'HAPPY': 23.61, 'NEUTRAL': 18.36, 'SAD': 47.64, 'SURPRISE': 1.2}
2026-05-23 11:51:43,578 | INFO     | [903510] 🎯 KẾT QUẢ CHỐT: SAD (47.64%)
2026-05-23 11:51:43,578 | INFO     | [903510] ⏱️ Thời gian phản hồi: 67.66 ms
2026-05-23 11:51:43,580 | INFO     | [903580] ------------------------------------------
2026-05-23 11:51:43,580 | INFO     | [903580] 📥 NHẬN YÊU CẦU QUÉT KHUÔN MẶT MỚI
2026-05-23 11:51:43,582 | INFO     | [903580] Đã xử lý ảnh thành công. Kích thước tensor: (1, 48, 48, 1)
2026-05-23 11:51:43,645 | INFO     | [903580] 📊 Chi tiết dự đoán: {'ANGRY': 2.68, 'DISGUST': 0.1, 'FEAR': 6.94, 'HAPPY': 14.18, 'NEUTRAL': 19.44, 'SAD': 55.52, 'SURPRISE': 1.14}
2026-05-23 11:51:43,645 | INFO     | [903580] 🎯 KẾT QUẢ CHỐT: SAD (55.52%)
2026-05-23 11:51:43,645 | INFO     | [903580] ⏱️ Thời gian phản hồi: 64.83 ms
2026-05-23 11:51:43,647 | INFO     | [903647] ------------------------------------------
2026-05-23 11:51:43,647 | INFO     | [903647] 📥 NHẬN YÊU CẦU QUÉT KHUÔN MẶT MỚI
2026-05-23 11:51:43,648 | INFO     | [903647] Đã xử lý ảnh thành công. Kích thước tensor: (1, 48, 48, 1)
2026-05-23 11:51:43,718 | INFO     | [903647] 📊 Chi tiết dự đoán: {'ANGRY': 2.94, 'DISGUST': 0.13, 'FEAR': 5.98, 'HAPPY': 21.89, 'NEUTRAL': 18.38, 'SAD': 49.49, 'SURPRISE': 1.18}
2026-05-23 11:51:43,718 | INFO     | [903647] 🎯 KẾT QUẢ CHỐT: SAD (49.49%)
2026-05-23 11:51:43,719 | INFO     | [903647] ⏱️ Thời gian phản hồi: 70.28 ms
2026-05-23 11:51:43,721 | INFO     | [903721] ------------------------------------------
2026-05-23 11:51:43,721 | INFO     | [903721] 📥 NHẬN YÊU CẦU QUÉT KHUÔN MẶT MỚI
2026-05-23 11:51:43,722 | INFO     | [903721] Đã xử lý ảnh thành công. Kích thước tensor: (1, 48, 48, 1)
2026-05-23 11:51:43,785 | INFO     | [903721] 📊 Chi tiết dự đoán: {'ANGRY': 2.53, 'DISGUST': 0.1, 'FEAR': 6.52, 'HAPPY': 14.29, 'NEUTRAL': 18.89, 'SAD': 56.41, 'SURPRISE': 1.26}
2026-05-23 11:51:43,786 | INFO     | [903721] 🎯 KẾT QUẢ CHỐT: SAD (56.41%)
2026-05-23 11:51:43,786 | INFO     | [903721] ⏱️ Thời gian phản hồi: 64.85 ms
2026-05-23 11:51:43,788 | INFO     | [903788] ------------------------------------------
2026-05-23 11:51:43,789 | INFO     | [903788] 📥 NHẬN YÊU CẦU QUÉT KHUÔN MẶT MỚI
2026-05-23 11:51:43,790 | INFO     | [903788] Đã xử lý ảnh thành công. Kích thước tensor: (1, 48, 48, 1)
2026-05-23 11:51:43,862 | INFO     | [903788] 📊 Chi tiết dự đoán: {'ANGRY': 2.71, 'DISGUST': 0.11, 'FEAR': 6.18, 'HAPPY': 20.96, 'NEUTRAL': 17.8, 'SAD': 51.26, 'SURPRISE': 0.98}
2026-05-23 11:51:43,862 | INFO     | [903788] 🎯 KẾT QUẢ CHỐT: SAD (51.26%)
2026-05-23 11:51:43,862 | INFO     | [903788] ⏱️ Thời gian phản hồi: 74.46 ms
2026-05-23 11:51:43,863 | INFO     | [903863] ------------------------------------------
2026-05-23 11:51:43,865 | INFO     | [903863] 📥 NHẬN YÊU CẦU QUÉT KHUÔN MẶT MỚI
2026-05-23 11:51:43,865 | INFO     | [903863] Đã xử lý ảnh thành công. Kích thước tensor: (1, 48, 48, 1)
2026-05-23 11:51:43,928 | INFO     | [903863] 📊 Chi tiết dự đoán: {'ANGRY': 2.93, 'DISGUST': 0.04, 'FEAR': 9.71, 'HAPPY': 3.81, 'NEUTRAL': 14.56, 'SAD': 66.7, 'SURPRISE': 2.25}
2026-05-23 11:51:43,928 | INFO     | [903863] 🎯 KẾT QUẢ CHỐT: SAD (66.70%)
2026-05-23 11:51:43,928 | INFO     | [903863] ⏱️ Thời gian phản hồi: 65.02 ms
2026-05-23 11:51:43,931 | INFO     | [903931] ------------------------------------------
2026-05-23 11:51:43,931 | INFO     | [903931] 📥 NHẬN YÊU CẦU QUÉT KHUÔN MẶT MỚI
2026-05-23 11:51:43,932 | INFO     | [903931] Đã xử lý ảnh thành công. Kích thước tensor: (1, 48, 48, 1)
2026-05-23 11:51:44,000 | INFO     | [903931] 📊 Chi tiết dự đoán: {'ANGRY': 2.9, 'DISGUST': 0.04, 'FEAR': 9.84, 'HAPPY': 4.92, 'NEUTRAL': 13.65, 'SAD': 66.39, 'SURPRISE': 2.27}
2026-05-23 11:51:44,000 | INFO     | [903931] 🎯 KẾT QUẢ CHỐT: SAD (66.39%)
2026-05-23 11:51:44,000 | INFO     | [903931] ⏱️ Thời gian phản hồi: 68.71 ms
2026-05-23 11:51:44,002 | INFO     | [904002] ------------------------------------------
2026-05-23 11:51:44,002 | INFO     | [904002] 📥 NHẬN YÊU CẦU QUÉT KHUÔN MẶT MỚI
2026-05-23 11:51:44,003 | INFO     | [904002] Đã xử lý ảnh thành công. Kích thước tensor: (1, 48, 48, 1)
2026-05-23 11:51:44,080 | INFO     | [904002] 📊 Chi tiết dự đoán: {'ANGRY': 2.5, 'DISGUST': 0.04, 'FEAR': 8.71, 'HAPPY': 5.87, 'NEUTRAL': 15.33, 'SAD': 65.58, 'SURPRISE': 1.98}
2026-05-23 11:51:44,080 | INFO     | [904002] 🎯 KẾT QUẢ CHỐT: SAD (65.58%)
2026-05-23 11:51:44,080 | INFO     | [904002] ⏱️ Thời gian phản hồi: 76.77 ms
2026-05-23 11:51:44,081 | INFO     | [904081] ------------------------------------------
2026-05-23 11:51:44,081 | INFO     | [904081] 📥 NHẬN YÊU CẦU QUÉT KHUÔN MẶT MỚI
2026-05-23 11:51:44,082 | INFO     | [904081] Đã xử lý ảnh thành công. Kích thước tensor: (1, 48, 48, 1)
2026-05-23 11:51:44,153 | INFO     | [904081] 📊 Chi tiết dự đoán: {'ANGRY': 2.68, 'DISGUST': 0.04, 'FEAR': 9.27, 'HAPPY': 3.59, 'NEUTRAL': 15.12, 'SAD': 67.69, 'SURPRISE': 1.61}
2026-05-23 11:51:44,153 | INFO     | [904081] 🎯 KẾT QUẢ CHỐT: SAD (67.69%)
2026-05-23 11:51:44,153 | INFO     | [904081] ⏱️ Thời gian phản hồi: 72.7 ms
2026-05-23 11:51:44,158 | INFO     | [904158] ------------------------------------------
2026-05-23 11:51:44,158 | INFO     | [904158] 📥 NHẬN YÊU CẦU QUÉT KHUÔN MẶT MỚI
2026-05-23 11:51:44,160 | INFO     | [904158] Đã xử lý ảnh thành công. Kích thước tensor: (1, 48, 48, 1)
2026-05-23 11:51:44,259 | INFO     | [904158] 📊 Chi tiết dự đoán: {'ANGRY': 2.75, 'DISGUST': 0.05, 'FEAR': 9.34, 'HAPPY': 5.58, 'NEUTRAL': 14.78, 'SAD': 64.83, 'SURPRISE': 2.68}
2026-05-23 11:51:44,260 | INFO     | [904158] 🎯 KẾT QUẢ CHỐT: SAD (64.83%)
2026-05-23 11:51:44,260 | INFO     | [904158] ⏱️ Thời gian phản hồi: 101.83 ms
2026-05-23 11:51:44,263 | INFO     | [904263] ------------------------------------------
2026-05-23 11:51:44,264 | INFO     | [904263] 📥 NHẬN YÊU CẦU QUÉT KHUÔN MẶT MỚI
2026-05-23 11:51:44,264 | INFO     | [904263] Đã xử lý ảnh thành công. Kích thước tensor: (1, 48, 48, 1)
2026-05-23 11:51:44,356 | INFO     | [904263] 📊 Chi tiết dự đoán: {'ANGRY': 2.8, 'DISGUST': 0.05, 'FEAR': 9.14, 'HAPPY': 5.13, 'NEUTRAL': 16.65, 'SAD': 64.1, 'SURPRISE': 2.13}
2026-05-23 11:51:44,356 | INFO     | [904263] 🎯 KẾT QUẢ CHỐT: SAD (64.10%)
2026-05-23 11:51:44,356 | INFO     | [904263] ⏱️ Thời gian phản hồi: 92.83 ms
2026-05-23 11:51:44,360 | INFO     | [904360] ------------------------------------------
2026-05-23 11:51:44,360 | INFO     | [904360] 📥 NHẬN YÊU CẦU QUÉT KHUÔN MẶT MỚI
2026-05-23 11:51:44,361 | INFO     | [904360] Đã xử lý ảnh thành công. Kích thước tensor: (1, 48, 48, 1)
2026-05-23 11:51:44,437 | INFO     | [904360] 📊 Chi tiết dự đoán: {'ANGRY': 2.62, 'DISGUST': 0.04, 'FEAR': 9.31, 'HAPPY': 4.92, 'NEUTRAL': 18.25, 'SAD': 63.01, 'SURPRISE': 1.86}
2026-05-23 11:51:44,437 | INFO     | [904360] 🎯 KẾT QUẢ CHỐT: SAD (63.01%)
2026-05-23 11:51:44,437 | INFO     | [904360] ⏱️ Thời gian phản hồi: 76.78 ms
2026-05-23 11:51:44,455 | INFO     | [BATCH-904455] ==========================================
2026-05-23 11:51:44,455 | INFO     | [BATCH-904455] 🎞️ NHẬN CHUỖI 60 KHUNG HÌNH (BATCH)
2026-05-23 11:51:44,525 | INFO     | [BATCH-904455] ↳ Frame 1/60: SAD (45.6%)
2026-05-23 11:51:44,591 | INFO     | [BATCH-904455] ↳ Frame 2/60: SAD (48.9%)
2026-05-23 11:51:44,657 | INFO     | [BATCH-904455] ↳ Frame 3/60: SAD (48.9%)
2026-05-23 11:51:44,727 | INFO     | [BATCH-904455] ↳ Frame 4/60: SAD (35.1%)
2026-05-23 11:51:44,793 | INFO     | [BATCH-904455] ↳ Frame 5/60: SAD (45.6%)
2026-05-23 11:51:44,867 | INFO     | [BATCH-904455] ↳ Frame 6/60: SAD (44.0%)
2026-05-23 11:51:44,939 | INFO     | [BATCH-904455] ↳ Frame 7/60: SAD (56.3%)
2026-05-23 11:51:45,007 | INFO     | [BATCH-904455] ↳ Frame 8/60: SAD (55.0%)
2026-05-23 11:51:45,075 | INFO     | [BATCH-904455] ↳ Frame 9/60: SAD (51.2%)
2026-05-23 11:51:45,139 | INFO     | [BATCH-904455] ↳ Frame 10/60: SAD (42.1%)
2026-05-23 11:51:45,201 | INFO     | [BATCH-904455] ↳ Frame 11/60: SAD (46.2%)
2026-05-23 11:51:45,262 | INFO     | [BATCH-904455] ↳ Frame 12/60: SAD (52.0%)
2026-05-23 11:51:45,327 | INFO     | [BATCH-904455] ↳ Frame 13/60: SAD (50.1%)
2026-05-23 11:51:45,387 | INFO     | [BATCH-904455] ↳ Frame 14/60: SAD (50.9%)
2026-05-23 11:51:45,457 | INFO     | [BATCH-904455] ↳ Frame 15/60: SAD (52.4%)
2026-05-23 11:51:45,524 | INFO     | [BATCH-904455] ↳ Frame 16/60: SAD (52.2%)
2026-05-23 11:51:45,590 | INFO     | [BATCH-904455] ↳ Frame 17/60: SAD (48.7%)
2026-05-23 11:51:45,658 | INFO     | [BATCH-904455] ↳ Frame 18/60: SAD (45.0%)
2026-05-23 11:51:45,722 | INFO     | [BATCH-904455] ↳ Frame 19/60: SAD (51.6%)
2026-05-23 11:51:45,788 | INFO     | [BATCH-904455] ↳ Frame 20/60: SAD (40.5%)
2026-05-23 11:51:45,855 | INFO     | [BATCH-904455] ↳ Frame 21/60: SAD (48.1%)
2026-05-23 11:51:45,938 | INFO     | [BATCH-904455] ↳ Frame 22/60: SAD (50.3%)
2026-05-23 11:51:46,023 | INFO     | [BATCH-904455] ↳ Frame 23/60: SAD (47.3%)
2026-05-23 11:51:46,106 | INFO     | [BATCH-904455] ↳ Frame 24/60: SAD (45.5%)
2026-05-23 11:51:46,215 | INFO     | [BATCH-904455] ↳ Frame 25/60: SAD (43.9%)
2026-05-23 11:51:46,330 | INFO     | [BATCH-904455] ↳ Frame 26/60: SAD (53.9%)
2026-05-23 11:51:46,432 | INFO     | [BATCH-904455] ↳ Frame 27/60: SAD (43.7%)
2026-05-23 11:51:46,529 | INFO     | [BATCH-904455] ↳ Frame 28/60: SAD (48.8%)
2026-05-23 11:51:46,701 | INFO     | [BATCH-904455] ↳ Frame 29/60: SAD (42.9%)
2026-05-23 11:51:46,778 | INFO     | [BATCH-904455] ↳ Frame 30/60: SAD (46.0%)
2026-05-23 11:51:46,858 | INFO     | [BATCH-904455] ↳ Frame 31/60: SAD (53.9%)
2026-05-23 11:51:46,933 | INFO     | [BATCH-904455] ↳ Frame 32/60: SAD (47.1%)
2026-05-23 11:51:47,009 | INFO     | [BATCH-904455] ↳ Frame 33/60: SAD (53.6%)
2026-05-23 11:51:47,104 | INFO     | [BATCH-904455] ↳ Frame 34/60: SAD (56.1%)
2026-05-23 11:51:47,170 | INFO     | [BATCH-904455] ↳ Frame 35/60: SAD (48.2%)
2026-05-23 11:51:47,236 | INFO     | [BATCH-904455] ↳ Frame 36/60: SAD (46.8%)
2026-05-23 11:51:47,303 | INFO     | [BATCH-904455] ↳ Frame 37/60: SAD (57.8%)
2026-05-23 11:51:47,376 | INFO     | [BATCH-904455] ↳ Frame 38/60: SAD (50.8%)
2026-05-23 11:51:47,457 | INFO     | [BATCH-904455] ↳ Frame 39/60: SAD (48.0%)
2026-05-23 11:51:47,528 | INFO     | [BATCH-904455] ↳ Frame 40/60: SAD (53.1%)
2026-05-23 11:51:47,597 | INFO     | [BATCH-904455] ↳ Frame 41/60: SAD (54.8%)
2026-05-23 11:51:47,668 | INFO     | [BATCH-904455] ↳ Frame 42/60: SAD (53.4%)
2026-05-23 11:51:47,737 | INFO     | [BATCH-904455] ↳ Frame 43/60: SAD (63.2%)
2026-05-23 11:51:47,806 | INFO     | [BATCH-904455] ↳ Frame 44/60: SAD (63.5%)
2026-05-23 11:51:47,881 | INFO     | [BATCH-904455] ↳ Frame 45/60: SAD (63.9%)
2026-05-23 11:51:47,952 | INFO     | [BATCH-904455] ↳ Frame 46/60: SAD (61.7%)
2026-05-23 11:51:48,028 | INFO     | [BATCH-904455] ↳ Frame 47/60: SAD (64.5%)
2026-05-23 11:51:48,098 | INFO     | [BATCH-904455] ↳ Frame 48/60: SAD (63.9%)
2026-05-23 11:51:48,164 | INFO     | [BATCH-904455] ↳ Frame 49/60: SAD (63.5%)
2026-05-23 11:51:48,233 | INFO     | [BATCH-904455] ↳ Frame 50/60: SAD (67.0%)
2026-05-23 11:51:48,299 | INFO     | [BATCH-904455] ↳ Frame 51/60: SAD (66.3%)
2026-05-23 11:51:48,367 | INFO     | [BATCH-904455] ↳ Frame 52/60: SAD (65.5%)
2026-05-23 11:51:48,458 | INFO     | [BATCH-904455] ↳ Frame 53/60: SAD (64.9%)
2026-05-23 11:51:48,525 | INFO     | [BATCH-904455] ↳ Frame 54/60: SAD (71.0%)
2026-05-23 11:51:48,601 | INFO     | [BATCH-904455] ↳ Frame 55/60: SAD (63.2%)
2026-05-23 11:51:48,678 | INFO     | [BATCH-904455] ↳ Frame 56/60: SAD (63.8%)
2026-05-23 11:51:48,742 | INFO     | [BATCH-904455] ↳ Frame 57/60: SAD (65.4%)
2026-05-23 11:51:48,820 | INFO     | [BATCH-904455] ↳ Frame 58/60: SAD (70.4%)
2026-05-23 11:51:48,901 | INFO     | [BATCH-904455] ↳ Frame 59/60: SAD (65.3%)
2026-05-23 11:51:48,978 | INFO     | [BATCH-904455] ↳ Frame 60/60: SAD (63.5%)
2026-05-23 11:51:48,979 | INFO     | [BATCH-904455] 🎯 KẾT QUẢ CHUỖI: SAD (Tần suất: {'SAD': 60})
2026-05-23 11:51:48,979 | INFO     | [BATCH-904455] ⏱️ Tổng thời gian xử lý: 4523.84 ms
2026-05-23 11:53:40,631 | INFO     | [020631] ------------------------------------------
2026-05-23 11:53:40,631 | INFO     | [020631] 📥 NHẬN YÊU CẦU QUÉT KHUÔN MẶT MỚI
2026-05-23 11:53:40,632 | INFO     | [020631] Đã xử lý ảnh thành công. Kích thước tensor: (1, 48, 48, 1)
2026-05-23 11:53:40,694 | INFO     | [020631] 📊 Chi tiết dự đoán: {'ANGRY': 3.49, 'DISGUST': 0.04, 'FEAR': 7.5, 'HAPPY': 14.42, 'NEUTRAL': 19.32, 'SAD': 53.66, 'SURPRISE': 1.57}
2026-05-23 11:53:40,695 | INFO     | [020631] 🎯 KẾT QUẢ CHỐT: SAD (53.66%)
2026-05-23 11:53:40,695 | INFO     | [020631] ⏱️ Thời gian phản hồi: 63.39 ms
2026-05-23 11:53:40,738 | INFO     | [020738] ------------------------------------------
2026-05-23 11:53:40,738 | INFO     | [020738] 📥 NHẬN YÊU CẦU QUÉT KHUÔN MẶT MỚI
2026-05-23 11:53:40,739 | INFO     | [020738] Đã xử lý ảnh thành công. Kích thước tensor: (1, 48, 48, 1)
2026-05-23 11:53:40,802 | INFO     | [020738] 📊 Chi tiết dự đoán: {'ANGRY': 2.96, 'DISGUST': 0.03, 'FEAR': 7.36, 'HAPPY': 7.61, 'NEUTRAL': 21.21, 'SAD': 59.37, 'SURPRISE': 1.46}
2026-05-23 11:53:40,802 | INFO     | [020738] 🎯 KẾT QUẢ CHỐT: SAD (59.37%)
2026-05-23 11:53:40,802 | INFO     | [020738] ⏱️ Thời gian phản hồi: 63.68 ms
2026-05-23 11:53:40,832 | INFO     | [020832] ------------------------------------------
2026-05-23 11:53:40,832 | INFO     | [020832] 📥 NHẬN YÊU CẦU QUÉT KHUÔN MẶT MỚI
2026-05-23 11:53:40,833 | INFO     | [020832] Đã xử lý ảnh thành công. Kích thước tensor: (1, 48, 48, 1)
2026-05-23 11:53:40,904 | INFO     | [020832] 📊 Chi tiết dự đoán: {'ANGRY': 3.77, 'DISGUST': 0.06, 'FEAR': 6.74, 'HAPPY': 13.69, 'NEUTRAL': 21.6, 'SAD': 52.32, 'SURPRISE': 1.83}
2026-05-23 11:53:40,904 | INFO     | [020832] 🎯 KẾT QUẢ CHỐT: SAD (52.32%)
2026-05-23 11:53:40,904 | INFO     | [020832] ⏱️ Thời gian phản hồi: 71.39 ms
2026-05-23 11:53:40,940 | INFO     | [020940] ------------------------------------------
2026-05-23 11:53:40,941 | INFO     | [020940] 📥 NHẬN YÊU CẦU QUÉT KHUÔN MẶT MỚI
2026-05-23 11:53:40,941 | INFO     | [020940] Đã xử lý ảnh thành công. Kích thước tensor: (1, 48, 48, 1)
2026-05-23 11:53:41,008 | INFO     | [020940] 📊 Chi tiết dự đoán: {'ANGRY': 3.57, 'DISGUST': 0.04, 'FEAR': 7.2, 'HAPPY': 10.28, 'NEUTRAL': 25.76, 'SAD': 51.45, 'SURPRISE': 1.69}
2026-05-23 11:53:41,009 | INFO     | [020940] 🎯 KẾT QUẢ CHỐT: SAD (51.45%)
2026-05-23 11:53:41,009 | INFO     | [020940] ⏱️ Thời gian phản hồi: 67.33 ms
2026-05-23 11:53:41,034 | INFO     | [021034] ------------------------------------------
2026-05-23 11:53:41,035 | INFO     | [021034] 📥 NHẬN YÊU CẦU QUÉT KHUÔN MẶT MỚI
2026-05-23 11:53:41,035 | INFO     | [021034] Đã xử lý ảnh thành công. Kích thước tensor: (1, 48, 48, 1)
2026-05-23 11:53:41,100 | INFO     | [021034] 📊 Chi tiết dự đoán: {'ANGRY': 3.49, 'DISGUST': 0.04, 'FEAR': 7.66, 'HAPPY': 8.16, 'NEUTRAL': 29.43, 'SAD': 49.56, 'SURPRISE': 1.66}
2026-05-23 11:53:41,101 | INFO     | [021034] 🎯 KẾT QUẢ CHỐT: SAD (49.56%)
2026-05-23 11:53:41,101 | INFO     | [021034] ⏱️ Thời gian phản hồi: 65.15 ms
2026-05-23 11:53:41,139 | INFO     | [021139] ------------------------------------------
2026-05-23 11:53:41,141 | INFO     | [021139] 📥 NHẬN YÊU CẦU QUÉT KHUÔN MẶT MỚI
2026-05-23 11:53:41,141 | INFO     | [021139] Đã xử lý ảnh thành công. Kích thước tensor: (1, 48, 48, 1)
2026-05-23 11:53:41,205 | INFO     | [021139] 📊 Chi tiết dự đoán: {'ANGRY': 3.64, 'DISGUST': 0.04, 'FEAR': 7.4, 'HAPPY': 9.33, 'NEUTRAL': 28.6, 'SAD': 48.61, 'SURPRISE': 2.37}
2026-05-23 11:53:41,206 | INFO     | [021139] 🎯 KẾT QUẢ CHỐT: SAD (48.61%)
2026-05-23 11:53:41,206 | INFO     | [021139] ⏱️ Thời gian phản hồi: 65.06 ms
2026-05-23 11:53:41,514 | INFO     | [021514] ------------------------------------------
2026-05-23 11:53:41,514 | INFO     | [021514] 📥 NHẬN YÊU CẦU QUÉT KHUÔN MẶT MỚI
2026-05-23 11:53:41,515 | INFO     | [021514] Đã xử lý ảnh thành công. Kích thước tensor: (1, 48, 48, 1)
2026-05-23 11:53:41,580 | INFO     | [021514] 📊 Chi tiết dự đoán: {'ANGRY': 2.84, 'DISGUST': 0.03, 'FEAR': 7.23, 'HAPPY': 17.39, 'NEUTRAL': 20.75, 'SAD': 49.11, 'SURPRISE': 2.65}
2026-05-23 11:53:41,580 | INFO     | [021514] 🎯 KẾT QUẢ CHỐT: SAD (49.11%)
2026-05-23 11:53:41,580 | INFO     | [021514] ⏱️ Thời gian phản hồi: 65.11 ms
2026-05-23 11:53:41,583 | INFO     | [021583] ------------------------------------------
2026-05-23 11:53:41,583 | INFO     | [021583] 📥 NHẬN YÊU CẦU QUÉT KHUÔN MẶT MỚI
2026-05-23 11:53:41,583 | INFO     | [021583] Đã xử lý ảnh thành công. Kích thước tensor: (1, 48, 48, 1)
2026-05-23 11:53:41,645 | INFO     | [021583] 📊 Chi tiết dự đoán: {'ANGRY': 2.84, 'DISGUST': 0.03, 'FEAR': 7.23, 'HAPPY': 17.39, 'NEUTRAL': 20.75, 'SAD': 49.11, 'SURPRISE': 2.65}
2026-05-23 11:53:41,646 | INFO     | [021583] 🎯 KẾT QUẢ CHỐT: SAD (49.11%)
2026-05-23 11:53:41,646 | INFO     | [021583] ⏱️ Thời gian phản hồi: 61.72 ms
2026-05-23 11:53:41,647 | INFO     | [021647] ------------------------------------------
2026-05-23 11:53:41,647 | INFO     | [021647] 📥 NHẬN YÊU CẦU QUÉT KHUÔN MẶT MỚI
2026-05-23 11:53:41,647 | INFO     | [021647] Đã xử lý ảnh thành công. Kích thước tensor: (1, 48, 48, 1)
2026-05-23 11:53:41,705 | INFO     | [021647] 📊 Chi tiết dự đoán: {'ANGRY': 3.99, 'DISGUST': 0.06, 'FEAR': 6.25, 'HAPPY': 10.67, 'NEUTRAL': 28.47, 'SAD': 48.45, 'SURPRISE': 2.12}
2026-05-23 11:53:41,705 | INFO     | [021647] 🎯 KẾT QUẢ CHỐT: SAD (48.45%)
2026-05-23 11:53:41,705 | INFO     | [021647] ⏱️ Thời gian phản hồi: 57.61 ms
2026-05-23 11:53:41,730 | INFO     | [021730] ------------------------------------------
2026-05-23 11:53:41,730 | INFO     | [021730] 📥 NHẬN YÊU CẦU QUÉT KHUÔN MẶT MỚI
2026-05-23 11:53:41,731 | INFO     | [021730] Đã xử lý ảnh thành công. Kích thước tensor: (1, 48, 48, 1)
2026-05-23 11:53:41,790 | INFO     | [021730] 📊 Chi tiết dự đoán: {'ANGRY': 3.42, 'DISGUST': 0.04, 'FEAR': 6.42, 'HAPPY': 13.39, 'NEUTRAL': 23.16, 'SAD': 51.64, 'SURPRISE': 1.93}
2026-05-23 11:53:41,791 | INFO     | [021730] 🎯 KẾT QUẢ CHỐT: SAD (51.64%)
2026-05-23 11:53:41,792 | INFO     | [021730] ⏱️ Thời gian phản hồi: 60.24 ms
2026-05-23 11:53:41,840 | INFO     | [021839] ------------------------------------------
2026-05-23 11:53:41,840 | INFO     | [021839] 📥 NHẬN YÊU CẦU QUÉT KHUÔN MẶT MỚI
2026-05-23 11:53:41,840 | INFO     | [021839] Đã xử lý ảnh thành công. Kích thước tensor: (1, 48, 48, 1)
2026-05-23 11:53:41,911 | INFO     | [021839] 📊 Chi tiết dự đoán: {'ANGRY': 3.52, 'DISGUST': 0.04, 'FEAR': 6.64, 'HAPPY': 10.17, 'NEUTRAL': 23.15, 'SAD': 55.37, 'SURPRISE': 1.11}
2026-05-23 11:53:41,912 | INFO     | [021839] 🎯 KẾT QUẢ CHỐT: SAD (55.37%)
2026-05-23 11:53:41,912 | INFO     | [021839] ⏱️ Thời gian phản hồi: 71.73 ms
2026-05-23 11:53:41,933 | INFO     | [021933] ------------------------------------------
2026-05-23 11:53:41,934 | INFO     | [021933] 📥 NHẬN YÊU CẦU QUÉT KHUÔN MẶT MỚI
2026-05-23 11:53:41,934 | INFO     | [021933] Đã xử lý ảnh thành công. Kích thước tensor: (1, 48, 48, 1)
2026-05-23 11:53:42,002 | INFO     | [021933] 📊 Chi tiết dự đoán: {'ANGRY': 3.59, 'DISGUST': 0.04, 'FEAR': 7.11, 'HAPPY': 13.75, 'NEUTRAL': 22.26, 'SAD': 51.69, 'SURPRISE': 1.55}
2026-05-23 11:53:42,003 | INFO     | [021933] 🎯 KẾT QUẢ CHỐT: SAD (51.69%)
2026-05-23 11:53:42,003 | INFO     | [021933] ⏱️ Thời gian phản hồi: 68.76 ms
2026-05-23 11:53:42,040 | INFO     | [022040] ------------------------------------------
2026-05-23 11:53:42,041 | INFO     | [022040] 📥 NHẬN YÊU CẦU QUÉT KHUÔN MẶT MỚI
2026-05-23 11:53:42,042 | INFO     | [022040] Đã xử lý ảnh thành công. Kích thước tensor: (1, 48, 48, 1)
2026-05-23 11:53:42,103 | INFO     | [022040] 📊 Chi tiết dự đoán: {'ANGRY': 4.25, 'DISGUST': 0.06, 'FEAR': 6.81, 'HAPPY': 11.17, 'NEUTRAL': 22.56, 'SAD': 53.06, 'SURPRISE': 2.08}
2026-05-23 11:53:42,103 | INFO     | [022040] 🎯 KẾT QUẢ CHỐT: SAD (53.06%)
2026-05-23 11:53:42,103 | INFO     | [022040] ⏱️ Thời gian phản hồi: 63.67 ms
2026-05-23 11:53:42,133 | INFO     | [022133] ------------------------------------------
2026-05-23 11:53:42,133 | INFO     | [022133] 📥 NHẬN YÊU CẦU QUÉT KHUÔN MẶT MỚI
2026-05-23 11:53:42,133 | INFO     | [022133] Đã xử lý ảnh thành công. Kích thước tensor: (1, 48, 48, 1)
2026-05-23 11:53:42,197 | INFO     | [022133] 📊 Chi tiết dự đoán: {'ANGRY': 3.77, 'DISGUST': 0.04, 'FEAR': 6.92, 'HAPPY': 10.6, 'NEUTRAL': 26.06, 'SAD': 50.64, 'SURPRISE': 1.97}
2026-05-23 11:53:42,197 | INFO     | [022133] 🎯 KẾT QUẢ CHỐT: SAD (50.64%)
2026-05-23 11:53:42,197 | INFO     | [022133] ⏱️ Thời gian phản hồi: 63.15 ms
2026-05-23 11:53:42,225 | INFO     | [022225] ------------------------------------------
2026-05-23 11:53:42,225 | INFO     | [022225] 📥 NHẬN YÊU CẦU QUÉT KHUÔN MẶT MỚI
2026-05-23 11:53:42,226 | INFO     | [022225] Đã xử lý ảnh thành công. Kích thước tensor: (1, 48, 48, 1)
2026-05-23 11:53:42,287 | INFO     | [022225] 📊 Chi tiết dự đoán: {'ANGRY': 3.74, 'DISGUST': 0.06, 'FEAR': 6.79, 'HAPPY': 13.43, 'NEUTRAL': 19.4, 'SAD': 54.39, 'SURPRISE': 2.19}
2026-05-23 11:53:42,287 | INFO     | [022225] 🎯 KẾT QUẢ CHỐT: SAD (54.39%)
2026-05-23 11:53:42,287 | INFO     | [022225] ⏱️ Thời gian phản hồi: 61.67 ms
2026-05-23 11:53:42,334 | INFO     | [022334] ------------------------------------------
2026-05-23 11:53:42,334 | INFO     | [022334] 📥 NHẬN YÊU CẦU QUÉT KHUÔN MẶT MỚI
2026-05-23 11:53:42,335 | INFO     | [022334] Đã xử lý ảnh thành công. Kích thước tensor: (1, 48, 48, 1)
2026-05-23 11:53:42,404 | INFO     | [022334] 📊 Chi tiết dự đoán: {'ANGRY': 3.18, 'DISGUST': 0.03, 'FEAR': 7.63, 'HAPPY': 7.27, 'NEUTRAL': 19.27, 'SAD': 61.22, 'SURPRISE': 1.41}
2026-05-23 11:53:42,404 | INFO     | [022334] 🎯 KẾT QUẢ CHỐT: SAD (61.22%)
2026-05-23 11:53:42,404 | INFO     | [022334] ⏱️ Thời gian phản hồi: 70.25 ms
2026-05-23 11:53:42,443 | INFO     | [022443] ------------------------------------------
2026-05-23 11:53:42,443 | INFO     | [022443] 📥 NHẬN YÊU CẦU QUÉT KHUÔN MẶT MỚI
2026-05-23 11:53:42,445 | INFO     | [022443] Đã xử lý ảnh thành công. Kích thước tensor: (1, 48, 48, 1)
2026-05-23 11:53:42,510 | INFO     | [022443] 📊 Chi tiết dự đoán: {'ANGRY': 4.02, 'DISGUST': 0.05, 'FEAR': 7.66, 'HAPPY': 6.78, 'NEUTRAL': 19.15, 'SAD': 61.21, 'SURPRISE': 1.14}
2026-05-23 11:53:42,510 | INFO     | [022443] 🎯 KẾT QUẢ CHỐT: SAD (61.21%)
2026-05-23 11:53:42,511 | INFO     | [022443] ⏱️ Thời gian phản hồi: 66.74 ms
2026-05-23 11:53:42,537 | INFO     | [022537] ------------------------------------------
2026-05-23 11:53:42,537 | INFO     | [022537] 📥 NHẬN YÊU CẦU QUÉT KHUÔN MẶT MỚI
2026-05-23 11:53:42,538 | INFO     | [022537] Đã xử lý ảnh thành công. Kích thước tensor: (1, 48, 48, 1)
2026-05-23 11:53:42,600 | INFO     | [022537] 📊 Chi tiết dự đoán: {'ANGRY': 3.74, 'DISGUST': 0.05, 'FEAR': 7.46, 'HAPPY': 9.28, 'NEUTRAL': 22.95, 'SAD': 54.77, 'SURPRISE': 1.75}
2026-05-23 11:53:42,600 | INFO     | [022537] 🎯 KẾT QUẢ CHỐT: SAD (54.77%)
2026-05-23 11:53:42,600 | INFO     | [022537] ⏱️ Thời gian phản hồi: 62.78 ms
2026-05-23 11:53:42,628 | INFO     | [022628] ------------------------------------------
2026-05-23 11:53:42,629 | INFO     | [022628] 📥 NHẬN YÊU CẦU QUÉT KHUÔN MẶT MỚI
2026-05-23 11:53:42,629 | INFO     | [022628] Đã xử lý ảnh thành công. Kích thước tensor: (1, 48, 48, 1)
2026-05-23 11:53:42,689 | INFO     | [022628] 📊 Chi tiết dự đoán: {'ANGRY': 3.1, 'DISGUST': 0.04, 'FEAR': 6.99, 'HAPPY': 10.31, 'NEUTRAL': 19.91, 'SAD': 57.85, 'SURPRISE': 1.79}
2026-05-23 11:53:42,689 | INFO     | [022628] 🎯 KẾT QUẢ CHỐT: SAD (57.85%)
2026-05-23 11:53:42,689 | INFO     | [022628] ⏱️ Thời gian phản hồi: 59.98 ms
2026-05-23 11:53:42,738 | INFO     | [022738] ------------------------------------------
2026-05-23 11:53:42,738 | INFO     | [022738] 📥 NHẬN YÊU CẦU QUÉT KHUÔN MẶT MỚI
2026-05-23 11:53:42,739 | INFO     | [022738] Đã xử lý ảnh thành công. Kích thước tensor: (1, 48, 48, 1)
2026-05-23 11:53:42,807 | INFO     | [022738] 📊 Chi tiết dự đoán: {'ANGRY': 3.32, 'DISGUST': 0.03, 'FEAR': 7.76, 'HAPPY': 4.78, 'NEUTRAL': 20.74, 'SAD': 61.54, 'SURPRISE': 1.83}
2026-05-23 11:53:42,807 | INFO     | [022738] 🎯 KẾT QUẢ CHỐT: SAD (61.54%)
2026-05-23 11:53:42,808 | INFO     | [022738] ⏱️ Thời gian phản hồi: 69.03 ms
2026-05-23 11:53:42,834 | INFO     | [022834] ------------------------------------------
2026-05-23 11:53:42,834 | INFO     | [022834] 📥 NHẬN YÊU CẦU QUÉT KHUÔN MẶT MỚI
2026-05-23 11:53:42,835 | INFO     | [022834] Đã xử lý ảnh thành công. Kích thước tensor: (1, 48, 48, 1)
2026-05-23 11:53:42,910 | INFO     | [022834] 📊 Chi tiết dự đoán: {'ANGRY': 3.51, 'DISGUST': 0.03, 'FEAR': 7.81, 'HAPPY': 12.4, 'NEUTRAL': 23.3, 'SAD': 50.72, 'SURPRISE': 2.22}
2026-05-23 11:53:42,910 | INFO     | [022834] 🎯 KẾT QUẢ CHỐT: SAD (50.72%)
2026-05-23 11:53:42,910 | INFO     | [022834] ⏱️ Thời gian phản hồi: 76.37 ms
2026-05-23 11:53:42,940 | INFO     | [022940] ------------------------------------------
2026-05-23 11:53:42,941 | INFO     | [022940] 📥 NHẬN YÊU CẦU QUÉT KHUÔN MẶT MỚI
2026-05-23 11:53:42,941 | INFO     | [022940] Đã xử lý ảnh thành công. Kích thước tensor: (1, 48, 48, 1)
2026-05-23 11:53:43,007 | INFO     | [022940] 📊 Chi tiết dự đoán: {'ANGRY': 3.88, 'DISGUST': 0.04, 'FEAR': 7.5, 'HAPPY': 6.28, 'NEUTRAL': 22.68, 'SAD': 57.81, 'SURPRISE': 1.8}
2026-05-23 11:53:43,007 | INFO     | [022940] 🎯 KẾT QUẢ CHỐT: SAD (57.81%)
2026-05-23 11:53:43,007 | INFO     | [022940] ⏱️ Thời gian phản hồi: 67.71 ms
2026-05-23 11:53:43,032 | INFO     | [023032] ------------------------------------------
2026-05-23 11:53:43,032 | INFO     | [023032] 📥 NHẬN YÊU CẦU QUÉT KHUÔN MẶT MỚI
2026-05-23 11:53:43,034 | INFO     | [023032] Đã xử lý ảnh thành công. Kích thước tensor: (1, 48, 48, 1)
2026-05-23 11:53:43,100 | INFO     | [023032] 📊 Chi tiết dự đoán: {'ANGRY': 3.49, 'DISGUST': 0.05, 'FEAR': 7.11, 'HAPPY': 11.71, 'NEUTRAL': 24.34, 'SAD': 51.41, 'SURPRISE': 1.89}
2026-05-23 11:53:43,100 | INFO     | [023032] 🎯 KẾT QUẢ CHỐT: SAD (51.41%)
2026-05-23 11:53:43,101 | INFO     | [023032] ⏱️ Thời gian phản hồi: 68.06 ms
2026-05-23 11:53:43,140 | INFO     | [023140] ------------------------------------------
2026-05-23 11:53:43,140 | INFO     | [023140] 📥 NHẬN YÊU CẦU QUÉT KHUÔN MẶT MỚI
2026-05-23 11:53:43,141 | INFO     | [023140] Đã xử lý ảnh thành công. Kích thước tensor: (1, 48, 48, 1)
2026-05-23 11:53:43,201 | INFO     | [023140] 📊 Chi tiết dự đoán: {'ANGRY': 4.0, 'DISGUST': 0.06, 'FEAR': 7.49, 'HAPPY': 10.39, 'NEUTRAL': 27.41, 'SAD': 48.71, 'SURPRISE': 1.94}
2026-05-23 11:53:43,201 | INFO     | [023140] 🎯 KẾT QUẢ CHỐT: SAD (48.71%)
2026-05-23 11:53:43,202 | INFO     | [023140] ⏱️ Thời gian phản hồi: 60.33 ms
2026-05-23 11:53:43,235 | INFO     | [023235] ------------------------------------------
2026-05-23 11:53:43,236 | INFO     | [023235] 📥 NHẬN YÊU CẦU QUÉT KHUÔN MẶT MỚI
2026-05-23 11:53:43,237 | INFO     | [023235] Đã xử lý ảnh thành công. Kích thước tensor: (1, 48, 48, 1)
2026-05-23 11:53:43,313 | INFO     | [023235] 📊 Chi tiết dự đoán: {'ANGRY': 3.12, 'DISGUST': 0.04, 'FEAR': 7.16, 'HAPPY': 8.68, 'NEUTRAL': 25.99, 'SAD': 53.56, 'SURPRISE': 1.45}
2026-05-23 11:53:43,314 | INFO     | [023235] 🎯 KẾT QUẢ CHỐT: SAD (53.56%)
2026-05-23 11:53:43,314 | INFO     | [023235] ⏱️ Thời gian phản hồi: 78.08 ms
2026-05-23 11:53:43,327 | INFO     | [023327] ------------------------------------------
2026-05-23 11:53:43,327 | INFO     | [023327] 📥 NHẬN YÊU CẦU QUÉT KHUÔN MẶT MỚI
2026-05-23 11:53:43,329 | INFO     | [023327] Đã xử lý ảnh thành công. Kích thước tensor: (1, 48, 48, 1)
2026-05-23 11:53:43,411 | INFO     | [023327] 📊 Chi tiết dự đoán: {'ANGRY': 3.15, 'DISGUST': 0.03, 'FEAR': 7.18, 'HAPPY': 9.95, 'NEUTRAL': 17.52, 'SAD': 60.67, 'SURPRISE': 1.5}
2026-05-23 11:53:43,411 | INFO     | [023327] 🎯 KẾT QUẢ CHỐT: SAD (60.67%)
2026-05-23 11:53:43,411 | INFO     | [023327] ⏱️ Thời gian phản hồi: 84.05 ms
2026-05-23 11:53:43,451 | INFO     | [023451] ------------------------------------------
2026-05-23 11:53:43,451 | INFO     | [023451] 📥 NHẬN YÊU CẦU QUÉT KHUÔN MẶT MỚI
2026-05-23 11:53:43,452 | INFO     | [023451] Đã xử lý ảnh thành công. Kích thước tensor: (1, 48, 48, 1)
2026-05-23 11:53:43,529 | INFO     | [023451] 📊 Chi tiết dự đoán: {'ANGRY': 3.19, 'DISGUST': 0.03, 'FEAR': 8.02, 'HAPPY': 12.85, 'NEUTRAL': 22.25, 'SAD': 51.4, 'SURPRISE': 2.25}
2026-05-23 11:53:43,529 | INFO     | [023451] 🎯 KẾT QUẢ CHỐT: SAD (51.40%)
2026-05-23 11:53:43,529 | INFO     | [023451] ⏱️ Thời gian phản hồi: 78.68 ms
2026-05-23 11:53:43,531 | INFO     | [023531] ------------------------------------------
2026-05-23 11:53:43,533 | INFO     | [023531] 📥 NHẬN YÊU CẦU QUÉT KHUÔN MẶT MỚI
2026-05-23 11:53:43,533 | INFO     | [023531] Đã xử lý ảnh thành công. Kích thước tensor: (1, 48, 48, 1)
2026-05-23 11:53:43,605 | INFO     | [023531] 📊 Chi tiết dự đoán: {'ANGRY': 4.02, 'DISGUST': 0.05, 'FEAR': 7.52, 'HAPPY': 6.68, 'NEUTRAL': 21.35, 'SAD': 57.86, 'SURPRISE': 2.53}
2026-05-23 11:53:43,605 | INFO     | [023531] 🎯 KẾT QUẢ CHỐT: SAD (57.86%)
2026-05-23 11:53:43,605 | INFO     | [023531] ⏱️ Thời gian phản hồi: 73.26 ms
2026-05-23 11:53:43,635 | INFO     | [023635] ------------------------------------------
2026-05-23 11:53:43,636 | INFO     | [023635] 📥 NHẬN YÊU CẦU QUÉT KHUÔN MẶT MỚI
2026-05-23 11:53:43,636 | INFO     | [023635] Đã xử lý ảnh thành công. Kích thước tensor: (1, 48, 48, 1)
2026-05-23 11:53:43,709 | INFO     | [023635] 📊 Chi tiết dự đoán: {'ANGRY': 4.08, 'DISGUST': 0.06, 'FEAR': 7.74, 'HAPPY': 9.46, 'NEUTRAL': 22.7, 'SAD': 54.22, 'SURPRISE': 1.75}
2026-05-23 11:53:43,709 | INFO     | [023635] 🎯 KẾT QUẢ CHỐT: SAD (54.22%)
2026-05-23 11:53:43,709 | INFO     | [023635] ⏱️ Thời gian phản hồi: 73.86 ms
2026-05-23 11:53:43,729 | INFO     | [023729] ------------------------------------------
2026-05-23 11:53:43,730 | INFO     | [023729] 📥 NHẬN YÊU CẦU QUÉT KHUÔN MẶT MỚI
2026-05-23 11:53:43,730 | INFO     | [023729] Đã xử lý ảnh thành công. Kích thước tensor: (1, 48, 48, 1)
2026-05-23 11:53:43,797 | INFO     | [023729] 📊 Chi tiết dự đoán: {'ANGRY': 2.89, 'DISGUST': 0.03, 'FEAR': 7.04, 'HAPPY': 14.14, 'NEUTRAL': 20.7, 'SAD': 53.26, 'SURPRISE': 1.93}
2026-05-23 11:53:43,797 | INFO     | [023729] 🎯 KẾT QUẢ CHỐT: SAD (53.26%)
2026-05-23 11:53:43,798 | INFO     | [023729] ⏱️ Thời gian phản hồi: 68.16 ms
2026-05-23 11:53:43,836 | INFO     | [023836] ------------------------------------------
2026-05-23 11:53:43,836 | INFO     | [023836] 📥 NHẬN YÊU CẦU QUÉT KHUÔN MẶT MỚI
2026-05-23 11:53:43,837 | INFO     | [023836] Đã xử lý ảnh thành công. Kích thước tensor: (1, 48, 48, 1)
2026-05-23 11:53:43,892 | INFO     | [023836] 📊 Chi tiết dự đoán: {'ANGRY': 3.42, 'DISGUST': 0.04, 'FEAR': 7.59, 'HAPPY': 7.88, 'NEUTRAL': 21.3, 'SAD': 58.04, 'SURPRISE': 1.74}
2026-05-23 11:53:43,892 | INFO     | [023836] 🎯 KẾT QUẢ CHỐT: SAD (58.04%)
2026-05-23 11:53:43,893 | INFO     | [023836] ⏱️ Thời gian phản hồi: 56.49 ms
2026-05-23 11:53:43,946 | INFO     | [023946] ------------------------------------------
2026-05-23 11:53:43,947 | INFO     | [023946] 📥 NHẬN YÊU CẦU QUÉT KHUÔN MẶT MỚI
2026-05-23 11:53:43,947 | INFO     | [023946] Đã xử lý ảnh thành công. Kích thước tensor: (1, 48, 48, 1)
2026-05-23 11:53:44,000 | INFO     | [023946] 📊 Chi tiết dự đoán: {'ANGRY': 3.61, 'DISGUST': 0.04, 'FEAR': 7.72, 'HAPPY': 9.37, 'NEUTRAL': 20.18, 'SAD': 57.23, 'SURPRISE': 1.85}
2026-05-23 11:53:44,001 | INFO     | [023946] 🎯 KẾT QUẢ CHỐT: SAD (57.23%)
2026-05-23 11:53:44,001 | INFO     | [023946] ⏱️ Thời gian phản hồi: 53.76 ms
2026-05-23 11:53:44,026 | INFO     | [024026] ------------------------------------------
2026-05-23 11:53:44,026 | INFO     | [024026] 📥 NHẬN YÊU CẦU QUÉT KHUÔN MẶT MỚI
2026-05-23 11:53:44,027 | INFO     | [024026] Đã xử lý ảnh thành công. Kích thước tensor: (1, 48, 48, 1)
2026-05-23 11:53:44,086 | INFO     | [024026] 📊 Chi tiết dự đoán: {'ANGRY': 3.46, 'DISGUST': 0.04, 'FEAR': 7.42, 'HAPPY': 8.15, 'NEUTRAL': 23.99, 'SAD': 54.9, 'SURPRISE': 2.04}
2026-05-23 11:53:44,086 | INFO     | [024026] 🎯 KẾT QUẢ CHỐT: SAD (54.90%)
2026-05-23 11:53:44,087 | INFO     | [024026] ⏱️ Thời gian phản hồi: 60.49 ms
2026-05-23 11:53:44,149 | INFO     | [024149] ------------------------------------------
2026-05-23 11:53:44,149 | INFO     | [024149] 📥 NHẬN YÊU CẦU QUÉT KHUÔN MẶT MỚI
2026-05-23 11:53:44,150 | INFO     | [024149] Đã xử lý ảnh thành công. Kích thước tensor: (1, 48, 48, 1)
2026-05-23 11:53:44,221 | INFO     | [024149] 📊 Chi tiết dự đoán: {'ANGRY': 3.99, 'DISGUST': 0.06, 'FEAR': 8.09, 'HAPPY': 10.48, 'NEUTRAL': 22.25, 'SAD': 52.12, 'SURPRISE': 3.01}
2026-05-23 11:53:44,221 | INFO     | [024149] 🎯 KẾT QUẢ CHỐT: SAD (52.12%)
2026-05-23 11:53:44,221 | INFO     | [024149] ⏱️ Thời gian phản hồi: 72.05 ms
2026-05-23 11:53:44,243 | INFO     | [024243] ------------------------------------------
2026-05-23 11:53:44,244 | INFO     | [024243] 📥 NHẬN YÊU CẦU QUÉT KHUÔN MẶT MỚI
2026-05-23 11:53:44,244 | INFO     | [024243] Đã xử lý ảnh thành công. Kích thước tensor: (1, 48, 48, 1)
2026-05-23 11:53:44,308 | INFO     | [024243] 📊 Chi tiết dự đoán: {'ANGRY': 3.27, 'DISGUST': 0.04, 'FEAR': 7.5, 'HAPPY': 8.35, 'NEUTRAL': 25.76, 'SAD': 53.11, 'SURPRISE': 1.97}
2026-05-23 11:53:44,308 | INFO     | [024243] 🎯 KẾT QUẢ CHỐT: SAD (53.11%)
2026-05-23 11:53:44,308 | INFO     | [024243] ⏱️ Thời gian phản hồi: 64.56 ms
2026-05-23 11:53:44,337 | INFO     | [024337] ------------------------------------------
2026-05-23 11:53:44,337 | INFO     | [024337] 📥 NHẬN YÊU CẦU QUÉT KHUÔN MẶT MỚI
2026-05-23 11:53:44,337 | INFO     | [024337] Đã xử lý ảnh thành công. Kích thước tensor: (1, 48, 48, 1)
2026-05-23 11:53:44,398 | INFO     | [024337] 📊 Chi tiết dự đoán: {'ANGRY': 3.0, 'DISGUST': 0.03, 'FEAR': 8.05, 'HAPPY': 12.73, 'NEUTRAL': 22.46, 'SAD': 51.5, 'SURPRISE': 2.23}
2026-05-23 11:53:44,398 | INFO     | [024337] 🎯 KẾT QUẢ CHỐT: SAD (51.50%)
2026-05-23 11:53:44,398 | INFO     | [024337] ⏱️ Thời gian phản hồi: 61.19 ms
2026-05-23 11:53:44,429 | INFO     | [024429] ------------------------------------------
2026-05-23 11:53:44,429 | INFO     | [024429] 📥 NHẬN YÊU CẦU QUÉT KHUÔN MẶT MỚI
2026-05-23 11:53:44,430 | INFO     | [024429] Đã xử lý ảnh thành công. Kích thước tensor: (1, 48, 48, 1)
2026-05-23 11:53:44,492 | INFO     | [024429] 📊 Chi tiết dự đoán: {'ANGRY': 3.67, 'DISGUST': 0.04, 'FEAR': 8.01, 'HAPPY': 8.92, 'NEUTRAL': 27.49, 'SAD': 49.45, 'SURPRISE': 2.41}
2026-05-23 11:53:44,492 | INFO     | [024429] 🎯 KẾT QUẢ CHỐT: SAD (49.45%)
2026-05-23 11:53:44,492 | INFO     | [024429] ⏱️ Thời gian phản hồi: 62.35 ms
2026-05-23 11:53:44,538 | INFO     | [024538] ------------------------------------------
2026-05-23 11:53:44,538 | INFO     | [024538] 📥 NHẬN YÊU CẦU QUÉT KHUÔN MẶT MỚI
2026-05-23 11:53:44,540 | INFO     | [024538] Đã xử lý ảnh thành công. Kích thước tensor: (1, 48, 48, 1)
2026-05-23 11:53:44,607 | INFO     | [024538] 📊 Chi tiết dự đoán: {'ANGRY': 3.58, 'DISGUST': 0.03, 'FEAR': 8.41, 'HAPPY': 7.32, 'NEUTRAL': 26.65, 'SAD': 52.09, 'SURPRISE': 1.92}
2026-05-23 11:53:44,607 | INFO     | [024538] 🎯 KẾT QUẢ CHỐT: SAD (52.09%)
2026-05-23 11:53:44,607 | INFO     | [024538] ⏱️ Thời gian phản hồi: 68.96 ms
2026-05-23 11:53:44,633 | INFO     | [024633] ------------------------------------------
2026-05-23 11:53:44,633 | INFO     | [024633] 📥 NHẬN YÊU CẦU QUÉT KHUÔN MẶT MỚI
2026-05-23 11:53:44,634 | INFO     | [024633] Đã xử lý ảnh thành công. Kích thước tensor: (1, 48, 48, 1)
2026-05-23 11:53:44,708 | INFO     | [024633] 📊 Chi tiết dự đoán: {'ANGRY': 3.38, 'DISGUST': 0.03, 'FEAR': 8.1, 'HAPPY': 7.75, 'NEUTRAL': 25.97, 'SAD': 52.44, 'SURPRISE': 2.33}
2026-05-23 11:53:44,709 | INFO     | [024633] 🎯 KẾT QUẢ CHỐT: SAD (52.44%)
2026-05-23 11:53:44,709 | INFO     | [024633] ⏱️ Thời gian phản hồi: 75.13 ms
2026-05-23 11:53:44,725 | INFO     | [024725] ------------------------------------------
2026-05-23 11:53:44,725 | INFO     | [024725] 📥 NHẬN YÊU CẦU QUÉT KHUÔN MẶT MỚI
2026-05-23 11:53:44,726 | INFO     | [024725] Đã xử lý ảnh thành công. Kích thước tensor: (1, 48, 48, 1)
2026-05-23 11:53:44,792 | INFO     | [024725] 📊 Chi tiết dự đoán: {'ANGRY': 3.01, 'DISGUST': 0.05, 'FEAR': 11.55, 'HAPPY': 8.21, 'NEUTRAL': 15.44, 'SAD': 59.37, 'SURPRISE': 2.35}
2026-05-23 11:53:44,792 | INFO     | [024725] 🎯 KẾT QUẢ CHỐT: SAD (59.37%)
2026-05-23 11:53:44,792 | INFO     | [024725] ⏱️ Thời gian phản hồi: 67.07 ms
2026-05-23 11:53:44,818 | INFO     | [024818] ------------------------------------------
2026-05-23 11:53:44,818 | INFO     | [024818] 📥 NHẬN YÊU CẦU QUÉT KHUÔN MẶT MỚI
2026-05-23 11:53:44,819 | INFO     | [024818] Đã xử lý ảnh thành công. Kích thước tensor: (1, 48, 48, 1)
2026-05-23 11:53:44,878 | INFO     | [024818] 📊 Chi tiết dự đoán: {'ANGRY': 3.27, 'DISGUST': 0.03, 'FEAR': 11.48, 'HAPPY': 7.08, 'NEUTRAL': 13.74, 'SAD': 61.74, 'SURPRISE': 2.66}
2026-05-23 11:53:44,878 | INFO     | [024818] 🎯 KẾT QUẢ CHỐT: SAD (61.74%)
2026-05-23 11:53:44,879 | INFO     | [024818] ⏱️ Thời gian phản hồi: 59.81 ms
2026-05-23 11:53:44,926 | INFO     | [024926] ------------------------------------------
2026-05-23 11:53:44,926 | INFO     | [024926] 📥 NHẬN YÊU CẦU QUÉT KHUÔN MẶT MỚI
2026-05-23 11:53:44,927 | INFO     | [024926] Đã xử lý ảnh thành công. Kích thước tensor: (1, 48, 48, 1)
2026-05-23 11:53:44,986 | INFO     | [024926] 📊 Chi tiết dự đoán: {'ANGRY': 2.88, 'DISGUST': 0.03, 'FEAR': 10.49, 'HAPPY': 6.8, 'NEUTRAL': 16.72, 'SAD': 60.95, 'SURPRISE': 2.13}
2026-05-23 11:53:44,986 | INFO     | [024926] 🎯 KẾT QUẢ CHỐT: SAD (60.95%)
2026-05-23 11:53:44,986 | INFO     | [024926] ⏱️ Thời gian phản hồi: 59.33 ms
2026-05-23 11:53:45,020 | INFO     | [025020] ------------------------------------------
2026-05-23 11:53:45,021 | INFO     | [025020] 📥 NHẬN YÊU CẦU QUÉT KHUÔN MẶT MỚI
2026-05-23 11:53:45,021 | INFO     | [025020] Đã xử lý ảnh thành công. Kích thước tensor: (1, 48, 48, 1)
2026-05-23 11:53:45,085 | INFO     | [025020] 📊 Chi tiết dự đoán: {'ANGRY': 3.42, 'DISGUST': 0.04, 'FEAR': 11.36, 'HAPPY': 4.51, 'NEUTRAL': 16.08, 'SAD': 62.56, 'SURPRISE': 2.04}
2026-05-23 11:53:45,085 | INFO     | [025020] 🎯 KẾT QUẢ CHỐT: SAD (62.56%)
2026-05-23 11:53:45,085 | INFO     | [025020] ⏱️ Thời gian phản hồi: 65.1 ms
2026-05-23 11:53:45,129 | INFO     | [025129] ------------------------------------------
2026-05-23 11:53:45,129 | INFO     | [025129] 📥 NHẬN YÊU CẦU QUÉT KHUÔN MẶT MỚI
2026-05-23 11:53:45,130 | INFO     | [025129] Đã xử lý ảnh thành công. Kích thước tensor: (1, 48, 48, 1)
2026-05-23 11:53:45,187 | INFO     | [025129] 📊 Chi tiết dự đoán: {'ANGRY': 3.57, 'DISGUST': 0.03, 'FEAR': 12.0, 'HAPPY': 4.78, 'NEUTRAL': 16.07, 'SAD': 61.57, 'SURPRISE': 1.97}
2026-05-23 11:53:45,188 | INFO     | [025129] 🎯 KẾT QUẢ CHỐT: SAD (61.57%)
2026-05-23 11:53:45,188 | INFO     | [025129] ⏱️ Thời gian phản hồi: 57.48 ms
2026-05-23 11:53:45,222 | INFO     | [025222] ------------------------------------------
2026-05-23 11:53:45,222 | INFO     | [025222] 📥 NHẬN YÊU CẦU QUÉT KHUÔN MẶT MỚI
2026-05-23 11:53:45,224 | INFO     | [025222] Đã xử lý ảnh thành công. Kích thước tensor: (1, 48, 48, 1)
2026-05-23 11:53:45,300 | INFO     | [025222] 📊 Chi tiết dự đoán: {'ANGRY': 2.87, 'DISGUST': 0.03, 'FEAR': 11.23, 'HAPPY': 9.18, 'NEUTRAL': 15.13, 'SAD': 58.87, 'SURPRISE': 2.69}
2026-05-23 11:53:45,300 | INFO     | [025222] 🎯 KẾT QUẢ CHỐT: SAD (58.87%)
2026-05-23 11:53:45,300 | INFO     | [025222] ⏱️ Thời gian phản hồi: 77.46 ms
2026-05-23 11:53:45,333 | INFO     | [025333] ------------------------------------------
2026-05-23 11:53:45,334 | INFO     | [025333] 📥 NHẬN YÊU CẦU QUÉT KHUÔN MẶT MỚI
2026-05-23 11:53:45,334 | INFO     | [025333] Đã xử lý ảnh thành công. Kích thước tensor: (1, 48, 48, 1)
2026-05-23 11:53:45,393 | INFO     | [025333] 📊 Chi tiết dự đoán: {'ANGRY': 3.27, 'DISGUST': 0.03, 'FEAR': 11.86, 'HAPPY': 6.25, 'NEUTRAL': 15.31, 'SAD': 61.07, 'SURPRISE': 2.21}
2026-05-23 11:53:45,393 | INFO     | [025333] 🎯 KẾT QUẢ CHỐT: SAD (61.07%)
2026-05-23 11:53:45,393 | INFO     | [025333] ⏱️ Thời gian phản hồi: 60.38 ms
2026-05-23 11:53:45,426 | INFO     | [025426] ------------------------------------------
2026-05-23 11:53:45,428 | INFO     | [025426] 📥 NHẬN YÊU CẦU QUÉT KHUÔN MẶT MỚI
2026-05-23 11:53:45,428 | INFO     | [025426] Đã xử lý ảnh thành công. Kích thước tensor: (1, 48, 48, 1)
2026-05-23 11:53:45,488 | INFO     | [025426] 📊 Chi tiết dự đoán: {'ANGRY': 3.35, 'DISGUST': 0.04, 'FEAR': 11.12, 'HAPPY': 6.03, 'NEUTRAL': 12.67, 'SAD': 64.8, 'SURPRISE': 1.99}
2026-05-23 11:53:45,488 | INFO     | [025426] 🎯 KẾT QUẢ CHỐT: SAD (64.80%)
2026-05-23 11:53:45,488 | INFO     | [025426] ⏱️ Thời gian phản hồi: 61.57 ms
2026-05-23 11:53:45,522 | INFO     | [025522] ------------------------------------------
2026-05-23 11:53:45,522 | INFO     | [025522] 📥 NHẬN YÊU CẦU QUÉT KHUÔN MẶT MỚI
2026-05-23 11:53:45,523 | INFO     | [025522] Đã xử lý ảnh thành công. Kích thước tensor: (1, 48, 48, 1)
2026-05-23 11:53:45,595 | INFO     | [025522] 📊 Chi tiết dự đoán: {'ANGRY': 3.71, 'DISGUST': 0.05, 'FEAR': 11.4, 'HAPPY': 7.25, 'NEUTRAL': 16.11, 'SAD': 59.07, 'SURPRISE': 2.41}
2026-05-23 11:53:45,595 | INFO     | [025522] 🎯 KẾT QUẢ CHỐT: SAD (59.07%)
2026-05-23 11:53:45,595 | INFO     | [025522] ⏱️ Thời gian phản hồi: 73.06 ms
2026-05-23 11:53:45,631 | INFO     | [025631] ------------------------------------------
2026-05-23 11:53:45,632 | INFO     | [025631] 📥 NHẬN YÊU CẦU QUÉT KHUÔN MẶT MỚI
2026-05-23 11:53:45,632 | INFO     | [025631] Đã xử lý ảnh thành công. Kích thước tensor: (1, 48, 48, 1)
2026-05-23 11:53:45,696 | INFO     | [025631] 📊 Chi tiết dự đoán: {'ANGRY': 3.16, 'DISGUST': 0.03, 'FEAR': 11.17, 'HAPPY': 8.87, 'NEUTRAL': 14.63, 'SAD': 59.3, 'SURPRISE': 2.84}
2026-05-23 11:53:45,696 | INFO     | [025631] 🎯 KẾT QUẢ CHỐT: SAD (59.30%)
2026-05-23 11:53:45,697 | INFO     | [025631] ⏱️ Thời gian phản hồi: 65.55 ms
2026-05-23 11:53:45,723 | INFO     | [025723] ------------------------------------------
2026-05-23 11:53:45,723 | INFO     | [025723] 📥 NHẬN YÊU CẦU QUÉT KHUÔN MẶT MỚI
2026-05-23 11:53:45,724 | INFO     | [025723] Đã xử lý ảnh thành công. Kích thước tensor: (1, 48, 48, 1)
2026-05-23 11:53:45,778 | INFO     | [025723] 📊 Chi tiết dự đoán: {'ANGRY': 2.79, 'DISGUST': 0.03, 'FEAR': 11.05, 'HAPPY': 9.26, 'NEUTRAL': 12.73, 'SAD': 61.41, 'SURPRISE': 2.72}
2026-05-23 11:53:45,778 | INFO     | [025723] 🎯 KẾT QUẢ CHỐT: SAD (61.41%)
2026-05-23 11:53:45,778 | INFO     | [025723] ⏱️ Thời gian phản hồi: 54.85 ms
2026-05-23 11:53:45,832 | INFO     | [025832] ------------------------------------------
2026-05-23 11:53:45,833 | INFO     | [025832] 📥 NHẬN YÊU CẦU QUÉT KHUÔN MẶT MỚI
2026-05-23 11:53:45,833 | INFO     | [025832] Đã xử lý ảnh thành công. Kích thước tensor: (1, 48, 48, 1)
2026-05-23 11:53:45,891 | INFO     | [025832] 📊 Chi tiết dự đoán: {'ANGRY': 3.04, 'DISGUST': 0.06, 'FEAR': 10.12, 'HAPPY': 12.05, 'NEUTRAL': 15.37, 'SAD': 56.72, 'SURPRISE': 2.65}
2026-05-23 11:53:45,891 | INFO     | [025832] 🎯 KẾT QUẢ CHỐT: SAD (56.72%)
2026-05-23 11:53:45,892 | INFO     | [025832] ⏱️ Thời gian phản hồi: 59.06 ms
2026-05-23 11:53:45,925 | INFO     | [025925] ------------------------------------------
2026-05-23 11:53:45,925 | INFO     | [025925] 📥 NHẬN YÊU CẦU QUÉT KHUÔN MẶT MỚI
2026-05-23 11:53:45,925 | INFO     | [025925] Đã xử lý ảnh thành công. Kích thước tensor: (1, 48, 48, 1)
2026-05-23 11:53:45,990 | INFO     | [025925] 📊 Chi tiết dự đoán: {'ANGRY': 2.97, 'DISGUST': 0.05, 'FEAR': 12.19, 'HAPPY': 9.55, 'NEUTRAL': 13.69, 'SAD': 58.67, 'SURPRISE': 2.88}
2026-05-23 11:53:45,990 | INFO     | [025925] 🎯 KẾT QUẢ CHỐT: SAD (58.67%)
2026-05-23 11:53:45,990 | INFO     | [025925] ⏱️ Thời gian phản hồi: 64.11 ms
2026-05-23 11:53:46,019 | INFO     | [026019] ------------------------------------------
2026-05-23 11:53:46,019 | INFO     | [026019] 📥 NHẬN YÊU CẦU QUÉT KHUÔN MẶT MỚI
2026-05-23 11:53:46,020 | INFO     | [026019] Đã xử lý ảnh thành công. Kích thước tensor: (1, 48, 48, 1)
2026-05-23 11:53:46,093 | INFO     | [026019] 📊 Chi tiết dự đoán: {'ANGRY': 2.58, 'DISGUST': 0.03, 'FEAR': 10.1, 'HAPPY': 12.92, 'NEUTRAL': 16.22, 'SAD': 55.59, 'SURPRISE': 2.56}
2026-05-23 11:53:46,093 | INFO     | [026019] 🎯 KẾT QUẢ CHỐT: SAD (55.59%)
2026-05-23 11:53:46,094 | INFO     | [026019] ⏱️ Thời gian phản hồi: 73.77 ms
2026-05-23 11:53:46,127 | INFO     | [026127] ------------------------------------------
2026-05-23 11:53:46,127 | INFO     | [026127] 📥 NHẬN YÊU CẦU QUÉT KHUÔN MẶT MỚI
2026-05-23 11:53:46,128 | INFO     | [026127] Đã xử lý ảnh thành công. Kích thước tensor: (1, 48, 48, 1)
2026-05-23 11:53:46,194 | INFO     | [026127] 📊 Chi tiết dự đoán: {'ANGRY': 2.95, 'DISGUST': 0.04, 'FEAR': 11.18, 'HAPPY': 10.89, 'NEUTRAL': 16.53, 'SAD': 55.26, 'SURPRISE': 3.13}
2026-05-23 11:53:46,194 | INFO     | [026127] 🎯 KẾT QUẢ CHỐT: SAD (55.26%)
2026-05-23 11:53:46,194 | INFO     | [026127] ⏱️ Thời gian phản hồi: 66.11 ms
2026-05-23 11:53:46,236 | INFO     | [026236] ------------------------------------------
2026-05-23 11:53:46,237 | INFO     | [026236] 📥 NHẬN YÊU CẦU QUÉT KHUÔN MẶT MỚI
2026-05-23 11:53:46,237 | INFO     | [026236] Đã xử lý ảnh thành công. Kích thước tensor: (1, 48, 48, 1)
2026-05-23 11:53:46,305 | INFO     | [026236] 📊 Chi tiết dự đoán: {'ANGRY': 2.82, 'DISGUST': 0.04, 'FEAR': 11.05, 'HAPPY': 7.95, 'NEUTRAL': 16.11, 'SAD': 59.51, 'SURPRISE': 2.51}
2026-05-23 11:53:46,305 | INFO     | [026236] 🎯 KẾT QUẢ CHỐT: SAD (59.51%)
2026-05-23 11:53:46,305 | INFO     | [026236] ⏱️ Thời gian phản hồi: 69.31 ms
2026-05-23 11:53:46,330 | INFO     | [026330] ------------------------------------------
2026-05-23 11:53:46,330 | INFO     | [026330] 📥 NHẬN YÊU CẦU QUÉT KHUÔN MẶT MỚI
2026-05-23 11:53:46,332 | INFO     | [026330] Đã xử lý ảnh thành công. Kích thước tensor: (1, 48, 48, 1)
2026-05-23 11:53:46,397 | INFO     | [026330] 📊 Chi tiết dự đoán: {'ANGRY': 4.33, 'DISGUST': 0.04, 'FEAR': 9.74, 'HAPPY': 6.21, 'NEUTRAL': 23.6, 'SAD': 53.6, 'SURPRISE': 2.48}
2026-05-23 11:53:46,397 | INFO     | [026330] 🎯 KẾT QUẢ CHỐT: SAD (53.60%)
2026-05-23 11:53:46,397 | INFO     | [026330] ⏱️ Thời gian phản hồi: 66.3 ms
2026-05-23 11:53:46,437 | INFO     | [026437] ------------------------------------------
2026-05-23 11:53:46,438 | INFO     | [026437] 📥 NHẬN YÊU CẦU QUÉT KHUÔN MẶT MỚI
2026-05-23 11:53:46,438 | INFO     | [026437] Đã xử lý ảnh thành công. Kích thước tensor: (1, 48, 48, 1)
2026-05-23 11:53:46,505 | INFO     | [026437] 📊 Chi tiết dự đoán: {'ANGRY': 3.76, 'DISGUST': 0.03, 'FEAR': 10.49, 'HAPPY': 13.01, 'NEUTRAL': 23.05, 'SAD': 46.9, 'SURPRISE': 2.75}
2026-05-23 11:53:46,507 | INFO     | [026437] 🎯 KẾT QUẢ CHỐT: SAD (46.90%)
2026-05-23 11:53:46,507 | INFO     | [026437] ⏱️ Thời gian phản hồi: 68.62 ms
2026-05-23 11:53:46,530 | INFO     | [026530] ------------------------------------------
2026-05-23 11:53:46,532 | INFO     | [026530] 📥 NHẬN YÊU CẦU QUÉT KHUÔN MẶT MỚI
2026-05-23 11:53:46,532 | INFO     | [026530] Đã xử lý ảnh thành công. Kích thước tensor: (1, 48, 48, 1)
2026-05-23 11:53:46,605 | INFO     | [026530] 📊 Chi tiết dự đoán: {'ANGRY': 4.83, 'DISGUST': 0.04, 'FEAR': 11.97, 'HAPPY': 6.82, 'NEUTRAL': 26.01, 'SAD': 48.33, 'SURPRISE': 2.02}
2026-05-23 11:53:46,606 | INFO     | [026530] 🎯 KẾT QUẢ CHỐT: SAD (48.33%)
2026-05-23 11:53:46,606 | INFO     | [026530] ⏱️ Thời gian phản hồi: 74.26 ms
2026-05-23 11:53:46,642 | INFO     | [026642] ------------------------------------------
2026-05-23 11:53:46,642 | INFO     | [026642] 📥 NHẬN YÊU CẦU QUÉT KHUÔN MẶT MỚI
2026-05-23 11:53:46,643 | INFO     | [026642] Đã xử lý ảnh thành công. Kích thước tensor: (1, 48, 48, 1)
2026-05-23 11:53:46,702 | INFO     | [026642] 📊 Chi tiết dự đoán: {'ANGRY': 5.41, 'DISGUST': 0.04, 'FEAR': 11.72, 'HAPPY': 9.18, 'NEUTRAL': 30.76, 'SAD': 40.47, 'SURPRISE': 2.41}
2026-05-23 11:53:46,702 | INFO     | [026642] 🎯 KẾT QUẢ CHỐT: SAD (40.47%)
2026-05-23 11:53:46,702 | INFO     | [026642] ⏱️ Thời gian phản hồi: 60.05 ms
2026-05-23 11:53:46,734 | INFO     | [026734] ------------------------------------------
2026-05-23 11:53:46,735 | INFO     | [026734] 📥 NHẬN YÊU CẦU QUÉT KHUÔN MẶT MỚI
2026-05-23 11:53:46,735 | INFO     | [026734] Đã xử lý ảnh thành công. Kích thước tensor: (1, 48, 48, 1)
2026-05-23 11:53:46,791 | INFO     | [026734] 📊 Chi tiết dự đoán: {'ANGRY': 5.6, 'DISGUST': 0.04, 'FEAR': 12.35, 'HAPPY': 11.57, 'NEUTRAL': 26.96, 'SAD': 40.86, 'SURPRISE': 2.62}
2026-05-23 11:53:46,791 | INFO     | [026734] 🎯 KẾT QUẢ CHỐT: SAD (40.86%)
2026-05-23 11:53:46,791 | INFO     | [026734] ⏱️ Thời gian phản hồi: 57.16 ms
2026-05-23 11:53:46,842 | INFO     | [026842] ------------------------------------------
2026-05-23 11:53:46,842 | INFO     | [026842] 📥 NHẬN YÊU CẦU QUÉT KHUÔN MẶT MỚI
2026-05-23 11:53:46,843 | INFO     | [026842] Đã xử lý ảnh thành công. Kích thước tensor: (1, 48, 48, 1)
2026-05-23 11:53:46,902 | INFO     | [026842] 📊 Chi tiết dự đoán: {'ANGRY': 5.37, 'DISGUST': 0.04, 'FEAR': 12.2, 'HAPPY': 7.95, 'NEUTRAL': 29.01, 'SAD': 42.6, 'SURPRISE': 2.83}
2026-05-23 11:53:46,902 | INFO     | [026842] 🎯 KẾT QUẢ CHỐT: SAD (42.60%)
2026-05-23 11:53:46,902 | INFO     | [026842] ⏱️ Thời gian phản hồi: 60.1 ms
2026-05-23 11:53:46,936 | INFO     | [026935] ------------------------------------------
2026-05-23 11:53:46,936 | INFO     | [026935] 📥 NHẬN YÊU CẦU QUÉT KHUÔN MẶT MỚI
2026-05-23 11:53:46,936 | INFO     | [026935] Đã xử lý ảnh thành công. Kích thước tensor: (1, 48, 48, 1)
2026-05-23 11:53:46,995 | INFO     | [026935] 📊 Chi tiết dự đoán: {'ANGRY': 5.05, 'DISGUST': 0.04, 'FEAR': 12.44, 'HAPPY': 7.61, 'NEUTRAL': 26.69, 'SAD': 45.48, 'SURPRISE': 2.69}
2026-05-23 11:53:46,995 | INFO     | [026935] 🎯 KẾT QUẢ CHỐT: SAD (45.48%)
2026-05-23 11:53:46,995 | INFO     | [026935] ⏱️ Thời gian phản hồi: 60.66 ms
2026-05-23 11:53:47,029 | INFO     | [027029] ------------------------------------------
2026-05-23 11:53:47,029 | INFO     | [027029] 📥 NHẬN YÊU CẦU QUÉT KHUÔN MẶT MỚI
2026-05-23 11:53:47,030 | INFO     | [027029] Đã xử lý ảnh thành công. Kích thước tensor: (1, 48, 48, 1)
2026-05-23 11:53:47,089 | INFO     | [027029] 📊 Chi tiết dự đoán: {'ANGRY': 4.67, 'DISGUST': 0.04, 'FEAR': 12.11, 'HAPPY': 8.96, 'NEUTRAL': 28.03, 'SAD': 42.42, 'SURPRISE': 3.77}
2026-05-23 11:53:47,091 | INFO     | [027029] 🎯 KẾT QUẢ CHỐT: SAD (42.42%)
2026-05-23 11:53:47,091 | INFO     | [027029] ⏱️ Thời gian phản hồi: 59.83 ms
2026-05-23 11:53:47,138 | INFO     | [027138] ------------------------------------------
2026-05-23 11:53:47,138 | INFO     | [027138] 📥 NHẬN YÊU CẦU QUÉT KHUÔN MẶT MỚI
2026-05-23 11:53:47,138 | INFO     | [027138] Đã xử lý ảnh thành công. Kích thước tensor: (1, 48, 48, 1)
2026-05-23 11:53:47,199 | INFO     | [027138] 📊 Chi tiết dự đoán: {'ANGRY': 4.15, 'DISGUST': 0.04, 'FEAR': 11.44, 'HAPPY': 8.13, 'NEUTRAL': 25.22, 'SAD': 47.3, 'SURPRISE': 3.72}
2026-05-23 11:53:47,201 | INFO     | [027138] 🎯 KẾT QUẢ CHỐT: SAD (47.30%)
2026-05-23 11:53:47,201 | INFO     | [027138] ⏱️ Thời gian phản hồi: 60.89 ms
2026-05-23 11:53:47,231 | INFO     | [027231] ------------------------------------------
2026-05-23 11:53:47,231 | INFO     | [027231] 📥 NHẬN YÊU CẦU QUÉT KHUÔN MẶT MỚI
2026-05-23 11:53:47,232 | INFO     | [027231] Đã xử lý ảnh thành công. Kích thước tensor: (1, 48, 48, 1)
2026-05-23 11:53:47,298 | INFO     | [027231] 📊 Chi tiết dự đoán: {'ANGRY': 3.73, 'DISGUST': 0.03, 'FEAR': 10.54, 'HAPPY': 7.58, 'NEUTRAL': 24.37, 'SAD': 51.19, 'SURPRISE': 2.56}
2026-05-23 11:53:47,298 | INFO     | [027231] 🎯 KẾT QUẢ CHỐT: SAD (51.19%)
2026-05-23 11:53:47,298 | INFO     | [027231] ⏱️ Thời gian phản hồi: 67.69 ms
2026-05-23 11:53:47,341 | INFO     | [027341] ------------------------------------------
2026-05-23 11:53:47,341 | INFO     | [027341] 📥 NHẬN YÊU CẦU QUÉT KHUÔN MẶT MỚI
2026-05-23 11:53:47,341 | INFO     | [027341] Đã xử lý ảnh thành công. Kích thước tensor: (1, 48, 48, 1)
2026-05-23 11:53:47,408 | INFO     | [027341] 📊 Chi tiết dự đoán: {'ANGRY': 4.03, 'DISGUST': 0.03, 'FEAR': 8.69, 'HAPPY': 5.98, 'NEUTRAL': 26.41, 'SAD': 52.57, 'SURPRISE': 2.28}
2026-05-23 11:53:47,409 | INFO     | [027341] 🎯 KẾT QUẢ CHỐT: SAD (52.57%)
2026-05-23 11:53:47,409 | INFO     | [027341] ⏱️ Thời gian phản hồi: 67.11 ms
2026-05-23 11:53:47,435 | INFO     | [027435] ------------------------------------------
2026-05-23 11:53:47,436 | INFO     | [027435] 📥 NHẬN YÊU CẦU QUÉT KHUÔN MẶT MỚI
2026-05-23 11:53:47,436 | INFO     | [027435] Đã xử lý ảnh thành công. Kích thước tensor: (1, 48, 48, 1)
2026-05-23 11:53:47,507 | INFO     | [027435] 📊 Chi tiết dự đoán: {'ANGRY': 3.5, 'DISGUST': 0.03, 'FEAR': 8.66, 'HAPPY': 6.57, 'NEUTRAL': 22.44, 'SAD': 56.67, 'SURPRISE': 2.14}
2026-05-23 11:53:47,507 | INFO     | [027435] 🎯 KẾT QUẢ CHỐT: SAD (56.67%)
2026-05-23 11:53:47,507 | INFO     | [027435] ⏱️ Thời gian phản hồi: 71.41 ms
2026-05-23 11:53:47,527 | INFO     | [027527] ------------------------------------------
2026-05-23 11:53:47,527 | INFO     | [027527] 📥 NHẬN YÊU CẦU QUÉT KHUÔN MẶT MỚI
2026-05-23 11:53:47,527 | INFO     | [027527] Đã xử lý ảnh thành công. Kích thước tensor: (1, 48, 48, 1)
2026-05-23 11:53:47,591 | INFO     | [027527] 📊 Chi tiết dự đoán: {'ANGRY': 3.69, 'DISGUST': 0.03, 'FEAR': 8.53, 'HAPPY': 9.03, 'NEUTRAL': 22.42, 'SAD': 54.03, 'SURPRISE': 2.26}
2026-05-23 11:53:47,592 | INFO     | [027527] 🎯 KẾT QUẢ CHỐT: SAD (54.03%)
2026-05-23 11:53:47,592 | INFO     | [027527] ⏱️ Thời gian phản hồi: 63.8 ms
2026-05-23 11:53:47,635 | INFO     | [027635] ------------------------------------------
2026-05-23 11:53:47,635 | INFO     | [027635] 📥 NHẬN YÊU CẦU QUÉT KHUÔN MẶT MỚI
2026-05-23 11:53:47,635 | INFO     | [027635] Đã xử lý ảnh thành công. Kích thước tensor: (1, 48, 48, 1)
2026-05-23 11:53:47,697 | INFO     | [027635] 📊 Chi tiết dự đoán: {'ANGRY': 3.6, 'DISGUST': 0.04, 'FEAR': 8.05, 'HAPPY': 8.3, 'NEUTRAL': 18.94, 'SAD': 59.22, 'SURPRISE': 1.86}
2026-05-23 11:53:47,697 | INFO     | [027635] 🎯 KẾT QUẢ CHỐT: SAD (59.22%)
2026-05-23 11:53:47,697 | INFO     | [027635] ⏱️ Thời gian phản hồi: 61.26 ms
2026-05-23 11:53:47,727 | INFO     | [027727] ------------------------------------------
2026-05-23 11:53:47,728 | INFO     | [027727] 📥 NHẬN YÊU CẦU QUÉT KHUÔN MẶT MỚI
2026-05-23 11:53:47,729 | INFO     | [027727] Đã xử lý ảnh thành công. Kích thước tensor: (1, 48, 48, 1)
2026-05-23 11:53:47,821 | INFO     | [027727] 📊 Chi tiết dự đoán: {'ANGRY': 2.93, 'DISGUST': 0.03, 'FEAR': 7.85, 'HAPPY': 9.85, 'NEUTRAL': 20.12, 'SAD': 56.73, 'SURPRISE': 2.5}
2026-05-23 11:53:47,821 | INFO     | [027727] 🎯 KẾT QUẢ CHỐT: SAD (56.73%)
2026-05-23 11:53:47,821 | INFO     | [027727] ⏱️ Thời gian phản hồi: 93.86 ms
2026-05-23 11:53:47,835 | INFO     | [027835] ------------------------------------------
2026-05-23 11:53:47,836 | INFO     | [027835] 📥 NHẬN YÊU CẦU QUÉT KHUÔN MẶT MỚI
2026-05-23 11:53:47,836 | INFO     | [027835] Đã xử lý ảnh thành công. Kích thước tensor: (1, 48, 48, 1)
2026-05-23 11:53:47,894 | INFO     | [027835] 📊 Chi tiết dự đoán: {'ANGRY': 3.04, 'DISGUST': 0.03, 'FEAR': 8.43, 'HAPPY': 15.87, 'NEUTRAL': 17.14, 'SAD': 52.77, 'SURPRISE': 2.73}
2026-05-23 11:53:47,896 | INFO     | [027835] 🎯 KẾT QUẢ CHỐT: SAD (52.77%)
2026-05-23 11:53:47,896 | INFO     | [027835] ⏱️ Thời gian phản hồi: 59.16 ms
2026-05-23 11:53:47,931 | INFO     | [027931] ------------------------------------------
2026-05-23 11:53:47,931 | INFO     | [027931] 📥 NHẬN YÊU CẦU QUÉT KHUÔN MẶT MỚI
2026-05-23 11:53:47,931 | INFO     | [027931] Đã xử lý ảnh thành công. Kích thước tensor: (1, 48, 48, 1)
2026-05-23 11:53:47,994 | INFO     | [027931] 📊 Chi tiết dự đoán: {'ANGRY': 3.41, 'DISGUST': 0.03, 'FEAR': 9.01, 'HAPPY': 9.89, 'NEUTRAL': 20.08, 'SAD': 55.18, 'SURPRISE': 2.39}
2026-05-23 11:53:47,995 | INFO     | [027931] 🎯 KẾT QUẢ CHỐT: SAD (55.18%)
2026-05-23 11:53:47,995 | INFO     | [027931] ⏱️ Thời gian phản hồi: 62.75 ms
2026-05-23 11:53:48,040 | INFO     | [028040] ------------------------------------------
2026-05-23 11:53:48,041 | INFO     | [028040] 📥 NHẬN YÊU CẦU QUÉT KHUÔN MẶT MỚI
2026-05-23 11:53:48,041 | INFO     | [028040] Đã xử lý ảnh thành công. Kích thước tensor: (1, 48, 48, 1)
2026-05-23 11:53:48,098 | INFO     | [028040] 📊 Chi tiết dự đoán: {'ANGRY': 3.42, 'DISGUST': 0.03, 'FEAR': 9.11, 'HAPPY': 8.67, 'NEUTRAL': 19.48, 'SAD': 56.59, 'SURPRISE': 2.7}
2026-05-23 11:53:48,098 | INFO     | [028040] 🎯 KẾT QUẢ CHỐT: SAD (56.59%)
2026-05-23 11:53:48,098 | INFO     | [028040] ⏱️ Thời gian phản hồi: 57.74 ms
2026-05-23 11:53:48,135 | INFO     | [028135] ------------------------------------------
2026-05-23 11:53:48,135 | INFO     | [028135] 📥 NHẬN YÊU CẦU QUÉT KHUÔN MẶT MỚI
2026-05-23 11:53:48,135 | INFO     | [028135] Đã xử lý ảnh thành công. Kích thước tensor: (1, 48, 48, 1)
2026-05-23 11:53:48,197 | INFO     | [028135] 📊 Chi tiết dự đoán: {'ANGRY': 3.16, 'DISGUST': 0.03, 'FEAR': 9.12, 'HAPPY': 7.11, 'NEUTRAL': 18.83, 'SAD': 58.67, 'SURPRISE': 3.08}
2026-05-23 11:53:48,197 | INFO     | [028135] 🎯 KẾT QUẢ CHỐT: SAD (58.67%)
2026-05-23 11:53:48,197 | INFO     | [028135] ⏱️ Thời gian phản hồi: 61.18 ms
2026-05-23 11:53:48,228 | INFO     | [028228] ------------------------------------------
2026-05-23 11:53:48,228 | INFO     | [028228] 📥 NHẬN YÊU CẦU QUÉT KHUÔN MẶT MỚI
2026-05-23 11:53:48,230 | INFO     | [028228] Đã xử lý ảnh thành công. Kích thước tensor: (1, 48, 48, 1)
2026-05-23 11:53:48,287 | INFO     | [028228] 📊 Chi tiết dự đoán: {'ANGRY': 3.63, 'DISGUST': 0.04, 'FEAR': 6.49, 'HAPPY': 7.81, 'NEUTRAL': 21.27, 'SAD': 59.03, 'SURPRISE': 1.74}
2026-05-23 11:53:48,287 | INFO     | [028228] 🎯 KẾT QUẢ CHỐT: SAD (59.03%)
2026-05-23 11:53:48,287 | INFO     | [028228] ⏱️ Thời gian phản hồi: 58.11 ms
2026-05-23 11:53:48,338 | INFO     | [028338] ------------------------------------------
2026-05-23 11:53:48,338 | INFO     | [028338] 📥 NHẬN YÊU CẦU QUÉT KHUÔN MẶT MỚI
2026-05-23 11:53:48,338 | INFO     | [028338] Đã xử lý ảnh thành công. Kích thước tensor: (1, 48, 48, 1)
2026-05-23 11:53:48,400 | INFO     | [028338] 📊 Chi tiết dự đoán: {'ANGRY': 3.45, 'DISGUST': 0.04, 'FEAR': 7.83, 'HAPPY': 6.7, 'NEUTRAL': 18.36, 'SAD': 61.29, 'SURPRISE': 2.33}
2026-05-23 11:53:48,400 | INFO     | [028338] 🎯 KẾT QUẢ CHỐT: SAD (61.29%)
2026-05-23 11:53:48,400 | INFO     | [028338] ⏱️ Thời gian phản hồi: 62.94 ms
2026-05-23 11:53:48,430 | INFO     | [028430] ------------------------------------------
2026-05-23 11:53:48,430 | INFO     | [028430] 📥 NHẬN YÊU CẦU QUÉT KHUÔN MẶT MỚI
2026-05-23 11:53:48,432 | INFO     | [028430] Đã xử lý ảnh thành công. Kích thước tensor: (1, 48, 48, 1)
2026-05-23 11:53:48,493 | INFO     | [028430] 📊 Chi tiết dự đoán: {'ANGRY': 3.07, 'DISGUST': 0.03, 'FEAR': 7.57, 'HAPPY': 12.58, 'NEUTRAL': 16.41, 'SAD': 58.25, 'SURPRISE': 2.08}
2026-05-23 11:53:48,494 | INFO     | [028430] 🎯 KẾT QUẢ CHỐT: SAD (58.25%)
2026-05-23 11:53:48,494 | INFO     | [028430] ⏱️ Thời gian phản hồi: 62.64 ms
2026-05-23 11:53:48,540 | INFO     | [028540] ------------------------------------------
2026-05-23 11:53:48,542 | INFO     | [028540] 📥 NHẬN YÊU CẦU QUÉT KHUÔN MẶT MỚI
2026-05-23 11:53:48,542 | INFO     | [028540] Đã xử lý ảnh thành công. Kích thước tensor: (1, 48, 48, 1)
2026-05-23 11:53:48,603 | INFO     | [028540] 📊 Chi tiết dự đoán: {'ANGRY': 4.24, 'DISGUST': 0.06, 'FEAR': 7.56, 'HAPPY': 7.39, 'NEUTRAL': 17.93, 'SAD': 60.84, 'SURPRISE': 1.98}
2026-05-23 11:53:48,603 | INFO     | [028540] 🎯 KẾT QUẢ CHỐT: SAD (60.84%)
2026-05-23 11:53:48,603 | INFO     | [028540] ⏱️ Thời gian phản hồi: 62.95 ms
2026-05-23 11:53:48,634 | INFO     | [028634] ------------------------------------------
2026-05-23 11:53:48,635 | INFO     | [028634] 📥 NHẬN YÊU CẦU QUÉT KHUÔN MẶT MỚI
2026-05-23 11:53:48,635 | INFO     | [028634] Đã xử lý ảnh thành công. Kích thước tensor: (1, 48, 48, 1)
2026-05-23 11:53:48,694 | INFO     | [028634] 📊 Chi tiết dự đoán: {'ANGRY': 3.83, 'DISGUST': 0.03, 'FEAR': 8.15, 'HAPPY': 9.48, 'NEUTRAL': 20.93, 'SAD': 55.49, 'SURPRISE': 2.09}
2026-05-23 11:53:48,694 | INFO     | [028634] 🎯 KẾT QUẢ CHỐT: SAD (55.49%)
2026-05-23 11:53:48,694 | INFO     | [028634] ⏱️ Thời gian phản hồi: 60.31 ms
2026-05-23 11:53:48,729 | INFO     | [028729] ------------------------------------------
2026-05-23 11:53:48,730 | INFO     | [028729] 📥 NHẬN YÊU CẦU QUÉT KHUÔN MẶT MỚI
2026-05-23 11:53:48,731 | INFO     | [028729] Đã xử lý ảnh thành công. Kích thước tensor: (1, 48, 48, 1)
2026-05-23 11:53:48,794 | INFO     | [028729] 📊 Chi tiết dự đoán: {'ANGRY': 3.64, 'DISGUST': 0.03, 'FEAR': 8.03, 'HAPPY': 7.97, 'NEUTRAL': 19.83, 'SAD': 58.5, 'SURPRISE': 2.0}
2026-05-23 11:53:48,794 | INFO     | [028729] 🎯 KẾT QUẢ CHỐT: SAD (58.50%)
2026-05-23 11:53:48,795 | INFO     | [028729] ⏱️ Thời gian phản hồi: 65.06 ms
2026-05-23 11:53:48,837 | INFO     | [028837] ------------------------------------------
2026-05-23 11:53:48,837 | INFO     | [028837] 📥 NHẬN YÊU CẦU QUÉT KHUÔN MẶT MỚI
2026-05-23 11:53:48,837 | INFO     | [028837] Đã xử lý ảnh thành công. Kích thước tensor: (1, 48, 48, 1)
2026-05-23 11:53:48,895 | INFO     | [028837] 📊 Chi tiết dự đoán: {'ANGRY': 3.93, 'DISGUST': 0.04, 'FEAR': 8.16, 'HAPPY': 9.59, 'NEUTRAL': 19.88, 'SAD': 56.39, 'SURPRISE': 2.0}
2026-05-23 11:53:48,895 | INFO     | [028837] 🎯 KẾT QUẢ CHỐT: SAD (56.39%)
2026-05-23 11:53:48,895 | INFO     | [028837] ⏱️ Thời gian phản hồi: 58.51 ms
2026-05-23 11:53:48,931 | INFO     | [028931] ------------------------------------------
2026-05-23 11:53:48,931 | INFO     | [028931] 📥 NHẬN YÊU CẦU QUÉT KHUÔN MẶT MỚI
2026-05-23 11:53:48,932 | INFO     | [028931] Đã xử lý ảnh thành công. Kích thước tensor: (1, 48, 48, 1)
2026-05-23 11:53:48,988 | INFO     | [028931] 📊 Chi tiết dự đoán: {'ANGRY': 3.85, 'DISGUST': 0.04, 'FEAR': 8.73, 'HAPPY': 9.68, 'NEUTRAL': 19.89, 'SAD': 55.03, 'SURPRISE': 2.79}
2026-05-23 11:53:48,988 | INFO     | [028931] 🎯 KẾT QUẢ CHỐT: SAD (55.03%)
2026-05-23 11:53:48,988 | INFO     | [028931] ⏱️ Thời gian phản hồi: 56.52 ms
2026-05-23 11:53:49,041 | INFO     | [029041] ------------------------------------------
2026-05-23 11:53:49,041 | INFO     | [029041] 📥 NHẬN YÊU CẦU QUÉT KHUÔN MẶT MỚI
2026-05-23 11:53:49,042 | INFO     | [029041] Đã xử lý ảnh thành công. Kích thước tensor: (1, 48, 48, 1)
2026-05-23 11:53:49,105 | INFO     | [029041] 📊 Chi tiết dự đoán: {'ANGRY': 3.96, 'DISGUST': 0.04, 'FEAR': 8.47, 'HAPPY': 11.05, 'NEUTRAL': 20.81, 'SAD': 52.94, 'SURPRISE': 2.73}
2026-05-23 11:53:49,105 | INFO     | [029041] 🎯 KẾT QUẢ CHỐT: SAD (52.94%)
2026-05-23 11:53:49,105 | INFO     | [029041] ⏱️ Thời gian phản hồi: 63.68 ms
2026-05-23 11:53:49,133 | INFO     | [029133] ------------------------------------------
2026-05-23 11:53:49,133 | INFO     | [029133] 📥 NHẬN YÊU CẦU QUÉT KHUÔN MẶT MỚI
2026-05-23 11:53:49,134 | INFO     | [029133] Đã xử lý ảnh thành công. Kích thước tensor: (1, 48, 48, 1)
2026-05-23 11:53:49,199 | INFO     | [029133] 📊 Chi tiết dự đoán: {'ANGRY': 3.71, 'DISGUST': 0.03, 'FEAR': 8.75, 'HAPPY': 9.75, 'NEUTRAL': 17.36, 'SAD': 57.3, 'SURPRISE': 3.09}
2026-05-23 11:53:49,200 | INFO     | [029133] 🎯 KẾT QUẢ CHỐT: SAD (57.30%)
2026-05-23 11:53:49,200 | INFO     | [029133] ⏱️ Thời gian phản hồi: 65.42 ms
2026-05-23 11:53:49,241 | INFO     | [029241] ------------------------------------------
2026-05-23 11:53:49,241 | INFO     | [029241] 📥 NHẬN YÊU CẦU QUÉT KHUÔN MẶT MỚI
2026-05-23 11:53:49,241 | INFO     | [029241] Đã xử lý ảnh thành công. Kích thước tensor: (1, 48, 48, 1)
2026-05-23 11:53:49,300 | INFO     | [029241] 📊 Chi tiết dự đoán: {'ANGRY': 3.78, 'DISGUST': 0.04, 'FEAR': 7.54, 'HAPPY': 15.07, 'NEUTRAL': 18.87, 'SAD': 52.41, 'SURPRISE': 2.29}
2026-05-23 11:53:49,301 | INFO     | [029241] 🎯 KẾT QUẢ CHỐT: SAD (52.41%)
2026-05-23 11:53:49,301 | INFO     | [029241] ⏱️ Thời gian phản hồi: 58.76 ms
2026-05-23 11:53:49,333 | INFO     | [029333] ------------------------------------------
2026-05-23 11:53:49,333 | INFO     | [029333] 📥 NHẬN YÊU CẦU QUÉT KHUÔN MẶT MỚI
2026-05-23 11:53:49,334 | INFO     | [029333] Đã xử lý ảnh thành công. Kích thước tensor: (1, 48, 48, 1)
2026-05-23 11:53:49,396 | INFO     | [029333] 📊 Chi tiết dự đoán: {'ANGRY': 3.41, 'DISGUST': 0.03, 'FEAR': 8.61, 'HAPPY': 8.46, 'NEUTRAL': 15.8, 'SAD': 61.65, 'SURPRISE': 2.05}
2026-05-23 11:53:49,396 | INFO     | [029333] 🎯 KẾT QUẢ CHỐT: SAD (61.65%)
2026-05-23 11:53:49,396 | INFO     | [029333] ⏱️ Thời gian phản hồi: 62.94 ms
2026-05-23 11:53:49,426 | INFO     | [029426] ------------------------------------------
2026-05-23 11:53:49,427 | INFO     | [029426] 📥 NHẬN YÊU CẦU QUÉT KHUÔN MẶT MỚI
2026-05-23 11:53:49,427 | INFO     | [029426] Đã xử lý ảnh thành công. Kích thước tensor: (1, 48, 48, 1)
2026-05-23 11:53:49,485 | INFO     | [029426] 📊 Chi tiết dự đoán: {'ANGRY': 3.84, 'DISGUST': 0.04, 'FEAR': 8.32, 'HAPPY': 8.09, 'NEUTRAL': 18.98, 'SAD': 58.23, 'SURPRISE': 2.5}
2026-05-23 11:53:49,485 | INFO     | [029426] 🎯 KẾT QUẢ CHỐT: SAD (58.23%)
2026-05-23 11:53:49,485 | INFO     | [029426] ⏱️ Thời gian phản hồi: 59.49 ms
2026-05-23 11:53:49,537 | INFO     | [029537] ------------------------------------------
2026-05-23 11:53:49,537 | INFO     | [029537] 📥 NHẬN YÊU CẦU QUÉT KHUÔN MẶT MỚI
2026-05-23 11:53:49,538 | INFO     | [029537] Đã xử lý ảnh thành công. Kích thước tensor: (1, 48, 48, 1)
2026-05-23 11:53:49,596 | INFO     | [029537] 📊 Chi tiết dự đoán: {'ANGRY': 3.42, 'DISGUST': 0.03, 'FEAR': 7.78, 'HAPPY': 9.01, 'NEUTRAL': 19.26, 'SAD': 58.81, 'SURPRISE': 1.69}
2026-05-23 11:53:49,596 | INFO     | [029537] 🎯 KẾT QUẢ CHỐT: SAD (58.81%)
2026-05-23 11:53:49,596 | INFO     | [029537] ⏱️ Thời gian phản hồi: 58.75 ms
2026-05-23 11:53:49,632 | INFO     | [029632] ------------------------------------------
2026-05-23 11:53:49,632 | INFO     | [029632] 📥 NHẬN YÊU CẦU QUÉT KHUÔN MẶT MỚI
2026-05-23 11:53:49,632 | INFO     | [029632] Đã xử lý ảnh thành công. Kích thước tensor: (1, 48, 48, 1)
2026-05-23 11:53:49,689 | INFO     | [029632] 📊 Chi tiết dự đoán: {'ANGRY': 3.5, 'DISGUST': 0.03, 'FEAR': 8.36, 'HAPPY': 8.59, 'NEUTRAL': 17.01, 'SAD': 60.64, 'SURPRISE': 1.87}
2026-05-23 11:53:49,689 | INFO     | [029632] 🎯 KẾT QUẢ CHỐT: SAD (60.64%)
2026-05-23 11:53:49,689 | INFO     | [029632] ⏱️ Thời gian phản hồi: 57.18 ms
2026-05-23 11:53:49,740 | INFO     | [029740] ------------------------------------------
2026-05-23 11:53:49,740 | INFO     | [029740] 📥 NHẬN YÊU CẦU QUÉT KHUÔN MẶT MỚI
2026-05-23 11:53:49,740 | INFO     | [029740] Đã xử lý ảnh thành công. Kích thước tensor: (1, 48, 48, 1)
2026-05-23 11:53:49,800 | INFO     | [029740] 📊 Chi tiết dự đoán: {'ANGRY': 3.77, 'DISGUST': 0.03, 'FEAR': 8.74, 'HAPPY': 10.43, 'NEUTRAL': 17.88, 'SAD': 56.9, 'SURPRISE': 2.24}
2026-05-23 11:53:49,800 | INFO     | [029740] 🎯 KẾT QUẢ CHỐT: SAD (56.90%)
2026-05-23 11:53:49,800 | INFO     | [029740] ⏱️ Thời gian phản hồi: 60.1 ms
2026-05-23 11:53:49,836 | INFO     | [029836] ------------------------------------------
2026-05-23 11:53:49,836 | INFO     | [029836] 📥 NHẬN YÊU CẦU QUÉT KHUÔN MẶT MỚI
2026-05-23 11:53:49,837 | INFO     | [029836] Đã xử lý ảnh thành công. Kích thước tensor: (1, 48, 48, 1)
2026-05-23 11:53:49,895 | INFO     | [029836] 📊 Chi tiết dự đoán: {'ANGRY': 3.39, 'DISGUST': 0.03, 'FEAR': 7.77, 'HAPPY': 7.94, 'NEUTRAL': 19.79, 'SAD': 59.06, 'SURPRISE': 2.01}
2026-05-23 11:53:49,895 | INFO     | [029836] 🎯 KẾT QUẢ CHỐT: SAD (59.06%)
2026-05-23 11:53:49,895 | INFO     | [029836] ⏱️ Thời gian phản hồi: 58.72 ms
2026-05-23 11:53:49,930 | INFO     | [029930] ------------------------------------------
2026-05-23 11:53:49,931 | INFO     | [029930] 📥 NHẬN YÊU CẦU QUÉT KHUÔN MẶT MỚI
2026-05-23 11:53:49,931 | INFO     | [029930] Đã xử lý ảnh thành công. Kích thước tensor: (1, 48, 48, 1)
2026-05-23 11:53:49,989 | INFO     | [029930] 📊 Chi tiết dự đoán: {'ANGRY': 3.71, 'DISGUST': 0.04, 'FEAR': 7.72, 'HAPPY': 10.55, 'NEUTRAL': 21.04, 'SAD': 54.86, 'SURPRISE': 2.08}
2026-05-23 11:53:49,990 | INFO     | [029930] 🎯 KẾT QUẢ CHỐT: SAD (54.86%)
2026-05-23 11:53:49,990 | INFO     | [029930] ⏱️ Thời gian phản hồi: 59.08 ms
2026-05-23 11:53:50,038 | INFO     | [030038] ------------------------------------------
2026-05-23 11:53:50,038 | INFO     | [030038] 📥 NHẬN YÊU CẦU QUÉT KHUÔN MẶT MỚI
2026-05-23 11:53:50,038 | INFO     | [030038] Đã xử lý ảnh thành công. Kích thước tensor: (1, 48, 48, 1)
2026-05-23 11:53:50,097 | INFO     | [030038] 📊 Chi tiết dự đoán: {'ANGRY': 3.79, 'DISGUST': 0.03, 'FEAR': 8.72, 'HAPPY': 7.82, 'NEUTRAL': 17.78, 'SAD': 59.83, 'SURPRISE': 2.03}
2026-05-23 11:53:50,100 | INFO     | [030038] 🎯 KẾT QUẢ CHỐT: SAD (59.83%)
2026-05-23 11:53:50,102 | INFO     | [030038] ⏱️ Thời gian phản hồi: 58.56 ms
2026-05-23 11:53:50,131 | INFO     | [030131] ------------------------------------------
2026-05-23 11:53:50,132 | INFO     | [030131] 📥 NHẬN YÊU CẦU QUÉT KHUÔN MẶT MỚI
2026-05-23 11:53:50,132 | INFO     | [030131] Đã xử lý ảnh thành công. Kích thước tensor: (1, 48, 48, 1)
2026-05-23 11:53:50,198 | INFO     | [030131] 📊 Chi tiết dự đoán: {'ANGRY': 3.77, 'DISGUST': 0.04, 'FEAR': 8.15, 'HAPPY': 8.47, 'NEUTRAL': 20.66, 'SAD': 56.39, 'SURPRISE': 2.54}
2026-05-23 11:53:50,198 | INFO     | [030131] 🎯 KẾT QUẢ CHỐT: SAD (56.39%)
2026-05-23 11:53:50,200 | INFO     | [030131] ⏱️ Thời gian phản hồi: 67.03 ms
2026-05-23 11:53:50,226 | INFO     | [030226] ------------------------------------------
2026-05-23 11:53:50,227 | INFO     | [030226] 📥 NHẬN YÊU CẦU QUÉT KHUÔN MẶT MỚI
2026-05-23 11:53:50,227 | INFO     | [030226] Đã xử lý ảnh thành công. Kích thước tensor: (1, 48, 48, 1)
2026-05-23 11:53:50,292 | INFO     | [030226] 📊 Chi tiết dự đoán: {'ANGRY': 3.5, 'DISGUST': 0.04, 'FEAR': 6.8, 'HAPPY': 12.38, 'NEUTRAL': 17.34, 'SAD': 57.97, 'SURPRISE': 1.96}
2026-05-23 11:53:50,293 | INFO     | [030226] 🎯 KẾT QUẢ CHỐT: SAD (57.97%)
2026-05-23 11:53:50,293 | INFO     | [030226] ⏱️ Thời gian phản hồi: 66.29 ms
2026-05-23 11:53:50,335 | INFO     | [030335] ------------------------------------------
2026-05-23 11:53:50,335 | INFO     | [030335] 📥 NHẬN YÊU CẦU QUÉT KHUÔN MẶT MỚI
2026-05-23 11:53:50,335 | INFO     | [030335] Đã xử lý ảnh thành công. Kích thước tensor: (1, 48, 48, 1)
2026-05-23 11:53:50,396 | INFO     | [030335] 📊 Chi tiết dự đoán: {'ANGRY': 3.56, 'DISGUST': 0.04, 'FEAR': 8.93, 'HAPPY': 10.57, 'NEUTRAL': 17.08, 'SAD': 56.34, 'SURPRISE': 3.49}
2026-05-23 11:53:50,396 | INFO     | [030335] 🎯 KẾT QUẢ CHỐT: SAD (56.34%)
2026-05-23 11:53:50,396 | INFO     | [030335] ⏱️ Thời gian phản hồi: 60.96 ms
2026-05-23 11:53:50,430 | INFO     | [030430] ------------------------------------------
2026-05-23 11:53:50,430 | INFO     | [030430] 📥 NHẬN YÊU CẦU QUÉT KHUÔN MẶT MỚI
2026-05-23 11:53:50,430 | INFO     | [030430] Đã xử lý ảnh thành công. Kích thước tensor: (1, 48, 48, 1)
2026-05-23 11:53:50,489 | INFO     | [030430] 📊 Chi tiết dự đoán: {'ANGRY': 3.48, 'DISGUST': 0.03, 'FEAR': 7.92, 'HAPPY': 11.39, 'NEUTRAL': 18.14, 'SAD': 56.82, 'SURPRISE': 2.21}
2026-05-23 11:53:50,489 | INFO     | [030430] 🎯 KẾT QUẢ CHỐT: SAD (56.82%)
2026-05-23 11:53:50,489 | INFO     | [030430] ⏱️ Thời gian phản hồi: 59.19 ms
2026-05-23 11:53:50,539 | INFO     | [030539] ------------------------------------------
2026-05-23 11:53:50,539 | INFO     | [030539] 📥 NHẬN YÊU CẦU QUÉT KHUÔN MẶT MỚI
2026-05-23 11:53:50,540 | INFO     | [030539] Đã xử lý ảnh thành công. Kích thước tensor: (1, 48, 48, 1)
2026-05-23 11:53:50,598 | INFO     | [030539] 📊 Chi tiết dự đoán: {'ANGRY': 3.46, 'DISGUST': 0.03, 'FEAR': 7.43, 'HAPPY': 10.91, 'NEUTRAL': 18.73, 'SAD': 57.36, 'SURPRISE': 2.08}
2026-05-23 11:53:50,599 | INFO     | [030539] 🎯 KẾT QUẢ CHỐT: SAD (57.36%)
2026-05-23 11:53:50,599 | INFO     | [030539] ⏱️ Thời gian phản hồi: 58.88 ms
2026-05-23 11:53:50,632 | INFO     | [030632] ------------------------------------------
2026-05-23 11:53:50,632 | INFO     | [030632] 📥 NHẬN YÊU CẦU QUÉT KHUÔN MẶT MỚI
2026-05-23 11:53:50,632 | INFO     | [030632] Đã xử lý ảnh thành công. Kích thước tensor: (1, 48, 48, 1)
2026-05-23 11:53:50,688 | INFO     | [030632] 📊 Chi tiết dự đoán: {'ANGRY': 3.43, 'DISGUST': 0.03, 'FEAR': 8.02, 'HAPPY': 11.64, 'NEUTRAL': 18.27, 'SAD': 55.84, 'SURPRISE': 2.77}
2026-05-23 11:53:50,689 | INFO     | [030632] 🎯 KẾT QUẢ CHỐT: SAD (55.84%)
2026-05-23 11:53:50,689 | INFO     | [030632] ⏱️ Thời gian phản hồi: 56.07 ms
2026-05-23 11:53:50,727 | INFO     | [030727] ------------------------------------------
2026-05-23 11:53:50,727 | INFO     | [030727] 📥 NHẬN YÊU CẦU QUÉT KHUÔN MẶT MỚI
2026-05-23 11:53:50,728 | INFO     | [030727] Đã xử lý ảnh thành công. Kích thước tensor: (1, 48, 48, 1)
2026-05-23 11:53:50,785 | INFO     | [030727] 📊 Chi tiết dự đoán: {'ANGRY': 3.46, 'DISGUST': 0.03, 'FEAR': 8.81, 'HAPPY': 10.95, 'NEUTRAL': 15.6, 'SAD': 58.81, 'SURPRISE': 2.34}
2026-05-23 11:53:50,785 | INFO     | [030727] 🎯 KẾT QUẢ CHỐT: SAD (58.81%)
2026-05-23 11:53:50,785 | INFO     | [030727] ⏱️ Thời gian phản hồi: 56.79 ms
2026-05-23 11:53:50,834 | INFO     | [030834] ------------------------------------------
2026-05-23 11:53:50,834 | INFO     | [030834] 📥 NHẬN YÊU CẦU QUÉT KHUÔN MẶT MỚI
2026-05-23 11:53:50,836 | INFO     | [030834] Đã xử lý ảnh thành công. Kích thước tensor: (1, 48, 48, 1)
2026-05-23 11:53:50,892 | INFO     | [030834] 📊 Chi tiết dự đoán: {'ANGRY': 3.83, 'DISGUST': 0.04, 'FEAR': 7.27, 'HAPPY': 12.21, 'NEUTRAL': 18.89, 'SAD': 55.34, 'SURPRISE': 2.42}
2026-05-23 11:53:50,892 | INFO     | [030834] 🎯 KẾT QUẢ CHỐT: SAD (55.34%)
2026-05-23 11:53:50,892 | INFO     | [030834] ⏱️ Thời gian phản hồi: 57.49 ms
2026-05-23 11:53:50,930 | INFO     | [030930] ------------------------------------------
2026-05-23 11:53:50,930 | INFO     | [030930] 📥 NHẬN YÊU CẦU QUÉT KHUÔN MẶT MỚI
2026-05-23 11:53:50,931 | INFO     | [030930] Đã xử lý ảnh thành công. Kích thước tensor: (1, 48, 48, 1)
2026-05-23 11:53:50,994 | INFO     | [030930] 📊 Chi tiết dự đoán: {'ANGRY': 3.73, 'DISGUST': 0.04, 'FEAR': 7.52, 'HAPPY': 8.66, 'NEUTRAL': 18.99, 'SAD': 58.94, 'SURPRISE': 2.11}
2026-05-23 11:53:50,995 | INFO     | [030930] 🎯 KẾT QUẢ CHỐT: SAD (58.94%)
2026-05-23 11:53:50,995 | INFO     | [030930] ⏱️ Thời gian phản hồi: 63.45 ms
2026-05-23 11:53:51,040 | INFO     | [031040] ------------------------------------------
2026-05-23 11:53:51,041 | INFO     | [031040] 📥 NHẬN YÊU CẦU QUÉT KHUÔN MẶT MỚI
2026-05-23 11:53:51,041 | INFO     | [031040] Đã xử lý ảnh thành công. Kích thước tensor: (1, 48, 48, 1)
2026-05-23 11:53:51,100 | INFO     | [031040] 📊 Chi tiết dự đoán: {'ANGRY': 3.67, 'DISGUST': 0.04, 'FEAR': 7.82, 'HAPPY': 10.74, 'NEUTRAL': 18.21, 'SAD': 57.32, 'SURPRISE': 2.19}
2026-05-23 11:53:51,100 | INFO     | [031040] 🎯 KẾT QUẢ CHỐT: SAD (57.32%)
2026-05-23 11:53:51,100 | INFO     | [031040] ⏱️ Thời gian phản hồi: 59.8 ms
2026-05-23 11:53:51,133 | INFO     | [031133] ------------------------------------------
2026-05-23 11:53:51,133 | INFO     | [031133] 📥 NHẬN YÊU CẦU QUÉT KHUÔN MẶT MỚI
2026-05-23 11:53:51,133 | INFO     | [031133] Đã xử lý ảnh thành công. Kích thước tensor: (1, 48, 48, 1)
2026-05-23 11:53:51,194 | INFO     | [031133] 📊 Chi tiết dự đoán: {'ANGRY': 3.44, 'DISGUST': 0.03, 'FEAR': 8.45, 'HAPPY': 9.68, 'NEUTRAL': 17.75, 'SAD': 58.23, 'SURPRISE': 2.44}
2026-05-23 11:53:51,194 | INFO     | [031133] 🎯 KẾT QUẢ CHỐT: SAD (58.23%)
2026-05-23 11:53:51,194 | INFO     | [031133] ⏱️ Thời gian phản hồi: 61.07 ms
2026-05-23 11:53:51,226 | INFO     | [031226] ------------------------------------------
2026-05-23 11:53:51,227 | INFO     | [031226] 📥 NHẬN YÊU CẦU QUÉT KHUÔN MẶT MỚI
2026-05-23 11:53:51,227 | INFO     | [031226] Đã xử lý ảnh thành công. Kích thước tensor: (1, 48, 48, 1)
2026-05-23 11:53:51,284 | INFO     | [031226] 📊 Chi tiết dự đoán: {'ANGRY': 3.43, 'DISGUST': 0.03, 'FEAR': 8.07, 'HAPPY': 7.98, 'NEUTRAL': 16.69, 'SAD': 62.21, 'SURPRISE': 1.58}
2026-05-23 11:53:51,284 | INFO     | [031226] 🎯 KẾT QUẢ CHỐT: SAD (62.21%)
2026-05-23 11:53:51,284 | INFO     | [031226] ⏱️ Thời gian phản hồi: 57.99 ms
2026-05-23 11:53:51,335 | INFO     | [031335] ------------------------------------------
2026-05-23 11:53:51,335 | INFO     | [031335] 📥 NHẬN YÊU CẦU QUÉT KHUÔN MẶT MỚI
2026-05-23 11:53:51,335 | INFO     | [031335] Đã xử lý ảnh thành công. Kích thước tensor: (1, 48, 48, 1)
2026-05-23 11:53:51,393 | INFO     | [031335] 📊 Chi tiết dự đoán: {'ANGRY': 3.2, 'DISGUST': 0.03, 'FEAR': 8.47, 'HAPPY': 8.87, 'NEUTRAL': 16.47, 'SAD': 61.23, 'SURPRISE': 1.74}
2026-05-23 11:53:51,393 | INFO     | [031335] 🎯 KẾT QUẢ CHỐT: SAD (61.23%)
2026-05-23 11:53:51,393 | INFO     | [031335] ⏱️ Thời gian phản hồi: 58.08 ms
2026-05-23 11:53:51,428 | INFO     | [031428] ------------------------------------------
2026-05-23 11:53:51,428 | INFO     | [031428] 📥 NHẬN YÊU CẦU QUÉT KHUÔN MẶT MỚI
2026-05-23 11:53:51,429 | INFO     | [031428] Đã xử lý ảnh thành công. Kích thước tensor: (1, 48, 48, 1)
2026-05-23 11:53:51,492 | INFO     | [031428] 📊 Chi tiết dự đoán: {'ANGRY': 3.79, 'DISGUST': 0.04, 'FEAR': 7.99, 'HAPPY': 5.51, 'NEUTRAL': 19.48, 'SAD': 61.36, 'SURPRISE': 1.84}
2026-05-23 11:53:51,492 | INFO     | [031428] 🎯 KẾT QUẢ CHỐT: SAD (61.36%)
2026-05-23 11:53:51,492 | INFO     | [031428] ⏱️ Thời gian phản hồi: 64.0 ms
2026-05-23 11:53:51,553 | INFO     | [BATCH-031553] ==========================================
2026-05-23 11:53:51,554 | INFO     | [BATCH-031553] 🎞️ NHẬN CHUỖI 60 KHUNG HÌNH (BATCH)
2026-05-23 11:53:51,634 | INFO     | [BATCH-031553] ↳ Frame 1/60: SAD (53.7%)
2026-05-23 11:53:51,701 | INFO     | [BATCH-031553] ↳ Frame 2/60: SAD (59.4%)
2026-05-23 11:53:51,786 | INFO     | [BATCH-031553] ↳ Frame 3/60: SAD (52.3%)
2026-05-23 11:53:51,862 | INFO     | [BATCH-031553] ↳ Frame 4/60: SAD (51.5%)
2026-05-23 11:53:51,939 | INFO     | [BATCH-031553] ↳ Frame 5/60: SAD (49.6%)
2026-05-23 11:53:52,021 | INFO     | [BATCH-031553] ↳ Frame 6/60: SAD (48.6%)
2026-05-23 11:53:52,116 | INFO     | [BATCH-031553] ↳ Frame 7/60: SAD (49.1%)
2026-05-23 11:53:52,214 | INFO     | [BATCH-031553] ↳ Frame 8/60: SAD (49.1%)
2026-05-23 11:53:52,294 | INFO     | [BATCH-031553] ↳ Frame 9/60: SAD (48.4%)
2026-05-23 11:53:52,371 | INFO     | [BATCH-031553] ↳ Frame 10/60: SAD (51.6%)
2026-05-23 11:53:52,439 | INFO     | [BATCH-031553] ↳ Frame 11/60: SAD (55.4%)
2026-05-23 11:53:52,502 | INFO     | [BATCH-031553] ↳ Frame 12/60: SAD (51.7%)
2026-05-23 11:53:52,569 | INFO     | [BATCH-031553] ↳ Frame 13/60: SAD (53.1%)
2026-05-23 11:53:52,636 | INFO     | [BATCH-031553] ↳ Frame 14/60: SAD (50.6%)
2026-05-23 11:53:52,699 | INFO     | [BATCH-031553] ↳ Frame 15/60: SAD (54.4%)
2026-05-23 11:53:52,772 | INFO     | [BATCH-031553] ↳ Frame 16/60: SAD (61.2%)
2026-05-23 11:53:52,841 | INFO     | [BATCH-031553] ↳ Frame 17/60: SAD (61.2%)
2026-05-23 11:53:52,918 | INFO     | [BATCH-031553] ↳ Frame 18/60: SAD (54.8%)
2026-05-23 11:53:52,993 | INFO     | [BATCH-031553] ↳ Frame 19/60: SAD (57.9%)
2026-05-23 11:53:53,069 | INFO     | [BATCH-031553] ↳ Frame 20/60: SAD (61.5%)
2026-05-23 11:53:53,142 | INFO     | [BATCH-031553] ↳ Frame 21/60: SAD (50.7%)
2026-05-23 11:53:53,211 | INFO     | [BATCH-031553] ↳ Frame 22/60: SAD (57.8%)
2026-05-23 11:53:53,283 | INFO     | [BATCH-031553] ↳ Frame 23/60: SAD (51.4%)
2026-05-23 11:53:53,346 | INFO     | [BATCH-031553] ↳ Frame 24/60: SAD (48.7%)
2026-05-23 11:53:53,411 | INFO     | [BATCH-031553] ↳ Frame 25/60: SAD (53.6%)
2026-05-23 11:53:53,475 | INFO     | [BATCH-031553] ↳ Frame 26/60: SAD (60.7%)
2026-05-23 11:53:53,543 | INFO     | [BATCH-031553] ↳ Frame 27/60: SAD (51.4%)
2026-05-23 11:53:53,608 | INFO     | [BATCH-031553] ↳ Frame 28/60: SAD (57.9%)
2026-05-23 11:53:53,673 | INFO     | [BATCH-031553] ↳ Frame 29/60: SAD (54.2%)
2026-05-23 11:53:53,734 | INFO     | [BATCH-031553] ↳ Frame 30/60: SAD (53.3%)
2026-05-23 11:53:53,800 | INFO     | [BATCH-031553] ↳ Frame 31/60: SAD (58.0%)
2026-05-23 11:53:53,869 | INFO     | [BATCH-031553] ↳ Frame 32/60: SAD (57.2%)
2026-05-23 11:53:53,936 | INFO     | [BATCH-031553] ↳ Frame 33/60: SAD (54.9%)
2026-05-23 11:53:54,000 | INFO     | [BATCH-031553] ↳ Frame 34/60: SAD (52.1%)
2026-05-23 11:53:54,063 | INFO     | [BATCH-031553] ↳ Frame 35/60: SAD (53.1%)
2026-05-23 11:53:54,120 | INFO     | [BATCH-031553] ↳ Frame 36/60: SAD (51.5%)
2026-05-23 11:53:54,175 | INFO     | [BATCH-031553] ↳ Frame 37/60: SAD (49.5%)
2026-05-23 11:53:54,230 | INFO     | [BATCH-031553] ↳ Frame 38/60: SAD (52.1%)
2026-05-23 11:53:54,284 | INFO     | [BATCH-031553] ↳ Frame 39/60: SAD (52.4%)
2026-05-23 11:53:54,342 | INFO     | [BATCH-031553] ↳ Frame 40/60: SAD (59.4%)
2026-05-23 11:53:54,408 | INFO     | [BATCH-031553] ↳ Frame 41/60: SAD (61.7%)
2026-05-23 11:53:54,472 | INFO     | [BATCH-031553] ↳ Frame 42/60: SAD (60.9%)
2026-05-23 11:53:54,535 | INFO     | [BATCH-031553] ↳ Frame 43/60: SAD (62.6%)
2026-05-23 11:53:54,599 | INFO     | [BATCH-031553] ↳ Frame 44/60: SAD (61.6%)
2026-05-23 11:53:54,660 | INFO     | [BATCH-031553] ↳ Frame 45/60: SAD (58.9%)
2026-05-23 11:53:54,721 | INFO     | [BATCH-031553] ↳ Frame 46/60: SAD (61.1%)
2026-05-23 11:53:54,772 | INFO     | [BATCH-031553] ↳ Frame 47/60: SAD (64.8%)
2026-05-23 11:53:54,829 | INFO     | [BATCH-031553] ↳ Frame 48/60: SAD (59.1%)
2026-05-23 11:53:54,890 | INFO     | [BATCH-031553] ↳ Frame 49/60: SAD (59.3%)
2026-05-23 11:53:54,952 | INFO     | [BATCH-031553] ↳ Frame 50/60: SAD (61.4%)
2026-05-23 11:53:55,021 | INFO     | [BATCH-031553] ↳ Frame 51/60: SAD (56.7%)
2026-05-23 11:53:55,088 | INFO     | [BATCH-031553] ↳ Frame 52/60: SAD (58.7%)
2026-05-23 11:53:55,149 | INFO     | [BATCH-031553] ↳ Frame 53/60: SAD (55.6%)
2026-05-23 11:53:55,214 | INFO     | [BATCH-031553] ↳ Frame 54/60: SAD (55.3%)
2026-05-23 11:53:55,269 | INFO     | [BATCH-031553] ↳ Frame 55/60: SAD (59.5%)
2026-05-23 11:53:55,325 | INFO     | [BATCH-031553] ↳ Frame 56/60: SAD (53.6%)
2026-05-23 11:53:55,380 | INFO     | [BATCH-031553] ↳ Frame 57/60: SAD (46.9%)
2026-05-23 11:53:55,436 | INFO     | [BATCH-031553] ↳ Frame 58/60: SAD (48.3%)
2026-05-23 11:53:55,496 | INFO     | [BATCH-031553] ↳ Frame 59/60: SAD (40.5%)
2026-05-23 11:53:55,550 | INFO     | [BATCH-031553] ↳ Frame 60/60: SAD (40.9%)
2026-05-23 11:53:55,550 | INFO     | [BATCH-031553] 🎯 KẾT QUẢ CHUỖI: SAD (Tần suất: {'SAD': 60})
2026-05-23 11:53:55,551 | INFO     | [BATCH-031553] ⏱️ Tổng thời gian xử lý: 3997.55 ms
2026-05-23 17:32:40,322 | INFO     | ⏳ Đang nạp AI Model vào bộ nhớ...
2026-05-23 17:32:43,308 | INFO     | ✅ Nạp Model thành công! Server AI đã sẵn sàng.
2026-05-23 17:33:13,985 | INFO     | [393985] ------------------------------------------
2026-05-23 17:33:13,986 | INFO     | [393985] 📥 NHẬN YÊU CẦU QUÉT KHUÔN MẶT MỚI
2026-05-23 17:33:14,011 | INFO     | [393985] Đã xử lý ảnh thành công. Kích thước tensor: (1, 48, 48, 1)
2026-05-23 17:33:24,038 | INFO     | [393985] 📊 Chi tiết dự đoán: {'ANGRY': 5.79, 'DISGUST': 0.07, 'FEAR': 6.87, 'HAPPY': 11.15, 'NEUTRAL': 13.18, 'SAD': 60.97, 'SURPRISE': 1.97}
2026-05-23 17:33:24,042 | INFO     | [393985] 🎯 KẾT QUẢ CHỐT: SAD (60.97%)
2026-05-23 17:33:24,043 | INFO     | [393985] ⏱️ Thời gian phản hồi: 10051.6 ms
2026-05-23 17:33:24,061 | INFO     | [404061] ------------------------------------------
2026-05-23 17:33:24,061 | INFO     | [404061] 📥 NHẬN YÊU CẦU QUÉT KHUÔN MẶT MỚI
2026-05-23 17:33:24,062 | INFO     | [404061] Đã xử lý ảnh thành công. Kích thước tensor: (1, 48, 48, 1)
2026-05-23 17:33:24,216 | INFO     | [404061] 📊 Chi tiết dự đoán: {'ANGRY': 4.97, 'DISGUST': 0.07, 'FEAR': 6.58, 'HAPPY': 14.16, 'NEUTRAL': 13.7, 'SAD': 58.09, 'SURPRISE': 2.43}
2026-05-23 17:33:24,217 | INFO     | [404061] 🎯 KẾT QUẢ CHỐT: SAD (58.09%)
2026-05-23 17:33:24,217 | INFO     | [404061] ⏱️ Thời gian phản hồi: 155.57 ms
2026-05-23 17:33:24,220 | INFO     | [404220] ------------------------------------------
2026-05-23 17:33:24,220 | INFO     | [404220] 📥 NHẬN YÊU CẦU QUÉT KHUÔN MẶT MỚI
2026-05-23 17:33:24,220 | INFO     | [404220] Đã xử lý ảnh thành công. Kích thước tensor: (1, 48, 48, 1)
2026-05-23 17:33:24,288 | INFO     | [404220] 📊 Chi tiết dự đoán: {'ANGRY': 4.87, 'DISGUST': 0.06, 'FEAR': 6.77, 'HAPPY': 11.58, 'NEUTRAL': 12.6, 'SAD': 61.97, 'SURPRISE': 2.14}
2026-05-23 17:33:24,289 | INFO     | [404220] 🎯 KẾT QUẢ CHỐT: SAD (61.97%)
2026-05-23 17:33:24,289 | INFO     | [404220] ⏱️ Thời gian phản hồi: 67.57 ms
2026-05-23 17:33:24,290 | INFO     | [404290] ------------------------------------------
2026-05-23 17:33:24,290 | INFO     | [404290] 📥 NHẬN YÊU CẦU QUÉT KHUÔN MẶT MỚI
2026-05-23 17:33:24,291 | INFO     | [404290] Đã xử lý ảnh thành công. Kích thước tensor: (1, 48, 48, 1)
2026-05-23 17:33:24,359 | INFO     | [404290] 📊 Chi tiết dự đoán: {'ANGRY': 5.36, 'DISGUST': 0.07, 'FEAR': 6.87, 'HAPPY': 11.58, 'NEUTRAL': 14.12, 'SAD': 59.9, 'SURPRISE': 2.1}
2026-05-23 17:33:24,359 | INFO     | [404290] 🎯 KẾT QUẢ CHỐT: SAD (59.90%)
2026-05-23 17:33:24,359 | INFO     | [404290] ⏱️ Thời gian phản hồi: 69.21 ms
2026-05-23 17:33:24,361 | INFO     | [404361] ------------------------------------------
2026-05-23 17:33:24,361 | INFO     | [404361] 📥 NHẬN YÊU CẦU QUÉT KHUÔN MẶT MỚI
2026-05-23 17:33:24,362 | INFO     | [404361] Đã xử lý ảnh thành công. Kích thước tensor: (1, 48, 48, 1)
2026-05-23 17:33:24,425 | INFO     | [404361] 📊 Chi tiết dự đoán: {'ANGRY': 4.75, 'DISGUST': 0.08, 'FEAR': 7.13, 'HAPPY': 15.1, 'NEUTRAL': 12.07, 'SAD': 58.39, 'SURPRISE': 2.49}
2026-05-23 17:33:24,425 | INFO     | [404361] 🎯 KẾT QUẢ CHỐT: SAD (58.39%)
2026-05-23 17:33:24,425 | INFO     | [404361] ⏱️ Thời gian phản hồi: 64.7 ms
2026-05-23 17:33:24,428 | INFO     | [404428] ------------------------------------------
2026-05-23 17:33:24,428 | INFO     | [404428] 📥 NHẬN YÊU CẦU QUÉT KHUÔN MẶT MỚI
2026-05-23 17:33:24,429 | INFO     | [404428] Đã xử lý ảnh thành công. Kích thước tensor: (1, 48, 48, 1)
2026-05-23 17:33:24,496 | INFO     | [404428] 📊 Chi tiết dự đoán: {'ANGRY': 5.21, 'DISGUST': 0.1, 'FEAR': 6.53, 'HAPPY': 13.07, 'NEUTRAL': 12.62, 'SAD': 60.19, 'SURPRISE': 2.28}
2026-05-23 17:33:24,496 | INFO     | [404428] 🎯 KẾT QUẢ CHỐT: SAD (60.19%)
2026-05-23 17:33:24,497 | INFO     | [404428] ⏱️ Thời gian phản hồi: 67.68 ms
2026-05-23 17:33:24,500 | INFO     | [404500] ------------------------------------------
2026-05-23 17:33:24,500 | INFO     | [404500] 📥 NHẬN YÊU CẦU QUÉT KHUÔN MẶT MỚI
2026-05-23 17:33:24,500 | INFO     | [404500] Đã xử lý ảnh thành công. Kích thước tensor: (1, 48, 48, 1)
2026-05-23 17:33:24,589 | INFO     | [404500] 📊 Chi tiết dự đoán: {'ANGRY': 5.36, 'DISGUST': 0.07, 'FEAR': 6.69, 'HAPPY': 14.93, 'NEUTRAL': 14.12, 'SAD': 56.7, 'SURPRISE': 2.13}
2026-05-23 17:33:24,589 | INFO     | [404500] 🎯 KẾT QUẢ CHỐT: SAD (56.70%)
2026-05-23 17:33:24,590 | INFO     | [404500] ⏱️ Thời gian phản hồi: 89.08 ms
2026-05-23 17:33:24,592 | INFO     | [404592] ------------------------------------------
2026-05-23 17:33:24,593 | INFO     | [404592] 📥 NHẬN YÊU CẦU QUÉT KHUÔN MẶT MỚI
2026-05-23 17:33:24,595 | INFO     | [404592] Đã xử lý ảnh thành công. Kích thước tensor: (1, 48, 48, 1)
2026-05-23 17:33:24,767 | INFO     | [404592] 📊 Chi tiết dự đoán: {'ANGRY': 4.79, 'DISGUST': 0.07, 'FEAR': 6.39, 'HAPPY': 10.89, 'NEUTRAL': 11.59, 'SAD': 64.13, 'SURPRISE': 2.14}
2026-05-23 17:33:24,767 | INFO     | [404592] 🎯 KẾT QUẢ CHỐT: SAD (64.13%)
2026-05-23 17:33:24,767 | INFO     | [404592] ⏱️ Thời gian phản hồi: 175.13 ms
2026-05-23 17:33:24,770 | INFO     | [404770] ------------------------------------------
2026-05-23 17:33:24,770 | INFO     | [404770] 📥 NHẬN YÊU CẦU QUÉT KHUÔN MẶT MỚI
2026-05-23 17:33:24,771 | INFO     | [404770] Đã xử lý ảnh thành công. Kích thước tensor: (1, 48, 48, 1)
2026-05-23 17:33:24,855 | INFO     | [404770] 📊 Chi tiết dự đoán: {'ANGRY': 5.56, 'DISGUST': 0.09, 'FEAR': 6.55, 'HAPPY': 13.05, 'NEUTRAL': 12.32, 'SAD': 59.97, 'SURPRISE': 2.47}
2026-05-23 17:33:24,855 | INFO     | [404770] 🎯 KẾT QUẢ CHỐT: SAD (59.97%)
2026-05-23 17:33:24,855 | INFO     | [404770] ⏱️ Thời gian phản hồi: 84.43 ms
2026-05-23 17:33:24,857 | INFO     | [404857] ------------------------------------------
2026-05-23 17:33:24,857 | INFO     | [404857] 📥 NHẬN YÊU CẦU QUÉT KHUÔN MẶT MỚI
2026-05-23 17:33:24,858 | INFO     | [404857] Đã xử lý ảnh thành công. Kích thước tensor: (1, 48, 48, 1)
2026-05-23 17:33:24,935 | INFO     | [404857] 📊 Chi tiết dự đoán: {'ANGRY': 5.01, 'DISGUST': 0.08, 'FEAR': 7.49, 'HAPPY': 12.94, 'NEUTRAL': 13.82, 'SAD': 57.74, 'SURPRISE': 2.91}
2026-05-23 17:33:24,936 | INFO     | [404857] 🎯 KẾT QUẢ CHỐT: SAD (57.74%)
2026-05-23 17:33:24,936 | INFO     | [404857] ⏱️ Thời gian phản hồi: 77.99 ms
2026-05-23 17:33:24,938 | INFO     | [404938] ------------------------------------------
2026-05-23 17:33:24,938 | INFO     | [404938] 📥 NHẬN YÊU CẦU QUÉT KHUÔN MẶT MỚI
2026-05-23 17:33:24,940 | INFO     | [404938] Đã xử lý ảnh thành công. Kích thước tensor: (1, 48, 48, 1)
2026-05-23 17:33:25,014 | INFO     | [404938] 📊 Chi tiết dự đoán: {'ANGRY': 5.03, 'DISGUST': 0.08, 'FEAR': 6.63, 'HAPPY': 10.22, 'NEUTRAL': 13.44, 'SAD': 62.35, 'SURPRISE': 2.26}
2026-05-23 17:33:25,014 | INFO     | [404938] 🎯 KẾT QUẢ CHỐT: SAD (62.35%)
2026-05-23 17:33:25,014 | INFO     | [404938] ⏱️ Thời gian phản hồi: 75.42 ms
2026-05-23 17:33:25,016 | INFO     | [405016] ------------------------------------------
2026-05-23 17:33:25,016 | INFO     | [405016] 📥 NHẬN YÊU CẦU QUÉT KHUÔN MẶT MỚI
2026-05-23 17:33:25,017 | INFO     | [405016] Đã xử lý ảnh thành công. Kích thước tensor: (1, 48, 48, 1)
2026-05-23 17:33:25,087 | INFO     | [405016] 📊 Chi tiết dự đoán: {'ANGRY': 5.52, 'DISGUST': 0.11, 'FEAR': 7.21, 'HAPPY': 9.75, 'NEUTRAL': 14.02, 'SAD': 60.39, 'SURPRISE': 2.99}
2026-05-23 17:33:25,087 | INFO     | [405016] 🎯 KẾT QUẢ CHỐT: SAD (60.39%)
2026-05-23 17:33:25,087 | INFO     | [405016] ⏱️ Thời gian phản hồi: 70.51 ms
2026-05-23 17:33:25,089 | INFO     | [405089] ------------------------------------------
2026-05-23 17:33:25,089 | INFO     | [405089] 📥 NHẬN YÊU CẦU QUÉT KHUÔN MẶT MỚI
2026-05-23 17:33:25,089 | INFO     | [405089] Đã xử lý ảnh thành công. Kích thước tensor: (1, 48, 48, 1)
2026-05-23 17:33:25,158 | INFO     | [405089] 📊 Chi tiết dự đoán: {'ANGRY': 4.88, 'DISGUST': 0.1, 'FEAR': 6.07, 'HAPPY': 13.11, 'NEUTRAL': 13.78, 'SAD': 60.0, 'SURPRISE': 2.07}
2026-05-23 17:33:25,158 | INFO     | [405089] 🎯 KẾT QUẢ CHỐT: SAD (60.00%)
2026-05-23 17:33:25,158 | INFO     | [405089] ⏱️ Thời gian phản hồi: 67.87 ms
2026-05-23 17:33:25,159 | INFO     | [405159] ------------------------------------------
2026-05-23 17:33:25,160 | INFO     | [405159] 📥 NHẬN YÊU CẦU QUÉT KHUÔN MẶT MỚI
2026-05-23 17:33:25,160 | INFO     | [405159] Đã xử lý ảnh thành công. Kích thước tensor: (1, 48, 48, 1)
2026-05-23 17:33:25,231 | INFO     | [405159] 📊 Chi tiết dự đoán: {'ANGRY': 5.96, 'DISGUST': 0.09, 'FEAR': 6.77, 'HAPPY': 8.85, 'NEUTRAL': 13.28, 'SAD': 62.51, 'SURPRISE': 2.54}
2026-05-23 17:33:25,232 | INFO     | [405159] 🎯 KẾT QUẢ CHỐT: SAD (62.51%)
2026-05-23 17:33:25,232 | INFO     | [405159] ⏱️ Thời gian phản hồi: 71.63 ms
2026-05-23 17:33:25,233 | INFO     | [405233] ------------------------------------------
2026-05-23 17:33:25,234 | INFO     | [405233] 📥 NHẬN YÊU CẦU QUÉT KHUÔN MẶT MỚI
2026-05-23 17:33:25,234 | INFO     | [405233] Đã xử lý ảnh thành công. Kích thước tensor: (1, 48, 48, 1)
2026-05-23 17:33:25,302 | INFO     | [405233] 📊 Chi tiết dự đoán: {'ANGRY': 5.34, 'DISGUST': 0.08, 'FEAR': 6.99, 'HAPPY': 9.33, 'NEUTRAL': 13.16, 'SAD': 63.17, 'SURPRISE': 1.94}
2026-05-23 17:33:25,302 | INFO     | [405233] 🎯 KẾT QUẢ CHỐT: SAD (63.17%)
2026-05-23 17:33:25,304 | INFO     | [405233] ⏱️ Thời gian phản hồi: 69.58 ms
2026-05-23 17:33:25,305 | INFO     | [405305] ------------------------------------------
2026-05-23 17:33:25,305 | INFO     | [405305] 📥 NHẬN YÊU CẦU QUÉT KHUÔN MẶT MỚI
2026-05-23 17:33:25,306 | INFO     | [405305] Đã xử lý ảnh thành công. Kích thước tensor: (1, 48, 48, 1)
2026-05-23 17:33:25,385 | INFO     | [405305] 📊 Chi tiết dự đoán: {'ANGRY': 5.96, 'DISGUST': 0.09, 'FEAR': 6.34, 'HAPPY': 16.22, 'NEUTRAL': 11.01, 'SAD': 58.06, 'SURPRISE': 2.32}
2026-05-23 17:33:25,385 | INFO     | [405305] 🎯 KẾT QUẢ CHỐT: SAD (58.06%)
2026-05-23 17:33:25,385 | INFO     | [405305] ⏱️ Thời gian phản hồi: 78.63 ms
2026-05-23 17:33:25,386 | INFO     | [405386] ------------------------------------------
2026-05-23 17:33:25,386 | INFO     | [405386] 📥 NHẬN YÊU CẦU QUÉT KHUÔN MẶT MỚI
2026-05-23 17:33:25,387 | INFO     | [405386] Đã xử lý ảnh thành công. Kích thước tensor: (1, 48, 48, 1)
2026-05-23 17:33:25,458 | INFO     | [405386] 📊 Chi tiết dự đoán: {'ANGRY': 5.63, 'DISGUST': 0.11, 'FEAR': 7.19, 'HAPPY': 9.82, 'NEUTRAL': 13.18, 'SAD': 61.62, 'SURPRISE': 2.46}
2026-05-23 17:33:25,459 | INFO     | [405386] 🎯 KẾT QUẢ CHỐT: SAD (61.62%)
2026-05-23 17:33:25,459 | INFO     | [405386] ⏱️ Thời gian phản hồi: 71.77 ms
2026-05-23 17:33:25,461 | INFO     | [405461] ------------------------------------------
2026-05-23 17:33:25,461 | INFO     | [405461] 📥 NHẬN YÊU CẦU QUÉT KHUÔN MẶT MỚI
2026-05-23 17:33:25,463 | INFO     | [405461] Đã xử lý ảnh thành công. Kích thước tensor: (1, 48, 48, 1)
2026-05-23 17:33:25,533 | INFO     | [405461] 📊 Chi tiết dự đoán: {'ANGRY': 5.27, 'DISGUST': 0.08, 'FEAR': 7.01, 'HAPPY': 10.51, 'NEUTRAL': 11.44, 'SAD': 63.44, 'SURPRISE': 2.24}
2026-05-23 17:33:25,534 | INFO     | [405461] 🎯 KẾT QUẢ CHỐT: SAD (63.44%)
2026-05-23 17:33:25,534 | INFO     | [405461] ⏱️ Thời gian phản hồi: 72.27 ms
2026-05-23 17:33:25,537 | INFO     | [405537] ------------------------------------------
2026-05-23 17:33:25,538 | INFO     | [405537] 📥 NHẬN YÊU CẦU QUÉT KHUÔN MẶT MỚI
2026-05-23 17:33:25,538 | INFO     | [405537] Đã xử lý ảnh thành công. Kích thước tensor: (1, 48, 48, 1)
2026-05-23 17:33:25,624 | INFO     | [405537] 📊 Chi tiết dự đoán: {'ANGRY': 6.27, 'DISGUST': 0.08, 'FEAR': 7.33, 'HAPPY': 11.39, 'NEUTRAL': 12.07, 'SAD': 60.28, 'SURPRISE': 2.58}
2026-05-23 17:33:25,624 | INFO     | [405537] 🎯 KẾT QUẢ CHỐT: SAD (60.28%)
2026-05-23 17:33:25,624 | INFO     | [405537] ⏱️ Thời gian phản hồi: 85.72 ms
2026-05-23 17:33:25,626 | INFO     | [405626] ------------------------------------------
2026-05-23 17:33:25,626 | INFO     | [405626] 📥 NHẬN YÊU CẦU QUÉT KHUÔN MẶT MỚI
2026-05-23 17:33:25,627 | INFO     | [405626] Đã xử lý ảnh thành công. Kích thước tensor: (1, 48, 48, 1)
2026-05-23 17:33:25,704 | INFO     | [405626] 📊 Chi tiết dự đoán: {'ANGRY': 5.83, 'DISGUST': 0.09, 'FEAR': 6.86, 'HAPPY': 12.62, 'NEUTRAL': 13.49, 'SAD': 58.66, 'SURPRISE': 2.45}
2026-05-23 17:33:25,704 | INFO     | [405626] 🎯 KẾT QUẢ CHỐT: SAD (58.66%)
2026-05-23 17:33:25,706 | INFO     | [405626] ⏱️ Thời gian phản hồi: 78.33 ms
2026-05-23 17:33:25,708 | INFO     | [405708] ------------------------------------------
2026-05-23 17:33:25,708 | INFO     | [405708] 📥 NHẬN YÊU CẦU QUÉT KHUÔN MẶT MỚI
2026-05-23 17:33:25,720 | INFO     | [405708] Đã xử lý ảnh thành công. Kích thước tensor: (1, 48, 48, 1)
2026-05-23 17:33:25,790 | INFO     | [405708] 📊 Chi tiết dự đoán: {'ANGRY': 5.47, 'DISGUST': 0.09, 'FEAR': 6.36, 'HAPPY': 11.78, 'NEUTRAL': 10.51, 'SAD': 63.71, 'SURPRISE': 2.07}
2026-05-23 17:33:25,791 | INFO     | [405708] 🎯 KẾT QUẢ CHỐT: SAD (63.71%)
2026-05-23 17:33:25,791 | INFO     | [405708] ⏱️ Thời gian phản hồi: 81.54 ms
2026-05-23 17:33:25,792 | INFO     | [405792] ------------------------------------------
2026-05-23 17:33:25,792 | INFO     | [405792] 📥 NHẬN YÊU CẦU QUÉT KHUÔN MẶT MỚI
2026-05-23 17:33:25,794 | INFO     | [405792] Đã xử lý ảnh thành công. Kích thước tensor: (1, 48, 48, 1)
2026-05-23 17:33:25,864 | INFO     | [405792] 📊 Chi tiết dự đoán: {'ANGRY': 5.14, 'DISGUST': 0.09, 'FEAR': 5.88, 'HAPPY': 19.23, 'NEUTRAL': 10.95, 'SAD': 56.72, 'SURPRISE': 2.01}
2026-05-23 17:33:25,864 | INFO     | [405792] 🎯 KẾT QUẢ CHỐT: SAD (56.72%)
2026-05-23 17:33:25,864 | INFO     | [405792] ⏱️ Thời gian phản hồi: 71.9 ms
2026-05-23 17:33:25,867 | INFO     | [405867] ------------------------------------------
2026-05-23 17:33:25,867 | INFO     | [405867] 📥 NHẬN YÊU CẦU QUÉT KHUÔN MẶT MỚI
2026-05-23 17:33:25,868 | INFO     | [405867] Đã xử lý ảnh thành công. Kích thước tensor: (1, 48, 48, 1)
2026-05-23 17:33:25,955 | INFO     | [405867] 📊 Chi tiết dự đoán: {'ANGRY': 6.39, 'DISGUST': 0.12, 'FEAR': 7.48, 'HAPPY': 18.0, 'NEUTRAL': 11.33, 'SAD': 53.44, 'SURPRISE': 3.25}
2026-05-23 17:33:25,955 | INFO     | [405867] 🎯 KẾT QUẢ CHỐT: SAD (53.44%)
2026-05-23 17:33:25,956 | INFO     | [405867] ⏱️ Thời gian phản hồi: 87.49 ms
2026-05-23 17:33:25,957 | INFO     | [405957] ------------------------------------------
2026-05-23 17:33:25,957 | INFO     | [405957] 📥 NHẬN YÊU CẦU QUÉT KHUÔN MẶT MỚI
2026-05-23 17:33:25,958 | INFO     | [405957] Đã xử lý ảnh thành công. Kích thước tensor: (1, 48, 48, 1)
2026-05-23 17:33:26,046 | INFO     | [405957] 📊 Chi tiết dự đoán: {'ANGRY': 4.92, 'DISGUST': 0.08, 'FEAR': 6.49, 'HAPPY': 17.88, 'NEUTRAL': 13.57, 'SAD': 54.27, 'SURPRISE': 2.79}
2026-05-23 17:33:26,046 | INFO     | [405957] 🎯 KẾT QUẢ CHỐT: SAD (54.27%)
2026-05-23 17:33:26,046 | INFO     | [405957] ⏱️ Thời gian phản hồi: 87.54 ms
2026-05-23 17:33:26,048 | INFO     | [406048] ------------------------------------------
2026-05-23 17:33:26,048 | INFO     | [406048] 📥 NHẬN YÊU CẦU QUÉT KHUÔN MẶT MỚI
2026-05-23 17:33:26,049 | INFO     | [406048] Đã xử lý ảnh thành công. Kích thước tensor: (1, 48, 48, 1)
2026-05-23 17:33:26,128 | INFO     | [406048] 📊 Chi tiết dự đoán: {'ANGRY': 4.77, 'DISGUST': 0.08, 'FEAR': 6.35, 'HAPPY': 10.47, 'NEUTRAL': 12.02, 'SAD': 64.36, 'SURPRISE': 1.96}
2026-05-23 17:33:26,129 | INFO     | [406048] 🎯 KẾT QUẢ CHỐT: SAD (64.36%)
2026-05-23 17:33:26,129 | INFO     | [406048] ⏱️ Thời gian phản hồi: 80.11 ms
2026-05-23 17:33:26,131 | INFO     | [406131] ------------------------------------------
2026-05-23 17:33:26,131 | INFO     | [406131] 📥 NHẬN YÊU CẦU QUÉT KHUÔN MẶT MỚI
2026-05-23 17:33:26,135 | INFO     | [406131] Đã xử lý ảnh thành công. Kích thước tensor: (1, 48, 48, 1)
2026-05-23 17:33:26,205 | INFO     | [406131] 📊 Chi tiết dự đoán: {'ANGRY': 5.27, 'DISGUST': 0.07, 'FEAR': 6.01, 'HAPPY': 17.38, 'NEUTRAL': 12.15, 'SAD': 56.7, 'SURPRISE': 2.43}
2026-05-23 17:33:26,207 | INFO     | [406131] 🎯 KẾT QUẢ CHỐT: SAD (56.70%)
2026-05-23 17:33:26,207 | INFO     | [406131] ⏱️ Thời gian phản hồi: 74.18 ms
2026-05-23 17:33:26,208 | INFO     | [406208] ------------------------------------------
2026-05-23 17:33:26,209 | INFO     | [406208] 📥 NHẬN YÊU CẦU QUÉT KHUÔN MẶT MỚI
2026-05-23 17:33:26,209 | INFO     | [406208] Đã xử lý ảnh thành công. Kích thước tensor: (1, 48, 48, 1)
2026-05-23 17:33:26,281 | INFO     | [406208] 📊 Chi tiết dự đoán: {'ANGRY': 4.63, 'DISGUST': 0.07, 'FEAR': 6.19, 'HAPPY': 13.18, 'NEUTRAL': 10.93, 'SAD': 63.2, 'SURPRISE': 1.8}
2026-05-23 17:33:26,281 | INFO     | [406208] 🎯 KẾT QUẢ CHỐT: SAD (63.20%)
2026-05-23 17:33:26,281 | INFO     | [406208] ⏱️ Thời gian phản hồi: 73.09 ms
2026-05-23 17:33:26,284 | INFO     | [406284] ------------------------------------------
2026-05-23 17:33:26,284 | INFO     | [406284] 📥 NHẬN YÊU CẦU QUÉT KHUÔN MẶT MỚI
2026-05-23 17:33:26,284 | INFO     | [406284] Đã xử lý ảnh thành công. Kích thước tensor: (1, 48, 48, 1)
2026-05-23 17:33:26,365 | INFO     | [406284] 📊 Chi tiết dự đoán: {'ANGRY': 5.67, 'DISGUST': 0.07, 'FEAR': 5.77, 'HAPPY': 15.32, 'NEUTRAL': 14.71, 'SAD': 56.18, 'SURPRISE': 2.28}
2026-05-23 17:33:26,365 | INFO     | [406284] 🎯 KẾT QUẢ CHỐT: SAD (56.18%)
2026-05-23 17:33:26,365 | INFO     | [406284] ⏱️ Thời gian phản hồi: 80.75 ms
2026-05-23 17:33:26,368 | INFO     | [406368] ------------------------------------------
2026-05-23 17:33:26,368 | INFO     | [406368] 📥 NHẬN YÊU CẦU QUÉT KHUÔN MẶT MỚI
2026-05-23 17:33:26,369 | INFO     | [406368] Đã xử lý ảnh thành công. Kích thước tensor: (1, 48, 48, 1)
2026-05-23 17:33:26,452 | INFO     | [406368] 📊 Chi tiết dự đoán: {'ANGRY': 5.04, 'DISGUST': 0.07, 'FEAR': 6.26, 'HAPPY': 12.07, 'NEUTRAL': 14.27, 'SAD': 60.3, 'SURPRISE': 2.0}
2026-05-23 17:33:26,452 | INFO     | [406368] 🎯 KẾT QUẢ CHỐT: SAD (60.30%)
2026-05-23 17:33:26,452 | INFO     | [406368] ⏱️ Thời gian phản hồi: 84.61 ms
2026-05-23 17:33:26,454 | INFO     | [406454] ------------------------------------------
2026-05-23 17:33:26,454 | INFO     | [406454] 📥 NHẬN YÊU CẦU QUÉT KHUÔN MẶT MỚI
2026-05-23 17:33:26,456 | INFO     | [406454] Đã xử lý ảnh thành công. Kích thước tensor: (1, 48, 48, 1)
2026-05-23 17:33:26,524 | INFO     | [406454] 📊 Chi tiết dự đoán: {'ANGRY': 3.98, 'DISGUST': 0.06, 'FEAR': 6.38, 'HAPPY': 11.07, 'NEUTRAL': 14.43, 'SAD': 62.05, 'SURPRISE': 2.04}
2026-05-23 17:33:26,524 | INFO     | [406454] 🎯 KẾT QUẢ CHỐT: SAD (62.05%)
2026-05-23 17:33:26,524 | INFO     | [406454] ⏱️ Thời gian phản hồi: 67.87 ms
2026-05-23 17:33:26,526 | INFO     | [406526] ------------------------------------------
2026-05-23 17:33:26,526 | INFO     | [406526] 📥 NHẬN YÊU CẦU QUÉT KHUÔN MẶT MỚI
2026-05-23 17:33:26,526 | INFO     | [406526] Đã xử lý ảnh thành công. Kích thước tensor: (1, 48, 48, 1)
2026-05-23 17:33:26,600 | INFO     | [406526] 📊 Chi tiết dự đoán: {'ANGRY': 4.54, 'DISGUST': 0.06, 'FEAR': 5.74, 'HAPPY': 17.29, 'NEUTRAL': 13.86, 'SAD': 56.49, 'SURPRISE': 2.03}
2026-05-23 17:33:26,600 | INFO     | [406526] 🎯 KẾT QUẢ CHỐT: SAD (56.49%)
2026-05-23 17:33:26,600 | INFO     | [406526] ⏱️ Thời gian phản hồi: 73.67 ms
2026-05-23 17:33:26,602 | INFO     | [406602] ------------------------------------------
2026-05-23 17:33:26,602 | INFO     | [406602] 📥 NHẬN YÊU CẦU QUÉT KHUÔN MẶT MỚI
2026-05-23 17:33:26,603 | INFO     | [406602] Đã xử lý ảnh thành công. Kích thước tensor: (1, 48, 48, 1)
2026-05-23 17:33:26,673 | INFO     | [406602] 📊 Chi tiết dự đoán: {'ANGRY': 4.92, 'DISGUST': 0.05, 'FEAR': 6.34, 'HAPPY': 13.86, 'NEUTRAL': 13.72, 'SAD': 58.76, 'SURPRISE': 2.35}
2026-05-23 17:33:26,673 | INFO     | [406602] 🎯 KẾT QUẢ CHỐT: SAD (58.76%)
2026-05-23 17:33:26,674 | INFO     | [406602] ⏱️ Thời gian phản hồi: 70.55 ms
2026-05-23 17:33:26,677 | INFO     | [406677] ------------------------------------------
2026-05-23 17:33:26,678 | INFO     | [406677] 📥 NHẬN YÊU CẦU QUÉT KHUÔN MẶT MỚI
2026-05-23 17:33:26,679 | INFO     | [406677] Đã xử lý ảnh thành công. Kích thước tensor: (1, 48, 48, 1)
2026-05-23 17:33:26,750 | INFO     | [406677] 📊 Chi tiết dự đoán: {'ANGRY': 5.45, 'DISGUST': 0.06, 'FEAR': 6.44, 'HAPPY': 18.35, 'NEUTRAL': 12.54, 'SAD': 55.1, 'SURPRISE': 2.06}
2026-05-23 17:33:26,750 | INFO     | [406677] 🎯 KẾT QUẢ CHỐT: SAD (55.10%)
2026-05-23 17:33:26,750 | INFO     | [406677] ⏱️ Thời gian phản hồi: 73.03 ms
2026-05-23 17:33:26,753 | INFO     | [406753] ------------------------------------------
2026-05-23 17:33:26,753 | INFO     | [406753] 📥 NHẬN YÊU CẦU QUÉT KHUÔN MẶT MỚI
2026-05-23 17:33:26,754 | INFO     | [406753] Đã xử lý ảnh thành công. Kích thước tensor: (1, 48, 48, 1)
2026-05-23 17:33:26,825 | INFO     | [406753] 📊 Chi tiết dự đoán: {'ANGRY': 4.53, 'DISGUST': 0.07, 'FEAR': 6.8, 'HAPPY': 15.72, 'NEUTRAL': 12.4, 'SAD': 57.57, 'SURPRISE': 2.93}
2026-05-23 17:33:26,825 | INFO     | [406753] 🎯 KẾT QUẢ CHỐT: SAD (57.57%)
2026-05-23 17:33:26,825 | INFO     | [406753] ⏱️ Thời gian phản hồi: 71.28 ms
2026-05-23 17:33:26,826 | INFO     | [406826] ------------------------------------------
2026-05-23 17:33:26,826 | INFO     | [406826] 📥 NHẬN YÊU CẦU QUÉT KHUÔN MẶT MỚI
2026-05-23 17:33:26,827 | INFO     | [406826] Đã xử lý ảnh thành công. Kích thước tensor: (1, 48, 48, 1)
2026-05-23 17:33:26,889 | INFO     | [406826] 📊 Chi tiết dự đoán: {'ANGRY': 5.19, 'DISGUST': 0.06, 'FEAR': 7.32, 'HAPPY': 15.71, 'NEUTRAL': 12.03, 'SAD': 57.06, 'SURPRISE': 2.63}
2026-05-23 17:33:26,889 | INFO     | [406826] 🎯 KẾT QUẢ CHỐT: SAD (57.06%)
2026-05-23 17:33:26,891 | INFO     | [406826] ⏱️ Thời gian phản hồi: 63.22 ms
2026-05-23 17:33:26,893 | INFO     | [406893] ------------------------------------------
2026-05-23 17:33:26,893 | INFO     | [406893] 📥 NHẬN YÊU CẦU QUÉT KHUÔN MẶT MỚI
2026-05-23 17:33:26,894 | INFO     | [406893] Đã xử lý ảnh thành công. Kích thước tensor: (1, 48, 48, 1)
2026-05-23 17:33:26,961 | INFO     | [406893] 📊 Chi tiết dự đoán: {'ANGRY': 5.55, 'DISGUST': 0.06, 'FEAR': 6.39, 'HAPPY': 13.28, 'NEUTRAL': 12.86, 'SAD': 59.68, 'SURPRISE': 2.16}
2026-05-23 17:33:26,962 | INFO     | [406893] 🎯 KẾT QUẢ CHỐT: SAD (59.68%)
2026-05-23 17:33:26,962 | INFO     | [406893] ⏱️ Thời gian phản hồi: 67.92 ms
2026-05-23 17:33:26,964 | INFO     | [406964] ------------------------------------------
2026-05-23 17:33:26,964 | INFO     | [406964] 📥 NHẬN YÊU CẦU QUÉT KHUÔN MẶT MỚI
2026-05-23 17:33:26,965 | INFO     | [406964] Đã xử lý ảnh thành công. Kích thước tensor: (1, 48, 48, 1)
2026-05-23 17:33:27,025 | INFO     | [406964] 📊 Chi tiết dự đoán: {'ANGRY': 4.6, 'DISGUST': 0.05, 'FEAR': 6.81, 'HAPPY': 12.06, 'NEUTRAL': 10.65, 'SAD': 63.57, 'SURPRISE': 2.25}
2026-05-23 17:33:27,025 | INFO     | [406964] 🎯 KẾT QUẢ CHỐT: SAD (63.57%)
2026-05-23 17:33:27,025 | INFO     | [406964] ⏱️ Thời gian phản hồi: 61.7 ms
2026-05-23 17:33:27,028 | INFO     | [407028] ------------------------------------------
2026-05-23 17:33:27,029 | INFO     | [407028] 📥 NHẬN YÊU CẦU QUÉT KHUÔN MẶT MỚI
2026-05-23 17:33:27,030 | INFO     | [407028] Đã xử lý ảnh thành công. Kích thước tensor: (1, 48, 48, 1)
2026-05-23 17:33:27,096 | INFO     | [407028] 📊 Chi tiết dự đoán: {'ANGRY': 4.64, 'DISGUST': 0.05, 'FEAR': 5.85, 'HAPPY': 19.58, 'NEUTRAL': 13.75, 'SAD': 53.85, 'SURPRISE': 2.29}
2026-05-23 17:33:27,097 | INFO     | [407028] 🎯 KẾT QUẢ CHỐT: SAD (53.85%)
2026-05-23 17:33:27,097 | INFO     | [407028] ⏱️ Thời gian phản hồi: 68.24 ms
2026-05-23 17:33:27,100 | INFO     | [407100] ------------------------------------------
2026-05-23 17:33:27,100 | INFO     | [407100] 📥 NHẬN YÊU CẦU QUÉT KHUÔN MẶT MỚI
2026-05-23 17:33:27,100 | INFO     | [407100] Đã xử lý ảnh thành công. Kích thước tensor: (1, 48, 48, 1)
2026-05-23 17:33:27,165 | INFO     | [407100] 📊 Chi tiết dự đoán: {'ANGRY': 5.33, 'DISGUST': 0.06, 'FEAR': 6.81, 'HAPPY': 14.39, 'NEUTRAL': 10.9, 'SAD': 59.59, 'SURPRISE': 2.93}
2026-05-23 17:33:27,165 | INFO     | [407100] 🎯 KẾT QUẢ CHỐT: SAD (59.59%)
2026-05-23 17:33:27,165 | INFO     | [407100] ⏱️ Thời gian phản hồi: 64.15 ms
2026-05-23 17:33:27,168 | INFO     | [407168] ------------------------------------------
2026-05-23 17:33:27,168 | INFO     | [407168] 📥 NHẬN YÊU CẦU QUÉT KHUÔN MẶT MỚI
2026-05-23 17:33:27,169 | INFO     | [407168] Đã xử lý ảnh thành công. Kích thước tensor: (1, 48, 48, 1)
2026-05-23 17:33:27,232 | INFO     | [407168] 📊 Chi tiết dự đoán: {'ANGRY': 5.0, 'DISGUST': 0.05, 'FEAR': 6.18, 'HAPPY': 15.92, 'NEUTRAL': 11.0, 'SAD': 59.52, 'SURPRISE': 2.33}
2026-05-23 17:33:27,232 | INFO     | [407168] 🎯 KẾT QUẢ CHỐT: SAD (59.52%)
2026-05-23 17:33:27,232 | INFO     | [407168] ⏱️ Thời gian phản hồi: 62.34 ms
2026-05-23 17:33:27,234 | INFO     | [407234] ------------------------------------------
2026-05-23 17:33:27,234 | INFO     | [407234] 📥 NHẬN YÊU CẦU QUÉT KHUÔN MẶT MỚI
2026-05-23 17:33:27,236 | INFO     | [407234] Đã xử lý ảnh thành công. Kích thước tensor: (1, 48, 48, 1)
2026-05-23 17:33:27,299 | INFO     | [407234] 📊 Chi tiết dự đoán: {'ANGRY': 6.27, 'DISGUST': 0.09, 'FEAR': 6.68, 'HAPPY': 13.38, 'NEUTRAL': 10.99, 'SAD': 59.8, 'SURPRISE': 2.8}
2026-05-23 17:33:27,300 | INFO     | [407234] 🎯 KẾT QUẢ CHỐT: SAD (59.80%)
2026-05-23 17:33:27,300 | INFO     | [407234] ⏱️ Thời gian phản hồi: 65.05 ms
2026-05-23 17:33:27,302 | INFO     | [407302] ------------------------------------------
2026-05-23 17:33:27,302 | INFO     | [407302] 📥 NHẬN YÊU CẦU QUÉT KHUÔN MẶT MỚI
2026-05-23 17:33:27,303 | INFO     | [407302] Đã xử lý ảnh thành công. Kích thước tensor: (1, 48, 48, 1)
2026-05-23 17:33:27,372 | INFO     | [407302] 📊 Chi tiết dự đoán: {'ANGRY': 5.37, 'DISGUST': 0.06, 'FEAR': 6.88, 'HAPPY': 14.87, 'NEUTRAL': 10.54, 'SAD': 59.83, 'SURPRISE': 2.45}
2026-05-23 17:33:27,373 | INFO     | [407302] 🎯 KẾT QUẢ CHỐT: SAD (59.83%)
2026-05-23 17:33:27,373 | INFO     | [407302] ⏱️ Thời gian phản hồi: 69.53 ms
2026-05-23 17:33:27,374 | INFO     | [407374] ------------------------------------------
2026-05-23 17:33:27,376 | INFO     | [407374] 📥 NHẬN YÊU CẦU QUÉT KHUÔN MẶT MỚI
2026-05-23 17:33:27,377 | INFO     | [407374] Đã xử lý ảnh thành công. Kích thước tensor: (1, 48, 48, 1)
2026-05-23 17:33:27,456 | INFO     | [407374] 📊 Chi tiết dự đoán: {'ANGRY': 6.36, 'DISGUST': 0.06, 'FEAR': 6.62, 'HAPPY': 14.63, 'NEUTRAL': 17.23, 'SAD': 50.76, 'SURPRISE': 4.34}
2026-05-23 17:33:27,457 | INFO     | [407374] 🎯 KẾT QUẢ CHỐT: SAD (50.76%)
2026-05-23 17:33:27,457 | INFO     | [407374] ⏱️ Thời gian phản hồi: 81.42 ms
2026-05-23 17:33:27,459 | INFO     | [407459] ------------------------------------------
2026-05-23 17:33:27,459 | INFO     | [407459] 📥 NHẬN YÊU CẦU QUÉT KHUÔN MẶT MỚI
2026-05-23 17:33:27,460 | INFO     | [407459] Đã xử lý ảnh thành công. Kích thước tensor: (1, 48, 48, 1)
2026-05-23 17:33:27,526 | INFO     | [407459] 📊 Chi tiết dự đoán: {'ANGRY': 6.4, 'DISGUST': 0.05, 'FEAR': 6.32, 'HAPPY': 17.35, 'NEUTRAL': 15.32, 'SAD': 50.52, 'SURPRISE': 4.04}
2026-05-23 17:33:27,526 | INFO     | [407459] 🎯 KẾT QUẢ CHỐT: SAD (50.52%)
2026-05-23 17:33:27,526 | INFO     | [407459] ⏱️ Thời gian phản hồi: 66.75 ms
2026-05-23 17:33:27,527 | INFO     | [407527] ------------------------------------------
2026-05-23 17:33:27,534 | INFO     | [407527] 📥 NHẬN YÊU CẦU QUÉT KHUÔN MẶT MỚI
2026-05-23 17:33:27,534 | INFO     | [407527] Đã xử lý ảnh thành công. Kích thước tensor: (1, 48, 48, 1)
2026-05-23 17:33:27,602 | INFO     | [407527] 📊 Chi tiết dự đoán: {'ANGRY': 7.62, 'DISGUST': 0.09, 'FEAR': 8.18, 'HAPPY': 10.96, 'NEUTRAL': 12.29, 'SAD': 56.91, 'SURPRISE': 3.94}
2026-05-23 17:33:27,604 | INFO     | [407527] 🎯 KẾT QUẢ CHỐT: SAD (56.91%)
2026-05-23 17:33:27,604 | INFO     | [407527] ⏱️ Thời gian phản hồi: 75.41 ms
2026-05-23 17:33:27,606 | INFO     | [407606] ------------------------------------------
2026-05-23 17:33:27,607 | INFO     | [407606] 📥 NHẬN YÊU CẦU QUÉT KHUÔN MẶT MỚI
2026-05-23 17:33:27,608 | INFO     | [407606] Đã xử lý ảnh thành công. Kích thước tensor: (1, 48, 48, 1)
2026-05-23 17:33:27,680 | INFO     | [407606] 📊 Chi tiết dự đoán: {'ANGRY': 8.19, 'DISGUST': 0.07, 'FEAR': 8.8, 'HAPPY': 14.08, 'NEUTRAL': 13.95, 'SAD': 49.87, 'SURPRISE': 5.04}
2026-05-23 17:33:27,680 | INFO     | [407606] 🎯 KẾT QUẢ CHỐT: SAD (49.87%)
2026-05-23 17:33:27,680 | INFO     | [407606] ⏱️ Thời gian phản hồi: 74.61 ms
2026-05-23 17:33:27,684 | INFO     | [407684] ------------------------------------------
2026-05-23 17:33:27,684 | INFO     | [407684] 📥 NHẬN YÊU CẦU QUÉT KHUÔN MẶT MỚI
2026-05-23 17:33:27,684 | INFO     | [407684] Đã xử lý ảnh thành công. Kích thước tensor: (1, 48, 48, 1)
2026-05-23 17:33:27,762 | INFO     | [407684] 📊 Chi tiết dự đoán: {'ANGRY': 7.71, 'DISGUST': 0.07, 'FEAR': 8.42, 'HAPPY': 13.45, 'NEUTRAL': 12.89, 'SAD': 52.35, 'SURPRISE': 5.11}
2026-05-23 17:33:27,763 | INFO     | [407684] 🎯 KẾT QUẢ CHỐT: SAD (52.35%)
2026-05-23 17:33:27,763 | INFO     | [407684] ⏱️ Thời gian phản hồi: 78.61 ms
2026-05-23 17:33:27,766 | INFO     | [407765] ------------------------------------------
2026-05-23 17:33:27,766 | INFO     | [407765] 📥 NHẬN YÊU CẦU QUÉT KHUÔN MẶT MỚI
2026-05-23 17:33:27,767 | INFO     | [407765] Đã xử lý ảnh thành công. Kích thước tensor: (1, 48, 48, 1)
2026-05-23 17:33:27,841 | INFO     | [407765] 📊 Chi tiết dự đoán: {'ANGRY': 9.15, 'DISGUST': 0.1, 'FEAR': 9.17, 'HAPPY': 11.89, 'NEUTRAL': 12.01, 'SAD': 52.74, 'SURPRISE': 4.95}
2026-05-23 17:33:27,842 | INFO     | [407765] 🎯 KẾT QUẢ CHỐT: SAD (52.74%)
2026-05-23 17:33:27,842 | INFO     | [407765] ⏱️ Thời gian phản hồi: 75.59 ms
2026-05-23 17:33:27,844 | INFO     | [407844] ------------------------------------------
2026-05-23 17:33:27,845 | INFO     | [407844] 📥 NHẬN YÊU CẦU QUÉT KHUÔN MẶT MỚI
2026-05-23 17:33:27,845 | INFO     | [407844] Đã xử lý ảnh thành công. Kích thước tensor: (1, 48, 48, 1)
2026-05-23 17:33:27,922 | INFO     | [407844] 📊 Chi tiết dự đoán: {'ANGRY': 8.51, 'DISGUST': 0.07, 'FEAR': 8.97, 'HAPPY': 13.06, 'NEUTRAL': 13.03, 'SAD': 50.73, 'SURPRISE': 5.63}
2026-05-23 17:33:27,922 | INFO     | [407844] 🎯 KẾT QUẢ CHỐT: SAD (50.73%)
2026-05-23 17:33:27,922 | INFO     | [407844] ⏱️ Thời gian phản hồi: 78.44 ms
2026-05-23 17:33:27,924 | INFO     | [407924] ------------------------------------------
2026-05-23 17:33:27,924 | INFO     | [407924] 📥 NHẬN YÊU CẦU QUÉT KHUÔN MẶT MỚI
2026-05-23 17:33:27,926 | INFO     | [407924] Đã xử lý ảnh thành công. Kích thước tensor: (1, 48, 48, 1)
2026-05-23 17:33:27,998 | INFO     | [407924] 📊 Chi tiết dự đoán: {'ANGRY': 9.54, 'DISGUST': 0.09, 'FEAR': 9.93, 'HAPPY': 11.68, 'NEUTRAL': 13.17, 'SAD': 49.75, 'SURPRISE': 5.85}
2026-05-23 17:33:27,999 | INFO     | [407924] 🎯 KẾT QUẢ CHỐT: SAD (49.75%)
2026-05-23 17:33:27,999 | INFO     | [407924] ⏱️ Thời gian phản hồi: 73.88 ms
2026-05-23 17:33:28,002 | INFO     | [408002] ------------------------------------------
2026-05-23 17:33:28,003 | INFO     | [408002] 📥 NHẬN YÊU CẦU QUÉT KHUÔN MẶT MỚI
2026-05-23 17:33:28,003 | INFO     | [408002] Đã xử lý ảnh thành công. Kích thước tensor: (1, 48, 48, 1)
2026-05-23 17:33:28,074 | INFO     | [408002] 📊 Chi tiết dự đoán: {'ANGRY': 8.23, 'DISGUST': 0.09, 'FEAR': 9.49, 'HAPPY': 10.72, 'NEUTRAL': 13.27, 'SAD': 52.83, 'SURPRISE': 5.39}
2026-05-23 17:33:28,074 | INFO     | [408002] 🎯 KẾT QUẢ CHỐT: SAD (52.83%)
2026-05-23 17:33:28,074 | INFO     | [408002] ⏱️ Thời gian phản hồi: 72.48 ms
2026-05-23 17:33:28,076 | INFO     | [408076] ------------------------------------------
2026-05-23 17:33:28,076 | INFO     | [408076] 📥 NHẬN YÊU CẦU QUÉT KHUÔN MẶT MỚI
2026-05-23 17:33:28,076 | INFO     | [408076] Đã xử lý ảnh thành công. Kích thước tensor: (1, 48, 48, 1)
2026-05-23 17:33:28,157 | INFO     | [408076] 📊 Chi tiết dự đoán: {'ANGRY': 8.34, 'DISGUST': 0.09, 'FEAR': 8.45, 'HAPPY': 9.82, 'NEUTRAL': 13.87, 'SAD': 55.44, 'SURPRISE': 3.99}
2026-05-23 17:33:28,157 | INFO     | [408076] 🎯 KẾT QUẢ CHỐT: SAD (55.44%)
2026-05-23 17:33:28,157 | INFO     | [408076] ⏱️ Thời gian phản hồi: 80.77 ms
2026-05-23 17:33:28,159 | INFO     | [408159] ------------------------------------------
2026-05-23 17:33:28,159 | INFO     | [408159] 📥 NHẬN YÊU CẦU QUÉT KHUÔN MẶT MỚI
2026-05-23 17:33:28,161 | INFO     | [408159] Đã xử lý ảnh thành công. Kích thước tensor: (1, 48, 48, 1)
2026-05-23 17:33:28,238 | INFO     | [408159] 📊 Chi tiết dự đoán: {'ANGRY': 9.29, 'DISGUST': 0.09, 'FEAR': 9.56, 'HAPPY': 11.58, 'NEUTRAL': 12.54, 'SAD': 51.99, 'SURPRISE': 4.96}
2026-05-23 17:33:28,240 | INFO     | [408159] 🎯 KẾT QUẢ CHỐT: SAD (51.99%)
2026-05-23 17:33:28,240 | INFO     | [408159] ⏱️ Thời gian phản hồi: 78.84 ms
2026-05-23 17:33:28,242 | INFO     | [408242] ------------------------------------------
2026-05-23 17:33:28,242 | INFO     | [408242] 📥 NHẬN YÊU CẦU QUÉT KHUÔN MẶT MỚI
2026-05-23 17:33:28,242 | INFO     | [408242] Đã xử lý ảnh thành công. Kích thước tensor: (1, 48, 48, 1)
2026-05-23 17:33:28,325 | INFO     | [408242] 📊 Chi tiết dự đoán: {'ANGRY': 8.45, 'DISGUST': 0.07, 'FEAR': 9.25, 'HAPPY': 12.55, 'NEUTRAL': 14.05, 'SAD': 50.18, 'SURPRISE': 5.45}
2026-05-23 17:33:28,325 | INFO     | [408242] 🎯 KẾT QUẢ CHỐT: SAD (50.18%)
2026-05-23 17:33:28,325 | INFO     | [408242] ⏱️ Thời gian phản hồi: 82.37 ms
2026-05-23 17:33:28,326 | INFO     | [408326] ------------------------------------------
2026-05-23 17:33:28,326 | INFO     | [408326] 📥 NHẬN YÊU CẦU QUÉT KHUÔN MẶT MỚI
2026-05-23 17:33:28,326 | INFO     | [408326] Đã xử lý ảnh thành công. Kích thước tensor: (1, 48, 48, 1)
2026-05-23 17:33:28,413 | INFO     | [408326] 📊 Chi tiết dự đoán: {'ANGRY': 8.59, 'DISGUST': 0.11, 'FEAR': 9.1, 'HAPPY': 10.9, 'NEUTRAL': 14.88, 'SAD': 51.04, 'SURPRISE': 5.38}
2026-05-23 17:33:28,413 | INFO     | [408326] 🎯 KẾT QUẢ CHỐT: SAD (51.04%)
2026-05-23 17:33:28,413 | INFO     | [408326] ⏱️ Thời gian phản hồi: 85.75 ms
2026-05-23 17:33:28,415 | INFO     | [408415] ------------------------------------------
2026-05-23 17:33:28,416 | INFO     | [408415] 📥 NHẬN YÊU CẦU QUÉT KHUÔN MẶT MỚI
2026-05-23 17:33:28,416 | INFO     | [408415] Đã xử lý ảnh thành công. Kích thước tensor: (1, 48, 48, 1)
2026-05-23 17:33:28,492 | INFO     | [408415] 📊 Chi tiết dự đoán: {'ANGRY': 9.65, 'DISGUST': 0.12, 'FEAR': 10.61, 'HAPPY': 11.07, 'NEUTRAL': 12.67, 'SAD': 49.22, 'SURPRISE': 6.65}
2026-05-23 17:33:28,493 | INFO     | [408415] 🎯 KẾT QUẢ CHỐT: SAD (49.22%)
2026-05-23 17:33:28,493 | INFO     | [408415] ⏱️ Thời gian phản hồi: 77.12 ms
2026-05-23 17:33:28,497 | INFO     | [408496] ------------------------------------------
2026-05-23 17:33:28,497 | INFO     | [408496] 📥 NHẬN YÊU CẦU QUÉT KHUÔN MẶT MỚI
2026-05-23 17:33:28,501 | INFO     | [408496] Đã xử lý ảnh thành công. Kích thước tensor: (1, 48, 48, 1)
2026-05-23 17:33:28,573 | INFO     | [408496] 📊 Chi tiết dự đoán: {'ANGRY': 9.06, 'DISGUST': 0.09, 'FEAR': 9.53, 'HAPPY': 10.49, 'NEUTRAL': 14.21, 'SAD': 51.2, 'SURPRISE': 5.43}
2026-05-23 17:33:28,574 | INFO     | [408496] 🎯 KẾT QUẢ CHỐT: SAD (51.20%)
2026-05-23 17:33:28,574 | INFO     | [408496] ⏱️ Thời gian phản hồi: 77.76 ms
2026-05-23 17:33:28,576 | INFO     | [408576] ------------------------------------------
2026-05-23 17:33:28,576 | INFO     | [408576] 📥 NHẬN YÊU CẦU QUÉT KHUÔN MẶT MỚI
2026-05-23 17:33:28,577 | INFO     | [408576] Đã xử lý ảnh thành công. Kích thước tensor: (1, 48, 48, 1)
2026-05-23 17:33:28,651 | INFO     | [408576] 📊 Chi tiết dự đoán: {'ANGRY': 9.61, 'DISGUST': 0.1, 'FEAR': 9.76, 'HAPPY': 13.03, 'NEUTRAL': 12.12, 'SAD': 48.72, 'SURPRISE': 6.66}
2026-05-23 17:33:28,651 | INFO     | [408576] 🎯 KẾT QUẢ CHỐT: SAD (48.72%)
2026-05-23 17:33:28,651 | INFO     | [408576] ⏱️ Thời gian phản hồi: 74.66 ms
2026-05-23 17:33:28,653 | INFO     | [408653] ------------------------------------------
2026-05-23 17:33:28,655 | INFO     | [408653] 📥 NHẬN YÊU CẦU QUÉT KHUÔN MẶT MỚI
2026-05-23 17:33:28,656 | INFO     | [408653] Đã xử lý ảnh thành công. Kích thước tensor: (1, 48, 48, 1)
2026-05-23 17:33:28,726 | INFO     | [408653] 📊 Chi tiết dự đoán: {'ANGRY': 8.64, 'DISGUST': 0.09, 'FEAR': 9.55, 'HAPPY': 11.03, 'NEUTRAL': 12.59, 'SAD': 52.18, 'SURPRISE': 5.91}
2026-05-23 17:33:28,726 | INFO     | [408653] 🎯 KẾT QUẢ CHỐT: SAD (52.18%)
2026-05-23 17:33:28,726 | INFO     | [408653] ⏱️ Thời gian phản hồi: 72.18 ms
2026-05-23 17:33:28,727 | INFO     | [408727] ------------------------------------------
2026-05-23 17:33:28,728 | INFO     | [408727] 📥 NHẬN YÊU CẦU QUÉT KHUÔN MẶT MỚI
2026-05-23 17:33:28,728 | INFO     | [408727] Đã xử lý ảnh thành công. Kích thước tensor: (1, 48, 48, 1)
2026-05-23 17:33:28,800 | INFO     | [408727] 📊 Chi tiết dự đoán: {'ANGRY': 8.45, 'DISGUST': 0.1, 'FEAR': 9.23, 'HAPPY': 10.72, 'NEUTRAL': 13.71, 'SAD': 52.38, 'SURPRISE': 5.41}
2026-05-23 17:33:28,802 | INFO     | [408727] 🎯 KẾT QUẢ CHỐT: SAD (52.38%)
2026-05-23 17:33:28,802 | INFO     | [408727] ⏱️ Thời gian phản hồi: 73.54 ms
2026-05-23 17:33:28,803 | INFO     | [408803] ------------------------------------------
2026-05-23 17:33:28,803 | INFO     | [408803] 📥 NHẬN YÊU CẦU QUÉT KHUÔN MẶT MỚI
2026-05-23 17:33:28,805 | INFO     | [408803] Đã xử lý ảnh thành công. Kích thước tensor: (1, 48, 48, 1)
2026-05-23 17:33:28,871 | INFO     | [408803] 📊 Chi tiết dự đoán: {'ANGRY': 9.87, 'DISGUST': 0.09, 'FEAR': 10.26, 'HAPPY': 12.85, 'NEUTRAL': 12.94, 'SAD': 47.79, 'SURPRISE': 6.2}
2026-05-23 17:33:28,871 | INFO     | [408803] 🎯 KẾT QUẢ CHỐT: SAD (47.79%)
2026-05-23 17:33:28,873 | INFO     | [408803] ⏱️ Thời gian phản hồi: 67.95 ms
2026-05-23 17:33:28,874 | INFO     | [408874] ------------------------------------------
2026-05-23 17:33:28,874 | INFO     | [408874] 📥 NHẬN YÊU CẦU QUÉT KHUÔN MẶT MỚI
2026-05-23 17:33:28,874 | INFO     | [408874] Đã xử lý ảnh thành công. Kích thước tensor: (1, 48, 48, 1)
2026-05-23 17:33:28,952 | INFO     | [408874] 📊 Chi tiết dự đoán: {'ANGRY': 9.19, 'DISGUST': 0.09, 'FEAR': 9.97, 'HAPPY': 10.08, 'NEUTRAL': 14.52, 'SAD': 50.74, 'SURPRISE': 5.4}
2026-05-23 17:33:28,952 | INFO     | [408874] 🎯 KẾT QUẢ CHỐT: SAD (50.74%)
2026-05-23 17:33:28,953 | INFO     | [408874] ⏱️ Thời gian phản hồi: 78.1 ms
2026-05-23 17:33:28,955 | INFO     | [408955] ------------------------------------------
2026-05-23 17:33:28,955 | INFO     | [408955] 📥 NHẬN YÊU CẦU QUÉT KHUÔN MẶT MỚI
2026-05-23 17:33:28,956 | INFO     | [408955] Đã xử lý ảnh thành công. Kích thước tensor: (1, 48, 48, 1)
2026-05-23 17:33:29,025 | INFO     | [408955] 📊 Chi tiết dự đoán: {'ANGRY': 8.74, 'DISGUST': 0.11, 'FEAR': 9.51, 'HAPPY': 10.62, 'NEUTRAL': 11.74, 'SAD': 53.83, 'SURPRISE': 5.45}
2026-05-23 17:33:29,025 | INFO     | [408955] 🎯 KẾT QUẢ CHỐT: SAD (53.83%)
2026-05-23 17:33:29,025 | INFO     | [408955] ⏱️ Thời gian phản hồi: 70.62 ms
2026-05-23 17:33:29,028 | INFO     | [409028] ------------------------------------------
2026-05-23 17:33:29,028 | INFO     | [409028] 📥 NHẬN YÊU CẦU QUÉT KHUÔN MẶT MỚI
2026-05-23 17:33:29,029 | INFO     | [409028] Đã xử lý ảnh thành công. Kích thước tensor: (1, 48, 48, 1)
2026-05-23 17:33:29,102 | INFO     | [409028] 📊 Chi tiết dự đoán: {'ANGRY': 7.98, 'DISGUST': 0.09, 'FEAR': 9.27, 'HAPPY': 10.58, 'NEUTRAL': 13.84, 'SAD': 52.6, 'SURPRISE': 5.64}
2026-05-23 17:33:29,102 | INFO     | [409028] 🎯 KẾT QUẢ CHỐT: SAD (52.60%)
2026-05-23 17:33:29,102 | INFO     | [409028] ⏱️ Thời gian phản hồi: 74.68 ms
2026-05-23 17:33:29,105 | INFO     | [409105] ------------------------------------------
2026-05-23 17:33:29,105 | INFO     | [409105] 📥 NHẬN YÊU CẦU QUÉT KHUÔN MẶT MỚI
2026-05-23 17:33:29,106 | INFO     | [409105] Đã xử lý ảnh thành công. Kích thước tensor: (1, 48, 48, 1)
2026-05-23 17:33:29,208 | INFO     | [409105] 📊 Chi tiết dự đoán: {'ANGRY': 8.45, 'DISGUST': 0.1, 'FEAR': 9.17, 'HAPPY': 12.53, 'NEUTRAL': 13.22, 'SAD': 51.28, 'SURPRISE': 5.25}
2026-05-23 17:33:29,209 | INFO     | [409105] 🎯 KẾT QUẢ CHỐT: SAD (51.28%)
2026-05-23 17:33:29,209 | INFO     | [409105] ⏱️ Thời gian phản hồi: 102.48 ms
2026-05-23 17:33:29,211 | INFO     | [409211] ------------------------------------------
2026-05-23 17:33:29,211 | INFO     | [409211] 📥 NHẬN YÊU CẦU QUÉT KHUÔN MẶT MỚI
2026-05-23 17:33:29,214 | INFO     | [409211] Đã xử lý ảnh thành công. Kích thước tensor: (1, 48, 48, 1)
2026-05-23 17:33:29,282 | INFO     | [409211] 📊 Chi tiết dự đoán: {'ANGRY': 9.25, 'DISGUST': 0.08, 'FEAR': 10.11, 'HAPPY': 11.42, 'NEUTRAL': 13.63, 'SAD': 48.48, 'SURPRISE': 7.03}
2026-05-23 17:33:29,282 | INFO     | [409211] 🎯 KẾT QUẢ CHỐT: SAD (48.48%)
2026-05-23 17:33:29,283 | INFO     | [409211] ⏱️ Thời gian phản hồi: 70.9 ms
2026-05-23 17:33:29,284 | INFO     | [409284] ------------------------------------------
2026-05-23 17:33:29,284 | INFO     | [409284] 📥 NHẬN YÊU CẦU QUÉT KHUÔN MẶT MỚI
2026-05-23 17:33:29,285 | INFO     | [409284] Đã xử lý ảnh thành công. Kích thước tensor: (1, 48, 48, 1)
2026-05-23 17:33:29,350 | INFO     | [409284] 📊 Chi tiết dự đoán: {'ANGRY': 9.92, 'DISGUST': 0.12, 'FEAR': 9.29, 'HAPPY': 13.32, 'NEUTRAL': 12.74, 'SAD': 48.67, 'SURPRISE': 5.94}
2026-05-23 17:33:29,351 | INFO     | [409284] 🎯 KẾT QUẢ CHỐT: SAD (48.67%)
2026-05-23 17:33:29,351 | INFO     | [409284] ⏱️ Thời gian phản hồi: 66.37 ms
2026-05-23 17:33:29,354 | INFO     | [409354] ------------------------------------------
2026-05-23 17:33:29,354 | INFO     | [409354] 📥 NHẬN YÊU CẦU QUÉT KHUÔN MẶT MỚI
2026-05-23 17:33:29,354 | INFO     | [409354] Đã xử lý ảnh thành công. Kích thước tensor: (1, 48, 48, 1)
2026-05-23 17:33:29,417 | INFO     | [409354] 📊 Chi tiết dự đoán: {'ANGRY': 9.73, 'DISGUST': 0.11, 'FEAR': 10.33, 'HAPPY': 12.91, 'NEUTRAL': 13.38, 'SAD': 46.66, 'SURPRISE': 6.89}
2026-05-23 17:33:29,418 | INFO     | [409354] 🎯 KẾT QUẢ CHỐT: SAD (46.66%)
2026-05-23 17:33:29,418 | INFO     | [409354] ⏱️ Thời gian phản hồi: 62.93 ms
2026-05-23 17:33:29,420 | INFO     | [409420] ------------------------------------------
2026-05-23 17:33:29,420 | INFO     | [409420] 📥 NHẬN YÊU CẦU QUÉT KHUÔN MẶT MỚI
2026-05-23 17:33:29,421 | INFO     | [409420] Đã xử lý ảnh thành công. Kích thước tensor: (1, 48, 48, 1)
2026-05-23 17:33:29,493 | INFO     | [409420] 📊 Chi tiết dự đoán: {'ANGRY': 8.54, 'DISGUST': 0.1, 'FEAR': 9.67, 'HAPPY': 10.83, 'NEUTRAL': 13.29, 'SAD': 52.57, 'SURPRISE': 4.99}
2026-05-23 17:33:29,493 | INFO     | [409420] 🎯 KẾT QUẢ CHỐT: SAD (52.57%)
2026-05-23 17:33:29,493 | INFO     | [409420] ⏱️ Thời gian phản hồi: 71.23 ms
2026-05-23 17:33:29,495 | INFO     | [409495] ------------------------------------------
2026-05-23 17:33:29,495 | INFO     | [409495] 📥 NHẬN YÊU CẦU QUÉT KHUÔN MẶT MỚI
2026-05-23 17:33:29,495 | INFO     | [409495] Đã xử lý ảnh thành công. Kích thước tensor: (1, 48, 48, 1)
2026-05-23 17:33:29,559 | INFO     | [409495] 📊 Chi tiết dự đoán: {'ANGRY': 9.12, 'DISGUST': 0.1, 'FEAR': 9.37, 'HAPPY': 11.36, 'NEUTRAL': 13.98, 'SAD': 50.73, 'SURPRISE': 5.33}
2026-05-23 17:33:29,559 | INFO     | [409495] 🎯 KẾT QUẢ CHỐT: SAD (50.73%)
2026-05-23 17:33:29,559 | INFO     | [409495] ⏱️ Thời gian phản hồi: 63.94 ms
2026-05-23 17:33:29,562 | INFO     | [409562] ------------------------------------------
2026-05-23 17:33:29,562 | INFO     | [409562] 📥 NHẬN YÊU CẦU QUÉT KHUÔN MẶT MỚI
2026-05-23 17:33:29,563 | INFO     | [409562] Đã xử lý ảnh thành công. Kích thước tensor: (1, 48, 48, 1)
2026-05-23 17:33:29,638 | INFO     | [409562] 📊 Chi tiết dự đoán: {'ANGRY': 8.93, 'DISGUST': 0.11, 'FEAR': 9.19, 'HAPPY': 11.07, 'NEUTRAL': 13.09, 'SAD': 52.72, 'SURPRISE': 4.9}
2026-05-23 17:33:29,638 | INFO     | [409562] 🎯 KẾT QUẢ CHỐT: SAD (52.72%)
2026-05-23 17:33:29,638 | INFO     | [409562] ⏱️ Thời gian phản hồi: 76.48 ms
2026-05-23 17:33:29,641 | INFO     | [409641] ------------------------------------------
2026-05-23 17:33:29,641 | INFO     | [409641] 📥 NHẬN YÊU CẦU QUÉT KHUÔN MẶT MỚI
2026-05-23 17:33:29,641 | INFO     | [409641] Đã xử lý ảnh thành công. Kích thước tensor: (1, 48, 48, 1)
2026-05-23 17:33:29,706 | INFO     | [409641] 📊 Chi tiết dự đoán: {'ANGRY': 8.21, 'DISGUST': 0.08, 'FEAR': 9.96, 'HAPPY': 11.93, 'NEUTRAL': 13.84, 'SAD': 50.47, 'SURPRISE': 5.51}
2026-05-23 17:33:29,706 | INFO     | [409641] 🎯 KẾT QUẢ CHỐT: SAD (50.47%)
2026-05-23 17:33:29,706 | INFO     | [409641] ⏱️ Thời gian phản hồi: 65.02 ms
2026-05-23 17:33:29,707 | INFO     | [409707] ------------------------------------------
2026-05-23 17:33:29,708 | INFO     | [409707] 📥 NHẬN YÊU CẦU QUÉT KHUÔN MẶT MỚI
2026-05-23 17:33:29,709 | INFO     | [409707] Đã xử lý ảnh thành công. Kích thước tensor: (1, 48, 48, 1)
2026-05-23 17:33:29,780 | INFO     | [409707] 📊 Chi tiết dự đoán: {'ANGRY': 8.29, 'DISGUST': 0.09, 'FEAR': 9.63, 'HAPPY': 14.18, 'NEUTRAL': 12.36, 'SAD': 49.63, 'SURPRISE': 5.82}
2026-05-23 17:33:29,780 | INFO     | [409707] 🎯 KẾT QUẢ CHỐT: SAD (49.63%)
2026-05-23 17:33:29,780 | INFO     | [409707] ⏱️ Thời gian phản hồi: 73.03 ms
2026-05-23 17:33:29,783 | INFO     | [409783] ------------------------------------------
2026-05-23 17:33:29,783 | INFO     | [409783] 📥 NHẬN YÊU CẦU QUÉT KHUÔN MẶT MỚI
2026-05-23 17:33:29,783 | INFO     | [409783] Đã xử lý ảnh thành công. Kích thước tensor: (1, 48, 48, 1)
2026-05-23 17:33:29,849 | INFO     | [409783] 📊 Chi tiết dự đoán: {'ANGRY': 9.04, 'DISGUST': 0.1, 'FEAR': 9.72, 'HAPPY': 11.76, 'NEUTRAL': 13.53, 'SAD': 50.08, 'SURPRISE': 5.77}
2026-05-23 17:33:29,849 | INFO     | [409783] 🎯 KẾT QUẢ CHỐT: SAD (50.08%)
2026-05-23 17:33:29,849 | INFO     | [409783] ⏱️ Thời gian phản hồi: 64.85 ms
2026-05-23 17:33:29,850 | INFO     | [409850] ------------------------------------------
2026-05-23 17:33:29,850 | INFO     | [409850] 📥 NHẬN YÊU CẦU QUÉT KHUÔN MẶT MỚI
2026-05-23 17:33:29,853 | INFO     | [409850] Đã xử lý ảnh thành công. Kích thước tensor: (1, 48, 48, 1)
2026-05-23 17:33:29,929 | INFO     | [409850] 📊 Chi tiết dự đoán: {'ANGRY': 8.34, 'DISGUST': 0.09, 'FEAR': 8.74, 'HAPPY': 12.12, 'NEUTRAL': 12.67, 'SAD': 52.9, 'SURPRISE': 5.14}
2026-05-23 17:33:29,929 | INFO     | [409850] 🎯 KẾT QUẢ CHỐT: SAD (52.90%)
2026-05-23 17:33:29,930 | INFO     | [409850] ⏱️ Thời gian phản hồi: 78.81 ms
2026-05-23 17:33:29,931 | INFO     | [409931] ------------------------------------------
2026-05-23 17:33:29,933 | INFO     | [409931] 📥 NHẬN YÊU CẦU QUÉT KHUÔN MẶT MỚI
2026-05-23 17:33:29,933 | INFO     | [409931] Đã xử lý ảnh thành công. Kích thước tensor: (1, 48, 48, 1)
2026-05-23 17:33:30,004 | INFO     | [409931] 📊 Chi tiết dự đoán: {'ANGRY': 9.48, 'DISGUST': 0.1, 'FEAR': 9.34, 'HAPPY': 11.7, 'NEUTRAL': 12.89, 'SAD': 51.41, 'SURPRISE': 5.08}
2026-05-23 17:33:30,004 | INFO     | [409931] 🎯 KẾT QUẢ CHỐT: SAD (51.41%)
2026-05-23 17:33:30,005 | INFO     | [409931] ⏱️ Thời gian phản hồi: 72.39 ms
2026-05-23 17:33:30,005 | INFO     | [410005] ------------------------------------------
2026-05-23 17:33:30,005 | INFO     | [410005] 📥 NHẬN YÊU CẦU QUÉT KHUÔN MẶT MỚI
2026-05-23 17:33:30,007 | INFO     | [410005] Đã xử lý ảnh thành công. Kích thước tensor: (1, 48, 48, 1)
2026-05-23 17:33:30,072 | INFO     | [410005] 📊 Chi tiết dự đoán: {'ANGRY': 10.55, 'DISGUST': 0.13, 'FEAR': 9.79, 'HAPPY': 9.81, 'NEUTRAL': 14.16, 'SAD': 49.95, 'SURPRISE': 5.6}
2026-05-23 17:33:30,072 | INFO     | [410005] 🎯 KẾT QUẢ CHỐT: SAD (49.95%)
2026-05-23 17:33:30,072 | INFO     | [410005] ⏱️ Thời gian phản hồi: 66.38 ms
2026-05-23 17:33:30,075 | INFO     | [410075] ------------------------------------------
2026-05-23 17:33:30,075 | INFO     | [410075] 📥 NHẬN YÊU CẦU QUÉT KHUÔN MẶT MỚI
2026-05-23 17:33:30,075 | INFO     | [410075] Đã xử lý ảnh thành công. Kích thước tensor: (1, 48, 48, 1)
2026-05-23 17:33:30,143 | INFO     | [410075] 📊 Chi tiết dự đoán: {'ANGRY': 8.75, 'DISGUST': 0.09, 'FEAR': 10.28, 'HAPPY': 11.3, 'NEUTRAL': 13.7, 'SAD': 49.89, 'SURPRISE': 5.99}
2026-05-23 17:33:30,144 | INFO     | [410075] 🎯 KẾT QUẢ CHỐT: SAD (49.89%)
2026-05-23 17:33:30,145 | INFO     | [410075] ⏱️ Thời gian phản hồi: 68.49 ms
2026-05-23 17:33:30,147 | INFO     | [410147] ------------------------------------------
2026-05-23 17:33:30,147 | INFO     | [410147] 📥 NHẬN YÊU CẦU QUÉT KHUÔN MẶT MỚI
2026-05-23 17:33:30,147 | INFO     | [410147] Đã xử lý ảnh thành công. Kích thước tensor: (1, 48, 48, 1)
2026-05-23 17:33:30,215 | INFO     | [410147] 📊 Chi tiết dự đoán: {'ANGRY': 9.95, 'DISGUST': 0.11, 'FEAR': 9.75, 'HAPPY': 15.01, 'NEUTRAL': 13.59, 'SAD': 45.16, 'SURPRISE': 6.44}
2026-05-23 17:33:30,216 | INFO     | [410147] 🎯 KẾT QUẢ CHỐT: SAD (45.16%)
2026-05-23 17:33:30,216 | INFO     | [410147] ⏱️ Thời gian phản hồi: 68.33 ms
2026-05-23 17:33:30,217 | INFO     | [410217] ------------------------------------------
2026-05-23 17:33:30,218 | INFO     | [410217] 📥 NHẬN YÊU CẦU QUÉT KHUÔN MẶT MỚI
2026-05-23 17:33:30,218 | INFO     | [410217] Đã xử lý ảnh thành công. Kích thước tensor: (1, 48, 48, 1)
2026-05-23 17:33:30,291 | INFO     | [410217] 📊 Chi tiết dự đoán: {'ANGRY': 8.67, 'DISGUST': 0.1, 'FEAR': 10.24, 'HAPPY': 11.26, 'NEUTRAL': 14.08, 'SAD': 50.07, 'SURPRISE': 5.58}
2026-05-23 17:33:30,291 | INFO     | [410217] 🎯 KẾT QUẢ CHỐT: SAD (50.07%)
2026-05-23 17:33:30,291 | INFO     | [410217] ⏱️ Thời gian phản hồi: 73.63 ms
2026-05-23 17:33:30,293 | INFO     | [410293] ------------------------------------------
2026-05-23 17:33:30,293 | INFO     | [410293] 📥 NHẬN YÊU CẦU QUÉT KHUÔN MẶT MỚI
2026-05-23 17:33:30,294 | INFO     | [410293] Đã xử lý ảnh thành công. Kích thước tensor: (1, 48, 48, 1)
2026-05-23 17:33:30,372 | INFO     | [410293] 📊 Chi tiết dự đoán: {'ANGRY': 7.88, 'DISGUST': 0.07, 'FEAR': 9.26, 'HAPPY': 11.23, 'NEUTRAL': 13.93, 'SAD': 52.6, 'SURPRISE': 5.03}
2026-05-23 17:33:30,372 | INFO     | [410293] 🎯 KẾT QUẢ CHỐT: SAD (52.60%)
2026-05-23 17:33:30,372 | INFO     | [410293] ⏱️ Thời gian phản hồi: 78.62 ms
2026-05-23 17:33:30,374 | INFO     | [410374] ------------------------------------------
2026-05-23 17:33:30,374 | INFO     | [410374] 📥 NHẬN YÊU CẦU QUÉT KHUÔN MẶT MỚI
2026-05-23 17:33:30,375 | INFO     | [410374] Đã xử lý ảnh thành công. Kích thước tensor: (1, 48, 48, 1)
2026-05-23 17:33:30,442 | INFO     | [410374] 📊 Chi tiết dự đoán: {'ANGRY': 8.76, 'DISGUST': 0.09, 'FEAR': 9.34, 'HAPPY': 11.71, 'NEUTRAL': 13.43, 'SAD': 51.02, 'SURPRISE': 5.65}
2026-05-23 17:33:30,443 | INFO     | [410374] 🎯 KẾT QUẢ CHỐT: SAD (51.02%)
2026-05-23 17:33:30,443 | INFO     | [410374] ⏱️ Thời gian phản hồi: 68.15 ms
2026-05-23 17:33:30,445 | INFO     | [410445] ------------------------------------------
2026-05-23 17:33:30,446 | INFO     | [410445] 📥 NHẬN YÊU CẦU QUÉT KHUÔN MẶT MỚI
2026-05-23 17:33:30,448 | INFO     | [410445] Đã xử lý ảnh thành công. Kích thước tensor: (1, 48, 48, 1)
2026-05-23 17:33:30,519 | INFO     | [410445] 📊 Chi tiết dự đoán: {'ANGRY': 8.58, 'DISGUST': 0.11, 'FEAR': 8.81, 'HAPPY': 13.37, 'NEUTRAL': 15.27, 'SAD': 48.85, 'SURPRISE': 5.02}
2026-05-23 17:33:30,519 | INFO     | [410445] 🎯 KẾT QUẢ CHỐT: SAD (48.85%)
2026-05-23 17:33:30,519 | INFO     | [410445] ⏱️ Thời gian phản hồi: 74.76 ms
2026-05-23 17:33:30,523 | INFO     | [410523] ------------------------------------------
2026-05-23 17:33:30,523 | INFO     | [410523] 📥 NHẬN YÊU CẦU QUÉT KHUÔN MẶT MỚI
2026-05-23 17:33:30,524 | INFO     | [410523] Đã xử lý ảnh thành công. Kích thước tensor: (1, 48, 48, 1)
2026-05-23 17:33:30,594 | INFO     | [410523] 📊 Chi tiết dự đoán: {'ANGRY': 8.45, 'DISGUST': 0.09, 'FEAR': 9.23, 'HAPPY': 11.63, 'NEUTRAL': 15.1, 'SAD': 50.45, 'SURPRISE': 5.05}
2026-05-23 17:33:30,595 | INFO     | [410523] 🎯 KẾT QUẢ CHỐT: SAD (50.45%)
2026-05-23 17:33:30,595 | INFO     | [410523] ⏱️ Thời gian phản hồi: 71.17 ms
2026-05-23 17:33:30,597 | INFO     | [410597] ------------------------------------------
2026-05-23 17:33:30,598 | INFO     | [410597] 📥 NHẬN YÊU CẦU QUÉT KHUÔN MẶT MỚI
2026-05-23 17:33:30,598 | INFO     | [410597] Đã xử lý ảnh thành công. Kích thước tensor: (1, 48, 48, 1)
2026-05-23 17:33:30,664 | INFO     | [410597] 📊 Chi tiết dự đoán: {'ANGRY': 9.3, 'DISGUST': 0.08, 'FEAR': 10.31, 'HAPPY': 12.5, 'NEUTRAL': 13.63, 'SAD': 48.1, 'SURPRISE': 6.08}
2026-05-23 17:33:30,664 | INFO     | [410597] 🎯 KẾT QUẢ CHỐT: SAD (48.10%)
2026-05-23 17:33:30,664 | INFO     | [410597] ⏱️ Thời gian phản hồi: 66.35 ms
2026-05-23 17:33:30,666 | INFO     | [410666] ------------------------------------------
2026-05-23 17:33:30,667 | INFO     | [410666] 📥 NHẬN YÊU CẦU QUÉT KHUÔN MẶT MỚI
2026-05-23 17:33:30,668 | INFO     | [410666] Đã xử lý ảnh thành công. Kích thước tensor: (1, 48, 48, 1)
2026-05-23 17:33:30,734 | INFO     | [410666] 📊 Chi tiết dự đoán: {'ANGRY': 8.87, 'DISGUST': 0.08, 'FEAR': 8.89, 'HAPPY': 13.97, 'NEUTRAL': 15.2, 'SAD': 47.69, 'SURPRISE': 5.29}
2026-05-23 17:33:30,734 | INFO     | [410666] 🎯 KẾT QUẢ CHỐT: SAD (47.69%)
2026-05-23 17:33:30,734 | INFO     | [410666] ⏱️ Thời gian phản hồi: 68.52 ms
2026-05-23 17:33:30,736 | INFO     | [410736] ------------------------------------------
2026-05-23 17:33:30,736 | INFO     | [410736] 📥 NHẬN YÊU CẦU QUÉT KHUÔN MẶT MỚI
2026-05-23 17:33:30,736 | INFO     | [410736] Đã xử lý ảnh thành công. Kích thước tensor: (1, 48, 48, 1)
2026-05-23 17:33:30,803 | INFO     | [410736] 📊 Chi tiết dự đoán: {'ANGRY': 8.82, 'DISGUST': 0.1, 'FEAR': 8.92, 'HAPPY': 10.58, 'NEUTRAL': 14.72, 'SAD': 52.22, 'SURPRISE': 4.64}
2026-05-23 17:33:30,803 | INFO     | [410736] 🎯 KẾT QUẢ CHỐT: SAD (52.22%)
2026-05-23 17:33:30,803 | INFO     | [410736] ⏱️ Thời gian phản hồi: 67.51 ms
2026-05-23 17:33:30,805 | INFO     | [410805] ------------------------------------------
2026-05-23 17:33:30,805 | INFO     | [410805] 📥 NHẬN YÊU CẦU QUÉT KHUÔN MẶT MỚI
2026-05-23 17:33:30,806 | INFO     | [410805] Đã xử lý ảnh thành công. Kích thước tensor: (1, 48, 48, 1)
2026-05-23 17:33:30,876 | INFO     | [410805] 📊 Chi tiết dự đoán: {'ANGRY': 9.2, 'DISGUST': 0.11, 'FEAR': 9.94, 'HAPPY': 13.08, 'NEUTRAL': 13.08, 'SAD': 48.61, 'SURPRISE': 5.98}
2026-05-23 17:33:30,876 | INFO     | [410805] 🎯 KẾT QUẢ CHỐT: SAD (48.61%)
2026-05-23 17:33:30,876 | INFO     | [410805] ⏱️ Thời gian phản hồi: 69.04 ms
2026-05-23 17:33:30,878 | INFO     | [410878] ------------------------------------------
2026-05-23 17:33:30,879 | INFO     | [410878] 📥 NHẬN YÊU CẦU QUÉT KHUÔN MẶT MỚI
2026-05-23 17:33:30,880 | INFO     | [410878] Đã xử lý ảnh thành công. Kích thước tensor: (1, 48, 48, 1)
2026-05-23 17:33:30,944 | INFO     | [410878] 📊 Chi tiết dự đoán: {'ANGRY': 8.81, 'DISGUST': 0.1, 'FEAR': 8.85, 'HAPPY': 11.42, 'NEUTRAL': 14.39, 'SAD': 51.32, 'SURPRISE': 5.1}
2026-05-23 17:33:30,946 | INFO     | [410878] 🎯 KẾT QUẢ CHỐT: SAD (51.32%)
2026-05-23 17:33:30,946 | INFO     | [410878] ⏱️ Thời gian phản hồi: 66.3 ms
2026-05-23 17:33:30,948 | INFO     | [410948] ------------------------------------------
2026-05-23 17:33:30,948 | INFO     | [410948] 📥 NHẬN YÊU CẦU QUÉT KHUÔN MẶT MỚI
2026-05-23 17:33:30,949 | INFO     | [410948] Đã xử lý ảnh thành công. Kích thước tensor: (1, 48, 48, 1)
2026-05-23 17:33:31,026 | INFO     | [410948] 📊 Chi tiết dự đoán: {'ANGRY': 9.6, 'DISGUST': 0.12, 'FEAR': 9.69, 'HAPPY': 11.21, 'NEUTRAL': 13.18, 'SAD': 51.35, 'SURPRISE': 4.84}
2026-05-23 17:33:31,026 | INFO     | [410948] 🎯 KẾT QUẢ CHỐT: SAD (51.35%)
2026-05-23 17:33:31,026 | INFO     | [410948] ⏱️ Thời gian phản hồi: 77.75 ms
2026-05-23 17:33:31,028 | INFO     | [411028] ------------------------------------------
2026-05-23 17:33:31,028 | INFO     | [411028] 📥 NHẬN YÊU CẦU QUÉT KHUÔN MẶT MỚI
2026-05-23 17:33:31,029 | INFO     | [411028] Đã xử lý ảnh thành công. Kích thước tensor: (1, 48, 48, 1)
2026-05-23 17:33:31,096 | INFO     | [411028] 📊 Chi tiết dự đoán: {'ANGRY': 9.38, 'DISGUST': 0.1, 'FEAR': 9.58, 'HAPPY': 11.95, 'NEUTRAL': 13.27, 'SAD': 50.71, 'SURPRISE': 5.01}
2026-05-23 17:33:31,096 | INFO     | [411028] 🎯 KẾT QUẢ CHỐT: SAD (50.71%)
2026-05-23 17:33:31,098 | INFO     | [411028] ⏱️ Thời gian phản hồi: 68.23 ms
2026-05-23 17:33:31,099 | INFO     | [411099] ------------------------------------------
2026-05-23 17:33:31,099 | INFO     | [411099] 📥 NHẬN YÊU CẦU QUÉT KHUÔN MẶT MỚI
2026-05-23 17:33:31,100 | INFO     | [411099] Đã xử lý ảnh thành công. Kích thước tensor: (1, 48, 48, 1)
2026-05-23 17:33:31,166 | INFO     | [411099] 📊 Chi tiết dự đoán: {'ANGRY': 9.82, 'DISGUST': 0.12, 'FEAR': 9.91, 'HAPPY': 11.36, 'NEUTRAL': 13.92, 'SAD': 49.62, 'SURPRISE': 5.24}
2026-05-23 17:33:31,166 | INFO     | [411099] 🎯 KẾT QUẢ CHỐT: SAD (49.62%)
2026-05-23 17:33:31,166 | INFO     | [411099] ⏱️ Thời gian phản hồi: 67.21 ms
2026-05-23 17:33:31,169 | INFO     | [411169] ------------------------------------------
2026-05-23 17:33:31,169 | INFO     | [411169] 📥 NHẬN YÊU CẦU QUÉT KHUÔN MẶT MỚI
2026-05-23 17:33:31,170 | INFO     | [411169] Đã xử lý ảnh thành công. Kích thước tensor: (1, 48, 48, 1)
2026-05-23 17:33:31,242 | INFO     | [411169] 📊 Chi tiết dự đoán: {'ANGRY': 9.79, 'DISGUST': 0.11, 'FEAR': 9.47, 'HAPPY': 10.12, 'NEUTRAL': 13.18, 'SAD': 52.09, 'SURPRISE': 5.25}
2026-05-23 17:33:31,243 | INFO     | [411169] 🎯 KẾT QUẢ CHỐT: SAD (52.09%)
2026-05-23 17:33:31,243 | INFO     | [411169] ⏱️ Thời gian phản hồi: 72.46 ms
2026-05-23 17:33:31,245 | INFO     | [411245] ------------------------------------------
2026-05-23 17:33:31,246 | INFO     | [411245] 📥 NHẬN YÊU CẦU QUÉT KHUÔN MẶT MỚI
2026-05-23 17:33:31,246 | INFO     | [411245] Đã xử lý ảnh thành công. Kích thước tensor: (1, 48, 48, 1)
2026-05-23 17:33:31,316 | INFO     | [411245] 📊 Chi tiết dự đoán: {'ANGRY': 6.62, 'DISGUST': 0.09, 'FEAR': 7.49, 'HAPPY': 10.81, 'NEUTRAL': 12.23, 'SAD': 60.14, 'SURPRISE': 2.63}
2026-05-23 17:33:31,316 | INFO     | [411245] 🎯 KẾT QUẢ CHỐT: SAD (60.14%)
2026-05-23 17:33:31,316 | INFO     | [411245] ⏱️ Thời gian phản hồi: 71.48 ms
2026-05-23 17:33:31,318 | INFO     | [411318] ------------------------------------------
2026-05-23 17:33:31,318 | INFO     | [411318] 📥 NHẬN YÊU CẦU QUÉT KHUÔN MẶT MỚI
2026-05-23 17:33:31,319 | INFO     | [411318] Đã xử lý ảnh thành công. Kích thước tensor: (1, 48, 48, 1)
2026-05-23 17:33:31,385 | INFO     | [411318] 📊 Chi tiết dự đoán: {'ANGRY': 11.04, 'DISGUST': 0.13, 'FEAR': 9.79, 'HAPPY': 10.38, 'NEUTRAL': 13.48, 'SAD': 48.8, 'SURPRISE': 6.37}
2026-05-23 17:33:31,385 | INFO     | [411318] 🎯 KẾT QUẢ CHỐT: SAD (48.80%)
2026-05-23 17:33:31,385 | INFO     | [411318] ⏱️ Thời gian phản hồi: 66.19 ms
2026-05-23 17:33:31,387 | INFO     | [411387] ------------------------------------------
2026-05-23 17:33:31,387 | INFO     | [411387] 📥 NHẬN YÊU CẦU QUÉT KHUÔN MẶT MỚI
2026-05-23 17:33:31,388 | INFO     | [411387] Đã xử lý ảnh thành công. Kích thước tensor: (1, 48, 48, 1)
2026-05-23 17:33:31,456 | INFO     | [411387] 📊 Chi tiết dự đoán: {'ANGRY': 6.16, 'DISGUST': 0.11, 'FEAR': 7.79, 'HAPPY': 11.2, 'NEUTRAL': 13.56, 'SAD': 57.77, 'SURPRISE': 3.4}
2026-05-23 17:33:31,456 | INFO     | [411387] 🎯 KẾT QUẢ CHỐT: SAD (57.77%)
2026-05-23 17:33:31,456 | INFO     | [411387] ⏱️ Thời gian phản hồi: 68.77 ms
2026-05-23 17:33:31,458 | INFO     | [411458] ------------------------------------------
2026-05-23 17:33:31,458 | INFO     | [411458] 📥 NHẬN YÊU CẦU QUÉT KHUÔN MẶT MỚI
2026-05-23 17:33:31,459 | INFO     | [411458] Đã xử lý ảnh thành công. Kích thước tensor: (1, 48, 48, 1)
2026-05-23 17:33:31,524 | INFO     | [411458] 📊 Chi tiết dự đoán: {'ANGRY': 6.41, 'DISGUST': 0.09, 'FEAR': 7.39, 'HAPPY': 13.77, 'NEUTRAL': 12.13, 'SAD': 57.48, 'SURPRISE': 2.73}
2026-05-23 17:33:31,525 | INFO     | [411458] 🎯 KẾT QUẢ CHỐT: SAD (57.48%)
2026-05-23 17:33:31,525 | INFO     | [411458] ⏱️ Thời gian phản hồi: 66.36 ms
2026-05-23 17:33:31,527 | INFO     | [411527] ------------------------------------------
2026-05-23 17:33:31,527 | INFO     | [411527] 📥 NHẬN YÊU CẦU QUÉT KHUÔN MẶT MỚI
2026-05-23 17:33:31,527 | INFO     | [411527] Đã xử lý ảnh thành công. Kích thước tensor: (1, 48, 48, 1)
2026-05-23 17:33:31,621 | INFO     | [411527] 📊 Chi tiết dự đoán: {'ANGRY': 6.89, 'DISGUST': 0.09, 'FEAR': 8.0, 'HAPPY': 16.56, 'NEUTRAL': 14.94, 'SAD': 49.9, 'SURPRISE': 3.62}
2026-05-23 17:33:31,621 | INFO     | [411527] 🎯 KẾT QUẢ CHỐT: SAD (49.90%)
2026-05-23 17:33:31,621 | INFO     | [411527] ⏱️ Thời gian phản hồi: 93.75 ms
2026-05-23 17:33:31,623 | INFO     | [411623] ------------------------------------------
2026-05-23 17:33:31,624 | INFO     | [411623] 📥 NHẬN YÊU CẦU QUÉT KHUÔN MẶT MỚI
2026-05-23 17:33:31,624 | INFO     | [411623] Đã xử lý ảnh thành công. Kích thước tensor: (1, 48, 48, 1)
2026-05-23 17:33:31,706 | INFO     | [411623] 📊 Chi tiết dự đoán: {'ANGRY': 5.31, 'DISGUST': 0.06, 'FEAR': 7.08, 'HAPPY': 14.31, 'NEUTRAL': 17.58, 'SAD': 53.21, 'SURPRISE': 2.46}
2026-05-23 17:33:31,706 | INFO     | [411623] 🎯 KẾT QUẢ CHỐT: SAD (53.21%)
2026-05-23 17:33:31,708 | INFO     | [411623] ⏱️ Thời gian phản hồi: 83.03 ms
2026-05-23 17:33:31,710 | INFO     | [411709] ------------------------------------------
2026-05-23 17:33:31,710 | INFO     | [411709] 📥 NHẬN YÊU CẦU QUÉT KHUÔN MẶT MỚI
2026-05-23 17:33:31,711 | INFO     | [411709] Đã xử lý ảnh thành công. Kích thước tensor: (1, 48, 48, 1)
2026-05-23 17:33:31,795 | INFO     | [411709] 📊 Chi tiết dự đoán: {'ANGRY': 6.47, 'DISGUST': 0.09, 'FEAR': 6.64, 'HAPPY': 13.55, 'NEUTRAL': 16.96, 'SAD': 54.0, 'SURPRISE': 2.29}
2026-05-23 17:33:31,795 | INFO     | [411709] 🎯 KẾT QUẢ CHỐT: SAD (54.00%)
2026-05-23 17:33:31,795 | INFO     | [411709] ⏱️ Thời gian phản hồi: 85.98 ms
2026-05-23 17:33:31,798 | INFO     | [411798] ------------------------------------------
2026-05-23 17:33:31,798 | INFO     | [411798] 📥 NHẬN YÊU CẦU QUÉT KHUÔN MẶT MỚI
2026-05-23 17:33:31,799 | INFO     | [411798] Đã xử lý ảnh thành công. Kích thước tensor: (1, 48, 48, 1)
2026-05-23 17:33:31,891 | INFO     | [411798] 📊 Chi tiết dự đoán: {'ANGRY': 7.2, 'DISGUST': 0.09, 'FEAR': 6.94, 'HAPPY': 16.07, 'NEUTRAL': 13.68, 'SAD': 53.77, 'SURPRISE': 2.26}
2026-05-23 17:33:31,891 | INFO     | [411798] 🎯 KẾT QUẢ CHỐT: SAD (53.77%)
2026-05-23 17:33:31,892 | INFO     | [411798] ⏱️ Thời gian phản hồi: 92.51 ms
2026-05-23 17:33:31,924 | INFO     | [BATCH-411924] ==========================================
2026-05-23 17:33:31,926 | INFO     | [BATCH-411924] 🎞️ NHẬN CHUỖI 60 KHUNG HÌNH (BATCH)
2026-05-23 17:33:32,014 | INFO     | [BATCH-411924] ↳ Frame 1/60: SAD (61.0%)
2026-05-23 17:33:32,105 | INFO     | [BATCH-411924] ↳ Frame 2/60: SAD (58.1%)
2026-05-23 17:33:32,187 | INFO     | [BATCH-411924] ↳ Frame 3/60: SAD (62.0%)
2026-05-23 17:33:32,285 | INFO     | [BATCH-411924] ↳ Frame 4/60: SAD (59.9%)
2026-05-23 17:33:32,357 | INFO     | [BATCH-411924] ↳ Frame 5/60: SAD (60.2%)
2026-05-23 17:33:32,430 | INFO     | [BATCH-411924] ↳ Frame 6/60: SAD (58.4%)
2026-05-23 17:33:32,504 | INFO     | [BATCH-411924] ↳ Frame 7/60: SAD (56.7%)
2026-05-23 17:33:32,573 | INFO     | [BATCH-411924] ↳ Frame 8/60: SAD (64.1%)
2026-05-23 17:33:32,636 | INFO     | [BATCH-411924] ↳ Frame 9/60: SAD (60.0%)
2026-05-23 17:33:32,705 | INFO     | [BATCH-411924] ↳ Frame 10/60: SAD (57.7%)
2026-05-23 17:33:32,773 | INFO     | [BATCH-411924] ↳ Frame 11/60: SAD (60.4%)
2026-05-23 17:33:32,844 | INFO     | [BATCH-411924] ↳ Frame 12/60: SAD (62.3%)
2026-05-23 17:33:32,912 | INFO     | [BATCH-411924] ↳ Frame 13/60: SAD (60.0%)
2026-05-23 17:33:32,979 | INFO     | [BATCH-411924] ↳ Frame 14/60: SAD (62.5%)
2026-05-23 17:33:33,044 | INFO     | [BATCH-411924] ↳ Frame 15/60: SAD (63.2%)
2026-05-23 17:33:33,113 | INFO     | [BATCH-411924] ↳ Frame 16/60: SAD (61.6%)
2026-05-23 17:33:33,185 | INFO     | [BATCH-411924] ↳ Frame 17/60: SAD (58.1%)
2026-05-23 17:33:33,253 | INFO     | [BATCH-411924] ↳ Frame 18/60: SAD (63.4%)
2026-05-23 17:33:33,316 | INFO     | [BATCH-411924] ↳ Frame 19/60: SAD (60.3%)
2026-05-23 17:33:33,385 | INFO     | [BATCH-411924] ↳ Frame 20/60: SAD (58.7%)
2026-05-23 17:33:33,453 | INFO     | [BATCH-411924] ↳ Frame 21/60: SAD (56.7%)
2026-05-23 17:33:33,524 | INFO     | [BATCH-411924] ↳ Frame 22/60: SAD (63.7%)
2026-05-23 17:33:33,595 | INFO     | [BATCH-411924] ↳ Frame 23/60: SAD (53.4%)
2026-05-23 17:33:33,660 | INFO     | [BATCH-411924] ↳ Frame 24/60: SAD (54.3%)
2026-05-23 17:33:33,727 | INFO     | [BATCH-411924] ↳ Frame 25/60: SAD (64.4%)
2026-05-23 17:33:33,795 | INFO     | [BATCH-411924] ↳ Frame 26/60: SAD (63.2%)
2026-05-23 17:33:33,866 | INFO     | [BATCH-411924] ↳ Frame 27/60: SAD (56.7%)
2026-05-23 17:33:33,934 | INFO     | [BATCH-411924] ↳ Frame 28/60: SAD (56.2%)
2026-05-23 17:33:34,005 | INFO     | [BATCH-411924] ↳ Frame 29/60: SAD (62.0%)
2026-05-23 17:33:34,079 | INFO     | [BATCH-411924] ↳ Frame 30/60: SAD (60.3%)
2026-05-23 17:33:34,149 | INFO     | [BATCH-411924] ↳ Frame 31/60: SAD (56.5%)
2026-05-23 17:33:34,221 | INFO     | [BATCH-411924] ↳ Frame 32/60: SAD (58.8%)
2026-05-23 17:33:34,295 | INFO     | [BATCH-411924] ↳ Frame 33/60: SAD (55.1%)
2026-05-23 17:33:34,364 | INFO     | [BATCH-411924] ↳ Frame 34/60: SAD (57.6%)
2026-05-23 17:33:34,431 | INFO     | [BATCH-411924] ↳ Frame 35/60: SAD (57.1%)
2026-05-23 17:33:34,505 | INFO     | [BATCH-411924] ↳ Frame 36/60: SAD (59.7%)
2026-05-23 17:33:34,569 | INFO     | [BATCH-411924] ↳ Frame 37/60: SAD (63.6%)
2026-05-23 17:33:34,636 | INFO     | [BATCH-411924] ↳ Frame 38/60: SAD (53.9%)
2026-05-23 17:33:34,704 | INFO     | [BATCH-411924] ↳ Frame 39/60: SAD (59.5%)
2026-05-23 17:33:34,773 | INFO     | [BATCH-411924] ↳ Frame 40/60: SAD (59.6%)
2026-05-23 17:33:34,845 | INFO     | [BATCH-411924] ↳ Frame 41/60: SAD (59.8%)
2026-05-23 17:33:34,912 | INFO     | [BATCH-411924] ↳ Frame 42/60: SAD (59.8%)
2026-05-23 17:33:34,983 | INFO     | [BATCH-411924] ↳ Frame 43/60: SAD (50.8%)
2026-05-23 17:33:35,050 | INFO     | [BATCH-411924] ↳ Frame 44/60: SAD (50.5%)
2026-05-23 17:33:35,124 | INFO     | [BATCH-411924] ↳ Frame 45/60: SAD (56.9%)
2026-05-23 17:33:35,189 | INFO     | [BATCH-411924] ↳ Frame 46/60: SAD (49.9%)
2026-05-23 17:33:35,274 | INFO     | [BATCH-411924] ↳ Frame 47/60: SAD (52.4%)
2026-05-23 17:33:35,345 | INFO     | [BATCH-411924] ↳ Frame 48/60: SAD (52.7%)
2026-05-23 17:33:35,414 | INFO     | [BATCH-411924] ↳ Frame 49/60: SAD (50.7%)
2026-05-23 17:33:35,483 | INFO     | [BATCH-411924] ↳ Frame 50/60: SAD (49.8%)
2026-05-23 17:33:35,568 | INFO     | [BATCH-411924] ↳ Frame 51/60: SAD (52.8%)
2026-05-23 17:33:35,636 | INFO     | [BATCH-411924] ↳ Frame 52/60: SAD (55.4%)
2026-05-23 17:33:35,733 | INFO     | [BATCH-411924] ↳ Frame 53/60: SAD (52.0%)
2026-05-23 17:33:35,810 | INFO     | [BATCH-411924] ↳ Frame 54/60: SAD (50.2%)
2026-05-23 17:33:35,885 | INFO     | [BATCH-411924] ↳ Frame 55/60: SAD (51.0%)
2026-05-23 17:33:35,955 | INFO     | [BATCH-411924] ↳ Frame 56/60: SAD (51.2%)
2026-05-23 17:33:36,020 | INFO     | [BATCH-411924] ↳ Frame 57/60: SAD (49.2%)
2026-05-23 17:33:36,092 | INFO     | [BATCH-411924] ↳ Frame 58/60: SAD (48.7%)
2026-05-23 17:33:36,158 | INFO     | [BATCH-411924] ↳ Frame 59/60: SAD (52.2%)
2026-05-23 17:33:36,226 | INFO     | [BATCH-411924] ↳ Frame 60/60: SAD (52.4%)
2026-05-23 17:33:36,226 | INFO     | [BATCH-411924] 🎯 KẾT QUẢ CHUỖI: SAD (Tần suất: {'SAD': 60})
2026-05-23 17:33:36,227 | INFO     | [BATCH-411924] ⏱️ Tổng thời gian xử lý: 4302.61 ms
2026-05-23 17:33:55,938 | INFO     | [435938] ------------------------------------------
2026-05-23 17:33:55,938 | INFO     | [435938] 📥 NHẬN YÊU CẦU QUÉT KHUÔN MẶT MỚI
2026-05-23 17:33:55,940 | INFO     | [435938] Đã xử lý ảnh thành công. Kích thước tensor: (1, 48, 48, 1)
2026-05-23 17:33:56,025 | INFO     | [435938] 📊 Chi tiết dự đoán: {'ANGRY': 12.3, 'DISGUST': 0.09, 'FEAR': 12.33, 'HAPPY': 13.35, 'NEUTRAL': 13.43, 'SAD': 43.61, 'SURPRISE': 4.88}
2026-05-23 17:33:56,025 | INFO     | [435938] 🎯 KẾT QUẢ CHỐT: SAD (43.61%)
2026-05-23 17:33:56,026 | INFO     | [435938] ⏱️ Thời gian phản hồi: 86.37 ms
2026-05-23 17:33:56,030 | INFO     | [436030] ------------------------------------------
2026-05-23 17:33:56,030 | INFO     | [436030] 📥 NHẬN YÊU CẦU QUÉT KHUÔN MẶT MỚI
2026-05-23 17:33:56,030 | INFO     | [436030] Đã xử lý ảnh thành công. Kích thước tensor: (1, 48, 48, 1)
2026-05-23 17:33:56,114 | INFO     | [436030] 📊 Chi tiết dự đoán: {'ANGRY': 10.2, 'DISGUST': 0.07, 'FEAR': 11.32, 'HAPPY': 14.72, 'NEUTRAL': 16.57, 'SAD': 41.59, 'SURPRISE': 5.53}
2026-05-23 17:33:56,115 | INFO     | [436030] 🎯 KẾT QUẢ CHỐT: SAD (41.59%)
2026-05-23 17:33:56,115 | INFO     | [436030] ⏱️ Thời gian phản hồi: 84.4 ms
2026-05-23 17:33:56,137 | INFO     | [436137] ------------------------------------------
2026-05-23 17:33:56,139 | INFO     | [436137] 📥 NHẬN YÊU CẦU QUÉT KHUÔN MẶT MỚI
2026-05-23 17:33:56,139 | INFO     | [436137] Đã xử lý ảnh thành công. Kích thước tensor: (1, 48, 48, 1)
2026-05-23 17:33:56,213 | INFO     | [436137] 📊 Chi tiết dự đoán: {'ANGRY': 8.42, 'DISGUST': 0.11, 'FEAR': 9.21, 'HAPPY': 9.9, 'NEUTRAL': 14.11, 'SAD': 53.38, 'SURPRISE': 4.86}
2026-05-23 17:33:56,213 | INFO     | [436137] 🎯 KẾT QUẢ CHỐT: SAD (53.38%)
2026-05-23 17:33:56,213 | INFO     | [436137] ⏱️ Thời gian phản hồi: 76.06 ms
2026-05-23 17:33:56,232 | INFO     | [436232] ------------------------------------------
2026-05-23 17:33:56,233 | INFO     | [436232] 📥 NHẬN YÊU CẦU QUÉT KHUÔN MẶT MỚI
2026-05-23 17:33:56,234 | INFO     | [436232] Đã xử lý ảnh thành công. Kích thước tensor: (1, 48, 48, 1)
2026-05-23 17:33:56,320 | INFO     | [436232] 📊 Chi tiết dự đoán: {'ANGRY': 7.56, 'DISGUST': 0.11, 'FEAR': 10.08, 'HAPPY': 7.57, 'NEUTRAL': 12.18, 'SAD': 58.0, 'SURPRISE': 4.5}
2026-05-23 17:33:56,320 | INFO     | [436232] 🎯 KẾT QUẢ CHỐT: SAD (58.00%)
2026-05-23 17:33:56,320 | INFO     | [436232] ⏱️ Thời gian phản hồi: 87.61 ms
2026-05-23 17:33:56,339 | INFO     | [436339] ------------------------------------------
2026-05-23 17:33:56,340 | INFO     | [436339] 📥 NHẬN YÊU CẦU QUÉT KHUÔN MẶT MỚI
2026-05-23 17:33:56,340 | INFO     | [436339] Đã xử lý ảnh thành công. Kích thước tensor: (1, 48, 48, 1)
2026-05-23 17:33:56,409 | INFO     | [436339] 📊 Chi tiết dự đoán: {'ANGRY': 7.03, 'DISGUST': 0.12, 'FEAR': 7.21, 'HAPPY': 7.65, 'NEUTRAL': 16.35, 'SAD': 58.17, 'SURPRISE': 3.47}
2026-05-23 17:33:56,410 | INFO     | [436339] 🎯 KẾT QUẢ CHỐT: SAD (58.17%)
2026-05-23 17:33:56,410 | INFO     | [436339] ⏱️ Thời gian phản hồi: 70.12 ms
2026-05-23 17:33:56,434 | INFO     | [436434] ------------------------------------------
2026-05-23 17:33:56,434 | INFO     | [436434] 📥 NHẬN YÊU CẦU QUÉT KHUÔN MẶT MỚI
2026-05-23 17:33:56,435 | INFO     | [436434] Đã xử lý ảnh thành công. Kích thước tensor: (1, 48, 48, 1)
2026-05-23 17:33:56,511 | INFO     | [436434] 📊 Chi tiết dự đoán: {'ANGRY': 6.51, 'DISGUST': 0.11, 'FEAR': 7.76, 'HAPPY': 7.01, 'NEUTRAL': 15.81, 'SAD': 59.54, 'SURPRISE': 3.27}
2026-05-23 17:33:56,511 | INFO     | [436434] 🎯 KẾT QUẢ CHỐT: SAD (59.54%)
2026-05-23 17:33:56,511 | INFO     | [436434] ⏱️ Thời gian phản hồi: 76.6 ms
2026-05-23 17:33:56,529 | INFO     | [436528] ------------------------------------------
2026-05-23 17:33:56,529 | INFO     | [436528] 📥 NHẬN YÊU CẦU QUÉT KHUÔN MẶT MỚI
2026-05-23 17:33:56,530 | INFO     | [436528] Đã xử lý ảnh thành công. Kích thước tensor: (1, 48, 48, 1)
2026-05-23 17:33:56,610 | INFO     | [436528] 📊 Chi tiết dự đoán: {'ANGRY': 6.0, 'DISGUST': 0.11, 'FEAR': 8.74, 'HAPPY': 5.54, 'NEUTRAL': 16.55, 'SAD': 58.3, 'SURPRISE': 4.75}
2026-05-23 17:33:56,610 | INFO     | [436528] 🎯 KẾT QUẢ CHỐT: SAD (58.30%)
2026-05-23 17:33:56,610 | INFO     | [436528] ⏱️ Thời gian phản hồi: 82.18 ms
2026-05-23 17:33:56,635 | INFO     | [436635] ------------------------------------------
2026-05-23 17:33:56,635 | INFO     | [436635] 📥 NHẬN YÊU CẦU QUÉT KHUÔN MẶT MỚI
2026-05-23 17:33:56,637 | INFO     | [436635] Đã xử lý ảnh thành công. Kích thước tensor: (1, 48, 48, 1)
2026-05-23 17:33:56,720 | INFO     | [436635] 📊 Chi tiết dự đoán: {'ANGRY': 6.5, 'DISGUST': 0.13, 'FEAR': 9.65, 'HAPPY': 6.79, 'NEUTRAL': 16.16, 'SAD': 56.22, 'SURPRISE': 4.55}
2026-05-23 17:33:56,720 | INFO     | [436635] 🎯 KẾT QUẢ CHỐT: SAD (56.22%)
2026-05-23 17:33:56,720 | INFO     | [436635] ⏱️ Thời gian phản hồi: 83.51 ms
2026-05-23 17:33:56,745 | INFO     | [436745] ------------------------------------------
2026-05-23 17:33:56,745 | INFO     | [436745] 📥 NHẬN YÊU CẦU QUÉT KHUÔN MẶT MỚI
2026-05-23 17:33:56,747 | INFO     | [436745] Đã xử lý ảnh thành công. Kích thước tensor: (1, 48, 48, 1)
2026-05-23 17:33:56,827 | INFO     | [436745] 📊 Chi tiết dự đoán: {'ANGRY': 6.69, 'DISGUST': 0.18, 'FEAR': 8.22, 'HAPPY': 5.27, 'NEUTRAL': 16.06, 'SAD': 59.36, 'SURPRISE': 4.22}
2026-05-23 17:33:56,827 | INFO     | [436745] 🎯 KẾT QUẢ CHỐT: SAD (59.36%)
2026-05-23 17:33:56,829 | INFO     | [436745] ⏱️ Thời gian phản hồi: 81.84 ms
2026-05-23 17:33:56,838 | INFO     | [436838] ------------------------------------------
2026-05-23 17:33:56,839 | INFO     | [436838] 📥 NHẬN YÊU CẦU QUÉT KHUÔN MẶT MỚI
2026-05-23 17:33:56,840 | INFO     | [436838] Đã xử lý ảnh thành công. Kích thước tensor: (1, 48, 48, 1)
2026-05-23 17:33:56,927 | INFO     | [436838] 📊 Chi tiết dự đoán: {'ANGRY': 6.33, 'DISGUST': 0.16, 'FEAR': 7.45, 'HAPPY': 5.59, 'NEUTRAL': 16.55, 'SAD': 60.73, 'SURPRISE': 3.2}
2026-05-23 17:33:56,927 | INFO     | [436838] 🎯 KẾT QUẢ CHỐT: SAD (60.73%)
2026-05-23 17:33:56,927 | INFO     | [436838] ⏱️ Thời gian phản hồi: 88.66 ms
2026-05-23 17:33:56,931 | INFO     | [436931] ------------------------------------------
2026-05-23 17:33:56,931 | INFO     | [436931] 📥 NHẬN YÊU CẦU QUÉT KHUÔN MẶT MỚI
2026-05-23 17:33:56,932 | INFO     | [436931] Đã xử lý ảnh thành công. Kích thước tensor: (1, 48, 48, 1)
2026-05-23 17:33:57,005 | INFO     | [436931] 📊 Chi tiết dự đoán: {'ANGRY': 6.9, 'DISGUST': 0.15, 'FEAR': 8.34, 'HAPPY': 6.84, 'NEUTRAL': 15.14, 'SAD': 58.26, 'SURPRISE': 4.37}
2026-05-23 17:33:57,005 | INFO     | [436931] 🎯 KẾT QUẢ CHỐT: SAD (58.26%)
2026-05-23 17:33:57,005 | INFO     | [436931] ⏱️ Thời gian phản hồi: 74.7 ms
2026-05-23 17:33:57,039 | INFO     | [437039] ------------------------------------------
2026-05-23 17:33:57,040 | INFO     | [437039] 📥 NHẬN YÊU CẦU QUÉT KHUÔN MẶT MỚI
2026-05-23 17:33:57,040 | INFO     | [437039] Đã xử lý ảnh thành công. Kích thước tensor: (1, 48, 48, 1)
2026-05-23 17:33:57,114 | INFO     | [437039] 📊 Chi tiết dự đoán: {'ANGRY': 6.72, 'DISGUST': 0.13, 'FEAR': 7.13, 'HAPPY': 8.61, 'NEUTRAL': 13.88, 'SAD': 60.16, 'SURPRISE': 3.38}
2026-05-23 17:33:57,114 | INFO     | [437039] 🎯 KẾT QUẢ CHỐT: SAD (60.16%)
2026-05-23 17:33:57,114 | INFO     | [437039] ⏱️ Thời gian phản hồi: 74.25 ms
2026-05-23 17:33:57,135 | INFO     | [437135] ------------------------------------------
2026-05-23 17:33:57,135 | INFO     | [437135] 📥 NHẬN YÊU CẦU QUÉT KHUÔN MẶT MỚI
2026-05-23 17:33:57,136 | INFO     | [437135] Đã xử lý ảnh thành công. Kích thước tensor: (1, 48, 48, 1)
2026-05-23 17:33:57,215 | INFO     | [437135] 📊 Chi tiết dự đoán: {'ANGRY': 7.48, 'DISGUST': 0.17, 'FEAR': 6.98, 'HAPPY': 8.48, 'NEUTRAL': 13.61, 'SAD': 59.32, 'SURPRISE': 3.96}
2026-05-23 17:33:57,215 | INFO     | [437135] 🎯 KẾT QUẢ CHỐT: SAD (59.32%)
2026-05-23 17:33:57,215 | INFO     | [437135] ⏱️ Thời gian phản hồi: 79.86 ms
2026-05-23 17:33:57,227 | INFO     | [437225] ------------------------------------------
2026-05-23 17:33:57,227 | INFO     | [437225] 📥 NHẬN YÊU CẦU QUÉT KHUÔN MẶT MỚI
2026-05-23 17:33:57,227 | INFO     | [437225] Đã xử lý ảnh thành công. Kích thước tensor: (1, 48, 48, 1)
2026-05-23 17:33:57,302 | INFO     | [437225] 📊 Chi tiết dự đoán: {'ANGRY': 6.67, 'DISGUST': 0.17, 'FEAR': 8.37, 'HAPPY': 7.84, 'NEUTRAL': 12.79, 'SAD': 59.17, 'SURPRISE': 4.99}
2026-05-23 17:33:57,302 | INFO     | [437225] 🎯 KẾT QUẢ CHỐT: SAD (59.17%)
2026-05-23 17:33:57,302 | INFO     | [437225] ⏱️ Thời gian phản hồi: 76.5 ms
2026-05-23 17:33:57,333 | INFO     | [437333] ------------------------------------------
2026-05-23 17:33:57,333 | INFO     | [437333] 📥 NHẬN YÊU CẦU QUÉT KHUÔN MẶT MỚI
2026-05-23 17:33:57,334 | INFO     | [437333] Đã xử lý ảnh thành công. Kích thước tensor: (1, 48, 48, 1)
2026-05-23 17:33:57,407 | INFO     | [437333] 📊 Chi tiết dự đoán: {'ANGRY': 7.63, 'DISGUST': 0.17, 'FEAR': 8.1, 'HAPPY': 10.24, 'NEUTRAL': 12.34, 'SAD': 55.96, 'SURPRISE': 5.57}
2026-05-23 17:33:57,407 | INFO     | [437333] 🎯 KẾT QUẢ CHỐT: SAD (55.96%)
2026-05-23 17:33:57,407 | INFO     | [437333] ⏱️ Thời gian phản hồi: 74.11 ms
2026-05-23 17:33:57,426 | INFO     | [437426] ------------------------------------------
2026-05-23 17:33:57,427 | INFO     | [437426] 📥 NHẬN YÊU CẦU QUÉT KHUÔN MẶT MỚI
2026-05-23 17:33:57,427 | INFO     | [437426] Đã xử lý ảnh thành công. Kích thước tensor: (1, 48, 48, 1)
2026-05-23 17:33:57,500 | INFO     | [437426] 📊 Chi tiết dự đoán: {'ANGRY': 8.1, 'DISGUST': 0.19, 'FEAR': 7.13, 'HAPPY': 11.67, 'NEUTRAL': 14.44, 'SAD': 53.89, 'SURPRISE': 4.59}
2026-05-23 17:33:57,500 | INFO     | [437426] 🎯 KẾT QUẢ CHỐT: SAD (53.89%)
2026-05-23 17:33:57,500 | INFO     | [437426] ⏱️ Thời gian phản hồi: 74.35 ms
2026-05-23 17:33:57,534 | INFO     | [437534] ------------------------------------------
2026-05-23 17:33:57,534 | INFO     | [437534] 📥 NHẬN YÊU CẦU QUÉT KHUÔN MẶT MỚI
2026-05-23 17:33:57,535 | INFO     | [437534] Đã xử lý ảnh thành công. Kích thước tensor: (1, 48, 48, 1)
2026-05-23 17:33:57,604 | INFO     | [437534] 📊 Chi tiết dự đoán: {'ANGRY': 6.33, 'DISGUST': 0.13, 'FEAR': 7.3, 'HAPPY': 12.28, 'NEUTRAL': 14.01, 'SAD': 55.53, 'SURPRISE': 4.42}
2026-05-23 17:33:57,604 | INFO     | [437534] 🎯 KẾT QUẢ CHỐT: SAD (55.53%)
2026-05-23 17:33:57,606 | INFO     | [437534] ⏱️ Thời gian phản hồi: 70.52 ms
2026-05-23 17:33:57,627 | INFO     | [437627] ------------------------------------------
2026-05-23 17:33:57,628 | INFO     | [437627] 📥 NHẬN YÊU CẦU QUÉT KHUÔN MẶT MỚI
2026-05-23 17:33:57,629 | INFO     | [437627] Đã xử lý ảnh thành công. Kích thước tensor: (1, 48, 48, 1)
2026-05-23 17:33:57,708 | INFO     | [437627] 📊 Chi tiết dự đoán: {'ANGRY': 6.23, 'DISGUST': 0.12, 'FEAR': 8.06, 'HAPPY': 15.61, 'NEUTRAL': 12.78, 'SAD': 52.41, 'SURPRISE': 4.78}
2026-05-23 17:33:57,708 | INFO     | [437627] 🎯 KẾT QUẢ CHỐT: SAD (52.41%)
2026-05-23 17:33:57,708 | INFO     | [437627] ⏱️ Thời gian phản hồi: 80.46 ms
2026-05-23 17:33:57,734 | INFO     | [437734] ------------------------------------------
2026-05-23 17:33:57,735 | INFO     | [437734] 📥 NHẬN YÊU CẦU QUÉT KHUÔN MẶT MỚI
2026-05-23 17:33:57,735 | INFO     | [437734] Đã xử lý ảnh thành công. Kích thước tensor: (1, 48, 48, 1)
2026-05-23 17:33:57,808 | INFO     | [437734] 📊 Chi tiết dự đoán: {'ANGRY': 7.0, 'DISGUST': 0.15, 'FEAR': 7.77, 'HAPPY': 13.24, 'NEUTRAL': 13.79, 'SAD': 53.8, 'SURPRISE': 4.25}
2026-05-23 17:33:57,808 | INFO     | [437734] 🎯 KẾT QUẢ CHỐT: SAD (53.80%)
2026-05-23 17:33:57,808 | INFO     | [437734] ⏱️ Thời gian phản hồi: 74.5 ms
2026-05-23 17:33:57,842 | INFO     | [437842] ------------------------------------------
2026-05-23 17:33:57,844 | INFO     | [437842] 📥 NHẬN YÊU CẦU QUÉT KHUÔN MẶT MỚI
2026-05-23 17:33:57,844 | INFO     | [437842] Đã xử lý ảnh thành công. Kích thước tensor: (1, 48, 48, 1)
2026-05-23 17:33:57,915 | INFO     | [437842] 📊 Chi tiết dự đoán: {'ANGRY': 5.15, 'DISGUST': 0.08, 'FEAR': 7.6, 'HAPPY': 11.96, 'NEUTRAL': 14.8, 'SAD': 56.77, 'SURPRISE': 3.64}
2026-05-23 17:33:57,915 | INFO     | [437842] 🎯 KẾT QUẢ CHỐT: SAD (56.77%)
2026-05-23 17:33:57,915 | INFO     | [437842] ⏱️ Thời gian phản hồi: 72.84 ms
2026-05-23 17:33:57,935 | INFO     | [437935] ------------------------------------------
2026-05-23 17:33:57,935 | INFO     | [437935] 📥 NHẬN YÊU CẦU QUÉT KHUÔN MẶT MỚI
2026-05-23 17:33:57,936 | INFO     | [437935] Đã xử lý ảnh thành công. Kích thước tensor: (1, 48, 48, 1)
2026-05-23 17:33:58,015 | INFO     | [437935] 📊 Chi tiết dự đoán: {'ANGRY': 5.78, 'DISGUST': 0.11, 'FEAR': 6.75, 'HAPPY': 10.5, 'NEUTRAL': 16.55, 'SAD': 57.42, 'SURPRISE': 2.89}
2026-05-23 17:33:58,015 | INFO     | [437935] 🎯 KẾT QUẢ CHỐT: SAD (57.42%)
2026-05-23 17:33:58,015 | INFO     | [437935] ⏱️ Thời gian phản hồi: 79.85 ms
2026-05-23 17:33:58,042 | INFO     | [438042] ------------------------------------------
2026-05-23 17:33:58,042 | INFO     | [438042] 📥 NHẬN YÊU CẦU QUÉT KHUÔN MẶT MỚI
2026-05-23 17:33:58,042 | INFO     | [438042] Đã xử lý ảnh thành công. Kích thước tensor: (1, 48, 48, 1)
2026-05-23 17:33:58,117 | INFO     | [438042] 📊 Chi tiết dự đoán: {'ANGRY': 5.52, 'DISGUST': 0.13, 'FEAR': 8.62, 'HAPPY': 11.03, 'NEUTRAL': 10.68, 'SAD': 59.31, 'SURPRISE': 4.73}
2026-05-23 17:33:58,117 | INFO     | [438042] 🎯 KẾT QUẢ CHỐT: SAD (59.31%)
2026-05-23 17:33:58,118 | INFO     | [438042] ⏱️ Thời gian phản hồi: 74.9 ms
2026-05-23 17:33:58,134 | INFO     | [438134] ------------------------------------------
2026-05-23 17:33:58,134 | INFO     | [438134] 📥 NHẬN YÊU CẦU QUÉT KHUÔN MẶT MỚI
2026-05-23 17:33:58,135 | INFO     | [438134] Đã xử lý ảnh thành công. Kích thước tensor: (1, 48, 48, 1)
2026-05-23 17:33:58,210 | INFO     | [438134] 📊 Chi tiết dự đoán: {'ANGRY': 5.27, 'DISGUST': 0.09, 'FEAR': 6.78, 'HAPPY': 15.66, 'NEUTRAL': 13.18, 'SAD': 55.51, 'SURPRISE': 3.5}
2026-05-23 17:33:58,210 | INFO     | [438134] 🎯 KẾT QUẢ CHỐT: SAD (55.51%)
2026-05-23 17:33:58,210 | INFO     | [438134] ⏱️ Thời gian phản hồi: 76.05 ms
2026-05-23 17:33:58,226 | INFO     | [438226] ------------------------------------------
2026-05-23 17:33:58,227 | INFO     | [438226] 📥 NHẬN YÊU CẦU QUÉT KHUÔN MẶT MỚI
2026-05-23 17:33:58,227 | INFO     | [438226] Đã xử lý ảnh thành công. Kích thước tensor: (1, 48, 48, 1)
2026-05-23 17:33:58,301 | INFO     | [438226] 📊 Chi tiết dự đoán: {'ANGRY': 5.14, 'DISGUST': 0.1, 'FEAR': 6.54, 'HAPPY': 8.96, 'NEUTRAL': 15.85, 'SAD': 60.78, 'SURPRISE': 2.62}
2026-05-23 17:33:58,301 | INFO     | [438226] 🎯 KẾT QUẢ CHỐT: SAD (60.78%)
2026-05-23 17:33:58,301 | INFO     | [438226] ⏱️ Thời gian phản hồi: 75.17 ms
2026-05-23 17:33:58,337 | INFO     | [438337] ------------------------------------------
2026-05-23 17:33:58,337 | INFO     | [438337] 📥 NHẬN YÊU CẦU QUÉT KHUÔN MẶT MỚI
2026-05-23 17:33:58,338 | INFO     | [438337] Đã xử lý ảnh thành công. Kích thước tensor: (1, 48, 48, 1)
2026-05-23 17:33:58,409 | INFO     | [438337] 📊 Chi tiết dự đoán: {'ANGRY': 5.6, 'DISGUST': 0.1, 'FEAR': 6.67, 'HAPPY': 9.48, 'NEUTRAL': 16.49, 'SAD': 58.79, 'SURPRISE': 2.87}
2026-05-23 17:33:58,409 | INFO     | [438337] 🎯 KẾT QUẢ CHỐT: SAD (58.79%)
2026-05-23 17:33:58,409 | INFO     | [438337] ⏱️ Thời gian phản hồi: 71.78 ms
2026-05-23 17:33:58,429 | INFO     | [438429] ------------------------------------------
2026-05-23 17:33:58,429 | INFO     | [438429] 📥 NHẬN YÊU CẦU QUÉT KHUÔN MẶT MỚI
2026-05-23 17:33:58,431 | INFO     | [438429] Đã xử lý ảnh thành công. Kích thước tensor: (1, 48, 48, 1)
2026-05-23 17:33:58,502 | INFO     | [438429] 📊 Chi tiết dự đoán: {'ANGRY': 5.35, 'DISGUST': 0.11, 'FEAR': 7.33, 'HAPPY': 11.92, 'NEUTRAL': 15.46, 'SAD': 55.62, 'SURPRISE': 4.21}
2026-05-23 17:33:58,502 | INFO     | [438429] 🎯 KẾT QUẢ CHỐT: SAD (55.62%)
2026-05-23 17:33:58,503 | INFO     | [438429] ⏱️ Thời gian phản hồi: 72.81 ms
2026-05-23 17:33:58,540 | INFO     | [438540] ------------------------------------------
2026-05-23 17:33:58,540 | INFO     | [438540] 📥 NHẬN YÊU CẦU QUÉT KHUÔN MẶT MỚI
2026-05-23 17:33:58,541 | INFO     | [438540] Đã xử lý ảnh thành công. Kích thước tensor: (1, 48, 48, 1)
2026-05-23 17:33:58,613 | INFO     | [438540] 📊 Chi tiết dự đoán: {'ANGRY': 5.83, 'DISGUST': 0.12, 'FEAR': 7.53, 'HAPPY': 10.62, 'NEUTRAL': 15.74, 'SAD': 56.14, 'SURPRISE': 4.02}
2026-05-23 17:33:58,613 | INFO     | [438540] 🎯 KẾT QUẢ CHỐT: SAD (56.14%)
2026-05-23 17:33:58,613 | INFO     | [438540] ⏱️ Thời gian phản hồi: 71.19 ms
2026-05-23 17:33:58,632 | INFO     | [438632] ------------------------------------------
2026-05-23 17:33:58,633 | INFO     | [438632] 📥 NHẬN YÊU CẦU QUÉT KHUÔN MẶT MỚI
2026-05-23 17:33:58,633 | INFO     | [438632] Đã xử lý ảnh thành công. Kích thước tensor: (1, 48, 48, 1)
2026-05-23 17:33:58,700 | INFO     | [438632] 📊 Chi tiết dự đoán: {'ANGRY': 5.34, 'DISGUST': 0.1, 'FEAR': 6.98, 'HAPPY': 9.75, 'NEUTRAL': 15.29, 'SAD': 59.68, 'SURPRISE': 2.86}
2026-05-23 17:33:58,700 | INFO     | [438632] 🎯 KẾT QUẢ CHỐT: SAD (59.68%)
2026-05-23 17:33:58,700 | INFO     | [438632] ⏱️ Thời gian phản hồi: 68.55 ms
2026-05-23 17:33:58,740 | INFO     | [438740] ------------------------------------------
2026-05-23 17:33:58,740 | INFO     | [438740] 📥 NHẬN YÊU CẦU QUÉT KHUÔN MẶT MỚI
2026-05-23 17:33:58,741 | INFO     | [438740] Đã xử lý ảnh thành công. Kích thước tensor: (1, 48, 48, 1)
2026-05-23 17:33:58,806 | INFO     | [438740] 📊 Chi tiết dự đoán: {'ANGRY': 6.32, 'DISGUST': 0.15, 'FEAR': 7.44, 'HAPPY': 9.86, 'NEUTRAL': 15.4, 'SAD': 57.23, 'SURPRISE': 3.6}
2026-05-23 17:33:58,807 | INFO     | [438740] 🎯 KẾT QUẢ CHỐT: SAD (57.23%)
2026-05-23 17:33:58,807 | INFO     | [438740] ⏱️ Thời gian phản hồi: 65.81 ms
2026-05-23 17:33:58,833 | INFO     | [438833] ------------------------------------------
2026-05-23 17:33:58,834 | INFO     | [438833] 📥 NHẬN YÊU CẦU QUÉT KHUÔN MẶT MỚI
2026-05-23 17:33:58,834 | INFO     | [438833] Đã xử lý ảnh thành công. Kích thước tensor: (1, 48, 48, 1)
2026-05-23 17:33:58,900 | INFO     | [438833] 📊 Chi tiết dự đoán: {'ANGRY': 6.12, 'DISGUST': 0.11, 'FEAR': 8.09, 'HAPPY': 9.85, 'NEUTRAL': 11.39, 'SAD': 60.24, 'SURPRISE': 4.2}
2026-05-23 17:33:58,900 | INFO     | [438833] 🎯 KẾT QUẢ CHỐT: SAD (60.24%)
2026-05-23 17:33:58,902 | INFO     | [438833] ⏱️ Thời gian phản hồi: 67.1 ms
2026-05-23 17:33:58,927 | INFO     | [438927] ------------------------------------------
2026-05-23 17:33:58,927 | INFO     | [438927] 📥 NHẬN YÊU CẦU QUÉT KHUÔN MẶT MỚI
2026-05-23 17:33:58,928 | INFO     | [438927] Đã xử lý ảnh thành công. Kích thước tensor: (1, 48, 48, 1)
2026-05-23 17:33:58,999 | INFO     | [438927] 📊 Chi tiết dự đoán: {'ANGRY': 6.66, 'DISGUST': 0.14, 'FEAR': 8.34, 'HAPPY': 9.46, 'NEUTRAL': 11.07, 'SAD': 59.31, 'SURPRISE': 5.02}
2026-05-23 17:33:58,999 | INFO     | [438927] 🎯 KẾT QUẢ CHỐT: SAD (59.31%)
2026-05-23 17:33:58,999 | INFO     | [438927] ⏱️ Thời gian phản hồi: 72.27 ms
2026-05-23 17:33:59,035 | INFO     | [439035] ------------------------------------------
2026-05-23 17:33:59,035 | INFO     | [439035] 📥 NHẬN YÊU CẦU QUÉT KHUÔN MẶT MỚI
2026-05-23 17:33:59,036 | INFO     | [439035] Đã xử lý ảnh thành công. Kích thước tensor: (1, 48, 48, 1)
2026-05-23 17:33:59,116 | INFO     | [439035] 📊 Chi tiết dự đoán: {'ANGRY': 6.21, 'DISGUST': 0.12, 'FEAR': 9.74, 'HAPPY': 12.51, 'NEUTRAL': 9.95, 'SAD': 55.07, 'SURPRISE': 6.4}
2026-05-23 17:33:59,116 | INFO     | [439035] 🎯 KẾT QUẢ CHỐT: SAD (55.07%)
2026-05-23 17:33:59,116 | INFO     | [439035] ⏱️ Thời gian phản hồi: 81.08 ms
2026-05-23 17:33:59,129 | INFO     | [439129] ------------------------------------------
2026-05-23 17:33:59,130 | INFO     | [439129] 📥 NHẬN YÊU CẦU QUÉT KHUÔN MẶT MỚI
2026-05-23 17:33:59,130 | INFO     | [439129] Đã xử lý ảnh thành công. Kích thước tensor: (1, 48, 48, 1)
2026-05-23 17:33:59,202 | INFO     | [439129] 📊 Chi tiết dự đoán: {'ANGRY': 7.07, 'DISGUST': 0.14, 'FEAR': 8.08, 'HAPPY': 8.77, 'NEUTRAL': 10.16, 'SAD': 60.63, 'SURPRISE': 5.15}
2026-05-23 17:33:59,204 | INFO     | [439129] 🎯 KẾT QUẢ CHỐT: SAD (60.63%)
2026-05-23 17:33:59,204 | INFO     | [439129] ⏱️ Thời gian phản hồi: 73.19 ms
2026-05-23 17:33:59,236 | INFO     | [439236] ------------------------------------------
2026-05-23 17:33:59,236 | INFO     | [439236] 📥 NHẬN YÊU CẦU QUÉT KHUÔN MẶT MỚI
2026-05-23 17:33:59,238 | INFO     | [439236] Đã xử lý ảnh thành công. Kích thước tensor: (1, 48, 48, 1)
2026-05-23 17:33:59,305 | INFO     | [439236] 📊 Chi tiết dự đoán: {'ANGRY': 6.87, 'DISGUST': 0.11, 'FEAR': 7.59, 'HAPPY': 9.3, 'NEUTRAL': 14.58, 'SAD': 58.14, 'SURPRISE': 3.41}
2026-05-23 17:33:59,305 | INFO     | [439236] 🎯 KẾT QUẢ CHỐT: SAD (58.14%)
2026-05-23 17:33:59,307 | INFO     | [439236] ⏱️ Thời gian phản hồi: 69.15 ms
2026-05-23 17:33:59,329 | INFO     | [439329] ------------------------------------------
2026-05-23 17:33:59,331 | INFO     | [439329] 📥 NHẬN YÊU CẦU QUÉT KHUÔN MẶT MỚI
2026-05-23 17:33:59,331 | INFO     | [439329] Đã xử lý ảnh thành công. Kích thước tensor: (1, 48, 48, 1)
2026-05-23 17:33:59,405 | INFO     | [439329] 📊 Chi tiết dự đoán: {'ANGRY': 6.06, 'DISGUST': 0.11, 'FEAR': 6.81, 'HAPPY': 8.81, 'NEUTRAL': 17.25, 'SAD': 58.06, 'SURPRISE': 2.9}
2026-05-23 17:33:59,405 | INFO     | [439329] 🎯 KẾT QUẢ CHỐT: SAD (58.06%)
2026-05-23 17:33:59,405 | INFO     | [439329] ⏱️ Thời gian phản hồi: 75.49 ms
2026-05-23 17:33:59,426 | INFO     | [439426] ------------------------------------------
2026-05-23 17:33:59,426 | INFO     | [439426] 📥 NHẬN YÊU CẦU QUÉT KHUÔN MẶT MỚI
2026-05-23 17:33:59,427 | INFO     | [439426] Đã xử lý ảnh thành công. Kích thước tensor: (1, 48, 48, 1)
2026-05-23 17:33:59,500 | INFO     | [439426] 📊 Chi tiết dự đoán: {'ANGRY': 7.13, 'DISGUST': 0.11, 'FEAR': 9.41, 'HAPPY': 10.84, 'NEUTRAL': 14.17, 'SAD': 53.05, 'SURPRISE': 5.3}
2026-05-23 17:33:59,500 | INFO     | [439426] 🎯 KẾT QUẢ CHỐT: SAD (53.05%)
2026-05-23 17:33:59,500 | INFO     | [439426] ⏱️ Thời gian phản hồi: 73.89 ms
2026-05-23 17:33:59,535 | INFO     | [439535] ------------------------------------------
2026-05-23 17:33:59,535 | INFO     | [439535] 📥 NHẬN YÊU CẦU QUÉT KHUÔN MẶT MỚI
2026-05-23 17:33:59,536 | INFO     | [439535] Đã xử lý ảnh thành công. Kích thước tensor: (1, 48, 48, 1)
2026-05-23 17:33:59,605 | INFO     | [439535] 📊 Chi tiết dự đoán: {'ANGRY': 7.41, 'DISGUST': 0.14, 'FEAR': 8.6, 'HAPPY': 11.47, 'NEUTRAL': 13.72, 'SAD': 54.06, 'SURPRISE': 4.61}
2026-05-23 17:33:59,605 | INFO     | [439535] 🎯 KẾT QUẢ CHỐT: SAD (54.06%)
2026-05-23 17:33:59,606 | INFO     | [439535] ⏱️ Thời gian phản hồi: 69.24 ms
2026-05-23 17:33:59,628 | INFO     | [439628] ------------------------------------------
2026-05-23 17:33:59,629 | INFO     | [439628] 📥 NHẬN YÊU CẦU QUÉT KHUÔN MẶT MỚI
2026-05-23 17:33:59,629 | INFO     | [439628] Đã xử lý ảnh thành công. Kích thước tensor: (1, 48, 48, 1)
2026-05-23 17:33:59,695 | INFO     | [439628] 📊 Chi tiết dự đoán: {'ANGRY': 7.04, 'DISGUST': 0.12, 'FEAR': 9.46, 'HAPPY': 9.61, 'NEUTRAL': 12.25, 'SAD': 56.19, 'SURPRISE': 5.34}
2026-05-23 17:33:59,695 | INFO     | [439628] 🎯 KẾT QUẢ CHỐT: SAD (56.19%)
2026-05-23 17:33:59,697 | INFO     | [439628] ⏱️ Thời gian phản hồi: 67.3 ms
2026-05-23 17:33:59,737 | INFO     | [439737] ------------------------------------------
2026-05-23 17:33:59,738 | INFO     | [439737] 📥 NHẬN YÊU CẦU QUÉT KHUÔN MẶT MỚI
2026-05-23 17:33:59,738 | INFO     | [439737] Đã xử lý ảnh thành công. Kích thước tensor: (1, 48, 48, 1)
2026-05-23 17:33:59,809 | INFO     | [439737] 📊 Chi tiết dự đoán: {'ANGRY': 7.23, 'DISGUST': 0.12, 'FEAR': 8.98, 'HAPPY': 9.25, 'NEUTRAL': 13.52, 'SAD': 55.46, 'SURPRISE': 5.43}
2026-05-23 17:33:59,809 | INFO     | [439737] 🎯 KẾT QUẢ CHỐT: SAD (55.46%)
2026-05-23 17:33:59,809 | INFO     | [439737] ⏱️ Thời gian phản hồi: 72.24 ms
2026-05-23 17:33:59,829 | INFO     | [439829] ------------------------------------------
2026-05-23 17:33:59,830 | INFO     | [439829] 📥 NHẬN YÊU CẦU QUÉT KHUÔN MẶT MỚI
2026-05-23 17:33:59,830 | INFO     | [439829] Đã xử lý ảnh thành công. Kích thước tensor: (1, 48, 48, 1)
2026-05-23 17:33:59,908 | INFO     | [439829] 📊 Chi tiết dự đoán: {'ANGRY': 6.77, 'DISGUST': 0.12, 'FEAR': 7.93, 'HAPPY': 9.87, 'NEUTRAL': 15.14, 'SAD': 56.94, 'SURPRISE': 3.23}
2026-05-23 17:33:59,908 | INFO     | [439829] 🎯 KẾT QUẢ CHỐT: SAD (56.94%)
2026-05-23 17:33:59,908 | INFO     | [439829] ⏱️ Thời gian phản hồi: 79.15 ms
2026-05-23 17:33:59,939 | INFO     | [439939] ------------------------------------------
2026-05-23 17:33:59,939 | INFO     | [439939] 📥 NHẬN YÊU CẦU QUÉT KHUÔN MẶT MỚI
2026-05-23 17:33:59,940 | INFO     | [439939] Đã xử lý ảnh thành công. Kích thước tensor: (1, 48, 48, 1)
2026-05-23 17:34:00,012 | INFO     | [439939] 📊 Chi tiết dự đoán: {'ANGRY': 7.66, 'DISGUST': 0.13, 'FEAR': 8.5, 'HAPPY': 12.89, 'NEUTRAL': 14.82, 'SAD': 51.67, 'SURPRISE': 4.32}
2026-05-23 17:34:00,012 | INFO     | [439939] 🎯 KẾT QUẢ CHỐT: SAD (51.67%)
2026-05-23 17:34:00,012 | INFO     | [439939] ⏱️ Thời gian phản hồi: 73.71 ms
2026-05-23 17:34:00,031 | INFO     | [440031] ------------------------------------------
2026-05-23 17:34:00,031 | INFO     | [440031] 📥 NHẬN YÊU CẦU QUÉT KHUÔN MẶT MỚI
2026-05-23 17:34:00,032 | INFO     | [440031] Đã xử lý ảnh thành công. Kích thước tensor: (1, 48, 48, 1)
2026-05-23 17:34:00,107 | INFO     | [440031] 📊 Chi tiết dự đoán: {'ANGRY': 5.72, 'DISGUST': 0.1, 'FEAR': 8.1, 'HAPPY': 9.37, 'NEUTRAL': 14.99, 'SAD': 57.57, 'SURPRISE': 4.15}
2026-05-23 17:34:00,108 | INFO     | [440031] 🎯 KẾT QUẢ CHỐT: SAD (57.57%)
2026-05-23 17:34:00,108 | INFO     | [440031] ⏱️ Thời gian phản hồi: 76.2 ms
2026-05-23 17:34:00,137 | INFO     | [440137] ------------------------------------------
2026-05-23 17:34:00,138 | INFO     | [440137] 📥 NHẬN YÊU CẦU QUÉT KHUÔN MẶT MỚI
2026-05-23 17:34:00,138 | INFO     | [440137] Đã xử lý ảnh thành công. Kích thước tensor: (1, 48, 48, 1)
2026-05-23 17:34:00,208 | INFO     | [440137] 📊 Chi tiết dự đoán: {'ANGRY': 7.65, 'DISGUST': 0.16, 'FEAR': 7.76, 'HAPPY': 8.94, 'NEUTRAL': 15.41, 'SAD': 56.25, 'SURPRISE': 3.82}
2026-05-23 17:34:00,208 | INFO     | [440137] 🎯 KẾT QUẢ CHỐT: SAD (56.25%)
2026-05-23 17:34:00,208 | INFO     | [440137] ⏱️ Thời gian phản hồi: 71.51 ms
2026-05-23 17:34:00,233 | INFO     | [440233] ------------------------------------------
2026-05-23 17:34:00,233 | INFO     | [440233] 📥 NHẬN YÊU CẦU QUÉT KHUÔN MẶT MỚI
2026-05-23 17:34:00,234 | INFO     | [440233] Đã xử lý ảnh thành công. Kích thước tensor: (1, 48, 48, 1)
2026-05-23 17:34:00,305 | INFO     | [440233] 📊 Chi tiết dự đoán: {'ANGRY': 7.67, 'DISGUST': 0.15, 'FEAR': 8.87, 'HAPPY': 7.59, 'NEUTRAL': 16.22, 'SAD': 53.13, 'SURPRISE': 6.38}
2026-05-23 17:34:00,305 | INFO     | [440233] 🎯 KẾT QUẢ CHỐT: SAD (53.13%)
2026-05-23 17:34:00,305 | INFO     | [440233] ⏱️ Thời gian phản hồi: 70.69 ms
2026-05-23 17:34:00,340 | INFO     | [440340] ------------------------------------------
2026-05-23 17:34:00,340 | INFO     | [440340] 📥 NHẬN YÊU CẦU QUÉT KHUÔN MẶT MỚI
2026-05-23 17:34:00,341 | INFO     | [440340] Đã xử lý ảnh thành công. Kích thước tensor: (1, 48, 48, 1)
2026-05-23 17:34:00,409 | INFO     | [440340] 📊 Chi tiết dự đoán: {'ANGRY': 7.98, 'DISGUST': 0.13, 'FEAR': 9.18, 'HAPPY': 7.79, 'NEUTRAL': 15.23, 'SAD': 54.17, 'SURPRISE': 5.51}
2026-05-23 17:34:00,409 | INFO     | [440340] 🎯 KẾT QUẢ CHỐT: SAD (54.17%)
2026-05-23 17:34:00,411 | INFO     | [440340] ⏱️ Thời gian phản hồi: 68.9 ms
2026-05-23 17:34:00,434 | INFO     | [440434] ------------------------------------------
2026-05-23 17:34:00,434 | INFO     | [440434] 📥 NHẬN YÊU CẦU QUÉT KHUÔN MẶT MỚI
2026-05-23 17:34:00,435 | INFO     | [440434] Đã xử lý ảnh thành công. Kích thước tensor: (1, 48, 48, 1)
2026-05-23 17:34:00,504 | INFO     | [440434] 📊 Chi tiết dự đoán: {'ANGRY': 6.68, 'DISGUST': 0.14, 'FEAR': 8.73, 'HAPPY': 8.65, 'NEUTRAL': 17.22, 'SAD': 54.43, 'SURPRISE': 4.15}
2026-05-23 17:34:00,504 | INFO     | [440434] 🎯 KẾT QUẢ CHỐT: SAD (54.43%)
2026-05-23 17:34:00,504 | INFO     | [440434] ⏱️ Thời gian phản hồi: 67.87 ms
2026-05-23 17:34:00,541 | INFO     | [440541] ------------------------------------------
2026-05-23 17:34:00,541 | INFO     | [440541] 📥 NHẬN YÊU CẦU QUÉT KHUÔN MẶT MỚI
2026-05-23 17:34:00,541 | INFO     | [440541] Đã xử lý ảnh thành công. Kích thước tensor: (1, 48, 48, 1)
2026-05-23 17:34:00,607 | INFO     | [440541] 📊 Chi tiết dự đoán: {'ANGRY': 7.41, 'DISGUST': 0.14, 'FEAR': 8.28, 'HAPPY': 8.13, 'NEUTRAL': 18.7, 'SAD': 52.48, 'SURPRISE': 4.84}
2026-05-23 17:34:00,607 | INFO     | [440541] 🎯 KẾT QUẢ CHỐT: SAD (52.48%)
2026-05-23 17:34:00,607 | INFO     | [440541] ⏱️ Thời gian phản hồi: 65.13 ms
2026-05-23 17:34:00,634 | INFO     | [440634] ------------------------------------------
2026-05-23 17:34:00,635 | INFO     | [440634] 📥 NHẬN YÊU CẦU QUÉT KHUÔN MẶT MỚI
2026-05-23 17:34:00,635 | INFO     | [440634] Đã xử lý ảnh thành công. Kích thước tensor: (1, 48, 48, 1)
2026-05-23 17:34:00,706 | INFO     | [440634] 📊 Chi tiết dự đoán: {'ANGRY': 6.65, 'DISGUST': 0.11, 'FEAR': 7.17, 'HAPPY': 13.09, 'NEUTRAL': 18.23, 'SAD': 50.8, 'SURPRISE': 3.96}
2026-05-23 17:34:00,707 | INFO     | [440634] 🎯 KẾT QUẢ CHỐT: SAD (50.80%)
2026-05-23 17:34:00,707 | INFO     | [440634] ⏱️ Thời gian phản hồi: 71.67 ms
2026-05-23 17:34:00,743 | INFO     | [440743] ------------------------------------------
2026-05-23 17:34:00,744 | INFO     | [440743] 📥 NHẬN YÊU CẦU QUÉT KHUÔN MẶT MỚI
2026-05-23 17:34:00,744 | INFO     | [440743] Đã xử lý ảnh thành công. Kích thước tensor: (1, 48, 48, 1)
2026-05-23 17:34:00,815 | INFO     | [440743] 📊 Chi tiết dự đoán: {'ANGRY': 6.27, 'DISGUST': 0.12, 'FEAR': 8.09, 'HAPPY': 7.93, 'NEUTRAL': 14.44, 'SAD': 59.55, 'SURPRISE': 3.61}
2026-05-23 17:34:00,815 | INFO     | [440743] 🎯 KẾT QUẢ CHỐT: SAD (59.55%)
2026-05-23 17:34:00,815 | INFO     | [440743] ⏱️ Thời gian phản hồi: 72.41 ms
2026-05-23 17:34:00,837 | INFO     | [440837] ------------------------------------------
2026-05-23 17:34:00,837 | INFO     | [440837] 📥 NHẬN YÊU CẦU QUÉT KHUÔN MẶT MỚI
2026-05-23 17:34:00,838 | INFO     | [440837] Đã xử lý ảnh thành công. Kích thước tensor: (1, 48, 48, 1)
2026-05-23 17:34:00,916 | INFO     | [440837] 📊 Chi tiết dự đoán: {'ANGRY': 6.21, 'DISGUST': 0.12, 'FEAR': 7.33, 'HAPPY': 8.53, 'NEUTRAL': 20.1, 'SAD': 54.34, 'SURPRISE': 3.38}
2026-05-23 17:34:00,916 | INFO     | [440837] 🎯 KẾT QUẢ CHỐT: SAD (54.34%)
2026-05-23 17:34:00,916 | INFO     | [440837] ⏱️ Thời gian phản hồi: 79.32 ms
2026-05-23 17:34:00,928 | INFO     | [440928] ------------------------------------------
2026-05-23 17:34:00,929 | INFO     | [440928] 📥 NHẬN YÊU CẦU QUÉT KHUÔN MẶT MỚI
2026-05-23 17:34:00,929 | INFO     | [440928] Đã xử lý ảnh thành công. Kích thước tensor: (1, 48, 48, 1)
2026-05-23 17:34:01,001 | INFO     | [440928] 📊 Chi tiết dự đoán: {'ANGRY': 7.21, 'DISGUST': 0.12, 'FEAR': 8.23, 'HAPPY': 9.68, 'NEUTRAL': 16.73, 'SAD': 53.94, 'SURPRISE': 4.09}
2026-05-23 17:34:01,003 | INFO     | [440928] 🎯 KẾT QUẢ CHỐT: SAD (53.94%)
2026-05-23 17:34:01,003 | INFO     | [440928] ⏱️ Thời gian phản hồi: 72.93 ms
2026-05-23 17:34:01,038 | INFO     | [441037] ------------------------------------------
2026-05-23 17:34:01,038 | INFO     | [441037] 📥 NHẬN YÊU CẦU QUÉT KHUÔN MẶT MỚI
2026-05-23 17:34:01,039 | INFO     | [441037] Đã xử lý ảnh thành công. Kích thước tensor: (1, 48, 48, 1)
2026-05-23 17:34:01,105 | INFO     | [441037] 📊 Chi tiết dự đoán: {'ANGRY': 6.3, 'DISGUST': 0.13, 'FEAR': 8.23, 'HAPPY': 7.04, 'NEUTRAL': 16.63, 'SAD': 57.54, 'SURPRISE': 4.13}
2026-05-23 17:34:01,106 | INFO     | [441037] 🎯 KẾT QUẢ CHỐT: SAD (57.54%)
2026-05-23 17:34:01,106 | INFO     | [441037] ⏱️ Thời gian phản hồi: 67.56 ms
2026-05-23 17:34:01,129 | INFO     | [441129] ------------------------------------------
2026-05-23 17:34:01,129 | INFO     | [441129] 📥 NHẬN YÊU CẦU QUÉT KHUÔN MẶT MỚI
2026-05-23 17:34:01,130 | INFO     | [441129] Đã xử lý ảnh thành công. Kích thước tensor: (1, 48, 48, 1)
2026-05-23 17:34:01,198 | INFO     | [441129] 📊 Chi tiết dự đoán: {'ANGRY': 7.3, 'DISGUST': 0.13, 'FEAR': 7.56, 'HAPPY': 8.05, 'NEUTRAL': 16.07, 'SAD': 57.4, 'SURPRISE': 3.49}
2026-05-23 17:34:01,199 | INFO     | [441129] 🎯 KẾT QUẢ CHỐT: SAD (57.40%)
2026-05-23 17:34:01,199 | INFO     | [441129] ⏱️ Thời gian phản hồi: 68.94 ms
2026-05-23 17:34:01,237 | INFO     | [441237] ------------------------------------------
2026-05-23 17:34:01,238 | INFO     | [441237] 📥 NHẬN YÊU CẦU QUÉT KHUÔN MẶT MỚI
2026-05-23 17:34:01,238 | INFO     | [441237] Đã xử lý ảnh thành công. Kích thước tensor: (1, 48, 48, 1)
2026-05-23 17:34:01,310 | INFO     | [441237] 📊 Chi tiết dự đoán: {'ANGRY': 6.98, 'DISGUST': 0.13, 'FEAR': 8.8, 'HAPPY': 9.02, 'NEUTRAL': 16.83, 'SAD': 52.95, 'SURPRISE': 5.3}
2026-05-23 17:34:01,310 | INFO     | [441237] 🎯 KẾT QUẢ CHỐT: SAD (52.95%)
2026-05-23 17:34:01,311 | INFO     | [441237] ⏱️ Thời gian phản hồi: 73.01 ms
2026-05-23 17:34:01,330 | INFO     | [441330] ------------------------------------------
2026-05-23 17:34:01,330 | INFO     | [441330] 📥 NHẬN YÊU CẦU QUÉT KHUÔN MẶT MỚI
2026-05-23 17:34:01,331 | INFO     | [441330] Đã xử lý ảnh thành công. Kích thước tensor: (1, 48, 48, 1)
2026-05-23 17:34:01,405 | INFO     | [441330] 📊 Chi tiết dự đoán: {'ANGRY': 6.63, 'DISGUST': 0.13, 'FEAR': 7.64, 'HAPPY': 7.37, 'NEUTRAL': 15.91, 'SAD': 58.9, 'SURPRISE': 3.41}
2026-05-23 17:34:01,406 | INFO     | [441330] 🎯 KẾT QUẢ CHỐT: SAD (58.90%)
2026-05-23 17:34:01,406 | INFO     | [441330] ⏱️ Thời gian phản hồi: 75.17 ms
2026-05-23 17:34:01,425 | INFO     | [441425] ------------------------------------------
2026-05-23 17:34:01,425 | INFO     | [441425] 📥 NHẬN YÊU CẦU QUÉT KHUÔN MẶT MỚI
2026-05-23 17:34:01,425 | INFO     | [441425] Đã xử lý ảnh thành công. Kích thước tensor: (1, 48, 48, 1)
2026-05-23 17:34:01,492 | INFO     | [441425] 📊 Chi tiết dự đoán: {'ANGRY': 8.69, 'DISGUST': 0.15, 'FEAR': 7.41, 'HAPPY': 11.02, 'NEUTRAL': 16.37, 'SAD': 52.59, 'SURPRISE': 3.77}
2026-05-23 17:34:01,493 | INFO     | [441425] 🎯 KẾT QUẢ CHỐT: SAD (52.59%)
2026-05-23 17:34:01,493 | INFO     | [441425] ⏱️ Thời gian phản hồi: 67.24 ms
2026-05-23 17:34:01,533 | INFO     | [441533] ------------------------------------------
2026-05-23 17:34:01,534 | INFO     | [441533] 📥 NHẬN YÊU CẦU QUÉT KHUÔN MẶT MỚI
2026-05-23 17:34:01,535 | INFO     | [441533] Đã xử lý ảnh thành công. Kích thước tensor: (1, 48, 48, 1)
2026-05-23 17:34:01,600 | INFO     | [441533] 📊 Chi tiết dự đoán: {'ANGRY': 8.07, 'DISGUST': 0.15, 'FEAR': 8.1, 'HAPPY': 8.64, 'NEUTRAL': 16.37, 'SAD': 54.76, 'SURPRISE': 3.91}
2026-05-23 17:34:01,600 | INFO     | [441533] 🎯 KẾT QUẢ CHỐT: SAD (54.76%)
2026-05-23 17:34:01,600 | INFO     | [441533] ⏱️ Thời gian phản hồi: 66.76 ms
2026-05-23 17:34:01,624 | INFO     | [441624] ------------------------------------------
2026-05-23 17:34:01,625 | INFO     | [441624] 📥 NHẬN YÊU CẦU QUÉT KHUÔN MẶT MỚI
2026-05-23 17:34:01,625 | INFO     | [441624] Đã xử lý ảnh thành công. Kích thước tensor: (1, 48, 48, 1)
2026-05-23 17:34:01,695 | INFO     | [441624] 📊 Chi tiết dự đoán: {'ANGRY': 7.19, 'DISGUST': 0.14, 'FEAR': 8.51, 'HAPPY': 9.51, 'NEUTRAL': 17.57, 'SAD': 52.9, 'SURPRISE': 4.18}
2026-05-23 17:34:01,695 | INFO     | [441624] 🎯 KẾT QUẢ CHỐT: SAD (52.90%)
2026-05-23 17:34:01,696 | INFO     | [441624] ⏱️ Thời gian phản hồi: 70.34 ms
2026-05-23 17:34:01,735 | INFO     | [441735] ------------------------------------------
2026-05-23 17:34:01,735 | INFO     | [441735] 📥 NHẬN YÊU CẦU QUÉT KHUÔN MẶT MỚI
2026-05-23 17:34:01,737 | INFO     | [441735] Đã xử lý ảnh thành công. Kích thước tensor: (1, 48, 48, 1)
2026-05-23 17:34:01,807 | INFO     | [441735] 📊 Chi tiết dự đoán: {'ANGRY': 8.55, 'DISGUST': 0.15, 'FEAR': 8.87, 'HAPPY': 10.79, 'NEUTRAL': 16.09, 'SAD': 50.78, 'SURPRISE': 4.78}
2026-05-23 17:34:01,809 | INFO     | [441735] 🎯 KẾT QUẢ CHỐT: SAD (50.78%)
2026-05-23 17:34:01,809 | INFO     | [441735] ⏱️ Thời gian phản hồi: 71.82 ms
2026-05-23 17:34:01,828 | INFO     | [441828] ------------------------------------------
2026-05-23 17:34:01,828 | INFO     | [441828] 📥 NHẬN YÊU CẦU QUÉT KHUÔN MẶT MỚI
2026-05-23 17:34:01,830 | INFO     | [441828] Đã xử lý ảnh thành công. Kích thước tensor: (1, 48, 48, 1)
2026-05-23 17:34:01,910 | INFO     | [441828] 📊 Chi tiết dự đoán: {'ANGRY': 7.34, 'DISGUST': 0.12, 'FEAR': 7.77, 'HAPPY': 8.82, 'NEUTRAL': 17.76, 'SAD': 54.47, 'SURPRISE': 3.72}
2026-05-23 17:34:01,910 | INFO     | [441828] 🎯 KẾT QUẢ CHỐT: SAD (54.47%)
2026-05-23 17:34:01,910 | INFO     | [441828] ⏱️ Thời gian phản hồi: 81.91 ms
2026-05-23 17:34:01,937 | INFO     | [441937] ------------------------------------------
2026-05-23 17:34:01,937 | INFO     | [441937] 📥 NHẬN YÊU CẦU QUÉT KHUÔN MẶT MỚI
2026-05-23 17:34:01,938 | INFO     | [441937] Đã xử lý ảnh thành công. Kích thước tensor: (1, 48, 48, 1)
2026-05-23 17:34:02,005 | INFO     | [441937] 📊 Chi tiết dự đoán: {'ANGRY': 8.22, 'DISGUST': 0.17, 'FEAR': 8.78, 'HAPPY': 7.51, 'NEUTRAL': 16.78, 'SAD': 54.0, 'SURPRISE': 4.55}
2026-05-23 17:34:02,006 | INFO     | [441937] 🎯 KẾT QUẢ CHỐT: SAD (54.00%)
2026-05-23 17:34:02,006 | INFO     | [441937] ⏱️ Thời gian phản hồi: 68.14 ms
2026-05-23 17:34:02,045 | INFO     | [442045] ------------------------------------------
2026-05-23 17:34:02,045 | INFO     | [442045] 📥 NHẬN YÊU CẦU QUÉT KHUÔN MẶT MỚI
2026-05-23 17:34:02,046 | INFO     | [442045] Đã xử lý ảnh thành công. Kích thước tensor: (1, 48, 48, 1)
2026-05-23 17:34:02,114 | INFO     | [442045] 📊 Chi tiết dự đoán: {'ANGRY': 7.27, 'DISGUST': 0.12, 'FEAR': 8.19, 'HAPPY': 8.97, 'NEUTRAL': 19.16, 'SAD': 51.69, 'SURPRISE': 4.6}
2026-05-23 17:34:02,114 | INFO     | [442045] 🎯 KẾT QUẢ CHỐT: SAD (51.69%)
2026-05-23 17:34:02,114 | INFO     | [442045] ⏱️ Thời gian phản hồi: 67.84 ms
2026-05-23 17:34:02,141 | INFO     | [442141] ------------------------------------------
2026-05-23 17:34:02,141 | INFO     | [442141] 📥 NHẬN YÊU CẦU QUÉT KHUÔN MẶT MỚI
2026-05-23 17:34:02,142 | INFO     | [442141] Đã xử lý ảnh thành công. Kích thước tensor: (1, 48, 48, 1)
2026-05-23 17:34:02,208 | INFO     | [442141] 📊 Chi tiết dự đoán: {'ANGRY': 8.34, 'DISGUST': 0.19, 'FEAR': 8.41, 'HAPPY': 9.02, 'NEUTRAL': 16.6, 'SAD': 53.25, 'SURPRISE': 4.18}
2026-05-23 17:34:02,208 | INFO     | [442141] 🎯 KẾT QUẢ CHỐT: SAD (53.25%)
2026-05-23 17:34:02,208 | INFO     | [442141] ⏱️ Thời gian phản hồi: 66.38 ms
2026-05-23 17:34:02,233 | INFO     | [442233] ------------------------------------------
2026-05-23 17:34:02,234 | INFO     | [442233] 📥 NHẬN YÊU CẦU QUÉT KHUÔN MẶT MỚI
2026-05-23 17:34:02,234 | INFO     | [442233] Đã xử lý ảnh thành công. Kích thước tensor: (1, 48, 48, 1)
2026-05-23 17:34:02,325 | INFO     | [442233] 📊 Chi tiết dự đoán: {'ANGRY': 8.14, 'DISGUST': 0.17, 'FEAR': 8.76, 'HAPPY': 8.91, 'NEUTRAL': 16.49, 'SAD': 52.5, 'SURPRISE': 5.04}
2026-05-23 17:34:02,326 | INFO     | [442233] 🎯 KẾT QUẢ CHỐT: SAD (52.50%)
2026-05-23 17:34:02,326 | INFO     | [442233] ⏱️ Thời gian phản hồi: 91.04 ms
2026-05-23 17:34:02,331 | INFO     | [442331] ------------------------------------------
2026-05-23 17:34:02,332 | INFO     | [442331] 📥 NHẬN YÊU CẦU QUÉT KHUÔN MẶT MỚI
2026-05-23 17:34:02,333 | INFO     | [442331] Đã xử lý ảnh thành công. Kích thước tensor: (1, 48, 48, 1)
2026-05-23 17:34:02,409 | INFO     | [442331] 📊 Chi tiết dự đoán: {'ANGRY': 7.01, 'DISGUST': 0.12, 'FEAR': 7.81, 'HAPPY': 9.99, 'NEUTRAL': 18.23, 'SAD': 53.04, 'SURPRISE': 3.81}
2026-05-23 17:34:02,411 | INFO     | [442331] 🎯 KẾT QUẢ CHỐT: SAD (53.04%)
2026-05-23 17:34:02,411 | INFO     | [442331] ⏱️ Thời gian phản hồi: 77.67 ms
2026-05-23 17:34:02,434 | INFO     | [442434] ------------------------------------------
2026-05-23 17:34:02,434 | INFO     | [442434] 📥 NHẬN YÊU CẦU QUÉT KHUÔN MẶT MỚI
2026-05-23 17:34:02,435 | INFO     | [442434] Đã xử lý ảnh thành công. Kích thước tensor: (1, 48, 48, 1)
2026-05-23 17:34:02,500 | INFO     | [442434] 📊 Chi tiết dự đoán: {'ANGRY': 7.57, 'DISGUST': 0.14, 'FEAR': 8.09, 'HAPPY': 12.78, 'NEUTRAL': 18.24, 'SAD': 48.37, 'SURPRISE': 4.79}
2026-05-23 17:34:02,500 | INFO     | [442434] 🎯 KẾT QUẢ CHỐT: SAD (48.37%)
2026-05-23 17:34:02,502 | INFO     | [442434] ⏱️ Thời gian phản hồi: 66.36 ms
2026-05-23 17:34:02,544 | INFO     | [442544] ------------------------------------------
2026-05-23 17:34:02,544 | INFO     | [442544] 📥 NHẬN YÊU CẦU QUÉT KHUÔN MẶT MỚI
2026-05-23 17:34:02,545 | INFO     | [442544] Đã xử lý ảnh thành công. Kích thước tensor: (1, 48, 48, 1)
2026-05-23 17:34:02,617 | INFO     | [442544] 📊 Chi tiết dự đoán: {'ANGRY': 8.85, 'DISGUST': 0.14, 'FEAR': 8.39, 'HAPPY': 9.41, 'NEUTRAL': 18.53, 'SAD': 49.79, 'SURPRISE': 4.89}
2026-05-23 17:34:02,617 | INFO     | [442544] 🎯 KẾT QUẢ CHỐT: SAD (49.79%)
2026-05-23 17:34:02,617 | INFO     | [442544] ⏱️ Thời gian phản hồi: 72.56 ms
2026-05-23 17:34:02,637 | INFO     | [442637] ------------------------------------------
2026-05-23 17:34:02,637 | INFO     | [442637] 📥 NHẬN YÊU CẦU QUÉT KHUÔN MẶT MỚI
2026-05-23 17:34:02,638 | INFO     | [442637] Đã xử lý ảnh thành công. Kích thước tensor: (1, 48, 48, 1)
2026-05-23 17:34:02,704 | INFO     | [442637] 📊 Chi tiết dự đoán: {'ANGRY': 6.94, 'DISGUST': 0.13, 'FEAR': 7.44, 'HAPPY': 6.41, 'NEUTRAL': 15.1, 'SAD': 60.74, 'SURPRISE': 3.24}
2026-05-23 17:34:02,705 | INFO     | [442637] 🎯 KẾT QUẢ CHỐT: SAD (60.74%)
2026-05-23 17:34:02,705 | INFO     | [442637] ⏱️ Thời gian phản hồi: 66.7 ms
2026-05-23 17:34:02,731 | INFO     | [442731] ------------------------------------------
2026-05-23 17:34:02,731 | INFO     | [442731] 📥 NHẬN YÊU CẦU QUÉT KHUÔN MẶT MỚI
2026-05-23 17:34:02,732 | INFO     | [442731] Đã xử lý ảnh thành công. Kích thước tensor: (1, 48, 48, 1)
2026-05-23 17:34:02,811 | INFO     | [442731] 📊 Chi tiết dự đoán: {'ANGRY': 8.13, 'DISGUST': 0.17, 'FEAR': 8.33, 'HAPPY': 7.37, 'NEUTRAL': 14.12, 'SAD': 58.3, 'SURPRISE': 3.58}
2026-05-23 17:34:02,811 | INFO     | [442731] 🎯 KẾT QUẢ CHỐT: SAD (58.30%)
2026-05-23 17:34:02,811 | INFO     | [442731] ⏱️ Thời gian phản hồi: 79.6 ms
2026-05-23 17:34:02,839 | INFO     | [442839] ------------------------------------------
2026-05-23 17:34:02,839 | INFO     | [442839] 📥 NHẬN YÊU CẦU QUÉT KHUÔN MẶT MỚI
2026-05-23 17:34:02,840 | INFO     | [442839] Đã xử lý ảnh thành công. Kích thước tensor: (1, 48, 48, 1)
2026-05-23 17:34:02,913 | INFO     | [442839] 📊 Chi tiết dự đoán: {'ANGRY': 7.85, 'DISGUST': 0.11, 'FEAR': 8.6, 'HAPPY': 10.05, 'NEUTRAL': 14.57, 'SAD': 54.83, 'SURPRISE': 3.98}
2026-05-23 17:34:02,914 | INFO     | [442839] 🎯 KẾT QUẢ CHỐT: SAD (54.83%)
2026-05-23 17:34:02,914 | INFO     | [442839] ⏱️ Thời gian phản hồi: 74.35 ms
2026-05-23 17:34:02,933 | INFO     | [442933] ------------------------------------------
2026-05-23 17:34:02,934 | INFO     | [442933] 📥 NHẬN YÊU CẦU QUÉT KHUÔN MẶT MỚI
2026-05-23 17:34:02,934 | INFO     | [442933] Đã xử lý ảnh thành công. Kích thước tensor: (1, 48, 48, 1)
2026-05-23 17:34:03,007 | INFO     | [442933] 📊 Chi tiết dự đoán: {'ANGRY': 6.75, 'DISGUST': 0.15, 'FEAR': 8.11, 'HAPPY': 5.65, 'NEUTRAL': 15.33, 'SAD': 60.32, 'SURPRISE': 3.68}
2026-05-23 17:34:03,007 | INFO     | [442933] 🎯 KẾT QUẢ CHỐT: SAD (60.32%)
2026-05-23 17:34:03,007 | INFO     | [442933] ⏱️ Thời gian phản hồi: 73.22 ms
2026-05-23 17:34:03,042 | INFO     | [443042] ------------------------------------------
2026-05-23 17:34:03,043 | INFO     | [443042] 📥 NHẬN YÊU CẦU QUÉT KHUÔN MẶT MỚI
2026-05-23 17:34:03,043 | INFO     | [443042] Đã xử lý ảnh thành công. Kích thước tensor: (1, 48, 48, 1)
2026-05-23 17:34:03,111 | INFO     | [443042] 📊 Chi tiết dự đoán: {'ANGRY': 5.95, 'DISGUST': 0.1, 'FEAR': 7.21, 'HAPPY': 8.55, 'NEUTRAL': 17.49, 'SAD': 57.83, 'SURPRISE': 2.86}
2026-05-23 17:34:03,112 | INFO     | [443042] 🎯 KẾT QUẢ CHỐT: SAD (57.83%)
2026-05-23 17:34:03,112 | INFO     | [443042] ⏱️ Thời gian phản hồi: 69.27 ms
2026-05-23 17:34:03,137 | INFO     | [443137] ------------------------------------------
2026-05-23 17:34:03,137 | INFO     | [443137] 📥 NHẬN YÊU CẦU QUÉT KHUÔN MẶT MỚI
2026-05-23 17:34:03,138 | INFO     | [443137] Đã xử lý ảnh thành công. Kích thước tensor: (1, 48, 48, 1)
2026-05-23 17:34:03,212 | INFO     | [443137] 📊 Chi tiết dự đoán: {'ANGRY': 5.77, 'DISGUST': 0.11, 'FEAR': 6.16, 'HAPPY': 10.25, 'NEUTRAL': 14.69, 'SAD': 61.07, 'SURPRISE': 1.94}
2026-05-23 17:34:03,212 | INFO     | [443137] 🎯 KẾT QUẢ CHỐT: SAD (61.07%)
2026-05-23 17:34:03,212 | INFO     | [443137] ⏱️ Thời gian phản hồi: 75.24 ms
2026-05-23 17:34:03,233 | INFO     | [443233] ------------------------------------------
2026-05-23 17:34:03,233 | INFO     | [443233] 📥 NHẬN YÊU CẦU QUÉT KHUÔN MẶT MỚI
2026-05-23 17:34:03,235 | INFO     | [443233] Đã xử lý ảnh thành công. Kích thước tensor: (1, 48, 48, 1)
2026-05-23 17:34:03,311 | INFO     | [443233] 📊 Chi tiết dự đoán: {'ANGRY': 5.53, 'DISGUST': 0.11, 'FEAR': 6.77, 'HAPPY': 5.84, 'NEUTRAL': 17.05, 'SAD': 62.42, 'SURPRISE': 2.28}
2026-05-23 17:34:03,311 | INFO     | [443233] 🎯 KẾT QUẢ CHỐT: SAD (62.42%)
2026-05-23 17:34:03,311 | INFO     | [443233] ⏱️ Thời gian phản hồi: 78.0 ms
2026-05-23 17:34:03,341 | INFO     | [443340] ------------------------------------------
2026-05-23 17:34:03,341 | INFO     | [443340] 📥 NHẬN YÊU CẦU QUÉT KHUÔN MẶT MỚI
2026-05-23 17:34:03,341 | INFO     | [443340] Đã xử lý ảnh thành công. Kích thước tensor: (1, 48, 48, 1)
2026-05-23 17:34:03,409 | INFO     | [443340] 📊 Chi tiết dự đoán: {'ANGRY': 5.12, 'DISGUST': 0.12, 'FEAR': 5.53, 'HAPPY': 7.0, 'NEUTRAL': 19.93, 'SAD': 60.78, 'SURPRISE': 1.52}
2026-05-23 17:34:03,409 | INFO     | [443340] 🎯 KẾT QUẢ CHỐT: SAD (60.78%)
2026-05-23 17:34:03,409 | INFO     | [443340] ⏱️ Thời gian phản hồi: 68.8 ms
2026-05-23 17:34:03,434 | INFO     | [443434] ------------------------------------------
2026-05-23 17:34:03,435 | INFO     | [443434] 📥 NHẬN YÊU CẦU QUÉT KHUÔN MẶT MỚI
2026-05-23 17:34:03,435 | INFO     | [443434] Đã xử lý ảnh thành công. Kích thước tensor: (1, 48, 48, 1)
2026-05-23 17:34:03,506 | INFO     | [443434] 📊 Chi tiết dự đoán: {'ANGRY': 6.75, 'DISGUST': 0.13, 'FEAR': 7.5, 'HAPPY': 10.26, 'NEUTRAL': 13.62, 'SAD': 58.94, 'SURPRISE': 2.81}
2026-05-23 17:34:03,507 | INFO     | [443434] 🎯 KẾT QUẢ CHỐT: SAD (58.94%)
2026-05-23 17:34:03,507 | INFO     | [443434] ⏱️ Thời gian phản hồi: 72.07 ms
2026-05-23 17:34:03,543 | INFO     | [443543] ------------------------------------------
2026-05-23 17:34:03,544 | INFO     | [443543] 📥 NHẬN YÊU CẦU QUÉT KHUÔN MẶT MỚI
2026-05-23 17:34:03,544 | INFO     | [443543] Đã xử lý ảnh thành công. Kích thước tensor: (1, 48, 48, 1)
2026-05-23 17:34:03,609 | INFO     | [443543] 📊 Chi tiết dự đoán: {'ANGRY': 5.55, 'DISGUST': 0.12, 'FEAR': 6.99, 'HAPPY': 7.12, 'NEUTRAL': 15.27, 'SAD': 62.35, 'SURPRISE': 2.61}
2026-05-23 17:34:03,609 | INFO     | [443543] 🎯 KẾT QUẢ CHỐT: SAD (62.35%)
2026-05-23 17:34:03,609 | INFO     | [443543] ⏱️ Thời gian phản hồi: 65.69 ms
2026-05-23 17:34:03,638 | INFO     | [443638] ------------------------------------------
2026-05-23 17:34:03,639 | INFO     | [443638] 📥 NHẬN YÊU CẦU QUÉT KHUÔN MẶT MỚI
2026-05-23 17:34:03,639 | INFO     | [443638] Đã xử lý ảnh thành công. Kích thước tensor: (1, 48, 48, 1)
2026-05-23 17:34:03,716 | INFO     | [443638] 📊 Chi tiết dự đoán: {'ANGRY': 4.73, 'DISGUST': 0.1, 'FEAR': 7.33, 'HAPPY': 8.13, 'NEUTRAL': 12.28, 'SAD': 64.74, 'SURPRISE': 2.69}
2026-05-23 17:34:03,717 | INFO     | [443638] 🎯 KẾT QUẢ CHỐT: SAD (64.74%)
2026-05-23 17:34:03,717 | INFO     | [443638] ⏱️ Thời gian phản hồi: 78.24 ms
2026-05-23 17:34:03,732 | INFO     | [443732] ------------------------------------------
2026-05-23 17:34:03,732 | INFO     | [443732] 📥 NHẬN YÊU CẦU QUÉT KHUÔN MẶT MỚI
2026-05-23 17:34:03,733 | INFO     | [443732] Đã xử lý ảnh thành công. Kích thước tensor: (1, 48, 48, 1)
2026-05-23 17:34:03,811 | INFO     | [443732] 📊 Chi tiết dự đoán: {'ANGRY': 4.37, 'DISGUST': 0.1, 'FEAR': 6.99, 'HAPPY': 6.78, 'NEUTRAL': 13.53, 'SAD': 65.78, 'SURPRISE': 2.44}
2026-05-23 17:34:03,811 | INFO     | [443732] 🎯 KẾT QUẢ CHỐT: SAD (65.78%)
2026-05-23 17:34:03,811 | INFO     | [443732] ⏱️ Thời gian phản hồi: 79.73 ms
2026-05-23 17:34:03,839 | INFO     | [443839] ------------------------------------------
2026-05-23 17:34:03,839 | INFO     | [443839] 📥 NHẬN YÊU CẦU QUÉT KHUÔN MẶT MỚI
2026-05-23 17:34:03,840 | INFO     | [443839] Đã xử lý ảnh thành công. Kích thước tensor: (1, 48, 48, 1)
2026-05-23 17:34:03,912 | INFO     | [443839] 📊 Chi tiết dự đoán: {'ANGRY': 5.11, 'DISGUST': 0.09, 'FEAR': 7.47, 'HAPPY': 7.27, 'NEUTRAL': 14.15, 'SAD': 63.35, 'SURPRISE': 2.56}
2026-05-23 17:34:03,912 | INFO     | [443839] 🎯 KẾT QUẢ CHỐT: SAD (63.35%)
2026-05-23 17:34:03,913 | INFO     | [443839] ⏱️ Thời gian phản hồi: 73.31 ms
2026-05-23 17:34:03,932 | INFO     | [443932] ------------------------------------------
2026-05-23 17:34:03,932 | INFO     | [443932] 📥 NHẬN YÊU CẦU QUÉT KHUÔN MẶT MỚI
2026-05-23 17:34:03,933 | INFO     | [443932] Đã xử lý ảnh thành công. Kích thước tensor: (1, 48, 48, 1)
2026-05-23 17:34:04,001 | INFO     | [443932] 📊 Chi tiết dự đoán: {'ANGRY': 6.68, 'DISGUST': 0.12, 'FEAR': 8.46, 'HAPPY': 7.54, 'NEUTRAL': 13.39, 'SAD': 60.18, 'SURPRISE': 3.63}
2026-05-23 17:34:04,001 | INFO     | [443932] 🎯 KẾT QUẢ CHỐT: SAD (60.18%)
2026-05-23 17:34:04,003 | INFO     | [443932] ⏱️ Thời gian phản hồi: 69.42 ms
2026-05-23 17:34:04,040 | INFO     | [444040] ------------------------------------------
2026-05-23 17:34:04,041 | INFO     | [444040] 📥 NHẬN YÊU CẦU QUÉT KHUÔN MẶT MỚI
2026-05-23 17:34:04,041 | INFO     | [444040] Đã xử lý ảnh thành công. Kích thước tensor: (1, 48, 48, 1)
2026-05-23 17:34:04,130 | INFO     | [444040] 📊 Chi tiết dự đoán: {'ANGRY': 4.7, 'DISGUST': 0.09, 'FEAR': 7.5, 'HAPPY': 13.75, 'NEUTRAL': 12.28, 'SAD': 59.08, 'SURPRISE': 2.6}
2026-05-23 17:34:04,130 | INFO     | [444040] 🎯 KẾT QUẢ CHỐT: SAD (59.08%)
2026-05-23 17:34:04,130 | INFO     | [444040] ⏱️ Thời gian phản hồi: 88.26 ms
2026-05-23 17:34:04,135 | INFO     | [444135] ------------------------------------------
2026-05-23 17:34:04,135 | INFO     | [444135] 📥 NHẬN YÊU CẦU QUÉT KHUÔN MẶT MỚI
2026-05-23 17:34:04,136 | INFO     | [444135] Đã xử lý ảnh thành công. Kích thước tensor: (1, 48, 48, 1)
2026-05-23 17:34:04,213 | INFO     | [444135] 📊 Chi tiết dự đoán: {'ANGRY': 5.5, 'DISGUST': 0.12, 'FEAR': 7.61, 'HAPPY': 13.73, 'NEUTRAL': 11.37, 'SAD': 58.63, 'SURPRISE': 3.04}
2026-05-23 17:34:04,213 | INFO     | [444135] 🎯 KẾT QUẢ CHỐT: SAD (58.63%)
2026-05-23 17:34:04,214 | INFO     | [444135] ⏱️ Thời gian phản hồi: 78.11 ms
2026-05-23 17:34:04,227 | INFO     | [444227] ------------------------------------------
2026-05-23 17:34:04,227 | INFO     | [444227] 📥 NHẬN YÊU CẦU QUÉT KHUÔN MẶT MỚI
2026-05-23 17:34:04,228 | INFO     | [444227] Đã xử lý ảnh thành công. Kích thước tensor: (1, 48, 48, 1)
2026-05-23 17:34:04,305 | INFO     | [444227] 📊 Chi tiết dự đoán: {'ANGRY': 5.35, 'DISGUST': 0.17, 'FEAR': 7.11, 'HAPPY': 11.24, 'NEUTRAL': 14.61, 'SAD': 57.58, 'SURPRISE': 3.95}
2026-05-23 17:34:04,305 | INFO     | [444227] 🎯 KẾT QUẢ CHỐT: SAD (57.58%)
2026-05-23 17:34:04,305 | INFO     | [444227] ⏱️ Thời gian phản hồi: 78.08 ms
2026-05-23 17:34:04,333 | INFO     | [444333] ------------------------------------------
2026-05-23 17:34:04,333 | INFO     | [444333] 📥 NHẬN YÊU CẦU QUÉT KHUÔN MẶT MỚI
2026-05-23 17:34:04,334 | INFO     | [444333] Đã xử lý ảnh thành công. Kích thước tensor: (1, 48, 48, 1)
2026-05-23 17:34:04,409 | INFO     | [444333] 📊 Chi tiết dự đoán: {'ANGRY': 5.4, 'DISGUST': 0.1, 'FEAR': 7.56, 'HAPPY': 8.16, 'NEUTRAL': 12.3, 'SAD': 63.65, 'SURPRISE': 2.82}
2026-05-23 17:34:04,409 | INFO     | [444333] 🎯 KẾT QUẢ CHỐT: SAD (63.65%)
2026-05-23 17:34:04,409 | INFO     | [444333] ⏱️ Thời gian phản hồi: 75.85 ms
2026-05-23 17:34:04,428 | INFO     | [444428] ------------------------------------------
2026-05-23 17:34:04,428 | INFO     | [444428] 📥 NHẬN YÊU CẦU QUÉT KHUÔN MẶT MỚI
2026-05-23 17:34:04,429 | INFO     | [444428] Đã xử lý ảnh thành công. Kích thước tensor: (1, 48, 48, 1)
2026-05-23 17:34:04,502 | INFO     | [444428] 📊 Chi tiết dự đoán: {'ANGRY': 5.82, 'DISGUST': 0.14, 'FEAR': 8.06, 'HAPPY': 9.25, 'NEUTRAL': 14.16, 'SAD': 59.3, 'SURPRISE': 3.27}
2026-05-23 17:34:04,502 | INFO     | [444428] 🎯 KẾT QUẢ CHỐT: SAD (59.30%)
2026-05-23 17:34:04,502 | INFO     | [444428] ⏱️ Thời gian phản hồi: 74.67 ms
2026-05-23 17:34:04,536 | INFO     | [444536] ------------------------------------------
2026-05-23 17:34:04,536 | INFO     | [444536] 📥 NHẬN YÊU CẦU QUÉT KHUÔN MẶT MỚI
2026-05-23 17:34:04,537 | INFO     | [444536] Đã xử lý ảnh thành công. Kích thước tensor: (1, 48, 48, 1)
2026-05-23 17:34:04,608 | INFO     | [444536] 📊 Chi tiết dự đoán: {'ANGRY': 5.87, 'DISGUST': 0.11, 'FEAR': 8.25, 'HAPPY': 7.1, 'NEUTRAL': 12.14, 'SAD': 63.39, 'SURPRISE': 3.15}
2026-05-23 17:34:04,608 | INFO     | [444536] 🎯 KẾT QUẢ CHỐT: SAD (63.39%)
2026-05-23 17:34:04,608 | INFO     | [444536] ⏱️ Thời gian phản hồi: 72.57 ms
2026-05-23 17:34:04,628 | INFO     | [444628] ------------------------------------------
2026-05-23 17:34:04,630 | INFO     | [444628] 📥 NHẬN YÊU CẦU QUÉT KHUÔN MẶT MỚI
2026-05-23 17:34:04,630 | INFO     | [444628] Đã xử lý ảnh thành công. Kích thước tensor: (1, 48, 48, 1)
2026-05-23 17:34:04,703 | INFO     | [444628] 📊 Chi tiết dự đoán: {'ANGRY': 5.75, 'DISGUST': 0.11, 'FEAR': 7.73, 'HAPPY': 7.55, 'NEUTRAL': 13.5, 'SAD': 62.54, 'SURPRISE': 2.83}
2026-05-23 17:34:04,703 | INFO     | [444628] 🎯 KẾT QUẢ CHỐT: SAD (62.54%)
2026-05-23 17:34:04,704 | INFO     | [444628] ⏱️ Thời gian phản hồi: 75.13 ms
2026-05-23 17:34:04,737 | INFO     | [444737] ------------------------------------------
2026-05-23 17:34:04,738 | INFO     | [444737] 📥 NHẬN YÊU CẦU QUÉT KHUÔN MẶT MỚI
2026-05-23 17:34:04,738 | INFO     | [444737] Đã xử lý ảnh thành công. Kích thước tensor: (1, 48, 48, 1)
2026-05-23 17:34:04,808 | INFO     | [444737] 📊 Chi tiết dự đoán: {'ANGRY': 6.02, 'DISGUST': 0.14, 'FEAR': 7.46, 'HAPPY': 5.65, 'NEUTRAL': 12.55, 'SAD': 65.03, 'SURPRISE': 3.14}
2026-05-23 17:34:04,808 | INFO     | [444737] 🎯 KẾT QUẢ CHỐT: SAD (65.03%)
2026-05-23 17:34:04,808 | INFO     | [444737] ⏱️ Thời gian phản hồi: 71.4 ms
2026-05-23 17:34:04,831 | INFO     | [444831] ------------------------------------------
2026-05-23 17:34:04,832 | INFO     | [444831] 📥 NHẬN YÊU CẦU QUÉT KHUÔN MẶT MỚI
2026-05-23 17:34:04,832 | INFO     | [444831] Đã xử lý ảnh thành công. Kích thước tensor: (1, 48, 48, 1)
2026-05-23 17:34:04,899 | INFO     | [444831] 📊 Chi tiết dự đoán: {'ANGRY': 6.58, 'DISGUST': 0.16, 'FEAR': 7.35, 'HAPPY': 5.0, 'NEUTRAL': 14.21, 'SAD': 64.19, 'SURPRISE': 2.51}
2026-05-23 17:34:04,899 | INFO     | [444831] 🎯 KẾT QUẢ CHỐT: SAD (64.19%)
2026-05-23 17:34:04,899 | INFO     | [444831] ⏱️ Thời gian phản hồi: 68.73 ms
2026-05-23 17:34:04,926 | INFO     | [444926] ------------------------------------------
2026-05-23 17:34:04,927 | INFO     | [444926] 📥 NHẬN YÊU CẦU QUÉT KHUÔN MẶT MỚI
2026-05-23 17:34:04,927 | INFO     | [444926] Đã xử lý ảnh thành công. Kích thước tensor: (1, 48, 48, 1)
2026-05-23 17:34:04,995 | INFO     | [444926] 📊 Chi tiết dự đoán: {'ANGRY': 6.29, 'DISGUST': 0.15, 'FEAR': 7.59, 'HAPPY': 5.53, 'NEUTRAL': 13.44, 'SAD': 64.19, 'SURPRISE': 2.82}
2026-05-23 17:34:04,995 | INFO     | [444926] 🎯 KẾT QUẢ CHỐT: SAD (64.19%)
2026-05-23 17:34:04,995 | INFO     | [444926] ⏱️ Thời gian phản hồi: 68.77 ms
2026-05-23 17:34:05,033 | INFO     | [445033] ------------------------------------------
2026-05-23 17:34:05,033 | INFO     | [445033] 📥 NHẬN YÊU CẦU QUÉT KHUÔN MẶT MỚI
2026-05-23 17:34:05,034 | INFO     | [445033] Đã xử lý ảnh thành công. Kích thước tensor: (1, 48, 48, 1)
2026-05-23 17:34:05,105 | INFO     | [445033] 📊 Chi tiết dự đoán: {'ANGRY': 5.7, 'DISGUST': 0.12, 'FEAR': 7.11, 'HAPPY': 6.04, 'NEUTRAL': 12.93, 'SAD': 65.71, 'SURPRISE': 2.4}
2026-05-23 17:34:05,106 | INFO     | [445033] 🎯 KẾT QUẢ CHỐT: SAD (65.71%)
2026-05-23 17:34:05,106 | INFO     | [445033] ⏱️ Thời gian phản hồi: 71.72 ms
2026-05-23 17:34:05,128 | INFO     | [445128] ------------------------------------------
2026-05-23 17:34:05,128 | INFO     | [445128] 📥 NHẬN YÊU CẦU QUÉT KHUÔN MẶT MỚI
2026-05-23 17:34:05,130 | INFO     | [445128] Đã xử lý ảnh thành công. Kích thước tensor: (1, 48, 48, 1)
2026-05-23 17:34:05,194 | INFO     | [445128] 📊 Chi tiết dự đoán: {'ANGRY': 6.54, 'DISGUST': 0.15, 'FEAR': 7.67, 'HAPPY': 8.38, 'NEUTRAL': 12.83, 'SAD': 61.44, 'SURPRISE': 3.0}
2026-05-23 17:34:05,194 | INFO     | [445128] 🎯 KẾT QUẢ CHỐT: SAD (61.44%)
2026-05-23 17:34:05,194 | INFO     | [445128] ⏱️ Thời gian phản hồi: 65.99 ms
2026-05-23 17:34:05,237 | INFO     | [445237] ------------------------------------------
2026-05-23 17:34:05,238 | INFO     | [445237] 📥 NHẬN YÊU CẦU QUÉT KHUÔN MẶT MỚI
2026-05-23 17:34:05,238 | INFO     | [445237] Đã xử lý ảnh thành công. Kích thước tensor: (1, 48, 48, 1)
2026-05-23 17:34:05,306 | INFO     | [445237] 📊 Chi tiết dự đoán: {'ANGRY': 6.15, 'DISGUST': 0.14, 'FEAR': 8.52, 'HAPPY': 7.93, 'NEUTRAL': 12.91, 'SAD': 60.72, 'SURPRISE': 3.64}
2026-05-23 17:34:05,306 | INFO     | [445237] 🎯 KẾT QUẢ CHỐT: SAD (60.72%)
2026-05-23 17:34:05,306 | INFO     | [445237] ⏱️ Thời gian phản hồi: 69.15 ms
2026-05-23 17:34:05,330 | INFO     | [445330] ------------------------------------------
2026-05-23 17:34:05,330 | INFO     | [445330] 📥 NHẬN YÊU CẦU QUÉT KHUÔN MẶT MỚI
2026-05-23 17:34:05,331 | INFO     | [445330] Đã xử lý ảnh thành công. Kích thước tensor: (1, 48, 48, 1)
2026-05-23 17:34:05,398 | INFO     | [445330] 📊 Chi tiết dự đoán: {'ANGRY': 7.12, 'DISGUST': 0.16, 'FEAR': 8.21, 'HAPPY': 4.97, 'NEUTRAL': 14.89, 'SAD': 61.54, 'SURPRISE': 3.11}
2026-05-23 17:34:05,398 | INFO     | [445330] 🎯 KẾT QUẢ CHỐT: SAD (61.54%)
2026-05-23 17:34:05,399 | INFO     | [445330] ⏱️ Thời gian phản hồi: 68.48 ms
2026-05-23 17:34:05,436 | INFO     | [445436] ------------------------------------------
2026-05-23 17:34:05,436 | INFO     | [445436] 📥 NHẬN YÊU CẦU QUÉT KHUÔN MẶT MỚI
2026-05-23 17:34:05,437 | INFO     | [445436] Đã xử lý ảnh thành công. Kích thước tensor: (1, 48, 48, 1)
2026-05-23 17:34:05,503 | INFO     | [445436] 📊 Chi tiết dự đoán: {'ANGRY': 6.09, 'DISGUST': 0.14, 'FEAR': 7.53, 'HAPPY': 6.16, 'NEUTRAL': 12.55, 'SAD': 64.36, 'SURPRISE': 3.18}
2026-05-23 17:34:05,503 | INFO     | [445436] 🎯 KẾT QUẢ CHỐT: SAD (64.36%)
2026-05-23 17:34:05,505 | INFO     | [445436] ⏱️ Thời gian phản hồi: 67.23 ms
2026-05-23 17:34:05,531 | INFO     | [445531] ------------------------------------------
2026-05-23 17:34:05,531 | INFO     | [445531] 📥 NHẬN YÊU CẦU QUÉT KHUÔN MẶT MỚI
2026-05-23 17:34:05,532 | INFO     | [445531] Đã xử lý ảnh thành công. Kích thước tensor: (1, 48, 48, 1)
2026-05-23 17:34:05,603 | INFO     | [445531] 📊 Chi tiết dự đoán: {'ANGRY': 5.79, 'DISGUST': 0.12, 'FEAR': 7.91, 'HAPPY': 6.55, 'NEUTRAL': 14.07, 'SAD': 62.82, 'SURPRISE': 2.75}
2026-05-23 17:34:05,604 | INFO     | [445531] 🎯 KẾT QUẢ CHỐT: SAD (62.82%)
2026-05-23 17:34:05,604 | INFO     | [445531] ⏱️ Thời gian phản hồi: 71.84 ms
2026-05-23 17:34:05,624 | INFO     | [445624] ------------------------------------------
2026-05-23 17:34:05,624 | INFO     | [445624] 📥 NHẬN YÊU CẦU QUÉT KHUÔN MẶT MỚI
2026-05-23 17:34:05,625 | INFO     | [445624] Đã xử lý ảnh thành công. Kích thước tensor: (1, 48, 48, 1)
2026-05-23 17:34:05,690 | INFO     | [445624] 📊 Chi tiết dự đoán: {'ANGRY': 5.44, 'DISGUST': 0.12, 'FEAR': 8.31, 'HAPPY': 8.11, 'NEUTRAL': 14.62, 'SAD': 59.82, 'SURPRISE': 3.58}
2026-05-23 17:34:05,690 | INFO     | [445624] 🎯 KẾT QUẢ CHỐT: SAD (59.82%)
2026-05-23 17:34:05,690 | INFO     | [445624] ⏱️ Thời gian phản hồi: 65.97 ms
2026-05-23 17:34:05,732 | INFO     | [445732] ------------------------------------------
2026-05-23 17:34:05,733 | INFO     | [445732] 📥 NHẬN YÊU CẦU QUÉT KHUÔN MẶT MỚI
2026-05-23 17:34:05,733 | INFO     | [445732] Đã xử lý ảnh thành công. Kích thước tensor: (1, 48, 48, 1)
2026-05-23 17:34:05,801 | INFO     | [445732] 📊 Chi tiết dự đoán: {'ANGRY': 6.2, 'DISGUST': 0.14, 'FEAR': 8.34, 'HAPPY': 7.81, 'NEUTRAL': 14.43, 'SAD': 59.64, 'SURPRISE': 3.43}
2026-05-23 17:34:05,801 | INFO     | [445732] 🎯 KẾT QUẢ CHỐT: SAD (59.64%)
2026-05-23 17:34:05,801 | INFO     | [445732] ⏱️ Thời gian phản hồi: 69.03 ms
2026-05-23 17:34:05,842 | INFO     | [445842] ------------------------------------------
2026-05-23 17:34:05,843 | INFO     | [445842] 📥 NHẬN YÊU CẦU QUÉT KHUÔN MẶT MỚI
2026-05-23 17:34:05,843 | INFO     | [445842] Đã xử lý ảnh thành công. Kích thước tensor: (1, 48, 48, 1)
2026-05-23 17:34:05,915 | INFO     | [445842] 📊 Chi tiết dự đoán: {'ANGRY': 6.03, 'DISGUST': 0.13, 'FEAR': 8.31, 'HAPPY': 7.21, 'NEUTRAL': 14.66, 'SAD': 60.11, 'SURPRISE': 3.54}
2026-05-23 17:34:05,915 | INFO     | [445842] 🎯 KẾT QUẢ CHỐT: SAD (60.11%)
2026-05-23 17:34:05,915 | INFO     | [445842] ⏱️ Thời gian phản hồi: 72.84 ms
2026-05-23 17:34:05,938 | INFO     | [445938] ------------------------------------------
2026-05-23 17:34:05,938 | INFO     | [445938] 📥 NHẬN YÊU CẦU QUÉT KHUÔN MẶT MỚI
2026-05-23 17:34:05,939 | INFO     | [445938] Đã xử lý ảnh thành công. Kích thước tensor: (1, 48, 48, 1)
2026-05-23 17:34:06,049 | INFO     | [445938] 📊 Chi tiết dự đoán: {'ANGRY': 6.13, 'DISGUST': 0.13, 'FEAR': 8.02, 'HAPPY': 9.62, 'NEUTRAL': 12.53, 'SAD': 60.49, 'SURPRISE': 3.07}
2026-05-23 17:34:06,050 | INFO     | [445938] 🎯 KẾT QUẢ CHỐT: SAD (60.49%)
2026-05-23 17:34:06,050 | INFO     | [445938] ⏱️ Thời gian phản hồi: 110.31 ms
2026-05-23 17:34:06,063 | INFO     | [BATCH-446063] ==========================================
2026-05-23 17:34:06,064 | INFO     | [BATCH-446063] 🎞️ NHẬN CHUỖI 60 KHUNG HÌNH (BATCH)
2026-05-23 17:34:06,144 | INFO     | [BATCH-446063] ↳ Frame 1/60: SAD (43.6%)
2026-05-23 17:34:06,235 | INFO     | [BATCH-446063] ↳ Frame 2/60: SAD (41.6%)
2026-05-23 17:34:06,305 | INFO     | [BATCH-446063] ↳ Frame 3/60: SAD (53.4%)
2026-05-23 17:34:06,372 | INFO     | [BATCH-446063] ↳ Frame 4/60: SAD (58.0%)
2026-05-23 17:34:06,449 | INFO     | [BATCH-446063] ↳ Frame 5/60: SAD (58.2%)
2026-05-23 17:34:06,515 | INFO     | [BATCH-446063] ↳ Frame 6/60: SAD (59.5%)
2026-05-23 17:34:06,585 | INFO     | [BATCH-446063] ↳ Frame 7/60: SAD (58.3%)
2026-05-23 17:34:06,660 | INFO     | [BATCH-446063] ↳ Frame 8/60: SAD (56.2%)
2026-05-23 17:34:06,734 | INFO     | [BATCH-446063] ↳ Frame 9/60: SAD (59.4%)
2026-05-23 17:34:06,806 | INFO     | [BATCH-446063] ↳ Frame 10/60: SAD (60.7%)
2026-05-23 17:34:06,872 | INFO     | [BATCH-446063] ↳ Frame 11/60: SAD (58.3%)
2026-05-23 17:34:06,946 | INFO     | [BATCH-446063] ↳ Frame 12/60: SAD (60.2%)
2026-05-23 17:34:07,023 | INFO     | [BATCH-446063] ↳ Frame 13/60: SAD (59.3%)
2026-05-23 17:34:07,094 | INFO     | [BATCH-446063] ↳ Frame 14/60: SAD (59.2%)
2026-05-23 17:34:07,187 | INFO     | [BATCH-446063] ↳ Frame 15/60: SAD (56.0%)
2026-05-23 17:34:07,258 | INFO     | [BATCH-446063] ↳ Frame 16/60: SAD (53.9%)
2026-05-23 17:34:07,325 | INFO     | [BATCH-446063] ↳ Frame 17/60: SAD (55.5%)
2026-05-23 17:34:07,391 | INFO     | [BATCH-446063] ↳ Frame 18/60: SAD (52.4%)
2026-05-23 17:34:07,456 | INFO     | [BATCH-446063] ↳ Frame 19/60: SAD (53.8%)
2026-05-23 17:34:07,523 | INFO     | [BATCH-446063] ↳ Frame 20/60: SAD (56.8%)
2026-05-23 17:34:07,593 | INFO     | [BATCH-446063] ↳ Frame 21/60: SAD (57.4%)
2026-05-23 17:34:07,659 | INFO     | [BATCH-446063] ↳ Frame 22/60: SAD (59.3%)
2026-05-23 17:34:07,727 | INFO     | [BATCH-446063] ↳ Frame 23/60: SAD (55.5%)
2026-05-23 17:34:07,797 | INFO     | [BATCH-446063] ↳ Frame 24/60: SAD (60.8%)
2026-05-23 17:34:07,864 | INFO     | [BATCH-446063] ↳ Frame 25/60: SAD (58.8%)
2026-05-23 17:34:07,934 | INFO     | [BATCH-446063] ↳ Frame 26/60: SAD (55.6%)
2026-05-23 17:34:07,997 | INFO     | [BATCH-446063] ↳ Frame 27/60: SAD (56.1%)
2026-05-23 17:34:08,068 | INFO     | [BATCH-446063] ↳ Frame 28/60: SAD (59.7%)
2026-05-23 17:34:08,140 | INFO     | [BATCH-446063] ↳ Frame 29/60: SAD (57.2%)
2026-05-23 17:34:08,211 | INFO     | [BATCH-446063] ↳ Frame 30/60: SAD (60.2%)
2026-05-23 17:34:08,277 | INFO     | [BATCH-446063] ↳ Frame 31/60: SAD (59.3%)
2026-05-23 17:34:08,347 | INFO     | [BATCH-446063] ↳ Frame 32/60: SAD (55.1%)
2026-05-23 17:34:08,415 | INFO     | [BATCH-446063] ↳ Frame 33/60: SAD (60.6%)
2026-05-23 17:34:08,489 | INFO     | [BATCH-446063] ↳ Frame 34/60: SAD (58.1%)
2026-05-23 17:34:08,555 | INFO     | [BATCH-446063] ↳ Frame 35/60: SAD (58.1%)
2026-05-23 17:34:08,621 | INFO     | [BATCH-446063] ↳ Frame 36/60: SAD (53.0%)
2026-05-23 17:34:08,684 | INFO     | [BATCH-446063] ↳ Frame 37/60: SAD (54.1%)
2026-05-23 17:34:08,751 | INFO     | [BATCH-446063] ↳ Frame 38/60: SAD (56.2%)
2026-05-23 17:34:08,814 | INFO     | [BATCH-446063] ↳ Frame 39/60: SAD (55.5%)
2026-05-23 17:34:08,876 | INFO     | [BATCH-446063] ↳ Frame 40/60: SAD (56.9%)
2026-05-23 17:34:08,944 | INFO     | [BATCH-446063] ↳ Frame 41/60: SAD (51.7%)
2026-05-23 17:34:09,013 | INFO     | [BATCH-446063] ↳ Frame 42/60: SAD (57.6%)
2026-05-23 17:34:09,085 | INFO     | [BATCH-446063] ↳ Frame 43/60: SAD (56.3%)
2026-05-23 17:34:09,153 | INFO     | [BATCH-446063] ↳ Frame 44/60: SAD (53.1%)
2026-05-23 17:34:09,217 | INFO     | [BATCH-446063] ↳ Frame 45/60: SAD (54.2%)
2026-05-23 17:34:09,289 | INFO     | [BATCH-446063] ↳ Frame 46/60: SAD (54.4%)
2026-05-23 17:34:09,365 | INFO     | [BATCH-446063] ↳ Frame 47/60: SAD (52.5%)
2026-05-23 17:34:09,431 | INFO     | [BATCH-446063] ↳ Frame 48/60: SAD (50.8%)
2026-05-23 17:34:09,495 | INFO     | [BATCH-446063] ↳ Frame 49/60: SAD (59.5%)
2026-05-23 17:34:09,563 | INFO     | [BATCH-446063] ↳ Frame 50/60: SAD (54.3%)
2026-05-23 17:34:09,630 | INFO     | [BATCH-446063] ↳ Frame 51/60: SAD (53.9%)
2026-05-23 17:34:09,707 | INFO     | [BATCH-446063] ↳ Frame 52/60: SAD (57.5%)
2026-05-23 17:34:09,775 | INFO     | [BATCH-446063] ↳ Frame 53/60: SAD (57.4%)
2026-05-23 17:34:09,844 | INFO     | [BATCH-446063] ↳ Frame 54/60: SAD (52.9%)
2026-05-23 17:34:09,933 | INFO     | [BATCH-446063] ↳ Frame 55/60: SAD (58.9%)
2026-05-23 17:34:10,037 | INFO     | [BATCH-446063] ↳ Frame 56/60: SAD (52.6%)
2026-05-23 17:34:10,103 | INFO     | [BATCH-446063] ↳ Frame 57/60: SAD (54.8%)
2026-05-23 17:34:10,167 | INFO     | [BATCH-446063] ↳ Frame 58/60: SAD (52.9%)
2026-05-23 17:34:10,231 | INFO     | [BATCH-446063] ↳ Frame 59/60: SAD (50.8%)
2026-05-23 17:34:10,294 | INFO     | [BATCH-446063] ↳ Frame 60/60: SAD (54.5%)
2026-05-23 17:34:10,295 | INFO     | [BATCH-446063] 🎯 KẾT QUẢ CHUỖI: SAD (Tần suất: {'SAD': 60})
2026-05-23 17:34:10,295 | INFO     | [BATCH-446063] ⏱️ Tổng thời gian xử lý: 4231.53 ms
2026-05-23 17:34:30,352 | INFO     | [470352] ------------------------------------------
2026-05-23 17:34:30,352 | INFO     | [470352] 📥 NHẬN YÊU CẦU QUÉT KHUÔN MẶT MỚI
2026-05-23 17:34:30,353 | INFO     | [470352] Đã xử lý ảnh thành công. Kích thước tensor: (1, 48, 48, 1)
2026-05-23 17:34:30,442 | INFO     | [470352] 📊 Chi tiết dự đoán: {'ANGRY': 3.0, 'DISGUST': 0.05, 'FEAR': 4.7, 'HAPPY': 36.3, 'NEUTRAL': 21.27, 'SAD': 33.92, 'SURPRISE': 0.77}
2026-05-23 17:34:30,443 | INFO     | [470352] 🎯 KẾT QUẢ CHỐT: HAPPY (36.30%)
2026-05-23 17:34:30,443 | INFO     | [470352] ⏱️ Thời gian phản hồi: 90.04 ms
2026-05-23 17:34:30,445 | INFO     | [470445] ------------------------------------------
2026-05-23 17:34:30,445 | INFO     | [470445] 📥 NHẬN YÊU CẦU QUÉT KHUÔN MẶT MỚI
2026-05-23 17:34:30,446 | INFO     | [470445] Đã xử lý ảnh thành công. Kích thước tensor: (1, 48, 48, 1)
2026-05-23 17:34:30,529 | INFO     | [470445] 📊 Chi tiết dự đoán: {'ANGRY': 3.41, 'DISGUST': 0.05, 'FEAR': 4.7, 'HAPPY': 31.73, 'NEUTRAL': 24.73, 'SAD': 34.72, 'SURPRISE': 0.67}
2026-05-23 17:34:30,529 | INFO     | [470445] 🎯 KẾT QUẢ CHỐT: SAD (34.72%)
2026-05-23 17:34:30,529 | INFO     | [470445] ⏱️ Thời gian phản hồi: 84.2 ms
2026-05-23 17:34:30,532 | INFO     | [470532] ------------------------------------------
2026-05-23 17:34:30,532 | INFO     | [470532] 📥 NHẬN YÊU CẦU QUÉT KHUÔN MẶT MỚI
2026-05-23 17:34:30,532 | INFO     | [470532] Đã xử lý ảnh thành công. Kích thước tensor: (1, 48, 48, 1)
2026-05-23 17:34:30,616 | INFO     | [470532] 📊 Chi tiết dự đoán: {'ANGRY': 3.21, 'DISGUST': 0.06, 'FEAR': 3.97, 'HAPPY': 46.19, 'NEUTRAL': 19.13, 'SAD': 26.72, 'SURPRISE': 0.71}
2026-05-23 17:34:30,616 | INFO     | [470532] 🎯 KẾT QUẢ CHỐT: HAPPY (46.19%)
2026-05-23 17:34:30,616 | INFO     | [470532] ⏱️ Thời gian phản hồi: 83.44 ms
2026-05-23 17:34:30,618 | INFO     | [470618] ------------------------------------------
2026-05-23 17:34:30,618 | INFO     | [470618] 📥 NHẬN YÊU CẦU QUÉT KHUÔN MẶT MỚI
2026-05-23 17:34:30,619 | INFO     | [470618] Đã xử lý ảnh thành công. Kích thước tensor: (1, 48, 48, 1)
2026-05-23 17:34:30,695 | INFO     | [470618] 📊 Chi tiết dự đoán: {'ANGRY': 3.12, 'DISGUST': 0.05, 'FEAR': 4.29, 'HAPPY': 40.52, 'NEUTRAL': 21.01, 'SAD': 30.23, 'SURPRISE': 0.77}
2026-05-23 17:34:30,696 | INFO     | [470618] 🎯 KẾT QUẢ CHỐT: HAPPY (40.52%)
2026-05-23 17:34:30,696 | INFO     | [470618] ⏱️ Thời gian phản hồi: 76.63 ms
2026-05-23 17:34:30,705 | INFO     | [470705] ------------------------------------------
2026-05-23 17:34:30,705 | INFO     | [470705] 📥 NHẬN YÊU CẦU QUÉT KHUÔN MẶT MỚI
2026-05-23 17:34:30,706 | INFO     | [470705] Đã xử lý ảnh thành công. Kích thước tensor: (1, 48, 48, 1)
2026-05-23 17:34:30,774 | INFO     | [470705] 📊 Chi tiết dự đoán: {'ANGRY': 3.36, 'DISGUST': 0.06, 'FEAR': 4.2, 'HAPPY': 40.91, 'NEUTRAL': 20.76, 'SAD': 29.98, 'SURPRISE': 0.74}
2026-05-23 17:34:30,775 | INFO     | [470705] 🎯 KẾT QUẢ CHỐT: HAPPY (40.91%)
2026-05-23 17:34:30,775 | INFO     | [470705] ⏱️ Thời gian phản hồi: 68.59 ms
2026-05-23 17:34:30,798 | INFO     | [470798] ------------------------------------------
2026-05-23 17:34:30,798 | INFO     | [470798] 📥 NHẬN YÊU CẦU QUÉT KHUÔN MẶT MỚI
2026-05-23 17:34:30,799 | INFO     | [470798] Đã xử lý ảnh thành công. Kích thước tensor: (1, 48, 48, 1)
2026-05-23 17:34:30,865 | INFO     | [470798] 📊 Chi tiết dự đoán: {'ANGRY': 3.64, 'DISGUST': 0.07, 'FEAR': 4.5, 'HAPPY': 41.52, 'NEUTRAL': 20.06, 'SAD': 29.41, 'SURPRISE': 0.8}
2026-05-23 17:34:30,865 | INFO     | [470798] 🎯 KẾT QUẢ CHỐT: HAPPY (41.52%)
2026-05-23 17:34:30,865 | INFO     | [470798] ⏱️ Thời gian phản hồi: 66.91 ms
2026-05-23 17:34:30,909 | INFO     | [470909] ------------------------------------------
2026-05-23 17:34:30,909 | INFO     | [470909] 📥 NHẬN YÊU CẦU QUÉT KHUÔN MẶT MỚI
2026-05-23 17:34:30,910 | INFO     | [470909] Đã xử lý ảnh thành công. Kích thước tensor: (1, 48, 48, 1)
2026-05-23 17:34:30,976 | INFO     | [470909] 📊 Chi tiết dự đoán: {'ANGRY': 4.44, 'DISGUST': 0.07, 'FEAR': 5.01, 'HAPPY': 28.14, 'NEUTRAL': 25.89, 'SAD': 35.63, 'SURPRISE': 0.81}
2026-05-23 17:34:30,976 | INFO     | [470909] 🎯 KẾT QUẢ CHỐT: SAD (35.63%)
2026-05-23 17:34:30,976 | INFO     | [470909] ⏱️ Thời gian phản hồi: 67.04 ms
2026-05-23 17:34:31,002 | INFO     | [471002] ------------------------------------------
2026-05-23 17:34:31,002 | INFO     | [471002] 📥 NHẬN YÊU CẦU QUÉT KHUÔN MẶT MỚI
2026-05-23 17:34:31,003 | INFO     | [471002] Đã xử lý ảnh thành công. Kích thước tensor: (1, 48, 48, 1)
2026-05-23 17:34:31,070 | INFO     | [471002] 📊 Chi tiết dự đoán: {'ANGRY': 3.05, 'DISGUST': 0.04, 'FEAR': 3.48, 'HAPPY': 54.3, 'NEUTRAL': 15.51, 'SAD': 22.94, 'SURPRISE': 0.68}
2026-05-23 17:34:31,070 | INFO     | [471002] 🎯 KẾT QUẢ CHỐT: HAPPY (54.30%)
2026-05-23 17:34:31,070 | INFO     | [471002] ⏱️ Thời gian phản hồi: 67.57 ms
2026-05-23 17:34:31,114 | INFO     | [471114] ------------------------------------------
2026-05-23 17:34:31,117 | INFO     | [471114] 📥 NHẬN YÊU CẦU QUÉT KHUÔN MẶT MỚI
2026-05-23 17:34:31,120 | INFO     | [471114] Đã xử lý ảnh thành công. Kích thước tensor: (1, 48, 48, 1)
2026-05-23 17:34:31,221 | INFO     | [471114] 📊 Chi tiết dự đoán: {'ANGRY': 3.27, 'DISGUST': 0.06, 'FEAR': 4.45, 'HAPPY': 36.7, 'NEUTRAL': 16.96, 'SAD': 37.92, 'SURPRISE': 0.64}
2026-05-23 17:34:31,221 | INFO     | [471114] 🎯 KẾT QUẢ CHỐT: SAD (37.92%)
2026-05-23 17:34:31,221 | INFO     | [471114] ⏱️ Thời gian phản hồi: 106.46 ms
2026-05-23 17:34:31,224 | INFO     | [471224] ------------------------------------------
2026-05-23 17:34:31,224 | INFO     | [471224] 📥 NHẬN YÊU CẦU QUÉT KHUÔN MẶT MỚI
2026-05-23 17:34:31,225 | INFO     | [471224] Đã xử lý ảnh thành công. Kích thước tensor: (1, 48, 48, 1)
2026-05-23 17:34:31,300 | INFO     | [471224] 📊 Chi tiết dự đoán: {'ANGRY': 2.92, 'DISGUST': 0.05, 'FEAR': 3.42, 'HAPPY': 53.78, 'NEUTRAL': 16.18, 'SAD': 23.0, 'SURPRISE': 0.65}
2026-05-23 17:34:31,300 | INFO     | [471224] 🎯 KẾT QUẢ CHỐT: HAPPY (53.78%)
2026-05-23 17:34:31,300 | INFO     | [471224] ⏱️ Thời gian phản hồi: 74.93 ms
2026-05-23 17:34:31,302 | INFO     | [471302] ------------------------------------------
2026-05-23 17:34:31,302 | INFO     | [471302] 📥 NHẬN YÊU CẦU QUÉT KHUÔN MẶT MỚI
2026-05-23 17:34:31,303 | INFO     | [471302] Đã xử lý ảnh thành công. Kích thước tensor: (1, 48, 48, 1)
2026-05-23 17:34:31,386 | INFO     | [471302] 📊 Chi tiết dự đoán: {'ANGRY': 3.8, 'DISGUST': 0.06, 'FEAR': 4.87, 'HAPPY': 35.72, 'NEUTRAL': 19.09, 'SAD': 35.68, 'SURPRISE': 0.76}
2026-05-23 17:34:31,386 | INFO     | [471302] 🎯 KẾT QUẢ CHỐT: HAPPY (35.72%)
2026-05-23 17:34:31,386 | INFO     | [471302] ⏱️ Thời gian phản hồi: 82.73 ms
2026-05-23 17:34:31,409 | INFO     | [471409] ------------------------------------------
2026-05-23 17:34:31,409 | INFO     | [471409] 📥 NHẬN YÊU CẦU QUÉT KHUÔN MẶT MỚI
2026-05-23 17:34:31,409 | INFO     | [471409] Đã xử lý ảnh thành công. Kích thước tensor: (1, 48, 48, 1)
2026-05-23 17:34:31,476 | INFO     | [471409] 📊 Chi tiết dự đoán: {'ANGRY': 3.52, 'DISGUST': 0.06, 'FEAR': 4.2, 'HAPPY': 40.51, 'NEUTRAL': 20.19, 'SAD': 30.86, 'SURPRISE': 0.65}
2026-05-23 17:34:31,476 | INFO     | [471409] 🎯 KẾT QUẢ CHỐT: HAPPY (40.51%)
2026-05-23 17:34:31,476 | INFO     | [471409] ⏱️ Thời gian phản hồi: 67.56 ms
2026-05-23 17:34:31,499 | INFO     | [471499] ------------------------------------------
2026-05-23 17:34:31,501 | INFO     | [471499] 📥 NHẬN YÊU CẦU QUÉT KHUÔN MẶT MỚI
2026-05-23 17:34:31,501 | INFO     | [471499] Đã xử lý ảnh thành công. Kích thước tensor: (1, 48, 48, 1)
2026-05-23 17:34:31,566 | INFO     | [471499] 📊 Chi tiết dự đoán: {'ANGRY': 3.14, 'DISGUST': 0.06, 'FEAR': 3.48, 'HAPPY': 53.7, 'NEUTRAL': 14.73, 'SAD': 24.34, 'SURPRISE': 0.56}
2026-05-23 17:34:31,567 | INFO     | [471499] 🎯 KẾT QUẢ CHỐT: HAPPY (53.70%)
2026-05-23 17:34:31,567 | INFO     | [471499] ⏱️ Thời gian phản hồi: 66.45 ms
2026-05-23 17:34:31,609 | INFO     | [471609] ------------------------------------------
2026-05-23 17:34:31,610 | INFO     | [471609] 📥 NHẬN YÊU CẦU QUÉT KHUÔN MẶT MỚI
2026-05-23 17:34:31,610 | INFO     | [471609] Đã xử lý ảnh thành công. Kích thước tensor: (1, 48, 48, 1)
2026-05-23 17:34:31,683 | INFO     | [471609] 📊 Chi tiết dự đoán: {'ANGRY': 3.74, 'DISGUST': 0.06, 'FEAR': 3.44, 'HAPPY': 50.36, 'NEUTRAL': 16.68, 'SAD': 25.17, 'SURPRISE': 0.54}
2026-05-23 17:34:31,683 | INFO     | [471609] 🎯 KẾT QUẢ CHỐT: HAPPY (50.36%)
2026-05-23 17:34:31,683 | INFO     | [471609] ⏱️ Thời gian phản hồi: 74.05 ms
2026-05-23 17:34:31,704 | INFO     | [471704] ------------------------------------------
2026-05-23 17:34:31,704 | INFO     | [471704] 📥 NHẬN YÊU CẦU QUÉT KHUÔN MẶT MỚI
2026-05-23 17:34:31,705 | INFO     | [471704] Đã xử lý ảnh thành công. Kích thước tensor: (1, 48, 48, 1)
2026-05-23 17:34:31,773 | INFO     | [471704] 📊 Chi tiết dự đoán: {'ANGRY': 3.69, 'DISGUST': 0.05, 'FEAR': 4.65, 'HAPPY': 36.76, 'NEUTRAL': 19.03, 'SAD': 35.14, 'SURPRISE': 0.68}
2026-05-23 17:34:31,775 | INFO     | [471704] 🎯 KẾT QUẢ CHỐT: HAPPY (36.76%)
2026-05-23 17:34:31,775 | INFO     | [471704] ⏱️ Thời gian phản hồi: 69.71 ms
2026-05-23 17:34:31,798 | INFO     | [471798] ------------------------------------------
2026-05-23 17:34:31,798 | INFO     | [471798] 📥 NHẬN YÊU CẦU QUÉT KHUÔN MẶT MỚI
2026-05-23 17:34:31,799 | INFO     | [471798] Đã xử lý ảnh thành công. Kích thước tensor: (1, 48, 48, 1)
2026-05-23 17:34:31,861 | INFO     | [471798] 📊 Chi tiết dự đoán: {'ANGRY': 2.78, 'DISGUST': 0.05, 'FEAR': 3.38, 'HAPPY': 48.87, 'NEUTRAL': 18.01, 'SAD': 26.27, 'SURPRISE': 0.64}
2026-05-23 17:34:31,862 | INFO     | [471798] 🎯 KẾT QUẢ CHỐT: HAPPY (48.87%)
2026-05-23 17:34:31,862 | INFO     | [471798] ⏱️ Thời gian phản hồi: 63.42 ms
2026-05-23 17:34:31,907 | INFO     | [471907] ------------------------------------------
2026-05-23 17:34:31,907 | INFO     | [471907] 📥 NHẬN YÊU CẦU QUÉT KHUÔN MẶT MỚI
2026-05-23 17:34:31,908 | INFO     | [471907] Đã xử lý ảnh thành công. Kích thước tensor: (1, 48, 48, 1)
2026-05-23 17:34:31,971 | INFO     | [471907] 📊 Chi tiết dự đoán: {'ANGRY': 3.06, 'DISGUST': 0.05, 'FEAR': 3.3, 'HAPPY': 53.78, 'NEUTRAL': 15.58, 'SAD': 23.64, 'SURPRISE': 0.6}
2026-05-23 17:34:31,971 | INFO     | [471907] 🎯 KẾT QUẢ CHỐT: HAPPY (53.78%)
2026-05-23 17:34:31,971 | INFO     | [471907] ⏱️ Thời gian phản hồi: 64.32 ms
2026-05-23 17:34:32,001 | INFO     | [472001] ------------------------------------------
2026-05-23 17:34:32,001 | INFO     | [472001] 📥 NHẬN YÊU CẦU QUÉT KHUÔN MẶT MỚI
2026-05-23 17:34:32,002 | INFO     | [472001] Đã xử lý ảnh thành công. Kích thước tensor: (1, 48, 48, 1)
2026-05-23 17:34:32,065 | INFO     | [472001] 📊 Chi tiết dự đoán: {'ANGRY': 3.03, 'DISGUST': 0.04, 'FEAR': 4.38, 'HAPPY': 38.67, 'NEUTRAL': 18.74, 'SAD': 34.18, 'SURPRISE': 0.96}
2026-05-23 17:34:32,065 | INFO     | [472001] 🎯 KẾT QUẢ CHỐT: HAPPY (38.67%)
2026-05-23 17:34:32,066 | INFO     | [472001] ⏱️ Thời gian phản hồi: 63.87 ms
2026-05-23 17:34:32,094 | INFO     | [472094] ------------------------------------------
2026-05-23 17:34:32,095 | INFO     | [472094] 📥 NHẬN YÊU CẦU QUÉT KHUÔN MẶT MỚI
2026-05-23 17:34:32,095 | INFO     | [472094] Đã xử lý ảnh thành công. Kích thước tensor: (1, 48, 48, 1)
2026-05-23 17:34:32,156 | INFO     | [472094] 📊 Chi tiết dự đoán: {'ANGRY': 3.34, 'DISGUST': 0.05, 'FEAR': 4.11, 'HAPPY': 44.5, 'NEUTRAL': 15.17, 'SAD': 32.11, 'SURPRISE': 0.72}
2026-05-23 17:34:32,157 | INFO     | [472094] 🎯 KẾT QUẢ CHỐT: HAPPY (44.50%)
2026-05-23 17:34:32,157 | INFO     | [472094] ⏱️ Thời gian phản hồi: 62.7 ms
2026-05-23 17:34:32,202 | INFO     | [472202] ------------------------------------------
2026-05-23 17:34:32,202 | INFO     | [472202] 📥 NHẬN YÊU CẦU QUÉT KHUÔN MẶT MỚI
2026-05-23 17:34:32,203 | INFO     | [472202] Đã xử lý ảnh thành công. Kích thước tensor: (1, 48, 48, 1)
2026-05-23 17:34:32,274 | INFO     | [472202] 📊 Chi tiết dự đoán: {'ANGRY': 4.46, 'DISGUST': 0.08, 'FEAR': 5.06, 'HAPPY': 31.51, 'NEUTRAL': 20.82, 'SAD': 37.36, 'SURPRISE': 0.71}
2026-05-23 17:34:32,274 | INFO     | [472202] 🎯 KẾT QUẢ CHỐT: SAD (37.36%)
2026-05-23 17:34:32,275 | INFO     | [472202] ⏱️ Thời gian phản hồi: 71.59 ms
2026-05-23 17:34:32,297 | INFO     | [472297] ------------------------------------------
2026-05-23 17:34:32,298 | INFO     | [472297] 📥 NHẬN YÊU CẦU QUÉT KHUÔN MẶT MỚI
2026-05-23 17:34:32,298 | INFO     | [472297] Đã xử lý ảnh thành công. Kích thước tensor: (1, 48, 48, 1)
2026-05-23 17:34:32,365 | INFO     | [472297] 📊 Chi tiết dự đoán: {'ANGRY': 3.52, 'DISGUST': 0.06, 'FEAR': 3.69, 'HAPPY': 47.28, 'NEUTRAL': 19.01, 'SAD': 25.63, 'SURPRISE': 0.82}
2026-05-23 17:34:32,365 | INFO     | [472297] 🎯 KẾT QUẢ CHỐT: HAPPY (47.28%)
2026-05-23 17:34:32,365 | INFO     | [472297] ⏱️ Thời gian phản hồi: 67.93 ms
2026-05-23 17:34:32,405 | INFO     | [472405] ------------------------------------------
2026-05-23 17:34:32,406 | INFO     | [472405] 📥 NHẬN YÊU CẦU QUÉT KHUÔN MẶT MỚI
2026-05-23 17:34:32,406 | INFO     | [472405] Đã xử lý ảnh thành công. Kích thước tensor: (1, 48, 48, 1)
2026-05-23 17:34:32,477 | INFO     | [472405] 📊 Chi tiết dự đoán: {'ANGRY': 3.4, 'DISGUST': 0.05, 'FEAR': 4.65, 'HAPPY': 39.67, 'NEUTRAL': 22.2, 'SAD': 28.91, 'SURPRISE': 1.12}
2026-05-23 17:34:32,477 | INFO     | [472405] 🎯 KẾT QUẢ CHỐT: HAPPY (39.67%)
2026-05-23 17:34:32,477 | INFO     | [472405] ⏱️ Thời gian phản hồi: 72.72 ms
2026-05-23 17:34:32,517 | INFO     | [472517] ------------------------------------------
2026-05-23 17:34:32,517 | INFO     | [472517] 📥 NHẬN YÊU CẦU QUÉT KHUÔN MẶT MỚI
2026-05-23 17:34:32,518 | INFO     | [472517] Đã xử lý ảnh thành công. Kích thước tensor: (1, 48, 48, 1)
2026-05-23 17:34:32,585 | INFO     | [472517] 📊 Chi tiết dự đoán: {'ANGRY': 4.67, 'DISGUST': 0.09, 'FEAR': 5.44, 'HAPPY': 25.41, 'NEUTRAL': 25.33, 'SAD': 38.09, 'SURPRISE': 0.98}
2026-05-23 17:34:32,585 | INFO     | [472517] 🎯 KẾT QUẢ CHỐT: SAD (38.09%)
2026-05-23 17:34:32,585 | INFO     | [472517] ⏱️ Thời gian phản hồi: 68.53 ms
2026-05-23 17:34:32,595 | INFO     | [472595] ------------------------------------------
2026-05-23 17:34:32,595 | INFO     | [472595] 📥 NHẬN YÊU CẦU QUÉT KHUÔN MẶT MỚI
2026-05-23 17:34:32,596 | INFO     | [472595] Đã xử lý ảnh thành công. Kích thước tensor: (1, 48, 48, 1)
2026-05-23 17:34:32,666 | INFO     | [472595] 📊 Chi tiết dự đoán: {'ANGRY': 4.58, 'DISGUST': 0.08, 'FEAR': 5.13, 'HAPPY': 31.38, 'NEUTRAL': 22.74, 'SAD': 35.01, 'SURPRISE': 1.07}
2026-05-23 17:34:32,666 | INFO     | [472595] 🎯 KẾT QUẢ CHỐT: SAD (35.01%)
2026-05-23 17:34:32,666 | INFO     | [472595] ⏱️ Thời gian phản hồi: 70.78 ms
2026-05-23 17:34:32,704 | INFO     | [472704] ------------------------------------------
2026-05-23 17:34:32,704 | INFO     | [472704] 📥 NHẬN YÊU CẦU QUÉT KHUÔN MẶT MỚI
2026-05-23 17:34:32,704 | INFO     | [472704] Đã xử lý ảnh thành công. Kích thước tensor: (1, 48, 48, 1)
2026-05-23 17:34:32,775 | INFO     | [472704] 📊 Chi tiết dự đoán: {'ANGRY': 4.03, 'DISGUST': 0.07, 'FEAR': 5.43, 'HAPPY': 27.41, 'NEUTRAL': 26.02, 'SAD': 36.03, 'SURPRISE': 1.01}
2026-05-23 17:34:32,775 | INFO     | [472704] 🎯 KẾT QUẢ CHỐT: SAD (36.03%)
2026-05-23 17:34:32,775 | INFO     | [472704] ⏱️ Thời gian phản hồi: 70.57 ms
2026-05-23 17:34:32,797 | INFO     | [472797] ------------------------------------------
2026-05-23 17:34:32,797 | INFO     | [472797] 📥 NHẬN YÊU CẦU QUÉT KHUÔN MẶT MỚI
2026-05-23 17:34:32,798 | INFO     | [472797] Đã xử lý ảnh thành công. Kích thước tensor: (1, 48, 48, 1)
2026-05-23 17:34:32,868 | INFO     | [472797] 📊 Chi tiết dự đoán: {'ANGRY': 4.2, 'DISGUST': 0.06, 'FEAR': 4.58, 'HAPPY': 40.69, 'NEUTRAL': 19.47, 'SAD': 30.06, 'SURPRISE': 0.94}
2026-05-23 17:34:32,868 | INFO     | [472797] 🎯 KẾT QUẢ CHỐT: HAPPY (40.69%)
2026-05-23 17:34:32,868 | INFO     | [472797] ⏱️ Thời gian phản hồi: 70.81 ms
2026-05-23 17:34:32,907 | INFO     | [472906] ------------------------------------------
2026-05-23 17:34:32,907 | INFO     | [472906] 📥 NHẬN YÊU CẦU QUÉT KHUÔN MẶT MỚI
2026-05-23 17:34:32,907 | INFO     | [472906] Đã xử lý ảnh thành công. Kích thước tensor: (1, 48, 48, 1)
2026-05-23 17:34:32,979 | INFO     | [472906] 📊 Chi tiết dự đoán: {'ANGRY': 3.65, 'DISGUST': 0.07, 'FEAR': 5.1, 'HAPPY': 23.97, 'NEUTRAL': 25.91, 'SAD': 40.49, 'SURPRISE': 0.81}
2026-05-23 17:34:32,979 | INFO     | [472906] 🎯 KẾT QUẢ CHỐT: SAD (40.49%)
2026-05-23 17:34:32,979 | INFO     | [472906] ⏱️ Thời gian phản hồi: 72.81 ms
2026-05-23 17:34:33,022 | INFO     | [473022] ------------------------------------------
2026-05-23 17:34:33,025 | INFO     | [473022] 📥 NHẬN YÊU CẦU QUÉT KHUÔN MẶT MỚI
2026-05-23 17:34:33,027 | INFO     | [473022] Đã xử lý ảnh thành công. Kích thước tensor: (1, 48, 48, 1)
2026-05-23 17:34:33,127 | INFO     | [473022] 📊 Chi tiết dự đoán: {'ANGRY': 3.1, 'DISGUST': 0.06, 'FEAR': 4.87, 'HAPPY': 24.34, 'NEUTRAL': 26.96, 'SAD': 39.93, 'SURPRISE': 0.74}
2026-05-23 17:34:33,127 | INFO     | [473022] 🎯 KẾT QUẢ CHỐT: SAD (39.93%)
2026-05-23 17:34:33,127 | INFO     | [473022] ⏱️ Thời gian phản hồi: 104.02 ms
2026-05-23 17:34:33,129 | INFO     | [473129] ------------------------------------------
2026-05-23 17:34:33,129 | INFO     | [473129] 📥 NHẬN YÊU CẦU QUÉT KHUÔN MẶT MỚI
2026-05-23 17:34:33,131 | INFO     | [473129] Đã xử lý ảnh thành công. Kích thước tensor: (1, 48, 48, 1)
2026-05-23 17:34:33,207 | INFO     | [473129] 📊 Chi tiết dự đoán: {'ANGRY': 3.49, 'DISGUST': 0.06, 'FEAR': 4.66, 'HAPPY': 29.88, 'NEUTRAL': 26.36, 'SAD': 34.82, 'SURPRISE': 0.74}
2026-05-23 17:34:33,207 | INFO     | [473129] 🎯 KẾT QUẢ CHỐT: SAD (34.82%)
2026-05-23 17:34:33,208 | INFO     | [473129] ⏱️ Thời gian phản hồi: 77.89 ms
2026-05-23 17:34:33,210 | INFO     | [473210] ------------------------------------------
2026-05-23 17:34:33,210 | INFO     | [473210] 📥 NHẬN YÊU CẦU QUÉT KHUÔN MẶT MỚI
2026-05-23 17:34:33,211 | INFO     | [473210] Đã xử lý ảnh thành công. Kích thước tensor: (1, 48, 48, 1)
2026-05-23 17:34:33,297 | INFO     | [473210] 📊 Chi tiết dự đoán: {'ANGRY': 3.56, 'DISGUST': 0.07, 'FEAR': 4.98, 'HAPPY': 30.62, 'NEUTRAL': 25.71, 'SAD': 34.17, 'SURPRISE': 0.88}
2026-05-23 17:34:33,297 | INFO     | [473210] 🎯 KẾT QUẢ CHỐT: SAD (34.17%)
2026-05-23 17:34:33,298 | INFO     | [473210] ⏱️ Thời gian phản hồi: 86.87 ms
2026-05-23 17:34:33,307 | INFO     | [473307] ------------------------------------------
2026-05-23 17:34:33,307 | INFO     | [473307] 📥 NHẬN YÊU CẦU QUÉT KHUÔN MẶT MỚI
2026-05-23 17:34:33,308 | INFO     | [473307] Đã xử lý ảnh thành công. Kích thước tensor: (1, 48, 48, 1)
2026-05-23 17:34:33,387 | INFO     | [473307] 📊 Chi tiết dự đoán: {'ANGRY': 3.05, 'DISGUST': 0.07, 'FEAR': 4.74, 'HAPPY': 35.49, 'NEUTRAL': 24.72, 'SAD': 31.07, 'SURPRISE': 0.86}
2026-05-23 17:34:33,387 | INFO     | [473307] 🎯 KẾT QUẢ CHỐT: HAPPY (35.49%)
2026-05-23 17:34:33,387 | INFO     | [473307] ⏱️ Thời gian phản hồi: 80.33 ms
2026-05-23 17:34:33,400 | INFO     | [473400] ------------------------------------------
2026-05-23 17:34:33,401 | INFO     | [473400] 📥 NHẬN YÊU CẦU QUÉT KHUÔN MẶT MỚI
2026-05-23 17:34:33,401 | INFO     | [473400] Đã xử lý ảnh thành công. Kích thước tensor: (1, 48, 48, 1)
2026-05-23 17:34:33,478 | INFO     | [473400] 📊 Chi tiết dự đoán: {'ANGRY': 2.8, 'DISGUST': 0.05, 'FEAR': 4.53, 'HAPPY': 32.57, 'NEUTRAL': 29.32, 'SAD': 30.04, 'SURPRISE': 0.69}
2026-05-23 17:34:33,478 | INFO     | [473400] 🎯 KẾT QUẢ CHỐT: HAPPY (32.57%)
2026-05-23 17:34:33,478 | INFO     | [473400] ⏱️ Thời gian phản hồi: 77.45 ms
2026-05-23 17:34:33,509 | INFO     | [473509] ------------------------------------------
2026-05-23 17:34:33,509 | INFO     | [473509] 📥 NHẬN YÊU CẦU QUÉT KHUÔN MẶT MỚI
2026-05-23 17:34:33,510 | INFO     | [473509] Đã xử lý ảnh thành công. Kích thước tensor: (1, 48, 48, 1)
2026-05-23 17:34:33,575 | INFO     | [473509] 📊 Chi tiết dự đoán: {'ANGRY': 3.33, 'DISGUST': 0.07, 'FEAR': 4.81, 'HAPPY': 34.78, 'NEUTRAL': 26.78, 'SAD': 29.32, 'SURPRISE': 0.91}
2026-05-23 17:34:33,575 | INFO     | [473509] 🎯 KẾT QUẢ CHỐT: HAPPY (34.78%)
2026-05-23 17:34:33,575 | INFO     | [473509] ⏱️ Thời gian phản hồi: 65.91 ms
2026-05-23 17:34:33,601 | INFO     | [473601] ------------------------------------------
2026-05-23 17:34:33,601 | INFO     | [473601] 📥 NHẬN YÊU CẦU QUÉT KHUÔN MẶT MỚI
2026-05-23 17:34:33,602 | INFO     | [473601] Đã xử lý ảnh thành công. Kích thước tensor: (1, 48, 48, 1)
2026-05-23 17:34:33,673 | INFO     | [473601] 📊 Chi tiết dự đoán: {'ANGRY': 2.79, 'DISGUST': 0.05, 'FEAR': 5.06, 'HAPPY': 28.64, 'NEUTRAL': 27.92, 'SAD': 34.89, 'SURPRISE': 0.65}
2026-05-23 17:34:33,673 | INFO     | [473601] 🎯 KẾT QUẢ CHỐT: SAD (34.89%)
2026-05-23 17:34:33,674 | INFO     | [473601] ⏱️ Thời gian phản hồi: 72.16 ms
2026-05-23 17:34:33,709 | INFO     | [473709] ------------------------------------------
2026-05-23 17:34:33,709 | INFO     | [473709] 📥 NHẬN YÊU CẦU QUÉT KHUÔN MẶT MỚI
2026-05-23 17:34:33,710 | INFO     | [473709] Đã xử lý ảnh thành công. Kích thước tensor: (1, 48, 48, 1)
2026-05-23 17:34:33,783 | INFO     | [473709] 📊 Chi tiết dự đoán: {'ANGRY': 3.46, 'DISGUST': 0.07, 'FEAR': 4.92, 'HAPPY': 30.81, 'NEUTRAL': 27.51, 'SAD': 32.4, 'SURPRISE': 0.82}
2026-05-23 17:34:33,784 | INFO     | [473709] 🎯 KẾT QUẢ CHỐT: SAD (32.40%)
2026-05-23 17:34:33,784 | INFO     | [473709] ⏱️ Thời gian phản hồi: 74.47 ms
2026-05-23 17:34:33,801 | INFO     | [473801] ------------------------------------------
2026-05-23 17:34:33,801 | INFO     | [473801] 📥 NHẬN YÊU CẦU QUÉT KHUÔN MẶT MỚI
2026-05-23 17:34:33,802 | INFO     | [473801] Đã xử lý ảnh thành công. Kích thước tensor: (1, 48, 48, 1)
2026-05-23 17:34:33,869 | INFO     | [473801] 📊 Chi tiết dự đoán: {'ANGRY': 3.0, 'DISGUST': 0.07, 'FEAR': 3.01, 'HAPPY': 47.29, 'NEUTRAL': 22.44, 'SAD': 23.74, 'SURPRISE': 0.45}
2026-05-23 17:34:33,869 | INFO     | [473801] 🎯 KẾT QUẢ CHỐT: HAPPY (47.29%)
2026-05-23 17:34:33,869 | INFO     | [473801] ⏱️ Thời gian phản hồi: 67.82 ms
2026-05-23 17:34:33,909 | INFO     | [473909] ------------------------------------------
2026-05-23 17:34:33,910 | INFO     | [473909] 📥 NHẬN YÊU CẦU QUÉT KHUÔN MẶT MỚI
2026-05-23 17:34:33,911 | INFO     | [473909] Đã xử lý ảnh thành công. Kích thước tensor: (1, 48, 48, 1)
2026-05-23 17:34:33,985 | INFO     | [473909] 📊 Chi tiết dự đoán: {'ANGRY': 3.34, 'DISGUST': 0.07, 'FEAR': 4.28, 'HAPPY': 28.79, 'NEUTRAL': 28.95, 'SAD': 33.9, 'SURPRISE': 0.67}
2026-05-23 17:34:33,985 | INFO     | [473909] 🎯 KẾT QUẢ CHỐT: SAD (33.90%)
2026-05-23 17:34:33,986 | INFO     | [473909] ⏱️ Thời gian phản hồi: 76.19 ms
2026-05-23 17:34:34,000 | INFO     | [474000] ------------------------------------------
2026-05-23 17:34:34,000 | INFO     | [474000] 📥 NHẬN YÊU CẦU QUÉT KHUÔN MẶT MỚI
2026-05-23 17:34:34,002 | INFO     | [474000] Đã xử lý ảnh thành công. Kích thước tensor: (1, 48, 48, 1)
2026-05-23 17:34:34,072 | INFO     | [474000] 📊 Chi tiết dự đoán: {'ANGRY': 2.58, 'DISGUST': 0.05, 'FEAR': 4.27, 'HAPPY': 33.24, 'NEUTRAL': 28.79, 'SAD': 30.4, 'SURPRISE': 0.68}
2026-05-23 17:34:34,072 | INFO     | [474000] 🎯 KẾT QUẢ CHỐT: HAPPY (33.24%)
2026-05-23 17:34:34,072 | INFO     | [474000] ⏱️ Thời gian phản hồi: 71.9 ms
2026-05-23 17:34:34,109 | INFO     | [474109] ------------------------------------------
2026-05-23 17:34:34,109 | INFO     | [474109] 📥 NHẬN YÊU CẦU QUÉT KHUÔN MẶT MỚI
2026-05-23 17:34:34,110 | INFO     | [474109] Đã xử lý ảnh thành công. Kích thước tensor: (1, 48, 48, 1)
2026-05-23 17:34:34,197 | INFO     | [474109] 📊 Chi tiết dự đoán: {'ANGRY': 2.57, 'DISGUST': 0.04, 'FEAR': 3.37, 'HAPPY': 49.28, 'NEUTRAL': 18.45, 'SAD': 25.8, 'SURPRISE': 0.5}
2026-05-23 17:34:34,198 | INFO     | [474109] 🎯 KẾT QUẢ CHỐT: HAPPY (49.28%)
2026-05-23 17:34:34,198 | INFO     | [474109] ⏱️ Thời gian phản hồi: 87.89 ms
2026-05-23 17:34:34,201 | INFO     | [474201] ------------------------------------------
2026-05-23 17:34:34,201 | INFO     | [474201] 📥 NHẬN YÊU CẦU QUÉT KHUÔN MẶT MỚI
2026-05-23 17:34:34,204 | INFO     | [474201] Đã xử lý ảnh thành công. Kích thước tensor: (1, 48, 48, 1)
2026-05-23 17:34:34,287 | INFO     | [474201] 📊 Chi tiết dự đoán: {'ANGRY': 2.15, 'DISGUST': 0.03, 'FEAR': 2.88, 'HAPPY': 56.19, 'NEUTRAL': 15.9, 'SAD': 22.39, 'SURPRISE': 0.47}
2026-05-23 17:34:34,288 | INFO     | [474201] 🎯 KẾT QUẢ CHỐT: HAPPY (56.19%)
2026-05-23 17:34:34,288 | INFO     | [474201] ⏱️ Thời gian phản hồi: 85.76 ms
2026-05-23 17:34:34,295 | INFO     | [474295] ------------------------------------------
2026-05-23 17:34:34,296 | INFO     | [474295] 📥 NHẬN YÊU CẦU QUÉT KHUÔN MẶT MỚI
2026-05-23 17:34:34,296 | INFO     | [474295] Đã xử lý ảnh thành công. Kích thước tensor: (1, 48, 48, 1)
2026-05-23 17:34:34,381 | INFO     | [474295] 📊 Chi tiết dự đoán: {'ANGRY': 2.58, 'DISGUST': 0.03, 'FEAR': 5.12, 'HAPPY': 38.37, 'NEUTRAL': 17.93, 'SAD': 34.99, 'SURPRISE': 0.98}
2026-05-23 17:34:34,381 | INFO     | [474295] 🎯 KẾT QUẢ CHỐT: HAPPY (38.37%)
2026-05-23 17:34:34,382 | INFO     | [474295] ⏱️ Thời gian phản hồi: 85.89 ms
2026-05-23 17:34:34,402 | INFO     | [474402] ------------------------------------------
2026-05-23 17:34:34,403 | INFO     | [474402] 📥 NHẬN YÊU CẦU QUÉT KHUÔN MẶT MỚI
2026-05-23 17:34:34,403 | INFO     | [474402] Đã xử lý ảnh thành công. Kích thước tensor: (1, 48, 48, 1)
2026-05-23 17:34:34,480 | INFO     | [474402] 📊 Chi tiết dự đoán: {'ANGRY': 2.56, 'DISGUST': 0.05, 'FEAR': 3.26, 'HAPPY': 48.84, 'NEUTRAL': 19.82, 'SAD': 24.92, 'SURPRISE': 0.55}
2026-05-23 17:34:34,480 | INFO     | [474402] 🎯 KẾT QUẢ CHỐT: HAPPY (48.84%)
2026-05-23 17:34:34,481 | INFO     | [474402] ⏱️ Thời gian phản hồi: 78.11 ms
2026-05-23 17:34:34,495 | INFO     | [474495] ------------------------------------------
2026-05-23 17:34:34,495 | INFO     | [474495] 📥 NHẬN YÊU CẦU QUÉT KHUÔN MẶT MỚI
2026-05-23 17:34:34,495 | INFO     | [474495] Đã xử lý ảnh thành công. Kích thước tensor: (1, 48, 48, 1)
2026-05-23 17:34:34,562 | INFO     | [474495] 📊 Chi tiết dự đoán: {'ANGRY': 2.07, 'DISGUST': 0.03, 'FEAR': 3.1, 'HAPPY': 54.29, 'NEUTRAL': 16.24, 'SAD': 23.69, 'SURPRISE': 0.58}
2026-05-23 17:34:34,563 | INFO     | [474495] 🎯 KẾT QUẢ CHỐT: HAPPY (54.29%)
2026-05-23 17:34:34,563 | INFO     | [474495] ⏱️ Thời gian phản hồi: 66.3 ms
2026-05-23 17:34:34,604 | INFO     | [474604] ------------------------------------------
2026-05-23 17:34:34,605 | INFO     | [474604] 📥 NHẬN YÊU CẦU QUÉT KHUÔN MẶT MỚI
2026-05-23 17:34:34,605 | INFO     | [474604] Đã xử lý ảnh thành công. Kích thước tensor: (1, 48, 48, 1)
2026-05-23 17:34:34,673 | INFO     | [474604] 📊 Chi tiết dự đoán: {'ANGRY': 3.14, 'DISGUST': 0.04, 'FEAR': 4.78, 'HAPPY': 28.44, 'NEUTRAL': 28.06, 'SAD': 34.71, 'SURPRISE': 0.84}
2026-05-23 17:34:34,673 | INFO     | [474604] 🎯 KẾT QUẢ CHỐT: SAD (34.71%)
2026-05-23 17:34:34,675 | INFO     | [474604] ⏱️ Thời gian phản hồi: 69.54 ms
2026-05-23 17:34:34,711 | INFO     | [474711] ------------------------------------------
2026-05-23 17:34:34,712 | INFO     | [474711] 📥 NHẬN YÊU CẦU QUÉT KHUÔN MẶT MỚI
2026-05-23 17:34:34,712 | INFO     | [474711] Đã xử lý ảnh thành công. Kích thước tensor: (1, 48, 48, 1)
2026-05-23 17:34:34,778 | INFO     | [474711] 📊 Chi tiết dự đoán: {'ANGRY': 4.21, 'DISGUST': 0.06, 'FEAR': 4.74, 'HAPPY': 33.48, 'NEUTRAL': 21.6, 'SAD': 35.29, 'SURPRISE': 0.62}
2026-05-23 17:34:34,778 | INFO     | [474711] 🎯 KẾT QUẢ CHỐT: SAD (35.29%)
2026-05-23 17:34:34,778 | INFO     | [474711] ⏱️ Thời gian phản hồi: 67.09 ms
2026-05-23 17:34:34,805 | INFO     | [474805] ------------------------------------------
2026-05-23 17:34:34,806 | INFO     | [474805] 📥 NHẬN YÊU CẦU QUÉT KHUÔN MẶT MỚI
2026-05-23 17:34:34,806 | INFO     | [474805] Đã xử lý ảnh thành công. Kích thước tensor: (1, 48, 48, 1)
2026-05-23 17:34:34,872 | INFO     | [474805] 📊 Chi tiết dự đoán: {'ANGRY': 3.21, 'DISGUST': 0.05, 'FEAR': 4.49, 'HAPPY': 41.68, 'NEUTRAL': 21.21, 'SAD': 28.36, 'SURPRISE': 1.0}
2026-05-23 17:34:34,874 | INFO     | [474805] 🎯 KẾT QUẢ CHỐT: HAPPY (41.68%)
2026-05-23 17:34:34,874 | INFO     | [474805] ⏱️ Thời gian phản hồi: 67.25 ms
2026-05-23 17:34:34,896 | INFO     | [474896] ------------------------------------------
2026-05-23 17:34:34,897 | INFO     | [474896] 📥 NHẬN YÊU CẦU QUÉT KHUÔN MẶT MỚI
2026-05-23 17:34:34,897 | INFO     | [474896] Đã xử lý ảnh thành công. Kích thước tensor: (1, 48, 48, 1)
2026-05-23 17:34:34,965 | INFO     | [474896] 📊 Chi tiết dự đoán: {'ANGRY': 3.15, 'DISGUST': 0.04, 'FEAR': 4.62, 'HAPPY': 38.19, 'NEUTRAL': 22.16, 'SAD': 30.94, 'SURPRISE': 0.91}
2026-05-23 17:34:34,965 | INFO     | [474896] 🎯 KẾT QUẢ CHỐT: HAPPY (38.19%)
2026-05-23 17:34:34,965 | INFO     | [474896] ⏱️ Thời gian phản hồi: 68.05 ms
2026-05-23 17:34:35,004 | INFO     | [475004] ------------------------------------------
2026-05-23 17:34:35,005 | INFO     | [475004] 📥 NHẬN YÊU CẦU QUÉT KHUÔN MẶT MỚI
2026-05-23 17:34:35,005 | INFO     | [475004] Đã xử lý ảnh thành công. Kích thước tensor: (1, 48, 48, 1)
2026-05-23 17:34:35,082 | INFO     | [475004] 📊 Chi tiết dự đoán: {'ANGRY': 2.41, 'DISGUST': 0.03, 'FEAR': 4.02, 'HAPPY': 42.47, 'NEUTRAL': 20.66, 'SAD': 29.77, 'SURPRISE': 0.64}
2026-05-23 17:34:35,083 | INFO     | [475004] 🎯 KẾT QUẢ CHỐT: HAPPY (42.47%)
2026-05-23 17:34:35,083 | INFO     | [475004] ⏱️ Thời gian phản hồi: 77.76 ms
2026-05-23 17:34:35,098 | INFO     | [475098] ------------------------------------------
2026-05-23 17:34:35,099 | INFO     | [475098] 📥 NHẬN YÊU CẦU QUÉT KHUÔN MẶT MỚI
2026-05-23 17:34:35,100 | INFO     | [475098] Đã xử lý ảnh thành công. Kích thước tensor: (1, 48, 48, 1)
2026-05-23 17:34:35,164 | INFO     | [475098] 📊 Chi tiết dự đoán: {'ANGRY': 2.74, 'DISGUST': 0.05, 'FEAR': 3.72, 'HAPPY': 35.82, 'NEUTRAL': 24.19, 'SAD': 32.95, 'SURPRISE': 0.53}
2026-05-23 17:34:35,166 | INFO     | [475098] 🎯 KẾT QUẢ CHỐT: HAPPY (35.82%)
2026-05-23 17:34:35,166 | INFO     | [475098] ⏱️ Thời gian phản hồi: 66.26 ms
2026-05-23 17:34:35,209 | INFO     | [475209] ------------------------------------------
2026-05-23 17:34:35,209 | INFO     | [475209] 📥 NHẬN YÊU CẦU QUÉT KHUÔN MẶT MỚI
2026-05-23 17:34:35,211 | INFO     | [475209] Đã xử lý ảnh thành công. Kích thước tensor: (1, 48, 48, 1)
2026-05-23 17:34:35,278 | INFO     | [475209] 📊 Chi tiết dự đoán: {'ANGRY': 3.15, 'DISGUST': 0.04, 'FEAR': 4.61, 'HAPPY': 38.28, 'NEUTRAL': 23.87, 'SAD': 29.25, 'SURPRISE': 0.81}
2026-05-23 17:34:35,278 | INFO     | [475209] 🎯 KẾT QUẢ CHỐT: HAPPY (38.28%)
2026-05-23 17:34:35,278 | INFO     | [475209] ⏱️ Thời gian phản hồi: 69.23 ms
2026-05-23 17:34:35,301 | INFO     | [475301] ------------------------------------------
2026-05-23 17:34:35,302 | INFO     | [475301] 📥 NHẬN YÊU CẦU QUÉT KHUÔN MẶT MỚI
2026-05-23 17:34:35,302 | INFO     | [475301] Đã xử lý ảnh thành công. Kích thước tensor: (1, 48, 48, 1)
2026-05-23 17:34:35,367 | INFO     | [475301] 📊 Chi tiết dự đoán: {'ANGRY': 3.4, 'DISGUST': 0.05, 'FEAR': 4.27, 'HAPPY': 42.26, 'NEUTRAL': 23.4, 'SAD': 25.87, 'SURPRISE': 0.75}
2026-05-23 17:34:35,367 | INFO     | [475301] 🎯 KẾT QUẢ CHỐT: HAPPY (42.26%)
2026-05-23 17:34:35,367 | INFO     | [475301] ⏱️ Thời gian phản hồi: 65.71 ms
2026-05-23 17:34:35,409 | INFO     | [475409] ------------------------------------------
2026-05-23 17:34:35,409 | INFO     | [475409] 📥 NHẬN YÊU CẦU QUÉT KHUÔN MẶT MỚI
2026-05-23 17:34:35,410 | INFO     | [475409] Đã xử lý ảnh thành công. Kích thước tensor: (1, 48, 48, 1)
2026-05-23 17:34:35,481 | INFO     | [475409] 📊 Chi tiết dự đoán: {'ANGRY': 3.61, 'DISGUST': 0.05, 'FEAR': 4.48, 'HAPPY': 37.29, 'NEUTRAL': 22.03, 'SAD': 31.77, 'SURPRISE': 0.78}
2026-05-23 17:34:35,482 | INFO     | [475409] 🎯 KẾT QUẢ CHỐT: HAPPY (37.29%)
2026-05-23 17:34:35,482 | INFO     | [475409] ⏱️ Thời gian phản hồi: 72.63 ms
2026-05-23 17:34:35,501 | INFO     | [475501] ------------------------------------------
2026-05-23 17:34:35,501 | INFO     | [475501] 📥 NHẬN YÊU CẦU QUÉT KHUÔN MẶT MỚI
2026-05-23 17:34:35,501 | INFO     | [475501] Đã xử lý ảnh thành công. Kích thước tensor: (1, 48, 48, 1)
2026-05-23 17:34:35,577 | INFO     | [475501] 📊 Chi tiết dự đoán: {'ANGRY': 3.54, 'DISGUST': 0.06, 'FEAR': 3.92, 'HAPPY': 49.84, 'NEUTRAL': 17.06, 'SAD': 24.86, 'SURPRISE': 0.72}
2026-05-23 17:34:35,577 | INFO     | [475501] 🎯 KẾT QUẢ CHỐT: HAPPY (49.84%)
2026-05-23 17:34:35,578 | INFO     | [475501] ⏱️ Thời gian phản hồi: 76.12 ms
2026-05-23 17:34:35,608 | INFO     | [475608] ------------------------------------------
2026-05-23 17:34:35,608 | INFO     | [475608] 📥 NHẬN YÊU CẦU QUÉT KHUÔN MẶT MỚI
2026-05-23 17:34:35,609 | INFO     | [475608] Đã xử lý ảnh thành công. Kích thước tensor: (1, 48, 48, 1)
2026-05-23 17:34:35,676 | INFO     | [475608] 📊 Chi tiết dự đoán: {'ANGRY': 2.43, 'DISGUST': 0.05, 'FEAR': 2.72, 'HAPPY': 60.13, 'NEUTRAL': 16.59, 'SAD': 17.58, 'SURPRISE': 0.5}
2026-05-23 17:34:35,677 | INFO     | [475608] 🎯 KẾT QUẢ CHỐT: HAPPY (60.13%)
2026-05-23 17:34:35,677 | INFO     | [475608] ⏱️ Thời gian phản hồi: 68.22 ms
2026-05-23 17:34:35,701 | INFO     | [475701] ------------------------------------------
2026-05-23 17:34:35,701 | INFO     | [475701] 📥 NHẬN YÊU CẦU QUÉT KHUÔN MẶT MỚI
2026-05-23 17:34:35,702 | INFO     | [475701] Đã xử lý ảnh thành công. Kích thước tensor: (1, 48, 48, 1)
2026-05-23 17:34:35,774 | INFO     | [475701] 📊 Chi tiết dự đoán: {'ANGRY': 2.89, 'DISGUST': 0.04, 'FEAR': 4.03, 'HAPPY': 41.33, 'NEUTRAL': 22.84, 'SAD': 28.29, 'SURPRISE': 0.58}
2026-05-23 17:34:35,774 | INFO     | [475701] 🎯 KẾT QUẢ CHỐT: HAPPY (41.33%)
2026-05-23 17:34:35,774 | INFO     | [475701] ⏱️ Thời gian phản hồi: 72.99 ms
2026-05-23 17:34:35,794 | INFO     | [475794] ------------------------------------------
2026-05-23 17:34:35,794 | INFO     | [475794] 📥 NHẬN YÊU CẦU QUÉT KHUÔN MẶT MỚI
2026-05-23 17:34:35,795 | INFO     | [475794] Đã xử lý ảnh thành công. Kích thước tensor: (1, 48, 48, 1)
2026-05-23 17:34:35,875 | INFO     | [475794] 📊 Chi tiết dự đoán: {'ANGRY': 2.95, 'DISGUST': 0.06, 'FEAR': 4.58, 'HAPPY': 31.02, 'NEUTRAL': 24.73, 'SAD': 36.13, 'SURPRISE': 0.54}
2026-05-23 17:34:35,876 | INFO     | [475794] 🎯 KẾT QUẢ CHỐT: SAD (36.13%)
2026-05-23 17:34:35,876 | INFO     | [475794] ⏱️ Thời gian phản hồi: 80.95 ms
2026-05-23 17:34:35,903 | INFO     | [475903] ------------------------------------------
2026-05-23 17:34:35,903 | INFO     | [475903] 📥 NHẬN YÊU CẦU QUÉT KHUÔN MẶT MỚI
2026-05-23 17:34:35,905 | INFO     | [475903] Đã xử lý ảnh thành công. Kích thước tensor: (1, 48, 48, 1)
2026-05-23 17:34:35,988 | INFO     | [475903] 📊 Chi tiết dự đoán: {'ANGRY': 2.5, 'DISGUST': 0.06, 'FEAR': 3.85, 'HAPPY': 41.91, 'NEUTRAL': 19.89, 'SAD': 31.21, 'SURPRISE': 0.58}
2026-05-23 17:34:35,988 | INFO     | [475903] 🎯 KẾT QUẢ CHỐT: HAPPY (41.91%)
2026-05-23 17:34:35,988 | INFO     | [475903] ⏱️ Thời gian phản hồi: 85.08 ms
2026-05-23 17:34:35,998 | INFO     | [475998] ------------------------------------------
2026-05-23 17:34:35,998 | INFO     | [475998] 📥 NHẬN YÊU CẦU QUÉT KHUÔN MẶT MỚI
2026-05-23 17:34:35,998 | INFO     | [475998] Đã xử lý ảnh thành công. Kích thước tensor: (1, 48, 48, 1)
2026-05-23 17:34:36,066 | INFO     | [475998] 📊 Chi tiết dự đoán: {'ANGRY': 3.21, 'DISGUST': 0.07, 'FEAR': 4.35, 'HAPPY': 31.38, 'NEUTRAL': 21.8, 'SAD': 38.55, 'SURPRISE': 0.65}
2026-05-23 17:34:36,067 | INFO     | [475998] 🎯 KẾT QUẢ CHỐT: SAD (38.55%)
2026-05-23 17:34:36,067 | INFO     | [475998] ⏱️ Thời gian phản hồi: 68.64 ms
2026-05-23 17:34:36,105 | INFO     | [476105] ------------------------------------------
2026-05-23 17:34:36,105 | INFO     | [476105] 📥 NHẬN YÊU CẦU QUÉT KHUÔN MẶT MỚI
2026-05-23 17:34:36,106 | INFO     | [476105] Đã xử lý ảnh thành công. Kích thước tensor: (1, 48, 48, 1)
2026-05-23 17:34:36,176 | INFO     | [476105] 📊 Chi tiết dự đoán: {'ANGRY': 2.86, 'DISGUST': 0.04, 'FEAR': 4.75, 'HAPPY': 27.82, 'NEUTRAL': 28.14, 'SAD': 35.6, 'SURPRISE': 0.79}
2026-05-23 17:34:36,176 | INFO     | [476105] 🎯 KẾT QUẢ CHỐT: SAD (35.60%)
2026-05-23 17:34:36,176 | INFO     | [476105] ⏱️ Thời gian phản hồi: 71.65 ms
2026-05-23 17:34:36,200 | INFO     | [476200] ------------------------------------------
2026-05-23 17:34:36,200 | INFO     | [476200] 📥 NHẬN YÊU CẦU QUÉT KHUÔN MẶT MỚI
2026-05-23 17:34:36,200 | INFO     | [476200] Đã xử lý ảnh thành công. Kích thước tensor: (1, 48, 48, 1)
2026-05-23 17:34:36,269 | INFO     | [476200] 📊 Chi tiết dự đoán: {'ANGRY': 2.39, 'DISGUST': 0.03, 'FEAR': 3.86, 'HAPPY': 36.85, 'NEUTRAL': 22.84, 'SAD': 33.51, 'SURPRISE': 0.52}
2026-05-23 17:34:36,270 | INFO     | [476200] 🎯 KẾT QUẢ CHỐT: HAPPY (36.85%)
2026-05-23 17:34:36,270 | INFO     | [476200] ⏱️ Thời gian phản hồi: 69.39 ms
2026-05-23 17:34:36,294 | INFO     | [476294] ------------------------------------------
2026-05-23 17:34:36,294 | INFO     | [476294] 📥 NHẬN YÊU CẦU QUÉT KHUÔN MẶT MỚI
2026-05-23 17:34:36,295 | INFO     | [476294] Đã xử lý ảnh thành công. Kích thước tensor: (1, 48, 48, 1)
2026-05-23 17:34:36,365 | INFO     | [476294] 📊 Chi tiết dự đoán: {'ANGRY': 2.54, 'DISGUST': 0.04, 'FEAR': 3.93, 'HAPPY': 38.59, 'NEUTRAL': 22.5, 'SAD': 31.85, 'SURPRISE': 0.56}
2026-05-23 17:34:36,365 | INFO     | [476294] 🎯 KẾT QUẢ CHỐT: HAPPY (38.59%)
2026-05-23 17:34:36,365 | INFO     | [476294] ⏱️ Thời gian phản hồi: 71.31 ms
2026-05-23 17:34:36,402 | INFO     | [476402] ------------------------------------------
2026-05-23 17:34:36,403 | INFO     | [476402] 📥 NHẬN YÊU CẦU QUÉT KHUÔN MẶT MỚI
2026-05-23 17:34:36,404 | INFO     | [476402] Đã xử lý ảnh thành công. Kích thước tensor: (1, 48, 48, 1)
2026-05-23 17:34:36,466 | INFO     | [476402] 📊 Chi tiết dự đoán: {'ANGRY': 3.05, 'DISGUST': 0.06, 'FEAR': 4.1, 'HAPPY': 33.37, 'NEUTRAL': 22.51, 'SAD': 36.29, 'SURPRISE': 0.61}
2026-05-23 17:34:36,466 | INFO     | [476402] 🎯 KẾT QUẢ CHỐT: SAD (36.29%)
2026-05-23 17:34:36,466 | INFO     | [476402] ⏱️ Thời gian phản hồi: 63.76 ms
2026-05-23 17:34:36,495 | INFO     | [476495] ------------------------------------------
2026-05-23 17:34:36,495 | INFO     | [476495] 📥 NHẬN YÊU CẦU QUÉT KHUÔN MẶT MỚI
2026-05-23 17:34:36,496 | INFO     | [476495] Đã xử lý ảnh thành công. Kích thước tensor: (1, 48, 48, 1)
2026-05-23 17:34:36,566 | INFO     | [476495] 📊 Chi tiết dự đoán: {'ANGRY': 2.95, 'DISGUST': 0.06, 'FEAR': 3.43, 'HAPPY': 48.6, 'NEUTRAL': 16.37, 'SAD': 28.02, 'SURPRISE': 0.57}
2026-05-23 17:34:36,567 | INFO     | [476495] 🎯 KẾT QUẢ CHỐT: HAPPY (48.60%)
2026-05-23 17:34:36,567 | INFO     | [476495] ⏱️ Thời gian phản hồi: 71.2 ms
2026-05-23 17:34:36,602 | INFO     | [476602] ------------------------------------------
2026-05-23 17:34:36,603 | INFO     | [476602] 📥 NHẬN YÊU CẦU QUÉT KHUÔN MẶT MỚI
2026-05-23 17:34:36,604 | INFO     | [476602] Đã xử lý ảnh thành công. Kích thước tensor: (1, 48, 48, 1)
2026-05-23 17:34:36,685 | INFO     | [476602] 📊 Chi tiết dự đoán: {'ANGRY': 3.91, 'DISGUST': 0.08, 'FEAR': 4.73, 'HAPPY': 34.35, 'NEUTRAL': 18.69, 'SAD': 37.54, 'SURPRISE': 0.7}
2026-05-23 17:34:36,685 | INFO     | [476602] 🎯 KẾT QUẢ CHỐT: SAD (37.54%)
2026-05-23 17:34:36,685 | INFO     | [476602] ⏱️ Thời gian phản hồi: 82.65 ms
2026-05-23 17:34:36,708 | INFO     | [476708] ------------------------------------------
2026-05-23 17:34:36,709 | INFO     | [476708] 📥 NHẬN YÊU CẦU QUÉT KHUÔN MẶT MỚI
2026-05-23 17:34:36,709 | INFO     | [476708] Đã xử lý ảnh thành công. Kích thước tensor: (1, 48, 48, 1)
2026-05-23 17:34:36,774 | INFO     | [476708] 📊 Chi tiết dự đoán: {'ANGRY': 2.73, 'DISGUST': 0.06, 'FEAR': 3.79, 'HAPPY': 46.69, 'NEUTRAL': 17.44, 'SAD': 28.64, 'SURPRISE': 0.65}
2026-05-23 17:34:36,775 | INFO     | [476708] 🎯 KẾT QUẢ CHỐT: HAPPY (46.69%)
2026-05-23 17:34:36,775 | INFO     | [476708] ⏱️ Thời gian phản hồi: 65.82 ms
2026-05-23 17:34:36,800 | INFO     | [476800] ------------------------------------------
2026-05-23 17:34:36,800 | INFO     | [476800] 📥 NHẬN YÊU CẦU QUÉT KHUÔN MẶT MỚI
2026-05-23 17:34:36,800 | INFO     | [476800] Đã xử lý ảnh thành công. Kích thước tensor: (1, 48, 48, 1)
2026-05-23 17:34:36,883 | INFO     | [476800] 📊 Chi tiết dự đoán: {'ANGRY': 3.06, 'DISGUST': 0.07, 'FEAR': 4.26, 'HAPPY': 37.88, 'NEUTRAL': 21.23, 'SAD': 32.71, 'SURPRISE': 0.78}
2026-05-23 17:34:36,885 | INFO     | [476800] 🎯 KẾT QUẢ CHỐT: HAPPY (37.88%)
2026-05-23 17:34:36,885 | INFO     | [476800] ⏱️ Thời gian phản hồi: 82.45 ms
2026-05-23 17:34:36,909 | INFO     | [476909] ------------------------------------------
2026-05-23 17:34:36,909 | INFO     | [476909] 📥 NHẬN YÊU CẦU QUÉT KHUÔN MẶT MỚI
2026-05-23 17:34:36,911 | INFO     | [476909] Đã xử lý ảnh thành công. Kích thước tensor: (1, 48, 48, 1)
2026-05-23 17:34:36,982 | INFO     | [476909] 📊 Chi tiết dự đoán: {'ANGRY': 2.9, 'DISGUST': 0.04, 'FEAR': 4.21, 'HAPPY': 35.34, 'NEUTRAL': 26.05, 'SAD': 30.72, 'SURPRISE': 0.74}
2026-05-23 17:34:36,982 | INFO     | [476909] 🎯 KẾT QUẢ CHỐT: HAPPY (35.34%)
2026-05-23 17:34:36,984 | INFO     | [476909] ⏱️ Thời gian phản hồi: 73.17 ms
2026-05-23 17:34:37,002 | INFO     | [477002] ------------------------------------------
2026-05-23 17:34:37,002 | INFO     | [477002] 📥 NHẬN YÊU CẦU QUÉT KHUÔN MẶT MỚI
2026-05-23 17:34:37,003 | INFO     | [477002] Đã xử lý ảnh thành công. Kích thước tensor: (1, 48, 48, 1)
2026-05-23 17:34:37,072 | INFO     | [477002] 📊 Chi tiết dự đoán: {'ANGRY': 3.18, 'DISGUST': 0.04, 'FEAR': 4.95, 'HAPPY': 27.24, 'NEUTRAL': 25.47, 'SAD': 38.38, 'SURPRISE': 0.74}
2026-05-23 17:34:37,073 | INFO     | [477002] 🎯 KẾT QUẢ CHỐT: SAD (38.38%)
2026-05-23 17:34:37,073 | INFO     | [477002] ⏱️ Thời gian phản hồi: 69.4 ms
2026-05-23 17:34:37,112 | INFO     | [477112] ------------------------------------------
2026-05-23 17:34:37,112 | INFO     | [477112] 📥 NHẬN YÊU CẦU QUÉT KHUÔN MẶT MỚI
2026-05-23 17:34:37,113 | INFO     | [477112] Đã xử lý ảnh thành công. Kích thước tensor: (1, 48, 48, 1)
2026-05-23 17:34:37,179 | INFO     | [477112] 📊 Chi tiết dự đoán: {'ANGRY': 2.75, 'DISGUST': 0.05, 'FEAR': 4.41, 'HAPPY': 29.88, 'NEUTRAL': 27.65, 'SAD': 34.58, 'SURPRISE': 0.69}
2026-05-23 17:34:37,180 | INFO     | [477112] 🎯 KẾT QUẢ CHỐT: SAD (34.58%)
2026-05-23 17:34:37,180 | INFO     | [477112] ⏱️ Thời gian phản hồi: 67.46 ms
2026-05-23 17:34:37,204 | INFO     | [477204] ------------------------------------------
2026-05-23 17:34:37,205 | INFO     | [477204] 📥 NHẬN YÊU CẦU QUÉT KHUÔN MẶT MỚI
2026-05-23 17:34:37,206 | INFO     | [477204] Đã xử lý ảnh thành công. Kích thước tensor: (1, 48, 48, 1)
2026-05-23 17:34:37,269 | INFO     | [477204] 📊 Chi tiết dự đoán: {'ANGRY': 2.84, 'DISGUST': 0.04, 'FEAR': 5.0, 'HAPPY': 26.31, 'NEUTRAL': 27.04, 'SAD': 37.96, 'SURPRISE': 0.8}
2026-05-23 17:34:37,269 | INFO     | [477204] 🎯 KẾT QUẢ CHỐT: SAD (37.96%)
2026-05-23 17:34:37,270 | INFO     | [477204] ⏱️ Thời gian phản hồi: 64.58 ms
2026-05-23 17:34:37,297 | INFO     | [477297] ------------------------------------------
2026-05-23 17:34:37,298 | INFO     | [477297] 📥 NHẬN YÊU CẦU QUÉT KHUÔN MẶT MỚI
2026-05-23 17:34:37,298 | INFO     | [477297] Đã xử lý ảnh thành công. Kích thước tensor: (1, 48, 48, 1)
2026-05-23 17:34:37,364 | INFO     | [477297] 📊 Chi tiết dự đoán: {'ANGRY': 3.12, 'DISGUST': 0.06, 'FEAR': 4.66, 'HAPPY': 30.01, 'NEUTRAL': 24.23, 'SAD': 37.29, 'SURPRISE': 0.64}
2026-05-23 17:34:37,366 | INFO     | [477297] 🎯 KẾT QUẢ CHỐT: SAD (37.29%)
2026-05-23 17:34:37,366 | INFO     | [477297] ⏱️ Thời gian phản hồi: 66.8 ms
2026-05-23 17:34:37,404 | INFO     | [477404] ------------------------------------------
2026-05-23 17:34:37,406 | INFO     | [477404] 📥 NHẬN YÊU CẦU QUÉT KHUÔN MẶT MỚI
2026-05-23 17:34:37,406 | INFO     | [477404] Đã xử lý ảnh thành công. Kích thước tensor: (1, 48, 48, 1)
2026-05-23 17:34:37,474 | INFO     | [477404] 📊 Chi tiết dự đoán: {'ANGRY': 2.51, 'DISGUST': 0.05, 'FEAR': 3.62, 'HAPPY': 40.95, 'NEUTRAL': 21.78, 'SAD': 30.51, 'SURPRISE': 0.58}
2026-05-23 17:34:37,475 | INFO     | [477404] 🎯 KẾT QUẢ CHỐT: HAPPY (40.95%)
2026-05-23 17:34:37,475 | INFO     | [477404] ⏱️ Thời gian phản hồi: 69.81 ms
2026-05-23 17:34:37,497 | INFO     | [477497] ------------------------------------------
2026-05-23 17:34:37,499 | INFO     | [477497] 📥 NHẬN YÊU CẦU QUÉT KHUÔN MẶT MỚI
2026-05-23 17:34:37,499 | INFO     | [477497] Đã xử lý ảnh thành công. Kích thước tensor: (1, 48, 48, 1)
2026-05-23 17:34:37,566 | INFO     | [477497] 📊 Chi tiết dự đoán: {'ANGRY': 2.16, 'DISGUST': 0.04, 'FEAR': 3.85, 'HAPPY': 45.29, 'NEUTRAL': 18.87, 'SAD': 29.2, 'SURPRISE': 0.59}
2026-05-23 17:34:37,567 | INFO     | [477497] 🎯 KẾT QUẢ CHỐT: HAPPY (45.29%)
2026-05-23 17:34:37,567 | INFO     | [477497] ⏱️ Thời gian phản hồi: 68.84 ms
2026-05-23 17:34:37,592 | INFO     | [477592] ------------------------------------------
2026-05-23 17:34:37,592 | INFO     | [477592] 📥 NHẬN YÊU CẦU QUÉT KHUÔN MẶT MỚI
2026-05-23 17:34:37,592 | INFO     | [477592] Đã xử lý ảnh thành công. Kích thước tensor: (1, 48, 48, 1)
2026-05-23 17:34:37,665 | INFO     | [477592] 📊 Chi tiết dự đoán: {'ANGRY': 3.57, 'DISGUST': 0.07, 'FEAR': 4.34, 'HAPPY': 27.9, 'NEUTRAL': 24.61, 'SAD': 38.82, 'SURPRISE': 0.68}
2026-05-23 17:34:37,665 | INFO     | [477592] 🎯 KẾT QUẢ CHỐT: SAD (38.82%)
2026-05-23 17:34:37,666 | INFO     | [477592] ⏱️ Thời gian phản hồi: 72.58 ms
2026-05-23 17:34:37,701 | INFO     | [477701] ------------------------------------------
2026-05-23 17:34:37,702 | INFO     | [477701] 📥 NHẬN YÊU CẦU QUÉT KHUÔN MẶT MỚI
2026-05-23 17:34:37,702 | INFO     | [477701] Đã xử lý ảnh thành công. Kích thước tensor: (1, 48, 48, 1)
2026-05-23 17:34:37,774 | INFO     | [477701] 📊 Chi tiết dự đoán: {'ANGRY': 3.28, 'DISGUST': 0.06, 'FEAR': 4.62, 'HAPPY': 30.87, 'NEUTRAL': 24.39, 'SAD': 36.19, 'SURPRISE': 0.59}
2026-05-23 17:34:37,774 | INFO     | [477701] 🎯 KẾT QUẢ CHỐT: SAD (36.19%)
2026-05-23 17:34:37,775 | INFO     | [477701] ⏱️ Thời gian phản hồi: 73.04 ms
2026-05-23 17:34:37,794 | INFO     | [477792] ------------------------------------------
2026-05-23 17:34:37,794 | INFO     | [477792] 📥 NHẬN YÊU CẦU QUÉT KHUÔN MẶT MỚI
2026-05-23 17:34:37,794 | INFO     | [477792] Đã xử lý ảnh thành công. Kích thước tensor: (1, 48, 48, 1)
2026-05-23 17:34:37,864 | INFO     | [477792] 📊 Chi tiết dự đoán: {'ANGRY': 2.88, 'DISGUST': 0.05, 'FEAR': 4.39, 'HAPPY': 36.87, 'NEUTRAL': 23.06, 'SAD': 32.17, 'SURPRISE': 0.58}
2026-05-23 17:34:37,865 | INFO     | [477792] 🎯 KẾT QUẢ CHỐT: HAPPY (36.87%)
2026-05-23 17:34:37,865 | INFO     | [477792] ⏱️ Thời gian phản hồi: 71.83 ms
2026-05-23 17:34:37,902 | INFO     | [477902] ------------------------------------------
2026-05-23 17:34:37,902 | INFO     | [477902] 📥 NHẬN YÊU CẦU QUÉT KHUÔN MẶT MỚI
2026-05-23 17:34:37,903 | INFO     | [477902] Đã xử lý ảnh thành công. Kích thước tensor: (1, 48, 48, 1)
2026-05-23 17:34:37,972 | INFO     | [477902] 📊 Chi tiết dự đoán: {'ANGRY': 1.98, 'DISGUST': 0.03, 'FEAR': 3.81, 'HAPPY': 37.42, 'NEUTRAL': 24.69, 'SAD': 31.55, 'SURPRISE': 0.52}
2026-05-23 17:34:37,972 | INFO     | [477902] 🎯 KẾT QUẢ CHỐT: HAPPY (37.42%)
2026-05-23 17:34:37,972 | INFO     | [477902] ⏱️ Thời gian phản hồi: 69.9 ms
2026-05-23 17:34:37,995 | INFO     | [477995] ------------------------------------------
2026-05-23 17:34:37,995 | INFO     | [477995] 📥 NHẬN YÊU CẦU QUÉT KHUÔN MẶT MỚI
2026-05-23 17:34:37,996 | INFO     | [477995] Đã xử lý ảnh thành công. Kích thước tensor: (1, 48, 48, 1)
2026-05-23 17:34:38,066 | INFO     | [477995] 📊 Chi tiết dự đoán: {'ANGRY': 2.47, 'DISGUST': 0.03, 'FEAR': 5.26, 'HAPPY': 25.01, 'NEUTRAL': 27.41, 'SAD': 39.03, 'SURPRISE': 0.79}
2026-05-23 17:34:38,067 | INFO     | [477995] 🎯 KẾT QUẢ CHỐT: SAD (39.03%)
2026-05-23 17:34:38,067 | INFO     | [477995] ⏱️ Thời gian phản hồi: 70.62 ms
2026-05-23 17:34:38,103 | INFO     | [478103] ------------------------------------------
2026-05-23 17:34:38,103 | INFO     | [478103] 📥 NHẬN YÊU CẦU QUÉT KHUÔN MẶT MỚI
2026-05-23 17:34:38,105 | INFO     | [478103] Đã xử lý ảnh thành công. Kích thước tensor: (1, 48, 48, 1)
2026-05-23 17:34:38,181 | INFO     | [478103] 📊 Chi tiết dự đoán: {'ANGRY': 2.55, 'DISGUST': 0.04, 'FEAR': 4.53, 'HAPPY': 31.23, 'NEUTRAL': 25.64, 'SAD': 35.35, 'SURPRISE': 0.66}
2026-05-23 17:34:38,181 | INFO     | [478103] 🎯 KẾT QUẢ CHỐT: SAD (35.35%)
2026-05-23 17:34:38,181 | INFO     | [478103] ⏱️ Thời gian phản hồi: 78.42 ms
2026-05-23 17:34:38,198 | INFO     | [478198] ------------------------------------------
2026-05-23 17:34:38,198 | INFO     | [478198] 📥 NHẬN YÊU CẦU QUÉT KHUÔN MẶT MỚI
2026-05-23 17:34:38,199 | INFO     | [478198] Đã xử lý ảnh thành công. Kích thước tensor: (1, 48, 48, 1)
2026-05-23 17:34:38,262 | INFO     | [478198] 📊 Chi tiết dự đoán: {'ANGRY': 2.71, 'DISGUST': 0.04, 'FEAR': 4.81, 'HAPPY': 19.17, 'NEUTRAL': 30.55, 'SAD': 42.12, 'SURPRISE': 0.6}
2026-05-23 17:34:38,262 | INFO     | [478198] 🎯 KẾT QUẢ CHỐT: SAD (42.12%)
2026-05-23 17:34:38,262 | INFO     | [478198] ⏱️ Thời gian phản hồi: 64.18 ms
2026-05-23 17:34:38,306 | INFO     | [478306] ------------------------------------------
2026-05-23 17:34:38,306 | INFO     | [478306] 📥 NHẬN YÊU CẦU QUÉT KHUÔN MẶT MỚI
2026-05-23 17:34:38,308 | INFO     | [478306] Đã xử lý ảnh thành công. Kích thước tensor: (1, 48, 48, 1)
2026-05-23 17:34:38,381 | INFO     | [478306] 📊 Chi tiết dự đoán: {'ANGRY': 2.63, 'DISGUST': 0.04, 'FEAR': 3.99, 'HAPPY': 31.89, 'NEUTRAL': 23.44, 'SAD': 37.42, 'SURPRISE': 0.58}
2026-05-23 17:34:38,381 | INFO     | [478306] 🎯 KẾT QUẢ CHỐT: SAD (37.42%)
2026-05-23 17:34:38,381 | INFO     | [478306] ⏱️ Thời gian phản hồi: 74.91 ms
2026-05-23 17:34:38,400 | INFO     | [478400] ------------------------------------------
2026-05-23 17:34:38,400 | INFO     | [478400] 📥 NHẬN YÊU CẦU QUÉT KHUÔN MẶT MỚI
2026-05-23 17:34:38,401 | INFO     | [478400] Đã xử lý ảnh thành công. Kích thước tensor: (1, 48, 48, 1)
2026-05-23 17:34:38,478 | INFO     | [478400] 📊 Chi tiết dự đoán: {'ANGRY': 2.81, 'DISGUST': 0.04, 'FEAR': 5.32, 'HAPPY': 17.53, 'NEUTRAL': 29.02, 'SAD': 44.56, 'SURPRISE': 0.73}
2026-05-23 17:34:38,478 | INFO     | [478400] 🎯 KẾT QUẢ CHỐT: SAD (44.56%)
2026-05-23 17:34:38,478 | INFO     | [478400] ⏱️ Thời gian phản hồi: 78.05 ms
2026-05-23 17:34:38,495 | INFO     | [478495] ------------------------------------------
2026-05-23 17:34:38,495 | INFO     | [478495] 📥 NHẬN YÊU CẦU QUÉT KHUÔN MẶT MỚI
2026-05-23 17:34:38,496 | INFO     | [478495] Đã xử lý ảnh thành công. Kích thước tensor: (1, 48, 48, 1)
2026-05-23 17:34:38,565 | INFO     | [478495] 📊 Chi tiết dự đoán: {'ANGRY': 2.56, 'DISGUST': 0.03, 'FEAR': 4.42, 'HAPPY': 32.16, 'NEUTRAL': 25.11, 'SAD': 34.98, 'SURPRISE': 0.74}
2026-05-23 17:34:38,565 | INFO     | [478495] 🎯 KẾT QUẢ CHỐT: SAD (34.98%)
2026-05-23 17:34:38,565 | INFO     | [478495] ⏱️ Thời gian phản hồi: 70.79 ms
2026-05-23 17:34:38,604 | INFO     | [478604] ------------------------------------------
2026-05-23 17:34:38,604 | INFO     | [478604] 📥 NHẬN YÊU CẦU QUÉT KHUÔN MẶT MỚI
2026-05-23 17:34:38,605 | INFO     | [478604] Đã xử lý ảnh thành công. Kích thước tensor: (1, 48, 48, 1)
2026-05-23 17:34:38,675 | INFO     | [478604] 📊 Chi tiết dự đoán: {'ANGRY': 2.23, 'DISGUST': 0.03, 'FEAR': 4.01, 'HAPPY': 38.52, 'NEUTRAL': 21.93, 'SAD': 32.68, 'SURPRISE': 0.59}
2026-05-23 17:34:38,677 | INFO     | [478604] 🎯 KẾT QUẢ CHỐT: HAPPY (38.52%)
2026-05-23 17:34:38,677 | INFO     | [478604] ⏱️ Thời gian phản hồi: 71.48 ms
2026-05-23 17:34:38,696 | INFO     | [478696] ------------------------------------------
2026-05-23 17:34:38,698 | INFO     | [478696] 📥 NHẬN YÊU CẦU QUÉT KHUÔN MẶT MỚI
2026-05-23 17:34:38,698 | INFO     | [478696] Đã xử lý ảnh thành công. Kích thước tensor: (1, 48, 48, 1)
2026-05-23 17:34:38,772 | INFO     | [478696] 📊 Chi tiết dự đoán: {'ANGRY': 2.4, 'DISGUST': 0.02, 'FEAR': 5.58, 'HAPPY': 18.85, 'NEUTRAL': 30.34, 'SAD': 42.02, 'SURPRISE': 0.78}
2026-05-23 17:34:38,772 | INFO     | [478696] 🎯 KẾT QUẢ CHỐT: SAD (42.02%)
2026-05-23 17:34:38,773 | INFO     | [478696] ⏱️ Thời gian phản hồi: 75.14 ms
2026-05-23 17:34:38,806 | INFO     | [478806] ------------------------------------------
2026-05-23 17:34:38,806 | INFO     | [478806] 📥 NHẬN YÊU CẦU QUÉT KHUÔN MẶT MỚI
2026-05-23 17:34:38,808 | INFO     | [478806] Đã xử lý ảnh thành công. Kích thước tensor: (1, 48, 48, 1)
2026-05-23 17:34:39,114 | INFO     | [478806] 📊 Chi tiết dự đoán: {'ANGRY': 2.97, 'DISGUST': 0.03, 'FEAR': 5.12, 'HAPPY': 23.06, 'NEUTRAL': 28.71, 'SAD': 39.41, 'SURPRISE': 0.69}
2026-05-23 17:34:39,116 | INFO     | [478806] 🎯 KẾT QUẢ CHỐT: SAD (39.41%)
2026-05-23 17:34:39,116 | INFO     | [478806] ⏱️ Thời gian phản hồi: 308.04 ms
2026-05-23 17:34:39,118 | INFO     | [479118] ------------------------------------------
2026-05-23 17:34:39,118 | INFO     | [479118] 📥 NHẬN YÊU CẦU QUÉT KHUÔN MẶT MỚI
2026-05-23 17:34:39,119 | INFO     | [479118] Đã xử lý ảnh thành công. Kích thước tensor: (1, 48, 48, 1)
2026-05-23 17:34:39,185 | INFO     | [479118] 📊 Chi tiết dự đoán: {'ANGRY': 2.81, 'DISGUST': 0.03, 'FEAR': 5.35, 'HAPPY': 20.84, 'NEUTRAL': 33.9, 'SAD': 36.37, 'SURPRISE': 0.7}
2026-05-23 17:34:39,185 | INFO     | [479118] 🎯 KẾT QUẢ CHỐT: SAD (36.37%)
2026-05-23 17:34:39,185 | INFO     | [479118] ⏱️ Thời gian phản hồi: 64.68 ms
2026-05-23 17:34:39,188 | INFO     | [479186] ------------------------------------------
2026-05-23 17:34:39,188 | INFO     | [479186] 📥 NHẬN YÊU CẦU QUÉT KHUÔN MẶT MỚI
2026-05-23 17:34:39,188 | INFO     | [479186] Đã xử lý ảnh thành công. Kích thước tensor: (1, 48, 48, 1)
2026-05-23 17:34:39,255 | INFO     | [479186] 📊 Chi tiết dự đoán: {'ANGRY': 2.98, 'DISGUST': 0.03, 'FEAR': 5.21, 'HAPPY': 22.88, 'NEUTRAL': 32.09, 'SAD': 36.11, 'SURPRISE': 0.71}
2026-05-23 17:34:39,255 | INFO     | [479186] 🎯 KẾT QUẢ CHỐT: SAD (36.11%)
2026-05-23 17:34:39,256 | INFO     | [479186] ⏱️ Thời gian phản hồi: 68.71 ms
2026-05-23 17:34:39,257 | INFO     | [479257] ------------------------------------------
2026-05-23 17:34:39,257 | INFO     | [479257] 📥 NHẬN YÊU CẦU QUÉT KHUÔN MẶT MỚI
2026-05-23 17:34:39,258 | INFO     | [479257] Đã xử lý ảnh thành công. Kích thước tensor: (1, 48, 48, 1)
2026-05-23 17:34:39,325 | INFO     | [479257] 📊 Chi tiết dự đoán: {'ANGRY': 2.79, 'DISGUST': 0.03, 'FEAR': 5.93, 'HAPPY': 14.39, 'NEUTRAL': 34.41, 'SAD': 41.76, 'SURPRISE': 0.69}
2026-05-23 17:34:39,325 | INFO     | [479257] 🎯 KẾT QUẢ CHỐT: SAD (41.76%)
2026-05-23 17:34:39,325 | INFO     | [479257] ⏱️ Thời gian phản hồi: 67.15 ms
2026-05-23 17:34:39,327 | INFO     | [479327] ------------------------------------------
2026-05-23 17:34:39,327 | INFO     | [479327] 📥 NHẬN YÊU CẦU QUÉT KHUÔN MẶT MỚI
2026-05-23 17:34:39,327 | INFO     | [479327] Đã xử lý ảnh thành công. Kích thước tensor: (1, 48, 48, 1)
2026-05-23 17:34:39,390 | INFO     | [479327] 📊 Chi tiết dự đoán: {'ANGRY': 3.06, 'DISGUST': 0.03, 'FEAR': 5.09, 'HAPPY': 19.1, 'NEUTRAL': 35.45, 'SAD': 36.57, 'SURPRISE': 0.69}
2026-05-23 17:34:39,390 | INFO     | [479327] 🎯 KẾT QUẢ CHỐT: SAD (36.57%)
2026-05-23 17:34:39,390 | INFO     | [479327] ⏱️ Thời gian phản hồi: 62.86 ms
2026-05-23 17:34:39,392 | INFO     | [479392] ------------------------------------------
2026-05-23 17:34:39,393 | INFO     | [479392] 📥 NHẬN YÊU CẦU QUÉT KHUÔN MẶT MỚI
2026-05-23 17:34:39,394 | INFO     | [479392] Đã xử lý ảnh thành công. Kích thước tensor: (1, 48, 48, 1)
2026-05-23 17:34:39,459 | INFO     | [479392] 📊 Chi tiết dự đoán: {'ANGRY': 2.42, 'DISGUST': 0.02, 'FEAR': 4.05, 'HAPPY': 29.88, 'NEUTRAL': 33.94, 'SAD': 29.07, 'SURPRISE': 0.63}
2026-05-23 17:34:39,459 | INFO     | [479392] 🎯 KẾT QUẢ CHỐT: NEUTRAL (33.94%)
2026-05-23 17:34:39,459 | INFO     | [479392] ⏱️ Thời gian phản hồi: 66.45 ms
2026-05-23 17:34:39,461 | INFO     | [479460] ------------------------------------------
2026-05-23 17:34:39,461 | INFO     | [479460] 📥 NHẬN YÊU CẦU QUÉT KHUÔN MẶT MỚI
2026-05-23 17:34:39,462 | INFO     | [479460] Đã xử lý ảnh thành công. Kích thước tensor: (1, 48, 48, 1)
2026-05-23 17:34:39,532 | INFO     | [479460] 📊 Chi tiết dự đoán: {'ANGRY': 2.92, 'DISGUST': 0.03, 'FEAR': 4.78, 'HAPPY': 17.74, 'NEUTRAL': 38.62, 'SAD': 35.29, 'SURPRISE': 0.62}
2026-05-23 17:34:39,532 | INFO     | [479460] 🎯 KẾT QUẢ CHỐT: NEUTRAL (38.62%)
2026-05-23 17:34:39,532 | INFO     | [479460] ⏱️ Thời gian phản hồi: 71.82 ms
2026-05-23 17:34:39,534 | INFO     | [479534] ------------------------------------------
2026-05-23 17:34:39,534 | INFO     | [479534] 📥 NHẬN YÊU CẦU QUÉT KHUÔN MẶT MỚI
2026-05-23 17:34:39,534 | INFO     | [479534] Đã xử lý ảnh thành công. Kích thước tensor: (1, 48, 48, 1)
2026-05-23 17:34:39,603 | INFO     | [479534] 📊 Chi tiết dự đoán: {'ANGRY': 2.36, 'DISGUST': 0.03, 'FEAR': 4.41, 'HAPPY': 24.76, 'NEUTRAL': 34.05, 'SAD': 33.71, 'SURPRISE': 0.67}
2026-05-23 17:34:39,604 | INFO     | [479534] 🎯 KẾT QUẢ CHỐT: NEUTRAL (34.05%)
2026-05-23 17:34:39,604 | INFO     | [479534] ⏱️ Thời gian phản hồi: 68.7 ms
2026-05-23 17:34:39,606 | INFO     | [479606] ------------------------------------------
2026-05-23 17:34:39,607 | INFO     | [479606] 📥 NHẬN YÊU CẦU QUÉT KHUÔN MẶT MỚI
2026-05-23 17:34:39,607 | INFO     | [479606] Đã xử lý ảnh thành công. Kích thước tensor: (1, 48, 48, 1)
2026-05-23 17:34:39,680 | INFO     | [479606] 📊 Chi tiết dự đoán: {'ANGRY': 2.81, 'DISGUST': 0.03, 'FEAR': 4.72, 'HAPPY': 22.76, 'NEUTRAL': 35.77, 'SAD': 33.18, 'SURPRISE': 0.74}
2026-05-23 17:34:39,680 | INFO     | [479606] 🎯 KẾT QUẢ CHỐT: NEUTRAL (35.77%)
2026-05-23 17:34:39,680 | INFO     | [479606] ⏱️ Thời gian phản hồi: 73.83 ms
2026-05-23 17:34:39,711 | INFO     | [479711] ------------------------------------------
2026-05-23 17:34:39,711 | INFO     | [479711] 📥 NHẬN YÊU CẦU QUÉT KHUÔN MẶT MỚI
2026-05-23 17:34:39,712 | INFO     | [479711] Đã xử lý ảnh thành công. Kích thước tensor: (1, 48, 48, 1)
2026-05-23 17:34:39,780 | INFO     | [479711] 📊 Chi tiết dự đoán: {'ANGRY': 2.42, 'DISGUST': 0.02, 'FEAR': 4.64, 'HAPPY': 18.8, 'NEUTRAL': 39.97, 'SAD': 33.41, 'SURPRISE': 0.74}
2026-05-23 17:34:39,780 | INFO     | [479711] 🎯 KẾT QUẢ CHỐT: NEUTRAL (39.97%)
2026-05-23 17:34:39,780 | INFO     | [479711] ⏱️ Thời gian phản hồi: 69.06 ms
2026-05-23 17:34:39,802 | INFO     | [479802] ------------------------------------------
2026-05-23 17:34:39,802 | INFO     | [479802] 📥 NHẬN YÊU CẦU QUÉT KHUÔN MẶT MỚI
2026-05-23 17:34:39,803 | INFO     | [479802] Đã xử lý ảnh thành công. Kích thước tensor: (1, 48, 48, 1)
2026-05-23 17:34:39,865 | INFO     | [479802] 📊 Chi tiết dự đoán: {'ANGRY': 2.78, 'DISGUST': 0.03, 'FEAR': 4.35, 'HAPPY': 20.78, 'NEUTRAL': 36.9, 'SAD': 34.57, 'SURPRISE': 0.59}
2026-05-23 17:34:39,866 | INFO     | [479802] 🎯 KẾT QUẢ CHỐT: NEUTRAL (36.90%)
2026-05-23 17:34:39,866 | INFO     | [479802] ⏱️ Thời gian phản hồi: 63.27 ms
2026-05-23 17:34:39,910 | INFO     | [479910] ------------------------------------------
2026-05-23 17:34:39,911 | INFO     | [479910] 📥 NHẬN YÊU CẦU QUÉT KHUÔN MẶT MỚI
2026-05-23 17:34:39,911 | INFO     | [479910] Đã xử lý ảnh thành công. Kích thước tensor: (1, 48, 48, 1)
2026-05-23 17:34:39,976 | INFO     | [479910] 📊 Chi tiết dự đoán: {'ANGRY': 2.75, 'DISGUST': 0.03, 'FEAR': 4.53, 'HAPPY': 15.99, 'NEUTRAL': 36.91, 'SAD': 39.23, 'SURPRISE': 0.55}
2026-05-23 17:34:39,976 | INFO     | [479910] 🎯 KẾT QUẢ CHỐT: SAD (39.23%)
2026-05-23 17:34:39,976 | INFO     | [479910] ⏱️ Thời gian phản hồi: 66.38 ms
2026-05-23 17:34:40,003 | INFO     | [480003] ------------------------------------------
2026-05-23 17:34:40,004 | INFO     | [480003] 📥 NHẬN YÊU CẦU QUÉT KHUÔN MẶT MỚI
2026-05-23 17:34:40,005 | INFO     | [480003] Đã xử lý ảnh thành công. Kích thước tensor: (1, 48, 48, 1)
2026-05-23 17:34:40,066 | INFO     | [480003] 📊 Chi tiết dự đoán: {'ANGRY': 2.42, 'DISGUST': 0.03, 'FEAR': 3.87, 'HAPPY': 24.56, 'NEUTRAL': 38.29, 'SAD': 30.26, 'SURPRISE': 0.56}
2026-05-23 17:34:40,067 | INFO     | [480003] 🎯 KẾT QUẢ CHỐT: NEUTRAL (38.29%)
2026-05-23 17:34:40,067 | INFO     | [480003] ⏱️ Thời gian phản hồi: 63.4 ms
2026-05-23 17:34:40,111 | INFO     | [480111] ------------------------------------------
2026-05-23 17:34:40,111 | INFO     | [480111] 📥 NHẬN YÊU CẦU QUÉT KHUÔN MẶT MỚI
2026-05-23 17:34:40,113 | INFO     | [480111] Đã xử lý ảnh thành công. Kích thước tensor: (1, 48, 48, 1)
2026-05-23 17:34:40,178 | INFO     | [480111] 📊 Chi tiết dự đoán: {'ANGRY': 3.21, 'DISGUST': 0.03, 'FEAR': 5.0, 'HAPPY': 16.05, 'NEUTRAL': 38.57, 'SAD': 36.55, 'SURPRISE': 0.59}
2026-05-23 17:34:40,178 | INFO     | [480111] 🎯 KẾT QUẢ CHỐT: NEUTRAL (38.57%)
2026-05-23 17:34:40,178 | INFO     | [480111] ⏱️ Thời gian phản hồi: 66.21 ms
2026-05-23 17:34:40,206 | INFO     | [480206] ------------------------------------------
2026-05-23 17:34:40,206 | INFO     | [480206] 📥 NHẬN YÊU CẦU QUÉT KHUÔN MẶT MỚI
2026-05-23 17:34:40,206 | INFO     | [480206] Đã xử lý ảnh thành công. Kích thước tensor: (1, 48, 48, 1)
2026-05-23 17:34:40,270 | INFO     | [480206] 📊 Chi tiết dự đoán: {'ANGRY': 2.59, 'DISGUST': 0.02, 'FEAR': 4.01, 'HAPPY': 25.35, 'NEUTRAL': 39.27, 'SAD': 28.1, 'SURPRISE': 0.66}
2026-05-23 17:34:40,270 | INFO     | [480206] 🎯 KẾT QUẢ CHỐT: NEUTRAL (39.27%)
2026-05-23 17:34:40,270 | INFO     | [480206] ⏱️ Thời gian phản hồi: 64.45 ms
2026-05-23 17:34:40,299 | INFO     | [480299] ------------------------------------------
2026-05-23 17:34:40,299 | INFO     | [480299] 📥 NHẬN YÊU CẦU QUÉT KHUÔN MẶT MỚI
2026-05-23 17:34:40,299 | INFO     | [480299] Đã xử lý ảnh thành công. Kích thước tensor: (1, 48, 48, 1)
2026-05-23 17:34:40,365 | INFO     | [480299] 📊 Chi tiết dự đoán: {'ANGRY': 2.55, 'DISGUST': 0.03, 'FEAR': 3.8, 'HAPPY': 24.0, 'NEUTRAL': 39.0, 'SAD': 30.09, 'SURPRISE': 0.52}
2026-05-23 17:34:40,365 | INFO     | [480299] 🎯 KẾT QUẢ CHỐT: NEUTRAL (39.00%)
2026-05-23 17:34:40,365 | INFO     | [480299] ⏱️ Thời gian phản hồi: 65.99 ms
2026-05-23 17:34:40,405 | INFO     | [480405] ------------------------------------------
2026-05-23 17:34:40,405 | INFO     | [480405] 📥 NHẬN YÊU CẦU QUÉT KHUÔN MẶT MỚI
2026-05-23 17:34:40,406 | INFO     | [480405] Đã xử lý ảnh thành công. Kích thước tensor: (1, 48, 48, 1)
2026-05-23 17:34:40,476 | INFO     | [480405] 📊 Chi tiết dự đoán: {'ANGRY': 2.61, 'DISGUST': 0.02, 'FEAR': 4.54, 'HAPPY': 17.11, 'NEUTRAL': 38.4, 'SAD': 36.71, 'SURPRISE': 0.6}
2026-05-23 17:34:40,476 | INFO     | [480405] 🎯 KẾT QUẢ CHỐT: NEUTRAL (38.40%)
2026-05-23 17:34:40,476 | INFO     | [480405] ⏱️ Thời gian phản hồi: 71.34 ms
2026-05-23 17:34:40,498 | INFO     | [480498] ------------------------------------------
2026-05-23 17:34:40,498 | INFO     | [480498] 📥 NHẬN YÊU CẦU QUÉT KHUÔN MẶT MỚI
2026-05-23 17:34:40,499 | INFO     | [480498] Đã xử lý ảnh thành công. Kích thước tensor: (1, 48, 48, 1)
2026-05-23 17:34:40,567 | INFO     | [480498] 📊 Chi tiết dự đoán: {'ANGRY': 2.85, 'DISGUST': 0.03, 'FEAR': 4.37, 'HAPPY': 19.27, 'NEUTRAL': 37.31, 'SAD': 35.66, 'SURPRISE': 0.52}
2026-05-23 17:34:40,568 | INFO     | [480498] 🎯 KẾT QUẢ CHỐT: NEUTRAL (37.31%)
2026-05-23 17:34:40,568 | INFO     | [480498] ⏱️ Thời gian phản hồi: 69.36 ms
2026-05-23 17:34:40,608 | INFO     | [480608] ------------------------------------------
2026-05-23 17:34:40,608 | INFO     | [480608] 📥 NHẬN YÊU CẦU QUÉT KHUÔN MẶT MỚI
2026-05-23 17:34:40,609 | INFO     | [480608] Đã xử lý ảnh thành công. Kích thước tensor: (1, 48, 48, 1)
2026-05-23 17:34:40,680 | INFO     | [480608] 📊 Chi tiết dự đoán: {'ANGRY': 2.4, 'DISGUST': 0.03, 'FEAR': 4.47, 'HAPPY': 14.77, 'NEUTRAL': 38.47, 'SAD': 39.3, 'SURPRISE': 0.56}
2026-05-23 17:34:40,680 | INFO     | [480608] 🎯 KẾT QUẢ CHỐT: SAD (39.30%)
2026-05-23 17:34:40,681 | INFO     | [480608] ⏱️ Thời gian phản hồi: 72.3 ms
2026-05-23 17:34:40,701 | INFO     | [480701] ------------------------------------------
2026-05-23 17:34:40,701 | INFO     | [480701] 📥 NHẬN YÊU CẦU QUÉT KHUÔN MẶT MỚI
2026-05-23 17:34:40,702 | INFO     | [480701] Đã xử lý ảnh thành công. Kích thước tensor: (1, 48, 48, 1)
2026-05-23 17:34:40,776 | INFO     | [480701] 📊 Chi tiết dự đoán: {'ANGRY': 2.75, 'DISGUST': 0.03, 'FEAR': 4.16, 'HAPPY': 22.74, 'NEUTRAL': 32.25, 'SAD': 37.59, 'SURPRISE': 0.48}
2026-05-23 17:34:40,777 | INFO     | [480701] 🎯 KẾT QUẢ CHỐT: SAD (37.59%)
2026-05-23 17:34:40,777 | INFO     | [480701] ⏱️ Thời gian phản hồi: 75.83 ms
2026-05-23 17:34:40,793 | INFO     | [480793] ------------------------------------------
2026-05-23 17:34:40,796 | INFO     | [480793] 📥 NHẬN YÊU CẦU QUÉT KHUÔN MẶT MỚI
2026-05-23 17:34:40,816 | INFO     | [480793] Đã xử lý ảnh thành công. Kích thước tensor: (1, 48, 48, 1)
2026-05-23 17:34:40,893 | INFO     | [480793] 📊 Chi tiết dự đoán: {'ANGRY': 3.27, 'DISGUST': 0.04, 'FEAR': 4.64, 'HAPPY': 13.85, 'NEUTRAL': 39.05, 'SAD': 38.53, 'SURPRISE': 0.62}
2026-05-23 17:34:40,893 | INFO     | [480793] 🎯 KẾT QUẢ CHỐT: NEUTRAL (39.05%)
2026-05-23 17:34:40,893 | INFO     | [480793] ⏱️ Thời gian phản hồi: 99.3 ms
2026-05-23 17:34:40,903 | INFO     | [480903] ------------------------------------------
2026-05-23 17:34:40,903 | INFO     | [480903] 📥 NHẬN YÊU CẦU QUÉT KHUÔN MẶT MỚI
2026-05-23 17:34:40,904 | INFO     | [480903] Đã xử lý ảnh thành công. Kích thước tensor: (1, 48, 48, 1)
2026-05-23 17:34:40,975 | INFO     | [480903] 📊 Chi tiết dự đoán: {'ANGRY': 2.99, 'DISGUST': 0.04, 'FEAR': 4.53, 'HAPPY': 16.93, 'NEUTRAL': 36.19, 'SAD': 38.68, 'SURPRISE': 0.64}
2026-05-23 17:34:40,975 | INFO     | [480903] 🎯 KẾT QUẢ CHỐT: SAD (38.68%)
2026-05-23 17:34:40,976 | INFO     | [480903] ⏱️ Thời gian phản hồi: 72.43 ms
2026-05-23 17:34:40,996 | INFO     | [480996] ------------------------------------------
2026-05-23 17:34:40,996 | INFO     | [480996] 📥 NHẬN YÊU CẦU QUÉT KHUÔN MẶT MỚI
2026-05-23 17:34:40,997 | INFO     | [480996] Đã xử lý ảnh thành công. Kích thước tensor: (1, 48, 48, 1)
2026-05-23 17:34:41,067 | INFO     | [480996] 📊 Chi tiết dự đoán: {'ANGRY': 3.25, 'DISGUST': 0.04, 'FEAR': 4.82, 'HAPPY': 19.11, 'NEUTRAL': 36.13, 'SAD': 36.02, 'SURPRISE': 0.63}
2026-05-23 17:34:41,067 | INFO     | [480996] 🎯 KẾT QUẢ CHỐT: NEUTRAL (36.13%)
2026-05-23 17:34:41,067 | INFO     | [480996] ⏱️ Thời gian phản hồi: 71.21 ms
2026-05-23 17:34:41,106 | INFO     | [481106] ------------------------------------------
2026-05-23 17:34:41,107 | INFO     | [481106] 📥 NHẬN YÊU CẦU QUÉT KHUÔN MẶT MỚI
2026-05-23 17:34:41,108 | INFO     | [481106] Đã xử lý ảnh thành công. Kích thước tensor: (1, 48, 48, 1)
2026-05-23 17:34:41,175 | INFO     | [481106] 📊 Chi tiết dự đoán: {'ANGRY': 3.07, 'DISGUST': 0.03, 'FEAR': 4.49, 'HAPPY': 24.97, 'NEUTRAL': 33.5, 'SAD': 33.2, 'SURPRISE': 0.73}
2026-05-23 17:34:41,175 | INFO     | [481106] 🎯 KẾT QUẢ CHỐT: NEUTRAL (33.50%)
2026-05-23 17:34:41,175 | INFO     | [481106] ⏱️ Thời gian phản hồi: 69.18 ms
2026-05-23 17:34:41,198 | INFO     | [481198] ------------------------------------------
2026-05-23 17:34:41,200 | INFO     | [481198] 📥 NHẬN YÊU CẦU QUÉT KHUÔN MẶT MỚI
2026-05-23 17:34:41,200 | INFO     | [481198] Đã xử lý ảnh thành công. Kích thước tensor: (1, 48, 48, 1)
2026-05-23 17:34:41,273 | INFO     | [481198] 📊 Chi tiết dự đoán: {'ANGRY': 3.57, 'DISGUST': 0.04, 'FEAR': 4.71, 'HAPPY': 17.49, 'NEUTRAL': 38.88, 'SAD': 34.68, 'SURPRISE': 0.64}
2026-05-23 17:34:41,274 | INFO     | [481198] 🎯 KẾT QUẢ CHỐT: NEUTRAL (38.88%)
2026-05-23 17:34:41,274 | INFO     | [481198] ⏱️ Thời gian phản hồi: 74.47 ms
2026-05-23 17:34:41,307 | INFO     | [481307] ------------------------------------------
2026-05-23 17:34:41,308 | INFO     | [481307] 📥 NHẬN YÊU CẦU QUÉT KHUÔN MẶT MỚI
2026-05-23 17:34:41,308 | INFO     | [481307] Đã xử lý ảnh thành công. Kích thước tensor: (1, 48, 48, 1)
2026-05-23 17:34:41,383 | INFO     | [481307] 📊 Chi tiết dự đoán: {'ANGRY': 3.01, 'DISGUST': 0.03, 'FEAR': 3.35, 'HAPPY': 29.49, 'NEUTRAL': 38.65, 'SAD': 25.03, 'SURPRISE': 0.44}
2026-05-23 17:34:41,383 | INFO     | [481307] 🎯 KẾT QUẢ CHỐT: NEUTRAL (38.65%)
2026-05-23 17:34:41,383 | INFO     | [481307] ⏱️ Thời gian phản hồi: 76.82 ms
2026-05-23 17:34:41,399 | INFO     | [481399] ------------------------------------------
2026-05-23 17:34:41,399 | INFO     | [481399] 📥 NHẬN YÊU CẦU QUÉT KHUÔN MẶT MỚI
2026-05-23 17:34:41,400 | INFO     | [481399] Đã xử lý ảnh thành công. Kích thước tensor: (1, 48, 48, 1)
2026-05-23 17:34:41,476 | INFO     | [481399] 📊 Chi tiết dự đoán: {'ANGRY': 2.86, 'DISGUST': 0.03, 'FEAR': 2.75, 'HAPPY': 40.39, 'NEUTRAL': 31.51, 'SAD': 21.97, 'SURPRISE': 0.49}
2026-05-23 17:34:41,478 | INFO     | [481399] 🎯 KẾT QUẢ CHỐT: HAPPY (40.39%)
2026-05-23 17:34:41,478 | INFO     | [481399] ⏱️ Thời gian phản hồi: 76.84 ms
2026-05-23 17:34:41,507 | INFO     | [481507] ------------------------------------------
2026-05-23 17:34:41,507 | INFO     | [481507] 📥 NHẬN YÊU CẦU QUÉT KHUÔN MẶT MỚI
2026-05-23 17:34:41,508 | INFO     | [481507] Đã xử lý ảnh thành công. Kích thước tensor: (1, 48, 48, 1)
2026-05-23 17:34:41,576 | INFO     | [481507] 📊 Chi tiết dự đoán: {'ANGRY': 3.37, 'DISGUST': 0.04, 'FEAR': 4.14, 'HAPPY': 21.0, 'NEUTRAL': 41.01, 'SAD': 29.76, 'SURPRISE': 0.67}
2026-05-23 17:34:41,576 | INFO     | [481507] 🎯 KẾT QUẢ CHỐT: NEUTRAL (41.01%)
2026-05-23 17:34:41,576 | INFO     | [481507] ⏱️ Thời gian phản hồi: 69.45 ms
2026-05-23 17:34:41,602 | INFO     | [481602] ------------------------------------------
2026-05-23 17:34:41,602 | INFO     | [481602] 📥 NHẬN YÊU CẦU QUÉT KHUÔN MẶT MỚI
2026-05-23 17:34:41,603 | INFO     | [481602] Đã xử lý ảnh thành công. Kích thước tensor: (1, 48, 48, 1)
2026-05-23 17:34:41,681 | INFO     | [481602] 📊 Chi tiết dự đoán: {'ANGRY': 2.7, 'DISGUST': 0.03, 'FEAR': 3.41, 'HAPPY': 30.25, 'NEUTRAL': 37.13, 'SAD': 25.84, 'SURPRISE': 0.64}
2026-05-23 17:34:41,682 | INFO     | [481602] 🎯 KẾT QUẢ CHỐT: NEUTRAL (37.13%)
2026-05-23 17:34:41,682 | INFO     | [481602] ⏱️ Thời gian phản hồi: 79.19 ms
2026-05-23 17:34:41,695 | INFO     | [481695] ------------------------------------------
2026-05-23 17:34:41,695 | INFO     | [481695] 📥 NHẬN YÊU CẦU QUÉT KHUÔN MẶT MỚI
2026-05-23 17:34:41,697 | INFO     | [481695] Đã xử lý ảnh thành công. Kích thước tensor: (1, 48, 48, 1)
2026-05-23 17:34:41,760 | INFO     | [481695] 📊 Chi tiết dự đoán: {'ANGRY': 2.9, 'DISGUST': 0.03, 'FEAR': 3.85, 'HAPPY': 27.5, 'NEUTRAL': 37.51, 'SAD': 27.44, 'SURPRISE': 0.76}
2026-05-23 17:34:41,760 | INFO     | [481695] 🎯 KẾT QUẢ CHỐT: NEUTRAL (37.51%)
2026-05-23 17:34:41,760 | INFO     | [481695] ⏱️ Thời gian phản hồi: 64.41 ms
2026-05-23 17:34:41,803 | INFO     | [481803] ------------------------------------------
2026-05-23 17:34:41,805 | INFO     | [481803] 📥 NHẬN YÊU CẦU QUÉT KHUÔN MẶT MỚI
2026-05-23 17:34:41,805 | INFO     | [481803] Đã xử lý ảnh thành công. Kích thước tensor: (1, 48, 48, 1)
2026-05-23 17:34:41,874 | INFO     | [481803] 📊 Chi tiết dự đoán: {'ANGRY': 3.18, 'DISGUST': 0.03, 'FEAR': 4.62, 'HAPPY': 19.89, 'NEUTRAL': 38.0, 'SAD': 33.51, 'SURPRISE': 0.77}
2026-05-23 17:34:41,874 | INFO     | [481803] 🎯 KẾT QUẢ CHỐT: NEUTRAL (38.00%)
2026-05-23 17:34:41,874 | INFO     | [481803] ⏱️ Thời gian phản hồi: 71.58 ms
2026-05-23 17:34:41,912 | INFO     | [481912] ------------------------------------------
2026-05-23 17:34:41,912 | INFO     | [481912] 📥 NHẬN YÊU CẦU QUÉT KHUÔN MẶT MỚI
2026-05-23 17:34:41,913 | INFO     | [481912] Đã xử lý ảnh thành công. Kích thước tensor: (1, 48, 48, 1)
2026-05-23 17:34:41,977 | INFO     | [481912] 📊 Chi tiết dự đoán: {'ANGRY': 2.95, 'DISGUST': 0.03, 'FEAR': 4.66, 'HAPPY': 17.5, 'NEUTRAL': 37.95, 'SAD': 36.15, 'SURPRISE': 0.75}
2026-05-23 17:34:41,977 | INFO     | [481912] 🎯 KẾT QUẢ CHỐT: NEUTRAL (37.95%)
2026-05-23 17:34:41,977 | INFO     | [481912] ⏱️ Thời gian phản hồi: 63.8 ms
2026-05-23 17:34:42,007 | INFO     | [482006] ------------------------------------------
2026-05-23 17:34:42,007 | INFO     | [482006] 📥 NHẬN YÊU CẦU QUÉT KHUÔN MẶT MỚI
2026-05-23 17:34:42,007 | INFO     | [482006] Đã xử lý ảnh thành công. Kích thước tensor: (1, 48, 48, 1)
2026-05-23 17:34:42,083 | INFO     | [482006] 📊 Chi tiết dự đoán: {'ANGRY': 3.22, 'DISGUST': 0.04, 'FEAR': 5.68, 'HAPPY': 15.91, 'NEUTRAL': 36.66, 'SAD': 37.67, 'SURPRISE': 0.82}
2026-05-23 17:34:42,083 | INFO     | [482006] 🎯 KẾT QUẢ CHỐT: SAD (37.67%)
2026-05-23 17:34:42,083 | INFO     | [482006] ⏱️ Thời gian phản hồi: 76.51 ms
2026-05-23 17:34:42,099 | INFO     | [482099] ------------------------------------------
2026-05-23 17:34:42,101 | INFO     | [482099] 📥 NHẬN YÊU CẦU QUÉT KHUÔN MẶT MỚI
2026-05-23 17:34:42,101 | INFO     | [482099] Đã xử lý ảnh thành công. Kích thước tensor: (1, 48, 48, 1)
2026-05-23 17:34:42,162 | INFO     | [482099] 📊 Chi tiết dự đoán: {'ANGRY': 3.03, 'DISGUST': 0.04, 'FEAR': 4.76, 'HAPPY': 19.64, 'NEUTRAL': 36.86, 'SAD': 34.83, 'SURPRISE': 0.85}
2026-05-23 17:34:42,163 | INFO     | [482099] 🎯 KẾT QUẢ CHỐT: NEUTRAL (36.86%)
2026-05-23 17:34:42,163 | INFO     | [482099] ⏱️ Thời gian phản hồi: 62.97 ms
2026-05-23 17:34:42,207 | INFO     | [482207] ------------------------------------------
2026-05-23 17:34:42,207 | INFO     | [482207] 📥 NHẬN YÊU CẦU QUÉT KHUÔN MẶT MỚI
2026-05-23 17:34:42,208 | INFO     | [482207] Đã xử lý ảnh thành công. Kích thước tensor: (1, 48, 48, 1)
2026-05-23 17:34:42,270 | INFO     | [482207] 📊 Chi tiết dự đoán: {'ANGRY': 3.04, 'DISGUST': 0.04, 'FEAR': 4.82, 'HAPPY': 20.8, 'NEUTRAL': 36.26, 'SAD': 34.31, 'SURPRISE': 0.73}
2026-05-23 17:34:42,270 | INFO     | [482207] 🎯 KẾT QUẢ CHỐT: NEUTRAL (36.26%)
2026-05-23 17:34:42,272 | INFO     | [482207] ⏱️ Thời gian phản hồi: 62.98 ms
2026-05-23 17:34:42,302 | INFO     | [482302] ------------------------------------------
2026-05-23 17:34:42,302 | INFO     | [482302] 📥 NHẬN YÊU CẦU QUÉT KHUÔN MẶT MỚI
2026-05-23 17:34:42,303 | INFO     | [482302] Đã xử lý ảnh thành công. Kích thước tensor: (1, 48, 48, 1)
2026-05-23 17:34:42,386 | INFO     | [482302] 📊 Chi tiết dự đoán: {'ANGRY': 2.67, 'DISGUST': 0.03, 'FEAR': 4.49, 'HAPPY': 19.85, 'NEUTRAL': 37.09, 'SAD': 35.07, 'SURPRISE': 0.8}
2026-05-23 17:34:42,386 | INFO     | [482302] 🎯 KẾT QUẢ CHỐT: NEUTRAL (37.09%)
2026-05-23 17:34:42,386 | INFO     | [482302] ⏱️ Thời gian phản hồi: 84.24 ms
2026-05-23 17:34:42,409 | INFO     | [482409] ------------------------------------------
2026-05-23 17:34:42,409 | INFO     | [482409] 📥 NHẬN YÊU CẦU QUÉT KHUÔN MẶT MỚI
2026-05-23 17:34:42,410 | INFO     | [482409] Đã xử lý ảnh thành công. Kích thước tensor: (1, 48, 48, 1)
2026-05-23 17:34:42,479 | INFO     | [482409] 📊 Chi tiết dự đoán: {'ANGRY': 3.08, 'DISGUST': 0.04, 'FEAR': 4.94, 'HAPPY': 21.47, 'NEUTRAL': 35.82, 'SAD': 33.79, 'SURPRISE': 0.87}
2026-05-23 17:34:42,480 | INFO     | [482409] 🎯 KẾT QUẢ CHỐT: NEUTRAL (35.82%)
2026-05-23 17:34:42,480 | INFO     | [482409] ⏱️ Thời gian phản hồi: 69.81 ms
2026-05-23 17:34:42,501 | INFO     | [482501] ------------------------------------------
2026-05-23 17:34:42,503 | INFO     | [482501] 📥 NHẬN YÊU CẦU QUÉT KHUÔN MẶT MỚI
2026-05-23 17:34:42,503 | INFO     | [482501] Đã xử lý ảnh thành công. Kích thước tensor: (1, 48, 48, 1)
2026-05-23 17:34:42,605 | INFO     | [482501] 📊 Chi tiết dự đoán: {'ANGRY': 3.34, 'DISGUST': 0.05, 'FEAR': 4.74, 'HAPPY': 16.13, 'NEUTRAL': 37.96, 'SAD': 37.08, 'SURPRISE': 0.7}
2026-05-23 17:34:42,606 | INFO     | [482501] 🎯 KẾT QUẢ CHỐT: NEUTRAL (37.96%)
2026-05-23 17:34:42,606 | INFO     | [482501] ⏱️ Thời gian phản hồi: 103.77 ms
2026-05-23 17:34:42,620 | INFO     | [BATCH-482619] ==========================================
2026-05-23 17:34:42,620 | INFO     | [BATCH-482619] 🎞️ NHẬN CHUỖI 60 KHUNG HÌNH (BATCH)
2026-05-23 17:34:42,702 | INFO     | [BATCH-482619] ↳ Frame 1/60: HAPPY (36.3%)
2026-05-23 17:34:42,778 | INFO     | [BATCH-482619] ↳ Frame 2/60: SAD (34.7%)
2026-05-23 17:34:42,868 | INFO     | [BATCH-482619] ↳ Frame 3/60: HAPPY (46.2%)
2026-05-23 17:34:42,955 | INFO     | [BATCH-482619] ↳ Frame 4/60: HAPPY (40.5%)
2026-05-23 17:34:43,047 | INFO     | [BATCH-482619] ↳ Frame 5/60: HAPPY (40.9%)
2026-05-23 17:34:43,123 | INFO     | [BATCH-482619] ↳ Frame 6/60: HAPPY (41.5%)
2026-05-23 17:34:43,241 | INFO     | [BATCH-482619] ↳ Frame 7/60: SAD (35.6%)
2026-05-23 17:34:43,332 | INFO     | [BATCH-482619] ↳ Frame 8/60: HAPPY (54.3%)
2026-05-23 17:34:43,425 | INFO     | [BATCH-482619] ↳ Frame 9/60: SAD (37.9%)
2026-05-23 17:34:43,527 | INFO     | [BATCH-482619] ↳ Frame 10/60: HAPPY (53.8%)
2026-05-23 17:34:43,617 | INFO     | [BATCH-482619] ↳ Frame 11/60: HAPPY (35.7%)
2026-05-23 17:34:43,721 | INFO     | [BATCH-482619] ↳ Frame 12/60: HAPPY (40.5%)
2026-05-23 17:34:43,798 | INFO     | [BATCH-482619] ↳ Frame 13/60: HAPPY (53.7%)
2026-05-23 17:34:43,871 | INFO     | [BATCH-482619] ↳ Frame 14/60: HAPPY (50.4%)
2026-05-23 17:34:43,941 | INFO     | [BATCH-482619] ↳ Frame 15/60: HAPPY (36.8%)
2026-05-23 17:34:44,026 | INFO     | [BATCH-482619] ↳ Frame 16/60: HAPPY (48.9%)
2026-05-23 17:34:44,094 | INFO     | [BATCH-482619] ↳ Frame 17/60: HAPPY (53.8%)
2026-05-23 17:34:44,160 | INFO     | [BATCH-482619] ↳ Frame 18/60: HAPPY (38.7%)
2026-05-23 17:34:44,226 | INFO     | [BATCH-482619] ↳ Frame 19/60: HAPPY (44.5%)
2026-05-23 17:34:44,303 | INFO     | [BATCH-482619] ↳ Frame 20/60: SAD (37.4%)
2026-05-23 17:34:44,386 | INFO     | [BATCH-482619] ↳ Frame 21/60: HAPPY (47.3%)
2026-05-23 17:34:44,451 | INFO     | [BATCH-482619] ↳ Frame 22/60: HAPPY (39.7%)
2026-05-23 17:34:44,517 | INFO     | [BATCH-482619] ↳ Frame 23/60: SAD (38.1%)
2026-05-23 17:34:44,595 | INFO     | [BATCH-482619] ↳ Frame 24/60: SAD (35.0%)
2026-05-23 17:34:44,665 | INFO     | [BATCH-482619] ↳ Frame 25/60: SAD (36.0%)
2026-05-23 17:34:44,748 | INFO     | [BATCH-482619] ↳ Frame 26/60: HAPPY (40.7%)
2026-05-23 17:34:44,816 | INFO     | [BATCH-482619] ↳ Frame 27/60: SAD (40.5%)
2026-05-23 17:34:44,886 | INFO     | [BATCH-482619] ↳ Frame 28/60: SAD (39.9%)
2026-05-23 17:34:44,956 | INFO     | [BATCH-482619] ↳ Frame 29/60: SAD (34.8%)
2026-05-23 17:34:45,026 | INFO     | [BATCH-482619] ↳ Frame 30/60: SAD (34.2%)
2026-05-23 17:34:45,089 | INFO     | [BATCH-482619] ↳ Frame 31/60: HAPPY (35.5%)
2026-05-23 17:34:45,157 | INFO     | [BATCH-482619] ↳ Frame 32/60: HAPPY (32.6%)
2026-05-23 17:34:45,226 | INFO     | [BATCH-482619] ↳ Frame 33/60: HAPPY (34.8%)
2026-05-23 17:34:45,291 | INFO     | [BATCH-482619] ↳ Frame 34/60: SAD (34.9%)
2026-05-23 17:34:45,366 | INFO     | [BATCH-482619] ↳ Frame 35/60: SAD (32.4%)
2026-05-23 17:34:45,438 | INFO     | [BATCH-482619] ↳ Frame 36/60: HAPPY (47.3%)
2026-05-23 17:34:45,504 | INFO     | [BATCH-482619] ↳ Frame 37/60: SAD (33.9%)
2026-05-23 17:34:45,567 | INFO     | [BATCH-482619] ↳ Frame 38/60: HAPPY (33.2%)
2026-05-23 17:34:45,634 | INFO     | [BATCH-482619] ↳ Frame 39/60: HAPPY (49.3%)
2026-05-23 17:34:45,703 | INFO     | [BATCH-482619] ↳ Frame 40/60: HAPPY (56.2%)
2026-05-23 17:34:45,773 | INFO     | [BATCH-482619] ↳ Frame 41/60: HAPPY (38.4%)
2026-05-23 17:34:45,836 | INFO     | [BATCH-482619] ↳ Frame 42/60: HAPPY (48.8%)
2026-05-23 17:34:45,906 | INFO     | [BATCH-482619] ↳ Frame 43/60: HAPPY (54.3%)
2026-05-23 17:34:45,967 | INFO     | [BATCH-482619] ↳ Frame 44/60: SAD (34.7%)
2026-05-23 17:34:46,038 | INFO     | [BATCH-482619] ↳ Frame 45/60: SAD (35.3%)
2026-05-23 17:34:46,106 | INFO     | [BATCH-482619] ↳ Frame 46/60: HAPPY (41.7%)
2026-05-23 17:34:46,175 | INFO     | [BATCH-482619] ↳ Frame 47/60: HAPPY (38.2%)
2026-05-23 17:34:46,241 | INFO     | [BATCH-482619] ↳ Frame 48/60: HAPPY (42.5%)
2026-05-23 17:34:46,302 | INFO     | [BATCH-482619] ↳ Frame 49/60: HAPPY (35.8%)
2026-05-23 17:34:46,372 | INFO     | [BATCH-482619] ↳ Frame 50/60: HAPPY (38.3%)
2026-05-23 17:34:46,440 | INFO     | [BATCH-482619] ↳ Frame 51/60: HAPPY (42.3%)
2026-05-23 17:34:46,516 | INFO     | [BATCH-482619] ↳ Frame 52/60: HAPPY (37.3%)
2026-05-23 17:34:46,576 | INFO     | [BATCH-482619] ↳ Frame 53/60: HAPPY (49.8%)
2026-05-23 17:34:46,647 | INFO     | [BATCH-482619] ↳ Frame 54/60: HAPPY (60.1%)
2026-05-23 17:34:46,725 | INFO     | [BATCH-482619] ↳ Frame 55/60: HAPPY (41.3%)
2026-05-23 17:34:46,792 | INFO     | [BATCH-482619] ↳ Frame 56/60: SAD (36.1%)
2026-05-23 17:34:46,864 | INFO     | [BATCH-482619] ↳ Frame 57/60: HAPPY (41.9%)
2026-05-23 17:34:46,926 | INFO     | [BATCH-482619] ↳ Frame 58/60: SAD (38.5%)
2026-05-23 17:34:46,991 | INFO     | [BATCH-482619] ↳ Frame 59/60: SAD (35.6%)
2026-05-23 17:34:47,058 | INFO     | [BATCH-482619] ↳ Frame 60/60: HAPPY (36.8%)
2026-05-23 17:34:47,058 | INFO     | [BATCH-482619] 🎯 KẾT QUẢ CHUỖI: HAPPY (Tần suất: {'HAPPY': 41, 'SAD': 19})
2026-05-23 17:34:47,058 | INFO     | [BATCH-482619] ⏱️ Tổng thời gian xử lý: 4438.74 ms
2026-05-23 17:34:49,791 | INFO     | [489791] ------------------------------------------
2026-05-23 17:34:49,791 | INFO     | [489791] 📥 NHẬN YÊU CẦU QUÉT KHUÔN MẶT MỚI
2026-05-23 17:34:49,792 | INFO     | [489791] Đã xử lý ảnh thành công. Kích thước tensor: (1, 48, 48, 1)
2026-05-23 17:34:49,888 | INFO     | [489791] 📊 Chi tiết dự đoán: {'ANGRY': 3.13, 'DISGUST': 0.04, 'FEAR': 6.31, 'HAPPY': 10.81, 'NEUTRAL': 26.66, 'SAD': 51.75, 'SURPRISE': 1.29}
2026-05-23 17:34:49,888 | INFO     | [489791] 🎯 KẾT QUẢ CHỐT: SAD (51.75%)
2026-05-23 17:34:49,888 | INFO     | [489791] ⏱️ Thời gian phản hồi: 96.79 ms
2026-05-23 17:34:49,890 | INFO     | [489890] ------------------------------------------
2026-05-23 17:34:49,891 | INFO     | [489890] 📥 NHẬN YÊU CẦU QUÉT KHUÔN MẶT MỚI
2026-05-23 17:34:49,892 | INFO     | [489890] Đã xử lý ảnh thành công. Kích thước tensor: (1, 48, 48, 1)
2026-05-23 17:34:49,984 | INFO     | [489890] 📊 Chi tiết dự đoán: {'ANGRY': 3.13, 'DISGUST': 0.04, 'FEAR': 6.31, 'HAPPY': 10.81, 'NEUTRAL': 26.66, 'SAD': 51.75, 'SURPRISE': 1.29}
2026-05-23 17:34:49,985 | INFO     | [489890] 🎯 KẾT QUẢ CHỐT: SAD (51.75%)
2026-05-23 17:34:49,985 | INFO     | [489890] ⏱️ Thời gian phản hồi: 93.97 ms
2026-05-23 17:34:49,986 | INFO     | [489986] ------------------------------------------
2026-05-23 17:34:49,988 | INFO     | [489986] 📥 NHẬN YÊU CẦU QUÉT KHUÔN MẶT MỚI
2026-05-23 17:34:49,988 | INFO     | [489986] Đã xử lý ảnh thành công. Kích thước tensor: (1, 48, 48, 1)
2026-05-23 17:34:50,074 | INFO     | [489986] 📊 Chi tiết dự đoán: {'ANGRY': 3.33, 'DISGUST': 0.05, 'FEAR': 5.94, 'HAPPY': 11.39, 'NEUTRAL': 25.19, 'SAD': 53.01, 'SURPRISE': 1.09}
2026-05-23 17:34:50,075 | INFO     | [489986] 🎯 KẾT QUẢ CHỐT: SAD (53.01%)
2026-05-23 17:34:50,075 | INFO     | [489986] ⏱️ Thời gian phản hồi: 87.41 ms
2026-05-23 17:34:50,077 | INFO     | [490077] ------------------------------------------
2026-05-23 17:34:50,077 | INFO     | [490077] 📥 NHẬN YÊU CẦU QUÉT KHUÔN MẶT MỚI
2026-05-23 17:34:50,078 | INFO     | [490077] Đã xử lý ảnh thành công. Kích thước tensor: (1, 48, 48, 1)
2026-05-23 17:34:50,184 | INFO     | [490077] 📊 Chi tiết dự đoán: {'ANGRY': 4.02, 'DISGUST': 0.06, 'FEAR': 6.8, 'HAPPY': 8.79, 'NEUTRAL': 26.19, 'SAD': 52.27, 'SURPRISE': 1.87}
2026-05-23 17:34:50,184 | INFO     | [490077] 🎯 KẾT QUẢ CHỐT: SAD (52.27%)
2026-05-23 17:34:50,184 | INFO     | [490077] ⏱️ Thời gian phản hồi: 106.96 ms
2026-05-23 17:34:50,186 | INFO     | [490186] ------------------------------------------
2026-05-23 17:34:50,186 | INFO     | [490186] 📥 NHẬN YÊU CẦU QUÉT KHUÔN MẶT MỚI
2026-05-23 17:34:50,187 | INFO     | [490186] Đã xử lý ảnh thành công. Kích thước tensor: (1, 48, 48, 1)
2026-05-23 17:34:50,262 | INFO     | [490186] 📊 Chi tiết dự đoán: {'ANGRY': 3.8, 'DISGUST': 0.05, 'FEAR': 6.48, 'HAPPY': 6.94, 'NEUTRAL': 30.6, 'SAD': 50.95, 'SURPRISE': 1.18}
2026-05-23 17:34:50,262 | INFO     | [490186] 🎯 KẾT QUẢ CHỐT: SAD (50.95%)
2026-05-23 17:34:50,262 | INFO     | [490186] ⏱️ Thời gian phản hồi: 76.58 ms
2026-05-23 17:34:50,265 | INFO     | [490265] ------------------------------------------
2026-05-23 17:34:50,265 | INFO     | [490265] 📥 NHẬN YÊU CẦU QUÉT KHUÔN MẶT MỚI
2026-05-23 17:34:50,266 | INFO     | [490265] Đã xử lý ảnh thành công. Kích thước tensor: (1, 48, 48, 1)
2026-05-23 17:34:50,348 | INFO     | [490265] 📊 Chi tiết dự đoán: {'ANGRY': 3.06, 'DISGUST': 0.04, 'FEAR': 6.25, 'HAPPY': 7.92, 'NEUTRAL': 26.74, 'SAD': 54.87, 'SURPRISE': 1.12}
2026-05-23 17:34:50,348 | INFO     | [490265] 🎯 KẾT QUẢ CHỐT: SAD (54.87%)
2026-05-23 17:34:50,349 | INFO     | [490265] ⏱️ Thời gian phản hồi: 83.31 ms
2026-05-23 17:34:50,352 | INFO     | [490352] ------------------------------------------
2026-05-23 17:34:50,352 | INFO     | [490352] 📥 NHẬN YÊU CẦU QUÉT KHUÔN MẶT MỚI
2026-05-23 17:34:50,353 | INFO     | [490352] Đã xử lý ảnh thành công. Kích thước tensor: (1, 48, 48, 1)
2026-05-23 17:34:50,422 | INFO     | [490352] 📊 Chi tiết dự đoán: {'ANGRY': 3.49, 'DISGUST': 0.05, 'FEAR': 5.91, 'HAPPY': 11.39, 'NEUTRAL': 28.75, 'SAD': 49.31, 'SURPRISE': 1.1}
2026-05-23 17:34:50,422 | INFO     | [490352] 🎯 KẾT QUẢ CHỐT: SAD (49.31%)
2026-05-23 17:34:50,422 | INFO     | [490352] ⏱️ Thời gian phản hồi: 70.86 ms
2026-05-23 17:34:50,427 | INFO     | [490427] ------------------------------------------
2026-05-23 17:34:50,427 | INFO     | [490427] 📥 NHẬN YÊU CẦU QUÉT KHUÔN MẶT MỚI
2026-05-23 17:34:50,427 | INFO     | [490427] Đã xử lý ảnh thành công. Kích thước tensor: (1, 48, 48, 1)
2026-05-23 17:34:50,504 | INFO     | [490427] 📊 Chi tiết dự đoán: {'ANGRY': 3.87, 'DISGUST': 0.06, 'FEAR': 6.32, 'HAPPY': 7.82, 'NEUTRAL': 27.25, 'SAD': 53.44, 'SURPRISE': 1.25}
2026-05-23 17:34:50,504 | INFO     | [490427] 🎯 KẾT QUẢ CHỐT: SAD (53.44%)
2026-05-23 17:34:50,506 | INFO     | [490427] ⏱️ Thời gian phản hồi: 77.31 ms
2026-05-23 17:34:50,524 | INFO     | [490524] ------------------------------------------
2026-05-23 17:34:50,524 | INFO     | [490524] 📥 NHẬN YÊU CẦU QUÉT KHUÔN MẶT MỚI
2026-05-23 17:34:50,525 | INFO     | [490524] Đã xử lý ảnh thành công. Kích thước tensor: (1, 48, 48, 1)
2026-05-23 17:34:50,618 | INFO     | [490524] 📊 Chi tiết dự đoán: {'ANGRY': 3.91, 'DISGUST': 0.06, 'FEAR': 6.48, 'HAPPY': 12.56, 'NEUTRAL': 27.11, 'SAD': 48.56, 'SURPRISE': 1.31}
2026-05-23 17:34:50,618 | INFO     | [490524] 🎯 KẾT QUẢ CHỐT: SAD (48.56%)
2026-05-23 17:34:50,619 | INFO     | [490524] ⏱️ Thời gian phản hồi: 94.73 ms
2026-05-23 17:34:50,648 | INFO     | [490648] ------------------------------------------
2026-05-23 17:34:50,648 | INFO     | [490648] 📥 NHẬN YÊU CẦU QUÉT KHUÔN MẶT MỚI
2026-05-23 17:34:50,650 | INFO     | [490648] Đã xử lý ảnh thành công. Kích thước tensor: (1, 48, 48, 1)
2026-05-23 17:34:50,742 | INFO     | [490648] 📊 Chi tiết dự đoán: {'ANGRY': 2.94, 'DISGUST': 0.04, 'FEAR': 5.42, 'HAPPY': 10.82, 'NEUTRAL': 24.3, 'SAD': 55.73, 'SURPRISE': 0.75}
2026-05-23 17:34:50,743 | INFO     | [490648] 🎯 KẾT QUẢ CHỐT: SAD (55.73%)
2026-05-23 17:34:50,743 | INFO     | [490648] ⏱️ Thời gian phản hồi: 93.6 ms
2026-05-23 17:34:50,747 | INFO     | [490747] ------------------------------------------
2026-05-23 17:34:50,748 | INFO     | [490747] 📥 NHẬN YÊU CẦU QUÉT KHUÔN MẶT MỚI
2026-05-23 17:34:50,749 | INFO     | [490747] Đã xử lý ảnh thành công. Kích thước tensor: (1, 48, 48, 1)
2026-05-23 17:34:50,833 | INFO     | [490747] 📊 Chi tiết dự đoán: {'ANGRY': 2.84, 'DISGUST': 0.04, 'FEAR': 5.22, 'HAPPY': 17.36, 'NEUTRAL': 21.94, 'SAD': 51.86, 'SURPRISE': 0.73}
2026-05-23 17:34:50,833 | INFO     | [490747] 🎯 KẾT QUẢ CHỐT: SAD (51.86%)
2026-05-23 17:34:50,833 | INFO     | [490747] ⏱️ Thời gian phản hồi: 86.17 ms
2026-05-23 17:34:50,929 | INFO     | [490929] ------------------------------------------
2026-05-23 17:34:50,929 | INFO     | [490929] 📥 NHẬN YÊU CẦU QUÉT KHUÔN MẶT MỚI
2026-05-23 17:34:50,930 | INFO     | [490929] Đã xử lý ảnh thành công. Kích thước tensor: (1, 48, 48, 1)
2026-05-23 17:34:51,032 | INFO     | [490929] 📊 Chi tiết dự đoán: {'ANGRY': 4.96, 'DISGUST': 0.05, 'FEAR': 5.56, 'HAPPY': 22.06, 'NEUTRAL': 25.91, 'SAD': 39.41, 'SURPRISE': 2.05}
2026-05-23 17:34:51,032 | INFO     | [490929] 🎯 KẾT QUẢ CHỐT: SAD (39.41%)
2026-05-23 17:34:51,033 | INFO     | [490929] ⏱️ Thời gian phản hồi: 102.85 ms
2026-05-23 17:34:51,035 | INFO     | [491035] ------------------------------------------
2026-05-23 17:34:51,035 | INFO     | [491035] 📥 NHẬN YÊU CẦU QUÉT KHUÔN MẶT MỚI
2026-05-23 17:34:51,037 | INFO     | [491035] Đã xử lý ảnh thành công. Kích thước tensor: (1, 48, 48, 1)
2026-05-23 17:34:51,175 | INFO     | [491035] 📊 Chi tiết dự đoán: {'ANGRY': 5.42, 'DISGUST': 0.04, 'FEAR': 4.34, 'HAPPY': 40.0, 'NEUTRAL': 15.87, 'SAD': 31.27, 'SURPRISE': 3.06}
2026-05-23 17:34:51,176 | INFO     | [491035] 🎯 KẾT QUẢ CHỐT: HAPPY (40.00%)
2026-05-23 17:34:51,176 | INFO     | [491035] ⏱️ Thời gian phản hồi: 140.02 ms
2026-05-23 17:34:51,181 | INFO     | [491181] ------------------------------------------
2026-05-23 17:34:51,182 | INFO     | [491181] 📥 NHẬN YÊU CẦU QUÉT KHUÔN MẶT MỚI
2026-05-23 17:34:51,184 | INFO     | [491181] Đã xử lý ảnh thành công. Kích thước tensor: (1, 48, 48, 1)
2026-05-23 17:34:51,299 | INFO     | [491181] 📊 Chi tiết dự đoán: {'ANGRY': 7.03, 'DISGUST': 0.06, 'FEAR': 5.03, 'HAPPY': 38.28, 'NEUTRAL': 14.75, 'SAD': 31.0, 'SURPRISE': 3.85}
2026-05-23 17:34:51,300 | INFO     | [491181] 🎯 KẾT QUẢ CHỐT: HAPPY (38.28%)
2026-05-23 17:34:51,300 | INFO     | [491181] ⏱️ Thời gian phản hồi: 116.88 ms
2026-05-23 17:34:51,302 | INFO     | [491302] ------------------------------------------
2026-05-23 17:34:51,302 | INFO     | [491302] 📥 NHẬN YÊU CẦU QUÉT KHUÔN MẶT MỚI
2026-05-23 17:34:51,303 | INFO     | [491302] Đã xử lý ảnh thành công. Kích thước tensor: (1, 48, 48, 1)
2026-05-23 17:34:51,488 | INFO     | [491302] 📊 Chi tiết dự đoán: {'ANGRY': 8.21, 'DISGUST': 0.06, 'FEAR': 5.27, 'HAPPY': 28.29, 'NEUTRAL': 14.71, 'SAD': 40.29, 'SURPRISE': 3.18}
2026-05-23 17:34:51,488 | INFO     | [491302] 🎯 KẾT QUẢ CHỐT: SAD (40.29%)
2026-05-23 17:34:51,489 | INFO     | [491302] ⏱️ Thời gian phản hồi: 184.67 ms
2026-05-23 17:34:51,493 | INFO     | [491493] ------------------------------------------
2026-05-23 17:34:51,495 | INFO     | [491493] 📥 NHẬN YÊU CẦU QUÉT KHUÔN MẶT MỚI
2026-05-23 17:34:51,497 | INFO     | [491493] Đã xử lý ảnh thành công. Kích thước tensor: (1, 48, 48, 1)
2026-05-23 17:34:51,621 | INFO     | [491493] 📊 Chi tiết dự đoán: {'ANGRY': 8.25, 'DISGUST': 0.06, 'FEAR': 5.72, 'HAPPY': 29.98, 'NEUTRAL': 14.04, 'SAD': 38.3, 'SURPRISE': 3.65}
2026-05-23 17:34:51,621 | INFO     | [491493] 🎯 KẾT QUẢ CHỐT: SAD (38.30%)
2026-05-23 17:34:51,622 | INFO     | [491493] ⏱️ Thời gian phản hồi: 127.54 ms
2026-05-23 17:34:51,630 | INFO     | [491630] ------------------------------------------
2026-05-23 17:34:51,631 | INFO     | [491630] 📥 NHẬN YÊU CẦU QUÉT KHUÔN MẶT MỚI
2026-05-23 17:34:51,632 | INFO     | [491630] Đã xử lý ảnh thành công. Kích thước tensor: (1, 48, 48, 1)
2026-05-23 17:34:51,756 | INFO     | [491630] 📊 Chi tiết dự đoán: {'ANGRY': 7.57, 'DISGUST': 0.04, 'FEAR': 4.6, 'HAPPY': 36.65, 'NEUTRAL': 16.21, 'SAD': 31.42, 'SURPRISE': 3.5}
2026-05-23 17:34:51,756 | INFO     | [491630] 🎯 KẾT QUẢ CHỐT: HAPPY (36.65%)
2026-05-23 17:34:51,757 | INFO     | [491630] ⏱️ Thời gian phản hồi: 125.73 ms
2026-05-23 17:34:51,759 | INFO     | [491759] ------------------------------------------
2026-05-23 17:34:51,759 | INFO     | [491759] 📥 NHẬN YÊU CẦU QUÉT KHUÔN MẶT MỚI
2026-05-23 17:34:51,760 | INFO     | [491759] Đã xử lý ảnh thành công. Kích thước tensor: (1, 48, 48, 1)
2026-05-23 17:34:51,849 | INFO     | [491759] 📊 Chi tiết dự đoán: {'ANGRY': 9.05, 'DISGUST': 0.07, 'FEAR': 6.43, 'HAPPY': 24.61, 'NEUTRAL': 15.95, 'SAD': 39.5, 'SURPRISE': 4.39}
2026-05-23 17:34:51,849 | INFO     | [491759] 🎯 KẾT QUẢ CHỐT: SAD (39.50%)
2026-05-23 17:34:51,849 | INFO     | [491759] ⏱️ Thời gian phản hồi: 89.75 ms
2026-05-23 17:34:51,852 | INFO     | [491852] ------------------------------------------
2026-05-23 17:34:51,852 | INFO     | [491852] 📥 NHẬN YÊU CẦU QUÉT KHUÔN MẶT MỚI
2026-05-23 17:34:51,853 | INFO     | [491852] Đã xử lý ảnh thành công. Kích thước tensor: (1, 48, 48, 1)
2026-05-23 17:34:51,920 | INFO     | [491852] 📊 Chi tiết dự đoán: {'ANGRY': 8.48, 'DISGUST': 0.05, 'FEAR': 6.69, 'HAPPY': 21.24, 'NEUTRAL': 16.69, 'SAD': 42.06, 'SURPRISE': 4.79}
2026-05-23 17:34:51,922 | INFO     | [491852] 🎯 KẾT QUẢ CHỐT: SAD (42.06%)
2026-05-23 17:34:51,922 | INFO     | [491852] ⏱️ Thời gian phản hồi: 68.81 ms
2026-05-23 17:34:51,923 | INFO     | [491923] ------------------------------------------
2026-05-23 17:34:51,923 | INFO     | [491923] 📥 NHẬN YÊU CẦU QUÉT KHUÔN MẶT MỚI
2026-05-23 17:34:51,925 | INFO     | [491923] Đã xử lý ảnh thành công. Kích thước tensor: (1, 48, 48, 1)
2026-05-23 17:34:51,992 | INFO     | [491923] 📊 Chi tiết dự đoán: {'ANGRY': 8.5, 'DISGUST': 0.06, 'FEAR': 6.26, 'HAPPY': 21.71, 'NEUTRAL': 16.64, 'SAD': 42.72, 'SURPRISE': 4.12}
2026-05-23 17:34:51,992 | INFO     | [491923] 🎯 KẾT QUẢ CHỐT: SAD (42.72%)
2026-05-23 17:34:51,992 | INFO     | [491923] ⏱️ Thời gian phản hồi: 68.38 ms
2026-05-23 17:34:51,994 | INFO     | [491994] ------------------------------------------
2026-05-23 17:34:51,995 | INFO     | [491994] 📥 NHẬN YÊU CẦU QUÉT KHUÔN MẶT MỚI
2026-05-23 17:34:51,995 | INFO     | [491994] Đã xử lý ảnh thành công. Kích thước tensor: (1, 48, 48, 1)
2026-05-23 17:34:52,062 | INFO     | [491994] 📊 Chi tiết dự đoán: {'ANGRY': 10.13, 'DISGUST': 0.06, 'FEAR': 6.05, 'HAPPY': 26.9, 'NEUTRAL': 15.82, 'SAD': 37.07, 'SURPRISE': 3.97}
2026-05-23 17:34:52,064 | INFO     | [491994] 🎯 KẾT QUẢ CHỐT: SAD (37.07%)
2026-05-23 17:34:52,064 | INFO     | [491994] ⏱️ Thời gian phản hồi: 68.17 ms
2026-05-23 17:34:52,065 | INFO     | [492065] ------------------------------------------
2026-05-23 17:34:52,066 | INFO     | [492065] 📥 NHẬN YÊU CẦU QUÉT KHUÔN MẶT MỚI
2026-05-23 17:34:52,066 | INFO     | [492065] Đã xử lý ảnh thành công. Kích thước tensor: (1, 48, 48, 1)
2026-05-23 17:34:52,137 | INFO     | [492065] 📊 Chi tiết dự đoán: {'ANGRY': 8.53, 'DISGUST': 0.06, 'FEAR': 6.74, 'HAPPY': 22.37, 'NEUTRAL': 18.57, 'SAD': 40.07, 'SURPRISE': 3.65}
2026-05-23 17:34:52,137 | INFO     | [492065] 🎯 KẾT QUẢ CHỐT: SAD (40.07%)
2026-05-23 17:34:52,137 | INFO     | [492065] ⏱️ Thời gian phản hồi: 72.78 ms
2026-05-23 17:34:52,140 | INFO     | [492140] ------------------------------------------
2026-05-23 17:34:52,140 | INFO     | [492140] 📥 NHẬN YÊU CẦU QUÉT KHUÔN MẶT MỚI
2026-05-23 17:34:52,140 | INFO     | [492140] Đã xử lý ảnh thành công. Kích thước tensor: (1, 48, 48, 1)
2026-05-23 17:34:52,203 | INFO     | [492140] 📊 Chi tiết dự đoán: {'ANGRY': 9.45, 'DISGUST': 0.07, 'FEAR': 6.73, 'HAPPY': 18.8, 'NEUTRAL': 17.28, 'SAD': 43.95, 'SURPRISE': 3.71}
2026-05-23 17:34:52,204 | INFO     | [492140] 🎯 KẾT QUẢ CHỐT: SAD (43.95%)
2026-05-23 17:34:52,204 | INFO     | [492140] ⏱️ Thời gian phản hồi: 62.61 ms
2026-05-23 17:34:52,205 | INFO     | [492205] ------------------------------------------
2026-05-23 17:34:52,205 | INFO     | [492205] 📥 NHẬN YÊU CẦU QUÉT KHUÔN MẶT MỚI
2026-05-23 17:34:52,206 | INFO     | [492205] Đã xử lý ảnh thành công. Kích thước tensor: (1, 48, 48, 1)
2026-05-23 17:34:52,270 | INFO     | [492205] 📊 Chi tiết dự đoán: {'ANGRY': 9.57, 'DISGUST': 0.05, 'FEAR': 7.64, 'HAPPY': 13.94, 'NEUTRAL': 16.69, 'SAD': 48.29, 'SURPRISE': 3.82}
2026-05-23 17:34:52,270 | INFO     | [492205] 🎯 KẾT QUẢ CHỐT: SAD (48.29%)
2026-05-23 17:34:52,271 | INFO     | [492205] ⏱️ Thời gian phản hồi: 65.06 ms
2026-05-23 17:34:52,273 | INFO     | [492273] ------------------------------------------
2026-05-23 17:34:52,274 | INFO     | [492273] 📥 NHẬN YÊU CẦU QUÉT KHUÔN MẶT MỚI
2026-05-23 17:34:52,274 | INFO     | [492273] Đã xử lý ảnh thành công. Kích thước tensor: (1, 48, 48, 1)
2026-05-23 17:34:52,342 | INFO     | [492273] 📊 Chi tiết dự đoán: {'ANGRY': 8.05, 'DISGUST': 0.06, 'FEAR': 6.47, 'HAPPY': 15.97, 'NEUTRAL': 16.09, 'SAD': 49.56, 'SURPRISE': 3.8}
2026-05-23 17:34:52,342 | INFO     | [492273] 🎯 KẾT QUẢ CHỐT: SAD (49.56%)
2026-05-23 17:34:52,344 | INFO     | [492273] ⏱️ Thời gian phản hồi: 69.97 ms
2026-05-23 17:34:52,346 | INFO     | [492346] ------------------------------------------
2026-05-23 17:34:52,346 | INFO     | [492346] 📥 NHẬN YÊU CẦU QUÉT KHUÔN MẶT MỚI
2026-05-23 17:34:52,346 | INFO     | [492346] Đã xử lý ảnh thành công. Kích thước tensor: (1, 48, 48, 1)
2026-05-23 17:34:52,410 | INFO     | [492346] 📊 Chi tiết dự đoán: {'ANGRY': 9.77, 'DISGUST': 0.06, 'FEAR': 6.85, 'HAPPY': 23.44, 'NEUTRAL': 16.23, 'SAD': 39.18, 'SURPRISE': 4.46}
2026-05-23 17:34:52,411 | INFO     | [492346] 🎯 KẾT QUẢ CHỐT: SAD (39.18%)
2026-05-23 17:34:52,411 | INFO     | [492346] ⏱️ Thời gian phản hồi: 64.59 ms
2026-05-23 17:34:52,413 | INFO     | [492413] ------------------------------------------
2026-05-23 17:34:52,413 | INFO     | [492413] 📥 NHẬN YÊU CẦU QUÉT KHUÔN MẶT MỚI
2026-05-23 17:34:52,415 | INFO     | [492413] Đã xử lý ảnh thành công. Kích thước tensor: (1, 48, 48, 1)
2026-05-23 17:34:52,481 | INFO     | [492413] 📊 Chi tiết dự đoán: {'ANGRY': 9.48, 'DISGUST': 0.07, 'FEAR': 7.02, 'HAPPY': 22.39, 'NEUTRAL': 13.96, 'SAD': 42.74, 'SURPRISE': 4.34}
2026-05-23 17:34:52,482 | INFO     | [492413] 🎯 KẾT QUẢ CHỐT: SAD (42.74%)
2026-05-23 17:34:52,482 | INFO     | [492413] ⏱️ Thời gian phản hồi: 67.96 ms
2026-05-23 17:34:52,484 | INFO     | [492484] ------------------------------------------
2026-05-23 17:34:52,484 | INFO     | [492484] 📥 NHẬN YÊU CẦU QUÉT KHUÔN MẶT MỚI
2026-05-23 17:34:52,484 | INFO     | [492484] Đã xử lý ảnh thành công. Kích thước tensor: (1, 48, 48, 1)
2026-05-23 17:34:52,553 | INFO     | [492484] 📊 Chi tiết dự đoán: {'ANGRY': 9.14, 'DISGUST': 0.06, 'FEAR': 7.2, 'HAPPY': 12.43, 'NEUTRAL': 16.93, 'SAD': 50.56, 'SURPRISE': 3.68}
2026-05-23 17:34:52,553 | INFO     | [492484] 🎯 KẾT QUẢ CHỐT: SAD (50.56%)
2026-05-23 17:34:52,554 | INFO     | [492484] ⏱️ Thời gian phản hồi: 68.36 ms
2026-05-23 17:34:52,556 | INFO     | [492556] ------------------------------------------
2026-05-23 17:34:52,556 | INFO     | [492556] 📥 NHẬN YÊU CẦU QUÉT KHUÔN MẶT MỚI
2026-05-23 17:34:52,558 | INFO     | [492556] Đã xử lý ảnh thành công. Kích thước tensor: (1, 48, 48, 1)
2026-05-23 17:34:52,647 | INFO     | [492556] 📊 Chi tiết dự đoán: {'ANGRY': 8.9, 'DISGUST': 0.07, 'FEAR': 7.32, 'HAPPY': 15.85, 'NEUTRAL': 16.88, 'SAD': 47.13, 'SURPRISE': 3.86}
2026-05-23 17:34:52,647 | INFO     | [492556] 🎯 KẾT QUẢ CHỐT: SAD (47.13%)
2026-05-23 17:34:52,647 | INFO     | [492556] ⏱️ Thời gian phản hồi: 90.45 ms
2026-05-23 17:34:52,650 | INFO     | [492650] ------------------------------------------
2026-05-23 17:34:52,650 | INFO     | [492650] 📥 NHẬN YÊU CẦU QUÉT KHUÔN MẶT MỚI
2026-05-23 17:34:52,651 | INFO     | [492650] Đã xử lý ảnh thành công. Kích thước tensor: (1, 48, 48, 1)
2026-05-23 17:34:52,720 | INFO     | [492650] 📊 Chi tiết dự đoán: {'ANGRY': 8.52, 'DISGUST': 0.06, 'FEAR': 5.87, 'HAPPY': 25.58, 'NEUTRAL': 17.01, 'SAD': 39.43, 'SURPRISE': 3.54}
2026-05-23 17:34:52,720 | INFO     | [492650] 🎯 KẾT QUẢ CHỐT: SAD (39.43%)
2026-05-23 17:34:52,721 | INFO     | [492650] ⏱️ Thời gian phản hồi: 70.38 ms
2026-05-23 17:34:52,748 | INFO     | [492748] ------------------------------------------
2026-05-23 17:34:52,748 | INFO     | [492748] 📥 NHẬN YÊU CẦU QUÉT KHUÔN MẶT MỚI
2026-05-23 17:34:52,749 | INFO     | [492748] Đã xử lý ảnh thành công. Kích thước tensor: (1, 48, 48, 1)
2026-05-23 17:34:52,818 | INFO     | [492748] 📊 Chi tiết dự đoán: {'ANGRY': 9.0, 'DISGUST': 0.06, 'FEAR': 6.36, 'HAPPY': 19.99, 'NEUTRAL': 17.25, 'SAD': 43.75, 'SURPRISE': 3.59}
2026-05-23 17:34:52,818 | INFO     | [492748] 🎯 KẾT QUẢ CHỐT: SAD (43.75%)
2026-05-23 17:34:52,818 | INFO     | [492748] ⏱️ Thời gian phản hồi: 69.94 ms
2026-05-23 17:34:52,842 | INFO     | [492842] ------------------------------------------
2026-05-23 17:34:52,843 | INFO     | [492842] 📥 NHẬN YÊU CẦU QUÉT KHUÔN MẶT MỚI
2026-05-23 17:34:52,843 | INFO     | [492842] Đã xử lý ảnh thành công. Kích thước tensor: (1, 48, 48, 1)
2026-05-23 17:34:52,921 | INFO     | [492842] 📊 Chi tiết dự đoán: {'ANGRY': 7.6, 'DISGUST': 0.05, 'FEAR': 6.15, 'HAPPY': 18.6, 'NEUTRAL': 16.62, 'SAD': 47.78, 'SURPRISE': 3.19}
2026-05-23 17:34:52,922 | INFO     | [492842] 🎯 KẾT QUẢ CHỐT: SAD (47.78%)
2026-05-23 17:34:52,922 | INFO     | [492842] ⏱️ Thời gian phản hồi: 78.72 ms
2026-05-23 17:34:52,935 | INFO     | [492935] ------------------------------------------
2026-05-23 17:34:52,935 | INFO     | [492935] 📥 NHẬN YÊU CẦU QUÉT KHUÔN MẶT MỚI
2026-05-23 17:34:52,936 | INFO     | [492935] Đã xử lý ảnh thành công. Kích thước tensor: (1, 48, 48, 1)
2026-05-23 17:34:53,021 | INFO     | [492935] 📊 Chi tiết dự đoán: {'ANGRY': 7.31, 'DISGUST': 0.05, 'FEAR': 5.91, 'HAPPY': 16.81, 'NEUTRAL': 18.11, 'SAD': 49.07, 'SURPRISE': 2.74}
2026-05-23 17:34:53,021 | INFO     | [492935] 🎯 KẾT QUẢ CHỐT: SAD (49.07%)
2026-05-23 17:34:53,021 | INFO     | [492935] ⏱️ Thời gian phản hồi: 85.64 ms
2026-05-23 17:34:53,044 | INFO     | [493044] ------------------------------------------
2026-05-23 17:34:53,044 | INFO     | [493044] 📥 NHẬN YÊU CẦU QUÉT KHUÔN MẶT MỚI
2026-05-23 17:34:53,044 | INFO     | [493044] Đã xử lý ảnh thành công. Kích thước tensor: (1, 48, 48, 1)
2026-05-23 17:34:53,120 | INFO     | [493044] 📊 Chi tiết dự đoán: {'ANGRY': 8.16, 'DISGUST': 0.06, 'FEAR': 6.47, 'HAPPY': 12.48, 'NEUTRAL': 19.28, 'SAD': 50.37, 'SURPRISE': 3.17}
2026-05-23 17:34:53,120 | INFO     | [493044] 🎯 KẾT QUẢ CHỐT: SAD (50.37%)
2026-05-23 17:34:53,120 | INFO     | [493044] ⏱️ Thời gian phản hồi: 76.73 ms
2026-05-23 17:34:53,137 | INFO     | [493137] ------------------------------------------
2026-05-23 17:34:53,137 | INFO     | [493137] 📥 NHẬN YÊU CẦU QUÉT KHUÔN MẶT MỚI
2026-05-23 17:34:53,138 | INFO     | [493137] Đã xử lý ảnh thành công. Kích thước tensor: (1, 48, 48, 1)
2026-05-23 17:34:53,214 | INFO     | [493137] 📊 Chi tiết dự đoán: {'ANGRY': 7.74, 'DISGUST': 0.05, 'FEAR': 5.47, 'HAPPY': 19.96, 'NEUTRAL': 17.27, 'SAD': 46.46, 'SURPRISE': 3.05}
2026-05-23 17:34:53,214 | INFO     | [493137] 🎯 KẾT QUẢ CHỐT: SAD (46.46%)
2026-05-23 17:34:53,214 | INFO     | [493137] ⏱️ Thời gian phản hồi: 77.55 ms
2026-05-23 17:34:53,229 | INFO     | [493229] ------------------------------------------
2026-05-23 17:34:53,230 | INFO     | [493229] 📥 NHẬN YÊU CẦU QUÉT KHUÔN MẶT MỚI
2026-05-23 17:34:53,230 | INFO     | [493229] Đã xử lý ảnh thành công. Kích thước tensor: (1, 48, 48, 1)
2026-05-23 17:34:53,304 | INFO     | [493229] 📊 Chi tiết dự đoán: {'ANGRY': 6.44, 'DISGUST': 0.04, 'FEAR': 6.17, 'HAPPY': 17.35, 'NEUTRAL': 16.26, 'SAD': 50.46, 'SURPRISE': 3.28}
2026-05-23 17:34:53,304 | INFO     | [493229] 🎯 KẾT QUẢ CHỐT: SAD (50.46%)
2026-05-23 17:34:53,304 | INFO     | [493229] ⏱️ Thời gian phản hồi: 73.99 ms
2026-05-23 17:34:53,339 | INFO     | [493339] ------------------------------------------
2026-05-23 17:34:53,339 | INFO     | [493339] 📥 NHẬN YÊU CẦU QUÉT KHUÔN MẶT MỚI
2026-05-23 17:34:53,340 | INFO     | [493339] Đã xử lý ảnh thành công. Kích thước tensor: (1, 48, 48, 1)
2026-05-23 17:34:53,407 | INFO     | [493339] 📊 Chi tiết dự đoán: {'ANGRY': 7.12, 'DISGUST': 0.05, 'FEAR': 6.58, 'HAPPY': 14.38, 'NEUTRAL': 21.28, 'SAD': 47.12, 'SURPRISE': 3.47}
2026-05-23 17:34:53,407 | INFO     | [493339] 🎯 KẾT QUẢ CHỐT: SAD (47.12%)
2026-05-23 17:34:53,408 | INFO     | [493339] ⏱️ Thời gian phản hồi: 68.78 ms
2026-05-23 17:34:53,432 | INFO     | [493432] ------------------------------------------
2026-05-23 17:34:53,433 | INFO     | [493432] 📥 NHẬN YÊU CẦU QUÉT KHUÔN MẶT MỚI
2026-05-23 17:34:53,433 | INFO     | [493432] Đã xử lý ảnh thành công. Kích thước tensor: (1, 48, 48, 1)
2026-05-23 17:34:53,500 | INFO     | [493432] 📊 Chi tiết dự đoán: {'ANGRY': 8.02, 'DISGUST': 0.06, 'FEAR': 6.02, 'HAPPY': 17.08, 'NEUTRAL': 19.06, 'SAD': 46.22, 'SURPRISE': 3.53}
2026-05-23 17:34:53,500 | INFO     | [493432] 🎯 KẾT QUẢ CHỐT: SAD (46.22%)
2026-05-23 17:34:53,500 | INFO     | [493432] ⏱️ Thời gian phản hồi: 67.44 ms
2026-05-23 17:34:53,539 | INFO     | [493539] ------------------------------------------
2026-05-23 17:34:53,540 | INFO     | [493539] 📥 NHẬN YÊU CẦU QUÉT KHUÔN MẶT MỚI
2026-05-23 17:34:53,540 | INFO     | [493539] Đã xử lý ảnh thành công. Kích thước tensor: (1, 48, 48, 1)
2026-05-23 17:34:53,601 | INFO     | [493539] 📊 Chi tiết dự đoán: {'ANGRY': 6.81, 'DISGUST': 0.04, 'FEAR': 5.56, 'HAPPY': 22.45, 'NEUTRAL': 19.07, 'SAD': 42.64, 'SURPRISE': 3.42}
2026-05-23 17:34:53,601 | INFO     | [493539] 🎯 KẾT QUẢ CHỐT: SAD (42.64%)
2026-05-23 17:34:53,601 | INFO     | [493539] ⏱️ Thời gian phản hồi: 62.17 ms
2026-05-23 17:34:53,634 | INFO     | [493634] ------------------------------------------
2026-05-23 17:34:53,634 | INFO     | [493634] 📥 NHẬN YÊU CẦU QUÉT KHUÔN MẶT MỚI
2026-05-23 17:34:53,635 | INFO     | [493634] Đã xử lý ảnh thành công. Kích thước tensor: (1, 48, 48, 1)
2026-05-23 17:34:53,694 | INFO     | [493634] 📊 Chi tiết dự đoán: {'ANGRY': 6.03, 'DISGUST': 0.04, 'FEAR': 5.91, 'HAPPY': 17.61, 'NEUTRAL': 18.03, 'SAD': 49.52, 'SURPRISE': 2.86}
2026-05-23 17:34:53,694 | INFO     | [493634] 🎯 KẾT QUẢ CHỐT: SAD (49.52%)
2026-05-23 17:34:53,694 | INFO     | [493634] ⏱️ Thời gian phản hồi: 59.34 ms
2026-05-23 17:34:53,728 | INFO     | [493727] ------------------------------------------
2026-05-23 17:34:53,728 | INFO     | [493727] 📥 NHẬN YÊU CẦU QUÉT KHUÔN MẶT MỚI
2026-05-23 17:34:53,728 | INFO     | [493727] Đã xử lý ảnh thành công. Kích thước tensor: (1, 48, 48, 1)
2026-05-23 17:34:53,802 | INFO     | [493727] 📊 Chi tiết dự đoán: {'ANGRY': 6.96, 'DISGUST': 0.05, 'FEAR': 6.12, 'HAPPY': 16.72, 'NEUTRAL': 19.97, 'SAD': 46.62, 'SURPRISE': 3.55}
2026-05-23 17:34:53,802 | INFO     | [493727] 🎯 KẾT QUẢ CHỐT: SAD (46.62%)
2026-05-23 17:34:53,802 | INFO     | [493727] ⏱️ Thời gian phản hồi: 75.16 ms
2026-05-23 17:34:53,835 | INFO     | [493835] ------------------------------------------
2026-05-23 17:34:53,836 | INFO     | [493835] 📥 NHẬN YÊU CẦU QUÉT KHUÔN MẶT MỚI
2026-05-23 17:34:53,836 | INFO     | [493835] Đã xử lý ảnh thành công. Kích thước tensor: (1, 48, 48, 1)
2026-05-23 17:34:53,906 | INFO     | [493835] 📊 Chi tiết dự đoán: {'ANGRY': 6.09, 'DISGUST': 0.04, 'FEAR': 5.76, 'HAPPY': 17.57, 'NEUTRAL': 18.64, 'SAD': 49.2, 'SURPRISE': 2.7}
2026-05-23 17:34:53,907 | INFO     | [493835] 🎯 KẾT QUẢ CHỐT: SAD (49.20%)
2026-05-23 17:34:53,907 | INFO     | [493835] ⏱️ Thời gian phản hồi: 70.84 ms
2026-05-23 17:34:53,930 | INFO     | [493930] ------------------------------------------
2026-05-23 17:34:53,930 | INFO     | [493930] 📥 NHẬN YÊU CẦU QUÉT KHUÔN MẶT MỚI
2026-05-23 17:34:53,933 | INFO     | [493930] Đã xử lý ảnh thành công. Kích thước tensor: (1, 48, 48, 1)
2026-05-23 17:34:53,998 | INFO     | [493930] 📊 Chi tiết dự đoán: {'ANGRY': 8.76, 'DISGUST': 0.07, 'FEAR': 5.67, 'HAPPY': 18.46, 'NEUTRAL': 17.48, 'SAD': 46.88, 'SURPRISE': 2.7}
2026-05-23 17:34:53,998 | INFO     | [493930] 🎯 KẾT QUẢ CHỐT: SAD (46.88%)
2026-05-23 17:34:53,998 | INFO     | [493930] ⏱️ Thời gian phản hồi: 67.82 ms
2026-05-23 17:34:54,038 | INFO     | [494038] ------------------------------------------
2026-05-23 17:34:54,038 | INFO     | [494038] 📥 NHẬN YÊU CẦU QUÉT KHUÔN MẶT MỚI
2026-05-23 17:34:54,039 | INFO     | [494038] Đã xử lý ảnh thành công. Kích thước tensor: (1, 48, 48, 1)
2026-05-23 17:34:54,103 | INFO     | [494038] 📊 Chi tiết dự đoán: {'ANGRY': 7.18, 'DISGUST': 0.06, 'FEAR': 6.05, 'HAPPY': 16.53, 'NEUTRAL': 16.02, 'SAD': 51.47, 'SURPRISE': 2.69}
2026-05-23 17:34:54,103 | INFO     | [494038] 🎯 KẾT QUẢ CHỐT: SAD (51.47%)
2026-05-23 17:34:54,104 | INFO     | [494038] ⏱️ Thời gian phản hồi: 64.72 ms
2026-05-23 17:34:54,132 | INFO     | [494132] ------------------------------------------
2026-05-23 17:34:54,134 | INFO     | [494132] 📥 NHẬN YÊU CẦU QUÉT KHUÔN MẶT MỚI
2026-05-23 17:34:54,134 | INFO     | [494132] Đã xử lý ảnh thành công. Kích thước tensor: (1, 48, 48, 1)
2026-05-23 17:34:54,197 | INFO     | [494132] 📊 Chi tiết dự đoán: {'ANGRY': 9.3, 'DISGUST': 0.06, 'FEAR': 6.77, 'HAPPY': 17.23, 'NEUTRAL': 14.46, 'SAD': 48.59, 'SURPRISE': 3.59}
2026-05-23 17:34:54,197 | INFO     | [494132] 🎯 KẾT QUẢ CHỐT: SAD (48.59%)
2026-05-23 17:34:54,197 | INFO     | [494132] ⏱️ Thời gian phản hồi: 64.38 ms
2026-05-23 17:34:54,240 | INFO     | [494240] ------------------------------------------
2026-05-23 17:34:54,240 | INFO     | [494240] 📥 NHẬN YÊU CẦU QUÉT KHUÔN MẶT MỚI
2026-05-23 17:34:54,241 | INFO     | [494240] Đã xử lý ảnh thành công. Kích thước tensor: (1, 48, 48, 1)
2026-05-23 17:34:54,301 | INFO     | [494240] 📊 Chi tiết dự đoán: {'ANGRY': 7.18, 'DISGUST': 0.08, 'FEAR': 6.09, 'HAPPY': 12.95, 'NEUTRAL': 17.86, 'SAD': 52.63, 'SURPRISE': 3.21}
2026-05-23 17:34:54,301 | INFO     | [494240] 🎯 KẾT QUẢ CHỐT: SAD (52.63%)
2026-05-23 17:34:54,301 | INFO     | [494240] ⏱️ Thời gian phản hồi: 60.81 ms
2026-05-23 17:34:54,331 | INFO     | [494331] ------------------------------------------
2026-05-23 17:34:54,331 | INFO     | [494331] 📥 NHẬN YÊU CẦU QUÉT KHUÔN MẶT MỚI
2026-05-23 17:34:54,333 | INFO     | [494331] Đã xử lý ảnh thành công. Kích thước tensor: (1, 48, 48, 1)
2026-05-23 17:34:54,393 | INFO     | [494331] 📊 Chi tiết dự đoán: {'ANGRY': 6.02, 'DISGUST': 0.06, 'FEAR': 4.79, 'HAPPY': 27.93, 'NEUTRAL': 16.62, 'SAD': 42.1, 'SURPRISE': 2.48}
2026-05-23 17:34:54,393 | INFO     | [494331] 🎯 KẾT QUẢ CHỐT: SAD (42.10%)
2026-05-23 17:34:54,393 | INFO     | [494331] ⏱️ Thời gian phản hồi: 61.87 ms
2026-05-23 17:34:54,424 | INFO     | [494424] ------------------------------------------
2026-05-23 17:34:54,424 | INFO     | [494424] 📥 NHẬN YÊU CẦU QUÉT KHUÔN MẶT MỚI
2026-05-23 17:34:54,424 | INFO     | [494424] Đã xử lý ảnh thành công. Kích thước tensor: (1, 48, 48, 1)
2026-05-23 17:34:54,497 | INFO     | [494424] 📊 Chi tiết dự đoán: {'ANGRY': 7.13, 'DISGUST': 0.08, 'FEAR': 5.67, 'HAPPY': 12.8, 'NEUTRAL': 16.87, 'SAD': 54.91, 'SURPRISE': 2.55}
2026-05-23 17:34:54,498 | INFO     | [494424] 🎯 KẾT QUẢ CHỐT: SAD (54.91%)
2026-05-23 17:34:54,498 | INFO     | [494424] ⏱️ Thời gian phản hồi: 72.17 ms
2026-05-23 17:34:54,531 | INFO     | [494531] ------------------------------------------
2026-05-23 17:34:54,531 | INFO     | [494531] 📥 NHẬN YÊU CẦU QUÉT KHUÔN MẶT MỚI
2026-05-23 17:34:54,532 | INFO     | [494531] Đã xử lý ảnh thành công. Kích thước tensor: (1, 48, 48, 1)
2026-05-23 17:34:54,594 | INFO     | [494531] 📊 Chi tiết dự đoán: {'ANGRY': 7.77, 'DISGUST': 0.07, 'FEAR': 5.62, 'HAPPY': 15.2, 'NEUTRAL': 14.35, 'SAD': 54.65, 'SURPRISE': 2.34}
2026-05-23 17:34:54,594 | INFO     | [494531] 🎯 KẾT QUẢ CHỐT: SAD (54.65%)
2026-05-23 17:34:54,594 | INFO     | [494531] ⏱️ Thời gian phản hồi: 62.69 ms
2026-05-23 17:34:54,627 | INFO     | [494627] ------------------------------------------
2026-05-23 17:34:54,628 | INFO     | [494627] 📥 NHẬN YÊU CẦU QUÉT KHUÔN MẶT MỚI
2026-05-23 17:34:54,628 | INFO     | [494627] Đã xử lý ảnh thành công. Kích thước tensor: (1, 48, 48, 1)
2026-05-23 17:34:54,694 | INFO     | [494627] 📊 Chi tiết dự đoán: {'ANGRY': 7.45, 'DISGUST': 0.07, 'FEAR': 5.68, 'HAPPY': 12.19, 'NEUTRAL': 15.82, 'SAD': 56.38, 'SURPRISE': 2.41}
2026-05-23 17:34:54,694 | INFO     | [494627] 🎯 KẾT QUẢ CHỐT: SAD (56.38%)
2026-05-23 17:34:54,695 | INFO     | [494627] ⏱️ Thời gian phản hồi: 67.55 ms
2026-05-23 17:34:54,735 | INFO     | [494735] ------------------------------------------
2026-05-23 17:34:54,735 | INFO     | [494735] 📥 NHẬN YÊU CẦU QUÉT KHUÔN MẶT MỚI
2026-05-23 17:34:54,736 | INFO     | [494735] Đã xử lý ảnh thành công. Kích thước tensor: (1, 48, 48, 1)
2026-05-23 17:34:54,797 | INFO     | [494735] 📊 Chi tiết dự đoán: {'ANGRY': 6.82, 'DISGUST': 0.05, 'FEAR': 4.89, 'HAPPY': 22.34, 'NEUTRAL': 16.11, 'SAD': 47.7, 'SURPRISE': 2.09}
2026-05-23 17:34:54,797 | INFO     | [494735] 🎯 KẾT QUẢ CHỐT: SAD (47.70%)
2026-05-23 17:34:54,797 | INFO     | [494735] ⏱️ Thời gian phản hồi: 62.58 ms
2026-05-23 17:34:54,831 | INFO     | [494831] ------------------------------------------
2026-05-23 17:34:54,831 | INFO     | [494831] 📥 NHẬN YÊU CẦU QUÉT KHUÔN MẶT MỚI
2026-05-23 17:34:54,832 | INFO     | [494831] Đã xử lý ảnh thành công. Kích thước tensor: (1, 48, 48, 1)
2026-05-23 17:34:54,892 | INFO     | [494831] 📊 Chi tiết dự đoán: {'ANGRY': 8.76, 'DISGUST': 0.06, 'FEAR': 6.27, 'HAPPY': 20.37, 'NEUTRAL': 14.88, 'SAD': 46.42, 'SURPRISE': 3.25}
2026-05-23 17:34:54,892 | INFO     | [494831] 🎯 KẾT QUẢ CHỐT: SAD (46.42%)
2026-05-23 17:34:54,893 | INFO     | [494831] ⏱️ Thời gian phản hồi: 61.51 ms
2026-05-23 17:34:54,938 | INFO     | [494938] ------------------------------------------
2026-05-23 17:34:54,938 | INFO     | [494938] 📥 NHẬN YÊU CẦU QUÉT KHUÔN MẶT MỚI
2026-05-23 17:34:54,939 | INFO     | [494938] Đã xử lý ảnh thành công. Kích thước tensor: (1, 48, 48, 1)
2026-05-23 17:34:54,999 | INFO     | [494938] 📊 Chi tiết dự đoán: {'ANGRY': 8.21, 'DISGUST': 0.06, 'FEAR': 7.07, 'HAPPY': 11.74, 'NEUTRAL': 14.26, 'SAD': 54.75, 'SURPRISE': 3.92}
2026-05-23 17:34:55,001 | INFO     | [494938] 🎯 KẾT QUẢ CHỐT: SAD (54.75%)
2026-05-23 17:34:55,001 | INFO     | [494938] ⏱️ Thời gian phản hồi: 60.47 ms
2026-05-23 17:34:55,032 | INFO     | [495032] ------------------------------------------
2026-05-23 17:34:55,033 | INFO     | [495032] 📥 NHẬN YÊU CẦU QUÉT KHUÔN MẶT MỚI
2026-05-23 17:34:55,033 | INFO     | [495032] Đã xử lý ảnh thành công. Kích thước tensor: (1, 48, 48, 1)
2026-05-23 17:34:55,099 | INFO     | [495032] 📊 Chi tiết dự đoán: {'ANGRY': 7.67, 'DISGUST': 0.07, 'FEAR': 6.4, 'HAPPY': 14.97, 'NEUTRAL': 15.66, 'SAD': 51.6, 'SURPRISE': 3.63}
2026-05-23 17:34:55,099 | INFO     | [495032] 🎯 KẾT QUẢ CHỐT: SAD (51.60%)
2026-05-23 17:34:55,099 | INFO     | [495032] ⏱️ Thời gian phản hồi: 66.92 ms
2026-05-23 17:34:55,126 | INFO     | [495126] ------------------------------------------
2026-05-23 17:34:55,127 | INFO     | [495126] 📥 NHẬN YÊU CẦU QUÉT KHUÔN MẶT MỚI
2026-05-23 17:34:55,128 | INFO     | [495126] Đã xử lý ảnh thành công. Kích thước tensor: (1, 48, 48, 1)
2026-05-23 17:34:55,216 | INFO     | [495126] 📊 Chi tiết dự đoán: {'ANGRY': 7.73, 'DISGUST': 0.06, 'FEAR': 6.61, 'HAPPY': 11.87, 'NEUTRAL': 14.79, 'SAD': 55.1, 'SURPRISE': 3.86}
2026-05-23 17:34:55,217 | INFO     | [495126] 🎯 KẾT QUẢ CHỐT: SAD (55.10%)
2026-05-23 17:34:55,218 | INFO     | [495126] ⏱️ Thời gian phản hồi: 90.22 ms
2026-05-23 17:34:55,235 | INFO     | [495235] ------------------------------------------
2026-05-23 17:34:55,236 | INFO     | [495235] 📥 NHẬN YÊU CẦU QUÉT KHUÔN MẶT MỚI
2026-05-23 17:34:55,237 | INFO     | [495235] Đã xử lý ảnh thành công. Kích thước tensor: (1, 48, 48, 1)
2026-05-23 17:34:55,316 | INFO     | [495235] 📊 Chi tiết dự đoán: {'ANGRY': 7.62, 'DISGUST': 0.06, 'FEAR': 6.61, 'HAPPY': 14.32, 'NEUTRAL': 14.89, 'SAD': 53.47, 'SURPRISE': 3.04}
2026-05-23 17:34:55,316 | INFO     | [495235] 🎯 KẾT QUẢ CHỐT: SAD (53.47%)
2026-05-23 17:34:55,316 | INFO     | [495235] ⏱️ Thời gian phản hồi: 81.1 ms
2026-05-23 17:34:55,329 | INFO     | [495329] ------------------------------------------
2026-05-23 17:34:55,329 | INFO     | [495329] 📥 NHẬN YÊU CẦU QUÉT KHUÔN MẶT MỚI
2026-05-23 17:34:55,329 | INFO     | [495329] Đã xử lý ảnh thành công. Kích thước tensor: (1, 48, 48, 1)
2026-05-23 17:34:55,399 | INFO     | [495329] 📊 Chi tiết dự đoán: {'ANGRY': 8.13, 'DISGUST': 0.05, 'FEAR': 6.44, 'HAPPY': 16.49, 'NEUTRAL': 15.08, 'SAD': 50.1, 'SURPRISE': 3.7}
2026-05-23 17:34:55,399 | INFO     | [495329] 🎯 KẾT QUẢ CHỐT: SAD (50.10%)
2026-05-23 17:34:55,399 | INFO     | [495329] ⏱️ Thời gian phản hồi: 70.07 ms
2026-05-23 17:34:55,438 | INFO     | [495438] ------------------------------------------
2026-05-23 17:34:55,438 | INFO     | [495438] 📥 NHẬN YÊU CẦU QUÉT KHUÔN MẶT MỚI
2026-05-23 17:34:55,439 | INFO     | [495438] Đã xử lý ảnh thành công. Kích thước tensor: (1, 48, 48, 1)
2026-05-23 17:34:55,508 | INFO     | [495438] 📊 Chi tiết dự đoán: {'ANGRY': 9.0, 'DISGUST': 0.08, 'FEAR': 7.37, 'HAPPY': 12.36, 'NEUTRAL': 16.68, 'SAD': 51.05, 'SURPRISE': 3.46}
2026-05-23 17:34:55,508 | INFO     | [495438] 🎯 KẾT QUẢ CHỐT: SAD (51.05%)
2026-05-23 17:34:55,508 | INFO     | [495438] ⏱️ Thời gian phản hồi: 70.44 ms
2026-05-23 17:34:55,533 | INFO     | [495533] ------------------------------------------
2026-05-23 17:34:55,533 | INFO     | [495533] 📥 NHẬN YÊU CẦU QUÉT KHUÔN MẶT MỚI
2026-05-23 17:34:55,534 | INFO     | [495533] Đã xử lý ảnh thành công. Kích thước tensor: (1, 48, 48, 1)
2026-05-23 17:34:55,611 | INFO     | [495533] 📊 Chi tiết dự đoán: {'ANGRY': 7.72, 'DISGUST': 0.06, 'FEAR': 6.34, 'HAPPY': 13.42, 'NEUTRAL': 15.24, 'SAD': 54.06, 'SURPRISE': 3.16}
2026-05-23 17:34:55,611 | INFO     | [495533] 🎯 KẾT QUẢ CHỐT: SAD (54.06%)
2026-05-23 17:34:55,611 | INFO     | [495533] ⏱️ Thời gian phản hồi: 78.01 ms
2026-05-23 17:34:55,626 | INFO     | [495626] ------------------------------------------
2026-05-23 17:34:55,627 | INFO     | [495626] 📥 NHẬN YÊU CẦU QUÉT KHUÔN MẶT MỚI
2026-05-23 17:34:55,627 | INFO     | [495626] Đã xử lý ảnh thành công. Kích thước tensor: (1, 48, 48, 1)
2026-05-23 17:34:55,706 | INFO     | [495626] 📊 Chi tiết dự đoán: {'ANGRY': 7.48, 'DISGUST': 0.06, 'FEAR': 7.35, 'HAPPY': 12.64, 'NEUTRAL': 15.71, 'SAD': 53.36, 'SURPRISE': 3.4}
2026-05-23 17:34:55,706 | INFO     | [495626] 🎯 KẾT QUẢ CHỐT: SAD (53.36%)
2026-05-23 17:34:55,706 | INFO     | [495626] ⏱️ Thời gian phản hồi: 79.25 ms
2026-05-23 17:34:55,735 | INFO     | [495735] ------------------------------------------
2026-05-23 17:34:55,735 | INFO     | [495735] 📥 NHẬN YÊU CẦU QUÉT KHUÔN MẶT MỚI
2026-05-23 17:34:55,736 | INFO     | [495735] Đã xử lý ảnh thành công. Kích thước tensor: (1, 48, 48, 1)
2026-05-23 17:34:55,806 | INFO     | [495735] 📊 Chi tiết dự đoán: {'ANGRY': 8.13, 'DISGUST': 0.07, 'FEAR': 6.44, 'HAPPY': 18.08, 'NEUTRAL': 16.37, 'SAD': 47.1, 'SURPRISE': 3.8}
2026-05-23 17:34:55,806 | INFO     | [495735] 🎯 KẾT QUẢ CHỐT: SAD (47.10%)
2026-05-23 17:34:55,806 | INFO     | [495735] ⏱️ Thời gian phản hồi: 71.03 ms
2026-05-23 17:34:55,829 | INFO     | [495829] ------------------------------------------
2026-05-23 17:34:55,829 | INFO     | [495829] 📥 NHẬN YÊU CẦU QUÉT KHUÔN MẶT MỚI
2026-05-23 17:34:55,831 | INFO     | [495829] Đã xử lý ảnh thành công. Kích thước tensor: (1, 48, 48, 1)
2026-05-23 17:34:55,895 | INFO     | [495829] 📊 Chi tiết dự đoán: {'ANGRY': 8.03, 'DISGUST': 0.06, 'FEAR': 6.6, 'HAPPY': 12.65, 'NEUTRAL': 16.4, 'SAD': 52.93, 'SURPRISE': 3.33}
2026-05-23 17:34:55,895 | INFO     | [495829] 🎯 KẾT QUẢ CHỐT: SAD (52.93%)
2026-05-23 17:34:55,895 | INFO     | [495829] ⏱️ Thời gian phản hồi: 65.2 ms
2026-05-23 17:34:55,936 | INFO     | [495936] ------------------------------------------
2026-05-23 17:34:55,936 | INFO     | [495936] 📥 NHẬN YÊU CẦU QUÉT KHUÔN MẶT MỚI
2026-05-23 17:34:55,937 | INFO     | [495936] Đã xử lý ảnh thành công. Kích thước tensor: (1, 48, 48, 1)
2026-05-23 17:34:56,006 | INFO     | [495936] 📊 Chi tiết dự đoán: {'ANGRY': 7.85, 'DISGUST': 0.06, 'FEAR': 6.9, 'HAPPY': 12.43, 'NEUTRAL': 17.0, 'SAD': 52.12, 'SURPRISE': 3.64}
2026-05-23 17:34:56,006 | INFO     | [495936] 🎯 KẾT QUẢ CHỐT: SAD (52.12%)
2026-05-23 17:34:56,006 | INFO     | [495936] ⏱️ Thời gian phản hồi: 69.63 ms
2026-05-23 17:34:56,031 | INFO     | [496031] ------------------------------------------
2026-05-23 17:34:56,031 | INFO     | [496031] 📥 NHẬN YÊU CẦU QUÉT KHUÔN MẶT MỚI
2026-05-23 17:34:56,033 | INFO     | [496031] Đã xử lý ảnh thành công. Kích thước tensor: (1, 48, 48, 1)
2026-05-23 17:34:56,111 | INFO     | [496031] 📊 Chi tiết dự đoán: {'ANGRY': 7.81, 'DISGUST': 0.06, 'FEAR': 6.9, 'HAPPY': 11.81, 'NEUTRAL': 17.34, 'SAD': 52.39, 'SURPRISE': 3.68}
2026-05-23 17:34:56,111 | INFO     | [496031] 🎯 KẾT QUẢ CHỐT: SAD (52.39%)
2026-05-23 17:34:56,111 | INFO     | [496031] ⏱️ Thời gian phản hồi: 80.31 ms
2026-05-23 17:34:56,137 | INFO     | [496137] ------------------------------------------
2026-05-23 17:34:56,138 | INFO     | [496137] 📥 NHẬN YÊU CẦU QUÉT KHUÔN MẶT MỚI
2026-05-23 17:34:56,138 | INFO     | [496137] Đã xử lý ảnh thành công. Kích thước tensor: (1, 48, 48, 1)
2026-05-23 17:34:56,206 | INFO     | [496137] 📊 Chi tiết dự đoán: {'ANGRY': 7.94, 'DISGUST': 0.06, 'FEAR': 6.35, 'HAPPY': 16.13, 'NEUTRAL': 15.04, 'SAD': 51.03, 'SURPRISE': 3.46}
2026-05-23 17:34:56,206 | INFO     | [496137] 🎯 KẾT QUẢ CHỐT: SAD (51.03%)
2026-05-23 17:34:56,206 | INFO     | [496137] ⏱️ Thời gian phản hồi: 68.67 ms
2026-05-23 17:34:56,231 | INFO     | [496231] ------------------------------------------
2026-05-23 17:34:56,232 | INFO     | [496231] 📥 NHẬN YÊU CẦU QUÉT KHUÔN MẶT MỚI
2026-05-23 17:34:56,233 | INFO     | [496231] Đã xử lý ảnh thành công. Kích thước tensor: (1, 48, 48, 1)
2026-05-23 17:34:56,304 | INFO     | [496231] 📊 Chi tiết dự đoán: {'ANGRY': 6.41, 'DISGUST': 0.05, 'FEAR': 6.34, 'HAPPY': 11.89, 'NEUTRAL': 16.98, 'SAD': 54.65, 'SURPRISE': 3.68}
2026-05-23 17:34:56,304 | INFO     | [496231] 🎯 KẾT QUẢ CHỐT: SAD (54.65%)
2026-05-23 17:34:56,304 | INFO     | [496231] ⏱️ Thời gian phản hồi: 73.0 ms
2026-05-23 17:34:56,340 | INFO     | [496340] ------------------------------------------
2026-05-23 17:34:56,340 | INFO     | [496340] 📥 NHẬN YÊU CẦU QUÉT KHUÔN MẶT MỚI
2026-05-23 17:34:56,341 | INFO     | [496340] Đã xử lý ảnh thành công. Kích thước tensor: (1, 48, 48, 1)
2026-05-23 17:34:56,410 | INFO     | [496340] 📊 Chi tiết dự đoán: {'ANGRY': 6.3, 'DISGUST': 0.05, 'FEAR': 6.3, 'HAPPY': 12.42, 'NEUTRAL': 15.9, 'SAD': 55.89, 'SURPRISE': 3.15}
2026-05-23 17:34:56,410 | INFO     | [496340] 🎯 KẾT QUẢ CHỐT: SAD (55.89%)
2026-05-23 17:34:56,410 | INFO     | [496340] ⏱️ Thời gian phản hồi: 69.99 ms
2026-05-23 17:34:56,432 | INFO     | [496432] ------------------------------------------
2026-05-23 17:34:56,434 | INFO     | [496432] 📥 NHẬN YÊU CẦU QUÉT KHUÔN MẶT MỚI
2026-05-23 17:34:56,434 | INFO     | [496432] Đã xử lý ảnh thành công. Kích thước tensor: (1, 48, 48, 1)
2026-05-23 17:34:56,505 | INFO     | [496432] 📊 Chi tiết dự đoán: {'ANGRY': 7.75, 'DISGUST': 0.07, 'FEAR': 6.52, 'HAPPY': 16.13, 'NEUTRAL': 15.02, 'SAD': 50.92, 'SURPRISE': 3.6}
2026-05-23 17:34:56,505 | INFO     | [496432] 🎯 KẾT QUẢ CHỐT: SAD (50.92%)
2026-05-23 17:34:56,505 | INFO     | [496432] ⏱️ Thời gian phản hồi: 72.25 ms
2026-05-23 17:34:56,528 | INFO     | [496528] ------------------------------------------
2026-05-23 17:34:56,528 | INFO     | [496528] 📥 NHẬN YÊU CẦU QUÉT KHUÔN MẶT MỚI
2026-05-23 17:34:56,529 | INFO     | [496528] Đã xử lý ảnh thành công. Kích thước tensor: (1, 48, 48, 1)
2026-05-23 17:34:56,611 | INFO     | [496528] 📊 Chi tiết dự đoán: {'ANGRY': 6.95, 'DISGUST': 0.06, 'FEAR': 6.59, 'HAPPY': 13.48, 'NEUTRAL': 18.32, 'SAD': 51.2, 'SURPRISE': 3.4}
2026-05-23 17:34:56,613 | INFO     | [496528] 🎯 KẾT QUẢ CHỐT: SAD (51.20%)
2026-05-23 17:34:56,613 | INFO     | [496528] ⏱️ Thời gian phản hồi: 83.43 ms
2026-05-23 17:34:56,635 | INFO     | [496635] ------------------------------------------
2026-05-23 17:34:56,636 | INFO     | [496635] 📥 NHẬN YÊU CẦU QUÉT KHUÔN MẶT MỚI
2026-05-23 17:34:56,637 | INFO     | [496635] Đã xử lý ảnh thành công. Kích thước tensor: (1, 48, 48, 1)
2026-05-23 17:34:56,731 | INFO     | [496635] 📊 Chi tiết dự đoán: {'ANGRY': 8.31, 'DISGUST': 0.07, 'FEAR': 6.67, 'HAPPY': 16.91, 'NEUTRAL': 16.5, 'SAD': 48.41, 'SURPRISE': 3.14}
2026-05-23 17:34:56,731 | INFO     | [496635] 🎯 KẾT QUẢ CHỐT: SAD (48.41%)
2026-05-23 17:34:56,732 | INFO     | [496635] ⏱️ Thời gian phản hồi: 95.73 ms
2026-05-23 17:34:56,735 | INFO     | [496735] ------------------------------------------
2026-05-23 17:34:56,735 | INFO     | [496735] 📥 NHẬN YÊU CẦU QUÉT KHUÔN MẶT MỚI
2026-05-23 17:34:56,737 | INFO     | [496735] Đã xử lý ảnh thành công. Kích thước tensor: (1, 48, 48, 1)
2026-05-23 17:34:56,826 | INFO     | [496735] 📊 Chi tiết dự đoán: {'ANGRY': 7.2, 'DISGUST': 0.06, 'FEAR': 6.09, 'HAPPY': 16.54, 'NEUTRAL': 20.81, 'SAD': 46.15, 'SURPRISE': 3.16}
2026-05-23 17:34:56,827 | INFO     | [496735] 🎯 KẾT QUẢ CHỐT: SAD (46.15%)
2026-05-23 17:34:56,827 | INFO     | [496735] ⏱️ Thời gian phản hồi: 90.88 ms
2026-05-23 17:34:56,837 | INFO     | [496837] ------------------------------------------
2026-05-23 17:34:56,837 | INFO     | [496837] 📥 NHẬN YÊU CẦU QUÉT KHUÔN MẶT MỚI
2026-05-23 17:34:56,838 | INFO     | [496837] Đã xử lý ảnh thành công. Kích thước tensor: (1, 48, 48, 1)
2026-05-23 17:34:56,923 | INFO     | [496837] 📊 Chi tiết dự đoán: {'ANGRY': 8.04, 'DISGUST': 0.06, 'FEAR': 6.47, 'HAPPY': 19.98, 'NEUTRAL': 15.02, 'SAD': 45.98, 'SURPRISE': 4.45}
2026-05-23 17:34:56,923 | INFO     | [496837] 🎯 KẾT QUẢ CHỐT: SAD (45.98%)
2026-05-23 17:34:56,923 | INFO     | [496837] ⏱️ Thời gian phản hồi: 85.94 ms
2026-05-23 17:34:56,930 | INFO     | [496930] ------------------------------------------
2026-05-23 17:34:56,930 | INFO     | [496930] 📥 NHẬN YÊU CẦU QUÉT KHUÔN MẶT MỚI
2026-05-23 17:34:56,930 | INFO     | [496930] Đã xử lý ảnh thành công. Kích thước tensor: (1, 48, 48, 1)
2026-05-23 17:34:57,012 | INFO     | [496930] 📊 Chi tiết dự đoán: {'ANGRY': 6.54, 'DISGUST': 0.05, 'FEAR': 5.88, 'HAPPY': 12.34, 'NEUTRAL': 17.08, 'SAD': 55.39, 'SURPRISE': 2.73}
2026-05-23 17:34:57,012 | INFO     | [496930] 🎯 KẾT QUẢ CHỐT: SAD (55.39%)
2026-05-23 17:34:57,014 | INFO     | [496930] ⏱️ Thời gian phản hồi: 82.77 ms
2026-05-23 17:34:57,022 | INFO     | [497022] ------------------------------------------
2026-05-23 17:34:57,022 | INFO     | [497022] 📥 NHẬN YÊU CẦU QUÉT KHUÔN MẶT MỚI
2026-05-23 17:34:57,023 | INFO     | [497022] Đã xử lý ảnh thành công. Kích thước tensor: (1, 48, 48, 1)
2026-05-23 17:34:57,103 | INFO     | [497022] 📊 Chi tiết dự đoán: {'ANGRY': 7.24, 'DISGUST': 0.05, 'FEAR': 5.95, 'HAPPY': 15.04, 'NEUTRAL': 18.8, 'SAD': 49.56, 'SURPRISE': 3.36}
2026-05-23 17:34:57,103 | INFO     | [497022] 🎯 KẾT QUẢ CHỐT: SAD (49.56%)
2026-05-23 17:34:57,105 | INFO     | [497022] ⏱️ Thời gian phản hồi: 81.28 ms
2026-05-23 17:34:57,147 | INFO     | [497147] ------------------------------------------
2026-05-23 17:34:57,147 | INFO     | [497147] 📥 NHẬN YÊU CẦU QUÉT KHUÔN MẶT MỚI
2026-05-23 17:34:57,147 | INFO     | [497147] Đã xử lý ảnh thành công. Kích thước tensor: (1, 48, 48, 1)
2026-05-23 17:34:57,234 | INFO     | [497147] 📊 Chi tiết dự đoán: {'ANGRY': 7.81, 'DISGUST': 0.05, 'FEAR': 6.32, 'HAPPY': 16.6, 'NEUTRAL': 18.0, 'SAD': 47.6, 'SURPRISE': 3.63}
2026-05-23 17:34:57,234 | INFO     | [497147] 🎯 KẾT QUẢ CHỐT: SAD (47.60%)
2026-05-23 17:34:57,234 | INFO     | [497147] ⏱️ Thời gian phản hồi: 85.04 ms
2026-05-23 17:34:57,239 | INFO     | [497239] ------------------------------------------
2026-05-23 17:34:57,241 | INFO     | [497239] 📥 NHẬN YÊU CẦU QUÉT KHUÔN MẶT MỚI
2026-05-23 17:34:57,241 | INFO     | [497239] Đã xử lý ảnh thành công. Kích thước tensor: (1, 48, 48, 1)
2026-05-23 17:34:57,325 | INFO     | [497239] 📊 Chi tiết dự đoán: {'ANGRY': 8.13, 'DISGUST': 0.05, 'FEAR': 5.54, 'HAPPY': 23.16, 'NEUTRAL': 16.49, 'SAD': 43.79, 'SURPRISE': 2.84}
2026-05-23 17:34:57,325 | INFO     | [497239] 🎯 KẾT QUẢ CHỐT: SAD (43.79%)
2026-05-23 17:34:57,326 | INFO     | [497239] ⏱️ Thời gian phản hồi: 85.22 ms
2026-05-23 17:34:57,330 | INFO     | [497330] ------------------------------------------
2026-05-23 17:34:57,332 | INFO     | [497330] 📥 NHẬN YÊU CẦU QUÉT KHUÔN MẶT MỚI
2026-05-23 17:34:57,332 | INFO     | [497330] Đã xử lý ảnh thành công. Kích thước tensor: (1, 48, 48, 1)
2026-05-23 17:34:57,410 | INFO     | [497330] 📊 Chi tiết dự đoán: {'ANGRY': 8.28, 'DISGUST': 0.06, 'FEAR': 6.14, 'HAPPY': 19.54, 'NEUTRAL': 15.53, 'SAD': 46.52, 'SURPRISE': 3.93}
2026-05-23 17:34:57,410 | INFO     | [497330] 🎯 KẾT QUẢ CHỐT: SAD (46.52%)
2026-05-23 17:34:57,412 | INFO     | [497330] ⏱️ Thời gian phản hồi: 80.28 ms
2026-05-23 17:34:57,426 | INFO     | [497426] ------------------------------------------
2026-05-23 17:34:57,426 | INFO     | [497426] 📥 NHẬN YÊU CẦU QUÉT KHUÔN MẶT MỚI
2026-05-23 17:34:57,428 | INFO     | [497426] Đã xử lý ảnh thành công. Kích thước tensor: (1, 48, 48, 1)
2026-05-23 17:34:57,515 | INFO     | [497426] 📊 Chi tiết dự đoán: {'ANGRY': 7.09, 'DISGUST': 0.05, 'FEAR': 5.9, 'HAPPY': 17.54, 'NEUTRAL': 16.74, 'SAD': 49.22, 'SURPRISE': 3.46}
2026-05-23 17:34:57,515 | INFO     | [497426] 🎯 KẾT QUẢ CHỐT: SAD (49.22%)
2026-05-23 17:34:57,515 | INFO     | [497426] ⏱️ Thời gian phản hồi: 88.97 ms
2026-05-23 17:34:57,536 | INFO     | [497536] ------------------------------------------
2026-05-23 17:34:57,536 | INFO     | [497536] 📥 NHẬN YÊU CẦU QUÉT KHUÔN MẶT MỚI
2026-05-23 17:34:57,537 | INFO     | [497536] Đã xử lý ảnh thành công. Kích thước tensor: (1, 48, 48, 1)
2026-05-23 17:34:57,615 | INFO     | [497536] 📊 Chi tiết dự đoán: {'ANGRY': 8.16, 'DISGUST': 0.05, 'FEAR': 6.43, 'HAPPY': 19.94, 'NEUTRAL': 16.85, 'SAD': 44.84, 'SURPRISE': 3.73}
2026-05-23 17:34:57,615 | INFO     | [497536] 🎯 KẾT QUẢ CHỐT: SAD (44.84%)
2026-05-23 17:34:57,615 | INFO     | [497536] ⏱️ Thời gian phản hồi: 78.97 ms
2026-05-23 17:34:57,627 | INFO     | [497627] ------------------------------------------
2026-05-23 17:34:57,627 | INFO     | [497627] 📥 NHẬN YÊU CẦU QUÉT KHUÔN MẶT MỚI
2026-05-23 17:34:57,629 | INFO     | [497627] Đã xử lý ảnh thành công. Kích thước tensor: (1, 48, 48, 1)
2026-05-23 17:34:57,707 | INFO     | [497627] 📊 Chi tiết dự đoán: {'ANGRY': 6.99, 'DISGUST': 0.05, 'FEAR': 6.15, 'HAPPY': 19.03, 'NEUTRAL': 17.46, 'SAD': 46.73, 'SURPRISE': 3.6}
2026-05-23 17:34:57,707 | INFO     | [497627] 🎯 KẾT QUẢ CHỐT: SAD (46.73%)
2026-05-23 17:34:57,707 | INFO     | [497627] ⏱️ Thời gian phản hồi: 79.74 ms
2026-05-23 17:34:57,722 | INFO     | [497722] ------------------------------------------
2026-05-23 17:34:57,722 | INFO     | [497722] 📥 NHẬN YÊU CẦU QUÉT KHUÔN MẶT MỚI
2026-05-23 17:34:57,723 | INFO     | [497722] Đã xử lý ảnh thành công. Kích thước tensor: (1, 48, 48, 1)
2026-05-23 17:34:57,797 | INFO     | [497722] 📊 Chi tiết dự đoán: {'ANGRY': 8.09, 'DISGUST': 0.07, 'FEAR': 6.65, 'HAPPY': 14.07, 'NEUTRAL': 15.77, 'SAD': 51.33, 'SURPRISE': 4.02}
2026-05-23 17:34:57,798 | INFO     | [497722] 🎯 KẾT QUẢ CHỐT: SAD (51.33%)
2026-05-23 17:34:57,798 | INFO     | [497722] ⏱️ Thời gian phản hồi: 75.09 ms
2026-05-23 17:34:57,830 | INFO     | [497830] ------------------------------------------
2026-05-23 17:34:57,830 | INFO     | [497830] 📥 NHẬN YÊU CẦU QUÉT KHUÔN MẶT MỚI
2026-05-23 17:34:57,832 | INFO     | [497830] Đã xử lý ảnh thành công. Kích thước tensor: (1, 48, 48, 1)
2026-05-23 17:34:57,909 | INFO     | [497830] 📊 Chi tiết dự đoán: {'ANGRY': 7.94, 'DISGUST': 0.06, 'FEAR': 6.05, 'HAPPY': 19.02, 'NEUTRAL': 17.68, 'SAD': 45.84, 'SURPRISE': 3.41}
2026-05-23 17:34:57,909 | INFO     | [497830] 🎯 KẾT QUẢ CHỐT: SAD (45.84%)
2026-05-23 17:34:57,910 | INFO     | [497830] ⏱️ Thời gian phản hồi: 78.71 ms
2026-05-23 17:34:57,940 | INFO     | [497940] ------------------------------------------
2026-05-23 17:34:57,940 | INFO     | [497940] 📥 NHẬN YÊU CẦU QUÉT KHUÔN MẶT MỚI
2026-05-23 17:34:57,941 | INFO     | [497940] Đã xử lý ảnh thành công. Kích thước tensor: (1, 48, 48, 1)
2026-05-23 17:34:58,022 | INFO     | [497940] 📊 Chi tiết dự đoán: {'ANGRY': 7.71, 'DISGUST': 0.06, 'FEAR': 6.22, 'HAPPY': 17.48, 'NEUTRAL': 15.6, 'SAD': 49.63, 'SURPRISE': 3.3}
2026-05-23 17:34:58,022 | INFO     | [497940] 🎯 KẾT QUẢ CHỐT: SAD (49.63%)
2026-05-23 17:34:58,022 | INFO     | [497940] ⏱️ Thời gian phản hồi: 82.2 ms
2026-05-23 17:34:58,031 | INFO     | [498031] ------------------------------------------
2026-05-23 17:34:58,031 | INFO     | [498031] 📥 NHẬN YÊU CẦU QUÉT KHUÔN MẶT MỚI
2026-05-23 17:34:58,032 | INFO     | [498031] Đã xử lý ảnh thành công. Kích thước tensor: (1, 48, 48, 1)
2026-05-23 17:34:58,115 | INFO     | [498031] 📊 Chi tiết dự đoán: {'ANGRY': 6.68, 'DISGUST': 0.05, 'FEAR': 6.6, 'HAPPY': 12.32, 'NEUTRAL': 16.95, 'SAD': 53.7, 'SURPRISE': 3.71}
2026-05-23 17:34:58,115 | INFO     | [498031] 🎯 KẾT QUẢ CHỐT: SAD (53.70%)
2026-05-23 17:34:58,115 | INFO     | [498031] ⏱️ Thời gian phản hồi: 83.48 ms
2026-05-23 17:34:58,138 | INFO     | [498138] ------------------------------------------
2026-05-23 17:34:58,139 | INFO     | [498138] 📥 NHẬN YÊU CẦU QUÉT KHUÔN MẶT MỚI
2026-05-23 17:34:58,140 | INFO     | [498138] Đã xử lý ảnh thành công. Kích thước tensor: (1, 48, 48, 1)
2026-05-23 17:34:58,222 | INFO     | [498138] 📊 Chi tiết dự đoán: {'ANGRY': 6.9, 'DISGUST': 0.05, 'FEAR': 5.92, 'HAPPY': 14.74, 'NEUTRAL': 18.26, 'SAD': 50.66, 'SURPRISE': 3.46}
2026-05-23 17:34:58,222 | INFO     | [498138] 🎯 KẾT QUẢ CHỐT: SAD (50.66%)
2026-05-23 17:34:58,222 | INFO     | [498138] ⏱️ Thời gian phản hồi: 83.43 ms
2026-05-23 17:34:58,231 | INFO     | [498231] ------------------------------------------
2026-05-23 17:34:58,231 | INFO     | [498231] 📥 NHẬN YÊU CẦU QUÉT KHUÔN MẶT MỚI
2026-05-23 17:34:58,231 | INFO     | [498231] Đã xử lý ảnh thành công. Kích thước tensor: (1, 48, 48, 1)
2026-05-23 17:34:58,305 | INFO     | [498231] 📊 Chi tiết dự đoán: {'ANGRY': 8.1, 'DISGUST': 0.06, 'FEAR': 6.72, 'HAPPY': 13.65, 'NEUTRAL': 14.38, 'SAD': 53.82, 'SURPRISE': 3.27}
2026-05-23 17:34:58,306 | INFO     | [498231] 🎯 KẾT QUẢ CHỐT: SAD (53.82%)
2026-05-23 17:34:58,306 | INFO     | [498231] ⏱️ Thời gian phản hồi: 73.67 ms
2026-05-23 17:34:58,340 | INFO     | [498340] ------------------------------------------
2026-05-23 17:34:58,340 | INFO     | [498340] 📥 NHẬN YÊU CẦU QUÉT KHUÔN MẶT MỚI
2026-05-23 17:34:58,340 | INFO     | [498340] Đã xử lý ảnh thành công. Kích thước tensor: (1, 48, 48, 1)
2026-05-23 17:34:58,426 | INFO     | [498340] 📊 Chi tiết dự đoán: {'ANGRY': 7.77, 'DISGUST': 0.08, 'FEAR': 6.55, 'HAPPY': 9.83, 'NEUTRAL': 16.36, 'SAD': 56.39, 'SURPRISE': 3.03}
2026-05-23 17:34:58,426 | INFO     | [498340] 🎯 KẾT QUẢ CHỐT: SAD (56.39%)
2026-05-23 17:34:58,427 | INFO     | [498340] ⏱️ Thời gian phản hồi: 85.8 ms
2026-05-23 17:34:58,433 | INFO     | [498433] ------------------------------------------
2026-05-23 17:34:58,434 | INFO     | [498433] 📥 NHẬN YÊU CẦU QUÉT KHUÔN MẶT MỚI
2026-05-23 17:34:58,434 | INFO     | [498433] Đã xử lý ảnh thành công. Kích thước tensor: (1, 48, 48, 1)
2026-05-23 17:34:58,517 | INFO     | [498433] 📊 Chi tiết dự đoán: {'ANGRY': 7.84, 'DISGUST': 0.05, 'FEAR': 6.4, 'HAPPY': 13.84, 'NEUTRAL': 16.54, 'SAD': 51.78, 'SURPRISE': 3.56}
2026-05-23 17:34:58,517 | INFO     | [498433] 🎯 KẾT QUẢ CHỐT: SAD (51.78%)
2026-05-23 17:34:58,518 | INFO     | [498433] ⏱️ Thời gian phản hồi: 83.75 ms
2026-05-23 17:34:58,528 | INFO     | [498528] ------------------------------------------
2026-05-23 17:34:58,529 | INFO     | [498528] 📥 NHẬN YÊU CẦU QUÉT KHUÔN MẶT MỚI
2026-05-23 17:34:58,529 | INFO     | [498528] Đã xử lý ảnh thành công. Kích thước tensor: (1, 48, 48, 1)
2026-05-23 17:34:58,613 | INFO     | [498528] 📊 Chi tiết dự đoán: {'ANGRY': 7.0, 'DISGUST': 0.05, 'FEAR': 6.35, 'HAPPY': 11.78, 'NEUTRAL': 18.99, 'SAD': 52.78, 'SURPRISE': 3.04}
2026-05-23 17:34:58,613 | INFO     | [498528] 🎯 KẾT QUẢ CHỐT: SAD (52.78%)
2026-05-23 17:34:58,613 | INFO     | [498528] ⏱️ Thời gian phản hồi: 85.09 ms
2026-05-23 17:34:58,637 | INFO     | [498637] ------------------------------------------
2026-05-23 17:34:58,637 | INFO     | [498637] 📥 NHẬN YÊU CẦU QUÉT KHUÔN MẶT MỚI
2026-05-23 17:34:58,638 | INFO     | [498637] Đã xử lý ảnh thành công. Kích thước tensor: (1, 48, 48, 1)
2026-05-23 17:34:58,715 | INFO     | [498637] 📊 Chi tiết dự đoán: {'ANGRY': 7.27, 'DISGUST': 0.05, 'FEAR': 6.25, 'HAPPY': 12.63, 'NEUTRAL': 16.61, 'SAD': 54.06, 'SURPRISE': 3.14}
2026-05-23 17:34:58,715 | INFO     | [498637] 🎯 KẾT QUẢ CHỐT: SAD (54.06%)
2026-05-23 17:34:58,715 | INFO     | [498637] ⏱️ Thời gian phản hồi: 77.42 ms
2026-05-23 17:34:58,729 | INFO     | [498729] ------------------------------------------
2026-05-23 17:34:58,729 | INFO     | [498729] 📥 NHẬN YÊU CẦU QUÉT KHUÔN MẶT MỚI
2026-05-23 17:34:58,731 | INFO     | [498729] Đã xử lý ảnh thành công. Kích thước tensor: (1, 48, 48, 1)
2026-05-23 17:34:58,803 | INFO     | [498729] 📊 Chi tiết dự đoán: {'ANGRY': 7.74, 'DISGUST': 0.07, 'FEAR': 6.58, 'HAPPY': 10.67, 'NEUTRAL': 16.48, 'SAD': 55.44, 'SURPRISE': 3.03}
2026-05-23 17:34:58,803 | INFO     | [498729] 🎯 KẾT QUẢ CHỐT: SAD (55.44%)
2026-05-23 17:34:58,804 | INFO     | [498729] ⏱️ Thời gian phản hồi: 73.44 ms
2026-05-23 17:34:58,821 | INFO     | [498821] ------------------------------------------
2026-05-23 17:34:58,821 | INFO     | [498821] 📥 NHẬN YÊU CẦU QUÉT KHUÔN MẶT MỚI
2026-05-23 17:34:58,823 | INFO     | [498821] Đã xử lý ảnh thành công. Kích thước tensor: (1, 48, 48, 1)
2026-05-23 17:34:58,890 | INFO     | [498821] 📊 Chi tiết dự đoán: {'ANGRY': 8.14, 'DISGUST': 0.06, 'FEAR': 7.09, 'HAPPY': 10.85, 'NEUTRAL': 15.36, 'SAD': 55.24, 'SURPRISE': 3.26}
2026-05-23 17:34:58,890 | INFO     | [498821] 🎯 KẾT QUẢ CHỐT: SAD (55.24%)
2026-05-23 17:34:58,890 | INFO     | [498821] ⏱️ Thời gian phản hồi: 69.12 ms
2026-05-23 17:34:58,929 | INFO     | [498929] ------------------------------------------
2026-05-23 17:34:58,929 | INFO     | [498929] 📥 NHẬN YÊU CẦU QUÉT KHUÔN MẶT MỚI
2026-05-23 17:34:58,929 | INFO     | [498929] Đã xử lý ảnh thành công. Kích thước tensor: (1, 48, 48, 1)
2026-05-23 17:34:58,999 | INFO     | [498929] 📊 Chi tiết dự đoán: {'ANGRY': 6.11, 'DISGUST': 0.08, 'FEAR': 6.65, 'HAPPY': 13.48, 'NEUTRAL': 16.99, 'SAD': 51.96, 'SURPRISE': 4.73}
2026-05-23 17:34:58,999 | INFO     | [498929] 🎯 KẾT QUẢ CHỐT: SAD (51.96%)
2026-05-23 17:34:58,999 | INFO     | [498929] ⏱️ Thời gian phản hồi: 69.31 ms
2026-05-23 17:34:59,025 | INFO     | [499025] ------------------------------------------
2026-05-23 17:34:59,025 | INFO     | [499025] 📥 NHẬN YÊU CẦU QUÉT KHUÔN MẶT MỚI
2026-05-23 17:34:59,026 | INFO     | [499025] Đã xử lý ảnh thành công. Kích thước tensor: (1, 48, 48, 1)
2026-05-23 17:34:59,096 | INFO     | [499025] 📊 Chi tiết dự đoán: {'ANGRY': 5.56, 'DISGUST': 0.05, 'FEAR': 5.91, 'HAPPY': 16.06, 'NEUTRAL': 16.98, 'SAD': 50.27, 'SURPRISE': 5.17}
2026-05-23 17:34:59,096 | INFO     | [499025] 🎯 KẾT QUẢ CHỐT: SAD (50.27%)
2026-05-23 17:34:59,096 | INFO     | [499025] ⏱️ Thời gian phản hồi: 71.18 ms
2026-05-23 17:34:59,138 | INFO     | [499138] ------------------------------------------
2026-05-23 17:34:59,138 | INFO     | [499138] 📥 NHẬN YÊU CẦU QUÉT KHUÔN MẶT MỚI
2026-05-23 17:34:59,139 | INFO     | [499138] Đã xử lý ảnh thành công. Kích thước tensor: (1, 48, 48, 1)
2026-05-23 17:34:59,222 | INFO     | [499138] 📊 Chi tiết dự đoán: {'ANGRY': 6.37, 'DISGUST': 0.08, 'FEAR': 7.04, 'HAPPY': 13.01, 'NEUTRAL': 14.54, 'SAD': 53.66, 'SURPRISE': 5.3}
2026-05-23 17:34:59,223 | INFO     | [499138] 🎯 KẾT QUẢ CHỐT: SAD (53.66%)
2026-05-23 17:34:59,223 | INFO     | [499138] ⏱️ Thời gian phản hồi: 84.56 ms
2026-05-23 17:34:59,229 | INFO     | [499229] ------------------------------------------
2026-05-23 17:34:59,229 | INFO     | [499229] 📥 NHẬN YÊU CẦU QUÉT KHUÔN MẶT MỚI
2026-05-23 17:34:59,230 | INFO     | [499229] Đã xử lý ảnh thành công. Kích thước tensor: (1, 48, 48, 1)
2026-05-23 17:34:59,317 | INFO     | [499229] 📊 Chi tiết dự đoán: {'ANGRY': 5.89, 'DISGUST': 0.06, 'FEAR': 6.99, 'HAPPY': 11.98, 'NEUTRAL': 16.36, 'SAD': 54.31, 'SURPRISE': 4.41}
2026-05-23 17:34:59,317 | INFO     | [499229] 🎯 KẾT QUẢ CHỐT: SAD (54.31%)
2026-05-23 17:34:59,317 | INFO     | [499229] ⏱️ Thời gian phản hồi: 88.06 ms
2026-05-23 17:34:59,383 | INFO     | [499383] ------------------------------------------
2026-05-23 17:34:59,383 | INFO     | [499383] 📥 NHẬN YÊU CẦU QUÉT KHUÔN MẶT MỚI
2026-05-23 17:34:59,385 | INFO     | [499383] Đã xử lý ảnh thành công. Kích thước tensor: (1, 48, 48, 1)
2026-05-23 17:34:59,471 | INFO     | [499383] 📊 Chi tiết dự đoán: {'ANGRY': 6.29, 'DISGUST': 0.09, 'FEAR': 6.08, 'HAPPY': 10.7, 'NEUTRAL': 16.44, 'SAD': 56.35, 'SURPRISE': 4.06}
2026-05-23 17:34:59,471 | INFO     | [499383] 🎯 KẾT QUẢ CHỐT: SAD (56.35%)
2026-05-23 17:34:59,471 | INFO     | [499383] ⏱️ Thời gian phản hồi: 87.48 ms
2026-05-23 17:34:59,473 | INFO     | [499473] ------------------------------------------
2026-05-23 17:34:59,474 | INFO     | [499473] 📥 NHẬN YÊU CẦU QUÉT KHUÔN MẶT MỚI
2026-05-23 17:34:59,474 | INFO     | [499473] Đã xử lý ảnh thành công. Kích thước tensor: (1, 48, 48, 1)
2026-05-23 17:34:59,559 | INFO     | [499473] 📊 Chi tiết dự đoán: {'ANGRY': 8.8, 'DISGUST': 0.06, 'FEAR': 7.84, 'HAPPY': 13.73, 'NEUTRAL': 14.94, 'SAD': 48.31, 'SURPRISE': 6.33}
2026-05-23 17:34:59,559 | INFO     | [499473] 🎯 KẾT QUẢ CHỐT: SAD (48.31%)
2026-05-23 17:34:59,559 | INFO     | [499473] ⏱️ Thời gian phản hồi: 86.64 ms
2026-05-23 17:34:59,562 | INFO     | [499562] ------------------------------------------
2026-05-23 17:34:59,562 | INFO     | [499562] 📥 NHẬN YÊU CẦU QUÉT KHUÔN MẶT MỚI
2026-05-23 17:34:59,563 | INFO     | [499562] Đã xử lý ảnh thành công. Kích thước tensor: (1, 48, 48, 1)
2026-05-23 17:34:59,640 | INFO     | [499562] 📊 Chi tiết dự đoán: {'ANGRY': 11.06, 'DISGUST': 0.08, 'FEAR': 8.59, 'HAPPY': 14.4, 'NEUTRAL': 14.15, 'SAD': 45.4, 'SURPRISE': 6.31}
2026-05-23 17:34:59,641 | INFO     | [499562] 🎯 KẾT QUẢ CHỐT: SAD (45.40%)
2026-05-23 17:34:59,641 | INFO     | [499562] ⏱️ Thời gian phản hồi: 78.38 ms
2026-05-23 17:34:59,644 | INFO     | [499644] ------------------------------------------
2026-05-23 17:34:59,645 | INFO     | [499644] 📥 NHẬN YÊU CẦU QUÉT KHUÔN MẶT MỚI
2026-05-23 17:34:59,646 | INFO     | [499644] Đã xử lý ảnh thành công. Kích thước tensor: (1, 48, 48, 1)
2026-05-23 17:34:59,741 | INFO     | [499644] 📊 Chi tiết dự đoán: {'ANGRY': 10.24, 'DISGUST': 0.06, 'FEAR': 8.04, 'HAPPY': 18.32, 'NEUTRAL': 13.29, 'SAD': 44.19, 'SURPRISE': 5.86}
2026-05-23 17:34:59,741 | INFO     | [499644] 🎯 KẾT QUẢ CHỐT: SAD (44.19%)
2026-05-23 17:34:59,742 | INFO     | [499644] ⏱️ Thời gian phản hồi: 96.9 ms
2026-05-23 17:34:59,743 | INFO     | [499743] ------------------------------------------
2026-05-23 17:34:59,743 | INFO     | [499743] 📥 NHẬN YÊU CẦU QUÉT KHUÔN MẶT MỚI
2026-05-23 17:34:59,745 | INFO     | [499743] Đã xử lý ảnh thành công. Kích thước tensor: (1, 48, 48, 1)
2026-05-23 17:34:59,838 | INFO     | [499743] 📊 Chi tiết dự đoán: {'ANGRY': 9.77, 'DISGUST': 0.07, 'FEAR': 9.05, 'HAPPY': 11.35, 'NEUTRAL': 15.06, 'SAD': 48.02, 'SURPRISE': 6.69}
2026-05-23 17:34:59,839 | INFO     | [499743] 🎯 KẾT QUẢ CHỐT: SAD (48.02%)
2026-05-23 17:34:59,839 | INFO     | [499743] ⏱️ Thời gian phản hồi: 94.79 ms
2026-05-23 17:34:59,861 | INFO     | [BATCH-499859] ==========================================
2026-05-23 17:34:59,861 | INFO     | [BATCH-499859] 🎞️ NHẬN CHUỖI 60 KHUNG HÌNH (BATCH)
2026-05-23 17:34:59,942 | INFO     | [BATCH-499859] ↳ Frame 1/60: SAD (51.8%)
2026-05-23 17:35:00,025 | INFO     | [BATCH-499859] ↳ Frame 2/60: SAD (51.8%)
2026-05-23 17:35:00,132 | INFO     | [BATCH-499859] ↳ Frame 3/60: SAD (53.0%)
2026-05-23 17:35:00,223 | INFO     | [BATCH-499859] ↳ Frame 4/60: SAD (52.3%)
2026-05-23 17:35:00,336 | INFO     | [BATCH-499859] ↳ Frame 5/60: SAD (50.9%)
2026-05-23 17:35:00,429 | INFO     | [BATCH-499859] ↳ Frame 6/60: SAD (54.9%)
2026-05-23 17:35:00,541 | INFO     | [BATCH-499859] ↳ Frame 7/60: SAD (49.3%)
2026-05-23 17:35:00,643 | INFO     | [BATCH-499859] ↳ Frame 8/60: SAD (53.4%)
2026-05-23 17:35:00,745 | INFO     | [BATCH-499859] ↳ Frame 9/60: SAD (48.6%)
2026-05-23 17:35:00,845 | INFO     | [BATCH-499859] ↳ Frame 10/60: SAD (55.7%)
2026-05-23 17:35:00,940 | INFO     | [BATCH-499859] ↳ Frame 11/60: SAD (51.9%)
2026-05-23 17:35:01,046 | INFO     | [BATCH-499859] ↳ Frame 12/60: SAD (39.4%)
2026-05-23 17:35:01,125 | INFO     | [BATCH-499859] ↳ Frame 13/60: HAPPY (40.0%)
2026-05-23 17:35:01,213 | INFO     | [BATCH-499859] ↳ Frame 14/60: HAPPY (38.3%)
2026-05-23 17:35:01,291 | INFO     | [BATCH-499859] ↳ Frame 15/60: SAD (40.3%)
2026-05-23 17:35:01,366 | INFO     | [BATCH-499859] ↳ Frame 16/60: SAD (38.3%)
2026-05-23 17:35:01,445 | INFO     | [BATCH-499859] ↳ Frame 17/60: HAPPY (36.6%)
2026-05-23 17:35:01,526 | INFO     | [BATCH-499859] ↳ Frame 18/60: SAD (42.7%)
2026-05-23 17:35:01,595 | INFO     | [BATCH-499859] ↳ Frame 19/60: SAD (39.5%)
2026-05-23 17:35:01,681 | INFO     | [BATCH-499859] ↳ Frame 20/60: SAD (42.1%)
2026-05-23 17:35:01,756 | INFO     | [BATCH-499859] ↳ Frame 21/60: SAD (37.1%)
2026-05-23 17:35:01,836 | INFO     | [BATCH-499859] ↳ Frame 22/60: SAD (40.1%)
2026-05-23 17:35:01,922 | INFO     | [BATCH-499859] ↳ Frame 23/60: SAD (44.0%)
2026-05-23 17:35:01,996 | INFO     | [BATCH-499859] ↳ Frame 24/60: SAD (48.3%)
2026-05-23 17:35:02,077 | INFO     | [BATCH-499859] ↳ Frame 25/60: SAD (49.6%)
2026-05-23 17:35:02,225 | INFO     | [BATCH-499859] ↳ Frame 26/60: SAD (39.2%)
2026-05-23 17:35:02,295 | INFO     | [BATCH-499859] ↳ Frame 27/60: SAD (42.7%)
2026-05-23 17:35:02,365 | INFO     | [BATCH-499859] ↳ Frame 28/60: SAD (50.6%)
2026-05-23 17:35:02,440 | INFO     | [BATCH-499859] ↳ Frame 29/60: SAD (47.1%)
2026-05-23 17:35:02,521 | INFO     | [BATCH-499859] ↳ Frame 30/60: SAD (39.4%)
2026-05-23 17:35:02,596 | INFO     | [BATCH-499859] ↳ Frame 31/60: SAD (43.8%)
2026-05-23 17:35:02,657 | INFO     | [BATCH-499859] ↳ Frame 32/60: SAD (47.8%)
2026-05-23 17:35:02,720 | INFO     | [BATCH-499859] ↳ Frame 33/60: SAD (49.1%)
2026-05-23 17:35:02,780 | INFO     | [BATCH-499859] ↳ Frame 34/60: SAD (50.4%)
2026-05-23 17:35:02,841 | INFO     | [BATCH-499859] ↳ Frame 35/60: SAD (46.5%)
2026-05-23 17:35:02,902 | INFO     | [BATCH-499859] ↳ Frame 36/60: SAD (50.5%)
2026-05-23 17:35:02,958 | INFO     | [BATCH-499859] ↳ Frame 37/60: SAD (47.1%)
2026-05-23 17:35:03,016 | INFO     | [BATCH-499859] ↳ Frame 38/60: SAD (46.2%)
2026-05-23 17:35:03,071 | INFO     | [BATCH-499859] ↳ Frame 39/60: SAD (42.6%)
2026-05-23 17:35:03,130 | INFO     | [BATCH-499859] ↳ Frame 40/60: SAD (49.5%)
2026-05-23 17:35:03,186 | INFO     | [BATCH-499859] ↳ Frame 41/60: SAD (46.6%)
2026-05-23 17:35:03,254 | INFO     | [BATCH-499859] ↳ Frame 42/60: SAD (49.2%)
2026-05-23 17:35:03,313 | INFO     | [BATCH-499859] ↳ Frame 43/60: SAD (46.9%)
2026-05-23 17:35:03,371 | INFO     | [BATCH-499859] ↳ Frame 44/60: SAD (51.5%)
2026-05-23 17:35:03,429 | INFO     | [BATCH-499859] ↳ Frame 45/60: SAD (48.6%)
2026-05-23 17:35:03,486 | INFO     | [BATCH-499859] ↳ Frame 46/60: SAD (52.6%)
2026-05-23 17:35:03,546 | INFO     | [BATCH-499859] ↳ Frame 47/60: SAD (42.1%)
2026-05-23 17:35:03,606 | INFO     | [BATCH-499859] ↳ Frame 48/60: SAD (54.9%)
2026-05-23 17:35:03,663 | INFO     | [BATCH-499859] ↳ Frame 49/60: SAD (54.7%)
2026-05-23 17:35:03,721 | INFO     | [BATCH-499859] ↳ Frame 50/60: SAD (56.4%)
2026-05-23 17:35:03,776 | INFO     | [BATCH-499859] ↳ Frame 51/60: SAD (47.7%)
2026-05-23 17:35:03,844 | INFO     | [BATCH-499859] ↳ Frame 52/60: SAD (46.4%)
2026-05-23 17:35:03,907 | INFO     | [BATCH-499859] ↳ Frame 53/60: SAD (54.7%)
2026-05-23 17:35:03,966 | INFO     | [BATCH-499859] ↳ Frame 54/60: SAD (51.6%)
2026-05-23 17:35:04,030 | INFO     | [BATCH-499859] ↳ Frame 55/60: SAD (55.1%)
2026-05-23 17:35:04,087 | INFO     | [BATCH-499859] ↳ Frame 56/60: SAD (53.5%)
2026-05-23 17:35:04,145 | INFO     | [BATCH-499859] ↳ Frame 57/60: SAD (50.1%)
2026-05-23 17:35:04,206 | INFO     | [BATCH-499859] ↳ Frame 58/60: SAD (51.1%)
2026-05-23 17:35:04,271 | INFO     | [BATCH-499859] ↳ Frame 59/60: SAD (54.1%)
2026-05-23 17:35:04,333 | INFO     | [BATCH-499859] ↳ Frame 60/60: SAD (53.4%)
2026-05-23 17:35:04,333 | INFO     | [BATCH-499859] 🎯 KẾT QUẢ CHUỖI: SAD (Tần suất: {'SAD': 57, 'HAPPY': 3})
2026-05-23 17:35:04,335 | INFO     | [BATCH-499859] ⏱️ Tổng thời gian xử lý: 4473.81 ms
2026-05-23 17:35:18,722 | INFO     | [518722] ------------------------------------------
2026-05-23 17:35:18,725 | INFO     | [518722] 📥 NHẬN YÊU CẦU QUÉT KHUÔN MẶT MỚI
2026-05-23 17:35:18,740 | INFO     | [518722] Đã xử lý ảnh thành công. Kích thước tensor: (1, 48, 48, 1)
2026-05-23 17:35:18,844 | INFO     | [518722] 📊 Chi tiết dự đoán: {'ANGRY': 7.08, 'DISGUST': 0.1, 'FEAR': 7.81, 'HAPPY': 11.5, 'NEUTRAL': 13.9, 'SAD': 56.69, 'SURPRISE': 2.9}
2026-05-23 17:35:18,844 | INFO     | [518722] 🎯 KẾT QUẢ CHỐT: SAD (56.69%)
2026-05-23 17:35:18,845 | INFO     | [518722] ⏱️ Thời gian phản hồi: 121.55 ms
2026-05-23 17:35:18,847 | INFO     | [518847] ------------------------------------------
2026-05-23 17:35:18,847 | INFO     | [518847] 📥 NHẬN YÊU CẦU QUÉT KHUÔN MẶT MỚI
2026-05-23 17:35:18,849 | INFO     | [518847] Đã xử lý ảnh thành công. Kích thước tensor: (1, 48, 48, 1)
2026-05-23 17:35:18,940 | INFO     | [518847] 📊 Chi tiết dự đoán: {'ANGRY': 7.08, 'DISGUST': 0.1, 'FEAR': 7.81, 'HAPPY': 11.5, 'NEUTRAL': 13.9, 'SAD': 56.69, 'SURPRISE': 2.9}
2026-05-23 17:35:18,941 | INFO     | [518847] 🎯 KẾT QUẢ CHỐT: SAD (56.69%)
2026-05-23 17:35:18,941 | INFO     | [518847] ⏱️ Thời gian phản hồi: 92.77 ms
2026-05-23 17:35:18,944 | INFO     | [518944] ------------------------------------------
2026-05-23 17:35:18,944 | INFO     | [518944] 📥 NHẬN YÊU CẦU QUÉT KHUÔN MẶT MỚI
2026-05-23 17:35:18,944 | INFO     | [518944] Đã xử lý ảnh thành công. Kích thước tensor: (1, 48, 48, 1)
2026-05-23 17:35:19,042 | INFO     | [518944] 📊 Chi tiết dự đoán: {'ANGRY': 6.08, 'DISGUST': 0.09, 'FEAR': 6.99, 'HAPPY': 13.75, 'NEUTRAL': 11.27, 'SAD': 59.69, 'SURPRISE': 2.13}
2026-05-23 17:35:19,042 | INFO     | [518944] 🎯 KẾT QUẢ CHỐT: SAD (59.69%)
2026-05-23 17:35:19,043 | INFO     | [518944] ⏱️ Thời gian phản hồi: 97.66 ms
2026-05-23 17:35:19,044 | INFO     | [519044] ------------------------------------------
2026-05-23 17:35:19,045 | INFO     | [519044] 📥 NHẬN YÊU CẦU QUÉT KHUÔN MẶT MỚI
2026-05-23 17:35:19,046 | INFO     | [519044] Đã xử lý ảnh thành công. Kích thước tensor: (1, 48, 48, 1)
2026-05-23 17:35:19,138 | INFO     | [519044] 📊 Chi tiết dự đoán: {'ANGRY': 5.72, 'DISGUST': 0.07, 'FEAR': 6.17, 'HAPPY': 10.51, 'NEUTRAL': 10.21, 'SAD': 65.39, 'SURPRISE': 1.92}
2026-05-23 17:35:19,138 | INFO     | [519044] 🎯 KẾT QUẢ CHỐT: SAD (65.39%)
2026-05-23 17:35:19,138 | INFO     | [519044] ⏱️ Thời gian phản hồi: 94.64 ms
2026-05-23 17:35:19,140 | INFO     | [519140] ------------------------------------------
2026-05-23 17:35:19,141 | INFO     | [519140] 📥 NHẬN YÊU CẦU QUÉT KHUÔN MẶT MỚI
2026-05-23 17:35:19,141 | INFO     | [519140] Đã xử lý ảnh thành công. Kích thước tensor: (1, 48, 48, 1)
2026-05-23 17:35:19,208 | INFO     | [519140] 📊 Chi tiết dự đoán: {'ANGRY': 6.66, 'DISGUST': 0.11, 'FEAR': 6.76, 'HAPPY': 12.47, 'NEUTRAL': 12.79, 'SAD': 58.38, 'SURPRISE': 2.83}
2026-05-23 17:35:19,209 | INFO     | [519140] 🎯 KẾT QUẢ CHỐT: SAD (58.38%)
2026-05-23 17:35:19,209 | INFO     | [519140] ⏱️ Thời gian phản hồi: 67.5 ms
2026-05-23 17:35:19,212 | INFO     | [519212] ------------------------------------------
2026-05-23 17:35:19,212 | INFO     | [519212] 📥 NHẬN YÊU CẦU QUÉT KHUÔN MẶT MỚI
2026-05-23 17:35:19,213 | INFO     | [519212] Đã xử lý ảnh thành công. Kích thước tensor: (1, 48, 48, 1)
2026-05-23 17:35:19,297 | INFO     | [519212] 📊 Chi tiết dự đoán: {'ANGRY': 6.22, 'DISGUST': 0.11, 'FEAR': 6.56, 'HAPPY': 16.69, 'NEUTRAL': 12.5, 'SAD': 55.29, 'SURPRISE': 2.64}
2026-05-23 17:35:19,298 | INFO     | [519212] 🎯 KẾT QUẢ CHỐT: SAD (55.29%)
2026-05-23 17:35:19,298 | INFO     | [519212] ⏱️ Thời gian phản hồi: 84.7 ms
2026-05-23 17:35:19,299 | INFO     | [519299] ------------------------------------------
2026-05-23 17:35:19,300 | INFO     | [519299] 📥 NHẬN YÊU CẦU QUÉT KHUÔN MẶT MỚI
2026-05-23 17:35:19,300 | INFO     | [519299] Đã xử lý ảnh thành công. Kích thước tensor: (1, 48, 48, 1)
2026-05-23 17:35:19,374 | INFO     | [519299] 📊 Chi tiết dự đoán: {'ANGRY': 7.04, 'DISGUST': 0.13, 'FEAR': 7.68, 'HAPPY': 14.37, 'NEUTRAL': 12.83, 'SAD': 54.57, 'SURPRISE': 3.38}
2026-05-23 17:35:19,374 | INFO     | [519299] 🎯 KẾT QUẢ CHỐT: SAD (54.57%)
2026-05-23 17:35:19,375 | INFO     | [519299] ⏱️ Thời gian phản hồi: 74.81 ms
2026-05-23 17:35:19,376 | INFO     | [519376] ------------------------------------------
2026-05-23 17:35:19,376 | INFO     | [519376] 📥 NHẬN YÊU CẦU QUÉT KHUÔN MẶT MỚI
2026-05-23 17:35:19,377 | INFO     | [519376] Đã xử lý ảnh thành công. Kích thước tensor: (1, 48, 48, 1)
2026-05-23 17:35:19,454 | INFO     | [519376] 📊 Chi tiết dự đoán: {'ANGRY': 6.75, 'DISGUST': 0.11, 'FEAR': 8.73, 'HAPPY': 9.73, 'NEUTRAL': 13.13, 'SAD': 57.6, 'SURPRISE': 3.96}
2026-05-23 17:35:19,454 | INFO     | [519376] 🎯 KẾT QUẢ CHỐT: SAD (57.60%)
2026-05-23 17:35:19,454 | INFO     | [519376] ⏱️ Thời gian phản hồi: 77.7 ms
2026-05-23 17:35:19,482 | INFO     | [519482] ------------------------------------------
2026-05-23 17:35:19,482 | INFO     | [519482] 📥 NHẬN YÊU CẦU QUÉT KHUÔN MẶT MỚI
2026-05-23 17:35:19,483 | INFO     | [519482] Đã xử lý ảnh thành công. Kích thước tensor: (1, 48, 48, 1)
2026-05-23 17:35:19,562 | INFO     | [519482] 📊 Chi tiết dự đoán: {'ANGRY': 6.14, 'DISGUST': 0.08, 'FEAR': 8.75, 'HAPPY': 10.44, 'NEUTRAL': 11.44, 'SAD': 59.18, 'SURPRISE': 3.97}
2026-05-23 17:35:19,564 | INFO     | [519482] 🎯 KẾT QUẢ CHỐT: SAD (59.18%)
2026-05-23 17:35:19,564 | INFO     | [519482] ⏱️ Thời gian phản hồi: 80.62 ms
2026-05-23 17:35:19,575 | INFO     | [519575] ------------------------------------------
2026-05-23 17:35:19,575 | INFO     | [519575] 📥 NHẬN YÊU CẦU QUÉT KHUÔN MẶT MỚI
2026-05-23 17:35:19,576 | INFO     | [519575] Đã xử lý ảnh thành công. Kích thước tensor: (1, 48, 48, 1)
2026-05-23 17:35:19,653 | INFO     | [519575] 📊 Chi tiết dự đoán: {'ANGRY': 5.99, 'DISGUST': 0.07, 'FEAR': 8.36, 'HAPPY': 13.17, 'NEUTRAL': 9.87, 'SAD': 59.27, 'SURPRISE': 3.28}
2026-05-23 17:35:19,654 | INFO     | [519575] 🎯 KẾT QUẢ CHỐT: SAD (59.27%)
2026-05-23 17:35:19,654 | INFO     | [519575] ⏱️ Thời gian phản hồi: 77.98 ms
2026-05-23 17:35:19,668 | INFO     | [519668] ------------------------------------------
2026-05-23 17:35:19,669 | INFO     | [519668] 📥 NHẬN YÊU CẦU QUÉT KHUÔN MẶT MỚI
2026-05-23 17:35:19,669 | INFO     | [519668] Đã xử lý ảnh thành công. Kích thước tensor: (1, 48, 48, 1)
2026-05-23 17:35:19,742 | INFO     | [519668] 📊 Chi tiết dự đoán: {'ANGRY': 7.44, 'DISGUST': 0.13, 'FEAR': 8.24, 'HAPPY': 15.21, 'NEUTRAL': 10.98, 'SAD': 53.1, 'SURPRISE': 4.91}
2026-05-23 17:35:19,744 | INFO     | [519668] 🎯 KẾT QUẢ CHỐT: SAD (53.10%)
2026-05-23 17:35:19,744 | INFO     | [519668] ⏱️ Thời gian phản hồi: 74.63 ms
2026-05-23 17:35:19,773 | INFO     | [519773] ------------------------------------------
2026-05-23 17:35:19,774 | INFO     | [519773] 📥 NHẬN YÊU CẦU QUÉT KHUÔN MẶT MỚI
2026-05-23 17:35:19,774 | INFO     | [519773] Đã xử lý ảnh thành công. Kích thước tensor: (1, 48, 48, 1)
2026-05-23 17:35:19,837 | INFO     | [519773] 📊 Chi tiết dự đoán: {'ANGRY': 6.12, 'DISGUST': 0.14, 'FEAR': 8.46, 'HAPPY': 15.99, 'NEUTRAL': 10.93, 'SAD': 53.58, 'SURPRISE': 4.78}
2026-05-23 17:35:19,837 | INFO     | [519773] 🎯 KẾT QUẢ CHỐT: SAD (53.58%)
2026-05-23 17:35:19,837 | INFO     | [519773] ⏱️ Thời gian phản hồi: 64.04 ms
2026-05-23 17:35:19,868 | INFO     | [519868] ------------------------------------------
2026-05-23 17:35:19,868 | INFO     | [519868] 📥 NHẬN YÊU CẦU QUÉT KHUÔN MẶT MỚI
2026-05-23 17:35:19,868 | INFO     | [519868] Đã xử lý ảnh thành công. Kích thước tensor: (1, 48, 48, 1)
2026-05-23 17:35:19,936 | INFO     | [519868] 📊 Chi tiết dự đoán: {'ANGRY': 6.14, 'DISGUST': 0.12, 'FEAR': 7.21, 'HAPPY': 13.45, 'NEUTRAL': 13.99, 'SAD': 55.18, 'SURPRISE': 3.91}
2026-05-23 17:35:19,936 | INFO     | [519868] 🎯 KẾT QUẢ CHỐT: SAD (55.18%)
2026-05-23 17:35:19,936 | INFO     | [519868] ⏱️ Thời gian phản hồi: 68.18 ms
2026-05-23 17:35:19,975 | INFO     | [519975] ------------------------------------------
2026-05-23 17:35:19,976 | INFO     | [519975] 📥 NHẬN YÊU CẦU QUÉT KHUÔN MẶT MỚI
2026-05-23 17:35:19,977 | INFO     | [519975] Đã xử lý ảnh thành công. Kích thước tensor: (1, 48, 48, 1)
2026-05-23 17:35:20,048 | INFO     | [519975] 📊 Chi tiết dự đoán: {'ANGRY': 5.72, 'DISGUST': 0.1, 'FEAR': 7.82, 'HAPPY': 17.05, 'NEUTRAL': 11.17, 'SAD': 53.93, 'SURPRISE': 4.22}
2026-05-23 17:35:20,049 | INFO     | [519975] 🎯 KẾT QUẢ CHỐT: SAD (53.93%)
2026-05-23 17:35:20,049 | INFO     | [519975] ⏱️ Thời gian phản hồi: 73.78 ms
2026-05-23 17:35:20,087 | INFO     | [520087] ------------------------------------------
2026-05-23 17:35:20,088 | INFO     | [520087] 📥 NHẬN YÊU CẦU QUÉT KHUÔN MẶT MỚI
2026-05-23 17:35:20,091 | INFO     | [520087] Đã xử lý ảnh thành công. Kích thước tensor: (1, 48, 48, 1)
2026-05-23 17:35:20,185 | INFO     | [520087] 📊 Chi tiết dự đoán: {'ANGRY': 6.45, 'DISGUST': 0.11, 'FEAR': 7.81, 'HAPPY': 14.72, 'NEUTRAL': 11.91, 'SAD': 55.08, 'SURPRISE': 3.93}
2026-05-23 17:35:20,186 | INFO     | [520087] 🎯 KẾT QUẢ CHỐT: SAD (55.08%)
2026-05-23 17:35:20,186 | INFO     | [520087] ⏱️ Thời gian phản hồi: 97.8 ms
2026-05-23 17:35:20,188 | INFO     | [520188] ------------------------------------------
2026-05-23 17:35:20,188 | INFO     | [520188] 📥 NHẬN YÊU CẦU QUÉT KHUÔN MẶT MỚI
2026-05-23 17:35:20,189 | INFO     | [520188] Đã xử lý ảnh thành công. Kích thước tensor: (1, 48, 48, 1)
2026-05-23 17:35:20,262 | INFO     | [520188] 📊 Chi tiết dự đoán: {'ANGRY': 6.75, 'DISGUST': 0.11, 'FEAR': 8.55, 'HAPPY': 16.31, 'NEUTRAL': 10.01, 'SAD': 53.74, 'SURPRISE': 4.53}
2026-05-23 17:35:20,262 | INFO     | [520188] 🎯 KẾT QUẢ CHỐT: SAD (53.74%)
2026-05-23 17:35:20,262 | INFO     | [520188] ⏱️ Thời gian phản hồi: 74.44 ms
2026-05-23 17:35:20,273 | INFO     | [520273] ------------------------------------------
2026-05-23 17:35:20,273 | INFO     | [520273] 📥 NHẬN YÊU CẦU QUÉT KHUÔN MẶT MỚI
2026-05-23 17:35:20,274 | INFO     | [520273] Đã xử lý ảnh thành công. Kích thước tensor: (1, 48, 48, 1)
2026-05-23 17:35:20,348 | INFO     | [520273] 📊 Chi tiết dự đoán: {'ANGRY': 7.4, 'DISGUST': 0.11, 'FEAR': 7.01, 'HAPPY': 17.9, 'NEUTRAL': 13.99, 'SAD': 50.73, 'SURPRISE': 2.86}
2026-05-23 17:35:20,350 | INFO     | [520273] 🎯 KẾT QUẢ CHỐT: SAD (50.73%)
2026-05-23 17:35:20,350 | INFO     | [520273] ⏱️ Thời gian phản hồi: 75.42 ms
2026-05-23 17:35:20,364 | INFO     | [520364] ------------------------------------------
2026-05-23 17:35:20,365 | INFO     | [520364] 📥 NHẬN YÊU CẦU QUÉT KHUÔN MẶT MỚI
2026-05-23 17:35:20,366 | INFO     | [520364] Đã xử lý ảnh thành công. Kích thước tensor: (1, 48, 48, 1)
2026-05-23 17:35:20,437 | INFO     | [520364] 📊 Chi tiết dự đoán: {'ANGRY': 6.02, 'DISGUST': 0.1, 'FEAR': 6.23, 'HAPPY': 19.0, 'NEUTRAL': 14.77, 'SAD': 50.84, 'SURPRISE': 3.04}
2026-05-23 17:35:20,439 | INFO     | [520364] 🎯 KẾT QUẢ CHỐT: SAD (50.84%)
2026-05-23 17:35:20,439 | INFO     | [520364] ⏱️ Thời gian phản hồi: 73.33 ms
2026-05-23 17:35:20,474 | INFO     | [520474] ------------------------------------------
2026-05-23 17:35:20,474 | INFO     | [520474] 📥 NHẬN YÊU CẦU QUÉT KHUÔN MẶT MỚI
2026-05-23 17:35:20,474 | INFO     | [520474] Đã xử lý ảnh thành công. Kích thước tensor: (1, 48, 48, 1)
2026-05-23 17:35:20,552 | INFO     | [520474] 📊 Chi tiết dự đoán: {'ANGRY': 5.27, 'DISGUST': 0.11, 'FEAR': 7.64, 'HAPPY': 12.5, 'NEUTRAL': 11.43, 'SAD': 58.53, 'SURPRISE': 4.52}
2026-05-23 17:35:20,552 | INFO     | [520474] 🎯 KẾT QUẢ CHỐT: SAD (58.53%)
2026-05-23 17:35:20,553 | INFO     | [520474] ⏱️ Thời gian phản hồi: 78.5 ms
2026-05-23 17:35:20,568 | INFO     | [520568] ------------------------------------------
2026-05-23 17:35:20,568 | INFO     | [520568] 📥 NHẬN YÊU CẦU QUÉT KHUÔN MẶT MỚI
2026-05-23 17:35:20,568 | INFO     | [520568] Đã xử lý ảnh thành công. Kích thước tensor: (1, 48, 48, 1)
2026-05-23 17:35:20,633 | INFO     | [520568] 📊 Chi tiết dự đoán: {'ANGRY': 7.24, 'DISGUST': 0.14, 'FEAR': 7.96, 'HAPPY': 12.43, 'NEUTRAL': 12.97, 'SAD': 54.6, 'SURPRISE': 4.67}
2026-05-23 17:35:20,633 | INFO     | [520568] 🎯 KẾT QUẢ CHỐT: SAD (54.60%)
2026-05-23 17:35:20,633 | INFO     | [520568] ⏱️ Thời gian phản hồi: 65.17 ms
2026-05-23 17:35:20,676 | INFO     | [520676] ------------------------------------------
2026-05-23 17:35:20,676 | INFO     | [520676] 📥 NHẬN YÊU CẦU QUÉT KHUÔN MẶT MỚI
2026-05-23 17:35:20,678 | INFO     | [520676] Đã xử lý ảnh thành công. Kích thước tensor: (1, 48, 48, 1)
2026-05-23 17:35:20,743 | INFO     | [520676] 📊 Chi tiết dự đoán: {'ANGRY': 5.45, 'DISGUST': 0.11, 'FEAR': 5.71, 'HAPPY': 10.5, 'NEUTRAL': 20.01, 'SAD': 56.25, 'SURPRISE': 1.97}
2026-05-23 17:35:20,744 | INFO     | [520676] 🎯 KẾT QUẢ CHỐT: SAD (56.25%)
2026-05-23 17:35:20,744 | INFO     | [520676] ⏱️ Thời gian phản hồi: 66.66 ms
2026-05-23 17:35:20,769 | INFO     | [520769] ------------------------------------------
2026-05-23 17:35:20,769 | INFO     | [520769] 📥 NHẬN YÊU CẦU QUÉT KHUÔN MẶT MỚI
2026-05-23 17:35:20,770 | INFO     | [520769] Đã xử lý ảnh thành công. Kích thước tensor: (1, 48, 48, 1)
2026-05-23 17:35:20,840 | INFO     | [520769] 📊 Chi tiết dự đoán: {'ANGRY': 6.07, 'DISGUST': 0.1, 'FEAR': 6.71, 'HAPPY': 7.55, 'NEUTRAL': 17.18, 'SAD': 59.85, 'SURPRISE': 2.54}
2026-05-23 17:35:20,840 | INFO     | [520769] 🎯 KẾT QUẢ CHỐT: SAD (59.85%)
2026-05-23 17:35:20,840 | INFO     | [520769] ⏱️ Thời gian phản hồi: 70.88 ms
2026-05-23 17:35:20,863 | INFO     | [520863] ------------------------------------------
2026-05-23 17:35:20,863 | INFO     | [520863] 📥 NHẬN YÊU CẦU QUÉT KHUÔN MẶT MỚI
2026-05-23 17:35:20,864 | INFO     | [520863] Đã xử lý ảnh thành công. Kích thước tensor: (1, 48, 48, 1)
2026-05-23 17:35:20,931 | INFO     | [520863] 📊 Chi tiết dự đoán: {'ANGRY': 5.5, 'DISGUST': 0.09, 'FEAR': 7.37, 'HAPPY': 11.25, 'NEUTRAL': 13.96, 'SAD': 58.34, 'SURPRISE': 3.49}
2026-05-23 17:35:20,932 | INFO     | [520863] 🎯 KẾT QUẢ CHỐT: SAD (58.34%)
2026-05-23 17:35:20,932 | INFO     | [520863] ⏱️ Thời gian phản hồi: 67.74 ms
2026-05-23 17:35:20,972 | INFO     | [520972] ------------------------------------------
2026-05-23 17:35:20,972 | INFO     | [520972] 📥 NHẬN YÊU CẦU QUÉT KHUÔN MẶT MỚI
2026-05-23 17:35:20,973 | INFO     | [520972] Đã xử lý ảnh thành công. Kích thước tensor: (1, 48, 48, 1)
2026-05-23 17:35:21,048 | INFO     | [520972] 📊 Chi tiết dự đoán: {'ANGRY': 5.78, 'DISGUST': 0.11, 'FEAR': 7.9, 'HAPPY': 13.73, 'NEUTRAL': 12.21, 'SAD': 54.44, 'SURPRISE': 5.82}
2026-05-23 17:35:21,048 | INFO     | [520972] 🎯 KẾT QUẢ CHỐT: SAD (54.44%)
2026-05-23 17:35:21,048 | INFO     | [520972] ⏱️ Thời gian phản hồi: 76.25 ms
2026-05-23 17:35:21,082 | INFO     | [521082] ------------------------------------------
2026-05-23 17:35:21,082 | INFO     | [521082] 📥 NHẬN YÊU CẦU QUÉT KHUÔN MẶT MỚI
2026-05-23 17:35:21,082 | INFO     | [521082] Đã xử lý ảnh thành công. Kích thước tensor: (1, 48, 48, 1)
2026-05-23 17:35:21,153 | INFO     | [521082] 📊 Chi tiết dự đoán: {'ANGRY': 5.22, 'DISGUST': 0.08, 'FEAR': 6.25, 'HAPPY': 11.49, 'NEUTRAL': 16.3, 'SAD': 58.81, 'SURPRISE': 1.85}
2026-05-23 17:35:21,153 | INFO     | [521082] 🎯 KẾT QUẢ CHỐT: SAD (58.81%)
2026-05-23 17:35:21,153 | INFO     | [521082] ⏱️ Thời gian phản hồi: 69.31 ms
2026-05-23 17:35:21,175 | INFO     | [521175] ------------------------------------------
2026-05-23 17:35:21,176 | INFO     | [521175] 📥 NHẬN YÊU CẦU QUÉT KHUÔN MẶT MỚI
2026-05-23 17:35:21,176 | INFO     | [521175] Đã xử lý ảnh thành công. Kích thước tensor: (1, 48, 48, 1)
2026-05-23 17:35:21,249 | INFO     | [521175] 📊 Chi tiết dự đoán: {'ANGRY': 6.07, 'DISGUST': 0.11, 'FEAR': 7.26, 'HAPPY': 9.28, 'NEUTRAL': 14.67, 'SAD': 60.34, 'SURPRISE': 2.28}
2026-05-23 17:35:21,249 | INFO     | [521175] 🎯 KẾT QUẢ CHỐT: SAD (60.34%)
2026-05-23 17:35:21,249 | INFO     | [521175] ⏱️ Thời gian phản hồi: 73.7 ms
2026-05-23 17:35:21,269 | INFO     | [521269] ------------------------------------------
2026-05-23 17:35:21,269 | INFO     | [521269] 📥 NHẬN YÊU CẦU QUÉT KHUÔN MẶT MỚI
2026-05-23 17:35:21,270 | INFO     | [521269] Đã xử lý ảnh thành công. Kích thước tensor: (1, 48, 48, 1)
2026-05-23 17:35:21,339 | INFO     | [521269] 📊 Chi tiết dự đoán: {'ANGRY': 4.68, 'DISGUST': 0.08, 'FEAR': 6.7, 'HAPPY': 8.92, 'NEUTRAL': 15.12, 'SAD': 62.42, 'SURPRISE': 2.07}
2026-05-23 17:35:21,339 | INFO     | [521269] 🎯 KẾT QUẢ CHỐT: SAD (62.42%)
2026-05-23 17:35:21,340 | INFO     | [521269] ⏱️ Thời gian phản hồi: 69.93 ms
2026-05-23 17:35:21,377 | INFO     | [521377] ------------------------------------------
2026-05-23 17:35:21,377 | INFO     | [521377] 📥 NHẬN YÊU CẦU QUÉT KHUÔN MẶT MỚI
2026-05-23 17:35:21,377 | INFO     | [521377] Đã xử lý ảnh thành công. Kích thước tensor: (1, 48, 48, 1)
2026-05-23 17:35:21,442 | INFO     | [521377] 📊 Chi tiết dự đoán: {'ANGRY': 4.47, 'DISGUST': 0.09, 'FEAR': 6.47, 'HAPPY': 10.12, 'NEUTRAL': 14.78, 'SAD': 61.96, 'SURPRISE': 2.11}
2026-05-23 17:35:21,443 | INFO     | [521377] 🎯 KẾT QUẢ CHỐT: SAD (61.96%)
2026-05-23 17:35:21,443 | INFO     | [521377] ⏱️ Thời gian phản hồi: 65.3 ms
2026-05-23 17:35:21,471 | INFO     | [521471] ------------------------------------------
2026-05-23 17:35:21,471 | INFO     | [521471] 📥 NHẬN YÊU CẦU QUÉT KHUÔN MẶT MỚI
2026-05-23 17:35:21,472 | INFO     | [521471] Đã xử lý ảnh thành công. Kích thước tensor: (1, 48, 48, 1)
2026-05-23 17:35:21,541 | INFO     | [521471] 📊 Chi tiết dự đoán: {'ANGRY': 5.42, 'DISGUST': 0.09, 'FEAR': 5.99, 'HAPPY': 13.18, 'NEUTRAL': 10.65, 'SAD': 62.5, 'SURPRISE': 2.18}
2026-05-23 17:35:21,543 | INFO     | [521471] 🎯 KẾT QUẢ CHỐT: SAD (62.50%)
2026-05-23 17:35:21,543 | INFO     | [521471] ⏱️ Thời gian phản hồi: 70.54 ms
2026-05-23 17:35:21,580 | INFO     | [521580] ------------------------------------------
2026-05-23 17:35:21,580 | INFO     | [521580] 📥 NHẬN YÊU CẦU QUÉT KHUÔN MẶT MỚI
2026-05-23 17:35:21,581 | INFO     | [521580] Đã xử lý ảnh thành công. Kích thước tensor: (1, 48, 48, 1)
2026-05-23 17:35:21,644 | INFO     | [521580] 📊 Chi tiết dự đoán: {'ANGRY': 5.3, 'DISGUST': 0.08, 'FEAR': 5.8, 'HAPPY': 15.81, 'NEUTRAL': 14.33, 'SAD': 56.68, 'SURPRISE': 2.0}
2026-05-23 17:35:21,644 | INFO     | [521580] 🎯 KẾT QUẢ CHỐT: SAD (56.68%)
2026-05-23 17:35:21,644 | INFO     | [521580] ⏱️ Thời gian phản hồi: 63.01 ms
2026-05-23 17:35:21,673 | INFO     | [521673] ------------------------------------------
2026-05-23 17:35:21,673 | INFO     | [521673] 📥 NHẬN YÊU CẦU QUÉT KHUÔN MẶT MỚI
2026-05-23 17:35:21,673 | INFO     | [521673] Đã xử lý ảnh thành công. Kích thước tensor: (1, 48, 48, 1)
2026-05-23 17:35:21,742 | INFO     | [521673] 📊 Chi tiết dự đoán: {'ANGRY': 6.78, 'DISGUST': 0.11, 'FEAR': 6.07, 'HAPPY': 13.62, 'NEUTRAL': 13.85, 'SAD': 57.63, 'SURPRISE': 1.94}
2026-05-23 17:35:21,742 | INFO     | [521673] 🎯 KẾT QUẢ CHỐT: SAD (57.63%)
2026-05-23 17:35:21,742 | INFO     | [521673] ⏱️ Thời gian phản hồi: 68.79 ms
2026-05-23 17:35:21,767 | INFO     | [521767] ------------------------------------------
2026-05-23 17:35:21,767 | INFO     | [521767] 📥 NHẬN YÊU CẦU QUÉT KHUÔN MẶT MỚI
2026-05-23 17:35:21,768 | INFO     | [521767] Đã xử lý ảnh thành công. Kích thước tensor: (1, 48, 48, 1)
2026-05-23 17:35:21,842 | INFO     | [521767] 📊 Chi tiết dự đoán: {'ANGRY': 6.29, 'DISGUST': 0.08, 'FEAR': 5.8, 'HAPPY': 14.18, 'NEUTRAL': 15.18, 'SAD': 56.68, 'SURPRISE': 1.8}
2026-05-23 17:35:21,842 | INFO     | [521767] 🎯 KẾT QUẢ CHỐT: SAD (56.68%)
2026-05-23 17:35:21,842 | INFO     | [521767] ⏱️ Thời gian phản hồi: 73.49 ms
2026-05-23 17:35:21,876 | INFO     | [521876] ------------------------------------------
2026-05-23 17:35:21,876 | INFO     | [521876] 📥 NHẬN YÊU CẦU QUÉT KHUÔN MẶT MỚI
2026-05-23 17:35:21,877 | INFO     | [521876] Đã xử lý ảnh thành công. Kích thước tensor: (1, 48, 48, 1)
2026-05-23 17:35:21,950 | INFO     | [521876] 📊 Chi tiết dự đoán: {'ANGRY': 6.08, 'DISGUST': 0.09, 'FEAR': 6.13, 'HAPPY': 17.76, 'NEUTRAL': 14.54, 'SAD': 53.05, 'SURPRISE': 2.35}
2026-05-23 17:35:21,950 | INFO     | [521876] 🎯 KẾT QUẢ CHỐT: SAD (53.05%)
2026-05-23 17:35:21,951 | INFO     | [521876] ⏱️ Thời gian phản hồi: 73.56 ms
2026-05-23 17:35:21,968 | INFO     | [521968] ------------------------------------------
2026-05-23 17:35:21,968 | INFO     | [521968] 📥 NHẬN YÊU CẦU QUÉT KHUÔN MẶT MỚI
2026-05-23 17:35:21,969 | INFO     | [521968] Đã xử lý ảnh thành công. Kích thước tensor: (1, 48, 48, 1)
2026-05-23 17:35:22,047 | INFO     | [521968] 📊 Chi tiết dự đoán: {'ANGRY': 5.24, 'DISGUST': 0.08, 'FEAR': 7.15, 'HAPPY': 11.89, 'NEUTRAL': 14.23, 'SAD': 58.56, 'SURPRISE': 2.84}
2026-05-23 17:35:22,047 | INFO     | [521968] 🎯 KẾT QUẢ CHỐT: SAD (58.56%)
2026-05-23 17:35:22,047 | INFO     | [521968] ⏱️ Thời gian phản hồi: 78.94 ms
2026-05-23 17:35:22,060 | INFO     | [522060] ------------------------------------------
2026-05-23 17:35:22,060 | INFO     | [522060] 📥 NHẬN YÊU CẦU QUÉT KHUÔN MẶT MỚI
2026-05-23 17:35:22,062 | INFO     | [522060] Đã xử lý ảnh thành công. Kích thước tensor: (1, 48, 48, 1)
2026-05-23 17:35:22,142 | INFO     | [522060] 📊 Chi tiết dự đoán: {'ANGRY': 5.51, 'DISGUST': 0.1, 'FEAR': 7.4, 'HAPPY': 12.79, 'NEUTRAL': 13.89, 'SAD': 57.21, 'SURPRISE': 3.12}
2026-05-23 17:35:22,143 | INFO     | [522060] 🎯 KẾT QUẢ CHỐT: SAD (57.21%)
2026-05-23 17:35:22,143 | INFO     | [522060] ⏱️ Thời gian phản hồi: 81.25 ms
2026-05-23 17:35:22,169 | INFO     | [522169] ------------------------------------------
2026-05-23 17:35:22,169 | INFO     | [522169] 📥 NHẬN YÊU CẦU QUÉT KHUÔN MẶT MỚI
2026-05-23 17:35:22,169 | INFO     | [522169] Đã xử lý ảnh thành công. Kích thước tensor: (1, 48, 48, 1)
2026-05-23 17:35:22,242 | INFO     | [522169] 📊 Chi tiết dự đoán: {'ANGRY': 5.93, 'DISGUST': 0.09, 'FEAR': 7.09, 'HAPPY': 14.13, 'NEUTRAL': 15.97, 'SAD': 53.66, 'SURPRISE': 3.12}
2026-05-23 17:35:22,242 | INFO     | [522169] 🎯 KẾT QUẢ CHỐT: SAD (53.66%)
2026-05-23 17:35:22,242 | INFO     | [522169] ⏱️ Thời gian phản hồi: 72.73 ms
2026-05-23 17:35:22,261 | INFO     | [522261] ------------------------------------------
2026-05-23 17:35:22,261 | INFO     | [522261] 📥 NHẬN YÊU CẦU QUÉT KHUÔN MẶT MỚI
2026-05-23 17:35:22,262 | INFO     | [522261] Đã xử lý ảnh thành công. Kích thước tensor: (1, 48, 48, 1)
2026-05-23 17:35:22,354 | INFO     | [522261] 📊 Chi tiết dự đoán: {'ANGRY': 6.02, 'DISGUST': 0.09, 'FEAR': 7.52, 'HAPPY': 12.86, 'NEUTRAL': 15.35, 'SAD': 55.33, 'SURPRISE': 2.83}
2026-05-23 17:35:22,354 | INFO     | [522261] 🎯 KẾT QUẢ CHỐT: SAD (55.33%)
2026-05-23 17:35:22,355 | INFO     | [522261] ⏱️ Thời gian phản hồi: 92.63 ms
2026-05-23 17:35:22,370 | INFO     | [522370] ------------------------------------------
2026-05-23 17:35:22,370 | INFO     | [522370] 📥 NHẬN YÊU CẦU QUÉT KHUÔN MẶT MỚI
2026-05-23 17:35:22,370 | INFO     | [522370] Đã xử lý ảnh thành công. Kích thước tensor: (1, 48, 48, 1)
2026-05-23 17:35:22,448 | INFO     | [522370] 📊 Chi tiết dự đoán: {'ANGRY': 6.38, 'DISGUST': 0.1, 'FEAR': 6.76, 'HAPPY': 19.04, 'NEUTRAL': 13.21, 'SAD': 51.61, 'SURPRISE': 2.9}
2026-05-23 17:35:22,450 | INFO     | [522370] 🎯 KẾT QUẢ CHỐT: SAD (51.61%)
2026-05-23 17:35:22,450 | INFO     | [522370] ⏱️ Thời gian phản hồi: 78.45 ms
2026-05-23 17:35:22,480 | INFO     | [522480] ------------------------------------------
2026-05-23 17:35:22,480 | INFO     | [522480] 📥 NHẬN YÊU CẦU QUÉT KHUÔN MẶT MỚI
2026-05-23 17:35:22,481 | INFO     | [522480] Đã xử lý ảnh thành công. Kích thước tensor: (1, 48, 48, 1)
2026-05-23 17:35:22,554 | INFO     | [522480] 📊 Chi tiết dự đoán: {'ANGRY': 6.96, 'DISGUST': 0.11, 'FEAR': 7.65, 'HAPPY': 18.57, 'NEUTRAL': 13.56, 'SAD': 49.2, 'SURPRISE': 3.94}
2026-05-23 17:35:22,554 | INFO     | [522480] 🎯 KẾT QUẢ CHỐT: SAD (49.20%)
2026-05-23 17:35:22,555 | INFO     | [522480] ⏱️ Thời gian phản hồi: 74.32 ms
2026-05-23 17:35:22,573 | INFO     | [522573] ------------------------------------------
2026-05-23 17:35:22,573 | INFO     | [522573] 📥 NHẬN YÊU CẦU QUÉT KHUÔN MẶT MỚI
2026-05-23 17:35:22,573 | INFO     | [522573] Đã xử lý ảnh thành công. Kích thước tensor: (1, 48, 48, 1)
2026-05-23 17:35:22,659 | INFO     | [522573] 📊 Chi tiết dự đoán: {'ANGRY': 7.47, 'DISGUST': 0.12, 'FEAR': 7.49, 'HAPPY': 15.16, 'NEUTRAL': 14.47, 'SAD': 52.15, 'SURPRISE': 3.14}
2026-05-23 17:35:22,659 | INFO     | [522573] 🎯 KẾT QUẢ CHỐT: SAD (52.15%)
2026-05-23 17:35:22,659 | INFO     | [522573] ⏱️ Thời gian phản hồi: 86.04 ms
2026-05-23 17:35:22,681 | INFO     | [522681] ------------------------------------------
2026-05-23 17:35:22,681 | INFO     | [522681] 📥 NHẬN YÊU CẦU QUÉT KHUÔN MẶT MỚI
2026-05-23 17:35:22,682 | INFO     | [522681] Đã xử lý ảnh thành công. Kích thước tensor: (1, 48, 48, 1)
2026-05-23 17:35:22,752 | INFO     | [522681] 📊 Chi tiết dự đoán: {'ANGRY': 6.17, 'DISGUST': 0.1, 'FEAR': 7.4, 'HAPPY': 14.69, 'NEUTRAL': 14.34, 'SAD': 54.36, 'SURPRISE': 2.94}
2026-05-23 17:35:22,752 | INFO     | [522681] 🎯 KẾT QUẢ CHỐT: SAD (54.36%)
2026-05-23 17:35:22,754 | INFO     | [522681] ⏱️ Thời gian phản hồi: 71.15 ms
2026-05-23 17:35:22,776 | INFO     | [522776] ------------------------------------------
2026-05-23 17:35:22,778 | INFO     | [522776] 📥 NHẬN YÊU CẦU QUÉT KHUÔN MẶT MỚI
2026-05-23 17:35:22,781 | INFO     | [522776] Đã xử lý ảnh thành công. Kích thước tensor: (1, 48, 48, 1)
2026-05-23 17:35:22,852 | INFO     | [522776] 📊 Chi tiết dự đoán: {'ANGRY': 6.67, 'DISGUST': 0.09, 'FEAR': 7.5, 'HAPPY': 13.85, 'NEUTRAL': 13.54, 'SAD': 54.78, 'SURPRISE': 3.57}
2026-05-23 17:35:22,852 | INFO     | [522776] 🎯 KẾT QUẢ CHỐT: SAD (54.78%)
2026-05-23 17:35:22,852 | INFO     | [522776] ⏱️ Thời gian phản hồi: 76.48 ms
2026-05-23 17:35:22,883 | INFO     | [522883] ------------------------------------------
2026-05-23 17:35:22,883 | INFO     | [522883] 📥 NHẬN YÊU CẦU QUÉT KHUÔN MẶT MỚI
2026-05-23 17:35:22,884 | INFO     | [522883] Đã xử lý ảnh thành công. Kích thước tensor: (1, 48, 48, 1)
2026-05-23 17:35:22,966 | INFO     | [522883] 📊 Chi tiết dự đoán: {'ANGRY': 7.33, 'DISGUST': 0.11, 'FEAR': 7.85, 'HAPPY': 14.54, 'NEUTRAL': 14.63, 'SAD': 51.99, 'SURPRISE': 3.55}
2026-05-23 17:35:22,966 | INFO     | [522883] 🎯 KẾT QUẢ CHỐT: SAD (51.99%)
2026-05-23 17:35:22,966 | INFO     | [522883] ⏱️ Thời gian phản hồi: 81.03 ms
2026-05-23 17:35:22,977 | INFO     | [522977] ------------------------------------------
2026-05-23 17:35:22,977 | INFO     | [522977] 📥 NHẬN YÊU CẦU QUÉT KHUÔN MẶT MỚI
2026-05-23 17:35:22,978 | INFO     | [522977] Đã xử lý ảnh thành công. Kích thước tensor: (1, 48, 48, 1)
2026-05-23 17:35:23,052 | INFO     | [522977] 📊 Chi tiết dự đoán: {'ANGRY': 6.25, 'DISGUST': 0.08, 'FEAR': 8.19, 'HAPPY': 13.5, 'NEUTRAL': 13.21, 'SAD': 54.63, 'SURPRISE': 4.14}
2026-05-23 17:35:23,053 | INFO     | [522977] 🎯 KẾT QUẢ CHỐT: SAD (54.63%)
2026-05-23 17:35:23,053 | INFO     | [522977] ⏱️ Thời gian phản hồi: 75.55 ms
2026-05-23 17:35:23,068 | INFO     | [523068] ------------------------------------------
2026-05-23 17:35:23,068 | INFO     | [523068] 📥 NHẬN YÊU CẦU QUÉT KHUÔN MẶT MỚI
2026-05-23 17:35:23,070 | INFO     | [523068] Đã xử lý ảnh thành công. Kích thước tensor: (1, 48, 48, 1)
2026-05-23 17:35:23,145 | INFO     | [523068] 📊 Chi tiết dự đoán: {'ANGRY': 6.52, 'DISGUST': 0.11, 'FEAR': 6.67, 'HAPPY': 16.88, 'NEUTRAL': 14.49, 'SAD': 52.76, 'SURPRISE': 2.58}
2026-05-23 17:35:23,145 | INFO     | [523068] 🎯 KẾT QUẢ CHỐT: SAD (52.76%)
2026-05-23 17:35:23,145 | INFO     | [523068] ⏱️ Thời gian phản hồi: 75.79 ms
2026-05-23 17:35:23,180 | INFO     | [523180] ------------------------------------------
2026-05-23 17:35:23,180 | INFO     | [523180] 📥 NHẬN YÊU CẦU QUÉT KHUÔN MẶT MỚI
2026-05-23 17:35:23,181 | INFO     | [523180] Đã xử lý ảnh thành công. Kích thước tensor: (1, 48, 48, 1)
2026-05-23 17:35:23,244 | INFO     | [523180] 📊 Chi tiết dự đoán: {'ANGRY': 6.48, 'DISGUST': 0.11, 'FEAR': 8.21, 'HAPPY': 12.07, 'NEUTRAL': 13.94, 'SAD': 55.33, 'SURPRISE': 3.86}
2026-05-23 17:35:23,244 | INFO     | [523180] 🎯 KẾT QUẢ CHỐT: SAD (55.33%)
2026-05-23 17:35:23,244 | INFO     | [523180] ⏱️ Thời gian phản hồi: 63.38 ms
2026-05-23 17:35:23,289 | INFO     | [523289] ------------------------------------------
2026-05-23 17:35:23,289 | INFO     | [523289] 📥 NHẬN YÊU CẦU QUÉT KHUÔN MẶT MỚI
2026-05-23 17:35:23,289 | INFO     | [523289] Đã xử lý ảnh thành công. Kích thước tensor: (1, 48, 48, 1)
2026-05-23 17:35:23,358 | INFO     | [523289] 📊 Chi tiết dự đoán: {'ANGRY': 7.53, 'DISGUST': 0.1, 'FEAR': 8.75, 'HAPPY': 11.21, 'NEUTRAL': 12.11, 'SAD': 55.6, 'SURPRISE': 4.7}
2026-05-23 17:35:23,358 | INFO     | [523289] 🎯 KẾT QUẢ CHỐT: SAD (55.60%)
2026-05-23 17:35:23,358 | INFO     | [523289] ⏱️ Thời gian phản hồi: 68.54 ms
2026-05-23 17:35:23,365 | INFO     | [523365] ------------------------------------------
2026-05-23 17:35:23,365 | INFO     | [523365] 📥 NHẬN YÊU CẦU QUÉT KHUÔN MẶT MỚI
2026-05-23 17:35:23,366 | INFO     | [523365] Đã xử lý ảnh thành công. Kích thước tensor: (1, 48, 48, 1)
2026-05-23 17:35:23,432 | INFO     | [523365] 📊 Chi tiết dự đoán: {'ANGRY': 7.16, 'DISGUST': 0.12, 'FEAR': 7.62, 'HAPPY': 10.64, 'NEUTRAL': 13.51, 'SAD': 57.4, 'SURPRISE': 3.55}
2026-05-23 17:35:23,432 | INFO     | [523365] 🎯 KẾT QUẢ CHỐT: SAD (57.40%)
2026-05-23 17:35:23,433 | INFO     | [523365] ⏱️ Thời gian phản hồi: 66.09 ms
2026-05-23 17:35:23,460 | INFO     | [523460] ------------------------------------------
2026-05-23 17:35:23,461 | INFO     | [523460] 📥 NHẬN YÊU CẦU QUÉT KHUÔN MẶT MỚI
2026-05-23 17:35:23,462 | INFO     | [523460] Đã xử lý ảnh thành công. Kích thước tensor: (1, 48, 48, 1)
2026-05-23 17:35:23,531 | INFO     | [523460] 📊 Chi tiết dự đoán: {'ANGRY': 5.43, 'DISGUST': 0.07, 'FEAR': 7.95, 'HAPPY': 12.95, 'NEUTRAL': 15.01, 'SAD': 55.0, 'SURPRISE': 3.59}
2026-05-23 17:35:23,531 | INFO     | [523460] 🎯 KẾT QUẢ CHỐT: SAD (55.00%)
2026-05-23 17:35:23,531 | INFO     | [523460] ⏱️ Thời gian phản hồi: 71.51 ms
2026-05-23 17:35:23,570 | INFO     | [523570] ------------------------------------------
2026-05-23 17:35:23,570 | INFO     | [523570] 📥 NHẬN YÊU CẦU QUÉT KHUÔN MẶT MỚI
2026-05-23 17:35:23,571 | INFO     | [523570] Đã xử lý ảnh thành công. Kích thước tensor: (1, 48, 48, 1)
2026-05-23 17:35:23,642 | INFO     | [523570] 📊 Chi tiết dự đoán: {'ANGRY': 6.52, 'DISGUST': 0.09, 'FEAR': 8.57, 'HAPPY': 14.4, 'NEUTRAL': 15.94, 'SAD': 50.78, 'SURPRISE': 3.7}
2026-05-23 17:35:23,642 | INFO     | [523570] 🎯 KẾT QUẢ CHỐT: SAD (50.78%)
2026-05-23 17:35:23,642 | INFO     | [523570] ⏱️ Thời gian phản hồi: 72.52 ms
2026-05-23 17:35:23,662 | INFO     | [523662] ------------------------------------------
2026-05-23 17:35:23,663 | INFO     | [523662] 📥 NHẬN YÊU CẦU QUÉT KHUÔN MẶT MỚI
2026-05-23 17:35:23,663 | INFO     | [523662] Đã xử lý ảnh thành công. Kích thước tensor: (1, 48, 48, 1)
2026-05-23 17:35:23,729 | INFO     | [523662] 📊 Chi tiết dự đoán: {'ANGRY': 5.66, 'DISGUST': 0.07, 'FEAR': 7.49, 'HAPPY': 15.28, 'NEUTRAL': 15.13, 'SAD': 53.17, 'SURPRISE': 3.19}
2026-05-23 17:35:23,729 | INFO     | [523662] 🎯 KẾT QUẢ CHỐT: SAD (53.17%)
2026-05-23 17:35:23,729 | INFO     | [523662] ⏱️ Thời gian phản hồi: 66.17 ms
2026-05-23 17:35:23,772 | INFO     | [523772] ------------------------------------------
2026-05-23 17:35:23,772 | INFO     | [523772] 📥 NHẬN YÊU CẦU QUÉT KHUÔN MẶT MỚI
2026-05-23 17:35:23,772 | INFO     | [523772] Đã xử lý ảnh thành công. Kích thước tensor: (1, 48, 48, 1)
2026-05-23 17:35:23,844 | INFO     | [523772] 📊 Chi tiết dự đoán: {'ANGRY': 5.74, 'DISGUST': 0.11, 'FEAR': 7.27, 'HAPPY': 16.75, 'NEUTRAL': 16.51, 'SAD': 50.17, 'SURPRISE': 3.45}
2026-05-23 17:35:23,844 | INFO     | [523772] 🎯 KẾT QUẢ CHỐT: SAD (50.17%)
2026-05-23 17:35:23,844 | INFO     | [523772] ⏱️ Thời gian phản hồi: 72.21 ms
2026-05-23 17:35:23,866 | INFO     | [523866] ------------------------------------------
2026-05-23 17:35:23,867 | INFO     | [523866] 📥 NHẬN YÊU CẦU QUÉT KHUÔN MẶT MỚI
2026-05-23 17:35:23,867 | INFO     | [523866] Đã xử lý ảnh thành công. Kích thước tensor: (1, 48, 48, 1)
2026-05-23 17:35:23,939 | INFO     | [523866] 📊 Chi tiết dự đoán: {'ANGRY': 6.04, 'DISGUST': 0.09, 'FEAR': 8.09, 'HAPPY': 18.05, 'NEUTRAL': 15.02, 'SAD': 49.15, 'SURPRISE': 3.56}
2026-05-23 17:35:23,939 | INFO     | [523866] 🎯 KẾT QUẢ CHỐT: SAD (49.15%)
2026-05-23 17:35:23,940 | INFO     | [523866] ⏱️ Thời gian phản hồi: 72.66 ms
2026-05-23 17:35:23,977 | INFO     | [523977] ------------------------------------------
2026-05-23 17:35:23,977 | INFO     | [523977] 📥 NHẬN YÊU CẦU QUÉT KHUÔN MẶT MỚI
2026-05-23 17:35:23,978 | INFO     | [523977] Đã xử lý ảnh thành công. Kích thước tensor: (1, 48, 48, 1)
2026-05-23 17:35:24,081 | INFO     | [523977] 📊 Chi tiết dự đoán: {'ANGRY': 6.38, 'DISGUST': 0.08, 'FEAR': 7.3, 'HAPPY': 14.28, 'NEUTRAL': 19.2, 'SAD': 49.3, 'SURPRISE': 3.46}
2026-05-23 17:35:24,081 | INFO     | [523977] 🎯 KẾT QUẢ CHỐT: SAD (49.30%)
2026-05-23 17:35:24,081 | INFO     | [523977] ⏱️ Thời gian phản hồi: 103.47 ms
2026-05-23 17:35:24,083 | INFO     | [524083] ------------------------------------------
2026-05-23 17:35:24,083 | INFO     | [524083] 📥 NHẬN YÊU CẦU QUÉT KHUÔN MẶT MỚI
2026-05-23 17:35:24,083 | INFO     | [524083] Đã xử lý ảnh thành công. Kích thước tensor: (1, 48, 48, 1)
2026-05-23 17:35:24,150 | INFO     | [524083] 📊 Chi tiết dự đoán: {'ANGRY': 5.29, 'DISGUST': 0.07, 'FEAR': 6.35, 'HAPPY': 16.59, 'NEUTRAL': 16.42, 'SAD': 52.2, 'SURPRISE': 3.08}
2026-05-23 17:35:24,150 | INFO     | [524083] 🎯 KẾT QUẢ CHỐT: SAD (52.20%)
2026-05-23 17:35:24,150 | INFO     | [524083] ⏱️ Thời gian phản hồi: 66.54 ms
2026-05-23 17:35:24,160 | INFO     | [524160] ------------------------------------------
2026-05-23 17:35:24,160 | INFO     | [524160] 📥 NHẬN YÊU CẦU QUÉT KHUÔN MẶT MỚI
2026-05-23 17:35:24,160 | INFO     | [524160] Đã xử lý ảnh thành công. Kích thước tensor: (1, 48, 48, 1)
2026-05-23 17:35:24,223 | INFO     | [524160] 📊 Chi tiết dự đoán: {'ANGRY': 5.63, 'DISGUST': 0.07, 'FEAR': 6.08, 'HAPPY': 14.22, 'NEUTRAL': 17.47, 'SAD': 53.76, 'SURPRISE': 2.77}
2026-05-23 17:35:24,223 | INFO     | [524160] 🎯 KẾT QUẢ CHỐT: SAD (53.76%)
2026-05-23 17:35:24,223 | INFO     | [524160] ⏱️ Thời gian phản hồi: 62.42 ms
2026-05-23 17:35:24,269 | INFO     | [524269] ------------------------------------------
2026-05-23 17:35:24,269 | INFO     | [524269] 📥 NHẬN YÊU CẦU QUÉT KHUÔN MẶT MỚI
2026-05-23 17:35:24,269 | INFO     | [524269] Đã xử lý ảnh thành công. Kích thước tensor: (1, 48, 48, 1)
2026-05-23 17:35:24,337 | INFO     | [524269] 📊 Chi tiết dự đoán: {'ANGRY': 4.86, 'DISGUST': 0.07, 'FEAR': 5.59, 'HAPPY': 23.35, 'NEUTRAL': 16.27, 'SAD': 46.92, 'SURPRISE': 2.94}
2026-05-23 17:35:24,337 | INFO     | [524269] 🎯 KẾT QUẢ CHỐT: SAD (46.92%)
2026-05-23 17:35:24,339 | INFO     | [524269] ⏱️ Thời gian phản hồi: 68.17 ms
2026-05-23 17:35:24,360 | INFO     | [524360] ------------------------------------------
2026-05-23 17:35:24,360 | INFO     | [524360] 📥 NHẬN YÊU CẦU QUÉT KHUÔN MẶT MỚI
2026-05-23 17:35:24,362 | INFO     | [524360] Đã xử lý ảnh thành công. Kích thước tensor: (1, 48, 48, 1)
2026-05-23 17:35:24,426 | INFO     | [524360] 📊 Chi tiết dự đoán: {'ANGRY': 4.8, 'DISGUST': 0.07, 'FEAR': 6.98, 'HAPPY': 14.35, 'NEUTRAL': 15.75, 'SAD': 54.57, 'SURPRISE': 3.49}
2026-05-23 17:35:24,426 | INFO     | [524360] 🎯 KẾT QUẢ CHỐT: SAD (54.57%)
2026-05-23 17:35:24,428 | INFO     | [524360] ⏱️ Thời gian phản hồi: 66.35 ms
2026-05-23 17:35:24,470 | INFO     | [524470] ------------------------------------------
2026-05-23 17:35:24,470 | INFO     | [524470] 📥 NHẬN YÊU CẦU QUÉT KHUÔN MẶT MỚI
2026-05-23 17:35:24,470 | INFO     | [524470] Đã xử lý ảnh thành công. Kích thước tensor: (1, 48, 48, 1)
2026-05-23 17:35:24,529 | INFO     | [524470] 📊 Chi tiết dự đoán: {'ANGRY': 5.11, 'DISGUST': 0.11, 'FEAR': 6.5, 'HAPPY': 16.24, 'NEUTRAL': 16.04, 'SAD': 53.06, 'SURPRISE': 2.95}
2026-05-23 17:35:24,529 | INFO     | [524470] 🎯 KẾT QUẢ CHỐT: SAD (53.06%)
2026-05-23 17:35:24,529 | INFO     | [524470] ⏱️ Thời gian phản hồi: 59.44 ms
2026-05-23 17:35:24,576 | INFO     | [524576] ------------------------------------------
2026-05-23 17:35:24,577 | INFO     | [524576] 📥 NHẬN YÊU CẦU QUÉT KHUÔN MẶT MỚI
2026-05-23 17:35:24,577 | INFO     | [524576] Đã xử lý ảnh thành công. Kích thước tensor: (1, 48, 48, 1)
2026-05-23 17:35:24,638 | INFO     | [524576] 📊 Chi tiết dự đoán: {'ANGRY': 5.06, 'DISGUST': 0.08, 'FEAR': 5.9, 'HAPPY': 19.48, 'NEUTRAL': 16.31, 'SAD': 50.24, 'SURPRISE': 2.93}
2026-05-23 17:35:24,638 | INFO     | [524576] 🎯 KẾT QUẢ CHỐT: SAD (50.24%)
2026-05-23 17:35:24,640 | INFO     | [524576] ⏱️ Thời gian phản hồi: 61.97 ms
2026-05-23 17:35:24,671 | INFO     | [524671] ------------------------------------------
2026-05-23 17:35:24,672 | INFO     | [524671] 📥 NHẬN YÊU CẦU QUÉT KHUÔN MẶT MỚI
2026-05-23 17:35:24,672 | INFO     | [524671] Đã xử lý ảnh thành công. Kích thước tensor: (1, 48, 48, 1)
2026-05-23 17:35:24,742 | INFO     | [524671] 📊 Chi tiết dự đoán: {'ANGRY': 4.79, 'DISGUST': 0.06, 'FEAR': 6.16, 'HAPPY': 15.87, 'NEUTRAL': 18.11, 'SAD': 52.07, 'SURPRISE': 2.95}
2026-05-23 17:35:24,742 | INFO     | [524671] 🎯 KẾT QUẢ CHỐT: SAD (52.07%)
2026-05-23 17:35:24,743 | INFO     | [524671] ⏱️ Thời gian phản hồi: 71.11 ms
2026-05-23 17:35:24,777 | INFO     | [524777] ------------------------------------------
2026-05-23 17:35:24,779 | INFO     | [524777] 📥 NHẬN YÊU CẦU QUÉT KHUÔN MẶT MỚI
2026-05-23 17:35:24,779 | INFO     | [524777] Đã xử lý ảnh thành công. Kích thước tensor: (1, 48, 48, 1)
2026-05-23 17:35:24,855 | INFO     | [524777] 📊 Chi tiết dự đoán: {'ANGRY': 4.83, 'DISGUST': 0.07, 'FEAR': 5.96, 'HAPPY': 20.95, 'NEUTRAL': 18.0, 'SAD': 47.18, 'SURPRISE': 3.01}
2026-05-23 17:35:24,855 | INFO     | [524777] 🎯 KẾT QUẢ CHỐT: SAD (47.18%)
2026-05-23 17:35:24,855 | INFO     | [524777] ⏱️ Thời gian phản hồi: 75.8 ms
2026-05-23 17:35:24,870 | INFO     | [524870] ------------------------------------------
2026-05-23 17:35:24,871 | INFO     | [524870] 📥 NHẬN YÊU CẦU QUÉT KHUÔN MẶT MỚI
2026-05-23 17:35:24,872 | INFO     | [524870] Đã xử lý ảnh thành công. Kích thước tensor: (1, 48, 48, 1)
2026-05-23 17:35:24,952 | INFO     | [524870] 📊 Chi tiết dự đoán: {'ANGRY': 7.33, 'DISGUST': 0.11, 'FEAR': 9.03, 'HAPPY': 10.09, 'NEUTRAL': 14.33, 'SAD': 54.3, 'SURPRISE': 4.82}
2026-05-23 17:35:24,952 | INFO     | [524870] 🎯 KẾT QUẢ CHỐT: SAD (54.30%)
2026-05-23 17:35:24,952 | INFO     | [524870] ⏱️ Thời gian phản hồi: 81.97 ms
2026-05-23 17:35:24,979 | INFO     | [524979] ------------------------------------------
2026-05-23 17:35:24,979 | INFO     | [524979] 📥 NHẬN YÊU CẦU QUÉT KHUÔN MẶT MỚI
2026-05-23 17:35:24,980 | INFO     | [524979] Đã xử lý ảnh thành công. Kích thước tensor: (1, 48, 48, 1)
2026-05-23 17:35:25,066 | INFO     | [524979] 📊 Chi tiết dự đoán: {'ANGRY': 7.16, 'DISGUST': 0.1, 'FEAR': 8.83, 'HAPPY': 9.31, 'NEUTRAL': 12.55, 'SAD': 57.17, 'SURPRISE': 4.89}
2026-05-23 17:35:25,066 | INFO     | [524979] 🎯 KẾT QUẢ CHỐT: SAD (57.17%)
2026-05-23 17:35:25,066 | INFO     | [524979] ⏱️ Thời gian phản hồi: 86.81 ms
2026-05-23 17:35:25,072 | INFO     | [525072] ------------------------------------------
2026-05-23 17:35:25,072 | INFO     | [525072] 📥 NHẬN YÊU CẦU QUÉT KHUÔN MẶT MỚI
2026-05-23 17:35:25,073 | INFO     | [525072] Đã xử lý ảnh thành công. Kích thước tensor: (1, 48, 48, 1)
2026-05-23 17:35:25,145 | INFO     | [525072] 📊 Chi tiết dự đoán: {'ANGRY': 7.34, 'DISGUST': 0.11, 'FEAR': 8.33, 'HAPPY': 10.46, 'NEUTRAL': 15.38, 'SAD': 53.9, 'SURPRISE': 4.47}
2026-05-23 17:35:25,145 | INFO     | [525072] 🎯 KẾT QUẢ CHỐT: SAD (53.90%)
2026-05-23 17:35:25,145 | INFO     | [525072] ⏱️ Thời gian phản hồi: 73.28 ms
2026-05-23 17:35:25,178 | INFO     | [525178] ------------------------------------------
2026-05-23 17:35:25,179 | INFO     | [525178] 📥 NHẬN YÊU CẦU QUÉT KHUÔN MẶT MỚI
2026-05-23 17:35:25,179 | INFO     | [525178] Đã xử lý ảnh thành công. Kích thước tensor: (1, 48, 48, 1)
2026-05-23 17:35:25,253 | INFO     | [525178] 📊 Chi tiết dự đoán: {'ANGRY': 7.48, 'DISGUST': 0.11, 'FEAR': 9.0, 'HAPPY': 9.46, 'NEUTRAL': 14.92, 'SAD': 53.6, 'SURPRISE': 5.42}
2026-05-23 17:35:25,253 | INFO     | [525178] 🎯 KẾT QUẢ CHỐT: SAD (53.60%)
2026-05-23 17:35:25,253 | INFO     | [525178] ⏱️ Thời gian phản hồi: 75.77 ms
2026-05-23 17:35:25,270 | INFO     | [525270] ------------------------------------------
2026-05-23 17:35:25,272 | INFO     | [525270] 📥 NHẬN YÊU CẦU QUÉT KHUÔN MẶT MỚI
2026-05-23 17:35:25,272 | INFO     | [525270] Đã xử lý ảnh thành công. Kích thước tensor: (1, 48, 48, 1)
2026-05-23 17:35:25,338 | INFO     | [525270] 📊 Chi tiết dự đoán: {'ANGRY': 7.17, 'DISGUST': 0.08, 'FEAR': 8.59, 'HAPPY': 11.54, 'NEUTRAL': 15.84, 'SAD': 52.94, 'SURPRISE': 3.83}
2026-05-23 17:35:25,338 | INFO     | [525270] 🎯 KẾT QUẢ CHỐT: SAD (52.94%)
2026-05-23 17:35:25,338 | INFO     | [525270] ⏱️ Thời gian phản hồi: 68.03 ms
2026-05-23 17:35:25,377 | INFO     | [525377] ------------------------------------------
2026-05-23 17:35:25,378 | INFO     | [525377] 📥 NHẬN YÊU CẦU QUÉT KHUÔN MẶT MỚI
2026-05-23 17:35:25,378 | INFO     | [525377] Đã xử lý ảnh thành công. Kích thước tensor: (1, 48, 48, 1)
2026-05-23 17:35:25,452 | INFO     | [525377] 📊 Chi tiết dự đoán: {'ANGRY': 7.56, 'DISGUST': 0.1, 'FEAR': 8.54, 'HAPPY': 10.72, 'NEUTRAL': 15.63, 'SAD': 52.87, 'SURPRISE': 4.58}
2026-05-23 17:35:25,453 | INFO     | [525377] 🎯 KẾT QUẢ CHỐT: SAD (52.87%)
2026-05-23 17:35:25,453 | INFO     | [525377] ⏱️ Thời gian phản hồi: 75.06 ms
2026-05-23 17:35:25,470 | INFO     | [525470] ------------------------------------------
2026-05-23 17:35:25,470 | INFO     | [525470] 📥 NHẬN YÊU CẦU QUÉT KHUÔN MẶT MỚI
2026-05-23 17:35:25,470 | INFO     | [525470] Đã xử lý ảnh thành công. Kích thước tensor: (1, 48, 48, 1)
2026-05-23 17:35:25,556 | INFO     | [525470] 📊 Chi tiết dự đoán: {'ANGRY': 7.03, 'DISGUST': 0.07, 'FEAR': 8.67, 'HAPPY': 12.88, 'NEUTRAL': 15.21, 'SAD': 51.12, 'SURPRISE': 5.02}
2026-05-23 17:35:25,556 | INFO     | [525470] 🎯 KẾT QUẢ CHỐT: SAD (51.12%)
2026-05-23 17:35:25,556 | INFO     | [525470] ⏱️ Thời gian phản hồi: 86.17 ms
2026-05-23 17:35:25,580 | INFO     | [525580] ------------------------------------------
2026-05-23 17:35:25,580 | INFO     | [525580] 📥 NHẬN YÊU CẦU QUÉT KHUÔN MẶT MỚI
2026-05-23 17:35:25,580 | INFO     | [525580] Đã xử lý ảnh thành công. Kích thước tensor: (1, 48, 48, 1)
2026-05-23 17:35:25,655 | INFO     | [525580] 📊 Chi tiết dự đoán: {'ANGRY': 7.05, 'DISGUST': 0.08, 'FEAR': 9.17, 'HAPPY': 10.45, 'NEUTRAL': 13.16, 'SAD': 54.87, 'SURPRISE': 5.22}
2026-05-23 17:35:25,655 | INFO     | [525580] 🎯 KẾT QUẢ CHỐT: SAD (54.87%)
2026-05-23 17:35:25,655 | INFO     | [525580] ⏱️ Thời gian phản hồi: 74.96 ms
2026-05-23 17:35:25,675 | INFO     | [525675] ------------------------------------------
2026-05-23 17:35:25,676 | INFO     | [525675] 📥 NHẬN YÊU CẦU QUÉT KHUÔN MẶT MỚI
2026-05-23 17:35:25,677 | INFO     | [525675] Đã xử lý ảnh thành công. Kích thước tensor: (1, 48, 48, 1)
2026-05-23 17:35:25,746 | INFO     | [525675] 📊 Chi tiết dự đoán: {'ANGRY': 7.47, 'DISGUST': 0.11, 'FEAR': 8.9, 'HAPPY': 10.76, 'NEUTRAL': 15.02, 'SAD': 52.21, 'SURPRISE': 5.54}
2026-05-23 17:35:25,747 | INFO     | [525675] 🎯 KẾT QUẢ CHỐT: SAD (52.21%)
2026-05-23 17:35:25,747 | INFO     | [525675] ⏱️ Thời gian phản hồi: 70.37 ms
2026-05-23 17:35:25,770 | INFO     | [525770] ------------------------------------------
2026-05-23 17:35:25,770 | INFO     | [525770] 📥 NHẬN YÊU CẦU QUÉT KHUÔN MẶT MỚI
2026-05-23 17:35:25,771 | INFO     | [525770] Đã xử lý ảnh thành công. Kích thước tensor: (1, 48, 48, 1)
2026-05-23 17:35:25,844 | INFO     | [525770] 📊 Chi tiết dự đoán: {'ANGRY': 6.77, 'DISGUST': 0.08, 'FEAR': 8.4, 'HAPPY': 9.51, 'NEUTRAL': 14.91, 'SAD': 55.84, 'SURPRISE': 4.49}
2026-05-23 17:35:25,844 | INFO     | [525770] 🎯 KẾT QUẢ CHỐT: SAD (55.84%)
2026-05-23 17:35:25,844 | INFO     | [525770] ⏱️ Thời gian phản hồi: 74.53 ms
2026-05-23 17:35:25,878 | INFO     | [525878] ------------------------------------------
2026-05-23 17:35:25,878 | INFO     | [525878] 📥 NHẬN YÊU CẦU QUÉT KHUÔN MẶT MỚI
2026-05-23 17:35:25,879 | INFO     | [525878] Đã xử lý ảnh thành công. Kích thước tensor: (1, 48, 48, 1)
2026-05-23 17:35:25,957 | INFO     | [525878] 📊 Chi tiết dự đoán: {'ANGRY': 6.82, 'DISGUST': 0.09, 'FEAR': 8.28, 'HAPPY': 10.64, 'NEUTRAL': 15.48, 'SAD': 54.2, 'SURPRISE': 4.49}
2026-05-23 17:35:25,958 | INFO     | [525878] 🎯 KẾT QUẢ CHỐT: SAD (54.20%)
2026-05-23 17:35:25,958 | INFO     | [525878] ⏱️ Thời gian phản hồi: 78.11 ms
2026-05-23 17:35:25,975 | INFO     | [525975] ------------------------------------------
2026-05-23 17:35:25,975 | INFO     | [525975] 📥 NHẬN YÊU CẦU QUÉT KHUÔN MẶT MỚI
2026-05-23 17:35:25,975 | INFO     | [525975] Đã xử lý ảnh thành công. Kích thước tensor: (1, 48, 48, 1)
2026-05-23 17:35:26,058 | INFO     | [525975] 📊 Chi tiết dự đoán: {'ANGRY': 7.34, 'DISGUST': 0.09, 'FEAR': 9.72, 'HAPPY': 9.27, 'NEUTRAL': 12.52, 'SAD': 55.27, 'SURPRISE': 5.79}
2026-05-23 17:35:26,058 | INFO     | [525975] 🎯 KẾT QUẢ CHỐT: SAD (55.27%)
2026-05-23 17:35:26,058 | INFO     | [525975] ⏱️ Thời gian phản hồi: 82.63 ms
2026-05-23 17:35:26,068 | INFO     | [526067] ------------------------------------------
2026-05-23 17:35:26,068 | INFO     | [526067] 📥 NHẬN YÊU CẦU QUÉT KHUÔN MẶT MỚI
2026-05-23 17:35:26,069 | INFO     | [526067] Đã xử lý ảnh thành công. Kích thước tensor: (1, 48, 48, 1)
2026-05-23 17:35:26,149 | INFO     | [526067] 📊 Chi tiết dự đoán: {'ANGRY': 6.93, 'DISGUST': 0.09, 'FEAR': 9.56, 'HAPPY': 10.47, 'NEUTRAL': 14.71, 'SAD': 52.89, 'SURPRISE': 5.36}
2026-05-23 17:35:26,149 | INFO     | [526067] 🎯 KẾT QUẢ CHỐT: SAD (52.89%)
2026-05-23 17:35:26,150 | INFO     | [526067] ⏱️ Thời gian phản hồi: 81.94 ms
2026-05-23 17:35:26,176 | INFO     | [526176] ------------------------------------------
2026-05-23 17:35:26,176 | INFO     | [526176] 📥 NHẬN YÊU CẦU QUÉT KHUÔN MẶT MỚI
2026-05-23 17:35:26,177 | INFO     | [526176] Đã xử lý ảnh thành công. Kích thước tensor: (1, 48, 48, 1)
2026-05-23 17:35:26,256 | INFO     | [526176] 📊 Chi tiết dự đoán: {'ANGRY': 6.25, 'DISGUST': 0.1, 'FEAR': 8.16, 'HAPPY': 6.94, 'NEUTRAL': 14.46, 'SAD': 59.97, 'SURPRISE': 4.12}
2026-05-23 17:35:26,256 | INFO     | [526176] 🎯 KẾT QUẢ CHỐT: SAD (59.97%)
2026-05-23 17:35:26,256 | INFO     | [526176] ⏱️ Thời gian phản hồi: 79.74 ms
2026-05-23 17:35:26,269 | INFO     | [526269] ------------------------------------------
2026-05-23 17:35:26,269 | INFO     | [526269] 📥 NHẬN YÊU CẦU QUÉT KHUÔN MẶT MỚI
2026-05-23 17:35:26,270 | INFO     | [526269] Đã xử lý ảnh thành công. Kích thước tensor: (1, 48, 48, 1)
2026-05-23 17:35:26,364 | INFO     | [526269] 📊 Chi tiết dự đoán: {'ANGRY': 7.49, 'DISGUST': 0.09, 'FEAR': 8.22, 'HAPPY': 10.18, 'NEUTRAL': 16.59, 'SAD': 52.7, 'SURPRISE': 4.73}
2026-05-23 17:35:26,364 | INFO     | [526269] 🎯 KẾT QUẢ CHỐT: SAD (52.70%)
2026-05-23 17:35:26,364 | INFO     | [526269] ⏱️ Thời gian phản hồi: 94.61 ms
2026-05-23 17:35:26,366 | INFO     | [526366] ------------------------------------------
2026-05-23 17:35:26,367 | INFO     | [526366] 📥 NHẬN YÊU CẦU QUÉT KHUÔN MẶT MỚI
2026-05-23 17:35:26,367 | INFO     | [526366] Đã xử lý ảnh thành công. Kích thước tensor: (1, 48, 48, 1)
2026-05-23 17:35:26,445 | INFO     | [526366] 📊 Chi tiết dự đoán: {'ANGRY': 7.0, 'DISGUST': 0.1, 'FEAR': 8.61, 'HAPPY': 8.01, 'NEUTRAL': 14.08, 'SAD': 57.39, 'SURPRISE': 4.81}
2026-05-23 17:35:26,445 | INFO     | [526366] 🎯 KẾT QUẢ CHỐT: SAD (57.39%)
2026-05-23 17:35:26,445 | INFO     | [526366] ⏱️ Thời gian phản hồi: 79.48 ms
2026-05-23 17:35:26,469 | INFO     | [526469] ------------------------------------------
2026-05-23 17:35:26,469 | INFO     | [526469] 📥 NHẬN YÊU CẦU QUÉT KHUÔN MẶT MỚI
2026-05-23 17:35:26,470 | INFO     | [526469] Đã xử lý ảnh thành công. Kích thước tensor: (1, 48, 48, 1)
2026-05-23 17:35:26,545 | INFO     | [526469] 📊 Chi tiết dự đoán: {'ANGRY': 7.29, 'DISGUST': 0.1, 'FEAR': 8.56, 'HAPPY': 9.93, 'NEUTRAL': 14.88, 'SAD': 54.93, 'SURPRISE': 4.32}
2026-05-23 17:35:26,545 | INFO     | [526469] 🎯 KẾT QUẢ CHỐT: SAD (54.93%)
2026-05-23 17:35:26,545 | INFO     | [526469] ⏱️ Thời gian phản hồi: 75.92 ms
2026-05-23 17:35:26,580 | INFO     | [526580] ------------------------------------------
2026-05-23 17:35:26,580 | INFO     | [526580] 📥 NHẬN YÊU CẦU QUÉT KHUÔN MẶT MỚI
2026-05-23 17:35:26,580 | INFO     | [526580] Đã xử lý ảnh thành công. Kích thước tensor: (1, 48, 48, 1)
2026-05-23 17:35:26,673 | INFO     | [526580] 📊 Chi tiết dự đoán: {'ANGRY': 7.04, 'DISGUST': 0.09, 'FEAR': 7.59, 'HAPPY': 11.09, 'NEUTRAL': 16.66, 'SAD': 53.26, 'SURPRISE': 4.27}
2026-05-23 17:35:26,673 | INFO     | [526580] 🎯 KẾT QUẢ CHỐT: SAD (53.26%)
2026-05-23 17:35:26,673 | INFO     | [526580] ⏱️ Thời gian phản hồi: 93.1 ms
2026-05-23 17:35:26,676 | INFO     | [526676] ------------------------------------------
2026-05-23 17:35:26,677 | INFO     | [526676] 📥 NHẬN YÊU CẦU QUÉT KHUÔN MẶT MỚI
2026-05-23 17:35:26,677 | INFO     | [526676] Đã xử lý ảnh thành công. Kích thước tensor: (1, 48, 48, 1)
2026-05-23 17:35:26,765 | INFO     | [526676] 📊 Chi tiết dự đoán: {'ANGRY': 6.97, 'DISGUST': 0.1, 'FEAR': 8.19, 'HAPPY': 7.32, 'NEUTRAL': 18.46, 'SAD': 54.64, 'SURPRISE': 4.32}
2026-05-23 17:35:26,765 | INFO     | [526676] 🎯 KẾT QUẢ CHỐT: SAD (54.64%)
2026-05-23 17:35:26,765 | INFO     | [526676] ⏱️ Thời gian phản hồi: 89.54 ms
2026-05-23 17:35:26,768 | INFO     | [526768] ------------------------------------------
2026-05-23 17:35:26,769 | INFO     | [526768] 📥 NHẬN YÊU CẦU QUÉT KHUÔN MẶT MỚI
2026-05-23 17:35:26,769 | INFO     | [526768] Đã xử lý ảnh thành công. Kích thước tensor: (1, 48, 48, 1)
2026-05-23 17:35:26,842 | INFO     | [526768] 📊 Chi tiết dự đoán: {'ANGRY': 7.41, 'DISGUST': 0.11, 'FEAR': 7.3, 'HAPPY': 8.91, 'NEUTRAL': 17.89, 'SAD': 55.04, 'SURPRISE': 3.34}
2026-05-23 17:35:26,843 | INFO     | [526768] 🎯 KẾT QUẢ CHỐT: SAD (55.04%)
2026-05-23 17:35:26,843 | INFO     | [526768] ⏱️ Thời gian phản hồi: 74.67 ms
2026-05-23 17:35:26,874 | INFO     | [526874] ------------------------------------------
2026-05-23 17:35:26,874 | INFO     | [526874] 📥 NHẬN YÊU CẦU QUÉT KHUÔN MẶT MỚI
2026-05-23 17:35:26,874 | INFO     | [526874] Đã xử lý ảnh thành công. Kích thước tensor: (1, 48, 48, 1)
2026-05-23 17:35:26,947 | INFO     | [526874] 📊 Chi tiết dự đoán: {'ANGRY': 6.54, 'DISGUST': 0.09, 'FEAR': 7.23, 'HAPPY': 9.08, 'NEUTRAL': 19.0, 'SAD': 54.11, 'SURPRISE': 3.95}
2026-05-23 17:35:26,947 | INFO     | [526874] 🎯 KẾT QUẢ CHỐT: SAD (54.11%)
2026-05-23 17:35:26,947 | INFO     | [526874] ⏱️ Thời gian phản hồi: 73.68 ms
2026-05-23 17:35:26,967 | INFO     | [526967] ------------------------------------------
2026-05-23 17:35:26,968 | INFO     | [526967] 📥 NHẬN YÊU CẦU QUÉT KHUÔN MẶT MỚI
2026-05-23 17:35:26,969 | INFO     | [526967] Đã xử lý ảnh thành công. Kích thước tensor: (1, 48, 48, 1)
2026-05-23 17:35:27,041 | INFO     | [526967] 📊 Chi tiết dự đoán: {'ANGRY': 6.54, 'DISGUST': 0.1, 'FEAR': 7.41, 'HAPPY': 9.91, 'NEUTRAL': 18.47, 'SAD': 53.44, 'SURPRISE': 4.13}
2026-05-23 17:35:27,041 | INFO     | [526967] 🎯 KẾT QUẢ CHỐT: SAD (53.44%)
2026-05-23 17:35:27,042 | INFO     | [526967] ⏱️ Thời gian phản hồi: 73.93 ms
2026-05-23 17:35:27,074 | INFO     | [527074] ------------------------------------------
2026-05-23 17:35:27,074 | INFO     | [527074] 📥 NHẬN YÊU CẦU QUÉT KHUÔN MẶT MỚI
2026-05-23 17:35:27,076 | INFO     | [527074] Đã xử lý ảnh thành công. Kích thước tensor: (1, 48, 48, 1)
2026-05-23 17:35:27,146 | INFO     | [527074] 📊 Chi tiết dự đoán: {'ANGRY': 5.85, 'DISGUST': 0.09, 'FEAR': 6.61, 'HAPPY': 10.73, 'NEUTRAL': 20.01, 'SAD': 53.35, 'SURPRISE': 3.34}
2026-05-23 17:35:27,146 | INFO     | [527074] 🎯 KẾT QUẢ CHỐT: SAD (53.35%)
2026-05-23 17:35:27,146 | INFO     | [527074] ⏱️ Thời gian phản hồi: 71.27 ms
2026-05-23 17:35:27,169 | INFO     | [527169] ------------------------------------------
2026-05-23 17:35:27,169 | INFO     | [527169] 📥 NHẬN YÊU CẦU QUÉT KHUÔN MẶT MỚI
2026-05-23 17:35:27,170 | INFO     | [527169] Đã xử lý ảnh thành công. Kích thước tensor: (1, 48, 48, 1)
2026-05-23 17:35:27,237 | INFO     | [527169] 📊 Chi tiết dự đoán: {'ANGRY': 6.25, 'DISGUST': 0.1, 'FEAR': 6.74, 'HAPPY': 11.27, 'NEUTRAL': 18.44, 'SAD': 53.63, 'SURPRISE': 3.57}
2026-05-23 17:35:27,237 | INFO     | [527169] 🎯 KẾT QUẢ CHỐT: SAD (53.63%)
2026-05-23 17:35:27,237 | INFO     | [527169] ⏱️ Thời gian phản hồi: 68.0 ms
2026-05-23 17:35:27,278 | INFO     | [527278] ------------------------------------------
2026-05-23 17:35:27,278 | INFO     | [527278] 📥 NHẬN YÊU CẦU QUÉT KHUÔN MẶT MỚI
2026-05-23 17:35:27,280 | INFO     | [527278] Đã xử lý ảnh thành công. Kích thước tensor: (1, 48, 48, 1)
2026-05-23 17:35:27,360 | INFO     | [527278] 📊 Chi tiết dự đoán: {'ANGRY': 6.85, 'DISGUST': 0.1, 'FEAR': 6.87, 'HAPPY': 13.22, 'NEUTRAL': 16.33, 'SAD': 53.55, 'SURPRISE': 3.08}
2026-05-23 17:35:27,360 | INFO     | [527278] 🎯 KẾT QUẢ CHỐT: SAD (53.55%)
2026-05-23 17:35:27,360 | INFO     | [527278] ⏱️ Thời gian phản hồi: 81.57 ms
2026-05-23 17:35:27,370 | INFO     | [527370] ------------------------------------------
2026-05-23 17:35:27,371 | INFO     | [527370] 📥 NHẬN YÊU CẦU QUÉT KHUÔN MẶT MỚI
2026-05-23 17:35:27,371 | INFO     | [527370] Đã xử lý ảnh thành công. Kích thước tensor: (1, 48, 48, 1)
2026-05-23 17:35:27,449 | INFO     | [527370] 📊 Chi tiết dự đoán: {'ANGRY': 6.42, 'DISGUST': 0.1, 'FEAR': 6.81, 'HAPPY': 12.0, 'NEUTRAL': 16.66, 'SAD': 54.26, 'SURPRISE': 3.75}
2026-05-23 17:35:27,449 | INFO     | [527370] 🎯 KẾT QUẢ CHỐT: SAD (54.26%)
2026-05-23 17:35:27,450 | INFO     | [527370] ⏱️ Thời gian phản hồi: 78.9 ms
2026-05-23 17:35:27,480 | INFO     | [527480] ------------------------------------------
2026-05-23 17:35:27,481 | INFO     | [527480] 📥 NHẬN YÊU CẦU QUÉT KHUÔN MẶT MỚI
2026-05-23 17:35:27,481 | INFO     | [527480] Đã xử lý ảnh thành công. Kích thước tensor: (1, 48, 48, 1)
2026-05-23 17:35:27,557 | INFO     | [527480] 📊 Chi tiết dự đoán: {'ANGRY': 6.11, 'DISGUST': 0.1, 'FEAR': 7.91, 'HAPPY': 13.85, 'NEUTRAL': 15.82, 'SAD': 51.72, 'SURPRISE': 4.49}
2026-05-23 17:35:27,558 | INFO     | [527480] 🎯 KẾT QUẢ CHỐT: SAD (51.72%)
2026-05-23 17:35:27,558 | INFO     | [527480] ⏱️ Thời gian phản hồi: 77.1 ms
2026-05-23 17:35:27,573 | INFO     | [527573] ------------------------------------------
2026-05-23 17:35:27,573 | INFO     | [527573] 📥 NHẬN YÊU CẦU QUÉT KHUÔN MẶT MỚI
2026-05-23 17:35:27,575 | INFO     | [527573] Đã xử lý ảnh thành công. Kích thước tensor: (1, 48, 48, 1)
2026-05-23 17:35:27,651 | INFO     | [527573] 📊 Chi tiết dự đoán: {'ANGRY': 5.91, 'DISGUST': 0.1, 'FEAR': 6.59, 'HAPPY': 10.63, 'NEUTRAL': 17.91, 'SAD': 55.77, 'SURPRISE': 3.08}
2026-05-23 17:35:27,652 | INFO     | [527573] 🎯 KẾT QUẢ CHỐT: SAD (55.77%)
2026-05-23 17:35:27,652 | INFO     | [527573] ⏱️ Thời gian phản hồi: 78.16 ms
2026-05-23 17:35:27,682 | INFO     | [527682] ------------------------------------------
2026-05-23 17:35:27,682 | INFO     | [527682] 📥 NHẬN YÊU CẦU QUÉT KHUÔN MẶT MỚI
2026-05-23 17:35:27,683 | INFO     | [527682] Đã xử lý ảnh thành công. Kích thước tensor: (1, 48, 48, 1)
2026-05-23 17:35:27,754 | INFO     | [527682] 📊 Chi tiết dự đoán: {'ANGRY': 6.33, 'DISGUST': 0.11, 'FEAR': 7.5, 'HAPPY': 11.69, 'NEUTRAL': 17.91, 'SAD': 52.81, 'SURPRISE': 3.65}
2026-05-23 17:35:27,754 | INFO     | [527682] 🎯 KẾT QUẢ CHỐT: SAD (52.81%)
2026-05-23 17:35:27,754 | INFO     | [527682] ⏱️ Thời gian phản hồi: 72.54 ms
2026-05-23 17:35:27,777 | INFO     | [527777] ------------------------------------------
2026-05-23 17:35:27,777 | INFO     | [527777] 📥 NHẬN YÊU CẦU QUÉT KHUÔN MẶT MỚI
2026-05-23 17:35:27,778 | INFO     | [527777] Đã xử lý ảnh thành công. Kích thước tensor: (1, 48, 48, 1)
2026-05-23 17:35:27,853 | INFO     | [527777] 📊 Chi tiết dự đoán: {'ANGRY': 6.11, 'DISGUST': 0.1, 'FEAR': 6.87, 'HAPPY': 11.54, 'NEUTRAL': 18.66, 'SAD': 53.15, 'SURPRISE': 3.56}
2026-05-23 17:35:27,853 | INFO     | [527777] 🎯 KẾT QUẢ CHỐT: SAD (53.15%)
2026-05-23 17:35:27,853 | INFO     | [527777] ⏱️ Thời gian phản hồi: 76.02 ms
2026-05-23 17:35:27,884 | INFO     | [527884] ------------------------------------------
2026-05-23 17:35:27,884 | INFO     | [527884] 📥 NHẬN YÊU CẦU QUÉT KHUÔN MẶT MỚI
2026-05-23 17:35:27,885 | INFO     | [527884] Đã xử lý ảnh thành công. Kích thước tensor: (1, 48, 48, 1)
2026-05-23 17:35:27,969 | INFO     | [527884] 📊 Chi tiết dự đoán: {'ANGRY': 5.97, 'DISGUST': 0.1, 'FEAR': 7.56, 'HAPPY': 9.46, 'NEUTRAL': 16.62, 'SAD': 56.25, 'SURPRISE': 4.03}
2026-05-23 17:35:27,969 | INFO     | [527884] 🎯 KẾT QUẢ CHỐT: SAD (56.25%)
2026-05-23 17:35:27,970 | INFO     | [527884] ⏱️ Thời gian phản hồi: 85.5 ms
2026-05-23 17:35:27,979 | INFO     | [527979] ------------------------------------------
2026-05-23 17:35:27,980 | INFO     | [527979] 📥 NHẬN YÊU CẦU QUÉT KHUÔN MẶT MỚI
2026-05-23 17:35:27,981 | INFO     | [527979] Đã xử lý ảnh thành công. Kích thước tensor: (1, 48, 48, 1)
2026-05-23 17:35:28,059 | INFO     | [527979] 📊 Chi tiết dự đoán: {'ANGRY': 6.31, 'DISGUST': 0.1, 'FEAR': 7.76, 'HAPPY': 11.32, 'NEUTRAL': 17.83, 'SAD': 51.93, 'SURPRISE': 4.75}
2026-05-23 17:35:28,060 | INFO     | [527979] 🎯 KẾT QUẢ CHỐT: SAD (51.93%)
2026-05-23 17:35:28,060 | INFO     | [527979] ⏱️ Thời gian phản hồi: 79.67 ms
2026-05-23 17:35:28,071 | INFO     | [528071] ------------------------------------------
2026-05-23 17:35:28,072 | INFO     | [528071] 📥 NHẬN YÊU CẦU QUÉT KHUÔN MẶT MỚI
2026-05-23 17:35:28,072 | INFO     | [528071] Đã xử lý ảnh thành công. Kích thước tensor: (1, 48, 48, 1)
2026-05-23 17:35:28,144 | INFO     | [528071] 📊 Chi tiết dự đoán: {'ANGRY': 5.91, 'DISGUST': 0.1, 'FEAR': 7.34, 'HAPPY': 10.68, 'NEUTRAL': 17.28, 'SAD': 54.79, 'SURPRISE': 3.89}
2026-05-23 17:35:28,144 | INFO     | [528071] 🎯 KẾT QUẢ CHỐT: SAD (54.79%)
2026-05-23 17:35:28,145 | INFO     | [528071] ⏱️ Thời gian phản hồi: 72.13 ms
2026-05-23 17:35:28,180 | INFO     | [528180] ------------------------------------------
2026-05-23 17:35:28,180 | INFO     | [528180] 📥 NHẬN YÊU CẦU QUÉT KHUÔN MẶT MỚI
2026-05-23 17:35:28,180 | INFO     | [528180] Đã xử lý ảnh thành công. Kích thước tensor: (1, 48, 48, 1)
2026-05-23 17:35:28,247 | INFO     | [528180] 📊 Chi tiết dự đoán: {'ANGRY': 5.89, 'DISGUST': 0.09, 'FEAR': 7.47, 'HAPPY': 9.98, 'NEUTRAL': 16.87, 'SAD': 55.96, 'SURPRISE': 3.73}
2026-05-23 17:35:28,247 | INFO     | [528180] 🎯 KẾT QUẢ CHỐT: SAD (55.96%)
2026-05-23 17:35:28,248 | INFO     | [528180] ⏱️ Thời gian phản hồi: 67.55 ms
2026-05-23 17:35:28,275 | INFO     | [528275] ------------------------------------------
2026-05-23 17:35:28,276 | INFO     | [528275] 📥 NHẬN YÊU CẦU QUÉT KHUÔN MẶT MỚI
2026-05-23 17:35:28,276 | INFO     | [528275] Đã xử lý ảnh thành công. Kích thước tensor: (1, 48, 48, 1)
2026-05-23 17:35:28,346 | INFO     | [528275] 📊 Chi tiết dự đoán: {'ANGRY': 5.88, 'DISGUST': 0.1, 'FEAR': 7.43, 'HAPPY': 8.07, 'NEUTRAL': 17.94, 'SAD': 57.5, 'SURPRISE': 3.08}
2026-05-23 17:35:28,347 | INFO     | [528275] 🎯 KẾT QUẢ CHỐT: SAD (57.50%)
2026-05-23 17:35:28,347 | INFO     | [528275] ⏱️ Thời gian phản hồi: 70.95 ms
2026-05-23 17:35:28,369 | INFO     | [528369] ------------------------------------------
2026-05-23 17:35:28,369 | INFO     | [528369] 📥 NHẬN YÊU CẦU QUÉT KHUÔN MẶT MỚI
2026-05-23 17:35:28,371 | INFO     | [528369] Đã xử lý ảnh thành công. Kích thước tensor: (1, 48, 48, 1)
2026-05-23 17:35:28,447 | INFO     | [528369] 📊 Chi tiết dự đoán: {'ANGRY': 5.35, 'DISGUST': 0.11, 'FEAR': 7.01, 'HAPPY': 11.0, 'NEUTRAL': 18.99, 'SAD': 54.21, 'SURPRISE': 3.34}
2026-05-23 17:35:28,447 | INFO     | [528369] 🎯 KẾT QUẢ CHỐT: SAD (54.21%)
2026-05-23 17:35:28,447 | INFO     | [528369] ⏱️ Thời gian phản hồi: 77.34 ms
2026-05-23 17:35:28,478 | INFO     | [528478] ------------------------------------------
2026-05-23 17:35:28,478 | INFO     | [528478] 📥 NHẬN YÊU CẦU QUÉT KHUÔN MẶT MỚI
2026-05-23 17:35:28,479 | INFO     | [528478] Đã xử lý ảnh thành công. Kích thước tensor: (1, 48, 48, 1)
2026-05-23 17:35:28,554 | INFO     | [528478] 📊 Chi tiết dự đoán: {'ANGRY': 7.03, 'DISGUST': 0.16, 'FEAR': 7.69, 'HAPPY': 7.1, 'NEUTRAL': 16.54, 'SAD': 58.05, 'SURPRISE': 3.43}
2026-05-23 17:35:28,554 | INFO     | [528478] 🎯 KẾT QUẢ CHỐT: SAD (58.05%)
2026-05-23 17:35:28,554 | INFO     | [528478] ⏱️ Thời gian phản hồi: 76.13 ms
2026-05-23 17:35:28,571 | INFO     | [528571] ------------------------------------------
2026-05-23 17:35:28,571 | INFO     | [528571] 📥 NHẬN YÊU CẦU QUÉT KHUÔN MẶT MỚI
2026-05-23 17:35:28,572 | INFO     | [528571] Đã xử lý ảnh thành công. Kích thước tensor: (1, 48, 48, 1)
2026-05-23 17:35:28,688 | INFO     | [528571] 📊 Chi tiết dự đoán: {'ANGRY': 6.18, 'DISGUST': 0.13, 'FEAR': 7.02, 'HAPPY': 9.85, 'NEUTRAL': 14.64, 'SAD': 59.75, 'SURPRISE': 2.43}
2026-05-23 17:35:28,688 | INFO     | [528571] 🎯 KẾT QUẢ CHỐT: SAD (59.75%)
2026-05-23 17:35:28,688 | INFO     | [528571] ⏱️ Thời gian phản hồi: 116.87 ms
2026-05-23 17:35:28,692 | INFO     | [528692] ------------------------------------------
2026-05-23 17:35:28,692 | INFO     | [528692] 📥 NHẬN YÊU CẦU QUÉT KHUÔN MẶT MỚI
2026-05-23 17:35:28,694 | INFO     | [528692] Đã xử lý ảnh thành công. Kích thước tensor: (1, 48, 48, 1)
2026-05-23 17:35:28,812 | INFO     | [528692] 📊 Chi tiết dự đoán: {'ANGRY': 5.86, 'DISGUST': 0.14, 'FEAR': 7.0, 'HAPPY': 10.64, 'NEUTRAL': 16.34, 'SAD': 57.81, 'SURPRISE': 2.21}
2026-05-23 17:35:28,812 | INFO     | [528692] 🎯 KẾT QUẢ CHỐT: SAD (57.81%)
2026-05-23 17:35:28,812 | INFO     | [528692] ⏱️ Thời gian phản hồi: 119.74 ms
2026-05-23 17:35:28,826 | INFO     | [BATCH-528826] ==========================================
2026-05-23 17:35:28,826 | INFO     | [BATCH-528826] 🎞️ NHẬN CHUỖI 60 KHUNG HÌNH (BATCH)
2026-05-23 17:35:28,908 | INFO     | [BATCH-528826] ↳ Frame 1/60: SAD (56.7%)
2026-05-23 17:35:28,985 | INFO     | [BATCH-528826] ↳ Frame 2/60: SAD (56.7%)
2026-05-23 17:35:29,057 | INFO     | [BATCH-528826] ↳ Frame 3/60: SAD (59.7%)
2026-05-23 17:35:29,130 | INFO     | [BATCH-528826] ↳ Frame 4/60: SAD (65.4%)
2026-05-23 17:35:29,194 | INFO     | [BATCH-528826] ↳ Frame 5/60: SAD (58.4%)
2026-05-23 17:35:29,260 | INFO     | [BATCH-528826] ↳ Frame 6/60: SAD (55.3%)
2026-05-23 17:35:29,326 | INFO     | [BATCH-528826] ↳ Frame 7/60: SAD (54.6%)
2026-05-23 17:35:29,392 | INFO     | [BATCH-528826] ↳ Frame 8/60: SAD (57.6%)
2026-05-23 17:35:29,455 | INFO     | [BATCH-528826] ↳ Frame 9/60: SAD (59.2%)
2026-05-23 17:35:29,521 | INFO     | [BATCH-528826] ↳ Frame 10/60: SAD (59.3%)
2026-05-23 17:35:29,596 | INFO     | [BATCH-528826] ↳ Frame 11/60: SAD (53.1%)
2026-05-23 17:35:29,678 | INFO     | [BATCH-528826] ↳ Frame 12/60: SAD (53.6%)
2026-05-23 17:35:29,743 | INFO     | [BATCH-528826] ↳ Frame 13/60: SAD (55.2%)
2026-05-23 17:35:29,817 | INFO     | [BATCH-528826] ↳ Frame 14/60: SAD (53.9%)
2026-05-23 17:35:29,887 | INFO     | [BATCH-528826] ↳ Frame 15/60: SAD (55.1%)
2026-05-23 17:35:29,951 | INFO     | [BATCH-528826] ↳ Frame 16/60: SAD (53.7%)
2026-05-23 17:35:30,026 | INFO     | [BATCH-528826] ↳ Frame 17/60: SAD (50.7%)
2026-05-23 17:35:30,091 | INFO     | [BATCH-528826] ↳ Frame 18/60: SAD (50.8%)
2026-05-23 17:35:30,154 | INFO     | [BATCH-528826] ↳ Frame 19/60: SAD (58.5%)
2026-05-23 17:35:30,221 | INFO     | [BATCH-528826] ↳ Frame 20/60: SAD (54.6%)
2026-05-23 17:35:30,298 | INFO     | [BATCH-528826] ↳ Frame 21/60: SAD (56.3%)
2026-05-23 17:35:30,368 | INFO     | [BATCH-528826] ↳ Frame 22/60: SAD (59.8%)
2026-05-23 17:35:30,438 | INFO     | [BATCH-528826] ↳ Frame 23/60: SAD (58.3%)
2026-05-23 17:35:30,501 | INFO     | [BATCH-528826] ↳ Frame 24/60: SAD (54.4%)
2026-05-23 17:35:30,568 | INFO     | [BATCH-528826] ↳ Frame 25/60: SAD (58.8%)
2026-05-23 17:35:30,632 | INFO     | [BATCH-528826] ↳ Frame 26/60: SAD (60.3%)
2026-05-23 17:35:30,697 | INFO     | [BATCH-528826] ↳ Frame 27/60: SAD (62.4%)
2026-05-23 17:35:30,762 | INFO     | [BATCH-528826] ↳ Frame 28/60: SAD (62.0%)
2026-05-23 17:35:30,826 | INFO     | [BATCH-528826] ↳ Frame 29/60: SAD (62.5%)
2026-05-23 17:35:30,894 | INFO     | [BATCH-528826] ↳ Frame 30/60: SAD (56.7%)
2026-05-23 17:35:30,958 | INFO     | [BATCH-528826] ↳ Frame 31/60: SAD (57.6%)
2026-05-23 17:35:31,021 | INFO     | [BATCH-528826] ↳ Frame 32/60: SAD (56.7%)
2026-05-23 17:35:31,100 | INFO     | [BATCH-528826] ↳ Frame 33/60: SAD (53.1%)
2026-05-23 17:35:31,173 | INFO     | [BATCH-528826] ↳ Frame 34/60: SAD (58.6%)
2026-05-23 17:35:31,249 | INFO     | [BATCH-528826] ↳ Frame 35/60: SAD (57.2%)
2026-05-23 17:35:31,315 | INFO     | [BATCH-528826] ↳ Frame 36/60: SAD (53.7%)
2026-05-23 17:35:31,388 | INFO     | [BATCH-528826] ↳ Frame 37/60: SAD (55.3%)
2026-05-23 17:35:31,452 | INFO     | [BATCH-528826] ↳ Frame 38/60: SAD (51.6%)
2026-05-23 17:35:31,524 | INFO     | [BATCH-528826] ↳ Frame 39/60: SAD (49.2%)
2026-05-23 17:35:31,589 | INFO     | [BATCH-528826] ↳ Frame 40/60: SAD (52.1%)
2026-05-23 17:35:31,648 | INFO     | [BATCH-528826] ↳ Frame 41/60: SAD (54.4%)
2026-05-23 17:35:31,704 | INFO     | [BATCH-528826] ↳ Frame 42/60: SAD (54.8%)
2026-05-23 17:35:31,762 | INFO     | [BATCH-528826] ↳ Frame 43/60: SAD (52.0%)
2026-05-23 17:35:31,823 | INFO     | [BATCH-528826] ↳ Frame 44/60: SAD (54.6%)
2026-05-23 17:35:31,880 | INFO     | [BATCH-528826] ↳ Frame 45/60: SAD (52.8%)
2026-05-23 17:35:31,944 | INFO     | [BATCH-528826] ↳ Frame 46/60: SAD (55.3%)
2026-05-23 17:35:32,007 | INFO     | [BATCH-528826] ↳ Frame 47/60: SAD (55.6%)
2026-05-23 17:35:32,074 | INFO     | [BATCH-528826] ↳ Frame 48/60: SAD (57.4%)
2026-05-23 17:35:32,147 | INFO     | [BATCH-528826] ↳ Frame 49/60: SAD (55.0%)
2026-05-23 17:35:32,209 | INFO     | [BATCH-528826] ↳ Frame 50/60: SAD (50.8%)
2026-05-23 17:35:32,274 | INFO     | [BATCH-528826] ↳ Frame 51/60: SAD (53.2%)
2026-05-23 17:35:32,338 | INFO     | [BATCH-528826] ↳ Frame 52/60: SAD (50.2%)
2026-05-23 17:35:32,399 | INFO     | [BATCH-528826] ↳ Frame 53/60: SAD (49.1%)
2026-05-23 17:35:32,459 | INFO     | [BATCH-528826] ↳ Frame 54/60: SAD (49.3%)
2026-05-23 17:35:32,517 | INFO     | [BATCH-528826] ↳ Frame 55/60: SAD (52.2%)
2026-05-23 17:35:32,585 | INFO     | [BATCH-528826] ↳ Frame 56/60: SAD (53.8%)
2026-05-23 17:35:32,654 | INFO     | [BATCH-528826] ↳ Frame 57/60: SAD (46.9%)
2026-05-23 17:35:32,722 | INFO     | [BATCH-528826] ↳ Frame 58/60: SAD (54.6%)
2026-05-23 17:35:32,783 | INFO     | [BATCH-528826] ↳ Frame 59/60: SAD (53.1%)
2026-05-23 17:35:32,846 | INFO     | [BATCH-528826] ↳ Frame 60/60: SAD (50.2%)
2026-05-23 17:35:32,846 | INFO     | [BATCH-528826] 🎯 KẾT QUẢ CHUỖI: SAD (Tần suất: {'SAD': 60})
2026-05-23 17:35:32,847 | INFO     | [BATCH-528826] ⏱️ Tổng thời gian xử lý: 4020.31 ms
2026-05-23 17:35:46,288 | INFO     | [546288] ------------------------------------------
2026-05-23 17:35:46,290 | INFO     | [546288] 📥 NHẬN YÊU CẦU QUÉT KHUÔN MẶT MỚI
2026-05-23 17:35:46,290 | INFO     | [546288] Đã xử lý ảnh thành công. Kích thước tensor: (1, 48, 48, 1)
2026-05-23 17:35:46,375 | INFO     | [546288] 📊 Chi tiết dự đoán: {'ANGRY': 4.77, 'DISGUST': 0.09, 'FEAR': 6.08, 'HAPPY': 11.4, 'NEUTRAL': 15.84, 'SAD': 60.16, 'SURPRISE': 1.65}
2026-05-23 17:35:46,377 | INFO     | [546288] 🎯 KẾT QUẢ CHỐT: SAD (60.16%)
2026-05-23 17:35:46,377 | INFO     | [546288] ⏱️ Thời gian phản hồi: 86.71 ms
2026-05-23 17:35:46,380 | INFO     | [546380] ------------------------------------------
2026-05-23 17:35:46,380 | INFO     | [546380] 📥 NHẬN YÊU CẦU QUÉT KHUÔN MẶT MỚI
2026-05-23 17:35:46,381 | INFO     | [546380] Đã xử lý ảnh thành công. Kích thước tensor: (1, 48, 48, 1)
2026-05-23 17:35:46,459 | INFO     | [546380] 📊 Chi tiết dự đoán: {'ANGRY': 5.31, 'DISGUST': 0.12, 'FEAR': 6.29, 'HAPPY': 11.34, 'NEUTRAL': 14.48, 'SAD': 60.77, 'SURPRISE': 1.69}
2026-05-23 17:35:46,459 | INFO     | [546380] 🎯 KẾT QUẢ CHỐT: SAD (60.77%)
2026-05-23 17:35:46,459 | INFO     | [546380] ⏱️ Thời gian phản hồi: 77.18 ms
2026-05-23 17:35:46,461 | INFO     | [546461] ------------------------------------------
2026-05-23 17:35:46,461 | INFO     | [546461] 📥 NHẬN YÊU CẦU QUÉT KHUÔN MẶT MỚI
2026-05-23 17:35:46,462 | INFO     | [546461] Đã xử lý ảnh thành công. Kích thước tensor: (1, 48, 48, 1)
2026-05-23 17:35:46,550 | INFO     | [546461] 📊 Chi tiết dự đoán: {'ANGRY': 5.08, 'DISGUST': 0.09, 'FEAR': 6.6, 'HAPPY': 7.93, 'NEUTRAL': 16.72, 'SAD': 61.99, 'SURPRISE': 1.59}
2026-05-23 17:35:46,550 | INFO     | [546461] 🎯 KẾT QUẢ CHỐT: SAD (61.99%)
2026-05-23 17:35:46,551 | INFO     | [546461] ⏱️ Thời gian phản hồi: 89.47 ms
2026-05-23 17:35:46,553 | INFO     | [546553] ------------------------------------------
2026-05-23 17:35:46,553 | INFO     | [546553] 📥 NHẬN YÊU CẦU QUÉT KHUÔN MẶT MỚI
2026-05-23 17:35:46,554 | INFO     | [546553] Đã xử lý ảnh thành công. Kích thước tensor: (1, 48, 48, 1)
2026-05-23 17:35:46,628 | INFO     | [546553] 📊 Chi tiết dự đoán: {'ANGRY': 5.54, 'DISGUST': 0.09, 'FEAR': 7.16, 'HAPPY': 10.6, 'NEUTRAL': 13.97, 'SAD': 60.58, 'SURPRISE': 2.06}
2026-05-23 17:35:46,629 | INFO     | [546553] 🎯 KẾT QUẢ CHỐT: SAD (60.58%)
2026-05-23 17:35:46,629 | INFO     | [546553] ⏱️ Thời gian phản hồi: 74.37 ms
2026-05-23 17:35:46,661 | INFO     | [546661] ------------------------------------------
2026-05-23 17:35:46,661 | INFO     | [546661] 📥 NHẬN YÊU CẦU QUÉT KHUÔN MẶT MỚI
2026-05-23 17:35:46,662 | INFO     | [546661] Đã xử lý ảnh thành công. Kích thước tensor: (1, 48, 48, 1)
2026-05-23 17:35:46,749 | INFO     | [546661] 📊 Chi tiết dự đoán: {'ANGRY': 6.36, 'DISGUST': 0.12, 'FEAR': 6.61, 'HAPPY': 12.67, 'NEUTRAL': 16.6, 'SAD': 55.36, 'SURPRISE': 2.28}
2026-05-23 17:35:46,750 | INFO     | [546661] 🎯 KẾT QUẢ CHỐT: SAD (55.36%)
2026-05-23 17:35:46,750 | INFO     | [546661] ⏱️ Thời gian phản hồi: 87.86 ms
2026-05-23 17:35:46,754 | INFO     | [546754] ------------------------------------------
2026-05-23 17:35:46,754 | INFO     | [546754] 📥 NHẬN YÊU CẦU QUÉT KHUÔN MẶT MỚI
2026-05-23 17:35:46,755 | INFO     | [546754] Đã xử lý ảnh thành công. Kích thước tensor: (1, 48, 48, 1)
2026-05-23 17:35:46,840 | INFO     | [546754] 📊 Chi tiết dự đoán: {'ANGRY': 5.58, 'DISGUST': 0.09, 'FEAR': 6.52, 'HAPPY': 10.61, 'NEUTRAL': 13.87, 'SAD': 61.77, 'SURPRISE': 1.56}
2026-05-23 17:35:46,840 | INFO     | [546754] 🎯 KẾT QUẢ CHỐT: SAD (61.77%)
2026-05-23 17:35:46,840 | INFO     | [546754] ⏱️ Thời gian phản hồi: 85.92 ms
2026-05-23 17:35:46,861 | INFO     | [546861] ------------------------------------------
2026-05-23 17:35:46,861 | INFO     | [546861] 📥 NHẬN YÊU CẦU QUÉT KHUÔN MẶT MỚI
2026-05-23 17:35:46,862 | INFO     | [546861] Đã xử lý ảnh thành công. Kích thước tensor: (1, 48, 48, 1)
2026-05-23 17:35:46,994 | INFO     | [546861] 📊 Chi tiết dự đoán: {'ANGRY': 5.83, 'DISGUST': 0.12, 'FEAR': 6.77, 'HAPPY': 10.43, 'NEUTRAL': 15.47, 'SAD': 59.78, 'SURPRISE': 1.59}
2026-05-23 17:35:46,996 | INFO     | [546861] 🎯 KẾT QUẢ CHỐT: SAD (59.78%)
2026-05-23 17:35:46,997 | INFO     | [546861] ⏱️ Thời gian phản hồi: 133.65 ms
2026-05-23 17:35:47,001 | INFO     | [547000] ------------------------------------------
2026-05-23 17:35:47,002 | INFO     | [547000] 📥 NHẬN YÊU CẦU QUÉT KHUÔN MẶT MỚI
2026-05-23 17:35:47,003 | INFO     | [547000] Đã xử lý ảnh thành công. Kích thước tensor: (1, 48, 48, 1)
2026-05-23 17:35:47,107 | INFO     | [547000] 📊 Chi tiết dự đoán: {'ANGRY': 4.99, 'DISGUST': 0.06, 'FEAR': 6.46, 'HAPPY': 10.82, 'NEUTRAL': 16.43, 'SAD': 59.57, 'SURPRISE': 1.66}
2026-05-23 17:35:47,109 | INFO     | [547000] 🎯 KẾT QUẢ CHỐT: SAD (59.57%)
2026-05-23 17:35:47,110 | INFO     | [547000] ⏱️ Thời gian phản hồi: 106.82 ms
2026-05-23 17:35:47,112 | INFO     | [547112] ------------------------------------------
2026-05-23 17:35:47,116 | INFO     | [547112] 📥 NHẬN YÊU CẦU QUÉT KHUÔN MẶT MỚI
2026-05-23 17:35:47,117 | INFO     | [547112] Đã xử lý ảnh thành công. Kích thước tensor: (1, 48, 48, 1)
2026-05-23 17:35:47,198 | INFO     | [547112] 📊 Chi tiết dự đoán: {'ANGRY': 5.23, 'DISGUST': 0.09, 'FEAR': 6.94, 'HAPPY': 8.25, 'NEUTRAL': 14.48, 'SAD': 63.04, 'SURPRISE': 1.97}
2026-05-23 17:35:47,199 | INFO     | [547112] 🎯 KẾT QUẢ CHỐT: SAD (63.04%)
2026-05-23 17:35:47,199 | INFO     | [547112] ⏱️ Thời gian phản hồi: 86.58 ms
2026-05-23 17:35:47,201 | INFO     | [547201] ------------------------------------------
2026-05-23 17:35:47,201 | INFO     | [547201] 📥 NHẬN YÊU CẦU QUÉT KHUÔN MẶT MỚI
2026-05-23 17:35:47,202 | INFO     | [547201] Đã xử lý ảnh thành công. Kích thước tensor: (1, 48, 48, 1)
2026-05-23 17:35:47,275 | INFO     | [547201] 📊 Chi tiết dự đoán: {'ANGRY': 5.58, 'DISGUST': 0.11, 'FEAR': 6.68, 'HAPPY': 10.18, 'NEUTRAL': 15.69, 'SAD': 59.74, 'SURPRISE': 2.03}
2026-05-23 17:35:47,275 | INFO     | [547201] 🎯 KẾT QUẢ CHỐT: SAD (59.74%)
2026-05-23 17:35:47,276 | INFO     | [547201] ⏱️ Thời gian phản hồi: 74.04 ms
2026-05-23 17:35:47,278 | INFO     | [547278] ------------------------------------------
2026-05-23 17:35:47,278 | INFO     | [547278] 📥 NHẬN YÊU CẦU QUÉT KHUÔN MẶT MỚI
2026-05-23 17:35:47,279 | INFO     | [547278] Đã xử lý ảnh thành công. Kích thước tensor: (1, 48, 48, 1)
2026-05-23 17:35:47,355 | INFO     | [547278] 📊 Chi tiết dự đoán: {'ANGRY': 5.57, 'DISGUST': 0.1, 'FEAR': 6.56, 'HAPPY': 10.67, 'NEUTRAL': 15.76, 'SAD': 59.42, 'SURPRISE': 1.92}
2026-05-23 17:35:47,355 | INFO     | [547278] 🎯 KẾT QUẢ CHỐT: SAD (59.42%)
2026-05-23 17:35:47,355 | INFO     | [547278] ⏱️ Thời gian phản hồi: 77.07 ms
2026-05-23 17:35:47,358 | INFO     | [547358] ------------------------------------------
2026-05-23 17:35:47,358 | INFO     | [547358] 📥 NHẬN YÊU CẦU QUÉT KHUÔN MẶT MỚI
2026-05-23 17:35:47,359 | INFO     | [547358] Đã xử lý ảnh thành công. Kích thước tensor: (1, 48, 48, 1)
2026-05-23 17:35:47,425 | INFO     | [547358] 📊 Chi tiết dự đoán: {'ANGRY': 6.06, 'DISGUST': 0.11, 'FEAR': 7.19, 'HAPPY': 8.41, 'NEUTRAL': 16.51, 'SAD': 59.34, 'SURPRISE': 2.37}
2026-05-23 17:35:47,425 | INFO     | [547358] 🎯 KẾT QUẢ CHỐT: SAD (59.34%)
2026-05-23 17:35:47,425 | INFO     | [547358] ⏱️ Thời gian phản hồi: 66.76 ms
2026-05-23 17:35:47,468 | INFO     | [547468] ------------------------------------------
2026-05-23 17:35:47,468 | INFO     | [547468] 📥 NHẬN YÊU CẦU QUÉT KHUÔN MẶT MỚI
2026-05-23 17:35:47,469 | INFO     | [547468] Đã xử lý ảnh thành công. Kích thước tensor: (1, 48, 48, 1)
2026-05-23 17:35:47,540 | INFO     | [547468] 📊 Chi tiết dự đoán: {'ANGRY': 5.59, 'DISGUST': 0.1, 'FEAR': 6.32, 'HAPPY': 10.84, 'NEUTRAL': 15.87, 'SAD': 59.47, 'SURPRISE': 1.8}
2026-05-23 17:35:47,540 | INFO     | [547468] 🎯 KẾT QUẢ CHỐT: SAD (59.47%)
2026-05-23 17:35:47,540 | INFO     | [547468] ⏱️ Thời gian phản hồi: 70.39 ms
2026-05-23 17:35:47,560 | INFO     | [547560] ------------------------------------------
2026-05-23 17:35:47,561 | INFO     | [547560] 📥 NHẬN YÊU CẦU QUÉT KHUÔN MẶT MỚI
2026-05-23 17:35:47,562 | INFO     | [547560] Đã xử lý ảnh thành công. Kích thước tensor: (1, 48, 48, 1)
2026-05-23 17:35:47,684 | INFO     | [547560] 📊 Chi tiết dự đoán: {'ANGRY': 6.43, 'DISGUST': 0.11, 'FEAR': 7.07, 'HAPPY': 10.22, 'NEUTRAL': 15.87, 'SAD': 58.18, 'SURPRISE': 2.12}
2026-05-23 17:35:47,686 | INFO     | [547560] 🎯 KẾT QUẢ CHỐT: SAD (58.18%)
2026-05-23 17:35:47,686 | INFO     | [547560] ⏱️ Thời gian phản hồi: 124.58 ms
2026-05-23 17:35:47,689 | INFO     | [547689] ------------------------------------------
2026-05-23 17:35:47,692 | INFO     | [547689] 📥 NHẬN YÊU CẦU QUÉT KHUÔN MẶT MỚI
2026-05-23 17:35:47,694 | INFO     | [547689] Đã xử lý ảnh thành công. Kích thước tensor: (1, 48, 48, 1)
2026-05-23 17:35:47,772 | INFO     | [547689] 📊 Chi tiết dự đoán: {'ANGRY': 4.96, 'DISGUST': 0.09, 'FEAR': 6.19, 'HAPPY': 9.83, 'NEUTRAL': 17.92, 'SAD': 59.31, 'SURPRISE': 1.7}
2026-05-23 17:35:47,772 | INFO     | [547689] 🎯 KẾT QUẢ CHỐT: SAD (59.31%)
2026-05-23 17:35:47,773 | INFO     | [547689] ⏱️ Thời gian phản hồi: 83.31 ms
2026-05-23 17:35:47,775 | INFO     | [547775] ------------------------------------------
2026-05-23 17:35:47,776 | INFO     | [547775] 📥 NHẬN YÊU CẦU QUÉT KHUÔN MẶT MỚI
2026-05-23 17:35:47,776 | INFO     | [547775] Đã xử lý ảnh thành công. Kích thước tensor: (1, 48, 48, 1)
2026-05-23 17:35:47,845 | INFO     | [547775] 📊 Chi tiết dự đoán: {'ANGRY': 4.99, 'DISGUST': 0.09, 'FEAR': 6.36, 'HAPPY': 10.3, 'NEUTRAL': 15.62, 'SAD': 61.09, 'SURPRISE': 1.55}
2026-05-23 17:35:47,845 | INFO     | [547775] 🎯 KẾT QUẢ CHỐT: SAD (61.09%)
2026-05-23 17:35:47,845 | INFO     | [547775] ⏱️ Thời gian phản hồi: 70.45 ms
2026-05-23 17:35:47,857 | INFO     | [547857] ------------------------------------------
2026-05-23 17:35:47,858 | INFO     | [547857] 📥 NHẬN YÊU CẦU QUÉT KHUÔN MẶT MỚI
2026-05-23 17:35:47,858 | INFO     | [547857] Đã xử lý ảnh thành công. Kích thước tensor: (1, 48, 48, 1)
2026-05-23 17:35:47,939 | INFO     | [547857] 📊 Chi tiết dự đoán: {'ANGRY': 5.77, 'DISGUST': 0.12, 'FEAR': 5.56, 'HAPPY': 9.0, 'NEUTRAL': 13.4, 'SAD': 64.76, 'SURPRISE': 1.39}
2026-05-23 17:35:47,940 | INFO     | [547857] 🎯 KẾT QUẢ CHỐT: SAD (64.76%)
2026-05-23 17:35:47,940 | INFO     | [547857] ⏱️ Thời gian phản hồi: 81.37 ms
2026-05-23 17:35:47,968 | INFO     | [547968] ------------------------------------------
2026-05-23 17:35:47,969 | INFO     | [547968] 📥 NHẬN YÊU CẦU QUÉT KHUÔN MẶT MỚI
2026-05-23 17:35:47,969 | INFO     | [547968] Đã xử lý ảnh thành công. Kích thước tensor: (1, 48, 48, 1)
2026-05-23 17:35:48,049 | INFO     | [547968] 📊 Chi tiết dự đoán: {'ANGRY': 6.09, 'DISGUST': 0.13, 'FEAR': 6.58, 'HAPPY': 8.78, 'NEUTRAL': 16.51, 'SAD': 59.87, 'SURPRISE': 2.03}
2026-05-23 17:35:48,049 | INFO     | [547968] 🎯 KẾT QUẢ CHỐT: SAD (59.87%)
2026-05-23 17:35:48,049 | INFO     | [547968] ⏱️ Thời gian phản hồi: 80.66 ms
2026-05-23 17:35:48,060 | INFO     | [548060] ------------------------------------------
2026-05-23 17:35:48,060 | INFO     | [548060] 📥 NHẬN YÊU CẦU QUÉT KHUÔN MẶT MỚI
2026-05-23 17:35:48,062 | INFO     | [548060] Đã xử lý ảnh thành công. Kích thước tensor: (1, 48, 48, 1)
2026-05-23 17:35:48,131 | INFO     | [548060] 📊 Chi tiết dự đoán: {'ANGRY': 5.93, 'DISGUST': 0.09, 'FEAR': 6.14, 'HAPPY': 12.37, 'NEUTRAL': 16.78, 'SAD': 57.08, 'SURPRISE': 1.62}
2026-05-23 17:35:48,132 | INFO     | [548060] 🎯 KẾT QUẢ CHỐT: SAD (57.08%)
2026-05-23 17:35:48,132 | INFO     | [548060] ⏱️ Thời gian phản hồi: 70.2 ms
2026-05-23 17:35:48,169 | INFO     | [548169] ------------------------------------------
2026-05-23 17:35:48,170 | INFO     | [548169] 📥 NHẬN YÊU CẦU QUÉT KHUÔN MẶT MỚI
2026-05-23 17:35:48,170 | INFO     | [548169] Đã xử lý ảnh thành công. Kích thước tensor: (1, 48, 48, 1)
2026-05-23 17:35:48,236 | INFO     | [548169] 📊 Chi tiết dự đoán: {'ANGRY': 5.36, 'DISGUST': 0.08, 'FEAR': 5.98, 'HAPPY': 11.75, 'NEUTRAL': 17.54, 'SAD': 57.73, 'SURPRISE': 1.56}
2026-05-23 17:35:48,236 | INFO     | [548169] 🎯 KẾT QUẢ CHỐT: SAD (57.73%)
2026-05-23 17:35:48,236 | INFO     | [548169] ⏱️ Thời gian phản hồi: 67.03 ms
2026-05-23 17:35:48,263 | INFO     | [548263] ------------------------------------------
2026-05-23 17:35:48,263 | INFO     | [548263] 📥 NHẬN YÊU CẦU QUÉT KHUÔN MẶT MỚI
2026-05-23 17:35:48,264 | INFO     | [548263] Đã xử lý ảnh thành công. Kích thước tensor: (1, 48, 48, 1)
2026-05-23 17:35:48,333 | INFO     | [548263] 📊 Chi tiết dự đoán: {'ANGRY': 5.39, 'DISGUST': 0.1, 'FEAR': 6.09, 'HAPPY': 11.11, 'NEUTRAL': 14.84, 'SAD': 60.96, 'SURPRISE': 1.51}
2026-05-23 17:35:48,333 | INFO     | [548263] 🎯 KẾT QUẢ CHỐT: SAD (60.96%)
2026-05-23 17:35:48,333 | INFO     | [548263] ⏱️ Thời gian phản hồi: 70.24 ms
2026-05-23 17:35:48,355 | INFO     | [548355] ------------------------------------------
2026-05-23 17:35:48,356 | INFO     | [548355] 📥 NHẬN YÊU CẦU QUÉT KHUÔN MẶT MỚI
2026-05-23 17:35:48,357 | INFO     | [548355] Đã xử lý ảnh thành công. Kích thước tensor: (1, 48, 48, 1)
2026-05-23 17:35:48,424 | INFO     | [548355] 📊 Chi tiết dự đoán: {'ANGRY': 5.04, 'DISGUST': 0.09, 'FEAR': 6.22, 'HAPPY': 10.77, 'NEUTRAL': 17.58, 'SAD': 58.39, 'SURPRISE': 1.92}
2026-05-23 17:35:48,424 | INFO     | [548355] 🎯 KẾT QUẢ CHỐT: SAD (58.39%)
2026-05-23 17:35:48,424 | INFO     | [548355] ⏱️ Thời gian phản hồi: 68.96 ms
2026-05-23 17:35:48,464 | INFO     | [548464] ------------------------------------------
2026-05-23 17:35:48,466 | INFO     | [548464] 📥 NHẬN YÊU CẦU QUÉT KHUÔN MẶT MỚI
2026-05-23 17:35:48,466 | INFO     | [548464] Đã xử lý ảnh thành công. Kích thước tensor: (1, 48, 48, 1)
2026-05-23 17:35:48,536 | INFO     | [548464] 📊 Chi tiết dự đoán: {'ANGRY': 5.52, 'DISGUST': 0.11, 'FEAR': 6.11, 'HAPPY': 12.28, 'NEUTRAL': 15.65, 'SAD': 58.76, 'SURPRISE': 1.57}
2026-05-23 17:35:48,536 | INFO     | [548464] 🎯 KẾT QUẢ CHỐT: SAD (58.76%)
2026-05-23 17:35:48,536 | INFO     | [548464] ⏱️ Thời gian phản hồi: 71.46 ms
2026-05-23 17:35:48,559 | INFO     | [548559] ------------------------------------------
2026-05-23 17:35:48,560 | INFO     | [548559] 📥 NHẬN YÊU CẦU QUÉT KHUÔN MẶT MỚI
2026-05-23 17:35:48,560 | INFO     | [548559] Đã xử lý ảnh thành công. Kích thước tensor: (1, 48, 48, 1)
2026-05-23 17:35:48,632 | INFO     | [548559] 📊 Chi tiết dự đoán: {'ANGRY': 5.75, 'DISGUST': 0.14, 'FEAR': 5.62, 'HAPPY': 13.04, 'NEUTRAL': 16.83, 'SAD': 57.18, 'SURPRISE': 1.43}
2026-05-23 17:35:48,633 | INFO     | [548559] 🎯 KẾT QUẢ CHỐT: SAD (57.18%)
2026-05-23 17:35:48,633 | INFO     | [548559] ⏱️ Thời gian phản hồi: 73.03 ms
2026-05-23 17:35:48,654 | INFO     | [548654] ------------------------------------------
2026-05-23 17:35:48,654 | INFO     | [548654] 📥 NHẬN YÊU CẦU QUÉT KHUÔN MẶT MỚI
2026-05-23 17:35:48,655 | INFO     | [548654] Đã xử lý ảnh thành công. Kích thước tensor: (1, 48, 48, 1)
2026-05-23 17:35:48,722 | INFO     | [548654] 📊 Chi tiết dự đoán: {'ANGRY': 6.0, 'DISGUST': 0.11, 'FEAR': 6.74, 'HAPPY': 12.54, 'NEUTRAL': 16.7, 'SAD': 55.91, 'SURPRISE': 2.01}
2026-05-23 17:35:48,722 | INFO     | [548654] 🎯 KẾT QUẢ CHỐT: SAD (55.91%)
2026-05-23 17:35:48,722 | INFO     | [548654] ⏱️ Thời gian phản hồi: 68.48 ms
2026-05-23 17:35:48,761 | INFO     | [548761] ------------------------------------------
2026-05-23 17:35:48,761 | INFO     | [548761] 📥 NHẬN YÊU CẦU QUÉT KHUÔN MẶT MỚI
2026-05-23 17:35:48,762 | INFO     | [548761] Đã xử lý ảnh thành công. Kích thước tensor: (1, 48, 48, 1)
2026-05-23 17:35:48,835 | INFO     | [548761] 📊 Chi tiết dự đoán: {'ANGRY': 4.98, 'DISGUST': 0.08, 'FEAR': 6.83, 'HAPPY': 10.64, 'NEUTRAL': 17.37, 'SAD': 58.43, 'SURPRISE': 1.67}
2026-05-23 17:35:48,835 | INFO     | [548761] 🎯 KẾT QUẢ CHỐT: SAD (58.43%)
2026-05-23 17:35:48,835 | INFO     | [548761] ⏱️ Thời gian phản hồi: 72.4 ms
2026-05-23 17:35:48,856 | INFO     | [548856] ------------------------------------------
2026-05-23 17:35:48,857 | INFO     | [548856] 📥 NHẬN YÊU CẦU QUÉT KHUÔN MẶT MỚI
2026-05-23 17:35:48,858 | INFO     | [548856] Đã xử lý ảnh thành công. Kích thước tensor: (1, 48, 48, 1)
2026-05-23 17:35:48,924 | INFO     | [548856] 📊 Chi tiết dự đoán: {'ANGRY': 4.89, 'DISGUST': 0.08, 'FEAR': 6.96, 'HAPPY': 7.73, 'NEUTRAL': 17.88, 'SAD': 60.83, 'SURPRISE': 1.64}
2026-05-23 17:35:48,924 | INFO     | [548856] 🎯 KẾT QUẢ CHỐT: SAD (60.83%)
2026-05-23 17:35:48,924 | INFO     | [548856] ⏱️ Thời gian phản hồi: 68.35 ms
2026-05-23 17:35:48,963 | INFO     | [548963] ------------------------------------------
2026-05-23 17:35:48,963 | INFO     | [548963] 📥 NHẬN YÊU CẦU QUÉT KHUÔN MẶT MỚI
2026-05-23 17:35:48,965 | INFO     | [548963] Đã xử lý ảnh thành công. Kích thước tensor: (1, 48, 48, 1)
2026-05-23 17:35:49,028 | INFO     | [548963] 📊 Chi tiết dự đoán: {'ANGRY': 5.03, 'DISGUST': 0.11, 'FEAR': 6.66, 'HAPPY': 11.78, 'NEUTRAL': 17.03, 'SAD': 57.81, 'SURPRISE': 1.58}
2026-05-23 17:35:49,028 | INFO     | [548963] 🎯 KẾT QUẢ CHỐT: SAD (57.81%)
2026-05-23 17:35:49,028 | INFO     | [548963] ⏱️ Thời gian phản hồi: 64.93 ms
2026-05-23 17:35:49,059 | INFO     | [549059] ------------------------------------------
2026-05-23 17:35:49,059 | INFO     | [549059] 📥 NHẬN YÊU CẦU QUÉT KHUÔN MẶT MỚI
2026-05-23 17:35:49,060 | INFO     | [549059] Đã xử lý ảnh thành công. Kích thước tensor: (1, 48, 48, 1)
2026-05-23 17:35:49,121 | INFO     | [549059] 📊 Chi tiết dự đoán: {'ANGRY': 4.44, 'DISGUST': 0.08, 'FEAR': 5.67, 'HAPPY': 9.15, 'NEUTRAL': 16.46, 'SAD': 62.8, 'SURPRISE': 1.42}
2026-05-23 17:35:49,121 | INFO     | [549059] 🎯 KẾT QUẢ CHỐT: SAD (62.80%)
2026-05-23 17:35:49,121 | INFO     | [549059] ⏱️ Thời gian phản hồi: 62.18 ms
2026-05-23 17:35:49,166 | INFO     | [549166] ------------------------------------------
2026-05-23 17:35:49,167 | INFO     | [549166] 📥 NHẬN YÊU CẦU QUÉT KHUÔN MẶT MỚI
2026-05-23 17:35:49,167 | INFO     | [549166] Đã xử lý ảnh thành công. Kích thước tensor: (1, 48, 48, 1)
2026-05-23 17:35:49,228 | INFO     | [549166] 📊 Chi tiết dự đoán: {'ANGRY': 5.31, 'DISGUST': 0.13, 'FEAR': 5.8, 'HAPPY': 13.62, 'NEUTRAL': 15.84, 'SAD': 57.78, 'SURPRISE': 1.52}
2026-05-23 17:35:49,228 | INFO     | [549166] 🎯 KẾT QUẢ CHỐT: SAD (57.78%)
2026-05-23 17:35:49,228 | INFO     | [549166] ⏱️ Thời gian phản hồi: 62.18 ms
2026-05-23 17:35:49,258 | INFO     | [549258] ------------------------------------------
2026-05-23 17:35:49,258 | INFO     | [549258] 📥 NHẬN YÊU CẦU QUÉT KHUÔN MẶT MỚI
2026-05-23 17:35:49,259 | INFO     | [549258] Đã xử lý ảnh thành công. Kích thước tensor: (1, 48, 48, 1)
2026-05-23 17:35:49,326 | INFO     | [549258] 📊 Chi tiết dự đoán: {'ANGRY': 5.96, 'DISGUST': 0.13, 'FEAR': 6.57, 'HAPPY': 13.72, 'NEUTRAL': 16.38, 'SAD': 55.56, 'SURPRISE': 1.68}
2026-05-23 17:35:49,326 | INFO     | [549258] 🎯 KẾT QUẢ CHỐT: SAD (55.56%)
2026-05-23 17:35:49,327 | INFO     | [549258] ⏱️ Thời gian phản hồi: 68.58 ms
2026-05-23 17:35:49,367 | INFO     | [549367] ------------------------------------------
2026-05-23 17:35:49,367 | INFO     | [549367] 📥 NHẬN YÊU CẦU QUÉT KHUÔN MẶT MỚI
2026-05-23 17:35:49,368 | INFO     | [549367] Đã xử lý ảnh thành công. Kích thước tensor: (1, 48, 48, 1)
2026-05-23 17:35:49,436 | INFO     | [549367] 📊 Chi tiết dự đoán: {'ANGRY': 5.73, 'DISGUST': 0.14, 'FEAR': 6.65, 'HAPPY': 12.5, 'NEUTRAL': 19.11, 'SAD': 54.02, 'SURPRISE': 1.85}
2026-05-23 17:35:49,436 | INFO     | [549367] 🎯 KẾT QUẢ CHỐT: SAD (54.02%)
2026-05-23 17:35:49,436 | INFO     | [549367] ⏱️ Thời gian phản hồi: 68.63 ms
2026-05-23 17:35:49,460 | INFO     | [549460] ------------------------------------------
2026-05-23 17:35:49,460 | INFO     | [549460] 📥 NHẬN YÊU CẦU QUÉT KHUÔN MẶT MỚI
2026-05-23 17:35:49,460 | INFO     | [549460] Đã xử lý ảnh thành công. Kích thước tensor: (1, 48, 48, 1)
2026-05-23 17:35:49,527 | INFO     | [549460] 📊 Chi tiết dự đoán: {'ANGRY': 5.2, 'DISGUST': 0.1, 'FEAR': 6.05, 'HAPPY': 13.05, 'NEUTRAL': 16.06, 'SAD': 58.07, 'SURPRISE': 1.46}
2026-05-23 17:35:49,527 | INFO     | [549460] 🎯 KẾT QUẢ CHỐT: SAD (58.07%)
2026-05-23 17:35:49,527 | INFO     | [549460] ⏱️ Thời gian phản hồi: 67.29 ms
2026-05-23 17:35:49,551 | INFO     | [549551] ------------------------------------------
2026-05-23 17:35:49,552 | INFO     | [549551] 📥 NHẬN YÊU CẦU QUÉT KHUÔN MẶT MỚI
2026-05-23 17:35:49,552 | INFO     | [549551] Đã xử lý ảnh thành công. Kích thước tensor: (1, 48, 48, 1)
2026-05-23 17:35:49,622 | INFO     | [549551] 📊 Chi tiết dự đoán: {'ANGRY': 6.02, 'DISGUST': 0.12, 'FEAR': 6.02, 'HAPPY': 14.83, 'NEUTRAL': 14.83, 'SAD': 56.44, 'SURPRISE': 1.74}
2026-05-23 17:35:49,622 | INFO     | [549551] 🎯 KẾT QUẢ CHỐT: SAD (56.44%)
2026-05-23 17:35:49,622 | INFO     | [549551] ⏱️ Thời gian phản hồi: 71.63 ms
2026-05-23 17:35:49,661 | INFO     | [549661] ------------------------------------------
2026-05-23 17:35:49,662 | INFO     | [549661] 📥 NHẬN YÊU CẦU QUÉT KHUÔN MẶT MỚI
2026-05-23 17:35:49,662 | INFO     | [549661] Đã xử lý ảnh thành công. Kích thước tensor: (1, 48, 48, 1)
2026-05-23 17:35:49,733 | INFO     | [549661] 📊 Chi tiết dự đoán: {'ANGRY': 7.0, 'DISGUST': 0.16, 'FEAR': 6.76, 'HAPPY': 12.28, 'NEUTRAL': 14.82, 'SAD': 56.73, 'SURPRISE': 2.25}
2026-05-23 17:35:49,733 | INFO     | [549661] 🎯 KẾT QUẢ CHỐT: SAD (56.73%)
2026-05-23 17:35:49,733 | INFO     | [549661] ⏱️ Thời gian phản hồi: 71.79 ms
2026-05-23 17:35:49,753 | INFO     | [549753] ------------------------------------------
2026-05-23 17:35:49,753 | INFO     | [549753] 📥 NHẬN YÊU CẦU QUÉT KHUÔN MẶT MỚI
2026-05-23 17:35:49,754 | INFO     | [549753] Đã xử lý ảnh thành công. Kích thước tensor: (1, 48, 48, 1)
2026-05-23 17:35:49,821 | INFO     | [549753] 📊 Chi tiết dự đoán: {'ANGRY': 5.85, 'DISGUST': 0.1, 'FEAR': 5.66, 'HAPPY': 15.27, 'NEUTRAL': 14.73, 'SAD': 56.94, 'SURPRISE': 1.45}
2026-05-23 17:35:49,822 | INFO     | [549753] 🎯 KẾT QUẢ CHỐT: SAD (56.94%)
2026-05-23 17:35:49,822 | INFO     | [549753] ⏱️ Thời gian phản hồi: 68.47 ms
2026-05-23 17:35:49,847 | INFO     | [549847] ------------------------------------------
2026-05-23 17:35:49,847 | INFO     | [549847] 📥 NHẬN YÊU CẦU QUÉT KHUÔN MẶT MỚI
2026-05-23 17:35:49,847 | INFO     | [549847] Đã xử lý ảnh thành công. Kích thước tensor: (1, 48, 48, 1)
2026-05-23 17:35:49,915 | INFO     | [549847] 📊 Chi tiết dự đoán: {'ANGRY': 5.39, 'DISGUST': 0.1, 'FEAR': 6.34, 'HAPPY': 11.92, 'NEUTRAL': 16.03, 'SAD': 58.51, 'SURPRISE': 1.7}
2026-05-23 17:35:49,915 | INFO     | [549847] 🎯 KẾT QUẢ CHỐT: SAD (58.51%)
2026-05-23 17:35:49,915 | INFO     | [549847] ⏱️ Thời gian phản hồi: 66.83 ms
2026-05-23 17:35:49,973 | INFO     | [549973] ------------------------------------------
2026-05-23 17:35:49,973 | INFO     | [549973] 📥 NHẬN YÊU CẦU QUÉT KHUÔN MẶT MỚI
2026-05-23 17:35:49,973 | INFO     | [549973] Đã xử lý ảnh thành công. Kích thước tensor: (1, 48, 48, 1)
2026-05-23 17:35:50,034 | INFO     | [549973] 📊 Chi tiết dự đoán: {'ANGRY': 4.76, 'DISGUST': 0.11, 'FEAR': 5.49, 'HAPPY': 12.48, 'NEUTRAL': 16.24, 'SAD': 59.43, 'SURPRISE': 1.48}
2026-05-23 17:35:50,034 | INFO     | [549973] 🎯 KẾT QUẢ CHỐT: SAD (59.43%)
2026-05-23 17:35:50,034 | INFO     | [549973] ⏱️ Thời gian phản hồi: 60.99 ms
2026-05-23 17:35:50,050 | INFO     | [550050] ------------------------------------------
2026-05-23 17:35:50,050 | INFO     | [550050] 📥 NHẬN YÊU CẦU QUÉT KHUÔN MẶT MỚI
2026-05-23 17:35:50,050 | INFO     | [550050] Đã xử lý ảnh thành công. Kích thước tensor: (1, 48, 48, 1)
2026-05-23 17:35:50,116 | INFO     | [550050] 📊 Chi tiết dự đoán: {'ANGRY': 4.65, 'DISGUST': 0.11, 'FEAR': 5.73, 'HAPPY': 9.93, 'NEUTRAL': 17.47, 'SAD': 60.45, 'SURPRISE': 1.67}
2026-05-23 17:35:50,117 | INFO     | [550050] 🎯 KẾT QUẢ CHỐT: SAD (60.45%)
2026-05-23 17:35:50,117 | INFO     | [550050] ⏱️ Thời gian phản hồi: 65.98 ms
2026-05-23 17:35:50,158 | INFO     | [550158] ------------------------------------------
2026-05-23 17:35:50,158 | INFO     | [550158] 📥 NHẬN YÊU CẦU QUÉT KHUÔN MẶT MỚI
2026-05-23 17:35:50,159 | INFO     | [550158] Đã xử lý ảnh thành công. Kích thước tensor: (1, 48, 48, 1)
2026-05-23 17:35:50,224 | INFO     | [550158] 📊 Chi tiết dự đoán: {'ANGRY': 5.12, 'DISGUST': 0.13, 'FEAR': 5.33, 'HAPPY': 12.99, 'NEUTRAL': 16.11, 'SAD': 58.72, 'SURPRISE': 1.6}
2026-05-23 17:35:50,224 | INFO     | [550158] 🎯 KẾT QUẢ CHỐT: SAD (58.72%)
2026-05-23 17:35:50,224 | INFO     | [550158] ⏱️ Thời gian phản hồi: 64.83 ms
2026-05-23 17:35:50,252 | INFO     | [550252] ------------------------------------------
2026-05-23 17:35:50,252 | INFO     | [550252] 📥 NHẬN YÊU CẦU QUÉT KHUÔN MẶT MỚI
2026-05-23 17:35:50,253 | INFO     | [550252] Đã xử lý ảnh thành công. Kích thước tensor: (1, 48, 48, 1)
2026-05-23 17:35:50,316 | INFO     | [550252] 📊 Chi tiết dự đoán: {'ANGRY': 6.01, 'DISGUST': 0.13, 'FEAR': 6.02, 'HAPPY': 10.88, 'NEUTRAL': 16.27, 'SAD': 58.68, 'SURPRISE': 2.01}
2026-05-23 17:35:50,316 | INFO     | [550252] 🎯 KẾT QUẢ CHỐT: SAD (58.68%)
2026-05-23 17:35:50,316 | INFO     | [550252] ⏱️ Thời gian phản hồi: 63.95 ms
2026-05-23 17:35:50,359 | INFO     | [550359] ------------------------------------------
2026-05-23 17:35:50,359 | INFO     | [550359] 📥 NHẬN YÊU CẦU QUÉT KHUÔN MẶT MỚI
2026-05-23 17:35:50,361 | INFO     | [550359] Đã xử lý ảnh thành công. Kích thước tensor: (1, 48, 48, 1)
2026-05-23 17:35:50,420 | INFO     | [550359] 📊 Chi tiết dự đoán: {'ANGRY': 5.42, 'DISGUST': 0.1, 'FEAR': 5.7, 'HAPPY': 9.72, 'NEUTRAL': 17.15, 'SAD': 59.88, 'SURPRISE': 2.02}
2026-05-23 17:35:50,420 | INFO     | [550359] 🎯 KẾT QUẢ CHỐT: SAD (59.88%)
2026-05-23 17:35:50,422 | INFO     | [550359] ⏱️ Thời gian phản hồi: 60.96 ms
2026-05-23 17:35:50,451 | INFO     | [550451] ------------------------------------------
2026-05-23 17:35:50,452 | INFO     | [550451] 📥 NHẬN YÊU CẦU QUÉT KHUÔN MẶT MỚI
2026-05-23 17:35:50,452 | INFO     | [550451] Đã xử lý ảnh thành công. Kích thước tensor: (1, 48, 48, 1)
2026-05-23 17:35:50,522 | INFO     | [550451] 📊 Chi tiết dự đoán: {'ANGRY': 6.7, 'DISGUST': 0.11, 'FEAR': 6.54, 'HAPPY': 10.13, 'NEUTRAL': 16.67, 'SAD': 57.41, 'SURPRISE': 2.44}
2026-05-23 17:35:50,522 | INFO     | [550451] 🎯 KẾT QUẢ CHỐT: SAD (57.41%)
2026-05-23 17:35:50,522 | INFO     | [550451] ⏱️ Thời gian phản hồi: 70.2 ms
2026-05-23 17:35:50,560 | INFO     | [550560] ------------------------------------------
2026-05-23 17:35:50,560 | INFO     | [550560] 📥 NHẬN YÊU CẦU QUÉT KHUÔN MẶT MỚI
2026-05-23 17:35:50,562 | INFO     | [550560] Đã xử lý ảnh thành công. Kích thước tensor: (1, 48, 48, 1)
2026-05-23 17:35:50,629 | INFO     | [550560] 📊 Chi tiết dự đoán: {'ANGRY': 6.03, 'DISGUST': 0.13, 'FEAR': 6.72, 'HAPPY': 6.32, 'NEUTRAL': 20.75, 'SAD': 57.99, 'SURPRISE': 2.05}
2026-05-23 17:35:50,629 | INFO     | [550560] 🎯 KẾT QUẢ CHỐT: SAD (57.99%)
2026-05-23 17:35:50,629 | INFO     | [550560] ⏱️ Thời gian phản hồi: 68.37 ms
2026-05-23 17:35:50,654 | INFO     | [550654] ------------------------------------------
2026-05-23 17:35:50,654 | INFO     | [550654] 📥 NHẬN YÊU CẦU QUÉT KHUÔN MẶT MỚI
2026-05-23 17:35:50,656 | INFO     | [550654] Đã xử lý ảnh thành công. Kích thước tensor: (1, 48, 48, 1)
2026-05-23 17:35:50,718 | INFO     | [550654] 📊 Chi tiết dự đoán: {'ANGRY': 6.06, 'DISGUST': 0.1, 'FEAR': 7.03, 'HAPPY': 9.3, 'NEUTRAL': 17.64, 'SAD': 57.24, 'SURPRISE': 2.63}
2026-05-23 17:35:50,719 | INFO     | [550654] 🎯 KẾT QUẢ CHỐT: SAD (57.24%)
2026-05-23 17:35:50,719 | INFO     | [550654] ⏱️ Thời gian phản hồi: 63.74 ms
2026-05-23 17:35:50,762 | INFO     | [550762] ------------------------------------------
2026-05-23 17:35:50,762 | INFO     | [550762] 📥 NHẬN YÊU CẦU QUÉT KHUÔN MẶT MỚI
2026-05-23 17:35:50,764 | INFO     | [550762] Đã xử lý ảnh thành công. Kích thước tensor: (1, 48, 48, 1)
2026-05-23 17:35:50,827 | INFO     | [550762] 📊 Chi tiết dự đoán: {'ANGRY': 6.21, 'DISGUST': 0.12, 'FEAR': 5.89, 'HAPPY': 14.41, 'NEUTRAL': 19.91, 'SAD': 51.37, 'SURPRISE': 2.1}
2026-05-23 17:35:50,827 | INFO     | [550762] 🎯 KẾT QUẢ CHỐT: SAD (51.37%)
2026-05-23 17:35:50,827 | INFO     | [550762] ⏱️ Thời gian phản hồi: 64.57 ms
2026-05-23 17:35:50,857 | INFO     | [550857] ------------------------------------------
2026-05-23 17:35:50,857 | INFO     | [550857] 📥 NHẬN YÊU CẦU QUÉT KHUÔN MẶT MỚI
2026-05-23 17:35:50,857 | INFO     | [550857] Đã xử lý ảnh thành công. Kích thước tensor: (1, 48, 48, 1)
2026-05-23 17:35:50,932 | INFO     | [550857] 📊 Chi tiết dự đoán: {'ANGRY': 5.76, 'DISGUST': 0.13, 'FEAR': 5.74, 'HAPPY': 11.69, 'NEUTRAL': 17.5, 'SAD': 57.24, 'SURPRISE': 1.95}
2026-05-23 17:35:50,932 | INFO     | [550857] 🎯 KẾT QUẢ CHỐT: SAD (57.24%)
2026-05-23 17:35:50,932 | INFO     | [550857] ⏱️ Thời gian phản hồi: 74.79 ms
2026-05-23 17:35:50,964 | INFO     | [550964] ------------------------------------------
2026-05-23 17:35:50,964 | INFO     | [550964] 📥 NHẬN YÊU CẦU QUÉT KHUÔN MẶT MỚI
2026-05-23 17:35:50,966 | INFO     | [550964] Đã xử lý ảnh thành công. Kích thước tensor: (1, 48, 48, 1)
2026-05-23 17:35:51,039 | INFO     | [550964] 📊 Chi tiết dự đoán: {'ANGRY': 5.79, 'DISGUST': 0.13, 'FEAR': 5.73, 'HAPPY': 15.99, 'NEUTRAL': 19.98, 'SAD': 50.44, 'SURPRISE': 1.95}
2026-05-23 17:35:51,040 | INFO     | [550964] 🎯 KẾT QUẢ CHỐT: SAD (50.44%)
2026-05-23 17:35:51,040 | INFO     | [550964] ⏱️ Thời gian phản hồi: 74.7 ms
2026-05-23 17:35:51,058 | INFO     | [551058] ------------------------------------------
2026-05-23 17:35:51,059 | INFO     | [551058] 📥 NHẬN YÊU CẦU QUÉT KHUÔN MẶT MỚI
2026-05-23 17:35:51,060 | INFO     | [551058] Đã xử lý ảnh thành công. Kích thước tensor: (1, 48, 48, 1)
2026-05-23 17:35:51,134 | INFO     | [551058] 📊 Chi tiết dự đoán: {'ANGRY': 6.04, 'DISGUST': 0.13, 'FEAR': 6.1, 'HAPPY': 12.85, 'NEUTRAL': 17.03, 'SAD': 55.76, 'SURPRISE': 2.1}
2026-05-23 17:35:51,134 | INFO     | [551058] 🎯 KẾT QUẢ CHỐT: SAD (55.76%)
2026-05-23 17:35:51,136 | INFO     | [551058] ⏱️ Thời gian phản hồi: 76.64 ms
2026-05-23 17:35:51,169 | INFO     | [551169] ------------------------------------------
2026-05-23 17:35:51,169 | INFO     | [551169] 📥 NHẬN YÊU CẦU QUÉT KHUÔN MẶT MỚI
2026-05-23 17:35:51,170 | INFO     | [551169] Đã xử lý ảnh thành công. Kích thước tensor: (1, 48, 48, 1)
2026-05-23 17:35:51,244 | INFO     | [551169] 📊 Chi tiết dự đoán: {'ANGRY': 6.57, 'DISGUST': 0.14, 'FEAR': 6.74, 'HAPPY': 11.34, 'NEUTRAL': 16.85, 'SAD': 55.62, 'SURPRISE': 2.74}
2026-05-23 17:35:51,244 | INFO     | [551169] 🎯 KẾT QUẢ CHỐT: SAD (55.62%)
2026-05-23 17:35:51,244 | INFO     | [551169] ⏱️ Thời gian phản hồi: 75.5 ms
2026-05-23 17:35:51,264 | INFO     | [551264] ------------------------------------------
2026-05-23 17:35:51,264 | INFO     | [551264] 📥 NHẬN YÊU CẦU QUÉT KHUÔN MẶT MỚI
2026-05-23 17:35:51,265 | INFO     | [551264] Đã xử lý ảnh thành công. Kích thước tensor: (1, 48, 48, 1)
2026-05-23 17:35:51,334 | INFO     | [551264] 📊 Chi tiết dự đoán: {'ANGRY': 5.95, 'DISGUST': 0.11, 'FEAR': 5.78, 'HAPPY': 11.26, 'NEUTRAL': 19.94, 'SAD': 55.07, 'SURPRISE': 1.89}
2026-05-23 17:35:51,335 | INFO     | [551264] 🎯 KẾT QUẢ CHỐT: SAD (55.07%)
2026-05-23 17:35:51,335 | INFO     | [551264] ⏱️ Thời gian phản hồi: 70.81 ms
2026-05-23 17:35:51,372 | INFO     | [551372] ------------------------------------------
2026-05-23 17:35:51,373 | INFO     | [551372] 📥 NHẬN YÊU CẦU QUÉT KHUÔN MẶT MỚI
2026-05-23 17:35:51,373 | INFO     | [551372] Đã xử lý ảnh thành công. Kích thước tensor: (1, 48, 48, 1)
2026-05-23 17:35:51,438 | INFO     | [551372] 📊 Chi tiết dự đoán: {'ANGRY': 6.1, 'DISGUST': 0.12, 'FEAR': 6.28, 'HAPPY': 12.83, 'NEUTRAL': 16.95, 'SAD': 55.79, 'SURPRISE': 1.93}
2026-05-23 17:35:51,439 | INFO     | [551372] 🎯 KẾT QUẢ CHỐT: SAD (55.79%)
2026-05-23 17:35:51,439 | INFO     | [551372] ⏱️ Thời gian phản hồi: 66.73 ms
2026-05-23 17:35:51,465 | INFO     | [551465] ------------------------------------------
2026-05-23 17:35:51,467 | INFO     | [551465] 📥 NHẬN YÊU CẦU QUÉT KHUÔN MẶT MỚI
2026-05-23 17:35:51,467 | INFO     | [551465] Đã xử lý ảnh thành công. Kích thước tensor: (1, 48, 48, 1)
2026-05-23 17:35:51,536 | INFO     | [551465] 📊 Chi tiết dự đoán: {'ANGRY': 5.24, 'DISGUST': 0.12, 'FEAR': 5.37, 'HAPPY': 19.6, 'NEUTRAL': 19.16, 'SAD': 48.96, 'SURPRISE': 1.55}
2026-05-23 17:35:51,536 | INFO     | [551465] 🎯 KẾT QUẢ CHỐT: SAD (48.96%)
2026-05-23 17:35:51,536 | INFO     | [551465] ⏱️ Thời gian phản hồi: 71.01 ms
2026-05-23 17:35:51,573 | INFO     | [551573] ------------------------------------------
2026-05-23 17:35:51,574 | INFO     | [551573] 📥 NHẬN YÊU CẦU QUÉT KHUÔN MẶT MỚI
2026-05-23 17:35:51,574 | INFO     | [551573] Đã xử lý ảnh thành công. Kích thước tensor: (1, 48, 48, 1)
2026-05-23 17:35:51,646 | INFO     | [551573] 📊 Chi tiết dự đoán: {'ANGRY': 6.53, 'DISGUST': 0.16, 'FEAR': 6.69, 'HAPPY': 11.08, 'NEUTRAL': 16.52, 'SAD': 57.05, 'SURPRISE': 1.98}
2026-05-23 17:35:51,646 | INFO     | [551573] 🎯 KẾT QUẢ CHỐT: SAD (57.05%)
2026-05-23 17:35:51,646 | INFO     | [551573] ⏱️ Thời gian phản hồi: 73.07 ms
2026-05-23 17:35:51,665 | INFO     | [551665] ------------------------------------------
2026-05-23 17:35:51,665 | INFO     | [551665] 📥 NHẬN YÊU CẦU QUÉT KHUÔN MẶT MỚI
2026-05-23 17:35:51,665 | INFO     | [551665] Đã xử lý ảnh thành công. Kích thước tensor: (1, 48, 48, 1)
2026-05-23 17:35:51,730 | INFO     | [551665] 📊 Chi tiết dự đoán: {'ANGRY': 5.51, 'DISGUST': 0.11, 'FEAR': 6.63, 'HAPPY': 11.74, 'NEUTRAL': 15.97, 'SAD': 57.97, 'SURPRISE': 2.07}
2026-05-23 17:35:51,730 | INFO     | [551665] 🎯 KẾT QUẢ CHỐT: SAD (57.97%)
2026-05-23 17:35:51,730 | INFO     | [551665] ⏱️ Thời gian phản hồi: 64.95 ms
2026-05-23 17:35:51,758 | INFO     | [551758] ------------------------------------------
2026-05-23 17:35:51,758 | INFO     | [551758] 📥 NHẬN YÊU CẦU QUÉT KHUÔN MẶT MỚI
2026-05-23 17:35:51,759 | INFO     | [551758] Đã xử lý ảnh thành công. Kích thước tensor: (1, 48, 48, 1)
2026-05-23 17:35:51,825 | INFO     | [551758] 📊 Chi tiết dự đoán: {'ANGRY': 6.75, 'DISGUST': 0.15, 'FEAR': 7.07, 'HAPPY': 11.75, 'NEUTRAL': 13.7, 'SAD': 58.24, 'SURPRISE': 2.34}
2026-05-23 17:35:51,825 | INFO     | [551758] 🎯 KẾT QUẢ CHỐT: SAD (58.24%)
2026-05-23 17:35:51,826 | INFO     | [551758] ⏱️ Thời gian phản hồi: 66.56 ms
2026-05-23 17:35:51,868 | INFO     | [551868] ------------------------------------------
2026-05-23 17:35:51,869 | INFO     | [551868] 📥 NHẬN YÊU CẦU QUÉT KHUÔN MẶT MỚI
2026-05-23 17:35:51,869 | INFO     | [551868] Đã xử lý ảnh thành công. Kích thước tensor: (1, 48, 48, 1)
2026-05-23 17:35:51,949 | INFO     | [551868] 📊 Chi tiết dự đoán: {'ANGRY': 6.19, 'DISGUST': 0.12, 'FEAR': 6.23, 'HAPPY': 9.21, 'NEUTRAL': 15.73, 'SAD': 60.82, 'SURPRISE': 1.7}
2026-05-23 17:35:51,950 | INFO     | [551868] 🎯 KẾT QUẢ CHỐT: SAD (60.82%)
2026-05-23 17:35:51,950 | INFO     | [551868] ⏱️ Thời gian phản hồi: 81.27 ms
2026-05-23 17:35:51,960 | INFO     | [551960] ------------------------------------------
2026-05-23 17:35:51,960 | INFO     | [551960] 📥 NHẬN YÊU CẦU QUÉT KHUÔN MẶT MỚI
2026-05-23 17:35:51,961 | INFO     | [551960] Đã xử lý ảnh thành công. Kích thước tensor: (1, 48, 48, 1)
2026-05-23 17:35:52,037 | INFO     | [551960] 📊 Chi tiết dự đoán: {'ANGRY': 6.29, 'DISGUST': 0.19, 'FEAR': 6.84, 'HAPPY': 10.14, 'NEUTRAL': 16.57, 'SAD': 58.04, 'SURPRISE': 1.92}
2026-05-23 17:35:52,038 | INFO     | [551960] 🎯 KẾT QUẢ CHỐT: SAD (58.04%)
2026-05-23 17:35:52,038 | INFO     | [551960] ⏱️ Thời gian phản hồi: 77.04 ms
2026-05-23 17:35:52,070 | INFO     | [552070] ------------------------------------------
2026-05-23 17:35:52,070 | INFO     | [552070] 📥 NHẬN YÊU CẦU QUÉT KHUÔN MẶT MỚI
2026-05-23 17:35:52,071 | INFO     | [552070] Đã xử lý ảnh thành công. Kích thước tensor: (1, 48, 48, 1)
2026-05-23 17:35:52,150 | INFO     | [552070] 📊 Chi tiết dự đoán: {'ANGRY': 6.84, 'DISGUST': 0.17, 'FEAR': 7.18, 'HAPPY': 10.55, 'NEUTRAL': 15.79, 'SAD': 57.63, 'SURPRISE': 1.84}
2026-05-23 17:35:52,150 | INFO     | [552070] 🎯 KẾT QUẢ CHỐT: SAD (57.63%)
2026-05-23 17:35:52,150 | INFO     | [552070] ⏱️ Thời gian phản hồi: 80.32 ms
2026-05-23 17:35:52,162 | INFO     | [552162] ------------------------------------------
2026-05-23 17:35:52,162 | INFO     | [552162] 📥 NHẬN YÊU CẦU QUÉT KHUÔN MẶT MỚI
2026-05-23 17:35:52,163 | INFO     | [552162] Đã xử lý ảnh thành công. Kích thước tensor: (1, 48, 48, 1)
2026-05-23 17:35:52,238 | INFO     | [552162] 📊 Chi tiết dự đoán: {'ANGRY': 5.1, 'DISGUST': 0.11, 'FEAR': 5.98, 'HAPPY': 7.43, 'NEUTRAL': 17.66, 'SAD': 62.17, 'SURPRISE': 1.54}
2026-05-23 17:35:52,239 | INFO     | [552162] 🎯 KẾT QUẢ CHỐT: SAD (62.17%)
2026-05-23 17:35:52,239 | INFO     | [552162] ⏱️ Thời gian phản hồi: 75.91 ms
2026-05-23 17:35:52,269 | INFO     | [552269] ------------------------------------------
2026-05-23 17:35:52,270 | INFO     | [552269] 📥 NHẬN YÊU CẦU QUÉT KHUÔN MẶT MỚI
2026-05-23 17:35:52,270 | INFO     | [552269] Đã xử lý ảnh thành công. Kích thước tensor: (1, 48, 48, 1)
2026-05-23 17:35:52,345 | INFO     | [552269] 📊 Chi tiết dự đoán: {'ANGRY': 5.19, 'DISGUST': 0.09, 'FEAR': 6.59, 'HAPPY': 10.04, 'NEUTRAL': 15.61, 'SAD': 60.76, 'SURPRISE': 1.72}
2026-05-23 17:35:52,345 | INFO     | [552269] 🎯 KẾT QUẢ CHỐT: SAD (60.76%)
2026-05-23 17:35:52,345 | INFO     | [552269] ⏱️ Thời gian phản hồi: 75.77 ms
2026-05-23 17:35:52,349 | INFO     | [552349] ------------------------------------------
2026-05-23 17:35:52,349 | INFO     | [552349] 📥 NHẬN YÊU CẦU QUÉT KHUÔN MẶT MỚI
2026-05-23 17:35:52,350 | INFO     | [552349] Đã xử lý ảnh thành công. Kích thước tensor: (1, 48, 48, 1)
2026-05-23 17:35:52,416 | INFO     | [552349] 📊 Chi tiết dự đoán: {'ANGRY': 5.31, 'DISGUST': 0.09, 'FEAR': 6.43, 'HAPPY': 8.3, 'NEUTRAL': 16.45, 'SAD': 61.89, 'SURPRISE': 1.53}
2026-05-23 17:35:52,416 | INFO     | [552349] 🎯 KẾT QUẢ CHỐT: SAD (61.89%)
2026-05-23 17:35:52,416 | INFO     | [552349] ⏱️ Thời gian phản hồi: 66.96 ms
2026-05-23 17:35:52,458 | INFO     | [552458] ------------------------------------------
2026-05-23 17:35:52,458 | INFO     | [552458] 📥 NHẬN YÊU CẦU QUÉT KHUÔN MẶT MỚI
2026-05-23 17:35:52,459 | INFO     | [552458] Đã xử lý ảnh thành công. Kích thước tensor: (1, 48, 48, 1)
2026-05-23 17:35:52,536 | INFO     | [552458] 📊 Chi tiết dự đoán: {'ANGRY': 5.57, 'DISGUST': 0.09, 'FEAR': 7.06, 'HAPPY': 9.38, 'NEUTRAL': 16.95, 'SAD': 58.71, 'SURPRISE': 2.22}
2026-05-23 17:35:52,536 | INFO     | [552458] 🎯 KẾT QUẢ CHỐT: SAD (58.71%)
2026-05-23 17:35:52,536 | INFO     | [552458] ⏱️ Thời gian phản hồi: 77.04 ms
2026-05-23 17:35:52,553 | INFO     | [552553] ------------------------------------------
2026-05-23 17:35:52,553 | INFO     | [552553] 📥 NHẬN YÊU CẦU QUÉT KHUÔN MẶT MỚI
2026-05-23 17:35:52,554 | INFO     | [552553] Đã xử lý ảnh thành công. Kích thước tensor: (1, 48, 48, 1)
2026-05-23 17:35:52,623 | INFO     | [552553] 📊 Chi tiết dự đoán: {'ANGRY': 5.34, 'DISGUST': 0.07, 'FEAR': 8.44, 'HAPPY': 15.03, 'NEUTRAL': 18.14, 'SAD': 48.85, 'SURPRISE': 4.14}
2026-05-23 17:35:52,623 | INFO     | [552553] 🎯 KẾT QUẢ CHỐT: SAD (48.85%)
2026-05-23 17:35:52,623 | INFO     | [552553] ⏱️ Thời gian phản hồi: 70.12 ms
2026-05-23 17:35:52,660 | INFO     | [552660] ------------------------------------------
2026-05-23 17:35:52,661 | INFO     | [552660] 📥 NHẬN YÊU CẦU QUÉT KHUÔN MẶT MỚI
2026-05-23 17:35:52,661 | INFO     | [552660] Đã xử lý ảnh thành công. Kích thước tensor: (1, 48, 48, 1)
2026-05-23 17:35:52,729 | INFO     | [552660] 📊 Chi tiết dự đoán: {'ANGRY': 5.11, 'DISGUST': 0.08, 'FEAR': 8.23, 'HAPPY': 13.44, 'NEUTRAL': 17.01, 'SAD': 52.32, 'SURPRISE': 3.81}
2026-05-23 17:35:52,729 | INFO     | [552660] 🎯 KẾT QUẢ CHỐT: SAD (52.32%)
2026-05-23 17:35:52,729 | INFO     | [552660] ⏱️ Thời gian phản hồi: 68.51 ms
2026-05-23 17:35:52,758 | INFO     | [552758] ------------------------------------------
2026-05-23 17:35:52,771 | INFO     | [552758] 📥 NHẬN YÊU CẦU QUÉT KHUÔN MẶT MỚI
2026-05-23 17:35:52,772 | INFO     | [552758] Đã xử lý ảnh thành công. Kích thước tensor: (1, 48, 48, 1)
2026-05-23 17:35:52,853 | INFO     | [552758] 📊 Chi tiết dự đoán: {'ANGRY': 4.81, 'DISGUST': 0.1, 'FEAR': 7.62, 'HAPPY': 16.54, 'NEUTRAL': 17.02, 'SAD': 50.15, 'SURPRISE': 3.77}
2026-05-23 17:35:52,853 | INFO     | [552758] 🎯 KẾT QUẢ CHỐT: SAD (50.15%)
2026-05-23 17:35:52,853 | INFO     | [552758] ⏱️ Thời gian phản hồi: 94.96 ms
2026-05-23 17:35:52,855 | INFO     | [552855] ------------------------------------------
2026-05-23 17:35:52,855 | INFO     | [552855] 📥 NHẬN YÊU CẦU QUÉT KHUÔN MẶT MỚI
2026-05-23 17:35:52,856 | INFO     | [552855] Đã xử lý ảnh thành công. Kích thước tensor: (1, 48, 48, 1)
2026-05-23 17:35:52,922 | INFO     | [552855] 📊 Chi tiết dự đoán: {'ANGRY': 4.13, 'DISGUST': 0.07, 'FEAR': 7.4, 'HAPPY': 13.27, 'NEUTRAL': 19.59, 'SAD': 51.98, 'SURPRISE': 3.55}
2026-05-23 17:35:52,922 | INFO     | [552855] 🎯 KẾT QUẢ CHỐT: SAD (51.98%)
2026-05-23 17:35:52,922 | INFO     | [552855] ⏱️ Thời gian phản hồi: 67.35 ms
2026-05-23 17:35:52,952 | INFO     | [552952] ------------------------------------------
2026-05-23 17:35:52,952 | INFO     | [552952] 📥 NHẬN YÊU CẦU QUÉT KHUÔN MẶT MỚI
2026-05-23 17:35:52,954 | INFO     | [552952] Đã xử lý ảnh thành công. Kích thước tensor: (1, 48, 48, 1)
2026-05-23 17:35:53,020 | INFO     | [552952] 📊 Chi tiết dự đoán: {'ANGRY': 4.62, 'DISGUST': 0.07, 'FEAR': 7.71, 'HAPPY': 12.93, 'NEUTRAL': 19.99, 'SAD': 50.3, 'SURPRISE': 4.38}
2026-05-23 17:35:53,020 | INFO     | [552952] 🎯 KẾT QUẢ CHỐT: SAD (50.30%)
2026-05-23 17:35:53,020 | INFO     | [552952] ⏱️ Thời gian phản hồi: 66.7 ms
2026-05-23 17:35:53,047 | INFO     | [553047] ------------------------------------------
2026-05-23 17:35:53,047 | INFO     | [553047] 📥 NHẬN YÊU CẦU QUÉT KHUÔN MẶT MỚI
2026-05-23 17:35:53,047 | INFO     | [553047] Đã xử lý ảnh thành công. Kích thước tensor: (1, 48, 48, 1)
2026-05-23 17:35:53,146 | INFO     | [553047] 📊 Chi tiết dự đoán: {'ANGRY': 5.18, 'DISGUST': 0.07, 'FEAR': 8.5, 'HAPPY': 10.78, 'NEUTRAL': 20.5, 'SAD': 50.15, 'SURPRISE': 4.82}
2026-05-23 17:35:53,150 | INFO     | [553047] 🎯 KẾT QUẢ CHỐT: SAD (50.15%)
2026-05-23 17:35:53,153 | INFO     | [553047] ⏱️ Thời gian phản hồi: 99.14 ms
2026-05-23 17:35:53,160 | INFO     | [553160] ------------------------------------------
2026-05-23 17:35:53,165 | INFO     | [553160] 📥 NHẬN YÊU CẦU QUÉT KHUÔN MẶT MỚI
2026-05-23 17:35:53,166 | INFO     | [553160] Đã xử lý ảnh thành công. Kích thước tensor: (1, 48, 48, 1)
2026-05-23 17:35:53,245 | INFO     | [553160] 📊 Chi tiết dự đoán: {'ANGRY': 4.47, 'DISGUST': 0.07, 'FEAR': 7.77, 'HAPPY': 16.47, 'NEUTRAL': 17.96, 'SAD': 48.24, 'SURPRISE': 5.03}
2026-05-23 17:35:53,246 | INFO     | [553160] 🎯 KẾT QUẢ CHỐT: SAD (48.24%)
2026-05-23 17:35:53,246 | INFO     | [553160] ⏱️ Thời gian phản hồi: 85.04 ms
2026-05-23 17:35:53,249 | INFO     | [553249] ------------------------------------------
2026-05-23 17:35:53,250 | INFO     | [553249] 📥 NHẬN YÊU CẦU QUÉT KHUÔN MẶT MỚI
2026-05-23 17:35:53,250 | INFO     | [553249] Đã xử lý ảnh thành công. Kích thước tensor: (1, 48, 48, 1)
2026-05-23 17:35:53,317 | INFO     | [553249] 📊 Chi tiết dự đoán: {'ANGRY': 4.25, 'DISGUST': 0.07, 'FEAR': 7.21, 'HAPPY': 11.16, 'NEUTRAL': 18.62, 'SAD': 55.06, 'SURPRISE': 3.63}
2026-05-23 17:35:53,317 | INFO     | [553249] 🎯 KẾT QUẢ CHỐT: SAD (55.06%)
2026-05-23 17:35:53,317 | INFO     | [553249] ⏱️ Thời gian phản hồi: 67.68 ms
2026-05-23 17:35:53,357 | INFO     | [553357] ------------------------------------------
2026-05-23 17:35:53,357 | INFO     | [553357] 📥 NHẬN YÊU CẦU QUÉT KHUÔN MẶT MỚI
2026-05-23 17:35:53,358 | INFO     | [553357] Đã xử lý ảnh thành công. Kích thước tensor: (1, 48, 48, 1)
2026-05-23 17:35:53,435 | INFO     | [553357] 📊 Chi tiết dự đoán: {'ANGRY': 4.53, 'DISGUST': 0.06, 'FEAR': 6.4, 'HAPPY': 14.06, 'NEUTRAL': 18.38, 'SAD': 53.34, 'SURPRISE': 3.23}
2026-05-23 17:35:53,435 | INFO     | [553357] 🎯 KẾT QUẢ CHỐT: SAD (53.34%)
2026-05-23 17:35:53,435 | INFO     | [553357] ⏱️ Thời gian phản hồi: 78.2 ms
2026-05-23 17:35:53,449 | INFO     | [553449] ------------------------------------------
2026-05-23 17:35:53,449 | INFO     | [553449] 📥 NHẬN YÊU CẦU QUÉT KHUÔN MẶT MỚI
2026-05-23 17:35:53,449 | INFO     | [553449] Đã xử lý ảnh thành công. Kích thước tensor: (1, 48, 48, 1)
2026-05-23 17:35:53,534 | INFO     | [553449] 📊 Chi tiết dự đoán: {'ANGRY': 5.17, 'DISGUST': 0.11, 'FEAR': 7.63, 'HAPPY': 11.78, 'NEUTRAL': 18.46, 'SAD': 52.92, 'SURPRISE': 3.92}
2026-05-23 17:35:53,534 | INFO     | [553449] 🎯 KẾT QUẢ CHỐT: SAD (52.92%)
2026-05-23 17:35:53,535 | INFO     | [553449] ⏱️ Thời gian phản hồi: 84.99 ms
2026-05-23 17:35:53,559 | INFO     | [553559] ------------------------------------------
2026-05-23 17:35:53,559 | INFO     | [553559] 📥 NHẬN YÊU CẦU QUÉT KHUÔN MẶT MỚI
2026-05-23 17:35:53,560 | INFO     | [553559] Đã xử lý ảnh thành công. Kích thước tensor: (1, 48, 48, 1)
2026-05-23 17:35:53,645 | INFO     | [553559] 📊 Chi tiết dự đoán: {'ANGRY': 4.5, 'DISGUST': 0.08, 'FEAR': 6.15, 'HAPPY': 10.56, 'NEUTRAL': 19.26, 'SAD': 57.61, 'SURPRISE': 1.84}
2026-05-23 17:35:53,645 | INFO     | [553559] 🎯 KẾT QUẢ CHỐT: SAD (57.61%)
2026-05-23 17:35:53,645 | INFO     | [553559] ⏱️ Thời gian phản hồi: 85.86 ms
2026-05-23 17:35:53,668 | INFO     | [553668] ------------------------------------------
2026-05-23 17:35:53,669 | INFO     | [553668] 📥 NHẬN YÊU CẦU QUÉT KHUÔN MẶT MỚI
2026-05-23 17:35:53,669 | INFO     | [553668] Đã xử lý ảnh thành công. Kích thước tensor: (1, 48, 48, 1)
2026-05-23 17:35:53,752 | INFO     | [553668] 📊 Chi tiết dự đoán: {'ANGRY': 5.7, 'DISGUST': 0.07, 'FEAR': 8.0, 'HAPPY': 14.45, 'NEUTRAL': 18.74, 'SAD': 49.1, 'SURPRISE': 3.93}
2026-05-23 17:35:53,752 | INFO     | [553668] 🎯 KẾT QUẢ CHỐT: SAD (49.10%)
2026-05-23 17:35:53,752 | INFO     | [553668] ⏱️ Thời gian phản hồi: 83.66 ms
2026-05-23 17:35:53,758 | INFO     | [553758] ------------------------------------------
2026-05-23 17:35:53,758 | INFO     | [553758] 📥 NHẬN YÊU CẦU QUÉT KHUÔN MẶT MỚI
2026-05-23 17:35:53,759 | INFO     | [553758] Đã xử lý ảnh thành công. Kích thước tensor: (1, 48, 48, 1)
2026-05-23 17:35:53,830 | INFO     | [553758] 📊 Chi tiết dự đoán: {'ANGRY': 5.75, 'DISGUST': 0.08, 'FEAR': 7.96, 'HAPPY': 10.79, 'NEUTRAL': 17.68, 'SAD': 54.12, 'SURPRISE': 3.62}
2026-05-23 17:35:53,830 | INFO     | [553758] 🎯 KẾT QUẢ CHỐT: SAD (54.12%)
2026-05-23 17:35:53,831 | INFO     | [553758] ⏱️ Thời gian phản hồi: 71.83 ms
2026-05-23 17:35:53,869 | INFO     | [553868] ------------------------------------------
2026-05-23 17:35:53,869 | INFO     | [553868] 📥 NHẬN YÊU CẦU QUÉT KHUÔN MẶT MỚI
2026-05-23 17:35:53,870 | INFO     | [553868] Đã xử lý ảnh thành công. Kích thước tensor: (1, 48, 48, 1)
2026-05-23 17:35:53,939 | INFO     | [553868] 📊 Chi tiết dự đoán: {'ANGRY': 5.45, 'DISGUST': 0.08, 'FEAR': 7.7, 'HAPPY': 9.52, 'NEUTRAL': 17.87, 'SAD': 55.78, 'SURPRISE': 3.6}
2026-05-23 17:35:53,939 | INFO     | [553868] 🎯 KẾT QUẢ CHỐT: SAD (55.78%)
2026-05-23 17:35:53,939 | INFO     | [553868] ⏱️ Thời gian phản hồi: 71.25 ms
2026-05-23 17:35:53,960 | INFO     | [553960] ------------------------------------------
2026-05-23 17:35:53,960 | INFO     | [553960] 📥 NHẬN YÊU CẦU QUÉT KHUÔN MẶT MỚI
2026-05-23 17:35:53,961 | INFO     | [553960] Đã xử lý ảnh thành công. Kích thước tensor: (1, 48, 48, 1)
2026-05-23 17:35:54,039 | INFO     | [553960] 📊 Chi tiết dự đoán: {'ANGRY': 5.59, 'DISGUST': 0.07, 'FEAR': 8.27, 'HAPPY': 9.62, 'NEUTRAL': 18.92, 'SAD': 54.46, 'SURPRISE': 3.08}
2026-05-23 17:35:54,039 | INFO     | [553960] 🎯 KẾT QUẢ CHỐT: SAD (54.46%)
2026-05-23 17:35:54,039 | INFO     | [553960] ⏱️ Thời gian phản hồi: 79.04 ms
2026-05-23 17:35:54,053 | INFO     | [554053] ------------------------------------------
2026-05-23 17:35:54,053 | INFO     | [554053] 📥 NHẬN YÊU CẦU QUÉT KHUÔN MẶT MỚI
2026-05-23 17:35:54,054 | INFO     | [554053] Đã xử lý ảnh thành công. Kích thước tensor: (1, 48, 48, 1)
2026-05-23 17:35:54,123 | INFO     | [554053] 📊 Chi tiết dự đoán: {'ANGRY': 5.73, 'DISGUST': 0.08, 'FEAR': 8.81, 'HAPPY': 10.52, 'NEUTRAL': 17.02, 'SAD': 53.91, 'SURPRISE': 3.93}
2026-05-23 17:35:54,124 | INFO     | [554053] 🎯 KẾT QUẢ CHỐT: SAD (53.91%)
2026-05-23 17:35:54,124 | INFO     | [554053] ⏱️ Thời gian phản hồi: 70.15 ms
2026-05-23 17:35:54,162 | INFO     | [554162] ------------------------------------------
2026-05-23 17:35:54,162 | INFO     | [554162] 📥 NHẬN YÊU CẦU QUÉT KHUÔN MẶT MỚI
2026-05-23 17:35:54,163 | INFO     | [554162] Đã xử lý ảnh thành công. Kích thước tensor: (1, 48, 48, 1)
2026-05-23 17:35:54,233 | INFO     | [554162] 📊 Chi tiết dự đoán: {'ANGRY': 6.25, 'DISGUST': 0.11, 'FEAR': 9.31, 'HAPPY': 9.91, 'NEUTRAL': 16.76, 'SAD': 52.66, 'SURPRISE': 5.01}
2026-05-23 17:35:54,234 | INFO     | [554162] 🎯 KẾT QUẢ CHỐT: SAD (52.66%)
2026-05-23 17:35:54,234 | INFO     | [554162] ⏱️ Thời gian phản hồi: 71.02 ms
2026-05-23 17:35:54,256 | INFO     | [554256] ------------------------------------------
2026-05-23 17:35:54,256 | INFO     | [554256] 📥 NHẬN YÊU CẦU QUÉT KHUÔN MẶT MỚI
2026-05-23 17:35:54,257 | INFO     | [554256] Đã xử lý ảnh thành công. Kích thước tensor: (1, 48, 48, 1)
2026-05-23 17:35:54,325 | INFO     | [554256] 📊 Chi tiết dự đoán: {'ANGRY': 5.71, 'DISGUST': 0.08, 'FEAR': 7.32, 'HAPPY': 13.19, 'NEUTRAL': 17.18, 'SAD': 53.4, 'SURPRISE': 3.11}
2026-05-23 17:35:54,326 | INFO     | [554256] 🎯 KẾT QUẢ CHỐT: SAD (53.40%)
2026-05-23 17:35:54,326 | INFO     | [554256] ⏱️ Thời gian phản hồi: 69.2 ms
2026-05-23 17:35:54,363 | INFO     | [554363] ------------------------------------------
2026-05-23 17:35:54,364 | INFO     | [554363] 📥 NHẬN YÊU CẦU QUÉT KHUÔN MẶT MỚI
2026-05-23 17:35:54,364 | INFO     | [554363] Đã xử lý ảnh thành công. Kích thước tensor: (1, 48, 48, 1)
2026-05-23 17:35:54,443 | INFO     | [554363] 📊 Chi tiết dự đoán: {'ANGRY': 5.41, 'DISGUST': 0.07, 'FEAR': 7.49, 'HAPPY': 12.87, 'NEUTRAL': 17.24, 'SAD': 53.46, 'SURPRISE': 3.45}
2026-05-23 17:35:54,443 | INFO     | [554363] 🎯 KẾT QUẢ CHỐT: SAD (53.46%)
2026-05-23 17:35:54,444 | INFO     | [554363] ⏱️ Thời gian phản hồi: 79.5 ms
2026-05-23 17:35:54,456 | INFO     | [554456] ------------------------------------------
2026-05-23 17:35:54,457 | INFO     | [554456] 📥 NHẬN YÊU CẦU QUÉT KHUÔN MẶT MỚI
2026-05-23 17:35:54,457 | INFO     | [554456] Đã xử lý ảnh thành công. Kích thước tensor: (1, 48, 48, 1)
2026-05-23 17:35:54,537 | INFO     | [554456] 📊 Chi tiết dự đoán: {'ANGRY': 4.84, 'DISGUST': 0.07, 'FEAR': 8.03, 'HAPPY': 11.21, 'NEUTRAL': 16.35, 'SAD': 56.42, 'SURPRISE': 3.09}
2026-05-23 17:35:54,537 | INFO     | [554456] 🎯 KẾT QUẢ CHỐT: SAD (56.42%)
2026-05-23 17:35:54,537 | INFO     | [554456] ⏱️ Thời gian phản hồi: 80.29 ms
2026-05-23 17:35:54,564 | INFO     | [554564] ------------------------------------------
2026-05-23 17:35:54,564 | INFO     | [554564] 📥 NHẬN YÊU CẦU QUÉT KHUÔN MẶT MỚI
2026-05-23 17:35:54,565 | INFO     | [554564] Đã xử lý ảnh thành công. Kích thước tensor: (1, 48, 48, 1)
2026-05-23 17:35:54,632 | INFO     | [554564] 📊 Chi tiết dự đoán: {'ANGRY': 5.7, 'DISGUST': 0.08, 'FEAR': 7.77, 'HAPPY': 7.8, 'NEUTRAL': 16.74, 'SAD': 58.66, 'SURPRISE': 3.25}
2026-05-23 17:35:54,632 | INFO     | [554564] 🎯 KẾT QUẢ CHỐT: SAD (58.66%)
2026-05-23 17:35:54,632 | INFO     | [554564] ⏱️ Thời gian phản hồi: 68.03 ms
2026-05-23 17:35:54,658 | INFO     | [554658] ------------------------------------------
2026-05-23 17:35:54,658 | INFO     | [554658] 📥 NHẬN YÊU CẦU QUÉT KHUÔN MẶT MỚI
2026-05-23 17:35:54,660 | INFO     | [554658] Đã xử lý ảnh thành công. Kích thước tensor: (1, 48, 48, 1)
2026-05-23 17:35:54,724 | INFO     | [554658] 📊 Chi tiết dự đoán: {'ANGRY': 5.39, 'DISGUST': 0.08, 'FEAR': 7.47, 'HAPPY': 12.4, 'NEUTRAL': 17.99, 'SAD': 53.79, 'SURPRISE': 2.88}
2026-05-23 17:35:54,726 | INFO     | [554658] 🎯 KẾT QUẢ CHỐT: SAD (53.79%)
2026-05-23 17:35:54,726 | INFO     | [554658] ⏱️ Thời gian phản hồi: 65.96 ms
2026-05-23 17:35:54,767 | INFO     | [554767] ------------------------------------------
2026-05-23 17:35:54,768 | INFO     | [554767] 📥 NHẬN YÊU CẦU QUÉT KHUÔN MẶT MỚI
2026-05-23 17:35:54,768 | INFO     | [554767] Đã xử lý ảnh thành công. Kích thước tensor: (1, 48, 48, 1)
2026-05-23 17:35:54,832 | INFO     | [554767] 📊 Chi tiết dự đoán: {'ANGRY': 5.55, 'DISGUST': 0.07, 'FEAR': 8.26, 'HAPPY': 10.75, 'NEUTRAL': 19.29, 'SAD': 51.73, 'SURPRISE': 4.36}
2026-05-23 17:35:54,832 | INFO     | [554767] 🎯 KẾT QUẢ CHỐT: SAD (51.73%)
2026-05-23 17:35:54,832 | INFO     | [554767] ⏱️ Thời gian phản hồi: 64.63 ms
2026-05-23 17:35:54,859 | INFO     | [554859] ------------------------------------------
2026-05-23 17:35:54,859 | INFO     | [554859] 📥 NHẬN YÊU CẦU QUÉT KHUÔN MẶT MỚI
2026-05-23 17:35:54,859 | INFO     | [554859] Đã xử lý ảnh thành công. Kích thước tensor: (1, 48, 48, 1)
2026-05-23 17:35:54,928 | INFO     | [554859] 📊 Chi tiết dự đoán: {'ANGRY': 5.52, 'DISGUST': 0.06, 'FEAR': 8.14, 'HAPPY': 10.96, 'NEUTRAL': 18.46, 'SAD': 52.63, 'SURPRISE': 4.24}
2026-05-23 17:35:54,928 | INFO     | [554859] 🎯 KẾT QUẢ CHỐT: SAD (52.63%)
2026-05-23 17:35:54,928 | INFO     | [554859] ⏱️ Thời gian phản hồi: 68.44 ms
2026-05-23 17:35:54,966 | INFO     | [554966] ------------------------------------------
2026-05-23 17:35:54,967 | INFO     | [554966] 📥 NHẬN YÊU CẦU QUÉT KHUÔN MẶT MỚI
2026-05-23 17:35:54,967 | INFO     | [554966] Đã xử lý ảnh thành công. Kích thước tensor: (1, 48, 48, 1)
2026-05-23 17:35:55,034 | INFO     | [554966] 📊 Chi tiết dự đoán: {'ANGRY': 5.51, 'DISGUST': 0.06, 'FEAR': 8.34, 'HAPPY': 10.53, 'NEUTRAL': 16.15, 'SAD': 56.32, 'SURPRISE': 3.1}
2026-05-23 17:35:55,035 | INFO     | [554966] 🎯 KẾT QUẢ CHỐT: SAD (56.32%)
2026-05-23 17:35:55,035 | INFO     | [554966] ⏱️ Thời gian phản hồi: 67.86 ms
2026-05-23 17:35:55,060 | INFO     | [555060] ------------------------------------------
2026-05-23 17:35:55,060 | INFO     | [555060] 📥 NHẬN YÊU CẦU QUÉT KHUÔN MẶT MỚI
2026-05-23 17:35:55,061 | INFO     | [555060] Đã xử lý ảnh thành công. Kích thước tensor: (1, 48, 48, 1)
2026-05-23 17:35:55,124 | INFO     | [555060] 📊 Chi tiết dự đoán: {'ANGRY': 5.58, 'DISGUST': 0.07, 'FEAR': 7.42, 'HAPPY': 11.4, 'NEUTRAL': 15.37, 'SAD': 57.06, 'SURPRISE': 3.09}
2026-05-23 17:35:55,125 | INFO     | [555060] 🎯 KẾT QUẢ CHỐT: SAD (57.06%)
2026-05-23 17:35:55,125 | INFO     | [555060] ⏱️ Thời gian phản hồi: 64.14 ms
2026-05-23 17:35:55,154 | INFO     | [555154] ------------------------------------------
2026-05-23 17:35:55,155 | INFO     | [555154] 📥 NHẬN YÊU CẦU QUÉT KHUÔN MẶT MỚI
2026-05-23 17:35:55,156 | INFO     | [555154] Đã xử lý ảnh thành công. Kích thước tensor: (1, 48, 48, 1)
2026-05-23 17:35:55,219 | INFO     | [555154] 📊 Chi tiết dự đoán: {'ANGRY': 6.1, 'DISGUST': 0.09, 'FEAR': 8.64, 'HAPPY': 8.97, 'NEUTRAL': 16.46, 'SAD': 56.1, 'SURPRISE': 3.65}
2026-05-23 17:35:55,219 | INFO     | [555154] 🎯 KẾT QUẢ CHỐT: SAD (56.10%)
2026-05-23 17:35:55,219 | INFO     | [555154] ⏱️ Thời gian phản hồi: 65.32 ms
2026-05-23 17:35:55,261 | INFO     | [555261] ------------------------------------------
2026-05-23 17:35:55,262 | INFO     | [555261] 📥 NHẬN YÊU CẦU QUÉT KHUÔN MẶT MỚI
2026-05-23 17:35:55,262 | INFO     | [555261] Đã xử lý ảnh thành công. Kích thước tensor: (1, 48, 48, 1)
2026-05-23 17:35:55,331 | INFO     | [555261] 📊 Chi tiết dự đoán: {'ANGRY': 5.79, 'DISGUST': 0.06, 'FEAR': 8.66, 'HAPPY': 7.69, 'NEUTRAL': 16.27, 'SAD': 58.61, 'SURPRISE': 2.92}
2026-05-23 17:35:55,331 | INFO     | [555261] 🎯 KẾT QUẢ CHỐT: SAD (58.61%)
2026-05-23 17:35:55,331 | INFO     | [555261] ⏱️ Thời gian phản hồi: 70.4 ms
2026-05-23 17:35:55,369 | INFO     | [555369] ------------------------------------------
2026-05-23 17:35:55,369 | INFO     | [555369] 📥 NHẬN YÊU CẦU QUÉT KHUÔN MẶT MỚI
2026-05-23 17:35:55,369 | INFO     | [555369] Đã xử lý ảnh thành công. Kích thước tensor: (1, 48, 48, 1)
2026-05-23 17:35:55,430 | INFO     | [555369] 📊 Chi tiết dự đoán: {'ANGRY': 6.55, 'DISGUST': 0.09, 'FEAR': 7.79, 'HAPPY': 13.54, 'NEUTRAL': 16.63, 'SAD': 52.31, 'SURPRISE': 3.1}
2026-05-23 17:35:55,430 | INFO     | [555369] 🎯 KẾT QUẢ CHỐT: SAD (52.31%)
2026-05-23 17:35:55,430 | INFO     | [555369] ⏱️ Thời gian phản hồi: 61.7 ms
2026-05-23 17:35:55,462 | INFO     | [555462] ------------------------------------------
2026-05-23 17:35:55,462 | INFO     | [555462] 📥 NHẬN YÊU CẦU QUÉT KHUÔN MẶT MỚI
2026-05-23 17:35:55,463 | INFO     | [555462] Đã xử lý ảnh thành công. Kích thước tensor: (1, 48, 48, 1)
2026-05-23 17:35:55,529 | INFO     | [555462] 📊 Chi tiết dự đoán: {'ANGRY': 6.34, 'DISGUST': 0.06, 'FEAR': 8.24, 'HAPPY': 11.06, 'NEUTRAL': 16.45, 'SAD': 54.75, 'SURPRISE': 3.1}
2026-05-23 17:35:55,529 | INFO     | [555462] 🎯 KẾT QUẢ CHỐT: SAD (54.75%)
2026-05-23 17:35:55,530 | INFO     | [555462] ⏱️ Thời gian phản hồi: 67.64 ms
2026-05-23 17:35:55,571 | INFO     | [555571] ------------------------------------------
2026-05-23 17:35:55,571 | INFO     | [555571] 📥 NHẬN YÊU CẦU QUÉT KHUÔN MẶT MỚI
2026-05-23 17:35:55,572 | INFO     | [555571] Đã xử lý ảnh thành công. Kích thước tensor: (1, 48, 48, 1)
2026-05-23 17:35:55,638 | INFO     | [555571] 📊 Chi tiết dự đoán: {'ANGRY': 7.77, 'DISGUST': 0.1, 'FEAR': 8.92, 'HAPPY': 12.62, 'NEUTRAL': 14.46, 'SAD': 52.12, 'SURPRISE': 4.01}
2026-05-23 17:35:55,640 | INFO     | [555571] 🎯 KẾT QUẢ CHỐT: SAD (52.12%)
2026-05-23 17:35:55,640 | INFO     | [555571] ⏱️ Thời gian phản hồi: 67.54 ms
2026-05-23 17:35:55,664 | INFO     | [555664] ------------------------------------------
2026-05-23 17:35:55,664 | INFO     | [555664] 📥 NHẬN YÊU CẦU QUÉT KHUÔN MẶT MỚI
2026-05-23 17:35:55,665 | INFO     | [555664] Đã xử lý ảnh thành công. Kích thước tensor: (1, 48, 48, 1)
2026-05-23 17:35:55,736 | INFO     | [555664] 📊 Chi tiết dự đoán: {'ANGRY': 7.57, 'DISGUST': 0.1, 'FEAR': 8.19, 'HAPPY': 12.78, 'NEUTRAL': 18.68, 'SAD': 49.25, 'SURPRISE': 3.43}
2026-05-23 17:35:55,736 | INFO     | [555664] 🎯 KẾT QUẢ CHỐT: SAD (49.25%)
2026-05-23 17:35:55,736 | INFO     | [555664] ⏱️ Thời gian phản hồi: 71.78 ms
2026-05-23 17:35:55,771 | INFO     | [555771] ------------------------------------------
2026-05-23 17:35:55,772 | INFO     | [555771] 📥 NHẬN YÊU CẦU QUÉT KHUÔN MẶT MỚI
2026-05-23 17:35:55,772 | INFO     | [555771] Đã xử lý ảnh thành công. Kích thước tensor: (1, 48, 48, 1)
2026-05-23 17:35:55,846 | INFO     | [555771] 📊 Chi tiết dự đoán: {'ANGRY': 7.83, 'DISGUST': 0.11, 'FEAR': 7.86, 'HAPPY': 10.55, 'NEUTRAL': 18.63, 'SAD': 51.86, 'SURPRISE': 3.17}
2026-05-23 17:35:55,846 | INFO     | [555771] 🎯 KẾT QUẢ CHỐT: SAD (51.86%)
2026-05-23 17:35:55,847 | INFO     | [555771] ⏱️ Thời gian phản hồi: 75.29 ms
2026-05-23 17:35:55,866 | INFO     | [555866] ------------------------------------------
2026-05-23 17:35:55,867 | INFO     | [555866] 📥 NHẬN YÊU CẦU QUÉT KHUÔN MẶT MỚI
2026-05-23 17:35:55,867 | INFO     | [555866] Đã xử lý ảnh thành công. Kích thước tensor: (1, 48, 48, 1)
2026-05-23 17:35:55,943 | INFO     | [555866] 📊 Chi tiết dự đoán: {'ANGRY': 7.34, 'DISGUST': 0.09, 'FEAR': 8.67, 'HAPPY': 10.99, 'NEUTRAL': 16.58, 'SAD': 52.13, 'SURPRISE': 4.21}
2026-05-23 17:35:55,943 | INFO     | [555866] 🎯 KẾT QUẢ CHỐT: SAD (52.13%)
2026-05-23 17:35:55,943 | INFO     | [555866] ⏱️ Thời gian phản hồi: 76.58 ms
2026-05-23 17:35:55,959 | INFO     | [555959] ------------------------------------------
2026-05-23 17:35:55,961 | INFO     | [555959] 📥 NHẬN YÊU CẦU QUÉT KHUÔN MẶT MỚI
2026-05-23 17:35:55,961 | INFO     | [555959] Đã xử lý ảnh thành công. Kích thước tensor: (1, 48, 48, 1)
2026-05-23 17:35:56,037 | INFO     | [555959] 📊 Chi tiết dự đoán: {'ANGRY': 6.95, 'DISGUST': 0.08, 'FEAR': 8.45, 'HAPPY': 11.62, 'NEUTRAL': 17.67, 'SAD': 52.04, 'SURPRISE': 3.18}
2026-05-23 17:35:56,037 | INFO     | [555959] 🎯 KẾT QUẢ CHỐT: SAD (52.04%)
2026-05-23 17:35:56,037 | INFO     | [555959] ⏱️ Thời gian phản hồi: 77.4 ms
2026-05-23 17:35:56,071 | INFO     | [556071] ------------------------------------------
2026-05-23 17:35:56,071 | INFO     | [556071] 📥 NHẬN YÊU CẦU QUÉT KHUÔN MẶT MỚI
2026-05-23 17:35:56,072 | INFO     | [556071] Đã xử lý ảnh thành công. Kích thước tensor: (1, 48, 48, 1)
2026-05-23 17:35:56,151 | INFO     | [556071] 📊 Chi tiết dự đoán: {'ANGRY': 7.16, 'DISGUST': 0.11, 'FEAR': 7.66, 'HAPPY': 11.68, 'NEUTRAL': 18.34, 'SAD': 51.91, 'SURPRISE': 3.14}
2026-05-23 17:35:56,152 | INFO     | [556071] 🎯 KẾT QUẢ CHỐT: SAD (51.91%)
2026-05-23 17:35:56,152 | INFO     | [556071] ⏱️ Thời gian phản hồi: 80.64 ms
2026-05-23 17:35:56,166 | INFO     | [556166] ------------------------------------------
2026-05-23 17:35:56,166 | INFO     | [556166] 📥 NHẬN YÊU CẦU QUÉT KHUÔN MẶT MỚI
2026-05-23 17:35:56,167 | INFO     | [556166] Đã xử lý ảnh thành công. Kích thước tensor: (1, 48, 48, 1)
2026-05-23 17:35:56,246 | INFO     | [556166] 📊 Chi tiết dự đoán: {'ANGRY': 6.27, 'DISGUST': 0.07, 'FEAR': 7.55, 'HAPPY': 14.96, 'NEUTRAL': 18.6, 'SAD': 49.31, 'SURPRISE': 3.23}
2026-05-23 17:35:56,247 | INFO     | [556166] 🎯 KẾT QUẢ CHỐT: SAD (49.31%)
2026-05-23 17:35:56,247 | INFO     | [556166] ⏱️ Thời gian phản hồi: 79.93 ms
2026-05-23 17:35:56,259 | INFO     | [556259] ------------------------------------------
2026-05-23 17:35:56,260 | INFO     | [556259] 📥 NHẬN YÊU CẦU QUÉT KHUÔN MẶT MỚI
2026-05-23 17:35:56,260 | INFO     | [556259] Đã xử lý ảnh thành công. Kích thước tensor: (1, 48, 48, 1)
2026-05-23 17:35:56,359 | INFO     | [556259] 📊 Chi tiết dự đoán: {'ANGRY': 5.52, 'DISGUST': 0.07, 'FEAR': 7.57, 'HAPPY': 14.08, 'NEUTRAL': 18.33, 'SAD': 51.08, 'SURPRISE': 3.35}
2026-05-23 17:35:56,359 | INFO     | [556259] 🎯 KẾT QUẢ CHỐT: SAD (51.08%)
2026-05-23 17:35:56,360 | INFO     | [556259] ⏱️ Thời gian phản hồi: 99.85 ms
2026-05-23 17:35:56,373 | INFO     | [BATCH-556373] ==========================================
2026-05-23 17:35:56,373 | INFO     | [BATCH-556373] 🎞️ NHẬN CHUỖI 60 KHUNG HÌNH (BATCH)
2026-05-23 17:35:56,448 | INFO     | [BATCH-556373] ↳ Frame 1/60: SAD (60.2%)
2026-05-23 17:35:56,516 | INFO     | [BATCH-556373] ↳ Frame 2/60: SAD (60.8%)
2026-05-23 17:35:56,609 | INFO     | [BATCH-556373] ↳ Frame 3/60: SAD (62.0%)
2026-05-23 17:35:56,693 | INFO     | [BATCH-556373] ↳ Frame 4/60: SAD (60.6%)
2026-05-23 17:35:56,791 | INFO     | [BATCH-556373] ↳ Frame 5/60: SAD (55.4%)
2026-05-23 17:35:56,884 | INFO     | [BATCH-556373] ↳ Frame 6/60: SAD (61.8%)
2026-05-23 17:35:56,969 | INFO     | [BATCH-556373] ↳ Frame 7/60: SAD (59.8%)
2026-05-23 17:35:57,062 | INFO     | [BATCH-556373] ↳ Frame 8/60: SAD (59.6%)
2026-05-23 17:35:57,333 | INFO     | [BATCH-556373] ↳ Frame 9/60: SAD (63.0%)
2026-05-23 17:35:57,408 | INFO     | [BATCH-556373] ↳ Frame 10/60: SAD (59.7%)
2026-05-23 17:35:57,478 | INFO     | [BATCH-556373] ↳ Frame 11/60: SAD (59.4%)
2026-05-23 17:35:57,547 | INFO     | [BATCH-556373] ↳ Frame 12/60: SAD (59.3%)
2026-05-23 17:35:57,613 | INFO     | [BATCH-556373] ↳ Frame 13/60: SAD (59.5%)
2026-05-23 17:35:57,689 | INFO     | [BATCH-556373] ↳ Frame 14/60: SAD (58.2%)
2026-05-23 17:35:57,767 | INFO     | [BATCH-556373] ↳ Frame 15/60: SAD (59.3%)
2026-05-23 17:35:57,838 | INFO     | [BATCH-556373] ↳ Frame 16/60: SAD (61.1%)
2026-05-23 17:35:57,908 | INFO     | [BATCH-556373] ↳ Frame 17/60: SAD (64.8%)
2026-05-23 17:35:57,986 | INFO     | [BATCH-556373] ↳ Frame 18/60: SAD (59.9%)
2026-05-23 17:35:58,072 | INFO     | [BATCH-556373] ↳ Frame 19/60: SAD (57.1%)
2026-05-23 17:35:58,160 | INFO     | [BATCH-556373] ↳ Frame 20/60: SAD (57.7%)
2026-05-23 17:35:58,235 | INFO     | [BATCH-556373] ↳ Frame 21/60: SAD (61.0%)
2026-05-23 17:35:58,313 | INFO     | [BATCH-556373] ↳ Frame 22/60: SAD (58.4%)
2026-05-23 17:35:58,385 | INFO     | [BATCH-556373] ↳ Frame 23/60: SAD (58.8%)
2026-05-23 17:35:58,453 | INFO     | [BATCH-556373] ↳ Frame 24/60: SAD (57.2%)
2026-05-23 17:35:58,521 | INFO     | [BATCH-556373] ↳ Frame 25/60: SAD (55.9%)
2026-05-23 17:35:58,588 | INFO     | [BATCH-556373] ↳ Frame 26/60: SAD (58.4%)
2026-05-23 17:35:58,655 | INFO     | [BATCH-556373] ↳ Frame 27/60: SAD (60.8%)
2026-05-23 17:35:58,722 | INFO     | [BATCH-556373] ↳ Frame 28/60: SAD (57.8%)
2026-05-23 17:35:58,784 | INFO     | [BATCH-556373] ↳ Frame 29/60: SAD (62.8%)
2026-05-23 17:35:58,846 | INFO     | [BATCH-556373] ↳ Frame 30/60: SAD (57.8%)
2026-05-23 17:35:58,910 | INFO     | [BATCH-556373] ↳ Frame 31/60: SAD (55.6%)
2026-05-23 17:35:58,979 | INFO     | [BATCH-556373] ↳ Frame 32/60: SAD (54.0%)
2026-05-23 17:35:59,054 | INFO     | [BATCH-556373] ↳ Frame 33/60: SAD (58.1%)
2026-05-23 17:35:59,132 | INFO     | [BATCH-556373] ↳ Frame 34/60: SAD (56.4%)
2026-05-23 17:35:59,188 | INFO     | [BATCH-556373] ↳ Frame 35/60: SAD (56.7%)
2026-05-23 17:35:59,252 | INFO     | [BATCH-556373] ↳ Frame 36/60: SAD (56.9%)
2026-05-23 17:35:59,309 | INFO     | [BATCH-556373] ↳ Frame 37/60: SAD (58.5%)
2026-05-23 17:35:59,368 | INFO     | [BATCH-556373] ↳ Frame 38/60: SAD (59.4%)
2026-05-23 17:35:59,426 | INFO     | [BATCH-556373] ↳ Frame 39/60: SAD (60.4%)
2026-05-23 17:35:59,483 | INFO     | [BATCH-556373] ↳ Frame 40/60: SAD (58.7%)
2026-05-23 17:35:59,544 | INFO     | [BATCH-556373] ↳ Frame 41/60: SAD (58.7%)
2026-05-23 17:35:59,601 | INFO     | [BATCH-556373] ↳ Frame 42/60: SAD (59.9%)
2026-05-23 17:35:59,659 | INFO     | [BATCH-556373] ↳ Frame 43/60: SAD (57.4%)
2026-05-23 17:35:59,720 | INFO     | [BATCH-556373] ↳ Frame 44/60: SAD (58.0%)
2026-05-23 17:35:59,788 | INFO     | [BATCH-556373] ↳ Frame 45/60: SAD (57.2%)
2026-05-23 17:35:59,849 | INFO     | [BATCH-556373] ↳ Frame 46/60: SAD (51.4%)
2026-05-23 17:35:59,907 | INFO     | [BATCH-556373] ↳ Frame 47/60: SAD (57.2%)
2026-05-23 17:35:59,961 | INFO     | [BATCH-556373] ↳ Frame 48/60: SAD (50.4%)
2026-05-23 17:36:00,018 | INFO     | [BATCH-556373] ↳ Frame 49/60: SAD (55.8%)
2026-05-23 17:36:00,082 | INFO     | [BATCH-556373] ↳ Frame 50/60: SAD (55.6%)
2026-05-23 17:36:00,145 | INFO     | [BATCH-556373] ↳ Frame 51/60: SAD (55.1%)
2026-05-23 17:36:00,208 | INFO     | [BATCH-556373] ↳ Frame 52/60: SAD (55.8%)
2026-05-23 17:36:00,273 | INFO     | [BATCH-556373] ↳ Frame 53/60: SAD (49.0%)
2026-05-23 17:36:00,347 | INFO     | [BATCH-556373] ↳ Frame 54/60: SAD (57.1%)
2026-05-23 17:36:00,416 | INFO     | [BATCH-556373] ↳ Frame 55/60: SAD (58.0%)
2026-05-23 17:36:00,478 | INFO     | [BATCH-556373] ↳ Frame 56/60: SAD (58.2%)
2026-05-23 17:36:00,546 | INFO     | [BATCH-556373] ↳ Frame 57/60: SAD (60.8%)
2026-05-23 17:36:00,618 | INFO     | [BATCH-556373] ↳ Frame 58/60: SAD (58.0%)
2026-05-23 17:36:00,686 | INFO     | [BATCH-556373] ↳ Frame 59/60: SAD (57.6%)
2026-05-23 17:36:00,756 | INFO     | [BATCH-556373] ↳ Frame 60/60: SAD (62.2%)
2026-05-23 17:36:00,756 | INFO     | [BATCH-556373] 🎯 KẾT QUẢ CHUỖI: SAD (Tần suất: {'SAD': 60})
2026-05-23 17:36:00,756 | INFO     | [BATCH-556373] ⏱️ Tổng thời gian xử lý: 4382.4 ms
