2026-05-22 13:42:24,244 | INFO     | ⏳ Đang nạp AI Model vào bộ nhớ...
2026-05-22 13:42:27,974 | INFO     | ✅ Nạp Model thành công! Server AI đã sẵn sàng.
2026-05-22 16:50:59,148 | INFO     | [459146] ------------------------------------------
2026-05-22 16:50:59,173 | INFO     | [459146] 📥 NHẬN YÊU CẦU QUÉT KHUÔN MẶT MỚI
2026-05-22 16:50:59,256 | INFO     | [459146] Đã xử lý ảnh thành công. Kích thước tensor: (1, 48, 48, 1)
2026-05-22 16:51:08,723 | INFO     | [459146] 📊 Chi tiết dự đoán: {'ANGRY': 5.97, 'DISGUST': 0.13, 'FEAR': 6.71, 'HAPPY': 42.18, 'NEUTRAL': 15.77, 'SAD': 27.91, 'SURPRISE': 1.32}
2026-05-22 16:51:08,724 | INFO     | [459146] 🎯 KẾT QUẢ CHỐT: HAPPY (42.18%)
2026-05-22 16:51:08,724 | INFO     | [459146] ⏱️ Thời gian phản hồi: 9575.81 ms
2026-05-22 16:51:08,742 | INFO     | [468742] ------------------------------------------
2026-05-22 16:51:08,743 | INFO     | [468742] 📥 NHẬN YÊU CẦU QUÉT KHUÔN MẶT MỚI
2026-05-22 16:51:08,745 | INFO     | [468742] Đã xử lý ảnh thành công. Kích thước tensor: (1, 48, 48, 1)
2026-05-22 16:51:08,831 | INFO     | [468742] 📊 Chi tiết dự đoán: {'ANGRY': 5.92, 'DISGUST': 0.14, 'FEAR': 6.81, 'HAPPY': 43.47, 'NEUTRAL': 13.2, 'SAD': 29.25, 'SURPRISE': 1.22}
2026-05-22 16:51:08,831 | INFO     | [468742] 🎯 KẾT QUẢ CHỐT: HAPPY (43.47%)
2026-05-22 16:51:08,831 | INFO     | [468742] ⏱️ Thời gian phản hồi: 89.26 ms
2026-05-22 16:51:08,835 | INFO     | [468834] ------------------------------------------
2026-05-22 16:51:08,835 | INFO     | [468834] 📥 NHẬN YÊU CẦU QUÉT KHUÔN MẶT MỚI
2026-05-22 16:51:08,836 | INFO     | [468834] Đã xử lý ảnh thành công. Kích thước tensor: (1, 48, 48, 1)
2026-05-22 16:51:08,916 | INFO     | [468834] 📊 Chi tiết dự đoán: {'ANGRY': 4.36, 'DISGUST': 0.14, 'FEAR': 4.85, 'HAPPY': 64.08, 'NEUTRAL': 6.32, 'SAD': 18.83, 'SURPRISE': 1.43}
2026-05-22 16:51:08,917 | INFO     | [468834] 🎯 KẾT QUẢ CHỐT: HAPPY (64.08%)
2026-05-22 16:51:08,917 | INFO     | [468834] ⏱️ Thời gian phản hồi: 81.29 ms
2026-05-22 16:51:08,921 | INFO     | [468921] ------------------------------------------
2026-05-22 16:51:08,922 | INFO     | [468921] 📥 NHẬN YÊU CẦU QUÉT KHUÔN MẶT MỚI
2026-05-22 16:51:08,923 | INFO     | [468921] Đã xử lý ảnh thành công. Kích thước tensor: (1, 48, 48, 1)
2026-05-22 16:51:09,053 | INFO     | [468921] 📊 Chi tiết dự đoán: {'ANGRY': 5.28, 'DISGUST': 0.11, 'FEAR': 8.81, 'HAPPY': 33.65, 'NEUTRAL': 15.63, 'SAD': 34.92, 'SURPRISE': 1.6}
2026-05-22 16:51:09,054 | INFO     | [468921] 🎯 KẾT QUẢ CHỐT: SAD (34.92%)
2026-05-22 16:51:09,054 | INFO     | [468921] ⏱️ Thời gian phản hồi: 132.04 ms
2026-05-22 16:51:09,057 | INFO     | [469057] ------------------------------------------
2026-05-22 16:51:09,058 | INFO     | [469057] 📥 NHẬN YÊU CẦU QUÉT KHUÔN MẶT MỚI
2026-05-22 16:51:09,059 | INFO     | [469057] Đã xử lý ảnh thành công. Kích thước tensor: (1, 48, 48, 1)
2026-05-22 16:51:09,131 | INFO     | [469057] 📊 Chi tiết dự đoán: {'ANGRY': 4.93, 'DISGUST': 0.11, 'FEAR': 8.08, 'HAPPY': 44.04, 'NEUTRAL': 13.6, 'SAD': 27.22, 'SURPRISE': 2.03}
2026-05-22 16:51:09,131 | INFO     | [469057] 🎯 KẾT QUẢ CHỐT: HAPPY (44.04%)
2026-05-22 16:51:09,131 | INFO     | [469057] ⏱️ Thời gian phản hồi: 74.54 ms
2026-05-22 16:51:09,134 | INFO     | [469134] ------------------------------------------
2026-05-22 16:51:09,135 | INFO     | [469134] 📥 NHẬN YÊU CẦU QUÉT KHUÔN MẶT MỚI
2026-05-22 16:51:09,135 | INFO     | [469134] Đã xử lý ảnh thành công. Kích thước tensor: (1, 48, 48, 1)
2026-05-22 16:51:09,207 | INFO     | [469134] 📊 Chi tiết dự đoán: {'ANGRY': 4.86, 'DISGUST': 0.16, 'FEAR': 7.24, 'HAPPY': 49.41, 'NEUTRAL': 10.84, 'SAD': 25.2, 'SURPRISE': 2.29}
2026-05-22 16:51:09,207 | INFO     | [469134] 🎯 KẾT QUẢ CHỐT: HAPPY (49.41%)
2026-05-22 16:51:09,208 | INFO     | [469134] ⏱️ Thời gian phản hồi: 72.89 ms
2026-05-22 16:51:09,210 | INFO     | [469210] ------------------------------------------
2026-05-22 16:51:09,210 | INFO     | [469210] 📥 NHẬN YÊU CẦU QUÉT KHUÔN MẶT MỚI
2026-05-22 16:51:09,210 | INFO     | [469210] Đã xử lý ảnh thành công. Kích thước tensor: (1, 48, 48, 1)
2026-05-22 16:51:09,292 | INFO     | [469210] 📊 Chi tiết dự đoán: {'ANGRY': 3.97, 'DISGUST': 0.09, 'FEAR': 5.41, 'HAPPY': 66.35, 'NEUTRAL': 6.98, 'SAD': 15.26, 'SURPRISE': 1.94}
2026-05-22 16:51:09,292 | INFO     | [469210] 🎯 KẾT QUẢ CHỐT: HAPPY (66.35%)
2026-05-22 16:51:09,292 | INFO     | [469210] ⏱️ Thời gian phản hồi: 82.3 ms
2026-05-22 16:51:09,295 | INFO     | [469295] ------------------------------------------
2026-05-22 16:51:09,295 | INFO     | [469295] 📥 NHẬN YÊU CẦU QUÉT KHUÔN MẶT MỚI
2026-05-22 16:51:09,298 | INFO     | [469295] Đã xử lý ảnh thành công. Kích thước tensor: (1, 48, 48, 1)
2026-05-22 16:51:09,373 | INFO     | [469295] 📊 Chi tiết dự đoán: {'ANGRY': 5.73, 'DISGUST': 0.22, 'FEAR': 6.32, 'HAPPY': 44.45, 'NEUTRAL': 11.86, 'SAD': 30.19, 'SURPRISE': 1.23}
2026-05-22 16:51:09,373 | INFO     | [469295] 🎯 KẾT QUẢ CHỐT: HAPPY (44.45%)
2026-05-22 16:51:09,373 | INFO     | [469295] ⏱️ Thời gian phản hồi: 76.62 ms
2026-05-22 16:51:09,375 | INFO     | [469375] ------------------------------------------
2026-05-22 16:51:09,375 | INFO     | [469375] 📥 NHẬN YÊU CẦU QUÉT KHUÔN MẶT MỚI
2026-05-22 16:51:09,376 | INFO     | [469375] Đã xử lý ảnh thành công. Kích thước tensor: (1, 48, 48, 1)
2026-05-22 16:51:09,439 | INFO     | [469375] 📊 Chi tiết dự đoán: {'ANGRY': 5.4, 'DISGUST': 0.16, 'FEAR': 6.85, 'HAPPY': 44.59, 'NEUTRAL': 11.88, 'SAD': 29.36, 'SURPRISE': 1.75}
2026-05-22 16:51:09,440 | INFO     | [469375] 🎯 KẾT QUẢ CHỐT: HAPPY (44.59%)
2026-05-22 16:51:09,440 | INFO     | [469375] ⏱️ Thời gian phản hồi: 64.86 ms
2026-05-22 16:51:09,442 | INFO     | [469442] ------------------------------------------
2026-05-22 16:51:09,442 | INFO     | [469442] 📥 NHẬN YÊU CẦU QUÉT KHUÔN MẶT MỚI
2026-05-22 16:51:09,443 | INFO     | [469442] Đã xử lý ảnh thành công. Kích thước tensor: (1, 48, 48, 1)
2026-05-22 16:51:09,519 | INFO     | [469442] 📊 Chi tiết dự đoán: {'ANGRY': 6.12, 'DISGUST': 0.2, 'FEAR': 5.18, 'HAPPY': 61.15, 'NEUTRAL': 7.33, 'SAD': 18.83, 'SURPRISE': 1.2}
2026-05-22 16:51:09,519 | INFO     | [469442] 🎯 KẾT QUẢ CHỐT: HAPPY (61.15%)
2026-05-22 16:51:09,519 | INFO     | [469442] ⏱️ Thời gian phản hồi: 76.6 ms
2026-05-22 16:51:09,523 | INFO     | [469523] ------------------------------------------
2026-05-22 16:51:09,523 | INFO     | [469523] 📥 NHẬN YÊU CẦU QUÉT KHUÔN MẶT MỚI
2026-05-22 16:51:09,524 | INFO     | [469523] Đã xử lý ảnh thành công. Kích thước tensor: (1, 48, 48, 1)
2026-05-22 16:51:09,589 | INFO     | [469523] 📊 Chi tiết dự đoán: {'ANGRY': 6.41, 'DISGUST': 0.22, 'FEAR': 6.07, 'HAPPY': 60.58, 'NEUTRAL': 7.35, 'SAD': 17.18, 'SURPRISE': 2.2}
2026-05-22 16:51:09,589 | INFO     | [469523] 🎯 KẾT QUẢ CHỐT: HAPPY (60.58%)
2026-05-22 16:51:09,589 | INFO     | [469523] ⏱️ Thời gian phản hồi: 65.22 ms
2026-05-22 16:51:09,591 | INFO     | [469591] ------------------------------------------
2026-05-22 16:51:09,591 | INFO     | [469591] 📥 NHẬN YÊU CẦU QUÉT KHUÔN MẶT MỚI
2026-05-22 16:51:09,592 | INFO     | [469591] Đã xử lý ảnh thành công. Kích thước tensor: (1, 48, 48, 1)
2026-05-22 16:51:09,651 | INFO     | [469591] 📊 Chi tiết dự đoán: {'ANGRY': 6.67, 'DISGUST': 0.21, 'FEAR': 4.98, 'HAPPY': 58.99, 'NEUTRAL': 8.65, 'SAD': 19.23, 'SURPRISE': 1.27}
2026-05-22 16:51:09,652 | INFO     | [469591] 🎯 KẾT QUẢ CHỐT: HAPPY (58.99%)
2026-05-22 16:51:09,652 | INFO     | [469591] ⏱️ Thời gian phản hồi: 59.35 ms
2026-05-22 16:51:09,654 | INFO     | [469654] ------------------------------------------
2026-05-22 16:51:09,655 | INFO     | [469654] 📥 NHẬN YÊU CẦU QUÉT KHUÔN MẶT MỚI
2026-05-22 16:51:09,655 | INFO     | [469654] Đã xử lý ảnh thành công. Kích thước tensor: (1, 48, 48, 1)
2026-05-22 16:51:09,718 | INFO     | [469654] 📊 Chi tiết dự đoán: {'ANGRY': 6.03, 'DISGUST': 0.12, 'FEAR': 5.72, 'HAPPY': 45.08, 'NEUTRAL': 10.85, 'SAD': 31.24, 'SURPRISE': 0.95}
2026-05-22 16:51:09,718 | INFO     | [469654] 🎯 KẾT QUẢ CHỐT: HAPPY (45.08%)
2026-05-22 16:51:09,718 | INFO     | [469654] ⏱️ Thời gian phản hồi: 64.33 ms
2026-05-22 16:51:09,720 | INFO     | [469720] ------------------------------------------
2026-05-22 16:51:09,720 | INFO     | [469720] 📥 NHẬN YÊU CẦU QUÉT KHUÔN MẶT MỚI
2026-05-22 16:51:09,720 | INFO     | [469720] Đã xử lý ảnh thành công. Kích thước tensor: (1, 48, 48, 1)
2026-05-22 16:51:09,786 | INFO     | [469720] 📊 Chi tiết dự đoán: {'ANGRY': 4.28, 'DISGUST': 0.14, 'FEAR': 4.23, 'HAPPY': 71.17, 'NEUTRAL': 6.1, 'SAD': 12.73, 'SURPRISE': 1.35}
2026-05-22 16:51:09,786 | INFO     | [469720] 🎯 KẾT QUẢ CHỐT: HAPPY (71.17%)
2026-05-22 16:51:09,786 | INFO     | [469720] ⏱️ Thời gian phản hồi: 65.32 ms
2026-05-22 16:51:09,789 | INFO     | [469789] ------------------------------------------
2026-05-22 16:51:09,790 | INFO     | [469789] 📥 NHẬN YÊU CẦU QUÉT KHUÔN MẶT MỚI
2026-05-22 16:51:09,790 | INFO     | [469789] Đã xử lý ảnh thành công. Kích thước tensor: (1, 48, 48, 1)
2026-05-22 16:51:09,852 | INFO     | [469789] 📊 Chi tiết dự đoán: {'ANGRY': 4.67, 'DISGUST': 0.15, 'FEAR': 4.09, 'HAPPY': 68.23, 'NEUTRAL': 7.35, 'SAD': 14.46, 'SURPRISE': 1.05}
2026-05-22 16:51:09,852 | INFO     | [469789] 🎯 KẾT QUẢ CHỐT: HAPPY (68.23%)
2026-05-22 16:51:09,852 | INFO     | [469789] ⏱️ Thời gian phản hồi: 63.01 ms
2026-05-22 16:51:09,855 | INFO     | [469855] ------------------------------------------
2026-05-22 16:51:09,855 | INFO     | [469855] 📥 NHẬN YÊU CẦU QUÉT KHUÔN MẶT MỚI
2026-05-22 16:51:09,856 | INFO     | [469855] Đã xử lý ảnh thành công. Kích thước tensor: (1, 48, 48, 1)
2026-05-22 16:51:09,920 | INFO     | [469855] 📊 Chi tiết dự đoán: {'ANGRY': 5.54, 'DISGUST': 0.15, 'FEAR': 4.76, 'HAPPY': 53.96, 'NEUTRAL': 9.07, 'SAD': 25.29, 'SURPRISE': 1.24}
2026-05-22 16:51:09,920 | INFO     | [469855] 🎯 KẾT QUẢ CHỐT: HAPPY (53.96%)
2026-05-22 16:51:09,921 | INFO     | [469855] ⏱️ Thời gian phản hồi: 65.5 ms
2026-05-22 16:51:09,922 | INFO     | [469922] ------------------------------------------
2026-05-22 16:51:09,922 | INFO     | [469922] 📥 NHẬN YÊU CẦU QUÉT KHUÔN MẶT MỚI
2026-05-22 16:51:09,923 | INFO     | [469922] Đã xử lý ảnh thành công. Kích thước tensor: (1, 48, 48, 1)
2026-05-22 16:51:09,989 | INFO     | [469922] 📊 Chi tiết dự đoán: {'ANGRY': 5.04, 'DISGUST': 0.14, 'FEAR': 3.99, 'HAPPY': 67.57, 'NEUTRAL': 6.14, 'SAD': 16.14, 'SURPRISE': 0.98}
2026-05-22 16:51:09,990 | INFO     | [469922] 🎯 KẾT QUẢ CHỐT: HAPPY (67.57%)
2026-05-22 16:51:09,990 | INFO     | [469922] ⏱️ Thời gian phản hồi: 66.45 ms
2026-05-22 16:51:09,993 | INFO     | [469993] ------------------------------------------
2026-05-22 16:51:09,994 | INFO     | [469993] 📥 NHẬN YÊU CẦU QUÉT KHUÔN MẶT MỚI
2026-05-22 16:51:09,995 | INFO     | [469993] Đã xử lý ảnh thành công. Kích thước tensor: (1, 48, 48, 1)
2026-05-22 16:51:10,070 | INFO     | [469993] 📊 Chi tiết dự đoán: {'ANGRY': 6.2, 'DISGUST': 0.16, 'FEAR': 5.25, 'HAPPY': 52.17, 'NEUTRAL': 10.73, 'SAD': 24.4, 'SURPRISE': 1.08}
2026-05-22 16:51:10,070 | INFO     | [469993] 🎯 KẾT QUẢ CHỐT: HAPPY (52.17%)
2026-05-22 16:51:10,070 | INFO     | [469993] ⏱️ Thời gian phản hồi: 77.1 ms
2026-05-22 16:51:10,072 | INFO     | [470072] ------------------------------------------
2026-05-22 16:51:10,072 | INFO     | [470072] 📥 NHẬN YÊU CẦU QUÉT KHUÔN MẶT MỚI
2026-05-22 16:51:10,073 | INFO     | [470072] Đã xử lý ảnh thành công. Kích thước tensor: (1, 48, 48, 1)
2026-05-22 16:51:10,135 | INFO     | [470072] 📊 Chi tiết dự đoán: {'ANGRY': 6.34, 'DISGUST': 0.17, 'FEAR': 5.33, 'HAPPY': 52.34, 'NEUTRAL': 9.28, 'SAD': 25.12, 'SURPRISE': 1.42}
2026-05-22 16:51:10,136 | INFO     | [470072] 🎯 KẾT QUẢ CHỐT: HAPPY (52.34%)
2026-05-22 16:51:10,136 | INFO     | [470072] ⏱️ Thời gian phản hồi: 63.34 ms
2026-05-22 16:51:10,139 | INFO     | [470139] ------------------------------------------
2026-05-22 16:51:10,139 | INFO     | [470139] 📥 NHẬN YÊU CẦU QUÉT KHUÔN MẶT MỚI
2026-05-22 16:51:10,141 | INFO     | [470139] Đã xử lý ảnh thành công. Kích thước tensor: (1, 48, 48, 1)
2026-05-22 16:51:10,210 | INFO     | [470139] 📊 Chi tiết dự đoán: {'ANGRY': 5.35, 'DISGUST': 0.14, 'FEAR': 5.74, 'HAPPY': 48.42, 'NEUTRAL': 10.26, 'SAD': 28.82, 'SURPRISE': 1.27}
2026-05-22 16:51:10,210 | INFO     | [470139] 🎯 KẾT QUẢ CHỐT: HAPPY (48.42%)
2026-05-22 16:51:10,210 | INFO     | [470139] ⏱️ Thời gian phản hồi: 70.67 ms
2026-05-22 16:51:10,212 | INFO     | [470212] ------------------------------------------
2026-05-22 16:51:10,213 | INFO     | [470212] 📥 NHẬN YÊU CẦU QUÉT KHUÔN MẶT MỚI
2026-05-22 16:51:10,213 | INFO     | [470212] Đã xử lý ảnh thành công. Kích thước tensor: (1, 48, 48, 1)
2026-05-22 16:51:10,278 | INFO     | [470212] 📊 Chi tiết dự đoán: {'ANGRY': 6.33, 'DISGUST': 0.16, 'FEAR': 4.33, 'HAPPY': 57.77, 'NEUTRAL': 9.75, 'SAD': 20.93, 'SURPRISE': 0.73}
2026-05-22 16:51:10,278 | INFO     | [470212] 🎯 KẾT QUẢ CHỐT: HAPPY (57.77%)
2026-05-22 16:51:10,278 | INFO     | [470212] ⏱️ Thời gian phản hồi: 66.43 ms
2026-05-22 16:51:10,281 | INFO     | [470281] ------------------------------------------
2026-05-22 16:51:10,281 | INFO     | [470281] 📥 NHẬN YÊU CẦU QUÉT KHUÔN MẶT MỚI
2026-05-22 16:51:10,281 | INFO     | [470281] Đã xử lý ảnh thành công. Kích thước tensor: (1, 48, 48, 1)
2026-05-22 16:51:10,343 | INFO     | [470281] 📊 Chi tiết dự đoán: {'ANGRY': 6.25, 'DISGUST': 0.13, 'FEAR': 4.13, 'HAPPY': 56.78, 'NEUTRAL': 9.48, 'SAD': 22.49, 'SURPRISE': 0.73}
2026-05-22 16:51:10,343 | INFO     | [470281] 🎯 KẾT QUẢ CHỐT: HAPPY (56.78%)
2026-05-22 16:51:10,343 | INFO     | [470281] ⏱️ Thời gian phản hồi: 60.91 ms
2026-05-22 16:51:10,345 | INFO     | [470345] ------------------------------------------
2026-05-22 16:51:10,345 | INFO     | [470345] 📥 NHẬN YÊU CẦU QUÉT KHUÔN MẶT MỚI
2026-05-22 16:51:10,347 | INFO     | [470345] Đã xử lý ảnh thành công. Kích thước tensor: (1, 48, 48, 1)
2026-05-22 16:51:10,415 | INFO     | [470345] 📊 Chi tiết dự đoán: {'ANGRY': 4.83, 'DISGUST': 0.14, 'FEAR': 4.45, 'HAPPY': 66.5, 'NEUTRAL': 7.18, 'SAD': 15.38, 'SURPRISE': 1.52}
2026-05-22 16:51:10,416 | INFO     | [470345] 🎯 KẾT QUẢ CHỐT: HAPPY (66.50%)
2026-05-22 16:51:10,416 | INFO     | [470345] ⏱️ Thời gian phản hồi: 69.77 ms
2026-05-22 16:51:10,417 | INFO     | [470417] ------------------------------------------
2026-05-22 16:51:10,418 | INFO     | [470417] 📥 NHẬN YÊU CẦU QUÉT KHUÔN MẶT MỚI
2026-05-22 16:51:10,419 | INFO     | [470417] Đã xử lý ảnh thành công. Kích thước tensor: (1, 48, 48, 1)
2026-05-22 16:51:10,481 | INFO     | [470417] 📊 Chi tiết dự đoán: {'ANGRY': 5.26, 'DISGUST': 0.12, 'FEAR': 4.3, 'HAPPY': 59.5, 'NEUTRAL': 9.92, 'SAD': 19.89, 'SURPRISE': 1.01}
2026-05-22 16:51:10,481 | INFO     | [470417] 🎯 KẾT QUẢ CHỐT: HAPPY (59.50%)
2026-05-22 16:51:10,481 | INFO     | [470417] ⏱️ Thời gian phản hồi: 64.04 ms
2026-05-22 16:51:10,484 | INFO     | [470484] ------------------------------------------
2026-05-22 16:51:10,484 | INFO     | [470484] 📥 NHẬN YÊU CẦU QUÉT KHUÔN MẶT MỚI
2026-05-22 16:51:10,485 | INFO     | [470484] Đã xử lý ảnh thành công. Kích thước tensor: (1, 48, 48, 1)
2026-05-22 16:51:10,564 | INFO     | [470484] 📊 Chi tiết dự đoán: {'ANGRY': 5.67, 'DISGUST': 0.21, 'FEAR': 4.53, 'HAPPY': 66.7, 'NEUTRAL': 6.6, 'SAD': 14.61, 'SURPRISE': 1.67}
2026-05-22 16:51:10,564 | INFO     | [470484] 🎯 KẾT QUẢ CHỐT: HAPPY (66.70%)
2026-05-22 16:51:10,564 | INFO     | [470484] ⏱️ Thời gian phản hồi: 80.23 ms
2026-05-22 16:51:10,566 | INFO     | [470566] ------------------------------------------
2026-05-22 16:51:10,566 | INFO     | [470566] 📥 NHẬN YÊU CẦU QUÉT KHUÔN MẶT MỚI
2026-05-22 16:51:10,568 | INFO     | [470566] Đã xử lý ảnh thành công. Kích thước tensor: (1, 48, 48, 1)
2026-05-22 16:51:10,645 | INFO     | [470566] 📊 Chi tiết dự đoán: {'ANGRY': 6.55, 'DISGUST': 0.18, 'FEAR': 5.37, 'HAPPY': 58.06, 'NEUTRAL': 6.77, 'SAD': 21.44, 'SURPRISE': 1.63}
2026-05-22 16:51:10,645 | INFO     | [470566] 🎯 KẾT QUẢ CHỐT: HAPPY (58.06%)
2026-05-22 16:51:10,645 | INFO     | [470566] ⏱️ Thời gian phản hồi: 78.39 ms
2026-05-22 16:51:10,648 | INFO     | [470648] ------------------------------------------
2026-05-22 16:51:10,649 | INFO     | [470648] 📥 NHẬN YÊU CẦU QUÉT KHUÔN MẶT MỚI
2026-05-22 16:51:10,650 | INFO     | [470648] Đã xử lý ảnh thành công. Kích thước tensor: (1, 48, 48, 1)
2026-05-22 16:51:10,726 | INFO     | [470648] 📊 Chi tiết dự đoán: {'ANGRY': 5.71, 'DISGUST': 0.2, 'FEAR': 4.25, 'HAPPY': 69.85, 'NEUTRAL': 4.97, 'SAD': 13.72, 'SURPRISE': 1.3}
2026-05-22 16:51:10,727 | INFO     | [470648] 🎯 KẾT QUẢ CHỐT: HAPPY (69.85%)
2026-05-22 16:51:10,727 | INFO     | [470648] ⏱️ Thời gian phản hồi: 78.78 ms
2026-05-22 16:51:10,732 | INFO     | [470732] ------------------------------------------
2026-05-22 16:51:10,732 | INFO     | [470732] 📥 NHẬN YÊU CẦU QUÉT KHUÔN MẶT MỚI
2026-05-22 16:51:10,733 | INFO     | [470732] Đã xử lý ảnh thành công. Kích thước tensor: (1, 48, 48, 1)
2026-05-22 16:51:10,812 | INFO     | [470732] 📊 Chi tiết dự đoán: {'ANGRY': 7.18, 'DISGUST': 0.18, 'FEAR': 5.66, 'HAPPY': 45.77, 'NEUTRAL': 9.8, 'SAD': 30.49, 'SURPRISE': 0.93}
2026-05-22 16:51:10,812 | INFO     | [470732] 🎯 KẾT QUẢ CHỐT: HAPPY (45.77%)
2026-05-22 16:51:10,812 | INFO     | [470732] ⏱️ Thời gian phản hồi: 80.6 ms
2026-05-22 16:51:10,813 | INFO     | [470813] ------------------------------------------
2026-05-22 16:51:10,815 | INFO     | [470813] 📥 NHẬN YÊU CẦU QUÉT KHUÔN MẶT MỚI
2026-05-22 16:51:10,815 | INFO     | [470813] Đã xử lý ảnh thành công. Kích thước tensor: (1, 48, 48, 1)
2026-05-22 16:51:10,877 | INFO     | [470813] 📊 Chi tiết dự đoán: {'ANGRY': 6.81, 'DISGUST': 0.19, 'FEAR': 6.0, 'HAPPY': 53.62, 'NEUTRAL': 7.32, 'SAD': 24.68, 'SURPRISE': 1.39}
2026-05-22 16:51:10,877 | INFO     | [470813] 🎯 KẾT QUẢ CHỐT: HAPPY (53.62%)
2026-05-22 16:51:10,877 | INFO     | [470813] ⏱️ Thời gian phản hồi: 63.52 ms
2026-05-22 16:51:10,879 | INFO     | [470879] ------------------------------------------
2026-05-22 16:51:10,879 | INFO     | [470879] 📥 NHẬN YÊU CẦU QUÉT KHUÔN MẶT MỚI
2026-05-22 16:51:10,881 | INFO     | [470879] Đã xử lý ảnh thành công. Kích thước tensor: (1, 48, 48, 1)
2026-05-22 16:51:10,949 | INFO     | [470879] 📊 Chi tiết dự đoán: {'ANGRY': 7.98, 'DISGUST': 0.2, 'FEAR': 6.61, 'HAPPY': 39.94, 'NEUTRAL': 11.45, 'SAD': 32.76, 'SURPRISE': 1.06}
2026-05-22 16:51:10,949 | INFO     | [470879] 🎯 KẾT QUẢ CHỐT: HAPPY (39.94%)
2026-05-22 16:51:10,949 | INFO     | [470879] ⏱️ Thời gian phản hồi: 69.29 ms
2026-05-22 16:51:10,951 | INFO     | [470951] ------------------------------------------
2026-05-22 16:51:10,951 | INFO     | [470951] 📥 NHẬN YÊU CẦU QUÉT KHUÔN MẶT MỚI
2026-05-22 16:51:10,951 | INFO     | [470951] Đã xử lý ảnh thành công. Kích thước tensor: (1, 48, 48, 1)
2026-05-22 16:51:11,028 | INFO     | [470951] 📊 Chi tiết dự đoán: {'ANGRY': 7.19, 'DISGUST': 0.21, 'FEAR': 4.92, 'HAPPY': 54.28, 'NEUTRAL': 8.39, 'SAD': 23.89, 'SURPRISE': 1.12}
2026-05-22 16:51:11,029 | INFO     | [470951] 🎯 KẾT QUẢ CHỐT: HAPPY (54.28%)
2026-05-22 16:51:11,029 | INFO     | [470951] ⏱️ Thời gian phản hồi: 76.53 ms
2026-05-22 16:51:11,031 | INFO     | [471031] ------------------------------------------
2026-05-22 16:51:11,031 | INFO     | [471031] 📥 NHẬN YÊU CẦU QUÉT KHUÔN MẶT MỚI
2026-05-22 16:51:11,033 | INFO     | [471031] Đã xử lý ảnh thành công. Kích thước tensor: (1, 48, 48, 1)
2026-05-22 16:51:11,102 | INFO     | [471031] 📊 Chi tiết dự đoán: {'ANGRY': 6.64, 'DISGUST': 0.19, 'FEAR': 5.74, 'HAPPY': 51.0, 'NEUTRAL': 10.11, 'SAD': 24.95, 'SURPRISE': 1.36}
2026-05-22 16:51:11,103 | INFO     | [471031] 🎯 KẾT QUẢ CHỐT: HAPPY (51.00%)
2026-05-22 16:51:11,103 | INFO     | [471031] ⏱️ Thời gian phản hồi: 70.5 ms
2026-05-22 16:51:11,106 | INFO     | [471106] ------------------------------------------
2026-05-22 16:51:11,106 | INFO     | [471106] 📥 NHẬN YÊU CẦU QUÉT KHUÔN MẶT MỚI
2026-05-22 16:51:11,108 | INFO     | [471106] Đã xử lý ảnh thành công. Kích thước tensor: (1, 48, 48, 1)
2026-05-22 16:51:11,178 | INFO     | [471106] 📊 Chi tiết dự đoán: {'ANGRY': 7.38, 'DISGUST': 0.21, 'FEAR': 4.82, 'HAPPY': 55.34, 'NEUTRAL': 7.92, 'SAD': 23.22, 'SURPRISE': 1.11}
2026-05-22 16:51:11,178 | INFO     | [471106] 🎯 KẾT QUẢ CHỐT: HAPPY (55.34%)
2026-05-22 16:51:11,178 | INFO     | [471106] ⏱️ Thời gian phản hồi: 72.75 ms
2026-05-22 16:51:11,181 | INFO     | [471180] ------------------------------------------
2026-05-22 16:51:11,181 | INFO     | [471180] 📥 NHẬN YÊU CẦU QUÉT KHUÔN MẶT MỚI
2026-05-22 16:51:11,181 | INFO     | [471180] Đã xử lý ảnh thành công. Kích thước tensor: (1, 48, 48, 1)
2026-05-22 16:51:11,261 | INFO     | [471180] 📊 Chi tiết dự đoán: {'ANGRY': 7.83, 'DISGUST': 0.22, 'FEAR': 6.52, 'HAPPY': 39.41, 'NEUTRAL': 10.51, 'SAD': 34.12, 'SURPRISE': 1.4}
2026-05-22 16:51:11,262 | INFO     | [471180] 🎯 KẾT QUẢ CHỐT: HAPPY (39.41%)
2026-05-22 16:51:11,262 | INFO     | [471180] ⏱️ Thời gian phản hồi: 80.72 ms
2026-05-22 16:51:11,265 | INFO     | [471265] ------------------------------------------
2026-05-22 16:51:11,265 | INFO     | [471265] 📥 NHẬN YÊU CẦU QUÉT KHUÔN MẶT MỚI
2026-05-22 16:51:11,266 | INFO     | [471265] Đã xử lý ảnh thành công. Kích thước tensor: (1, 48, 48, 1)
2026-05-22 16:51:11,331 | INFO     | [471265] 📊 Chi tiết dự đoán: {'ANGRY': 6.76, 'DISGUST': 0.21, 'FEAR': 5.45, 'HAPPY': 48.27, 'NEUTRAL': 10.35, 'SAD': 27.68, 'SURPRISE': 1.28}
2026-05-22 16:51:11,331 | INFO     | [471265] 🎯 KẾT QUẢ CHỐT: HAPPY (48.27%)
2026-05-22 16:51:11,331 | INFO     | [471265] ⏱️ Thời gian phản hồi: 66.17 ms
2026-05-22 16:51:11,334 | INFO     | [471334] ------------------------------------------
2026-05-22 16:51:11,334 | INFO     | [471334] 📥 NHẬN YÊU CẦU QUÉT KHUÔN MẶT MỚI
2026-05-22 16:51:11,335 | INFO     | [471334] Đã xử lý ảnh thành công. Kích thước tensor: (1, 48, 48, 1)
2026-05-22 16:51:11,400 | INFO     | [471334] 📊 Chi tiết dự đoán: {'ANGRY': 6.57, 'DISGUST': 0.2, 'FEAR': 6.61, 'HAPPY': 42.29, 'NEUTRAL': 10.39, 'SAD': 32.86, 'SURPRISE': 1.07}
2026-05-22 16:51:11,400 | INFO     | [471334] 🎯 KẾT QUẢ CHỐT: HAPPY (42.29%)
2026-05-22 16:51:11,400 | INFO     | [471334] ⏱️ Thời gian phản hồi: 65.67 ms
2026-05-22 16:51:11,402 | INFO     | [471402] ------------------------------------------
2026-05-22 16:51:11,402 | INFO     | [471402] 📥 NHẬN YÊU CẦU QUÉT KHUÔN MẶT MỚI
2026-05-22 16:51:11,402 | INFO     | [471402] Đã xử lý ảnh thành công. Kích thước tensor: (1, 48, 48, 1)
2026-05-22 16:51:11,476 | INFO     | [471402] 📊 Chi tiết dự đoán: {'ANGRY': 6.28, 'DISGUST': 0.17, 'FEAR': 5.65, 'HAPPY': 46.38, 'NEUTRAL': 8.68, 'SAD': 31.81, 'SURPRISE': 1.03}
2026-05-22 16:51:11,476 | INFO     | [471402] 🎯 KẾT QUẢ CHỐT: HAPPY (46.38%)
2026-05-22 16:51:11,477 | INFO     | [471402] ⏱️ Thời gian phản hồi: 73.75 ms
2026-05-22 16:51:11,479 | INFO     | [471479] ------------------------------------------
2026-05-22 16:51:11,479 | INFO     | [471479] 📥 NHẬN YÊU CẦU QUÉT KHUÔN MẶT MỚI
2026-05-22 16:51:11,479 | INFO     | [471479] Đã xử lý ảnh thành công. Kích thước tensor: (1, 48, 48, 1)
2026-05-22 16:51:11,544 | INFO     | [471479] 📊 Chi tiết dự đoán: {'ANGRY': 6.92, 'DISGUST': 0.2, 'FEAR': 6.61, 'HAPPY': 38.98, 'NEUTRAL': 10.82, 'SAD': 35.46, 'SURPRISE': 1.01}
2026-05-22 16:51:11,544 | INFO     | [471479] 🎯 KẾT QUẢ CHỐT: HAPPY (38.98%)
2026-05-22 16:51:11,544 | INFO     | [471479] ⏱️ Thời gian phản hồi: 64.45 ms
2026-05-22 16:51:11,546 | INFO     | [471546] ------------------------------------------
2026-05-22 16:51:11,546 | INFO     | [471546] 📥 NHẬN YÊU CẦU QUÉT KHUÔN MẶT MỚI
2026-05-22 16:51:11,546 | INFO     | [471546] Đã xử lý ảnh thành công. Kích thước tensor: (1, 48, 48, 1)
2026-05-22 16:51:11,599 | INFO     | [471546] 📊 Chi tiết dự đoán: {'ANGRY': 6.12, 'DISGUST': 0.16, 'FEAR': 6.49, 'HAPPY': 35.3, 'NEUTRAL': 12.2, 'SAD': 38.73, 'SURPRISE': 0.99}
2026-05-22 16:51:11,599 | INFO     | [471546] 🎯 KẾT QUẢ CHỐT: SAD (38.73%)
2026-05-22 16:51:11,600 | INFO     | [471546] ⏱️ Thời gian phản hồi: 52.29 ms
2026-05-22 16:51:11,601 | INFO     | [471601] ------------------------------------------
2026-05-22 16:51:11,601 | INFO     | [471601] 📥 NHẬN YÊU CẦU QUÉT KHUÔN MẶT MỚI
2026-05-22 16:51:11,602 | INFO     | [471601] Đã xử lý ảnh thành công. Kích thước tensor: (1, 48, 48, 1)
2026-05-22 16:51:11,658 | INFO     | [471601] 📊 Chi tiết dự đoán: {'ANGRY': 6.78, 'DISGUST': 0.2, 'FEAR': 6.78, 'HAPPY': 30.43, 'NEUTRAL': 12.73, 'SAD': 42.15, 'SURPRISE': 0.93}
2026-05-22 16:51:11,658 | INFO     | [471601] 🎯 KẾT QUẢ CHỐT: SAD (42.15%)
2026-05-22 16:51:11,658 | INFO     | [471601] ⏱️ Thời gian phản hồi: 56.56 ms
2026-05-22 16:51:11,660 | INFO     | [471660] ------------------------------------------
2026-05-22 16:51:11,660 | INFO     | [471660] 📥 NHẬN YÊU CẦU QUÉT KHUÔN MẶT MỚI
2026-05-22 16:51:11,661 | INFO     | [471660] Đã xử lý ảnh thành công. Kích thước tensor: (1, 48, 48, 1)
2026-05-22 16:51:11,712 | INFO     | [471660] 📊 Chi tiết dự đoán: {'ANGRY': 6.75, 'DISGUST': 0.19, 'FEAR': 6.76, 'HAPPY': 27.27, 'NEUTRAL': 13.0, 'SAD': 45.16, 'SURPRISE': 0.87}
2026-05-22 16:51:11,712 | INFO     | [471660] 🎯 KẾT QUẢ CHỐT: SAD (45.16%)
2026-05-22 16:51:11,712 | INFO     | [471660] ⏱️ Thời gian phản hồi: 52.17 ms
2026-05-22 16:51:11,714 | INFO     | [471714] ------------------------------------------
2026-05-22 16:51:11,714 | INFO     | [471714] 📥 NHẬN YÊU CẦU QUÉT KHUÔN MẶT MỚI
2026-05-22 16:51:11,714 | INFO     | [471714] Đã xử lý ảnh thành công. Kích thước tensor: (1, 48, 48, 1)
2026-05-22 16:51:11,764 | INFO     | [471714] 📊 Chi tiết dự đoán: {'ANGRY': 6.13, 'DISGUST': 0.16, 'FEAR': 6.64, 'HAPPY': 38.8, 'NEUTRAL': 11.85, 'SAD': 35.21, 'SURPRISE': 1.21}
2026-05-22 16:51:11,765 | INFO     | [471714] 🎯 KẾT QUẢ CHỐT: HAPPY (38.80%)
2026-05-22 16:51:11,765 | INFO     | [471714] ⏱️ Thời gian phản hồi: 49.81 ms
2026-05-22 16:51:11,767 | INFO     | [471767] ------------------------------------------
2026-05-22 16:51:11,767 | INFO     | [471767] 📥 NHẬN YÊU CẦU QUÉT KHUÔN MẶT MỚI
2026-05-22 16:51:11,768 | INFO     | [471767] Đã xử lý ảnh thành công. Kích thước tensor: (1, 48, 48, 1)
2026-05-22 16:51:11,820 | INFO     | [471767] 📊 Chi tiết dự đoán: {'ANGRY': 3.41, 'DISGUST': 0.04, 'FEAR': 7.45, 'HAPPY': 3.66, 'NEUTRAL': 10.79, 'SAD': 73.36, 'SURPRISE': 1.28}
2026-05-22 16:51:11,820 | INFO     | [471767] 🎯 KẾT QUẢ CHỐT: SAD (73.36%)
2026-05-22 16:51:11,820 | INFO     | [471767] ⏱️ Thời gian phản hồi: 53.92 ms
2026-05-22 16:51:11,823 | INFO     | [471823] ------------------------------------------
2026-05-22 16:51:11,823 | INFO     | [471823] 📥 NHẬN YÊU CẦU QUÉT KHUÔN MẶT MỚI
2026-05-22 16:51:11,823 | INFO     | [471823] Đã xử lý ảnh thành công. Kích thước tensor: (1, 48, 48, 1)
2026-05-22 16:51:11,870 | INFO     | [471823] 📊 Chi tiết dự đoán: {'ANGRY': 4.3, 'DISGUST': 0.08, 'FEAR': 7.29, 'HAPPY': 11.34, 'NEUTRAL': 12.41, 'SAD': 63.31, 'SURPRISE': 1.27}
2026-05-22 16:51:11,870 | INFO     | [471823] 🎯 KẾT QUẢ CHỐT: SAD (63.31%)
2026-05-22 16:51:11,870 | INFO     | [471823] ⏱️ Thời gian phản hồi: 47.63 ms
2026-05-22 16:51:11,872 | INFO     | [471872] ------------------------------------------
2026-05-22 16:51:11,872 | INFO     | [471872] 📥 NHẬN YÊU CẦU QUÉT KHUÔN MẶT MỚI
2026-05-22 16:51:11,873 | INFO     | [471872] Đã xử lý ảnh thành công. Kích thước tensor: (1, 48, 48, 1)
2026-05-22 16:51:11,924 | INFO     | [471872] 📊 Chi tiết dự đoán: {'ANGRY': 3.16, 'DISGUST': 0.03, 'FEAR': 6.67, 'HAPPY': 3.88, 'NEUTRAL': 11.5, 'SAD': 73.71, 'SURPRISE': 1.03}
2026-05-22 16:51:11,924 | INFO     | [471872] 🎯 KẾT QUẢ CHỐT: SAD (73.71%)
2026-05-22 16:51:11,924 | INFO     | [471872] ⏱️ Thời gian phản hồi: 51.19 ms
2026-05-22 16:51:11,926 | INFO     | [471926] ------------------------------------------
2026-05-22 16:51:11,926 | INFO     | [471926] 📥 NHẬN YÊU CẦU QUÉT KHUÔN MẶT MỚI
2026-05-22 16:51:11,926 | INFO     | [471926] Đã xử lý ảnh thành công. Kích thước tensor: (1, 48, 48, 1)
2026-05-22 16:51:11,976 | INFO     | [471926] 📊 Chi tiết dự đoán: {'ANGRY': 3.46, 'DISGUST': 0.04, 'FEAR': 6.85, 'HAPPY': 4.29, 'NEUTRAL': 11.99, 'SAD': 72.19, 'SURPRISE': 1.18}
2026-05-22 16:51:11,976 | INFO     | [471926] 🎯 KẾT QUẢ CHỐT: SAD (72.19%)
2026-05-22 16:51:11,976 | INFO     | [471926] ⏱️ Thời gian phản hồi: 50.26 ms
2026-05-22 16:51:11,979 | INFO     | [471979] ------------------------------------------
2026-05-22 16:51:11,979 | INFO     | [471979] 📥 NHẬN YÊU CẦU QUÉT KHUÔN MẶT MỚI
2026-05-22 16:51:11,979 | INFO     | [471979] Đã xử lý ảnh thành công. Kích thước tensor: (1, 48, 48, 1)
2026-05-22 16:51:12,029 | INFO     | [471979] 📊 Chi tiết dự đoán: {'ANGRY': 3.05, 'DISGUST': 0.03, 'FEAR': 6.15, 'HAPPY': 2.99, 'NEUTRAL': 11.96, 'SAD': 74.94, 'SURPRISE': 0.89}
2026-05-22 16:51:12,029 | INFO     | [471979] 🎯 KẾT QUẢ CHỐT: SAD (74.94%)
2026-05-22 16:51:12,029 | INFO     | [471979] ⏱️ Thời gian phản hồi: 50.54 ms
2026-05-22 16:51:12,031 | INFO     | [472031] ------------------------------------------
2026-05-22 16:51:12,032 | INFO     | [472031] 📥 NHẬN YÊU CẦU QUÉT KHUÔN MẶT MỚI
2026-05-22 16:51:12,032 | INFO     | [472031] Đã xử lý ảnh thành công. Kích thước tensor: (1, 48, 48, 1)
2026-05-22 16:51:12,088 | INFO     | [472031] 📊 Chi tiết dự đoán: {'ANGRY': 2.85, 'DISGUST': 0.03, 'FEAR': 7.33, 'HAPPY': 4.08, 'NEUTRAL': 13.92, 'SAD': 70.58, 'SURPRISE': 1.23}
2026-05-22 16:51:12,088 | INFO     | [472031] 🎯 KẾT QUẢ CHỐT: SAD (70.58%)
2026-05-22 16:51:12,089 | INFO     | [472031] ⏱️ Thời gian phản hồi: 56.95 ms
2026-05-22 16:51:12,090 | INFO     | [472090] ------------------------------------------
2026-05-22 16:51:12,090 | INFO     | [472090] 📥 NHẬN YÊU CẦU QUÉT KHUÔN MẶT MỚI
2026-05-22 16:51:12,091 | INFO     | [472090] Đã xử lý ảnh thành công. Kích thước tensor: (1, 48, 48, 1)
2026-05-22 16:51:12,141 | INFO     | [472090] 📊 Chi tiết dự đoán: {'ANGRY': 3.38, 'DISGUST': 0.04, 'FEAR': 7.36, 'HAPPY': 6.45, 'NEUTRAL': 12.58, 'SAD': 68.77, 'SURPRISE': 1.41}
2026-05-22 16:51:12,141 | INFO     | [472090] 🎯 KẾT QUẢ CHỐT: SAD (68.77%)
2026-05-22 16:51:12,141 | INFO     | [472090] ⏱️ Thời gian phản hồi: 51.35 ms
2026-05-22 16:51:12,143 | INFO     | [472143] ------------------------------------------
2026-05-22 16:51:12,143 | INFO     | [472143] 📥 NHẬN YÊU CẦU QUÉT KHUÔN MẶT MỚI
2026-05-22 16:51:12,145 | INFO     | [472143] Đã xử lý ảnh thành công. Kích thước tensor: (1, 48, 48, 1)
2026-05-22 16:51:12,204 | INFO     | [472143] 📊 Chi tiết dự đoán: {'ANGRY': 3.33, 'DISGUST': 0.04, 'FEAR': 7.21, 'HAPPY': 3.8, 'NEUTRAL': 12.63, 'SAD': 71.74, 'SURPRISE': 1.25}
2026-05-22 16:51:12,204 | INFO     | [472143] 🎯 KẾT QUẢ CHỐT: SAD (71.74%)
2026-05-22 16:51:12,204 | INFO     | [472143] ⏱️ Thời gian phản hồi: 60.71 ms
2026-05-22 16:51:12,205 | INFO     | [472205] ------------------------------------------
2026-05-22 16:51:12,207 | INFO     | [472205] 📥 NHẬN YÊU CẦU QUÉT KHUÔN MẶT MỚI
2026-05-22 16:51:12,207 | INFO     | [472205] Đã xử lý ảnh thành công. Kích thước tensor: (1, 48, 48, 1)
2026-05-22 16:51:12,262 | INFO     | [472205] 📊 Chi tiết dự đoán: {'ANGRY': 2.99, 'DISGUST': 0.03, 'FEAR': 6.88, 'HAPPY': 4.76, 'NEUTRAL': 13.34, 'SAD': 70.83, 'SURPRISE': 1.18}
2026-05-22 16:51:12,262 | INFO     | [472205] 🎯 KẾT QUẢ CHỐT: SAD (70.83%)
2026-05-22 16:51:12,262 | INFO     | [472205] ⏱️ Thời gian phản hồi: 57.1 ms
2026-05-22 16:51:12,264 | INFO     | [472264] ------------------------------------------
2026-05-22 16:51:12,264 | INFO     | [472264] 📥 NHẬN YÊU CẦU QUÉT KHUÔN MẶT MỚI
2026-05-22 16:51:12,266 | INFO     | [472264] Đã xử lý ảnh thành công. Kích thước tensor: (1, 48, 48, 1)
2026-05-22 16:51:12,334 | INFO     | [472264] 📊 Chi tiết dự đoán: {'ANGRY': 3.07, 'DISGUST': 0.03, 'FEAR': 7.02, 'HAPPY': 4.2, 'NEUTRAL': 14.14, 'SAD': 70.54, 'SURPRISE': 0.99}
2026-05-22 16:51:12,334 | INFO     | [472264] 🎯 KẾT QUẢ CHỐT: SAD (70.54%)
2026-05-22 16:51:12,334 | INFO     | [472264] ⏱️ Thời gian phản hồi: 69.94 ms
2026-05-22 16:51:12,337 | INFO     | [472337] ------------------------------------------
2026-05-22 16:51:12,337 | INFO     | [472337] 📥 NHẬN YÊU CẦU QUÉT KHUÔN MẶT MỚI
2026-05-22 16:51:12,338 | INFO     | [472337] Đã xử lý ảnh thành công. Kích thước tensor: (1, 48, 48, 1)
2026-05-22 16:51:12,395 | INFO     | [472337] 📊 Chi tiết dự đoán: {'ANGRY': 3.17, 'DISGUST': 0.03, 'FEAR': 7.53, 'HAPPY': 3.67, 'NEUTRAL': 11.42, 'SAD': 72.95, 'SURPRISE': 1.22}
2026-05-22 16:51:12,395 | INFO     | [472337] 🎯 KẾT QUẢ CHỐT: SAD (72.95%)
2026-05-22 16:51:12,395 | INFO     | [472337] ⏱️ Thời gian phản hồi: 57.71 ms
2026-05-22 16:51:12,397 | INFO     | [472397] ------------------------------------------
2026-05-22 16:51:12,398 | INFO     | [472397] 📥 NHẬN YÊU CẦU QUÉT KHUÔN MẶT MỚI
2026-05-22 16:51:12,398 | INFO     | [472397] Đã xử lý ảnh thành công. Kích thước tensor: (1, 48, 48, 1)
2026-05-22 16:51:12,471 | INFO     | [472397] 📊 Chi tiết dự đoán: {'ANGRY': 3.53, 'DISGUST': 0.04, 'FEAR': 8.11, 'HAPPY': 3.12, 'NEUTRAL': 11.16, 'SAD': 72.59, 'SURPRISE': 1.46}
2026-05-22 16:51:12,471 | INFO     | [472397] 🎯 KẾT QUẢ CHỐT: SAD (72.59%)
2026-05-22 16:51:12,471 | INFO     | [472397] ⏱️ Thời gian phản hồi: 74.04 ms
2026-05-22 16:51:12,474 | INFO     | [472474] ------------------------------------------
2026-05-22 16:51:12,475 | INFO     | [472474] 📥 NHẬN YÊU CẦU QUÉT KHUÔN MẶT MỚI
2026-05-22 16:51:12,476 | INFO     | [472474] Đã xử lý ảnh thành công. Kích thước tensor: (1, 48, 48, 1)
2026-05-22 16:51:12,546 | INFO     | [472474] 📊 Chi tiết dự đoán: {'ANGRY': 3.56, 'DISGUST': 0.04, 'FEAR': 8.94, 'HAPPY': 4.24, 'NEUTRAL': 11.87, 'SAD': 69.43, 'SURPRISE': 1.9}
2026-05-22 16:51:12,546 | INFO     | [472474] 🎯 KẾT QUẢ CHỐT: SAD (69.43%)
2026-05-22 16:51:12,546 | INFO     | [472474] ⏱️ Thời gian phản hồi: 71.68 ms
2026-05-22 16:51:12,548 | INFO     | [472548] ------------------------------------------
2026-05-22 16:51:12,548 | INFO     | [472548] 📥 NHẬN YÊU CẦU QUÉT KHUÔN MẶT MỚI
2026-05-22 16:51:12,549 | INFO     | [472548] Đã xử lý ảnh thành công. Kích thước tensor: (1, 48, 48, 1)
2026-05-22 16:51:12,612 | INFO     | [472548] 📊 Chi tiết dự đoán: {'ANGRY': 3.57, 'DISGUST': 0.03, 'FEAR': 7.93, 'HAPPY': 3.1, 'NEUTRAL': 12.34, 'SAD': 71.69, 'SURPRISE': 1.33}
2026-05-22 16:51:12,612 | INFO     | [472548] 🎯 KẾT QUẢ CHỐT: SAD (71.69%)
2026-05-22 16:51:12,612 | INFO     | [472548] ⏱️ Thời gian phản hồi: 63.89 ms
2026-05-22 16:51:12,614 | INFO     | [472614] ------------------------------------------
2026-05-22 16:51:12,614 | INFO     | [472614] 📥 NHẬN YÊU CẦU QUÉT KHUÔN MẶT MỚI
2026-05-22 16:51:12,614 | INFO     | [472614] Đã xử lý ảnh thành công. Kích thước tensor: (1, 48, 48, 1)
2026-05-22 16:51:12,669 | INFO     | [472614] 📊 Chi tiết dự đoán: {'ANGRY': 3.91, 'DISGUST': 0.04, 'FEAR': 7.91, 'HAPPY': 4.71, 'NEUTRAL': 12.63, 'SAD': 69.29, 'SURPRISE': 1.5}
2026-05-22 16:51:12,669 | INFO     | [472614] 🎯 KẾT QUẢ CHỐT: SAD (69.29%)
2026-05-22 16:51:12,670 | INFO     | [472614] ⏱️ Thời gian phản hồi: 55.05 ms
2026-05-22 16:51:12,671 | INFO     | [472671] ------------------------------------------
2026-05-22 16:51:12,672 | INFO     | [472671] 📥 NHẬN YÊU CẦU QUÉT KHUÔN MẶT MỚI
2026-05-22 16:51:12,673 | INFO     | [472671] Đã xử lý ảnh thành công. Kích thước tensor: (1, 48, 48, 1)
2026-05-22 16:51:12,726 | INFO     | [472671] 📊 Chi tiết dự đoán: {'ANGRY': 3.26, 'DISGUST': 0.03, 'FEAR': 7.9, 'HAPPY': 4.91, 'NEUTRAL': 12.77, 'SAD': 69.53, 'SURPRISE': 1.59}
2026-05-22 16:51:12,726 | INFO     | [472671] 🎯 KẾT QUẢ CHỐT: SAD (69.53%)
2026-05-22 16:51:12,726 | INFO     | [472671] ⏱️ Thời gian phản hồi: 54.68 ms
2026-05-22 16:51:12,728 | INFO     | [472728] ------------------------------------------
2026-05-22 16:51:12,728 | INFO     | [472728] 📥 NHẬN YÊU CẦU QUÉT KHUÔN MẶT MỚI
2026-05-22 16:51:12,728 | INFO     | [472728] Đã xử lý ảnh thành công. Kích thước tensor: (1, 48, 48, 1)
2026-05-22 16:51:12,780 | INFO     | [472728] 📊 Chi tiết dự đoán: {'ANGRY': 3.12, 'DISGUST': 0.03, 'FEAR': 7.06, 'HAPPY': 3.47, 'NEUTRAL': 12.0, 'SAD': 73.11, 'SURPRISE': 1.21}
2026-05-22 16:51:12,780 | INFO     | [472728] 🎯 KẾT QUẢ CHỐT: SAD (73.11%)
2026-05-22 16:51:12,780 | INFO     | [472728] ⏱️ Thời gian phản hồi: 52.23 ms
2026-05-22 16:51:12,782 | INFO     | [472782] ------------------------------------------
2026-05-22 16:51:12,782 | INFO     | [472782] 📥 NHẬN YÊU CẦU QUÉT KHUÔN MẶT MỚI
2026-05-22 16:51:12,782 | INFO     | [472782] Đã xử lý ảnh thành công. Kích thước tensor: (1, 48, 48, 1)
2026-05-22 16:51:12,843 | INFO     | [472782] 📊 Chi tiết dự đoán: {'ANGRY': 3.25, 'DISGUST': 0.03, 'FEAR': 7.15, 'HAPPY': 2.79, 'NEUTRAL': 12.13, 'SAD': 73.72, 'SURPRISE': 0.93}
2026-05-22 16:51:12,843 | INFO     | [472782] 🎯 KẾT QUẢ CHỐT: SAD (73.72%)
2026-05-22 16:51:12,843 | INFO     | [472782] ⏱️ Thời gian phản hồi: 60.74 ms
2026-05-22 16:51:12,845 | INFO     | [472845] ------------------------------------------
2026-05-22 16:51:12,845 | INFO     | [472845] 📥 NHẬN YÊU CẦU QUÉT KHUÔN MẶT MỚI
2026-05-22 16:51:12,846 | INFO     | [472845] Đã xử lý ảnh thành công. Kích thước tensor: (1, 48, 48, 1)
2026-05-22 16:51:12,904 | INFO     | [472845] 📊 Chi tiết dự đoán: {'ANGRY': 3.2, 'DISGUST': 0.04, 'FEAR': 7.31, 'HAPPY': 10.39, 'NEUTRAL': 13.58, 'SAD': 64.36, 'SURPRISE': 1.12}
2026-05-22 16:51:12,904 | INFO     | [472845] 🎯 KẾT QUẢ CHỐT: SAD (64.36%)
2026-05-22 16:51:12,904 | INFO     | [472845] ⏱️ Thời gian phản hồi: 58.34 ms
2026-05-22 16:51:12,905 | INFO     | [472905] ------------------------------------------
2026-05-22 16:51:12,906 | INFO     | [472905] 📥 NHẬN YÊU CẦU QUÉT KHUÔN MẶT MỚI
2026-05-22 16:51:12,906 | INFO     | [472905] Đã xử lý ảnh thành công. Kích thước tensor: (1, 48, 48, 1)
2026-05-22 16:51:12,964 | INFO     | [472905] 📊 Chi tiết dự đoán: {'ANGRY': 3.25, 'DISGUST': 0.03, 'FEAR': 7.54, 'HAPPY': 3.08, 'NEUTRAL': 13.71, 'SAD': 70.85, 'SURPRISE': 1.53}
2026-05-22 16:51:12,964 | INFO     | [472905] 🎯 KẾT QUẢ CHỐT: SAD (70.85%)
2026-05-22 16:51:12,964 | INFO     | [472905] ⏱️ Thời gian phản hồi: 58.94 ms
2026-05-22 16:51:12,966 | INFO     | [472966] ------------------------------------------
2026-05-22 16:51:12,966 | INFO     | [472966] 📥 NHẬN YÊU CẦU QUÉT KHUÔN MẶT MỚI
2026-05-22 16:51:12,967 | INFO     | [472966] Đã xử lý ảnh thành công. Kích thước tensor: (1, 48, 48, 1)
2026-05-22 16:51:13,018 | INFO     | [472966] 📊 Chi tiết dự đoán: {'ANGRY': 6.78, 'DISGUST': 0.16, 'FEAR': 5.64, 'HAPPY': 43.93, 'NEUTRAL': 10.4, 'SAD': 32.08, 'SURPRISE': 1.01}
2026-05-22 16:51:13,020 | INFO     | [472966] 🎯 KẾT QUẢ CHỐT: HAPPY (43.93%)
2026-05-22 16:51:13,020 | INFO     | [472966] ⏱️ Thời gian phản hồi: 52.36 ms
2026-05-22 16:51:13,021 | INFO     | [473021] ------------------------------------------
2026-05-22 16:51:13,021 | INFO     | [473021] 📥 NHẬN YÊU CẦU QUÉT KHUÔN MẶT MỚI
2026-05-22 16:51:13,022 | INFO     | [473021] Đã xử lý ảnh thành công. Kích thước tensor: (1, 48, 48, 1)
2026-05-22 16:51:13,077 | INFO     | [473021] 📊 Chi tiết dự đoán: {'ANGRY': 6.66, 'DISGUST': 0.18, 'FEAR': 7.05, 'HAPPY': 35.16, 'NEUTRAL': 11.79, 'SAD': 38.12, 'SURPRISE': 1.04}
2026-05-22 16:51:13,077 | INFO     | [473021] 🎯 KẾT QUẢ CHỐT: SAD (38.12%)
2026-05-22 16:51:13,077 | INFO     | [473021] ⏱️ Thời gian phản hồi: 55.6 ms
2026-05-22 16:51:13,079 | INFO     | [473079] ------------------------------------------
2026-05-22 16:51:13,079 | INFO     | [473079] 📥 NHẬN YÊU CẦU QUÉT KHUÔN MẶT MỚI
2026-05-22 16:51:13,080 | INFO     | [473079] Đã xử lý ảnh thành công. Kích thước tensor: (1, 48, 48, 1)
2026-05-22 16:51:13,136 | INFO     | [473079] 📊 Chi tiết dự đoán: {'ANGRY': 7.43, 'DISGUST': 0.22, 'FEAR': 6.72, 'HAPPY': 36.54, 'NEUTRAL': 12.48, 'SAD': 35.54, 'SURPRISE': 1.06}
2026-05-22 16:51:13,136 | INFO     | [473079] 🎯 KẾT QUẢ CHỐT: HAPPY (36.54%)
2026-05-22 16:51:13,136 | INFO     | [473079] ⏱️ Thời gian phản hồi: 56.69 ms
2026-05-22 16:51:13,138 | INFO     | [473138] ------------------------------------------
2026-05-22 16:51:13,138 | INFO     | [473138] 📥 NHẬN YÊU CẦU QUÉT KHUÔN MẶT MỚI
2026-05-22 16:51:13,139 | INFO     | [473138] Đã xử lý ảnh thành công. Kích thước tensor: (1, 48, 48, 1)
2026-05-22 16:51:13,191 | INFO     | [473138] 📊 Chi tiết dự đoán: {'ANGRY': 6.93, 'DISGUST': 0.18, 'FEAR': 6.96, 'HAPPY': 29.84, 'NEUTRAL': 13.08, 'SAD': 42.01, 'SURPRISE': 1.0}
2026-05-22 16:51:13,191 | INFO     | [473138] 🎯 KẾT QUẢ CHỐT: SAD (42.01%)
2026-05-22 16:51:13,191 | INFO     | [473138] ⏱️ Thời gian phản hồi: 52.47 ms
2026-05-22 16:51:13,193 | INFO     | [473193] ------------------------------------------
2026-05-22 16:51:13,193 | INFO     | [473193] 📥 NHẬN YÊU CẦU QUÉT KHUÔN MẶT MỚI
2026-05-22 16:51:13,193 | INFO     | [473193] Đã xử lý ảnh thành công. Kích thước tensor: (1, 48, 48, 1)
2026-05-22 16:51:13,246 | INFO     | [473193] 📊 Chi tiết dự đoán: {'ANGRY': 7.36, 'DISGUST': 0.21, 'FEAR': 7.51, 'HAPPY': 30.63, 'NEUTRAL': 12.49, 'SAD': 40.8, 'SURPRISE': 1.0}
2026-05-22 16:51:13,246 | INFO     | [473193] 🎯 KẾT QUẢ CHỐT: SAD (40.80%)
2026-05-22 16:51:13,246 | INFO     | [473193] ⏱️ Thời gian phản hồi: 52.76 ms
2026-05-22 16:51:13,248 | INFO     | [473248] ------------------------------------------
2026-05-22 16:51:13,248 | INFO     | [473248] 📥 NHẬN YÊU CẦU QUÉT KHUÔN MẶT MỚI
2026-05-22 16:51:13,248 | INFO     | [473248] Đã xử lý ảnh thành công. Kích thước tensor: (1, 48, 48, 1)
2026-05-22 16:51:13,301 | INFO     | [473248] 📊 Chi tiết dự đoán: {'ANGRY': 6.77, 'DISGUST': 0.16, 'FEAR': 7.94, 'HAPPY': 27.63, 'NEUTRAL': 11.07, 'SAD': 45.5, 'SURPRISE': 0.93}
2026-05-22 16:51:13,301 | INFO     | [473248] 🎯 KẾT QUẢ CHỐT: SAD (45.50%)
2026-05-22 16:51:13,302 | INFO     | [473248] ⏱️ Thời gian phản hồi: 52.42 ms
2026-05-22 16:51:13,303 | INFO     | [473303] ------------------------------------------
2026-05-22 16:51:13,303 | INFO     | [473303] 📥 NHẬN YÊU CẦU QUÉT KHUÔN MẶT MỚI
2026-05-22 16:51:13,304 | INFO     | [473303] Đã xử lý ảnh thành công. Kích thước tensor: (1, 48, 48, 1)
2026-05-22 16:51:13,360 | INFO     | [473303] 📊 Chi tiết dự đoán: {'ANGRY': 7.17, 'DISGUST': 0.19, 'FEAR': 5.82, 'HAPPY': 47.57, 'NEUTRAL': 9.78, 'SAD': 28.79, 'SURPRISE': 0.69}
2026-05-22 16:51:13,360 | INFO     | [473303] 🎯 KẾT QUẢ CHỐT: HAPPY (47.57%)
2026-05-22 16:51:13,360 | INFO     | [473303] ⏱️ Thời gian phản hồi: 57.54 ms
2026-05-22 16:51:13,364 | INFO     | [473364] ------------------------------------------
2026-05-22 16:51:13,364 | INFO     | [473364] 📥 NHẬN YÊU CẦU QUÉT KHUÔN MẶT MỚI
2026-05-22 16:51:13,365 | INFO     | [473364] Đã xử lý ảnh thành công. Kích thước tensor: (1, 48, 48, 1)
2026-05-22 16:51:13,419 | INFO     | [473364] 📊 Chi tiết dự đoán: {'ANGRY': 7.67, 'DISGUST': 0.18, 'FEAR': 6.65, 'HAPPY': 38.47, 'NEUTRAL': 10.1, 'SAD': 36.02, 'SURPRISE': 0.91}
2026-05-22 16:51:13,419 | INFO     | [473364] 🎯 KẾT QUẢ CHỐT: HAPPY (38.47%)
2026-05-22 16:51:13,419 | INFO     | [473364] ⏱️ Thời gian phản hồi: 54.86 ms
2026-05-22 16:51:13,421 | INFO     | [473421] ------------------------------------------
2026-05-22 16:51:13,421 | INFO     | [473421] 📥 NHẬN YÊU CẦU QUÉT KHUÔN MẶT MỚI
2026-05-22 16:51:13,422 | INFO     | [473421] Đã xử lý ảnh thành công. Kích thước tensor: (1, 48, 48, 1)
2026-05-22 16:51:13,484 | INFO     | [473421] 📊 Chi tiết dự đoán: {'ANGRY': 7.29, 'DISGUST': 0.18, 'FEAR': 6.52, 'HAPPY': 40.25, 'NEUTRAL': 9.17, 'SAD': 35.86, 'SURPRISE': 0.72}
2026-05-22 16:51:13,484 | INFO     | [473421] 🎯 KẾT QUẢ CHỐT: HAPPY (40.25%)
2026-05-22 16:51:13,485 | INFO     | [473421] ⏱️ Thời gian phản hồi: 62.81 ms
2026-05-22 16:51:13,486 | INFO     | [473486] ------------------------------------------
2026-05-22 16:51:13,486 | INFO     | [473486] 📥 NHẬN YÊU CẦU QUÉT KHUÔN MẶT MỚI
2026-05-22 16:51:13,487 | INFO     | [473486] Đã xử lý ảnh thành công. Kích thước tensor: (1, 48, 48, 1)
2026-05-22 16:51:13,543 | INFO     | [473486] 📊 Chi tiết dự đoán: {'ANGRY': 6.39, 'DISGUST': 0.17, 'FEAR': 4.96, 'HAPPY': 57.93, 'NEUTRAL': 6.1, 'SAD': 23.82, 'SURPRISE': 0.62}
2026-05-22 16:51:13,543 | INFO     | [473486] 🎯 KẾT QUẢ CHỐT: HAPPY (57.93%)
2026-05-22 16:51:13,544 | INFO     | [473486] ⏱️ Thời gian phản hồi: 57.12 ms
2026-05-22 16:51:13,546 | INFO     | [473546] ------------------------------------------
2026-05-22 16:51:13,546 | INFO     | [473546] 📥 NHẬN YÊU CẦU QUÉT KHUÔN MẶT MỚI
2026-05-22 16:51:13,547 | INFO     | [473546] Đã xử lý ảnh thành công. Kích thước tensor: (1, 48, 48, 1)
2026-05-22 16:51:13,604 | INFO     | [473546] 📊 Chi tiết dự đoán: {'ANGRY': 6.03, 'DISGUST': 0.16, 'FEAR': 7.61, 'HAPPY': 36.5, 'NEUTRAL': 10.58, 'SAD': 38.13, 'SURPRISE': 1.0}
2026-05-22 16:51:13,605 | INFO     | [473546] 🎯 KẾT QUẢ CHỐT: SAD (38.13%)
2026-05-22 16:51:13,605 | INFO     | [473546] ⏱️ Thời gian phản hồi: 58.25 ms
2026-05-22 16:51:13,607 | INFO     | [473607] ------------------------------------------
2026-05-22 16:51:13,607 | INFO     | [473607] 📥 NHẬN YÊU CẦU QUÉT KHUÔN MẶT MỚI
2026-05-22 16:51:13,608 | INFO     | [473607] Đã xử lý ảnh thành công. Kích thước tensor: (1, 48, 48, 1)
2026-05-22 16:51:13,666 | INFO     | [473607] 📊 Chi tiết dự đoán: {'ANGRY': 5.33, 'DISGUST': 0.15, 'FEAR': 5.68, 'HAPPY': 54.75, 'NEUTRAL': 8.62, 'SAD': 24.55, 'SURPRISE': 0.91}
2026-05-22 16:51:13,666 | INFO     | [473607] 🎯 KẾT QUẢ CHỐT: HAPPY (54.75%)
2026-05-22 16:51:13,666 | INFO     | [473607] ⏱️ Thời gian phản hồi: 59.21 ms
2026-05-22 16:51:13,668 | INFO     | [473668] ------------------------------------------
2026-05-22 16:51:13,669 | INFO     | [473668] 📥 NHẬN YÊU CẦU QUÉT KHUÔN MẶT MỚI
2026-05-22 16:51:13,669 | INFO     | [473668] Đã xử lý ảnh thành công. Kích thước tensor: (1, 48, 48, 1)
2026-05-22 16:51:13,728 | INFO     | [473668] 📊 Chi tiết dự đoán: {'ANGRY': 5.91, 'DISGUST': 0.18, 'FEAR': 5.81, 'HAPPY': 55.27, 'NEUTRAL': 7.64, 'SAD': 24.35, 'SURPRISE': 0.84}
2026-05-22 16:51:13,728 | INFO     | [473668] 🎯 KẾT QUẢ CHỐT: HAPPY (55.27%)
2026-05-22 16:51:13,729 | INFO     | [473668] ⏱️ Thời gian phản hồi: 59.39 ms
2026-05-22 16:51:13,733 | INFO     | [473733] ------------------------------------------
2026-05-22 16:51:13,733 | INFO     | [473733] 📥 NHẬN YÊU CẦU QUÉT KHUÔN MẶT MỚI
2026-05-22 16:51:13,734 | INFO     | [473733] Đã xử lý ảnh thành công. Kích thước tensor: (1, 48, 48, 1)
2026-05-22 16:51:13,796 | INFO     | [473733] 📊 Chi tiết dự đoán: {'ANGRY': 7.54, 'DISGUST': 0.24, 'FEAR': 7.01, 'HAPPY': 38.88, 'NEUTRAL': 10.62, 'SAD': 34.84, 'SURPRISE': 0.87}
2026-05-22 16:51:13,796 | INFO     | [473733] 🎯 KẾT QUẢ CHỐT: HAPPY (38.88%)
2026-05-22 16:51:13,796 | INFO     | [473733] ⏱️ Thời gian phản hồi: 63.32 ms
2026-05-22 16:51:13,797 | INFO     | [473797] ------------------------------------------
2026-05-22 16:51:13,799 | INFO     | [473797] 📥 NHẬN YÊU CẦU QUÉT KHUÔN MẶT MỚI
2026-05-22 16:51:13,799 | INFO     | [473797] Đã xử lý ảnh thành công. Kích thước tensor: (1, 48, 48, 1)
2026-05-22 16:51:13,860 | INFO     | [473797] 📊 Chi tiết dự đoán: {'ANGRY': 6.64, 'DISGUST': 0.18, 'FEAR': 6.29, 'HAPPY': 44.79, 'NEUTRAL': 8.72, 'SAD': 32.53, 'SURPRISE': 0.85}
2026-05-22 16:51:13,860 | INFO     | [473797] 🎯 KẾT QUẢ CHỐT: HAPPY (44.79%)
2026-05-22 16:51:13,860 | INFO     | [473797] ⏱️ Thời gian phản hồi: 62.95 ms
2026-05-22 16:51:13,863 | INFO     | [473863] ------------------------------------------
2026-05-22 16:51:13,863 | INFO     | [473863] 📥 NHẬN YÊU CẦU QUÉT KHUÔN MẶT MỚI
2026-05-22 16:51:13,864 | INFO     | [473863] Đã xử lý ảnh thành công. Kích thước tensor: (1, 48, 48, 1)
2026-05-22 16:51:13,921 | INFO     | [473863] 📊 Chi tiết dự đoán: {'ANGRY': 6.38, 'DISGUST': 0.19, 'FEAR': 6.23, 'HAPPY': 31.97, 'NEUTRAL': 11.32, 'SAD': 43.19, 'SURPRISE': 0.71}
2026-05-22 16:51:13,921 | INFO     | [473863] 🎯 KẾT QUẢ CHỐT: SAD (43.19%)
2026-05-22 16:51:13,921 | INFO     | [473863] ⏱️ Thời gian phản hồi: 57.69 ms
2026-05-22 16:51:13,922 | INFO     | [473922] ------------------------------------------
2026-05-22 16:51:13,922 | INFO     | [473922] 📥 NHẬN YÊU CẦU QUÉT KHUÔN MẶT MỚI
2026-05-22 16:51:13,923 | INFO     | [473922] Đã xử lý ảnh thành công. Kích thước tensor: (1, 48, 48, 1)
2026-05-22 16:51:13,979 | INFO     | [473922] 📊 Chi tiết dự đoán: {'ANGRY': 6.93, 'DISGUST': 0.22, 'FEAR': 6.82, 'HAPPY': 27.99, 'NEUTRAL': 13.57, 'SAD': 43.67, 'SURPRISE': 0.8}
2026-05-22 16:51:13,979 | INFO     | [473922] 🎯 KẾT QUẢ CHỐT: SAD (43.67%)
2026-05-22 16:51:13,981 | INFO     | [473922] ⏱️ Thời gian phản hồi: 57.59 ms
2026-05-22 16:51:13,982 | INFO     | [473982] ------------------------------------------
2026-05-22 16:51:13,982 | INFO     | [473982] 📥 NHẬN YÊU CẦU QUÉT KHUÔN MẶT MỚI
2026-05-22 16:51:13,983 | INFO     | [473982] Đã xử lý ảnh thành công. Kích thước tensor: (1, 48, 48, 1)
2026-05-22 16:51:14,039 | INFO     | [473982] 📊 Chi tiết dự đoán: {'ANGRY': 7.2, 'DISGUST': 0.24, 'FEAR': 6.15, 'HAPPY': 39.33, 'NEUTRAL': 11.5, 'SAD': 34.84, 'SURPRISE': 0.73}
2026-05-22 16:51:14,040 | INFO     | [473982] 🎯 KẾT QUẢ CHỐT: HAPPY (39.33%)
2026-05-22 16:51:14,040 | INFO     | [473982] ⏱️ Thời gian phản hồi: 56.83 ms
2026-05-22 16:51:14,042 | INFO     | [474042] ------------------------------------------
2026-05-22 16:51:14,042 | INFO     | [474042] 📥 NHẬN YÊU CẦU QUÉT KHUÔN MẶT MỚI
2026-05-22 16:51:14,043 | INFO     | [474042] Đã xử lý ảnh thành công. Kích thước tensor: (1, 48, 48, 1)
2026-05-22 16:51:14,108 | INFO     | [474042] 📊 Chi tiết dự đoán: {'ANGRY': 6.92, 'DISGUST': 0.22, 'FEAR': 6.09, 'HAPPY': 37.76, 'NEUTRAL': 11.14, 'SAD': 37.0, 'SURPRISE': 0.86}
2026-05-22 16:51:14,108 | INFO     | [474042] 🎯 KẾT QUẢ CHỐT: HAPPY (37.76%)
2026-05-22 16:51:14,108 | INFO     | [474042] ⏱️ Thời gian phản hồi: 65.77 ms
2026-05-22 16:51:14,111 | INFO     | [474111] ------------------------------------------
2026-05-22 16:51:14,111 | INFO     | [474111] 📥 NHẬN YÊU CẦU QUÉT KHUÔN MẶT MỚI
2026-05-22 16:51:14,111 | INFO     | [474111] Đã xử lý ảnh thành công. Kích thước tensor: (1, 48, 48, 1)
2026-05-22 16:51:14,166 | INFO     | [474111] 📊 Chi tiết dự đoán: {'ANGRY': 7.06, 'DISGUST': 0.23, 'FEAR': 7.05, 'HAPPY': 29.02, 'NEUTRAL': 12.77, 'SAD': 42.92, 'SURPRISE': 0.95}
2026-05-22 16:51:14,167 | INFO     | [474111] 🎯 KẾT QUẢ CHỐT: SAD (42.92%)
2026-05-22 16:51:14,167 | INFO     | [474111] ⏱️ Thời gian phản hồi: 55.18 ms
2026-05-22 16:51:14,169 | INFO     | [474169] ------------------------------------------
2026-05-22 16:51:14,169 | INFO     | [474169] 📥 NHẬN YÊU CẦU QUÉT KHUÔN MẶT MỚI
2026-05-22 16:51:14,170 | INFO     | [474169] Đã xử lý ảnh thành công. Kích thước tensor: (1, 48, 48, 1)
2026-05-22 16:51:14,224 | INFO     | [474169] 📊 Chi tiết dự đoán: {'ANGRY': 7.68, 'DISGUST': 0.26, 'FEAR': 6.26, 'HAPPY': 39.25, 'NEUTRAL': 11.78, 'SAD': 33.84, 'SURPRISE': 0.92}
2026-05-22 16:51:14,224 | INFO     | [474169] 🎯 KẾT QUẢ CHỐT: HAPPY (39.25%)
2026-05-22 16:51:14,224 | INFO     | [474169] ⏱️ Thời gian phản hồi: 54.5 ms
2026-05-22 16:51:14,225 | INFO     | [474225] ------------------------------------------
2026-05-22 16:51:14,225 | INFO     | [474225] 📥 NHẬN YÊU CẦU QUÉT KHUÔN MẶT MỚI
2026-05-22 16:51:14,226 | INFO     | [474225] Đã xử lý ảnh thành công. Kích thước tensor: (1, 48, 48, 1)
2026-05-22 16:51:14,275 | INFO     | [474225] 📊 Chi tiết dự đoán: {'ANGRY': 6.85, 'DISGUST': 0.24, 'FEAR': 6.1, 'HAPPY': 42.0, 'NEUTRAL': 13.72, 'SAD': 30.09, 'SURPRISE': 1.01}
2026-05-22 16:51:14,275 | INFO     | [474225] 🎯 KẾT QUẢ CHỐT: HAPPY (42.00%)
2026-05-22 16:51:14,276 | INFO     | [474225] ⏱️ Thời gian phản hồi: 50.16 ms
2026-05-22 16:51:14,277 | INFO     | [474277] ------------------------------------------
2026-05-22 16:51:14,277 | INFO     | [474277] 📥 NHẬN YÊU CẦU QUÉT KHUÔN MẶT MỚI
2026-05-22 16:51:14,278 | INFO     | [474277] Đã xử lý ảnh thành công. Kích thước tensor: (1, 48, 48, 1)
2026-05-22 16:51:14,334 | INFO     | [474277] 📊 Chi tiết dự đoán: {'ANGRY': 6.69, 'DISGUST': 0.21, 'FEAR': 6.14, 'HAPPY': 31.91, 'NEUTRAL': 14.21, 'SAD': 39.98, 'SURPRISE': 0.85}
2026-05-22 16:51:14,334 | INFO     | [474277] 🎯 KẾT QUẢ CHỐT: SAD (39.98%)
2026-05-22 16:51:14,335 | INFO     | [474277] ⏱️ Thời gian phản hồi: 56.32 ms
2026-05-22 16:51:14,336 | INFO     | [474336] ------------------------------------------
2026-05-22 16:51:14,336 | INFO     | [474336] 📥 NHẬN YÊU CẦU QUÉT KHUÔN MẶT MỚI
2026-05-22 16:51:14,337 | INFO     | [474336] Đã xử lý ảnh thành công. Kích thước tensor: (1, 48, 48, 1)
2026-05-22 16:51:14,390 | INFO     | [474336] 📊 Chi tiết dự đoán: {'ANGRY': 7.86, 'DISGUST': 0.27, 'FEAR': 6.24, 'HAPPY': 35.01, 'NEUTRAL': 12.29, 'SAD': 37.46, 'SURPRISE': 0.88}
2026-05-22 16:51:14,390 | INFO     | [474336] 🎯 KẾT QUẢ CHỐT: SAD (37.46%)
2026-05-22 16:51:14,390 | INFO     | [474336] ⏱️ Thời gian phản hồi: 53.16 ms
2026-05-22 16:51:14,392 | INFO     | [474392] ------------------------------------------
2026-05-22 16:51:14,392 | INFO     | [474392] 📥 NHẬN YÊU CẦU QUÉT KHUÔN MẶT MỚI
2026-05-22 16:51:14,392 | INFO     | [474392] Đã xử lý ảnh thành công. Kích thước tensor: (1, 48, 48, 1)
2026-05-22 16:51:14,441 | INFO     | [474392] 📊 Chi tiết dự đoán: {'ANGRY': 7.25, 'DISGUST': 0.25, 'FEAR': 5.11, 'HAPPY': 45.03, 'NEUTRAL': 10.72, 'SAD': 30.92, 'SURPRISE': 0.73}
2026-05-22 16:51:14,441 | INFO     | [474392] 🎯 KẾT QUẢ CHỐT: HAPPY (45.03%)
2026-05-22 16:51:14,441 | INFO     | [474392] ⏱️ Thời gian phản hồi: 49.9 ms
2026-05-22 16:51:14,444 | INFO     | [474444] ------------------------------------------
2026-05-22 16:51:14,444 | INFO     | [474444] 📥 NHẬN YÊU CẦU QUÉT KHUÔN MẶT MỚI
2026-05-22 16:51:14,445 | INFO     | [474444] Đã xử lý ảnh thành công. Kích thước tensor: (1, 48, 48, 1)
2026-05-22 16:51:14,494 | INFO     | [474444] 📊 Chi tiết dự đoán: {'ANGRY': 7.23, 'DISGUST': 0.24, 'FEAR': 6.7, 'HAPPY': 35.99, 'NEUTRAL': 13.25, 'SAD': 35.71, 'SURPRISE': 0.88}
2026-05-22 16:51:14,494 | INFO     | [474444] 🎯 KẾT QUẢ CHỐT: HAPPY (35.99%)
2026-05-22 16:51:14,494 | INFO     | [474444] ⏱️ Thời gian phản hồi: 50.5 ms
2026-05-22 16:51:14,495 | INFO     | [474495] ------------------------------------------
2026-05-22 16:51:14,495 | INFO     | [474495] 📥 NHẬN YÊU CẦU QUÉT KHUÔN MẶT MỚI
2026-05-22 16:51:14,496 | INFO     | [474495] Đã xử lý ảnh thành công. Kích thước tensor: (1, 48, 48, 1)
2026-05-22 16:51:14,549 | INFO     | [474495] 📊 Chi tiết dự đoán: {'ANGRY': 7.1, 'DISGUST': 0.22, 'FEAR': 5.84, 'HAPPY': 39.61, 'NEUTRAL': 12.46, 'SAD': 33.94, 'SURPRISE': 0.84}
2026-05-22 16:51:14,549 | INFO     | [474495] 🎯 KẾT QUẢ CHỐT: HAPPY (39.61%)
2026-05-22 16:51:14,549 | INFO     | [474495] ⏱️ Thời gian phản hồi: 53.61 ms
2026-05-22 16:51:14,551 | INFO     | [474551] ------------------------------------------
2026-05-22 16:51:14,551 | INFO     | [474551] 📥 NHẬN YÊU CẦU QUÉT KHUÔN MẶT MỚI
2026-05-22 16:51:14,552 | INFO     | [474551] Đã xử lý ảnh thành công. Kích thước tensor: (1, 48, 48, 1)
2026-05-22 16:51:14,611 | INFO     | [474551] 📊 Chi tiết dự đoán: {'ANGRY': 7.54, 'DISGUST': 0.24, 'FEAR': 5.91, 'HAPPY': 38.05, 'NEUTRAL': 11.7, 'SAD': 35.75, 'SURPRISE': 0.82}
2026-05-22 16:51:14,611 | INFO     | [474551] 🎯 KẾT QUẢ CHỐT: HAPPY (38.05%)
2026-05-22 16:51:14,612 | INFO     | [474551] ⏱️ Thời gian phản hồi: 59.71 ms
2026-05-22 16:51:14,614 | INFO     | [474614] ------------------------------------------
2026-05-22 16:51:14,614 | INFO     | [474614] 📥 NHẬN YÊU CẦU QUÉT KHUÔN MẶT MỚI
2026-05-22 16:51:14,614 | INFO     | [474614] Đã xử lý ảnh thành công. Kích thước tensor: (1, 48, 48, 1)
2026-05-22 16:51:14,669 | INFO     | [474614] 📊 Chi tiết dự đoán: {'ANGRY': 5.67, 'DISGUST': 0.18, 'FEAR': 5.97, 'HAPPY': 46.93, 'NEUTRAL': 11.66, 'SAD': 28.66, 'SURPRISE': 0.94}
2026-05-22 16:51:14,669 | INFO     | [474614] 🎯 KẾT QUẢ CHỐT: HAPPY (46.93%)
2026-05-22 16:51:14,669 | INFO     | [474614] ⏱️ Thời gian phản hồi: 55.37 ms
2026-05-22 16:51:14,672 | INFO     | [474672] ------------------------------------------
2026-05-22 16:51:14,672 | INFO     | [474672] 📥 NHẬN YÊU CẦU QUÉT KHUÔN MẶT MỚI
2026-05-22 16:51:14,672 | INFO     | [474672] Đã xử lý ảnh thành công. Kích thước tensor: (1, 48, 48, 1)
2026-05-22 16:51:14,728 | INFO     | [474672] 📊 Chi tiết dự đoán: {'ANGRY': 7.28, 'DISGUST': 0.23, 'FEAR': 7.04, 'HAPPY': 27.7, 'NEUTRAL': 12.01, 'SAD': 44.86, 'SURPRISE': 0.88}
2026-05-22 16:51:14,728 | INFO     | [474672] 🎯 KẾT QUẢ CHỐT: SAD (44.86%)
2026-05-22 16:51:14,728 | INFO     | [474672] ⏱️ Thời gian phản hồi: 55.9 ms
2026-05-22 16:51:14,730 | INFO     | [474730] ------------------------------------------
2026-05-22 16:51:14,730 | INFO     | [474730] 📥 NHẬN YÊU CẦU QUÉT KHUÔN MẶT MỚI
2026-05-22 16:51:14,731 | INFO     | [474730] Đã xử lý ảnh thành công. Kích thước tensor: (1, 48, 48, 1)
2026-05-22 16:51:14,788 | INFO     | [474730] 📊 Chi tiết dự đoán: {'ANGRY': 6.19, 'DISGUST': 0.21, 'FEAR': 6.72, 'HAPPY': 47.99, 'NEUTRAL': 9.35, 'SAD': 28.38, 'SURPRISE': 1.17}
2026-05-22 16:51:14,788 | INFO     | [474730] 🎯 KẾT QUẢ CHỐT: HAPPY (47.99%)
2026-05-22 16:51:14,788 | INFO     | [474730] ⏱️ Thời gian phản hồi: 57.38 ms
2026-05-22 16:51:14,789 | INFO     | [474789] ------------------------------------------
2026-05-22 16:51:14,789 | INFO     | [474789] 📥 NHẬN YÊU CẦU QUÉT KHUÔN MẶT MỚI
2026-05-22 16:51:14,790 | INFO     | [474789] Đã xử lý ảnh thành công. Kích thước tensor: (1, 48, 48, 1)
2026-05-22 16:51:14,841 | INFO     | [474789] 📊 Chi tiết dự đoán: {'ANGRY': 4.79, 'DISGUST': 0.15, 'FEAR': 5.61, 'HAPPY': 59.33, 'NEUTRAL': 6.16, 'SAD': 23.09, 'SURPRISE': 0.88}
2026-05-22 16:51:14,841 | INFO     | [474789] 🎯 KẾT QUẢ CHỐT: HAPPY (59.33%)
2026-05-22 16:51:14,841 | INFO     | [474789] ⏱️ Thời gian phản hồi: 52.36 ms
2026-05-22 16:51:14,844 | INFO     | [474844] ------------------------------------------
2026-05-22 16:51:14,844 | INFO     | [474844] 📥 NHẬN YÊU CẦU QUÉT KHUÔN MẶT MỚI
2026-05-22 16:51:14,845 | INFO     | [474844] Đã xử lý ảnh thành công. Kích thước tensor: (1, 48, 48, 1)
2026-05-22 16:51:14,909 | INFO     | [474844] 📊 Chi tiết dự đoán: {'ANGRY': 5.42, 'DISGUST': 0.2, 'FEAR': 5.53, 'HAPPY': 63.17, 'NEUTRAL': 7.19, 'SAD': 17.53, 'SURPRISE': 0.96}
2026-05-22 16:51:14,909 | INFO     | [474844] 🎯 KẾT QUẢ CHỐT: HAPPY (63.17%)
2026-05-22 16:51:14,909 | INFO     | [474844] ⏱️ Thời gian phản hồi: 65.24 ms
2026-05-22 16:51:14,911 | INFO     | [474911] ------------------------------------------
2026-05-22 16:51:14,911 | INFO     | [474911] 📥 NHẬN YÊU CẦU QUÉT KHUÔN MẶT MỚI
2026-05-22 16:51:14,912 | INFO     | [474911] Đã xử lý ảnh thành công. Kích thước tensor: (1, 48, 48, 1)
2026-05-22 16:51:14,974 | INFO     | [474911] 📊 Chi tiết dự đoán: {'ANGRY': 4.71, 'DISGUST': 0.14, 'FEAR': 5.91, 'HAPPY': 59.95, 'NEUTRAL': 8.1, 'SAD': 20.21, 'SURPRISE': 1.0}
2026-05-22 16:51:14,974 | INFO     | [474911] 🎯 KẾT QUẢ CHỐT: HAPPY (59.95%)
2026-05-22 16:51:14,974 | INFO     | [474911] ⏱️ Thời gian phản hồi: 63.03 ms
2026-05-22 16:51:14,975 | INFO     | [474975] ------------------------------------------
2026-05-22 16:51:14,975 | INFO     | [474975] 📥 NHẬN YÊU CẦU QUÉT KHUÔN MẶT MỚI
2026-05-22 16:51:14,976 | INFO     | [474975] Đã xử lý ảnh thành công. Kích thước tensor: (1, 48, 48, 1)
2026-05-22 16:51:15,060 | INFO     | [474975] 📊 Chi tiết dự đoán: {'ANGRY': 2.32, 'DISGUST': 0.02, 'FEAR': 9.11, 'HAPPY': 1.63, 'NEUTRAL': 13.42, 'SAD': 72.29, 'SURPRISE': 1.21}
2026-05-22 16:51:15,060 | INFO     | [474975] 🎯 KẾT QUẢ CHỐT: SAD (72.29%)
2026-05-22 16:51:15,061 | INFO     | [474975] ⏱️ Thời gian phản hồi: 84.47 ms
2026-05-22 16:51:15,064 | INFO     | [475064] ------------------------------------------
2026-05-22 16:51:15,064 | INFO     | [475064] 📥 NHẬN YÊU CẦU QUÉT KHUÔN MẶT MỚI
2026-05-22 16:51:15,066 | INFO     | [475064] Đã xử lý ảnh thành công. Kích thước tensor: (1, 48, 48, 1)
2026-05-22 16:51:15,124 | INFO     | [475064] 📊 Chi tiết dự đoán: {'ANGRY': 2.67, 'DISGUST': 0.03, 'FEAR': 8.06, 'HAPPY': 1.38, 'NEUTRAL': 14.65, 'SAD': 72.03, 'SURPRISE': 1.17}
2026-05-22 16:51:15,124 | INFO     | [475064] 🎯 KẾT QUẢ CHỐT: SAD (72.03%)
2026-05-22 16:51:15,124 | INFO     | [475064] ⏱️ Thời gian phản hồi: 59.75 ms
2026-05-22 16:51:15,126 | INFO     | [475126] ------------------------------------------
2026-05-22 16:51:15,126 | INFO     | [475126] 📥 NHẬN YÊU CẦU QUÉT KHUÔN MẶT MỚI
2026-05-22 16:51:15,127 | INFO     | [475126] Đã xử lý ảnh thành công. Kích thước tensor: (1, 48, 48, 1)
2026-05-22 16:51:15,186 | INFO     | [475126] 📊 Chi tiết dự đoán: {'ANGRY': 2.81, 'DISGUST': 0.03, 'FEAR': 9.17, 'HAPPY': 2.23, 'NEUTRAL': 17.78, 'SAD': 66.42, 'SURPRISE': 1.56}
2026-05-22 16:51:15,186 | INFO     | [475126] 🎯 KẾT QUẢ CHỐT: SAD (66.42%)
2026-05-22 16:51:15,186 | INFO     | [475126] ⏱️ Thời gian phản hồi: 59.72 ms
2026-05-22 16:51:15,188 | INFO     | [475188] ------------------------------------------
2026-05-22 16:51:15,188 | INFO     | [475188] 📥 NHẬN YÊU CẦU QUÉT KHUÔN MẶT MỚI
2026-05-22 16:51:15,189 | INFO     | [475188] Đã xử lý ảnh thành công. Kích thước tensor: (1, 48, 48, 1)
2026-05-22 16:51:15,247 | INFO     | [475188] 📊 Chi tiết dự đoán: {'ANGRY': 2.58, 'DISGUST': 0.03, 'FEAR': 8.73, 'HAPPY': 1.68, 'NEUTRAL': 15.44, 'SAD': 70.36, 'SURPRISE': 1.19}
2026-05-22 16:51:15,247 | INFO     | [475188] 🎯 KẾT QUẢ CHỐT: SAD (70.36%)
2026-05-22 16:51:15,247 | INFO     | [475188] ⏱️ Thời gian phản hồi: 59.05 ms
2026-05-22 16:51:15,250 | INFO     | [475250] ------------------------------------------
2026-05-22 16:51:15,250 | INFO     | [475250] 📥 NHẬN YÊU CẦU QUÉT KHUÔN MẶT MỚI
2026-05-22 16:51:15,251 | INFO     | [475250] Đã xử lý ảnh thành công. Kích thước tensor: (1, 48, 48, 1)
2026-05-22 16:51:15,305 | INFO     | [475250] 📊 Chi tiết dự đoán: {'ANGRY': 2.62, 'DISGUST': 0.03, 'FEAR': 8.99, 'HAPPY': 1.85, 'NEUTRAL': 14.12, 'SAD': 70.97, 'SURPRISE': 1.42}
2026-05-22 16:51:15,305 | INFO     | [475250] 🎯 KẾT QUẢ CHỐT: SAD (70.97%)
2026-05-22 16:51:15,306 | INFO     | [475250] ⏱️ Thời gian phản hồi: 54.97 ms
2026-05-22 16:51:15,326 | INFO     | [BATCH-475325] ==========================================
2026-05-22 16:51:15,326 | INFO     | [BATCH-475325] 🎞️ NHẬN CHUỖI 60 KHUNG HÌNH (BATCH)
2026-05-22 16:51:15,380 | INFO     | [BATCH-475325] ↳ Frame 1/60: HAPPY (42.2%)
2026-05-22 16:51:15,435 | INFO     | [BATCH-475325] ↳ Frame 2/60: HAPPY (43.5%)
2026-05-22 16:51:15,497 | INFO     | [BATCH-475325] ↳ Frame 3/60: SAD (34.9%)
2026-05-22 16:51:15,556 | INFO     | [BATCH-475325] ↳ Frame 4/60: HAPPY (44.0%)
2026-05-22 16:51:15,607 | INFO     | [BATCH-475325] ↳ Frame 5/60: HAPPY (66.3%)
2026-05-22 16:51:15,662 | INFO     | [BATCH-475325] ↳ Frame 6/60: HAPPY (64.1%)
2026-05-22 16:51:15,727 | INFO     | [BATCH-475325] ↳ Frame 7/60: HAPPY (49.4%)
2026-05-22 16:51:15,801 | INFO     | [BATCH-475325] ↳ Frame 8/60: HAPPY (44.6%)
2026-05-22 16:51:15,860 | INFO     | [BATCH-475325] ↳ Frame 9/60: HAPPY (44.4%)
2026-05-22 16:51:15,916 | INFO     | [BATCH-475325] ↳ Frame 10/60: HAPPY (61.2%)
2026-05-22 16:51:15,976 | INFO     | [BATCH-475325] ↳ Frame 11/60: HAPPY (60.6%)
2026-05-22 16:51:16,026 | INFO     | [BATCH-475325] ↳ Frame 12/60: HAPPY (59.0%)
2026-05-22 16:51:16,083 | INFO     | [BATCH-475325] ↳ Frame 13/60: HAPPY (45.1%)
2026-05-22 16:51:16,135 | INFO     | [BATCH-475325] ↳ Frame 14/60: HAPPY (71.2%)
2026-05-22 16:51:16,191 | INFO     | [BATCH-475325] ↳ Frame 15/60: HAPPY (68.2%)
2026-05-22 16:51:16,244 | INFO     | [BATCH-475325] ↳ Frame 16/60: HAPPY (67.6%)
2026-05-22 16:51:16,300 | INFO     | [BATCH-475325] ↳ Frame 17/60: HAPPY (54.0%)
2026-05-22 16:51:16,351 | INFO     | [BATCH-475325] ↳ Frame 18/60: HAPPY (52.2%)
2026-05-22 16:51:16,404 | INFO     | [BATCH-475325] ↳ Frame 19/60: HAPPY (52.3%)
2026-05-22 16:51:16,456 | INFO     | [BATCH-475325] ↳ Frame 20/60: HAPPY (48.4%)
2026-05-22 16:51:16,508 | INFO     | [BATCH-475325] ↳ Frame 21/60: HAPPY (56.8%)
2026-05-22 16:51:16,563 | INFO     | [BATCH-475325] ↳ Frame 22/60: HAPPY (57.8%)
2026-05-22 16:51:16,614 | INFO     | [BATCH-475325] ↳ Frame 23/60: HAPPY (59.5%)
2026-05-22 16:51:16,668 | INFO     | [BATCH-475325] ↳ Frame 24/60: HAPPY (66.5%)
2026-05-22 16:51:16,726 | INFO     | [BATCH-475325] ↳ Frame 25/60: HAPPY (66.7%)
2026-05-22 16:51:16,785 | INFO     | [BATCH-475325] ↳ Frame 26/60: HAPPY (69.8%)
2026-05-22 16:51:16,848 | INFO     | [BATCH-475325] ↳ Frame 27/60: HAPPY (58.1%)
2026-05-22 16:51:16,910 | INFO     | [BATCH-475325] ↳ Frame 28/60: HAPPY (53.6%)
2026-05-22 16:51:16,973 | INFO     | [BATCH-475325] ↳ Frame 29/60: HAPPY (45.8%)
2026-05-22 16:51:17,030 | INFO     | [BATCH-475325] ↳ Frame 30/60: HAPPY (39.9%)
2026-05-22 16:51:17,086 | INFO     | [BATCH-475325] ↳ Frame 31/60: HAPPY (54.3%)
2026-05-22 16:51:17,149 | INFO     | [BATCH-475325] ↳ Frame 32/60: HAPPY (51.0%)
2026-05-22 16:51:17,210 | INFO     | [BATCH-475325] ↳ Frame 33/60: HAPPY (55.3%)
2026-05-22 16:51:17,264 | INFO     | [BATCH-475325] ↳ Frame 34/60: HAPPY (39.4%)
2026-05-22 16:51:17,316 | INFO     | [BATCH-475325] ↳ Frame 35/60: HAPPY (48.3%)
2026-05-22 16:51:17,380 | INFO     | [BATCH-475325] ↳ Frame 36/60: HAPPY (46.4%)
2026-05-22 16:51:17,434 | INFO     | [BATCH-475325] ↳ Frame 37/60: HAPPY (42.3%)
2026-05-22 16:51:17,503 | INFO     | [BATCH-475325] ↳ Frame 38/60: SAD (38.7%)
2026-05-22 16:51:17,559 | INFO     | [BATCH-475325] ↳ Frame 39/60: HAPPY (39.0%)
2026-05-22 16:51:17,616 | INFO     | [BATCH-475325] ↳ Frame 40/60: SAD (42.2%)
2026-05-22 16:51:17,669 | INFO     | [BATCH-475325] ↳ Frame 41/60: SAD (45.2%)
2026-05-22 16:51:17,727 | INFO     | [BATCH-475325] ↳ Frame 42/60: HAPPY (38.8%)
2026-05-22 16:51:17,777 | INFO     | [BATCH-475325] ↳ Frame 43/60: SAD (63.3%)
2026-05-22 16:51:17,831 | INFO     | [BATCH-475325] ↳ Frame 44/60: SAD (73.4%)
2026-05-22 16:51:17,895 | INFO     | [BATCH-475325] ↳ Frame 45/60: SAD (73.7%)
2026-05-22 16:51:17,954 | INFO     | [BATCH-475325] ↳ Frame 46/60: SAD (72.2%)
2026-05-22 16:51:18,007 | INFO     | [BATCH-475325] ↳ Frame 47/60: SAD (74.9%)
2026-05-22 16:51:18,067 | INFO     | [BATCH-475325] ↳ Frame 48/60: SAD (68.8%)
2026-05-22 16:51:18,124 | INFO     | [BATCH-475325] ↳ Frame 49/60: SAD (70.6%)
2026-05-22 16:51:18,184 | INFO     | [BATCH-475325] ↳ Frame 50/60: SAD (71.7%)
2026-05-22 16:51:18,238 | INFO     | [BATCH-475325] ↳ Frame 51/60: SAD (70.8%)
2026-05-22 16:51:18,291 | INFO     | [BATCH-475325] ↳ Frame 52/60: SAD (70.5%)
2026-05-22 16:51:18,343 | INFO     | [BATCH-475325] ↳ Frame 53/60: SAD (73.0%)
2026-05-22 16:51:18,397 | INFO     | [BATCH-475325] ↳ Frame 54/60: SAD (72.6%)
2026-05-22 16:51:18,453 | INFO     | [BATCH-475325] ↳ Frame 55/60: SAD (69.4%)
2026-05-22 16:51:18,503 | INFO     | [BATCH-475325] ↳ Frame 56/60: SAD (69.3%)
2026-05-22 16:51:18,557 | INFO     | [BATCH-475325] ↳ Frame 57/60: SAD (71.7%)
2026-05-22 16:51:18,608 | INFO     | [BATCH-475325] ↳ Frame 58/60: SAD (73.1%)
2026-05-22 16:51:18,658 | INFO     | [BATCH-475325] ↳ Frame 59/60: SAD (69.5%)
2026-05-22 16:51:18,711 | INFO     | [BATCH-475325] ↳ Frame 60/60: SAD (73.7%)
2026-05-22 16:51:18,714 | INFO     | [BATCH-475325] 🎯 KẾT QUẢ CHUỖI: HAPPY (Tần suất: {'HAPPY': 38, 'SAD': 22})
2026-05-22 16:51:18,714 | INFO     | [BATCH-475325] ⏱️ Tổng thời gian xử lý: 3388.55 ms
2026-05-22 16:51:22,522 | INFO     | [482522] ------------------------------------------
2026-05-22 16:51:22,522 | INFO     | [482522] 📥 NHẬN YÊU CẦU QUÉT KHUÔN MẶT MỚI
2026-05-22 16:51:22,523 | INFO     | [482522] Đã xử lý ảnh thành công. Kích thước tensor: (1, 48, 48, 1)
2026-05-22 16:51:22,577 | INFO     | [482522] 📊 Chi tiết dự đoán: {'ANGRY': 4.81, 'DISGUST': 0.26, 'FEAR': 4.32, 'HAPPY': 58.44, 'NEUTRAL': 8.23, 'SAD': 23.03, 'SURPRISE': 0.91}
2026-05-22 16:51:22,578 | INFO     | [482522] 🎯 KẾT QUẢ CHỐT: HAPPY (58.44%)
2026-05-22 16:51:22,578 | INFO     | [482522] ⏱️ Thời gian phản hồi: 54.52 ms
2026-05-22 16:51:22,630 | INFO     | [482630] ------------------------------------------
2026-05-22 16:51:22,630 | INFO     | [482630] 📥 NHẬN YÊU CẦU QUÉT KHUÔN MẶT MỚI
2026-05-22 16:51:22,631 | INFO     | [482630] Đã xử lý ảnh thành công. Kích thước tensor: (1, 48, 48, 1)
2026-05-22 16:51:22,679 | INFO     | [482630] 📊 Chi tiết dự đoán: {'ANGRY': 4.44, 'DISGUST': 0.17, 'FEAR': 5.85, 'HAPPY': 42.07, 'NEUTRAL': 13.4, 'SAD': 32.6, 'SURPRISE': 1.48}
2026-05-22 16:51:22,680 | INFO     | [482630] 🎯 KẾT QUẢ CHỐT: HAPPY (42.07%)
2026-05-22 16:51:22,680 | INFO     | [482630] ⏱️ Thời gian phản hồi: 49.06 ms
2026-05-22 16:51:22,722 | INFO     | [482722] ------------------------------------------
2026-05-22 16:51:22,722 | INFO     | [482722] 📥 NHẬN YÊU CẦU QUÉT KHUÔN MẶT MỚI
2026-05-22 16:51:22,723 | INFO     | [482722] Đã xử lý ảnh thành công. Kích thước tensor: (1, 48, 48, 1)
2026-05-22 16:51:22,777 | INFO     | [482722] 📊 Chi tiết dự đoán: {'ANGRY': 6.13, 'DISGUST': 0.28, 'FEAR': 6.5, 'HAPPY': 34.44, 'NEUTRAL': 14.85, 'SAD': 36.34, 'SURPRISE': 1.46}
2026-05-22 16:51:22,778 | INFO     | [482722] 🎯 KẾT QUẢ CHỐT: SAD (36.34%)
2026-05-22 16:51:22,778 | INFO     | [482722] ⏱️ Thời gian phản hồi: 55.26 ms
2026-05-22 16:51:22,819 | INFO     | [482819] ------------------------------------------
2026-05-22 16:51:22,819 | INFO     | [482819] 📥 NHẬN YÊU CẦU QUÉT KHUÔN MẶT MỚI
2026-05-22 16:51:22,820 | INFO     | [482819] Đã xử lý ảnh thành công. Kích thước tensor: (1, 48, 48, 1)
2026-05-22 16:51:22,879 | INFO     | [482819] 📊 Chi tiết dự đoán: {'ANGRY': 5.5, 'DISGUST': 0.27, 'FEAR': 7.91, 'HAPPY': 18.62, 'NEUTRAL': 16.87, 'SAD': 49.18, 'SURPRISE': 1.66}
2026-05-22 16:51:22,879 | INFO     | [482819] 🎯 KẾT QUẢ CHỐT: SAD (49.18%)
2026-05-22 16:51:22,879 | INFO     | [482819] ⏱️ Thời gian phản hồi: 60.1 ms
2026-05-22 16:51:23,142 | INFO     | [483142] ------------------------------------------
2026-05-22 16:51:23,142 | INFO     | [483142] 📥 NHẬN YÊU CẦU QUÉT KHUÔN MẶT MỚI
2026-05-22 16:51:23,142 | INFO     | [483142] Đã xử lý ảnh thành công. Kích thước tensor: (1, 48, 48, 1)
2026-05-22 16:51:23,199 | INFO     | [483142] 📊 Chi tiết dự đoán: {'ANGRY': 5.38, 'DISGUST': 0.24, 'FEAR': 8.01, 'HAPPY': 14.71, 'NEUTRAL': 12.36, 'SAD': 57.88, 'SURPRISE': 1.43}
2026-05-22 16:51:23,199 | INFO     | [483142] 🎯 KẾT QUẢ CHỐT: SAD (57.88%)
2026-05-22 16:51:23,199 | INFO     | [483142] ⏱️ Thời gian phản hồi: 57.09 ms
2026-05-22 16:51:23,222 | INFO     | [483222] ------------------------------------------
2026-05-22 16:51:23,222 | INFO     | [483222] 📥 NHẬN YÊU CẦU QUÉT KHUÔN MẶT MỚI
2026-05-22 16:51:23,223 | INFO     | [483222] Đã xử lý ảnh thành công. Kích thước tensor: (1, 48, 48, 1)
2026-05-22 16:51:23,275 | INFO     | [483222] 📊 Chi tiết dự đoán: {'ANGRY': 6.7, 'DISGUST': 0.31, 'FEAR': 7.89, 'HAPPY': 20.83, 'NEUTRAL': 10.43, 'SAD': 52.39, 'SURPRISE': 1.45}
2026-05-22 16:51:23,276 | INFO     | [483222] 🎯 KẾT QUẢ CHỐT: SAD (52.39%)
2026-05-22 16:51:23,276 | INFO     | [483222] ⏱️ Thời gian phản hồi: 53.5 ms
2026-05-22 16:51:23,315 | INFO     | [483315] ------------------------------------------
2026-05-22 16:51:23,315 | INFO     | [483315] 📥 NHẬN YÊU CẦU QUÉT KHUÔN MẶT MỚI
2026-05-22 16:51:23,317 | INFO     | [483315] Đã xử lý ảnh thành công. Kích thước tensor: (1, 48, 48, 1)
2026-05-22 16:51:23,369 | INFO     | [483315] 📊 Chi tiết dự đoán: {'ANGRY': 6.71, 'DISGUST': 0.27, 'FEAR': 7.64, 'HAPPY': 23.96, 'NEUTRAL': 10.24, 'SAD': 49.38, 'SURPRISE': 1.79}
2026-05-22 16:51:23,369 | INFO     | [483315] 🎯 KẾT QUẢ CHỐT: SAD (49.38%)
2026-05-22 16:51:23,371 | INFO     | [483315] ⏱️ Thời gian phản hồi: 53.6 ms
2026-05-22 16:51:23,424 | INFO     | [483424] ------------------------------------------
2026-05-22 16:51:23,425 | INFO     | [483424] 📥 NHẬN YÊU CẦU QUÉT KHUÔN MẶT MỚI
2026-05-22 16:51:23,425 | INFO     | [483424] Đã xử lý ảnh thành công. Kích thước tensor: (1, 48, 48, 1)
2026-05-22 16:51:23,483 | INFO     | [483424] 📊 Chi tiết dự đoán: {'ANGRY': 7.1, 'DISGUST': 0.28, 'FEAR': 6.66, 'HAPPY': 41.16, 'NEUTRAL': 10.34, 'SAD': 33.16, 'SURPRISE': 1.31}
2026-05-22 16:51:23,483 | INFO     | [483424] 🎯 KẾT QUẢ CHỐT: HAPPY (41.16%)
2026-05-22 16:51:23,483 | INFO     | [483424] ⏱️ Thời gian phản hồi: 58.52 ms
2026-05-22 16:51:23,519 | INFO     | [483519] ------------------------------------------
2026-05-22 16:51:23,520 | INFO     | [483519] 📥 NHẬN YÊU CẦU QUÉT KHUÔN MẶT MỚI
2026-05-22 16:51:23,520 | INFO     | [483519] Đã xử lý ảnh thành công. Kích thước tensor: (1, 48, 48, 1)
2026-05-22 16:51:23,573 | INFO     | [483519] 📊 Chi tiết dự đoán: {'ANGRY': 6.01, 'DISGUST': 0.22, 'FEAR': 7.6, 'HAPPY': 36.21, 'NEUTRAL': 8.05, 'SAD': 40.19, 'SURPRISE': 1.73}
2026-05-22 16:51:23,573 | INFO     | [483519] 🎯 KẾT QUẢ CHỐT: SAD (40.19%)
2026-05-22 16:51:23,574 | INFO     | [483519] ⏱️ Thời gian phản hồi: 54.64 ms
2026-05-22 16:51:23,612 | INFO     | [483612] ------------------------------------------
2026-05-22 16:51:23,612 | INFO     | [483612] 📥 NHẬN YÊU CẦU QUÉT KHUÔN MẶT MỚI
2026-05-22 16:51:23,612 | INFO     | [483612] Đã xử lý ảnh thành công. Kích thước tensor: (1, 48, 48, 1)
2026-05-22 16:51:23,665 | INFO     | [483612] 📊 Chi tiết dự đoán: {'ANGRY': 6.69, 'DISGUST': 0.27, 'FEAR': 6.41, 'HAPPY': 48.61, 'NEUTRAL': 8.1, 'SAD': 28.77, 'SURPRISE': 1.15}
2026-05-22 16:51:23,666 | INFO     | [483612] 🎯 KẾT QUẢ CHỐT: HAPPY (48.61%)
2026-05-22 16:51:23,666 | INFO     | [483612] ⏱️ Thời gian phản hồi: 52.93 ms
2026-05-22 16:51:23,720 | INFO     | [483720] ------------------------------------------
2026-05-22 16:51:23,721 | INFO     | [483720] 📥 NHẬN YÊU CẦU QUÉT KHUÔN MẶT MỚI
2026-05-22 16:51:23,721 | INFO     | [483720] Đã xử lý ảnh thành công. Kích thước tensor: (1, 48, 48, 1)
2026-05-22 16:51:23,783 | INFO     | [483720] 📊 Chi tiết dự đoán: {'ANGRY': 6.12, 'DISGUST': 0.23, 'FEAR': 8.98, 'HAPPY': 28.38, 'NEUTRAL': 8.67, 'SAD': 45.19, 'SURPRISE': 2.42}
2026-05-22 16:51:23,784 | INFO     | [483720] 🎯 KẾT QUẢ CHỐT: SAD (45.19%)
2026-05-22 16:51:23,784 | INFO     | [483720] ⏱️ Thời gian phản hồi: 62.6 ms
2026-05-22 16:51:23,818 | INFO     | [483818] ------------------------------------------
2026-05-22 16:51:23,818 | INFO     | [483818] 📥 NHẬN YÊU CẦU QUÉT KHUÔN MẶT MỚI
2026-05-22 16:51:23,820 | INFO     | [483818] Đã xử lý ảnh thành công. Kích thước tensor: (1, 48, 48, 1)
2026-05-22 16:51:23,874 | INFO     | [483818] 📊 Chi tiết dự đoán: {'ANGRY': 5.38, 'DISGUST': 0.2, 'FEAR': 8.22, 'HAPPY': 25.7, 'NEUTRAL': 8.96, 'SAD': 49.95, 'SURPRISE': 1.6}
2026-05-22 16:51:23,874 | INFO     | [483818] 🎯 KẾT QUẢ CHỐT: SAD (49.95%)
2026-05-22 16:51:23,874 | INFO     | [483818] ⏱️ Thời gian phản hồi: 55.69 ms
2026-05-22 16:51:23,923 | INFO     | [483923] ------------------------------------------
2026-05-22 16:51:23,923 | INFO     | [483923] 📥 NHẬN YÊU CẦU QUÉT KHUÔN MẶT MỚI
2026-05-22 16:51:23,924 | INFO     | [483923] Đã xử lý ảnh thành công. Kích thước tensor: (1, 48, 48, 1)
2026-05-22 16:51:23,984 | INFO     | [483923] 📊 Chi tiết dự đoán: {'ANGRY': 6.54, 'DISGUST': 0.29, 'FEAR': 7.65, 'HAPPY': 39.91, 'NEUTRAL': 8.74, 'SAD': 35.21, 'SURPRISE': 1.65}
2026-05-22 16:51:23,984 | INFO     | [483923] 🎯 KẾT QUẢ CHỐT: HAPPY (39.91%)
2026-05-22 16:51:23,984 | INFO     | [483923] ⏱️ Thời gian phản hồi: 60.2 ms
2026-05-22 16:51:24,022 | INFO     | [484022] ------------------------------------------
2026-05-22 16:51:24,023 | INFO     | [484022] 📥 NHẬN YÊU CẦU QUÉT KHUÔN MẶT MỚI
2026-05-22 16:51:24,023 | INFO     | [484022] Đã xử lý ảnh thành công. Kích thước tensor: (1, 48, 48, 1)
2026-05-22 16:51:24,079 | INFO     | [484022] 📊 Chi tiết dự đoán: {'ANGRY': 6.09, 'DISGUST': 0.22, 'FEAR': 7.65, 'HAPPY': 39.96, 'NEUTRAL': 7.48, 'SAD': 37.17, 'SURPRISE': 1.44}
2026-05-22 16:51:24,079 | INFO     | [484022] 🎯 KẾT QUẢ CHỐT: HAPPY (39.96%)
2026-05-22 16:51:24,079 | INFO     | [484022] ⏱️ Thời gian phản hồi: 57.52 ms
2026-05-22 16:51:24,124 | INFO     | [484124] ------------------------------------------
2026-05-22 16:51:24,125 | INFO     | [484124] 📥 NHẬN YÊU CẦU QUÉT KHUÔN MẶT MỚI
2026-05-22 16:51:24,126 | INFO     | [484124] Đã xử lý ảnh thành công. Kích thước tensor: (1, 48, 48, 1)
2026-05-22 16:51:24,184 | INFO     | [484124] 📊 Chi tiết dự đoán: {'ANGRY': 6.26, 'DISGUST': 0.23, 'FEAR': 8.59, 'HAPPY': 31.65, 'NEUTRAL': 9.32, 'SAD': 41.61, 'SURPRISE': 2.35}
2026-05-22 16:51:24,184 | INFO     | [484124] 🎯 KẾT QUẢ CHỐT: SAD (41.61%)
2026-05-22 16:51:24,184 | INFO     | [484124] ⏱️ Thời gian phản hồi: 59.57 ms
2026-05-22 16:51:24,222 | INFO     | [484222] ------------------------------------------
2026-05-22 16:51:24,223 | INFO     | [484222] 📥 NHẬN YÊU CẦU QUÉT KHUÔN MẶT MỚI
2026-05-22 16:51:24,223 | INFO     | [484222] Đã xử lý ảnh thành công. Kích thước tensor: (1, 48, 48, 1)
2026-05-22 16:51:24,283 | INFO     | [484222] 📊 Chi tiết dự đoán: {'ANGRY': 5.69, 'DISGUST': 0.23, 'FEAR': 7.59, 'HAPPY': 39.28, 'NEUTRAL': 9.85, 'SAD': 35.69, 'SURPRISE': 1.68}
2026-05-22 16:51:24,284 | INFO     | [484222] 🎯 KẾT QUẢ CHỐT: HAPPY (39.28%)
2026-05-22 16:51:24,284 | INFO     | [484222] ⏱️ Thời gian phản hồi: 61.26 ms
2026-05-22 16:51:24,327 | INFO     | [484327] ------------------------------------------
2026-05-22 16:51:24,327 | INFO     | [484327] 📥 NHẬN YÊU CẦU QUÉT KHUÔN MẶT MỚI
2026-05-22 16:51:24,327 | INFO     | [484327] Đã xử lý ảnh thành công. Kích thước tensor: (1, 48, 48, 1)
2026-05-22 16:51:24,386 | INFO     | [484327] 📊 Chi tiết dự đoán: {'ANGRY': 5.85, 'DISGUST': 0.22, 'FEAR': 7.21, 'HAPPY': 41.7, 'NEUTRAL': 9.35, 'SAD': 34.33, 'SURPRISE': 1.34}
2026-05-22 16:51:24,387 | INFO     | [484327] 🎯 KẾT QUẢ CHỐT: HAPPY (41.70%)
2026-05-22 16:51:24,387 | INFO     | [484327] ⏱️ Thời gian phản hồi: 59.52 ms
2026-05-22 16:51:24,434 | INFO     | [484434] ------------------------------------------
2026-05-22 16:51:24,434 | INFO     | [484434] 📥 NHẬN YÊU CẦU QUÉT KHUÔN MẶT MỚI
2026-05-22 16:51:24,434 | INFO     | [484434] Đã xử lý ảnh thành công. Kích thước tensor: (1, 48, 48, 1)
2026-05-22 16:51:24,490 | INFO     | [484434] 📊 Chi tiết dự đoán: {'ANGRY': 4.87, 'DISGUST': 0.18, 'FEAR': 6.33, 'HAPPY': 51.8, 'NEUTRAL': 7.56, 'SAD': 27.86, 'SURPRISE': 1.39}
2026-05-22 16:51:24,491 | INFO     | [484434] 🎯 KẾT QUẢ CHỐT: HAPPY (51.80%)
2026-05-22 16:51:24,491 | INFO     | [484434] ⏱️ Thời gian phản hồi: 56.4 ms
2026-05-22 16:51:24,524 | INFO     | [484524] ------------------------------------------
2026-05-22 16:51:24,524 | INFO     | [484524] 📥 NHẬN YÊU CẦU QUÉT KHUÔN MẶT MỚI
2026-05-22 16:51:24,525 | INFO     | [484524] Đã xử lý ảnh thành công. Kích thước tensor: (1, 48, 48, 1)
2026-05-22 16:51:24,578 | INFO     | [484524] 📊 Chi tiết dự đoán: {'ANGRY': 5.33, 'DISGUST': 0.19, 'FEAR': 8.68, 'HAPPY': 35.9, 'NEUTRAL': 9.94, 'SAD': 37.69, 'SURPRISE': 2.27}
2026-05-22 16:51:24,579 | INFO     | [484524] 🎯 KẾT QUẢ CHỐT: SAD (37.69%)
2026-05-22 16:51:24,579 | INFO     | [484524] ⏱️ Thời gian phản hồi: 53.7 ms
2026-05-22 16:51:24,617 | INFO     | [484617] ------------------------------------------
2026-05-22 16:51:24,618 | INFO     | [484617] 📥 NHẬN YÊU CẦU QUÉT KHUÔN MẶT MỚI
2026-05-22 16:51:24,619 | INFO     | [484617] Đã xử lý ảnh thành công. Kích thước tensor: (1, 48, 48, 1)
2026-05-22 16:51:24,674 | INFO     | [484617] 📊 Chi tiết dự đoán: {'ANGRY': 7.67, 'DISGUST': 0.29, 'FEAR': 7.83, 'HAPPY': 46.72, 'NEUTRAL': 6.94, 'SAD': 28.94, 'SURPRISE': 1.61}
2026-05-22 16:51:24,675 | INFO     | [484617] 🎯 KẾT QUẢ CHỐT: HAPPY (46.72%)
2026-05-22 16:51:24,675 | INFO     | [484617] ⏱️ Thời gian phản hồi: 57.38 ms
2026-05-22 16:51:24,726 | INFO     | [484726] ------------------------------------------
2026-05-22 16:51:24,726 | INFO     | [484726] 📥 NHẬN YÊU CẦU QUÉT KHUÔN MẶT MỚI
2026-05-22 16:51:24,726 | INFO     | [484726] Đã xử lý ảnh thành công. Kích thước tensor: (1, 48, 48, 1)
2026-05-22 16:51:24,779 | INFO     | [484726] 📊 Chi tiết dự đoán: {'ANGRY': 6.19, 'DISGUST': 0.18, 'FEAR': 7.35, 'HAPPY': 44.41, 'NEUTRAL': 7.07, 'SAD': 33.18, 'SURPRISE': 1.62}
2026-05-22 16:51:24,779 | INFO     | [484726] 🎯 KẾT QUẢ CHỐT: HAPPY (44.41%)
2026-05-22 16:51:24,779 | INFO     | [484726] ⏱️ Thời gian phản hồi: 53.51 ms
2026-05-22 16:51:24,819 | INFO     | [484818] ------------------------------------------
2026-05-22 16:51:24,819 | INFO     | [484818] 📥 NHẬN YÊU CẦU QUÉT KHUÔN MẶT MỚI
2026-05-22 16:51:24,819 | INFO     | [484818] Đã xử lý ảnh thành công. Kích thước tensor: (1, 48, 48, 1)
2026-05-22 16:51:24,878 | INFO     | [484818] 📊 Chi tiết dự đoán: {'ANGRY': 6.21, 'DISGUST': 0.2, 'FEAR': 6.82, 'HAPPY': 52.15, 'NEUTRAL': 8.63, 'SAD': 24.54, 'SURPRISE': 1.45}
2026-05-22 16:51:24,878 | INFO     | [484818] 🎯 KẾT QUẢ CHỐT: HAPPY (52.15%)
2026-05-22 16:51:24,879 | INFO     | [484818] ⏱️ Thời gian phản hồi: 60.74 ms
2026-05-22 16:51:24,927 | INFO     | [484927] ------------------------------------------
2026-05-22 16:51:24,927 | INFO     | [484927] 📥 NHẬN YÊU CẦU QUÉT KHUÔN MẶT MỚI
2026-05-22 16:51:24,928 | INFO     | [484927] Đã xử lý ảnh thành công. Kích thước tensor: (1, 48, 48, 1)
2026-05-22 16:51:24,989 | INFO     | [484927] 📊 Chi tiết dự đoán: {'ANGRY': 5.87, 'DISGUST': 0.2, 'FEAR': 7.99, 'HAPPY': 31.91, 'NEUTRAL': 9.61, 'SAD': 43.02, 'SURPRISE': 1.39}
2026-05-22 16:51:24,990 | INFO     | [484927] 🎯 KẾT QUẢ CHỐT: SAD (43.02%)
2026-05-22 16:51:24,990 | INFO     | [484927] ⏱️ Thời gian phản hồi: 62.34 ms
2026-05-22 16:51:25,021 | INFO     | [485021] ------------------------------------------
2026-05-22 16:51:25,022 | INFO     | [485021] 📥 NHẬN YÊU CẦU QUÉT KHUÔN MẶT MỚI
2026-05-22 16:51:25,022 | INFO     | [485021] Đã xử lý ảnh thành công. Kích thước tensor: (1, 48, 48, 1)
2026-05-22 16:51:25,085 | INFO     | [485021] 📊 Chi tiết dự đoán: {'ANGRY': 6.52, 'DISGUST': 0.23, 'FEAR': 6.85, 'HAPPY': 48.2, 'NEUTRAL': 8.35, 'SAD': 28.76, 'SURPRISE': 1.11}
2026-05-22 16:51:25,085 | INFO     | [485021] 🎯 KẾT QUẢ CHỐT: HAPPY (48.20%)
2026-05-22 16:51:25,085 | INFO     | [485021] ⏱️ Thời gian phản hồi: 63.61 ms
2026-05-22 16:51:25,131 | INFO     | [485131] ------------------------------------------
2026-05-22 16:51:25,131 | INFO     | [485131] 📥 NHẬN YÊU CẦU QUÉT KHUÔN MẶT MỚI
2026-05-22 16:51:25,132 | INFO     | [485131] Đã xử lý ảnh thành công. Kích thước tensor: (1, 48, 48, 1)
2026-05-22 16:51:25,190 | INFO     | [485131] 📊 Chi tiết dự đoán: {'ANGRY': 6.08, 'DISGUST': 0.23, 'FEAR': 7.21, 'HAPPY': 39.1, 'NEUTRAL': 10.56, 'SAD': 35.34, 'SURPRISE': 1.48}
2026-05-22 16:51:25,190 | INFO     | [485131] 🎯 KẾT QUẢ CHỐT: HAPPY (39.10%)
2026-05-22 16:51:25,190 | INFO     | [485131] ⏱️ Thời gian phản hồi: 58.8 ms
2026-05-22 16:51:25,224 | INFO     | [485224] ------------------------------------------
2026-05-22 16:51:25,225 | INFO     | [485224] 📥 NHẬN YÊU CẦU QUÉT KHUÔN MẶT MỚI
2026-05-22 16:51:25,225 | INFO     | [485224] Đã xử lý ảnh thành công. Kích thước tensor: (1, 48, 48, 1)
2026-05-22 16:51:25,285 | INFO     | [485224] 📊 Chi tiết dự đoán: {'ANGRY': 5.29, 'DISGUST': 0.22, 'FEAR': 6.44, 'HAPPY': 57.11, 'NEUTRAL': 6.06, 'SAD': 23.21, 'SURPRISE': 1.67}
2026-05-22 16:51:25,286 | INFO     | [485224] 🎯 KẾT QUẢ CHỐT: HAPPY (57.11%)
2026-05-22 16:51:25,286 | INFO     | [485224] ⏱️ Thời gian phản hồi: 61.47 ms
2026-05-22 16:51:25,331 | INFO     | [485331] ------------------------------------------
2026-05-22 16:51:25,333 | INFO     | [485331] 📥 NHẬN YÊU CẦU QUÉT KHUÔN MẶT MỚI
2026-05-22 16:51:25,333 | INFO     | [485331] Đã xử lý ảnh thành công. Kích thước tensor: (1, 48, 48, 1)
2026-05-22 16:51:25,386 | INFO     | [485331] 📊 Chi tiết dự đoán: {'ANGRY': 5.32, 'DISGUST': 0.22, 'FEAR': 7.32, 'HAPPY': 48.21, 'NEUTRAL': 8.05, 'SAD': 28.82, 'SURPRISE': 2.06}
2026-05-22 16:51:25,387 | INFO     | [485331] 🎯 KẾT QUẢ CHỐT: HAPPY (48.21%)
2026-05-22 16:51:25,387 | INFO     | [485331] ⏱️ Thời gian phản hồi: 54.92 ms
2026-05-22 16:51:25,426 | INFO     | [485426] ------------------------------------------
2026-05-22 16:51:25,426 | INFO     | [485426] 📥 NHẬN YÊU CẦU QUÉT KHUÔN MẶT MỚI
2026-05-22 16:51:25,427 | INFO     | [485426] Đã xử lý ảnh thành công. Kích thước tensor: (1, 48, 48, 1)
2026-05-22 16:51:25,486 | INFO     | [485426] 📊 Chi tiết dự đoán: {'ANGRY': 5.0, 'DISGUST': 0.23, 'FEAR': 6.74, 'HAPPY': 53.65, 'NEUTRAL': 6.93, 'SAD': 25.63, 'SURPRISE': 1.82}
2026-05-22 16:51:25,487 | INFO     | [485426] 🎯 KẾT QUẢ CHỐT: HAPPY (53.65%)
2026-05-22 16:51:25,487 | INFO     | [485426] ⏱️ Thời gian phản hồi: 60.42 ms
2026-05-22 16:51:25,535 | INFO     | [485535] ------------------------------------------
2026-05-22 16:51:25,535 | INFO     | [485535] 📥 NHẬN YÊU CẦU QUÉT KHUÔN MẶT MỚI
2026-05-22 16:51:25,536 | INFO     | [485535] Đã xử lý ảnh thành công. Kích thước tensor: (1, 48, 48, 1)
2026-05-22 16:51:25,593 | INFO     | [485535] 📊 Chi tiết dự đoán: {'ANGRY': 6.15, 'DISGUST': 0.25, 'FEAR': 8.01, 'HAPPY': 42.1, 'NEUTRAL': 8.59, 'SAD': 32.52, 'SURPRISE': 2.37}
2026-05-22 16:51:25,593 | INFO     | [485535] 🎯 KẾT QUẢ CHỐT: HAPPY (42.10%)
2026-05-22 16:51:25,594 | INFO     | [485535] ⏱️ Thời gian phản hồi: 57.98 ms
2026-05-22 16:51:25,629 | INFO     | [485629] ------------------------------------------
2026-05-22 16:51:25,629 | INFO     | [485629] 📥 NHẬN YÊU CẦU QUÉT KHUÔN MẶT MỚI
2026-05-22 16:51:25,629 | INFO     | [485629] Đã xử lý ảnh thành công. Kích thước tensor: (1, 48, 48, 1)
2026-05-22 16:51:25,685 | INFO     | [485629] 📊 Chi tiết dự đoán: {'ANGRY': 5.63, 'DISGUST': 0.21, 'FEAR': 8.75, 'HAPPY': 40.8, 'NEUTRAL': 10.4, 'SAD': 31.93, 'SURPRISE': 2.28}
2026-05-22 16:51:25,686 | INFO     | [485629] 🎯 KẾT QUẢ CHỐT: HAPPY (40.80%)
2026-05-22 16:51:25,686 | INFO     | [485629] ⏱️ Thời gian phản hồi: 56.41 ms
2026-05-22 16:51:25,724 | INFO     | [485724] ------------------------------------------
2026-05-22 16:51:25,724 | INFO     | [485724] 📥 NHẬN YÊU CẦU QUÉT KHUÔN MẶT MỚI
2026-05-22 16:51:25,724 | INFO     | [485724] Đã xử lý ảnh thành công. Kích thước tensor: (1, 48, 48, 1)
2026-05-22 16:51:25,780 | INFO     | [485724] 📊 Chi tiết dự đoán: {'ANGRY': 5.5, 'DISGUST': 0.16, 'FEAR': 7.74, 'HAPPY': 36.87, 'NEUTRAL': 9.67, 'SAD': 38.61, 'SURPRISE': 1.45}
2026-05-22 16:51:25,780 | INFO     | [485724] 🎯 KẾT QUẢ CHỐT: SAD (38.61%)
2026-05-22 16:51:25,780 | INFO     | [485724] ⏱️ Thời gian phản hồi: 56.01 ms
2026-05-22 16:51:25,831 | INFO     | [485831] ------------------------------------------
2026-05-22 16:51:25,831 | INFO     | [485831] 📥 NHẬN YÊU CẦU QUÉT KHUÔN MẶT MỚI
2026-05-22 16:51:25,832 | INFO     | [485831] Đã xử lý ảnh thành công. Kích thước tensor: (1, 48, 48, 1)
2026-05-22 16:51:25,889 | INFO     | [485831] 📊 Chi tiết dự đoán: {'ANGRY': 6.37, 'DISGUST': 0.23, 'FEAR': 6.29, 'HAPPY': 46.3, 'NEUTRAL': 10.41, 'SAD': 29.31, 'SURPRISE': 1.09}
2026-05-22 16:51:25,890 | INFO     | [485831] 🎯 KẾT QUẢ CHỐT: HAPPY (46.30%)
2026-05-22 16:51:25,890 | INFO     | [485831] ⏱️ Thời gian phản hồi: 57.41 ms
2026-05-22 16:51:25,925 | INFO     | [485925] ------------------------------------------
2026-05-22 16:51:25,926 | INFO     | [485925] 📥 NHẬN YÊU CẦU QUÉT KHUÔN MẶT MỚI
2026-05-22 16:51:25,926 | INFO     | [485925] Đã xử lý ảnh thành công. Kích thước tensor: (1, 48, 48, 1)
2026-05-22 16:51:25,978 | INFO     | [485925] 📊 Chi tiết dự đoán: {'ANGRY': 5.98, 'DISGUST': 0.18, 'FEAR': 8.59, 'HAPPY': 33.73, 'NEUTRAL': 10.62, 'SAD': 39.33, 'SURPRISE': 1.58}
2026-05-22 16:51:25,978 | INFO     | [485925] 🎯 KẾT QUẢ CHỐT: SAD (39.33%)
2026-05-22 16:51:25,978 | INFO     | [485925] ⏱️ Thời gian phản hồi: 53.39 ms
2026-05-22 16:51:26,019 | INFO     | [486019] ------------------------------------------
2026-05-22 16:51:26,019 | INFO     | [486019] 📥 NHẬN YÊU CẦU QUÉT KHUÔN MẶT MỚI
2026-05-22 16:51:26,019 | INFO     | [486019] Đã xử lý ảnh thành công. Kích thước tensor: (1, 48, 48, 1)
2026-05-22 16:51:26,080 | INFO     | [486019] 📊 Chi tiết dự đoán: {'ANGRY': 5.92, 'DISGUST': 0.22, 'FEAR': 8.02, 'HAPPY': 44.35, 'NEUTRAL': 10.14, 'SAD': 29.4, 'SURPRISE': 1.95}
2026-05-22 16:51:26,080 | INFO     | [486019] 🎯 KẾT QUẢ CHỐT: HAPPY (44.35%)
2026-05-22 16:51:26,080 | INFO     | [486019] ⏱️ Thời gian phản hồi: 61.08 ms
2026-05-22 16:51:26,127 | INFO     | [486127] ------------------------------------------
2026-05-22 16:51:26,127 | INFO     | [486127] 📥 NHẬN YÊU CẦU QUÉT KHUÔN MẶT MỚI
2026-05-22 16:51:26,128 | INFO     | [486127] Đã xử lý ảnh thành công. Kích thước tensor: (1, 48, 48, 1)
2026-05-22 16:51:26,189 | INFO     | [486127] 📊 Chi tiết dự đoán: {'ANGRY': 5.45, 'DISGUST': 0.17, 'FEAR': 8.91, 'HAPPY': 33.98, 'NEUTRAL': 10.13, 'SAD': 39.8, 'SURPRISE': 1.57}
2026-05-22 16:51:26,189 | INFO     | [486127] 🎯 KẾT QUẢ CHỐT: SAD (39.80%)
2026-05-22 16:51:26,189 | INFO     | [486127] ⏱️ Thời gian phản hồi: 61.88 ms
2026-05-22 16:51:26,221 | INFO     | [486221] ------------------------------------------
2026-05-22 16:51:26,221 | INFO     | [486221] 📥 NHẬN YÊU CẦU QUÉT KHUÔN MẶT MỚI
2026-05-22 16:51:26,222 | INFO     | [486221] Đã xử lý ảnh thành công. Kích thước tensor: (1, 48, 48, 1)
2026-05-22 16:51:26,280 | INFO     | [486221] 📊 Chi tiết dự đoán: {'ANGRY': 5.73, 'DISGUST': 0.22, 'FEAR': 8.25, 'HAPPY': 26.03, 'NEUTRAL': 12.8, 'SAD': 45.59, 'SURPRISE': 1.37}
2026-05-22 16:51:26,280 | INFO     | [486221] 🎯 KẾT QUẢ CHỐT: SAD (45.59%)
2026-05-22 16:51:26,280 | INFO     | [486221] ⏱️ Thời gian phản hồi: 58.37 ms
2026-05-22 16:51:26,328 | INFO     | [486328] ------------------------------------------
2026-05-22 16:51:26,328 | INFO     | [486328] 📥 NHẬN YÊU CẦU QUÉT KHUÔN MẶT MỚI
2026-05-22 16:51:26,329 | INFO     | [486328] Đã xử lý ảnh thành công. Kích thước tensor: (1, 48, 48, 1)
2026-05-22 16:51:26,387 | INFO     | [486328] 📊 Chi tiết dự đoán: {'ANGRY': 6.88, 'DISGUST': 0.21, 'FEAR': 8.39, 'HAPPY': 30.1, 'NEUTRAL': 11.42, 'SAD': 41.55, 'SURPRISE': 1.45}
2026-05-22 16:51:26,387 | INFO     | [486328] 🎯 KẾT QUẢ CHỐT: SAD (41.55%)
2026-05-22 16:51:26,387 | INFO     | [486328] ⏱️ Thời gian phản hồi: 59.37 ms
2026-05-22 16:51:26,421 | INFO     | [486421] ------------------------------------------
2026-05-22 16:51:26,423 | INFO     | [486421] 📥 NHẬN YÊU CẦU QUÉT KHUÔN MẶT MỚI
2026-05-22 16:51:26,423 | INFO     | [486421] Đã xử lý ảnh thành công. Kích thước tensor: (1, 48, 48, 1)
2026-05-22 16:51:26,488 | INFO     | [486421] 📊 Chi tiết dự đoán: {'ANGRY': 6.63, 'DISGUST': 0.24, 'FEAR': 8.13, 'HAPPY': 26.47, 'NEUTRAL': 13.99, 'SAD': 43.05, 'SURPRISE': 1.48}
2026-05-22 16:51:26,489 | INFO     | [486421] 🎯 KẾT QUẢ CHỐT: SAD (43.05%)
2026-05-22 16:51:26,489 | INFO     | [486421] ⏱️ Thời gian phản hồi: 66.82 ms
2026-05-22 16:51:26,515 | INFO     | [486515] ------------------------------------------
2026-05-22 16:51:26,515 | INFO     | [486515] 📥 NHẬN YÊU CẦU QUÉT KHUÔN MẶT MỚI
2026-05-22 16:51:26,516 | INFO     | [486515] Đã xử lý ảnh thành công. Kích thước tensor: (1, 48, 48, 1)
2026-05-22 16:51:26,578 | INFO     | [486515] 📊 Chi tiết dự đoán: {'ANGRY': 6.77, 'DISGUST': 0.23, 'FEAR': 7.63, 'HAPPY': 25.36, 'NEUTRAL': 14.03, 'SAD': 44.6, 'SURPRISE': 1.38}
2026-05-22 16:51:26,579 | INFO     | [486515] 🎯 KẾT QUẢ CHỐT: SAD (44.60%)
2026-05-22 16:51:26,579 | INFO     | [486515] ⏱️ Thời gian phản hồi: 62.81 ms
2026-05-22 16:51:26,628 | INFO     | [486628] ------------------------------------------
2026-05-22 16:51:26,628 | INFO     | [486628] 📥 NHẬN YÊU CẦU QUÉT KHUÔN MẶT MỚI
2026-05-22 16:51:26,630 | INFO     | [486628] Đã xử lý ảnh thành công. Kích thước tensor: (1, 48, 48, 1)
2026-05-22 16:51:26,689 | INFO     | [486628] 📊 Chi tiết dự đoán: {'ANGRY': 7.15, 'DISGUST': 0.24, 'FEAR': 6.79, 'HAPPY': 41.17, 'NEUTRAL': 11.7, 'SAD': 31.74, 'SURPRISE': 1.21}
2026-05-22 16:51:26,689 | INFO     | [486628] 🎯 KẾT QUẢ CHỐT: HAPPY (41.17%)
2026-05-22 16:51:26,689 | INFO     | [486628] ⏱️ Thời gian phản hồi: 60.34 ms
2026-05-22 16:51:26,723 | INFO     | [486723] ------------------------------------------
2026-05-22 16:51:26,723 | INFO     | [486723] 📥 NHẬN YÊU CẦU QUÉT KHUÔN MẶT MỚI
2026-05-22 16:51:26,724 | INFO     | [486723] Đã xử lý ảnh thành công. Kích thước tensor: (1, 48, 48, 1)
2026-05-22 16:51:26,783 | INFO     | [486723] 📊 Chi tiết dự đoán: {'ANGRY': 6.62, 'DISGUST': 0.21, 'FEAR': 7.7, 'HAPPY': 34.93, 'NEUTRAL': 12.05, 'SAD': 37.06, 'SURPRISE': 1.43}
2026-05-22 16:51:26,783 | INFO     | [486723] 🎯 KẾT QUẢ CHỐT: SAD (37.06%)
2026-05-22 16:51:26,784 | INFO     | [486723] ⏱️ Thời gian phản hồi: 60.33 ms
2026-05-22 16:51:26,831 | INFO     | [486831] ------------------------------------------
2026-05-22 16:51:26,831 | INFO     | [486831] 📥 NHẬN YÊU CẦU QUÉT KHUÔN MẶT MỚI
2026-05-22 16:51:26,831 | INFO     | [486831] Đã xử lý ảnh thành công. Kích thước tensor: (1, 48, 48, 1)
2026-05-22 16:51:26,886 | INFO     | [486831] 📊 Chi tiết dự đoán: {'ANGRY': 7.49, 'DISGUST': 0.28, 'FEAR': 8.48, 'HAPPY': 31.02, 'NEUTRAL': 11.84, 'SAD': 39.3, 'SURPRISE': 1.59}
2026-05-22 16:51:26,886 | INFO     | [486831] 🎯 KẾT QUẢ CHỐT: SAD (39.30%)
2026-05-22 16:51:26,886 | INFO     | [486831] ⏱️ Thời gian phản hồi: 54.98 ms
2026-05-22 16:51:26,924 | INFO     | [486924] ------------------------------------------
2026-05-22 16:51:26,924 | INFO     | [486924] 📥 NHẬN YÊU CẦU QUÉT KHUÔN MẶT MỚI
2026-05-22 16:51:26,924 | INFO     | [486924] Đã xử lý ảnh thành công. Kích thước tensor: (1, 48, 48, 1)
2026-05-22 16:51:27,003 | INFO     | [486924] 📊 Chi tiết dự đoán: {'ANGRY': 4.53, 'DISGUST': 0.14, 'FEAR': 7.67, 'HAPPY': 21.23, 'NEUTRAL': 12.51, 'SAD': 52.4, 'SURPRISE': 1.52}
2026-05-22 16:51:27,004 | INFO     | [486924] 🎯 KẾT QUẢ CHỐT: SAD (52.40%)
2026-05-22 16:51:27,004 | INFO     | [486924] ⏱️ Thời gian phản hồi: 78.49 ms
2026-05-22 16:51:27,017 | INFO     | [487017] ------------------------------------------
2026-05-22 16:51:27,018 | INFO     | [487017] 📥 NHẬN YÊU CẦU QUÉT KHUÔN MẶT MỚI
2026-05-22 16:51:27,018 | INFO     | [487017] Đã xử lý ảnh thành công. Kích thước tensor: (1, 48, 48, 1)
2026-05-22 16:51:27,086 | INFO     | [487017] 📊 Chi tiết dự đoán: {'ANGRY': 3.46, 'DISGUST': 0.05, 'FEAR': 7.84, 'HAPPY': 4.72, 'NEUTRAL': 8.06, 'SAD': 74.46, 'SURPRISE': 1.4}
2026-05-22 16:51:27,086 | INFO     | [487017] 🎯 KẾT QUẢ CHỐT: SAD (74.46%)
2026-05-22 16:51:27,087 | INFO     | [487017] ⏱️ Thời gian phản hồi: 69.15 ms
2026-05-22 16:51:27,127 | INFO     | [487127] ------------------------------------------
2026-05-22 16:51:27,127 | INFO     | [487127] 📥 NHẬN YÊU CẦU QUÉT KHUÔN MẶT MỚI
2026-05-22 16:51:27,128 | INFO     | [487127] Đã xử lý ảnh thành công. Kích thước tensor: (1, 48, 48, 1)
2026-05-22 16:51:27,184 | INFO     | [487127] 📊 Chi tiết dự đoán: {'ANGRY': 2.76, 'DISGUST': 0.05, 'FEAR': 6.47, 'HAPPY': 2.78, 'NEUTRAL': 7.75, 'SAD': 79.31, 'SURPRISE': 0.87}
2026-05-22 16:51:27,184 | INFO     | [487127] 🎯 KẾT QUẢ CHỐT: SAD (79.31%)
2026-05-22 16:51:27,184 | INFO     | [487127] ⏱️ Thời gian phản hồi: 56.83 ms
2026-05-22 16:51:27,219 | INFO     | [487219] ------------------------------------------
2026-05-22 16:51:27,221 | INFO     | [487219] 📥 NHẬN YÊU CẦU QUÉT KHUÔN MẶT MỚI
2026-05-22 16:51:27,221 | INFO     | [487219] Đã xử lý ảnh thành công. Kích thước tensor: (1, 48, 48, 1)
2026-05-22 16:51:27,283 | INFO     | [487219] 📊 Chi tiết dự đoán: {'ANGRY': 2.73, 'DISGUST': 0.04, 'FEAR': 7.44, 'HAPPY': 3.19, 'NEUTRAL': 8.06, 'SAD': 77.19, 'SURPRISE': 1.36}
2026-05-22 16:51:27,284 | INFO     | [487219] 🎯 KẾT QUẢ CHỐT: SAD (77.19%)
2026-05-22 16:51:27,284 | INFO     | [487219] ⏱️ Thời gian phản hồi: 64.17 ms
2026-05-22 16:51:27,329 | INFO     | [487329] ------------------------------------------
2026-05-22 16:51:27,329 | INFO     | [487329] 📥 NHẬN YÊU CẦU QUÉT KHUÔN MẶT MỚI
2026-05-22 16:51:27,330 | INFO     | [487329] Đã xử lý ảnh thành công. Kích thước tensor: (1, 48, 48, 1)
2026-05-22 16:51:27,398 | INFO     | [487329] 📊 Chi tiết dự đoán: {'ANGRY': 2.3, 'DISGUST': 0.04, 'FEAR': 6.7, 'HAPPY': 2.22, 'NEUTRAL': 6.47, 'SAD': 81.6, 'SURPRISE': 0.67}
2026-05-22 16:51:27,398 | INFO     | [487329] 🎯 KẾT QUẢ CHỐT: SAD (81.60%)
2026-05-22 16:51:27,398 | INFO     | [487329] ⏱️ Thời gian phản hồi: 68.78 ms
2026-05-22 16:51:27,420 | INFO     | [487420] ------------------------------------------
2026-05-22 16:51:27,420 | INFO     | [487420] 📥 NHẬN YÊU CẦU QUÉT KHUÔN MẶT MỚI
2026-05-22 16:51:27,421 | INFO     | [487420] Đã xử lý ảnh thành công. Kích thước tensor: (1, 48, 48, 1)
2026-05-22 16:51:27,484 | INFO     | [487420] 📊 Chi tiết dự đoán: {'ANGRY': 2.54, 'DISGUST': 0.04, 'FEAR': 6.8, 'HAPPY': 2.79, 'NEUTRAL': 8.32, 'SAD': 78.45, 'SURPRISE': 1.06}
2026-05-22 16:51:27,485 | INFO     | [487420] 🎯 KẾT QUẢ CHỐT: SAD (78.45%)
2026-05-22 16:51:27,485 | INFO     | [487420] ⏱️ Thời gian phản hồi: 63.46 ms
2026-05-22 16:51:27,527 | INFO     | [487527] ------------------------------------------
2026-05-22 16:51:27,527 | INFO     | [487527] 📥 NHẬN YÊU CẦU QUÉT KHUÔN MẶT MỚI
2026-05-22 16:51:27,529 | INFO     | [487527] Đã xử lý ảnh thành công. Kích thước tensor: (1, 48, 48, 1)
2026-05-22 16:51:27,584 | INFO     | [487527] 📊 Chi tiết dự đoán: {'ANGRY': 2.52, 'DISGUST': 0.04, 'FEAR': 7.15, 'HAPPY': 3.02, 'NEUTRAL': 8.8, 'SAD': 77.38, 'SURPRISE': 1.09}
2026-05-22 16:51:27,584 | INFO     | [487527] 🎯 KẾT QUẢ CHỐT: SAD (77.38%)
2026-05-22 16:51:27,585 | INFO     | [487527] ⏱️ Thời gian phản hồi: 56.72 ms
2026-05-22 16:51:27,637 | INFO     | [487637] ------------------------------------------
2026-05-22 16:51:27,637 | INFO     | [487637] 📥 NHẬN YÊU CẦU QUÉT KHUÔN MẶT MỚI
2026-05-22 16:51:27,638 | INFO     | [487637] Đã xử lý ảnh thành công. Kích thước tensor: (1, 48, 48, 1)
2026-05-22 16:51:27,713 | INFO     | [487637] 📊 Chi tiết dự đoán: {'ANGRY': 6.34, 'DISGUST': 0.23, 'FEAR': 8.65, 'HAPPY': 14.87, 'NEUTRAL': 10.56, 'SAD': 58.09, 'SURPRISE': 1.26}
2026-05-22 16:51:27,713 | INFO     | [487637] 🎯 KẾT QUẢ CHỐT: SAD (58.09%)
2026-05-22 16:51:27,713 | INFO     | [487637] ⏱️ Thời gian phản hồi: 75.62 ms
2026-05-22 16:51:27,730 | INFO     | [487730] ------------------------------------------
2026-05-22 16:51:27,730 | INFO     | [487730] 📥 NHẬN YÊU CẦU QUÉT KHUÔN MẶT MỚI
2026-05-22 16:51:27,731 | INFO     | [487730] Đã xử lý ảnh thành công. Kích thước tensor: (1, 48, 48, 1)
2026-05-22 16:51:27,795 | INFO     | [487730] 📊 Chi tiết dự đoán: {'ANGRY': 6.78, 'DISGUST': 0.23, 'FEAR': 8.53, 'HAPPY': 21.99, 'NEUTRAL': 11.25, 'SAD': 49.62, 'SURPRISE': 1.6}
2026-05-22 16:51:27,795 | INFO     | [487730] 🎯 KẾT QUẢ CHỐT: SAD (49.62%)
2026-05-22 16:51:27,795 | INFO     | [487730] ⏱️ Thời gian phản hồi: 65.33 ms
2026-05-22 16:51:27,823 | INFO     | [487822] ------------------------------------------
2026-05-22 16:51:27,823 | INFO     | [487822] 📥 NHẬN YÊU CẦU QUÉT KHUÔN MẶT MỚI
2026-05-22 16:51:27,823 | INFO     | [487822] Đã xử lý ảnh thành công. Kích thước tensor: (1, 48, 48, 1)
2026-05-22 16:51:27,883 | INFO     | [487822] 📊 Chi tiết dự đoán: {'ANGRY': 7.45, 'DISGUST': 0.25, 'FEAR': 7.77, 'HAPPY': 26.8, 'NEUTRAL': 11.78, 'SAD': 44.6, 'SURPRISE': 1.35}
2026-05-22 16:51:27,883 | INFO     | [487822] 🎯 KẾT QUẢ CHỐT: SAD (44.60%)
2026-05-22 16:51:27,883 | INFO     | [487822] ⏱️ Thời gian phản hồi: 60.78 ms
2026-05-22 16:51:27,932 | INFO     | [487932] ------------------------------------------
2026-05-22 16:51:27,932 | INFO     | [487932] 📥 NHẬN YÊU CẦU QUÉT KHUÔN MẶT MỚI
2026-05-22 16:51:27,933 | INFO     | [487932] Đã xử lý ảnh thành công. Kích thước tensor: (1, 48, 48, 1)
2026-05-22 16:51:27,991 | INFO     | [487932] 📊 Chi tiết dự đoán: {'ANGRY': 6.28, 'DISGUST': 0.22, 'FEAR': 8.99, 'HAPPY': 17.91, 'NEUTRAL': 13.12, 'SAD': 51.95, 'SURPRISE': 1.52}
2026-05-22 16:51:27,991 | INFO     | [487932] 🎯 KẾT QUẢ CHỐT: SAD (51.95%)
2026-05-22 16:51:27,993 | INFO     | [487932] ⏱️ Thời gian phản hồi: 59.86 ms
2026-05-22 16:51:28,024 | INFO     | [488024] ------------------------------------------
2026-05-22 16:51:28,024 | INFO     | [488024] 📥 NHẬN YÊU CẦU QUÉT KHUÔN MẶT MỚI
2026-05-22 16:51:28,025 | INFO     | [488024] Đã xử lý ảnh thành công. Kích thước tensor: (1, 48, 48, 1)
2026-05-22 16:51:28,078 | INFO     | [488024] 📊 Chi tiết dự đoán: {'ANGRY': 7.05, 'DISGUST': 0.23, 'FEAR': 7.73, 'HAPPY': 23.87, 'NEUTRAL': 13.25, 'SAD': 46.24, 'SURPRISE': 1.63}
2026-05-22 16:51:28,078 | INFO     | [488024] 🎯 KẾT QUẢ CHỐT: SAD (46.24%)
2026-05-22 16:51:28,078 | INFO     | [488024] ⏱️ Thời gian phản hồi: 54.55 ms
2026-05-22 16:51:28,129 | INFO     | [488129] ------------------------------------------
2026-05-22 16:51:28,130 | INFO     | [488129] 📥 NHẬN YÊU CẦU QUÉT KHUÔN MẶT MỚI
2026-05-22 16:51:28,130 | INFO     | [488129] Đã xử lý ảnh thành công. Kích thước tensor: (1, 48, 48, 1)
2026-05-22 16:51:28,184 | INFO     | [488129] 📊 Chi tiết dự đoán: {'ANGRY': 6.23, 'DISGUST': 0.19, 'FEAR': 7.94, 'HAPPY': 22.48, 'NEUTRAL': 15.04, 'SAD': 46.66, 'SURPRISE': 1.46}
2026-05-22 16:51:28,185 | INFO     | [488129] 🎯 KẾT QUẢ CHỐT: SAD (46.66%)
2026-05-22 16:51:28,185 | INFO     | [488129] ⏱️ Thời gian phản hồi: 54.89 ms
2026-05-22 16:51:28,222 | INFO     | [488222] ------------------------------------------
2026-05-22 16:51:28,224 | INFO     | [488222] 📥 NHẬN YÊU CẦU QUÉT KHUÔN MẶT MỚI
2026-05-22 16:51:28,224 | INFO     | [488222] Đã xử lý ảnh thành công. Kích thước tensor: (1, 48, 48, 1)
2026-05-22 16:51:28,279 | INFO     | [488222] 📊 Chi tiết dự đoán: {'ANGRY': 6.69, 'DISGUST': 0.23, 'FEAR': 7.58, 'HAPPY': 24.45, 'NEUTRAL': 11.86, 'SAD': 47.77, 'SURPRISE': 1.41}
2026-05-22 16:51:28,279 | INFO     | [488222] 🎯 KẾT QUẢ CHỐT: SAD (47.77%)
2026-05-22 16:51:28,279 | INFO     | [488222] ⏱️ Thời gian phản hồi: 56.04 ms
2026-05-22 16:51:28,332 | INFO     | [488332] ------------------------------------------
2026-05-22 16:51:28,332 | INFO     | [488332] 📥 NHẬN YÊU CẦU QUÉT KHUÔN MẶT MỚI
2026-05-22 16:51:28,333 | INFO     | [488332] Đã xử lý ảnh thành công. Kích thước tensor: (1, 48, 48, 1)
2026-05-22 16:51:28,386 | INFO     | [488332] 📊 Chi tiết dự đoán: {'ANGRY': 6.48, 'DISGUST': 0.21, 'FEAR': 8.22, 'HAPPY': 17.3, 'NEUTRAL': 13.64, 'SAD': 52.92, 'SURPRISE': 1.23}
2026-05-22 16:51:28,387 | INFO     | [488332] 🎯 KẾT QUẢ CHỐT: SAD (52.92%)
2026-05-22 16:51:28,387 | INFO     | [488332] ⏱️ Thời gian phản hồi: 54.16 ms
2026-05-22 16:51:28,444 | INFO     | [488444] ------------------------------------------
2026-05-22 16:51:28,444 | INFO     | [488444] 📥 NHẬN YÊU CẦU QUÉT KHUÔN MẶT MỚI
2026-05-22 16:51:28,444 | INFO     | [488444] Đã xử lý ảnh thành công. Kích thước tensor: (1, 48, 48, 1)
2026-05-22 16:51:28,500 | INFO     | [488444] 📊 Chi tiết dự đoán: {'ANGRY': 5.67, 'DISGUST': 0.17, 'FEAR': 7.52, 'HAPPY': 20.61, 'NEUTRAL': 13.56, 'SAD': 51.32, 'SURPRISE': 1.14}
2026-05-22 16:51:28,502 | INFO     | [488444] 🎯 KẾT QUẢ CHỐT: SAD (51.32%)
2026-05-22 16:51:28,502 | INFO     | [488444] ⏱️ Thời gian phản hồi: 56.93 ms
2026-05-22 16:51:28,536 | INFO     | [488536] ------------------------------------------
2026-05-22 16:51:28,536 | INFO     | [488536] 📥 NHẬN YÊU CẦU QUÉT KHUÔN MẶT MỚI
2026-05-22 16:51:28,538 | INFO     | [488536] Đã xử lý ảnh thành công. Kích thước tensor: (1, 48, 48, 1)
2026-05-22 16:51:28,596 | INFO     | [488536] 📊 Chi tiết dự đoán: {'ANGRY': 7.06, 'DISGUST': 0.24, 'FEAR': 8.93, 'HAPPY': 19.15, 'NEUTRAL': 14.67, 'SAD': 48.45, 'SURPRISE': 1.5}
2026-05-22 16:51:28,596 | INFO     | [488536] 🎯 KẾT QUẢ CHỐT: SAD (48.45%)
2026-05-22 16:51:28,597 | INFO     | [488536] ⏱️ Thời gian phản hồi: 59.8 ms
2026-05-22 16:51:28,630 | INFO     | [488630] ------------------------------------------
2026-05-22 16:51:28,631 | INFO     | [488630] 📥 NHẬN YÊU CẦU QUÉT KHUÔN MẶT MỚI
2026-05-22 16:51:28,631 | INFO     | [488630] Đã xử lý ảnh thành công. Kích thước tensor: (1, 48, 48, 1)
2026-05-22 16:51:28,695 | INFO     | [488630] 📊 Chi tiết dự đoán: {'ANGRY': 5.69, 'DISGUST': 0.16, 'FEAR': 7.84, 'HAPPY': 14.53, 'NEUTRAL': 13.99, 'SAD': 56.25, 'SURPRISE': 1.52}
2026-05-22 16:51:28,695 | INFO     | [488630] 🎯 KẾT QUẢ CHỐT: SAD (56.25%)
2026-05-22 16:51:28,695 | INFO     | [488630] ⏱️ Thời gian phản hồi: 64.31 ms
2026-05-22 16:51:28,724 | INFO     | [488724] ------------------------------------------
2026-05-22 16:51:28,724 | INFO     | [488724] 📥 NHẬN YÊU CẦU QUÉT KHUÔN MẶT MỚI
2026-05-22 16:51:28,725 | INFO     | [488724] Đã xử lý ảnh thành công. Kích thước tensor: (1, 48, 48, 1)
2026-05-22 16:51:28,786 | INFO     | [488724] 📊 Chi tiết dự đoán: {'ANGRY': 6.76, 'DISGUST': 0.21, 'FEAR': 7.98, 'HAPPY': 19.97, 'NEUTRAL': 15.74, 'SAD': 47.76, 'SURPRISE': 1.59}
2026-05-22 16:51:28,786 | INFO     | [488724] 🎯 KẾT QUẢ CHỐT: SAD (47.76%)
2026-05-22 16:51:28,786 | INFO     | [488724] ⏱️ Thời gian phản hồi: 61.03 ms
2026-05-22 16:51:28,829 | INFO     | [488829] ------------------------------------------
2026-05-22 16:51:28,830 | INFO     | [488829] 📥 NHẬN YÊU CẦU QUÉT KHUÔN MẶT MỚI
2026-05-22 16:51:28,830 | INFO     | [488829] Đã xử lý ảnh thành công. Kích thước tensor: (1, 48, 48, 1)
2026-05-22 16:51:28,886 | INFO     | [488829] 📊 Chi tiết dự đoán: {'ANGRY': 5.56, 'DISGUST': 0.15, 'FEAR': 8.31, 'HAPPY': 15.98, 'NEUTRAL': 13.9, 'SAD': 54.58, 'SURPRISE': 1.52}
2026-05-22 16:51:28,886 | INFO     | [488829] 🎯 KẾT QUẢ CHỐT: SAD (54.58%)
2026-05-22 16:51:28,886 | INFO     | [488829] ⏱️ Thời gian phản hồi: 57.09 ms
2026-05-22 16:51:28,938 | INFO     | [488938] ------------------------------------------
2026-05-22 16:51:28,938 | INFO     | [488938] 📥 NHẬN YÊU CẦU QUÉT KHUÔN MẶT MỚI
2026-05-22 16:51:28,939 | INFO     | [488938] Đã xử lý ảnh thành công. Kích thước tensor: (1, 48, 48, 1)
2026-05-22 16:51:28,989 | INFO     | [488938] 📊 Chi tiết dự đoán: {'ANGRY': 6.87, 'DISGUST': 0.2, 'FEAR': 7.92, 'HAPPY': 26.37, 'NEUTRAL': 14.48, 'SAD': 42.68, 'SURPRISE': 1.48}
2026-05-22 16:51:28,989 | INFO     | [488938] 🎯 KẾT QUẢ CHỐT: SAD (42.68%)
2026-05-22 16:51:28,989 | INFO     | [488938] ⏱️ Thời gian phản hồi: 50.74 ms
2026-05-22 16:51:29,029 | INFO     | [489029] ------------------------------------------
2026-05-22 16:51:29,029 | INFO     | [489029] 📥 NHẬN YÊU CẦU QUÉT KHUÔN MẶT MỚI
2026-05-22 16:51:29,031 | INFO     | [489029] Đã xử lý ảnh thành công. Kích thước tensor: (1, 48, 48, 1)
2026-05-22 16:51:29,095 | INFO     | [489029] 📊 Chi tiết dự đoán: {'ANGRY': 5.97, 'DISGUST': 0.17, 'FEAR': 8.38, 'HAPPY': 14.09, 'NEUTRAL': 12.21, 'SAD': 57.87, 'SURPRISE': 1.31}
2026-05-22 16:51:29,095 | INFO     | [489029] 🎯 KẾT QUẢ CHỐT: SAD (57.87%)
2026-05-22 16:51:29,095 | INFO     | [489029] ⏱️ Thời gian phản hồi: 65.2 ms
2026-05-22 16:51:29,123 | INFO     | [489123] ------------------------------------------
2026-05-22 16:51:29,125 | INFO     | [489123] 📥 NHẬN YÊU CẦU QUÉT KHUÔN MẶT MỚI
2026-05-22 16:51:29,126 | INFO     | [489123] Đã xử lý ảnh thành công. Kích thước tensor: (1, 48, 48, 1)
2026-05-22 16:51:29,191 | INFO     | [489123] 📊 Chi tiết dự đoán: {'ANGRY': 7.47, 'DISGUST': 0.23, 'FEAR': 7.63, 'HAPPY': 25.58, 'NEUTRAL': 13.76, 'SAD': 44.07, 'SURPRISE': 1.27}
2026-05-22 16:51:29,191 | INFO     | [489123] 🎯 KẾT QUẢ CHỐT: SAD (44.07%)
2026-05-22 16:51:29,191 | INFO     | [489123] ⏱️ Thời gian phản hồi: 67.58 ms
2026-05-22 16:51:29,223 | INFO     | [489223] ------------------------------------------
2026-05-22 16:51:29,223 | INFO     | [489223] 📥 NHẬN YÊU CẦU QUÉT KHUÔN MẶT MỚI
2026-05-22 16:51:29,224 | INFO     | [489223] Đã xử lý ảnh thành công. Kích thước tensor: (1, 48, 48, 1)
2026-05-22 16:51:29,297 | INFO     | [489223] 📊 Chi tiết dự đoán: {'ANGRY': 5.44, 'DISGUST': 0.18, 'FEAR': 8.03, 'HAPPY': 28.37, 'NEUTRAL': 17.4, 'SAD': 39.0, 'SURPRISE': 1.58}
2026-05-22 16:51:29,297 | INFO     | [489223] 🎯 KẾT QUẢ CHỐT: SAD (39.00%)
2026-05-22 16:51:29,297 | INFO     | [489223] ⏱️ Thời gian phản hồi: 74.04 ms
2026-05-22 16:51:29,325 | INFO     | [489325] ------------------------------------------
2026-05-22 16:51:29,325 | INFO     | [489325] 📥 NHẬN YÊU CẦU QUÉT KHUÔN MẶT MỚI
2026-05-22 16:51:29,327 | INFO     | [489325] Đã xử lý ảnh thành công. Kích thước tensor: (1, 48, 48, 1)
2026-05-22 16:51:29,386 | INFO     | [489325] 📊 Chi tiết dự đoán: {'ANGRY': 6.08, 'DISGUST': 0.19, 'FEAR': 8.23, 'HAPPY': 27.09, 'NEUTRAL': 16.15, 'SAD': 40.85, 'SURPRISE': 1.41}
2026-05-22 16:51:29,386 | INFO     | [489325] 🎯 KẾT QUẢ CHỐT: SAD (40.85%)
2026-05-22 16:51:29,386 | INFO     | [489325] ⏱️ Thời gian phản hồi: 60.34 ms
2026-05-22 16:51:29,434 | INFO     | [489434] ------------------------------------------
2026-05-22 16:51:29,434 | INFO     | [489434] 📥 NHẬN YÊU CẦU QUÉT KHUÔN MẶT MỚI
2026-05-22 16:51:29,434 | INFO     | [489434] Đã xử lý ảnh thành công. Kích thước tensor: (1, 48, 48, 1)
2026-05-22 16:51:29,491 | INFO     | [489434] 📊 Chi tiết dự đoán: {'ANGRY': 5.7, 'DISGUST': 0.22, 'FEAR': 8.64, 'HAPPY': 20.5, 'NEUTRAL': 20.44, 'SAD': 43.01, 'SURPRISE': 1.49}
2026-05-22 16:51:29,491 | INFO     | [489434] 🎯 KẾT QUẢ CHỐT: SAD (43.01%)
2026-05-22 16:51:29,491 | INFO     | [489434] ⏱️ Thời gian phản hồi: 56.22 ms
2026-05-22 16:51:29,530 | INFO     | [489530] ------------------------------------------
2026-05-22 16:51:29,530 | INFO     | [489530] 📥 NHẬN YÊU CẦU QUÉT KHUÔN MẶT MỚI
2026-05-22 16:51:29,530 | INFO     | [489530] Đã xử lý ảnh thành công. Kích thước tensor: (1, 48, 48, 1)
2026-05-22 16:51:29,594 | INFO     | [489530] 📊 Chi tiết dự đoán: {'ANGRY': 5.18, 'DISGUST': 0.18, 'FEAR': 8.23, 'HAPPY': 19.19, 'NEUTRAL': 16.84, 'SAD': 49.24, 'SURPRISE': 1.14}
2026-05-22 16:51:29,594 | INFO     | [489530] 🎯 KẾT QUẢ CHỐT: SAD (49.24%)
2026-05-22 16:51:29,594 | INFO     | [489530] ⏱️ Thời gian phản hồi: 64.32 ms
2026-05-22 16:51:29,636 | INFO     | [489636] ------------------------------------------
2026-05-22 16:51:29,638 | INFO     | [489636] 📥 NHẬN YÊU CẦU QUÉT KHUÔN MẶT MỚI
2026-05-22 16:51:29,638 | INFO     | [489636] Đã xử lý ảnh thành công. Kích thước tensor: (1, 48, 48, 1)
2026-05-22 16:51:29,696 | INFO     | [489636] 📊 Chi tiết dự đoán: {'ANGRY': 5.32, 'DISGUST': 0.19, 'FEAR': 8.26, 'HAPPY': 14.65, 'NEUTRAL': 19.23, 'SAD': 51.03, 'SURPRISE': 1.33}
2026-05-22 16:51:29,697 | INFO     | [489636] 🎯 KẾT QUẢ CHỐT: SAD (51.03%)
2026-05-22 16:51:29,697 | INFO     | [489636] ⏱️ Thời gian phản hồi: 59.36 ms
2026-05-22 16:51:29,732 | INFO     | [489732] ------------------------------------------
2026-05-22 16:51:29,732 | INFO     | [489732] 📥 NHẬN YÊU CẦU QUÉT KHUÔN MẶT MỚI
2026-05-22 16:51:29,732 | INFO     | [489732] Đã xử lý ảnh thành công. Kích thước tensor: (1, 48, 48, 1)
2026-05-22 16:51:29,793 | INFO     | [489732] 📊 Chi tiết dự đoán: {'ANGRY': 5.05, 'DISGUST': 0.15, 'FEAR': 7.6, 'HAPPY': 19.29, 'NEUTRAL': 19.34, 'SAD': 47.32, 'SURPRISE': 1.25}
2026-05-22 16:51:29,793 | INFO     | [489732] 🎯 KẾT QUẢ CHỐT: SAD (47.32%)
2026-05-22 16:51:29,793 | INFO     | [489732] ⏱️ Thời gian phản hồi: 61.31 ms
2026-05-22 16:51:29,840 | INFO     | [489839] ------------------------------------------
2026-05-22 16:51:29,840 | INFO     | [489839] 📥 NHẬN YÊU CẦU QUÉT KHUÔN MẶT MỚI
2026-05-22 16:51:29,841 | INFO     | [489839] Đã xử lý ảnh thành công. Kích thước tensor: (1, 48, 48, 1)
2026-05-22 16:51:29,891 | INFO     | [489839] 📊 Chi tiết dự đoán: {'ANGRY': 5.38, 'DISGUST': 0.19, 'FEAR': 9.03, 'HAPPY': 14.69, 'NEUTRAL': 20.2, 'SAD': 48.99, 'SURPRISE': 1.52}
2026-05-22 16:51:29,892 | INFO     | [489839] 🎯 KẾT QUẢ CHỐT: SAD (48.99%)
2026-05-22 16:51:29,892 | INFO     | [489839] ⏱️ Thời gian phản hồi: 51.88 ms
2026-05-22 16:51:29,931 | INFO     | [489931] ------------------------------------------
2026-05-22 16:51:29,933 | INFO     | [489931] 📥 NHẬN YÊU CẦU QUÉT KHUÔN MẶT MỚI
2026-05-22 16:51:29,933 | INFO     | [489931] Đã xử lý ảnh thành công. Kích thước tensor: (1, 48, 48, 1)
2026-05-22 16:51:29,995 | INFO     | [489931] 📊 Chi tiết dự đoán: {'ANGRY': 5.03, 'DISGUST': 0.16, 'FEAR': 7.12, 'HAPPY': 14.2, 'NEUTRAL': 19.1, 'SAD': 53.32, 'SURPRISE': 1.07}
2026-05-22 16:51:29,995 | INFO     | [489931] 🎯 KẾT QUẢ CHỐT: SAD (53.32%)
2026-05-22 16:51:29,995 | INFO     | [489931] ⏱️ Thời gian phản hồi: 63.7 ms
2026-05-22 16:51:30,040 | INFO     | [490040] ------------------------------------------
2026-05-22 16:51:30,041 | INFO     | [490040] 📥 NHẬN YÊU CẦU QUÉT KHUÔN MẶT MỚI
2026-05-22 16:51:30,041 | INFO     | [490040] Đã xử lý ảnh thành công. Kích thước tensor: (1, 48, 48, 1)
2026-05-22 16:51:30,094 | INFO     | [490040] 📊 Chi tiết dự đoán: {'ANGRY': 5.24, 'DISGUST': 0.18, 'FEAR': 7.67, 'HAPPY': 18.43, 'NEUTRAL': 22.95, 'SAD': 44.27, 'SURPRISE': 1.25}
2026-05-22 16:51:30,095 | INFO     | [490040] 🎯 KẾT QUẢ CHỐT: SAD (44.27%)
2026-05-22 16:51:30,095 | INFO     | [490040] ⏱️ Thời gian phản hồi: 54.09 ms
2026-05-22 16:51:30,135 | INFO     | [490135] ------------------------------------------
2026-05-22 16:51:30,135 | INFO     | [490135] 📥 NHẬN YÊU CẦU QUÉT KHUÔN MẶT MỚI
2026-05-22 16:51:30,136 | INFO     | [490135] Đã xử lý ảnh thành công. Kích thước tensor: (1, 48, 48, 1)
2026-05-22 16:51:30,190 | INFO     | [490135] 📊 Chi tiết dự đoán: {'ANGRY': 4.84, 'DISGUST': 0.15, 'FEAR': 7.68, 'HAPPY': 16.91, 'NEUTRAL': 21.93, 'SAD': 47.17, 'SURPRISE': 1.32}
2026-05-22 16:51:30,190 | INFO     | [490135] 🎯 KẾT QUẢ CHỐT: SAD (47.17%)
2026-05-22 16:51:30,190 | INFO     | [490135] ⏱️ Thời gian phản hồi: 55.07 ms
2026-05-22 16:51:30,222 | INFO     | [490222] ------------------------------------------
2026-05-22 16:51:30,222 | INFO     | [490222] 📥 NHẬN YÊU CẦU QUÉT KHUÔN MẶT MỚI
2026-05-22 16:51:30,223 | INFO     | [490222] Đã xử lý ảnh thành công. Kích thước tensor: (1, 48, 48, 1)
2026-05-22 16:51:30,289 | INFO     | [490222] 📊 Chi tiết dự đoán: {'ANGRY': 5.31, 'DISGUST': 0.17, 'FEAR': 7.9, 'HAPPY': 21.25, 'NEUTRAL': 20.32, 'SAD': 43.71, 'SURPRISE': 1.34}
2026-05-22 16:51:30,289 | INFO     | [490222] 🎯 KẾT QUẢ CHỐT: SAD (43.71%)
2026-05-22 16:51:30,289 | INFO     | [490222] ⏱️ Thời gian phản hồi: 65.36 ms
2026-05-22 16:51:30,323 | INFO     | [490323] ------------------------------------------
2026-05-22 16:51:30,323 | INFO     | [490323] 📥 NHẬN YÊU CẦU QUÉT KHUÔN MẶT MỚI
2026-05-22 16:51:30,324 | INFO     | [490323] Đã xử lý ảnh thành công. Kích thước tensor: (1, 48, 48, 1)
2026-05-22 16:51:30,385 | INFO     | [490323] 📊 Chi tiết dự đoán: {'ANGRY': 5.66, 'DISGUST': 0.21, 'FEAR': 7.76, 'HAPPY': 20.96, 'NEUTRAL': 18.96, 'SAD': 45.12, 'SURPRISE': 1.33}
2026-05-22 16:51:30,385 | INFO     | [490323] 🎯 KẾT QUẢ CHỐT: SAD (45.12%)
2026-05-22 16:51:30,387 | INFO     | [490323] ⏱️ Thời gian phản hồi: 61.96 ms
2026-05-22 16:51:30,432 | INFO     | [490432] ------------------------------------------
2026-05-22 16:51:30,432 | INFO     | [490432] 📥 NHẬN YÊU CẦU QUÉT KHUÔN MẶT MỚI
2026-05-22 16:51:30,432 | INFO     | [490432] Đã xử lý ảnh thành công. Kích thước tensor: (1, 48, 48, 1)
2026-05-22 16:51:30,499 | INFO     | [490432] 📊 Chi tiết dự đoán: {'ANGRY': 4.86, 'DISGUST': 0.17, 'FEAR': 8.17, 'HAPPY': 20.02, 'NEUTRAL': 19.16, 'SAD': 46.19, 'SURPRISE': 1.43}
2026-05-22 16:51:30,501 | INFO     | [490432] 🎯 KẾT QUẢ CHỐT: SAD (46.19%)
2026-05-22 16:51:30,501 | INFO     | [490432] ⏱️ Thời gian phản hồi: 67.49 ms
2026-05-22 16:51:30,525 | INFO     | [490525] ------------------------------------------
2026-05-22 16:51:30,526 | INFO     | [490525] 📥 NHẬN YÊU CẦU QUÉT KHUÔN MẶT MỚI
2026-05-22 16:51:30,527 | INFO     | [490525] Đã xử lý ảnh thành công. Kích thước tensor: (1, 48, 48, 1)
2026-05-22 16:51:30,583 | INFO     | [490525] 📊 Chi tiết dự đoán: {'ANGRY': 5.03, 'DISGUST': 0.22, 'FEAR': 8.06, 'HAPPY': 13.08, 'NEUTRAL': 18.94, 'SAD': 53.42, 'SURPRISE': 1.25}
2026-05-22 16:51:30,583 | INFO     | [490525] 🎯 KẾT QUẢ CHỐT: SAD (53.42%)
2026-05-22 16:51:30,583 | INFO     | [490525] ⏱️ Thời gian phản hồi: 57.37 ms
2026-05-22 16:51:30,633 | INFO     | [490633] ------------------------------------------
2026-05-22 16:51:30,633 | INFO     | [490633] 📥 NHẬN YÊU CẦU QUÉT KHUÔN MẶT MỚI
2026-05-22 16:51:30,634 | INFO     | [490633] Đã xử lý ảnh thành công. Kích thước tensor: (1, 48, 48, 1)
2026-05-22 16:51:30,689 | INFO     | [490633] 📊 Chi tiết dự đoán: {'ANGRY': 5.2, 'DISGUST': 0.16, 'FEAR': 6.75, 'HAPPY': 29.72, 'NEUTRAL': 18.55, 'SAD': 38.21, 'SURPRISE': 1.41}
2026-05-22 16:51:30,689 | INFO     | [490633] 🎯 KẾT QUẢ CHỐT: SAD (38.21%)
2026-05-22 16:51:30,689 | INFO     | [490633] ⏱️ Thời gian phản hồi: 56.61 ms
2026-05-22 16:51:30,726 | INFO     | [490726] ------------------------------------------
2026-05-22 16:51:30,726 | INFO     | [490726] 📥 NHẬN YÊU CẦU QUÉT KHUÔN MẶT MỚI
2026-05-22 16:51:30,728 | INFO     | [490726] Đã xử lý ảnh thành công. Kích thước tensor: (1, 48, 48, 1)
2026-05-22 16:51:30,787 | INFO     | [490726] 📊 Chi tiết dự đoán: {'ANGRY': 5.06, 'DISGUST': 0.17, 'FEAR': 6.63, 'HAPPY': 27.64, 'NEUTRAL': 20.27, 'SAD': 38.86, 'SURPRISE': 1.36}
2026-05-22 16:51:30,787 | INFO     | [490726] 🎯 KẾT QUẢ CHỐT: SAD (38.86%)
2026-05-22 16:51:30,787 | INFO     | [490726] ⏱️ Thời gian phản hồi: 60.27 ms
2026-05-22 16:51:30,837 | INFO     | [490837] ------------------------------------------
2026-05-22 16:51:30,837 | INFO     | [490837] 📥 NHẬN YÊU CẦU QUÉT KHUÔN MẶT MỚI
2026-05-22 16:51:30,838 | INFO     | [490837] Đã xử lý ảnh thành công. Kích thước tensor: (1, 48, 48, 1)
2026-05-22 16:51:30,893 | INFO     | [490837] 📊 Chi tiết dự đoán: {'ANGRY': 5.32, 'DISGUST': 0.18, 'FEAR': 6.89, 'HAPPY': 25.49, 'NEUTRAL': 20.82, 'SAD': 39.65, 'SURPRISE': 1.64}
2026-05-22 16:51:30,893 | INFO     | [490837] 🎯 KẾT QUẢ CHỐT: SAD (39.65%)
2026-05-22 16:51:30,893 | INFO     | [490837] ⏱️ Thời gian phản hồi: 56.01 ms
2026-05-22 16:51:30,946 | INFO     | [490946] ------------------------------------------
2026-05-22 16:51:30,946 | INFO     | [490946] 📥 NHẬN YÊU CẦU QUÉT KHUÔN MẶT MỚI
2026-05-22 16:51:30,947 | INFO     | [490946] Đã xử lý ảnh thành công. Kích thước tensor: (1, 48, 48, 1)
2026-05-22 16:51:31,008 | INFO     | [490946] 📊 Chi tiết dự đoán: {'ANGRY': 4.81, 'DISGUST': 0.15, 'FEAR': 7.92, 'HAPPY': 18.64, 'NEUTRAL': 16.6, 'SAD': 50.49, 'SURPRISE': 1.4}
2026-05-22 16:51:31,009 | INFO     | [490946] 🎯 KẾT QUẢ CHỐT: SAD (50.49%)
2026-05-22 16:51:31,009 | INFO     | [490946] ⏱️ Thời gian phản hồi: 62.05 ms
2026-05-22 16:51:31,022 | INFO     | [491022] ------------------------------------------
2026-05-22 16:51:31,022 | INFO     | [491022] 📥 NHẬN YÊU CẦU QUÉT KHUÔN MẶT MỚI
2026-05-22 16:51:31,023 | INFO     | [491022] Đã xử lý ảnh thành công. Kích thước tensor: (1, 48, 48, 1)
2026-05-22 16:51:31,079 | INFO     | [491022] 📊 Chi tiết dự đoán: {'ANGRY': 4.85, 'DISGUST': 0.18, 'FEAR': 7.84, 'HAPPY': 22.72, 'NEUTRAL': 15.87, 'SAD': 47.39, 'SURPRISE': 1.15}
2026-05-22 16:51:31,079 | INFO     | [491022] 🎯 KẾT QUẢ CHỐT: SAD (47.39%)
2026-05-22 16:51:31,079 | INFO     | [491022] ⏱️ Thời gian phản hồi: 56.95 ms
2026-05-22 16:51:31,132 | INFO     | [491132] ------------------------------------------
2026-05-22 16:51:31,132 | INFO     | [491132] 📥 NHẬN YÊU CẦU QUÉT KHUÔN MẶT MỚI
2026-05-22 16:51:31,132 | INFO     | [491132] Đã xử lý ảnh thành công. Kích thước tensor: (1, 48, 48, 1)
2026-05-22 16:51:31,190 | INFO     | [491132] 📊 Chi tiết dự đoán: {'ANGRY': 5.33, 'DISGUST': 0.13, 'FEAR': 6.36, 'HAPPY': 36.0, 'NEUTRAL': 18.06, 'SAD': 32.83, 'SURPRISE': 1.29}
2026-05-22 16:51:31,190 | INFO     | [491132] 🎯 KẾT QUẢ CHỐT: HAPPY (36.00%)
2026-05-22 16:51:31,190 | INFO     | [491132] ⏱️ Thời gian phản hồi: 58.43 ms
2026-05-22 16:51:31,223 | INFO     | [491223] ------------------------------------------
2026-05-22 16:51:31,224 | INFO     | [491223] 📥 NHẬN YÊU CẦU QUÉT KHUÔN MẶT MỚI
2026-05-22 16:51:31,224 | INFO     | [491223] Đã xử lý ảnh thành công. Kích thước tensor: (1, 48, 48, 1)
2026-05-22 16:51:31,279 | INFO     | [491223] 📊 Chi tiết dự đoán: {'ANGRY': 5.15, 'DISGUST': 0.16, 'FEAR': 7.21, 'HAPPY': 27.81, 'NEUTRAL': 16.16, 'SAD': 42.09, 'SURPRISE': 1.42}
2026-05-22 16:51:31,279 | INFO     | [491223] 🎯 KẾT QUẢ CHỐT: SAD (42.09%)
2026-05-22 16:51:31,279 | INFO     | [491223] ⏱️ Thời gian phản hồi: 56.12 ms
2026-05-22 16:51:31,333 | INFO     | [491333] ------------------------------------------
2026-05-22 16:51:31,333 | INFO     | [491333] 📥 NHẬN YÊU CẦU QUÉT KHUÔN MẶT MỚI
2026-05-22 16:51:31,334 | INFO     | [491333] Đã xử lý ảnh thành công. Kích thước tensor: (1, 48, 48, 1)
2026-05-22 16:51:31,394 | INFO     | [491333] 📊 Chi tiết dự đoán: {'ANGRY': 5.95, 'DISGUST': 0.16, 'FEAR': 7.34, 'HAPPY': 31.81, 'NEUTRAL': 14.96, 'SAD': 38.34, 'SURPRISE': 1.43}
2026-05-22 16:51:31,394 | INFO     | [491333] 🎯 KẾT QUẢ CHỐT: SAD (38.34%)
2026-05-22 16:51:31,395 | INFO     | [491333] ⏱️ Thời gian phản hồi: 60.93 ms
2026-05-22 16:51:31,426 | INFO     | [491426] ------------------------------------------
2026-05-22 16:51:31,426 | INFO     | [491426] 📥 NHẬN YÊU CẦU QUÉT KHUÔN MẶT MỚI
2026-05-22 16:51:31,427 | INFO     | [491426] Đã xử lý ảnh thành công. Kích thước tensor: (1, 48, 48, 1)
2026-05-22 16:51:31,483 | INFO     | [491426] 📊 Chi tiết dự đoán: {'ANGRY': 5.41, 'DISGUST': 0.19, 'FEAR': 7.5, 'HAPPY': 22.53, 'NEUTRAL': 14.96, 'SAD': 47.9, 'SURPRISE': 1.52}
2026-05-22 16:51:31,483 | INFO     | [491426] 🎯 KẾT QUẢ CHỐT: SAD (47.90%)
2026-05-22 16:51:31,483 | INFO     | [491426] ⏱️ Thời gian phản hồi: 55.52 ms
2026-05-22 16:51:31,536 | INFO     | [491536] ------------------------------------------
2026-05-22 16:51:31,537 | INFO     | [491536] 📥 NHẬN YÊU CẦU QUÉT KHUÔN MẶT MỚI
2026-05-22 16:51:31,537 | INFO     | [491536] Đã xử lý ảnh thành công. Kích thước tensor: (1, 48, 48, 1)
2026-05-22 16:51:31,594 | INFO     | [491536] 📊 Chi tiết dự đoán: {'ANGRY': 5.57, 'DISGUST': 0.21, 'FEAR': 7.93, 'HAPPY': 21.51, 'NEUTRAL': 16.23, 'SAD': 46.9, 'SURPRISE': 1.66}
2026-05-22 16:51:31,594 | INFO     | [491536] 🎯 KẾT QUẢ CHỐT: SAD (46.90%)
2026-05-22 16:51:31,594 | INFO     | [491536] ⏱️ Thời gian phản hồi: 57.44 ms
2026-05-22 16:51:31,627 | INFO     | [491627] ------------------------------------------
2026-05-22 16:51:31,628 | INFO     | [491627] 📥 NHẬN YÊU CẦU QUÉT KHUÔN MẶT MỚI
2026-05-22 16:51:31,628 | INFO     | [491627] Đã xử lý ảnh thành công. Kích thước tensor: (1, 48, 48, 1)
2026-05-22 16:51:31,681 | INFO     | [491627] 📊 Chi tiết dự đoán: {'ANGRY': 6.25, 'DISGUST': 0.2, 'FEAR': 7.2, 'HAPPY': 30.42, 'NEUTRAL': 16.02, 'SAD': 38.37, 'SURPRISE': 1.54}
2026-05-22 16:51:31,682 | INFO     | [491627] 🎯 KẾT QUẢ CHỐT: SAD (38.37%)
2026-05-22 16:51:31,682 | INFO     | [491627] ⏱️ Thời gian phản hồi: 53.73 ms
2026-05-22 16:51:31,736 | INFO     | [491736] ------------------------------------------
2026-05-22 16:51:31,737 | INFO     | [491736] 📥 NHẬN YÊU CẦU QUÉT KHUÔN MẶT MỚI
2026-05-22 16:51:31,737 | INFO     | [491736] Đã xử lý ảnh thành công. Kích thước tensor: (1, 48, 48, 1)
2026-05-22 16:51:31,788 | INFO     | [491736] 📊 Chi tiết dự đoán: {'ANGRY': 5.48, 'DISGUST': 0.16, 'FEAR': 6.66, 'HAPPY': 32.2, 'NEUTRAL': 18.65, 'SAD': 35.28, 'SURPRISE': 1.57}
2026-05-22 16:51:31,788 | INFO     | [491736] 🎯 KẾT QUẢ CHỐT: SAD (35.28%)
2026-05-22 16:51:31,788 | INFO     | [491736] ⏱️ Thời gian phản hồi: 52.19 ms
2026-05-22 16:51:31,829 | INFO     | [491829] ------------------------------------------
2026-05-22 16:51:31,829 | INFO     | [491829] 📥 NHẬN YÊU CẦU QUÉT KHUÔN MẶT MỚI
2026-05-22 16:51:31,829 | INFO     | [491829] Đã xử lý ảnh thành công. Kích thước tensor: (1, 48, 48, 1)
2026-05-22 16:51:31,885 | INFO     | [491829] 📊 Chi tiết dự đoán: {'ANGRY': 5.5, 'DISGUST': 0.17, 'FEAR': 7.29, 'HAPPY': 27.16, 'NEUTRAL': 16.42, 'SAD': 41.8, 'SURPRISE': 1.67}
2026-05-22 16:51:31,885 | INFO     | [491829] 🎯 KẾT QUẢ CHỐT: SAD (41.80%)
2026-05-22 16:51:31,885 | INFO     | [491829] ⏱️ Thời gian phản hồi: 54.3 ms
2026-05-22 16:51:31,925 | INFO     | [491925] ------------------------------------------
2026-05-22 16:51:31,925 | INFO     | [491925] 📥 NHẬN YÊU CẦU QUÉT KHUÔN MẶT MỚI
2026-05-22 16:51:31,925 | INFO     | [491925] Đã xử lý ảnh thành công. Kích thước tensor: (1, 48, 48, 1)
2026-05-22 16:51:31,983 | INFO     | [491925] 📊 Chi tiết dự đoán: {'ANGRY': 4.88, 'DISGUST': 0.16, 'FEAR': 6.82, 'HAPPY': 32.8, 'NEUTRAL': 18.47, 'SAD': 35.48, 'SURPRISE': 1.38}
2026-05-22 16:51:31,983 | INFO     | [491925] 🎯 KẾT QUẢ CHỐT: SAD (35.48%)
2026-05-22 16:51:31,983 | INFO     | [491925] ⏱️ Thời gian phản hồi: 58.07 ms
2026-05-22 16:51:32,034 | INFO     | [492034] ------------------------------------------
2026-05-22 16:51:32,034 | INFO     | [492034] 📥 NHẬN YÊU CẦU QUÉT KHUÔN MẶT MỚI
2026-05-22 16:51:32,034 | INFO     | [492034] Đã xử lý ảnh thành công. Kích thước tensor: (1, 48, 48, 1)
2026-05-22 16:51:32,094 | INFO     | [492034] 📊 Chi tiết dự đoán: {'ANGRY': 5.72, 'DISGUST': 0.2, 'FEAR': 7.31, 'HAPPY': 25.03, 'NEUTRAL': 16.4, 'SAD': 43.85, 'SURPRISE': 1.5}
2026-05-22 16:51:32,094 | INFO     | [492034] 🎯 KẾT QUẢ CHỐT: SAD (43.85%)
2026-05-22 16:51:32,094 | INFO     | [492034] ⏱️ Thời gian phản hồi: 59.17 ms
2026-05-22 16:51:32,126 | INFO     | [492126] ------------------------------------------
2026-05-22 16:51:32,126 | INFO     | [492126] 📥 NHẬN YÊU CẦU QUÉT KHUÔN MẶT MỚI
2026-05-22 16:51:32,126 | INFO     | [492126] Đã xử lý ảnh thành công. Kích thước tensor: (1, 48, 48, 1)
2026-05-22 16:51:32,183 | INFO     | [492126] 📊 Chi tiết dự đoán: {'ANGRY': 5.13, 'DISGUST': 0.2, 'FEAR': 7.72, 'HAPPY': 21.5, 'NEUTRAL': 18.85, 'SAD': 45.13, 'SURPRISE': 1.48}
2026-05-22 16:51:32,183 | INFO     | [492126] 🎯 KẾT QUẢ CHỐT: SAD (45.13%)
2026-05-22 16:51:32,183 | INFO     | [492126] ⏱️ Thời gian phản hồi: 57.17 ms
2026-05-22 16:51:32,232 | INFO     | [492232] ------------------------------------------
2026-05-22 16:51:32,232 | INFO     | [492232] 📥 NHẬN YÊU CẦU QUÉT KHUÔN MẶT MỚI
2026-05-22 16:51:32,234 | INFO     | [492232] Đã xử lý ảnh thành công. Kích thước tensor: (1, 48, 48, 1)
2026-05-22 16:51:32,285 | INFO     | [492232] 📊 Chi tiết dự đoán: {'ANGRY': 5.73, 'DISGUST': 0.17, 'FEAR': 6.59, 'HAPPY': 30.04, 'NEUTRAL': 17.41, 'SAD': 38.72, 'SURPRISE': 1.33}
2026-05-22 16:51:32,285 | INFO     | [492232] 🎯 KẾT QUẢ CHỐT: SAD (38.72%)
2026-05-22 16:51:32,285 | INFO     | [492232] ⏱️ Thời gian phản hồi: 52.72 ms
2026-05-22 16:51:32,341 | INFO     | [492341] ------------------------------------------
2026-05-22 16:51:32,341 | INFO     | [492341] 📥 NHẬN YÊU CẦU QUÉT KHUÔN MẶT MỚI
2026-05-22 16:51:32,343 | INFO     | [492341] Đã xử lý ảnh thành công. Kích thước tensor: (1, 48, 48, 1)
2026-05-22 16:51:32,399 | INFO     | [492341] 📊 Chi tiết dự đoán: {'ANGRY': 5.54, 'DISGUST': 0.19, 'FEAR': 8.42, 'HAPPY': 17.51, 'NEUTRAL': 19.03, 'SAD': 47.75, 'SURPRISE': 1.56}
2026-05-22 16:51:32,400 | INFO     | [492341] 🎯 KẾT QUẢ CHỐT: SAD (47.75%)
2026-05-22 16:51:32,400 | INFO     | [492341] ⏱️ Thời gian phản hồi: 57.94 ms
2026-05-22 16:51:32,436 | INFO     | [492436] ------------------------------------------
2026-05-22 16:51:32,436 | INFO     | [492436] 📥 NHẬN YÊU CẦU QUÉT KHUÔN MẶT MỚI
2026-05-22 16:51:32,437 | INFO     | [492436] Đã xử lý ảnh thành công. Kích thước tensor: (1, 48, 48, 1)
2026-05-22 16:51:32,490 | INFO     | [492436] 📊 Chi tiết dự đoán: {'ANGRY': 4.95, 'DISGUST': 0.18, 'FEAR': 7.82, 'HAPPY': 19.53, 'NEUTRAL': 17.26, 'SAD': 48.43, 'SURPRISE': 1.83}
2026-05-22 16:51:32,490 | INFO     | [492436] 🎯 KẾT QUẢ CHỐT: SAD (48.43%)
2026-05-22 16:51:32,490 | INFO     | [492436] ⏱️ Thời gian phản hồi: 54.18 ms
2026-05-22 16:51:32,529 | INFO     | [492529] ------------------------------------------
2026-05-22 16:51:32,529 | INFO     | [492529] 📥 NHẬN YÊU CẦU QUÉT KHUÔN MẶT MỚI
2026-05-22 16:51:32,530 | INFO     | [492529] Đã xử lý ảnh thành công. Kích thước tensor: (1, 48, 48, 1)
2026-05-22 16:51:32,585 | INFO     | [492529] 📊 Chi tiết dự đoán: {'ANGRY': 5.22, 'DISGUST': 0.17, 'FEAR': 7.1, 'HAPPY': 23.48, 'NEUTRAL': 19.22, 'SAD': 43.17, 'SURPRISE': 1.66}
2026-05-22 16:51:32,585 | INFO     | [492529] 🎯 KẾT QUẢ CHỐT: SAD (43.17%)
2026-05-22 16:51:32,585 | INFO     | [492529] ⏱️ Thời gian phản hồi: 55.46 ms
2026-05-22 16:51:32,638 | INFO     | [492638] ------------------------------------------
2026-05-22 16:51:32,638 | INFO     | [492638] 📥 NHẬN YÊU CẦU QUÉT KHUÔN MẶT MỚI
2026-05-22 16:51:32,639 | INFO     | [492638] Đã xử lý ảnh thành công. Kích thước tensor: (1, 48, 48, 1)
2026-05-22 16:51:32,693 | INFO     | [492638] 📊 Chi tiết dự đoán: {'ANGRY': 5.27, 'DISGUST': 0.18, 'FEAR': 7.08, 'HAPPY': 22.02, 'NEUTRAL': 18.9, 'SAD': 45.03, 'SURPRISE': 1.52}
2026-05-22 16:51:32,693 | INFO     | [492638] 🎯 KẾT QUẢ CHỐT: SAD (45.03%)
2026-05-22 16:51:32,694 | INFO     | [492638] ⏱️ Thời gian phản hồi: 54.76 ms
2026-05-22 16:51:32,718 | INFO     | [492718] ------------------------------------------
2026-05-22 16:51:32,718 | INFO     | [492718] 📥 NHẬN YÊU CẦU QUÉT KHUÔN MẶT MỚI
2026-05-22 16:51:32,718 | INFO     | [492718] Đã xử lý ảnh thành công. Kích thước tensor: (1, 48, 48, 1)
2026-05-22 16:51:32,773 | INFO     | [492718] 📊 Chi tiết dự đoán: {'ANGRY': 5.2, 'DISGUST': 0.16, 'FEAR': 6.39, 'HAPPY': 34.91, 'NEUTRAL': 18.55, 'SAD': 33.32, 'SURPRISE': 1.47}
2026-05-22 16:51:32,774 | INFO     | [492718] 🎯 KẾT QUẢ CHỐT: HAPPY (34.91%)
2026-05-22 16:51:32,774 | INFO     | [492718] ⏱️ Thời gian phản hồi: 55.41 ms
2026-05-22 16:51:32,827 | INFO     | [492827] ------------------------------------------
2026-05-22 16:51:32,827 | INFO     | [492827] 📥 NHẬN YÊU CẦU QUÉT KHUÔN MẶT MỚI
2026-05-22 16:51:32,827 | INFO     | [492827] Đã xử lý ảnh thành công. Kích thước tensor: (1, 48, 48, 1)
2026-05-22 16:51:32,881 | INFO     | [492827] 📊 Chi tiết dự đoán: {'ANGRY': 5.3, 'DISGUST': 0.17, 'FEAR': 7.17, 'HAPPY': 34.11, 'NEUTRAL': 16.17, 'SAD': 35.24, 'SURPRISE': 1.85}
2026-05-22 16:51:32,881 | INFO     | [492827] 🎯 KẾT QUẢ CHỐT: SAD (35.24%)
2026-05-22 16:51:32,881 | INFO     | [492827] ⏱️ Thời gian phản hồi: 54.35 ms
2026-05-22 16:51:32,934 | INFO     | [492934] ------------------------------------------
2026-05-22 16:51:32,934 | INFO     | [492934] 📥 NHẬN YÊU CẦU QUÉT KHUÔN MẶT MỚI
2026-05-22 16:51:32,935 | INFO     | [492934] Đã xử lý ảnh thành công. Kích thước tensor: (1, 48, 48, 1)
2026-05-22 16:51:32,985 | INFO     | [492934] 📊 Chi tiết dự đoán: {'ANGRY': 4.98, 'DISGUST': 0.17, 'FEAR': 8.04, 'HAPPY': 21.55, 'NEUTRAL': 19.91, 'SAD': 43.48, 'SURPRISE': 1.87}
2026-05-22 16:51:32,985 | INFO     | [492934] 🎯 KẾT QUẢ CHỐT: SAD (43.48%)
2026-05-22 16:51:32,985 | INFO     | [492934] ⏱️ Thời gian phản hồi: 50.51 ms
2026-05-22 16:51:33,027 | INFO     | [493027] ------------------------------------------
2026-05-22 16:51:33,027 | INFO     | [493027] 📥 NHẬN YÊU CẦU QUÉT KHUÔN MẶT MỚI
2026-05-22 16:51:33,028 | INFO     | [493027] Đã xử lý ảnh thành công. Kích thước tensor: (1, 48, 48, 1)
2026-05-22 16:51:33,080 | INFO     | [493027] 📊 Chi tiết dự đoán: {'ANGRY': 5.23, 'DISGUST': 0.14, 'FEAR': 6.95, 'HAPPY': 30.41, 'NEUTRAL': 14.9, 'SAD': 40.72, 'SURPRISE': 1.66}
2026-05-22 16:51:33,081 | INFO     | [493027] 🎯 KẾT QUẢ CHỐT: SAD (40.72%)
2026-05-22 16:51:33,081 | INFO     | [493027] ⏱️ Thời gian phản hồi: 52.81 ms
2026-05-22 16:51:33,136 | INFO     | [493136] ------------------------------------------
2026-05-22 16:51:33,136 | INFO     | [493136] 📥 NHẬN YÊU CẦU QUÉT KHUÔN MẶT MỚI
2026-05-22 16:51:33,137 | INFO     | [493136] Đã xử lý ảnh thành công. Kích thước tensor: (1, 48, 48, 1)
2026-05-22 16:51:33,222 | INFO     | [493136] 📊 Chi tiết dự đoán: {'ANGRY': 5.79, 'DISGUST': 0.16, 'FEAR': 6.6, 'HAPPY': 36.61, 'NEUTRAL': 15.09, 'SAD': 34.09, 'SURPRISE': 1.65}
2026-05-22 16:51:33,222 | INFO     | [493136] 🎯 KẾT QUẢ CHỐT: HAPPY (36.61%)
2026-05-22 16:51:33,223 | INFO     | [493136] ⏱️ Thời gian phản hồi: 85.28 ms
2026-05-22 16:51:33,238 | INFO     | [BATCH-493238] ==========================================
2026-05-22 16:51:33,238 | INFO     | [BATCH-493238] 🎞️ NHẬN CHUỖI 60 KHUNG HÌNH (BATCH)
2026-05-22 16:51:33,308 | INFO     | [BATCH-493238] ↳ Frame 1/60: HAPPY (58.4%)
2026-05-22 16:51:33,368 | INFO     | [BATCH-493238] ↳ Frame 2/60: HAPPY (42.1%)
2026-05-22 16:51:33,442 | INFO     | [BATCH-493238] ↳ Frame 3/60: SAD (36.3%)
2026-05-22 16:51:33,511 | INFO     | [BATCH-493238] ↳ Frame 4/60: SAD (49.2%)
2026-05-22 16:51:33,577 | INFO     | [BATCH-493238] ↳ Frame 5/60: SAD (57.9%)
2026-05-22 16:51:33,642 | INFO     | [BATCH-493238] ↳ Frame 6/60: SAD (52.4%)
2026-05-22 16:51:33,703 | INFO     | [BATCH-493238] ↳ Frame 7/60: SAD (49.4%)
2026-05-22 16:51:33,768 | INFO     | [BATCH-493238] ↳ Frame 8/60: HAPPY (41.2%)
2026-05-22 16:51:33,827 | INFO     | [BATCH-493238] ↳ Frame 9/60: SAD (40.2%)
2026-05-22 16:51:33,900 | INFO     | [BATCH-493238] ↳ Frame 10/60: HAPPY (48.6%)
2026-05-22 16:51:33,971 | INFO     | [BATCH-493238] ↳ Frame 11/60: SAD (45.2%)
2026-05-22 16:51:34,036 | INFO     | [BATCH-493238] ↳ Frame 12/60: SAD (49.9%)
2026-05-22 16:51:34,099 | INFO     | [BATCH-493238] ↳ Frame 13/60: HAPPY (39.9%)
2026-05-22 16:51:34,163 | INFO     | [BATCH-493238] ↳ Frame 14/60: HAPPY (40.0%)
2026-05-22 16:51:34,223 | INFO     | [BATCH-493238] ↳ Frame 15/60: SAD (41.6%)
2026-05-22 16:51:34,287 | INFO     | [BATCH-493238] ↳ Frame 16/60: HAPPY (39.3%)
2026-05-22 16:51:34,358 | INFO     | [BATCH-493238] ↳ Frame 17/60: HAPPY (41.7%)
2026-05-22 16:51:34,428 | INFO     | [BATCH-493238] ↳ Frame 18/60: HAPPY (51.8%)
2026-05-22 16:51:34,507 | INFO     | [BATCH-493238] ↳ Frame 19/60: SAD (37.7%)
2026-05-22 16:51:34,580 | INFO     | [BATCH-493238] ↳ Frame 20/60: HAPPY (46.7%)
2026-05-22 16:51:34,647 | INFO     | [BATCH-493238] ↳ Frame 21/60: HAPPY (44.4%)
2026-05-22 16:51:34,705 | INFO     | [BATCH-493238] ↳ Frame 22/60: HAPPY (52.2%)
2026-05-22 16:51:34,759 | INFO     | [BATCH-493238] ↳ Frame 23/60: SAD (43.0%)
2026-05-22 16:51:34,816 | INFO     | [BATCH-493238] ↳ Frame 24/60: HAPPY (48.2%)
2026-05-22 16:51:34,867 | INFO     | [BATCH-493238] ↳ Frame 25/60: HAPPY (39.1%)
2026-05-22 16:51:34,920 | INFO     | [BATCH-493238] ↳ Frame 26/60: HAPPY (57.1%)
2026-05-22 16:51:34,975 | INFO     | [BATCH-493238] ↳ Frame 27/60: HAPPY (48.2%)
2026-05-22 16:51:35,027 | INFO     | [BATCH-493238] ↳ Frame 28/60: HAPPY (53.6%)
2026-05-22 16:51:35,085 | INFO     | [BATCH-493238] ↳ Frame 29/60: HAPPY (42.1%)
2026-05-22 16:51:35,139 | INFO     | [BATCH-493238] ↳ Frame 30/60: HAPPY (40.8%)
2026-05-22 16:51:35,190 | INFO     | [BATCH-493238] ↳ Frame 31/60: SAD (38.6%)
2026-05-22 16:51:35,239 | INFO     | [BATCH-493238] ↳ Frame 32/60: HAPPY (46.3%)
2026-05-22 16:51:35,290 | INFO     | [BATCH-493238] ↳ Frame 33/60: SAD (39.3%)
2026-05-22 16:51:35,343 | INFO     | [BATCH-493238] ↳ Frame 34/60: HAPPY (44.4%)
2026-05-22 16:51:35,393 | INFO     | [BATCH-493238] ↳ Frame 35/60: SAD (39.8%)
2026-05-22 16:51:35,446 | INFO     | [BATCH-493238] ↳ Frame 36/60: SAD (45.6%)
2026-05-22 16:51:35,501 | INFO     | [BATCH-493238] ↳ Frame 37/60: SAD (41.6%)
2026-05-22 16:51:35,550 | INFO     | [BATCH-493238] ↳ Frame 38/60: SAD (43.1%)
2026-05-22 16:51:35,606 | INFO     | [BATCH-493238] ↳ Frame 39/60: SAD (44.6%)
2026-05-22 16:51:35,663 | INFO     | [BATCH-493238] ↳ Frame 40/60: HAPPY (41.2%)
2026-05-22 16:51:35,718 | INFO     | [BATCH-493238] ↳ Frame 41/60: SAD (37.1%)
2026-05-22 16:51:35,773 | INFO     | [BATCH-493238] ↳ Frame 42/60: SAD (39.3%)
2026-05-22 16:51:35,824 | INFO     | [BATCH-493238] ↳ Frame 43/60: SAD (52.4%)
2026-05-22 16:51:35,880 | INFO     | [BATCH-493238] ↳ Frame 44/60: SAD (74.5%)
2026-05-22 16:51:35,928 | INFO     | [BATCH-493238] ↳ Frame 45/60: SAD (79.3%)
2026-05-22 16:51:35,979 | INFO     | [BATCH-493238] ↳ Frame 46/60: SAD (77.2%)
2026-05-22 16:51:36,028 | INFO     | [BATCH-493238] ↳ Frame 47/60: SAD (81.6%)
2026-05-22 16:51:36,083 | INFO     | [BATCH-493238] ↳ Frame 48/60: SAD (78.4%)
2026-05-22 16:51:36,136 | INFO     | [BATCH-493238] ↳ Frame 49/60: SAD (77.4%)
2026-05-22 16:51:36,191 | INFO     | [BATCH-493238] ↳ Frame 50/60: SAD (58.1%)
2026-05-22 16:51:36,241 | INFO     | [BATCH-493238] ↳ Frame 51/60: SAD (49.6%)
2026-05-22 16:51:36,291 | INFO     | [BATCH-493238] ↳ Frame 52/60: SAD (44.6%)
2026-05-22 16:51:36,342 | INFO     | [BATCH-493238] ↳ Frame 53/60: SAD (52.0%)
2026-05-22 16:51:36,400 | INFO     | [BATCH-493238] ↳ Frame 54/60: SAD (46.2%)
2026-05-22 16:51:36,454 | INFO     | [BATCH-493238] ↳ Frame 55/60: SAD (46.7%)
2026-05-22 16:51:36,504 | INFO     | [BATCH-493238] ↳ Frame 56/60: SAD (47.8%)
2026-05-22 16:51:36,561 | INFO     | [BATCH-493238] ↳ Frame 57/60: SAD (52.9%)
2026-05-22 16:51:36,609 | INFO     | [BATCH-493238] ↳ Frame 58/60: SAD (51.3%)
2026-05-22 16:51:36,661 | INFO     | [BATCH-493238] ↳ Frame 59/60: SAD (48.5%)
2026-05-22 16:51:36,713 | INFO     | [BATCH-493238] ↳ Frame 60/60: SAD (56.3%)
2026-05-22 16:51:36,713 | INFO     | [BATCH-493238] 🎯 KẾT QUẢ CHUỖI: SAD (Tần suất: {'HAPPY': 22, 'SAD': 38})
2026-05-22 16:51:36,713 | INFO     | [BATCH-493238] ⏱️ Tổng thời gian xử lý: 3474.8 ms
2026-05-22 16:53:22,033 | INFO     | [602033] ------------------------------------------
2026-05-22 16:53:22,034 | INFO     | [602033] 📥 NHẬN YÊU CẦU QUÉT KHUÔN MẶT MỚI
2026-05-22 16:53:22,035 | INFO     | [602033] Đã xử lý ảnh thành công. Kích thước tensor: (1, 48, 48, 1)
2026-05-22 16:53:22,108 | INFO     | [602033] 📊 Chi tiết dự đoán: {'ANGRY': 6.71, 'DISGUST': 0.11, 'FEAR': 9.3, 'HAPPY': 36.07, 'NEUTRAL': 15.65, 'SAD': 31.04, 'SURPRISE': 1.12}
2026-05-22 16:53:22,108 | INFO     | [602033] 🎯 KẾT QUẢ CHỐT: HAPPY (36.07%)
2026-05-22 16:53:22,108 | INFO     | [602033] ⏱️ Thời gian phản hồi: 75.19 ms
2026-05-22 16:53:22,118 | INFO     | [602118] ------------------------------------------
2026-05-22 16:53:22,119 | INFO     | [602118] 📥 NHẬN YÊU CẦU QUÉT KHUÔN MẶT MỚI
2026-05-22 16:53:22,120 | INFO     | [602118] Đã xử lý ảnh thành công. Kích thước tensor: (1, 48, 48, 1)
2026-05-22 16:53:22,202 | INFO     | [602118] 📊 Chi tiết dự đoán: {'ANGRY': 7.33, 'DISGUST': 0.13, 'FEAR': 10.01, 'HAPPY': 46.04, 'NEUTRAL': 11.09, 'SAD': 23.93, 'SURPRISE': 1.47}
2026-05-22 16:53:22,202 | INFO     | [602118] 🎯 KẾT QUẢ CHỐT: HAPPY (46.04%)
2026-05-22 16:53:22,203 | INFO     | [602118] ⏱️ Thời gian phản hồi: 83.25 ms
2026-05-22 16:53:22,227 | INFO     | [602226] ------------------------------------------
2026-05-22 16:53:22,227 | INFO     | [602226] 📥 NHẬN YÊU CẦU QUÉT KHUÔN MẶT MỚI
2026-05-22 16:53:22,227 | INFO     | [602226] Đã xử lý ảnh thành công. Kích thước tensor: (1, 48, 48, 1)
2026-05-22 16:53:22,304 | INFO     | [602226] 📊 Chi tiết dự đoán: {'ANGRY': 6.49, 'DISGUST': 0.1, 'FEAR': 9.24, 'HAPPY': 46.28, 'NEUTRAL': 13.55, 'SAD': 23.13, 'SURPRISE': 1.22}
2026-05-22 16:53:22,304 | INFO     | [602226] 🎯 KẾT QUẢ CHỐT: HAPPY (46.28%)
2026-05-22 16:53:22,304 | INFO     | [602226] ⏱️ Thời gian phản hồi: 78.18 ms
2026-05-22 16:53:22,319 | INFO     | [602319] ------------------------------------------
2026-05-22 16:53:22,319 | INFO     | [602319] 📥 NHẬN YÊU CẦU QUÉT KHUÔN MẶT MỚI
2026-05-22 16:53:22,320 | INFO     | [602319] Đã xử lý ảnh thành công. Kích thước tensor: (1, 48, 48, 1)
2026-05-22 16:53:22,384 | INFO     | [602319] 📊 Chi tiết dự đoán: {'ANGRY': 6.93, 'DISGUST': 0.11, 'FEAR': 10.54, 'HAPPY': 45.61, 'NEUTRAL': 12.53, 'SAD': 22.72, 'SURPRISE': 1.56}
2026-05-22 16:53:22,384 | INFO     | [602319] 🎯 KẾT QUẢ CHỐT: HAPPY (45.61%)
2026-05-22 16:53:22,384 | INFO     | [602319] ⏱️ Thời gian phản hồi: 62.66 ms
2026-05-22 16:53:22,429 | INFO     | [602429] ------------------------------------------
2026-05-22 16:53:22,429 | INFO     | [602429] 📥 NHẬN YÊU CẦU QUÉT KHUÔN MẶT MỚI
2026-05-22 16:53:22,430 | INFO     | [602429] Đã xử lý ảnh thành công. Kích thước tensor: (1, 48, 48, 1)
2026-05-22 16:53:22,489 | INFO     | [602429] 📊 Chi tiết dự đoán: {'ANGRY': 7.18, 'DISGUST': 0.13, 'FEAR': 9.56, 'HAPPY': 45.55, 'NEUTRAL': 11.29, 'SAD': 24.98, 'SURPRISE': 1.31}
2026-05-22 16:53:22,489 | INFO     | [602429] 🎯 KẾT QUẢ CHỐT: HAPPY (45.55%)
2026-05-22 16:53:22,489 | INFO     | [602429] ⏱️ Thời gian phản hồi: 60.56 ms
2026-05-22 16:53:22,519 | INFO     | [602519] ------------------------------------------
2026-05-22 16:53:22,521 | INFO     | [602519] 📥 NHẬN YÊU CẦU QUÉT KHUÔN MẶT MỚI
2026-05-22 16:53:22,521 | INFO     | [602519] Đã xử lý ảnh thành công. Kích thước tensor: (1, 48, 48, 1)
2026-05-22 16:53:22,591 | INFO     | [602519] 📊 Chi tiết dự đoán: {'ANGRY': 6.94, 'DISGUST': 0.13, 'FEAR': 9.49, 'HAPPY': 43.99, 'NEUTRAL': 12.0, 'SAD': 26.16, 'SURPRISE': 1.3}
2026-05-22 16:53:22,591 | INFO     | [602519] 🎯 KẾT QUẢ CHỐT: HAPPY (43.99%)
2026-05-22 16:53:22,591 | INFO     | [602519] ⏱️ Thời gian phản hồi: 71.64 ms
2026-05-22 16:53:22,614 | INFO     | [602614] ------------------------------------------
2026-05-22 16:53:22,616 | INFO     | [602614] 📥 NHẬN YÊU CẦU QUÉT KHUÔN MẶT MỚI
2026-05-22 16:53:22,616 | INFO     | [602614] Đã xử lý ảnh thành công. Kích thước tensor: (1, 48, 48, 1)
2026-05-22 16:53:22,738 | INFO     | [602614] 📊 Chi tiết dự đoán: {'ANGRY': 6.21, 'DISGUST': 0.1, 'FEAR': 12.48, 'HAPPY': 27.32, 'NEUTRAL': 12.73, 'SAD': 40.05, 'SURPRISE': 1.11}
2026-05-22 16:53:22,738 | INFO     | [602614] 🎯 KẾT QUẢ CHỐT: SAD (40.05%)
2026-05-22 16:53:22,738 | INFO     | [602614] ⏱️ Thời gian phản hồi: 123.32 ms
2026-05-22 16:53:22,740 | INFO     | [602740] ------------------------------------------
2026-05-22 16:53:22,740 | INFO     | [602740] 📥 NHẬN YÊU CẦU QUÉT KHUÔN MẶT MỚI
2026-05-22 16:53:22,742 | INFO     | [602740] Đã xử lý ảnh thành công. Kích thước tensor: (1, 48, 48, 1)
2026-05-22 16:53:22,812 | INFO     | [602740] 📊 Chi tiết dự đoán: {'ANGRY': 5.96, 'DISGUST': 0.11, 'FEAR': 12.11, 'HAPPY': 28.97, 'NEUTRAL': 11.69, 'SAD': 40.11, 'SURPRISE': 1.05}
2026-05-22 16:53:22,814 | INFO     | [602740] 🎯 KẾT QUẢ CHỐT: SAD (40.11%)
2026-05-22 16:53:22,814 | INFO     | [602740] ⏱️ Thời gian phản hồi: 72.19 ms
2026-05-22 16:53:22,818 | INFO     | [602818] ------------------------------------------
2026-05-22 16:53:22,818 | INFO     | [602818] 📥 NHẬN YÊU CẦU QUÉT KHUÔN MẶT MỚI
2026-05-22 16:53:22,819 | INFO     | [602818] Đã xử lý ảnh thành công. Kích thước tensor: (1, 48, 48, 1)
2026-05-22 16:53:22,876 | INFO     | [602818] 📊 Chi tiết dự đoán: {'ANGRY': 6.16, 'DISGUST': 0.11, 'FEAR': 10.79, 'HAPPY': 30.53, 'NEUTRAL': 13.96, 'SAD': 37.31, 'SURPRISE': 1.14}
2026-05-22 16:53:22,876 | INFO     | [602818] 🎯 KẾT QUẢ CHỐT: SAD (37.31%)
2026-05-22 16:53:22,876 | INFO     | [602818] ⏱️ Thời gian phản hồi: 58.18 ms
2026-05-22 16:53:22,928 | INFO     | [602928] ------------------------------------------
2026-05-22 16:53:22,928 | INFO     | [602928] 📥 NHẬN YÊU CẦU QUÉT KHUÔN MẶT MỚI
2026-05-22 16:53:22,928 | INFO     | [602928] Đã xử lý ảnh thành công. Kích thước tensor: (1, 48, 48, 1)
2026-05-22 16:53:22,982 | INFO     | [602928] 📊 Chi tiết dự đoán: {'ANGRY': 7.05, 'DISGUST': 0.13, 'FEAR': 10.79, 'HAPPY': 34.56, 'NEUTRAL': 12.59, 'SAD': 33.58, 'SURPRISE': 1.31}
2026-05-22 16:53:22,982 | INFO     | [602928] 🎯 KẾT QUẢ CHỐT: HAPPY (34.56%)
2026-05-22 16:53:22,982 | INFO     | [602928] ⏱️ Thời gian phản hồi: 53.78 ms
2026-05-22 16:53:23,021 | INFO     | [603021] ------------------------------------------
2026-05-22 16:53:23,022 | INFO     | [603021] 📥 NHẬN YÊU CẦU QUÉT KHUÔN MẶT MỚI
2026-05-22 16:53:23,022 | INFO     | [603021] Đã xử lý ảnh thành công. Kích thước tensor: (1, 48, 48, 1)
2026-05-22 16:53:23,085 | INFO     | [603021] 📊 Chi tiết dự đoán: {'ANGRY': 8.96, 'DISGUST': 0.18, 'FEAR': 13.2, 'HAPPY': 29.34, 'NEUTRAL': 10.87, 'SAD': 35.98, 'SURPRISE': 1.47}
2026-05-22 16:53:23,085 | INFO     | [603021] 🎯 KẾT QUẢ CHỐT: SAD (35.98%)
2026-05-22 16:53:23,085 | INFO     | [603021] ⏱️ Thời gian phản hồi: 63.56 ms
2026-05-22 16:53:23,130 | INFO     | [603129] ------------------------------------------
2026-05-22 16:53:23,130 | INFO     | [603129] 📥 NHẬN YÊU CẦU QUÉT KHUÔN MẶT MỚI
2026-05-22 16:53:23,130 | INFO     | [603129] Đã xử lý ảnh thành công. Kích thước tensor: (1, 48, 48, 1)
2026-05-22 16:53:23,186 | INFO     | [603129] 📊 Chi tiết dự đoán: {'ANGRY': 6.14, 'DISGUST': 0.12, 'FEAR': 12.38, 'HAPPY': 35.71, 'NEUTRAL': 14.56, 'SAD': 29.16, 'SURPRISE': 1.94}
2026-05-22 16:53:23,186 | INFO     | [603129] 🎯 KẾT QUẢ CHỐT: HAPPY (35.71%)
2026-05-22 16:53:23,186 | INFO     | [603129] ⏱️ Thời gian phản hồi: 57.18 ms
2026-05-22 16:53:23,224 | INFO     | [603224] ------------------------------------------
2026-05-22 16:53:23,224 | INFO     | [603224] 📥 NHẬN YÊU CẦU QUÉT KHUÔN MẶT MỚI
2026-05-22 16:53:23,225 | INFO     | [603224] Đã xử lý ảnh thành công. Kích thước tensor: (1, 48, 48, 1)
2026-05-22 16:53:23,289 | INFO     | [603224] 📊 Chi tiết dự đoán: {'ANGRY': 6.05, 'DISGUST': 0.1, 'FEAR': 8.96, 'HAPPY': 47.38, 'NEUTRAL': 14.55, 'SAD': 21.65, 'SURPRISE': 1.3}
2026-05-22 16:53:23,289 | INFO     | [603224] 🎯 KẾT QUẢ CHỐT: HAPPY (47.38%)
2026-05-22 16:53:23,289 | INFO     | [603224] ⏱️ Thời gian phản hồi: 64.75 ms
2026-05-22 16:53:23,319 | INFO     | [603319] ------------------------------------------
2026-05-22 16:53:23,319 | INFO     | [603319] 📥 NHẬN YÊU CẦU QUÉT KHUÔN MẶT MỚI
2026-05-22 16:53:23,320 | INFO     | [603319] Đã xử lý ảnh thành công. Kích thước tensor: (1, 48, 48, 1)
2026-05-22 16:53:23,390 | INFO     | [603319] 📊 Chi tiết dự đoán: {'ANGRY': 6.17, 'DISGUST': 0.12, 'FEAR': 10.59, 'HAPPY': 34.3, 'NEUTRAL': 16.54, 'SAD': 30.98, 'SURPRISE': 1.29}
2026-05-22 16:53:23,390 | INFO     | [603319] 🎯 KẾT QUẢ CHỐT: HAPPY (34.30%)
2026-05-22 16:53:23,390 | INFO     | [603319] ⏱️ Thời gian phản hồi: 70.84 ms
2026-05-22 16:53:23,427 | INFO     | [603426] ------------------------------------------
2026-05-22 16:53:23,427 | INFO     | [603426] 📥 NHẬN YÊU CẦU QUÉT KHUÔN MẶT MỚI
2026-05-22 16:53:23,427 | INFO     | [603426] Đã xử lý ảnh thành công. Kích thước tensor: (1, 48, 48, 1)
2026-05-22 16:53:23,488 | INFO     | [603426] 📊 Chi tiết dự đoán: {'ANGRY': 6.56, 'DISGUST': 0.12, 'FEAR': 10.48, 'HAPPY': 43.33, 'NEUTRAL': 13.32, 'SAD': 24.46, 'SURPRISE': 1.74}
2026-05-22 16:53:23,488 | INFO     | [603426] 🎯 KẾT QUẢ CHỐT: HAPPY (43.33%)
2026-05-22 16:53:23,488 | INFO     | [603426] ⏱️ Thời gian phản hồi: 62.61 ms
2026-05-22 16:53:23,520 | INFO     | [603520] ------------------------------------------
2026-05-22 16:53:23,520 | INFO     | [603520] 📥 NHẬN YÊU CẦU QUÉT KHUÔN MẶT MỚI
2026-05-22 16:53:23,521 | INFO     | [603520] Đã xử lý ảnh thành công. Kích thước tensor: (1, 48, 48, 1)
2026-05-22 16:53:23,580 | INFO     | [603520] 📊 Chi tiết dự đoán: {'ANGRY': 6.67, 'DISGUST': 0.17, 'FEAR': 10.13, 'HAPPY': 45.39, 'NEUTRAL': 10.07, 'SAD': 26.11, 'SURPRISE': 1.45}
2026-05-22 16:53:23,580 | INFO     | [603520] 🎯 KẾT QUẢ CHỐT: HAPPY (45.39%)
2026-05-22 16:53:23,581 | INFO     | [603520] ⏱️ Thời gian phản hồi: 59.93 ms
2026-05-22 16:53:23,628 | INFO     | [603628] ------------------------------------------
2026-05-22 16:53:23,628 | INFO     | [603628] 📥 NHẬN YÊU CẦU QUÉT KHUÔN MẶT MỚI
2026-05-22 16:53:23,628 | INFO     | [603628] Đã xử lý ảnh thành công. Kích thước tensor: (1, 48, 48, 1)
2026-05-22 16:53:23,683 | INFO     | [603628] 📊 Chi tiết dự đoán: {'ANGRY': 7.61, 'DISGUST': 0.15, 'FEAR': 10.3, 'HAPPY': 40.07, 'NEUTRAL': 12.87, 'SAD': 27.61, 'SURPRISE': 1.38}
2026-05-22 16:53:23,684 | INFO     | [603628] 🎯 KẾT QUẢ CHỐT: HAPPY (40.07%)
2026-05-22 16:53:23,684 | INFO     | [603628] ⏱️ Thời gian phản hồi: 55.16 ms
2026-05-22 16:53:23,724 | INFO     | [603724] ------------------------------------------
2026-05-22 16:53:23,724 | INFO     | [603724] 📥 NHẬN YÊU CẦU QUÉT KHUÔN MẶT MỚI
2026-05-22 16:53:23,725 | INFO     | [603724] Đã xử lý ảnh thành công. Kích thước tensor: (1, 48, 48, 1)
2026-05-22 16:53:23,795 | INFO     | [603724] 📊 Chi tiết dự đoán: {'ANGRY': 7.4, 'DISGUST': 0.14, 'FEAR': 9.8, 'HAPPY': 35.01, 'NEUTRAL': 15.76, 'SAD': 30.64, 'SURPRISE': 1.25}
2026-05-22 16:53:23,795 | INFO     | [603724] 🎯 KẾT QUẢ CHỐT: HAPPY (35.01%)
2026-05-22 16:53:23,795 | INFO     | [603724] ⏱️ Thời gian phản hồi: 70.33 ms
2026-05-22 16:53:23,832 | INFO     | [603832] ------------------------------------------
2026-05-22 16:53:23,832 | INFO     | [603832] 📥 NHẬN YÊU CẦU QUÉT KHUÔN MẶT MỚI
2026-05-22 16:53:23,833 | INFO     | [603832] Đã xử lý ảnh thành công. Kích thước tensor: (1, 48, 48, 1)
2026-05-22 16:53:23,892 | INFO     | [603832] 📊 Chi tiết dự đoán: {'ANGRY': 6.23, 'DISGUST': 0.14, 'FEAR': 11.23, 'HAPPY': 39.04, 'NEUTRAL': 12.81, 'SAD': 29.02, 'SURPRISE': 1.52}
2026-05-22 16:53:23,892 | INFO     | [603832] 🎯 KẾT QUẢ CHỐT: HAPPY (39.04%)
2026-05-22 16:53:23,893 | INFO     | [603832] ⏱️ Thời gian phản hồi: 60.23 ms
2026-05-22 16:53:23,925 | INFO     | [603925] ------------------------------------------
2026-05-22 16:53:23,926 | INFO     | [603925] 📥 NHẬN YÊU CẦU QUÉT KHUÔN MẶT MỚI
2026-05-22 16:53:23,926 | INFO     | [603925] Đã xử lý ảnh thành công. Kích thước tensor: (1, 48, 48, 1)
2026-05-22 16:53:23,989 | INFO     | [603925] 📊 Chi tiết dự đoán: {'ANGRY': 6.26, 'DISGUST': 0.18, 'FEAR': 9.33, 'HAPPY': 40.14, 'NEUTRAL': 12.21, 'SAD': 30.25, 'SURPRISE': 1.63}
2026-05-22 16:53:23,989 | INFO     | [603925] 🎯 KẾT QUẢ CHỐT: HAPPY (40.14%)
2026-05-22 16:53:23,989 | INFO     | [603925] ⏱️ Thời gian phản hồi: 64.57 ms
2026-05-22 16:53:24,017 | INFO     | [604017] ------------------------------------------
2026-05-22 16:53:24,018 | INFO     | [604017] 📥 NHẬN YÊU CẦU QUÉT KHUÔN MẶT MỚI
2026-05-22 16:53:24,018 | INFO     | [604017] Đã xử lý ảnh thành công. Kích thước tensor: (1, 48, 48, 1)
2026-05-22 16:53:24,084 | INFO     | [604017] 📊 Chi tiết dự đoán: {'ANGRY': 6.1, 'DISGUST': 0.15, 'FEAR': 11.06, 'HAPPY': 32.12, 'NEUTRAL': 15.17, 'SAD': 34.09, 'SURPRISE': 1.31}
2026-05-22 16:53:24,084 | INFO     | [604017] 🎯 KẾT QUẢ CHỐT: SAD (34.09%)
2026-05-22 16:53:24,084 | INFO     | [604017] ⏱️ Thời gian phản hồi: 67.32 ms
2026-05-22 16:53:24,126 | INFO     | [604126] ------------------------------------------
2026-05-22 16:53:24,126 | INFO     | [604126] 📥 NHẬN YÊU CẦU QUÉT KHUÔN MẶT MỚI
2026-05-22 16:53:24,127 | INFO     | [604126] Đã xử lý ảnh thành công. Kích thước tensor: (1, 48, 48, 1)
2026-05-22 16:53:24,186 | INFO     | [604126] 📊 Chi tiết dự đoán: {'ANGRY': 6.05, 'DISGUST': 0.1, 'FEAR': 9.64, 'HAPPY': 44.72, 'NEUTRAL': 14.13, 'SAD': 23.92, 'SURPRISE': 1.45}
2026-05-22 16:53:24,186 | INFO     | [604126] 🎯 KẾT QUẢ CHỐT: HAPPY (44.72%)
2026-05-22 16:53:24,187 | INFO     | [604126] ⏱️ Thời gian phản hồi: 60.13 ms
2026-05-22 16:53:24,220 | INFO     | [604220] ------------------------------------------
2026-05-22 16:53:24,221 | INFO     | [604220] 📥 NHẬN YÊU CẦU QUÉT KHUÔN MẶT MỚI
2026-05-22 16:53:24,221 | INFO     | [604220] Đã xử lý ảnh thành công. Kích thước tensor: (1, 48, 48, 1)
2026-05-22 16:53:24,274 | INFO     | [604220] 📊 Chi tiết dự đoán: {'ANGRY': 5.71, 'DISGUST': 0.12, 'FEAR': 12.59, 'HAPPY': 40.76, 'NEUTRAL': 12.36, 'SAD': 26.85, 'SURPRISE': 1.61}
2026-05-22 16:53:24,275 | INFO     | [604220] 🎯 KẾT QUẢ CHỐT: HAPPY (40.76%)
2026-05-22 16:53:24,275 | INFO     | [604220] ⏱️ Thời gian phản hồi: 53.78 ms
2026-05-22 16:53:24,330 | INFO     | [604330] ------------------------------------------
2026-05-22 16:53:24,330 | INFO     | [604330] 📥 NHẬN YÊU CẦU QUÉT KHUÔN MẶT MỚI
2026-05-22 16:53:24,331 | INFO     | [604330] Đã xử lý ảnh thành công. Kích thước tensor: (1, 48, 48, 1)
2026-05-22 16:53:24,387 | INFO     | [604330] 📊 Chi tiết dự đoán: {'ANGRY': 5.85, 'DISGUST': 0.1, 'FEAR': 10.28, 'HAPPY': 48.07, 'NEUTRAL': 12.1, 'SAD': 21.79, 'SURPRISE': 1.81}
2026-05-22 16:53:24,387 | INFO     | [604330] 🎯 KẾT QUẢ CHỐT: HAPPY (48.07%)
2026-05-22 16:53:24,387 | INFO     | [604330] ⏱️ Thời gian phản hồi: 57.64 ms
2026-05-22 16:53:24,421 | INFO     | [604421] ------------------------------------------
2026-05-22 16:53:24,422 | INFO     | [604421] 📥 NHẬN YÊU CẦU QUÉT KHUÔN MẶT MỚI
2026-05-22 16:53:24,422 | INFO     | [604421] Đã xử lý ảnh thành công. Kích thước tensor: (1, 48, 48, 1)
2026-05-22 16:53:24,485 | INFO     | [604421] 📊 Chi tiết dự đoán: {'ANGRY': 8.51, 'DISGUST': 0.14, 'FEAR': 10.34, 'HAPPY': 43.51, 'NEUTRAL': 13.06, 'SAD': 22.96, 'SURPRISE': 1.48}
2026-05-22 16:53:24,485 | INFO     | [604421] 🎯 KẾT QUẢ CHỐT: HAPPY (43.51%)
2026-05-22 16:53:24,485 | INFO     | [604421] ⏱️ Thời gian phản hồi: 63.21 ms
2026-05-22 16:53:24,516 | INFO     | [604516] ------------------------------------------
2026-05-22 16:53:24,516 | INFO     | [604516] 📥 NHẬN YÊU CẦU QUÉT KHUÔN MẶT MỚI
2026-05-22 16:53:24,517 | INFO     | [604516] Đã xử lý ảnh thành công. Kích thước tensor: (1, 48, 48, 1)
2026-05-22 16:53:24,579 | INFO     | [604516] 📊 Chi tiết dự đoán: {'ANGRY': 8.13, 'DISGUST': 0.14, 'FEAR': 11.2, 'HAPPY': 32.17, 'NEUTRAL': 16.66, 'SAD': 30.36, 'SURPRISE': 1.34}
2026-05-22 16:53:24,579 | INFO     | [604516] 🎯 KẾT QUẢ CHỐT: HAPPY (32.17%)
2026-05-22 16:53:24,579 | INFO     | [604516] ⏱️ Thời gian phản hồi: 62.44 ms
2026-05-22 16:53:24,626 | INFO     | [604626] ------------------------------------------
2026-05-22 16:53:24,626 | INFO     | [604626] 📥 NHẬN YÊU CẦU QUÉT KHUÔN MẶT MỚI
2026-05-22 16:53:24,627 | INFO     | [604626] Đã xử lý ảnh thành công. Kích thước tensor: (1, 48, 48, 1)
2026-05-22 16:53:24,679 | INFO     | [604626] 📊 Chi tiết dự đoán: {'ANGRY': 5.63, 'DISGUST': 0.12, 'FEAR': 11.77, 'HAPPY': 39.98, 'NEUTRAL': 12.94, 'SAD': 27.46, 'SURPRISE': 2.1}
2026-05-22 16:53:24,679 | INFO     | [604626] 🎯 KẾT QUẢ CHỐT: HAPPY (39.98%)
2026-05-22 16:53:24,679 | INFO     | [604626] ⏱️ Thời gian phản hồi: 53.25 ms
2026-05-22 16:53:24,718 | INFO     | [604718] ------------------------------------------
2026-05-22 16:53:24,719 | INFO     | [604718] 📥 NHẬN YÊU CẦU QUÉT KHUÔN MẶT MỚI
2026-05-22 16:53:24,720 | INFO     | [604718] Đã xử lý ảnh thành công. Kích thước tensor: (1, 48, 48, 1)
2026-05-22 16:53:24,773 | INFO     | [604718] 📊 Chi tiết dự đoán: {'ANGRY': 5.37, 'DISGUST': 0.14, 'FEAR': 7.01, 'HAPPY': 59.22, 'NEUTRAL': 9.1, 'SAD': 17.53, 'SURPRISE': 1.64}
2026-05-22 16:53:24,773 | INFO     | [604718] 🎯 KẾT QUẢ CHỐT: HAPPY (59.22%)
2026-05-22 16:53:24,773 | INFO     | [604718] ⏱️ Thời gian phản hồi: 55.17 ms
2026-05-22 16:53:24,825 | INFO     | [604825] ------------------------------------------
2026-05-22 16:53:24,825 | INFO     | [604825] 📥 NHẬN YÊU CẦU QUÉT KHUÔN MẶT MỚI
2026-05-22 16:53:24,827 | INFO     | [604825] Đã xử lý ảnh thành công. Kích thước tensor: (1, 48, 48, 1)
2026-05-22 16:53:24,886 | INFO     | [604825] 📊 Chi tiết dự đoán: {'ANGRY': 5.59, 'DISGUST': 0.13, 'FEAR': 9.89, 'HAPPY': 38.43, 'NEUTRAL': 12.64, 'SAD': 31.95, 'SURPRISE': 1.36}
2026-05-22 16:53:24,886 | INFO     | [604825] 🎯 KẾT QUẢ CHỐT: HAPPY (38.43%)
2026-05-22 16:53:24,888 | INFO     | [604825] ⏱️ Thời gian phản hồi: 60.8 ms
2026-05-22 16:53:24,921 | INFO     | [604921] ------------------------------------------
2026-05-22 16:53:24,921 | INFO     | [604921] 📥 NHẬN YÊU CẦU QUÉT KHUÔN MẶT MỚI
2026-05-22 16:53:24,922 | INFO     | [604921] Đã xử lý ảnh thành công. Kích thước tensor: (1, 48, 48, 1)
2026-05-22 16:53:24,988 | INFO     | [604921] 📊 Chi tiết dự đoán: {'ANGRY': 6.59, 'DISGUST': 0.14, 'FEAR': 9.72, 'HAPPY': 38.51, 'NEUTRAL': 12.93, 'SAD': 30.74, 'SURPRISE': 1.39}
2026-05-22 16:53:24,989 | INFO     | [604921] 🎯 KẾT QUẢ CHỐT: HAPPY (38.51%)
2026-05-22 16:53:24,989 | INFO     | [604921] ⏱️ Thời gian phản hồi: 67.3 ms
2026-05-22 16:53:25,015 | INFO     | [605015] ------------------------------------------
2026-05-22 16:53:25,015 | INFO     | [605015] 📥 NHẬN YÊU CẦU QUÉT KHUÔN MẶT MỚI
2026-05-22 16:53:25,017 | INFO     | [605015] Đã xử lý ảnh thành công. Kích thước tensor: (1, 48, 48, 1)
2026-05-22 16:53:25,080 | INFO     | [605015] 📊 Chi tiết dự đoán: {'ANGRY': 7.02, 'DISGUST': 0.15, 'FEAR': 14.4, 'HAPPY': 30.66, 'NEUTRAL': 14.23, 'SAD': 31.38, 'SURPRISE': 2.17}
2026-05-22 16:53:25,080 | INFO     | [605015] 🎯 KẾT QUẢ CHỐT: SAD (31.38%)
2026-05-22 16:53:25,080 | INFO     | [605015] ⏱️ Thời gian phản hồi: 64.85 ms
2026-05-22 16:53:25,126 | INFO     | [605126] ------------------------------------------
2026-05-22 16:53:25,126 | INFO     | [605126] 📥 NHẬN YÊU CẦU QUÉT KHUÔN MẶT MỚI
2026-05-22 16:53:25,126 | INFO     | [605126] Đã xử lý ảnh thành công. Kích thước tensor: (1, 48, 48, 1)
2026-05-22 16:53:25,183 | INFO     | [605126] 📊 Chi tiết dự đoán: {'ANGRY': 7.71, 'DISGUST': 0.16, 'FEAR': 15.06, 'HAPPY': 31.03, 'NEUTRAL': 13.49, 'SAD': 30.6, 'SURPRISE': 1.96}
2026-05-22 16:53:25,184 | INFO     | [605126] 🎯 KẾT QUẢ CHỐT: HAPPY (31.03%)
2026-05-22 16:53:25,184 | INFO     | [605126] ⏱️ Thời gian phản hồi: 57.51 ms
2026-05-22 16:53:25,219 | INFO     | [605219] ------------------------------------------
2026-05-22 16:53:25,219 | INFO     | [605219] 📥 NHẬN YÊU CẦU QUÉT KHUÔN MẶT MỚI
2026-05-22 16:53:25,220 | INFO     | [605219] Đã xử lý ảnh thành công. Kích thước tensor: (1, 48, 48, 1)
2026-05-22 16:53:25,274 | INFO     | [605219] 📊 Chi tiết dự đoán: {'ANGRY': 7.65, 'DISGUST': 0.14, 'FEAR': 10.91, 'HAPPY': 33.15, 'NEUTRAL': 15.26, 'SAD': 31.28, 'SURPRISE': 1.61}
2026-05-22 16:53:25,275 | INFO     | [605219] 🎯 KẾT QUẢ CHỐT: HAPPY (33.15%)
2026-05-22 16:53:25,275 | INFO     | [605219] ⏱️ Thời gian phản hồi: 54.98 ms
2026-05-22 16:53:25,328 | INFO     | [605328] ------------------------------------------
2026-05-22 16:53:25,328 | INFO     | [605328] 📥 NHẬN YÊU CẦU QUÉT KHUÔN MẶT MỚI
2026-05-22 16:53:25,329 | INFO     | [605328] Đã xử lý ảnh thành công. Kích thước tensor: (1, 48, 48, 1)
2026-05-22 16:53:25,396 | INFO     | [605328] 📊 Chi tiết dự đoán: {'ANGRY': 7.61, 'DISGUST': 0.13, 'FEAR': 9.57, 'HAPPY': 43.02, 'NEUTRAL': 12.96, 'SAD': 25.1, 'SURPRISE': 1.61}
2026-05-22 16:53:25,396 | INFO     | [605328] 🎯 KẾT QUẢ CHỐT: HAPPY (43.02%)
2026-05-22 16:53:25,396 | INFO     | [605328] ⏱️ Thời gian phản hồi: 67.89 ms
2026-05-22 16:53:25,420 | INFO     | [605420] ------------------------------------------
2026-05-22 16:53:25,421 | INFO     | [605420] 📥 NHẬN YÊU CẦU QUÉT KHUÔN MẶT MỚI
2026-05-22 16:53:25,421 | INFO     | [605420] Đã xử lý ảnh thành công. Kích thước tensor: (1, 48, 48, 1)
2026-05-22 16:53:25,474 | INFO     | [605420] 📊 Chi tiết dự đoán: {'ANGRY': 7.31, 'DISGUST': 0.13, 'FEAR': 9.46, 'HAPPY': 42.74, 'NEUTRAL': 13.22, 'SAD': 25.69, 'SURPRISE': 1.44}
2026-05-22 16:53:25,474 | INFO     | [605420] 🎯 KẾT QUẢ CHỐT: HAPPY (42.74%)
2026-05-22 16:53:25,474 | INFO     | [605420] ⏱️ Thời gian phản hồi: 54.74 ms
2026-05-22 16:53:25,530 | INFO     | [605530] ------------------------------------------
2026-05-22 16:53:25,530 | INFO     | [605530] 📥 NHẬN YÊU CẦU QUÉT KHUÔN MẶT MỚI
2026-05-22 16:53:25,531 | INFO     | [605530] Đã xử lý ảnh thành công. Kích thước tensor: (1, 48, 48, 1)
2026-05-22 16:53:25,592 | INFO     | [605530] 📊 Chi tiết dự đoán: {'ANGRY': 7.06, 'DISGUST': 0.18, 'FEAR': 10.1, 'HAPPY': 32.76, 'NEUTRAL': 14.36, 'SAD': 33.94, 'SURPRISE': 1.6}
2026-05-22 16:53:25,593 | INFO     | [605530] 🎯 KẾT QUẢ CHỐT: SAD (33.94%)
2026-05-22 16:53:25,593 | INFO     | [605530] ⏱️ Thời gian phản hồi: 62.24 ms
2026-05-22 16:53:25,623 | INFO     | [605623] ------------------------------------------
2026-05-22 16:53:25,623 | INFO     | [605623] 📥 NHẬN YÊU CẦU QUÉT KHUÔN MẶT MỚI
2026-05-22 16:53:25,624 | INFO     | [605623] Đã xử lý ảnh thành công. Kích thước tensor: (1, 48, 48, 1)
2026-05-22 16:53:25,691 | INFO     | [605623] 📊 Chi tiết dự đoán: {'ANGRY': 8.08, 'DISGUST': 0.19, 'FEAR': 9.05, 'HAPPY': 39.14, 'NEUTRAL': 13.21, 'SAD': 29.02, 'SURPRISE': 1.31}
2026-05-22 16:53:25,691 | INFO     | [605623] 🎯 KẾT QUẢ CHỐT: HAPPY (39.14%)
2026-05-22 16:53:25,691 | INFO     | [605623] ⏱️ Thời gian phản hồi: 68.11 ms
2026-05-22 16:53:25,717 | INFO     | [605717] ------------------------------------------
2026-05-22 16:53:25,717 | INFO     | [605717] 📥 NHẬN YÊU CẦU QUÉT KHUÔN MẶT MỚI
2026-05-22 16:53:25,718 | INFO     | [605717] Đã xử lý ảnh thành công. Kích thước tensor: (1, 48, 48, 1)
2026-05-22 16:53:25,781 | INFO     | [605717] 📊 Chi tiết dự đoán: {'ANGRY': 7.73, 'DISGUST': 0.15, 'FEAR': 9.87, 'HAPPY': 35.95, 'NEUTRAL': 14.44, 'SAD': 30.66, 'SURPRISE': 1.2}
2026-05-22 16:53:25,781 | INFO     | [605717] 🎯 KẾT QUẢ CHỐT: HAPPY (35.95%)
2026-05-22 16:53:25,781 | INFO     | [605717] ⏱️ Thời gian phản hồi: 64.66 ms
2026-05-22 16:53:25,825 | INFO     | [605825] ------------------------------------------
2026-05-22 16:53:25,825 | INFO     | [605825] 📥 NHẬN YÊU CẦU QUÉT KHUÔN MẶT MỚI
2026-05-22 16:53:25,825 | INFO     | [605825] Đã xử lý ảnh thành công. Kích thước tensor: (1, 48, 48, 1)
2026-05-22 16:53:25,886 | INFO     | [605825] 📊 Chi tiết dự đoán: {'ANGRY': 7.35, 'DISGUST': 0.18, 'FEAR': 11.23, 'HAPPY': 33.39, 'NEUTRAL': 14.46, 'SAD': 31.74, 'SURPRISE': 1.65}
2026-05-22 16:53:25,886 | INFO     | [605825] 🎯 KẾT QUẢ CHỐT: HAPPY (33.39%)
2026-05-22 16:53:25,887 | INFO     | [605825] ⏱️ Thời gian phản hồi: 61.24 ms
2026-05-22 16:53:25,917 | INFO     | [605917] ------------------------------------------
2026-05-22 16:53:25,918 | INFO     | [605917] 📥 NHẬN YÊU CẦU QUÉT KHUÔN MẶT MỚI
2026-05-22 16:53:25,919 | INFO     | [605917] Đã xử lý ảnh thành công. Kích thước tensor: (1, 48, 48, 1)
2026-05-22 16:53:25,979 | INFO     | [605917] 📊 Chi tiết dự đoán: {'ANGRY': 8.08, 'DISGUST': 0.16, 'FEAR': 9.47, 'HAPPY': 41.35, 'NEUTRAL': 13.51, 'SAD': 25.83, 'SURPRISE': 1.6}
2026-05-22 16:53:25,979 | INFO     | [605917] 🎯 KẾT QUẢ CHỐT: HAPPY (41.35%)
2026-05-22 16:53:25,979 | INFO     | [605917] ⏱️ Thời gian phản hồi: 62.09 ms
2026-05-22 16:53:26,025 | INFO     | [606025] ------------------------------------------
2026-05-22 16:53:26,027 | INFO     | [606025] 📥 NHẬN YÊU CẦU QUÉT KHUÔN MẶT MỚI
2026-05-22 16:53:26,028 | INFO     | [606025] Đã xử lý ảnh thành công. Kích thước tensor: (1, 48, 48, 1)
2026-05-22 16:53:26,095 | INFO     | [606025] 📊 Chi tiết dự đoán: {'ANGRY': 6.84, 'DISGUST': 0.14, 'FEAR': 9.96, 'HAPPY': 33.03, 'NEUTRAL': 15.24, 'SAD': 33.23, 'SURPRISE': 1.57}
2026-05-22 16:53:26,097 | INFO     | [606025] 🎯 KẾT QUẢ CHỐT: SAD (33.23%)
2026-05-22 16:53:26,097 | INFO     | [606025] ⏱️ Thời gian phản hồi: 70.08 ms
2026-05-22 16:53:26,118 | INFO     | [606118] ------------------------------------------
2026-05-22 16:53:26,118 | INFO     | [606118] 📥 NHẬN YÊU CẦU QUÉT KHUÔN MẶT MỚI
2026-05-22 16:53:26,120 | INFO     | [606118] Đã xử lý ảnh thành công. Kích thước tensor: (1, 48, 48, 1)
2026-05-22 16:53:26,192 | INFO     | [606118] 📊 Chi tiết dự đoán: {'ANGRY': 7.14, 'DISGUST': 0.15, 'FEAR': 9.68, 'HAPPY': 31.12, 'NEUTRAL': 15.55, 'SAD': 34.97, 'SURPRISE': 1.38}
2026-05-22 16:53:26,192 | INFO     | [606118] 🎯 KẾT QUẢ CHỐT: SAD (34.97%)
2026-05-22 16:53:26,192 | INFO     | [606118] ⏱️ Thời gian phản hồi: 74.14 ms
2026-05-22 16:53:26,227 | INFO     | [606227] ------------------------------------------
2026-05-22 16:53:26,227 | INFO     | [606227] 📥 NHẬN YÊU CẦU QUÉT KHUÔN MẶT MỚI
2026-05-22 16:53:26,228 | INFO     | [606227] Đã xử lý ảnh thành công. Kích thước tensor: (1, 48, 48, 1)
2026-05-22 16:53:26,290 | INFO     | [606227] 📊 Chi tiết dự đoán: {'ANGRY': 3.18, 'DISGUST': 0.04, 'FEAR': 8.83, 'HAPPY': 5.13, 'NEUTRAL': 14.03, 'SAD': 67.08, 'SURPRISE': 1.73}
2026-05-22 16:53:26,290 | INFO     | [606227] 🎯 KẾT QUẢ CHỐT: SAD (67.08%)
2026-05-22 16:53:26,290 | INFO     | [606227] ⏱️ Thời gian phản hồi: 62.27 ms
2026-05-22 16:53:26,323 | INFO     | [606323] ------------------------------------------
2026-05-22 16:53:26,323 | INFO     | [606323] 📥 NHẬN YÊU CẦU QUÉT KHUÔN MẶT MỚI
2026-05-22 16:53:26,324 | INFO     | [606323] Đã xử lý ảnh thành công. Kích thước tensor: (1, 48, 48, 1)
2026-05-22 16:53:26,390 | INFO     | [606323] 📊 Chi tiết dự đoán: {'ANGRY': 3.17, 'DISGUST': 0.03, 'FEAR': 8.1, 'HAPPY': 6.99, 'NEUTRAL': 13.36, 'SAD': 67.27, 'SURPRISE': 1.09}
2026-05-22 16:53:26,390 | INFO     | [606323] 🎯 KẾT QUẢ CHỐT: SAD (67.27%)
2026-05-22 16:53:26,390 | INFO     | [606323] ⏱️ Thời gian phản hồi: 67.04 ms
2026-05-22 16:53:26,414 | INFO     | [606414] ------------------------------------------
2026-05-22 16:53:26,414 | INFO     | [606414] 📥 NHẬN YÊU CẦU QUÉT KHUÔN MẶT MỚI
2026-05-22 16:53:26,414 | INFO     | [606414] Đã xử lý ảnh thành công. Kích thước tensor: (1, 48, 48, 1)
2026-05-22 16:53:26,478 | INFO     | [606414] 📊 Chi tiết dự đoán: {'ANGRY': 3.14, 'DISGUST': 0.03, 'FEAR': 8.27, 'HAPPY': 7.85, 'NEUTRAL': 14.45, 'SAD': 65.05, 'SURPRISE': 1.21}
2026-05-22 16:53:26,478 | INFO     | [606414] 🎯 KẾT QUẢ CHỐT: SAD (65.05%)
2026-05-22 16:53:26,478 | INFO     | [606414] ⏱️ Thời gian phản hồi: 63.94 ms
2026-05-22 16:53:26,522 | INFO     | [606522] ------------------------------------------
2026-05-22 16:53:26,523 | INFO     | [606522] 📥 NHẬN YÊU CẦU QUÉT KHUÔN MẶT MỚI
2026-05-22 16:53:26,523 | INFO     | [606522] Đã xử lý ảnh thành công. Kích thước tensor: (1, 48, 48, 1)
2026-05-22 16:53:26,590 | INFO     | [606522] 📊 Chi tiết dự đoán: {'ANGRY': 3.66, 'DISGUST': 0.04, 'FEAR': 8.99, 'HAPPY': 7.55, 'NEUTRAL': 13.61, 'SAD': 64.54, 'SURPRISE': 1.6}
2026-05-22 16:53:26,590 | INFO     | [606522] 🎯 KẾT QUẢ CHỐT: SAD (64.54%)
2026-05-22 16:53:26,590 | INFO     | [606522] ⏱️ Thời gian phản hồi: 67.74 ms
2026-05-22 16:53:26,615 | INFO     | [606615] ------------------------------------------
2026-05-22 16:53:26,615 | INFO     | [606615] 📥 NHẬN YÊU CẦU QUÉT KHUÔN MẶT MỚI
2026-05-22 16:53:26,617 | INFO     | [606615] Đã xử lý ảnh thành công. Kích thước tensor: (1, 48, 48, 1)
2026-05-22 16:53:26,677 | INFO     | [606615] 📊 Chi tiết dự đoán: {'ANGRY': 3.68, 'DISGUST': 0.04, 'FEAR': 9.09, 'HAPPY': 9.92, 'NEUTRAL': 14.05, 'SAD': 61.56, 'SURPRISE': 1.66}
2026-05-22 16:53:26,678 | INFO     | [606615] 🎯 KẾT QUẢ CHỐT: SAD (61.56%)
2026-05-22 16:53:26,678 | INFO     | [606615] ⏱️ Thời gian phản hồi: 61.74 ms
2026-05-22 16:53:26,740 | INFO     | [606740] ------------------------------------------
2026-05-22 16:53:26,741 | INFO     | [606740] 📥 NHẬN YÊU CẦU QUÉT KHUÔN MẶT MỚI
2026-05-22 16:53:26,741 | INFO     | [606740] Đã xử lý ảnh thành công. Kích thước tensor: (1, 48, 48, 1)
2026-05-22 16:53:26,798 | INFO     | [606740] 📊 Chi tiết dự đoán: {'ANGRY': 3.93, 'DISGUST': 0.04, 'FEAR': 8.88, 'HAPPY': 5.7, 'NEUTRAL': 15.99, 'SAD': 63.35, 'SURPRISE': 2.1}
2026-05-22 16:53:26,798 | INFO     | [606740] 🎯 KẾT QUẢ CHỐT: SAD (63.35%)
2026-05-22 16:53:26,798 | INFO     | [606740] ⏱️ Thời gian phản hồi: 58.05 ms
2026-05-22 16:53:26,817 | INFO     | [606817] ------------------------------------------
2026-05-22 16:53:26,817 | INFO     | [606817] 📥 NHẬN YÊU CẦU QUÉT KHUÔN MẶT MỚI
2026-05-22 16:53:26,818 | INFO     | [606817] Đã xử lý ảnh thành công. Kích thước tensor: (1, 48, 48, 1)
2026-05-22 16:53:26,877 | INFO     | [606817] 📊 Chi tiết dự đoán: {'ANGRY': 3.35, 'DISGUST': 0.04, 'FEAR': 8.71, 'HAPPY': 6.08, 'NEUTRAL': 17.06, 'SAD': 62.51, 'SURPRISE': 2.25}
2026-05-22 16:53:26,878 | INFO     | [606817] 🎯 KẾT QUẢ CHỐT: SAD (62.51%)
2026-05-22 16:53:26,878 | INFO     | [606817] ⏱️ Thời gian phản hồi: 60.01 ms
2026-05-22 16:53:26,911 | INFO     | [606911] ------------------------------------------
2026-05-22 16:53:26,913 | INFO     | [606911] 📥 NHẬN YÊU CẦU QUÉT KHUÔN MẶT MỚI
2026-05-22 16:53:26,913 | INFO     | [606911] Đã xử lý ảnh thành công. Kích thước tensor: (1, 48, 48, 1)
2026-05-22 16:53:26,980 | INFO     | [606911] 📊 Chi tiết dự đoán: {'ANGRY': 3.14, 'DISGUST': 0.03, 'FEAR': 9.24, 'HAPPY': 4.4, 'NEUTRAL': 16.14, 'SAD': 65.05, 'SURPRISE': 2.0}
2026-05-22 16:53:26,980 | INFO     | [606911] 🎯 KẾT QUẢ CHỐT: SAD (65.05%)
2026-05-22 16:53:26,980 | INFO     | [606911] ⏱️ Thời gian phản hồi: 68.33 ms
2026-05-22 16:53:27,021 | INFO     | [607021] ------------------------------------------
2026-05-22 16:53:27,022 | INFO     | [607021] 📥 NHẬN YÊU CẦU QUÉT KHUÔN MẶT MỚI
2026-05-22 16:53:27,022 | INFO     | [607021] Đã xử lý ảnh thành công. Kích thước tensor: (1, 48, 48, 1)
2026-05-22 16:53:27,081 | INFO     | [607021] 📊 Chi tiết dự đoán: {'ANGRY': 3.48, 'DISGUST': 0.04, 'FEAR': 9.41, 'HAPPY': 4.43, 'NEUTRAL': 16.08, 'SAD': 64.64, 'SURPRISE': 1.92}
2026-05-22 16:53:27,082 | INFO     | [607021] 🎯 KẾT QUẢ CHỐT: SAD (64.64%)
2026-05-22 16:53:27,082 | INFO     | [607021] ⏱️ Thời gian phản hồi: 59.99 ms
2026-05-22 16:53:27,115 | INFO     | [607115] ------------------------------------------
2026-05-22 16:53:27,115 | INFO     | [607115] 📥 NHẬN YÊU CẦU QUÉT KHUÔN MẶT MỚI
2026-05-22 16:53:27,116 | INFO     | [607115] Đã xử lý ảnh thành công. Kích thước tensor: (1, 48, 48, 1)
2026-05-22 16:53:27,173 | INFO     | [607115] 📊 Chi tiết dự đoán: {'ANGRY': 3.41, 'DISGUST': 0.04, 'FEAR': 8.95, 'HAPPY': 6.61, 'NEUTRAL': 16.06, 'SAD': 63.13, 'SURPRISE': 1.81}
2026-05-22 16:53:27,173 | INFO     | [607115] 🎯 KẾT QUẢ CHỐT: SAD (63.13%)
2026-05-22 16:53:27,173 | INFO     | [607115] ⏱️ Thời gian phản hồi: 57.75 ms
2026-05-22 16:53:27,223 | INFO     | [607223] ------------------------------------------
2026-05-22 16:53:27,224 | INFO     | [607223] 📥 NHẬN YÊU CẦU QUÉT KHUÔN MẶT MỚI
2026-05-22 16:53:27,225 | INFO     | [607223] Đã xử lý ảnh thành công. Kích thước tensor: (1, 48, 48, 1)
2026-05-22 16:53:27,289 | INFO     | [607223] 📊 Chi tiết dự đoán: {'ANGRY': 3.4, 'DISGUST': 0.04, 'FEAR': 7.7, 'HAPPY': 5.15, 'NEUTRAL': 12.15, 'SAD': 69.99, 'SURPRISE': 1.57}
2026-05-22 16:53:27,289 | INFO     | [607223] 🎯 KẾT QUẢ CHỐT: SAD (69.99%)
2026-05-22 16:53:27,289 | INFO     | [607223] ⏱️ Thời gian phản hồi: 65.82 ms
2026-05-22 16:53:27,317 | INFO     | [607317] ------------------------------------------
2026-05-22 16:53:27,317 | INFO     | [607317] 📥 NHẬN YÊU CẦU QUÉT KHUÔN MẶT MỚI
2026-05-22 16:53:27,318 | INFO     | [607317] Đã xử lý ảnh thành công. Kích thước tensor: (1, 48, 48, 1)
2026-05-22 16:53:27,372 | INFO     | [607317] 📊 Chi tiết dự đoán: {'ANGRY': 3.64, 'DISGUST': 0.03, 'FEAR': 8.25, 'HAPPY': 7.9, 'NEUTRAL': 15.44, 'SAD': 63.25, 'SURPRISE': 1.5}
2026-05-22 16:53:27,373 | INFO     | [607317] 🎯 KẾT QUẢ CHỐT: SAD (63.25%)
2026-05-22 16:53:27,373 | INFO     | [607317] ⏱️ Thời gian phản hồi: 55.11 ms
2026-05-22 16:53:27,411 | INFO     | [607411] ------------------------------------------
2026-05-22 16:53:27,412 | INFO     | [607411] 📥 NHẬN YÊU CẦU QUÉT KHUÔN MẶT MỚI
2026-05-22 16:53:27,412 | INFO     | [607411] Đã xử lý ảnh thành công. Kích thước tensor: (1, 48, 48, 1)
2026-05-22 16:53:27,469 | INFO     | [607411] 📊 Chi tiết dự đoán: {'ANGRY': 2.95, 'DISGUST': 0.03, 'FEAR': 8.8, 'HAPPY': 4.44, 'NEUTRAL': 15.1, 'SAD': 66.93, 'SURPRISE': 1.76}
2026-05-22 16:53:27,469 | INFO     | [607411] 🎯 KẾT QUẢ CHỐT: SAD (66.93%)
2026-05-22 16:53:27,469 | INFO     | [607411] ⏱️ Thời gian phản hồi: 57.38 ms
2026-05-22 16:53:27,519 | INFO     | [607519] ------------------------------------------
2026-05-22 16:53:27,519 | INFO     | [607519] 📥 NHẬN YÊU CẦU QUÉT KHUÔN MẶT MỚI
2026-05-22 16:53:27,520 | INFO     | [607519] Đã xử lý ảnh thành công. Kích thước tensor: (1, 48, 48, 1)
2026-05-22 16:53:27,579 | INFO     | [607519] 📊 Chi tiết dự đoán: {'ANGRY': 3.03, 'DISGUST': 0.03, 'FEAR': 8.79, 'HAPPY': 3.7, 'NEUTRAL': 15.13, 'SAD': 67.57, 'SURPRISE': 1.75}
2026-05-22 16:53:27,579 | INFO     | [607519] 🎯 KẾT QUẢ CHỐT: SAD (67.57%)
2026-05-22 16:53:27,579 | INFO     | [607519] ⏱️ Thời gian phản hồi: 59.7 ms
2026-05-22 16:53:27,614 | INFO     | [607614] ------------------------------------------
2026-05-22 16:53:27,614 | INFO     | [607614] 📥 NHẬN YÊU CẦU QUÉT KHUÔN MẶT MỚI
2026-05-22 16:53:27,614 | INFO     | [607614] Đã xử lý ảnh thành công. Kích thước tensor: (1, 48, 48, 1)
2026-05-22 16:53:27,675 | INFO     | [607614] 📊 Chi tiết dự đoán: {'ANGRY': 3.54, 'DISGUST': 0.04, 'FEAR': 9.19, 'HAPPY': 6.41, 'NEUTRAL': 14.72, 'SAD': 64.03, 'SURPRISE': 2.07}
2026-05-22 16:53:27,675 | INFO     | [607614] 🎯 KẾT QUẢ CHỐT: SAD (64.03%)
2026-05-22 16:53:27,675 | INFO     | [607614] ⏱️ Thời gian phản hồi: 60.27 ms
2026-05-22 16:53:27,722 | INFO     | [607722] ------------------------------------------
2026-05-22 16:53:27,722 | INFO     | [607722] 📥 NHẬN YÊU CẦU QUÉT KHUÔN MẶT MỚI
2026-05-22 16:53:27,724 | INFO     | [607722] Đã xử lý ảnh thành công. Kích thước tensor: (1, 48, 48, 1)
2026-05-22 16:53:27,791 | INFO     | [607722] 📊 Chi tiết dự đoán: {'ANGRY': 2.96, 'DISGUST': 0.03, 'FEAR': 8.74, 'HAPPY': 6.39, 'NEUTRAL': 14.1, 'SAD': 65.96, 'SURPRISE': 1.82}
2026-05-22 16:53:27,792 | INFO     | [607722] 🎯 KẾT QUẢ CHỐT: SAD (65.96%)
2026-05-22 16:53:27,792 | INFO     | [607722] ⏱️ Thời gian phản hồi: 68.73 ms
2026-05-22 16:53:27,815 | INFO     | [607815] ------------------------------------------
2026-05-22 16:53:27,816 | INFO     | [607815] 📥 NHẬN YÊU CẦU QUÉT KHUÔN MẶT MỚI
2026-05-22 16:53:27,817 | INFO     | [607815] Đã xử lý ảnh thành công. Kích thước tensor: (1, 48, 48, 1)
2026-05-22 16:53:27,871 | INFO     | [607815] 📊 Chi tiết dự đoán: {'ANGRY': 3.3, 'DISGUST': 0.04, 'FEAR': 8.77, 'HAPPY': 5.58, 'NEUTRAL': 10.84, 'SAD': 69.84, 'SURPRISE': 1.63}
2026-05-22 16:53:27,873 | INFO     | [607815] 🎯 KẾT QUẢ CHỐT: SAD (69.84%)
2026-05-22 16:53:27,873 | INFO     | [607815] ⏱️ Thời gian phản hồi: 56.15 ms
2026-05-22 16:53:27,926 | INFO     | [607926] ------------------------------------------
2026-05-22 16:53:27,926 | INFO     | [607926] 📥 NHẬN YÊU CẦU QUÉT KHUÔN MẶT MỚI
2026-05-22 16:53:27,927 | INFO     | [607926] Đã xử lý ảnh thành công. Kích thước tensor: (1, 48, 48, 1)
2026-05-22 16:53:28,006 | INFO     | [607926] 📊 Chi tiết dự đoán: {'ANGRY': 2.94, 'DISGUST': 0.03, 'FEAR': 8.34, 'HAPPY': 5.68, 'NEUTRAL': 12.83, 'SAD': 68.91, 'SURPRISE': 1.27}
2026-05-22 16:53:28,006 | INFO     | [607926] 🎯 KẾT QUẢ CHỐT: SAD (68.91%)
2026-05-22 16:53:28,006 | INFO     | [607926] ⏱️ Thời gian phản hồi: 79.8 ms
2026-05-22 16:53:28,050 | INFO     | [608050] ------------------------------------------
2026-05-22 16:53:28,050 | INFO     | [608050] 📥 NHẬN YÊU CẦU QUÉT KHUÔN MẶT MỚI
2026-05-22 16:53:28,051 | INFO     | [608050] Đã xử lý ảnh thành công. Kích thước tensor: (1, 48, 48, 1)
2026-05-22 16:53:28,120 | INFO     | [608050] 📊 Chi tiết dự đoán: {'ANGRY': 3.53, 'DISGUST': 0.04, 'FEAR': 10.26, 'HAPPY': 5.86, 'NEUTRAL': 16.19, 'SAD': 61.83, 'SURPRISE': 2.27}
2026-05-22 16:53:28,120 | INFO     | [608050] 🎯 KẾT QUẢ CHỐT: SAD (61.83%)
2026-05-22 16:53:28,120 | INFO     | [608050] ⏱️ Thời gian phản hồi: 69.2 ms
2026-05-22 16:53:28,126 | INFO     | [608126] ------------------------------------------
2026-05-22 16:53:28,126 | INFO     | [608126] 📥 NHẬN YÊU CẦU QUÉT KHUÔN MẶT MỚI
2026-05-22 16:53:28,127 | INFO     | [608126] Đã xử lý ảnh thành công. Kích thước tensor: (1, 48, 48, 1)
2026-05-22 16:53:28,202 | INFO     | [608126] 📊 Chi tiết dự đoán: {'ANGRY': 3.28, 'DISGUST': 0.04, 'FEAR': 9.77, 'HAPPY': 21.59, 'NEUTRAL': 12.36, 'SAD': 51.29, 'SURPRISE': 1.67}
2026-05-22 16:53:28,202 | INFO     | [608126] 🎯 KẾT QUẢ CHỐT: SAD (51.29%)
2026-05-22 16:53:28,202 | INFO     | [608126] ⏱️ Thời gian phản hồi: 75.68 ms
2026-05-22 16:53:28,236 | INFO     | [608236] ------------------------------------------
2026-05-22 16:53:28,236 | INFO     | [608236] 📥 NHẬN YÊU CẦU QUÉT KHUÔN MẶT MỚI
2026-05-22 16:53:28,236 | INFO     | [608236] Đã xử lý ảnh thành công. Kích thước tensor: (1, 48, 48, 1)
2026-05-22 16:53:28,303 | INFO     | [608236] 📊 Chi tiết dự đoán: {'ANGRY': 9.25, 'DISGUST': 0.17, 'FEAR': 9.29, 'HAPPY': 42.41, 'NEUTRAL': 12.13, 'SAD': 25.34, 'SURPRISE': 1.41}
2026-05-22 16:53:28,303 | INFO     | [608236] 🎯 KẾT QUẢ CHỐT: HAPPY (42.41%)
2026-05-22 16:53:28,303 | INFO     | [608236] ⏱️ Thời gian phản hồi: 67.0 ms
2026-05-22 16:53:28,329 | INFO     | [608329] ------------------------------------------
2026-05-22 16:53:28,329 | INFO     | [608329] 📥 NHẬN YÊU CẦU QUÉT KHUÔN MẶT MỚI
2026-05-22 16:53:28,330 | INFO     | [608329] Đã xử lý ảnh thành công. Kích thước tensor: (1, 48, 48, 1)
2026-05-22 16:53:28,398 | INFO     | [608329] 📊 Chi tiết dự đoán: {'ANGRY': 8.43, 'DISGUST': 0.15, 'FEAR': 7.19, 'HAPPY': 52.35, 'NEUTRAL': 12.23, 'SAD': 18.4, 'SURPRISE': 1.25}
2026-05-22 16:53:28,398 | INFO     | [608329] 🎯 KẾT QUẢ CHỐT: HAPPY (52.35%)
2026-05-22 16:53:28,398 | INFO     | [608329] ⏱️ Thời gian phản hồi: 68.62 ms
2026-05-22 16:53:28,436 | INFO     | [608436] ------------------------------------------
2026-05-22 16:53:28,437 | INFO     | [608436] 📥 NHẬN YÊU CẦU QUÉT KHUÔN MẶT MỚI
2026-05-22 16:53:28,437 | INFO     | [608436] Đã xử lý ảnh thành công. Kích thước tensor: (1, 48, 48, 1)
2026-05-22 16:53:28,540 | INFO     | [608436] 📊 Chi tiết dự đoán: {'ANGRY': 8.04, 'DISGUST': 0.14, 'FEAR': 8.38, 'HAPPY': 46.51, 'NEUTRAL': 11.35, 'SAD': 24.05, 'SURPRISE': 1.51}
2026-05-22 16:53:28,540 | INFO     | [608436] 🎯 KẾT QUẢ CHỐT: HAPPY (46.51%)
2026-05-22 16:53:28,541 | INFO     | [608436] ⏱️ Thời gian phản hồi: 104.15 ms
2026-05-22 16:53:28,546 | INFO     | [608546] ------------------------------------------
2026-05-22 16:53:28,546 | INFO     | [608546] 📥 NHẬN YÊU CẦU QUÉT KHUÔN MẶT MỚI
2026-05-22 16:53:28,547 | INFO     | [608546] Đã xử lý ảnh thành công. Kích thước tensor: (1, 48, 48, 1)
2026-05-22 16:53:28,610 | INFO     | [608546] 📊 Chi tiết dự đoán: {'ANGRY': 8.76, 'DISGUST': 0.19, 'FEAR': 9.4, 'HAPPY': 37.88, 'NEUTRAL': 11.52, 'SAD': 30.92, 'SURPRISE': 1.32}
2026-05-22 16:53:28,610 | INFO     | [608546] 🎯 KẾT QUẢ CHỐT: HAPPY (37.88%)
2026-05-22 16:53:28,610 | INFO     | [608546] ⏱️ Thời gian phản hồi: 64.71 ms
2026-05-22 16:53:28,636 | INFO     | [608636] ------------------------------------------
2026-05-22 16:53:28,638 | INFO     | [608636] 📥 NHẬN YÊU CẦU QUÉT KHUÔN MẶT MỚI
2026-05-22 16:53:28,638 | INFO     | [608636] Đã xử lý ảnh thành công. Kích thước tensor: (1, 48, 48, 1)
2026-05-22 16:53:28,698 | INFO     | [608636] 📊 Chi tiết dự đoán: {'ANGRY': 8.23, 'DISGUST': 0.16, 'FEAR': 8.83, 'HAPPY': 46.17, 'NEUTRAL': 10.21, 'SAD': 24.61, 'SURPRISE': 1.8}
2026-05-22 16:53:28,698 | INFO     | [608636] 🎯 KẾT QUẢ CHỐT: HAPPY (46.17%)
2026-05-22 16:53:28,698 | INFO     | [608636] ⏱️ Thời gian phản hồi: 61.47 ms
2026-05-22 16:53:28,721 | INFO     | [608721] ------------------------------------------
2026-05-22 16:53:28,721 | INFO     | [608721] 📥 NHẬN YÊU CẦU QUÉT KHUÔN MẶT MỚI
2026-05-22 16:53:28,722 | INFO     | [608721] Đã xử lý ảnh thành công. Kích thước tensor: (1, 48, 48, 1)
2026-05-22 16:53:28,783 | INFO     | [608721] 📊 Chi tiết dự đoán: {'ANGRY': 8.16, 'DISGUST': 0.17, 'FEAR': 8.54, 'HAPPY': 45.36, 'NEUTRAL': 9.75, 'SAD': 26.7, 'SURPRISE': 1.32}
2026-05-22 16:53:28,784 | INFO     | [608721] 🎯 KẾT QUẢ CHỐT: HAPPY (45.36%)
2026-05-22 16:53:28,784 | INFO     | [608721] ⏱️ Thời gian phản hồi: 61.57 ms
2026-05-22 16:53:28,841 | INFO     | [608841] ------------------------------------------
2026-05-22 16:53:28,842 | INFO     | [608841] 📥 NHẬN YÊU CẦU QUÉT KHUÔN MẶT MỚI
2026-05-22 16:53:28,842 | INFO     | [608841] Đã xử lý ảnh thành công. Kích thước tensor: (1, 48, 48, 1)
2026-05-22 16:53:28,898 | INFO     | [608841] 📊 Chi tiết dự đoán: {'ANGRY': 7.7, 'DISGUST': 0.19, 'FEAR': 6.9, 'HAPPY': 56.12, 'NEUTRAL': 10.01, 'SAD': 17.45, 'SURPRISE': 1.63}
2026-05-22 16:53:28,898 | INFO     | [608841] 🎯 KẾT QUẢ CHỐT: HAPPY (56.12%)
2026-05-22 16:53:28,898 | INFO     | [608841] ⏱️ Thời gian phản hồi: 57.32 ms
2026-05-22 16:53:28,933 | INFO     | [608933] ------------------------------------------
2026-05-22 16:53:28,933 | INFO     | [608933] 📥 NHẬN YÊU CẦU QUÉT KHUÔN MẶT MỚI
2026-05-22 16:53:28,933 | INFO     | [608933] Đã xử lý ảnh thành công. Kích thước tensor: (1, 48, 48, 1)
2026-05-22 16:53:28,990 | INFO     | [608933] 📊 Chi tiết dự đoán: {'ANGRY': 7.73, 'DISGUST': 0.18, 'FEAR': 7.88, 'HAPPY': 52.98, 'NEUTRAL': 10.64, 'SAD': 18.83, 'SURPRISE': 1.76}
2026-05-22 16:53:28,992 | INFO     | [608933] 🎯 KẾT QUẢ CHỐT: HAPPY (52.98%)
2026-05-22 16:53:28,992 | INFO     | [608933] ⏱️ Thời gian phản hồi: 56.8 ms
2026-05-22 16:53:29,026 | INFO     | [609026] ------------------------------------------
2026-05-22 16:53:29,026 | INFO     | [609026] 📥 NHẬN YÊU CẦU QUÉT KHUÔN MẶT MỚI
2026-05-22 16:53:29,027 | INFO     | [609026] Đã xử lý ảnh thành công. Kích thước tensor: (1, 48, 48, 1)
2026-05-22 16:53:29,083 | INFO     | [609026] 📊 Chi tiết dự đoán: {'ANGRY': 7.94, 'DISGUST': 0.21, 'FEAR': 7.89, 'HAPPY': 48.11, 'NEUTRAL': 10.67, 'SAD': 23.85, 'SURPRISE': 1.33}
2026-05-22 16:53:29,083 | INFO     | [609026] 🎯 KẾT QUẢ CHỐT: HAPPY (48.11%)
2026-05-22 16:53:29,083 | INFO     | [609026] ⏱️ Thời gian phản hồi: 56.51 ms
2026-05-22 16:53:29,121 | INFO     | [609121] ------------------------------------------
2026-05-22 16:53:29,121 | INFO     | [609121] 📥 NHẬN YÊU CẦU QUÉT KHUÔN MẶT MỚI
2026-05-22 16:53:29,122 | INFO     | [609121] Đã xử lý ảnh thành công. Kích thước tensor: (1, 48, 48, 1)
2026-05-22 16:53:29,198 | INFO     | [609121] 📊 Chi tiết dự đoán: {'ANGRY': 7.11, 'DISGUST': 0.19, 'FEAR': 8.45, 'HAPPY': 49.07, 'NEUTRAL': 11.15, 'SAD': 22.6, 'SURPRISE': 1.43}
2026-05-22 16:53:29,198 | INFO     | [609121] 🎯 KẾT QUẢ CHỐT: HAPPY (49.07%)
2026-05-22 16:53:29,198 | INFO     | [609121] ⏱️ Thời gian phản hồi: 76.97 ms
2026-05-22 16:53:29,229 | INFO     | [609229] ------------------------------------------
2026-05-22 16:53:29,230 | INFO     | [609229] 📥 NHẬN YÊU CẦU QUÉT KHUÔN MẶT MỚI
2026-05-22 16:53:29,230 | INFO     | [609229] Đã xử lý ảnh thành công. Kích thước tensor: (1, 48, 48, 1)
2026-05-22 16:53:29,290 | INFO     | [609229] 📊 Chi tiết dự đoán: {'ANGRY': 7.67, 'DISGUST': 0.17, 'FEAR': 7.91, 'HAPPY': 47.68, 'NEUTRAL': 9.61, 'SAD': 25.63, 'SURPRISE': 1.32}
2026-05-22 16:53:29,290 | INFO     | [609229] 🎯 KẾT QUẢ CHỐT: HAPPY (47.68%)
2026-05-22 16:53:29,292 | INFO     | [609229] ⏱️ Thời gian phản hồi: 61.39 ms
2026-05-22 16:53:29,340 | INFO     | [609340] ------------------------------------------
2026-05-22 16:53:29,342 | INFO     | [609340] 📥 NHẬN YÊU CẦU QUÉT KHUÔN MẶT MỚI
2026-05-22 16:53:29,343 | INFO     | [609340] Đã xử lý ảnh thành công. Kích thước tensor: (1, 48, 48, 1)
2026-05-22 16:53:29,414 | INFO     | [609340] 📊 Chi tiết dự đoán: {'ANGRY': 6.76, 'DISGUST': 0.15, 'FEAR': 7.69, 'HAPPY': 50.24, 'NEUTRAL': 10.85, 'SAD': 23.22, 'SURPRISE': 1.09}
2026-05-22 16:53:29,414 | INFO     | [609340] 🎯 KẾT QUẢ CHỐT: HAPPY (50.24%)
2026-05-22 16:53:29,416 | INFO     | [609340] ⏱️ Thời gian phản hồi: 73.74 ms
2026-05-22 16:53:29,434 | INFO     | [609434] ------------------------------------------
2026-05-22 16:53:29,434 | INFO     | [609434] 📥 NHẬN YÊU CẦU QUÉT KHUÔN MẶT MỚI
2026-05-22 16:53:29,435 | INFO     | [609434] Đã xử lý ảnh thành công. Kích thước tensor: (1, 48, 48, 1)
2026-05-22 16:53:29,503 | INFO     | [609434] 📊 Chi tiết dự đoán: {'ANGRY': 6.77, 'DISGUST': 0.15, 'FEAR': 8.58, 'HAPPY': 46.24, 'NEUTRAL': 12.49, 'SAD': 24.36, 'SURPRISE': 1.41}
2026-05-22 16:53:29,503 | INFO     | [609434] 🎯 KẾT QUẢ CHỐT: HAPPY (46.24%)
2026-05-22 16:53:29,503 | INFO     | [609434] ⏱️ Thời gian phản hồi: 68.72 ms
2026-05-22 16:53:29,526 | INFO     | [609526] ------------------------------------------
2026-05-22 16:53:29,526 | INFO     | [609526] 📥 NHẬN YÊU CẦU QUÉT KHUÔN MẶT MỚI
2026-05-22 16:53:29,528 | INFO     | [609526] Đã xử lý ảnh thành công. Kích thước tensor: (1, 48, 48, 1)
2026-05-22 16:53:29,589 | INFO     | [609526] 📊 Chi tiết dự đoán: {'ANGRY': 7.1, 'DISGUST': 0.14, 'FEAR': 9.52, 'HAPPY': 45.56, 'NEUTRAL': 10.33, 'SAD': 25.94, 'SURPRISE': 1.41}
2026-05-22 16:53:29,590 | INFO     | [609526] 🎯 KẾT QUẢ CHỐT: HAPPY (45.56%)
2026-05-22 16:53:29,590 | INFO     | [609526] ⏱️ Thời gian phản hồi: 62.94 ms
2026-05-22 16:53:29,638 | INFO     | [609638] ------------------------------------------
2026-05-22 16:53:29,638 | INFO     | [609638] 📥 NHẬN YÊU CẦU QUÉT KHUÔN MẶT MỚI
2026-05-22 16:53:29,638 | INFO     | [609638] Đã xử lý ảnh thành công. Kích thước tensor: (1, 48, 48, 1)
2026-05-22 16:53:29,696 | INFO     | [609638] 📊 Chi tiết dự đoán: {'ANGRY': 7.04, 'DISGUST': 0.18, 'FEAR': 7.83, 'HAPPY': 46.39, 'NEUTRAL': 11.73, 'SAD': 25.45, 'SURPRISE': 1.38}
2026-05-22 16:53:29,696 | INFO     | [609638] 🎯 KẾT QUẢ CHỐT: HAPPY (46.39%)
2026-05-22 16:53:29,696 | INFO     | [609638] ⏱️ Thời gian phản hồi: 58.85 ms
2026-05-22 16:53:29,728 | INFO     | [609728] ------------------------------------------
2026-05-22 16:53:29,730 | INFO     | [609728] 📥 NHẬN YÊU CẦU QUÉT KHUÔN MẶT MỚI
2026-05-22 16:53:29,730 | INFO     | [609728] Đã xử lý ảnh thành công. Kích thước tensor: (1, 48, 48, 1)
2026-05-22 16:53:29,788 | INFO     | [609728] 📊 Chi tiết dự đoán: {'ANGRY': 7.21, 'DISGUST': 0.18, 'FEAR': 9.79, 'HAPPY': 41.75, 'NEUTRAL': 11.66, 'SAD': 27.98, 'SURPRISE': 1.43}
2026-05-22 16:53:29,789 | INFO     | [609728] 🎯 KẾT QUẢ CHỐT: HAPPY (41.75%)
2026-05-22 16:53:29,789 | INFO     | [609728] ⏱️ Thời gian phản hồi: 59.82 ms
2026-05-22 16:53:29,822 | INFO     | [609822] ------------------------------------------
2026-05-22 16:53:29,822 | INFO     | [609822] 📥 NHẬN YÊU CẦU QUÉT KHUÔN MẶT MỚI
2026-05-22 16:53:29,823 | INFO     | [609822] Đã xử lý ảnh thành công. Kích thước tensor: (1, 48, 48, 1)
2026-05-22 16:53:29,884 | INFO     | [609822] 📊 Chi tiết dự đoán: {'ANGRY': 6.75, 'DISGUST': 0.17, 'FEAR': 10.16, 'HAPPY': 39.88, 'NEUTRAL': 12.42, 'SAD': 28.94, 'SURPRISE': 1.69}
2026-05-22 16:53:29,884 | INFO     | [609822] 🎯 KẾT QUẢ CHỐT: HAPPY (39.88%)
2026-05-22 16:53:29,884 | INFO     | [609822] ⏱️ Thời gian phản hồi: 60.38 ms
2026-05-22 16:53:29,929 | INFO     | [609929] ------------------------------------------
2026-05-22 16:53:29,929 | INFO     | [609929] 📥 NHẬN YÊU CẦU QUÉT KHUÔN MẶT MỚI
2026-05-22 16:53:29,931 | INFO     | [609929] Đã xử lý ảnh thành công. Kích thước tensor: (1, 48, 48, 1)
2026-05-22 16:53:29,988 | INFO     | [609929] 📊 Chi tiết dự đoán: {'ANGRY': 5.94, 'DISGUST': 0.15, 'FEAR': 10.26, 'HAPPY': 41.6, 'NEUTRAL': 12.33, 'SAD': 28.08, 'SURPRISE': 1.64}
2026-05-22 16:53:29,990 | INFO     | [609929] 🎯 KẾT QUẢ CHỐT: HAPPY (41.60%)
2026-05-22 16:53:29,990 | INFO     | [609929] ⏱️ Thời gian phản hồi: 58.74 ms
2026-05-22 16:53:30,022 | INFO     | [610022] ------------------------------------------
2026-05-22 16:53:30,022 | INFO     | [610022] 📥 NHẬN YÊU CẦU QUÉT KHUÔN MẶT MỚI
2026-05-22 16:53:30,023 | INFO     | [610022] Đã xử lý ảnh thành công. Kích thước tensor: (1, 48, 48, 1)
2026-05-22 16:53:30,087 | INFO     | [610022] 📊 Chi tiết dự đoán: {'ANGRY': 6.49, 'DISGUST': 0.15, 'FEAR': 9.02, 'HAPPY': 40.35, 'NEUTRAL': 13.45, 'SAD': 29.23, 'SURPRISE': 1.32}
2026-05-22 16:53:30,087 | INFO     | [610022] 🎯 KẾT QUẢ CHỐT: HAPPY (40.35%)
2026-05-22 16:53:30,087 | INFO     | [610022] ⏱️ Thời gian phản hồi: 64.9 ms
2026-05-22 16:53:30,131 | INFO     | [610131] ------------------------------------------
2026-05-22 16:53:30,131 | INFO     | [610131] 📥 NHẬN YÊU CẦU QUÉT KHUÔN MẶT MỚI
2026-05-22 16:53:30,131 | INFO     | [610131] Đã xử lý ảnh thành công. Kích thước tensor: (1, 48, 48, 1)
2026-05-22 16:53:30,850 | INFO     | [610131] 📊 Chi tiết dự đoán: {'ANGRY': 6.74, 'DISGUST': 0.14, 'FEAR': 8.88, 'HAPPY': 43.06, 'NEUTRAL': 11.27, 'SAD': 28.74, 'SURPRISE': 1.17}
2026-05-22 16:53:30,850 | INFO     | [610131] 🎯 KẾT QUẢ CHỐT: HAPPY (43.06%)
2026-05-22 16:53:30,852 | INFO     | [610131] ⏱️ Thời gian phản hồi: 719.03 ms
2026-05-22 16:53:30,854 | INFO     | [610854] ------------------------------------------
2026-05-22 16:53:30,854 | INFO     | [610854] 📥 NHẬN YÊU CẦU QUÉT KHUÔN MẶT MỚI
2026-05-22 16:53:30,855 | INFO     | [610854] Đã xử lý ảnh thành công. Kích thước tensor: (1, 48, 48, 1)
2026-05-22 16:53:30,929 | INFO     | [610854] 📊 Chi tiết dự đoán: {'ANGRY': 7.1, 'DISGUST': 0.16, 'FEAR': 9.24, 'HAPPY': 38.87, 'NEUTRAL': 12.69, 'SAD': 30.26, 'SURPRISE': 1.67}
2026-05-22 16:53:30,929 | INFO     | [610854] 🎯 KẾT QUẢ CHỐT: HAPPY (38.87%)
2026-05-22 16:53:30,929 | INFO     | [610854] ⏱️ Thời gian phản hồi: 73.49 ms
2026-05-22 16:53:30,933 | INFO     | [610933] ------------------------------------------
2026-05-22 16:53:30,933 | INFO     | [610933] 📥 NHẬN YÊU CẦU QUÉT KHUÔN MẶT MỚI
2026-05-22 16:53:30,934 | INFO     | [610933] Đã xử lý ảnh thành công. Kích thước tensor: (1, 48, 48, 1)
2026-05-22 16:53:31,006 | INFO     | [610933] 📊 Chi tiết dự đoán: {'ANGRY': 6.41, 'DISGUST': 0.14, 'FEAR': 9.48, 'HAPPY': 34.46, 'NEUTRAL': 14.59, 'SAD': 33.5, 'SURPRISE': 1.41}
2026-05-22 16:53:31,006 | INFO     | [610933] 🎯 KẾT QUẢ CHỐT: HAPPY (34.46%)
2026-05-22 16:53:31,006 | INFO     | [610933] ⏱️ Thời gian phản hồi: 73.74 ms
2026-05-22 16:53:31,009 | INFO     | [611009] ------------------------------------------
2026-05-22 16:53:31,009 | INFO     | [611009] 📥 NHẬN YÊU CẦU QUÉT KHUÔN MẶT MỚI
2026-05-22 16:53:31,010 | INFO     | [611009] Đã xử lý ảnh thành công. Kích thước tensor: (1, 48, 48, 1)
2026-05-22 16:53:31,078 | INFO     | [611009] 📊 Chi tiết dự đoán: {'ANGRY': 6.83, 'DISGUST': 0.15, 'FEAR': 9.36, 'HAPPY': 42.98, 'NEUTRAL': 12.69, 'SAD': 26.52, 'SURPRISE': 1.47}
2026-05-22 16:53:31,078 | INFO     | [611009] 🎯 KẾT QUẢ CHỐT: HAPPY (42.98%)
2026-05-22 16:53:31,079 | INFO     | [611009] ⏱️ Thời gian phản hồi: 68.62 ms
2026-05-22 16:53:31,081 | INFO     | [611079] ------------------------------------------
2026-05-22 16:53:31,081 | INFO     | [611079] 📥 NHẬN YÊU CẦU QUÉT KHUÔN MẶT MỚI
2026-05-22 16:53:31,082 | INFO     | [611079] Đã xử lý ảnh thành công. Kích thước tensor: (1, 48, 48, 1)
2026-05-22 16:53:31,150 | INFO     | [611079] 📊 Chi tiết dự đoán: {'ANGRY': 8.61, 'DISGUST': 0.17, 'FEAR': 9.15, 'HAPPY': 39.13, 'NEUTRAL': 11.95, 'SAD': 29.36, 'SURPRISE': 1.63}
2026-05-22 16:53:31,150 | INFO     | [611079] 🎯 KẾT QUẢ CHỐT: HAPPY (39.13%)
2026-05-22 16:53:31,150 | INFO     | [611079] ⏱️ Thời gian phản hồi: 70.56 ms
2026-05-22 16:53:31,152 | INFO     | [611152] ------------------------------------------
2026-05-22 16:53:31,152 | INFO     | [611152] 📥 NHẬN YÊU CẦU QUÉT KHUÔN MẶT MỚI
2026-05-22 16:53:31,153 | INFO     | [611152] Đã xử lý ảnh thành công. Kích thước tensor: (1, 48, 48, 1)
2026-05-22 16:53:31,221 | INFO     | [611152] 📊 Chi tiết dự đoán: {'ANGRY': 7.57, 'DISGUST': 0.14, 'FEAR': 9.92, 'HAPPY': 39.17, 'NEUTRAL': 11.16, 'SAD': 30.86, 'SURPRISE': 1.19}
2026-05-22 16:53:31,221 | INFO     | [611152] 🎯 KẾT QUẢ CHỐT: HAPPY (39.17%)
2026-05-22 16:53:31,221 | INFO     | [611152] ⏱️ Thời gian phản hồi: 69.04 ms
2026-05-22 16:53:31,224 | INFO     | [611224] ------------------------------------------
2026-05-22 16:53:31,224 | INFO     | [611224] 📥 NHẬN YÊU CẦU QUÉT KHUÔN MẶT MỚI
2026-05-22 16:53:31,225 | INFO     | [611224] Đã xử lý ảnh thành công. Kích thước tensor: (1, 48, 48, 1)
2026-05-22 16:53:31,289 | INFO     | [611224] 📊 Chi tiết dự đoán: {'ANGRY': 5.09, 'DISGUST': 0.15, 'FEAR': 7.68, 'HAPPY': 52.48, 'NEUTRAL': 12.16, 'SAD': 21.34, 'SURPRISE': 1.11}
2026-05-22 16:53:31,289 | INFO     | [611224] 🎯 KẾT QUẢ CHỐT: HAPPY (52.48%)
2026-05-22 16:53:31,289 | INFO     | [611224] ⏱️ Thời gian phản hồi: 65.26 ms
2026-05-22 16:53:31,291 | INFO     | [611291] ------------------------------------------
2026-05-22 16:53:31,291 | INFO     | [611291] 📥 NHẬN YÊU CẦU QUÉT KHUÔN MẶT MỚI
2026-05-22 16:53:31,292 | INFO     | [611291] Đã xử lý ảnh thành công. Kích thước tensor: (1, 48, 48, 1)
2026-05-22 16:53:31,358 | INFO     | [611291] 📊 Chi tiết dự đoán: {'ANGRY': 5.49, 'DISGUST': 0.15, 'FEAR': 9.33, 'HAPPY': 42.99, 'NEUTRAL': 14.32, 'SAD': 26.53, 'SURPRISE': 1.19}
2026-05-22 16:53:31,358 | INFO     | [611291] 🎯 KẾT QUẢ CHỐT: HAPPY (42.99%)
2026-05-22 16:53:31,358 | INFO     | [611291] ⏱️ Thời gian phản hồi: 66.95 ms
2026-05-22 16:53:31,360 | INFO     | [611360] ------------------------------------------
2026-05-22 16:53:31,360 | INFO     | [611360] 📥 NHẬN YÊU CẦU QUÉT KHUÔN MẶT MỚI
2026-05-22 16:53:31,362 | INFO     | [611360] Đã xử lý ảnh thành công. Kích thước tensor: (1, 48, 48, 1)
2026-05-22 16:53:31,434 | INFO     | [611360] 📊 Chi tiết dự đoán: {'ANGRY': 4.38, 'DISGUST': 0.14, 'FEAR': 7.86, 'HAPPY': 50.23, 'NEUTRAL': 11.83, 'SAD': 24.5, 'SURPRISE': 1.07}
2026-05-22 16:53:31,434 | INFO     | [611360] 🎯 KẾT QUẢ CHỐT: HAPPY (50.23%)
2026-05-22 16:53:31,434 | INFO     | [611360] ⏱️ Thời gian phản hồi: 74.33 ms
2026-05-22 16:53:31,435 | INFO     | [611435] ------------------------------------------
2026-05-22 16:53:31,436 | INFO     | [611435] 📥 NHẬN YÊU CẦU QUÉT KHUÔN MẶT MỚI
2026-05-22 16:53:31,436 | INFO     | [611435] Đã xử lý ảnh thành công. Kích thước tensor: (1, 48, 48, 1)
2026-05-22 16:53:31,503 | INFO     | [611435] 📊 Chi tiết dự đoán: {'ANGRY': 5.22, 'DISGUST': 0.14, 'FEAR': 8.23, 'HAPPY': 46.09, 'NEUTRAL': 12.64, 'SAD': 26.41, 'SURPRISE': 1.27}
2026-05-22 16:53:31,503 | INFO     | [611435] 🎯 KẾT QUẢ CHỐT: HAPPY (46.09%)
2026-05-22 16:53:31,503 | INFO     | [611435] ⏱️ Thời gian phản hồi: 67.17 ms
2026-05-22 16:53:31,505 | INFO     | [611505] ------------------------------------------
2026-05-22 16:53:31,505 | INFO     | [611505] 📥 NHẬN YÊU CẦU QUÉT KHUÔN MẶT MỚI
2026-05-22 16:53:31,507 | INFO     | [611505] Đã xử lý ảnh thành công. Kích thước tensor: (1, 48, 48, 1)
2026-05-22 16:53:31,579 | INFO     | [611505] 📊 Chi tiết dự đoán: {'ANGRY': 6.04, 'DISGUST': 0.16, 'FEAR': 9.18, 'HAPPY': 40.66, 'NEUTRAL': 13.68, 'SAD': 28.95, 'SURPRISE': 1.33}
2026-05-22 16:53:31,579 | INFO     | [611505] 🎯 KẾT QUẢ CHỐT: HAPPY (40.66%)
2026-05-22 16:53:31,579 | INFO     | [611505] ⏱️ Thời gian phản hồi: 73.29 ms
2026-05-22 16:53:31,581 | INFO     | [611581] ------------------------------------------
2026-05-22 16:53:31,581 | INFO     | [611581] 📥 NHẬN YÊU CẦU QUÉT KHUÔN MẶT MỚI
2026-05-22 16:53:31,581 | INFO     | [611581] Đã xử lý ảnh thành công. Kích thước tensor: (1, 48, 48, 1)
2026-05-22 16:53:31,642 | INFO     | [611581] 📊 Chi tiết dự đoán: {'ANGRY': 4.7, 'DISGUST': 0.13, 'FEAR': 8.13, 'HAPPY': 47.96, 'NEUTRAL': 14.03, 'SAD': 23.91, 'SURPRISE': 1.13}
2026-05-22 16:53:31,642 | INFO     | [611581] 🎯 KẾT QUẢ CHỐT: HAPPY (47.96%)
2026-05-22 16:53:31,642 | INFO     | [611581] ⏱️ Thời gian phản hồi: 60.96 ms
2026-05-22 16:53:31,644 | INFO     | [611644] ------------------------------------------
2026-05-22 16:53:31,644 | INFO     | [611644] 📥 NHẬN YÊU CẦU QUÉT KHUÔN MẶT MỚI
2026-05-22 16:53:31,644 | INFO     | [611644] Đã xử lý ảnh thành công. Kích thước tensor: (1, 48, 48, 1)
2026-05-22 16:53:31,705 | INFO     | [611644] 📊 Chi tiết dự đoán: {'ANGRY': 5.39, 'DISGUST': 0.16, 'FEAR': 9.64, 'HAPPY': 37.13, 'NEUTRAL': 14.65, 'SAD': 31.78, 'SURPRISE': 1.25}
2026-05-22 16:53:31,705 | INFO     | [611644] 🎯 KẾT QUẢ CHỐT: HAPPY (37.13%)
2026-05-22 16:53:31,705 | INFO     | [611644] ⏱️ Thời gian phản hồi: 59.78 ms
2026-05-22 16:53:31,707 | INFO     | [611707] ------------------------------------------
2026-05-22 16:53:31,707 | INFO     | [611707] 📥 NHẬN YÊU CẦU QUÉT KHUÔN MẶT MỚI
2026-05-22 16:53:31,709 | INFO     | [611707] Đã xử lý ảnh thành công. Kích thước tensor: (1, 48, 48, 1)
2026-05-22 16:53:31,772 | INFO     | [611707] 📊 Chi tiết dự đoán: {'ANGRY': 5.42, 'DISGUST': 0.13, 'FEAR': 9.69, 'HAPPY': 37.45, 'NEUTRAL': 13.87, 'SAD': 32.11, 'SURPRISE': 1.34}
2026-05-22 16:53:31,772 | INFO     | [611707] 🎯 KẾT QUẢ CHỐT: HAPPY (37.45%)
2026-05-22 16:53:31,772 | INFO     | [611707] ⏱️ Thời gian phản hồi: 64.47 ms
2026-05-22 16:53:31,773 | INFO     | [611773] ------------------------------------------
2026-05-22 16:53:31,774 | INFO     | [611773] 📥 NHẬN YÊU CẦU QUÉT KHUÔN MẶT MỚI
2026-05-22 16:53:31,775 | INFO     | [611773] Đã xử lý ảnh thành công. Kích thước tensor: (1, 48, 48, 1)
2026-05-22 16:53:31,838 | INFO     | [611773] 📊 Chi tiết dự đoán: {'ANGRY': 5.94, 'DISGUST': 0.19, 'FEAR': 9.34, 'HAPPY': 39.73, 'NEUTRAL': 13.83, 'SAD': 29.7, 'SURPRISE': 1.27}
2026-05-22 16:53:31,838 | INFO     | [611773] 🎯 KẾT QUẢ CHỐT: HAPPY (39.73%)
2026-05-22 16:53:31,839 | INFO     | [611773] ⏱️ Thời gian phản hồi: 64.66 ms
2026-05-22 16:53:31,840 | INFO     | [611840] ------------------------------------------
2026-05-22 16:53:31,841 | INFO     | [611840] 📥 NHẬN YÊU CẦU QUÉT KHUÔN MẶT MỚI
2026-05-22 16:53:31,842 | INFO     | [611840] Đã xử lý ảnh thành công. Kích thước tensor: (1, 48, 48, 1)
2026-05-22 16:53:31,909 | INFO     | [611840] 📊 Chi tiết dự đoán: {'ANGRY': 6.16, 'DISGUST': 0.16, 'FEAR': 9.03, 'HAPPY': 41.09, 'NEUTRAL': 12.11, 'SAD': 30.45, 'SURPRISE': 1.0}
2026-05-22 16:53:31,909 | INFO     | [611840] 🎯 KẾT QUẢ CHỐT: HAPPY (41.09%)
2026-05-22 16:53:31,909 | INFO     | [611840] ⏱️ Thời gian phản hồi: 67.33 ms
2026-05-22 16:53:31,911 | INFO     | [611911] ------------------------------------------
2026-05-22 16:53:31,911 | INFO     | [611911] 📥 NHẬN YÊU CẦU QUÉT KHUÔN MẶT MỚI
2026-05-22 16:53:31,913 | INFO     | [611911] Đã xử lý ảnh thành công. Kích thước tensor: (1, 48, 48, 1)
2026-05-22 16:53:31,980 | INFO     | [611911] 📊 Chi tiết dự đoán: {'ANGRY': 5.37, 'DISGUST': 0.15, 'FEAR': 8.35, 'HAPPY': 44.69, 'NEUTRAL': 16.39, 'SAD': 23.55, 'SURPRISE': 1.5}
2026-05-22 16:53:31,981 | INFO     | [611911] 🎯 KẾT QUẢ CHỐT: HAPPY (44.69%)
2026-05-22 16:53:31,981 | INFO     | [611911] ⏱️ Thời gian phản hồi: 69.2 ms
2026-05-22 16:53:31,982 | INFO     | [611982] ------------------------------------------
2026-05-22 16:53:31,982 | INFO     | [611982] 📥 NHẬN YÊU CẦU QUÉT KHUÔN MẶT MỚI
2026-05-22 16:53:31,984 | INFO     | [611982] Đã xử lý ảnh thành công. Kích thước tensor: (1, 48, 48, 1)
2026-05-22 16:53:32,100 | INFO     | [611982] 📊 Chi tiết dự đoán: {'ANGRY': 5.61, 'DISGUST': 0.17, 'FEAR': 8.65, 'HAPPY': 42.39, 'NEUTRAL': 14.26, 'SAD': 27.52, 'SURPRISE': 1.4}
2026-05-22 16:53:32,100 | INFO     | [611982] 🎯 KẾT QUẢ CHỐT: HAPPY (42.39%)
2026-05-22 16:53:32,100 | INFO     | [611982] ⏱️ Thời gian phản hồi: 116.21 ms
2026-05-22 16:53:32,106 | INFO     | [612106] ------------------------------------------
2026-05-22 16:53:32,106 | INFO     | [612106] 📥 NHẬN YÊU CẦU QUÉT KHUÔN MẶT MỚI
2026-05-22 16:53:32,108 | INFO     | [612106] Đã xử lý ảnh thành công. Kích thước tensor: (1, 48, 48, 1)
2026-05-22 16:53:32,190 | INFO     | [612106] 📊 Chi tiết dự đoán: {'ANGRY': 5.99, 'DISGUST': 0.2, 'FEAR': 8.94, 'HAPPY': 48.51, 'NEUTRAL': 12.39, 'SAD': 22.6, 'SURPRISE': 1.37}
2026-05-22 16:53:32,190 | INFO     | [612106] 🎯 KẾT QUẢ CHỐT: HAPPY (48.51%)
2026-05-22 16:53:32,191 | INFO     | [612106] ⏱️ Thời gian phản hồi: 84.11 ms
2026-05-22 16:53:32,191 | INFO     | [612191] ------------------------------------------
2026-05-22 16:53:32,192 | INFO     | [612191] 📥 NHẬN YÊU CẦU QUÉT KHUÔN MẶT MỚI
2026-05-22 16:53:32,193 | INFO     | [612191] Đã xử lý ảnh thành công. Kích thước tensor: (1, 48, 48, 1)
2026-05-22 16:53:32,283 | INFO     | [612191] 📊 Chi tiết dự đoán: {'ANGRY': 5.24, 'DISGUST': 0.17, 'FEAR': 7.74, 'HAPPY': 48.36, 'NEUTRAL': 12.33, 'SAD': 25.04, 'SURPRISE': 1.12}
2026-05-22 16:53:32,283 | INFO     | [612191] 🎯 KẾT QUẢ CHỐT: HAPPY (48.36%)
2026-05-22 16:53:32,283 | INFO     | [612191] ⏱️ Thời gian phản hồi: 91.75 ms
2026-05-22 16:53:32,297 | INFO     | [BATCH-612297] ==========================================
2026-05-22 16:53:32,298 | INFO     | [BATCH-612297] 🎞️ NHẬN CHUỖI 60 KHUNG HÌNH (BATCH)
2026-05-22 16:53:32,366 | INFO     | [BATCH-612297] ↳ Frame 1/60: HAPPY (36.1%)
2026-05-22 16:53:32,443 | INFO     | [BATCH-612297] ↳ Frame 2/60: HAPPY (46.0%)
2026-05-22 16:53:32,523 | INFO     | [BATCH-612297] ↳ Frame 3/60: HAPPY (46.3%)
2026-05-22 16:53:32,601 | INFO     | [BATCH-612297] ↳ Frame 4/60: HAPPY (45.6%)
2026-05-22 16:53:32,674 | INFO     | [BATCH-612297] ↳ Frame 5/60: HAPPY (45.5%)
2026-05-22 16:53:32,747 | INFO     | [BATCH-612297] ↳ Frame 6/60: HAPPY (44.0%)
2026-05-22 16:53:32,809 | INFO     | [BATCH-612297] ↳ Frame 7/60: SAD (40.0%)
2026-05-22 16:53:32,870 | INFO     | [BATCH-612297] ↳ Frame 8/60: SAD (40.1%)
2026-05-22 16:53:32,932 | INFO     | [BATCH-612297] ↳ Frame 9/60: SAD (37.3%)
2026-05-22 16:53:32,997 | INFO     | [BATCH-612297] ↳ Frame 10/60: HAPPY (34.6%)
2026-05-22 16:53:33,067 | INFO     | [BATCH-612297] ↳ Frame 11/60: SAD (36.0%)
2026-05-22 16:53:33,134 | INFO     | [BATCH-612297] ↳ Frame 12/60: HAPPY (35.7%)
2026-05-22 16:53:33,192 | INFO     | [BATCH-612297] ↳ Frame 13/60: HAPPY (47.4%)
2026-05-22 16:53:33,267 | INFO     | [BATCH-612297] ↳ Frame 14/60: HAPPY (34.3%)
2026-05-22 16:53:33,343 | INFO     | [BATCH-612297] ↳ Frame 15/60: HAPPY (43.3%)
2026-05-22 16:53:33,421 | INFO     | [BATCH-612297] ↳ Frame 16/60: HAPPY (45.4%)
2026-05-22 16:53:33,488 | INFO     | [BATCH-612297] ↳ Frame 17/60: HAPPY (40.1%)
2026-05-22 16:53:33,553 | INFO     | [BATCH-612297] ↳ Frame 18/60: HAPPY (35.0%)
2026-05-22 16:53:33,621 | INFO     | [BATCH-612297] ↳ Frame 19/60: HAPPY (39.0%)
2026-05-22 16:53:33,689 | INFO     | [BATCH-612297] ↳ Frame 20/60: HAPPY (40.1%)
2026-05-22 16:53:33,758 | INFO     | [BATCH-612297] ↳ Frame 21/60: SAD (34.1%)
2026-05-22 16:53:33,821 | INFO     | [BATCH-612297] ↳ Frame 22/60: HAPPY (44.7%)
2026-05-22 16:53:33,885 | INFO     | [BATCH-612297] ↳ Frame 23/60: HAPPY (40.8%)
2026-05-22 16:53:33,950 | INFO     | [BATCH-612297] ↳ Frame 24/60: HAPPY (48.1%)
2026-05-22 16:53:34,023 | INFO     | [BATCH-612297] ↳ Frame 25/60: HAPPY (43.5%)
2026-05-22 16:53:34,089 | INFO     | [BATCH-612297] ↳ Frame 26/60: HAPPY (32.2%)
2026-05-22 16:53:34,153 | INFO     | [BATCH-612297] ↳ Frame 27/60: HAPPY (40.0%)
2026-05-22 16:53:34,222 | INFO     | [BATCH-612297] ↳ Frame 28/60: HAPPY (59.2%)
2026-05-22 16:53:34,292 | INFO     | [BATCH-612297] ↳ Frame 29/60: HAPPY (38.4%)
2026-05-22 16:53:34,367 | INFO     | [BATCH-612297] ↳ Frame 30/60: HAPPY (38.5%)
2026-05-22 16:53:34,433 | INFO     | [BATCH-612297] ↳ Frame 31/60: SAD (31.4%)
2026-05-22 16:53:34,494 | INFO     | [BATCH-612297] ↳ Frame 32/60: HAPPY (31.0%)
2026-05-22 16:53:34,561 | INFO     | [BATCH-612297] ↳ Frame 33/60: HAPPY (33.1%)
2026-05-22 16:53:34,637 | INFO     | [BATCH-612297] ↳ Frame 34/60: HAPPY (43.0%)
2026-05-22 16:53:34,717 | INFO     | [BATCH-612297] ↳ Frame 35/60: HAPPY (42.7%)
2026-05-22 16:53:34,789 | INFO     | [BATCH-612297] ↳ Frame 36/60: SAD (33.9%)
2026-05-22 16:53:34,854 | INFO     | [BATCH-612297] ↳ Frame 37/60: HAPPY (39.1%)
2026-05-22 16:53:34,919 | INFO     | [BATCH-612297] ↳ Frame 38/60: HAPPY (36.0%)
2026-05-22 16:53:34,979 | INFO     | [BATCH-612297] ↳ Frame 39/60: HAPPY (33.4%)
2026-05-22 16:53:35,035 | INFO     | [BATCH-612297] ↳ Frame 40/60: HAPPY (41.4%)
2026-05-22 16:53:35,087 | INFO     | [BATCH-612297] ↳ Frame 41/60: SAD (33.2%)
2026-05-22 16:53:35,141 | INFO     | [BATCH-612297] ↳ Frame 42/60: SAD (35.0%)
2026-05-22 16:53:35,192 | INFO     | [BATCH-612297] ↳ Frame 43/60: SAD (67.1%)
2026-05-22 16:53:35,251 | INFO     | [BATCH-612297] ↳ Frame 44/60: SAD (67.3%)
2026-05-22 16:53:35,308 | INFO     | [BATCH-612297] ↳ Frame 45/60: SAD (65.1%)
2026-05-22 16:53:35,366 | INFO     | [BATCH-612297] ↳ Frame 46/60: SAD (64.5%)
2026-05-22 16:53:35,419 | INFO     | [BATCH-612297] ↳ Frame 47/60: SAD (61.6%)
2026-05-22 16:53:35,470 | INFO     | [BATCH-612297] ↳ Frame 48/60: SAD (63.4%)
2026-05-22 16:53:35,523 | INFO     | [BATCH-612297] ↳ Frame 49/60: SAD (62.5%)
2026-05-22 16:53:35,573 | INFO     | [BATCH-612297] ↳ Frame 50/60: SAD (65.1%)
2026-05-22 16:53:35,623 | INFO     | [BATCH-612297] ↳ Frame 51/60: SAD (64.6%)
2026-05-22 16:53:35,676 | INFO     | [BATCH-612297] ↳ Frame 52/60: SAD (63.1%)
2026-05-22 16:53:35,733 | INFO     | [BATCH-612297] ↳ Frame 53/60: SAD (70.0%)
2026-05-22 16:53:35,783 | INFO     | [BATCH-612297] ↳ Frame 54/60: SAD (63.2%)
2026-05-22 16:53:35,832 | INFO     | [BATCH-612297] ↳ Frame 55/60: SAD (66.9%)
2026-05-22 16:53:35,893 | INFO     | [BATCH-612297] ↳ Frame 56/60: SAD (67.6%)
2026-05-22 16:53:35,962 | INFO     | [BATCH-612297] ↳ Frame 57/60: SAD (64.0%)
2026-05-22 16:53:36,056 | INFO     | [BATCH-612297] ↳ Frame 58/60: SAD (66.0%)
2026-05-22 16:53:36,108 | INFO     | [BATCH-612297] ↳ Frame 59/60: SAD (69.8%)
2026-05-22 16:53:36,159 | INFO     | [BATCH-612297] ↳ Frame 60/60: SAD (68.9%)
2026-05-22 16:53:36,159 | INFO     | [BATCH-612297] 🎯 KẾT QUẢ CHUỖI: HAPPY (Tần suất: {'HAPPY': 33, 'SAD': 27})
2026-05-22 16:53:36,159 | INFO     | [BATCH-612297] ⏱️ Tổng thời gian xử lý: 3862.01 ms
2026-05-22 16:53:40,523 | INFO     | [620523] ------------------------------------------
2026-05-22 16:53:40,524 | INFO     | [620523] 📥 NHẬN YÊU CẦU QUÉT KHUÔN MẶT MỚI
2026-05-22 16:53:40,524 | INFO     | [620523] Đã xử lý ảnh thành công. Kích thước tensor: (1, 48, 48, 1)
2026-05-22 16:53:40,581 | INFO     | [620523] 📊 Chi tiết dự đoán: {'ANGRY': 3.77, 'DISGUST': 0.05, 'FEAR': 7.49, 'HAPPY': 7.29, 'NEUTRAL': 16.41, 'SAD': 63.4, 'SURPRISE': 1.59}
2026-05-22 16:53:40,581 | INFO     | [620523] 🎯 KẾT QUẢ CHỐT: SAD (63.40%)
2026-05-22 16:53:40,581 | INFO     | [620523] ⏱️ Thời gian phản hồi: 57.93 ms
2026-05-22 16:53:40,601 | INFO     | [620601] ------------------------------------------
2026-05-22 16:53:40,601 | INFO     | [620601] 📥 NHẬN YÊU CẦU QUÉT KHUÔN MẶT MỚI
2026-05-22 16:53:40,602 | INFO     | [620601] Đã xử lý ảnh thành công. Kích thước tensor: (1, 48, 48, 1)
2026-05-22 16:53:40,659 | INFO     | [620601] 📊 Chi tiết dự đoán: {'ANGRY': 4.11, 'DISGUST': 0.04, 'FEAR': 7.78, 'HAPPY': 10.18, 'NEUTRAL': 17.97, 'SAD': 57.82, 'SURPRISE': 2.1}
2026-05-22 16:53:40,659 | INFO     | [620601] 🎯 KẾT QUẢ CHỐT: SAD (57.82%)
2026-05-22 16:53:40,659 | INFO     | [620601] ⏱️ Thời gian phản hồi: 57.96 ms
2026-05-22 16:53:40,709 | INFO     | [620709] ------------------------------------------
2026-05-22 16:53:40,709 | INFO     | [620709] 📥 NHẬN YÊU CẦU QUÉT KHUÔN MẶT MỚI
2026-05-22 16:53:40,710 | INFO     | [620709] Đã xử lý ảnh thành công. Kích thước tensor: (1, 48, 48, 1)
2026-05-22 16:53:40,773 | INFO     | [620709] 📊 Chi tiết dự đoán: {'ANGRY': 4.07, 'DISGUST': 0.05, 'FEAR': 7.51, 'HAPPY': 6.11, 'NEUTRAL': 25.12, 'SAD': 55.03, 'SURPRISE': 2.12}
2026-05-22 16:53:40,774 | INFO     | [620709] 🎯 KẾT QUẢ CHỐT: SAD (55.03%)
2026-05-22 16:53:40,774 | INFO     | [620709] ⏱️ Thời gian phản hồi: 64.42 ms
2026-05-22 16:53:40,818 | INFO     | [620818] ------------------------------------------
2026-05-22 16:53:40,818 | INFO     | [620818] 📥 NHẬN YÊU CẦU QUÉT KHUÔN MẶT MỚI
2026-05-22 16:53:40,820 | INFO     | [620818] Đã xử lý ảnh thành công. Kích thước tensor: (1, 48, 48, 1)
2026-05-22 16:53:40,881 | INFO     | [620818] 📊 Chi tiết dự đoán: {'ANGRY': 3.66, 'DISGUST': 0.05, 'FEAR': 7.38, 'HAPPY': 6.21, 'NEUTRAL': 18.88, 'SAD': 61.93, 'SURPRISE': 1.89}
2026-05-22 16:53:40,881 | INFO     | [620818] 🎯 KẾT QUẢ CHỐT: SAD (61.93%)
2026-05-22 16:53:40,881 | INFO     | [620818] ⏱️ Thời gian phản hồi: 62.47 ms
2026-05-22 16:53:40,897 | INFO     | [620897] ------------------------------------------
2026-05-22 16:53:40,897 | INFO     | [620897] 📥 NHẬN YÊU CẦU QUÉT KHUÔN MẶT MỚI
2026-05-22 16:53:40,898 | INFO     | [620897] Đã xử lý ảnh thành công. Kích thước tensor: (1, 48, 48, 1)
2026-05-22 16:53:40,958 | INFO     | [620897] 📊 Chi tiết dự đoán: {'ANGRY': 3.84, 'DISGUST': 0.05, 'FEAR': 7.11, 'HAPPY': 5.64, 'NEUTRAL': 19.84, 'SAD': 61.72, 'SURPRISE': 1.81}
2026-05-22 16:53:40,959 | INFO     | [620897] 🎯 KẾT QUẢ CHỐT: SAD (61.72%)
2026-05-22 16:53:40,959 | INFO     | [620897] ⏱️ Thời gian phản hồi: 60.99 ms
2026-05-22 16:53:41,005 | INFO     | [621005] ------------------------------------------
2026-05-22 16:53:41,005 | INFO     | [621005] 📥 NHẬN YÊU CẦU QUÉT KHUÔN MẶT MỚI
2026-05-22 16:53:41,005 | INFO     | [621005] Đã xử lý ảnh thành công. Kích thước tensor: (1, 48, 48, 1)
2026-05-22 16:53:41,122 | INFO     | [621005] 📊 Chi tiết dự đoán: {'ANGRY': 3.4, 'DISGUST': 0.04, 'FEAR': 7.22, 'HAPPY': 6.72, 'NEUTRAL': 18.57, 'SAD': 62.07, 'SURPRISE': 1.99}
2026-05-22 16:53:41,123 | INFO     | [621005] 🎯 KẾT QUẢ CHỐT: SAD (62.07%)
2026-05-22 16:53:41,123 | INFO     | [621005] ⏱️ Thời gian phản hồi: 116.43 ms
2026-05-22 16:53:41,128 | INFO     | [621128] ------------------------------------------
2026-05-22 16:53:41,128 | INFO     | [621128] 📥 NHẬN YÊU CẦU QUÉT KHUÔN MẶT MỚI
2026-05-22 16:53:41,129 | INFO     | [621128] Đã xử lý ảnh thành công. Kích thước tensor: (1, 48, 48, 1)
2026-05-22 16:53:41,199 | INFO     | [621128] 📊 Chi tiết dự đoán: {'ANGRY': 3.76, 'DISGUST': 0.04, 'FEAR': 7.68, 'HAPPY': 6.7, 'NEUTRAL': 18.43, 'SAD': 61.19, 'SURPRISE': 2.21}
2026-05-22 16:53:41,200 | INFO     | [621128] 🎯 KẾT QUẢ CHỐT: SAD (61.19%)
2026-05-22 16:53:41,200 | INFO     | [621128] ⏱️ Thời gian phản hồi: 71.79 ms
2026-05-22 16:53:41,208 | INFO     | [621208] ------------------------------------------
2026-05-22 16:53:41,208 | INFO     | [621208] 📥 NHẬN YÊU CẦU QUÉT KHUÔN MẶT MỚI
2026-05-22 16:53:41,209 | INFO     | [621208] Đã xử lý ảnh thành công. Kích thước tensor: (1, 48, 48, 1)
2026-05-22 16:53:41,270 | INFO     | [621208] 📊 Chi tiết dự đoán: {'ANGRY': 3.65, 'DISGUST': 0.04, 'FEAR': 7.52, 'HAPPY': 7.58, 'NEUTRAL': 15.25, 'SAD': 63.82, 'SURPRISE': 2.14}
2026-05-22 16:53:41,270 | INFO     | [621208] 🎯 KẾT QUẢ CHỐT: SAD (63.82%)
2026-05-22 16:53:41,270 | INFO     | [621208] ⏱️ Thời gian phản hồi: 62.55 ms
2026-05-22 16:53:41,301 | INFO     | [621301] ------------------------------------------
2026-05-22 16:53:41,301 | INFO     | [621301] 📥 NHẬN YÊU CẦU QUÉT KHUÔN MẶT MỚI
2026-05-22 16:53:41,303 | INFO     | [621301] Đã xử lý ảnh thành công. Kích thước tensor: (1, 48, 48, 1)
2026-05-22 16:53:41,365 | INFO     | [621301] 📊 Chi tiết dự đoán: {'ANGRY': 3.81, 'DISGUST': 0.06, 'FEAR': 8.05, 'HAPPY': 6.18, 'NEUTRAL': 17.06, 'SAD': 62.46, 'SURPRISE': 2.39}
2026-05-22 16:53:41,365 | INFO     | [621301] 🎯 KẾT QUẢ CHỐT: SAD (62.46%)
2026-05-22 16:53:41,365 | INFO     | [621301] ⏱️ Thời gian phản hồi: 64.29 ms
2026-05-22 16:53:41,412 | INFO     | [621412] ------------------------------------------
2026-05-22 16:53:41,412 | INFO     | [621412] 📥 NHẬN YÊU CẦU QUÉT KHUÔN MẶT MỚI
2026-05-22 16:53:41,412 | INFO     | [621412] Đã xử lý ảnh thành công. Kích thước tensor: (1, 48, 48, 1)
2026-05-22 16:53:41,466 | INFO     | [621412] 📊 Chi tiết dự đoán: {'ANGRY': 4.07, 'DISGUST': 0.06, 'FEAR': 7.6, 'HAPPY': 6.03, 'NEUTRAL': 16.74, 'SAD': 62.61, 'SURPRISE': 2.88}
2026-05-22 16:53:41,467 | INFO     | [621412] 🎯 KẾT QUẢ CHỐT: SAD (62.61%)
2026-05-22 16:53:41,467 | INFO     | [621412] ⏱️ Thời gian phản hồi: 53.99 ms
2026-05-22 16:53:41,504 | INFO     | [621504] ------------------------------------------
2026-05-22 16:53:41,504 | INFO     | [621504] 📥 NHẬN YÊU CẦU QUÉT KHUÔN MẶT MỚI
2026-05-22 16:53:41,506 | INFO     | [621504] Đã xử lý ảnh thành công. Kích thước tensor: (1, 48, 48, 1)
2026-05-22 16:53:41,568 | INFO     | [621504] 📊 Chi tiết dự đoán: {'ANGRY': 3.62, 'DISGUST': 0.04, 'FEAR': 7.68, 'HAPPY': 6.49, 'NEUTRAL': 16.99, 'SAD': 62.72, 'SURPRISE': 2.44}
2026-05-22 16:53:41,568 | INFO     | [621504] 🎯 KẾT QUẢ CHỐT: SAD (62.72%)
2026-05-22 16:53:41,568 | INFO     | [621504] ⏱️ Thời gian phản hồi: 63.31 ms
2026-05-22 16:53:41,613 | INFO     | [621613] ------------------------------------------
2026-05-22 16:53:41,614 | INFO     | [621613] 📥 NHẬN YÊU CẦU QUÉT KHUÔN MẶT MỚI
2026-05-22 16:53:41,614 | INFO     | [621613] Đã xử lý ảnh thành công. Kích thước tensor: (1, 48, 48, 1)
2026-05-22 16:53:41,672 | INFO     | [621613] 📊 Chi tiết dự đoán: {'ANGRY': 3.04, 'DISGUST': 0.04, 'FEAR': 6.93, 'HAPPY': 5.21, 'NEUTRAL': 15.42, 'SAD': 67.7, 'SURPRISE': 1.67}
2026-05-22 16:53:41,672 | INFO     | [621613] 🎯 KẾT QUẢ CHỐT: SAD (67.70%)
2026-05-22 16:53:41,672 | INFO     | [621613] ⏱️ Thời gian phản hồi: 59.37 ms
2026-05-22 16:53:41,707 | INFO     | [621707] ------------------------------------------
2026-05-22 16:53:41,707 | INFO     | [621707] 📥 NHẬN YÊU CẦU QUÉT KHUÔN MẶT MỚI
2026-05-22 16:53:41,708 | INFO     | [621707] Đã xử lý ảnh thành công. Kích thước tensor: (1, 48, 48, 1)
2026-05-22 16:53:41,767 | INFO     | [621707] 📊 Chi tiết dự đoán: {'ANGRY': 3.98, 'DISGUST': 0.05, 'FEAR': 8.23, 'HAPPY': 7.8, 'NEUTRAL': 19.29, 'SAD': 57.55, 'SURPRISE': 3.11}
2026-05-22 16:53:41,767 | INFO     | [621707] 🎯 KẾT QUẢ CHỐT: SAD (57.55%)
2026-05-22 16:53:41,767 | INFO     | [621707] ⏱️ Thời gian phản hồi: 59.36 ms
2026-05-22 16:53:41,802 | INFO     | [621802] ------------------------------------------
2026-05-22 16:53:41,802 | INFO     | [621802] 📥 NHẬN YÊU CẦU QUÉT KHUÔN MẶT MỚI
2026-05-22 16:53:41,803 | INFO     | [621802] Đã xử lý ảnh thành công. Kích thước tensor: (1, 48, 48, 1)
2026-05-22 16:53:41,858 | INFO     | [621802] 📊 Chi tiết dự đoán: {'ANGRY': 2.81, 'DISGUST': 0.04, 'FEAR': 6.65, 'HAPPY': 5.35, 'NEUTRAL': 15.32, 'SAD': 68.0, 'SURPRISE': 1.84}
2026-05-22 16:53:41,858 | INFO     | [621802] 🎯 KẾT QUẢ CHỐT: SAD (68.00%)
2026-05-22 16:53:41,858 | INFO     | [621802] ⏱️ Thời gian phản hồi: 56.17 ms
2026-05-22 16:53:41,912 | INFO     | [621912] ------------------------------------------
2026-05-22 16:53:41,912 | INFO     | [621912] 📥 NHẬN YÊU CẦU QUÉT KHUÔN MẶT MỚI
2026-05-22 16:53:41,913 | INFO     | [621912] Đã xử lý ảnh thành công. Kích thước tensor: (1, 48, 48, 1)
2026-05-22 16:53:41,966 | INFO     | [621912] 📊 Chi tiết dự đoán: {'ANGRY': 3.08, 'DISGUST': 0.03, 'FEAR': 8.32, 'HAPPY': 7.74, 'NEUTRAL': 16.88, 'SAD': 61.3, 'SURPRISE': 2.64}
2026-05-22 16:53:41,966 | INFO     | [621912] 🎯 KẾT QUẢ CHỐT: SAD (61.30%)
2026-05-22 16:53:41,968 | INFO     | [621912] ⏱️ Thời gian phản hồi: 53.93 ms
2026-05-22 16:53:42,006 | INFO     | [622006] ------------------------------------------
2026-05-22 16:53:42,006 | INFO     | [622006] 📥 NHẬN YÊU CẦU QUÉT KHUÔN MẶT MỚI
2026-05-22 16:53:42,007 | INFO     | [622006] Đã xử lý ảnh thành công. Kích thước tensor: (1, 48, 48, 1)
2026-05-22 16:53:42,066 | INFO     | [622006] 📊 Chi tiết dự đoán: {'ANGRY': 3.31, 'DISGUST': 0.04, 'FEAR': 8.18, 'HAPPY': 4.83, 'NEUTRAL': 15.3, 'SAD': 65.58, 'SURPRISE': 2.76}
2026-05-22 16:53:42,066 | INFO     | [622006] 🎯 KẾT QUẢ CHỐT: SAD (65.58%)
2026-05-22 16:53:42,066 | INFO     | [622006] ⏱️ Thời gian phản hồi: 60.9 ms
2026-05-22 16:53:42,111 | INFO     | [622111] ------------------------------------------
2026-05-22 16:53:42,112 | INFO     | [622111] 📥 NHẬN YÊU CẦU QUÉT KHUÔN MẶT MỚI
2026-05-22 16:53:42,112 | INFO     | [622111] Đã xử lý ảnh thành công. Kích thước tensor: (1, 48, 48, 1)
2026-05-22 16:53:42,173 | INFO     | [622111] 📊 Chi tiết dự đoán: {'ANGRY': 3.86, 'DISGUST': 0.04, 'FEAR': 7.44, 'HAPPY': 11.58, 'NEUTRAL': 18.56, 'SAD': 56.23, 'SURPRISE': 2.29}
2026-05-22 16:53:42,173 | INFO     | [622111] 🎯 KẾT QUẢ CHỐT: SAD (56.23%)
2026-05-22 16:53:42,173 | INFO     | [622111] ⏱️ Thời gian phản hồi: 61.38 ms
2026-05-22 16:53:42,203 | INFO     | [622203] ------------------------------------------
2026-05-22 16:53:42,204 | INFO     | [622203] 📥 NHẬN YÊU CẦU QUÉT KHUÔN MẶT MỚI
2026-05-22 16:53:42,204 | INFO     | [622203] Đã xử lý ảnh thành công. Kích thước tensor: (1, 48, 48, 1)
2026-05-22 16:53:42,267 | INFO     | [622203] 📊 Chi tiết dự đoán: {'ANGRY': 2.83, 'DISGUST': 0.03, 'FEAR': 7.09, 'HAPPY': 6.27, 'NEUTRAL': 17.82, 'SAD': 63.44, 'SURPRISE': 2.53}
2026-05-22 16:53:42,267 | INFO     | [622203] 🎯 KẾT QUẢ CHỐT: SAD (63.44%)
2026-05-22 16:53:42,267 | INFO     | [622203] ⏱️ Thời gian phản hồi: 63.61 ms
2026-05-22 16:53:42,311 | INFO     | [622311] ------------------------------------------
2026-05-22 16:53:42,311 | INFO     | [622311] 📥 NHẬN YÊU CẦU QUÉT KHUÔN MẶT MỚI
2026-05-22 16:53:42,312 | INFO     | [622311] Đã xử lý ảnh thành công. Kích thước tensor: (1, 48, 48, 1)
2026-05-22 16:53:42,380 | INFO     | [622311] 📊 Chi tiết dự đoán: {'ANGRY': 2.95, 'DISGUST': 0.03, 'FEAR': 7.63, 'HAPPY': 5.86, 'NEUTRAL': 17.85, 'SAD': 63.08, 'SURPRISE': 2.61}
2026-05-22 16:53:42,380 | INFO     | [622311] 🎯 KẾT QUẢ CHỐT: SAD (63.08%)
2026-05-22 16:53:42,380 | INFO     | [622311] ⏱️ Thời gian phản hồi: 68.8 ms
2026-05-22 16:53:42,402 | INFO     | [622402] ------------------------------------------
2026-05-22 16:53:42,402 | INFO     | [622402] 📥 NHẬN YÊU CẦU QUÉT KHUÔN MẶT MỚI
2026-05-22 16:53:42,403 | INFO     | [622402] Đã xử lý ảnh thành công. Kích thước tensor: (1, 48, 48, 1)
2026-05-22 16:53:42,465 | INFO     | [622402] 📊 Chi tiết dự đoán: {'ANGRY': 3.96, 'DISGUST': 0.06, 'FEAR': 7.73, 'HAPPY': 7.68, 'NEUTRAL': 16.02, 'SAD': 62.4, 'SURPRISE': 2.15}
2026-05-22 16:53:42,465 | INFO     | [622402] 🎯 KẾT QUẢ CHỐT: SAD (62.40%)
2026-05-22 16:53:42,465 | INFO     | [622402] ⏱️ Thời gian phản hồi: 62.81 ms
2026-05-22 16:53:42,508 | INFO     | [622508] ------------------------------------------
2026-05-22 16:53:42,509 | INFO     | [622508] 📥 NHẬN YÊU CẦU QUÉT KHUÔN MẶT MỚI
2026-05-22 16:53:42,509 | INFO     | [622508] Đã xử lý ảnh thành công. Kích thước tensor: (1, 48, 48, 1)
2026-05-22 16:53:42,585 | INFO     | [622508] 📊 Chi tiết dự đoán: {'ANGRY': 3.87, 'DISGUST': 0.05, 'FEAR': 7.65, 'HAPPY': 7.4, 'NEUTRAL': 18.64, 'SAD': 60.19, 'SURPRISE': 2.2}
2026-05-22 16:53:42,585 | INFO     | [622508] 🎯 KẾT QUẢ CHỐT: SAD (60.19%)
2026-05-22 16:53:42,585 | INFO     | [622508] ⏱️ Thời gian phản hồi: 76.9 ms
2026-05-22 16:53:42,600 | INFO     | [622600] ------------------------------------------
2026-05-22 16:53:42,600 | INFO     | [622600] 📥 NHẬN YÊU CẦU QUÉT KHUÔN MẶT MỚI
2026-05-22 16:53:42,601 | INFO     | [622600] Đã xử lý ảnh thành công. Kích thước tensor: (1, 48, 48, 1)
2026-05-22 16:53:42,673 | INFO     | [622600] 📊 Chi tiết dự đoán: {'ANGRY': 3.72, 'DISGUST': 0.05, 'FEAR': 7.67, 'HAPPY': 4.61, 'NEUTRAL': 12.93, 'SAD': 68.83, 'SURPRISE': 2.2}
2026-05-22 16:53:42,673 | INFO     | [622600] 🎯 KẾT QUẢ CHỐT: SAD (68.83%)
2026-05-22 16:53:42,673 | INFO     | [622600] ⏱️ Thời gian phản hồi: 72.49 ms
2026-05-22 16:53:42,710 | INFO     | [622710] ------------------------------------------
2026-05-22 16:53:42,711 | INFO     | [622710] 📥 NHẬN YÊU CẦU QUÉT KHUÔN MẶT MỚI
2026-05-22 16:53:42,711 | INFO     | [622710] Đã xử lý ảnh thành công. Kích thước tensor: (1, 48, 48, 1)
2026-05-22 16:53:42,787 | INFO     | [622710] 📊 Chi tiết dự đoán: {'ANGRY': 4.04, 'DISGUST': 0.04, 'FEAR': 7.78, 'HAPPY': 8.37, 'NEUTRAL': 17.84, 'SAD': 58.8, 'SURPRISE': 3.13}
2026-05-22 16:53:42,787 | INFO     | [622710] 🎯 KẾT QUẢ CHỐT: SAD (58.80%)
2026-05-22 16:53:42,787 | INFO     | [622710] ⏱️ Thời gian phản hồi: 77.14 ms
2026-05-22 16:53:42,802 | INFO     | [622802] ------------------------------------------
2026-05-22 16:53:42,803 | INFO     | [622802] 📥 NHẬN YÊU CẦU QUÉT KHUÔN MẶT MỚI
2026-05-22 16:53:42,803 | INFO     | [622802] Đã xử lý ảnh thành công. Kích thước tensor: (1, 48, 48, 1)
2026-05-22 16:53:42,872 | INFO     | [622802] 📊 Chi tiết dự đoán: {'ANGRY': 3.47, 'DISGUST': 0.05, 'FEAR': 6.8, 'HAPPY': 6.03, 'NEUTRAL': 20.64, 'SAD': 61.25, 'SURPRISE': 1.77}
2026-05-22 16:53:42,872 | INFO     | [622802] 🎯 KẾT QUẢ CHỐT: SAD (61.25%)
2026-05-22 16:53:42,872 | INFO     | [622802] ⏱️ Thời gian phản hồi: 68.78 ms
2026-05-22 16:53:42,913 | INFO     | [622913] ------------------------------------------
2026-05-22 16:53:42,913 | INFO     | [622913] 📥 NHẬN YÊU CẦU QUÉT KHUÔN MẶT MỚI
2026-05-22 16:53:42,914 | INFO     | [622913] Đã xử lý ảnh thành công. Kích thước tensor: (1, 48, 48, 1)
2026-05-22 16:53:42,978 | INFO     | [622913] 📊 Chi tiết dự đoán: {'ANGRY': 3.19, 'DISGUST': 0.04, 'FEAR': 7.33, 'HAPPY': 5.39, 'NEUTRAL': 15.82, 'SAD': 66.51, 'SURPRISE': 1.74}
2026-05-22 16:53:42,978 | INFO     | [622913] 🎯 KẾT QUẢ CHỐT: SAD (66.51%)
2026-05-22 16:53:42,978 | INFO     | [622913] ⏱️ Thời gian phản hồi: 65.22 ms
2026-05-22 16:53:43,008 | INFO     | [623008] ------------------------------------------
2026-05-22 16:53:43,008 | INFO     | [623008] 📥 NHẬN YÊU CẦU QUÉT KHUÔN MẶT MỚI
2026-05-22 16:53:43,009 | INFO     | [623008] Đã xử lý ảnh thành công. Kích thước tensor: (1, 48, 48, 1)
2026-05-22 16:53:43,073 | INFO     | [623008] 📊 Chi tiết dự đoán: {'ANGRY': 3.19, 'DISGUST': 0.04, 'FEAR': 6.74, 'HAPPY': 4.4, 'NEUTRAL': 15.2, 'SAD': 68.78, 'SURPRISE': 1.64}
2026-05-22 16:53:43,074 | INFO     | [623008] 🎯 KẾT QUẢ CHỐT: SAD (68.78%)
2026-05-22 16:53:43,074 | INFO     | [623008] ⏱️ Thời gian phản hồi: 65.31 ms
2026-05-22 16:53:43,099 | INFO     | [623099] ------------------------------------------
2026-05-22 16:53:43,100 | INFO     | [623099] 📥 NHẬN YÊU CẦU QUÉT KHUÔN MẶT MỚI
2026-05-22 16:53:43,100 | INFO     | [623099] Đã xử lý ảnh thành công. Kích thước tensor: (1, 48, 48, 1)
2026-05-22 16:53:43,156 | INFO     | [623099] 📊 Chi tiết dự đoán: {'ANGRY': 3.66, 'DISGUST': 0.05, 'FEAR': 7.63, 'HAPPY': 7.87, 'NEUTRAL': 18.96, 'SAD': 59.35, 'SURPRISE': 2.47}
2026-05-22 16:53:43,156 | INFO     | [623099] 🎯 KẾT QUẢ CHỐT: SAD (59.35%)
2026-05-22 16:53:43,156 | INFO     | [623099] ⏱️ Thời gian phản hồi: 57.23 ms
2026-05-22 16:53:43,209 | INFO     | [623209] ------------------------------------------
2026-05-22 16:53:43,209 | INFO     | [623209] 📥 NHẬN YÊU CẦU QUÉT KHUÔN MẶT MỚI
2026-05-22 16:53:43,210 | INFO     | [623209] Đã xử lý ảnh thành công. Kích thước tensor: (1, 48, 48, 1)
2026-05-22 16:53:43,261 | INFO     | [623209] 📊 Chi tiết dự đoán: {'ANGRY': 2.95, 'DISGUST': 0.03, 'FEAR': 7.05, 'HAPPY': 8.68, 'NEUTRAL': 17.87, 'SAD': 61.81, 'SURPRISE': 1.61}
2026-05-22 16:53:43,261 | INFO     | [623209] 🎯 KẾT QUẢ CHỐT: SAD (61.81%)
2026-05-22 16:53:43,261 | INFO     | [623209] ⏱️ Thời gian phản hồi: 52.3 ms
2026-05-22 16:53:43,302 | INFO     | [623302] ------------------------------------------
2026-05-22 16:53:43,303 | INFO     | [623302] 📥 NHẬN YÊU CẦU QUÉT KHUÔN MẶT MỚI
2026-05-22 16:53:43,303 | INFO     | [623302] Đã xử lý ảnh thành công. Kích thước tensor: (1, 48, 48, 1)
2026-05-22 16:53:43,356 | INFO     | [623302] 📊 Chi tiết dự đoán: {'ANGRY': 2.67, 'DISGUST': 0.03, 'FEAR': 6.65, 'HAPPY': 5.01, 'NEUTRAL': 16.16, 'SAD': 68.02, 'SURPRISE': 1.46}
2026-05-22 16:53:43,356 | INFO     | [623302] 🎯 KẾT QUẢ CHỐT: SAD (68.02%)
2026-05-22 16:53:43,356 | INFO     | [623302] ⏱️ Thời gian phản hồi: 54.07 ms
2026-05-22 16:53:43,395 | INFO     | [623395] ------------------------------------------
2026-05-22 16:53:43,395 | INFO     | [623395] 📥 NHẬN YÊU CẦU QUÉT KHUÔN MẶT MỚI
2026-05-22 16:53:43,396 | INFO     | [623395] Đã xử lý ảnh thành công. Kích thước tensor: (1, 48, 48, 1)
2026-05-22 16:53:43,456 | INFO     | [623395] 📊 Chi tiết dự đoán: {'ANGRY': 3.04, 'DISGUST': 0.04, 'FEAR': 6.63, 'HAPPY': 4.55, 'NEUTRAL': 17.91, 'SAD': 66.45, 'SURPRISE': 1.38}
2026-05-22 16:53:43,457 | INFO     | [623395] 🎯 KẾT QUẢ CHỐT: SAD (66.45%)
2026-05-22 16:53:43,457 | INFO     | [623395] ⏱️ Thời gian phản hồi: 61.2 ms
2026-05-22 16:53:43,519 | INFO     | [623519] ------------------------------------------
2026-05-22 16:53:43,520 | INFO     | [623519] 📥 NHẬN YÊU CẦU QUÉT KHUÔN MẶT MỚI
2026-05-22 16:53:43,520 | INFO     | [623519] Đã xử lý ảnh thành công. Kích thước tensor: (1, 48, 48, 1)
2026-05-22 16:53:43,575 | INFO     | [623519] 📊 Chi tiết dự đoán: {'ANGRY': 3.15, 'DISGUST': 0.03, 'FEAR': 7.5, 'HAPPY': 9.91, 'NEUTRAL': 18.61, 'SAD': 58.92, 'SURPRISE': 1.87}
2026-05-22 16:53:43,575 | INFO     | [623519] 🎯 KẾT QUẢ CHỐT: SAD (58.92%)
2026-05-22 16:53:43,575 | INFO     | [623519] ⏱️ Thời gian phản hồi: 55.51 ms
2026-05-22 16:53:43,599 | INFO     | [623599] ------------------------------------------
2026-05-22 16:53:43,599 | INFO     | [623599] 📥 NHẬN YÊU CẦU QUÉT KHUÔN MẶT MỚI
2026-05-22 16:53:43,600 | INFO     | [623599] Đã xử lý ảnh thành công. Kích thước tensor: (1, 48, 48, 1)
2026-05-22 16:53:43,656 | INFO     | [623599] 📊 Chi tiết dự đoán: {'ANGRY': 3.42, 'DISGUST': 0.05, 'FEAR': 7.7, 'HAPPY': 5.55, 'NEUTRAL': 14.58, 'SAD': 66.55, 'SURPRISE': 2.14}
2026-05-22 16:53:43,656 | INFO     | [623599] 🎯 KẾT QUẢ CHỐT: SAD (66.55%)
2026-05-22 16:53:43,656 | INFO     | [623599] ⏱️ Thời gian phản hồi: 56.32 ms
2026-05-22 16:53:43,708 | INFO     | [623708] ------------------------------------------
2026-05-22 16:53:43,709 | INFO     | [623708] 📥 NHẬN YÊU CẦU QUÉT KHUÔN MẶT MỚI
2026-05-22 16:53:43,709 | INFO     | [623708] Đã xử lý ảnh thành công. Kích thước tensor: (1, 48, 48, 1)
2026-05-22 16:53:43,775 | INFO     | [623708] 📊 Chi tiết dự đoán: {'ANGRY': 3.16, 'DISGUST': 0.04, 'FEAR': 7.25, 'HAPPY': 7.54, 'NEUTRAL': 17.12, 'SAD': 63.55, 'SURPRISE': 1.35}
2026-05-22 16:53:43,775 | INFO     | [623708] 🎯 KẾT QUẢ CHỐT: SAD (63.55%)
2026-05-22 16:53:43,776 | INFO     | [623708] ⏱️ Thời gian phản hồi: 67.62 ms
2026-05-22 16:53:43,818 | INFO     | [623818] ------------------------------------------
2026-05-22 16:53:43,819 | INFO     | [623818] 📥 NHẬN YÊU CẦU QUÉT KHUÔN MẶT MỚI
2026-05-22 16:53:43,819 | INFO     | [623818] Đã xử lý ảnh thành công. Kích thước tensor: (1, 48, 48, 1)
2026-05-22 16:53:43,882 | INFO     | [623818] 📊 Chi tiết dự đoán: {'ANGRY': 3.98, 'DISGUST': 0.06, 'FEAR': 7.77, 'HAPPY': 5.62, 'NEUTRAL': 13.79, 'SAD': 67.46, 'SURPRISE': 1.33}
2026-05-22 16:53:43,882 | INFO     | [623818] 🎯 KẾT QUẢ CHỐT: SAD (67.46%)
2026-05-22 16:53:43,883 | INFO     | [623818] ⏱️ Thời gian phản hồi: 63.47 ms
2026-05-22 16:53:43,896 | INFO     | [623896] ------------------------------------------
2026-05-22 16:53:43,896 | INFO     | [623896] 📥 NHẬN YÊU CẦU QUÉT KHUÔN MẶT MỚI
2026-05-22 16:53:43,898 | INFO     | [623896] Đã xử lý ảnh thành công. Kích thước tensor: (1, 48, 48, 1)
2026-05-22 16:53:43,953 | INFO     | [623896] 📊 Chi tiết dự đoán: {'ANGRY': 2.95, 'DISGUST': 0.03, 'FEAR': 7.88, 'HAPPY': 6.87, 'NEUTRAL': 16.93, 'SAD': 64.01, 'SURPRISE': 1.34}
2026-05-22 16:53:43,953 | INFO     | [623896] 🎯 KẾT QUẢ CHỐT: SAD (64.01%)
2026-05-22 16:53:43,953 | INFO     | [623896] ⏱️ Thời gian phản hồi: 56.15 ms
2026-05-22 16:53:44,023 | INFO     | [624023] ------------------------------------------
2026-05-22 16:53:44,023 | INFO     | [624023] 📥 NHẬN YÊU CẦU QUÉT KHUÔN MẶT MỚI
2026-05-22 16:53:44,023 | INFO     | [624023] Đã xử lý ảnh thành công. Kích thước tensor: (1, 48, 48, 1)
2026-05-22 16:53:44,079 | INFO     | [624023] 📊 Chi tiết dự đoán: {'ANGRY': 3.61, 'DISGUST': 0.05, 'FEAR': 7.03, 'HAPPY': 5.13, 'NEUTRAL': 15.43, 'SAD': 67.35, 'SURPRISE': 1.41}
2026-05-22 16:53:44,080 | INFO     | [624023] 🎯 KẾT QUẢ CHỐT: SAD (67.35%)
2026-05-22 16:53:44,080 | INFO     | [624023] ⏱️ Thời gian phản hồi: 55.75 ms
2026-05-22 16:53:44,100 | INFO     | [624100] ------------------------------------------
2026-05-22 16:53:44,100 | INFO     | [624100] 📥 NHẬN YÊU CẦU QUÉT KHUÔN MẶT MỚI
2026-05-22 16:53:44,100 | INFO     | [624100] Đã xử lý ảnh thành công. Kích thước tensor: (1, 48, 48, 1)
2026-05-22 16:53:44,154 | INFO     | [624100] 📊 Chi tiết dự đoán: {'ANGRY': 3.51, 'DISGUST': 0.04, 'FEAR': 7.09, 'HAPPY': 6.5, 'NEUTRAL': 13.31, 'SAD': 68.54, 'SURPRISE': 1.01}
2026-05-22 16:53:44,154 | INFO     | [624100] 🎯 KẾT QUẢ CHỐT: SAD (68.54%)
2026-05-22 16:53:44,154 | INFO     | [624100] ⏱️ Thời gian phản hồi: 53.84 ms
2026-05-22 16:53:44,209 | INFO     | [624209] ------------------------------------------
2026-05-22 16:53:44,210 | INFO     | [624209] 📥 NHẬN YÊU CẦU QUÉT KHUÔN MẶT MỚI
2026-05-22 16:53:44,210 | INFO     | [624209] Đã xử lý ảnh thành công. Kích thước tensor: (1, 48, 48, 1)
2026-05-22 16:53:44,276 | INFO     | [624209] 📊 Chi tiết dự đoán: {'ANGRY': 3.25, 'DISGUST': 0.03, 'FEAR': 7.28, 'HAPPY': 4.82, 'NEUTRAL': 17.08, 'SAD': 66.17, 'SURPRISE': 1.37}
2026-05-22 16:53:44,276 | INFO     | [624209] 🎯 KẾT QUẢ CHỐT: SAD (66.17%)
2026-05-22 16:53:44,276 | INFO     | [624209] ⏱️ Thời gian phản hồi: 66.27 ms
2026-05-22 16:53:44,303 | INFO     | [624303] ------------------------------------------
2026-05-22 16:53:44,303 | INFO     | [624303] 📥 NHẬN YÊU CẦU QUÉT KHUÔN MẶT MỚI
2026-05-22 16:53:44,303 | INFO     | [624303] Đã xử lý ảnh thành công. Kích thước tensor: (1, 48, 48, 1)
2026-05-22 16:53:44,376 | INFO     | [624303] 📊 Chi tiết dự đoán: {'ANGRY': 3.14, 'DISGUST': 0.04, 'FEAR': 8.53, 'HAPPY': 4.94, 'NEUTRAL': 10.56, 'SAD': 71.77, 'SURPRISE': 1.03}
2026-05-22 16:53:44,376 | INFO     | [624303] 🎯 KẾT QUẢ CHỐT: SAD (71.77%)
2026-05-22 16:53:44,376 | INFO     | [624303] ⏱️ Thời gian phản hồi: 73.2 ms
2026-05-22 16:53:44,395 | INFO     | [624395] ------------------------------------------
2026-05-22 16:53:44,396 | INFO     | [624395] 📥 NHẬN YÊU CẦU QUÉT KHUÔN MẶT MỚI
2026-05-22 16:53:44,396 | INFO     | [624395] Đã xử lý ảnh thành công. Kích thước tensor: (1, 48, 48, 1)
2026-05-22 16:53:44,451 | INFO     | [624395] 📊 Chi tiết dự đoán: {'ANGRY': 2.87, 'DISGUST': 0.03, 'FEAR': 8.82, 'HAPPY': 4.79, 'NEUTRAL': 12.64, 'SAD': 69.66, 'SURPRISE': 1.2}
2026-05-22 16:53:44,451 | INFO     | [624395] 🎯 KẾT QUẢ CHỐT: SAD (69.66%)
2026-05-22 16:53:44,452 | INFO     | [624395] ⏱️ Thời gian phản hồi: 56.03 ms
2026-05-22 16:53:44,505 | INFO     | [624505] ------------------------------------------
2026-05-22 16:53:44,506 | INFO     | [624505] 📥 NHẬN YÊU CẦU QUÉT KHUÔN MẶT MỚI
2026-05-22 16:53:44,506 | INFO     | [624505] Đã xử lý ảnh thành công. Kích thước tensor: (1, 48, 48, 1)
2026-05-22 16:53:44,560 | INFO     | [624505] 📊 Chi tiết dự đoán: {'ANGRY': 3.13, 'DISGUST': 0.04, 'FEAR': 8.23, 'HAPPY': 4.39, 'NEUTRAL': 12.14, 'SAD': 70.96, 'SURPRISE': 1.12}
2026-05-22 16:53:44,560 | INFO     | [624505] 🎯 KẾT QUẢ CHỐT: SAD (70.96%)
2026-05-22 16:53:44,561 | INFO     | [624505] ⏱️ Thời gian phản hồi: 54.9 ms
2026-05-22 16:53:44,601 | INFO     | [624600] ------------------------------------------
2026-05-22 16:53:44,601 | INFO     | [624600] 📥 NHẬN YÊU CẦU QUÉT KHUÔN MẶT MỚI
2026-05-22 16:53:44,601 | INFO     | [624600] Đã xử lý ảnh thành công. Kích thước tensor: (1, 48, 48, 1)
2026-05-22 16:53:44,657 | INFO     | [624600] 📊 Chi tiết dự đoán: {'ANGRY': 2.87, 'DISGUST': 0.03, 'FEAR': 8.68, 'HAPPY': 2.31, 'NEUTRAL': 14.35, 'SAD': 70.67, 'SURPRISE': 1.09}
2026-05-22 16:53:44,658 | INFO     | [624600] 🎯 KẾT QUẢ CHỐT: SAD (70.67%)
2026-05-22 16:53:44,658 | INFO     | [624600] ⏱️ Thời gian phản hồi: 57.35 ms
2026-05-22 16:53:44,693 | INFO     | [624693] ------------------------------------------
2026-05-22 16:53:44,694 | INFO     | [624693] 📥 NHẬN YÊU CẦU QUÉT KHUÔN MẶT MỚI
2026-05-22 16:53:44,695 | INFO     | [624693] Đã xử lý ảnh thành công. Kích thước tensor: (1, 48, 48, 1)
2026-05-22 16:53:44,750 | INFO     | [624693] 📊 Chi tiết dự đoán: {'ANGRY': 2.82, 'DISGUST': 0.03, 'FEAR': 8.6, 'HAPPY': 3.52, 'NEUTRAL': 13.22, 'SAD': 70.71, 'SURPRISE': 1.09}
2026-05-22 16:53:44,751 | INFO     | [624693] 🎯 KẾT QUẢ CHỐT: SAD (70.71%)
2026-05-22 16:53:44,751 | INFO     | [624693] ⏱️ Thời gian phản hồi: 57.28 ms
2026-05-22 16:53:44,800 | INFO     | [624800] ------------------------------------------
2026-05-22 16:53:44,800 | INFO     | [624800] 📥 NHẬN YÊU CẦU QUÉT KHUÔN MẶT MỚI
2026-05-22 16:53:44,801 | INFO     | [624800] Đã xử lý ảnh thành công. Kích thước tensor: (1, 48, 48, 1)
2026-05-22 16:53:44,860 | INFO     | [624800] 📊 Chi tiết dự đoán: {'ANGRY': 2.74, 'DISGUST': 0.03, 'FEAR': 8.28, 'HAPPY': 4.03, 'NEUTRAL': 12.76, 'SAD': 71.13, 'SURPRISE': 1.04}
2026-05-22 16:53:44,860 | INFO     | [624800] 🎯 KẾT QUẢ CHỐT: SAD (71.13%)
2026-05-22 16:53:44,860 | INFO     | [624800] ⏱️ Thời gian phản hồi: 59.41 ms
2026-05-22 16:53:44,893 | INFO     | [624893] ------------------------------------------
2026-05-22 16:53:44,893 | INFO     | [624893] 📥 NHẬN YÊU CẦU QUÉT KHUÔN MẶT MỚI
2026-05-22 16:53:44,894 | INFO     | [624893] Đã xử lý ảnh thành công. Kích thước tensor: (1, 48, 48, 1)
2026-05-22 16:53:44,948 | INFO     | [624893] 📊 Chi tiết dự đoán: {'ANGRY': 2.98, 'DISGUST': 0.03, 'FEAR': 8.88, 'HAPPY': 2.77, 'NEUTRAL': 11.81, 'SAD': 72.49, 'SURPRISE': 1.04}
2026-05-22 16:53:44,948 | INFO     | [624893] 🎯 KẾT QUẢ CHỐT: SAD (72.49%)
2026-05-22 16:53:44,948 | INFO     | [624893] ⏱️ Thời gian phản hồi: 55.44 ms
2026-05-22 16:53:45,002 | INFO     | [625002] ------------------------------------------
2026-05-22 16:53:45,003 | INFO     | [625002] 📥 NHẬN YÊU CẦU QUÉT KHUÔN MẶT MỚI
2026-05-22 16:53:45,004 | INFO     | [625002] Đã xử lý ảnh thành công. Kích thước tensor: (1, 48, 48, 1)
2026-05-22 16:53:45,059 | INFO     | [625002] 📊 Chi tiết dự đoán: {'ANGRY': 2.8, 'DISGUST': 0.03, 'FEAR': 7.99, 'HAPPY': 4.8, 'NEUTRAL': 13.74, 'SAD': 69.5, 'SURPRISE': 1.14}
2026-05-22 16:53:45,059 | INFO     | [625002] 🎯 KẾT QUẢ CHỐT: SAD (69.50%)
2026-05-22 16:53:45,059 | INFO     | [625002] ⏱️ Thời gian phản hồi: 57.09 ms
2026-05-22 16:53:45,112 | INFO     | [625112] ------------------------------------------
2026-05-22 16:53:45,112 | INFO     | [625112] 📥 NHẬN YÊU CẦU QUÉT KHUÔN MẶT MỚI
2026-05-22 16:53:45,112 | INFO     | [625112] Đã xử lý ảnh thành công. Kích thước tensor: (1, 48, 48, 1)
2026-05-22 16:53:45,164 | INFO     | [625112] 📊 Chi tiết dự đoán: {'ANGRY': 2.85, 'DISGUST': 0.03, 'FEAR': 7.75, 'HAPPY': 2.8, 'NEUTRAL': 12.35, 'SAD': 73.25, 'SURPRISE': 0.96}
2026-05-22 16:53:45,164 | INFO     | [625112] 🎯 KẾT QUẢ CHỐT: SAD (73.25%)
2026-05-22 16:53:45,165 | INFO     | [625112] ⏱️ Thời gian phản hồi: 51.61 ms
2026-05-22 16:53:45,190 | INFO     | [625190] ------------------------------------------
2026-05-22 16:53:45,191 | INFO     | [625190] 📥 NHẬN YÊU CẦU QUÉT KHUÔN MẶT MỚI
2026-05-22 16:53:45,191 | INFO     | [625190] Đã xử lý ảnh thành công. Kích thước tensor: (1, 48, 48, 1)
2026-05-22 16:53:45,242 | INFO     | [625190] 📊 Chi tiết dự đoán: {'ANGRY': 2.58, 'DISGUST': 0.03, 'FEAR': 8.09, 'HAPPY': 3.02, 'NEUTRAL': 13.29, 'SAD': 71.78, 'SURPRISE': 1.21}
2026-05-22 16:53:45,244 | INFO     | [625190] 🎯 KẾT QUẢ CHỐT: SAD (71.78%)
2026-05-22 16:53:45,244 | INFO     | [625190] ⏱️ Thời gian phản hồi: 51.9 ms
2026-05-22 16:53:45,299 | INFO     | [625299] ------------------------------------------
2026-05-22 16:53:45,300 | INFO     | [625299] 📥 NHẬN YÊU CẦU QUÉT KHUÔN MẶT MỚI
2026-05-22 16:53:45,300 | INFO     | [625299] Đã xử lý ảnh thành công. Kích thước tensor: (1, 48, 48, 1)
2026-05-22 16:53:45,362 | INFO     | [625299] 📊 Chi tiết dự đoán: {'ANGRY': 2.74, 'DISGUST': 0.03, 'FEAR': 8.32, 'HAPPY': 4.82, 'NEUTRAL': 14.27, 'SAD': 68.54, 'SURPRISE': 1.29}
2026-05-22 16:53:45,362 | INFO     | [625299] 🎯 KẾT QUẢ CHỐT: SAD (68.54%)
2026-05-22 16:53:45,362 | INFO     | [625299] ⏱️ Thời gian phản hồi: 62.65 ms
2026-05-22 16:53:45,392 | INFO     | [625392] ------------------------------------------
2026-05-22 16:53:45,392 | INFO     | [625392] 📥 NHẬN YÊU CẦU QUÉT KHUÔN MẶT MỚI
2026-05-22 16:53:45,394 | INFO     | [625392] Đã xử lý ảnh thành công. Kích thước tensor: (1, 48, 48, 1)
2026-05-22 16:53:45,458 | INFO     | [625392] 📊 Chi tiết dự đoán: {'ANGRY': 2.77, 'DISGUST': 0.03, 'FEAR': 7.49, 'HAPPY': 4.21, 'NEUTRAL': 12.9, 'SAD': 71.65, 'SURPRISE': 0.96}
2026-05-22 16:53:45,458 | INFO     | [625392] 🎯 KẾT QUẢ CHỐT: SAD (71.65%)
2026-05-22 16:53:45,458 | INFO     | [625392] ⏱️ Thời gian phản hồi: 65.52 ms
2026-05-22 16:53:45,503 | INFO     | [625503] ------------------------------------------
2026-05-22 16:53:45,503 | INFO     | [625503] 📥 NHẬN YÊU CẦU QUÉT KHUÔN MẶT MỚI
2026-05-22 16:53:45,504 | INFO     | [625503] Đã xử lý ảnh thành công. Kích thước tensor: (1, 48, 48, 1)
2026-05-22 16:53:45,567 | INFO     | [625503] 📊 Chi tiết dự đoán: {'ANGRY': 2.77, 'DISGUST': 0.03, 'FEAR': 8.09, 'HAPPY': 4.37, 'NEUTRAL': 11.81, 'SAD': 71.78, 'SURPRISE': 1.15}
2026-05-22 16:53:45,567 | INFO     | [625503] 🎯 KẾT QUẢ CHỐT: SAD (71.78%)
2026-05-22 16:53:45,567 | INFO     | [625503] ⏱️ Thời gian phản hồi: 63.89 ms
2026-05-22 16:53:45,613 | INFO     | [625613] ------------------------------------------
2026-05-22 16:53:45,613 | INFO     | [625613] 📥 NHẬN YÊU CẦU QUÉT KHUÔN MẶT MỚI
2026-05-22 16:53:45,613 | INFO     | [625613] Đã xử lý ảnh thành công. Kích thước tensor: (1, 48, 48, 1)
2026-05-22 16:53:45,679 | INFO     | [625613] 📊 Chi tiết dự đoán: {'ANGRY': 2.92, 'DISGUST': 0.04, 'FEAR': 7.61, 'HAPPY': 2.22, 'NEUTRAL': 13.14, 'SAD': 73.06, 'SURPRISE': 1.01}
2026-05-22 16:53:45,679 | INFO     | [625613] 🎯 KẾT QUẢ CHỐT: SAD (73.06%)
2026-05-22 16:53:45,681 | INFO     | [625613] ⏱️ Thời gian phản hồi: 66.44 ms
2026-05-22 16:53:45,709 | INFO     | [625709] ------------------------------------------
2026-05-22 16:53:45,709 | INFO     | [625709] 📥 NHẬN YÊU CẦU QUÉT KHUÔN MẶT MỚI
2026-05-22 16:53:45,710 | INFO     | [625709] Đã xử lý ảnh thành công. Kích thước tensor: (1, 48, 48, 1)
2026-05-22 16:53:45,774 | INFO     | [625709] 📊 Chi tiết dự đoán: {'ANGRY': 3.44, 'DISGUST': 0.04, 'FEAR': 6.59, 'HAPPY': 3.37, 'NEUTRAL': 16.55, 'SAD': 68.56, 'SURPRISE': 1.45}
2026-05-22 16:53:45,774 | INFO     | [625709] 🎯 KẾT QUẢ CHỐT: SAD (68.56%)
2026-05-22 16:53:45,774 | INFO     | [625709] ⏱️ Thời gian phản hồi: 65.29 ms
2026-05-22 16:53:45,801 | INFO     | [625801] ------------------------------------------
2026-05-22 16:53:45,801 | INFO     | [625801] 📥 NHẬN YÊU CẦU QUÉT KHUÔN MẶT MỚI
2026-05-22 16:53:45,801 | INFO     | [625801] Đã xử lý ảnh thành công. Kích thước tensor: (1, 48, 48, 1)
2026-05-22 16:53:45,862 | INFO     | [625801] 📊 Chi tiết dự đoán: {'ANGRY': 3.95, 'DISGUST': 0.05, 'FEAR': 7.28, 'HAPPY': 3.73, 'NEUTRAL': 16.05, 'SAD': 67.26, 'SURPRISE': 1.68}
2026-05-22 16:53:45,862 | INFO     | [625801] 🎯 KẾT QUẢ CHỐT: SAD (67.26%)
2026-05-22 16:53:45,863 | INFO     | [625801] ⏱️ Thời gian phản hồi: 60.66 ms
2026-05-22 16:53:45,910 | INFO     | [625910] ------------------------------------------
2026-05-22 16:53:45,911 | INFO     | [625910] 📥 NHẬN YÊU CẦU QUÉT KHUÔN MẶT MỚI
2026-05-22 16:53:45,912 | INFO     | [625910] Đã xử lý ảnh thành công. Kích thước tensor: (1, 48, 48, 1)
2026-05-22 16:53:45,976 | INFO     | [625910] 📊 Chi tiết dự đoán: {'ANGRY': 3.3, 'DISGUST': 0.03, 'FEAR': 6.54, 'HAPPY': 5.68, 'NEUTRAL': 16.39, 'SAD': 66.66, 'SURPRISE': 1.4}
2026-05-22 16:53:45,976 | INFO     | [625910] 🎯 KẾT QUẢ CHỐT: SAD (66.66%)
2026-05-22 16:53:45,976 | INFO     | [625910] ⏱️ Thời gian phản hồi: 66.43 ms
2026-05-22 16:53:46,002 | INFO     | [626002] ------------------------------------------
2026-05-22 16:53:46,003 | INFO     | [626002] 📥 NHẬN YÊU CẦU QUÉT KHUÔN MẶT MỚI
2026-05-22 16:53:46,004 | INFO     | [626002] Đã xử lý ảnh thành công. Kích thước tensor: (1, 48, 48, 1)
2026-05-22 16:53:46,059 | INFO     | [626002] 📊 Chi tiết dự đoán: {'ANGRY': 4.0, 'DISGUST': 0.04, 'FEAR': 7.42, 'HAPPY': 5.01, 'NEUTRAL': 17.87, 'SAD': 63.68, 'SURPRISE': 1.99}
2026-05-22 16:53:46,059 | INFO     | [626002] 🎯 KẾT QUẢ CHỐT: SAD (63.68%)
2026-05-22 16:53:46,059 | INFO     | [626002] ⏱️ Thời gian phản hồi: 57.74 ms
2026-05-22 16:53:46,111 | INFO     | [626111] ------------------------------------------
2026-05-22 16:53:46,112 | INFO     | [626111] 📥 NHẬN YÊU CẦU QUÉT KHUÔN MẶT MỚI
2026-05-22 16:53:46,112 | INFO     | [626111] Đã xử lý ảnh thành công. Kích thước tensor: (1, 48, 48, 1)
2026-05-22 16:53:46,177 | INFO     | [626111] 📊 Chi tiết dự đoán: {'ANGRY': 3.1, 'DISGUST': 0.04, 'FEAR': 6.34, 'HAPPY': 3.81, 'NEUTRAL': 15.02, 'SAD': 70.38, 'SURPRISE': 1.32}
2026-05-22 16:53:46,177 | INFO     | [626111] 🎯 KẾT QUẢ CHỐT: SAD (70.38%)
2026-05-22 16:53:46,177 | INFO     | [626111] ⏱️ Thời gian phản hồi: 65.57 ms
2026-05-22 16:53:46,205 | INFO     | [626204] ------------------------------------------
2026-05-22 16:53:46,205 | INFO     | [626204] 📥 NHẬN YÊU CẦU QUÉT KHUÔN MẶT MỚI
2026-05-22 16:53:46,205 | INFO     | [626204] Đã xử lý ảnh thành công. Kích thước tensor: (1, 48, 48, 1)
2026-05-22 16:53:46,280 | INFO     | [626204] 📊 Chi tiết dự đoán: {'ANGRY': 3.71, 'DISGUST': 0.04, 'FEAR': 7.11, 'HAPPY': 3.44, 'NEUTRAL': 15.29, 'SAD': 69.14, 'SURPRISE': 1.27}
2026-05-22 16:53:46,281 | INFO     | [626204] 🎯 KẾT QUẢ CHỐT: SAD (69.14%)
2026-05-22 16:53:46,281 | INFO     | [626204] ⏱️ Thời gian phản hồi: 76.27 ms
2026-05-22 16:53:46,298 | INFO     | [626298] ------------------------------------------
2026-05-22 16:53:46,299 | INFO     | [626298] 📥 NHẬN YÊU CẦU QUÉT KHUÔN MẶT MỚI
2026-05-22 16:53:46,299 | INFO     | [626298] Đã xử lý ảnh thành công. Kích thước tensor: (1, 48, 48, 1)
2026-05-22 16:53:46,353 | INFO     | [626298] 📊 Chi tiết dự đoán: {'ANGRY': 3.81, 'DISGUST': 0.04, 'FEAR': 7.38, 'HAPPY': 5.23, 'NEUTRAL': 18.23, 'SAD': 63.43, 'SURPRISE': 1.87}
2026-05-22 16:53:46,355 | INFO     | [626298] 🎯 KẾT QUẢ CHỐT: SAD (63.43%)
2026-05-22 16:53:46,355 | INFO     | [626298] ⏱️ Thời gian phản hồi: 55.0 ms
2026-05-22 16:53:46,409 | INFO     | [626409] ------------------------------------------
2026-05-22 16:53:46,409 | INFO     | [626409] 📥 NHẬN YÊU CẦU QUÉT KHUÔN MẶT MỚI
2026-05-22 16:53:46,410 | INFO     | [626409] Đã xử lý ảnh thành công. Kích thước tensor: (1, 48, 48, 1)
2026-05-22 16:53:46,462 | INFO     | [626409] 📊 Chi tiết dự đoán: {'ANGRY': 3.91, 'DISGUST': 0.04, 'FEAR': 7.14, 'HAPPY': 3.89, 'NEUTRAL': 16.3, 'SAD': 67.26, 'SURPRISE': 1.47}
2026-05-22 16:53:46,462 | INFO     | [626409] 🎯 KẾT QUẢ CHỐT: SAD (67.26%)
2026-05-22 16:53:46,462 | INFO     | [626409] ⏱️ Thời gian phản hồi: 52.51 ms
2026-05-22 16:53:46,501 | INFO     | [626501] ------------------------------------------
2026-05-22 16:53:46,502 | INFO     | [626501] 📥 NHẬN YÊU CẦU QUÉT KHUÔN MẶT MỚI
2026-05-22 16:53:46,502 | INFO     | [626501] Đã xử lý ảnh thành công. Kích thước tensor: (1, 48, 48, 1)
2026-05-22 16:53:46,558 | INFO     | [626501] 📊 Chi tiết dự đoán: {'ANGRY': 4.05, 'DISGUST': 0.04, 'FEAR': 6.77, 'HAPPY': 3.64, 'NEUTRAL': 18.75, 'SAD': 65.35, 'SURPRISE': 1.4}
2026-05-22 16:53:46,558 | INFO     | [626501] 🎯 KẾT QUẢ CHỐT: SAD (65.35%)
2026-05-22 16:53:46,558 | INFO     | [626501] ⏱️ Thời gian phản hồi: 56.99 ms
2026-05-22 16:53:46,611 | INFO     | [626611] ------------------------------------------
2026-05-22 16:53:46,611 | INFO     | [626611] 📥 NHẬN YÊU CẦU QUÉT KHUÔN MẶT MỚI
2026-05-22 16:53:46,611 | INFO     | [626611] Đã xử lý ảnh thành công. Kích thước tensor: (1, 48, 48, 1)
2026-05-22 16:53:46,664 | INFO     | [626611] 📊 Chi tiết dự đoán: {'ANGRY': 3.67, 'DISGUST': 0.04, 'FEAR': 6.49, 'HAPPY': 4.09, 'NEUTRAL': 16.37, 'SAD': 67.89, 'SURPRISE': 1.46}
2026-05-22 16:53:46,664 | INFO     | [626611] 🎯 KẾT QUẢ CHỐT: SAD (67.89%)
2026-05-22 16:53:46,665 | INFO     | [626611] ⏱️ Thời gian phản hồi: 53.62 ms
2026-05-22 16:53:46,703 | INFO     | [626703] ------------------------------------------
2026-05-22 16:53:46,704 | INFO     | [626703] 📥 NHẬN YÊU CẦU QUÉT KHUÔN MẶT MỚI
2026-05-22 16:53:46,704 | INFO     | [626703] Đã xử lý ảnh thành công. Kích thước tensor: (1, 48, 48, 1)
2026-05-22 16:53:46,760 | INFO     | [626703] 📊 Chi tiết dự đoán: {'ANGRY': 3.78, 'DISGUST': 0.05, 'FEAR': 6.84, 'HAPPY': 4.89, 'NEUTRAL': 17.3, 'SAD': 65.35, 'SURPRISE': 1.79}
2026-05-22 16:53:46,760 | INFO     | [626703] 🎯 KẾT QUẢ CHỐT: SAD (65.35%)
2026-05-22 16:53:46,760 | INFO     | [626703] ⏱️ Thời gian phản hồi: 56.75 ms
2026-05-22 16:53:46,813 | INFO     | [626813] ------------------------------------------
2026-05-22 16:53:46,813 | INFO     | [626813] 📥 NHẬN YÊU CẦU QUÉT KHUÔN MẶT MỚI
2026-05-22 16:53:46,813 | INFO     | [626813] Đã xử lý ảnh thành công. Kích thước tensor: (1, 48, 48, 1)
2026-05-22 16:53:46,873 | INFO     | [626813] 📊 Chi tiết dự đoán: {'ANGRY': 3.96, 'DISGUST': 0.04, 'FEAR': 7.36, 'HAPPY': 3.9, 'NEUTRAL': 17.28, 'SAD': 65.8, 'SURPRISE': 1.66}
2026-05-22 16:53:46,873 | INFO     | [626813] 🎯 KẾT QUẢ CHỐT: SAD (65.80%)
2026-05-22 16:53:46,873 | INFO     | [626813] ⏱️ Thời gian phản hồi: 59.96 ms
2026-05-22 16:53:46,905 | INFO     | [626905] ------------------------------------------
2026-05-22 16:53:46,905 | INFO     | [626905] 📥 NHẬN YÊU CẦU QUÉT KHUÔN MẶT MỚI
2026-05-22 16:53:46,906 | INFO     | [626905] Đã xử lý ảnh thành công. Kích thước tensor: (1, 48, 48, 1)
2026-05-22 16:53:46,963 | INFO     | [626905] 📊 Chi tiết dự đoán: {'ANGRY': 3.7, 'DISGUST': 0.04, 'FEAR': 7.3, 'HAPPY': 3.08, 'NEUTRAL': 17.91, 'SAD': 66.18, 'SURPRISE': 1.78}
2026-05-22 16:53:46,963 | INFO     | [626905] 🎯 KẾT QUẢ CHỐT: SAD (66.18%)
2026-05-22 16:53:46,963 | INFO     | [626905] ⏱️ Thời gian phản hồi: 57.7 ms
2026-05-22 16:53:46,999 | INFO     | [626999] ------------------------------------------
2026-05-22 16:53:47,001 | INFO     | [626999] 📥 NHẬN YÊU CẦU QUÉT KHUÔN MẶT MỚI
2026-05-22 16:53:47,001 | INFO     | [626999] Đã xử lý ảnh thành công. Kích thước tensor: (1, 48, 48, 1)
2026-05-22 16:53:47,060 | INFO     | [626999] 📊 Chi tiết dự đoán: {'ANGRY': 4.01, 'DISGUST': 0.05, 'FEAR': 6.97, 'HAPPY': 4.63, 'NEUTRAL': 16.98, 'SAD': 65.78, 'SURPRISE': 1.58}
2026-05-22 16:53:47,060 | INFO     | [626999] 🎯 KẾT QUẢ CHỐT: SAD (65.78%)
2026-05-22 16:53:47,060 | INFO     | [626999] ⏱️ Thời gian phản hồi: 60.7 ms
2026-05-22 16:53:47,110 | INFO     | [627110] ------------------------------------------
2026-05-22 16:53:47,110 | INFO     | [627110] 📥 NHẬN YÊU CẦU QUÉT KHUÔN MẶT MỚI
2026-05-22 16:53:47,110 | INFO     | [627110] Đã xử lý ảnh thành công. Kích thước tensor: (1, 48, 48, 1)
2026-05-22 16:53:47,173 | INFO     | [627110] 📊 Chi tiết dự đoán: {'ANGRY': 3.78, 'DISGUST': 0.04, 'FEAR': 6.7, 'HAPPY': 3.22, 'NEUTRAL': 16.65, 'SAD': 68.31, 'SURPRISE': 1.3}
2026-05-22 16:53:47,173 | INFO     | [627110] 🎯 KẾT QUẢ CHỐT: SAD (68.31%)
2026-05-22 16:53:47,174 | INFO     | [627110] ⏱️ Thời gian phản hồi: 63.05 ms
2026-05-22 16:53:47,202 | INFO     | [627202] ------------------------------------------
2026-05-22 16:53:47,202 | INFO     | [627202] 📥 NHẬN YÊU CẦU QUÉT KHUÔN MẶT MỚI
2026-05-22 16:53:47,202 | INFO     | [627202] Đã xử lý ảnh thành công. Kích thước tensor: (1, 48, 48, 1)
2026-05-22 16:53:47,263 | INFO     | [627202] 📊 Chi tiết dự đoán: {'ANGRY': 3.34, 'DISGUST': 0.03, 'FEAR': 6.02, 'HAPPY': 2.75, 'NEUTRAL': 18.37, 'SAD': 68.36, 'SURPRISE': 1.13}
2026-05-22 16:53:47,264 | INFO     | [627202] 🎯 KẾT QUẢ CHỐT: SAD (68.36%)
2026-05-22 16:53:47,264 | INFO     | [627202] ⏱️ Thời gian phản hồi: 60.88 ms
2026-05-22 16:53:47,310 | INFO     | [627310] ------------------------------------------
2026-05-22 16:53:47,311 | INFO     | [627310] 📥 NHẬN YÊU CẦU QUÉT KHUÔN MẶT MỚI
2026-05-22 16:53:47,311 | INFO     | [627310] Đã xử lý ảnh thành công. Kích thước tensor: (1, 48, 48, 1)
2026-05-22 16:53:47,370 | INFO     | [627310] 📊 Chi tiết dự đoán: {'ANGRY': 3.94, 'DISGUST': 0.04, 'FEAR': 7.0, 'HAPPY': 3.42, 'NEUTRAL': 16.23, 'SAD': 68.01, 'SURPRISE': 1.36}
2026-05-22 16:53:47,370 | INFO     | [627310] 🎯 KẾT QUẢ CHỐT: SAD (68.01%)
2026-05-22 16:53:47,370 | INFO     | [627310] ⏱️ Thời gian phản hồi: 60.49 ms
2026-05-22 16:53:47,404 | INFO     | [627404] ------------------------------------------
2026-05-22 16:53:47,404 | INFO     | [627404] 📥 NHẬN YÊU CẦU QUÉT KHUÔN MẶT MỚI
2026-05-22 16:53:47,405 | INFO     | [627404] Đã xử lý ảnh thành công. Kích thước tensor: (1, 48, 48, 1)
2026-05-22 16:53:47,463 | INFO     | [627404] 📊 Chi tiết dự đoán: {'ANGRY': 3.33, 'DISGUST': 0.03, 'FEAR': 6.22, 'HAPPY': 4.12, 'NEUTRAL': 17.97, 'SAD': 66.97, 'SURPRISE': 1.36}
2026-05-22 16:53:47,463 | INFO     | [627404] 🎯 KẾT QUẢ CHỐT: SAD (66.97%)
2026-05-22 16:53:47,463 | INFO     | [627404] ⏱️ Thời gian phản hồi: 58.29 ms
2026-05-22 16:53:47,514 | INFO     | [627514] ------------------------------------------
2026-05-22 16:53:47,515 | INFO     | [627514] 📥 NHẬN YÊU CẦU QUÉT KHUÔN MẶT MỚI
2026-05-22 16:53:47,515 | INFO     | [627514] Đã xử lý ảnh thành công. Kích thước tensor: (1, 48, 48, 1)
2026-05-22 16:53:47,568 | INFO     | [627514] 📊 Chi tiết dự đoán: {'ANGRY': 3.67, 'DISGUST': 0.04, 'FEAR': 6.53, 'HAPPY': 3.75, 'NEUTRAL': 15.85, 'SAD': 68.75, 'SURPRISE': 1.41}
2026-05-22 16:53:47,569 | INFO     | [627514] 🎯 KẾT QUẢ CHỐT: SAD (68.75%)
2026-05-22 16:53:47,569 | INFO     | [627514] ⏱️ Thời gian phản hồi: 53.89 ms
2026-05-22 16:53:47,606 | INFO     | [627606] ------------------------------------------
2026-05-22 16:53:47,607 | INFO     | [627606] 📥 NHẬN YÊU CẦU QUÉT KHUÔN MẶT MỚI
2026-05-22 16:53:47,607 | INFO     | [627606] Đã xử lý ảnh thành công. Kích thước tensor: (1, 48, 48, 1)
2026-05-22 16:53:47,671 | INFO     | [627606] 📊 Chi tiết dự đoán: {'ANGRY': 3.94, 'DISGUST': 0.04, 'FEAR': 6.72, 'HAPPY': 3.9, 'NEUTRAL': 20.48, 'SAD': 63.23, 'SURPRISE': 1.68}
2026-05-22 16:53:47,671 | INFO     | [627606] 🎯 KẾT QUẢ CHỐT: SAD (63.23%)
2026-05-22 16:53:47,671 | INFO     | [627606] ⏱️ Thời gian phản hồi: 64.81 ms
2026-05-22 16:53:47,715 | INFO     | [627715] ------------------------------------------
2026-05-22 16:53:47,715 | INFO     | [627715] 📥 NHẬN YÊU CẦU QUÉT KHUÔN MẶT MỚI
2026-05-22 16:53:47,716 | INFO     | [627715] Đã xử lý ảnh thành công. Kích thước tensor: (1, 48, 48, 1)
2026-05-22 16:53:47,789 | INFO     | [627715] 📊 Chi tiết dự đoán: {'ANGRY': 3.54, 'DISGUST': 0.04, 'FEAR': 6.29, 'HAPPY': 4.69, 'NEUTRAL': 17.9, 'SAD': 66.12, 'SURPRISE': 1.42}
2026-05-22 16:53:47,789 | INFO     | [627715] 🎯 KẾT QUẢ CHỐT: SAD (66.12%)
2026-05-22 16:53:47,789 | INFO     | [627715] ⏱️ Thời gian phản hồi: 73.56 ms
2026-05-22 16:53:47,806 | INFO     | [627806] ------------------------------------------
2026-05-22 16:53:47,806 | INFO     | [627806] 📥 NHẬN YÊU CẦU QUÉT KHUÔN MẶT MỚI
2026-05-22 16:53:47,808 | INFO     | [627806] Đã xử lý ảnh thành công. Kích thước tensor: (1, 48, 48, 1)
2026-05-22 16:53:47,871 | INFO     | [627806] 📊 Chi tiết dự đoán: {'ANGRY': 3.74, 'DISGUST': 0.04, 'FEAR': 7.14, 'HAPPY': 5.24, 'NEUTRAL': 17.96, 'SAD': 64.06, 'SURPRISE': 1.82}
2026-05-22 16:53:47,871 | INFO     | [627806] 🎯 KẾT QUẢ CHỐT: SAD (64.06%)
2026-05-22 16:53:47,871 | INFO     | [627806] ⏱️ Thời gian phản hồi: 64.93 ms
2026-05-22 16:53:47,899 | INFO     | [627899] ------------------------------------------
2026-05-22 16:53:47,899 | INFO     | [627899] 📥 NHẬN YÊU CẦU QUÉT KHUÔN MẶT MỚI
2026-05-22 16:53:47,900 | INFO     | [627899] Đã xử lý ảnh thành công. Kích thước tensor: (1, 48, 48, 1)
2026-05-22 16:53:47,956 | INFO     | [627899] 📊 Chi tiết dự đoán: {'ANGRY': 3.42, 'DISGUST': 0.04, 'FEAR': 6.43, 'HAPPY': 4.02, 'NEUTRAL': 18.52, 'SAD': 65.81, 'SURPRISE': 1.76}
2026-05-22 16:53:47,957 | INFO     | [627899] 🎯 KẾT QUẢ CHỐT: SAD (65.81%)
2026-05-22 16:53:47,957 | INFO     | [627899] ⏱️ Thời gian phản hồi: 56.9 ms
2026-05-22 16:53:48,007 | INFO     | [628007] ------------------------------------------
2026-05-22 16:53:48,008 | INFO     | [628007] 📥 NHẬN YÊU CẦU QUÉT KHUÔN MẶT MỚI
2026-05-22 16:53:48,008 | INFO     | [628007] Đã xử lý ảnh thành công. Kích thước tensor: (1, 48, 48, 1)
2026-05-22 16:53:48,070 | INFO     | [628007] 📊 Chi tiết dự đoán: {'ANGRY': 4.19, 'DISGUST': 0.04, 'FEAR': 7.12, 'HAPPY': 5.89, 'NEUTRAL': 16.0, 'SAD': 65.18, 'SURPRISE': 1.58}
2026-05-22 16:53:48,071 | INFO     | [628007] 🎯 KẾT QUẢ CHỐT: SAD (65.18%)
2026-05-22 16:53:48,071 | INFO     | [628007] ⏱️ Thời gian phản hồi: 62.87 ms
2026-05-22 16:53:48,117 | INFO     | [628117] ------------------------------------------
2026-05-22 16:53:48,117 | INFO     | [628117] 📥 NHẬN YÊU CẦU QUÉT KHUÔN MẶT MỚI
2026-05-22 16:53:48,118 | INFO     | [628117] Đã xử lý ảnh thành công. Kích thước tensor: (1, 48, 48, 1)
2026-05-22 16:53:48,177 | INFO     | [628117] 📊 Chi tiết dự đoán: {'ANGRY': 3.67, 'DISGUST': 0.04, 'FEAR': 6.91, 'HAPPY': 3.41, 'NEUTRAL': 17.37, 'SAD': 67.08, 'SURPRISE': 1.53}
2026-05-22 16:53:48,178 | INFO     | [628117] 🎯 KẾT QUẢ CHỐT: SAD (67.08%)
2026-05-22 16:53:48,178 | INFO     | [628117] ⏱️ Thời gian phản hồi: 59.99 ms
2026-05-22 16:53:48,211 | INFO     | [628211] ------------------------------------------
2026-05-22 16:53:48,212 | INFO     | [628211] 📥 NHẬN YÊU CẦU QUÉT KHUÔN MẶT MỚI
2026-05-22 16:53:48,213 | INFO     | [628211] Đã xử lý ảnh thành công. Kích thước tensor: (1, 48, 48, 1)
2026-05-22 16:53:48,290 | INFO     | [628211] 📊 Chi tiết dự đoán: {'ANGRY': 4.0, 'DISGUST': 0.04, 'FEAR': 6.5, 'HAPPY': 4.66, 'NEUTRAL': 20.88, 'SAD': 62.25, 'SURPRISE': 1.67}
2026-05-22 16:53:48,290 | INFO     | [628211] 🎯 KẾT QUẢ CHỐT: SAD (62.25%)
2026-05-22 16:53:48,291 | INFO     | [628211] ⏱️ Thời gian phản hồi: 79.22 ms
2026-05-22 16:53:48,319 | INFO     | [628319] ------------------------------------------
2026-05-22 16:53:48,320 | INFO     | [628319] 📥 NHẬN YÊU CẦU QUÉT KHUÔN MẶT MỚI
2026-05-22 16:53:48,320 | INFO     | [628319] Đã xử lý ảnh thành công. Kích thước tensor: (1, 48, 48, 1)
2026-05-22 16:53:48,379 | INFO     | [628319] 📊 Chi tiết dự đoán: {'ANGRY': 3.82, 'DISGUST': 0.04, 'FEAR': 6.93, 'HAPPY': 4.49, 'NEUTRAL': 18.14, 'SAD': 64.91, 'SURPRISE': 1.66}
2026-05-22 16:53:48,379 | INFO     | [628319] 🎯 KẾT QUẢ CHỐT: SAD (64.91%)
2026-05-22 16:53:48,379 | INFO     | [628319] ⏱️ Thời gian phản hồi: 59.35 ms
2026-05-22 16:53:48,397 | INFO     | [628397] ------------------------------------------
2026-05-22 16:53:48,397 | INFO     | [628397] 📥 NHẬN YÊU CẦU QUÉT KHUÔN MẶT MỚI
2026-05-22 16:53:48,398 | INFO     | [628397] Đã xử lý ảnh thành công. Kích thước tensor: (1, 48, 48, 1)
2026-05-22 16:53:48,452 | INFO     | [628397] 📊 Chi tiết dự đoán: {'ANGRY': 3.78, 'DISGUST': 0.04, 'FEAR': 6.48, 'HAPPY': 4.19, 'NEUTRAL': 20.35, 'SAD': 63.36, 'SURPRISE': 1.8}
2026-05-22 16:53:48,452 | INFO     | [628397] 🎯 KẾT QUẢ CHỐT: SAD (63.36%)
2026-05-22 16:53:48,452 | INFO     | [628397] ⏱️ Thời gian phản hồi: 55.41 ms
2026-05-22 16:53:48,506 | INFO     | [628506] ------------------------------------------
2026-05-22 16:53:48,508 | INFO     | [628506] 📥 NHẬN YÊU CẦU QUÉT KHUÔN MẶT MỚI
2026-05-22 16:53:48,508 | INFO     | [628506] Đã xử lý ảnh thành công. Kích thước tensor: (1, 48, 48, 1)
2026-05-22 16:53:48,560 | INFO     | [628506] 📊 Chi tiết dự đoán: {'ANGRY': 4.07, 'DISGUST': 0.04, 'FEAR': 6.99, 'HAPPY': 3.6, 'NEUTRAL': 19.45, 'SAD': 64.16, 'SURPRISE': 1.69}
2026-05-22 16:53:48,560 | INFO     | [628506] 🎯 KẾT QUẢ CHỐT: SAD (64.16%)
2026-05-22 16:53:48,560 | INFO     | [628506] ⏱️ Thời gian phản hồi: 53.95 ms
2026-05-22 16:53:48,600 | INFO     | [628600] ------------------------------------------
2026-05-22 16:53:48,600 | INFO     | [628600] 📥 NHẬN YÊU CẦU QUÉT KHUÔN MẶT MỚI
2026-05-22 16:53:48,600 | INFO     | [628600] Đã xử lý ảnh thành công. Kích thước tensor: (1, 48, 48, 1)
2026-05-22 16:53:48,656 | INFO     | [628600] 📊 Chi tiết dự đoán: {'ANGRY': 3.99, 'DISGUST': 0.05, 'FEAR': 7.05, 'HAPPY': 5.09, 'NEUTRAL': 17.16, 'SAD': 64.83, 'SURPRISE': 1.82}
2026-05-22 16:53:48,656 | INFO     | [628600] 🎯 KẾT QUẢ CHỐT: SAD (64.83%)
2026-05-22 16:53:48,656 | INFO     | [628600] ⏱️ Thời gian phản hồi: 56.11 ms
2026-05-22 16:53:48,708 | INFO     | [628708] ------------------------------------------
2026-05-22 16:53:48,708 | INFO     | [628708] 📥 NHẬN YÊU CẦU QUÉT KHUÔN MẶT MỚI
2026-05-22 16:53:48,709 | INFO     | [628708] Đã xử lý ảnh thành công. Kích thước tensor: (1, 48, 48, 1)
2026-05-22 16:53:48,763 | INFO     | [628708] 📊 Chi tiết dự đoán: {'ANGRY': 3.62, 'DISGUST': 0.05, 'FEAR': 6.22, 'HAPPY': 3.07, 'NEUTRAL': 18.9, 'SAD': 66.65, 'SURPRISE': 1.5}
2026-05-22 16:53:48,763 | INFO     | [628708] 🎯 KẾT QUẢ CHỐT: SAD (66.65%)
2026-05-22 16:53:48,763 | INFO     | [628708] ⏱️ Thời gian phản hồi: 54.65 ms
2026-05-22 16:53:48,801 | INFO     | [628801] ------------------------------------------
2026-05-22 16:53:48,802 | INFO     | [628801] 📥 NHẬN YÊU CẦU QUÉT KHUÔN MẶT MỚI
2026-05-22 16:53:48,802 | INFO     | [628801] Đã xử lý ảnh thành công. Kích thước tensor: (1, 48, 48, 1)
2026-05-22 16:53:48,864 | INFO     | [628801] 📊 Chi tiết dự đoán: {'ANGRY': 3.82, 'DISGUST': 0.05, 'FEAR': 6.51, 'HAPPY': 5.14, 'NEUTRAL': 18.0, 'SAD': 64.76, 'SURPRISE': 1.73}
2026-05-22 16:53:48,864 | INFO     | [628801] 🎯 KẾT QUẢ CHỐT: SAD (64.76%)
2026-05-22 16:53:48,864 | INFO     | [628801] ⏱️ Thời gian phản hồi: 62.59 ms
2026-05-22 16:53:48,910 | INFO     | [628910] ------------------------------------------
2026-05-22 16:53:48,910 | INFO     | [628910] 📥 NHẬN YÊU CẦU QUÉT KHUÔN MẶT MỚI
2026-05-22 16:53:48,911 | INFO     | [628910] Đã xử lý ảnh thành công. Kích thước tensor: (1, 48, 48, 1)
2026-05-22 16:53:48,968 | INFO     | [628910] 📊 Chi tiết dự đoán: {'ANGRY': 4.16, 'DISGUST': 0.05, 'FEAR': 7.32, 'HAPPY': 2.9, 'NEUTRAL': 16.53, 'SAD': 67.09, 'SURPRISE': 1.95}
2026-05-22 16:53:48,968 | INFO     | [628910] 🎯 KẾT QUẢ CHỐT: SAD (67.09%)
2026-05-22 16:53:48,968 | INFO     | [628910] ⏱️ Thời gian phản hồi: 57.62 ms
2026-05-22 16:53:49,002 | INFO     | [629002] ------------------------------------------
2026-05-22 16:53:49,003 | INFO     | [629002] 📥 NHẬN YÊU CẦU QUÉT KHUÔN MẶT MỚI
2026-05-22 16:53:49,003 | INFO     | [629002] Đã xử lý ảnh thành công. Kích thước tensor: (1, 48, 48, 1)
2026-05-22 16:53:49,064 | INFO     | [629002] 📊 Chi tiết dự đoán: {'ANGRY': 3.85, 'DISGUST': 0.05, 'FEAR': 7.37, 'HAPPY': 4.24, 'NEUTRAL': 17.53, 'SAD': 65.28, 'SURPRISE': 1.68}
2026-05-22 16:53:49,064 | INFO     | [629002] 🎯 KẾT QUẢ CHỐT: SAD (65.28%)
2026-05-22 16:53:49,064 | INFO     | [629002] ⏱️ Thời gian phản hồi: 61.65 ms
2026-05-22 16:53:49,110 | INFO     | [629110] ------------------------------------------
2026-05-22 16:53:49,112 | INFO     | [629110] 📥 NHẬN YÊU CẦU QUÉT KHUÔN MẶT MỚI
2026-05-22 16:53:49,112 | INFO     | [629110] Đã xử lý ảnh thành công. Kích thước tensor: (1, 48, 48, 1)
2026-05-22 16:53:49,165 | INFO     | [629110] 📊 Chi tiết dự đoán: {'ANGRY': 3.6, 'DISGUST': 0.04, 'FEAR': 7.11, 'HAPPY': 2.81, 'NEUTRAL': 20.03, 'SAD': 64.64, 'SURPRISE': 1.77}
2026-05-22 16:53:49,165 | INFO     | [629110] 🎯 KẾT QUẢ CHỐT: SAD (64.64%)
2026-05-22 16:53:49,165 | INFO     | [629110] ⏱️ Thời gian phản hồi: 54.83 ms
2026-05-22 16:53:49,205 | INFO     | [629205] ------------------------------------------
2026-05-22 16:53:49,205 | INFO     | [629205] 📥 NHẬN YÊU CẦU QUÉT KHUÔN MẶT MỚI
2026-05-22 16:53:49,206 | INFO     | [629205] Đã xử lý ảnh thành công. Kích thước tensor: (1, 48, 48, 1)
2026-05-22 16:53:49,257 | INFO     | [629205] 📊 Chi tiết dự đoán: {'ANGRY': 4.72, 'DISGUST': 0.05, 'FEAR': 7.65, 'HAPPY': 4.79, 'NEUTRAL': 19.19, 'SAD': 61.91, 'SURPRISE': 1.69}
2026-05-22 16:53:49,257 | INFO     | [629205] 🎯 KẾT QUẢ CHỐT: SAD (61.91%)
2026-05-22 16:53:49,259 | INFO     | [629205] ⏱️ Thời gian phản hồi: 52.57 ms
2026-05-22 16:53:49,299 | INFO     | [629299] ------------------------------------------
2026-05-22 16:53:49,299 | INFO     | [629299] 📥 NHẬN YÊU CẦU QUÉT KHUÔN MẶT MỚI
2026-05-22 16:53:49,300 | INFO     | [629299] Đã xử lý ảnh thành công. Kích thước tensor: (1, 48, 48, 1)
2026-05-22 16:53:49,352 | INFO     | [629299] 📊 Chi tiết dự đoán: {'ANGRY': 3.57, 'DISGUST': 0.04, 'FEAR': 6.89, 'HAPPY': 5.17, 'NEUTRAL': 18.19, 'SAD': 64.09, 'SURPRISE': 2.05}
2026-05-22 16:53:49,352 | INFO     | [629299] 🎯 KẾT QUẢ CHỐT: SAD (64.09%)
2026-05-22 16:53:49,352 | INFO     | [629299] ⏱️ Thời gian phản hồi: 53.05 ms
2026-05-22 16:53:49,407 | INFO     | [629407] ------------------------------------------
2026-05-22 16:53:49,407 | INFO     | [629407] 📥 NHẬN YÊU CẦU QUÉT KHUÔN MẶT MỚI
2026-05-22 16:53:49,408 | INFO     | [629407] Đã xử lý ảnh thành công. Kích thước tensor: (1, 48, 48, 1)
2026-05-22 16:53:49,460 | INFO     | [629407] 📊 Chi tiết dự đoán: {'ANGRY': 3.8, 'DISGUST': 0.04, 'FEAR': 5.87, 'HAPPY': 7.04, 'NEUTRAL': 18.52, 'SAD': 63.58, 'SURPRISE': 1.16}
2026-05-22 16:53:49,460 | INFO     | [629407] 🎯 KẾT QUẢ CHỐT: SAD (63.58%)
2026-05-22 16:53:49,460 | INFO     | [629407] ⏱️ Thời gian phản hồi: 53.18 ms
2026-05-22 16:53:49,502 | INFO     | [629502] ------------------------------------------
2026-05-22 16:53:49,502 | INFO     | [629502] 📥 NHẬN YÊU CẦU QUÉT KHUÔN MẶT MỚI
2026-05-22 16:53:49,503 | INFO     | [629502] Đã xử lý ảnh thành công. Kích thước tensor: (1, 48, 48, 1)
2026-05-22 16:53:49,559 | INFO     | [629502] 📊 Chi tiết dự đoán: {'ANGRY': 3.72, 'DISGUST': 0.05, 'FEAR': 7.18, 'HAPPY': 3.31, 'NEUTRAL': 16.31, 'SAD': 67.67, 'SURPRISE': 1.76}
2026-05-22 16:53:49,559 | INFO     | [629502] 🎯 KẾT QUẢ CHỐT: SAD (67.67%)
2026-05-22 16:53:49,559 | INFO     | [629502] ⏱️ Thời gian phản hồi: 57.39 ms
2026-05-22 16:53:49,608 | INFO     | [629608] ------------------------------------------
2026-05-22 16:53:49,610 | INFO     | [629608] 📥 NHẬN YÊU CẦU QUÉT KHUÔN MẶT MỚI
2026-05-22 16:53:49,610 | INFO     | [629608] Đã xử lý ảnh thành công. Kích thước tensor: (1, 48, 48, 1)
2026-05-22 16:53:49,663 | INFO     | [629608] 📊 Chi tiết dự đoán: {'ANGRY': 4.27, 'DISGUST': 0.05, 'FEAR': 7.24, 'HAPPY': 3.8, 'NEUTRAL': 20.55, 'SAD': 62.39, 'SURPRISE': 1.69}
2026-05-22 16:53:49,663 | INFO     | [629608] 🎯 KẾT QUẢ CHỐT: SAD (62.39%)
2026-05-22 16:53:49,663 | INFO     | [629608] ⏱️ Thời gian phản hồi: 53.45 ms
2026-05-22 16:53:49,703 | INFO     | [629703] ------------------------------------------
2026-05-22 16:53:49,703 | INFO     | [629703] 📥 NHẬN YÊU CẦU QUÉT KHUÔN MẶT MỚI
2026-05-22 16:53:49,703 | INFO     | [629703] Đã xử lý ảnh thành công. Kích thước tensor: (1, 48, 48, 1)
2026-05-22 16:53:49,754 | INFO     | [629703] 📊 Chi tiết dự đoán: {'ANGRY': 3.39, 'DISGUST': 0.03, 'FEAR': 7.14, 'HAPPY': 2.59, 'NEUTRAL': 19.27, 'SAD': 66.07, 'SURPRISE': 1.52}
2026-05-22 16:53:49,754 | INFO     | [629703] 🎯 KẾT QUẢ CHỐT: SAD (66.07%)
2026-05-22 16:53:49,755 | INFO     | [629703] ⏱️ Thời gian phản hồi: 51.7 ms
2026-05-22 16:53:49,810 | INFO     | [629810] ------------------------------------------
2026-05-22 16:53:49,811 | INFO     | [629810] 📥 NHẬN YÊU CẦU QUÉT KHUÔN MẶT MỚI
2026-05-22 16:53:49,811 | INFO     | [629810] Đã xử lý ảnh thành công. Kích thước tensor: (1, 48, 48, 1)
2026-05-22 16:53:49,864 | INFO     | [629810] 📊 Chi tiết dự đoán: {'ANGRY': 3.79, 'DISGUST': 0.04, 'FEAR': 6.85, 'HAPPY': 5.94, 'NEUTRAL': 19.07, 'SAD': 62.64, 'SURPRISE': 1.68}
2026-05-22 16:53:49,864 | INFO     | [629810] 🎯 KẾT QUẢ CHỐT: SAD (62.64%)
2026-05-22 16:53:49,865 | INFO     | [629810] ⏱️ Thời gian phản hồi: 54.62 ms
2026-05-22 16:53:49,905 | INFO     | [629905] ------------------------------------------
2026-05-22 16:53:49,905 | INFO     | [629905] 📥 NHẬN YÊU CẦU QUÉT KHUÔN MẶT MỚI
2026-05-22 16:53:49,906 | INFO     | [629905] Đã xử lý ảnh thành công. Kích thước tensor: (1, 48, 48, 1)
2026-05-22 16:53:49,964 | INFO     | [629905] 📊 Chi tiết dự đoán: {'ANGRY': 3.35, 'DISGUST': 0.03, 'FEAR': 7.62, 'HAPPY': 3.87, 'NEUTRAL': 20.61, 'SAD': 62.31, 'SURPRISE': 2.2}
2026-05-22 16:53:49,964 | INFO     | [629905] 🎯 KẾT QUẢ CHỐT: SAD (62.31%)
2026-05-22 16:53:49,964 | INFO     | [629905] ⏱️ Thời gian phản hồi: 59.43 ms
2026-05-22 16:53:49,999 | INFO     | [629999] ------------------------------------------
2026-05-22 16:53:49,999 | INFO     | [629999] 📥 NHẬN YÊU CẦU QUÉT KHUÔN MẶT MỚI
2026-05-22 16:53:50,000 | INFO     | [629999] Đã xử lý ảnh thành công. Kích thước tensor: (1, 48, 48, 1)
2026-05-22 16:53:50,054 | INFO     | [629999] 📊 Chi tiết dự đoán: {'ANGRY': 3.73, 'DISGUST': 0.05, 'FEAR': 6.84, 'HAPPY': 3.45, 'NEUTRAL': 19.18, 'SAD': 65.0, 'SURPRISE': 1.75}
2026-05-22 16:53:50,054 | INFO     | [629999] 🎯 KẾT QUẢ CHỐT: SAD (65.00%)
2026-05-22 16:53:50,054 | INFO     | [629999] ⏱️ Thời gian phản hồi: 54.85 ms
2026-05-22 16:53:50,109 | INFO     | [630109] ------------------------------------------
2026-05-22 16:53:50,109 | INFO     | [630109] 📥 NHẬN YÊU CẦU QUÉT KHUÔN MẶT MỚI
2026-05-22 16:53:50,110 | INFO     | [630109] Đã xử lý ảnh thành công. Kích thước tensor: (1, 48, 48, 1)
2026-05-22 16:53:50,163 | INFO     | [630109] 📊 Chi tiết dự đoán: {'ANGRY': 2.83, 'DISGUST': 0.04, 'FEAR': 6.58, 'HAPPY': 3.26, 'NEUTRAL': 15.32, 'SAD': 70.5, 'SURPRISE': 1.46}
2026-05-22 16:53:50,163 | INFO     | [630109] 🎯 KẾT QUẢ CHỐT: SAD (70.50%)
2026-05-22 16:53:50,163 | INFO     | [630109] ⏱️ Thời gian phản hồi: 54.04 ms
2026-05-22 16:53:50,202 | INFO     | [630202] ------------------------------------------
2026-05-22 16:53:50,202 | INFO     | [630202] 📥 NHẬN YÊU CẦU QUÉT KHUÔN MẶT MỚI
2026-05-22 16:53:50,203 | INFO     | [630202] Đã xử lý ảnh thành công. Kích thước tensor: (1, 48, 48, 1)
2026-05-22 16:53:50,254 | INFO     | [630202] 📊 Chi tiết dự đoán: {'ANGRY': 4.01, 'DISGUST': 0.05, 'FEAR': 7.01, 'HAPPY': 5.37, 'NEUTRAL': 21.93, 'SAD': 59.73, 'SURPRISE': 1.91}
2026-05-22 16:53:50,254 | INFO     | [630202] 🎯 KẾT QUẢ CHỐT: SAD (59.73%)
2026-05-22 16:53:50,254 | INFO     | [630202] ⏱️ Thời gian phản hồi: 52.6 ms
2026-05-22 16:53:50,308 | INFO     | [630308] ------------------------------------------
2026-05-22 16:53:50,310 | INFO     | [630308] 📥 NHẬN YÊU CẦU QUÉT KHUÔN MẶT MỚI
2026-05-22 16:53:50,310 | INFO     | [630308] Đã xử lý ảnh thành công. Kích thước tensor: (1, 48, 48, 1)
2026-05-22 16:53:50,372 | INFO     | [630308] 📊 Chi tiết dự đoán: {'ANGRY': 3.51, 'DISGUST': 0.04, 'FEAR': 6.89, 'HAPPY': 5.69, 'NEUTRAL': 20.33, 'SAD': 61.73, 'SURPRISE': 1.81}
2026-05-22 16:53:50,372 | INFO     | [630308] 🎯 KẾT QUẢ CHỐT: SAD (61.73%)
2026-05-22 16:53:50,373 | INFO     | [630308] ⏱️ Thời gian phản hồi: 63.31 ms
2026-05-22 16:53:50,404 | INFO     | [630404] ------------------------------------------
2026-05-22 16:53:50,404 | INFO     | [630404] 📥 NHẬN YÊU CẦU QUÉT KHUÔN MẶT MỚI
2026-05-22 16:53:50,405 | INFO     | [630404] Đã xử lý ảnh thành công. Kích thước tensor: (1, 48, 48, 1)
2026-05-22 16:53:50,473 | INFO     | [630404] 📊 Chi tiết dự đoán: {'ANGRY': 4.71, 'DISGUST': 0.06, 'FEAR': 7.13, 'HAPPY': 4.84, 'NEUTRAL': 21.43, 'SAD': 59.97, 'SURPRISE': 1.85}
2026-05-22 16:53:50,473 | INFO     | [630404] 🎯 KẾT QUẢ CHỐT: SAD (59.97%)
2026-05-22 16:53:50,473 | INFO     | [630404] ⏱️ Thời gian phản hồi: 69.22 ms
2026-05-22 16:53:50,510 | INFO     | [630510] ------------------------------------------
2026-05-22 16:53:50,510 | INFO     | [630510] 📥 NHẬN YÊU CẦU QUÉT KHUÔN MẶT MỚI
2026-05-22 16:53:50,510 | INFO     | [630510] Đã xử lý ảnh thành công. Kích thước tensor: (1, 48, 48, 1)
2026-05-22 16:53:50,616 | INFO     | [630510] 📊 Chi tiết dự đoán: {'ANGRY': 4.11, 'DISGUST': 0.04, 'FEAR': 7.49, 'HAPPY': 5.33, 'NEUTRAL': 19.68, 'SAD': 61.53, 'SURPRISE': 1.82}
2026-05-22 16:53:50,616 | INFO     | [630510] 🎯 KẾT QUẢ CHỐT: SAD (61.53%)
2026-05-22 16:53:50,616 | INFO     | [630510] ⏱️ Thời gian phản hồi: 105.09 ms
2026-05-22 16:53:50,629 | INFO     | [BATCH-630629] ==========================================
2026-05-22 16:53:50,630 | INFO     | [BATCH-630629] 🎞️ NHẬN CHUỖI 60 KHUNG HÌNH (BATCH)
2026-05-22 16:53:50,700 | INFO     | [BATCH-630629] ↳ Frame 1/60: SAD (63.4%)
2026-05-22 16:53:50,794 | INFO     | [BATCH-630629] ↳ Frame 2/60: SAD (57.8%)
2026-05-22 16:53:50,879 | INFO     | [BATCH-630629] ↳ Frame 3/60: SAD (55.0%)
2026-05-22 16:53:50,957 | INFO     | [BATCH-630629] ↳ Frame 4/60: SAD (61.9%)
2026-05-22 16:53:51,040 | INFO     | [BATCH-630629] ↳ Frame 5/60: SAD (61.7%)
2026-05-22 16:53:51,110 | INFO     | [BATCH-630629] ↳ Frame 6/60: SAD (62.1%)
2026-05-22 16:53:51,199 | INFO     | [BATCH-630629] ↳ Frame 7/60: SAD (61.2%)
2026-05-22 16:53:51,283 | INFO     | [BATCH-630629] ↳ Frame 8/60: SAD (63.8%)
2026-05-22 16:53:51,365 | INFO     | [BATCH-630629] ↳ Frame 9/60: SAD (62.5%)
2026-05-22 16:53:51,442 | INFO     | [BATCH-630629] ↳ Frame 10/60: SAD (62.6%)
2026-05-22 16:53:51,505 | INFO     | [BATCH-630629] ↳ Frame 11/60: SAD (62.7%)
2026-05-22 16:53:51,565 | INFO     | [BATCH-630629] ↳ Frame 12/60: SAD (67.7%)
2026-05-22 16:53:51,640 | INFO     | [BATCH-630629] ↳ Frame 13/60: SAD (57.5%)
2026-05-22 16:53:51,701 | INFO     | [BATCH-630629] ↳ Frame 14/60: SAD (68.0%)
2026-05-22 16:53:51,758 | INFO     | [BATCH-630629] ↳ Frame 15/60: SAD (61.3%)
2026-05-22 16:53:51,813 | INFO     | [BATCH-630629] ↳ Frame 16/60: SAD (65.6%)
2026-05-22 16:53:51,872 | INFO     | [BATCH-630629] ↳ Frame 17/60: SAD (56.2%)
2026-05-22 16:53:51,940 | INFO     | [BATCH-630629] ↳ Frame 18/60: SAD (63.4%)
2026-05-22 16:53:52,009 | INFO     | [BATCH-630629] ↳ Frame 19/60: SAD (63.1%)
2026-05-22 16:53:52,079 | INFO     | [BATCH-630629] ↳ Frame 20/60: SAD (62.4%)
2026-05-22 16:53:52,155 | INFO     | [BATCH-630629] ↳ Frame 21/60: SAD (60.2%)
2026-05-22 16:53:52,233 | INFO     | [BATCH-630629] ↳ Frame 22/60: SAD (68.8%)
2026-05-22 16:53:52,302 | INFO     | [BATCH-630629] ↳ Frame 23/60: SAD (58.8%)
2026-05-22 16:53:52,373 | INFO     | [BATCH-630629] ↳ Frame 24/60: SAD (61.2%)
2026-05-22 16:53:52,446 | INFO     | [BATCH-630629] ↳ Frame 25/60: SAD (66.5%)
2026-05-22 16:53:52,516 | INFO     | [BATCH-630629] ↳ Frame 26/60: SAD (68.8%)
2026-05-22 16:53:52,582 | INFO     | [BATCH-630629] ↳ Frame 27/60: SAD (59.3%)
2026-05-22 16:53:52,655 | INFO     | [BATCH-630629] ↳ Frame 28/60: SAD (61.8%)
2026-05-22 16:53:52,723 | INFO     | [BATCH-630629] ↳ Frame 29/60: SAD (68.0%)
2026-05-22 16:53:52,797 | INFO     | [BATCH-630629] ↳ Frame 30/60: SAD (66.4%)
2026-05-22 16:53:52,865 | INFO     | [BATCH-630629] ↳ Frame 31/60: SAD (58.9%)
2026-05-22 16:53:52,930 | INFO     | [BATCH-630629] ↳ Frame 32/60: SAD (66.6%)
2026-05-22 16:53:52,998 | INFO     | [BATCH-630629] ↳ Frame 33/60: SAD (63.5%)
2026-05-22 16:53:53,074 | INFO     | [BATCH-630629] ↳ Frame 34/60: SAD (67.5%)
2026-05-22 16:53:53,144 | INFO     | [BATCH-630629] ↳ Frame 35/60: SAD (64.0%)
2026-05-22 16:53:53,204 | INFO     | [BATCH-630629] ↳ Frame 36/60: SAD (67.4%)
2026-05-22 16:53:53,259 | INFO     | [BATCH-630629] ↳ Frame 37/60: SAD (68.5%)
2026-05-22 16:53:53,318 | INFO     | [BATCH-630629] ↳ Frame 38/60: SAD (66.2%)
2026-05-22 16:53:53,384 | INFO     | [BATCH-630629] ↳ Frame 39/60: SAD (71.8%)
2026-05-22 16:53:53,449 | INFO     | [BATCH-630629] ↳ Frame 40/60: SAD (69.7%)
2026-05-22 16:53:53,518 | INFO     | [BATCH-630629] ↳ Frame 41/60: SAD (71.0%)
2026-05-22 16:53:53,572 | INFO     | [BATCH-630629] ↳ Frame 42/60: SAD (70.7%)
2026-05-22 16:53:53,625 | INFO     | [BATCH-630629] ↳ Frame 43/60: SAD (70.7%)
2026-05-22 16:53:53,682 | INFO     | [BATCH-630629] ↳ Frame 44/60: SAD (71.1%)
2026-05-22 16:53:53,737 | INFO     | [BATCH-630629] ↳ Frame 45/60: SAD (72.5%)
2026-05-22 16:53:53,791 | INFO     | [BATCH-630629] ↳ Frame 46/60: SAD (69.5%)
2026-05-22 16:53:53,849 | INFO     | [BATCH-630629] ↳ Frame 47/60: SAD (73.3%)
2026-05-22 16:53:53,914 | INFO     | [BATCH-630629] ↳ Frame 48/60: SAD (71.8%)
2026-05-22 16:53:53,980 | INFO     | [BATCH-630629] ↳ Frame 49/60: SAD (68.5%)
2026-05-22 16:53:54,039 | INFO     | [BATCH-630629] ↳ Frame 50/60: SAD (71.6%)
2026-05-22 16:53:54,092 | INFO     | [BATCH-630629] ↳ Frame 51/60: SAD (71.8%)
2026-05-22 16:53:54,144 | INFO     | [BATCH-630629] ↳ Frame 52/60: SAD (73.1%)
2026-05-22 16:53:54,208 | INFO     | [BATCH-630629] ↳ Frame 53/60: SAD (68.6%)
2026-05-22 16:53:54,272 | INFO     | [BATCH-630629] ↳ Frame 54/60: SAD (67.3%)
2026-05-22 16:53:54,333 | INFO     | [BATCH-630629] ↳ Frame 55/60: SAD (66.7%)
2026-05-22 16:53:54,399 | INFO     | [BATCH-630629] ↳ Frame 56/60: SAD (63.7%)
2026-05-22 16:53:54,462 | INFO     | [BATCH-630629] ↳ Frame 57/60: SAD (70.4%)
2026-05-22 16:53:54,523 | INFO     | [BATCH-630629] ↳ Frame 58/60: SAD (69.1%)
2026-05-22 16:53:54,593 | INFO     | [BATCH-630629] ↳ Frame 59/60: SAD (63.4%)
2026-05-22 16:53:54,668 | INFO     | [BATCH-630629] ↳ Frame 60/60: SAD (67.3%)
2026-05-22 16:53:54,669 | INFO     | [BATCH-630629] 🎯 KẾT QUẢ CHUỖI: SAD (Tần suất: {'SAD': 60})
2026-05-22 16:53:54,669 | INFO     | [BATCH-630629] ⏱️ Tổng thời gian xử lý: 4040.07 ms
2026-05-22 19:24:43,323 | INFO     | [683322] ------------------------------------------
2026-05-22 19:24:43,334 | INFO     | [683322] 📥 NHẬN YÊU CẦU QUÉT KHUÔN MẶT MỚI
2026-05-22 19:24:43,393 | INFO     | [683322] Đã xử lý ảnh thành công. Kích thước tensor: (1, 48, 48, 1)
2026-05-22 19:24:44,201 | INFO     | [683322] 📊 Chi tiết dự đoán: {'ANGRY': 4.37, 'DISGUST': 0.13, 'FEAR': 4.31, 'HAPPY': 56.62, 'NEUTRAL': 17.34, 'SAD': 16.32, 'SURPRISE': 0.91}
2026-05-22 19:24:44,202 | INFO     | [683322] 🎯 KẾT QUẢ CHỐT: HAPPY (56.62%)
2026-05-22 19:24:44,202 | INFO     | [683322] ⏱️ Thời gian phản hồi: 877.46 ms
2026-05-22 19:24:44,211 | INFO     | [684211] ------------------------------------------
2026-05-22 19:24:44,212 | INFO     | [684211] 📥 NHẬN YÊU CẦU QUÉT KHUÔN MẶT MỚI
2026-05-22 19:24:44,213 | INFO     | [684211] Đã xử lý ảnh thành công. Kích thước tensor: (1, 48, 48, 1)
2026-05-22 19:24:44,331 | INFO     | [684211] 📊 Chi tiết dự đoán: {'ANGRY': 5.19, 'DISGUST': 0.15, 'FEAR': 4.72, 'HAPPY': 54.29, 'NEUTRAL': 16.97, 'SAD': 17.91, 'SURPRISE': 0.78}
2026-05-22 19:24:44,331 | INFO     | [684211] 🎯 KẾT QUẢ CHỐT: HAPPY (54.29%)
2026-05-22 19:24:44,331 | INFO     | [684211] ⏱️ Thời gian phản hồi: 120.0 ms
2026-05-22 19:24:44,334 | INFO     | [684334] ------------------------------------------
2026-05-22 19:24:44,336 | INFO     | [684334] 📥 NHẬN YÊU CẦU QUÉT KHUÔN MẶT MỚI
2026-05-22 19:24:44,336 | INFO     | [684334] Đã xử lý ảnh thành công. Kích thước tensor: (1, 48, 48, 1)
2026-05-22 19:24:44,448 | INFO     | [684334] 📊 Chi tiết dự đoán: {'ANGRY': 6.39, 'DISGUST': 0.19, 'FEAR': 6.66, 'HAPPY': 44.22, 'NEUTRAL': 21.94, 'SAD': 19.42, 'SURPRISE': 1.19}
2026-05-22 19:24:44,448 | INFO     | [684334] 🎯 KẾT QUẢ CHỐT: HAPPY (44.22%)
2026-05-22 19:24:44,448 | INFO     | [684334] ⏱️ Thời gian phản hồi: 113.7 ms
2026-05-22 19:24:44,450 | INFO     | [684450] ------------------------------------------
2026-05-22 19:24:44,451 | INFO     | [684450] 📥 NHẬN YÊU CẦU QUÉT KHUÔN MẶT MỚI
2026-05-22 19:24:44,451 | INFO     | [684450] Đã xử lý ảnh thành công. Kích thước tensor: (1, 48, 48, 1)
2026-05-22 19:24:44,570 | INFO     | [684450] 📊 Chi tiết dự đoán: {'ANGRY': 4.86, 'DISGUST': 0.1, 'FEAR': 4.57, 'HAPPY': 53.35, 'NEUTRAL': 17.46, 'SAD': 19.03, 'SURPRISE': 0.64}
2026-05-22 19:24:44,570 | INFO     | [684450] 🎯 KẾT QUẢ CHỐT: HAPPY (53.35%)
2026-05-22 19:24:44,571 | INFO     | [684450] ⏱️ Thời gian phản hồi: 119.72 ms
2026-05-22 19:24:44,574 | INFO     | [684574] ------------------------------------------
2026-05-22 19:24:44,576 | INFO     | [684574] 📥 NHẬN YÊU CẦU QUÉT KHUÔN MẶT MỚI
2026-05-22 19:24:44,577 | INFO     | [684574] Đã xử lý ảnh thành công. Kích thước tensor: (1, 48, 48, 1)
2026-05-22 19:24:44,692 | INFO     | [684574] 📊 Chi tiết dự đoán: {'ANGRY': 5.28, 'DISGUST': 0.12, 'FEAR': 6.07, 'HAPPY': 45.92, 'NEUTRAL': 17.76, 'SAD': 23.69, 'SURPRISE': 1.16}
2026-05-22 19:24:44,692 | INFO     | [684574] 🎯 KẾT QUẢ CHỐT: HAPPY (45.92%)
2026-05-22 19:24:44,692 | INFO     | [684574] ⏱️ Thời gian phản hồi: 117.55 ms
2026-05-22 19:24:44,695 | INFO     | [684695] ------------------------------------------
2026-05-22 19:24:44,695 | INFO     | [684695] 📥 NHẬN YÊU CẦU QUÉT KHUÔN MẶT MỚI
2026-05-22 19:24:44,696 | INFO     | [684695] Đã xử lý ảnh thành công. Kích thước tensor: (1, 48, 48, 1)
2026-05-22 19:24:44,796 | INFO     | [684695] 📊 Chi tiết dự đoán: {'ANGRY': 6.03, 'DISGUST': 0.17, 'FEAR': 7.4, 'HAPPY': 37.04, 'NEUTRAL': 21.2, 'SAD': 26.95, 'SURPRISE': 1.21}
2026-05-22 19:24:44,797 | INFO     | [684695] 🎯 KẾT QUẢ CHỐT: HAPPY (37.04%)
2026-05-22 19:24:44,797 | INFO     | [684695] ⏱️ Thời gian phản hồi: 100.99 ms
2026-05-22 19:24:44,799 | INFO     | [684799] ------------------------------------------
2026-05-22 19:24:44,799 | INFO     | [684799] 📥 NHẬN YÊU CẦU QUÉT KHUÔN MẶT MỚI
2026-05-22 19:24:44,802 | INFO     | [684799] Đã xử lý ảnh thành công. Kích thước tensor: (1, 48, 48, 1)
2026-05-22 19:24:44,928 | INFO     | [684799] 📊 Chi tiết dự đoán: {'ANGRY': 6.1, 'DISGUST': 0.11, 'FEAR': 7.04, 'HAPPY': 41.54, 'NEUTRAL': 18.96, 'SAD': 24.98, 'SURPRISE': 1.27}
2026-05-22 19:24:44,929 | INFO     | [684799] 🎯 KẾT QUẢ CHỐT: HAPPY (41.54%)
2026-05-22 19:24:44,929 | INFO     | [684799] ⏱️ Thời gian phản hồi: 129.0 ms
2026-05-22 19:24:44,932 | INFO     | [684932] ------------------------------------------
2026-05-22 19:24:44,933 | INFO     | [684932] 📥 NHẬN YÊU CẦU QUÉT KHUÔN MẶT MỚI
2026-05-22 19:24:44,934 | INFO     | [684932] Đã xử lý ảnh thành công. Kích thước tensor: (1, 48, 48, 1)
2026-05-22 19:24:45,032 | INFO     | [684932] 📊 Chi tiết dự đoán: {'ANGRY': 6.11, 'DISGUST': 0.13, 'FEAR': 7.71, 'HAPPY': 33.3, 'NEUTRAL': 18.87, 'SAD': 32.43, 'SURPRISE': 1.45}
2026-05-22 19:24:45,032 | INFO     | [684932] 🎯 KẾT QUẢ CHỐT: HAPPY (33.30%)
2026-05-22 19:24:45,032 | INFO     | [684932] ⏱️ Thời gian phản hồi: 99.11 ms
2026-05-22 19:24:45,035 | INFO     | [685035] ------------------------------------------
2026-05-22 19:24:45,035 | INFO     | [685035] 📥 NHẬN YÊU CẦU QUÉT KHUÔN MẶT MỚI
2026-05-22 19:24:45,036 | INFO     | [685035] Đã xử lý ảnh thành công. Kích thước tensor: (1, 48, 48, 1)
2026-05-22 19:24:45,173 | INFO     | [685035] 📊 Chi tiết dự đoán: {'ANGRY': 4.35, 'DISGUST': 0.11, 'FEAR': 4.9, 'HAPPY': 47.39, 'NEUTRAL': 18.84, 'SAD': 23.33, 'SURPRISE': 1.09}
2026-05-22 19:24:45,173 | INFO     | [685035] 🎯 KẾT QUẢ CHỐT: HAPPY (47.39%)
2026-05-22 19:24:45,173 | INFO     | [685035] ⏱️ Thời gian phản hồi: 138.29 ms
2026-05-22 19:24:45,176 | INFO     | [685176] ------------------------------------------
2026-05-22 19:24:45,176 | INFO     | [685176] 📥 NHẬN YÊU CẦU QUÉT KHUÔN MẶT MỚI
2026-05-22 19:24:45,176 | INFO     | [685176] Đã xử lý ảnh thành công. Kích thước tensor: (1, 48, 48, 1)
2026-05-22 19:24:45,440 | INFO     | [685176] 📊 Chi tiết dự đoán: {'ANGRY': 4.79, 'DISGUST': 0.11, 'FEAR': 4.88, 'HAPPY': 42.64, 'NEUTRAL': 21.77, 'SAD': 24.64, 'SURPRISE': 1.18}
2026-05-22 19:24:45,441 | INFO     | [685176] 🎯 KẾT QUẢ CHỐT: HAPPY (42.64%)
2026-05-22 19:24:45,441 | INFO     | [685176] ⏱️ Thời gian phản hồi: 263.89 ms
2026-05-22 19:24:45,445 | INFO     | [685444] ------------------------------------------
2026-05-22 19:24:45,445 | INFO     | [685444] 📥 NHẬN YÊU CẦU QUÉT KHUÔN MẶT MỚI
2026-05-22 19:24:45,446 | INFO     | [685444] Đã xử lý ảnh thành công. Kích thước tensor: (1, 48, 48, 1)
2026-05-22 19:24:45,596 | INFO     | [685444] 📊 Chi tiết dự đoán: {'ANGRY': 5.17, 'DISGUST': 0.07, 'FEAR': 5.02, 'HAPPY': 40.76, 'NEUTRAL': 23.05, 'SAD': 24.57, 'SURPRISE': 1.36}
2026-05-22 19:24:45,598 | INFO     | [685444] 🎯 KẾT QUẢ CHỐT: HAPPY (40.76%)
2026-05-22 19:24:45,598 | INFO     | [685444] ⏱️ Thời gian phản hồi: 152.78 ms
2026-05-22 19:24:45,599 | INFO     | [685599] ------------------------------------------
2026-05-22 19:24:45,599 | INFO     | [685599] 📥 NHẬN YÊU CẦU QUÉT KHUÔN MẶT MỚI
2026-05-22 19:24:45,599 | INFO     | [685599] Đã xử lý ảnh thành công. Kích thước tensor: (1, 48, 48, 1)
2026-05-22 19:24:45,690 | INFO     | [685599] 📊 Chi tiết dự đoán: {'ANGRY': 5.1, 'DISGUST': 0.07, 'FEAR': 4.28, 'HAPPY': 45.08, 'NEUTRAL': 18.65, 'SAD': 26.05, 'SURPRISE': 0.77}
2026-05-22 19:24:45,690 | INFO     | [685599] 🎯 KẾT QUẢ CHỐT: HAPPY (45.08%)
2026-05-22 19:24:45,690 | INFO     | [685599] ⏱️ Thời gian phản hồi: 90.83 ms
2026-05-22 19:24:45,694 | INFO     | [685694] ------------------------------------------
2026-05-22 19:24:45,694 | INFO     | [685694] 📥 NHẬN YÊU CẦU QUÉT KHUÔN MẶT MỚI
2026-05-22 19:24:45,696 | INFO     | [685694] Đã xử lý ảnh thành công. Kích thước tensor: (1, 48, 48, 1)
2026-05-22 19:24:45,778 | INFO     | [685694] 📊 Chi tiết dự đoán: {'ANGRY': 4.43, 'DISGUST': 0.07, 'FEAR': 4.73, 'HAPPY': 43.33, 'NEUTRAL': 21.14, 'SAD': 25.35, 'SURPRISE': 0.95}
2026-05-22 19:24:45,778 | INFO     | [685694] 🎯 KẾT QUẢ CHỐT: HAPPY (43.33%)
2026-05-22 19:24:45,778 | INFO     | [685694] ⏱️ Thời gian phản hồi: 83.81 ms
2026-05-22 19:24:45,781 | INFO     | [685781] ------------------------------------------
2026-05-22 19:24:45,781 | INFO     | [685781] 📥 NHẬN YÊU CẦU QUÉT KHUÔN MẶT MỚI
2026-05-22 19:24:45,782 | INFO     | [685781] Đã xử lý ảnh thành công. Kích thước tensor: (1, 48, 48, 1)
2026-05-22 19:24:45,856 | INFO     | [685781] 📊 Chi tiết dự đoán: {'ANGRY': 4.58, 'DISGUST': 0.06, 'FEAR': 4.32, 'HAPPY': 42.11, 'NEUTRAL': 21.35, 'SAD': 26.83, 'SURPRISE': 0.74}
2026-05-22 19:24:45,858 | INFO     | [685781] 🎯 KẾT QUẢ CHỐT: HAPPY (42.11%)
2026-05-22 19:24:45,858 | INFO     | [685781] ⏱️ Thời gian phản hồi: 75.59 ms
2026-05-22 19:24:45,859 | INFO     | [685859] ------------------------------------------
2026-05-22 19:24:45,859 | INFO     | [685859] 📥 NHẬN YÊU CẦU QUÉT KHUÔN MẶT MỚI
2026-05-22 19:24:45,860 | INFO     | [685859] Đã xử lý ảnh thành công. Kích thước tensor: (1, 48, 48, 1)
2026-05-22 19:24:45,942 | INFO     | [685859] 📊 Chi tiết dự đoán: {'ANGRY': 5.43, 'DISGUST': 0.07, 'FEAR': 6.35, 'HAPPY': 30.41, 'NEUTRAL': 23.21, 'SAD': 33.39, 'SURPRISE': 1.14}
2026-05-22 19:24:45,942 | INFO     | [685859] 🎯 KẾT QUẢ CHỐT: SAD (33.39%)
2026-05-22 19:24:45,942 | INFO     | [685859] ⏱️ Thời gian phản hồi: 82.6 ms
2026-05-22 19:24:45,952 | INFO     | [685952] ------------------------------------------
2026-05-22 19:24:45,953 | INFO     | [685952] 📥 NHẬN YÊU CẦU QUÉT KHUÔN MẶT MỚI
2026-05-22 19:24:45,954 | INFO     | [685952] Đã xử lý ảnh thành công. Kích thước tensor: (1, 48, 48, 1)
2026-05-22 19:24:46,062 | INFO     | [685952] 📊 Chi tiết dự đoán: {'ANGRY': 5.05, 'DISGUST': 0.07, 'FEAR': 4.95, 'HAPPY': 38.59, 'NEUTRAL': 22.31, 'SAD': 28.21, 'SURPRISE': 0.81}
2026-05-22 19:24:46,063 | INFO     | [685952] 🎯 KẾT QUẢ CHỐT: HAPPY (38.59%)
2026-05-22 19:24:46,063 | INFO     | [685952] ⏱️ Thời gian phản hồi: 109.59 ms
2026-05-22 19:24:46,064 | INFO     | [686064] ------------------------------------------
2026-05-22 19:24:46,064 | INFO     | [686064] 📥 NHẬN YÊU CẦU QUÉT KHUÔN MẶT MỚI
2026-05-22 19:24:46,066 | INFO     | [686064] Đã xử lý ảnh thành công. Kích thước tensor: (1, 48, 48, 1)
2026-05-22 19:24:46,146 | INFO     | [686064] 📊 Chi tiết dự đoán: {'ANGRY': 4.23, 'DISGUST': 0.07, 'FEAR': 4.22, 'HAPPY': 46.73, 'NEUTRAL': 17.38, 'SAD': 26.64, 'SURPRISE': 0.72}
2026-05-22 19:24:46,146 | INFO     | [686064] 🎯 KẾT QUẢ CHỐT: HAPPY (46.73%)
2026-05-22 19:24:46,146 | INFO     | [686064] ⏱️ Thời gian phản hồi: 81.86 ms
2026-05-22 19:24:46,150 | INFO     | [686150] ------------------------------------------
2026-05-22 19:24:46,151 | INFO     | [686150] 📥 NHẬN YÊU CẦU QUÉT KHUÔN MẶT MỚI
2026-05-22 19:24:46,152 | INFO     | [686150] Đã xử lý ảnh thành công. Kích thước tensor: (1, 48, 48, 1)
2026-05-22 19:24:46,231 | INFO     | [686150] 📊 Chi tiết dự đoán: {'ANGRY': 4.66, 'DISGUST': 0.08, 'FEAR': 5.76, 'HAPPY': 36.64, 'NEUTRAL': 20.62, 'SAD': 31.35, 'SURPRISE': 0.9}
2026-05-22 19:24:46,232 | INFO     | [686150] 🎯 KẾT QUẢ CHỐT: HAPPY (36.64%)
2026-05-22 19:24:46,232 | INFO     | [686150] ⏱️ Thời gian phản hồi: 80.85 ms
2026-05-22 19:24:46,234 | INFO     | [686234] ------------------------------------------
2026-05-22 19:24:46,234 | INFO     | [686234] 📥 NHẬN YÊU CẦU QUÉT KHUÔN MẶT MỚI
2026-05-22 19:24:46,234 | INFO     | [686234] Đã xử lý ảnh thành công. Kích thước tensor: (1, 48, 48, 1)
2026-05-22 19:24:46,297 | INFO     | [686234] 📊 Chi tiết dự đoán: {'ANGRY': 6.15, 'DISGUST': 0.09, 'FEAR': 6.48, 'HAPPY': 27.84, 'NEUTRAL': 24.69, 'SAD': 33.83, 'SURPRISE': 0.93}
2026-05-22 19:24:46,297 | INFO     | [686234] 🎯 KẾT QUẢ CHỐT: SAD (33.83%)
2026-05-22 19:24:46,298 | INFO     | [686234] ⏱️ Thời gian phản hồi: 63.22 ms
2026-05-22 19:24:46,300 | INFO     | [686300] ------------------------------------------
2026-05-22 19:24:46,300 | INFO     | [686300] 📥 NHẬN YÊU CẦU QUÉT KHUÔN MẶT MỚI
2026-05-22 19:24:46,300 | INFO     | [686300] Đã xử lý ảnh thành công. Kích thước tensor: (1, 48, 48, 1)
2026-05-22 19:24:46,366 | INFO     | [686300] 📊 Chi tiết dự đoán: {'ANGRY': 5.89, 'DISGUST': 0.1, 'FEAR': 6.32, 'HAPPY': 32.93, 'NEUTRAL': 20.46, 'SAD': 33.21, 'SURPRISE': 1.1}
2026-05-22 19:24:46,366 | INFO     | [686300] 🎯 KẾT QUẢ CHỐT: SAD (33.21%)
2026-05-22 19:24:46,366 | INFO     | [686300] ⏱️ Thời gian phản hồi: 66.58 ms
2026-05-22 19:24:46,370 | INFO     | [686370] ------------------------------------------
2026-05-22 19:24:46,370 | INFO     | [686370] 📥 NHẬN YÊU CẦU QUÉT KHUÔN MẶT MỚI
2026-05-22 19:24:46,371 | INFO     | [686370] Đã xử lý ảnh thành công. Kích thước tensor: (1, 48, 48, 1)
2026-05-22 19:24:46,447 | INFO     | [686370] 📊 Chi tiết dự đoán: {'ANGRY': 4.49, 'DISGUST': 0.08, 'FEAR': 4.75, 'HAPPY': 40.7, 'NEUTRAL': 19.77, 'SAD': 29.53, 'SURPRISE': 0.69}
2026-05-22 19:24:46,447 | INFO     | [686370] 🎯 KẾT QUẢ CHỐT: HAPPY (40.70%)
2026-05-22 19:24:46,447 | INFO     | [686370] ⏱️ Thời gian phản hồi: 77.66 ms
2026-05-22 19:24:46,449 | INFO     | [686449] ------------------------------------------
2026-05-22 19:24:46,449 | INFO     | [686449] 📥 NHẬN YÊU CẦU QUÉT KHUÔN MẶT MỚI
2026-05-22 19:24:46,450 | INFO     | [686449] Đã xử lý ảnh thành công. Kích thước tensor: (1, 48, 48, 1)
2026-05-22 19:24:46,523 | INFO     | [686449] 📊 Chi tiết dự đoán: {'ANGRY': 4.89, 'DISGUST': 0.08, 'FEAR': 4.98, 'HAPPY': 39.3, 'NEUTRAL': 20.57, 'SAD': 29.28, 'SURPRISE': 0.9}
2026-05-22 19:24:46,525 | INFO     | [686449] 🎯 KẾT QUẢ CHỐT: HAPPY (39.30%)
2026-05-22 19:24:46,525 | INFO     | [686449] ⏱️ Thời gian phản hồi: 74.81 ms
2026-05-22 19:24:46,526 | INFO     | [686526] ------------------------------------------
2026-05-22 19:24:46,526 | INFO     | [686526] 📥 NHẬN YÊU CẦU QUÉT KHUÔN MẶT MỚI
2026-05-22 19:24:46,528 | INFO     | [686526] Đã xử lý ảnh thành công. Kích thước tensor: (1, 48, 48, 1)
2026-05-22 19:24:46,596 | INFO     | [686526] 📊 Chi tiết dự đoán: {'ANGRY': 5.25, 'DISGUST': 0.09, 'FEAR': 5.66, 'HAPPY': 36.18, 'NEUTRAL': 20.62, 'SAD': 31.35, 'SURPRISE': 0.86}
2026-05-22 19:24:46,596 | INFO     | [686526] 🎯 KẾT QUẢ CHỐT: HAPPY (36.18%)
2026-05-22 19:24:46,596 | INFO     | [686526] ⏱️ Thời gian phản hồi: 69.83 ms
2026-05-22 19:24:46,599 | INFO     | [686599] ------------------------------------------
2026-05-22 19:24:46,599 | INFO     | [686599] 📥 NHẬN YÊU CẦU QUÉT KHUÔN MẶT MỚI
2026-05-22 19:24:46,599 | INFO     | [686599] Đã xử lý ảnh thành công. Kích thước tensor: (1, 48, 48, 1)
2026-05-22 19:24:46,668 | INFO     | [686599] 📊 Chi tiết dự đoán: {'ANGRY': 5.97, 'DISGUST': 0.08, 'FEAR': 5.34, 'HAPPY': 35.92, 'NEUTRAL': 23.06, 'SAD': 28.8, 'SURPRISE': 0.83}
2026-05-22 19:24:46,669 | INFO     | [686599] 🎯 KẾT QUẢ CHỐT: HAPPY (35.92%)
2026-05-22 19:24:46,669 | INFO     | [686599] ⏱️ Thời gian phản hồi: 68.99 ms
2026-05-22 19:24:46,671 | INFO     | [686671] ------------------------------------------
2026-05-22 19:24:46,671 | INFO     | [686671] 📥 NHẬN YÊU CẦU QUÉT KHUÔN MẶT MỚI
2026-05-22 19:24:46,672 | INFO     | [686671] Đã xử lý ảnh thành công. Kích thước tensor: (1, 48, 48, 1)
2026-05-22 19:24:46,760 | INFO     | [686671] 📊 Chi tiết dự đoán: {'ANGRY': 5.4, 'DISGUST': 0.09, 'FEAR': 5.93, 'HAPPY': 37.43, 'NEUTRAL': 21.26, 'SAD': 28.9, 'SURPRISE': 0.99}
2026-05-22 19:24:46,762 | INFO     | [686671] 🎯 KẾT QUẢ CHỐT: HAPPY (37.43%)
2026-05-22 19:24:46,762 | INFO     | [686671] ⏱️ Thời gian phản hồi: 89.45 ms
2026-05-22 19:24:46,765 | INFO     | [686765] ------------------------------------------
2026-05-22 19:24:46,766 | INFO     | [686765] 📥 NHẬN YÊU CẦU QUÉT KHUÔN MẶT MỚI
2026-05-22 19:24:46,767 | INFO     | [686765] Đã xử lý ảnh thành công. Kích thước tensor: (1, 48, 48, 1)
2026-05-22 19:24:46,871 | INFO     | [686765] 📊 Chi tiết dự đoán: {'ANGRY': 5.46, 'DISGUST': 0.09, 'FEAR': 5.78, 'HAPPY': 35.31, 'NEUTRAL': 20.69, 'SAD': 31.65, 'SURPRISE': 1.03}
2026-05-22 19:24:46,871 | INFO     | [686765] 🎯 KẾT QUẢ CHỐT: HAPPY (35.31%)
2026-05-22 19:24:46,871 | INFO     | [686765] ⏱️ Thời gian phản hồi: 105.95 ms
2026-05-22 19:24:46,874 | INFO     | [686873] ------------------------------------------
2026-05-22 19:24:46,874 | INFO     | [686873] 📥 NHẬN YÊU CẦU QUÉT KHUÔN MẶT MỚI
2026-05-22 19:24:46,874 | INFO     | [686873] Đã xử lý ảnh thành công. Kích thước tensor: (1, 48, 48, 1)
2026-05-22 19:24:46,983 | INFO     | [686873] 📊 Chi tiết dự đoán: {'ANGRY': 6.11, 'DISGUST': 0.12, 'FEAR': 6.57, 'HAPPY': 28.92, 'NEUTRAL': 22.71, 'SAD': 34.51, 'SURPRISE': 1.06}
2026-05-22 19:24:46,983 | INFO     | [686873] 🎯 KẾT QUẢ CHỐT: SAD (34.51%)
2026-05-22 19:24:46,983 | INFO     | [686873] ⏱️ Thời gian phản hồi: 109.33 ms
2026-05-22 19:24:46,987 | INFO     | [686987] ------------------------------------------
2026-05-22 19:24:46,987 | INFO     | [686987] 📥 NHẬN YÊU CẦU QUÉT KHUÔN MẶT MỚI
2026-05-22 19:24:46,988 | INFO     | [686987] Đã xử lý ảnh thành công. Kích thước tensor: (1, 48, 48, 1)
2026-05-22 19:24:47,071 | INFO     | [686987] 📊 Chi tiết dự đoán: {'ANGRY': 5.28, 'DISGUST': 0.08, 'FEAR': 5.52, 'HAPPY': 37.31, 'NEUTRAL': 22.23, 'SAD': 28.37, 'SURPRISE': 1.21}
2026-05-22 19:24:47,071 | INFO     | [686987] 🎯 KẾT QUẢ CHỐT: HAPPY (37.31%)
2026-05-22 19:24:47,072 | INFO     | [686987] ⏱️ Thời gian phản hồi: 84.28 ms
2026-05-22 19:24:47,074 | INFO     | [687074] ------------------------------------------
2026-05-22 19:24:47,074 | INFO     | [687074] 📥 NHẬN YÊU CẦU QUÉT KHUÔN MẶT MỚI
2026-05-22 19:24:47,075 | INFO     | [687074] Đã xử lý ảnh thành công. Kích thước tensor: (1, 48, 48, 1)
2026-05-22 19:24:47,149 | INFO     | [687074] 📊 Chi tiết dự đoán: {'ANGRY': 5.23, 'DISGUST': 0.09, 'FEAR': 5.68, 'HAPPY': 40.25, 'NEUTRAL': 20.41, 'SAD': 27.04, 'SURPRISE': 1.3}
2026-05-22 19:24:47,150 | INFO     | [687074] 🎯 KẾT QUẢ CHỐT: HAPPY (40.25%)
2026-05-22 19:24:47,150 | INFO     | [687074] ⏱️ Thời gian phản hồi: 75.46 ms
2026-05-22 19:24:47,152 | INFO     | [687152] ------------------------------------------
2026-05-22 19:24:47,152 | INFO     | [687152] 📥 NHẬN YÊU CẦU QUÉT KHUÔN MẶT MỚI
2026-05-22 19:24:47,153 | INFO     | [687152] Đã xử lý ảnh thành công. Kích thước tensor: (1, 48, 48, 1)
2026-05-22 19:24:47,226 | INFO     | [687152] 📊 Chi tiết dự đoán: {'ANGRY': 4.65, 'DISGUST': 0.08, 'FEAR': 5.27, 'HAPPY': 40.11, 'NEUTRAL': 21.51, 'SAD': 27.28, 'SURPRISE': 1.11}
2026-05-22 19:24:47,227 | INFO     | [687152] 🎯 KẾT QUẢ CHỐT: HAPPY (40.11%)
2026-05-22 19:24:47,227 | INFO     | [687152] ⏱️ Thời gian phản hồi: 74.5 ms
2026-05-22 19:24:47,230 | INFO     | [687230] ------------------------------------------
2026-05-22 19:24:47,230 | INFO     | [687230] 📥 NHẬN YÊU CẦU QUÉT KHUÔN MẶT MỚI
2026-05-22 19:24:47,231 | INFO     | [687230] Đã xử lý ảnh thành công. Kích thước tensor: (1, 48, 48, 1)
2026-05-22 19:24:47,309 | INFO     | [687230] 📊 Chi tiết dự đoán: {'ANGRY': 5.13, 'DISGUST': 0.08, 'FEAR': 5.06, 'HAPPY': 42.58, 'NEUTRAL': 19.72, 'SAD': 26.41, 'SURPRISE': 1.03}
2026-05-22 19:24:47,310 | INFO     | [687230] 🎯 KẾT QUẢ CHỐT: HAPPY (42.58%)
2026-05-22 19:24:47,310 | INFO     | [687230] ⏱️ Thời gian phản hồi: 79.24 ms
2026-05-22 19:24:47,311 | INFO     | [687311] ------------------------------------------
2026-05-22 19:24:47,311 | INFO     | [687311] 📥 NHẬN YÊU CẦU QUÉT KHUÔN MẶT MỚI
2026-05-22 19:24:47,312 | INFO     | [687311] Đã xử lý ảnh thành công. Kích thước tensor: (1, 48, 48, 1)
2026-05-22 19:24:47,392 | INFO     | [687311] 📊 Chi tiết dự đoán: {'ANGRY': 4.74, 'DISGUST': 0.08, 'FEAR': 5.04, 'HAPPY': 38.97, 'NEUTRAL': 22.13, 'SAD': 28.04, 'SURPRISE': 0.99}
2026-05-22 19:24:47,392 | INFO     | [687311] 🎯 KẾT QUẢ CHỐT: HAPPY (38.97%)
2026-05-22 19:24:47,392 | INFO     | [687311] ⏱️ Thời gian phản hồi: 81.13 ms
2026-05-22 19:24:47,396 | INFO     | [687395] ------------------------------------------
2026-05-22 19:24:47,396 | INFO     | [687395] 📥 NHẬN YÊU CẦU QUÉT KHUÔN MẶT MỚI
2026-05-22 19:24:47,397 | INFO     | [687395] Đã xử lý ảnh thành công. Kích thước tensor: (1, 48, 48, 1)
2026-05-22 19:24:47,469 | INFO     | [687395] 📊 Chi tiết dự đoán: {'ANGRY': 5.74, 'DISGUST': 0.07, 'FEAR': 6.08, 'HAPPY': 36.42, 'NEUTRAL': 22.91, 'SAD': 27.54, 'SURPRISE': 1.24}
2026-05-22 19:24:47,470 | INFO     | [687395] 🎯 KẾT QUẢ CHỐT: HAPPY (36.42%)
2026-05-22 19:24:47,470 | INFO     | [687395] ⏱️ Thời gian phản hồi: 74.29 ms
2026-05-22 19:24:47,473 | INFO     | [687473] ------------------------------------------
2026-05-22 19:24:47,474 | INFO     | [687473] 📥 NHẬN YÊU CẦU QUÉT KHUÔN MẶT MỚI
2026-05-22 19:24:47,474 | INFO     | [687473] Đã xử lý ảnh thành công. Kích thước tensor: (1, 48, 48, 1)
2026-05-22 19:24:47,544 | INFO     | [687473] 📊 Chi tiết dự đoán: {'ANGRY': 5.08, 'DISGUST': 0.08, 'FEAR': 5.58, 'HAPPY': 41.16, 'NEUTRAL': 19.65, 'SAD': 27.35, 'SURPRISE': 1.11}
2026-05-22 19:24:47,544 | INFO     | [687473] 🎯 KẾT QUẢ CHỐT: HAPPY (41.16%)
2026-05-22 19:24:47,544 | INFO     | [687473] ⏱️ Thời gian phản hồi: 70.85 ms
2026-05-22 19:24:47,546 | INFO     | [687546] ------------------------------------------
2026-05-22 19:24:47,546 | INFO     | [687546] 📥 NHẬN YÊU CẦU QUÉT KHUÔN MẶT MỚI
2026-05-22 19:24:47,547 | INFO     | [687546] Đã xử lý ảnh thành công. Kích thước tensor: (1, 48, 48, 1)
2026-05-22 19:24:47,612 | INFO     | [687546] 📊 Chi tiết dự đoán: {'ANGRY': 5.8, 'DISGUST': 0.1, 'FEAR': 4.42, 'HAPPY': 38.76, 'NEUTRAL': 20.68, 'SAD': 29.46, 'SURPRISE': 0.78}
2026-05-22 19:24:47,612 | INFO     | [687546] 🎯 KẾT QUẢ CHỐT: HAPPY (38.76%)
2026-05-22 19:24:47,612 | INFO     | [687546] ⏱️ Thời gian phản hồi: 65.94 ms
2026-05-22 19:24:47,615 | INFO     | [687615] ------------------------------------------
2026-05-22 19:24:47,615 | INFO     | [687615] 📥 NHẬN YÊU CẦU QUÉT KHUÔN MẶT MỚI
2026-05-22 19:24:47,615 | INFO     | [687615] Đã xử lý ảnh thành công. Kích thước tensor: (1, 48, 48, 1)
2026-05-22 19:24:47,684 | INFO     | [687615] 📊 Chi tiết dự đoán: {'ANGRY': 6.33, 'DISGUST': 0.17, 'FEAR': 5.18, 'HAPPY': 36.03, 'NEUTRAL': 18.85, 'SAD': 32.43, 'SURPRISE': 1.0}
2026-05-22 19:24:47,684 | INFO     | [687615] 🎯 KẾT QUẢ CHỐT: HAPPY (36.03%)
2026-05-22 19:24:47,684 | INFO     | [687615] ⏱️ Thời gian phản hồi: 69.19 ms
2026-05-22 19:24:47,686 | INFO     | [687686] ------------------------------------------
2026-05-22 19:24:47,686 | INFO     | [687686] 📥 NHẬN YÊU CẦU QUÉT KHUÔN MẶT MỚI
2026-05-22 19:24:47,687 | INFO     | [687686] Đã xử lý ảnh thành công. Kích thước tensor: (1, 48, 48, 1)
2026-05-22 19:24:47,761 | INFO     | [687686] 📊 Chi tiết dự đoán: {'ANGRY': 6.06, 'DISGUST': 0.12, 'FEAR': 5.24, 'HAPPY': 35.63, 'NEUTRAL': 20.87, 'SAD': 31.08, 'SURPRISE': 1.01}
2026-05-22 19:24:47,761 | INFO     | [687686] 🎯 KẾT QUẢ CHỐT: HAPPY (35.63%)
2026-05-22 19:24:47,761 | INFO     | [687686] ⏱️ Thời gian phản hồi: 74.73 ms
2026-05-22 19:24:47,764 | INFO     | [687764] ------------------------------------------
2026-05-22 19:24:47,764 | INFO     | [687764] 📥 NHẬN YÊU CẦU QUÉT KHUÔN MẶT MỚI
2026-05-22 19:24:47,765 | INFO     | [687764] Đã xử lý ảnh thành công. Kích thước tensor: (1, 48, 48, 1)
2026-05-22 19:24:47,838 | INFO     | [687764] 📊 Chi tiết dự đoán: {'ANGRY': 6.29, 'DISGUST': 0.2, 'FEAR': 5.64, 'HAPPY': 32.47, 'NEUTRAL': 19.2, 'SAD': 35.22, 'SURPRISE': 0.97}
2026-05-22 19:24:47,838 | INFO     | [687764] 🎯 KẾT QUẢ CHỐT: SAD (35.22%)
2026-05-22 19:24:47,839 | INFO     | [687764] ⏱️ Thời gian phản hồi: 73.92 ms
2026-05-22 19:24:47,840 | INFO     | [687840] ------------------------------------------
2026-05-22 19:24:47,841 | INFO     | [687840] 📥 NHẬN YÊU CẦU QUÉT KHUÔN MẶT MỚI
2026-05-22 19:24:47,841 | INFO     | [687840] Đã xử lý ảnh thành công. Kích thước tensor: (1, 48, 48, 1)
2026-05-22 19:24:47,921 | INFO     | [687840] 📊 Chi tiết dự đoán: {'ANGRY': 7.08, 'DISGUST': 0.22, 'FEAR': 6.85, 'HAPPY': 25.48, 'NEUTRAL': 21.44, 'SAD': 37.58, 'SURPRISE': 1.35}
2026-05-22 19:24:47,922 | INFO     | [687840] 🎯 KẾT QUẢ CHỐT: SAD (37.58%)
2026-05-22 19:24:47,922 | INFO     | [687840] ⏱️ Thời gian phản hồi: 80.88 ms
2026-05-22 19:24:47,924 | INFO     | [687924] ------------------------------------------
2026-05-22 19:24:47,924 | INFO     | [687924] 📥 NHẬN YÊU CẦU QUÉT KHUÔN MẶT MỚI
2026-05-22 19:24:47,925 | INFO     | [687924] Đã xử lý ảnh thành công. Kích thước tensor: (1, 48, 48, 1)
2026-05-22 19:24:47,997 | INFO     | [687924] 📊 Chi tiết dự đoán: {'ANGRY': 6.69, 'DISGUST': 0.2, 'FEAR': 6.45, 'HAPPY': 30.98, 'NEUTRAL': 19.5, 'SAD': 34.95, 'SURPRISE': 1.23}
2026-05-22 19:24:47,997 | INFO     | [687924] 🎯 KẾT QUẢ CHỐT: SAD (34.95%)
2026-05-22 19:24:47,997 | INFO     | [687924] ⏱️ Thời gian phản hồi: 72.6 ms
2026-05-22 19:24:48,000 | INFO     | [688000] ------------------------------------------
2026-05-22 19:24:48,000 | INFO     | [688000] 📥 NHẬN YÊU CẦU QUÉT KHUÔN MẶT MỚI
2026-05-22 19:24:48,002 | INFO     | [688000] Đã xử lý ảnh thành công. Kích thước tensor: (1, 48, 48, 1)
2026-05-22 19:24:48,074 | INFO     | [688000] 📊 Chi tiết dự đoán: {'ANGRY': 6.1, 'DISGUST': 0.13, 'FEAR': 8.07, 'HAPPY': 27.01, 'NEUTRAL': 18.22, 'SAD': 39.33, 'SURPRISE': 1.14}
2026-05-22 19:24:48,074 | INFO     | [688000] 🎯 KẾT QUẢ CHỐT: SAD (39.33%)
2026-05-22 19:24:48,074 | INFO     | [688000] ⏱️ Thời gian phản hồi: 73.46 ms
2026-05-22 19:24:48,076 | INFO     | [688076] ------------------------------------------
2026-05-22 19:24:48,076 | INFO     | [688076] 📥 NHẬN YÊU CẦU QUÉT KHUÔN MẶT MỚI
2026-05-22 19:24:48,078 | INFO     | [688076] Đã xử lý ảnh thành công. Kích thước tensor: (1, 48, 48, 1)
2026-05-22 19:24:48,145 | INFO     | [688076] 📊 Chi tiết dự đoán: {'ANGRY': 6.8, 'DISGUST': 0.2, 'FEAR': 7.7, 'HAPPY': 26.09, 'NEUTRAL': 20.43, 'SAD': 37.68, 'SURPRISE': 1.1}
2026-05-22 19:24:48,145 | INFO     | [688076] 🎯 KẾT QUẢ CHỐT: SAD (37.68%)
2026-05-22 19:24:48,145 | INFO     | [688076] ⏱️ Thời gian phản hồi: 69.18 ms
2026-05-22 19:24:48,148 | INFO     | [688148] ------------------------------------------
2026-05-22 19:24:48,148 | INFO     | [688148] 📥 NHẬN YÊU CẦU QUÉT KHUÔN MẶT MỚI
2026-05-22 19:24:48,149 | INFO     | [688148] Đã xử lý ảnh thành công. Kích thước tensor: (1, 48, 48, 1)
2026-05-22 19:24:48,223 | INFO     | [688148] 📊 Chi tiết dự đoán: {'ANGRY': 6.17, 'DISGUST': 0.13, 'FEAR': 9.75, 'HAPPY': 24.53, 'NEUTRAL': 20.19, 'SAD': 37.55, 'SURPRISE': 1.68}
2026-05-22 19:24:48,223 | INFO     | [688148] 🎯 KẾT QUẢ CHỐT: SAD (37.55%)
2026-05-22 19:24:48,223 | INFO     | [688148] ⏱️ Thời gian phản hồi: 73.27 ms
2026-05-22 19:24:48,226 | INFO     | [688226] ------------------------------------------
2026-05-22 19:24:48,226 | INFO     | [688226] 📥 NHẬN YÊU CẦU QUÉT KHUÔN MẶT MỚI
2026-05-22 19:24:48,226 | INFO     | [688226] Đã xử lý ảnh thành công. Kích thước tensor: (1, 48, 48, 1)
2026-05-22 19:24:48,302 | INFO     | [688226] 📊 Chi tiết dự đoán: {'ANGRY': 6.35, 'DISGUST': 0.14, 'FEAR': 8.17, 'HAPPY': 33.77, 'NEUTRAL': 16.83, 'SAD': 33.23, 'SURPRISE': 1.51}
2026-05-22 19:24:48,303 | INFO     | [688226] 🎯 KẾT QUẢ CHỐT: HAPPY (33.77%)
2026-05-22 19:24:48,304 | INFO     | [688226] ⏱️ Thời gian phản hồi: 76.63 ms
2026-05-22 19:24:48,306 | INFO     | [688306] ------------------------------------------
2026-05-22 19:24:48,306 | INFO     | [688306] 📥 NHẬN YÊU CẦU QUÉT KHUÔN MẶT MỚI
2026-05-22 19:24:48,307 | INFO     | [688306] Đã xử lý ảnh thành công. Kích thước tensor: (1, 48, 48, 1)
2026-05-22 19:24:48,371 | INFO     | [688306] 📊 Chi tiết dự đoán: {'ANGRY': 6.78, 'DISGUST': 0.15, 'FEAR': 8.88, 'HAPPY': 27.21, 'NEUTRAL': 18.54, 'SAD': 36.86, 'SURPRISE': 1.58}
2026-05-22 19:24:48,371 | INFO     | [688306] 🎯 KẾT QUẢ CHỐT: SAD (36.86%)
2026-05-22 19:24:48,371 | INFO     | [688306] ⏱️ Thời gian phản hồi: 64.38 ms
2026-05-22 19:24:48,374 | INFO     | [688374] ------------------------------------------
2026-05-22 19:24:48,374 | INFO     | [688374] 📥 NHẬN YÊU CẦU QUÉT KHUÔN MẶT MỚI
2026-05-22 19:24:48,375 | INFO     | [688374] Đã xử lý ảnh thành công. Kích thước tensor: (1, 48, 48, 1)
2026-05-22 19:24:48,447 | INFO     | [688374] 📊 Chi tiết dự đoán: {'ANGRY': 7.3, 'DISGUST': 0.21, 'FEAR': 8.38, 'HAPPY': 31.88, 'NEUTRAL': 17.95, 'SAD': 32.51, 'SURPRISE': 1.76}
2026-05-22 19:24:48,447 | INFO     | [688374] 🎯 KẾT QUẢ CHỐT: SAD (32.51%)
2026-05-22 19:24:48,448 | INFO     | [688374] ⏱️ Thời gian phản hồi: 73.7 ms
2026-05-22 19:24:48,449 | INFO     | [688449] ------------------------------------------
2026-05-22 19:24:48,449 | INFO     | [688449] 📥 NHẬN YÊU CẦU QUÉT KHUÔN MẶT MỚI
2026-05-22 19:24:48,449 | INFO     | [688449] Đã xử lý ảnh thành công. Kích thước tensor: (1, 48, 48, 1)
2026-05-22 19:24:48,539 | INFO     | [688449] 📊 Chi tiết dự đoán: {'ANGRY': 6.76, 'DISGUST': 0.2, 'FEAR': 7.15, 'HAPPY': 36.7, 'NEUTRAL': 16.23, 'SAD': 31.48, 'SURPRISE': 1.48}
2026-05-22 19:24:48,539 | INFO     | [688449] 🎯 KẾT QUẢ CHỐT: HAPPY (36.70%)
2026-05-22 19:24:48,540 | INFO     | [688449] ⏱️ Thời gian phản hồi: 89.25 ms
2026-05-22 19:24:48,542 | INFO     | [688542] ------------------------------------------
2026-05-22 19:24:48,542 | INFO     | [688542] 📥 NHẬN YÊU CẦU QUÉT KHUÔN MẶT MỚI
2026-05-22 19:24:48,543 | INFO     | [688542] Đã xử lý ảnh thành công. Kích thước tensor: (1, 48, 48, 1)
2026-05-22 19:24:48,638 | INFO     | [688542] 📊 Chi tiết dự đoán: {'ANGRY': 6.6, 'DISGUST': 0.19, 'FEAR': 6.1, 'HAPPY': 43.71, 'NEUTRAL': 14.4, 'SAD': 27.7, 'SURPRISE': 1.29}
2026-05-22 19:24:48,638 | INFO     | [688542] 🎯 KẾT QUẢ CHỐT: HAPPY (43.71%)
2026-05-22 19:24:48,639 | INFO     | [688542] ⏱️ Thời gian phản hồi: 96.11 ms
2026-05-22 19:24:48,642 | INFO     | [688641] ------------------------------------------
2026-05-22 19:24:48,642 | INFO     | [688641] 📥 NHẬN YÊU CẦU QUÉT KHUÔN MẶT MỚI
2026-05-22 19:24:48,642 | INFO     | [688641] Đã xử lý ảnh thành công. Kích thước tensor: (1, 48, 48, 1)
2026-05-22 19:24:48,707 | INFO     | [688641] 📊 Chi tiết dự đoán: {'ANGRY': 6.94, 'DISGUST': 0.19, 'FEAR': 7.35, 'HAPPY': 37.86, 'NEUTRAL': 16.83, 'SAD': 29.34, 'SURPRISE': 1.49}
2026-05-22 19:24:48,707 | INFO     | [688641] 🎯 KẾT QUẢ CHỐT: HAPPY (37.86%)
2026-05-22 19:24:48,707 | INFO     | [688641] ⏱️ Thời gian phản hồi: 66.12 ms
2026-05-22 19:24:48,711 | INFO     | [688711] ------------------------------------------
2026-05-22 19:24:48,711 | INFO     | [688711] 📥 NHẬN YÊU CẦU QUÉT KHUÔN MẶT MỚI
2026-05-22 19:24:48,712 | INFO     | [688711] Đã xử lý ảnh thành công. Kích thước tensor: (1, 48, 48, 1)
2026-05-22 19:24:48,809 | INFO     | [688711] 📊 Chi tiết dự đoán: {'ANGRY': 7.26, 'DISGUST': 0.21, 'FEAR': 6.35, 'HAPPY': 40.44, 'NEUTRAL': 14.59, 'SAD': 29.95, 'SURPRISE': 1.2}
2026-05-22 19:24:48,809 | INFO     | [688711] 🎯 KẾT QUẢ CHỐT: HAPPY (40.44%)
2026-05-22 19:24:48,809 | INFO     | [688711] ⏱️ Thời gian phản hồi: 97.47 ms
2026-05-22 19:24:48,812 | INFO     | [688812] ------------------------------------------
2026-05-22 19:24:48,813 | INFO     | [688812] 📥 NHẬN YÊU CẦU QUÉT KHUÔN MẶT MỚI
2026-05-22 19:24:48,814 | INFO     | [688812] Đã xử lý ảnh thành công. Kích thước tensor: (1, 48, 48, 1)
2026-05-22 19:24:48,892 | INFO     | [688812] 📊 Chi tiết dự đoán: {'ANGRY': 7.68, 'DISGUST': 0.21, 'FEAR': 6.27, 'HAPPY': 37.91, 'NEUTRAL': 16.9, 'SAD': 29.91, 'SURPRISE': 1.12}
2026-05-22 19:24:48,893 | INFO     | [688812] 🎯 KẾT QUẢ CHỐT: HAPPY (37.91%)
2026-05-22 19:24:48,893 | INFO     | [688812] ⏱️ Thời gian phản hồi: 79.9 ms
2026-05-22 19:24:48,894 | INFO     | [688894] ------------------------------------------
2026-05-22 19:24:48,894 | INFO     | [688894] 📥 NHẬN YÊU CẦU QUÉT KHUÔN MẶT MỚI
2026-05-22 19:24:48,896 | INFO     | [688894] Đã xử lý ảnh thành công. Kích thước tensor: (1, 48, 48, 1)
2026-05-22 19:24:48,964 | INFO     | [688894] 📊 Chi tiết dự đoán: {'ANGRY': 6.6, 'DISGUST': 0.18, 'FEAR': 5.94, 'HAPPY': 37.95, 'NEUTRAL': 17.55, 'SAD': 30.8, 'SURPRISE': 0.99}
2026-05-22 19:24:48,964 | INFO     | [688894] 🎯 KẾT QUẢ CHỐT: HAPPY (37.95%)
2026-05-22 19:24:48,965 | INFO     | [688894] ⏱️ Thời gian phản hồi: 69.6 ms
2026-05-22 19:24:48,967 | INFO     | [688967] ------------------------------------------
2026-05-22 19:24:48,968 | INFO     | [688967] 📥 NHẬN YÊU CẦU QUÉT KHUÔN MẶT MỚI
2026-05-22 19:24:48,968 | INFO     | [688967] Đã xử lý ảnh thành công. Kích thước tensor: (1, 48, 48, 1)
2026-05-22 19:24:49,047 | INFO     | [688967] 📊 Chi tiết dự đoán: {'ANGRY': 7.35, 'DISGUST': 0.22, 'FEAR': 5.47, 'HAPPY': 40.36, 'NEUTRAL': 17.55, 'SAD': 27.98, 'SURPRISE': 1.08}
2026-05-22 19:24:49,049 | INFO     | [688967] 🎯 KẾT QUẢ CHỐT: HAPPY (40.36%)
2026-05-22 19:24:49,049 | INFO     | [688967] ⏱️ Thời gian phản hồi: 80.1 ms
2026-05-22 19:24:49,051 | INFO     | [689051] ------------------------------------------
2026-05-22 19:24:49,053 | INFO     | [689051] 📥 NHẬN YÊU CẦU QUÉT KHUÔN MẶT MỚI
2026-05-22 19:24:49,053 | INFO     | [689051] Đã xử lý ảnh thành công. Kích thước tensor: (1, 48, 48, 1)
2026-05-22 19:24:49,130 | INFO     | [689051] 📊 Chi tiết dự đoán: {'ANGRY': 6.01, 'DISGUST': 0.17, 'FEAR': 5.4, 'HAPPY': 44.17, 'NEUTRAL': 16.23, 'SAD': 27.17, 'SURPRISE': 0.84}
2026-05-22 19:24:49,130 | INFO     | [689051] 🎯 KẾT QUẢ CHỐT: HAPPY (44.17%)
2026-05-22 19:24:49,130 | INFO     | [689051] ⏱️ Thời gian phản hồi: 78.6 ms
2026-05-22 19:24:49,131 | INFO     | [689131] ------------------------------------------
2026-05-22 19:24:49,132 | INFO     | [689131] 📥 NHẬN YÊU CẦU QUÉT KHUÔN MẶT MỚI
2026-05-22 19:24:49,132 | INFO     | [689131] Đã xử lý ảnh thành công. Kích thước tensor: (1, 48, 48, 1)
2026-05-22 19:24:49,199 | INFO     | [689131] 📊 Chi tiết dự đoán: {'ANGRY': 7.25, 'DISGUST': 0.19, 'FEAR': 6.18, 'HAPPY': 38.11, 'NEUTRAL': 15.71, 'SAD': 31.4, 'SURPRISE': 1.16}
2026-05-22 19:24:49,199 | INFO     | [689131] 🎯 KẾT QUẢ CHỐT: HAPPY (38.11%)
2026-05-22 19:24:49,199 | INFO     | [689131] ⏱️ Thời gian phản hồi: 67.93 ms
2026-05-22 19:24:49,202 | INFO     | [689202] ------------------------------------------
2026-05-22 19:24:49,202 | INFO     | [689202] 📥 NHẬN YÊU CẦU QUÉT KHUÔN MẶT MỚI
2026-05-22 19:24:49,203 | INFO     | [689202] Đã xử lý ảnh thành công. Kích thước tensor: (1, 48, 48, 1)
2026-05-22 19:24:49,290 | INFO     | [689202] 📊 Chi tiết dự đoán: {'ANGRY': 6.74, 'DISGUST': 0.23, 'FEAR': 7.07, 'HAPPY': 38.13, 'NEUTRAL': 14.63, 'SAD': 31.55, 'SURPRISE': 1.65}
2026-05-22 19:24:49,291 | INFO     | [689202] 🎯 KẾT QUẢ CHỐT: HAPPY (38.13%)
2026-05-22 19:24:49,291 | INFO     | [689202] ⏱️ Thời gian phản hồi: 88.43 ms
2026-05-22 19:24:49,292 | INFO     | [689292] ------------------------------------------
2026-05-22 19:24:49,292 | INFO     | [689292] 📥 NHẬN YÊU CẦU QUÉT KHUÔN MẶT MỚI
2026-05-22 19:24:49,294 | INFO     | [689292] Đã xử lý ảnh thành công. Kích thước tensor: (1, 48, 48, 1)
2026-05-22 19:24:49,360 | INFO     | [689292] 📊 Chi tiết dự đoán: {'ANGRY': 7.18, 'DISGUST': 0.22, 'FEAR': 6.83, 'HAPPY': 40.84, 'NEUTRAL': 13.98, 'SAD': 29.38, 'SURPRISE': 1.58}
2026-05-22 19:24:49,360 | INFO     | [689292] 🎯 KẾT QUẢ CHỐT: HAPPY (40.84%)
2026-05-22 19:24:49,360 | INFO     | [689292] ⏱️ Thời gian phản hồi: 67.97 ms
2026-05-22 19:24:49,364 | INFO     | [689363] ------------------------------------------
2026-05-22 19:24:49,364 | INFO     | [689363] 📥 NHẬN YÊU CẦU QUÉT KHUÔN MẶT MỚI
2026-05-22 19:24:49,364 | INFO     | [689363] Đã xử lý ảnh thành công. Kích thước tensor: (1, 48, 48, 1)
2026-05-22 19:24:49,434 | INFO     | [689363] 📊 Chi tiết dự đoán: {'ANGRY': 6.43, 'DISGUST': 0.21, 'FEAR': 8.22, 'HAPPY': 34.91, 'NEUTRAL': 15.58, 'SAD': 32.74, 'SURPRISE': 1.91}
2026-05-22 19:24:49,435 | INFO     | [689363] 🎯 KẾT QUẢ CHỐT: HAPPY (34.91%)
2026-05-22 19:24:49,435 | INFO     | [689363] ⏱️ Thời gian phản hồi: 71.07 ms
2026-05-22 19:24:49,437 | INFO     | [689437] ------------------------------------------
2026-05-22 19:24:49,438 | INFO     | [689437] 📥 NHẬN YÊU CẦU QUÉT KHUÔN MẶT MỚI
2026-05-22 19:24:49,438 | INFO     | [689437] Đã xử lý ảnh thành công. Kích thước tensor: (1, 48, 48, 1)
2026-05-22 19:24:49,510 | INFO     | [689437] 📊 Chi tiết dự đoán: {'ANGRY': 6.27, 'DISGUST': 0.22, 'FEAR': 7.11, 'HAPPY': 41.17, 'NEUTRAL': 15.23, 'SAD': 28.0, 'SURPRISE': 2.0}
2026-05-22 19:24:49,510 | INFO     | [689437] 🎯 KẾT QUẢ CHỐT: HAPPY (41.17%)
2026-05-22 19:24:49,510 | INFO     | [689437] ⏱️ Thời gian phản hồi: 72.77 ms
2026-05-22 19:24:49,512 | INFO     | [689512] ------------------------------------------
2026-05-22 19:24:49,512 | INFO     | [689512] 📥 NHẬN YÊU CẦU QUÉT KHUÔN MẶT MỚI
2026-05-22 19:24:49,513 | INFO     | [689512] Đã xử lý ảnh thành công. Kích thước tensor: (1, 48, 48, 1)
2026-05-22 19:24:49,570 | INFO     | [689512] 📊 Chi tiết dự đoán: {'ANGRY': 6.83, 'DISGUST': 0.25, 'FEAR': 8.27, 'HAPPY': 36.95, 'NEUTRAL': 16.03, 'SAD': 29.47, 'SURPRISE': 2.2}
2026-05-22 19:24:49,571 | INFO     | [689512] 🎯 KẾT QUẢ CHỐT: HAPPY (36.95%)
2026-05-22 19:24:49,571 | INFO     | [689512] ⏱️ Thời gian phản hồi: 58.08 ms
2026-05-22 19:24:49,573 | INFO     | [689573] ------------------------------------------
2026-05-22 19:24:49,574 | INFO     | [689573] 📥 NHẬN YÊU CẦU QUÉT KHUÔN MẶT MỚI
2026-05-22 19:24:49,574 | INFO     | [689573] Đã xử lý ảnh thành công. Kích thước tensor: (1, 48, 48, 1)
2026-05-22 19:24:49,643 | INFO     | [689573] 📊 Chi tiết dự đoán: {'ANGRY': 6.82, 'DISGUST': 0.24, 'FEAR': 5.84, 'HAPPY': 46.08, 'NEUTRAL': 14.49, 'SAD': 25.02, 'SURPRISE': 1.51}
2026-05-22 19:24:49,643 | INFO     | [689573] 🎯 KẾT QUẢ CHỐT: HAPPY (46.08%)
2026-05-22 19:24:49,643 | INFO     | [689573] ⏱️ Thời gian phản hồi: 69.93 ms
2026-05-22 19:24:49,646 | INFO     | [689646] ------------------------------------------
2026-05-22 19:24:49,646 | INFO     | [689646] 📥 NHẬN YÊU CẦU QUÉT KHUÔN MẶT MỚI
2026-05-22 19:24:49,647 | INFO     | [689646] Đã xử lý ảnh thành công. Kích thước tensor: (1, 48, 48, 1)
2026-05-22 19:24:49,725 | INFO     | [689646] 📊 Chi tiết dự đoán: {'ANGRY': 6.48, 'DISGUST': 0.23, 'FEAR': 6.77, 'HAPPY': 44.94, 'NEUTRAL': 13.59, 'SAD': 26.23, 'SURPRISE': 1.76}
2026-05-22 19:24:49,726 | INFO     | [689646] 🎯 KẾT QUẢ CHỐT: HAPPY (44.94%)
2026-05-22 19:24:49,726 | INFO     | [689646] ⏱️ Thời gian phản hồi: 78.04 ms
2026-05-22 19:24:49,728 | INFO     | [689728] ------------------------------------------
2026-05-22 19:24:49,728 | INFO     | [689728] 📥 NHẬN YÊU CẦU QUÉT KHUÔN MẶT MỚI
2026-05-22 19:24:49,730 | INFO     | [689728] Đã xử lý ảnh thành công. Kích thước tensor: (1, 48, 48, 1)
2026-05-22 19:24:49,801 | INFO     | [689728] 📊 Chi tiết dự đoán: {'ANGRY': 6.62, 'DISGUST': 0.21, 'FEAR': 7.03, 'HAPPY': 41.99, 'NEUTRAL': 16.21, 'SAD': 26.05, 'SURPRISE': 1.89}
2026-05-22 19:24:49,801 | INFO     | [689728] 🎯 KẾT QUẢ CHỐT: HAPPY (41.99%)
2026-05-22 19:24:49,801 | INFO     | [689728] ⏱️ Thời gian phản hồi: 72.58 ms
2026-05-22 19:24:49,804 | INFO     | [689804] ------------------------------------------
2026-05-22 19:24:49,804 | INFO     | [689804] 📥 NHẬN YÊU CẦU QUÉT KHUÔN MẶT MỚI
2026-05-22 19:24:49,806 | INFO     | [689804] Đã xử lý ảnh thành công. Kích thước tensor: (1, 48, 48, 1)
2026-05-22 19:24:49,872 | INFO     | [689804] 📊 Chi tiết dự đoán: {'ANGRY': 6.7, 'DISGUST': 0.23, 'FEAR': 6.1, 'HAPPY': 44.59, 'NEUTRAL': 13.71, 'SAD': 27.16, 'SURPRISE': 1.5}
2026-05-22 19:24:49,873 | INFO     | [689804] 🎯 KẾT QUẢ CHỐT: HAPPY (44.59%)
2026-05-22 19:24:49,873 | INFO     | [689804] ⏱️ Thời gian phản hồi: 67.4 ms
2026-05-22 19:24:49,874 | INFO     | [689874] ------------------------------------------
2026-05-22 19:24:49,874 | INFO     | [689874] 📥 NHẬN YÊU CẦU QUÉT KHUÔN MẶT MỚI
2026-05-22 19:24:49,875 | INFO     | [689874] Đã xử lý ảnh thành công. Kích thước tensor: (1, 48, 48, 1)
2026-05-22 19:24:49,950 | INFO     | [689874] 📊 Chi tiết dự đoán: {'ANGRY': 6.83, 'DISGUST': 0.22, 'FEAR': 6.96, 'HAPPY': 37.76, 'NEUTRAL': 15.37, 'SAD': 31.46, 'SURPRISE': 1.4}
2026-05-22 19:24:49,951 | INFO     | [689874] 🎯 KẾT QUẢ CHỐT: HAPPY (37.76%)
2026-05-22 19:24:49,951 | INFO     | [689874] ⏱️ Thời gian phản hồi: 75.51 ms
2026-05-22 19:24:49,953 | INFO     | [689952] ------------------------------------------
2026-05-22 19:24:49,953 | INFO     | [689952] 📥 NHẬN YÊU CẦU QUÉT KHUÔN MẶT MỚI
2026-05-22 19:24:49,954 | INFO     | [689952] Đã xử lý ảnh thành công. Kích thước tensor: (1, 48, 48, 1)
2026-05-22 19:24:50,024 | INFO     | [689952] 📊 Chi tiết dự đoán: {'ANGRY': 7.9, 'DISGUST': 0.23, 'FEAR': 6.7, 'HAPPY': 35.27, 'NEUTRAL': 16.96, 'SAD': 31.69, 'SURPRISE': 1.24}
2026-05-22 19:24:50,024 | INFO     | [689952] 🎯 KẾT QUẢ CHỐT: HAPPY (35.27%)
2026-05-22 19:24:50,025 | INFO     | [689952] ⏱️ Thời gian phản hồi: 72.29 ms
2026-05-22 19:24:50,027 | INFO     | [690027] ------------------------------------------
2026-05-22 19:24:50,027 | INFO     | [690027] 📥 NHẬN YÊU CẦU QUÉT KHUÔN MẶT MỚI
2026-05-22 19:24:50,028 | INFO     | [690027] Đã xử lý ảnh thành công. Kích thước tensor: (1, 48, 48, 1)
2026-05-22 19:24:50,097 | INFO     | [690027] 📊 Chi tiết dự đoán: {'ANGRY': 7.83, 'DISGUST': 0.26, 'FEAR': 6.59, 'HAPPY': 36.93, 'NEUTRAL': 15.57, 'SAD': 31.66, 'SURPRISE': 1.17}
2026-05-22 19:24:50,097 | INFO     | [690027] 🎯 KẾT QUẢ CHỐT: HAPPY (36.93%)
2026-05-22 19:24:50,098 | INFO     | [690027] ⏱️ Thời gian phản hồi: 69.64 ms
2026-05-22 19:24:50,099 | INFO     | [690099] ------------------------------------------
2026-05-22 19:24:50,099 | INFO     | [690099] 📥 NHẬN YÊU CẦU QUÉT KHUÔN MẶT MỚI
2026-05-22 19:24:50,100 | INFO     | [690099] Đã xử lý ảnh thành công. Kích thước tensor: (1, 48, 48, 1)
2026-05-22 19:24:50,171 | INFO     | [690099] 📊 Chi tiết dự đoán: {'ANGRY': 6.99, 'DISGUST': 0.26, 'FEAR': 7.17, 'HAPPY': 34.11, 'NEUTRAL': 17.95, 'SAD': 32.12, 'SURPRISE': 1.39}
2026-05-22 19:24:50,171 | INFO     | [690099] 🎯 KẾT QUẢ CHỐT: HAPPY (34.11%)
2026-05-22 19:24:50,171 | INFO     | [690099] ⏱️ Thời gian phản hồi: 71.85 ms
2026-05-22 19:24:50,173 | INFO     | [690173] ------------------------------------------
2026-05-22 19:24:50,175 | INFO     | [690173] 📥 NHẬN YÊU CẦU QUÉT KHUÔN MẶT MỚI
2026-05-22 19:24:50,175 | INFO     | [690173] Đã xử lý ảnh thành công. Kích thước tensor: (1, 48, 48, 1)
2026-05-22 19:24:50,239 | INFO     | [690173] 📊 Chi tiết dự đoán: {'ANGRY': 6.95, 'DISGUST': 0.22, 'FEAR': 8.08, 'HAPPY': 28.48, 'NEUTRAL': 21.04, 'SAD': 33.39, 'SURPRISE': 1.84}
2026-05-22 19:24:50,240 | INFO     | [690173] 🎯 KẾT QUẢ CHỐT: SAD (33.39%)
2026-05-22 19:24:50,240 | INFO     | [690173] ⏱️ Thời gian phản hồi: 66.06 ms
2026-05-22 19:24:50,242 | INFO     | [690242] ------------------------------------------
2026-05-22 19:24:50,242 | INFO     | [690242] 📥 NHẬN YÊU CẦU QUÉT KHUÔN MẶT MỚI
2026-05-22 19:24:50,243 | INFO     | [690242] Đã xử lý ảnh thành công. Kích thước tensor: (1, 48, 48, 1)
2026-05-22 19:24:50,306 | INFO     | [690242] 📊 Chi tiết dự đoán: {'ANGRY': 7.18, 'DISGUST': 0.23, 'FEAR': 7.83, 'HAPPY': 29.52, 'NEUTRAL': 21.19, 'SAD': 32.35, 'SURPRISE': 1.69}
2026-05-22 19:24:50,307 | INFO     | [690242] 🎯 KẾT QUẢ CHỐT: SAD (32.35%)
2026-05-22 19:24:50,307 | INFO     | [690242] ⏱️ Thời gian phản hồi: 63.68 ms
2026-05-22 19:24:50,309 | INFO     | [690309] ------------------------------------------
2026-05-22 19:24:50,309 | INFO     | [690309] 📥 NHẬN YÊU CẦU QUÉT KHUÔN MẶT MỚI
2026-05-22 19:24:50,310 | INFO     | [690309] Đã xử lý ảnh thành công. Kích thước tensor: (1, 48, 48, 1)
2026-05-22 19:24:50,377 | INFO     | [690309] 📊 Chi tiết dự đoán: {'ANGRY': 6.76, 'DISGUST': 0.22, 'FEAR': 7.87, 'HAPPY': 32.61, 'NEUTRAL': 19.77, 'SAD': 31.12, 'SURPRISE': 1.66}
2026-05-22 19:24:50,377 | INFO     | [690309] 🎯 KẾT QUẢ CHỐT: HAPPY (32.61%)
2026-05-22 19:24:50,378 | INFO     | [690309] ⏱️ Thời gian phản hồi: 67.45 ms
2026-05-22 19:24:50,379 | INFO     | [690379] ------------------------------------------
2026-05-22 19:24:50,379 | INFO     | [690379] 📥 NHẬN YÊU CẦU QUÉT KHUÔN MẶT MỚI
2026-05-22 19:24:50,381 | INFO     | [690379] Đã xử lý ảnh thành công. Kích thước tensor: (1, 48, 48, 1)
2026-05-22 19:24:50,456 | INFO     | [690379] 📊 Chi tiết dự đoán: {'ANGRY': 6.53, 'DISGUST': 0.25, 'FEAR': 7.89, 'HAPPY': 34.31, 'NEUTRAL': 19.14, 'SAD': 29.92, 'SURPRISE': 1.96}
2026-05-22 19:24:50,456 | INFO     | [690379] 🎯 KẾT QUẢ CHỐT: HAPPY (34.31%)
2026-05-22 19:24:50,457 | INFO     | [690379] ⏱️ Thời gian phản hồi: 77.15 ms
2026-05-22 19:24:50,459 | INFO     | [690459] ------------------------------------------
2026-05-22 19:24:50,459 | INFO     | [690459] 📥 NHẬN YÊU CẦU QUÉT KHUÔN MẶT MỚI
2026-05-22 19:24:50,460 | INFO     | [690459] Đã xử lý ảnh thành công. Kích thước tensor: (1, 48, 48, 1)
2026-05-22 19:24:50,534 | INFO     | [690459] 📊 Chi tiết dự đoán: {'ANGRY': 6.73, 'DISGUST': 0.23, 'FEAR': 7.38, 'HAPPY': 34.31, 'NEUTRAL': 19.13, 'SAD': 30.76, 'SURPRISE': 1.47}
2026-05-22 19:24:50,534 | INFO     | [690459] 🎯 KẾT QUẢ CHỐT: HAPPY (34.31%)
2026-05-22 19:24:50,534 | INFO     | [690459] ⏱️ Thời gian phản hồi: 74.64 ms
2026-05-22 19:24:50,539 | INFO     | [690539] ------------------------------------------
2026-05-22 19:24:50,539 | INFO     | [690539] 📥 NHẬN YÊU CẦU QUÉT KHUÔN MẶT MỚI
2026-05-22 19:24:50,541 | INFO     | [690539] Đã xử lý ảnh thành công. Kích thước tensor: (1, 48, 48, 1)
2026-05-22 19:24:50,650 | INFO     | [690539] 📊 Chi tiết dự đoán: {'ANGRY': 7.2, 'DISGUST': 0.25, 'FEAR': 6.95, 'HAPPY': 38.81, 'NEUTRAL': 17.47, 'SAD': 27.75, 'SURPRISE': 1.58}
2026-05-22 19:24:50,650 | INFO     | [690539] 🎯 KẾT QUẢ CHỐT: HAPPY (38.81%)
2026-05-22 19:24:50,650 | INFO     | [690539] ⏱️ Thời gian phản hồi: 109.94 ms
2026-05-22 19:24:50,654 | INFO     | [690654] ------------------------------------------
2026-05-22 19:24:50,654 | INFO     | [690654] 📥 NHẬN YÊU CẦU QUÉT KHUÔN MẶT MỚI
2026-05-22 19:24:50,655 | INFO     | [690654] Đã xử lý ảnh thành công. Kích thước tensor: (1, 48, 48, 1)
2026-05-22 19:24:50,750 | INFO     | [690654] 📊 Chi tiết dự đoán: {'ANGRY': 7.66, 'DISGUST': 0.26, 'FEAR': 6.2, 'HAPPY': 41.75, 'NEUTRAL': 16.67, 'SAD': 25.99, 'SURPRISE': 1.47}
2026-05-22 19:24:50,750 | INFO     | [690654] 🎯 KẾT QUẢ CHỐT: HAPPY (41.75%)
2026-05-22 19:24:50,750 | INFO     | [690654] ⏱️ Thời gian phản hồi: 96.18 ms
2026-05-22 19:24:50,752 | INFO     | [690752] ------------------------------------------
2026-05-22 19:24:50,752 | INFO     | [690752] 📥 NHẬN YÊU CẦU QUÉT KHUÔN MẶT MỚI
2026-05-22 19:24:50,754 | INFO     | [690752] Đã xử lý ảnh thành công. Kích thước tensor: (1, 48, 48, 1)
2026-05-22 19:24:50,829 | INFO     | [690752] 📊 Chi tiết dự đoán: {'ANGRY': 5.73, 'DISGUST': 0.21, 'FEAR': 5.65, 'HAPPY': 51.22, 'NEUTRAL': 13.41, 'SAD': 22.03, 'SURPRISE': 1.74}
2026-05-22 19:24:50,830 | INFO     | [690752] 🎯 KẾT QUẢ CHỐT: HAPPY (51.22%)
2026-05-22 19:24:50,830 | INFO     | [690752] ⏱️ Thời gian phản hồi: 76.35 ms
2026-05-22 19:24:50,832 | INFO     | [690832] ------------------------------------------
2026-05-22 19:24:50,832 | INFO     | [690832] 📥 NHẬN YÊU CẦU QUÉT KHUÔN MẶT MỚI
2026-05-22 19:24:50,833 | INFO     | [690832] Đã xử lý ảnh thành công. Kích thước tensor: (1, 48, 48, 1)
2026-05-22 19:24:50,900 | INFO     | [690832] 📊 Chi tiết dự đoán: {'ANGRY': 4.62, 'DISGUST': 0.3, 'FEAR': 8.19, 'HAPPY': 43.86, 'NEUTRAL': 14.23, 'SAD': 25.39, 'SURPRISE': 3.41}
2026-05-22 19:24:50,902 | INFO     | [690832] 🎯 KẾT QUẢ CHỐT: HAPPY (43.86%)
2026-05-22 19:24:50,902 | INFO     | [690832] ⏱️ Thời gian phản hồi: 68.5 ms
2026-05-22 19:24:50,929 | INFO     | [690929] ------------------------------------------
2026-05-22 19:24:50,929 | INFO     | [690929] 📥 NHẬN YÊU CẦU QUÉT KHUÔN MẶT MỚI
2026-05-22 19:24:50,930 | INFO     | [690929] Đã xử lý ảnh thành công. Kích thước tensor: (1, 48, 48, 1)
2026-05-22 19:24:51,008 | INFO     | [690929] 📊 Chi tiết dự đoán: {'ANGRY': 4.8, 'DISGUST': 0.21, 'FEAR': 8.62, 'HAPPY': 35.02, 'NEUTRAL': 17.38, 'SAD': 31.85, 'SURPRISE': 2.11}
2026-05-22 19:24:51,008 | INFO     | [690929] 🎯 KẾT QUẢ CHỐT: HAPPY (35.02%)
2026-05-22 19:24:51,008 | INFO     | [690929] ⏱️ Thời gian phản hồi: 78.47 ms
2026-05-22 19:24:51,023 | INFO     | [691022] ------------------------------------------
2026-05-22 19:24:51,023 | INFO     | [691022] 📥 NHẬN YÊU CẦU QUÉT KHUÔN MẶT MỚI
2026-05-22 19:24:51,023 | INFO     | [691022] Đã xử lý ảnh thành công. Kích thước tensor: (1, 48, 48, 1)
2026-05-22 19:24:51,098 | INFO     | [691022] 📊 Chi tiết dự đoán: {'ANGRY': 3.96, 'DISGUST': 0.17, 'FEAR': 7.8, 'HAPPY': 39.9, 'NEUTRAL': 15.6, 'SAD': 30.98, 'SURPRISE': 1.58}
2026-05-22 19:24:51,098 | INFO     | [691022] 🎯 KẾT QUẢ CHỐT: HAPPY (39.90%)
2026-05-22 19:24:51,099 | INFO     | [691022] ⏱️ Thời gian phản hồi: 75.97 ms
2026-05-22 19:24:51,114 | INFO     | [691114] ------------------------------------------
2026-05-22 19:24:51,114 | INFO     | [691114] 📥 NHẬN YÊU CẦU QUÉT KHUÔN MẶT MỚI
2026-05-22 19:24:51,114 | INFO     | [691114] Đã xử lý ảnh thành công. Kích thước tensor: (1, 48, 48, 1)
2026-05-22 19:24:51,191 | INFO     | [691114] 📊 Chi tiết dự đoán: {'ANGRY': 4.58, 'DISGUST': 0.21, 'FEAR': 8.89, 'HAPPY': 33.34, 'NEUTRAL': 16.85, 'SAD': 34.29, 'SURPRISE': 1.85}
2026-05-22 19:24:51,191 | INFO     | [691114] 🎯 KẾT QUẢ CHỐT: SAD (34.29%)
2026-05-22 19:24:51,191 | INFO     | [691114] ⏱️ Thời gian phản hồi: 77.2 ms
2026-05-22 19:24:51,221 | INFO     | [691221] ------------------------------------------
2026-05-22 19:24:51,221 | INFO     | [691221] 📥 NHẬN YÊU CẦU QUÉT KHUÔN MẶT MỚI
2026-05-22 19:24:51,223 | INFO     | [691221] Đã xử lý ảnh thành công. Kích thước tensor: (1, 48, 48, 1)
2026-05-22 19:24:51,294 | INFO     | [691221] 📊 Chi tiết dự đoán: {'ANGRY': 4.12, 'DISGUST': 0.2, 'FEAR': 7.96, 'HAPPY': 35.25, 'NEUTRAL': 17.15, 'SAD': 33.98, 'SURPRISE': 1.35}
2026-05-22 19:24:51,294 | INFO     | [691221] 🎯 KẾT QUẢ CHỐT: HAPPY (35.25%)
2026-05-22 19:24:51,295 | INFO     | [691221] ⏱️ Thời gian phản hồi: 72.36 ms
2026-05-22 19:24:51,315 | INFO     | [691315] ------------------------------------------
2026-05-22 19:24:51,315 | INFO     | [691315] 📥 NHẬN YÊU CẦU QUÉT KHUÔN MẶT MỚI
2026-05-22 19:24:51,315 | INFO     | [691315] Đã xử lý ảnh thành công. Kích thước tensor: (1, 48, 48, 1)
2026-05-22 19:24:51,420 | INFO     | [691315] 📊 Chi tiết dự đoán: {'ANGRY': 3.99, 'DISGUST': 0.17, 'FEAR': 8.04, 'HAPPY': 39.3, 'NEUTRAL': 17.6, 'SAD': 29.24, 'SURPRISE': 1.66}
2026-05-22 19:24:51,421 | INFO     | [691315] 🎯 KẾT QUẢ CHỐT: HAPPY (39.30%)
2026-05-22 19:24:51,421 | INFO     | [691315] ⏱️ Thời gian phản hồi: 105.29 ms
2026-05-22 19:24:51,424 | INFO     | [691424] ------------------------------------------
2026-05-22 19:24:51,424 | INFO     | [691424] 📥 NHẬN YÊU CẦU QUÉT KHUÔN MẶT MỚI
2026-05-22 19:24:51,426 | INFO     | [691424] Đã xử lý ảnh thành công. Kích thước tensor: (1, 48, 48, 1)
2026-05-22 19:24:51,510 | INFO     | [691424] 📊 Chi tiết dự đoán: {'ANGRY': 4.32, 'DISGUST': 0.2, 'FEAR': 7.7, 'HAPPY': 39.92, 'NEUTRAL': 19.07, 'SAD': 26.57, 'SURPRISE': 2.22}
2026-05-22 19:24:51,510 | INFO     | [691424] 🎯 KẾT QUẢ CHỐT: HAPPY (39.92%)
2026-05-22 19:24:51,511 | INFO     | [691424] ⏱️ Thời gian phản hồi: 85.64 ms
2026-05-22 19:24:51,517 | INFO     | [691517] ------------------------------------------
2026-05-22 19:24:51,517 | INFO     | [691517] 📥 NHẬN YÊU CẦU QUÉT KHUÔN MẶT MỚI
2026-05-22 19:24:51,518 | INFO     | [691517] Đã xử lý ảnh thành công. Kích thước tensor: (1, 48, 48, 1)
2026-05-22 19:24:51,597 | INFO     | [691517] 📊 Chi tiết dự đoán: {'ANGRY': 5.19, 'DISGUST': 0.19, 'FEAR': 10.67, 'HAPPY': 33.7, 'NEUTRAL': 19.41, 'SAD': 28.32, 'SURPRISE': 2.51}
2026-05-22 19:24:51,597 | INFO     | [691517] 🎯 KẾT QUẢ CHỐT: HAPPY (33.70%)
2026-05-22 19:24:51,598 | INFO     | [691517] ⏱️ Thời gian phản hồi: 79.26 ms
2026-05-22 19:24:51,625 | INFO     | [691625] ------------------------------------------
2026-05-22 19:24:51,626 | INFO     | [691625] 📥 NHẬN YÊU CẦU QUÉT KHUÔN MẶT MỚI
2026-05-22 19:24:51,626 | INFO     | [691625] Đã xử lý ảnh thành công. Kích thước tensor: (1, 48, 48, 1)
2026-05-22 19:24:51,694 | INFO     | [691625] 📊 Chi tiết dự đoán: {'ANGRY': 5.84, 'DISGUST': 0.26, 'FEAR': 11.62, 'HAPPY': 32.15, 'NEUTRAL': 18.69, 'SAD': 28.57, 'SURPRISE': 2.88}
2026-05-22 19:24:51,694 | INFO     | [691625] 🎯 KẾT QUẢ CHỐT: HAPPY (32.15%)
2026-05-22 19:24:51,694 | INFO     | [691625] ⏱️ Thời gian phản hồi: 69.19 ms
2026-05-22 19:24:51,717 | INFO     | [691717] ------------------------------------------
2026-05-22 19:24:51,717 | INFO     | [691717] 📥 NHẬN YÊU CẦU QUÉT KHUÔN MẶT MỚI
2026-05-22 19:24:51,717 | INFO     | [691717] Đã xử lý ảnh thành công. Kích thước tensor: (1, 48, 48, 1)
2026-05-22 19:24:51,781 | INFO     | [691717] 📊 Chi tiết dự đoán: {'ANGRY': 6.12, 'DISGUST': 0.23, 'FEAR': 12.2, 'HAPPY': 26.3, 'NEUTRAL': 21.59, 'SAD': 30.96, 'SURPRISE': 2.6}
2026-05-22 19:24:51,782 | INFO     | [691717] 🎯 KẾT QUẢ CHỐT: SAD (30.96%)
2026-05-22 19:24:51,782 | INFO     | [691717] ⏱️ Thời gian phản hồi: 64.34 ms
2026-05-22 19:24:51,826 | INFO     | [691826] ------------------------------------------
2026-05-22 19:24:51,826 | INFO     | [691826] 📥 NHẬN YÊU CẦU QUÉT KHUÔN MẶT MỚI
2026-05-22 19:24:51,827 | INFO     | [691826] Đã xử lý ảnh thành công. Kích thước tensor: (1, 48, 48, 1)
2026-05-22 19:24:51,892 | INFO     | [691826] 📊 Chi tiết dự đoán: {'ANGRY': 6.57, 'DISGUST': 0.28, 'FEAR': 12.11, 'HAPPY': 27.66, 'NEUTRAL': 22.79, 'SAD': 27.52, 'SURPRISE': 3.07}
2026-05-22 19:24:51,892 | INFO     | [691826] 🎯 KẾT QUẢ CHỐT: HAPPY (27.66%)
2026-05-22 19:24:51,892 | INFO     | [691826] ⏱️ Thời gian phản hồi: 65.95 ms
2026-05-22 19:24:51,920 | INFO     | [691920] ------------------------------------------
2026-05-22 19:24:51,920 | INFO     | [691920] 📥 NHẬN YÊU CẦU QUÉT KHUÔN MẶT MỚI
2026-05-22 19:24:51,920 | INFO     | [691920] Đã xử lý ảnh thành công. Kích thước tensor: (1, 48, 48, 1)
2026-05-22 19:24:51,982 | INFO     | [691920] 📊 Chi tiết dự đoán: {'ANGRY': 5.96, 'DISGUST': 0.28, 'FEAR': 11.36, 'HAPPY': 31.55, 'NEUTRAL': 20.56, 'SAD': 27.08, 'SURPRISE': 3.22}
2026-05-22 19:24:51,983 | INFO     | [691920] 🎯 KẾT QUẢ CHỐT: HAPPY (31.55%)
2026-05-22 19:24:51,983 | INFO     | [691920] ⏱️ Thời gian phản hồi: 61.64 ms
2026-05-22 19:24:52,013 | INFO     | [692012] ------------------------------------------
2026-05-22 19:24:52,013 | INFO     | [692012] 📥 NHẬN YÊU CẦU QUÉT KHUÔN MẶT MỚI
2026-05-22 19:24:52,014 | INFO     | [692012] Đã xử lý ảnh thành công. Kích thước tensor: (1, 48, 48, 1)
2026-05-22 19:24:52,094 | INFO     | [692012] 📊 Chi tiết dự đoán: {'ANGRY': 6.76, 'DISGUST': 0.29, 'FEAR': 12.54, 'HAPPY': 20.65, 'NEUTRAL': 25.49, 'SAD': 31.22, 'SURPRISE': 3.04}
2026-05-22 19:24:52,094 | INFO     | [692012] 🎯 KẾT QUẢ CHỐT: SAD (31.22%)
2026-05-22 19:24:52,095 | INFO     | [692012] ⏱️ Thời gian phản hồi: 81.51 ms
2026-05-22 19:24:52,122 | INFO     | [692122] ------------------------------------------
2026-05-22 19:24:52,122 | INFO     | [692122] 📥 NHẬN YÊU CẦU QUÉT KHUÔN MẶT MỚI
2026-05-22 19:24:52,122 | INFO     | [692122] Đã xử lý ảnh thành công. Kích thước tensor: (1, 48, 48, 1)
2026-05-22 19:24:52,198 | INFO     | [692122] 📊 Chi tiết dự đoán: {'ANGRY': 5.7, 'DISGUST': 0.26, 'FEAR': 10.46, 'HAPPY': 29.92, 'NEUTRAL': 23.79, 'SAD': 28.07, 'SURPRISE': 1.81}
2026-05-22 19:24:52,199 | INFO     | [692122] 🎯 KẾT QUẢ CHỐT: HAPPY (29.92%)
2026-05-22 19:24:52,199 | INFO     | [692122] ⏱️ Thời gian phản hồi: 75.46 ms
2026-05-22 19:24:52,217 | INFO     | [692217] ------------------------------------------
2026-05-22 19:24:52,217 | INFO     | [692217] 📥 NHẬN YÊU CẦU QUÉT KHUÔN MẶT MỚI
2026-05-22 19:24:52,218 | INFO     | [692217] Đã xử lý ảnh thành công. Kích thước tensor: (1, 48, 48, 1)
2026-05-22 19:24:52,294 | INFO     | [692217] 📊 Chi tiết dự đoán: {'ANGRY': 5.69, 'DISGUST': 0.27, 'FEAR': 9.81, 'HAPPY': 31.14, 'NEUTRAL': 23.03, 'SAD': 28.4, 'SURPRISE': 1.66}
2026-05-22 19:24:52,294 | INFO     | [692217] 🎯 KẾT QUẢ CHỐT: HAPPY (31.14%)
2026-05-22 19:24:52,294 | INFO     | [692217] ⏱️ Thời gian phản hồi: 77.38 ms
2026-05-22 19:24:52,325 | INFO     | [692325] ------------------------------------------
2026-05-22 19:24:52,326 | INFO     | [692325] 📥 NHẬN YÊU CẦU QUÉT KHUÔN MẶT MỚI
2026-05-22 19:24:52,327 | INFO     | [692325] Đã xử lý ảnh thành công. Kích thước tensor: (1, 48, 48, 1)
2026-05-22 19:24:52,396 | INFO     | [692325] 📊 Chi tiết dự đoán: {'ANGRY': 5.32, 'DISGUST': 0.29, 'FEAR': 8.76, 'HAPPY': 38.41, 'NEUTRAL': 22.03, 'SAD': 23.3, 'SURPRISE': 1.89}
2026-05-22 19:24:52,396 | INFO     | [692325] 🎯 KẾT QUẢ CHỐT: HAPPY (38.41%)
2026-05-22 19:24:52,396 | INFO     | [692325] ⏱️ Thời gian phản hồi: 71.31 ms
2026-05-22 19:24:52,418 | INFO     | [692418] ------------------------------------------
2026-05-22 19:24:52,419 | INFO     | [692418] 📥 NHẬN YÊU CẦU QUÉT KHUÔN MẶT MỚI
2026-05-22 19:24:52,419 | INFO     | [692418] Đã xử lý ảnh thành công. Kích thước tensor: (1, 48, 48, 1)
2026-05-22 19:24:52,495 | INFO     | [692418] 📊 Chi tiết dự đoán: {'ANGRY': 5.19, 'DISGUST': 0.28, 'FEAR': 8.89, 'HAPPY': 39.82, 'NEUTRAL': 19.04, 'SAD': 24.93, 'SURPRISE': 1.85}
2026-05-22 19:24:52,495 | INFO     | [692418] 🎯 KẾT QUẢ CHỐT: HAPPY (39.82%)
2026-05-22 19:24:52,495 | INFO     | [692418] ⏱️ Thời gian phản hồi: 77.59 ms
2026-05-22 19:24:52,527 | INFO     | [692527] ------------------------------------------
2026-05-22 19:24:52,528 | INFO     | [692527] 📥 NHẬN YÊU CẦU QUÉT KHUÔN MẶT MỚI
2026-05-22 19:24:52,528 | INFO     | [692527] Đã xử lý ảnh thành công. Kích thước tensor: (1, 48, 48, 1)
2026-05-22 19:24:52,590 | INFO     | [692527] 📊 Chi tiết dự đoán: {'ANGRY': 6.32, 'DISGUST': 0.26, 'FEAR': 9.97, 'HAPPY': 32.2, 'NEUTRAL': 21.75, 'SAD': 27.67, 'SURPRISE': 1.82}
2026-05-22 19:24:52,590 | INFO     | [692527] 🎯 KẾT QUẢ CHỐT: HAPPY (32.20%)
2026-05-22 19:24:52,590 | INFO     | [692527] ⏱️ Thời gian phản hồi: 62.49 ms
2026-05-22 19:24:52,619 | INFO     | [692619] ------------------------------------------
2026-05-22 19:24:52,619 | INFO     | [692619] 📥 NHẬN YÊU CẦU QUÉT KHUÔN MẶT MỚI
2026-05-22 19:24:52,620 | INFO     | [692619] Đã xử lý ảnh thành công. Kích thước tensor: (1, 48, 48, 1)
2026-05-22 19:24:52,678 | INFO     | [692619] 📊 Chi tiết dự đoán: {'ANGRY': 5.53, 'DISGUST': 0.26, 'FEAR': 10.42, 'HAPPY': 31.37, 'NEUTRAL': 21.97, 'SAD': 28.31, 'SURPRISE': 2.13}
2026-05-22 19:24:52,678 | INFO     | [692619] 🎯 KẾT QUẢ CHỐT: HAPPY (31.37%)
2026-05-22 19:24:52,678 | INFO     | [692619] ⏱️ Thời gian phản hồi: 58.88 ms
2026-05-22 19:24:52,714 | INFO     | [692713] ------------------------------------------
2026-05-22 19:24:52,714 | INFO     | [692713] 📥 NHẬN YÊU CẦU QUÉT KHUÔN MẶT MỚI
2026-05-22 19:24:52,714 | INFO     | [692713] Đã xử lý ảnh thành công. Kích thước tensor: (1, 48, 48, 1)
2026-05-22 19:24:52,782 | INFO     | [692713] 📊 Chi tiết dự đoán: {'ANGRY': 4.61, 'DISGUST': 0.25, 'FEAR': 8.38, 'HAPPY': 43.03, 'NEUTRAL': 18.32, 'SAD': 23.37, 'SURPRISE': 2.04}
2026-05-22 19:24:52,782 | INFO     | [692713] 🎯 KẾT QUẢ CHỐT: HAPPY (43.03%)
2026-05-22 19:24:52,782 | INFO     | [692713] ⏱️ Thời gian phản hồi: 68.55 ms
2026-05-22 19:24:52,822 | INFO     | [692822] ------------------------------------------
2026-05-22 19:24:52,823 | INFO     | [692822] 📥 NHẬN YÊU CẦU QUÉT KHUÔN MẶT MỚI
2026-05-22 19:24:52,823 | INFO     | [692822] Đã xử lý ảnh thành công. Kích thước tensor: (1, 48, 48, 1)
2026-05-22 19:24:52,899 | INFO     | [692822] 📊 Chi tiết dự đoán: {'ANGRY': 4.8, 'DISGUST': 0.29, 'FEAR': 7.88, 'HAPPY': 43.51, 'NEUTRAL': 17.97, 'SAD': 23.39, 'SURPRISE': 2.16}
2026-05-22 19:24:52,899 | INFO     | [692822] 🎯 KẾT QUẢ CHỐT: HAPPY (43.51%)
2026-05-22 19:24:52,899 | INFO     | [692822] ⏱️ Thời gian phản hồi: 76.47 ms
2026-05-22 19:24:52,931 | INFO     | [692931] ------------------------------------------
2026-05-22 19:24:52,932 | INFO     | [692931] 📥 NHẬN YÊU CẦU QUÉT KHUÔN MẶT MỚI
2026-05-22 19:24:52,932 | INFO     | [692931] Đã xử lý ảnh thành công. Kích thước tensor: (1, 48, 48, 1)
2026-05-22 19:24:53,010 | INFO     | [692931] 📊 Chi tiết dự đoán: {'ANGRY': 4.68, 'DISGUST': 0.23, 'FEAR': 8.23, 'HAPPY': 41.8, 'NEUTRAL': 18.31, 'SAD': 24.6, 'SURPRISE': 2.15}
2026-05-22 19:24:53,011 | INFO     | [692931] 🎯 KẾT QUẢ CHỐT: HAPPY (41.80%)
2026-05-22 19:24:53,012 | INFO     | [692931] ⏱️ Thời gian phản hồi: 79.29 ms
2026-05-22 19:24:53,024 | INFO     | [693024] ------------------------------------------
2026-05-22 19:24:53,024 | INFO     | [693024] 📥 NHẬN YÊU CẦU QUÉT KHUÔN MẶT MỚI
2026-05-22 19:24:53,025 | INFO     | [693024] Đã xử lý ảnh thành công. Kích thước tensor: (1, 48, 48, 1)
2026-05-22 19:24:53,103 | INFO     | [693024] 📊 Chi tiết dự đoán: {'ANGRY': 4.27, 'DISGUST': 0.18, 'FEAR': 9.69, 'HAPPY': 34.2, 'NEUTRAL': 22.7, 'SAD': 26.14, 'SURPRISE': 2.81}
2026-05-22 19:24:53,103 | INFO     | [693024] 🎯 KẾT QUẢ CHỐT: HAPPY (34.20%)
2026-05-22 19:24:53,103 | INFO     | [693024] ⏱️ Thời gian phản hồi: 79.51 ms
2026-05-22 19:24:53,118 | INFO     | [693118] ------------------------------------------
2026-05-22 19:24:53,120 | INFO     | [693118] 📥 NHẬN YÊU CẦU QUÉT KHUÔN MẶT MỚI
2026-05-22 19:24:53,120 | INFO     | [693118] Đã xử lý ảnh thành công. Kích thước tensor: (1, 48, 48, 1)
2026-05-22 19:24:53,183 | INFO     | [693118] 📊 Chi tiết dự đoán: {'ANGRY': 5.06, 'DISGUST': 0.19, 'FEAR': 10.0, 'HAPPY': 31.59, 'NEUTRAL': 21.27, 'SAD': 29.72, 'SURPRISE': 2.17}
2026-05-22 19:24:53,183 | INFO     | [693118] 🎯 KẾT QUẢ CHỐT: HAPPY (31.59%)
2026-05-22 19:24:53,184 | INFO     | [693118] ⏱️ Thời gian phản hồi: 64.36 ms
2026-05-22 19:24:53,210 | INFO     | [693210] ------------------------------------------
2026-05-22 19:24:53,210 | INFO     | [693210] 📥 NHẬN YÊU CẦU QUÉT KHUÔN MẶT MỚI
2026-05-22 19:24:53,210 | INFO     | [693210] Đã xử lý ảnh thành công. Kích thước tensor: (1, 48, 48, 1)
2026-05-22 19:24:53,288 | INFO     | [693210] 📊 Chi tiết dự đoán: {'ANGRY': 5.98, 'DISGUST': 0.26, 'FEAR': 11.29, 'HAPPY': 27.25, 'NEUTRAL': 23.33, 'SAD': 28.86, 'SURPRISE': 3.03}
2026-05-22 19:24:53,288 | INFO     | [693210] 🎯 KẾT QUẢ CHỐT: SAD (28.86%)
2026-05-22 19:24:53,288 | INFO     | [693210] ⏱️ Thời gian phản hồi: 77.9 ms
2026-05-22 19:24:53,318 | INFO     | [693318] ------------------------------------------
2026-05-22 19:24:53,318 | INFO     | [693318] 📥 NHẬN YÊU CẦU QUÉT KHUÔN MẶT MỚI
2026-05-22 19:24:53,319 | INFO     | [693318] Đã xử lý ảnh thành công. Kích thước tensor: (1, 48, 48, 1)
2026-05-22 19:24:53,440 | INFO     | [693318] 📊 Chi tiết dự đoán: {'ANGRY': 6.19, 'DISGUST': 0.24, 'FEAR': 11.48, 'HAPPY': 24.61, 'NEUTRAL': 23.67, 'SAD': 30.57, 'SURPRISE': 3.24}
2026-05-22 19:24:53,440 | INFO     | [693318] 🎯 KẾT QUẢ CHỐT: SAD (30.57%)
2026-05-22 19:24:53,442 | INFO     | [693318] ⏱️ Thời gian phản hồi: 122.25 ms
2026-05-22 19:24:53,468 | INFO     | [BATCH-693468] ==========================================
2026-05-22 19:24:53,468 | INFO     | [BATCH-693468] 🎞️ NHẬN CHUỖI 60 KHUNG HÌNH (BATCH)
2026-05-22 19:24:53,540 | INFO     | [BATCH-693468] ↳ Frame 1/60: HAPPY (56.6%)
2026-05-22 19:24:53,608 | INFO     | [BATCH-693468] ↳ Frame 2/60: HAPPY (54.3%)
2026-05-22 19:24:53,678 | INFO     | [BATCH-693468] ↳ Frame 3/60: HAPPY (44.2%)
2026-05-22 19:24:53,763 | INFO     | [BATCH-693468] ↳ Frame 4/60: HAPPY (53.3%)
2026-05-22 19:24:53,851 | INFO     | [BATCH-693468] ↳ Frame 5/60: HAPPY (37.0%)
2026-05-22 19:24:53,928 | INFO     | [BATCH-693468] ↳ Frame 6/60: HAPPY (45.9%)
2026-05-22 19:24:54,011 | INFO     | [BATCH-693468] ↳ Frame 7/60: HAPPY (41.5%)
2026-05-22 19:24:54,094 | INFO     | [BATCH-693468] ↳ Frame 8/60: HAPPY (33.3%)
2026-05-22 19:24:54,172 | INFO     | [BATCH-693468] ↳ Frame 9/60: HAPPY (47.4%)
2026-05-22 19:24:54,245 | INFO     | [BATCH-693468] ↳ Frame 10/60: HAPPY (42.6%)
2026-05-22 19:24:54,315 | INFO     | [BATCH-693468] ↳ Frame 11/60: HAPPY (40.8%)
2026-05-22 19:24:54,390 | INFO     | [BATCH-693468] ↳ Frame 12/60: HAPPY (45.1%)
2026-05-22 19:24:54,460 | INFO     | [BATCH-693468] ↳ Frame 13/60: HAPPY (43.3%)
2026-05-22 19:24:54,524 | INFO     | [BATCH-693468] ↳ Frame 14/60: HAPPY (42.1%)
2026-05-22 19:24:54,593 | INFO     | [BATCH-693468] ↳ Frame 15/60: SAD (33.4%)
2026-05-22 19:24:54,662 | INFO     | [BATCH-693468] ↳ Frame 16/60: HAPPY (38.6%)
2026-05-22 19:24:54,731 | INFO     | [BATCH-693468] ↳ Frame 17/60: HAPPY (46.7%)
2026-05-22 19:24:54,801 | INFO     | [BATCH-693468] ↳ Frame 18/60: HAPPY (36.6%)
2026-05-22 19:24:54,879 | INFO     | [BATCH-693468] ↳ Frame 19/60: SAD (33.2%)
2026-05-22 19:24:54,959 | INFO     | [BATCH-693468] ↳ Frame 20/60: SAD (33.8%)
2026-05-22 19:24:55,030 | INFO     | [BATCH-693468] ↳ Frame 21/60: HAPPY (39.3%)
2026-05-22 19:24:55,102 | INFO     | [BATCH-693468] ↳ Frame 22/60: HAPPY (40.7%)
2026-05-22 19:24:55,168 | INFO     | [BATCH-693468] ↳ Frame 23/60: HAPPY (36.2%)
2026-05-22 19:24:55,235 | INFO     | [BATCH-693468] ↳ Frame 24/60: HAPPY (35.9%)
2026-05-22 19:24:55,299 | INFO     | [BATCH-693468] ↳ Frame 25/60: HAPPY (37.4%)
2026-05-22 19:24:55,369 | INFO     | [BATCH-693468] ↳ Frame 26/60: SAD (34.5%)
2026-05-22 19:24:55,461 | INFO     | [BATCH-693468] ↳ Frame 27/60: HAPPY (35.3%)
2026-05-22 19:24:55,539 | INFO     | [BATCH-693468] ↳ Frame 28/60: HAPPY (37.3%)
2026-05-22 19:24:55,599 | INFO     | [BATCH-693468] ↳ Frame 29/60: HAPPY (40.3%)
2026-05-22 19:24:55,662 | INFO     | [BATCH-693468] ↳ Frame 30/60: HAPPY (40.1%)
2026-05-22 19:24:55,725 | INFO     | [BATCH-693468] ↳ Frame 31/60: HAPPY (42.6%)
2026-05-22 19:24:55,783 | INFO     | [BATCH-693468] ↳ Frame 32/60: HAPPY (39.0%)
2026-05-22 19:24:55,849 | INFO     | [BATCH-693468] ↳ Frame 33/60: HAPPY (36.4%)
2026-05-22 19:24:55,927 | INFO     | [BATCH-693468] ↳ Frame 34/60: HAPPY (41.2%)
2026-05-22 19:24:56,018 | INFO     | [BATCH-693468] ↳ Frame 35/60: HAPPY (38.8%)
2026-05-22 19:24:56,099 | INFO     | [BATCH-693468] ↳ Frame 36/60: HAPPY (35.6%)
2026-05-22 19:24:56,162 | INFO     | [BATCH-693468] ↳ Frame 37/60: HAPPY (36.0%)
2026-05-22 19:24:56,223 | INFO     | [BATCH-693468] ↳ Frame 38/60: SAD (35.2%)
2026-05-22 19:24:56,282 | INFO     | [BATCH-693468] ↳ Frame 39/60: SAD (35.0%)
2026-05-22 19:24:56,339 | INFO     | [BATCH-693468] ↳ Frame 40/60: SAD (37.6%)
2026-05-22 19:24:56,396 | INFO     | [BATCH-693468] ↳ Frame 41/60: SAD (37.7%)
2026-05-22 19:24:56,461 | INFO     | [BATCH-693468] ↳ Frame 42/60: SAD (39.3%)
2026-05-22 19:24:56,530 | INFO     | [BATCH-693468] ↳ Frame 43/60: SAD (37.6%)
2026-05-22 19:24:56,592 | INFO     | [BATCH-693468] ↳ Frame 44/60: SAD (36.9%)
2026-05-22 19:24:56,647 | INFO     | [BATCH-693468] ↳ Frame 45/60: HAPPY (33.8%)
2026-05-22 19:24:56,712 | INFO     | [BATCH-693468] ↳ Frame 46/60: HAPPY (36.7%)
2026-05-22 19:24:56,783 | INFO     | [BATCH-693468] ↳ Frame 47/60: SAD (32.5%)
2026-05-22 19:24:56,848 | INFO     | [BATCH-693468] ↳ Frame 48/60: HAPPY (43.7%)
2026-05-22 19:24:56,914 | INFO     | [BATCH-693468] ↳ Frame 49/60: HAPPY (37.9%)
2026-05-22 19:24:56,971 | INFO     | [BATCH-693468] ↳ Frame 50/60: HAPPY (40.4%)
2026-05-22 19:24:57,030 | INFO     | [BATCH-693468] ↳ Frame 51/60: HAPPY (38.0%)
2026-05-22 19:24:57,093 | INFO     | [BATCH-693468] ↳ Frame 52/60: HAPPY (37.9%)
2026-05-22 19:24:57,150 | INFO     | [BATCH-693468] ↳ Frame 53/60: HAPPY (40.4%)
2026-05-22 19:24:57,212 | INFO     | [BATCH-693468] ↳ Frame 54/60: HAPPY (44.2%)
2026-05-22 19:24:57,276 | INFO     | [BATCH-693468] ↳ Frame 55/60: HAPPY (38.1%)
2026-05-22 19:24:57,335 | INFO     | [BATCH-693468] ↳ Frame 56/60: HAPPY (38.1%)
2026-05-22 19:24:57,405 | INFO     | [BATCH-693468] ↳ Frame 57/60: HAPPY (40.8%)
2026-05-22 19:24:57,464 | INFO     | [BATCH-693468] ↳ Frame 58/60: HAPPY (34.9%)
2026-05-22 19:24:57,528 | INFO     | [BATCH-693468] ↳ Frame 59/60: HAPPY (41.2%)
2026-05-22 19:24:57,583 | INFO     | [BATCH-693468] ↳ Frame 60/60: HAPPY (36.9%)
2026-05-22 19:24:57,583 | INFO     | [BATCH-693468] 🎯 KẾT QUẢ CHUỖI: HAPPY (Tần suất: {'HAPPY': 48, 'SAD': 12})
2026-05-22 19:24:57,583 | INFO     | [BATCH-693468] ⏱️ Tổng thời gian xử lý: 4115.47 ms
2026-05-22 19:25:06,474 | INFO     | [706474] ------------------------------------------
2026-05-22 19:25:06,474 | INFO     | [706474] 📥 NHẬN YÊU CẦU QUÉT KHUÔN MẶT MỚI
2026-05-22 19:25:06,475 | INFO     | [706474] Đã xử lý ảnh thành công. Kích thước tensor: (1, 48, 48, 1)
2026-05-22 19:25:06,537 | INFO     | [706474] 📊 Chi tiết dự đoán: {'ANGRY': 11.48, 'DISGUST': 0.13, 'FEAR': 6.23, 'HAPPY': 42.57, 'NEUTRAL': 20.99, 'SAD': 16.38, 'SURPRISE': 2.22}
2026-05-22 19:25:06,538 | INFO     | [706474] 🎯 KẾT QUẢ CHỐT: HAPPY (42.57%)
2026-05-22 19:25:06,538 | INFO     | [706474] ⏱️ Thời gian phản hồi: 62.93 ms
2026-05-22 19:25:06,543 | INFO     | [706543] ------------------------------------------
2026-05-22 19:25:06,543 | INFO     | [706543] 📥 NHẬN YÊU CẦU QUÉT KHUÔN MẶT MỚI
2026-05-22 19:25:06,544 | INFO     | [706543] Đã xử lý ảnh thành công. Kích thước tensor: (1, 48, 48, 1)
2026-05-22 19:25:06,611 | INFO     | [706543] 📊 Chi tiết dự đoán: {'ANGRY': 9.88, 'DISGUST': 0.11, 'FEAR': 4.05, 'HAPPY': 60.93, 'NEUTRAL': 13.93, 'SAD': 10.08, 'SURPRISE': 1.01}
2026-05-22 19:25:06,612 | INFO     | [706543] 🎯 KẾT QUẢ CHỐT: HAPPY (60.93%)
2026-05-22 19:25:06,612 | INFO     | [706543] ⏱️ Thời gian phản hồi: 67.39 ms
2026-05-22 19:25:06,614 | INFO     | [706614] ------------------------------------------
2026-05-22 19:25:06,614 | INFO     | [706614] 📥 NHẬN YÊU CẦU QUÉT KHUÔN MẶT MỚI
2026-05-22 19:25:06,615 | INFO     | [706614] Đã xử lý ảnh thành công. Kích thước tensor: (1, 48, 48, 1)
2026-05-22 19:25:06,678 | INFO     | [706614] 📊 Chi tiết dự đoán: {'ANGRY': 8.18, 'DISGUST': 0.2, 'FEAR': 6.16, 'HAPPY': 44.17, 'NEUTRAL': 20.21, 'SAD': 19.23, 'SURPRISE': 1.85}
2026-05-22 19:25:06,679 | INFO     | [706614] 🎯 KẾT QUẢ CHỐT: HAPPY (44.17%)
2026-05-22 19:25:06,679 | INFO     | [706614] ⏱️ Thời gian phản hồi: 64.48 ms
2026-05-22 19:25:06,696 | INFO     | [706696] ------------------------------------------
2026-05-22 19:25:06,697 | INFO     | [706696] 📥 NHẬN YÊU CẦU QUÉT KHUÔN MẶT MỚI
2026-05-22 19:25:06,697 | INFO     | [706696] Đã xử lý ảnh thành công. Kích thước tensor: (1, 48, 48, 1)
2026-05-22 19:25:06,774 | INFO     | [706696] 📊 Chi tiết dự đoán: {'ANGRY': 7.83, 'DISGUST': 0.17, 'FEAR': 5.03, 'HAPPY': 58.72, 'NEUTRAL': 13.14, 'SAD': 13.83, 'SURPRISE': 1.28}
2026-05-22 19:25:06,775 | INFO     | [706696] 🎯 KẾT QUẢ CHỐT: HAPPY (58.72%)
2026-05-22 19:25:06,775 | INFO     | [706696] ⏱️ Thời gian phản hồi: 77.15 ms
2026-05-22 19:25:06,802 | INFO     | [706802] ------------------------------------------
2026-05-22 19:25:06,803 | INFO     | [706802] 📥 NHẬN YÊU CẦU QUÉT KHUÔN MẶT MỚI
2026-05-22 19:25:06,803 | INFO     | [706802] Đã xử lý ảnh thành công. Kích thước tensor: (1, 48, 48, 1)
2026-05-22 19:25:06,870 | INFO     | [706802] 📊 Chi tiết dự đoán: {'ANGRY': 6.57, 'DISGUST': 0.24, 'FEAR': 7.87, 'HAPPY': 46.93, 'NEUTRAL': 14.68, 'SAD': 21.24, 'SURPRISE': 2.47}
2026-05-22 19:25:06,870 | INFO     | [706802] 🎯 KẾT QUẢ CHỐT: HAPPY (46.93%)
2026-05-22 19:25:06,870 | INFO     | [706802] ⏱️ Thời gian phản hồi: 68.31 ms
2026-05-22 19:25:06,896 | INFO     | [706896] ------------------------------------------
2026-05-22 19:25:06,896 | INFO     | [706896] 📥 NHẬN YÊU CẦU QUÉT KHUÔN MẶT MỚI
2026-05-22 19:25:06,897 | INFO     | [706896] Đã xử lý ảnh thành công. Kích thước tensor: (1, 48, 48, 1)
2026-05-22 19:25:06,974 | INFO     | [706896] 📊 Chi tiết dự đoán: {'ANGRY': 6.17, 'DISGUST': 0.11, 'FEAR': 5.87, 'HAPPY': 49.69, 'NEUTRAL': 16.78, 'SAD': 19.33, 'SURPRISE': 2.04}
2026-05-22 19:25:06,974 | INFO     | [706896] 🎯 KẾT QUẢ CHỐT: HAPPY (49.69%)
2026-05-22 19:25:06,974 | INFO     | [706896] ⏱️ Thời gian phản hồi: 77.2 ms
2026-05-22 19:25:07,006 | INFO     | [707006] ------------------------------------------
2026-05-22 19:25:07,007 | INFO     | [707006] 📥 NHẬN YÊU CẦU QUÉT KHUÔN MẶT MỚI
2026-05-22 19:25:07,008 | INFO     | [707006] Đã xử lý ảnh thành công. Kích thước tensor: (1, 48, 48, 1)
2026-05-22 19:25:07,068 | INFO     | [707006] 📊 Chi tiết dự đoán: {'ANGRY': 7.29, 'DISGUST': 0.13, 'FEAR': 8.9, 'HAPPY': 38.39, 'NEUTRAL': 18.2, 'SAD': 24.82, 'SURPRISE': 2.27}
2026-05-22 19:25:07,069 | INFO     | [707006] 🎯 KẾT QUẢ CHỐT: HAPPY (38.39%)
2026-05-22 19:25:07,069 | INFO     | [707006] ⏱️ Thời gian phản hồi: 61.89 ms
2026-05-22 19:25:07,098 | INFO     | [707098] ------------------------------------------
2026-05-22 19:25:07,098 | INFO     | [707098] 📥 NHẬN YÊU CẦU QUÉT KHUÔN MẶT MỚI
2026-05-22 19:25:07,099 | INFO     | [707098] Đã xử lý ảnh thành công. Kích thước tensor: (1, 48, 48, 1)
2026-05-22 19:25:07,167 | INFO     | [707098] 📊 Chi tiết dự đoán: {'ANGRY': 6.7, 'DISGUST': 0.12, 'FEAR': 6.65, 'HAPPY': 46.11, 'NEUTRAL': 16.83, 'SAD': 21.97, 'SURPRISE': 1.61}
2026-05-22 19:25:07,167 | INFO     | [707098] 🎯 KẾT QUẢ CHỐT: HAPPY (46.11%)
2026-05-22 19:25:07,167 | INFO     | [707098] ⏱️ Thời gian phản hồi: 67.64 ms
2026-05-22 19:25:07,205 | INFO     | [707205] ------------------------------------------
2026-05-22 19:25:07,205 | INFO     | [707205] 📥 NHẬN YÊU CẦU QUÉT KHUÔN MẶT MỚI
2026-05-22 19:25:07,206 | INFO     | [707205] Đã xử lý ảnh thành công. Kích thước tensor: (1, 48, 48, 1)
2026-05-22 19:25:07,265 | INFO     | [707205] 📊 Chi tiết dự đoán: {'ANGRY': 7.96, 'DISGUST': 0.12, 'FEAR': 9.68, 'HAPPY': 27.37, 'NEUTRAL': 23.71, 'SAD': 29.64, 'SURPRISE': 1.51}
2026-05-22 19:25:07,266 | INFO     | [707205] 🎯 KẾT QUẢ CHỐT: SAD (29.64%)
2026-05-22 19:25:07,266 | INFO     | [707205] ⏱️ Thời gian phản hồi: 59.72 ms
2026-05-22 19:25:07,299 | INFO     | [707299] ------------------------------------------
2026-05-22 19:25:07,300 | INFO     | [707299] 📥 NHẬN YÊU CẦU QUÉT KHUÔN MẶT MỚI
2026-05-22 19:25:07,301 | INFO     | [707299] Đã xử lý ảnh thành công. Kích thước tensor: (1, 48, 48, 1)
2026-05-22 19:25:07,363 | INFO     | [707299] 📊 Chi tiết dự đoán: {'ANGRY': 8.98, 'DISGUST': 0.12, 'FEAR': 9.65, 'HAPPY': 27.0, 'NEUTRAL': 23.75, 'SAD': 29.21, 'SURPRISE': 1.3}
2026-05-22 19:25:07,363 | INFO     | [707299] 🎯 KẾT QUẢ CHỐT: SAD (29.21%)
2026-05-22 19:25:07,363 | INFO     | [707299] ⏱️ Thời gian phản hồi: 64.18 ms
2026-05-22 19:25:07,409 | INFO     | [707409] ------------------------------------------
2026-05-22 19:25:07,409 | INFO     | [707409] 📥 NHẬN YÊU CẦU QUÉT KHUÔN MẶT MỚI
2026-05-22 19:25:07,410 | INFO     | [707409] Đã xử lý ảnh thành công. Kích thước tensor: (1, 48, 48, 1)
2026-05-22 19:25:07,466 | INFO     | [707409] 📊 Chi tiết dự đoán: {'ANGRY': 8.53, 'DISGUST': 0.15, 'FEAR': 11.99, 'HAPPY': 24.44, 'NEUTRAL': 22.8, 'SAD': 30.1, 'SURPRISE': 1.99}
2026-05-22 19:25:07,466 | INFO     | [707409] 🎯 KẾT QUẢ CHỐT: SAD (30.10%)
2026-05-22 19:25:07,467 | INFO     | [707409] ⏱️ Thời gian phản hồi: 56.12 ms
2026-05-22 19:25:07,502 | INFO     | [707502] ------------------------------------------
2026-05-22 19:25:07,502 | INFO     | [707502] 📥 NHẬN YÊU CẦU QUÉT KHUÔN MẶT MỚI
2026-05-22 19:25:07,503 | INFO     | [707502] Đã xử lý ảnh thành công. Kích thước tensor: (1, 48, 48, 1)
2026-05-22 19:25:07,566 | INFO     | [707502] 📊 Chi tiết dự đoán: {'ANGRY': 8.88, 'DISGUST': 0.16, 'FEAR': 9.88, 'HAPPY': 29.52, 'NEUTRAL': 25.15, 'SAD': 24.6, 'SURPRISE': 1.81}
2026-05-22 19:25:07,566 | INFO     | [707502] 🎯 KẾT QUẢ CHỐT: HAPPY (29.52%)
2026-05-22 19:25:07,566 | INFO     | [707502] ⏱️ Thời gian phản hồi: 64.61 ms
2026-05-22 19:25:07,610 | INFO     | [707610] ------------------------------------------
2026-05-22 19:25:07,611 | INFO     | [707610] 📥 NHẬN YÊU CẦU QUÉT KHUÔN MẶT MỚI
2026-05-22 19:25:07,611 | INFO     | [707610] Đã xử lý ảnh thành công. Kích thước tensor: (1, 48, 48, 1)
2026-05-22 19:25:07,669 | INFO     | [707610] 📊 Chi tiết dự đoán: {'ANGRY': 7.23, 'DISGUST': 0.15, 'FEAR': 9.16, 'HAPPY': 29.61, 'NEUTRAL': 25.47, 'SAD': 27.0, 'SURPRISE': 1.38}
2026-05-22 19:25:07,669 | INFO     | [707610] 🎯 KẾT QUẢ CHỐT: HAPPY (29.61%)
2026-05-22 19:25:07,669 | INFO     | [707610] ⏱️ Thời gian phản hồi: 59.58 ms
2026-05-22 19:25:07,705 | INFO     | [707705] ------------------------------------------
2026-05-22 19:25:07,706 | INFO     | [707705] 📥 NHẬN YÊU CẦU QUÉT KHUÔN MẶT MỚI
2026-05-22 19:25:07,707 | INFO     | [707705] Đã xử lý ảnh thành công. Kích thước tensor: (1, 48, 48, 1)
2026-05-22 19:25:07,773 | INFO     | [707705] 📊 Chi tiết dự đoán: {'ANGRY': 9.01, 'DISGUST': 0.14, 'FEAR': 9.35, 'HAPPY': 25.57, 'NEUTRAL': 27.64, 'SAD': 26.96, 'SURPRISE': 1.33}
2026-05-22 19:25:07,773 | INFO     | [707705] 🎯 KẾT QUẢ CHỐT: NEUTRAL (27.64%)
2026-05-22 19:25:07,774 | INFO     | [707705] ⏱️ Thời gian phản hồi: 68.68 ms
2026-05-22 19:25:07,794 | INFO     | [707794] ------------------------------------------
2026-05-22 19:25:07,796 | INFO     | [707794] 📥 NHẬN YÊU CẦU QUÉT KHUÔN MẶT MỚI
2026-05-22 19:25:07,796 | INFO     | [707794] Đã xử lý ảnh thành công. Kích thước tensor: (1, 48, 48, 1)
2026-05-22 19:25:07,864 | INFO     | [707794] 📊 Chi tiết dự đoán: {'ANGRY': 7.65, 'DISGUST': 0.11, 'FEAR': 9.81, 'HAPPY': 24.37, 'NEUTRAL': 27.13, 'SAD': 29.42, 'SURPRISE': 1.5}
2026-05-22 19:25:07,864 | INFO     | [707794] 🎯 KẾT QUẢ CHỐT: SAD (29.42%)
2026-05-22 19:25:07,864 | INFO     | [707794] ⏱️ Thời gian phản hồi: 69.84 ms
2026-05-22 19:25:07,903 | INFO     | [707903] ------------------------------------------
2026-05-22 19:25:07,904 | INFO     | [707903] 📥 NHẬN YÊU CẦU QUÉT KHUÔN MẶT MỚI
2026-05-22 19:25:07,904 | INFO     | [707903] Đã xử lý ảnh thành công. Kích thước tensor: (1, 48, 48, 1)
2026-05-22 19:25:07,962 | INFO     | [707903] 📊 Chi tiết dự đoán: {'ANGRY': 7.5, 'DISGUST': 0.12, 'FEAR': 8.73, 'HAPPY': 20.09, 'NEUTRAL': 28.66, 'SAD': 33.77, 'SURPRISE': 1.13}
2026-05-22 19:25:07,963 | INFO     | [707903] 🎯 KẾT QUẢ CHỐT: SAD (33.77%)
2026-05-22 19:25:07,963 | INFO     | [707903] ⏱️ Thời gian phản hồi: 58.93 ms
2026-05-22 19:25:07,997 | INFO     | [707997] ------------------------------------------
2026-05-22 19:25:07,997 | INFO     | [707997] 📥 NHẬN YÊU CẦU QUÉT KHUÔN MẶT MỚI
2026-05-22 19:25:07,998 | INFO     | [707997] Đã xử lý ảnh thành công. Kích thước tensor: (1, 48, 48, 1)
2026-05-22 19:25:08,069 | INFO     | [707997] 📊 Chi tiết dự đoán: {'ANGRY': 7.14, 'DISGUST': 0.13, 'FEAR': 8.82, 'HAPPY': 22.49, 'NEUTRAL': 27.23, 'SAD': 33.11, 'SURPRISE': 1.08}
2026-05-22 19:25:08,069 | INFO     | [707997] 🎯 KẾT QUẢ CHỐT: SAD (33.11%)
2026-05-22 19:25:08,069 | INFO     | [707997] ⏱️ Thời gian phản hồi: 72.57 ms
2026-05-22 19:25:08,107 | INFO     | [708107] ------------------------------------------
2026-05-22 19:25:08,107 | INFO     | [708107] 📥 NHẬN YÊU CẦU QUÉT KHUÔN MẶT MỚI
2026-05-22 19:25:08,108 | INFO     | [708107] Đã xử lý ảnh thành công. Kích thước tensor: (1, 48, 48, 1)
2026-05-22 19:25:08,170 | INFO     | [708107] 📊 Chi tiết dự đoán: {'ANGRY': 8.67, 'DISGUST': 0.16, 'FEAR': 9.56, 'HAPPY': 26.98, 'NEUTRAL': 24.72, 'SAD': 28.27, 'SURPRISE': 1.65}
2026-05-22 19:25:08,170 | INFO     | [708107] 🎯 KẾT QUẢ CHỐT: SAD (28.27%)
2026-05-22 19:25:08,170 | INFO     | [708107] ⏱️ Thời gian phản hồi: 62.63 ms
2026-05-22 19:25:08,205 | INFO     | [708205] ------------------------------------------
2026-05-22 19:25:08,206 | INFO     | [708205] 📥 NHẬN YÊU CẦU QUÉT KHUÔN MẶT MỚI
2026-05-22 19:25:08,208 | INFO     | [708205] Đã xử lý ảnh thành công. Kích thước tensor: (1, 48, 48, 1)
2026-05-22 19:25:08,295 | INFO     | [708205] 📊 Chi tiết dự đoán: {'ANGRY': 8.03, 'DISGUST': 0.15, 'FEAR': 8.84, 'HAPPY': 24.84, 'NEUTRAL': 25.94, 'SAD': 30.93, 'SURPRISE': 1.27}
2026-05-22 19:25:08,295 | INFO     | [708205] 🎯 KẾT QUẢ CHỐT: SAD (30.93%)
2026-05-22 19:25:08,295 | INFO     | [708205] ⏱️ Thời gian phản hồi: 90.21 ms
2026-05-22 19:25:08,298 | INFO     | [708298] ------------------------------------------
2026-05-22 19:25:08,298 | INFO     | [708298] 📥 NHẬN YÊU CẦU QUÉT KHUÔN MẶT MỚI
2026-05-22 19:25:08,299 | INFO     | [708298] Đã xử lý ảnh thành công. Kích thước tensor: (1, 48, 48, 1)
2026-05-22 19:25:08,371 | INFO     | [708298] 📊 Chi tiết dự đoán: {'ANGRY': 6.34, 'DISGUST': 0.11, 'FEAR': 6.18, 'HAPPY': 36.37, 'NEUTRAL': 25.49, 'SAD': 24.75, 'SURPRISE': 0.77}
2026-05-22 19:25:08,371 | INFO     | [708298] 🎯 KẾT QUẢ CHỐT: HAPPY (36.37%)
2026-05-22 19:25:08,371 | INFO     | [708298] ⏱️ Thời gian phản hồi: 73.75 ms
2026-05-22 19:25:08,403 | INFO     | [708403] ------------------------------------------
2026-05-22 19:25:08,403 | INFO     | [708403] 📥 NHẬN YÊU CẦU QUÉT KHUÔN MẶT MỚI
2026-05-22 19:25:08,404 | INFO     | [708403] Đã xử lý ảnh thành công. Kích thước tensor: (1, 48, 48, 1)
2026-05-22 19:25:08,497 | INFO     | [708403] 📊 Chi tiết dự đoán: {'ANGRY': 6.75, 'DISGUST': 0.14, 'FEAR': 6.9, 'HAPPY': 34.51, 'NEUTRAL': 24.13, 'SAD': 26.51, 'SURPRISE': 1.06}
2026-05-22 19:25:08,497 | INFO     | [708403] 🎯 KẾT QUẢ CHỐT: HAPPY (34.51%)
2026-05-22 19:25:08,497 | INFO     | [708403] ⏱️ Thời gian phản hồi: 93.76 ms
2026-05-22 19:25:08,512 | INFO     | [708512] ------------------------------------------
2026-05-22 19:25:08,512 | INFO     | [708512] 📥 NHẬN YÊU CẦU QUÉT KHUÔN MẶT MỚI
2026-05-22 19:25:08,514 | INFO     | [708512] Đã xử lý ảnh thành công. Kích thước tensor: (1, 48, 48, 1)
2026-05-22 19:25:08,593 | INFO     | [708512] 📊 Chi tiết dự đoán: {'ANGRY': 7.76, 'DISGUST': 0.17, 'FEAR': 7.28, 'HAPPY': 40.47, 'NEUTRAL': 21.75, 'SAD': 21.32, 'SURPRISE': 1.25}
2026-05-22 19:25:08,593 | INFO     | [708512] 🎯 KẾT QUẢ CHỐT: HAPPY (40.47%)
2026-05-22 19:25:08,593 | INFO     | [708512] ⏱️ Thời gian phản hồi: 80.73 ms
2026-05-22 19:25:08,606 | INFO     | [708606] ------------------------------------------
2026-05-22 19:25:08,606 | INFO     | [708606] 📥 NHẬN YÊU CẦU QUÉT KHUÔN MẶT MỚI
2026-05-22 19:25:08,607 | INFO     | [708606] Đã xử lý ảnh thành công. Kích thước tensor: (1, 48, 48, 1)
2026-05-22 19:25:08,670 | INFO     | [708606] 📊 Chi tiết dự đoán: {'ANGRY': 8.09, 'DISGUST': 0.12, 'FEAR': 7.51, 'HAPPY': 33.23, 'NEUTRAL': 22.46, 'SAD': 27.63, 'SURPRISE': 0.96}
2026-05-22 19:25:08,670 | INFO     | [708606] 🎯 KẾT QUẢ CHỐT: HAPPY (33.23%)
2026-05-22 19:25:08,670 | INFO     | [708606] ⏱️ Thời gian phản hồi: 63.88 ms
2026-05-22 19:25:08,717 | INFO     | [708717] ------------------------------------------
2026-05-22 19:25:08,717 | INFO     | [708717] 📥 NHẬN YÊU CẦU QUÉT KHUÔN MẶT MỚI
2026-05-22 19:25:08,718 | INFO     | [708717] Đã xử lý ảnh thành công. Kích thước tensor: (1, 48, 48, 1)
2026-05-22 19:25:08,803 | INFO     | [708717] 📊 Chi tiết dự đoán: {'ANGRY': 7.47, 'DISGUST': 0.14, 'FEAR': 7.49, 'HAPPY': 28.27, 'NEUTRAL': 24.71, 'SAD': 31.11, 'SURPRISE': 0.81}
2026-05-22 19:25:08,803 | INFO     | [708717] 🎯 KẾT QUẢ CHỐT: SAD (31.11%)
2026-05-22 19:25:08,803 | INFO     | [708717] ⏱️ Thời gian phản hồi: 86.6 ms
2026-05-22 19:25:08,810 | INFO     | [708810] ------------------------------------------
2026-05-22 19:25:08,810 | INFO     | [708810] 📥 NHẬN YÊU CẦU QUÉT KHUÔN MẶT MỚI
2026-05-22 19:25:08,812 | INFO     | [708810] Đã xử lý ảnh thành công. Kích thước tensor: (1, 48, 48, 1)
2026-05-22 19:25:08,888 | INFO     | [708810] 📊 Chi tiết dự đoán: {'ANGRY': 7.64, 'DISGUST': 0.15, 'FEAR': 8.0, 'HAPPY': 30.64, 'NEUTRAL': 23.58, 'SAD': 28.84, 'SURPRISE': 1.16}
2026-05-22 19:25:08,888 | INFO     | [708810] 🎯 KẾT QUẢ CHỐT: HAPPY (30.64%)
2026-05-22 19:25:08,888 | INFO     | [708810] ⏱️ Thời gian phản hồi: 76.1 ms
2026-05-22 19:25:08,904 | INFO     | [708904] ------------------------------------------
2026-05-22 19:25:08,904 | INFO     | [708904] 📥 NHẬN YÊU CẦU QUÉT KHUÔN MẶT MỚI
2026-05-22 19:25:08,906 | INFO     | [708904] Đã xử lý ảnh thành công. Kích thước tensor: (1, 48, 48, 1)
2026-05-22 19:25:08,973 | INFO     | [708904] 📊 Chi tiết dự đoán: {'ANGRY': 8.15, 'DISGUST': 0.15, 'FEAR': 8.61, 'HAPPY': 30.02, 'NEUTRAL': 24.3, 'SAD': 27.37, 'SURPRISE': 1.4}
2026-05-22 19:25:08,974 | INFO     | [708904] 🎯 KẾT QUẢ CHỐT: HAPPY (30.02%)
2026-05-22 19:25:08,974 | INFO     | [708904] ⏱️ Thời gian phản hồi: 68.68 ms
2026-05-22 19:25:09,014 | INFO     | [709014] ------------------------------------------
2026-05-22 19:25:09,014 | INFO     | [709014] 📥 NHẬN YÊU CẦU QUÉT KHUÔN MẶT MỚI
2026-05-22 19:25:09,014 | INFO     | [709014] Đã xử lý ảnh thành công. Kích thước tensor: (1, 48, 48, 1)
2026-05-22 19:25:09,071 | INFO     | [709014] 📊 Chi tiết dự đoán: {'ANGRY': 8.35, 'DISGUST': 0.13, 'FEAR': 7.98, 'HAPPY': 31.72, 'NEUTRAL': 25.35, 'SAD': 24.98, 'SURPRISE': 1.49}
2026-05-22 19:25:09,072 | INFO     | [709014] 🎯 KẾT QUẢ CHỐT: HAPPY (31.72%)
2026-05-22 19:25:09,072 | INFO     | [709014] ⏱️ Thời gian phản hồi: 56.66 ms
2026-05-22 19:25:09,105 | INFO     | [709105] ------------------------------------------
2026-05-22 19:25:09,105 | INFO     | [709105] 📥 NHẬN YÊU CẦU QUÉT KHUÔN MẶT MỚI
2026-05-22 19:25:09,107 | INFO     | [709105] Đã xử lý ảnh thành công. Kích thước tensor: (1, 48, 48, 1)
2026-05-22 19:25:09,170 | INFO     | [709105] 📊 Chi tiết dự đoán: {'ANGRY': 6.05, 'DISGUST': 0.1, 'FEAR': 5.87, 'HAPPY': 40.14, 'NEUTRAL': 24.65, 'SAD': 22.36, 'SURPRISE': 0.83}
2026-05-22 19:25:09,170 | INFO     | [709105] 🎯 KẾT QUẢ CHỐT: HAPPY (40.14%)
2026-05-22 19:25:09,170 | INFO     | [709105] ⏱️ Thời gian phản hồi: 65.01 ms
2026-05-22 19:25:09,216 | INFO     | [709214] ------------------------------------------
2026-05-22 19:25:09,216 | INFO     | [709214] 📥 NHẬN YÊU CẦU QUÉT KHUÔN MẶT MỚI
2026-05-22 19:25:09,217 | INFO     | [709214] Đã xử lý ảnh thành công. Kích thước tensor: (1, 48, 48, 1)
2026-05-22 19:25:09,294 | INFO     | [709214] 📊 Chi tiết dự đoán: {'ANGRY': 7.26, 'DISGUST': 0.13, 'FEAR': 7.14, 'HAPPY': 31.36, 'NEUTRAL': 26.91, 'SAD': 26.07, 'SURPRISE': 1.13}
2026-05-22 19:25:09,295 | INFO     | [709214] 🎯 KẾT QUẢ CHỐT: HAPPY (31.36%)
2026-05-22 19:25:09,295 | INFO     | [709214] ⏱️ Thời gian phản hồi: 79.82 ms
2026-05-22 19:25:09,309 | INFO     | [709309] ------------------------------------------
2026-05-22 19:25:09,309 | INFO     | [709309] 📥 NHẬN YÊU CẦU QUÉT KHUÔN MẶT MỚI
2026-05-22 19:25:09,310 | INFO     | [709309] Đã xử lý ảnh thành công. Kích thước tensor: (1, 48, 48, 1)
2026-05-22 19:25:09,380 | INFO     | [709309] 📊 Chi tiết dự đoán: {'ANGRY': 7.23, 'DISGUST': 0.15, 'FEAR': 7.4, 'HAPPY': 28.02, 'NEUTRAL': 28.02, 'SAD': 27.82, 'SURPRISE': 1.36}
2026-05-22 19:25:09,380 | INFO     | [709309] 🎯 KẾT QUẢ CHỐT: HAPPY (28.02%)
2026-05-22 19:25:09,380 | INFO     | [709309] ⏱️ Thời gian phản hồi: 71.3 ms
2026-05-22 19:25:09,403 | INFO     | [709403] ------------------------------------------
2026-05-22 19:25:09,404 | INFO     | [709403] 📥 NHẬN YÊU CẦU QUÉT KHUÔN MẶT MỚI
2026-05-22 19:25:09,405 | INFO     | [709403] Đã xử lý ảnh thành công. Kích thước tensor: (1, 48, 48, 1)
2026-05-22 19:25:09,475 | INFO     | [709403] 📊 Chi tiết dự đoán: {'ANGRY': 8.32, 'DISGUST': 0.18, 'FEAR': 8.51, 'HAPPY': 30.85, 'NEUTRAL': 24.29, 'SAD': 25.98, 'SURPRISE': 1.88}
2026-05-22 19:25:09,475 | INFO     | [709403] 🎯 KẾT QUẢ CHỐT: HAPPY (30.85%)
2026-05-22 19:25:09,475 | INFO     | [709403] ⏱️ Thời gian phản hồi: 72.34 ms
2026-05-22 19:25:09,511 | INFO     | [709511] ------------------------------------------
2026-05-22 19:25:09,511 | INFO     | [709511] 📥 NHẬN YÊU CẦU QUÉT KHUÔN MẶT MỚI
2026-05-22 19:25:09,511 | INFO     | [709511] Đã xử lý ảnh thành công. Kích thước tensor: (1, 48, 48, 1)
2026-05-22 19:25:09,582 | INFO     | [709511] 📊 Chi tiết dự đoán: {'ANGRY': 7.69, 'DISGUST': 0.17, 'FEAR': 8.67, 'HAPPY': 27.43, 'NEUTRAL': 26.68, 'SAD': 27.61, 'SURPRISE': 1.75}
2026-05-22 19:25:09,582 | INFO     | [709511] 🎯 KẾT QUẢ CHỐT: SAD (27.61%)
2026-05-22 19:25:09,582 | INFO     | [709511] ⏱️ Thời gian phản hồi: 70.62 ms
2026-05-22 19:25:09,604 | INFO     | [709604] ------------------------------------------
2026-05-22 19:25:09,604 | INFO     | [709604] 📥 NHẬN YÊU CẦU QUÉT KHUÔN MẶT MỚI
2026-05-22 19:25:09,605 | INFO     | [709604] Đã xử lý ảnh thành công. Kích thước tensor: (1, 48, 48, 1)
2026-05-22 19:25:09,663 | INFO     | [709604] 📊 Chi tiết dự đoán: {'ANGRY': 9.02, 'DISGUST': 0.17, 'FEAR': 7.85, 'HAPPY': 28.07, 'NEUTRAL': 26.36, 'SAD': 27.38, 'SURPRISE': 1.16}
2026-05-22 19:25:09,663 | INFO     | [709604] 🎯 KẾT QUẢ CHỐT: HAPPY (28.07%)
2026-05-22 19:25:09,663 | INFO     | [709604] ⏱️ Thời gian phản hồi: 58.75 ms
2026-05-22 19:25:09,713 | INFO     | [709713] ------------------------------------------
2026-05-22 19:25:09,713 | INFO     | [709713] 📥 NHẬN YÊU CẦU QUÉT KHUÔN MẶT MỚI
2026-05-22 19:25:09,714 | INFO     | [709713] Đã xử lý ảnh thành công. Kích thước tensor: (1, 48, 48, 1)
2026-05-22 19:25:09,780 | INFO     | [709713] 📊 Chi tiết dự đoán: {'ANGRY': 8.17, 'DISGUST': 0.21, 'FEAR': 7.68, 'HAPPY': 27.61, 'NEUTRAL': 24.75, 'SAD': 30.48, 'SURPRISE': 1.11}
2026-05-22 19:25:09,780 | INFO     | [709713] 🎯 KẾT QUẢ CHỐT: SAD (30.48%)
2026-05-22 19:25:09,781 | INFO     | [709713] ⏱️ Thời gian phản hồi: 66.94 ms
2026-05-22 19:25:09,807 | INFO     | [709807] ------------------------------------------
2026-05-22 19:25:09,807 | INFO     | [709807] 📥 NHẬN YÊU CẦU QUÉT KHUÔN MẶT MỚI
2026-05-22 19:25:09,807 | INFO     | [709807] Đã xử lý ảnh thành công. Kích thước tensor: (1, 48, 48, 1)
2026-05-22 19:25:09,873 | INFO     | [709807] 📊 Chi tiết dự đoán: {'ANGRY': 8.03, 'DISGUST': 0.2, 'FEAR': 8.52, 'HAPPY': 22.99, 'NEUTRAL': 27.61, 'SAD': 31.39, 'SURPRISE': 1.27}
2026-05-22 19:25:09,873 | INFO     | [709807] 🎯 KẾT QUẢ CHỐT: SAD (31.39%)
2026-05-22 19:25:09,873 | INFO     | [709807] ⏱️ Thời gian phản hồi: 65.96 ms
2026-05-22 19:25:09,899 | INFO     | [709899] ------------------------------------------
2026-05-22 19:25:09,899 | INFO     | [709899] 📥 NHẬN YÊU CẦU QUÉT KHUÔN MẶT MỚI
2026-05-22 19:25:09,901 | INFO     | [709899] Đã xử lý ảnh thành công. Kích thước tensor: (1, 48, 48, 1)
2026-05-22 19:25:09,962 | INFO     | [709899] 📊 Chi tiết dự đoán: {'ANGRY': 8.1, 'DISGUST': 0.17, 'FEAR': 8.94, 'HAPPY': 21.92, 'NEUTRAL': 29.8, 'SAD': 29.34, 'SURPRISE': 1.74}
2026-05-22 19:25:09,962 | INFO     | [709899] 🎯 KẾT QUẢ CHỐT: NEUTRAL (29.80%)
2026-05-22 19:25:09,962 | INFO     | [709899] ⏱️ Thời gian phản hồi: 63.24 ms
2026-05-22 19:25:10,009 | INFO     | [710009] ------------------------------------------
2026-05-22 19:25:10,009 | INFO     | [710009] 📥 NHẬN YÊU CẦU QUÉT KHUÔN MẶT MỚI
2026-05-22 19:25:10,009 | INFO     | [710009] Đã xử lý ảnh thành công. Kích thước tensor: (1, 48, 48, 1)
2026-05-22 19:25:10,061 | INFO     | [710009] 📊 Chi tiết dự đoán: {'ANGRY': 7.55, 'DISGUST': 0.16, 'FEAR': 9.38, 'HAPPY': 19.36, 'NEUTRAL': 28.95, 'SAD': 33.18, 'SURPRISE': 1.42}
2026-05-22 19:25:10,062 | INFO     | [710009] 🎯 KẾT QUẢ CHỐT: SAD (33.18%)
2026-05-22 19:25:10,062 | INFO     | [710009] ⏱️ Thời gian phản hồi: 52.34 ms
2026-05-22 19:25:10,102 | INFO     | [710102] ------------------------------------------
2026-05-22 19:25:10,102 | INFO     | [710102] 📥 NHẬN YÊU CẦU QUÉT KHUÔN MẶT MỚI
2026-05-22 19:25:10,103 | INFO     | [710102] Đã xử lý ảnh thành công. Kích thước tensor: (1, 48, 48, 1)
2026-05-22 19:25:10,172 | INFO     | [710102] 📊 Chi tiết dự đoán: {'ANGRY': 8.23, 'DISGUST': 0.18, 'FEAR': 9.71, 'HAPPY': 21.63, 'NEUTRAL': 27.05, 'SAD': 31.71, 'SURPRISE': 1.49}
2026-05-22 19:25:10,173 | INFO     | [710102] 🎯 KẾT QUẢ CHỐT: SAD (31.71%)
2026-05-22 19:25:10,173 | INFO     | [710102] ⏱️ Thời gian phản hồi: 69.91 ms
2026-05-22 19:25:10,198 | INFO     | [710198] ------------------------------------------
2026-05-22 19:25:10,198 | INFO     | [710198] 📥 NHẬN YÊU CẦU QUÉT KHUÔN MẶT MỚI
2026-05-22 19:25:10,199 | INFO     | [710198] Đã xử lý ảnh thành công. Kích thước tensor: (1, 48, 48, 1)
2026-05-22 19:25:10,272 | INFO     | [710198] 📊 Chi tiết dự đoán: {'ANGRY': 8.84, 'DISGUST': 0.18, 'FEAR': 9.59, 'HAPPY': 24.84, 'NEUTRAL': 24.64, 'SAD': 30.71, 'SURPRISE': 1.21}
2026-05-22 19:25:10,272 | INFO     | [710198] 🎯 KẾT QUẢ CHỐT: SAD (30.71%)
2026-05-22 19:25:10,272 | INFO     | [710198] ⏱️ Thời gian phản hồi: 74.04 ms
2026-05-22 19:25:10,307 | INFO     | [710307] ------------------------------------------
2026-05-22 19:25:10,307 | INFO     | [710307] 📥 NHẬN YÊU CẦU QUÉT KHUÔN MẶT MỚI
2026-05-22 19:25:10,308 | INFO     | [710307] Đã xử lý ảnh thành công. Kích thước tensor: (1, 48, 48, 1)
2026-05-22 19:25:10,381 | INFO     | [710307] 📊 Chi tiết dự đoán: {'ANGRY': 8.67, 'DISGUST': 0.18, 'FEAR': 10.02, 'HAPPY': 19.83, 'NEUTRAL': 26.24, 'SAD': 33.61, 'SURPRISE': 1.45}
2026-05-22 19:25:10,381 | INFO     | [710307] 🎯 KẾT QUẢ CHỐT: SAD (33.61%)
2026-05-22 19:25:10,381 | INFO     | [710307] ⏱️ Thời gian phản hồi: 73.79 ms
2026-05-22 19:25:10,399 | INFO     | [710399] ------------------------------------------
2026-05-22 19:25:10,400 | INFO     | [710399] 📥 NHẬN YÊU CẦU QUÉT KHUÔN MẶT MỚI
2026-05-22 19:25:10,400 | INFO     | [710399] Đã xử lý ảnh thành công. Kích thước tensor: (1, 48, 48, 1)
2026-05-22 19:25:10,465 | INFO     | [710399] 📊 Chi tiết dự đoán: {'ANGRY': 8.84, 'DISGUST': 0.18, 'FEAR': 10.33, 'HAPPY': 22.22, 'NEUTRAL': 24.15, 'SAD': 32.69, 'SURPRISE': 1.58}
2026-05-22 19:25:10,465 | INFO     | [710399] 🎯 KẾT QUẢ CHỐT: SAD (32.69%)
2026-05-22 19:25:10,465 | INFO     | [710399] ⏱️ Thời gian phản hồi: 65.35 ms
2026-05-22 19:25:10,495 | INFO     | [710495] ------------------------------------------
2026-05-22 19:25:10,495 | INFO     | [710495] 📥 NHẬN YÊU CẦU QUÉT KHUÔN MẶT MỚI
2026-05-22 19:25:10,496 | INFO     | [710495] Đã xử lý ảnh thành công. Kích thước tensor: (1, 48, 48, 1)
2026-05-22 19:25:10,552 | INFO     | [710495] 📊 Chi tiết dự đoán: {'ANGRY': 7.74, 'DISGUST': 0.21, 'FEAR': 10.69, 'HAPPY': 19.65, 'NEUTRAL': 25.7, 'SAD': 34.41, 'SURPRISE': 1.6}
2026-05-22 19:25:10,552 | INFO     | [710495] 🎯 KẾT QUẢ CHỐT: SAD (34.41%)
2026-05-22 19:25:10,552 | INFO     | [710495] ⏱️ Thời gian phản hồi: 57.04 ms
2026-05-22 19:25:10,605 | INFO     | [710605] ------------------------------------------
2026-05-22 19:25:10,605 | INFO     | [710605] 📥 NHẬN YÊU CẦU QUÉT KHUÔN MẶT MỚI
2026-05-22 19:25:10,606 | INFO     | [710605] Đã xử lý ảnh thành công. Kích thước tensor: (1, 48, 48, 1)
2026-05-22 19:25:10,692 | INFO     | [710605] 📊 Chi tiết dự đoán: {'ANGRY': 8.26, 'DISGUST': 0.2, 'FEAR': 11.02, 'HAPPY': 28.31, 'NEUTRAL': 20.19, 'SAD': 29.8, 'SURPRISE': 2.21}
2026-05-22 19:25:10,692 | INFO     | [710605] 🎯 KẾT QUẢ CHỐT: SAD (29.80%)
2026-05-22 19:25:10,692 | INFO     | [710605] ⏱️ Thời gian phản hồi: 86.92 ms
2026-05-22 19:25:10,695 | INFO     | [710695] ------------------------------------------
2026-05-22 19:25:10,697 | INFO     | [710695] 📥 NHẬN YÊU CẦU QUÉT KHUÔN MẶT MỚI
2026-05-22 19:25:10,697 | INFO     | [710695] Đã xử lý ảnh thành công. Kích thước tensor: (1, 48, 48, 1)
2026-05-22 19:25:10,776 | INFO     | [710695] 📊 Chi tiết dự đoán: {'ANGRY': 8.81, 'DISGUST': 0.22, 'FEAR': 10.3, 'HAPPY': 25.58, 'NEUTRAL': 20.6, 'SAD': 32.62, 'SURPRISE': 1.86}
2026-05-22 19:25:10,777 | INFO     | [710695] 🎯 KẾT QUẢ CHỐT: SAD (32.62%)
2026-05-22 19:25:10,777 | INFO     | [710695] ⏱️ Thời gian phản hồi: 80.39 ms
2026-05-22 19:25:10,804 | INFO     | [710804] ------------------------------------------
2026-05-22 19:25:10,805 | INFO     | [710804] 📥 NHẬN YÊU CẦU QUÉT KHUÔN MẶT MỚI
2026-05-22 19:25:10,806 | INFO     | [710804] Đã xử lý ảnh thành công. Kích thước tensor: (1, 48, 48, 1)
2026-05-22 19:25:10,866 | INFO     | [710804] 📊 Chi tiết dự đoán: {'ANGRY': 8.2, 'DISGUST': 0.23, 'FEAR': 11.27, 'HAPPY': 21.71, 'NEUTRAL': 22.69, 'SAD': 33.59, 'SURPRISE': 2.31}
2026-05-22 19:25:10,866 | INFO     | [710804] 🎯 KẾT QUẢ CHỐT: SAD (33.59%)
2026-05-22 19:25:10,867 | INFO     | [710804] ⏱️ Thời gian phản hồi: 61.79 ms
2026-05-22 19:25:10,897 | INFO     | [710897] ------------------------------------------
2026-05-22 19:25:10,897 | INFO     | [710897] 📥 NHẬN YÊU CẦU QUÉT KHUÔN MẶT MỚI
2026-05-22 19:25:10,898 | INFO     | [710897] Đã xử lý ảnh thành công. Kích thước tensor: (1, 48, 48, 1)
2026-05-22 19:25:10,961 | INFO     | [710897] 📊 Chi tiết dự đoán: {'ANGRY': 9.25, 'DISGUST': 0.22, 'FEAR': 12.78, 'HAPPY': 17.17, 'NEUTRAL': 23.38, 'SAD': 34.65, 'SURPRISE': 2.55}
2026-05-22 19:25:10,962 | INFO     | [710897] 🎯 KẾT QUẢ CHỐT: SAD (34.65%)
2026-05-22 19:25:10,962 | INFO     | [710897] ⏱️ Thời gian phản hồi: 64.05 ms
2026-05-22 19:25:11,006 | INFO     | [711006] ------------------------------------------
2026-05-22 19:25:11,006 | INFO     | [711006] 📥 NHẬN YÊU CẦU QUÉT KHUÔN MẶT MỚI
2026-05-22 19:25:11,007 | INFO     | [711006] Đã xử lý ảnh thành công. Kích thước tensor: (1, 48, 48, 1)
2026-05-22 19:25:11,076 | INFO     | [711006] 📊 Chi tiết dự đoán: {'ANGRY': 8.48, 'DISGUST': 0.19, 'FEAR': 12.33, 'HAPPY': 21.27, 'NEUTRAL': 22.57, 'SAD': 32.69, 'SURPRISE': 2.47}
2026-05-22 19:25:11,076 | INFO     | [711006] 🎯 KẾT QUẢ CHỐT: SAD (32.69%)
2026-05-22 19:25:11,078 | INFO     | [711006] ⏱️ Thời gian phản hồi: 70.06 ms
2026-05-22 19:25:11,099 | INFO     | [711099] ------------------------------------------
2026-05-22 19:25:11,100 | INFO     | [711099] 📥 NHẬN YÊU CẦU QUÉT KHUÔN MẶT MỚI
2026-05-22 19:25:11,100 | INFO     | [711099] Đã xử lý ảnh thành công. Kích thước tensor: (1, 48, 48, 1)
2026-05-22 19:25:11,170 | INFO     | [711099] 📊 Chi tiết dự đoán: {'ANGRY': 8.36, 'DISGUST': 0.21, 'FEAR': 11.41, 'HAPPY': 27.87, 'NEUTRAL': 19.64, 'SAD': 30.47, 'SURPRISE': 2.04}
2026-05-22 19:25:11,170 | INFO     | [711099] 🎯 KẾT QUẢ CHỐT: SAD (30.47%)
2026-05-22 19:25:11,170 | INFO     | [711099] ⏱️ Thời gian phản hồi: 71.12 ms
2026-05-22 19:25:11,210 | INFO     | [711210] ------------------------------------------
2026-05-22 19:25:11,211 | INFO     | [711210] 📥 NHẬN YÊU CẦU QUÉT KHUÔN MẶT MỚI
2026-05-22 19:25:11,211 | INFO     | [711210] Đã xử lý ảnh thành công. Kích thước tensor: (1, 48, 48, 1)
2026-05-22 19:25:11,289 | INFO     | [711210] 📊 Chi tiết dự đoán: {'ANGRY': 8.51, 'DISGUST': 0.18, 'FEAR': 9.88, 'HAPPY': 24.35, 'NEUTRAL': 23.11, 'SAD': 32.01, 'SURPRISE': 1.96}
2026-05-22 19:25:11,289 | INFO     | [711210] 🎯 KẾT QUẢ CHỐT: SAD (32.01%)
2026-05-22 19:25:11,289 | INFO     | [711210] ⏱️ Thời gian phản hồi: 78.95 ms
2026-05-22 19:25:11,321 | INFO     | [711321] ------------------------------------------
2026-05-22 19:25:11,321 | INFO     | [711321] 📥 NHẬN YÊU CẦU QUÉT KHUÔN MẶT MỚI
2026-05-22 19:25:11,322 | INFO     | [711321] Đã xử lý ảnh thành công. Kích thước tensor: (1, 48, 48, 1)
2026-05-22 19:25:11,404 | INFO     | [711321] 📊 Chi tiết dự đoán: {'ANGRY': 8.28, 'DISGUST': 0.22, 'FEAR': 10.19, 'HAPPY': 26.7, 'NEUTRAL': 21.64, 'SAD': 31.06, 'SURPRISE': 1.91}
2026-05-22 19:25:11,404 | INFO     | [711321] 🎯 KẾT QUẢ CHỐT: SAD (31.06%)
2026-05-22 19:25:11,405 | INFO     | [711321] ⏱️ Thời gian phản hồi: 82.62 ms
2026-05-22 19:25:11,414 | INFO     | [711414] ------------------------------------------
2026-05-22 19:25:11,414 | INFO     | [711414] 📥 NHẬN YÊU CẦU QUÉT KHUÔN MẶT MỚI
2026-05-22 19:25:11,416 | INFO     | [711414] Đã xử lý ảnh thành công. Kích thước tensor: (1, 48, 48, 1)
2026-05-22 19:25:11,501 | INFO     | [711414] 📊 Chi tiết dự đoán: {'ANGRY': 7.77, 'DISGUST': 0.16, 'FEAR': 9.13, 'HAPPY': 29.1, 'NEUTRAL': 22.43, 'SAD': 29.81, 'SURPRISE': 1.6}
2026-05-22 19:25:11,501 | INFO     | [711414] 🎯 KẾT QUẢ CHỐT: SAD (29.81%)
2026-05-22 19:25:11,501 | INFO     | [711414] ⏱️ Thời gian phản hồi: 86.55 ms
2026-05-22 19:25:11,523 | INFO     | [711523] ------------------------------------------
2026-05-22 19:25:11,523 | INFO     | [711523] 📥 NHẬN YÊU CẦU QUÉT KHUÔN MẶT MỚI
2026-05-22 19:25:11,525 | INFO     | [711523] Đã xử lý ảnh thành công. Kích thước tensor: (1, 48, 48, 1)
2026-05-22 19:25:11,610 | INFO     | [711523] 📊 Chi tiết dự đoán: {'ANGRY': 8.98, 'DISGUST': 0.2, 'FEAR': 9.34, 'HAPPY': 34.12, 'NEUTRAL': 18.69, 'SAD': 26.52, 'SURPRISE': 2.14}
2026-05-22 19:25:11,611 | INFO     | [711523] 🎯 KẾT QUẢ CHỐT: HAPPY (34.12%)
2026-05-22 19:25:11,611 | INFO     | [711523] ⏱️ Thời gian phản hồi: 87.06 ms
2026-05-22 19:25:11,615 | INFO     | [711615] ------------------------------------------
2026-05-22 19:25:11,615 | INFO     | [711615] 📥 NHẬN YÊU CẦU QUÉT KHUÔN MẶT MỚI
2026-05-22 19:25:11,616 | INFO     | [711615] Đã xử lý ảnh thành công. Kích thước tensor: (1, 48, 48, 1)
2026-05-22 19:25:11,726 | INFO     | [711615] 📊 Chi tiết dự đoán: {'ANGRY': 7.76, 'DISGUST': 0.21, 'FEAR': 9.21, 'HAPPY': 33.54, 'NEUTRAL': 19.05, 'SAD': 28.3, 'SURPRISE': 1.95}
2026-05-22 19:25:11,726 | INFO     | [711615] 🎯 KẾT QUẢ CHỐT: HAPPY (33.54%)
2026-05-22 19:25:11,726 | INFO     | [711615] ⏱️ Thời gian phản hồi: 111.65 ms
2026-05-22 19:25:11,729 | INFO     | [711729] ------------------------------------------
2026-05-22 19:25:11,729 | INFO     | [711729] 📥 NHẬN YÊU CẦU QUÉT KHUÔN MẶT MỚI
2026-05-22 19:25:11,730 | INFO     | [711729] Đã xử lý ảnh thành công. Kích thước tensor: (1, 48, 48, 1)
2026-05-22 19:25:11,819 | INFO     | [711729] 📊 Chi tiết dự đoán: {'ANGRY': 7.38, 'DISGUST': 0.15, 'FEAR': 8.38, 'HAPPY': 37.5, 'NEUTRAL': 18.25, 'SAD': 26.54, 'SURPRISE': 1.81}
2026-05-22 19:25:11,820 | INFO     | [711729] 🎯 KẾT QUẢ CHỐT: HAPPY (37.50%)
2026-05-22 19:25:11,820 | INFO     | [711729] ⏱️ Thời gian phản hồi: 89.48 ms
2026-05-22 19:25:11,823 | INFO     | [711821] ------------------------------------------
2026-05-22 19:25:11,823 | INFO     | [711821] 📥 NHẬN YÊU CẦU QUÉT KHUÔN MẶT MỚI
2026-05-22 19:25:11,823 | INFO     | [711821] Đã xử lý ảnh thành công. Kích thước tensor: (1, 48, 48, 1)
2026-05-22 19:25:11,907 | INFO     | [711821] 📊 Chi tiết dự đoán: {'ANGRY': 8.75, 'DISGUST': 0.2, 'FEAR': 8.72, 'HAPPY': 34.21, 'NEUTRAL': 20.32, 'SAD': 25.33, 'SURPRISE': 2.47}
2026-05-22 19:25:11,907 | INFO     | [711821] 🎯 KẾT QUẢ CHỐT: HAPPY (34.21%)
2026-05-22 19:25:11,907 | INFO     | [711821] ⏱️ Thời gian phản hồi: 86.41 ms
2026-05-22 19:25:11,911 | INFO     | [711911] ------------------------------------------
2026-05-22 19:25:11,912 | INFO     | [711911] 📥 NHẬN YÊU CẦU QUÉT KHUÔN MẶT MỚI
2026-05-22 19:25:11,913 | INFO     | [711911] Đã xử lý ảnh thành công. Kích thước tensor: (1, 48, 48, 1)
2026-05-22 19:25:11,998 | INFO     | [711911] 📊 Chi tiết dự đoán: {'ANGRY': 8.45, 'DISGUST': 0.22, 'FEAR': 8.28, 'HAPPY': 39.53, 'NEUTRAL': 17.14, 'SAD': 24.21, 'SURPRISE': 2.16}
2026-05-22 19:25:11,998 | INFO     | [711911] 🎯 KẾT QUẢ CHỐT: HAPPY (39.53%)
2026-05-22 19:25:11,998 | INFO     | [711911] ⏱️ Thời gian phản hồi: 87.23 ms
2026-05-22 19:25:12,018 | INFO     | [712018] ------------------------------------------
2026-05-22 19:25:12,019 | INFO     | [712018] 📥 NHẬN YÊU CẦU QUÉT KHUÔN MẶT MỚI
2026-05-22 19:25:12,019 | INFO     | [712018] Đã xử lý ảnh thành công. Kích thước tensor: (1, 48, 48, 1)
2026-05-22 19:25:12,093 | INFO     | [712018] 📊 Chi tiết dự đoán: {'ANGRY': 8.47, 'DISGUST': 0.2, 'FEAR': 8.85, 'HAPPY': 34.68, 'NEUTRAL': 18.64, 'SAD': 26.46, 'SURPRISE': 2.7}
2026-05-22 19:25:12,093 | INFO     | [712018] 🎯 KẾT QUẢ CHỐT: HAPPY (34.68%)
2026-05-22 19:25:12,093 | INFO     | [712018] ⏱️ Thời gian phản hồi: 74.78 ms
2026-05-22 19:25:12,112 | INFO     | [712112] ------------------------------------------
2026-05-22 19:25:12,113 | INFO     | [712112] 📥 NHẬN YÊU CẦU QUÉT KHUÔN MẶT MỚI
2026-05-22 19:25:12,113 | INFO     | [712112] Đã xử lý ảnh thành công. Kích thước tensor: (1, 48, 48, 1)
2026-05-22 19:25:12,173 | INFO     | [712112] 📊 Chi tiết dự đoán: {'ANGRY': 9.3, 'DISGUST': 0.21, 'FEAR': 10.36, 'HAPPY': 26.1, 'NEUTRAL': 21.25, 'SAD': 30.45, 'SURPRISE': 2.33}
2026-05-22 19:25:12,173 | INFO     | [712112] 🎯 KẾT QUẢ CHỐT: SAD (30.45%)
2026-05-22 19:25:12,173 | INFO     | [712112] ⏱️ Thời gian phản hồi: 61.06 ms
2026-05-22 19:25:12,205 | INFO     | [712205] ------------------------------------------
2026-05-22 19:25:12,207 | INFO     | [712205] 📥 NHẬN YÊU CẦU QUÉT KHUÔN MẶT MỚI
2026-05-22 19:25:12,207 | INFO     | [712205] Đã xử lý ảnh thành công. Kích thước tensor: (1, 48, 48, 1)
2026-05-22 19:25:12,272 | INFO     | [712205] 📊 Chi tiết dự đoán: {'ANGRY': 8.92, 'DISGUST': 0.21, 'FEAR': 9.61, 'HAPPY': 26.69, 'NEUTRAL': 22.14, 'SAD': 30.38, 'SURPRISE': 2.06}
2026-05-22 19:25:12,272 | INFO     | [712205] 🎯 KẾT QUẢ CHỐT: SAD (30.38%)
2026-05-22 19:25:12,272 | INFO     | [712205] ⏱️ Thời gian phản hồi: 66.56 ms
2026-05-22 19:25:12,301 | INFO     | [712301] ------------------------------------------
2026-05-22 19:25:12,301 | INFO     | [712301] 📥 NHẬN YÊU CẦU QUÉT KHUÔN MẶT MỚI
2026-05-22 19:25:12,302 | INFO     | [712301] Đã xử lý ảnh thành công. Kích thước tensor: (1, 48, 48, 1)
2026-05-22 19:25:12,365 | INFO     | [712301] 📊 Chi tiết dự đoán: {'ANGRY': 9.29, 'DISGUST': 0.21, 'FEAR': 10.74, 'HAPPY': 29.2, 'NEUTRAL': 20.92, 'SAD': 26.67, 'SURPRISE': 2.96}
2026-05-22 19:25:12,365 | INFO     | [712301] 🎯 KẾT QUẢ CHỐT: HAPPY (29.20%)
2026-05-22 19:25:12,365 | INFO     | [712301] ⏱️ Thời gian phản hồi: 62.69 ms
2026-05-22 19:25:12,409 | INFO     | [712409] ------------------------------------------
2026-05-22 19:25:12,410 | INFO     | [712409] 📥 NHẬN YÊU CẦU QUÉT KHUÔN MẶT MỚI
2026-05-22 19:25:12,411 | INFO     | [712409] Đã xử lý ảnh thành công. Kích thước tensor: (1, 48, 48, 1)
2026-05-22 19:25:12,474 | INFO     | [712409] 📊 Chi tiết dự đoán: {'ANGRY': 9.3, 'DISGUST': 0.21, 'FEAR': 10.73, 'HAPPY': 28.17, 'NEUTRAL': 22.21, 'SAD': 26.93, 'SURPRISE': 2.45}
2026-05-22 19:25:12,474 | INFO     | [712409] 🎯 KẾT QUẢ CHỐT: HAPPY (28.17%)
2026-05-22 19:25:12,474 | INFO     | [712409] ⏱️ Thời gian phản hồi: 65.36 ms
2026-05-22 19:25:12,506 | INFO     | [712506] ------------------------------------------
2026-05-22 19:25:12,506 | INFO     | [712506] 📥 NHẬN YÊU CẦU QUÉT KHUÔN MẶT MỚI
2026-05-22 19:25:12,507 | INFO     | [712506] Đã xử lý ảnh thành công. Kích thước tensor: (1, 48, 48, 1)
2026-05-22 19:25:12,580 | INFO     | [712506] 📊 Chi tiết dự đoán: {'ANGRY': 9.07, 'DISGUST': 0.2, 'FEAR': 9.43, 'HAPPY': 30.57, 'NEUTRAL': 22.64, 'SAD': 25.98, 'SURPRISE': 2.11}
2026-05-22 19:25:12,580 | INFO     | [712506] 🎯 KẾT QUẢ CHỐT: HAPPY (30.57%)
2026-05-22 19:25:12,580 | INFO     | [712506] ⏱️ Thời gian phản hồi: 73.8 ms
2026-05-22 19:25:12,597 | INFO     | [712597] ------------------------------------------
2026-05-22 19:25:12,598 | INFO     | [712597] 📥 NHẬN YÊU CẦU QUÉT KHUÔN MẶT MỚI
2026-05-22 19:25:12,598 | INFO     | [712597] Đã xử lý ảnh thành công. Kích thước tensor: (1, 48, 48, 1)
2026-05-22 19:25:12,668 | INFO     | [712597] 📊 Chi tiết dự đoán: {'ANGRY': 8.98, 'DISGUST': 0.22, 'FEAR': 9.36, 'HAPPY': 31.25, 'NEUTRAL': 22.43, 'SAD': 25.27, 'SURPRISE': 2.49}
2026-05-22 19:25:12,669 | INFO     | [712597] 🎯 KẾT QUẢ CHỐT: HAPPY (31.25%)
2026-05-22 19:25:12,669 | INFO     | [712597] ⏱️ Thời gian phản hồi: 71.04 ms
2026-05-22 19:25:12,705 | INFO     | [712705] ------------------------------------------
2026-05-22 19:25:12,705 | INFO     | [712705] 📥 NHẬN YÊU CẦU QUÉT KHUÔN MẶT MỚI
2026-05-22 19:25:12,706 | INFO     | [712705] Đã xử lý ảnh thành công. Kích thước tensor: (1, 48, 48, 1)
2026-05-22 19:25:12,763 | INFO     | [712705] 📊 Chi tiết dự đoán: {'ANGRY': 10.03, 'DISGUST': 0.23, 'FEAR': 9.8, 'HAPPY': 30.93, 'NEUTRAL': 21.22, 'SAD': 25.29, 'SURPRISE': 2.48}
2026-05-22 19:25:12,763 | INFO     | [712705] 🎯 KẾT QUẢ CHỐT: HAPPY (30.93%)
2026-05-22 19:25:12,765 | INFO     | [712705] ⏱️ Thời gian phản hồi: 58.16 ms
2026-05-22 19:25:12,811 | INFO     | [712811] ------------------------------------------
2026-05-22 19:25:12,813 | INFO     | [712811] 📥 NHẬN YÊU CẦU QUÉT KHUÔN MẶT MỚI
2026-05-22 19:25:12,813 | INFO     | [712811] Đã xử lý ảnh thành công. Kích thước tensor: (1, 48, 48, 1)
2026-05-22 19:25:12,883 | INFO     | [712811] 📊 Chi tiết dự đoán: {'ANGRY': 8.68, 'DISGUST': 0.19, 'FEAR': 8.95, 'HAPPY': 32.08, 'NEUTRAL': 21.47, 'SAD': 26.42, 'SURPRISE': 2.21}
2026-05-22 19:25:12,883 | INFO     | [712811] 🎯 KẾT QUẢ CHỐT: HAPPY (32.08%)
2026-05-22 19:25:12,883 | INFO     | [712811] ⏱️ Thời gian phản hồi: 71.45 ms
2026-05-22 19:25:12,905 | INFO     | [712905] ------------------------------------------
2026-05-22 19:25:12,905 | INFO     | [712905] 📥 NHẬN YÊU CẦU QUÉT KHUÔN MẶT MỚI
2026-05-22 19:25:12,907 | INFO     | [712905] Đã xử lý ảnh thành công. Kích thước tensor: (1, 48, 48, 1)
2026-05-22 19:25:12,972 | INFO     | [712905] 📊 Chi tiết dự đoán: {'ANGRY': 9.74, 'DISGUST': 0.24, 'FEAR': 9.28, 'HAPPY': 31.33, 'NEUTRAL': 21.0, 'SAD': 26.03, 'SURPRISE': 2.37}
2026-05-22 19:25:12,973 | INFO     | [712905] 🎯 KẾT QUẢ CHỐT: HAPPY (31.33%)
2026-05-22 19:25:12,973 | INFO     | [712905] ⏱️ Thời gian phản hồi: 66.6 ms
2026-05-22 19:25:13,012 | INFO     | [713012] ------------------------------------------
2026-05-22 19:25:13,013 | INFO     | [713012] 📥 NHẬN YÊU CẦU QUÉT KHUÔN MẶT MỚI
2026-05-22 19:25:13,013 | INFO     | [713012] Đã xử lý ảnh thành công. Kích thước tensor: (1, 48, 48, 1)
2026-05-22 19:25:13,128 | INFO     | [713012] 📊 Chi tiết dự đoán: {'ANGRY': 8.33, 'DISGUST': 0.18, 'FEAR': 8.38, 'HAPPY': 37.53, 'NEUTRAL': 19.68, 'SAD': 24.06, 'SURPRISE': 1.84}
2026-05-22 19:25:13,128 | INFO     | [713012] 🎯 KẾT QUẢ CHỐT: HAPPY (37.53%)
2026-05-22 19:25:13,128 | INFO     | [713012] ⏱️ Thời gian phản hồi: 116.32 ms
2026-05-22 19:25:13,130 | INFO     | [713130] ------------------------------------------
2026-05-22 19:25:13,130 | INFO     | [713130] 📥 NHẬN YÊU CẦU QUÉT KHUÔN MẶT MỚI
2026-05-22 19:25:13,131 | INFO     | [713130] Đã xử lý ảnh thành công. Kích thước tensor: (1, 48, 48, 1)
2026-05-22 19:25:13,192 | INFO     | [713130] 📊 Chi tiết dự đoán: {'ANGRY': 8.77, 'DISGUST': 0.2, 'FEAR': 8.77, 'HAPPY': 29.79, 'NEUTRAL': 20.91, 'SAD': 29.99, 'SURPRISE': 1.57}
2026-05-22 19:25:13,192 | INFO     | [713130] 🎯 KẾT QUẢ CHỐT: SAD (29.99%)
2026-05-22 19:25:13,192 | INFO     | [713130] ⏱️ Thời gian phản hồi: 61.71 ms
2026-05-22 19:25:13,212 | INFO     | [713212] ------------------------------------------
2026-05-22 19:25:13,214 | INFO     | [713212] 📥 NHẬN YÊU CẦU QUÉT KHUÔN MẶT MỚI
2026-05-22 19:25:13,214 | INFO     | [713212] Đã xử lý ảnh thành công. Kích thước tensor: (1, 48, 48, 1)
2026-05-22 19:25:13,273 | INFO     | [713212] 📊 Chi tiết dự đoán: {'ANGRY': 9.15, 'DISGUST': 0.2, 'FEAR': 8.48, 'HAPPY': 33.03, 'NEUTRAL': 21.85, 'SAD': 25.42, 'SURPRISE': 1.88}
2026-05-22 19:25:13,273 | INFO     | [713212] 🎯 KẾT QUẢ CHỐT: HAPPY (33.03%)
2026-05-22 19:25:13,273 | INFO     | [713212] ⏱️ Thời gian phản hồi: 60.96 ms
2026-05-22 19:25:13,308 | INFO     | [713308] ------------------------------------------
2026-05-22 19:25:13,308 | INFO     | [713308] 📥 NHẬN YÊU CẦU QUÉT KHUÔN MẶT MỚI
2026-05-22 19:25:13,308 | INFO     | [713308] Đã xử lý ảnh thành công. Kích thước tensor: (1, 48, 48, 1)
2026-05-22 19:25:13,377 | INFO     | [713308] 📊 Chi tiết dự đoán: {'ANGRY': 7.73, 'DISGUST': 0.19, 'FEAR': 7.97, 'HAPPY': 38.18, 'NEUTRAL': 18.28, 'SAD': 25.81, 'SURPRISE': 1.84}
2026-05-22 19:25:13,377 | INFO     | [713308] 🎯 KẾT QUẢ CHỐT: HAPPY (38.18%)
2026-05-22 19:25:13,377 | INFO     | [713308] ⏱️ Thời gian phản hồi: 69.6 ms
2026-05-22 19:25:13,413 | INFO     | [713413] ------------------------------------------
2026-05-22 19:25:13,413 | INFO     | [713413] 📥 NHẬN YÊU CẦU QUÉT KHUÔN MẶT MỚI
2026-05-22 19:25:13,414 | INFO     | [713413] Đã xử lý ảnh thành công. Kích thước tensor: (1, 48, 48, 1)
2026-05-22 19:25:13,484 | INFO     | [713413] 📊 Chi tiết dự đoán: {'ANGRY': 7.71, 'DISGUST': 0.16, 'FEAR': 7.71, 'HAPPY': 43.11, 'NEUTRAL': 16.42, 'SAD': 23.17, 'SURPRISE': 1.71}
2026-05-22 19:25:13,484 | INFO     | [713413] 🎯 KẾT QUẢ CHỐT: HAPPY (43.11%)
2026-05-22 19:25:13,485 | INFO     | [713413] ⏱️ Thời gian phản hồi: 70.78 ms
2026-05-22 19:25:13,505 | INFO     | [713505] ------------------------------------------
2026-05-22 19:25:13,506 | INFO     | [713505] 📥 NHẬN YÊU CẦU QUÉT KHUÔN MẶT MỚI
2026-05-22 19:25:13,506 | INFO     | [713505] Đã xử lý ảnh thành công. Kích thước tensor: (1, 48, 48, 1)
2026-05-22 19:25:13,565 | INFO     | [713505] 📊 Chi tiết dự đoán: {'ANGRY': 7.63, 'DISGUST': 0.16, 'FEAR': 7.91, 'HAPPY': 37.17, 'NEUTRAL': 18.92, 'SAD': 26.22, 'SURPRISE': 1.99}
2026-05-22 19:25:13,566 | INFO     | [713505] 🎯 KẾT QUẢ CHỐT: HAPPY (37.17%)
2026-05-22 19:25:13,566 | INFO     | [713505] ⏱️ Thời gian phản hồi: 59.52 ms
2026-05-22 19:25:13,616 | INFO     | [713616] ------------------------------------------
2026-05-22 19:25:13,616 | INFO     | [713616] 📥 NHẬN YÊU CẦU QUÉT KHUÔN MẶT MỚI
2026-05-22 19:25:13,616 | INFO     | [713616] Đã xử lý ảnh thành công. Kích thước tensor: (1, 48, 48, 1)
2026-05-22 19:25:13,693 | INFO     | [713616] 📊 Chi tiết dự đoán: {'ANGRY': 8.79, 'DISGUST': 0.19, 'FEAR': 8.28, 'HAPPY': 36.38, 'NEUTRAL': 19.07, 'SAD': 25.08, 'SURPRISE': 2.22}
2026-05-22 19:25:13,693 | INFO     | [713616] 🎯 KẾT QUẢ CHỐT: HAPPY (36.38%)
2026-05-22 19:25:13,693 | INFO     | [713616] ⏱️ Thời gian phản hồi: 77.06 ms
2026-05-22 19:25:13,711 | INFO     | [713711] ------------------------------------------
2026-05-22 19:25:13,711 | INFO     | [713711] 📥 NHẬN YÊU CẦU QUÉT KHUÔN MẶT MỚI
2026-05-22 19:25:13,712 | INFO     | [713711] Đã xử lý ảnh thành công. Kích thước tensor: (1, 48, 48, 1)
2026-05-22 19:25:13,794 | INFO     | [713711] 📊 Chi tiết dự đoán: {'ANGRY': 8.01, 'DISGUST': 0.17, 'FEAR': 8.77, 'HAPPY': 35.3, 'NEUTRAL': 17.95, 'SAD': 27.93, 'SURPRISE': 1.87}
2026-05-22 19:25:13,794 | INFO     | [713711] 🎯 KẾT QUẢ CHỐT: HAPPY (35.30%)
2026-05-22 19:25:13,794 | INFO     | [713711] ⏱️ Thời gian phản hồi: 83.24 ms
2026-05-22 19:25:13,817 | INFO     | [713817] ------------------------------------------
2026-05-22 19:25:13,817 | INFO     | [713817] 📥 NHẬN YÊU CẦU QUÉT KHUÔN MẶT MỚI
2026-05-22 19:25:13,818 | INFO     | [713817] Đã xử lý ảnh thành công. Kích thước tensor: (1, 48, 48, 1)
2026-05-22 19:25:13,891 | INFO     | [713817] 📊 Chi tiết dự đoán: {'ANGRY': 8.48, 'DISGUST': 0.2, 'FEAR': 8.6, 'HAPPY': 40.08, 'NEUTRAL': 16.22, 'SAD': 24.19, 'SURPRISE': 2.23}
2026-05-22 19:25:13,891 | INFO     | [713817] 🎯 KẾT QUẢ CHỐT: HAPPY (40.08%)
2026-05-22 19:25:13,891 | INFO     | [713817] ⏱️ Thời gian phản hồi: 74.74 ms
2026-05-22 19:25:13,911 | INFO     | [713911] ------------------------------------------
2026-05-22 19:25:13,912 | INFO     | [713911] 📥 NHẬN YÊU CẦU QUÉT KHUÔN MẶT MỚI
2026-05-22 19:25:13,912 | INFO     | [713911] Đã xử lý ảnh thành công. Kích thước tensor: (1, 48, 48, 1)
2026-05-22 19:25:13,969 | INFO     | [713911] 📊 Chi tiết dự đoán: {'ANGRY': 7.49, 'DISGUST': 0.19, 'FEAR': 8.39, 'HAPPY': 38.5, 'NEUTRAL': 17.62, 'SAD': 25.75, 'SURPRISE': 2.05}
2026-05-22 19:25:13,969 | INFO     | [713911] 🎯 KẾT QUẢ CHỐT: HAPPY (38.50%)
2026-05-22 19:25:13,969 | INFO     | [713911] ⏱️ Thời gian phản hồi: 58.25 ms
2026-05-22 19:25:14,021 | INFO     | [714021] ------------------------------------------
2026-05-22 19:25:14,022 | INFO     | [714021] 📥 NHẬN YÊU CẦU QUÉT KHUÔN MẶT MỚI
2026-05-22 19:25:14,022 | INFO     | [714021] Đã xử lý ảnh thành công. Kích thước tensor: (1, 48, 48, 1)
2026-05-22 19:25:14,090 | INFO     | [714021] 📊 Chi tiết dự đoán: {'ANGRY': 8.56, 'DISGUST': 0.2, 'FEAR': 8.73, 'HAPPY': 27.52, 'NEUTRAL': 22.0, 'SAD': 30.84, 'SURPRISE': 2.14}
2026-05-22 19:25:14,091 | INFO     | [714021] 🎯 KẾT QUẢ CHỐT: SAD (30.84%)
2026-05-22 19:25:14,091 | INFO     | [714021] ⏱️ Thời gian phản hồi: 68.86 ms
2026-05-22 19:25:14,114 | INFO     | [714114] ------------------------------------------
2026-05-22 19:25:14,115 | INFO     | [714114] 📥 NHẬN YÊU CẦU QUÉT KHUÔN MẶT MỚI
2026-05-22 19:25:14,115 | INFO     | [714114] Đã xử lý ảnh thành công. Kích thước tensor: (1, 48, 48, 1)
2026-05-22 19:25:14,179 | INFO     | [714114] 📊 Chi tiết dự đoán: {'ANGRY': 7.49, 'DISGUST': 0.19, 'FEAR': 8.41, 'HAPPY': 36.36, 'NEUTRAL': 18.12, 'SAD': 27.32, 'SURPRISE': 2.12}
2026-05-22 19:25:14,179 | INFO     | [714114] 🎯 KẾT QUẢ CHỐT: HAPPY (36.36%)
2026-05-22 19:25:14,179 | INFO     | [714114] ⏱️ Thời gian phản hồi: 65.38 ms
2026-05-22 19:25:14,207 | INFO     | [714207] ------------------------------------------
2026-05-22 19:25:14,207 | INFO     | [714207] 📥 NHẬN YÊU CẦU QUÉT KHUÔN MẶT MỚI
2026-05-22 19:25:14,208 | INFO     | [714207] Đã xử lý ảnh thành công. Kích thước tensor: (1, 48, 48, 1)
2026-05-22 19:25:14,268 | INFO     | [714207] 📊 Chi tiết dự đoán: {'ANGRY': 8.05, 'DISGUST': 0.19, 'FEAR': 9.26, 'HAPPY': 31.5, 'NEUTRAL': 19.39, 'SAD': 29.6, 'SURPRISE': 2.02}
2026-05-22 19:25:14,268 | INFO     | [714207] 🎯 KẾT QUẢ CHỐT: HAPPY (31.50%)
2026-05-22 19:25:14,268 | INFO     | [714207] ⏱️ Thời gian phản hồi: 60.82 ms
2026-05-22 19:25:14,300 | INFO     | [714300] ------------------------------------------
2026-05-22 19:25:14,300 | INFO     | [714300] 📥 NHẬN YÊU CẦU QUÉT KHUÔN MẶT MỚI
2026-05-22 19:25:14,300 | INFO     | [714300] Đã xử lý ảnh thành công. Kích thước tensor: (1, 48, 48, 1)
2026-05-22 19:25:14,372 | INFO     | [714300] 📊 Chi tiết dự đoán: {'ANGRY': 7.19, 'DISGUST': 0.23, 'FEAR': 9.6, 'HAPPY': 31.94, 'NEUTRAL': 18.67, 'SAD': 29.88, 'SURPRISE': 2.49}
2026-05-22 19:25:14,373 | INFO     | [714300] 🎯 KẾT QUẢ CHỐT: HAPPY (31.94%)
2026-05-22 19:25:14,373 | INFO     | [714300] ⏱️ Thời gian phản hồi: 71.96 ms
2026-05-22 19:25:14,423 | INFO     | [714423] ------------------------------------------
2026-05-22 19:25:14,424 | INFO     | [714423] 📥 NHẬN YÊU CẦU QUÉT KHUÔN MẶT MỚI
2026-05-22 19:25:14,425 | INFO     | [714423] Đã xử lý ảnh thành công. Kích thước tensor: (1, 48, 48, 1)
2026-05-22 19:25:14,497 | INFO     | [714423] 📊 Chi tiết dự đoán: {'ANGRY': 7.38, 'DISGUST': 0.29, 'FEAR': 9.31, 'HAPPY': 34.65, 'NEUTRAL': 17.7, 'SAD': 28.22, 'SURPRISE': 2.45}
2026-05-22 19:25:14,497 | INFO     | [714423] 🎯 KẾT QUẢ CHỐT: HAPPY (34.65%)
2026-05-22 19:25:14,497 | INFO     | [714423] ⏱️ Thời gian phản hồi: 73.42 ms
2026-05-22 19:25:14,501 | INFO     | [714501] ------------------------------------------
2026-05-22 19:25:14,501 | INFO     | [714501] 📥 NHẬN YÊU CẦU QUÉT KHUÔN MẶT MỚI
2026-05-22 19:25:14,503 | INFO     | [714501] Đã xử lý ảnh thành công. Kích thước tensor: (1, 48, 48, 1)
2026-05-22 19:25:14,571 | INFO     | [714501] 📊 Chi tiết dự đoán: {'ANGRY': 7.81, 'DISGUST': 0.25, 'FEAR': 9.19, 'HAPPY': 34.88, 'NEUTRAL': 18.89, 'SAD': 26.68, 'SURPRISE': 2.31}
2026-05-22 19:25:14,571 | INFO     | [714501] 🎯 KẾT QUẢ CHỐT: HAPPY (34.88%)
2026-05-22 19:25:14,571 | INFO     | [714501] ⏱️ Thời gian phản hồi: 69.31 ms
2026-05-22 19:25:14,609 | INFO     | [714609] ------------------------------------------
2026-05-22 19:25:14,609 | INFO     | [714609] 📥 NHẬN YÊU CẦU QUÉT KHUÔN MẶT MỚI
2026-05-22 19:25:14,610 | INFO     | [714609] Đã xử lý ảnh thành công. Kích thước tensor: (1, 48, 48, 1)
2026-05-22 19:25:14,677 | INFO     | [714609] 📊 Chi tiết dự đoán: {'ANGRY': 7.58, 'DISGUST': 0.21, 'FEAR': 9.38, 'HAPPY': 34.11, 'NEUTRAL': 18.62, 'SAD': 28.01, 'SURPRISE': 2.08}
2026-05-22 19:25:14,677 | INFO     | [714609] 🎯 KẾT QUẢ CHỐT: HAPPY (34.11%)
2026-05-22 19:25:14,677 | INFO     | [714609] ⏱️ Thời gian phản hồi: 68.05 ms
2026-05-22 19:25:14,703 | INFO     | [714703] ------------------------------------------
2026-05-22 19:25:14,703 | INFO     | [714703] 📥 NHẬN YÊU CẦU QUÉT KHUÔN MẶT MỚI
2026-05-22 19:25:14,704 | INFO     | [714703] Đã xử lý ảnh thành công. Kích thước tensor: (1, 48, 48, 1)
2026-05-22 19:25:14,784 | INFO     | [714703] 📊 Chi tiết dự đoán: {'ANGRY': 7.89, 'DISGUST': 0.22, 'FEAR': 9.89, 'HAPPY': 30.39, 'NEUTRAL': 18.66, 'SAD': 30.86, 'SURPRISE': 2.09}
2026-05-22 19:25:14,784 | INFO     | [714703] 🎯 KẾT QUẢ CHỐT: SAD (30.86%)
2026-05-22 19:25:14,784 | INFO     | [714703] ⏱️ Thời gian phản hồi: 80.97 ms
2026-05-22 19:25:14,812 | INFO     | [714812] ------------------------------------------
2026-05-22 19:25:14,813 | INFO     | [714812] 📥 NHẬN YÊU CẦU QUÉT KHUÔN MẶT MỚI
2026-05-22 19:25:14,813 | INFO     | [714812] Đã xử lý ảnh thành công. Kích thước tensor: (1, 48, 48, 1)
2026-05-22 19:25:14,904 | INFO     | [714812] 📊 Chi tiết dự đoán: {'ANGRY': 7.77, 'DISGUST': 0.24, 'FEAR': 10.62, 'HAPPY': 36.82, 'NEUTRAL': 16.3, 'SAD': 25.28, 'SURPRISE': 2.98}
2026-05-22 19:25:14,904 | INFO     | [714812] 🎯 KẾT QUẢ CHỐT: HAPPY (36.82%)
2026-05-22 19:25:14,904 | INFO     | [714812] ⏱️ Thời gian phản hồi: 91.42 ms
2026-05-22 19:25:14,906 | INFO     | [714906] ------------------------------------------
2026-05-22 19:25:14,906 | INFO     | [714906] 📥 NHẬN YÊU CẦU QUÉT KHUÔN MẶT MỚI
2026-05-22 19:25:14,907 | INFO     | [714906] Đã xử lý ảnh thành công. Kích thước tensor: (1, 48, 48, 1)
2026-05-22 19:25:14,979 | INFO     | [714906] 📊 Chi tiết dự đoán: {'ANGRY': 8.42, 'DISGUST': 0.25, 'FEAR': 9.86, 'HAPPY': 34.27, 'NEUTRAL': 18.09, 'SAD': 26.44, 'SURPRISE': 2.67}
2026-05-22 19:25:14,980 | INFO     | [714906] 🎯 KẾT QUẢ CHỐT: HAPPY (34.27%)
2026-05-22 19:25:14,980 | INFO     | [714906] ⏱️ Thời gian phản hồi: 72.71 ms
2026-05-22 19:25:15,014 | INFO     | [715013] ------------------------------------------
2026-05-22 19:25:15,014 | INFO     | [715013] 📥 NHẬN YÊU CẦU QUÉT KHUÔN MẶT MỚI
2026-05-22 19:25:15,014 | INFO     | [715013] Đã xử lý ảnh thành công. Kích thước tensor: (1, 48, 48, 1)
2026-05-22 19:25:15,080 | INFO     | [715013] 📊 Chi tiết dự đoán: {'ANGRY': 8.14, 'DISGUST': 0.23, 'FEAR': 9.11, 'HAPPY': 40.64, 'NEUTRAL': 15.08, 'SAD': 23.99, 'SURPRISE': 2.82}
2026-05-22 19:25:15,080 | INFO     | [715013] 🎯 KẾT QUẢ CHỐT: HAPPY (40.64%)
2026-05-22 19:25:15,080 | INFO     | [715013] ⏱️ Thời gian phản hồi: 67.15 ms
2026-05-22 19:25:15,107 | INFO     | [715107] ------------------------------------------
2026-05-22 19:25:15,107 | INFO     | [715107] 📥 NHẬN YÊU CẦU QUÉT KHUÔN MẶT MỚI
2026-05-22 19:25:15,107 | INFO     | [715107] Đã xử lý ảnh thành công. Kích thước tensor: (1, 48, 48, 1)
2026-05-22 19:25:15,170 | INFO     | [715107] 📊 Chi tiết dự đoán: {'ANGRY': 7.72, 'DISGUST': 0.21, 'FEAR': 8.88, 'HAPPY': 40.38, 'NEUTRAL': 16.42, 'SAD': 23.64, 'SURPRISE': 2.75}
2026-05-22 19:25:15,170 | INFO     | [715107] 🎯 KẾT QUẢ CHỐT: HAPPY (40.38%)
2026-05-22 19:25:15,170 | INFO     | [715107] ⏱️ Thời gian phản hồi: 62.74 ms
2026-05-22 19:25:15,200 | INFO     | [715200] ------------------------------------------
2026-05-22 19:25:15,200 | INFO     | [715200] 📥 NHẬN YÊU CẦU QUÉT KHUÔN MẶT MỚI
2026-05-22 19:25:15,201 | INFO     | [715200] Đã xử lý ảnh thành công. Kích thước tensor: (1, 48, 48, 1)
2026-05-22 19:25:15,260 | INFO     | [715200] 📊 Chi tiết dự đoán: {'ANGRY': 7.93, 'DISGUST': 0.2, 'FEAR': 8.69, 'HAPPY': 40.95, 'NEUTRAL': 16.41, 'SAD': 23.23, 'SURPRISE': 2.59}
2026-05-22 19:25:15,260 | INFO     | [715200] 🎯 KẾT QUẢ CHỐT: HAPPY (40.95%)
2026-05-22 19:25:15,260 | INFO     | [715200] ⏱️ Thời gian phản hồi: 60.07 ms
2026-05-22 19:25:15,308 | INFO     | [715308] ------------------------------------------
2026-05-22 19:25:15,308 | INFO     | [715308] 📥 NHẬN YÊU CẦU QUÉT KHUÔN MẶT MỚI
2026-05-22 19:25:15,309 | INFO     | [715308] Đã xử lý ảnh thành công. Kích thước tensor: (1, 48, 48, 1)
2026-05-22 19:25:15,371 | INFO     | [715308] 📊 Chi tiết dự đoán: {'ANGRY': 7.94, 'DISGUST': 0.26, 'FEAR': 10.15, 'HAPPY': 38.94, 'NEUTRAL': 16.01, 'SAD': 23.58, 'SURPRISE': 3.13}
2026-05-22 19:25:15,371 | INFO     | [715308] 🎯 KẾT QUẢ CHỐT: HAPPY (38.94%)
2026-05-22 19:25:15,372 | INFO     | [715308] ⏱️ Thời gian phản hồi: 63.08 ms
2026-05-22 19:25:15,402 | INFO     | [715402] ------------------------------------------
2026-05-22 19:25:15,403 | INFO     | [715402] 📥 NHẬN YÊU CẦU QUÉT KHUÔN MẶT MỚI
2026-05-22 19:25:15,403 | INFO     | [715402] Đã xử lý ảnh thành công. Kích thước tensor: (1, 48, 48, 1)
2026-05-22 19:25:15,464 | INFO     | [715402] 📊 Chi tiết dự đoán: {'ANGRY': 9.2, 'DISGUST': 0.25, 'FEAR': 8.58, 'HAPPY': 39.43, 'NEUTRAL': 15.98, 'SAD': 24.46, 'SURPRISE': 2.09}
2026-05-22 19:25:15,465 | INFO     | [715402] 🎯 KẾT QUẢ CHỐT: HAPPY (39.43%)
2026-05-22 19:25:15,465 | INFO     | [715402] ⏱️ Thời gian phản hồi: 62.67 ms
2026-05-22 19:25:15,510 | INFO     | [715510] ------------------------------------------
2026-05-22 19:25:15,510 | INFO     | [715510] 📥 NHẬN YÊU CẦU QUÉT KHUÔN MẶT MỚI
2026-05-22 19:25:15,512 | INFO     | [715510] Đã xử lý ảnh thành công. Kích thước tensor: (1, 48, 48, 1)
2026-05-22 19:25:15,580 | INFO     | [715510] 📊 Chi tiết dự đoán: {'ANGRY': 8.83, 'DISGUST': 0.23, 'FEAR': 10.22, 'HAPPY': 34.69, 'NEUTRAL': 17.84, 'SAD': 25.55, 'SURPRISE': 2.64}
2026-05-22 19:25:15,580 | INFO     | [715510] 🎯 KẾT QUẢ CHỐT: HAPPY (34.69%)
2026-05-22 19:25:15,580 | INFO     | [715510] ⏱️ Thời gian phản hồi: 69.98 ms
2026-05-22 19:25:15,605 | INFO     | [715605] ------------------------------------------
2026-05-22 19:25:15,605 | INFO     | [715605] 📥 NHẬN YÊU CẦU QUÉT KHUÔN MẶT MỚI
2026-05-22 19:25:15,606 | INFO     | [715605] Đã xử lý ảnh thành công. Kích thước tensor: (1, 48, 48, 1)
2026-05-22 19:25:15,672 | INFO     | [715605] 📊 Chi tiết dự đoán: {'ANGRY': 9.28, 'DISGUST': 0.23, 'FEAR': 9.92, 'HAPPY': 33.45, 'NEUTRAL': 18.43, 'SAD': 26.06, 'SURPRISE': 2.63}
2026-05-22 19:25:15,672 | INFO     | [715605] 🎯 KẾT QUẢ CHỐT: HAPPY (33.45%)
2026-05-22 19:25:15,672 | INFO     | [715605] ⏱️ Thời gian phản hồi: 66.6 ms
2026-05-22 19:25:15,717 | INFO     | [715717] ------------------------------------------
2026-05-22 19:25:15,719 | INFO     | [715717] 📥 NHẬN YÊU CẦU QUÉT KHUÔN MẶT MỚI
2026-05-22 19:25:15,720 | INFO     | [715717] Đã xử lý ảnh thành công. Kích thước tensor: (1, 48, 48, 1)
2026-05-22 19:25:15,793 | INFO     | [715717] 📊 Chi tiết dự đoán: {'ANGRY': 8.28, 'DISGUST': 0.22, 'FEAR': 8.54, 'HAPPY': 36.56, 'NEUTRAL': 18.25, 'SAD': 25.74, 'SURPRISE': 2.42}
2026-05-22 19:25:15,794 | INFO     | [715717] 🎯 KẾT QUẢ CHỐT: HAPPY (36.56%)
2026-05-22 19:25:15,794 | INFO     | [715717] ⏱️ Thời gian phản hồi: 76.46 ms
2026-05-22 19:25:15,809 | INFO     | [715809] ------------------------------------------
2026-05-22 19:25:15,809 | INFO     | [715809] 📥 NHẬN YÊU CẦU QUÉT KHUÔN MẶT MỚI
2026-05-22 19:25:15,809 | INFO     | [715809] Đã xử lý ảnh thành công. Kích thước tensor: (1, 48, 48, 1)
2026-05-22 19:25:15,879 | INFO     | [715809] 📊 Chi tiết dự đoán: {'ANGRY': 8.32, 'DISGUST': 0.27, 'FEAR': 8.56, 'HAPPY': 36.98, 'NEUTRAL': 16.48, 'SAD': 26.83, 'SURPRISE': 2.56}
2026-05-22 19:25:15,879 | INFO     | [715809] 🎯 KẾT QUẢ CHỐT: HAPPY (36.98%)
2026-05-22 19:25:15,879 | INFO     | [715809] ⏱️ Thời gian phản hồi: 69.85 ms
2026-05-22 19:25:15,916 | INFO     | [715916] ------------------------------------------
2026-05-22 19:25:15,916 | INFO     | [715916] 📥 NHẬN YÊU CẦU QUÉT KHUÔN MẶT MỚI
2026-05-22 19:25:15,917 | INFO     | [715916] Đã xử lý ảnh thành công. Kích thước tensor: (1, 48, 48, 1)
2026-05-22 19:25:15,980 | INFO     | [715916] 📊 Chi tiết dự đoán: {'ANGRY': 7.34, 'DISGUST': 0.22, 'FEAR': 9.59, 'HAPPY': 35.69, 'NEUTRAL': 18.32, 'SAD': 25.93, 'SURPRISE': 2.9}
2026-05-22 19:25:15,980 | INFO     | [715916] 🎯 KẾT QUẢ CHỐT: HAPPY (35.69%)
2026-05-22 19:25:15,980 | INFO     | [715916] ⏱️ Thời gian phản hồi: 63.57 ms
2026-05-22 19:25:16,009 | INFO     | [716009] ------------------------------------------
2026-05-22 19:25:16,009 | INFO     | [716009] 📥 NHẬN YÊU CẦU QUÉT KHUÔN MẶT MỚI
2026-05-22 19:25:16,010 | INFO     | [716009] Đã xử lý ảnh thành công. Kích thước tensor: (1, 48, 48, 1)
2026-05-22 19:25:16,071 | INFO     | [716009] 📊 Chi tiết dự đoán: {'ANGRY': 6.28, 'DISGUST': 0.21, 'FEAR': 9.15, 'HAPPY': 39.19, 'NEUTRAL': 17.82, 'SAD': 24.64, 'SURPRISE': 2.71}
2026-05-22 19:25:16,071 | INFO     | [716009] 🎯 KẾT QUẢ CHỐT: HAPPY (39.19%)
2026-05-22 19:25:16,071 | INFO     | [716009] ⏱️ Thời gian phản hồi: 61.71 ms
2026-05-22 19:25:16,115 | INFO     | [716115] ------------------------------------------
2026-05-22 19:25:16,117 | INFO     | [716115] 📥 NHẬN YÊU CẦU QUÉT KHUÔN MẶT MỚI
2026-05-22 19:25:16,118 | INFO     | [716115] Đã xử lý ảnh thành công. Kích thước tensor: (1, 48, 48, 1)
2026-05-22 19:25:16,198 | INFO     | [716115] 📊 Chi tiết dự đoán: {'ANGRY': 7.67, 'DISGUST': 0.23, 'FEAR': 9.5, 'HAPPY': 33.49, 'NEUTRAL': 18.98, 'SAD': 27.61, 'SURPRISE': 2.53}
2026-05-22 19:25:16,199 | INFO     | [716115] 🎯 KẾT QUẢ CHỐT: HAPPY (33.49%)
2026-05-22 19:25:16,199 | INFO     | [716115] ⏱️ Thời gian phản hồi: 82.35 ms
2026-05-22 19:25:16,212 | INFO     | [716212] ------------------------------------------
2026-05-22 19:25:16,212 | INFO     | [716212] 📥 NHẬN YÊU CẦU QUÉT KHUÔN MẶT MỚI
2026-05-22 19:25:16,214 | INFO     | [716212] Đã xử lý ảnh thành công. Kích thước tensor: (1, 48, 48, 1)
2026-05-22 19:25:16,301 | INFO     | [716212] 📊 Chi tiết dự đoán: {'ANGRY': 7.53, 'DISGUST': 0.22, 'FEAR': 8.7, 'HAPPY': 35.33, 'NEUTRAL': 19.08, 'SAD': 26.66, 'SURPRISE': 2.47}
2026-05-22 19:25:16,302 | INFO     | [716212] 🎯 KẾT QUẢ CHỐT: HAPPY (35.33%)
2026-05-22 19:25:16,302 | INFO     | [716212] ⏱️ Thời gian phản hồi: 88.68 ms
2026-05-22 19:25:16,320 | INFO     | [716320] ------------------------------------------
2026-05-22 19:25:16,320 | INFO     | [716320] 📥 NHẬN YÊU CẦU QUÉT KHUÔN MẶT MỚI
2026-05-22 19:25:16,320 | INFO     | [716320] Đã xử lý ảnh thành công. Kích thước tensor: (1, 48, 48, 1)
2026-05-22 19:25:16,384 | INFO     | [716320] 📊 Chi tiết dự đoán: {'ANGRY': 8.16, 'DISGUST': 0.27, 'FEAR': 9.75, 'HAPPY': 36.85, 'NEUTRAL': 15.82, 'SAD': 26.32, 'SURPRISE': 2.84}
2026-05-22 19:25:16,384 | INFO     | [716320] 🎯 KẾT QUẢ CHỐT: HAPPY (36.85%)
2026-05-22 19:25:16,384 | INFO     | [716320] ⏱️ Thời gian phản hồi: 64.02 ms
2026-05-22 19:25:16,413 | INFO     | [716413] ------------------------------------------
2026-05-22 19:25:16,413 | INFO     | [716413] 📥 NHẬN YÊU CẦU QUÉT KHUÔN MẶT MỚI
2026-05-22 19:25:16,414 | INFO     | [716413] Đã xử lý ảnh thành công. Kích thước tensor: (1, 48, 48, 1)
2026-05-22 19:25:16,474 | INFO     | [716413] 📊 Chi tiết dự đoán: {'ANGRY': 7.13, 'DISGUST': 0.23, 'FEAR': 8.69, 'HAPPY': 39.52, 'NEUTRAL': 16.24, 'SAD': 25.8, 'SURPRISE': 2.38}
2026-05-22 19:25:16,475 | INFO     | [716413] 🎯 KẾT QUẢ CHỐT: HAPPY (39.52%)
2026-05-22 19:25:16,477 | INFO     | [716413] ⏱️ Thời gian phản hồi: 60.42 ms
2026-05-22 19:25:16,547 | INFO     | [BATCH-716547] ==========================================
2026-05-22 19:25:16,548 | INFO     | [BATCH-716547] 🎞️ NHẬN CHUỖI 60 KHUNG HÌNH (BATCH)
2026-05-22 19:25:16,627 | INFO     | [BATCH-716547] ↳ Frame 1/60: HAPPY (42.6%)
2026-05-22 19:25:16,698 | INFO     | [BATCH-716547] ↳ Frame 2/60: HAPPY (60.9%)
2026-05-22 19:25:16,771 | INFO     | [BATCH-716547] ↳ Frame 3/60: HAPPY (44.2%)
2026-05-22 19:25:16,850 | INFO     | [BATCH-716547] ↳ Frame 4/60: HAPPY (58.7%)
2026-05-22 19:25:16,962 | INFO     | [BATCH-716547] ↳ Frame 5/60: HAPPY (46.9%)
2026-05-22 19:25:17,069 | INFO     | [BATCH-716547] ↳ Frame 6/60: HAPPY (49.7%)
2026-05-22 19:25:17,168 | INFO     | [BATCH-716547] ↳ Frame 7/60: HAPPY (38.4%)
2026-05-22 19:25:17,249 | INFO     | [BATCH-716547] ↳ Frame 8/60: HAPPY (46.1%)
2026-05-22 19:25:17,337 | INFO     | [BATCH-716547] ↳ Frame 9/60: SAD (29.6%)
2026-05-22 19:25:17,427 | INFO     | [BATCH-716547] ↳ Frame 10/60: SAD (29.2%)
2026-05-22 19:25:17,514 | INFO     | [BATCH-716547] ↳ Frame 11/60: SAD (30.1%)
2026-05-22 19:25:17,611 | INFO     | [BATCH-716547] ↳ Frame 12/60: HAPPY (29.5%)
2026-05-22 19:25:17,715 | INFO     | [BATCH-716547] ↳ Frame 13/60: HAPPY (29.6%)
2026-05-22 19:25:17,809 | INFO     | [BATCH-716547] ↳ Frame 14/60: NEUTRAL (27.6%)
2026-05-22 19:25:17,900 | INFO     | [BATCH-716547] ↳ Frame 15/60: SAD (29.4%)
2026-05-22 19:25:17,970 | INFO     | [BATCH-716547] ↳ Frame 16/60: SAD (33.8%)
2026-05-22 19:25:18,051 | INFO     | [BATCH-716547] ↳ Frame 17/60: SAD (33.1%)
2026-05-22 19:25:18,135 | INFO     | [BATCH-716547] ↳ Frame 18/60: SAD (28.3%)
2026-05-22 19:25:18,219 | INFO     | [BATCH-716547] ↳ Frame 19/60: SAD (30.9%)
2026-05-22 19:25:18,294 | INFO     | [BATCH-716547] ↳ Frame 20/60: HAPPY (36.4%)
2026-05-22 19:25:18,367 | INFO     | [BATCH-716547] ↳ Frame 21/60: HAPPY (34.5%)
2026-05-22 19:25:18,464 | INFO     | [BATCH-716547] ↳ Frame 22/60: HAPPY (40.5%)
2026-05-22 19:25:18,555 | INFO     | [BATCH-716547] ↳ Frame 23/60: HAPPY (33.2%)
2026-05-22 19:25:18,647 | INFO     | [BATCH-716547] ↳ Frame 24/60: SAD (31.1%)
2026-05-22 19:25:18,740 | INFO     | [BATCH-716547] ↳ Frame 25/60: HAPPY (30.6%)
2026-05-22 19:25:18,837 | INFO     | [BATCH-716547] ↳ Frame 26/60: HAPPY (30.0%)
2026-05-22 19:25:19,601 | INFO     | [BATCH-716547] ↳ Frame 27/60: HAPPY (31.7%)
2026-05-22 19:25:19,663 | INFO     | [BATCH-716547] ↳ Frame 28/60: HAPPY (40.1%)
2026-05-22 19:25:19,732 | INFO     | [BATCH-716547] ↳ Frame 29/60: HAPPY (31.4%)
2026-05-22 19:25:19,802 | INFO     | [BATCH-716547] ↳ Frame 30/60: HAPPY (28.0%)
2026-05-22 19:25:19,868 | INFO     | [BATCH-716547] ↳ Frame 31/60: HAPPY (30.8%)
2026-05-22 19:25:19,930 | INFO     | [BATCH-716547] ↳ Frame 32/60: SAD (27.6%)
2026-05-22 19:25:20,002 | INFO     | [BATCH-716547] ↳ Frame 33/60: HAPPY (28.1%)
2026-05-22 19:25:20,071 | INFO     | [BATCH-716547] ↳ Frame 34/60: SAD (30.5%)
2026-05-22 19:25:20,144 | INFO     | [BATCH-716547] ↳ Frame 35/60: SAD (31.4%)
2026-05-22 19:25:20,224 | INFO     | [BATCH-716547] ↳ Frame 36/60: NEUTRAL (29.8%)
2026-05-22 19:25:20,295 | INFO     | [BATCH-716547] ↳ Frame 37/60: SAD (33.2%)
2026-05-22 19:25:20,365 | INFO     | [BATCH-716547] ↳ Frame 38/60: SAD (31.7%)
2026-05-22 19:25:20,431 | INFO     | [BATCH-716547] ↳ Frame 39/60: SAD (30.7%)
2026-05-22 19:25:20,495 | INFO     | [BATCH-716547] ↳ Frame 40/60: SAD (33.6%)
2026-05-22 19:25:20,565 | INFO     | [BATCH-716547] ↳ Frame 41/60: SAD (32.7%)
2026-05-22 19:25:20,627 | INFO     | [BATCH-716547] ↳ Frame 42/60: SAD (34.4%)
2026-05-22 19:25:20,699 | INFO     | [BATCH-716547] ↳ Frame 43/60: SAD (29.8%)
2026-05-22 19:25:20,758 | INFO     | [BATCH-716547] ↳ Frame 44/60: SAD (32.6%)
2026-05-22 19:25:20,814 | INFO     | [BATCH-716547] ↳ Frame 45/60: SAD (33.6%)
2026-05-22 19:25:20,865 | INFO     | [BATCH-716547] ↳ Frame 46/60: SAD (34.6%)
2026-05-22 19:25:20,931 | INFO     | [BATCH-716547] ↳ Frame 47/60: SAD (32.7%)
2026-05-22 19:25:20,984 | INFO     | [BATCH-716547] ↳ Frame 48/60: SAD (30.5%)
2026-05-22 19:25:21,047 | INFO     | [BATCH-716547] ↳ Frame 49/60: SAD (32.0%)
2026-05-22 19:25:21,108 | INFO     | [BATCH-716547] ↳ Frame 50/60: SAD (31.1%)
2026-05-22 19:25:21,173 | INFO     | [BATCH-716547] ↳ Frame 51/60: SAD (29.8%)
2026-05-22 19:25:21,238 | INFO     | [BATCH-716547] ↳ Frame 52/60: HAPPY (34.1%)
2026-05-22 19:25:21,309 | INFO     | [BATCH-716547] ↳ Frame 53/60: HAPPY (33.5%)
2026-05-22 19:25:21,377 | INFO     | [BATCH-716547] ↳ Frame 54/60: HAPPY (37.5%)
2026-05-22 19:25:21,445 | INFO     | [BATCH-716547] ↳ Frame 55/60: HAPPY (34.2%)
2026-05-22 19:25:21,513 | INFO     | [BATCH-716547] ↳ Frame 56/60: HAPPY (39.5%)
2026-05-22 19:25:21,564 | INFO     | [BATCH-716547] ↳ Frame 57/60: HAPPY (34.7%)
2026-05-22 19:25:21,631 | INFO     | [BATCH-716547] ↳ Frame 58/60: SAD (30.4%)
2026-05-22 19:25:21,686 | INFO     | [BATCH-716547] ↳ Frame 59/60: SAD (30.4%)
2026-05-22 19:25:21,745 | INFO     | [BATCH-716547] ↳ Frame 60/60: HAPPY (29.2%)
2026-05-22 19:25:21,745 | INFO     | [BATCH-716547] 🎯 KẾT QUẢ CHUỖI: HAPPY (Tần suất: {'HAPPY': 29, 'SAD': 29, 'NEUTRAL': 2})
2026-05-22 19:25:21,745 | INFO     | [BATCH-716547] ⏱️ Tổng thời gian xử lý: 5197.88 ms
