2026-06-22 15:14:18.180 [main] INFO  [txId=] [corrId=] com.datn.finrisk.FinriskApplication - Starting FinriskApplication using Java 22.0.1 with PID 24504 (C:\Users\thach\fin-risk-system\backend\finrisk\target\classes started by thach in C:\Users\thach\fin-risk-system\backend\finrisk)
2026-06-22 15:14:18.182 [main] DEBUG [txId=] [corrId=] com.datn.finrisk.FinriskApplication - Running with Spring Boot v3.5.13, Spring v6.2.17
2026-06-22 15:14:18.183 [main] INFO  [txId=] [corrId=] com.datn.finrisk.FinriskApplication - No active profile set, falling back to 1 default profile: "default"
2026-06-22 15:14:19.468 [main] INFO  [txId=] [corrId=] o.s.d.r.c.RepositoryConfigurationDelegate - Multiple Spring Data modules found, entering strict repository configuration mode
2026-06-22 15:14:19.473 [main] INFO  [txId=] [corrId=] o.s.d.r.c.RepositoryConfigurationDelegate - Bootstrapping Spring Data JPA repositories in DEFAULT mode.
2026-06-22 15:14:19.735 [main] INFO  [txId=] [corrId=] o.s.d.r.c.RepositoryConfigurationDelegate - Finished Spring Data repository scanning in 251 ms. Found 18 JPA repository interfaces.
2026-06-22 15:14:19.768 [main] INFO  [txId=] [corrId=] o.s.d.r.c.RepositoryConfigurationDelegate - Multiple Spring Data modules found, entering strict repository configuration mode
2026-06-22 15:14:19.771 [main] INFO  [txId=] [corrId=] o.s.d.r.c.RepositoryConfigurationDelegate - Bootstrapping Spring Data Redis repositories in DEFAULT mode.
2026-06-22 15:14:19.820 [main] INFO  [txId=] [corrId=] o.s.d.r.c.RepositoryConfigurationExtensionSupport - Spring Data Redis - Could not safely identify store assignment for repository candidate interface com.datn.finrisk.core.repository.AccountRepository; If you want this repository to be a Redis repository, consider annotating your entities with one of these annotations: org.springframework.data.redis.core.RedisHash (preferred), or consider extending one of the following types with your repository: org.springframework.data.keyvalue.repository.KeyValueRepository
2026-06-22 15:14:19.820 [main] INFO  [txId=] [corrId=] o.s.d.r.c.RepositoryConfigurationExtensionSupport - Spring Data Redis - Could not safely identify store assignment for repository candidate interface com.datn.finrisk.core.repository.AiScanLogRepository; If you want this repository to be a Redis repository, consider annotating your entities with one of these annotations: org.springframework.data.redis.core.RedisHash (preferred), or consider extending one of the following types with your repository: org.springframework.data.keyvalue.repository.KeyValueRepository
2026-06-22 15:14:19.820 [main] INFO  [txId=] [corrId=] o.s.d.r.c.RepositoryConfigurationExtensionSupport - Spring Data Redis - Could not safely identify store assignment for repository candidate interface com.datn.finrisk.core.repository.AuditLogRepository; If you want this repository to be a Redis repository, consider annotating your entities with one of these annotations: org.springframework.data.redis.core.RedisHash (preferred), or consider extending one of the following types with your repository: org.springframework.data.keyvalue.repository.KeyValueRepository
2026-06-22 15:14:19.821 [main] INFO  [txId=] [corrId=] o.s.d.r.c.RepositoryConfigurationExtensionSupport - Spring Data Redis - Could not safely identify store assignment for repository candidate interface com.datn.finrisk.core.repository.AuthenticationLogRepository; If you want this repository to be a Redis repository, consider annotating your entities with one of these annotations: org.springframework.data.redis.core.RedisHash (preferred), or consider extending one of the following types with your repository: org.springframework.data.keyvalue.repository.KeyValueRepository
2026-06-22 15:14:19.821 [main] INFO  [txId=] [corrId=] o.s.d.r.c.RepositoryConfigurationExtensionSupport - Spring Data Redis - Could not safely identify store assignment for repository candidate interface com.datn.finrisk.core.repository.BiometricSessionRepository; If you want this repository to be a Redis repository, consider annotating your entities with one of these annotations: org.springframework.data.redis.core.RedisHash (preferred), or consider extending one of the following types with your repository: org.springframework.data.keyvalue.repository.KeyValueRepository
2026-06-22 15:14:19.822 [main] INFO  [txId=] [corrId=] o.s.d.r.c.RepositoryConfigurationExtensionSupport - Spring Data Redis - Could not safely identify store assignment for repository candidate interface com.datn.finrisk.core.repository.PeerGroupRepository; If you want this repository to be a Redis repository, consider annotating your entities with one of these annotations: org.springframework.data.redis.core.RedisHash (preferred), or consider extending one of the following types with your repository: org.springframework.data.keyvalue.repository.KeyValueRepository
2026-06-22 15:14:19.823 [main] INFO  [txId=] [corrId=] o.s.d.r.c.RepositoryConfigurationExtensionSupport - Spring Data Redis - Could not safely identify store assignment for repository candidate interface com.datn.finrisk.core.repository.RiskPolicyRepository; If you want this repository to be a Redis repository, consider annotating your entities with one of these annotations: org.springframework.data.redis.core.RedisHash (preferred), or consider extending one of the following types with your repository: org.springframework.data.keyvalue.repository.KeyValueRepository
2026-06-22 15:14:19.824 [main] INFO  [txId=] [corrId=] o.s.d.r.c.RepositoryConfigurationExtensionSupport - Spring Data Redis - Could not safely identify store assignment for repository candidate interface com.datn.finrisk.core.repository.RiskScoreRepository; If you want this repository to be a Redis repository, consider annotating your entities with one of these annotations: org.springframework.data.redis.core.RedisHash (preferred), or consider extending one of the following types with your repository: org.springframework.data.keyvalue.repository.KeyValueRepository
2026-06-22 15:14:19.825 [main] INFO  [txId=] [corrId=] o.s.d.r.c.RepositoryConfigurationExtensionSupport - Spring Data Redis - Could not safely identify store assignment for repository candidate interface com.datn.finrisk.core.repository.RuleRepository; If you want this repository to be a Redis repository, consider annotating your entities with one of these annotations: org.springframework.data.redis.core.RedisHash (preferred), or consider extending one of the following types with your repository: org.springframework.data.keyvalue.repository.KeyValueRepository
2026-06-22 15:14:19.825 [main] INFO  [txId=] [corrId=] o.s.d.r.c.RepositoryConfigurationExtensionSupport - Spring Data Redis - Could not safely identify store assignment for repository candidate interface com.datn.finrisk.core.repository.SystemConfigLogRepository; If you want this repository to be a Redis repository, consider annotating your entities with one of these annotations: org.springframework.data.redis.core.RedisHash (preferred), or consider extending one of the following types with your repository: org.springframework.data.keyvalue.repository.KeyValueRepository
2026-06-22 15:14:19.826 [main] INFO  [txId=] [corrId=] o.s.d.r.c.RepositoryConfigurationExtensionSupport - Spring Data Redis - Could not safely identify store assignment for repository candidate interface com.datn.finrisk.core.repository.TransactionAiInsightRepository; If you want this repository to be a Redis repository, consider annotating your entities with one of these annotations: org.springframework.data.redis.core.RedisHash (preferred), or consider extending one of the following types with your repository: org.springframework.data.keyvalue.repository.KeyValueRepository
2026-06-22 15:14:19.826 [main] INFO  [txId=] [corrId=] o.s.d.r.c.RepositoryConfigurationExtensionSupport - Spring Data Redis - Could not safely identify store assignment for repository candidate interface com.datn.finrisk.core.repository.TransactionLedgerRepository; If you want this repository to be a Redis repository, consider annotating your entities with one of these annotations: org.springframework.data.redis.core.RedisHash (preferred), or consider extending one of the following types with your repository: org.springframework.data.keyvalue.repository.KeyValueRepository
2026-06-22 15:14:19.826 [main] INFO  [txId=] [corrId=] o.s.d.r.c.RepositoryConfigurationExtensionSupport - Spring Data Redis - Could not safely identify store assignment for repository candidate interface com.datn.finrisk.core.repository.TransactionRepository; If you want this repository to be a Redis repository, consider annotating your entities with one of these annotations: org.springframework.data.redis.core.RedisHash (preferred), or consider extending one of the following types with your repository: org.springframework.data.keyvalue.repository.KeyValueRepository
2026-06-22 15:14:19.827 [main] INFO  [txId=] [corrId=] o.s.d.r.c.RepositoryConfigurationExtensionSupport - Spring Data Redis - Could not safely identify store assignment for repository candidate interface com.datn.finrisk.core.repository.UserBehaviorProfileRepository; If you want this repository to be a Redis repository, consider annotating your entities with one of these annotations: org.springframework.data.redis.core.RedisHash (preferred), or consider extending one of the following types with your repository: org.springframework.data.keyvalue.repository.KeyValueRepository
2026-06-22 15:14:19.827 [main] INFO  [txId=] [corrId=] o.s.d.r.c.RepositoryConfigurationExtensionSupport - Spring Data Redis - Could not safely identify store assignment for repository candidate interface com.datn.finrisk.core.repository.UserContactRepository; If you want this repository to be a Redis repository, consider annotating your entities with one of these annotations: org.springframework.data.redis.core.RedisHash (preferred), or consider extending one of the following types with your repository: org.springframework.data.keyvalue.repository.KeyValueRepository
2026-06-22 15:14:19.828 [main] INFO  [txId=] [corrId=] o.s.d.r.c.RepositoryConfigurationExtensionSupport - Spring Data Redis - Could not safely identify store assignment for repository candidate interface com.datn.finrisk.core.repository.UserDeviceRepository; If you want this repository to be a Redis repository, consider annotating your entities with one of these annotations: org.springframework.data.redis.core.RedisHash (preferred), or consider extending one of the following types with your repository: org.springframework.data.keyvalue.repository.KeyValueRepository
2026-06-22 15:14:19.828 [main] INFO  [txId=] [corrId=] o.s.d.r.c.RepositoryConfigurationExtensionSupport - Spring Data Redis - Could not safely identify store assignment for repository candidate interface com.datn.finrisk.core.repository.UserRepository; If you want this repository to be a Redis repository, consider annotating your entities with one of these annotations: org.springframework.data.redis.core.RedisHash (preferred), or consider extending one of the following types with your repository: org.springframework.data.keyvalue.repository.KeyValueRepository
2026-06-22 15:14:19.828 [main] INFO  [txId=] [corrId=] o.s.d.r.c.RepositoryConfigurationExtensionSupport - Spring Data Redis - Could not safely identify store assignment for repository candidate interface com.datn.finrisk.core.repository.UserSecurityRepository; If you want this repository to be a Redis repository, consider annotating your entities with one of these annotations: org.springframework.data.redis.core.RedisHash (preferred), or consider extending one of the following types with your repository: org.springframework.data.keyvalue.repository.KeyValueRepository
2026-06-22 15:14:19.828 [main] INFO  [txId=] [corrId=] o.s.d.r.c.RepositoryConfigurationDelegate - Finished Spring Data repository scanning in 27 ms. Found 0 Redis repository interfaces.
2026-06-22 15:14:21.039 [main] INFO  [txId=] [corrId=] o.s.b.w.e.tomcat.TomcatWebServer - Tomcat initialized with port 8081 (http)
2026-06-22 15:14:21.055 [main] INFO  [txId=] [corrId=] o.a.catalina.core.StandardService - Starting service [Tomcat]
2026-06-22 15:14:21.057 [main] INFO  [txId=] [corrId=] o.a.catalina.core.StandardEngine - Starting Servlet engine: [Apache Tomcat/10.1.53]
2026-06-22 15:14:21.144 [main] INFO  [txId=] [corrId=] o.a.c.c.C.[Tomcat].[localhost].[/] - Initializing Spring embedded WebApplicationContext
2026-06-22 15:14:21.144 [main] INFO  [txId=] [corrId=] o.s.b.w.s.c.ServletWebServerApplicationContext - Root WebApplicationContext: initialization completed in 2911 ms
2026-06-22 15:14:21.422 [main] INFO  [txId=] [corrId=] o.h.jpa.internal.util.LogHelper - HHH000204: Processing PersistenceUnitInfo [name: default]
2026-06-22 15:14:21.482 [main] INFO  [txId=] [corrId=] org.hibernate.Version - HHH000412: Hibernate ORM core version 6.6.45.Final
2026-06-22 15:14:21.524 [main] INFO  [txId=] [corrId=] o.h.c.i.RegionFactoryInitiator - HHH000026: Second-level cache disabled
2026-06-22 15:14:21.651 [main] INFO  [txId=] [corrId=] com.zaxxer.hikari.HikariDataSource - HikariPool-1 - Starting...
2026-06-22 15:14:21.847 [main] INFO  [txId=] [corrId=] com.zaxxer.hikari.pool.HikariPool - HikariPool-1 - Added connection com.mysql.cj.jdbc.ConnectionImpl@1b994617
2026-06-22 15:14:21.850 [main] INFO  [txId=] [corrId=] com.zaxxer.hikari.HikariDataSource - HikariPool-1 - Start completed.
2026-06-22 15:14:21.905 [main] WARN  [txId=] [corrId=] org.hibernate.orm.deprecation - HHH90000025: MySQLDialect does not need to be specified explicitly using 'hibernate.dialect' (remove the property setting and it will be selected by default)
2026-06-22 15:14:21.924 [main] INFO  [txId=] [corrId=] o.hibernate.orm.connections.pooling - HHH10001005: Database info:
	Database JDBC URL [Connecting through datasource 'HikariDataSource (HikariPool-1)']
	Database driver: undefined/unknown
	Database version: 8.0.42
	Autocommit mode: undefined/unknown
	Isolation level: undefined/unknown
	Minimum pool size: undefined/unknown
	Maximum pool size: undefined/unknown
2026-06-22 15:14:22.177 [main] INFO  [txId=] [corrId=] o.s.o.j.p.SpringPersistenceUnitInfo - No LoadTimeWeaver setup: ignoring JPA class transformer
2026-06-22 15:14:23.704 [main] INFO  [txId=] [corrId=] o.h.e.t.j.p.i.JtaPlatformInitiator - HHH000489: No JTA platform available (set 'hibernate.transaction.jta.platform' to enable JTA platform integration)
2026-06-22 15:14:23.905 [main] INFO  [txId=] [corrId=] o.s.o.j.LocalContainerEntityManagerFactoryBean - Initialized JPA EntityManagerFactory for persistence unit 'default'
2026-06-22 15:14:24.184 [main] INFO  [txId=] [corrId=] o.s.d.j.r.query.QueryEnhancerFactory - Hibernate is in classpath; If applicable, HQL parser will be used.
2026-06-22 15:14:25.721 [main] DEBUG [txId=] [corrId=] c.d.f.i.config.CorrelationIdFilter - Filter 'correlationIdFilter' configured for use
2026-06-22 15:14:25.721 [main] DEBUG [txId=] [corrId=] c.d.f.core.security.JwtAuthFilter - Filter 'jwtAuthFilter' configured for use
2026-06-22 15:14:27.481 [main] WARN  [txId=] [corrId=] o.s.b.a.o.j.JpaBaseConfiguration$JpaWebConfiguration - spring.jpa.open-in-view is enabled by default. Therefore, database queries may be performed during view rendering. Explicitly configure spring.jpa.open-in-view to disable this warning
2026-06-22 15:14:27.528 [main] INFO  [txId=] [corrId=] c.d.f.i.config.WebSocketConfig - [WS-CONFIG] Registering handler at /ws/emotion-stream
2026-06-22 15:14:27.530 [main] INFO  [txId=] [corrId=] c.d.f.i.config.WebSocketConfig - [WS-CONFIG] Registering handler at /ws/voice-stream
2026-06-22 15:14:27.885 [main] WARN  [txId=] [corrId=] o.s.b.a.s.s.UserDetailsServiceAutoConfiguration - 

Using generated security password: af919afa-1792-45b0-9b2f-85efbce80b51

This generated password is for development use only. Your security configuration must be updated before running your application in production.

2026-06-22 15:14:27.900 [main] INFO  [txId=] [corrId=] o.s.s.c.a.a.c.InitializeUserDetailsBeanManagerConfigurer$InitializeUserDetailsManagerConfigurer - Global AuthenticationManager configured with UserDetailsService bean with name inMemoryUserDetailsManager
2026-06-22 15:14:29.505 [main] INFO  [txId=] [corrId=] o.s.b.w.e.tomcat.TomcatWebServer - Tomcat started on port 8081 (http) with context path '/'
2026-06-22 15:14:29.520 [main] INFO  [txId=] [corrId=] com.datn.finrisk.FinriskApplication - Started FinriskApplication in 12.149 seconds (process running for 12.625)
2026-06-22 15:14:29.651 [scheduling-1] INFO  [txId=] [corrId=] c.d.f.i.a.PerformanceTracerAspect - [TRACE-JAVA] com.datn.finrisk.core.repository.BiometricSessionRepository.deleteByExpiresAtBefore() executed in 115 ms
2026-06-22 15:14:29.651 [scheduling-1] INFO  [txId=] [corrId=] c.d.f.w.w.BiometricSessionCleanupScheduler - [BIOMETRIC-SCHEDULER] Expired biometric sessions purged from DB
2026-06-22 15:14:29.656 [scheduling-1] INFO  [txId=] [corrId=] c.d.f.w.w.WebSocketMetricsLogger - [WS-METRICS] active_sessions=0 total_buffered_frames=0 total_buffer_size={ Milan}MB
2026-06-22 15:14:29.708 [scheduling-1] INFO  [txId=] [corrId=] c.d.f.i.a.PerformanceTracerAspect - [TRACE-JAVA] com.datn.finrisk.core.repository.TransactionRepository.findStaleUnderReviewIds() executed in 50 ms
2026-06-22 15:14:29.719 [scheduling-1] INFO  [txId=] [corrId=] c.d.f.i.a.PerformanceTracerAspect - [TRACE-JAVA] com.datn.finrisk.core.repository.TransactionRepository.findStalledTransactionIds() executed in 10 ms
2026-06-22 15:14:47.762 [http-nio-8081-exec-1] INFO  [txId=] [corrId=] o.a.c.c.C.[Tomcat].[localhost].[/] - Initializing Spring DispatcherServlet 'dispatcherServlet'
2026-06-22 15:14:47.762 [http-nio-8081-exec-1] INFO  [txId=] [corrId=] o.s.web.servlet.DispatcherServlet - Initializing Servlet 'dispatcherServlet'
2026-06-22 15:14:47.764 [http-nio-8081-exec-1] INFO  [txId=] [corrId=] o.s.web.servlet.DispatcherServlet - Completed initialization in 1 ms
2026-06-22 15:14:48.460 [http-nio-8081-exec-2] INFO  [txId=] [corrId=0f426f22cbcc] c.d.f.i.a.PerformanceTracerAspect - [TRACE-JAVA] com.datn.finrisk.core.services.RateLimitService.isLoginBlocked() executed in 531 ms
2026-06-22 15:14:48.461 [http-nio-8081-exec-2] INFO  [txId=] [corrId=0f426f22cbcc] c.d.f.core.services.AuthService - === BẮT ĐẦU XỬ LÝ LOGIN CHO USER: congnhan_b ===
2026-06-22 15:14:48.521 [http-nio-8081-exec-2] INFO  [txId=] [corrId=0f426f22cbcc] c.d.f.i.a.PerformanceTracerAspect - [TRACE-JAVA] com.datn.finrisk.core.repository.UserRepository.findByUsername() executed in 59 ms
2026-06-22 15:14:48.522 [http-nio-8081-exec-2] INFO  [txId=] [corrId=0f426f22cbcc] c.d.f.core.services.AuthService - 🔍 ĐANG SO SÁNH MẬT KHẨU...
2026-06-22 15:14:48.599 [http-nio-8081-exec-2] DEBUG [txId=] [corrId=0f426f22cbcc] c.d.f.core.services.AuthService - 🎯 KẾT QUẢ SO SÁNH: true
2026-06-22 15:14:48.613 [http-nio-8081-exec-2] INFO  [txId=] [corrId=0f426f22cbcc] c.d.f.i.a.PerformanceTracerAspect - [TRACE-JAVA] com.datn.finrisk.core.repository.AccountRepository.findByUserId() executed in 11 ms
2026-06-22 15:14:48.613 [http-nio-8081-exec-2] INFO  [txId=] [corrId=0f426f22cbcc] c.d.f.core.services.AuthService - ✅ LOGIN THÀNH CÔNG CHO USER: congnhan_b
2026-06-22 15:14:48.613 [http-nio-8081-exec-2] INFO  [txId=] [corrId=0f426f22cbcc] c.d.f.i.a.PerformanceTracerAspect - [TRACE-JAVA] com.datn.finrisk.core.services.AuthService.login() executed in 152 ms
2026-06-22 15:14:48.616 [http-nio-8081-exec-2] INFO  [txId=] [corrId=0f426f22cbcc] c.d.f.i.a.PerformanceTracerAspect - [TRACE-JAVA] com.datn.finrisk.core.services.RateLimitService.clearLoginAttempts() executed in 2 ms
2026-06-22 15:14:48.624 [http-nio-8081-exec-2] INFO  [txId=] [corrId=0f426f22cbcc] c.d.f.i.a.PerformanceTracerAspect - [TRACE-JAVA] com.datn.finrisk.core.repository.UserDeviceRepository.findByUserIdAndDeviceFingerprint() executed in 7 ms
2026-06-22 15:14:48.677 [http-nio-8081-exec-2] INFO  [txId=] [corrId=0f426f22cbcc] c.d.f.core.services.AuditLogService - [AUDIT] action=LOGIN_SUCCESS user=congnhan_b
2026-06-22 15:14:48.677 [http-nio-8081-exec-2] INFO  [txId=] [corrId=0f426f22cbcc] c.d.f.i.a.PerformanceTracerAspect - [TRACE-JAVA] com.datn.finrisk.core.services.AuditLogService.logAction() executed in 51 ms
2026-06-22 15:14:48.817 [http-nio-8081-exec-2] INFO  [txId=] [corrId=0f426f22cbcc] c.d.f.i.a.PerformanceTracerAspect - [TRACE-JAVA] com.datn.finrisk.core.repository.UserDeviceRepository.findByUserIdAndDeviceFingerprint() executed in 3 ms
2026-06-22 15:14:48.831 [http-nio-8081-exec-2] INFO  [txId=] [corrId=0f426f22cbcc] c.d.f.i.a.PerformanceTracerAspect - [TRACE-JAVA] com.datn.finrisk.core.repository.AccountRepository.findByUser() executed in 6 ms
2026-06-22 15:14:48.831 [http-nio-8081-exec-2] DEBUG [txId=] [corrId=0f426f22cbcc] c.d.f.web.controllers.AuthController - [AUTH] Account linked user=congnhan_b account=CN_MAIN_001
2026-06-22 15:14:48.832 [http-nio-8081-exec-2] INFO  [txId=] [corrId=0f426f22cbcc] c.d.f.i.a.PerformanceTracerAspect - [TRACE-JAVA] com.datn.finrisk.web.controllers.AuthController.login() executed in 903 ms
2026-06-22 15:14:49.770 [http-nio-8081-exec-7] INFO  [txId=] [corrId=9de0570ad7f2] c.d.f.i.a.PerformanceTracerAspect - [TRACE-JAVA] com.datn.finrisk.core.services.JwtBlocklistService.isBlocked() executed in 2 ms
2026-06-22 15:14:49.770 [http-nio-8081-exec-8] INFO  [txId=] [corrId=9857ab2c6dbb] c.d.f.i.a.PerformanceTracerAspect - [TRACE-JAVA] com.datn.finrisk.core.services.JwtBlocklistService.isBlocked() executed in 2 ms
2026-06-22 15:14:49.817 [http-nio-8081-exec-7] INFO  [txId=] [corrId=9de0570ad7f2] c.d.f.i.a.PerformanceTracerAspect - [TRACE-JAVA] com.datn.finrisk.core.repository.TransactionLedgerRepository.findRecentDebitsWithTransaction() executed in 38 ms
2026-06-22 15:14:49.826 [http-nio-8081-exec-7] INFO  [txId=] [corrId=9de0570ad7f2] c.d.f.i.a.PerformanceTracerAspect - [TRACE-JAVA] com.datn.finrisk.core.repository.AccountRepository.findAccountNumbersAndNames() executed in 6 ms
2026-06-22 15:14:49.827 [http-nio-8081-exec-7] INFO  [txId=] [corrId=9de0570ad7f2] c.d.f.i.a.PerformanceTracerAspect - [TRACE-JAVA] com.datn.finrisk.web.controllers.TransactionController.getRecentRecipients() executed in 49 ms
2026-06-22 15:14:49.828 [http-nio-8081-exec-8] INFO  [txId=] [corrId=9857ab2c6dbb] c.d.f.i.a.PerformanceTracerAspect - [TRACE-JAVA] com.datn.finrisk.web.controllers.UserController.getContacts() executed in 51 ms
2026-06-22 15:14:49.838 [http-nio-8081-exec-10] INFO  [txId=] [corrId=524ba0b1b51b] c.d.f.i.a.PerformanceTracerAspect - [TRACE-JAVA] com.datn.finrisk.core.services.JwtBlocklistService.isBlocked() executed in 3 ms
2026-06-22 15:14:49.838 [http-nio-8081-exec-9] INFO  [txId=] [corrId=ba43538af33e] c.d.f.i.a.PerformanceTracerAspect - [TRACE-JAVA] com.datn.finrisk.core.services.JwtBlocklistService.isBlocked() executed in 3 ms
2026-06-22 15:14:49.850 [http-nio-8081-exec-10] INFO  [txId=] [corrId=524ba0b1b51b] c.d.f.i.a.PerformanceTracerAspect - [TRACE-JAVA] com.datn.finrisk.core.repository.TransactionLedgerRepository.findRecentDebitsWithTransaction() executed in 9 ms
2026-06-22 15:14:49.852 [http-nio-8081-exec-9] INFO  [txId=] [corrId=ba43538af33e] c.d.f.i.a.PerformanceTracerAspect - [TRACE-JAVA] com.datn.finrisk.web.controllers.UserController.getContacts() executed in 11 ms
2026-06-22 15:14:49.855 [http-nio-8081-exec-10] INFO  [txId=] [corrId=524ba0b1b51b] c.d.f.i.a.PerformanceTracerAspect - [TRACE-JAVA] com.datn.finrisk.core.repository.AccountRepository.findAccountNumbersAndNames() executed in 4 ms
2026-06-22 15:14:49.856 [http-nio-8081-exec-10] INFO  [txId=] [corrId=524ba0b1b51b] c.d.f.i.a.PerformanceTracerAspect - [TRACE-JAVA] com.datn.finrisk.web.controllers.TransactionController.getRecentRecipients() executed in 15 ms
2026-06-22 15:14:52.476 [http-nio-8081-exec-2] INFO  [txId=] [corrId=93aeddab93d3] c.d.f.i.a.PerformanceTracerAspect - [TRACE-JAVA] com.datn.finrisk.core.services.JwtBlocklistService.isBlocked() executed in 2 ms
2026-06-22 15:14:52.487 [http-nio-8081-exec-2] INFO  [txId=] [corrId=93aeddab93d3] c.d.f.i.a.PerformanceTracerAspect - [TRACE-JAVA] com.datn.finrisk.core.repository.AccountRepository.findFullNameByAccountNumber() executed in 5 ms
2026-06-22 15:14:52.488 [http-nio-8081-exec-2] INFO  [txId=] [corrId=93aeddab93d3] c.d.f.i.a.PerformanceTracerAspect - [TRACE-JAVA] com.datn.finrisk.web.controllers.TransactionController.lookupAccountName() executed in 6 ms
2026-06-22 15:14:53.114 [http-nio-8081-exec-4] INFO  [txId=] [corrId=cf1309445cbe] c.d.f.i.a.PerformanceTracerAspect - [TRACE-JAVA] com.datn.finrisk.core.services.JwtBlocklistService.isBlocked() executed in 1 ms
2026-06-22 15:14:53.189 [http-nio-8081-exec-4] INFO  [txId=] [corrId=cf1309445cbe] c.d.f.i.a.PerformanceTracerAspect - [TRACE-JAVA] com.datn.finrisk.core.repository.AccountRepository.findByIdWithUserAndSecurity() executed in 12 ms
2026-06-22 15:14:53.194 [http-nio-8081-exec-4] INFO  [txId=] [corrId=cf1309445cbe] c.d.f.i.a.PerformanceTracerAspect - [TRACE-JAVA] com.datn.finrisk.core.repository.AccountRepository.findByIdWithUserAndSecurity() executed in 2 ms
2026-06-22 15:14:53.212 [http-nio-8081-exec-4] INFO  [txId=] [corrId=cf1309445cbe] c.d.f.i.a.PerformanceTracerAspect - [TRACE-JAVA] com.datn.finrisk.core.repository.TransactionLedgerRepository.existsByAccountIdAndToAccountNumber() executed in 17 ms
2026-06-22 15:14:53.214 [http-nio-8081-exec-4] DEBUG [txId=] [corrId=cf1309445cbe] c.d.f.c.s.RiskEvaluationService - [RISK-ENGINE][START] tx=null evaluating risk
2026-06-22 15:14:53.222 [http-nio-8081-exec-4] INFO  [txId=] [corrId=cf1309445cbe] c.d.f.i.a.PerformanceTracerAspect - [TRACE-JAVA] com.datn.finrisk.core.repository.RuleRepository.findByIsActiveTrue() executed in 7 ms
2026-06-22 15:14:53.229 [http-nio-8081-exec-4] INFO  [txId=] [corrId=cf1309445cbe] c.d.f.i.a.PerformanceTracerAspect - [TRACE-JAVA] com.datn.finrisk.core.repository.TransactionRepository.countRecentTransactions() executed in 6 ms
2026-06-22 15:14:53.235 [http-nio-8081-exec-4] INFO  [txId=] [corrId=cf1309445cbe] c.d.f.i.a.PerformanceTracerAspect - [TRACE-JAVA] com.datn.finrisk.core.repository.TransactionRepository.sumSuccessfulAmountToday() executed in 6 ms
2026-06-22 15:14:53.264 [http-nio-8081-exec-4] INFO  [txId=] [corrId=cf1309445cbe] c.d.f.i.a.PerformanceTracerAspect - [TRACE-JAVA] com.datn.finrisk.core.services.BehavioralProfilingService.calculateBehavioralAnomalyScore() executed in 28 ms
2026-06-22 15:14:53.271 [http-nio-8081-exec-4] INFO  [txId=] [corrId=cf1309445cbe] c.d.f.i.a.PerformanceTracerAspect - [TRACE-JAVA] com.datn.finrisk.core.repository.UserDeviceRepository.findByUserIdAndDeviceFingerprint() executed in 4 ms
2026-06-22 15:14:53.278 [http-nio-8081-exec-4] INFO  [txId=] [corrId=cf1309445cbe] c.d.f.c.s.RiskEvaluationService - [RISK-ENGINE][RESULT] tx=null final=58 cat_total=40 ai=18 cats={FINANCIAL=40} override=MEDIUM_2
2026-06-22 15:14:53.280 [http-nio-8081-exec-4] INFO  [txId=] [corrId=cf1309445cbe] c.d.f.i.a.PerformanceTracerAspect - [TRACE-JAVA] com.datn.finrisk.core.services.RiskEvaluationService.evaluateRisk() executed in 67 ms
2026-06-22 15:14:53.289 [http-nio-8081-exec-4] DEBUG [txId=] [corrId=cf1309445cbe] c.d.f.c.services.TransactionService - Transaction saved: id=4850
2026-06-22 15:14:53.294 [http-nio-8081-exec-4] DEBUG [txId=] [corrId=cf1309445cbe] c.d.f.c.services.TransactionService - Saved 1 risk score(s) for tx=4850
2026-06-22 15:14:53.308 [http-nio-8081-exec-4] DEBUG [txId=] [corrId=cf1309445cbe] c.d.f.c.services.TransactionService - Saved 5 AI insight(s) for tx=4850
2026-06-22 15:14:53.320 [http-nio-8081-exec-4] INFO  [txId=] [corrId=cf1309445cbe] c.d.f.i.a.PerformanceTracerAspect - [TRACE-JAVA] com.datn.finrisk.core.repository.RiskPolicyRepository.findByScore() executed in 11 ms
2026-06-22 15:14:53.327 [http-nio-8081-exec-4] INFO  [txId=] [corrId=cf1309445cbe] c.d.f.i.a.PerformanceTracerAspect - [TRACE-JAVA] com.datn.finrisk.core.repository.RiskPolicyRepository.findByRiskLevel() executed in 6 ms
2026-06-22 15:14:53.327 [http-nio-8081-exec-4] INFO  [txId=] [corrId=cf1309445cbe] c.d.f.c.services.TransactionService - Risk evaluation: score=58 level=MEDIUM_2 desc=Duyệt bằng PIN + OTP + Quét Mặt Tĩnh (QĐ 2345)
2026-06-22 15:14:53.329 [http-nio-8081-exec-4] INFO  [txId=] [corrId=cf1309445cbe] c.d.f.i.a.PerformanceTracerAspect - [TRACE-JAVA] com.datn.finrisk.core.strategies.BasicFaceActionStrategy.execute() executed in 2 ms
2026-06-22 15:14:53.330 [http-nio-8081-exec-4] INFO  [txId=] [corrId=cf1309445cbe] c.d.f.i.a.PerformanceTracerAspect - [TRACE-JAVA] com.datn.finrisk.core.services.TransactionService.initiateTransaction() executed in 139 ms
2026-06-22 15:14:53.352 [http-nio-8081-exec-4] INFO  [txId=] [corrId=cf1309445cbe] c.d.f.core.services.AuditLogService - [AUDIT] action=TRANSACTION_INITIATED user=congnhan_b
2026-06-22 15:14:53.353 [http-nio-8081-exec-4] INFO  [txId=] [corrId=cf1309445cbe] c.d.f.i.a.PerformanceTracerAspect - [TRACE-JAVA] com.datn.finrisk.core.services.AuditLogService.logAction() executed in 7 ms
2026-06-22 15:14:53.353 [http-nio-8081-exec-4] INFO  [txId=] [corrId=cf1309445cbe] c.d.f.i.a.PerformanceTracerAspect - [TRACE-JAVA] com.datn.finrisk.web.controllers.TransactionController.processTransaction() executed in 176 ms
2026-06-22 15:14:55.804 [http-nio-8081-exec-5] INFO  [txId=] [corrId=f290f4b9e0c9] c.d.f.i.a.PerformanceTracerAspect - [TRACE-JAVA] com.datn.finrisk.core.services.JwtBlocklistService.isBlocked() executed in 1 ms
2026-06-22 15:14:55.810 [http-nio-8081-exec-5] INFO  [txId=] [corrId=f290f4b9e0c9] c.d.f.w.c.TransactionController - 🚨 [BẪY DEBUG] Nhận request verify cho TxID: 4850 - Lúc: 1782116095810
2026-06-22 15:14:55.823 [http-nio-8081-exec-5] INFO  [txId=] [corrId=f290f4b9e0c9] c.d.f.i.a.PerformanceTracerAspect - [TRACE-JAVA] com.datn.finrisk.core.repository.TransactionRepository.findByIdWithUserSecurity() executed in 12 ms
2026-06-22 15:14:55.903 [http-nio-8081-exec-5] INFO  [txId=] [corrId=f290f4b9e0c9] c.d.f.i.a.PerformanceTracerAspect - [TRACE-JAVA] com.datn.finrisk.core.services.PinService.verifyPin() executed in 78 ms
2026-06-22 15:14:55.915 [http-nio-8081-exec-5] INFO  [txId=] [corrId=f290f4b9e0c9] c.d.f.i.a.PerformanceTracerAspect - [TRACE-JAVA] com.datn.finrisk.web.controllers.TransactionController.verifyAndExecute() executed in 105 ms
2026-06-22 15:14:59.530 [scheduling-1] INFO  [txId=] [corrId=] c.d.f.i.m.ExecutorMetricsLogger - [EXECUTOR-METRICS][BG-Task       [aiTaskExecutor]] threads=0/0 queue=0/500 (0%) completed=0
2026-06-22 15:14:59.531 [scheduling-1] INFO  [txId=] [corrId=] c.d.f.i.m.ExecutorMetricsLogger - [EXECUTOR-METRICS][RT-Emotion    [realtimeEmotionExecutor]] threads=0/0 queue=0/30 (0%) completed=0
2026-06-22 15:14:59.531 [scheduling-1] INFO  [txId=] [corrId=] c.d.f.i.m.ExecutorMetricsLogger - [EXECUTOR-METRICS][BioVerify     [biometricVerifyExecutor]] threads=0/0 queue=0/50 (0%) completed=0
2026-06-22 15:14:59.727 [http-nio-8081-exec-8] INFO  [txId=] [corrId=bc1973b41f08] c.d.f.i.a.PerformanceTracerAspect - [TRACE-JAVA] com.datn.finrisk.core.services.JwtBlocklistService.isBlocked() executed in 1 ms
2026-06-22 15:14:59.736 [http-nio-8081-exec-8] INFO  [txId=] [corrId=bc1973b41f08] c.d.f.w.c.TransactionController - 🚨 [BẪY DEBUG] Nhận request verify cho TxID: 4850 - Lúc: 1782116099736
2026-06-22 15:14:59.747 [http-nio-8081-exec-8] INFO  [txId=] [corrId=bc1973b41f08] c.d.f.i.a.PerformanceTracerAspect - [TRACE-JAVA] com.datn.finrisk.core.repository.TransactionRepository.findByIdWithUserSecurity() executed in 10 ms
2026-06-22 15:14:59.755 [http-nio-8081-exec-8] INFO  [txId=] [corrId=bc1973b41f08] c.d.f.i.a.PerformanceTracerAspect - [TRACE-JAVA] com.datn.finrisk.web.controllers.TransactionController.verifyAndExecute() executed in 19 ms
2026-06-22 15:14:59.759 [BioVerify-1] INFO  [txId=] [corrId=bc1973b41f08] c.d.f.i.a.PerformanceTracerAspect - [TRACE-JAVA] com.datn.finrisk.core.services.FaceEnrollService.parseEmbeddings() executed in 5 ms
2026-06-22 15:14:59.760 [BioVerify-1] INFO  [txId=] [corrId=bc1973b41f08] c.d.f.c.s.RiskEvaluationService - [FACE-STATIC][START] userId=2002 embeddings=5 frames=3
2026-06-22 15:14:59.761 [BioVerify-1] INFO  [txId=] [corrId=bc1973b41f08] c.d.f.c.s.RiskEvaluationService - [FACE-STATIC][START] mode=MULTI_EMBEDDING registered=5 frames=3
2026-06-22 15:15:02.107 [BioVerify-1] INFO  [txId=] [corrId=bc1973b41f08] c.d.f.c.s.RiskEvaluationService - [FACE-STATIC][DONE] elapsed=2346ms matched=true distance=0.322059 band=HIGH backend=insightface/buffalo_l
2026-06-22 15:15:02.108 [BioVerify-1] INFO  [txId=] [corrId=bc1973b41f08] c.d.f.i.a.PerformanceTracerAspect - [TRACE-JAVA] com.datn.finrisk.core.services.RiskEvaluationService.verifyFaceStaticAsync() executed in 2354 ms
2026-06-22 15:15:02.125 [BioVerify-1] INFO  [txId=] [corrId=bc1973b41f08] c.d.f.i.a.PerformanceTracerAspect - [TRACE-JAVA] com.datn.finrisk.core.repository.TransactionRepository.claimForExecution() executed in 16 ms
2026-06-22 15:15:02.125 [BioVerify-1] INFO  [txId=] [corrId=bc1973b41f08] c.d.f.c.services.TransactionService - Transaction execution claimed: id=4850
2026-06-22 15:15:02.155 [BioVerify-1] INFO  [txId=] [corrId=bc1973b41f08] c.d.f.i.a.PerformanceTracerAspect - [TRACE-JAVA] com.datn.finrisk.core.repository.TransactionLedgerRepository.existsByAccountIdAndToAccountNumber() executed in 6 ms
2026-06-22 15:15:02.168 [BioVerify-1] INFO  [txId=] [corrId=bc1973b41f08] c.d.f.i.a.PerformanceTracerAspect - [TRACE-JAVA] com.datn.finrisk.core.repository.AccountRepository.findByIdForUpdate() executed in 11 ms
2026-06-22 15:15:02.186 [BioVerify-1] INFO  [txId=] [corrId=bc1973b41f08] c.d.f.i.a.PerformanceTracerAspect - [TRACE-JAVA] com.datn.finrisk.core.repository.AccountRepository.findByAccountNumberForUpdate() executed in 7 ms
2026-06-22 15:15:02.192 [BioVerify-1] INFO  [txId=] [corrId=bc1973b41f08] c.d.f.i.a.PerformanceTracerAspect - [TRACE-JAVA] com.datn.finrisk.core.services.TransactionService.executeTransactionCore() executed in 83 ms
2026-06-22 15:15:02.202 [BioVerify-1] INFO  [txId=] [corrId=bc1973b41f08] c.d.f.core.services.AuditLogService - [AUDIT] action=TX_SUCCESS user=congnhan_b
2026-06-22 15:15:02.202 [BioVerify-1] INFO  [txId=] [corrId=bc1973b41f08] c.d.f.i.a.PerformanceTracerAspect - [TRACE-JAVA] com.datn.finrisk.core.services.AuditLogService.logAction() executed in 6 ms
2026-06-22 15:15:02.203 [BG-Task-1] INFO  [txId=] [corrId=bc1973b41f08] c.d.f.i.a.PerformanceTracerAspect - [TRACE-JAVA] com.datn.finrisk.core.repository.UserBehaviorProfileRepository.findByUserId() executed in 8 ms
2026-06-22 15:15:02.220 [BG-Task-1] INFO  [txId=] [corrId=bc1973b41f08] c.d.f.i.a.PerformanceTracerAspect - [TRACE-JAVA] com.datn.finrisk.core.services.PeerGroupService.updatePeerGroupStats() executed in 15 ms
2026-06-22 15:15:02.221 [BG-Task-1] INFO  [txId=] [corrId=bc1973b41f08] c.d.f.i.a.PerformanceTracerAspect - [TRACE-JAVA] com.datn.finrisk.core.services.BehaviorLearningService.learnFromTransaction() executed in 28 ms
2026-06-22 15:15:29.521 [scheduling-1] INFO  [txId=] [corrId=] c.d.f.i.m.ExecutorMetricsLogger - [EXECUTOR-METRICS][BG-Task       [aiTaskExecutor]] threads=0/1 queue=0/500 (0%) completed=1
2026-06-22 15:15:29.521 [scheduling-1] INFO  [txId=] [corrId=] c.d.f.i.m.ExecutorMetricsLogger - [EXECUTOR-METRICS][RT-Emotion    [realtimeEmotionExecutor]] threads=0/0 queue=0/30 (0%) completed=0
2026-06-22 15:15:29.521 [scheduling-1] INFO  [txId=] [corrId=] c.d.f.i.m.ExecutorMetricsLogger - [EXECUTOR-METRICS][BioVerify     [biometricVerifyExecutor]] threads=0/1 queue=0/50 (0%) completed=1
2026-06-22 15:15:59.522 [scheduling-1] INFO  [txId=] [corrId=] c.d.f.i.m.ExecutorMetricsLogger - [EXECUTOR-METRICS][BG-Task       [aiTaskExecutor]] threads=0/1 queue=0/500 (0%) completed=1
2026-06-22 15:15:59.523 [scheduling-1] INFO  [txId=] [corrId=] c.d.f.i.m.ExecutorMetricsLogger - [EXECUTOR-METRICS][RT-Emotion    [realtimeEmotionExecutor]] threads=0/0 queue=0/30 (0%) completed=0
2026-06-22 15:15:59.524 [scheduling-1] INFO  [txId=] [corrId=] c.d.f.i.m.ExecutorMetricsLogger - [EXECUTOR-METRICS][BioVerify     [biometricVerifyExecutor]] threads=0/1 queue=0/50 (0%) completed=1
2026-06-22 15:16:29.521 [scheduling-1] INFO  [txId=] [corrId=] c.d.f.i.m.ExecutorMetricsLogger - [EXECUTOR-METRICS][BG-Task       [aiTaskExecutor]] threads=0/1 queue=0/500 (0%) completed=1
2026-06-22 15:16:29.521 [scheduling-1] INFO  [txId=] [corrId=] c.d.f.i.m.ExecutorMetricsLogger - [EXECUTOR-METRICS][RT-Emotion    [realtimeEmotionExecutor]] threads=0/0 queue=0/30 (0%) completed=0
2026-06-22 15:16:29.521 [scheduling-1] INFO  [txId=] [corrId=] c.d.f.i.m.ExecutorMetricsLogger - [EXECUTOR-METRICS][BioVerify     [biometricVerifyExecutor]] threads=0/1 queue=0/50 (0%) completed=1
2026-06-22 15:16:59.522 [scheduling-1] INFO  [txId=] [corrId=] c.d.f.i.m.ExecutorMetricsLogger - [EXECUTOR-METRICS][BG-Task       [aiTaskExecutor]] threads=0/1 queue=0/500 (0%) completed=1
2026-06-22 15:16:59.522 [scheduling-1] INFO  [txId=] [corrId=] c.d.f.i.m.ExecutorMetricsLogger - [EXECUTOR-METRICS][RT-Emotion    [realtimeEmotionExecutor]] threads=0/0 queue=0/30 (0%) completed=0
2026-06-22 15:16:59.523 [scheduling-1] INFO  [txId=] [corrId=] c.d.f.i.m.ExecutorMetricsLogger - [EXECUTOR-METRICS][BioVerify     [biometricVerifyExecutor]] threads=0/1 queue=0/50 (0%) completed=1
2026-06-22 15:17:29.527 [scheduling-1] INFO  [txId=] [corrId=] c.d.f.i.m.ExecutorMetricsLogger - [EXECUTOR-METRICS][BG-Task       [aiTaskExecutor]] threads=0/1 queue=0/500 (0%) completed=1
2026-06-22 15:17:29.527 [scheduling-1] INFO  [txId=] [corrId=] c.d.f.i.m.ExecutorMetricsLogger - [EXECUTOR-METRICS][RT-Emotion    [realtimeEmotionExecutor]] threads=0/0 queue=0/30 (0%) completed=0
2026-06-22 15:17:29.528 [scheduling-1] INFO  [txId=] [corrId=] c.d.f.i.m.ExecutorMetricsLogger - [EXECUTOR-METRICS][BioVerify     [biometricVerifyExecutor]] threads=0/1 queue=0/50 (0%) completed=1
2026-06-22 15:17:59.532 [scheduling-1] INFO  [txId=] [corrId=] c.d.f.i.m.ExecutorMetricsLogger - [EXECUTOR-METRICS][BG-Task       [aiTaskExecutor]] threads=0/1 queue=0/500 (0%) completed=1
2026-06-22 15:17:59.532 [scheduling-1] INFO  [txId=] [corrId=] c.d.f.i.m.ExecutorMetricsLogger - [EXECUTOR-METRICS][RT-Emotion    [realtimeEmotionExecutor]] threads=0/0 queue=0/30 (0%) completed=0
2026-06-22 15:17:59.532 [scheduling-1] INFO  [txId=] [corrId=] c.d.f.i.m.ExecutorMetricsLogger - [EXECUTOR-METRICS][BioVerify     [biometricVerifyExecutor]] threads=0/1 queue=0/50 (0%) completed=1
2026-06-22 15:18:29.525 [scheduling-1] INFO  [txId=] [corrId=] c.d.f.i.m.ExecutorMetricsLogger - [EXECUTOR-METRICS][BG-Task       [aiTaskExecutor]] threads=0/1 queue=0/500 (0%) completed=1
2026-06-22 15:18:29.525 [scheduling-1] INFO  [txId=] [corrId=] c.d.f.i.m.ExecutorMetricsLogger - [EXECUTOR-METRICS][RT-Emotion    [realtimeEmotionExecutor]] threads=0/0 queue=0/30 (0%) completed=0
2026-06-22 15:18:29.526 [scheduling-1] INFO  [txId=] [corrId=] c.d.f.i.m.ExecutorMetricsLogger - [EXECUTOR-METRICS][BioVerify     [biometricVerifyExecutor]] threads=0/1 queue=0/50 (0%) completed=1
2026-06-22 15:19:04.572 [scheduling-1] INFO  [txId=] [corrId=] c.d.f.i.m.ExecutorMetricsLogger - [EXECUTOR-METRICS][BG-Task       [aiTaskExecutor]] threads=0/1 queue=0/500 (0%) completed=1
2026-06-22 15:19:04.573 [scheduling-1] INFO  [txId=] [corrId=] c.d.f.i.m.ExecutorMetricsLogger - [EXECUTOR-METRICS][RT-Emotion    [realtimeEmotionExecutor]] threads=0/0 queue=0/30 (0%) completed=0
2026-06-22 15:19:04.573 [scheduling-1] INFO  [txId=] [corrId=] c.d.f.i.m.ExecutorMetricsLogger - [EXECUTOR-METRICS][BioVerify     [biometricVerifyExecutor]] threads=0/1 queue=0/50 (0%) completed=1
2026-06-22 15:19:34.576 [scheduling-1] INFO  [txId=] [corrId=] c.d.f.i.m.ExecutorMetricsLogger - [EXECUTOR-METRICS][BG-Task       [aiTaskExecutor]] threads=0/1 queue=0/500 (0%) completed=1
2026-06-22 15:19:34.576 [scheduling-1] INFO  [txId=] [corrId=] c.d.f.i.m.ExecutorMetricsLogger - [EXECUTOR-METRICS][RT-Emotion    [realtimeEmotionExecutor]] threads=0/0 queue=0/30 (0%) completed=0
2026-06-22 15:19:34.576 [scheduling-1] INFO  [txId=] [corrId=] c.d.f.i.m.ExecutorMetricsLogger - [EXECUTOR-METRICS][BioVerify     [biometricVerifyExecutor]] threads=0/1 queue=0/50 (0%) completed=1
2026-06-22 15:19:34.580 [scheduling-1] INFO  [txId=] [corrId=] c.d.f.i.a.PerformanceTracerAspect - [TRACE-JAVA] com.datn.finrisk.core.repository.BiometricSessionRepository.deleteByExpiresAtBefore() executed in 3 ms
2026-06-22 15:19:34.580 [scheduling-1] INFO  [txId=] [corrId=] c.d.f.w.w.BiometricSessionCleanupScheduler - [BIOMETRIC-SCHEDULER] Expired biometric sessions purged from DB
2026-06-22 15:19:34.582 [scheduling-1] INFO  [txId=] [corrId=] c.d.f.w.w.WebSocketMetricsLogger - [WS-METRICS] active_sessions=0 total_buffered_frames=0 total_buffer_size={ Milan}MB
2026-06-22 15:19:34.767 [scheduling-1] INFO  [txId=] [corrId=] c.d.f.i.a.PerformanceTracerAspect - [TRACE-JAVA] com.datn.finrisk.core.repository.TransactionRepository.findStalledTransactionIds() executed in 3 ms
2026-06-22 15:20:04.563 [scheduling-1] INFO  [txId=] [corrId=] c.d.f.i.m.ExecutorMetricsLogger - [EXECUTOR-METRICS][BG-Task       [aiTaskExecutor]] threads=0/1 queue=0/500 (0%) completed=1
2026-06-22 15:20:04.564 [scheduling-1] INFO  [txId=] [corrId=] c.d.f.i.m.ExecutorMetricsLogger - [EXECUTOR-METRICS][RT-Emotion    [realtimeEmotionExecutor]] threads=0/0 queue=0/30 (0%) completed=0
2026-06-22 15:20:04.564 [scheduling-1] INFO  [txId=] [corrId=] c.d.f.i.m.ExecutorMetricsLogger - [EXECUTOR-METRICS][BioVerify     [biometricVerifyExecutor]] threads=0/1 queue=0/50 (0%) completed=1
2026-06-22 15:20:34.572 [scheduling-1] INFO  [txId=] [corrId=] c.d.f.i.m.ExecutorMetricsLogger - [EXECUTOR-METRICS][BG-Task       [aiTaskExecutor]] threads=0/1 queue=0/500 (0%) completed=1
2026-06-22 15:20:34.572 [scheduling-1] INFO  [txId=] [corrId=] c.d.f.i.m.ExecutorMetricsLogger - [EXECUTOR-METRICS][RT-Emotion    [realtimeEmotionExecutor]] threads=0/0 queue=0/30 (0%) completed=0
2026-06-22 15:20:34.572 [scheduling-1] INFO  [txId=] [corrId=] c.d.f.i.m.ExecutorMetricsLogger - [EXECUTOR-METRICS][BioVerify     [biometricVerifyExecutor]] threads=0/1 queue=0/50 (0%) completed=1
2026-06-22 15:21:04.576 [scheduling-1] INFO  [txId=] [corrId=] c.d.f.i.m.ExecutorMetricsLogger - [EXECUTOR-METRICS][BG-Task       [aiTaskExecutor]] threads=0/1 queue=0/500 (0%) completed=1
2026-06-22 15:21:04.576 [scheduling-1] INFO  [txId=] [corrId=] c.d.f.i.m.ExecutorMetricsLogger - [EXECUTOR-METRICS][RT-Emotion    [realtimeEmotionExecutor]] threads=0/0 queue=0/30 (0%) completed=0
2026-06-22 15:21:04.576 [scheduling-1] INFO  [txId=] [corrId=] c.d.f.i.m.ExecutorMetricsLogger - [EXECUTOR-METRICS][BioVerify     [biometricVerifyExecutor]] threads=0/1 queue=0/50 (0%) completed=1
2026-06-22 15:21:34.568 [scheduling-1] INFO  [txId=] [corrId=] c.d.f.i.m.ExecutorMetricsLogger - [EXECUTOR-METRICS][BG-Task       [aiTaskExecutor]] threads=0/1 queue=0/500 (0%) completed=1
2026-06-22 15:21:34.568 [scheduling-1] INFO  [txId=] [corrId=] c.d.f.i.m.ExecutorMetricsLogger - [EXECUTOR-METRICS][RT-Emotion    [realtimeEmotionExecutor]] threads=0/0 queue=0/30 (0%) completed=0
2026-06-22 15:21:34.568 [scheduling-1] INFO  [txId=] [corrId=] c.d.f.i.m.ExecutorMetricsLogger - [EXECUTOR-METRICS][BioVerify     [biometricVerifyExecutor]] threads=0/1 queue=0/50 (0%) completed=1
2026-06-22 15:22:04.564 [scheduling-1] INFO  [txId=] [corrId=] c.d.f.i.m.ExecutorMetricsLogger - [EXECUTOR-METRICS][BG-Task       [aiTaskExecutor]] threads=0/1 queue=0/500 (0%) completed=1
2026-06-22 15:22:04.564 [scheduling-1] INFO  [txId=] [corrId=] c.d.f.i.m.ExecutorMetricsLogger - [EXECUTOR-METRICS][RT-Emotion    [realtimeEmotionExecutor]] threads=0/0 queue=0/30 (0%) completed=0
2026-06-22 15:22:04.564 [scheduling-1] INFO  [txId=] [corrId=] c.d.f.i.m.ExecutorMetricsLogger - [EXECUTOR-METRICS][BioVerify     [biometricVerifyExecutor]] threads=0/1 queue=0/50 (0%) completed=1
2026-06-22 15:22:34.566 [scheduling-1] INFO  [txId=] [corrId=] c.d.f.i.m.ExecutorMetricsLogger - [EXECUTOR-METRICS][BG-Task       [aiTaskExecutor]] threads=0/1 queue=0/500 (0%) completed=1
2026-06-22 15:22:34.566 [scheduling-1] INFO  [txId=] [corrId=] c.d.f.i.m.ExecutorMetricsLogger - [EXECUTOR-METRICS][RT-Emotion    [realtimeEmotionExecutor]] threads=0/0 queue=0/30 (0%) completed=0
2026-06-22 15:22:34.566 [scheduling-1] INFO  [txId=] [corrId=] c.d.f.i.m.ExecutorMetricsLogger - [EXECUTOR-METRICS][BioVerify     [biometricVerifyExecutor]] threads=0/1 queue=0/50 (0%) completed=1
2026-06-22 15:23:04.571 [scheduling-1] INFO  [txId=] [corrId=] c.d.f.i.m.ExecutorMetricsLogger - [EXECUTOR-METRICS][BG-Task       [aiTaskExecutor]] threads=0/1 queue=0/500 (0%) completed=1
2026-06-22 15:23:04.572 [scheduling-1] INFO  [txId=] [corrId=] c.d.f.i.m.ExecutorMetricsLogger - [EXECUTOR-METRICS][RT-Emotion    [realtimeEmotionExecutor]] threads=0/0 queue=0/30 (0%) completed=0
2026-06-22 15:23:04.572 [scheduling-1] INFO  [txId=] [corrId=] c.d.f.i.m.ExecutorMetricsLogger - [EXECUTOR-METRICS][BioVerify     [biometricVerifyExecutor]] threads=0/1 queue=0/50 (0%) completed=1
2026-06-22 15:23:34.566 [scheduling-1] INFO  [txId=] [corrId=] c.d.f.i.m.ExecutorMetricsLogger - [EXECUTOR-METRICS][BG-Task       [aiTaskExecutor]] threads=0/1 queue=0/500 (0%) completed=1
2026-06-22 15:23:34.567 [scheduling-1] INFO  [txId=] [corrId=] c.d.f.i.m.ExecutorMetricsLogger - [EXECUTOR-METRICS][RT-Emotion    [realtimeEmotionExecutor]] threads=0/0 queue=0/30 (0%) completed=0
2026-06-22 15:23:34.567 [scheduling-1] INFO  [txId=] [corrId=] c.d.f.i.m.ExecutorMetricsLogger - [EXECUTOR-METRICS][BioVerify     [biometricVerifyExecutor]] threads=0/1 queue=0/50 (0%) completed=1
2026-06-22 15:24:04.577 [scheduling-1] INFO  [txId=] [corrId=] c.d.f.i.m.ExecutorMetricsLogger - [EXECUTOR-METRICS][BG-Task       [aiTaskExecutor]] threads=0/1 queue=0/500 (0%) completed=1
2026-06-22 15:24:04.577 [scheduling-1] INFO  [txId=] [corrId=] c.d.f.i.m.ExecutorMetricsLogger - [EXECUTOR-METRICS][RT-Emotion    [realtimeEmotionExecutor]] threads=0/0 queue=0/30 (0%) completed=0
2026-06-22 15:24:04.577 [scheduling-1] INFO  [txId=] [corrId=] c.d.f.i.m.ExecutorMetricsLogger - [EXECUTOR-METRICS][BioVerify     [biometricVerifyExecutor]] threads=0/1 queue=0/50 (0%) completed=1
2026-06-22 15:24:34.575 [scheduling-1] INFO  [txId=] [corrId=] c.d.f.i.m.ExecutorMetricsLogger - [EXECUTOR-METRICS][BG-Task       [aiTaskExecutor]] threads=0/1 queue=0/500 (0%) completed=1
2026-06-22 15:24:34.575 [scheduling-1] INFO  [txId=] [corrId=] c.d.f.i.m.ExecutorMetricsLogger - [EXECUTOR-METRICS][RT-Emotion    [realtimeEmotionExecutor]] threads=0/0 queue=0/30 (0%) completed=0
2026-06-22 15:24:34.575 [scheduling-1] INFO  [txId=] [corrId=] c.d.f.i.m.ExecutorMetricsLogger - [EXECUTOR-METRICS][BioVerify     [biometricVerifyExecutor]] threads=0/1 queue=0/50 (0%) completed=1
2026-06-22 15:24:34.580 [scheduling-1] INFO  [txId=] [corrId=] c.d.f.i.a.PerformanceTracerAspect - [TRACE-JAVA] com.datn.finrisk.core.repository.BiometricSessionRepository.deleteByExpiresAtBefore() executed in 3 ms
2026-06-22 15:24:34.580 [scheduling-1] INFO  [txId=] [corrId=] c.d.f.w.w.BiometricSessionCleanupScheduler - [BIOMETRIC-SCHEDULER] Expired biometric sessions purged from DB
2026-06-22 15:24:34.581 [scheduling-1] INFO  [txId=] [corrId=] c.d.f.w.w.WebSocketMetricsLogger - [WS-METRICS] active_sessions=0 total_buffered_frames=0 total_buffer_size={ Milan}MB
2026-06-22 15:24:34.782 [scheduling-1] INFO  [txId=] [corrId=] c.d.f.i.a.PerformanceTracerAspect - [TRACE-JAVA] com.datn.finrisk.core.repository.TransactionRepository.findStalledTransactionIds() executed in 4 ms
2026-06-22 15:25:04.570 [scheduling-1] INFO  [txId=] [corrId=] c.d.f.i.m.ExecutorMetricsLogger - [EXECUTOR-METRICS][BG-Task       [aiTaskExecutor]] threads=0/1 queue=0/500 (0%) completed=1
2026-06-22 15:25:04.570 [scheduling-1] INFO  [txId=] [corrId=] c.d.f.i.m.ExecutorMetricsLogger - [EXECUTOR-METRICS][RT-Emotion    [realtimeEmotionExecutor]] threads=0/0 queue=0/30 (0%) completed=0
2026-06-22 15:25:04.570 [scheduling-1] INFO  [txId=] [corrId=] c.d.f.i.m.ExecutorMetricsLogger - [EXECUTOR-METRICS][BioVerify     [biometricVerifyExecutor]] threads=0/1 queue=0/50 (0%) completed=1
2026-06-22 15:25:34.573 [scheduling-1] INFO  [txId=] [corrId=] c.d.f.i.m.ExecutorMetricsLogger - [EXECUTOR-METRICS][BG-Task       [aiTaskExecutor]] threads=0/1 queue=0/500 (0%) completed=1
2026-06-22 15:25:34.573 [scheduling-1] INFO  [txId=] [corrId=] c.d.f.i.m.ExecutorMetricsLogger - [EXECUTOR-METRICS][RT-Emotion    [realtimeEmotionExecutor]] threads=0/0 queue=0/30 (0%) completed=0
2026-06-22 15:25:34.574 [scheduling-1] INFO  [txId=] [corrId=] c.d.f.i.m.ExecutorMetricsLogger - [EXECUTOR-METRICS][BioVerify     [biometricVerifyExecutor]] threads=0/1 queue=0/50 (0%) completed=1
2026-06-22 15:26:04.568 [scheduling-1] INFO  [txId=] [corrId=] c.d.f.i.m.ExecutorMetricsLogger - [EXECUTOR-METRICS][BG-Task       [aiTaskExecutor]] threads=0/1 queue=0/500 (0%) completed=1
2026-06-22 15:26:04.568 [scheduling-1] INFO  [txId=] [corrId=] c.d.f.i.m.ExecutorMetricsLogger - [EXECUTOR-METRICS][RT-Emotion    [realtimeEmotionExecutor]] threads=0/0 queue=0/30 (0%) completed=0
2026-06-22 15:26:04.568 [scheduling-1] INFO  [txId=] [corrId=] c.d.f.i.m.ExecutorMetricsLogger - [EXECUTOR-METRICS][BioVerify     [biometricVerifyExecutor]] threads=0/1 queue=0/50 (0%) completed=1
2026-06-22 15:26:34.575 [scheduling-1] INFO  [txId=] [corrId=] c.d.f.i.m.ExecutorMetricsLogger - [EXECUTOR-METRICS][BG-Task       [aiTaskExecutor]] threads=0/1 queue=0/500 (0%) completed=1
2026-06-22 15:26:34.575 [scheduling-1] INFO  [txId=] [corrId=] c.d.f.i.m.ExecutorMetricsLogger - [EXECUTOR-METRICS][RT-Emotion    [realtimeEmotionExecutor]] threads=0/0 queue=0/30 (0%) completed=0
2026-06-22 15:26:34.575 [scheduling-1] INFO  [txId=] [corrId=] c.d.f.i.m.ExecutorMetricsLogger - [EXECUTOR-METRICS][BioVerify     [biometricVerifyExecutor]] threads=0/1 queue=0/50 (0%) completed=1
2026-06-22 15:27:04.563 [scheduling-1] INFO  [txId=] [corrId=] c.d.f.i.m.ExecutorMetricsLogger - [EXECUTOR-METRICS][BG-Task       [aiTaskExecutor]] threads=0/1 queue=0/500 (0%) completed=1
2026-06-22 15:27:04.563 [scheduling-1] INFO  [txId=] [corrId=] c.d.f.i.m.ExecutorMetricsLogger - [EXECUTOR-METRICS][RT-Emotion    [realtimeEmotionExecutor]] threads=0/0 queue=0/30 (0%) completed=0
2026-06-22 15:27:04.563 [scheduling-1] INFO  [txId=] [corrId=] c.d.f.i.m.ExecutorMetricsLogger - [EXECUTOR-METRICS][BioVerify     [biometricVerifyExecutor]] threads=0/1 queue=0/50 (0%) completed=1
2026-06-22 15:27:34.565 [scheduling-1] INFO  [txId=] [corrId=] c.d.f.i.m.ExecutorMetricsLogger - [EXECUTOR-METRICS][BG-Task       [aiTaskExecutor]] threads=0/1 queue=0/500 (0%) completed=1
2026-06-22 15:27:34.565 [scheduling-1] INFO  [txId=] [corrId=] c.d.f.i.m.ExecutorMetricsLogger - [EXECUTOR-METRICS][RT-Emotion    [realtimeEmotionExecutor]] threads=0/0 queue=0/30 (0%) completed=0
2026-06-22 15:27:34.565 [scheduling-1] INFO  [txId=] [corrId=] c.d.f.i.m.ExecutorMetricsLogger - [EXECUTOR-METRICS][BioVerify     [biometricVerifyExecutor]] threads=0/1 queue=0/50 (0%) completed=1
2026-06-22 15:28:04.562 [scheduling-1] INFO  [txId=] [corrId=] c.d.f.i.m.ExecutorMetricsLogger - [EXECUTOR-METRICS][BG-Task       [aiTaskExecutor]] threads=0/1 queue=0/500 (0%) completed=1
2026-06-22 15:28:04.562 [scheduling-1] INFO  [txId=] [corrId=] c.d.f.i.m.ExecutorMetricsLogger - [EXECUTOR-METRICS][RT-Emotion    [realtimeEmotionExecutor]] threads=0/0 queue=0/30 (0%) completed=0
2026-06-22 15:28:04.562 [scheduling-1] INFO  [txId=] [corrId=] c.d.f.i.m.ExecutorMetricsLogger - [EXECUTOR-METRICS][BioVerify     [biometricVerifyExecutor]] threads=0/1 queue=0/50 (0%) completed=1
2026-06-22 15:28:34.569 [scheduling-1] INFO  [txId=] [corrId=] c.d.f.i.m.ExecutorMetricsLogger - [EXECUTOR-METRICS][BG-Task       [aiTaskExecutor]] threads=0/1 queue=0/500 (0%) completed=1
2026-06-22 15:28:34.569 [scheduling-1] INFO  [txId=] [corrId=] c.d.f.i.m.ExecutorMetricsLogger - [EXECUTOR-METRICS][RT-Emotion    [realtimeEmotionExecutor]] threads=0/0 queue=0/30 (0%) completed=0
2026-06-22 15:28:34.570 [scheduling-1] INFO  [txId=] [corrId=] c.d.f.i.m.ExecutorMetricsLogger - [EXECUTOR-METRICS][BioVerify     [biometricVerifyExecutor]] threads=0/1 queue=0/50 (0%) completed=1
2026-06-22 15:29:04.568 [scheduling-1] INFO  [txId=] [corrId=] c.d.f.i.m.ExecutorMetricsLogger - [EXECUTOR-METRICS][BG-Task       [aiTaskExecutor]] threads=0/1 queue=0/500 (0%) completed=1
2026-06-22 15:29:04.568 [scheduling-1] INFO  [txId=] [corrId=] c.d.f.i.m.ExecutorMetricsLogger - [EXECUTOR-METRICS][RT-Emotion    [realtimeEmotionExecutor]] threads=0/0 queue=0/30 (0%) completed=0
2026-06-22 15:29:04.570 [scheduling-1] INFO  [txId=] [corrId=] c.d.f.i.m.ExecutorMetricsLogger - [EXECUTOR-METRICS][BioVerify     [biometricVerifyExecutor]] threads=0/1 queue=0/50 (0%) completed=1
2026-06-22 15:29:34.576 [scheduling-1] INFO  [txId=] [corrId=] c.d.f.i.m.ExecutorMetricsLogger - [EXECUTOR-METRICS][BG-Task       [aiTaskExecutor]] threads=0/1 queue=0/500 (0%) completed=1
2026-06-22 15:29:34.577 [scheduling-1] INFO  [txId=] [corrId=] c.d.f.i.m.ExecutorMetricsLogger - [EXECUTOR-METRICS][RT-Emotion    [realtimeEmotionExecutor]] threads=0/0 queue=0/30 (0%) completed=0
2026-06-22 15:29:34.577 [scheduling-1] INFO  [txId=] [corrId=] c.d.f.i.m.ExecutorMetricsLogger - [EXECUTOR-METRICS][BioVerify     [biometricVerifyExecutor]] threads=0/1 queue=0/50 (0%) completed=1
2026-06-22 15:29:34.580 [scheduling-1] INFO  [txId=] [corrId=] c.d.f.i.a.PerformanceTracerAspect - [TRACE-JAVA] com.datn.finrisk.core.repository.BiometricSessionRepository.deleteByExpiresAtBefore() executed in 2 ms
2026-06-22 15:29:34.580 [scheduling-1] INFO  [txId=] [corrId=] c.d.f.w.w.BiometricSessionCleanupScheduler - [BIOMETRIC-SCHEDULER] Expired biometric sessions purged from DB
2026-06-22 15:29:34.581 [scheduling-1] INFO  [txId=] [corrId=] c.d.f.w.w.WebSocketMetricsLogger - [WS-METRICS] active_sessions=0 total_buffered_frames=0 total_buffer_size={ Milan}MB
2026-06-22 15:29:34.799 [scheduling-1] INFO  [txId=] [corrId=] c.d.f.i.a.PerformanceTracerAspect - [TRACE-JAVA] com.datn.finrisk.core.repository.TransactionRepository.findStalledTransactionIds() executed in 4 ms
2026-06-22 15:30:04.563 [scheduling-1] INFO  [txId=] [corrId=] c.d.f.i.m.ExecutorMetricsLogger - [EXECUTOR-METRICS][BG-Task       [aiTaskExecutor]] threads=0/1 queue=0/500 (0%) completed=1
2026-06-22 15:30:04.563 [scheduling-1] INFO  [txId=] [corrId=] c.d.f.i.m.ExecutorMetricsLogger - [EXECUTOR-METRICS][RT-Emotion    [realtimeEmotionExecutor]] threads=0/0 queue=0/30 (0%) completed=0
2026-06-22 15:30:04.563 [scheduling-1] INFO  [txId=] [corrId=] c.d.f.i.m.ExecutorMetricsLogger - [EXECUTOR-METRICS][BioVerify     [biometricVerifyExecutor]] threads=0/1 queue=0/50 (0%) completed=1
2026-06-22 15:30:34.568 [scheduling-1] INFO  [txId=] [corrId=] c.d.f.i.m.ExecutorMetricsLogger - [EXECUTOR-METRICS][BG-Task       [aiTaskExecutor]] threads=0/1 queue=0/500 (0%) completed=1
2026-06-22 15:30:34.568 [scheduling-1] INFO  [txId=] [corrId=] c.d.f.i.m.ExecutorMetricsLogger - [EXECUTOR-METRICS][RT-Emotion    [realtimeEmotionExecutor]] threads=0/0 queue=0/30 (0%) completed=0
2026-06-22 15:30:34.568 [scheduling-1] INFO  [txId=] [corrId=] c.d.f.i.m.ExecutorMetricsLogger - [EXECUTOR-METRICS][BioVerify     [biometricVerifyExecutor]] threads=0/1 queue=0/50 (0%) completed=1
2026-06-22 15:31:04.564 [scheduling-1] INFO  [txId=] [corrId=] c.d.f.i.m.ExecutorMetricsLogger - [EXECUTOR-METRICS][BG-Task       [aiTaskExecutor]] threads=0/1 queue=0/500 (0%) completed=1
2026-06-22 15:31:04.564 [scheduling-1] INFO  [txId=] [corrId=] c.d.f.i.m.ExecutorMetricsLogger - [EXECUTOR-METRICS][RT-Emotion    [realtimeEmotionExecutor]] threads=0/0 queue=0/30 (0%) completed=0
2026-06-22 15:31:04.564 [scheduling-1] INFO  [txId=] [corrId=] c.d.f.i.m.ExecutorMetricsLogger - [EXECUTOR-METRICS][BioVerify     [biometricVerifyExecutor]] threads=0/1 queue=0/50 (0%) completed=1
2026-06-22 15:31:34.574 [scheduling-1] INFO  [txId=] [corrId=] c.d.f.i.m.ExecutorMetricsLogger - [EXECUTOR-METRICS][BG-Task       [aiTaskExecutor]] threads=0/1 queue=0/500 (0%) completed=1
2026-06-22 15:31:34.575 [scheduling-1] INFO  [txId=] [corrId=] c.d.f.i.m.ExecutorMetricsLogger - [EXECUTOR-METRICS][RT-Emotion    [realtimeEmotionExecutor]] threads=0/0 queue=0/30 (0%) completed=0
2026-06-22 15:31:34.578 [scheduling-1] INFO  [txId=] [corrId=] c.d.f.i.m.ExecutorMetricsLogger - [EXECUTOR-METRICS][BioVerify     [biometricVerifyExecutor]] threads=0/1 queue=0/50 (0%) completed=1
2026-06-22 15:31:39.787 [http-nio-8081-exec-5] ERROR [txId=] [corrId=aba7e61360b9] c.d.finrisk.core.security.JwtUtils - Token JWT đã hết hạn: JWT expired 933784 milliseconds ago at 2026-06-22T08:16:06.000Z. Current time: 2026-06-22T08:31:39.784Z. Allowed clock skew: 0 milliseconds.
2026-06-22 15:31:39.795 [http-nio-8081-exec-8] ERROR [txId=] [corrId=4f71a9bfade9] c.d.finrisk.core.security.JwtUtils - Token JWT đã hết hạn: JWT expired 933795 milliseconds ago at 2026-06-22T08:16:06.000Z. Current time: 2026-06-22T08:31:39.795Z. Allowed clock skew: 0 milliseconds.
2026-06-22 15:31:39.810 [http-nio-8081-exec-9] INFO  [txId=] [corrId=30d7fcea920f] c.d.f.i.a.PerformanceTracerAspect - [TRACE-JAVA] com.datn.finrisk.core.repository.UserRepository.findByUsername() executed in 7 ms
2026-06-22 15:31:39.810 [http-nio-8081-exec-2] INFO  [txId=] [corrId=ab920781aa24] c.d.f.i.a.PerformanceTracerAspect - [TRACE-JAVA] com.datn.finrisk.core.repository.UserRepository.findByUsername() executed in 5 ms
2026-06-22 15:31:39.816 [http-nio-8081-exec-2] INFO  [txId=] [corrId=ab920781aa24] c.d.f.i.a.PerformanceTracerAspect - [TRACE-JAVA] com.datn.finrisk.web.controllers.AuthController.refreshToken() executed in 12 ms
2026-06-22 15:31:39.818 [http-nio-8081-exec-9] INFO  [txId=] [corrId=30d7fcea920f] c.d.f.i.a.PerformanceTracerAspect - [TRACE-JAVA] com.datn.finrisk.web.controllers.AuthController.refreshToken() executed in 17 ms
2026-06-22 15:31:39.825 [http-nio-8081-exec-10] INFO  [txId=] [corrId=2c6a465d6831] c.d.f.i.a.PerformanceTracerAspect - [TRACE-JAVA] com.datn.finrisk.core.services.JwtBlocklistService.isBlocked() executed in 1 ms
2026-06-22 15:31:39.837 [http-nio-8081-exec-10] INFO  [txId=] [corrId=2c6a465d6831] c.d.f.i.a.PerformanceTracerAspect - [TRACE-JAVA] com.datn.finrisk.core.repository.TransactionRepository.countTotalTransactions() executed in 5 ms
2026-06-22 15:31:39.841 [http-nio-8081-exec-10] INFO  [txId=] [corrId=2c6a465d6831] c.d.f.i.a.PerformanceTracerAspect - [TRACE-JAVA] com.datn.finrisk.core.repository.TransactionRepository.countHighRiskTransactions() executed in 4 ms
2026-06-22 15:31:39.847 [http-nio-8081-exec-10] INFO  [txId=] [corrId=2c6a465d6831] c.d.f.i.a.PerformanceTracerAspect - [TRACE-JAVA] com.datn.finrisk.core.repository.TransactionRepository.sumTotalSuccessfulAmount() executed in 6 ms
2026-06-22 15:31:39.847 [http-nio-8081-exec-10] INFO  [txId=] [corrId=2c6a465d6831] c.d.f.i.a.PerformanceTracerAspect - [TRACE-JAVA] com.datn.finrisk.web.controllers.AdminController.getDashboardStats() executed in 15 ms
2026-06-22 15:31:39.852 [http-nio-8081-exec-1] INFO  [txId=] [corrId=b5fea67f1f7d] c.d.f.i.a.PerformanceTracerAspect - [TRACE-JAVA] com.datn.finrisk.core.services.JwtBlocklistService.isBlocked() executed in 0 ms
2026-06-22 15:31:39.858 [http-nio-8081-exec-1] INFO  [txId=] [corrId=b5fea67f1f7d] c.d.f.i.a.PerformanceTracerAspect - [TRACE-JAVA] com.datn.finrisk.core.repository.TransactionRepository.countTotalTransactions() executed in 3 ms
2026-06-22 15:31:39.860 [http-nio-8081-exec-1] INFO  [txId=] [corrId=b5fea67f1f7d] c.d.f.i.a.PerformanceTracerAspect - [TRACE-JAVA] com.datn.finrisk.core.repository.TransactionRepository.countHighRiskTransactions() executed in 2 ms
2026-06-22 15:31:39.866 [http-nio-8081-exec-1] INFO  [txId=] [corrId=b5fea67f1f7d] c.d.f.i.a.PerformanceTracerAspect - [TRACE-JAVA] com.datn.finrisk.core.repository.TransactionRepository.sumTotalSuccessfulAmount() executed in 6 ms
2026-06-22 15:31:39.866 [http-nio-8081-exec-1] INFO  [txId=] [corrId=b5fea67f1f7d] c.d.f.i.a.PerformanceTracerAspect - [TRACE-JAVA] com.datn.finrisk.web.controllers.AdminController.getDashboardStats() executed in 11 ms
2026-06-22 15:31:40.768 [http-nio-8081-exec-6] INFO  [txId=] [corrId=26c74e4aed66] c.d.f.i.a.PerformanceTracerAspect - [TRACE-JAVA] com.datn.finrisk.core.services.JwtBlocklistService.isBlocked() executed in 1 ms
2026-06-22 15:31:40.782 [http-nio-8081-exec-6] INFO  [txId=] [corrId=26c74e4aed66] c.d.f.i.a.PerformanceTracerAspect - [TRACE-JAVA] com.datn.finrisk.core.services.RuleService.getAllRules() executed in 10 ms
2026-06-22 15:31:40.782 [http-nio-8081-exec-6] INFO  [txId=] [corrId=26c74e4aed66] c.d.f.i.a.PerformanceTracerAspect - [TRACE-JAVA] com.datn.finrisk.web.controllers.AdminController.getAllRules() executed in 11 ms
2026-06-22 15:31:40.788 [http-nio-8081-exec-5] INFO  [txId=] [corrId=28f84b164255] c.d.f.i.a.PerformanceTracerAspect - [TRACE-JAVA] com.datn.finrisk.core.services.JwtBlocklistService.isBlocked() executed in 1 ms
2026-06-22 15:31:40.793 [http-nio-8081-exec-5] INFO  [txId=] [corrId=28f84b164255] c.d.f.i.a.PerformanceTracerAspect - [TRACE-JAVA] com.datn.finrisk.core.services.RuleService.getAllRules() executed in 4 ms
2026-06-22 15:31:40.795 [http-nio-8081-exec-5] INFO  [txId=] [corrId=28f84b164255] c.d.f.i.a.PerformanceTracerAspect - [TRACE-JAVA] com.datn.finrisk.web.controllers.AdminController.getAllRules() executed in 6 ms
2026-06-22 15:32:03.124 [http-nio-8081-exec-7] INFO  [txId=] [corrId=5087d56d13ca] c.d.f.i.a.PerformanceTracerAspect - [TRACE-JAVA] com.datn.finrisk.core.services.JwtBlocklistService.isBlocked() executed in 2 ms
2026-06-22 15:32:03.137 [http-nio-8081-exec-7] INFO  [txId=] [corrId=5087d56d13ca] c.d.f.i.a.PerformanceTracerAspect - [TRACE-JAVA] com.datn.finrisk.core.services.RuleService.toggleRuleStatus() executed in 10 ms
2026-06-22 15:32:03.140 [http-nio-8081-exec-7] INFO  [txId=] [corrId=5087d56d13ca] c.d.f.i.a.PerformanceTracerAspect - [TRACE-JAVA] com.datn.finrisk.web.controllers.AdminController.toggleRule() executed in 14 ms
2026-06-22 15:32:03.157 [http-nio-8081-exec-2] INFO  [txId=] [corrId=31ea0497ec37] c.d.f.i.a.PerformanceTracerAspect - [TRACE-JAVA] com.datn.finrisk.core.services.JwtBlocklistService.isBlocked() executed in 1 ms
2026-06-22 15:32:03.163 [http-nio-8081-exec-2] INFO  [txId=] [corrId=31ea0497ec37] c.d.f.i.a.PerformanceTracerAspect - [TRACE-JAVA] com.datn.finrisk.core.services.RuleService.getAllRules() executed in 5 ms
2026-06-22 15:32:03.164 [http-nio-8081-exec-2] INFO  [txId=] [corrId=31ea0497ec37] c.d.f.i.a.PerformanceTracerAspect - [TRACE-JAVA] com.datn.finrisk.web.controllers.AdminController.getAllRules() executed in 6 ms
2026-06-22 15:32:04.564 [scheduling-1] INFO  [txId=] [corrId=] c.d.f.i.m.ExecutorMetricsLogger - [EXECUTOR-METRICS][BG-Task       [aiTaskExecutor]] threads=0/1 queue=0/500 (0%) completed=1
2026-06-22 15:32:04.564 [scheduling-1] INFO  [txId=] [corrId=] c.d.f.i.m.ExecutorMetricsLogger - [EXECUTOR-METRICS][RT-Emotion    [realtimeEmotionExecutor]] threads=0/0 queue=0/30 (0%) completed=0
2026-06-22 15:32:04.564 [scheduling-1] INFO  [txId=] [corrId=] c.d.f.i.m.ExecutorMetricsLogger - [EXECUTOR-METRICS][BioVerify     [biometricVerifyExecutor]] threads=0/1 queue=0/50 (0%) completed=1
2026-06-22 15:32:34.568 [scheduling-1] INFO  [txId=] [corrId=] c.d.f.i.m.ExecutorMetricsLogger - [EXECUTOR-METRICS][BG-Task       [aiTaskExecutor]] threads=0/1 queue=0/500 (0%) completed=1
2026-06-22 15:32:34.568 [scheduling-1] INFO  [txId=] [corrId=] c.d.f.i.m.ExecutorMetricsLogger - [EXECUTOR-METRICS][RT-Emotion    [realtimeEmotionExecutor]] threads=0/0 queue=0/30 (0%) completed=0
2026-06-22 15:32:34.568 [scheduling-1] INFO  [txId=] [corrId=] c.d.f.i.m.ExecutorMetricsLogger - [EXECUTOR-METRICS][BioVerify     [biometricVerifyExecutor]] threads=0/1 queue=0/50 (0%) completed=1
2026-06-22 15:33:04.573 [scheduling-1] INFO  [txId=] [corrId=] c.d.f.i.m.ExecutorMetricsLogger - [EXECUTOR-METRICS][BG-Task       [aiTaskExecutor]] threads=0/1 queue=0/500 (0%) completed=1
2026-06-22 15:33:04.574 [scheduling-1] INFO  [txId=] [corrId=] c.d.f.i.m.ExecutorMetricsLogger - [EXECUTOR-METRICS][RT-Emotion    [realtimeEmotionExecutor]] threads=0/0 queue=0/30 (0%) completed=0
2026-06-22 15:33:04.574 [scheduling-1] INFO  [txId=] [corrId=] c.d.f.i.m.ExecutorMetricsLogger - [EXECUTOR-METRICS][BioVerify     [biometricVerifyExecutor]] threads=0/1 queue=0/50 (0%) completed=1
2026-06-22 15:33:22.785 [SpringApplicationShutdownHook] INFO  [txId=] [corrId=] o.s.b.w.e.tomcat.GracefulShutdown - Commencing graceful shutdown. Waiting for active requests to complete
2026-06-22 15:33:22.805 [tomcat-shutdown] INFO  [txId=] [corrId=] o.s.b.w.e.tomcat.GracefulShutdown - Graceful shutdown complete
2026-06-22 15:33:22.826 [SpringApplicationShutdownHook] INFO  [txId=] [corrId=] o.s.o.j.LocalContainerEntityManagerFactoryBean - Closing JPA EntityManagerFactory for persistence unit 'default'
2026-06-22 15:33:22.828 [SpringApplicationShutdownHook] INFO  [txId=] [corrId=] com.zaxxer.hikari.HikariDataSource - HikariPool-1 - Shutdown initiated...
2026-06-22 15:33:22.837 [SpringApplicationShutdownHook] INFO  [txId=] [corrId=] com.zaxxer.hikari.HikariDataSource - HikariPool-1 - Shutdown completed.
2026-06-22 15:33:29.928 [main] INFO  [txId=] [corrId=] com.datn.finrisk.FinriskApplication - Starting FinriskApplication using Java 22.0.1 with PID 25140 (C:\Users\thach\fin-risk-system\backend\finrisk\target\classes started by thach in C:\Users\thach\fin-risk-system\backend\finrisk)
2026-06-22 15:33:29.930 [main] DEBUG [txId=] [corrId=] com.datn.finrisk.FinriskApplication - Running with Spring Boot v3.5.13, Spring v6.2.17
2026-06-22 15:33:29.931 [main] INFO  [txId=] [corrId=] com.datn.finrisk.FinriskApplication - No active profile set, falling back to 1 default profile: "default"
2026-06-22 15:33:30.939 [main] INFO  [txId=] [corrId=] o.s.d.r.c.RepositoryConfigurationDelegate - Multiple Spring Data modules found, entering strict repository configuration mode
2026-06-22 15:33:30.941 [main] INFO  [txId=] [corrId=] o.s.d.r.c.RepositoryConfigurationDelegate - Bootstrapping Spring Data JPA repositories in DEFAULT mode.
2026-06-22 15:33:31.127 [main] INFO  [txId=] [corrId=] o.s.d.r.c.RepositoryConfigurationDelegate - Finished Spring Data repository scanning in 177 ms. Found 18 JPA repository interfaces.
2026-06-22 15:33:31.147 [main] INFO  [txId=] [corrId=] o.s.d.r.c.RepositoryConfigurationDelegate - Multiple Spring Data modules found, entering strict repository configuration mode
2026-06-22 15:33:31.148 [main] INFO  [txId=] [corrId=] o.s.d.r.c.RepositoryConfigurationDelegate - Bootstrapping Spring Data Redis repositories in DEFAULT mode.
2026-06-22 15:33:31.172 [main] INFO  [txId=] [corrId=] o.s.d.r.c.RepositoryConfigurationExtensionSupport - Spring Data Redis - Could not safely identify store assignment for repository candidate interface com.datn.finrisk.core.repository.AccountRepository; If you want this repository to be a Redis repository, consider annotating your entities with one of these annotations: org.springframework.data.redis.core.RedisHash (preferred), or consider extending one of the following types with your repository: org.springframework.data.keyvalue.repository.KeyValueRepository
2026-06-22 15:33:31.173 [main] INFO  [txId=] [corrId=] o.s.d.r.c.RepositoryConfigurationExtensionSupport - Spring Data Redis - Could not safely identify store assignment for repository candidate interface com.datn.finrisk.core.repository.AiScanLogRepository; If you want this repository to be a Redis repository, consider annotating your entities with one of these annotations: org.springframework.data.redis.core.RedisHash (preferred), or consider extending one of the following types with your repository: org.springframework.data.keyvalue.repository.KeyValueRepository
2026-06-22 15:33:31.173 [main] INFO  [txId=] [corrId=] o.s.d.r.c.RepositoryConfigurationExtensionSupport - Spring Data Redis - Could not safely identify store assignment for repository candidate interface com.datn.finrisk.core.repository.AuditLogRepository; If you want this repository to be a Redis repository, consider annotating your entities with one of these annotations: org.springframework.data.redis.core.RedisHash (preferred), or consider extending one of the following types with your repository: org.springframework.data.keyvalue.repository.KeyValueRepository
2026-06-22 15:33:31.175 [main] INFO  [txId=] [corrId=] o.s.d.r.c.RepositoryConfigurationExtensionSupport - Spring Data Redis - Could not safely identify store assignment for repository candidate interface com.datn.finrisk.core.repository.AuthenticationLogRepository; If you want this repository to be a Redis repository, consider annotating your entities with one of these annotations: org.springframework.data.redis.core.RedisHash (preferred), or consider extending one of the following types with your repository: org.springframework.data.keyvalue.repository.KeyValueRepository
2026-06-22 15:33:31.175 [main] INFO  [txId=] [corrId=] o.s.d.r.c.RepositoryConfigurationExtensionSupport - Spring Data Redis - Could not safely identify store assignment for repository candidate interface com.datn.finrisk.core.repository.BiometricSessionRepository; If you want this repository to be a Redis repository, consider annotating your entities with one of these annotations: org.springframework.data.redis.core.RedisHash (preferred), or consider extending one of the following types with your repository: org.springframework.data.keyvalue.repository.KeyValueRepository
2026-06-22 15:33:31.176 [main] INFO  [txId=] [corrId=] o.s.d.r.c.RepositoryConfigurationExtensionSupport - Spring Data Redis - Could not safely identify store assignment for repository candidate interface com.datn.finrisk.core.repository.PeerGroupRepository; If you want this repository to be a Redis repository, consider annotating your entities with one of these annotations: org.springframework.data.redis.core.RedisHash (preferred), or consider extending one of the following types with your repository: org.springframework.data.keyvalue.repository.KeyValueRepository
2026-06-22 15:33:31.176 [main] INFO  [txId=] [corrId=] o.s.d.r.c.RepositoryConfigurationExtensionSupport - Spring Data Redis - Could not safely identify store assignment for repository candidate interface com.datn.finrisk.core.repository.RiskPolicyRepository; If you want this repository to be a Redis repository, consider annotating your entities with one of these annotations: org.springframework.data.redis.core.RedisHash (preferred), or consider extending one of the following types with your repository: org.springframework.data.keyvalue.repository.KeyValueRepository
2026-06-22 15:33:31.177 [main] INFO  [txId=] [corrId=] o.s.d.r.c.RepositoryConfigurationExtensionSupport - Spring Data Redis - Could not safely identify store assignment for repository candidate interface com.datn.finrisk.core.repository.RiskScoreRepository; If you want this repository to be a Redis repository, consider annotating your entities with one of these annotations: org.springframework.data.redis.core.RedisHash (preferred), or consider extending one of the following types with your repository: org.springframework.data.keyvalue.repository.KeyValueRepository
2026-06-22 15:33:31.177 [main] INFO  [txId=] [corrId=] o.s.d.r.c.RepositoryConfigurationExtensionSupport - Spring Data Redis - Could not safely identify store assignment for repository candidate interface com.datn.finrisk.core.repository.RuleRepository; If you want this repository to be a Redis repository, consider annotating your entities with one of these annotations: org.springframework.data.redis.core.RedisHash (preferred), or consider extending one of the following types with your repository: org.springframework.data.keyvalue.repository.KeyValueRepository
2026-06-22 15:33:31.177 [main] INFO  [txId=] [corrId=] o.s.d.r.c.RepositoryConfigurationExtensionSupport - Spring Data Redis - Could not safely identify store assignment for repository candidate interface com.datn.finrisk.core.repository.SystemConfigLogRepository; If you want this repository to be a Redis repository, consider annotating your entities with one of these annotations: org.springframework.data.redis.core.RedisHash (preferred), or consider extending one of the following types with your repository: org.springframework.data.keyvalue.repository.KeyValueRepository
2026-06-22 15:33:31.177 [main] INFO  [txId=] [corrId=] o.s.d.r.c.RepositoryConfigurationExtensionSupport - Spring Data Redis - Could not safely identify store assignment for repository candidate interface com.datn.finrisk.core.repository.TransactionAiInsightRepository; If you want this repository to be a Redis repository, consider annotating your entities with one of these annotations: org.springframework.data.redis.core.RedisHash (preferred), or consider extending one of the following types with your repository: org.springframework.data.keyvalue.repository.KeyValueRepository
2026-06-22 15:33:31.178 [main] INFO  [txId=] [corrId=] o.s.d.r.c.RepositoryConfigurationExtensionSupport - Spring Data Redis - Could not safely identify store assignment for repository candidate interface com.datn.finrisk.core.repository.TransactionLedgerRepository; If you want this repository to be a Redis repository, consider annotating your entities with one of these annotations: org.springframework.data.redis.core.RedisHash (preferred), or consider extending one of the following types with your repository: org.springframework.data.keyvalue.repository.KeyValueRepository
2026-06-22 15:33:31.178 [main] INFO  [txId=] [corrId=] o.s.d.r.c.RepositoryConfigurationExtensionSupport - Spring Data Redis - Could not safely identify store assignment for repository candidate interface com.datn.finrisk.core.repository.TransactionRepository; If you want this repository to be a Redis repository, consider annotating your entities with one of these annotations: org.springframework.data.redis.core.RedisHash (preferred), or consider extending one of the following types with your repository: org.springframework.data.keyvalue.repository.KeyValueRepository
2026-06-22 15:33:31.178 [main] INFO  [txId=] [corrId=] o.s.d.r.c.RepositoryConfigurationExtensionSupport - Spring Data Redis - Could not safely identify store assignment for repository candidate interface com.datn.finrisk.core.repository.UserBehaviorProfileRepository; If you want this repository to be a Redis repository, consider annotating your entities with one of these annotations: org.springframework.data.redis.core.RedisHash (preferred), or consider extending one of the following types with your repository: org.springframework.data.keyvalue.repository.KeyValueRepository
2026-06-22 15:33:31.178 [main] INFO  [txId=] [corrId=] o.s.d.r.c.RepositoryConfigurationExtensionSupport - Spring Data Redis - Could not safely identify store assignment for repository candidate interface com.datn.finrisk.core.repository.UserContactRepository; If you want this repository to be a Redis repository, consider annotating your entities with one of these annotations: org.springframework.data.redis.core.RedisHash (preferred), or consider extending one of the following types with your repository: org.springframework.data.keyvalue.repository.KeyValueRepository
2026-06-22 15:33:31.179 [main] INFO  [txId=] [corrId=] o.s.d.r.c.RepositoryConfigurationExtensionSupport - Spring Data Redis - Could not safely identify store assignment for repository candidate interface com.datn.finrisk.core.repository.UserDeviceRepository; If you want this repository to be a Redis repository, consider annotating your entities with one of these annotations: org.springframework.data.redis.core.RedisHash (preferred), or consider extending one of the following types with your repository: org.springframework.data.keyvalue.repository.KeyValueRepository
2026-06-22 15:33:31.179 [main] INFO  [txId=] [corrId=] o.s.d.r.c.RepositoryConfigurationExtensionSupport - Spring Data Redis - Could not safely identify store assignment for repository candidate interface com.datn.finrisk.core.repository.UserRepository; If you want this repository to be a Redis repository, consider annotating your entities with one of these annotations: org.springframework.data.redis.core.RedisHash (preferred), or consider extending one of the following types with your repository: org.springframework.data.keyvalue.repository.KeyValueRepository
2026-06-22 15:33:31.179 [main] INFO  [txId=] [corrId=] o.s.d.r.c.RepositoryConfigurationExtensionSupport - Spring Data Redis - Could not safely identify store assignment for repository candidate interface com.datn.finrisk.core.repository.UserSecurityRepository; If you want this repository to be a Redis repository, consider annotating your entities with one of these annotations: org.springframework.data.redis.core.RedisHash (preferred), or consider extending one of the following types with your repository: org.springframework.data.keyvalue.repository.KeyValueRepository
2026-06-22 15:33:31.181 [main] INFO  [txId=] [corrId=] o.s.d.r.c.RepositoryConfigurationDelegate - Finished Spring Data repository scanning in 20 ms. Found 0 Redis repository interfaces.
2026-06-22 15:33:32.249 [main] INFO  [txId=] [corrId=] o.s.b.w.e.tomcat.TomcatWebServer - Tomcat initialized with port 8081 (http)
2026-06-22 15:33:32.265 [main] INFO  [txId=] [corrId=] o.a.catalina.core.StandardService - Starting service [Tomcat]
2026-06-22 15:33:32.266 [main] INFO  [txId=] [corrId=] o.a.catalina.core.StandardEngine - Starting Servlet engine: [Apache Tomcat/10.1.53]
2026-06-22 15:33:32.359 [main] INFO  [txId=] [corrId=] o.a.c.c.C.[Tomcat].[localhost].[/] - Initializing Spring embedded WebApplicationContext
2026-06-22 15:33:32.359 [main] INFO  [txId=] [corrId=] o.s.b.w.s.c.ServletWebServerApplicationContext - Root WebApplicationContext: initialization completed in 2391 ms
2026-06-22 15:33:32.576 [main] INFO  [txId=] [corrId=] o.h.jpa.internal.util.LogHelper - HHH000204: Processing PersistenceUnitInfo [name: default]
2026-06-22 15:33:32.652 [main] INFO  [txId=] [corrId=] org.hibernate.Version - HHH000412: Hibernate ORM core version 6.6.45.Final
2026-06-22 15:33:32.697 [main] INFO  [txId=] [corrId=] o.h.c.i.RegionFactoryInitiator - HHH000026: Second-level cache disabled
2026-06-22 15:33:32.830 [main] INFO  [txId=] [corrId=] com.zaxxer.hikari.HikariDataSource - HikariPool-1 - Starting...
2026-06-22 15:33:33.015 [main] INFO  [txId=] [corrId=] com.zaxxer.hikari.pool.HikariPool - HikariPool-1 - Added connection com.mysql.cj.jdbc.ConnectionImpl@52bb3dcd
2026-06-22 15:33:33.017 [main] INFO  [txId=] [corrId=] com.zaxxer.hikari.HikariDataSource - HikariPool-1 - Start completed.
2026-06-22 15:33:33.070 [main] WARN  [txId=] [corrId=] org.hibernate.orm.deprecation - HHH90000025: MySQLDialect does not need to be specified explicitly using 'hibernate.dialect' (remove the property setting and it will be selected by default)
2026-06-22 15:33:33.089 [main] INFO  [txId=] [corrId=] o.hibernate.orm.connections.pooling - HHH10001005: Database info:
	Database JDBC URL [Connecting through datasource 'HikariDataSource (HikariPool-1)']
	Database driver: undefined/unknown
	Database version: 8.0.42
	Autocommit mode: undefined/unknown
	Isolation level: undefined/unknown
	Minimum pool size: undefined/unknown
	Maximum pool size: undefined/unknown
2026-06-22 15:33:33.312 [main] INFO  [txId=] [corrId=] o.s.o.j.p.SpringPersistenceUnitInfo - No LoadTimeWeaver setup: ignoring JPA class transformer
2026-06-22 15:33:34.546 [main] INFO  [txId=] [corrId=] o.h.e.t.j.p.i.JtaPlatformInitiator - HHH000489: No JTA platform available (set 'hibernate.transaction.jta.platform' to enable JTA platform integration)
2026-06-22 15:33:34.701 [main] INFO  [txId=] [corrId=] o.s.o.j.LocalContainerEntityManagerFactoryBean - Initialized JPA EntityManagerFactory for persistence unit 'default'
2026-06-22 15:33:35.117 [main] INFO  [txId=] [corrId=] o.s.d.j.r.query.QueryEnhancerFactory - Hibernate is in classpath; If applicable, HQL parser will be used.
2026-06-22 15:33:36.537 [main] DEBUG [txId=] [corrId=] c.d.f.i.config.CorrelationIdFilter - Filter 'correlationIdFilter' configured for use
2026-06-22 15:33:36.538 [main] DEBUG [txId=] [corrId=] c.d.f.core.security.JwtAuthFilter - Filter 'jwtAuthFilter' configured for use
2026-06-22 15:33:38.127 [main] WARN  [txId=] [corrId=] o.s.b.a.o.j.JpaBaseConfiguration$JpaWebConfiguration - spring.jpa.open-in-view is enabled by default. Therefore, database queries may be performed during view rendering. Explicitly configure spring.jpa.open-in-view to disable this warning
2026-06-22 15:33:38.164 [main] INFO  [txId=] [corrId=] c.d.f.i.config.WebSocketConfig - [WS-CONFIG] Registering handler at /ws/emotion-stream
2026-06-22 15:33:38.166 [main] INFO  [txId=] [corrId=] c.d.f.i.config.WebSocketConfig - [WS-CONFIG] Registering handler at /ws/voice-stream
2026-06-22 15:33:38.429 [main] WARN  [txId=] [corrId=] o.s.b.a.s.s.UserDetailsServiceAutoConfiguration - 

Using generated security password: dc088558-958d-46a0-9fe2-fc61413473fd

This generated password is for development use only. Your security configuration must be updated before running your application in production.

2026-06-22 15:33:38.440 [main] INFO  [txId=] [corrId=] o.s.s.c.a.a.c.InitializeUserDetailsBeanManagerConfigurer$InitializeUserDetailsManagerConfigurer - Global AuthenticationManager configured with UserDetailsService bean with name inMemoryUserDetailsManager
2026-06-22 15:33:39.742 [main] INFO  [txId=] [corrId=] o.s.b.w.e.tomcat.TomcatWebServer - Tomcat started on port 8081 (http) with context path '/'
2026-06-22 15:33:39.756 [main] INFO  [txId=] [corrId=] com.datn.finrisk.FinriskApplication - Started FinriskApplication in 10.406 seconds (process running for 10.8)
2026-06-22 15:33:39.855 [scheduling-1] INFO  [txId=] [corrId=] c.d.f.i.a.PerformanceTracerAspect - [TRACE-JAVA] com.datn.finrisk.core.repository.BiometricSessionRepository.deleteByExpiresAtBefore() executed in 81 ms
2026-06-22 15:33:39.855 [scheduling-1] INFO  [txId=] [corrId=] c.d.f.w.w.BiometricSessionCleanupScheduler - [BIOMETRIC-SCHEDULER] Expired biometric sessions purged from DB
2026-06-22 15:33:39.859 [scheduling-1] INFO  [txId=] [corrId=] c.d.f.w.w.WebSocketMetricsLogger - [WS-METRICS] active_sessions=0 total_buffered_frames=0 total_buffer_size={ Milan}MB
2026-06-22 15:33:39.897 [scheduling-1] INFO  [txId=] [corrId=] c.d.f.i.a.PerformanceTracerAspect - [TRACE-JAVA] com.datn.finrisk.core.repository.TransactionRepository.findStaleUnderReviewIds() executed in 37 ms
2026-06-22 15:33:39.905 [scheduling-1] INFO  [txId=] [corrId=] c.d.f.i.a.PerformanceTracerAspect - [TRACE-JAVA] com.datn.finrisk.core.repository.TransactionRepository.findStalledTransactionIds() executed in 7 ms
2026-06-22 15:34:09.754 [scheduling-1] INFO  [txId=] [corrId=] c.d.f.i.m.ExecutorMetricsLogger - [EXECUTOR-METRICS][BG-Task       [aiTaskExecutor]] threads=0/0 queue=0/500 (0%) completed=0
2026-06-22 15:34:09.754 [scheduling-1] INFO  [txId=] [corrId=] c.d.f.i.m.ExecutorMetricsLogger - [EXECUTOR-METRICS][RT-Emotion    [realtimeEmotionExecutor]] threads=0/0 queue=0/30 (0%) completed=0
2026-06-22 15:34:09.754 [scheduling-1] INFO  [txId=] [corrId=] c.d.f.i.m.ExecutorMetricsLogger - [EXECUTOR-METRICS][BioVerify     [biometricVerifyExecutor]] threads=0/0 queue=0/50 (0%) completed=0
2026-06-22 15:34:12.769 [http-nio-8081-exec-1] INFO  [txId=] [corrId=] o.a.c.c.C.[Tomcat].[localhost].[/] - Initializing Spring DispatcherServlet 'dispatcherServlet'
2026-06-22 15:34:12.770 [http-nio-8081-exec-1] INFO  [txId=] [corrId=] o.s.web.servlet.DispatcherServlet - Initializing Servlet 'dispatcherServlet'
2026-06-22 15:34:12.771 [http-nio-8081-exec-1] INFO  [txId=] [corrId=] o.s.web.servlet.DispatcherServlet - Completed initialization in 1 ms
2026-06-22 15:34:13.320 [http-nio-8081-exec-2] INFO  [txId=] [corrId=865ad09c2c15] c.d.f.i.a.PerformanceTracerAspect - [TRACE-JAVA] com.datn.finrisk.core.services.RateLimitService.isLoginBlocked() executed in 416 ms
2026-06-22 15:34:13.322 [http-nio-8081-exec-2] INFO  [txId=] [corrId=865ad09c2c15] c.d.f.core.services.AuthService - === BẮT ĐẦU XỬ LÝ LOGIN CHO USER: congnhan_b ===
2026-06-22 15:34:13.374 [http-nio-8081-exec-2] INFO  [txId=] [corrId=865ad09c2c15] c.d.f.i.a.PerformanceTracerAspect - [TRACE-JAVA] com.datn.finrisk.core.repository.UserRepository.findByUsername() executed in 52 ms
2026-06-22 15:34:13.375 [http-nio-8081-exec-2] INFO  [txId=] [corrId=865ad09c2c15] c.d.f.core.services.AuthService - 🔍 ĐANG SO SÁNH MẬT KHẨU...
2026-06-22 15:34:13.455 [http-nio-8081-exec-2] DEBUG [txId=] [corrId=865ad09c2c15] c.d.f.core.services.AuthService - 🎯 KẾT QUẢ SO SÁNH: true
2026-06-22 15:34:13.468 [http-nio-8081-exec-2] INFO  [txId=] [corrId=865ad09c2c15] c.d.f.i.a.PerformanceTracerAspect - [TRACE-JAVA] com.datn.finrisk.core.repository.AccountRepository.findByUserId() executed in 12 ms
2026-06-22 15:34:13.469 [http-nio-8081-exec-2] INFO  [txId=] [corrId=865ad09c2c15] c.d.f.core.services.AuthService - ✅ LOGIN THÀNH CÔNG CHO USER: congnhan_b
2026-06-22 15:34:13.469 [http-nio-8081-exec-2] INFO  [txId=] [corrId=865ad09c2c15] c.d.f.i.a.PerformanceTracerAspect - [TRACE-JAVA] com.datn.finrisk.core.services.AuthService.login() executed in 149 ms
2026-06-22 15:34:13.471 [http-nio-8081-exec-2] INFO  [txId=] [corrId=865ad09c2c15] c.d.f.i.a.PerformanceTracerAspect - [TRACE-JAVA] com.datn.finrisk.core.services.RateLimitService.clearLoginAttempts() executed in 2 ms
2026-06-22 15:34:13.479 [http-nio-8081-exec-2] INFO  [txId=] [corrId=865ad09c2c15] c.d.f.i.a.PerformanceTracerAspect - [TRACE-JAVA] com.datn.finrisk.core.repository.UserDeviceRepository.findByUserIdAndDeviceFingerprint() executed in 6 ms
2026-06-22 15:34:13.526 [http-nio-8081-exec-2] INFO  [txId=] [corrId=865ad09c2c15] c.d.f.core.services.AuditLogService - [AUDIT] action=LOGIN_SUCCESS user=congnhan_b
2026-06-22 15:34:13.526 [http-nio-8081-exec-2] INFO  [txId=] [corrId=865ad09c2c15] c.d.f.i.a.PerformanceTracerAspect - [TRACE-JAVA] com.datn.finrisk.core.services.AuditLogService.logAction() executed in 47 ms
2026-06-22 15:34:13.639 [http-nio-8081-exec-2] INFO  [txId=] [corrId=865ad09c2c15] c.d.f.i.a.PerformanceTracerAspect - [TRACE-JAVA] com.datn.finrisk.core.repository.UserDeviceRepository.findByUserIdAndDeviceFingerprint() executed in 3 ms
2026-06-22 15:34:13.652 [http-nio-8081-exec-2] INFO  [txId=] [corrId=865ad09c2c15] c.d.f.i.a.PerformanceTracerAspect - [TRACE-JAVA] com.datn.finrisk.core.repository.AccountRepository.findByUser() executed in 5 ms
2026-06-22 15:34:13.652 [http-nio-8081-exec-2] DEBUG [txId=] [corrId=865ad09c2c15] c.d.f.web.controllers.AuthController - [AUTH] Account linked user=congnhan_b account=CN_MAIN_001
2026-06-22 15:34:13.653 [http-nio-8081-exec-2] INFO  [txId=] [corrId=865ad09c2c15] c.d.f.i.a.PerformanceTracerAspect - [TRACE-JAVA] com.datn.finrisk.web.controllers.AuthController.login() executed in 749 ms
2026-06-22 15:34:14.810 [http-nio-8081-exec-7] INFO  [txId=] [corrId=47a40184eb26] c.d.f.i.a.PerformanceTracerAspect - [TRACE-JAVA] com.datn.finrisk.core.services.JwtBlocklistService.isBlocked() executed in 2 ms
2026-06-22 15:34:14.810 [http-nio-8081-exec-8] INFO  [txId=] [corrId=518b5bab5aab] c.d.f.i.a.PerformanceTracerAspect - [TRACE-JAVA] com.datn.finrisk.core.services.JwtBlocklistService.isBlocked() executed in 2 ms
2026-06-22 15:34:14.863 [http-nio-8081-exec-7] INFO  [txId=] [corrId=47a40184eb26] c.d.f.i.a.PerformanceTracerAspect - [TRACE-JAVA] com.datn.finrisk.core.repository.TransactionLedgerRepository.findRecentDebitsWithTransaction() executed in 44 ms
2026-06-22 15:34:14.872 [http-nio-8081-exec-7] INFO  [txId=] [corrId=47a40184eb26] c.d.f.i.a.PerformanceTracerAspect - [TRACE-JAVA] com.datn.finrisk.core.repository.AccountRepository.findAccountNumbersAndNames() executed in 6 ms
2026-06-22 15:34:14.873 [http-nio-8081-exec-8] INFO  [txId=] [corrId=518b5bab5aab] c.d.f.i.a.PerformanceTracerAspect - [TRACE-JAVA] com.datn.finrisk.web.controllers.UserController.getContacts() executed in 56 ms
2026-06-22 15:34:14.873 [http-nio-8081-exec-7] INFO  [txId=] [corrId=47a40184eb26] c.d.f.i.a.PerformanceTracerAspect - [TRACE-JAVA] com.datn.finrisk.web.controllers.TransactionController.getRecentRecipients() executed in 55 ms
2026-06-22 15:34:14.884 [http-nio-8081-exec-9] INFO  [txId=] [corrId=e0b45121926a] c.d.f.i.a.PerformanceTracerAspect - [TRACE-JAVA] com.datn.finrisk.core.services.JwtBlocklistService.isBlocked() executed in 1 ms
2026-06-22 15:34:14.884 [http-nio-8081-exec-10] INFO  [txId=] [corrId=c4dbfbcee572] c.d.f.i.a.PerformanceTracerAspect - [TRACE-JAVA] com.datn.finrisk.core.services.JwtBlocklistService.isBlocked() executed in 1 ms
2026-06-22 15:34:14.898 [http-nio-8081-exec-9] INFO  [txId=] [corrId=e0b45121926a] c.d.f.i.a.PerformanceTracerAspect - [TRACE-JAVA] com.datn.finrisk.core.repository.TransactionLedgerRepository.findRecentDebitsWithTransaction() executed in 10 ms
2026-06-22 15:34:14.901 [http-nio-8081-exec-10] INFO  [txId=] [corrId=c4dbfbcee572] c.d.f.i.a.PerformanceTracerAspect - [TRACE-JAVA] com.datn.finrisk.web.controllers.UserController.getContacts() executed in 13 ms
2026-06-22 15:34:14.904 [http-nio-8081-exec-9] INFO  [txId=] [corrId=e0b45121926a] c.d.f.i.a.PerformanceTracerAspect - [TRACE-JAVA] com.datn.finrisk.core.repository.AccountRepository.findAccountNumbersAndNames() executed in 6 ms
2026-06-22 15:34:14.905 [http-nio-8081-exec-9] INFO  [txId=] [corrId=e0b45121926a] c.d.f.i.a.PerformanceTracerAspect - [TRACE-JAVA] com.datn.finrisk.web.controllers.TransactionController.getRecentRecipients() executed in 17 ms
2026-06-22 15:34:17.158 [http-nio-8081-exec-2] INFO  [txId=] [corrId=6282f5edc254] c.d.f.i.a.PerformanceTracerAspect - [TRACE-JAVA] com.datn.finrisk.core.services.JwtBlocklistService.isBlocked() executed in 1 ms
2026-06-22 15:34:17.166 [http-nio-8081-exec-2] INFO  [txId=] [corrId=6282f5edc254] c.d.f.i.a.PerformanceTracerAspect - [TRACE-JAVA] com.datn.finrisk.core.repository.AccountRepository.findFullNameByAccountNumber() executed in 4 ms
2026-06-22 15:34:17.166 [http-nio-8081-exec-2] INFO  [txId=] [corrId=6282f5edc254] c.d.f.i.a.PerformanceTracerAspect - [TRACE-JAVA] com.datn.finrisk.web.controllers.TransactionController.lookupAccountName() executed in 4 ms
2026-06-22 15:34:18.146 [http-nio-8081-exec-4] INFO  [txId=] [corrId=c91289ed3426] c.d.f.i.a.PerformanceTracerAspect - [TRACE-JAVA] com.datn.finrisk.core.services.JwtBlocklistService.isBlocked() executed in 2 ms
2026-06-22 15:34:18.209 [http-nio-8081-exec-4] INFO  [txId=] [corrId=c91289ed3426] c.d.f.i.a.PerformanceTracerAspect - [TRACE-JAVA] com.datn.finrisk.core.repository.AccountRepository.findByIdWithUserAndSecurity() executed in 10 ms
2026-06-22 15:34:18.215 [http-nio-8081-exec-4] INFO  [txId=] [corrId=c91289ed3426] c.d.f.i.a.PerformanceTracerAspect - [TRACE-JAVA] com.datn.finrisk.core.repository.AccountRepository.findByIdWithUserAndSecurity() executed in 3 ms
2026-06-22 15:34:18.228 [http-nio-8081-exec-4] INFO  [txId=] [corrId=c91289ed3426] c.d.f.i.a.PerformanceTracerAspect - [TRACE-JAVA] com.datn.finrisk.core.repository.TransactionLedgerRepository.existsByAccountIdAndToAccountNumber() executed in 12 ms
2026-06-22 15:34:18.232 [http-nio-8081-exec-4] DEBUG [txId=] [corrId=c91289ed3426] c.d.f.c.s.RiskEvaluationService - [RISK-ENGINE][START] tx=null evaluating risk
2026-06-22 15:34:18.238 [http-nio-8081-exec-4] INFO  [txId=] [corrId=c91289ed3426] c.d.f.i.a.PerformanceTracerAspect - [TRACE-JAVA] com.datn.finrisk.core.repository.RuleRepository.findByIsActiveTrue() executed in 6 ms
2026-06-22 15:34:18.245 [http-nio-8081-exec-4] INFO  [txId=] [corrId=c91289ed3426] c.d.f.i.a.PerformanceTracerAspect - [TRACE-JAVA] com.datn.finrisk.core.repository.TransactionRepository.countRecentTransactions() executed in 6 ms
2026-06-22 15:34:18.252 [http-nio-8081-exec-4] INFO  [txId=] [corrId=c91289ed3426] c.d.f.i.a.PerformanceTracerAspect - [TRACE-JAVA] com.datn.finrisk.core.repository.TransactionRepository.sumSuccessfulAmountToday() executed in 6 ms
2026-06-22 15:34:18.289 [http-nio-8081-exec-4] INFO  [txId=] [corrId=c91289ed3426] c.d.f.i.a.PerformanceTracerAspect - [TRACE-JAVA] com.datn.finrisk.core.services.BehavioralProfilingService.calculateBehavioralAnomalyScore() executed in 36 ms
2026-06-22 15:34:18.295 [http-nio-8081-exec-4] INFO  [txId=] [corrId=c91289ed3426] c.d.f.i.a.PerformanceTracerAspect - [TRACE-JAVA] com.datn.finrisk.core.repository.UserDeviceRepository.findByUserIdAndDeviceFingerprint() executed in 3 ms
2026-06-22 15:34:18.303 [http-nio-8081-exec-4] INFO  [txId=] [corrId=c91289ed3426] c.d.f.c.s.RiskEvaluationService - [RISK-ENGINE][RESULT] tx=null final=57 cat_total=40 ai=17 cats={FINANCIAL=40} override=MEDIUM_2
2026-06-22 15:34:18.303 [http-nio-8081-exec-4] INFO  [txId=] [corrId=c91289ed3426] c.d.f.i.a.PerformanceTracerAspect - [TRACE-JAVA] com.datn.finrisk.core.services.RiskEvaluationService.evaluateRisk() executed in 73 ms
2026-06-22 15:34:18.310 [http-nio-8081-exec-4] DEBUG [txId=] [corrId=c91289ed3426] c.d.f.c.services.TransactionService - Transaction saved: id=4851
2026-06-22 15:34:18.315 [http-nio-8081-exec-4] DEBUG [txId=] [corrId=c91289ed3426] c.d.f.c.services.TransactionService - Saved 1 risk score(s) for tx=4851
2026-06-22 15:34:18.327 [http-nio-8081-exec-4] DEBUG [txId=] [corrId=c91289ed3426] c.d.f.c.services.TransactionService - Saved 5 AI insight(s) for tx=4851
2026-06-22 15:34:18.338 [http-nio-8081-exec-4] INFO  [txId=] [corrId=c91289ed3426] c.d.f.i.a.PerformanceTracerAspect - [TRACE-JAVA] com.datn.finrisk.core.repository.RiskPolicyRepository.findByScore() executed in 10 ms
2026-06-22 15:34:18.344 [http-nio-8081-exec-4] INFO  [txId=] [corrId=c91289ed3426] c.d.f.i.a.PerformanceTracerAspect - [TRACE-JAVA] com.datn.finrisk.core.repository.RiskPolicyRepository.findByRiskLevel() executed in 6 ms
2026-06-22 15:34:18.344 [http-nio-8081-exec-4] INFO  [txId=] [corrId=c91289ed3426] c.d.f.c.services.TransactionService - Risk evaluation: score=57 level=MEDIUM_2 desc=Duyệt bằng PIN + OTP + Quét Mặt Tĩnh (QĐ 2345)
2026-06-22 15:34:18.345 [http-nio-8081-exec-4] INFO  [txId=] [corrId=c91289ed3426] c.d.f.i.a.PerformanceTracerAspect - [TRACE-JAVA] com.datn.finrisk.core.strategies.BasicFaceActionStrategy.execute() executed in 1 ms
2026-06-22 15:34:18.346 [http-nio-8081-exec-4] INFO  [txId=] [corrId=c91289ed3426] c.d.f.i.a.PerformanceTracerAspect - [TRACE-JAVA] com.datn.finrisk.core.services.TransactionService.initiateTransaction() executed in 135 ms
2026-06-22 15:34:18.360 [http-nio-8081-exec-4] INFO  [txId=] [corrId=c91289ed3426] c.d.f.core.services.AuditLogService - [AUDIT] action=TRANSACTION_INITIATED user=congnhan_b
2026-06-22 15:34:18.360 [http-nio-8081-exec-4] INFO  [txId=] [corrId=c91289ed3426] c.d.f.i.a.PerformanceTracerAspect - [TRACE-JAVA] com.datn.finrisk.core.services.AuditLogService.logAction() executed in 7 ms
2026-06-22 15:34:18.361 [http-nio-8081-exec-4] INFO  [txId=] [corrId=c91289ed3426] c.d.f.i.a.PerformanceTracerAspect - [TRACE-JAVA] com.datn.finrisk.web.controllers.TransactionController.processTransaction() executed in 162 ms
2026-06-22 15:34:20.106 [http-nio-8081-exec-6] INFO  [txId=] [corrId=659f5e756d22] c.d.f.i.a.PerformanceTracerAspect - [TRACE-JAVA] com.datn.finrisk.core.services.JwtBlocklistService.isBlocked() executed in 1 ms
2026-06-22 15:34:20.111 [http-nio-8081-exec-6] INFO  [txId=] [corrId=659f5e756d22] c.d.f.w.c.TransactionController - 🚨 [BẪY DEBUG] Nhận request verify cho TxID: 4851 - Lúc: 1782117260111
2026-06-22 15:34:20.124 [http-nio-8081-exec-6] INFO  [txId=] [corrId=659f5e756d22] c.d.f.i.a.PerformanceTracerAspect - [TRACE-JAVA] com.datn.finrisk.core.repository.TransactionRepository.findByIdWithUserSecurity() executed in 11 ms
2026-06-22 15:34:20.203 [http-nio-8081-exec-6] INFO  [txId=] [corrId=659f5e756d22] c.d.f.i.a.PerformanceTracerAspect - [TRACE-JAVA] com.datn.finrisk.core.services.PinService.verifyPin() executed in 76 ms
2026-06-22 15:34:20.212 [http-nio-8081-exec-6] INFO  [txId=] [corrId=659f5e756d22] c.d.f.i.a.PerformanceTracerAspect - [TRACE-JAVA] com.datn.finrisk.web.controllers.TransactionController.verifyAndExecute() executed in 101 ms
2026-06-22 15:34:25.553 [http-nio-8081-exec-8] INFO  [txId=] [corrId=19f377364b5f] c.d.f.i.a.PerformanceTracerAspect - [TRACE-JAVA] com.datn.finrisk.core.services.JwtBlocklistService.isBlocked() executed in 1 ms
2026-06-22 15:34:25.561 [http-nio-8081-exec-8] INFO  [txId=] [corrId=19f377364b5f] c.d.f.w.c.TransactionController - 🚨 [BẪY DEBUG] Nhận request verify cho TxID: 4851 - Lúc: 1782117265561
2026-06-22 15:34:25.567 [http-nio-8081-exec-8] INFO  [txId=] [corrId=19f377364b5f] c.d.f.i.a.PerformanceTracerAspect - [TRACE-JAVA] com.datn.finrisk.core.repository.TransactionRepository.findByIdWithUserSecurity() executed in 6 ms
2026-06-22 15:34:25.573 [http-nio-8081-exec-8] INFO  [txId=] [corrId=19f377364b5f] c.d.f.i.a.PerformanceTracerAspect - [TRACE-JAVA] com.datn.finrisk.web.controllers.TransactionController.verifyAndExecute() executed in 12 ms
2026-06-22 15:34:25.576 [BioVerify-1] INFO  [txId=] [corrId=19f377364b5f] c.d.f.i.a.PerformanceTracerAspect - [TRACE-JAVA] com.datn.finrisk.core.services.FaceEnrollService.parseEmbeddings() executed in 3 ms
2026-06-22 15:34:25.577 [BioVerify-1] INFO  [txId=] [corrId=19f377364b5f] c.d.f.c.s.RiskEvaluationService - [FACE-STATIC][START] userId=2002 embeddings=5 frames=3
2026-06-22 15:34:25.578 [BioVerify-1] INFO  [txId=] [corrId=19f377364b5f] c.d.f.c.s.RiskEvaluationService - [FACE-STATIC][START] mode=MULTI_EMBEDDING registered=5 frames=3
2026-06-22 15:34:27.452 [BioVerify-1] INFO  [txId=] [corrId=19f377364b5f] c.d.f.c.s.RiskEvaluationService - [FACE-STATIC][DONE] elapsed=1874ms matched=true distance=0.251907 band=HIGH backend=insightface/buffalo_l
2026-06-22 15:34:27.452 [BioVerify-1] INFO  [txId=] [corrId=19f377364b5f] c.d.f.i.a.PerformanceTracerAspect - [TRACE-JAVA] com.datn.finrisk.core.services.RiskEvaluationService.verifyFaceStaticAsync() executed in 1880 ms
2026-06-22 15:34:27.466 [BioVerify-1] INFO  [txId=] [corrId=19f377364b5f] c.d.f.i.a.PerformanceTracerAspect - [TRACE-JAVA] com.datn.finrisk.core.repository.TransactionRepository.claimForExecution() executed in 12 ms
2026-06-22 15:34:27.466 [BioVerify-1] INFO  [txId=] [corrId=19f377364b5f] c.d.f.c.services.TransactionService - Transaction execution claimed: id=4851
2026-06-22 15:34:27.488 [BioVerify-1] INFO  [txId=] [corrId=19f377364b5f] c.d.f.i.a.PerformanceTracerAspect - [TRACE-JAVA] com.datn.finrisk.core.repository.TransactionLedgerRepository.existsByAccountIdAndToAccountNumber() executed in 6 ms
2026-06-22 15:34:27.498 [BioVerify-1] INFO  [txId=] [corrId=19f377364b5f] c.d.f.i.a.PerformanceTracerAspect - [TRACE-JAVA] com.datn.finrisk.core.repository.AccountRepository.findByIdForUpdate() executed in 10 ms
2026-06-22 15:34:27.511 [BioVerify-1] INFO  [txId=] [corrId=19f377364b5f] c.d.f.i.a.PerformanceTracerAspect - [TRACE-JAVA] com.datn.finrisk.core.repository.AccountRepository.findByAccountNumberForUpdate() executed in 5 ms
2026-06-22 15:34:27.515 [BioVerify-1] INFO  [txId=] [corrId=19f377364b5f] c.d.f.i.a.PerformanceTracerAspect - [TRACE-JAVA] com.datn.finrisk.core.services.TransactionService.executeTransactionCore() executed in 61 ms
2026-06-22 15:34:27.524 [BG-Task-1] INFO  [txId=] [corrId=19f377364b5f] c.d.f.i.a.PerformanceTracerAspect - [TRACE-JAVA] com.datn.finrisk.core.repository.UserBehaviorProfileRepository.findByUserId() executed in 5 ms
2026-06-22 15:34:27.526 [BioVerify-1] INFO  [txId=] [corrId=19f377364b5f] c.d.f.core.services.AuditLogService - [AUDIT] action=TX_SUCCESS user=congnhan_b
2026-06-22 15:34:27.526 [BioVerify-1] INFO  [txId=] [corrId=19f377364b5f] c.d.f.i.a.PerformanceTracerAspect - [TRACE-JAVA] com.datn.finrisk.core.services.AuditLogService.logAction() executed in 7 ms
2026-06-22 15:34:27.536 [BG-Task-1] INFO  [txId=] [corrId=19f377364b5f] c.d.f.i.a.PerformanceTracerAspect - [TRACE-JAVA] com.datn.finrisk.core.services.PeerGroupService.updatePeerGroupStats() executed in 8 ms
2026-06-22 15:34:27.537 [BG-Task-1] INFO  [txId=] [corrId=19f377364b5f] c.d.f.i.a.PerformanceTracerAspect - [TRACE-JAVA] com.datn.finrisk.core.services.BehaviorLearningService.learnFromTransaction() executed in 20 ms
2026-06-22 15:34:39.767 [scheduling-1] INFO  [txId=] [corrId=] c.d.f.i.m.ExecutorMetricsLogger - [EXECUTOR-METRICS][BG-Task       [aiTaskExecutor]] threads=0/1 queue=0/500 (0%) completed=1
2026-06-22 15:34:39.767 [scheduling-1] INFO  [txId=] [corrId=] c.d.f.i.m.ExecutorMetricsLogger - [EXECUTOR-METRICS][RT-Emotion    [realtimeEmotionExecutor]] threads=0/0 queue=0/30 (0%) completed=0
2026-06-22 15:34:39.768 [scheduling-1] INFO  [txId=] [corrId=] c.d.f.i.m.ExecutorMetricsLogger - [EXECUTOR-METRICS][BioVerify     [biometricVerifyExecutor]] threads=0/1 queue=0/50 (0%) completed=1
2026-06-22 15:34:59.316 [http-nio-8081-exec-2] INFO  [txId=] [corrId=3ed323bacfeb] c.d.f.i.a.PerformanceTracerAspect - [TRACE-JAVA] com.datn.finrisk.core.services.JwtBlocklistService.isBlocked() executed in 0 ms
2026-06-22 15:34:59.326 [http-nio-8081-exec-2] INFO  [txId=] [corrId=3ed323bacfeb] c.d.f.i.a.PerformanceTracerAspect - [TRACE-JAVA] com.datn.finrisk.core.repository.TransactionRepository.countTotalTransactions() executed in 4 ms
2026-06-22 15:34:59.331 [http-nio-8081-exec-2] INFO  [txId=] [corrId=3ed323bacfeb] c.d.f.i.a.PerformanceTracerAspect - [TRACE-JAVA] com.datn.finrisk.core.repository.TransactionRepository.countHighRiskTransactions() executed in 4 ms
2026-06-22 15:34:59.338 [http-nio-8081-exec-2] INFO  [txId=] [corrId=3ed323bacfeb] c.d.f.i.a.PerformanceTracerAspect - [TRACE-JAVA] com.datn.finrisk.core.repository.TransactionRepository.sumTotalSuccessfulAmount() executed in 6 ms
2026-06-22 15:34:59.339 [http-nio-8081-exec-2] INFO  [txId=] [corrId=3ed323bacfeb] c.d.f.i.a.PerformanceTracerAspect - [TRACE-JAVA] com.datn.finrisk.web.controllers.AdminController.getDashboardStats() executed in 17 ms
2026-06-22 15:34:59.347 [http-nio-8081-exec-3] INFO  [txId=] [corrId=9e6268fbba78] c.d.f.i.a.PerformanceTracerAspect - [TRACE-JAVA] com.datn.finrisk.core.services.JwtBlocklistService.isBlocked() executed in 1 ms
2026-06-22 15:34:59.352 [http-nio-8081-exec-3] INFO  [txId=] [corrId=9e6268fbba78] c.d.f.i.a.PerformanceTracerAspect - [TRACE-JAVA] com.datn.finrisk.core.repository.TransactionRepository.countTotalTransactions() executed in 4 ms
2026-06-22 15:34:59.355 [http-nio-8081-exec-3] INFO  [txId=] [corrId=9e6268fbba78] c.d.f.i.a.PerformanceTracerAspect - [TRACE-JAVA] com.datn.finrisk.core.repository.TransactionRepository.countHighRiskTransactions() executed in 3 ms
2026-06-22 15:34:59.359 [http-nio-8081-exec-3] INFO  [txId=] [corrId=9e6268fbba78] c.d.f.i.a.PerformanceTracerAspect - [TRACE-JAVA] com.datn.finrisk.core.repository.TransactionRepository.sumTotalSuccessfulAmount() executed in 4 ms
2026-06-22 15:34:59.359 [http-nio-8081-exec-3] INFO  [txId=] [corrId=9e6268fbba78] c.d.f.i.a.PerformanceTracerAspect - [TRACE-JAVA] com.datn.finrisk.web.controllers.AdminController.getDashboardStats() executed in 11 ms
2026-06-22 15:35:01.609 [http-nio-8081-exec-5] INFO  [txId=] [corrId=5e3c9b23c38a] c.d.f.i.a.PerformanceTracerAspect - [TRACE-JAVA] com.datn.finrisk.core.services.RateLimitService.isLoginBlocked() executed in 1 ms
2026-06-22 15:35:01.609 [http-nio-8081-exec-5] INFO  [txId=] [corrId=5e3c9b23c38a] c.d.f.core.services.AuthService - === BẮT ĐẦU XỬ LÝ LOGIN CHO USER: Administrator@gmail.com ===
2026-06-22 15:35:01.615 [http-nio-8081-exec-5] INFO  [txId=] [corrId=5e3c9b23c38a] c.d.f.i.a.PerformanceTracerAspect - [TRACE-JAVA] com.datn.finrisk.core.repository.UserRepository.findByUsername() executed in 5 ms
2026-06-22 15:35:01.616 [http-nio-8081-exec-5] INFO  [txId=] [corrId=5e3c9b23c38a] c.d.f.core.services.AuthService - 🔍 ĐANG SO SÁNH MẬT KHẨU...
2026-06-22 15:35:01.684 [http-nio-8081-exec-5] DEBUG [txId=] [corrId=5e3c9b23c38a] c.d.f.core.services.AuthService - 🎯 KẾT QUẢ SO SÁNH: true
2026-06-22 15:35:01.688 [http-nio-8081-exec-5] INFO  [txId=] [corrId=5e3c9b23c38a] c.d.f.i.a.PerformanceTracerAspect - [TRACE-JAVA] com.datn.finrisk.core.repository.AccountRepository.findByUserId() executed in 3 ms
2026-06-22 15:35:01.688 [http-nio-8081-exec-5] INFO  [txId=] [corrId=5e3c9b23c38a] c.d.f.core.services.AuthService - ✅ LOGIN THÀNH CÔNG CHO USER: Administrator@gmail.com
2026-06-22 15:35:01.688 [http-nio-8081-exec-5] INFO  [txId=] [corrId=5e3c9b23c38a] c.d.f.i.a.PerformanceTracerAspect - [TRACE-JAVA] com.datn.finrisk.core.services.AuthService.login() executed in 79 ms
2026-06-22 15:35:01.689 [http-nio-8081-exec-5] INFO  [txId=] [corrId=5e3c9b23c38a] c.d.f.i.a.PerformanceTracerAspect - [TRACE-JAVA] com.datn.finrisk.core.services.RateLimitService.clearLoginAttempts() executed in 1 ms
2026-06-22 15:35:01.692 [http-nio-8081-exec-5] INFO  [txId=] [corrId=5e3c9b23c38a] c.d.f.i.a.PerformanceTracerAspect - [TRACE-JAVA] com.datn.finrisk.core.repository.UserDeviceRepository.findByUserIdAndDeviceFingerprint() executed in 3 ms
2026-06-22 15:35:01.698 [http-nio-8081-exec-5] INFO  [txId=] [corrId=5e3c9b23c38a] c.d.f.core.services.AuditLogService - [AUDIT] action=LOGIN_SUCCESS user=Administrator@gmail.com
2026-06-22 15:35:01.698 [http-nio-8081-exec-5] INFO  [txId=] [corrId=5e3c9b23c38a] c.d.f.i.a.PerformanceTracerAspect - [TRACE-JAVA] com.datn.finrisk.core.services.AuditLogService.logAction() executed in 6 ms
2026-06-22 15:35:01.707 [http-nio-8081-exec-5] INFO  [txId=] [corrId=5e3c9b23c38a] c.d.f.i.a.PerformanceTracerAspect - [TRACE-JAVA] com.datn.finrisk.core.repository.UserDeviceRepository.findByUserIdAndDeviceFingerprint() executed in 2 ms
2026-06-22 15:35:01.715 [http-nio-8081-exec-5] INFO  [txId=] [corrId=5e3c9b23c38a] c.d.f.i.a.PerformanceTracerAspect - [TRACE-JAVA] com.datn.finrisk.core.repository.AccountRepository.findByUser() executed in 3 ms
2026-06-22 15:35:01.716 [http-nio-8081-exec-5] DEBUG [txId=] [corrId=5e3c9b23c38a] c.d.f.web.controllers.AuthController - [AUTH] Account linked user=Administrator@gmail.com account=9999999999
2026-06-22 15:35:01.716 [http-nio-8081-exec-5] INFO  [txId=] [corrId=5e3c9b23c38a] c.d.f.i.a.PerformanceTracerAspect - [TRACE-JAVA] com.datn.finrisk.web.controllers.AuthController.login() executed in 108 ms
2026-06-22 15:35:01.737 [http-nio-8081-exec-6] INFO  [txId=] [corrId=ddb6a21cc50d] c.d.f.i.a.PerformanceTracerAspect - [TRACE-JAVA] com.datn.finrisk.core.services.JwtBlocklistService.isBlocked() executed in 1 ms
2026-06-22 15:35:01.742 [http-nio-8081-exec-6] INFO  [txId=] [corrId=ddb6a21cc50d] c.d.f.i.a.PerformanceTracerAspect - [TRACE-JAVA] com.datn.finrisk.core.repository.TransactionRepository.countTotalTransactions() executed in 2 ms
2026-06-22 15:35:01.746 [http-nio-8081-exec-6] INFO  [txId=] [corrId=ddb6a21cc50d] c.d.f.i.a.PerformanceTracerAspect - [TRACE-JAVA] com.datn.finrisk.core.repository.TransactionRepository.countHighRiskTransactions() executed in 4 ms
2026-06-22 15:35:01.748 [http-nio-8081-exec-6] INFO  [txId=] [corrId=ddb6a21cc50d] c.d.f.i.a.PerformanceTracerAspect - [TRACE-JAVA] com.datn.finrisk.core.repository.TransactionRepository.sumTotalSuccessfulAmount() executed in 2 ms
2026-06-22 15:35:01.748 [http-nio-8081-exec-6] INFO  [txId=] [corrId=ddb6a21cc50d] c.d.f.i.a.PerformanceTracerAspect - [TRACE-JAVA] com.datn.finrisk.web.controllers.AdminController.getDashboardStats() executed in 8 ms
2026-06-22 15:35:01.755 [http-nio-8081-exec-7] INFO  [txId=] [corrId=05c5171c9dfa] c.d.f.i.a.PerformanceTracerAspect - [TRACE-JAVA] com.datn.finrisk.core.services.JwtBlocklistService.isBlocked() executed in 1 ms
2026-06-22 15:35:01.760 [http-nio-8081-exec-7] INFO  [txId=] [corrId=05c5171c9dfa] c.d.f.i.a.PerformanceTracerAspect - [TRACE-JAVA] com.datn.finrisk.core.repository.TransactionRepository.countTotalTransactions() executed in 3 ms
2026-06-22 15:35:01.764 [http-nio-8081-exec-7] INFO  [txId=] [corrId=05c5171c9dfa] c.d.f.i.a.PerformanceTracerAspect - [TRACE-JAVA] com.datn.finrisk.core.repository.TransactionRepository.countHighRiskTransactions() executed in 2 ms
2026-06-22 15:35:01.767 [http-nio-8081-exec-7] INFO  [txId=] [corrId=05c5171c9dfa] c.d.f.i.a.PerformanceTracerAspect - [TRACE-JAVA] com.datn.finrisk.core.repository.TransactionRepository.sumTotalSuccessfulAmount() executed in 3 ms
2026-06-22 15:35:01.767 [http-nio-8081-exec-7] INFO  [txId=] [corrId=05c5171c9dfa] c.d.f.i.a.PerformanceTracerAspect - [TRACE-JAVA] com.datn.finrisk.web.controllers.AdminController.getDashboardStats() executed in 10 ms
2026-06-22 15:35:02.868 [http-nio-8081-exec-9] INFO  [txId=] [corrId=e911a2c79100] c.d.f.i.a.PerformanceTracerAspect - [TRACE-JAVA] com.datn.finrisk.core.services.JwtBlocklistService.isBlocked() executed in 1 ms
2026-06-22 15:35:02.880 [http-nio-8081-exec-9] INFO  [txId=] [corrId=e911a2c79100] c.d.f.i.a.PerformanceTracerAspect - [TRACE-JAVA] com.datn.finrisk.core.services.RuleService.getAllRules() executed in 8 ms
2026-06-22 15:35:02.880 [http-nio-8081-exec-9] INFO  [txId=] [corrId=e911a2c79100] c.d.f.i.a.PerformanceTracerAspect - [TRACE-JAVA] com.datn.finrisk.web.controllers.AdminController.getAllRules() executed in 9 ms
2026-06-22 15:35:02.887 [http-nio-8081-exec-1] INFO  [txId=] [corrId=0f0ae998f767] c.d.f.i.a.PerformanceTracerAspect - [TRACE-JAVA] com.datn.finrisk.core.services.JwtBlocklistService.isBlocked() executed in 1 ms
2026-06-22 15:35:02.895 [http-nio-8081-exec-1] INFO  [txId=] [corrId=0f0ae998f767] c.d.f.i.a.PerformanceTracerAspect - [TRACE-JAVA] com.datn.finrisk.core.services.RuleService.getAllRules() executed in 5 ms
2026-06-22 15:35:02.895 [http-nio-8081-exec-1] INFO  [txId=] [corrId=0f0ae998f767] c.d.f.i.a.PerformanceTracerAspect - [TRACE-JAVA] com.datn.finrisk.web.controllers.AdminController.getAllRules() executed in 5 ms
2026-06-22 15:35:08.365 [http-nio-8081-exec-4] INFO  [txId=] [corrId=e55000ebd7d1] c.d.f.i.a.PerformanceTracerAspect - [TRACE-JAVA] com.datn.finrisk.core.services.JwtBlocklistService.isBlocked() executed in 2 ms
2026-06-22 15:35:08.371 [http-nio-8081-exec-4] INFO  [txId=] [corrId=e55000ebd7d1] c.d.f.i.a.PerformanceTracerAspect - [TRACE-JAVA] com.datn.finrisk.core.repository.TransactionRepository.countTotalTransactions() executed in 3 ms
2026-06-22 15:35:08.374 [http-nio-8081-exec-4] INFO  [txId=] [corrId=e55000ebd7d1] c.d.f.i.a.PerformanceTracerAspect - [TRACE-JAVA] com.datn.finrisk.core.repository.TransactionRepository.countHighRiskTransactions() executed in 3 ms
2026-06-22 15:35:08.379 [http-nio-8081-exec-4] INFO  [txId=] [corrId=e55000ebd7d1] c.d.f.i.a.PerformanceTracerAspect - [TRACE-JAVA] com.datn.finrisk.core.repository.TransactionRepository.sumTotalSuccessfulAmount() executed in 4 ms
2026-06-22 15:35:08.379 [http-nio-8081-exec-4] INFO  [txId=] [corrId=e55000ebd7d1] c.d.f.i.a.PerformanceTracerAspect - [TRACE-JAVA] com.datn.finrisk.web.controllers.AdminController.getDashboardStats() executed in 11 ms
2026-06-22 15:35:08.384 [http-nio-8081-exec-5] INFO  [txId=] [corrId=5b9a5d4076c6] c.d.f.i.a.PerformanceTracerAspect - [TRACE-JAVA] com.datn.finrisk.core.services.JwtBlocklistService.isBlocked() executed in 1 ms
2026-06-22 15:35:08.389 [http-nio-8081-exec-5] INFO  [txId=] [corrId=5b9a5d4076c6] c.d.f.i.a.PerformanceTracerAspect - [TRACE-JAVA] com.datn.finrisk.core.repository.TransactionRepository.countTotalTransactions() executed in 2 ms
2026-06-22 15:35:08.392 [http-nio-8081-exec-5] INFO  [txId=] [corrId=5b9a5d4076c6] c.d.f.i.a.PerformanceTracerAspect - [TRACE-JAVA] com.datn.finrisk.core.repository.TransactionRepository.countHighRiskTransactions() executed in 2 ms
2026-06-22 15:35:08.395 [http-nio-8081-exec-5] INFO  [txId=] [corrId=5b9a5d4076c6] c.d.f.i.a.PerformanceTracerAspect - [TRACE-JAVA] com.datn.finrisk.core.repository.TransactionRepository.sumTotalSuccessfulAmount() executed in 2 ms
2026-06-22 15:35:08.396 [http-nio-8081-exec-5] INFO  [txId=] [corrId=5b9a5d4076c6] c.d.f.i.a.PerformanceTracerAspect - [TRACE-JAVA] com.datn.finrisk.web.controllers.AdminController.getDashboardStats() executed in 9 ms
2026-06-22 15:35:09.580 [http-nio-8081-exec-9] INFO  [txId=] [corrId=7b7c50474f61] c.d.f.i.a.PerformanceTracerAspect - [TRACE-JAVA] com.datn.finrisk.core.services.JwtBlocklistService.isBlocked() executed in 1 ms
2026-06-22 15:35:09.580 [http-nio-8081-exec-1] INFO  [txId=] [corrId=bb56077d0391] c.d.f.i.a.PerformanceTracerAspect - [TRACE-JAVA] com.datn.finrisk.core.services.JwtBlocklistService.isBlocked() executed in 1 ms
2026-06-22 15:35:09.604 [http-nio-8081-exec-1] INFO  [txId=] [corrId=bb56077d0391] c.d.f.i.a.PerformanceTracerAspect - [TRACE-JAVA] com.datn.finrisk.core.services.AdminTransactionService.getTransactions() executed in 17 ms
2026-06-22 15:35:09.604 [http-nio-8081-exec-1] INFO  [txId=] [corrId=bb56077d0391] c.d.f.i.a.PerformanceTracerAspect - [TRACE-JAVA] com.datn.finrisk.web.controllers.AdminTransactionController.getAllTransactions() executed in 17 ms
2026-06-22 15:35:09.609 [http-nio-8081-exec-1] WARN  [txId=] [corrId=bb56077d0391] o.s.d.w.c.SpringDataJacksonConfiguration$PageModule$WarningLoggingModifier - Serializing PageImpl instances as-is is not supported, meaning that there is no guarantee about the stability of the resulting JSON structure!
	For a stable JSON structure, please use Spring Data's PagedModel (globally via @EnableSpringDataWebSupport(pageSerializationMode = VIA_DTO))
	or Spring HATEOAS and Spring Data's PagedResourcesAssembler as documented in https://docs.spring.io/spring-data/commons/reference/repositories/core-extensions.html#core.web.pageables.

2026-06-22 15:35:09.623 [http-nio-8081-exec-2] INFO  [txId=] [corrId=fac22c092453] c.d.f.i.a.PerformanceTracerAspect - [TRACE-JAVA] com.datn.finrisk.core.services.JwtBlocklistService.isBlocked() executed in 1 ms
2026-06-22 15:35:09.634 [http-nio-8081-exec-2] INFO  [txId=] [corrId=fac22c092453] c.d.f.i.a.PerformanceTracerAspect - [TRACE-JAVA] com.datn.finrisk.core.services.AdminTransactionService.getTransactions() executed in 9 ms
2026-06-22 15:35:09.635 [http-nio-8081-exec-2] INFO  [txId=] [corrId=fac22c092453] c.d.f.i.a.PerformanceTracerAspect - [TRACE-JAVA] com.datn.finrisk.web.controllers.AdminTransactionController.getAllTransactions() executed in 10 ms
2026-06-22 15:35:09.755 [scheduling-1] INFO  [txId=] [corrId=] c.d.f.i.m.ExecutorMetricsLogger - [EXECUTOR-METRICS][BG-Task       [aiTaskExecutor]] threads=0/1 queue=0/500 (0%) completed=1
2026-06-22 15:35:09.755 [scheduling-1] INFO  [txId=] [corrId=] c.d.f.i.m.ExecutorMetricsLogger - [EXECUTOR-METRICS][RT-Emotion    [realtimeEmotionExecutor]] threads=0/0 queue=0/30 (0%) completed=0
2026-06-22 15:35:09.755 [scheduling-1] INFO  [txId=] [corrId=] c.d.f.i.m.ExecutorMetricsLogger - [EXECUTOR-METRICS][BioVerify     [biometricVerifyExecutor]] threads=0/1 queue=0/50 (0%) completed=1
2026-06-22 15:35:10.340 [http-nio-8081-exec-9] INFO  [txId=] [corrId=7b7c50474f61] c.d.f.i.a.PerformanceTracerAspect - [TRACE-JAVA] com.datn.finrisk.core.repository.TransactionRepository.findRecipientNamesBulk() executed in 4 ms
2026-06-22 15:35:10.340 [http-nio-8081-exec-9] INFO  [txId=] [corrId=7b7c50474f61] c.d.f.i.a.PerformanceTracerAspect - [TRACE-JAVA] com.datn.finrisk.core.services.AdminTransactionService.getTransactions() executed in 752 ms
2026-06-22 15:35:10.340 [http-nio-8081-exec-9] INFO  [txId=] [corrId=7b7c50474f61] c.d.f.i.a.PerformanceTracerAspect - [TRACE-JAVA] com.datn.finrisk.web.controllers.AdminTransactionController.getAllTransactions() executed in 753 ms
2026-06-22 15:35:10.346 [http-nio-8081-exec-3] INFO  [txId=] [corrId=af06503fed02] c.d.f.i.a.PerformanceTracerAspect - [TRACE-JAVA] com.datn.finrisk.core.services.JwtBlocklistService.isBlocked() executed in 1 ms
2026-06-22 15:35:10.982 [http-nio-8081-exec-3] INFO  [txId=] [corrId=af06503fed02] c.d.f.i.a.PerformanceTracerAspect - [TRACE-JAVA] com.datn.finrisk.core.repository.TransactionRepository.findRecipientNamesBulk() executed in 2 ms
2026-06-22 15:35:10.982 [http-nio-8081-exec-3] INFO  [txId=] [corrId=af06503fed02] c.d.f.i.a.PerformanceTracerAspect - [TRACE-JAVA] com.datn.finrisk.core.services.AdminTransactionService.getTransactions() executed in 634 ms
2026-06-22 15:35:10.983 [http-nio-8081-exec-3] INFO  [txId=] [corrId=af06503fed02] c.d.f.i.a.PerformanceTracerAspect - [TRACE-JAVA] com.datn.finrisk.web.controllers.AdminTransactionController.getAllTransactions() executed in 635 ms
2026-06-22 15:35:13.370 [http-nio-8081-exec-5] INFO  [txId=] [corrId=85db27455cdc] c.d.f.i.a.PerformanceTracerAspect - [TRACE-JAVA] com.datn.finrisk.core.services.JwtBlocklistService.isBlocked() executed in 1 ms
2026-06-22 15:35:13.385 [http-nio-8081-exec-5] INFO  [txId=] [corrId=85db27455cdc] c.d.f.i.a.PerformanceTracerAspect - [TRACE-JAVA] com.datn.finrisk.core.repository.RiskScoreRepository.findByTransactionIdInWithRule() executed in 7 ms
2026-06-22 15:35:13.395 [http-nio-8081-exec-5] INFO  [txId=] [corrId=85db27455cdc] c.d.f.i.a.PerformanceTracerAspect - [TRACE-JAVA] com.datn.finrisk.core.repository.TransactionAiInsightRepository.findByTransactionIdIn() executed in 6 ms
2026-06-22 15:35:13.405 [http-nio-8081-exec-5] INFO  [txId=] [corrId=85db27455cdc] c.d.f.i.a.PerformanceTracerAspect - [TRACE-JAVA] com.datn.finrisk.core.repository.UserBehaviorProfileRepository.findByUserId() executed in 6 ms
2026-06-22 15:35:13.411 [http-nio-8081-exec-5] INFO  [txId=] [corrId=85db27455cdc] c.d.f.i.a.PerformanceTracerAspect - [TRACE-JAVA] com.datn.finrisk.core.services.AdminTransactionService.getTransactionRiskDetail() executed in 37 ms
2026-06-22 15:35:13.413 [http-nio-8081-exec-5] INFO  [txId=] [corrId=85db27455cdc] c.d.f.i.a.PerformanceTracerAspect - [TRACE-JAVA] com.datn.finrisk.web.controllers.AdminTransactionController.getTransactionRiskDetails() executed in 40 ms
2026-06-22 15:35:39.766 [scheduling-1] INFO  [txId=] [corrId=] c.d.f.i.m.ExecutorMetricsLogger - [EXECUTOR-METRICS][BG-Task       [aiTaskExecutor]] threads=0/1 queue=0/500 (0%) completed=1
2026-06-22 15:35:39.766 [scheduling-1] INFO  [txId=] [corrId=] c.d.f.i.m.ExecutorMetricsLogger - [EXECUTOR-METRICS][RT-Emotion    [realtimeEmotionExecutor]] threads=0/0 queue=0/30 (0%) completed=0
2026-06-22 15:35:39.767 [scheduling-1] INFO  [txId=] [corrId=] c.d.f.i.m.ExecutorMetricsLogger - [EXECUTOR-METRICS][BioVerify     [biometricVerifyExecutor]] threads=0/1 queue=0/50 (0%) completed=1
2026-06-22 15:36:09.768 [scheduling-1] INFO  [txId=] [corrId=] c.d.f.i.m.ExecutorMetricsLogger - [EXECUTOR-METRICS][BG-Task       [aiTaskExecutor]] threads=0/1 queue=0/500 (0%) completed=1
2026-06-22 15:36:09.768 [scheduling-1] INFO  [txId=] [corrId=] c.d.f.i.m.ExecutorMetricsLogger - [EXECUTOR-METRICS][RT-Emotion    [realtimeEmotionExecutor]] threads=0/0 queue=0/30 (0%) completed=0
2026-06-22 15:36:09.768 [scheduling-1] INFO  [txId=] [corrId=] c.d.f.i.m.ExecutorMetricsLogger - [EXECUTOR-METRICS][BioVerify     [biometricVerifyExecutor]] threads=0/1 queue=0/50 (0%) completed=1
2026-06-22 15:36:39.762 [scheduling-1] INFO  [txId=] [corrId=] c.d.f.i.m.ExecutorMetricsLogger - [EXECUTOR-METRICS][BG-Task       [aiTaskExecutor]] threads=0/1 queue=0/500 (0%) completed=1
2026-06-22 15:36:39.762 [scheduling-1] INFO  [txId=] [corrId=] c.d.f.i.m.ExecutorMetricsLogger - [EXECUTOR-METRICS][RT-Emotion    [realtimeEmotionExecutor]] threads=0/0 queue=0/30 (0%) completed=0
2026-06-22 15:36:39.762 [scheduling-1] INFO  [txId=] [corrId=] c.d.f.i.m.ExecutorMetricsLogger - [EXECUTOR-METRICS][BioVerify     [biometricVerifyExecutor]] threads=0/1 queue=0/50 (0%) completed=1
2026-06-22 15:37:09.768 [scheduling-1] INFO  [txId=] [corrId=] c.d.f.i.m.ExecutorMetricsLogger - [EXECUTOR-METRICS][BG-Task       [aiTaskExecutor]] threads=0/1 queue=0/500 (0%) completed=1
2026-06-22 15:37:09.768 [scheduling-1] INFO  [txId=] [corrId=] c.d.f.i.m.ExecutorMetricsLogger - [EXECUTOR-METRICS][RT-Emotion    [realtimeEmotionExecutor]] threads=0/0 queue=0/30 (0%) completed=0
2026-06-22 15:37:09.768 [scheduling-1] INFO  [txId=] [corrId=] c.d.f.i.m.ExecutorMetricsLogger - [EXECUTOR-METRICS][BioVerify     [biometricVerifyExecutor]] threads=0/1 queue=0/50 (0%) completed=1
2026-06-22 15:37:39.766 [scheduling-1] INFO  [txId=] [corrId=] c.d.f.i.m.ExecutorMetricsLogger - [EXECUTOR-METRICS][BG-Task       [aiTaskExecutor]] threads=0/1 queue=0/500 (0%) completed=1
2026-06-22 15:37:39.766 [scheduling-1] INFO  [txId=] [corrId=] c.d.f.i.m.ExecutorMetricsLogger - [EXECUTOR-METRICS][RT-Emotion    [realtimeEmotionExecutor]] threads=0/0 queue=0/30 (0%) completed=0
2026-06-22 15:37:39.766 [scheduling-1] INFO  [txId=] [corrId=] c.d.f.i.m.ExecutorMetricsLogger - [EXECUTOR-METRICS][BioVerify     [biometricVerifyExecutor]] threads=0/1 queue=0/50 (0%) completed=1
2026-06-22 15:38:09.762 [scheduling-1] INFO  [txId=] [corrId=] c.d.f.i.m.ExecutorMetricsLogger - [EXECUTOR-METRICS][BG-Task       [aiTaskExecutor]] threads=0/1 queue=0/500 (0%) completed=1
2026-06-22 15:38:09.762 [scheduling-1] INFO  [txId=] [corrId=] c.d.f.i.m.ExecutorMetricsLogger - [EXECUTOR-METRICS][RT-Emotion    [realtimeEmotionExecutor]] threads=0/0 queue=0/30 (0%) completed=0
2026-06-22 15:38:09.762 [scheduling-1] INFO  [txId=] [corrId=] c.d.f.i.m.ExecutorMetricsLogger - [EXECUTOR-METRICS][BioVerify     [biometricVerifyExecutor]] threads=0/1 queue=0/50 (0%) completed=1
2026-06-22 15:38:39.760 [scheduling-1] INFO  [txId=] [corrId=] c.d.f.i.m.ExecutorMetricsLogger - [EXECUTOR-METRICS][BG-Task       [aiTaskExecutor]] threads=0/1 queue=0/500 (0%) completed=1
2026-06-22 15:38:39.760 [scheduling-1] INFO  [txId=] [corrId=] c.d.f.i.m.ExecutorMetricsLogger - [EXECUTOR-METRICS][RT-Emotion    [realtimeEmotionExecutor]] threads=0/0 queue=0/30 (0%) completed=0
2026-06-22 15:38:39.760 [scheduling-1] INFO  [txId=] [corrId=] c.d.f.i.m.ExecutorMetricsLogger - [EXECUTOR-METRICS][BioVerify     [biometricVerifyExecutor]] threads=0/1 queue=0/50 (0%) completed=1
2026-06-22 15:38:39.766 [scheduling-1] INFO  [txId=] [corrId=] c.d.f.i.a.PerformanceTracerAspect - [TRACE-JAVA] com.datn.finrisk.core.repository.BiometricSessionRepository.deleteByExpiresAtBefore() executed in 5 ms
2026-06-22 15:38:39.766 [scheduling-1] INFO  [txId=] [corrId=] c.d.f.w.w.BiometricSessionCleanupScheduler - [BIOMETRIC-SCHEDULER] Expired biometric sessions purged from DB
2026-06-22 15:38:39.766 [scheduling-1] INFO  [txId=] [corrId=] c.d.f.w.w.WebSocketMetricsLogger - [WS-METRICS] active_sessions=0 total_buffered_frames=0 total_buffer_size={ Milan}MB
2026-06-22 15:38:39.920 [scheduling-1] INFO  [txId=] [corrId=] c.d.f.i.a.PerformanceTracerAspect - [TRACE-JAVA] com.datn.finrisk.core.repository.TransactionRepository.findStalledTransactionIds() executed in 4 ms
2026-06-22 15:39:09.758 [scheduling-1] INFO  [txId=] [corrId=] c.d.f.i.m.ExecutorMetricsLogger - [EXECUTOR-METRICS][BG-Task       [aiTaskExecutor]] threads=0/1 queue=0/500 (0%) completed=1
2026-06-22 15:39:09.758 [scheduling-1] INFO  [txId=] [corrId=] c.d.f.i.m.ExecutorMetricsLogger - [EXECUTOR-METRICS][RT-Emotion    [realtimeEmotionExecutor]] threads=0/0 queue=0/30 (0%) completed=0
2026-06-22 15:39:09.758 [scheduling-1] INFO  [txId=] [corrId=] c.d.f.i.m.ExecutorMetricsLogger - [EXECUTOR-METRICS][BioVerify     [biometricVerifyExecutor]] threads=0/1 queue=0/50 (0%) completed=1
2026-06-22 15:39:39.769 [scheduling-1] INFO  [txId=] [corrId=] c.d.f.i.m.ExecutorMetricsLogger - [EXECUTOR-METRICS][BG-Task       [aiTaskExecutor]] threads=0/1 queue=0/500 (0%) completed=1
2026-06-22 15:39:39.769 [scheduling-1] INFO  [txId=] [corrId=] c.d.f.i.m.ExecutorMetricsLogger - [EXECUTOR-METRICS][RT-Emotion    [realtimeEmotionExecutor]] threads=0/0 queue=0/30 (0%) completed=0
2026-06-22 15:39:39.769 [scheduling-1] INFO  [txId=] [corrId=] c.d.f.i.m.ExecutorMetricsLogger - [EXECUTOR-METRICS][BioVerify     [biometricVerifyExecutor]] threads=0/1 queue=0/50 (0%) completed=1
2026-06-22 15:40:09.760 [scheduling-1] INFO  [txId=] [corrId=] c.d.f.i.m.ExecutorMetricsLogger - [EXECUTOR-METRICS][BG-Task       [aiTaskExecutor]] threads=0/1 queue=0/500 (0%) completed=1
2026-06-22 15:40:09.760 [scheduling-1] INFO  [txId=] [corrId=] c.d.f.i.m.ExecutorMetricsLogger - [EXECUTOR-METRICS][RT-Emotion    [realtimeEmotionExecutor]] threads=0/0 queue=0/30 (0%) completed=0
2026-06-22 15:40:09.760 [scheduling-1] INFO  [txId=] [corrId=] c.d.f.i.m.ExecutorMetricsLogger - [EXECUTOR-METRICS][BioVerify     [biometricVerifyExecutor]] threads=0/1 queue=0/50 (0%) completed=1
2026-06-22 15:40:17.463 [http-nio-8081-exec-7] INFO  [txId=] [corrId=4a7433e1ef4d] c.d.f.i.a.PerformanceTracerAspect - [TRACE-JAVA] com.datn.finrisk.core.services.JwtBlocklistService.isBlocked() executed in 1 ms
2026-06-22 15:40:17.470 [http-nio-8081-exec-7] INFO  [txId=] [corrId=4a7433e1ef4d] c.d.f.i.a.PerformanceTracerAspect - [TRACE-JAVA] com.datn.finrisk.core.repository.TransactionRepository.countTotalTransactions() executed in 4 ms
2026-06-22 15:40:17.473 [http-nio-8081-exec-7] INFO  [txId=] [corrId=4a7433e1ef4d] c.d.f.i.a.PerformanceTracerAspect - [TRACE-JAVA] com.datn.finrisk.core.repository.TransactionRepository.countHighRiskTransactions() executed in 3 ms
2026-06-22 15:40:17.478 [http-nio-8081-exec-7] INFO  [txId=] [corrId=4a7433e1ef4d] c.d.f.i.a.PerformanceTracerAspect - [TRACE-JAVA] com.datn.finrisk.core.repository.TransactionRepository.sumTotalSuccessfulAmount() executed in 5 ms
2026-06-22 15:40:17.478 [http-nio-8081-exec-7] INFO  [txId=] [corrId=4a7433e1ef4d] c.d.f.i.a.PerformanceTracerAspect - [TRACE-JAVA] com.datn.finrisk.web.controllers.AdminController.getDashboardStats() executed in 12 ms
2026-06-22 15:40:17.483 [http-nio-8081-exec-8] INFO  [txId=] [corrId=96f4d83f69cd] c.d.f.i.a.PerformanceTracerAspect - [TRACE-JAVA] com.datn.finrisk.core.services.JwtBlocklistService.isBlocked() executed in 1 ms
2026-06-22 15:40:17.488 [http-nio-8081-exec-8] INFO  [txId=] [corrId=96f4d83f69cd] c.d.f.i.a.PerformanceTracerAspect - [TRACE-JAVA] com.datn.finrisk.core.repository.TransactionRepository.countTotalTransactions() executed in 3 ms
2026-06-22 15:40:17.492 [http-nio-8081-exec-8] INFO  [txId=] [corrId=96f4d83f69cd] c.d.f.i.a.PerformanceTracerAspect - [TRACE-JAVA] com.datn.finrisk.core.repository.TransactionRepository.countHighRiskTransactions() executed in 4 ms
2026-06-22 15:40:17.495 [http-nio-8081-exec-8] INFO  [txId=] [corrId=96f4d83f69cd] c.d.f.i.a.PerformanceTracerAspect - [TRACE-JAVA] com.datn.finrisk.core.repository.TransactionRepository.sumTotalSuccessfulAmount() executed in 3 ms
2026-06-22 15:40:17.497 [http-nio-8081-exec-8] INFO  [txId=] [corrId=96f4d83f69cd] c.d.f.i.a.PerformanceTracerAspect - [TRACE-JAVA] com.datn.finrisk.web.controllers.AdminController.getDashboardStats() executed in 12 ms
2026-06-22 15:40:19.646 [http-nio-8081-exec-10] INFO  [txId=] [corrId=cd2d711629c4] c.d.f.i.a.PerformanceTracerAspect - [TRACE-JAVA] com.datn.finrisk.core.services.JwtBlocklistService.isBlocked() executed in 1 ms
2026-06-22 15:40:19.674 [http-nio-8081-exec-10] INFO  [txId=] [corrId=cd2d711629c4] c.d.f.i.a.PerformanceTracerAspect - [TRACE-JAVA] com.datn.finrisk.core.repository.UserRepository.searchUsers() executed in 23 ms
2026-06-22 15:40:19.674 [http-nio-8081-exec-10] INFO  [txId=] [corrId=cd2d711629c4] c.d.f.i.a.PerformanceTracerAspect - [TRACE-JAVA] com.datn.finrisk.core.services.AdminUserService.getUsers() executed in 24 ms
2026-06-22 15:40:19.674 [http-nio-8081-exec-10] INFO  [txId=] [corrId=cd2d711629c4] c.d.f.i.a.PerformanceTracerAspect - [TRACE-JAVA] com.datn.finrisk.web.controllers.AdminController.getAllUsers() executed in 24 ms
2026-06-22 15:40:24.337 [http-nio-8081-exec-2] INFO  [txId=] [corrId=8843d80a45d8] c.d.f.i.a.PerformanceTracerAspect - [TRACE-JAVA] com.datn.finrisk.core.services.JwtBlocklistService.isBlocked() executed in 1 ms
2026-06-22 15:40:24.347 [http-nio-8081-exec-2] INFO  [txId=] [corrId=8843d80a45d8] c.d.f.i.a.PerformanceTracerAspect - [TRACE-JAVA] com.datn.finrisk.core.repository.UserRepository.searchUsers() executed in 8 ms
2026-06-22 15:40:24.347 [http-nio-8081-exec-2] INFO  [txId=] [corrId=8843d80a45d8] c.d.f.i.a.PerformanceTracerAspect - [TRACE-JAVA] com.datn.finrisk.core.services.AdminUserService.getUsers() executed in 8 ms
2026-06-22 15:40:24.348 [http-nio-8081-exec-2] INFO  [txId=] [corrId=8843d80a45d8] c.d.f.i.a.PerformanceTracerAspect - [TRACE-JAVA] com.datn.finrisk.web.controllers.AdminController.getAllUsers() executed in 9 ms
2026-06-22 15:40:27.198 [http-nio-8081-exec-3] INFO  [txId=] [corrId=04475934362d] c.d.f.i.a.PerformanceTracerAspect - [TRACE-JAVA] com.datn.finrisk.core.services.JwtBlocklistService.isBlocked() executed in 0 ms
2026-06-22 15:40:27.204 [http-nio-8081-exec-3] INFO  [txId=] [corrId=04475934362d] c.d.f.i.a.PerformanceTracerAspect - [TRACE-JAVA] com.datn.finrisk.core.repository.UserRepository.searchUsers() executed in 4 ms
2026-06-22 15:40:27.204 [http-nio-8081-exec-3] INFO  [txId=] [corrId=04475934362d] c.d.f.i.a.PerformanceTracerAspect - [TRACE-JAVA] com.datn.finrisk.core.services.AdminUserService.getUsers() executed in 4 ms
2026-06-22 15:40:27.204 [http-nio-8081-exec-3] INFO  [txId=] [corrId=04475934362d] c.d.f.i.a.PerformanceTracerAspect - [TRACE-JAVA] com.datn.finrisk.web.controllers.AdminController.getAllUsers() executed in 4 ms
2026-06-22 15:40:29.228 [http-nio-8081-exec-5] INFO  [txId=] [corrId=7528e99f596c] c.d.f.i.a.PerformanceTracerAspect - [TRACE-JAVA] com.datn.finrisk.core.services.JwtBlocklistService.isBlocked() executed in 1 ms
2026-06-22 15:40:29.248 [http-nio-8081-exec-5] INFO  [txId=] [corrId=7528e99f596c] c.d.f.i.a.PerformanceTracerAspect - [TRACE-JAVA] com.datn.finrisk.core.repository.UserRepository.searchUsers() executed in 18 ms
2026-06-22 15:40:29.248 [http-nio-8081-exec-5] INFO  [txId=] [corrId=7528e99f596c] c.d.f.i.a.PerformanceTracerAspect - [TRACE-JAVA] com.datn.finrisk.core.services.AdminUserService.getUsers() executed in 18 ms
2026-06-22 15:40:29.249 [http-nio-8081-exec-5] INFO  [txId=] [corrId=7528e99f596c] c.d.f.i.a.PerformanceTracerAspect - [TRACE-JAVA] com.datn.finrisk.web.controllers.AdminController.getAllUsers() executed in 19 ms
2026-06-22 15:40:31.672 [http-nio-8081-exec-8] INFO  [txId=] [corrId=5cf429171668] c.d.f.i.a.PerformanceTracerAspect - [TRACE-JAVA] com.datn.finrisk.core.services.JwtBlocklistService.isBlocked() executed in 1 ms
2026-06-22 15:40:31.693 [http-nio-8081-exec-8] INFO  [txId=] [corrId=5cf429171668] c.d.f.i.a.PerformanceTracerAspect - [TRACE-JAVA] com.datn.finrisk.core.repository.TransactionRepository.findTop5ByFromAccountUserIdOrderByCreatedAtDesc() executed in 13 ms
2026-06-22 15:40:31.694 [http-nio-8081-exec-8] INFO  [txId=] [corrId=5cf429171668] c.d.f.i.a.PerformanceTracerAspect - [TRACE-JAVA] com.datn.finrisk.core.services.AdminUserService.getRecentTransactionsByUserId() executed in 15 ms
2026-06-22 15:40:31.694 [http-nio-8081-exec-8] INFO  [txId=] [corrId=5cf429171668] c.d.f.i.a.PerformanceTracerAspect - [TRACE-JAVA] com.datn.finrisk.web.controllers.AdminController.getUserRecentTransactions() executed in 15 ms
2026-06-22 15:40:39.765 [scheduling-1] INFO  [txId=] [corrId=] c.d.f.i.m.ExecutorMetricsLogger - [EXECUTOR-METRICS][BG-Task       [aiTaskExecutor]] threads=0/1 queue=0/500 (0%) completed=1
2026-06-22 15:40:39.766 [scheduling-1] INFO  [txId=] [corrId=] c.d.f.i.m.ExecutorMetricsLogger - [EXECUTOR-METRICS][RT-Emotion    [realtimeEmotionExecutor]] threads=0/0 queue=0/30 (0%) completed=0
2026-06-22 15:40:39.766 [scheduling-1] INFO  [txId=] [corrId=] c.d.f.i.m.ExecutorMetricsLogger - [EXECUTOR-METRICS][BioVerify     [biometricVerifyExecutor]] threads=0/1 queue=0/50 (0%) completed=1
2026-06-22 15:40:40.868 [http-nio-8081-exec-10] INFO  [txId=] [corrId=ab8d6bebf133] c.d.f.i.a.PerformanceTracerAspect - [TRACE-JAVA] com.datn.finrisk.core.services.JwtBlocklistService.isBlocked() executed in 1 ms
2026-06-22 15:40:40.875 [http-nio-8081-exec-10] INFO  [txId=] [corrId=ab8d6bebf133] c.d.f.i.a.PerformanceTracerAspect - [TRACE-JAVA] com.datn.finrisk.core.repository.UserBehaviorProfileRepository.findByUserId() executed in 4 ms
2026-06-22 15:40:40.877 [http-nio-8081-exec-10] INFO  [txId=] [corrId=ab8d6bebf133] c.d.f.i.a.PerformanceTracerAspect - [TRACE-JAVA] com.datn.finrisk.core.services.BehavioralProfilingService.getReadableProfile() executed in 6 ms
2026-06-22 15:40:40.877 [http-nio-8081-exec-10] INFO  [txId=] [corrId=ab8d6bebf133] c.d.f.i.a.PerformanceTracerAspect - [TRACE-JAVA] com.datn.finrisk.web.controllers.AdminAnalyticsController.getUserBehaviorProfile() executed in 6 ms
2026-06-22 15:41:02.694 [http-nio-8081-exec-2] INFO  [txId=] [corrId=14b53da01bcb] c.d.f.i.a.PerformanceTracerAspect - [TRACE-JAVA] com.datn.finrisk.core.services.JwtBlocklistService.isBlocked() executed in 1 ms
2026-06-22 15:41:02.701 [http-nio-8081-exec-2] INFO  [txId=] [corrId=14b53da01bcb] c.d.f.i.a.PerformanceTracerAspect - [TRACE-JAVA] com.datn.finrisk.core.repository.TransactionRepository.findTop5ByFromAccountUserIdOrderByCreatedAtDesc() executed in 6 ms
2026-06-22 15:41:02.702 [http-nio-8081-exec-2] INFO  [txId=] [corrId=14b53da01bcb] c.d.f.i.a.PerformanceTracerAspect - [TRACE-JAVA] com.datn.finrisk.core.services.AdminUserService.getRecentTransactionsByUserId() executed in 7 ms
2026-06-22 15:41:02.702 [http-nio-8081-exec-2] INFO  [txId=] [corrId=14b53da01bcb] c.d.f.i.a.PerformanceTracerAspect - [TRACE-JAVA] com.datn.finrisk.web.controllers.AdminController.getUserRecentTransactions() executed in 7 ms
2026-06-22 15:41:09.760 [scheduling-1] INFO  [txId=] [corrId=] c.d.f.i.m.ExecutorMetricsLogger - [EXECUTOR-METRICS][BG-Task       [aiTaskExecutor]] threads=0/1 queue=0/500 (0%) completed=1
2026-06-22 15:41:09.760 [scheduling-1] INFO  [txId=] [corrId=] c.d.f.i.m.ExecutorMetricsLogger - [EXECUTOR-METRICS][RT-Emotion    [realtimeEmotionExecutor]] threads=0/0 queue=0/30 (0%) completed=0
2026-06-22 15:41:09.760 [scheduling-1] INFO  [txId=] [corrId=] c.d.f.i.m.ExecutorMetricsLogger - [EXECUTOR-METRICS][BioVerify     [biometricVerifyExecutor]] threads=0/1 queue=0/50 (0%) completed=1
2026-06-22 15:41:39.766 [scheduling-1] INFO  [txId=] [corrId=] c.d.f.i.m.ExecutorMetricsLogger - [EXECUTOR-METRICS][BG-Task       [aiTaskExecutor]] threads=0/1 queue=0/500 (0%) completed=1
2026-06-22 15:41:39.767 [scheduling-1] INFO  [txId=] [corrId=] c.d.f.i.m.ExecutorMetricsLogger - [EXECUTOR-METRICS][RT-Emotion    [realtimeEmotionExecutor]] threads=0/0 queue=0/30 (0%) completed=0
2026-06-22 15:41:39.767 [scheduling-1] INFO  [txId=] [corrId=] c.d.f.i.m.ExecutorMetricsLogger - [EXECUTOR-METRICS][BioVerify     [biometricVerifyExecutor]] threads=0/1 queue=0/50 (0%) completed=1
2026-06-22 15:42:09.764 [scheduling-1] INFO  [txId=] [corrId=] c.d.f.i.m.ExecutorMetricsLogger - [EXECUTOR-METRICS][BG-Task       [aiTaskExecutor]] threads=0/1 queue=0/500 (0%) completed=1
2026-06-22 15:42:09.764 [scheduling-1] INFO  [txId=] [corrId=] c.d.f.i.m.ExecutorMetricsLogger - [EXECUTOR-METRICS][RT-Emotion    [realtimeEmotionExecutor]] threads=0/0 queue=0/30 (0%) completed=0
2026-06-22 15:42:09.764 [scheduling-1] INFO  [txId=] [corrId=] c.d.f.i.m.ExecutorMetricsLogger - [EXECUTOR-METRICS][BioVerify     [biometricVerifyExecutor]] threads=0/1 queue=0/50 (0%) completed=1
2026-06-22 15:42:37.252 [SpringApplicationShutdownHook] INFO  [txId=] [corrId=] o.s.b.w.e.tomcat.GracefulShutdown - Commencing graceful shutdown. Waiting for active requests to complete
2026-06-22 15:42:37.268 [tomcat-shutdown] INFO  [txId=] [corrId=] o.s.b.w.e.tomcat.GracefulShutdown - Graceful shutdown complete
2026-06-22 15:42:37.289 [SpringApplicationShutdownHook] INFO  [txId=] [corrId=] o.s.o.j.LocalContainerEntityManagerFactoryBean - Closing JPA EntityManagerFactory for persistence unit 'default'
2026-06-22 15:42:37.292 [SpringApplicationShutdownHook] INFO  [txId=] [corrId=] com.zaxxer.hikari.HikariDataSource - HikariPool-1 - Shutdown initiated...
2026-06-22 15:42:37.300 [SpringApplicationShutdownHook] INFO  [txId=] [corrId=] com.zaxxer.hikari.HikariDataSource - HikariPool-1 - Shutdown completed.
2026-06-22 15:42:43.659 [main] INFO  [txId=] [corrId=] com.datn.finrisk.FinriskApplication - Starting FinriskApplication using Java 22.0.1 with PID 10300 (C:\Users\thach\fin-risk-system\backend\finrisk\target\classes started by thach in C:\Users\thach\fin-risk-system\backend\finrisk)
2026-06-22 15:42:43.661 [main] DEBUG [txId=] [corrId=] com.datn.finrisk.FinriskApplication - Running with Spring Boot v3.5.13, Spring v6.2.17
2026-06-22 15:42:43.662 [main] INFO  [txId=] [corrId=] com.datn.finrisk.FinriskApplication - No active profile set, falling back to 1 default profile: "default"
2026-06-22 15:42:44.541 [main] INFO  [txId=] [corrId=] o.s.d.r.c.RepositoryConfigurationDelegate - Multiple Spring Data modules found, entering strict repository configuration mode
2026-06-22 15:42:44.543 [main] INFO  [txId=] [corrId=] o.s.d.r.c.RepositoryConfigurationDelegate - Bootstrapping Spring Data JPA repositories in DEFAULT mode.
2026-06-22 15:42:44.716 [main] INFO  [txId=] [corrId=] o.s.d.r.c.RepositoryConfigurationDelegate - Finished Spring Data repository scanning in 164 ms. Found 18 JPA repository interfaces.
2026-06-22 15:42:44.732 [main] INFO  [txId=] [corrId=] o.s.d.r.c.RepositoryConfigurationDelegate - Multiple Spring Data modules found, entering strict repository configuration mode
2026-06-22 15:42:44.734 [main] INFO  [txId=] [corrId=] o.s.d.r.c.RepositoryConfigurationDelegate - Bootstrapping Spring Data Redis repositories in DEFAULT mode.
2026-06-22 15:42:44.765 [main] INFO  [txId=] [corrId=] o.s.d.r.c.RepositoryConfigurationExtensionSupport - Spring Data Redis - Could not safely identify store assignment for repository candidate interface com.datn.finrisk.core.repository.AccountRepository; If you want this repository to be a Redis repository, consider annotating your entities with one of these annotations: org.springframework.data.redis.core.RedisHash (preferred), or consider extending one of the following types with your repository: org.springframework.data.keyvalue.repository.KeyValueRepository
2026-06-22 15:42:44.767 [main] INFO  [txId=] [corrId=] o.s.d.r.c.RepositoryConfigurationExtensionSupport - Spring Data Redis - Could not safely identify store assignment for repository candidate interface com.datn.finrisk.core.repository.AiScanLogRepository; If you want this repository to be a Redis repository, consider annotating your entities with one of these annotations: org.springframework.data.redis.core.RedisHash (preferred), or consider extending one of the following types with your repository: org.springframework.data.keyvalue.repository.KeyValueRepository
2026-06-22 15:42:44.767 [main] INFO  [txId=] [corrId=] o.s.d.r.c.RepositoryConfigurationExtensionSupport - Spring Data Redis - Could not safely identify store assignment for repository candidate interface com.datn.finrisk.core.repository.AuditLogRepository; If you want this repository to be a Redis repository, consider annotating your entities with one of these annotations: org.springframework.data.redis.core.RedisHash (preferred), or consider extending one of the following types with your repository: org.springframework.data.keyvalue.repository.KeyValueRepository
2026-06-22 15:42:44.767 [main] INFO  [txId=] [corrId=] o.s.d.r.c.RepositoryConfigurationExtensionSupport - Spring Data Redis - Could not safely identify store assignment for repository candidate interface com.datn.finrisk.core.repository.AuthenticationLogRepository; If you want this repository to be a Redis repository, consider annotating your entities with one of these annotations: org.springframework.data.redis.core.RedisHash (preferred), or consider extending one of the following types with your repository: org.springframework.data.keyvalue.repository.KeyValueRepository
2026-06-22 15:42:44.768 [main] INFO  [txId=] [corrId=] o.s.d.r.c.RepositoryConfigurationExtensionSupport - Spring Data Redis - Could not safely identify store assignment for repository candidate interface com.datn.finrisk.core.repository.BiometricSessionRepository; If you want this repository to be a Redis repository, consider annotating your entities with one of these annotations: org.springframework.data.redis.core.RedisHash (preferred), or consider extending one of the following types with your repository: org.springframework.data.keyvalue.repository.KeyValueRepository
2026-06-22 15:42:44.768 [main] INFO  [txId=] [corrId=] o.s.d.r.c.RepositoryConfigurationExtensionSupport - Spring Data Redis - Could not safely identify store assignment for repository candidate interface com.datn.finrisk.core.repository.PeerGroupRepository; If you want this repository to be a Redis repository, consider annotating your entities with one of these annotations: org.springframework.data.redis.core.RedisHash (preferred), or consider extending one of the following types with your repository: org.springframework.data.keyvalue.repository.KeyValueRepository
2026-06-22 15:42:44.769 [main] INFO  [txId=] [corrId=] o.s.d.r.c.RepositoryConfigurationExtensionSupport - Spring Data Redis - Could not safely identify store assignment for repository candidate interface com.datn.finrisk.core.repository.RiskPolicyRepository; If you want this repository to be a Redis repository, consider annotating your entities with one of these annotations: org.springframework.data.redis.core.RedisHash (preferred), or consider extending one of the following types with your repository: org.springframework.data.keyvalue.repository.KeyValueRepository
2026-06-22 15:42:44.769 [main] INFO  [txId=] [corrId=] o.s.d.r.c.RepositoryConfigurationExtensionSupport - Spring Data Redis - Could not safely identify store assignment for repository candidate interface com.datn.finrisk.core.repository.RiskScoreRepository; If you want this repository to be a Redis repository, consider annotating your entities with one of these annotations: org.springframework.data.redis.core.RedisHash (preferred), or consider extending one of the following types with your repository: org.springframework.data.keyvalue.repository.KeyValueRepository
2026-06-22 15:42:44.769 [main] INFO  [txId=] [corrId=] o.s.d.r.c.RepositoryConfigurationExtensionSupport - Spring Data Redis - Could not safely identify store assignment for repository candidate interface com.datn.finrisk.core.repository.RuleRepository; If you want this repository to be a Redis repository, consider annotating your entities with one of these annotations: org.springframework.data.redis.core.RedisHash (preferred), or consider extending one of the following types with your repository: org.springframework.data.keyvalue.repository.KeyValueRepository
2026-06-22 15:42:44.769 [main] INFO  [txId=] [corrId=] o.s.d.r.c.RepositoryConfigurationExtensionSupport - Spring Data Redis - Could not safely identify store assignment for repository candidate interface com.datn.finrisk.core.repository.SystemConfigLogRepository; If you want this repository to be a Redis repository, consider annotating your entities with one of these annotations: org.springframework.data.redis.core.RedisHash (preferred), or consider extending one of the following types with your repository: org.springframework.data.keyvalue.repository.KeyValueRepository
2026-06-22 15:42:44.770 [main] INFO  [txId=] [corrId=] o.s.d.r.c.RepositoryConfigurationExtensionSupport - Spring Data Redis - Could not safely identify store assignment for repository candidate interface com.datn.finrisk.core.repository.TransactionAiInsightRepository; If you want this repository to be a Redis repository, consider annotating your entities with one of these annotations: org.springframework.data.redis.core.RedisHash (preferred), or consider extending one of the following types with your repository: org.springframework.data.keyvalue.repository.KeyValueRepository
2026-06-22 15:42:44.770 [main] INFO  [txId=] [corrId=] o.s.d.r.c.RepositoryConfigurationExtensionSupport - Spring Data Redis - Could not safely identify store assignment for repository candidate interface com.datn.finrisk.core.repository.TransactionLedgerRepository; If you want this repository to be a Redis repository, consider annotating your entities with one of these annotations: org.springframework.data.redis.core.RedisHash (preferred), or consider extending one of the following types with your repository: org.springframework.data.keyvalue.repository.KeyValueRepository
2026-06-22 15:42:44.770 [main] INFO  [txId=] [corrId=] o.s.d.r.c.RepositoryConfigurationExtensionSupport - Spring Data Redis - Could not safely identify store assignment for repository candidate interface com.datn.finrisk.core.repository.TransactionRepository; If you want this repository to be a Redis repository, consider annotating your entities with one of these annotations: org.springframework.data.redis.core.RedisHash (preferred), or consider extending one of the following types with your repository: org.springframework.data.keyvalue.repository.KeyValueRepository
2026-06-22 15:42:44.770 [main] INFO  [txId=] [corrId=] o.s.d.r.c.RepositoryConfigurationExtensionSupport - Spring Data Redis - Could not safely identify store assignment for repository candidate interface com.datn.finrisk.core.repository.UserBehaviorProfileRepository; If you want this repository to be a Redis repository, consider annotating your entities with one of these annotations: org.springframework.data.redis.core.RedisHash (preferred), or consider extending one of the following types with your repository: org.springframework.data.keyvalue.repository.KeyValueRepository
2026-06-22 15:42:44.772 [main] INFO  [txId=] [corrId=] o.s.d.r.c.RepositoryConfigurationExtensionSupport - Spring Data Redis - Could not safely identify store assignment for repository candidate interface com.datn.finrisk.core.repository.UserContactRepository; If you want this repository to be a Redis repository, consider annotating your entities with one of these annotations: org.springframework.data.redis.core.RedisHash (preferred), or consider extending one of the following types with your repository: org.springframework.data.keyvalue.repository.KeyValueRepository
2026-06-22 15:42:44.772 [main] INFO  [txId=] [corrId=] o.s.d.r.c.RepositoryConfigurationExtensionSupport - Spring Data Redis - Could not safely identify store assignment for repository candidate interface com.datn.finrisk.core.repository.UserDeviceRepository; If you want this repository to be a Redis repository, consider annotating your entities with one of these annotations: org.springframework.data.redis.core.RedisHash (preferred), or consider extending one of the following types with your repository: org.springframework.data.keyvalue.repository.KeyValueRepository
2026-06-22 15:42:44.772 [main] INFO  [txId=] [corrId=] o.s.d.r.c.RepositoryConfigurationExtensionSupport - Spring Data Redis - Could not safely identify store assignment for repository candidate interface com.datn.finrisk.core.repository.UserRepository; If you want this repository to be a Redis repository, consider annotating your entities with one of these annotations: org.springframework.data.redis.core.RedisHash (preferred), or consider extending one of the following types with your repository: org.springframework.data.keyvalue.repository.KeyValueRepository
2026-06-22 15:42:44.772 [main] INFO  [txId=] [corrId=] o.s.d.r.c.RepositoryConfigurationExtensionSupport - Spring Data Redis - Could not safely identify store assignment for repository candidate interface com.datn.finrisk.core.repository.UserSecurityRepository; If you want this repository to be a Redis repository, consider annotating your entities with one of these annotations: org.springframework.data.redis.core.RedisHash (preferred), or consider extending one of the following types with your repository: org.springframework.data.keyvalue.repository.KeyValueRepository
2026-06-22 15:42:44.773 [main] INFO  [txId=] [corrId=] o.s.d.r.c.RepositoryConfigurationDelegate - Finished Spring Data repository scanning in 17 ms. Found 0 Redis repository interfaces.
2026-06-22 15:42:45.653 [main] INFO  [txId=] [corrId=] o.s.b.w.e.tomcat.TomcatWebServer - Tomcat initialized with port 8081 (http)
2026-06-22 15:42:45.668 [main] INFO  [txId=] [corrId=] o.a.catalina.core.StandardService - Starting service [Tomcat]
2026-06-22 15:42:45.668 [main] INFO  [txId=] [corrId=] o.a.catalina.core.StandardEngine - Starting Servlet engine: [Apache Tomcat/10.1.53]
2026-06-22 15:42:45.760 [main] INFO  [txId=] [corrId=] o.a.c.c.C.[Tomcat].[localhost].[/] - Initializing Spring embedded WebApplicationContext
2026-06-22 15:42:45.761 [main] INFO  [txId=] [corrId=] o.s.b.w.s.c.ServletWebServerApplicationContext - Root WebApplicationContext: initialization completed in 2066 ms
2026-06-22 15:42:45.962 [main] INFO  [txId=] [corrId=] o.h.jpa.internal.util.LogHelper - HHH000204: Processing PersistenceUnitInfo [name: default]
2026-06-22 15:42:46.026 [main] INFO  [txId=] [corrId=] org.hibernate.Version - HHH000412: Hibernate ORM core version 6.6.45.Final
2026-06-22 15:42:46.066 [main] INFO  [txId=] [corrId=] o.h.c.i.RegionFactoryInitiator - HHH000026: Second-level cache disabled
2026-06-22 15:42:46.169 [main] INFO  [txId=] [corrId=] com.zaxxer.hikari.HikariDataSource - HikariPool-1 - Starting...
2026-06-22 15:42:46.622 [main] INFO  [txId=] [corrId=] com.zaxxer.hikari.pool.HikariPool - HikariPool-1 - Added connection com.mysql.cj.jdbc.ConnectionImpl@52bb3dcd
2026-06-22 15:42:46.625 [main] INFO  [txId=] [corrId=] com.zaxxer.hikari.HikariDataSource - HikariPool-1 - Start completed.
2026-06-22 15:42:46.882 [main] WARN  [txId=] [corrId=] org.hibernate.orm.deprecation - HHH90000025: MySQLDialect does not need to be specified explicitly using 'hibernate.dialect' (remove the property setting and it will be selected by default)
2026-06-22 15:42:46.898 [main] INFO  [txId=] [corrId=] o.hibernate.orm.connections.pooling - HHH10001005: Database info:
	Database JDBC URL [Connecting through datasource 'HikariDataSource (HikariPool-1)']
	Database driver: undefined/unknown
	Database version: 8.0.42
	Autocommit mode: undefined/unknown
	Isolation level: undefined/unknown
	Minimum pool size: undefined/unknown
	Maximum pool size: undefined/unknown
2026-06-22 15:42:47.107 [main] INFO  [txId=] [corrId=] o.s.o.j.p.SpringPersistenceUnitInfo - No LoadTimeWeaver setup: ignoring JPA class transformer
2026-06-22 15:42:48.219 [main] INFO  [txId=] [corrId=] o.h.e.t.j.p.i.JtaPlatformInitiator - HHH000489: No JTA platform available (set 'hibernate.transaction.jta.platform' to enable JTA platform integration)
2026-06-22 15:42:48.358 [main] INFO  [txId=] [corrId=] o.s.o.j.LocalContainerEntityManagerFactoryBean - Initialized JPA EntityManagerFactory for persistence unit 'default'
2026-06-22 15:42:48.579 [main] INFO  [txId=] [corrId=] o.s.d.j.r.query.QueryEnhancerFactory - Hibernate is in classpath; If applicable, HQL parser will be used.
2026-06-22 15:42:49.787 [main] DEBUG [txId=] [corrId=] c.d.f.i.config.CorrelationIdFilter - Filter 'correlationIdFilter' configured for use
2026-06-22 15:42:49.788 [main] DEBUG [txId=] [corrId=] c.d.f.core.security.JwtAuthFilter - Filter 'jwtAuthFilter' configured for use
2026-06-22 15:42:51.044 [main] WARN  [txId=] [corrId=] o.s.b.a.o.j.JpaBaseConfiguration$JpaWebConfiguration - spring.jpa.open-in-view is enabled by default. Therefore, database queries may be performed during view rendering. Explicitly configure spring.jpa.open-in-view to disable this warning
2026-06-22 15:42:51.080 [main] INFO  [txId=] [corrId=] c.d.f.i.config.WebSocketConfig - [WS-CONFIG] Registering handler at /ws/emotion-stream
2026-06-22 15:42:51.082 [main] INFO  [txId=] [corrId=] c.d.f.i.config.WebSocketConfig - [WS-CONFIG] Registering handler at /ws/voice-stream
2026-06-22 15:42:51.357 [main] WARN  [txId=] [corrId=] o.s.b.a.s.s.UserDetailsServiceAutoConfiguration - 

Using generated security password: b0755b66-41ff-47a5-8f5e-3694179e91c0

This generated password is for development use only. Your security configuration must be updated before running your application in production.

2026-06-22 15:42:51.368 [main] INFO  [txId=] [corrId=] o.s.s.c.a.a.c.InitializeUserDetailsBeanManagerConfigurer$InitializeUserDetailsManagerConfigurer - Global AuthenticationManager configured with UserDetailsService bean with name inMemoryUserDetailsManager
2026-06-22 15:42:52.525 [main] INFO  [txId=] [corrId=] o.s.b.w.e.tomcat.TomcatWebServer - Tomcat started on port 8081 (http) with context path '/'
2026-06-22 15:42:52.539 [main] INFO  [txId=] [corrId=] com.datn.finrisk.FinriskApplication - Started FinriskApplication in 9.37 seconds (process running for 9.714)
2026-06-22 15:42:52.636 [scheduling-1] INFO  [txId=] [corrId=] c.d.f.i.a.PerformanceTracerAspect - [TRACE-JAVA] com.datn.finrisk.core.repository.BiometricSessionRepository.deleteByExpiresAtBefore() executed in 81 ms
2026-06-22 15:42:52.637 [scheduling-1] INFO  [txId=] [corrId=] c.d.f.w.w.BiometricSessionCleanupScheduler - [BIOMETRIC-SCHEDULER] Expired biometric sessions purged from DB
2026-06-22 15:42:52.641 [scheduling-1] INFO  [txId=] [corrId=] c.d.f.w.w.WebSocketMetricsLogger - [WS-METRICS] active_sessions=0 total_buffered_frames=0 total_buffer_size={ Milan}MB
2026-06-22 15:42:52.681 [scheduling-1] INFO  [txId=] [corrId=] c.d.f.i.a.PerformanceTracerAspect - [TRACE-JAVA] com.datn.finrisk.core.repository.TransactionRepository.findStalledTransactionIds() executed in 39 ms
2026-06-22 15:42:52.687 [scheduling-1] INFO  [txId=] [corrId=] c.d.f.i.a.PerformanceTracerAspect - [TRACE-JAVA] com.datn.finrisk.core.repository.TransactionRepository.findStaleUnderReviewIds() executed in 6 ms
2026-06-22 15:43:18.360 [http-nio-8081-exec-1] INFO  [txId=] [corrId=] o.a.c.c.C.[Tomcat].[localhost].[/] - Initializing Spring DispatcherServlet 'dispatcherServlet'
2026-06-22 15:43:18.361 [http-nio-8081-exec-1] INFO  [txId=] [corrId=] o.s.web.servlet.DispatcherServlet - Initializing Servlet 'dispatcherServlet'
2026-06-22 15:43:18.363 [http-nio-8081-exec-1] INFO  [txId=] [corrId=] o.s.web.servlet.DispatcherServlet - Completed initialization in 2 ms
2026-06-22 15:43:18.908 [http-nio-8081-exec-3] INFO  [txId=] [corrId=1d4dc4444560] c.d.f.i.a.PerformanceTracerAspect - [TRACE-JAVA] com.datn.finrisk.core.services.RateLimitService.isLoginBlocked() executed in 421 ms
2026-06-22 15:43:18.908 [http-nio-8081-exec-3] INFO  [txId=] [corrId=1d4dc4444560] c.d.f.core.services.AuthService - === BẮT ĐẦU XỬ LÝ LOGIN CHO USER: congnhan_b ===
2026-06-22 15:43:18.965 [http-nio-8081-exec-3] INFO  [txId=] [corrId=1d4dc4444560] c.d.f.i.a.PerformanceTracerAspect - [TRACE-JAVA] com.datn.finrisk.core.repository.UserRepository.findByUsername() executed in 54 ms
2026-06-22 15:43:18.965 [http-nio-8081-exec-3] INFO  [txId=] [corrId=1d4dc4444560] c.d.f.core.services.AuthService - 🔍 ĐANG SO SÁNH MẬT KHẨU...
2026-06-22 15:43:19.042 [http-nio-8081-exec-3] DEBUG [txId=] [corrId=1d4dc4444560] c.d.f.core.services.AuthService - 🎯 KẾT QUẢ SO SÁNH: true
2026-06-22 15:43:19.055 [http-nio-8081-exec-3] INFO  [txId=] [corrId=1d4dc4444560] c.d.f.i.a.PerformanceTracerAspect - [TRACE-JAVA] com.datn.finrisk.core.repository.AccountRepository.findByUserId() executed in 12 ms
2026-06-22 15:43:19.056 [http-nio-8081-exec-3] INFO  [txId=] [corrId=1d4dc4444560] c.d.f.core.services.AuthService - ✅ LOGIN THÀNH CÔNG CHO USER: congnhan_b
2026-06-22 15:43:19.056 [http-nio-8081-exec-3] INFO  [txId=] [corrId=1d4dc4444560] c.d.f.i.a.PerformanceTracerAspect - [TRACE-JAVA] com.datn.finrisk.core.services.AuthService.login() executed in 148 ms
2026-06-22 15:43:19.059 [http-nio-8081-exec-3] INFO  [txId=] [corrId=1d4dc4444560] c.d.f.i.a.PerformanceTracerAspect - [TRACE-JAVA] com.datn.finrisk.core.services.RateLimitService.clearLoginAttempts() executed in 2 ms
2026-06-22 15:43:19.067 [http-nio-8081-exec-3] INFO  [txId=] [corrId=1d4dc4444560] c.d.f.i.a.PerformanceTracerAspect - [TRACE-JAVA] com.datn.finrisk.core.repository.UserDeviceRepository.findByUserIdAndDeviceFingerprint() executed in 7 ms
2026-06-22 15:43:19.112 [http-nio-8081-exec-3] INFO  [txId=] [corrId=1d4dc4444560] c.d.f.core.services.AuditLogService - [AUDIT] action=LOGIN_SUCCESS user=congnhan_b
2026-06-22 15:43:19.112 [http-nio-8081-exec-3] INFO  [txId=] [corrId=1d4dc4444560] c.d.f.i.a.PerformanceTracerAspect - [TRACE-JAVA] com.datn.finrisk.core.services.AuditLogService.logAction() executed in 44 ms
2026-06-22 15:43:19.228 [http-nio-8081-exec-3] INFO  [txId=] [corrId=1d4dc4444560] c.d.f.i.a.PerformanceTracerAspect - [TRACE-JAVA] com.datn.finrisk.core.repository.UserDeviceRepository.findByUserIdAndDeviceFingerprint() executed in 3 ms
2026-06-22 15:43:19.242 [http-nio-8081-exec-3] INFO  [txId=] [corrId=1d4dc4444560] c.d.f.i.a.PerformanceTracerAspect - [TRACE-JAVA] com.datn.finrisk.core.repository.AccountRepository.findByUser() executed in 7 ms
2026-06-22 15:43:19.243 [http-nio-8081-exec-3] DEBUG [txId=] [corrId=1d4dc4444560] c.d.f.web.controllers.AuthController - [AUTH] Account linked user=congnhan_b account=CN_MAIN_001
2026-06-22 15:43:19.244 [http-nio-8081-exec-3] INFO  [txId=] [corrId=1d4dc4444560] c.d.f.i.a.PerformanceTracerAspect - [TRACE-JAVA] com.datn.finrisk.web.controllers.AuthController.login() executed in 758 ms
2026-06-22 15:43:20.170 [http-nio-8081-exec-7] INFO  [txId=] [corrId=ba950a82a40c] c.d.f.i.a.PerformanceTracerAspect - [TRACE-JAVA] com.datn.finrisk.core.services.JwtBlocklistService.isBlocked() executed in 2 ms
2026-06-22 15:43:20.170 [http-nio-8081-exec-8] INFO  [txId=] [corrId=d556f8fb6a47] c.d.f.i.a.PerformanceTracerAspect - [TRACE-JAVA] com.datn.finrisk.core.services.JwtBlocklistService.isBlocked() executed in 2 ms
2026-06-22 15:43:20.207 [http-nio-8081-exec-7] INFO  [txId=] [corrId=ba950a82a40c] c.d.f.i.a.PerformanceTracerAspect - [TRACE-JAVA] com.datn.finrisk.core.repository.TransactionLedgerRepository.findRecentDebitsWithTransaction() executed in 30 ms
2026-06-22 15:43:20.217 [http-nio-8081-exec-7] INFO  [txId=] [corrId=ba950a82a40c] c.d.f.i.a.PerformanceTracerAspect - [TRACE-JAVA] com.datn.finrisk.core.repository.AccountRepository.findAccountNumbersAndNames() executed in 6 ms
2026-06-22 15:43:20.218 [http-nio-8081-exec-8] INFO  [txId=] [corrId=d556f8fb6a47] c.d.f.i.a.PerformanceTracerAspect - [TRACE-JAVA] com.datn.finrisk.web.controllers.UserController.getContacts() executed in 42 ms
2026-06-22 15:43:20.218 [http-nio-8081-exec-7] INFO  [txId=] [corrId=ba950a82a40c] c.d.f.i.a.PerformanceTracerAspect - [TRACE-JAVA] com.datn.finrisk.web.controllers.TransactionController.getRecentRecipients() executed in 41 ms
2026-06-22 15:43:20.226 [http-nio-8081-exec-10] INFO  [txId=] [corrId=fe0331de4d03] c.d.f.i.a.PerformanceTracerAspect - [TRACE-JAVA] com.datn.finrisk.core.services.JwtBlocklistService.isBlocked() executed in 2 ms
2026-06-22 15:43:20.226 [http-nio-8081-exec-9] INFO  [txId=] [corrId=82d2b93e44a1] c.d.f.i.a.PerformanceTracerAspect - [TRACE-JAVA] com.datn.finrisk.core.services.JwtBlocklistService.isBlocked() executed in 1 ms
2026-06-22 15:43:20.234 [http-nio-8081-exec-9] INFO  [txId=] [corrId=82d2b93e44a1] c.d.f.i.a.PerformanceTracerAspect - [TRACE-JAVA] com.datn.finrisk.core.repository.TransactionLedgerRepository.findRecentDebitsWithTransaction() executed in 7 ms
2026-06-22 15:43:20.236 [http-nio-8081-exec-10] INFO  [txId=] [corrId=fe0331de4d03] c.d.f.i.a.PerformanceTracerAspect - [TRACE-JAVA] com.datn.finrisk.web.controllers.UserController.getContacts() executed in 9 ms
2026-06-22 15:43:20.238 [http-nio-8081-exec-9] INFO  [txId=] [corrId=82d2b93e44a1] c.d.f.i.a.PerformanceTracerAspect - [TRACE-JAVA] com.datn.finrisk.core.repository.AccountRepository.findAccountNumbersAndNames() executed in 2 ms
2026-06-22 15:43:20.238 [http-nio-8081-exec-9] INFO  [txId=] [corrId=82d2b93e44a1] c.d.f.i.a.PerformanceTracerAspect - [TRACE-JAVA] com.datn.finrisk.web.controllers.TransactionController.getRecentRecipients() executed in 11 ms
2026-06-22 15:43:22.540 [http-nio-8081-exec-3] INFO  [txId=] [corrId=17b510537292] c.d.f.i.a.PerformanceTracerAspect - [TRACE-JAVA] com.datn.finrisk.core.services.JwtBlocklistService.isBlocked() executed in 1 ms
2026-06-22 15:43:22.549 [scheduling-1] INFO  [txId=] [corrId=] c.d.f.i.m.ExecutorMetricsLogger - [EXECUTOR-METRICS][BG-Task       [aiTaskExecutor]] threads=0/0 queue=0/500 (0%) completed=0
2026-06-22 15:43:22.549 [scheduling-1] INFO  [txId=] [corrId=] c.d.f.i.m.ExecutorMetricsLogger - [EXECUTOR-METRICS][RT-Emotion    [realtimeEmotionExecutor]] threads=0/0 queue=0/30 (0%) completed=0
2026-06-22 15:43:22.549 [scheduling-1] INFO  [txId=] [corrId=] c.d.f.i.m.ExecutorMetricsLogger - [EXECUTOR-METRICS][BioVerify     [biometricVerifyExecutor]] threads=0/0 queue=0/50 (0%) completed=0
2026-06-22 15:43:22.553 [http-nio-8081-exec-3] INFO  [txId=] [corrId=17b510537292] c.d.f.i.a.PerformanceTracerAspect - [TRACE-JAVA] com.datn.finrisk.core.repository.AccountRepository.findFullNameByAccountNumber() executed in 6 ms
2026-06-22 15:43:22.553 [http-nio-8081-exec-3] INFO  [txId=] [corrId=17b510537292] c.d.f.i.a.PerformanceTracerAspect - [TRACE-JAVA] com.datn.finrisk.web.controllers.TransactionController.lookupAccountName() executed in 6 ms
2026-06-22 15:43:23.149 [http-nio-8081-exec-2] INFO  [txId=] [corrId=4aac0a8ff7c0] c.d.f.i.a.PerformanceTracerAspect - [TRACE-JAVA] com.datn.finrisk.core.services.JwtBlocklistService.isBlocked() executed in 1 ms
2026-06-22 15:43:23.220 [http-nio-8081-exec-2] INFO  [txId=] [corrId=4aac0a8ff7c0] c.d.f.i.a.PerformanceTracerAspect - [TRACE-JAVA] com.datn.finrisk.core.repository.AccountRepository.findByIdWithUserAndSecurity() executed in 12 ms
2026-06-22 15:43:23.226 [http-nio-8081-exec-2] INFO  [txId=] [corrId=4aac0a8ff7c0] c.d.f.i.a.PerformanceTracerAspect - [TRACE-JAVA] com.datn.finrisk.core.repository.AccountRepository.findByIdWithUserAndSecurity() executed in 4 ms
2026-06-22 15:43:23.242 [http-nio-8081-exec-2] INFO  [txId=] [corrId=4aac0a8ff7c0] c.d.f.i.a.PerformanceTracerAspect - [TRACE-JAVA] com.datn.finrisk.core.repository.TransactionLedgerRepository.existsByAccountIdAndToAccountNumber() executed in 15 ms
2026-06-22 15:43:23.245 [http-nio-8081-exec-2] DEBUG [txId=] [corrId=4aac0a8ff7c0] c.d.f.c.s.RiskEvaluationService - [RISK-ENGINE][START] tx=null evaluating risk
2026-06-22 15:43:23.251 [http-nio-8081-exec-2] INFO  [txId=] [corrId=4aac0a8ff7c0] c.d.f.i.a.PerformanceTracerAspect - [TRACE-JAVA] com.datn.finrisk.core.repository.RuleRepository.findByIsActiveTrue() executed in 5 ms
2026-06-22 15:43:23.258 [http-nio-8081-exec-2] INFO  [txId=] [corrId=4aac0a8ff7c0] c.d.f.i.a.PerformanceTracerAspect - [TRACE-JAVA] com.datn.finrisk.core.repository.TransactionRepository.countRecentTransactions() executed in 5 ms
2026-06-22 15:43:23.265 [http-nio-8081-exec-2] INFO  [txId=] [corrId=4aac0a8ff7c0] c.d.f.i.a.PerformanceTracerAspect - [TRACE-JAVA] com.datn.finrisk.core.repository.TransactionRepository.sumSuccessfulAmountToday() executed in 6 ms
2026-06-22 15:43:23.303 [http-nio-8081-exec-2] INFO  [txId=] [corrId=4aac0a8ff7c0] c.d.f.i.a.PerformanceTracerAspect - [TRACE-JAVA] com.datn.finrisk.core.services.BehavioralProfilingService.calculateBehavioralAnomalyScore() executed in 36 ms
2026-06-22 15:43:23.310 [http-nio-8081-exec-2] INFO  [txId=] [corrId=4aac0a8ff7c0] c.d.f.i.a.PerformanceTracerAspect - [TRACE-JAVA] com.datn.finrisk.core.repository.UserDeviceRepository.findByUserIdAndDeviceFingerprint() executed in 4 ms
2026-06-22 15:43:23.311 [http-nio-8081-exec-2] DEBUG [txId=] [corrId=4aac0a8ff7c0] c.d.f.c.s.RiskEvaluationService - [RISK-ENGINE][CTX] tx=null amount=10000000 deviceTrusted=true isNewRecipient=false suspiciousSession=false isNightTime=false recentTxCount=0 balanceRatio=0.012 dailyTotalAmount=120000000
2026-06-22 15:43:23.317 [http-nio-8081-exec-2] DEBUG [txId=] [corrId=4aac0a8ff7c0] c.d.f.c.s.RiskEvaluationService - [RISK-ENGINE][RULE-HIT] tx=null rule='Tuân thủ QĐ 2345/NHNN' id=7 cat=FINANCIAL score=0
2026-06-22 15:43:23.318 [http-nio-8081-exec-2] DEBUG [txId=] [corrId=4aac0a8ff7c0] c.d.f.c.s.RiskEvaluationService - [RISK-ENGINE][RULE-HIT] tx=null rule='Hạn mức tích lũy ngày cao' id=11 cat=FINANCIAL score=40
2026-06-22 15:43:23.318 [http-nio-8081-exec-2] DEBUG [txId=] [corrId=4aac0a8ff7c0] c.d.f.c.s.RiskEvaluationService - [RISK-ENGINE][AI] tx=null txCount=370 behavioralScore=57 reliability=1.00 contribution=20
2026-06-22 15:43:23.318 [http-nio-8081-exec-2] INFO  [txId=] [corrId=4aac0a8ff7c0] c.d.f.c.s.RiskEvaluationService - [RISK-ENGINE][RESULT] tx=null final=60 cat_total=40 ai=20 cats={FINANCIAL=40} override=MEDIUM_2
2026-06-22 15:43:23.318 [http-nio-8081-exec-2] INFO  [txId=] [corrId=4aac0a8ff7c0] c.d.f.i.a.PerformanceTracerAspect - [TRACE-JAVA] com.datn.finrisk.core.services.RiskEvaluationService.evaluateRisk() executed in 76 ms
2026-06-22 15:43:23.325 [http-nio-8081-exec-2] DEBUG [txId=] [corrId=4aac0a8ff7c0] c.d.f.c.services.TransactionService - Transaction saved: id=4852
2026-06-22 15:43:23.330 [http-nio-8081-exec-2] DEBUG [txId=] [corrId=4aac0a8ff7c0] c.d.f.c.services.TransactionService - Saved 1 risk score(s) for tx=4852
2026-06-22 15:43:23.340 [http-nio-8081-exec-2] DEBUG [txId=] [corrId=4aac0a8ff7c0] c.d.f.c.services.TransactionService - Saved 5 AI insight(s) for tx=4852
2026-06-22 15:43:23.349 [http-nio-8081-exec-2] INFO  [txId=] [corrId=4aac0a8ff7c0] c.d.f.i.a.PerformanceTracerAspect - [TRACE-JAVA] com.datn.finrisk.core.repository.RiskPolicyRepository.findByScore() executed in 9 ms
2026-06-22 15:43:23.355 [http-nio-8081-exec-2] INFO  [txId=] [corrId=4aac0a8ff7c0] c.d.f.i.a.PerformanceTracerAspect - [TRACE-JAVA] com.datn.finrisk.core.repository.RiskPolicyRepository.findByRiskLevel() executed in 4 ms
2026-06-22 15:43:23.356 [http-nio-8081-exec-2] INFO  [txId=] [corrId=4aac0a8ff7c0] c.d.f.c.services.TransactionService - Risk evaluation: score=60 level=MEDIUM_2 desc=Duyệt bằng PIN + OTP + Quét Mặt Tĩnh (QĐ 2345)
2026-06-22 15:43:23.358 [http-nio-8081-exec-2] INFO  [txId=] [corrId=4aac0a8ff7c0] c.d.f.i.a.PerformanceTracerAspect - [TRACE-JAVA] com.datn.finrisk.core.strategies.BasicFaceActionStrategy.execute() executed in 2 ms
2026-06-22 15:43:23.358 [http-nio-8081-exec-2] INFO  [txId=] [corrId=4aac0a8ff7c0] c.d.f.i.a.PerformanceTracerAspect - [TRACE-JAVA] com.datn.finrisk.core.services.TransactionService.initiateTransaction() executed in 137 ms
2026-06-22 15:43:23.370 [http-nio-8081-exec-2] INFO  [txId=] [corrId=4aac0a8ff7c0] c.d.f.core.services.AuditLogService - [AUDIT] action=TRANSACTION_INITIATED user=congnhan_b
2026-06-22 15:43:23.371 [http-nio-8081-exec-2] INFO  [txId=] [corrId=4aac0a8ff7c0] c.d.f.i.a.PerformanceTracerAspect - [TRACE-JAVA] com.datn.finrisk.core.services.AuditLogService.logAction() executed in 7 ms
2026-06-22 15:43:23.371 [http-nio-8081-exec-2] INFO  [txId=] [corrId=4aac0a8ff7c0] c.d.f.i.a.PerformanceTracerAspect - [TRACE-JAVA] com.datn.finrisk.web.controllers.TransactionController.processTransaction() executed in 163 ms
2026-06-22 15:43:24.831 [http-nio-8081-exec-5] INFO  [txId=] [corrId=39fbf376a020] c.d.f.i.a.PerformanceTracerAspect - [TRACE-JAVA] com.datn.finrisk.core.services.JwtBlocklistService.isBlocked() executed in 1 ms
2026-06-22 15:43:24.837 [http-nio-8081-exec-5] INFO  [txId=] [corrId=39fbf376a020] c.d.f.w.c.TransactionController - 🚨 [BẪY DEBUG] Nhận request verify cho TxID: 4852 - Lúc: 1782117804837
2026-06-22 15:43:24.852 [http-nio-8081-exec-5] INFO  [txId=] [corrId=39fbf376a020] c.d.f.i.a.PerformanceTracerAspect - [TRACE-JAVA] com.datn.finrisk.core.repository.TransactionRepository.findByIdWithUserSecurity() executed in 14 ms
2026-06-22 15:43:24.935 [http-nio-8081-exec-5] INFO  [txId=] [corrId=39fbf376a020] c.d.f.i.a.PerformanceTracerAspect - [TRACE-JAVA] com.datn.finrisk.core.services.PinService.verifyPin() executed in 82 ms
2026-06-22 15:43:24.947 [http-nio-8081-exec-5] INFO  [txId=] [corrId=39fbf376a020] c.d.f.i.a.PerformanceTracerAspect - [TRACE-JAVA] com.datn.finrisk.web.controllers.TransactionController.verifyAndExecute() executed in 110 ms
2026-06-22 15:43:28.713 [http-nio-8081-exec-8] INFO  [txId=] [corrId=0703551c4b55] c.d.f.i.a.PerformanceTracerAspect - [TRACE-JAVA] com.datn.finrisk.core.services.JwtBlocklistService.isBlocked() executed in 1 ms
2026-06-22 15:43:28.721 [http-nio-8081-exec-8] INFO  [txId=] [corrId=0703551c4b55] c.d.f.w.c.TransactionController - 🚨 [BẪY DEBUG] Nhận request verify cho TxID: 4852 - Lúc: 1782117808721
2026-06-22 15:43:28.730 [http-nio-8081-exec-8] INFO  [txId=] [corrId=0703551c4b55] c.d.f.i.a.PerformanceTracerAspect - [TRACE-JAVA] com.datn.finrisk.core.repository.TransactionRepository.findByIdWithUserSecurity() executed in 8 ms
2026-06-22 15:43:28.737 [http-nio-8081-exec-8] INFO  [txId=] [corrId=0703551c4b55] c.d.f.i.a.PerformanceTracerAspect - [TRACE-JAVA] com.datn.finrisk.web.controllers.TransactionController.verifyAndExecute() executed in 16 ms
2026-06-22 15:43:28.740 [BioVerify-1] INFO  [txId=] [corrId=0703551c4b55] c.d.f.i.a.PerformanceTracerAspect - [TRACE-JAVA] com.datn.finrisk.core.services.FaceEnrollService.parseEmbeddings() executed in 5 ms
2026-06-22 15:43:28.740 [BioVerify-1] INFO  [txId=] [corrId=0703551c4b55] c.d.f.c.s.RiskEvaluationService - [FACE-STATIC][START] userId=2002 embeddings=5 frames=3
2026-06-22 15:43:28.740 [BioVerify-1] INFO  [txId=] [corrId=0703551c4b55] c.d.f.c.s.RiskEvaluationService - [FACE-STATIC][START] mode=MULTI_EMBEDDING registered=5 frames=3
2026-06-22 15:43:30.674 [BioVerify-1] INFO  [txId=] [corrId=0703551c4b55] c.d.f.c.s.RiskEvaluationService - [FACE-STATIC][DONE] elapsed=1934ms matched=true distance=0.227136 band=HIGH backend=insightface/buffalo_l
2026-06-22 15:43:30.674 [BioVerify-1] INFO  [txId=] [corrId=0703551c4b55] c.d.f.i.a.PerformanceTracerAspect - [TRACE-JAVA] com.datn.finrisk.core.services.RiskEvaluationService.verifyFaceStaticAsync() executed in 1939 ms
2026-06-22 15:43:30.693 [BioVerify-1] INFO  [txId=] [corrId=0703551c4b55] c.d.f.i.a.PerformanceTracerAspect - [TRACE-JAVA] com.datn.finrisk.core.repository.TransactionRepository.claimForExecution() executed in 17 ms
2026-06-22 15:43:30.693 [BioVerify-1] INFO  [txId=] [corrId=0703551c4b55] c.d.f.c.services.TransactionService - Transaction execution claimed: id=4852
2026-06-22 15:43:30.733 [BioVerify-1] INFO  [txId=] [corrId=0703551c4b55] c.d.f.i.a.PerformanceTracerAspect - [TRACE-JAVA] com.datn.finrisk.core.repository.TransactionLedgerRepository.existsByAccountIdAndToAccountNumber() executed in 8 ms
2026-06-22 15:43:30.746 [BioVerify-1] INFO  [txId=] [corrId=0703551c4b55] c.d.f.i.a.PerformanceTracerAspect - [TRACE-JAVA] com.datn.finrisk.core.repository.AccountRepository.findByIdForUpdate() executed in 12 ms
2026-06-22 15:43:30.762 [BioVerify-1] INFO  [txId=] [corrId=0703551c4b55] c.d.f.i.a.PerformanceTracerAspect - [TRACE-JAVA] com.datn.finrisk.core.repository.AccountRepository.findByAccountNumberForUpdate() executed in 7 ms
2026-06-22 15:43:30.769 [BioVerify-1] INFO  [txId=] [corrId=0703551c4b55] c.d.f.i.a.PerformanceTracerAspect - [TRACE-JAVA] com.datn.finrisk.core.services.TransactionService.executeTransactionCore() executed in 94 ms
2026-06-22 15:43:30.778 [BioVerify-1] INFO  [txId=] [corrId=0703551c4b55] c.d.f.core.services.AuditLogService - [AUDIT] action=TX_SUCCESS user=congnhan_b
2026-06-22 15:43:30.778 [BioVerify-1] INFO  [txId=] [corrId=0703551c4b55] c.d.f.i.a.PerformanceTracerAspect - [TRACE-JAVA] com.datn.finrisk.core.services.AuditLogService.logAction() executed in 5 ms
2026-06-22 15:43:30.779 [BG-Task-1] INFO  [txId=] [corrId=0703551c4b55] c.d.f.i.a.PerformanceTracerAspect - [TRACE-JAVA] com.datn.finrisk.core.repository.UserBehaviorProfileRepository.findByUserId() executed in 6 ms
2026-06-22 15:43:30.791 [BG-Task-1] INFO  [txId=] [corrId=0703551c4b55] c.d.f.i.a.PerformanceTracerAspect - [TRACE-JAVA] com.datn.finrisk.core.services.PeerGroupService.updatePeerGroupStats() executed in 10 ms
2026-06-22 15:43:30.791 [BG-Task-1] INFO  [txId=] [corrId=0703551c4b55] c.d.f.i.a.PerformanceTracerAspect - [TRACE-JAVA] com.datn.finrisk.core.services.BehaviorLearningService.learnFromTransaction() executed in 20 ms
2026-06-22 15:43:52.552 [scheduling-1] INFO  [txId=] [corrId=] c.d.f.i.m.ExecutorMetricsLogger - [EXECUTOR-METRICS][BG-Task       [aiTaskExecutor]] threads=0/1 queue=0/500 (0%) completed=1
2026-06-22 15:43:52.552 [scheduling-1] INFO  [txId=] [corrId=] c.d.f.i.m.ExecutorMetricsLogger - [EXECUTOR-METRICS][RT-Emotion    [realtimeEmotionExecutor]] threads=0/0 queue=0/30 (0%) completed=0
2026-06-22 15:43:52.552 [scheduling-1] INFO  [txId=] [corrId=] c.d.f.i.m.ExecutorMetricsLogger - [EXECUTOR-METRICS][BioVerify     [biometricVerifyExecutor]] threads=0/1 queue=0/50 (0%) completed=1
2026-06-22 15:44:22.543 [scheduling-1] INFO  [txId=] [corrId=] c.d.f.i.m.ExecutorMetricsLogger - [EXECUTOR-METRICS][BG-Task       [aiTaskExecutor]] threads=0/1 queue=0/500 (0%) completed=1
2026-06-22 15:44:22.543 [scheduling-1] INFO  [txId=] [corrId=] c.d.f.i.m.ExecutorMetricsLogger - [EXECUTOR-METRICS][RT-Emotion    [realtimeEmotionExecutor]] threads=0/0 queue=0/30 (0%) completed=0
2026-06-22 15:44:22.543 [scheduling-1] INFO  [txId=] [corrId=] c.d.f.i.m.ExecutorMetricsLogger - [EXECUTOR-METRICS][BioVerify     [biometricVerifyExecutor]] threads=0/1 queue=0/50 (0%) completed=1
2026-06-22 15:44:34.647 [http-nio-8081-exec-6] INFO  [txId=] [corrId=2eca96a2e457] c.d.f.i.a.PerformanceTracerAspect - [TRACE-JAVA] com.datn.finrisk.core.services.JwtBlocklistService.isBlocked() executed in 2 ms
2026-06-22 15:44:34.658 [http-nio-8081-exec-6] INFO  [txId=] [corrId=2eca96a2e457] c.d.f.i.a.PerformanceTracerAspect - [TRACE-JAVA] com.datn.finrisk.core.repository.TransactionRepository.countTotalTransactions() executed in 5 ms
2026-06-22 15:44:34.664 [http-nio-8081-exec-6] INFO  [txId=] [corrId=2eca96a2e457] c.d.f.i.a.PerformanceTracerAspect - [TRACE-JAVA] com.datn.finrisk.core.repository.TransactionRepository.countHighRiskTransactions() executed in 5 ms
2026-06-22 15:44:34.669 [http-nio-8081-exec-6] INFO  [txId=] [corrId=2eca96a2e457] c.d.f.i.a.PerformanceTracerAspect - [TRACE-JAVA] com.datn.finrisk.core.repository.TransactionRepository.sumTotalSuccessfulAmount() executed in 4 ms
2026-06-22 15:44:34.670 [http-nio-8081-exec-6] INFO  [txId=] [corrId=2eca96a2e457] c.d.f.i.a.PerformanceTracerAspect - [TRACE-JAVA] com.datn.finrisk.web.controllers.AdminController.getDashboardStats() executed in 17 ms
2026-06-22 15:44:34.679 [http-nio-8081-exec-6] INFO  [txId=] [corrId=513f248b8251] c.d.f.i.a.PerformanceTracerAspect - [TRACE-JAVA] com.datn.finrisk.core.services.JwtBlocklistService.isBlocked() executed in 2 ms
2026-06-22 15:44:34.685 [http-nio-8081-exec-6] INFO  [txId=] [corrId=513f248b8251] c.d.f.i.a.PerformanceTracerAspect - [TRACE-JAVA] com.datn.finrisk.core.repository.TransactionRepository.countTotalTransactions() executed in 3 ms
2026-06-22 15:44:34.691 [http-nio-8081-exec-6] INFO  [txId=] [corrId=513f248b8251] c.d.f.i.a.PerformanceTracerAspect - [TRACE-JAVA] com.datn.finrisk.core.repository.TransactionRepository.countHighRiskTransactions() executed in 4 ms
2026-06-22 15:44:34.695 [http-nio-8081-exec-6] INFO  [txId=] [corrId=513f248b8251] c.d.f.i.a.PerformanceTracerAspect - [TRACE-JAVA] com.datn.finrisk.core.repository.TransactionRepository.sumTotalSuccessfulAmount() executed in 3 ms
2026-06-22 15:44:34.695 [http-nio-8081-exec-6] INFO  [txId=] [corrId=513f248b8251] c.d.f.i.a.PerformanceTracerAspect - [TRACE-JAVA] com.datn.finrisk.web.controllers.AdminController.getDashboardStats() executed in 13 ms
2026-06-22 15:44:35.309 [http-nio-8081-exec-9] INFO  [txId=] [corrId=d9b4c3bde32a] c.d.f.i.a.PerformanceTracerAspect - [TRACE-JAVA] com.datn.finrisk.core.services.JwtBlocklistService.isBlocked() executed in 1 ms
2026-06-22 15:44:35.309 [http-nio-8081-exec-10] INFO  [txId=] [corrId=26b204b54817] c.d.f.i.a.PerformanceTracerAspect - [TRACE-JAVA] com.datn.finrisk.core.services.JwtBlocklistService.isBlocked() executed in 1 ms
2026-06-22 15:44:35.340 [http-nio-8081-exec-9] INFO  [txId=] [corrId=d9b4c3bde32a] c.d.f.i.a.PerformanceTracerAspect - [TRACE-JAVA] com.datn.finrisk.core.services.AdminTransactionService.getTransactions() executed in 24 ms
2026-06-22 15:44:35.340 [http-nio-8081-exec-9] INFO  [txId=] [corrId=d9b4c3bde32a] c.d.f.i.a.PerformanceTracerAspect - [TRACE-JAVA] com.datn.finrisk.web.controllers.AdminTransactionController.getAllTransactions() executed in 25 ms
2026-06-22 15:44:35.347 [http-nio-8081-exec-9] WARN  [txId=] [corrId=d9b4c3bde32a] o.s.d.w.c.SpringDataJacksonConfiguration$PageModule$WarningLoggingModifier - Serializing PageImpl instances as-is is not supported, meaning that there is no guarantee about the stability of the resulting JSON structure!
	For a stable JSON structure, please use Spring Data's PagedModel (globally via @EnableSpringDataWebSupport(pageSerializationMode = VIA_DTO))
	or Spring HATEOAS and Spring Data's PagedResourcesAssembler as documented in https://docs.spring.io/spring-data/commons/reference/repositories/core-extensions.html#core.web.pageables.

2026-06-22 15:44:35.365 [http-nio-8081-exec-9] INFO  [txId=] [corrId=3f11995e1aec] c.d.f.i.a.PerformanceTracerAspect - [TRACE-JAVA] com.datn.finrisk.core.services.JwtBlocklistService.isBlocked() executed in 1 ms
2026-06-22 15:44:35.378 [http-nio-8081-exec-9] INFO  [txId=] [corrId=3f11995e1aec] c.d.f.i.a.PerformanceTracerAspect - [TRACE-JAVA] com.datn.finrisk.core.services.AdminTransactionService.getTransactions() executed in 9 ms
2026-06-22 15:44:35.379 [http-nio-8081-exec-9] INFO  [txId=] [corrId=3f11995e1aec] c.d.f.i.a.PerformanceTracerAspect - [TRACE-JAVA] com.datn.finrisk.web.controllers.AdminTransactionController.getAllTransactions() executed in 10 ms
2026-06-22 15:44:35.974 [http-nio-8081-exec-10] INFO  [txId=] [corrId=26b204b54817] c.d.f.i.a.PerformanceTracerAspect - [TRACE-JAVA] com.datn.finrisk.core.repository.TransactionRepository.findRecipientNamesBulk() executed in 3 ms
2026-06-22 15:44:35.975 [http-nio-8081-exec-10] INFO  [txId=] [corrId=26b204b54817] c.d.f.i.a.PerformanceTracerAspect - [TRACE-JAVA] com.datn.finrisk.core.services.AdminTransactionService.getTransactions() executed in 659 ms
2026-06-22 15:44:35.976 [http-nio-8081-exec-10] INFO  [txId=] [corrId=26b204b54817] c.d.f.i.a.PerformanceTracerAspect - [TRACE-JAVA] com.datn.finrisk.web.controllers.AdminTransactionController.getAllTransactions() executed in 661 ms
2026-06-22 15:44:35.983 [http-nio-8081-exec-4] INFO  [txId=] [corrId=72f78415d605] c.d.f.i.a.PerformanceTracerAspect - [TRACE-JAVA] com.datn.finrisk.core.services.JwtBlocklistService.isBlocked() executed in 1 ms
2026-06-22 15:44:36.436 [http-nio-8081-exec-4] INFO  [txId=] [corrId=72f78415d605] c.d.f.i.a.PerformanceTracerAspect - [TRACE-JAVA] com.datn.finrisk.core.repository.TransactionRepository.findRecipientNamesBulk() executed in 3 ms
2026-06-22 15:44:36.436 [http-nio-8081-exec-4] INFO  [txId=] [corrId=72f78415d605] c.d.f.i.a.PerformanceTracerAspect - [TRACE-JAVA] com.datn.finrisk.core.services.AdminTransactionService.getTransactions() executed in 450 ms
2026-06-22 15:44:36.436 [http-nio-8081-exec-4] INFO  [txId=] [corrId=72f78415d605] c.d.f.i.a.PerformanceTracerAspect - [TRACE-JAVA] com.datn.finrisk.web.controllers.AdminTransactionController.getAllTransactions() executed in 450 ms
2026-06-22 15:44:37.360 [http-nio-8081-exec-5] INFO  [txId=] [corrId=eb617acaead9] c.d.f.i.a.PerformanceTracerAspect - [TRACE-JAVA] com.datn.finrisk.core.services.JwtBlocklistService.isBlocked() executed in 1 ms
2026-06-22 15:44:37.372 [http-nio-8081-exec-5] INFO  [txId=] [corrId=eb617acaead9] c.d.f.i.a.PerformanceTracerAspect - [TRACE-JAVA] com.datn.finrisk.core.repository.RiskScoreRepository.findByTransactionIdInWithRule() executed in 4 ms
2026-06-22 15:44:37.380 [http-nio-8081-exec-5] INFO  [txId=] [corrId=eb617acaead9] c.d.f.i.a.PerformanceTracerAspect - [TRACE-JAVA] com.datn.finrisk.core.repository.TransactionAiInsightRepository.findByTransactionIdIn() executed in 4 ms
2026-06-22 15:44:37.385 [http-nio-8081-exec-5] INFO  [txId=] [corrId=eb617acaead9] c.d.f.i.a.PerformanceTracerAspect - [TRACE-JAVA] com.datn.finrisk.core.repository.UserBehaviorProfileRepository.findByUserId() executed in 3 ms
2026-06-22 15:44:37.390 [http-nio-8081-exec-5] INFO  [txId=] [corrId=eb617acaead9] c.d.f.i.a.PerformanceTracerAspect - [TRACE-JAVA] com.datn.finrisk.core.services.AdminTransactionService.getTransactionRiskDetail() executed in 26 ms
2026-06-22 15:44:37.392 [http-nio-8081-exec-5] INFO  [txId=] [corrId=eb617acaead9] c.d.f.i.a.PerformanceTracerAspect - [TRACE-JAVA] com.datn.finrisk.web.controllers.AdminTransactionController.getTransactionRiskDetails() executed in 29 ms
2026-06-22 15:44:52.539 [scheduling-1] INFO  [txId=] [corrId=] c.d.f.i.m.ExecutorMetricsLogger - [EXECUTOR-METRICS][BG-Task       [aiTaskExecutor]] threads=0/1 queue=0/500 (0%) completed=1
2026-06-22 15:44:52.539 [scheduling-1] INFO  [txId=] [corrId=] c.d.f.i.m.ExecutorMetricsLogger - [EXECUTOR-METRICS][RT-Emotion    [realtimeEmotionExecutor]] threads=0/0 queue=0/30 (0%) completed=0
2026-06-22 15:44:52.540 [scheduling-1] INFO  [txId=] [corrId=] c.d.f.i.m.ExecutorMetricsLogger - [EXECUTOR-METRICS][BioVerify     [biometricVerifyExecutor]] threads=0/1 queue=0/50 (0%) completed=1
2026-06-22 15:45:22.550 [scheduling-1] INFO  [txId=] [corrId=] c.d.f.i.m.ExecutorMetricsLogger - [EXECUTOR-METRICS][BG-Task       [aiTaskExecutor]] threads=0/1 queue=0/500 (0%) completed=1
2026-06-22 15:45:22.550 [scheduling-1] INFO  [txId=] [corrId=] c.d.f.i.m.ExecutorMetricsLogger - [EXECUTOR-METRICS][RT-Emotion    [realtimeEmotionExecutor]] threads=0/0 queue=0/30 (0%) completed=0
2026-06-22 15:45:22.550 [scheduling-1] INFO  [txId=] [corrId=] c.d.f.i.m.ExecutorMetricsLogger - [EXECUTOR-METRICS][BioVerify     [biometricVerifyExecutor]] threads=0/1 queue=0/50 (0%) completed=1
2026-06-22 15:45:52.538 [scheduling-1] INFO  [txId=] [corrId=] c.d.f.i.m.ExecutorMetricsLogger - [EXECUTOR-METRICS][BG-Task       [aiTaskExecutor]] threads=0/1 queue=0/500 (0%) completed=1
2026-06-22 15:45:52.539 [scheduling-1] INFO  [txId=] [corrId=] c.d.f.i.m.ExecutorMetricsLogger - [EXECUTOR-METRICS][RT-Emotion    [realtimeEmotionExecutor]] threads=0/0 queue=0/30 (0%) completed=0
2026-06-22 15:45:52.539 [scheduling-1] INFO  [txId=] [corrId=] c.d.f.i.m.ExecutorMetricsLogger - [EXECUTOR-METRICS][BioVerify     [biometricVerifyExecutor]] threads=0/1 queue=0/50 (0%) completed=1
2026-06-22 15:46:22.547 [scheduling-1] INFO  [txId=] [corrId=] c.d.f.i.m.ExecutorMetricsLogger - [EXECUTOR-METRICS][BG-Task       [aiTaskExecutor]] threads=0/1 queue=0/500 (0%) completed=1
2026-06-22 15:46:22.547 [scheduling-1] INFO  [txId=] [corrId=] c.d.f.i.m.ExecutorMetricsLogger - [EXECUTOR-METRICS][RT-Emotion    [realtimeEmotionExecutor]] threads=0/0 queue=0/30 (0%) completed=0
2026-06-22 15:46:22.547 [scheduling-1] INFO  [txId=] [corrId=] c.d.f.i.m.ExecutorMetricsLogger - [EXECUTOR-METRICS][BioVerify     [biometricVerifyExecutor]] threads=0/1 queue=0/50 (0%) completed=1
2026-06-22 15:46:52.543 [scheduling-1] INFO  [txId=] [corrId=] c.d.f.i.m.ExecutorMetricsLogger - [EXECUTOR-METRICS][BG-Task       [aiTaskExecutor]] threads=0/1 queue=0/500 (0%) completed=1
2026-06-22 15:46:52.543 [scheduling-1] INFO  [txId=] [corrId=] c.d.f.i.m.ExecutorMetricsLogger - [EXECUTOR-METRICS][RT-Emotion    [realtimeEmotionExecutor]] threads=0/0 queue=0/30 (0%) completed=0
2026-06-22 15:46:52.543 [scheduling-1] INFO  [txId=] [corrId=] c.d.f.i.m.ExecutorMetricsLogger - [EXECUTOR-METRICS][BioVerify     [biometricVerifyExecutor]] threads=0/1 queue=0/50 (0%) completed=1
2026-06-22 15:47:22.540 [scheduling-1] INFO  [txId=] [corrId=] c.d.f.i.m.ExecutorMetricsLogger - [EXECUTOR-METRICS][BG-Task       [aiTaskExecutor]] threads=0/1 queue=0/500 (0%) completed=1
2026-06-22 15:47:22.541 [scheduling-1] INFO  [txId=] [corrId=] c.d.f.i.m.ExecutorMetricsLogger - [EXECUTOR-METRICS][RT-Emotion    [realtimeEmotionExecutor]] threads=0/0 queue=0/30 (0%) completed=0
2026-06-22 15:47:22.541 [scheduling-1] INFO  [txId=] [corrId=] c.d.f.i.m.ExecutorMetricsLogger - [EXECUTOR-METRICS][BioVerify     [biometricVerifyExecutor]] threads=0/1 queue=0/50 (0%) completed=1
2026-06-22 15:47:52.539 [scheduling-1] INFO  [txId=] [corrId=] c.d.f.i.m.ExecutorMetricsLogger - [EXECUTOR-METRICS][BG-Task       [aiTaskExecutor]] threads=0/1 queue=0/500 (0%) completed=1
2026-06-22 15:47:52.539 [scheduling-1] INFO  [txId=] [corrId=] c.d.f.i.m.ExecutorMetricsLogger - [EXECUTOR-METRICS][RT-Emotion    [realtimeEmotionExecutor]] threads=0/0 queue=0/30 (0%) completed=0
2026-06-22 15:47:52.539 [scheduling-1] INFO  [txId=] [corrId=] c.d.f.i.m.ExecutorMetricsLogger - [EXECUTOR-METRICS][BioVerify     [biometricVerifyExecutor]] threads=0/1 queue=0/50 (0%) completed=1
2026-06-22 15:47:52.545 [scheduling-1] INFO  [txId=] [corrId=] c.d.f.i.a.PerformanceTracerAspect - [TRACE-JAVA] com.datn.finrisk.core.repository.BiometricSessionRepository.deleteByExpiresAtBefore() executed in 3 ms
2026-06-22 15:47:52.545 [scheduling-1] INFO  [txId=] [corrId=] c.d.f.w.w.BiometricSessionCleanupScheduler - [BIOMETRIC-SCHEDULER] Expired biometric sessions purged from DB
2026-06-22 15:47:52.546 [scheduling-1] INFO  [txId=] [corrId=] c.d.f.w.w.WebSocketMetricsLogger - [WS-METRICS] active_sessions=0 total_buffered_frames=0 total_buffer_size={ Milan}MB
2026-06-22 15:47:52.702 [scheduling-1] INFO  [txId=] [corrId=] c.d.f.i.a.PerformanceTracerAspect - [TRACE-JAVA] com.datn.finrisk.core.repository.TransactionRepository.findStalledTransactionIds() executed in 5 ms
2026-06-22 15:48:22.546 [scheduling-1] INFO  [txId=] [corrId=] c.d.f.i.m.ExecutorMetricsLogger - [EXECUTOR-METRICS][BG-Task       [aiTaskExecutor]] threads=0/1 queue=0/500 (0%) completed=1
2026-06-22 15:48:22.546 [scheduling-1] INFO  [txId=] [corrId=] c.d.f.i.m.ExecutorMetricsLogger - [EXECUTOR-METRICS][RT-Emotion    [realtimeEmotionExecutor]] threads=0/0 queue=0/30 (0%) completed=0
2026-06-22 15:48:22.546 [scheduling-1] INFO  [txId=] [corrId=] c.d.f.i.m.ExecutorMetricsLogger - [EXECUTOR-METRICS][BioVerify     [biometricVerifyExecutor]] threads=0/1 queue=0/50 (0%) completed=1
2026-06-22 15:48:52.550 [scheduling-1] INFO  [txId=] [corrId=] c.d.f.i.m.ExecutorMetricsLogger - [EXECUTOR-METRICS][BG-Task       [aiTaskExecutor]] threads=0/1 queue=0/500 (0%) completed=1
2026-06-22 15:48:52.550 [scheduling-1] INFO  [txId=] [corrId=] c.d.f.i.m.ExecutorMetricsLogger - [EXECUTOR-METRICS][RT-Emotion    [realtimeEmotionExecutor]] threads=0/0 queue=0/30 (0%) completed=0
2026-06-22 15:48:52.550 [scheduling-1] INFO  [txId=] [corrId=] c.d.f.i.m.ExecutorMetricsLogger - [EXECUTOR-METRICS][BioVerify     [biometricVerifyExecutor]] threads=0/1 queue=0/50 (0%) completed=1
2026-06-22 15:49:22.540 [scheduling-1] INFO  [txId=] [corrId=] c.d.f.i.m.ExecutorMetricsLogger - [EXECUTOR-METRICS][BG-Task       [aiTaskExecutor]] threads=0/1 queue=0/500 (0%) completed=1
2026-06-22 15:49:22.540 [scheduling-1] INFO  [txId=] [corrId=] c.d.f.i.m.ExecutorMetricsLogger - [EXECUTOR-METRICS][RT-Emotion    [realtimeEmotionExecutor]] threads=0/0 queue=0/30 (0%) completed=0
2026-06-22 15:49:22.540 [scheduling-1] INFO  [txId=] [corrId=] c.d.f.i.m.ExecutorMetricsLogger - [EXECUTOR-METRICS][BioVerify     [biometricVerifyExecutor]] threads=0/1 queue=0/50 (0%) completed=1
2026-06-22 15:49:52.537 [scheduling-1] INFO  [txId=] [corrId=] c.d.f.i.m.ExecutorMetricsLogger - [EXECUTOR-METRICS][BG-Task       [aiTaskExecutor]] threads=0/1 queue=0/500 (0%) completed=1
2026-06-22 15:49:52.538 [scheduling-1] INFO  [txId=] [corrId=] c.d.f.i.m.ExecutorMetricsLogger - [EXECUTOR-METRICS][RT-Emotion    [realtimeEmotionExecutor]] threads=0/0 queue=0/30 (0%) completed=0
2026-06-22 15:49:52.538 [scheduling-1] INFO  [txId=] [corrId=] c.d.f.i.m.ExecutorMetricsLogger - [EXECUTOR-METRICS][BioVerify     [biometricVerifyExecutor]] threads=0/1 queue=0/50 (0%) completed=1
2026-06-22 15:50:22.550 [scheduling-1] INFO  [txId=] [corrId=] c.d.f.i.m.ExecutorMetricsLogger - [EXECUTOR-METRICS][BG-Task       [aiTaskExecutor]] threads=0/1 queue=0/500 (0%) completed=1
2026-06-22 15:50:22.550 [scheduling-1] INFO  [txId=] [corrId=] c.d.f.i.m.ExecutorMetricsLogger - [EXECUTOR-METRICS][RT-Emotion    [realtimeEmotionExecutor]] threads=0/0 queue=0/30 (0%) completed=0
2026-06-22 15:50:22.550 [scheduling-1] INFO  [txId=] [corrId=] c.d.f.i.m.ExecutorMetricsLogger - [EXECUTOR-METRICS][BioVerify     [biometricVerifyExecutor]] threads=0/1 queue=0/50 (0%) completed=1
2026-06-22 15:50:52.541 [scheduling-1] INFO  [txId=] [corrId=] c.d.f.i.m.ExecutorMetricsLogger - [EXECUTOR-METRICS][BG-Task       [aiTaskExecutor]] threads=0/1 queue=0/500 (0%) completed=1
2026-06-22 15:50:52.541 [scheduling-1] INFO  [txId=] [corrId=] c.d.f.i.m.ExecutorMetricsLogger - [EXECUTOR-METRICS][RT-Emotion    [realtimeEmotionExecutor]] threads=0/0 queue=0/30 (0%) completed=0
2026-06-22 15:50:52.541 [scheduling-1] INFO  [txId=] [corrId=] c.d.f.i.m.ExecutorMetricsLogger - [EXECUTOR-METRICS][BioVerify     [biometricVerifyExecutor]] threads=0/1 queue=0/50 (0%) completed=1
2026-06-22 15:51:22.549 [scheduling-1] INFO  [txId=] [corrId=] c.d.f.i.m.ExecutorMetricsLogger - [EXECUTOR-METRICS][BG-Task       [aiTaskExecutor]] threads=0/1 queue=0/500 (0%) completed=1
2026-06-22 15:51:22.549 [scheduling-1] INFO  [txId=] [corrId=] c.d.f.i.m.ExecutorMetricsLogger - [EXECUTOR-METRICS][RT-Emotion    [realtimeEmotionExecutor]] threads=0/0 queue=0/30 (0%) completed=0
2026-06-22 15:51:22.550 [scheduling-1] INFO  [txId=] [corrId=] c.d.f.i.m.ExecutorMetricsLogger - [EXECUTOR-METRICS][BioVerify     [biometricVerifyExecutor]] threads=0/1 queue=0/50 (0%) completed=1
2026-06-22 15:51:52.543 [scheduling-1] INFO  [txId=] [corrId=] c.d.f.i.m.ExecutorMetricsLogger - [EXECUTOR-METRICS][BG-Task       [aiTaskExecutor]] threads=0/1 queue=0/500 (0%) completed=1
2026-06-22 15:51:52.543 [scheduling-1] INFO  [txId=] [corrId=] c.d.f.i.m.ExecutorMetricsLogger - [EXECUTOR-METRICS][RT-Emotion    [realtimeEmotionExecutor]] threads=0/0 queue=0/30 (0%) completed=0
2026-06-22 15:51:52.544 [scheduling-1] INFO  [txId=] [corrId=] c.d.f.i.m.ExecutorMetricsLogger - [EXECUTOR-METRICS][BioVerify     [biometricVerifyExecutor]] threads=0/1 queue=0/50 (0%) completed=1
2026-06-22 15:52:22.537 [scheduling-1] INFO  [txId=] [corrId=] c.d.f.i.m.ExecutorMetricsLogger - [EXECUTOR-METRICS][BG-Task       [aiTaskExecutor]] threads=0/1 queue=0/500 (0%) completed=1
2026-06-22 15:52:22.537 [scheduling-1] INFO  [txId=] [corrId=] c.d.f.i.m.ExecutorMetricsLogger - [EXECUTOR-METRICS][RT-Emotion    [realtimeEmotionExecutor]] threads=0/0 queue=0/30 (0%) completed=0
2026-06-22 15:52:22.537 [scheduling-1] INFO  [txId=] [corrId=] c.d.f.i.m.ExecutorMetricsLogger - [EXECUTOR-METRICS][BioVerify     [biometricVerifyExecutor]] threads=0/1 queue=0/50 (0%) completed=1
2026-06-22 15:52:52.545 [scheduling-1] INFO  [txId=] [corrId=] c.d.f.i.m.ExecutorMetricsLogger - [EXECUTOR-METRICS][BG-Task       [aiTaskExecutor]] threads=0/1 queue=0/500 (0%) completed=1
2026-06-22 15:52:52.545 [scheduling-1] INFO  [txId=] [corrId=] c.d.f.i.m.ExecutorMetricsLogger - [EXECUTOR-METRICS][RT-Emotion    [realtimeEmotionExecutor]] threads=0/0 queue=0/30 (0%) completed=0
2026-06-22 15:52:52.545 [scheduling-1] INFO  [txId=] [corrId=] c.d.f.i.m.ExecutorMetricsLogger - [EXECUTOR-METRICS][BioVerify     [biometricVerifyExecutor]] threads=0/1 queue=0/50 (0%) completed=1
2026-06-22 15:52:52.550 [scheduling-1] INFO  [txId=] [corrId=] c.d.f.i.a.PerformanceTracerAspect - [TRACE-JAVA] com.datn.finrisk.core.repository.BiometricSessionRepository.deleteByExpiresAtBefore() executed in 3 ms
2026-06-22 15:52:52.551 [scheduling-1] INFO  [txId=] [corrId=] c.d.f.w.w.BiometricSessionCleanupScheduler - [BIOMETRIC-SCHEDULER] Expired biometric sessions purged from DB
2026-06-22 15:52:52.552 [scheduling-1] INFO  [txId=] [corrId=] c.d.f.w.w.WebSocketMetricsLogger - [WS-METRICS] active_sessions=0 total_buffered_frames=0 total_buffer_size={ Milan}MB
2026-06-22 15:52:52.722 [scheduling-1] INFO  [txId=] [corrId=] c.d.f.i.a.PerformanceTracerAspect - [TRACE-JAVA] com.datn.finrisk.core.repository.TransactionRepository.findStalledTransactionIds() executed in 4 ms
2026-06-22 15:53:22.547 [scheduling-1] INFO  [txId=] [corrId=] c.d.f.i.m.ExecutorMetricsLogger - [EXECUTOR-METRICS][BG-Task       [aiTaskExecutor]] threads=0/1 queue=0/500 (0%) completed=1
2026-06-22 15:53:22.547 [scheduling-1] INFO  [txId=] [corrId=] c.d.f.i.m.ExecutorMetricsLogger - [EXECUTOR-METRICS][RT-Emotion    [realtimeEmotionExecutor]] threads=0/0 queue=0/30 (0%) completed=0
2026-06-22 15:53:22.547 [scheduling-1] INFO  [txId=] [corrId=] c.d.f.i.m.ExecutorMetricsLogger - [EXECUTOR-METRICS][BioVerify     [biometricVerifyExecutor]] threads=0/1 queue=0/50 (0%) completed=1
2026-06-22 15:53:52.549 [scheduling-1] INFO  [txId=] [corrId=] c.d.f.i.m.ExecutorMetricsLogger - [EXECUTOR-METRICS][BG-Task       [aiTaskExecutor]] threads=0/1 queue=0/500 (0%) completed=1
2026-06-22 15:53:52.550 [scheduling-1] INFO  [txId=] [corrId=] c.d.f.i.m.ExecutorMetricsLogger - [EXECUTOR-METRICS][RT-Emotion    [realtimeEmotionExecutor]] threads=0/0 queue=0/30 (0%) completed=0
2026-06-22 15:53:52.550 [scheduling-1] INFO  [txId=] [corrId=] c.d.f.i.m.ExecutorMetricsLogger - [EXECUTOR-METRICS][BioVerify     [biometricVerifyExecutor]] threads=0/1 queue=0/50 (0%) completed=1
2026-06-22 15:54:22.546 [scheduling-1] INFO  [txId=] [corrId=] c.d.f.i.m.ExecutorMetricsLogger - [EXECUTOR-METRICS][BG-Task       [aiTaskExecutor]] threads=0/1 queue=0/500 (0%) completed=1
2026-06-22 15:54:22.546 [scheduling-1] INFO  [txId=] [corrId=] c.d.f.i.m.ExecutorMetricsLogger - [EXECUTOR-METRICS][RT-Emotion    [realtimeEmotionExecutor]] threads=0/0 queue=0/30 (0%) completed=0
2026-06-22 15:54:22.546 [scheduling-1] INFO  [txId=] [corrId=] c.d.f.i.m.ExecutorMetricsLogger - [EXECUTOR-METRICS][BioVerify     [biometricVerifyExecutor]] threads=0/1 queue=0/50 (0%) completed=1
2026-06-22 15:54:52.541 [scheduling-1] INFO  [txId=] [corrId=] c.d.f.i.m.ExecutorMetricsLogger - [EXECUTOR-METRICS][BG-Task       [aiTaskExecutor]] threads=0/1 queue=0/500 (0%) completed=1
2026-06-22 15:54:52.541 [scheduling-1] INFO  [txId=] [corrId=] c.d.f.i.m.ExecutorMetricsLogger - [EXECUTOR-METRICS][RT-Emotion    [realtimeEmotionExecutor]] threads=0/0 queue=0/30 (0%) completed=0
2026-06-22 15:54:52.542 [scheduling-1] INFO  [txId=] [corrId=] c.d.f.i.m.ExecutorMetricsLogger - [EXECUTOR-METRICS][BioVerify     [biometricVerifyExecutor]] threads=0/1 queue=0/50 (0%) completed=1
2026-06-22 15:55:22.552 [scheduling-1] INFO  [txId=] [corrId=] c.d.f.i.m.ExecutorMetricsLogger - [EXECUTOR-METRICS][BG-Task       [aiTaskExecutor]] threads=0/1 queue=0/500 (0%) completed=1
2026-06-22 15:55:22.552 [scheduling-1] INFO  [txId=] [corrId=] c.d.f.i.m.ExecutorMetricsLogger - [EXECUTOR-METRICS][RT-Emotion    [realtimeEmotionExecutor]] threads=0/0 queue=0/30 (0%) completed=0
2026-06-22 15:55:22.552 [scheduling-1] INFO  [txId=] [corrId=] c.d.f.i.m.ExecutorMetricsLogger - [EXECUTOR-METRICS][BioVerify     [biometricVerifyExecutor]] threads=0/1 queue=0/50 (0%) completed=1
2026-06-22 15:55:52.539 [scheduling-1] INFO  [txId=] [corrId=] c.d.f.i.m.ExecutorMetricsLogger - [EXECUTOR-METRICS][BG-Task       [aiTaskExecutor]] threads=0/1 queue=0/500 (0%) completed=1
2026-06-22 15:55:52.539 [scheduling-1] INFO  [txId=] [corrId=] c.d.f.i.m.ExecutorMetricsLogger - [EXECUTOR-METRICS][RT-Emotion    [realtimeEmotionExecutor]] threads=0/0 queue=0/30 (0%) completed=0
2026-06-22 15:55:52.539 [scheduling-1] INFO  [txId=] [corrId=] c.d.f.i.m.ExecutorMetricsLogger - [EXECUTOR-METRICS][BioVerify     [biometricVerifyExecutor]] threads=0/1 queue=0/50 (0%) completed=1
2026-06-22 15:56:22.544 [scheduling-1] INFO  [txId=] [corrId=] c.d.f.i.m.ExecutorMetricsLogger - [EXECUTOR-METRICS][BG-Task       [aiTaskExecutor]] threads=0/1 queue=0/500 (0%) completed=1
2026-06-22 15:56:22.544 [scheduling-1] INFO  [txId=] [corrId=] c.d.f.i.m.ExecutorMetricsLogger - [EXECUTOR-METRICS][RT-Emotion    [realtimeEmotionExecutor]] threads=0/0 queue=0/30 (0%) completed=0
2026-06-22 15:56:22.544 [scheduling-1] INFO  [txId=] [corrId=] c.d.f.i.m.ExecutorMetricsLogger - [EXECUTOR-METRICS][BioVerify     [biometricVerifyExecutor]] threads=0/1 queue=0/50 (0%) completed=1
2026-06-22 15:56:52.550 [scheduling-1] INFO  [txId=] [corrId=] c.d.f.i.m.ExecutorMetricsLogger - [EXECUTOR-METRICS][BG-Task       [aiTaskExecutor]] threads=0/1 queue=0/500 (0%) completed=1
2026-06-22 15:56:52.550 [scheduling-1] INFO  [txId=] [corrId=] c.d.f.i.m.ExecutorMetricsLogger - [EXECUTOR-METRICS][RT-Emotion    [realtimeEmotionExecutor]] threads=0/0 queue=0/30 (0%) completed=0
2026-06-22 15:56:52.550 [scheduling-1] INFO  [txId=] [corrId=] c.d.f.i.m.ExecutorMetricsLogger - [EXECUTOR-METRICS][BioVerify     [biometricVerifyExecutor]] threads=0/1 queue=0/50 (0%) completed=1
2026-06-22 15:57:22.551 [scheduling-1] INFO  [txId=] [corrId=] c.d.f.i.m.ExecutorMetricsLogger - [EXECUTOR-METRICS][BG-Task       [aiTaskExecutor]] threads=0/1 queue=0/500 (0%) completed=1
2026-06-22 15:57:22.551 [scheduling-1] INFO  [txId=] [corrId=] c.d.f.i.m.ExecutorMetricsLogger - [EXECUTOR-METRICS][RT-Emotion    [realtimeEmotionExecutor]] threads=0/0 queue=0/30 (0%) completed=0
2026-06-22 15:57:22.551 [scheduling-1] INFO  [txId=] [corrId=] c.d.f.i.m.ExecutorMetricsLogger - [EXECUTOR-METRICS][BioVerify     [biometricVerifyExecutor]] threads=0/1 queue=0/50 (0%) completed=1
2026-06-22 15:57:52.552 [scheduling-1] INFO  [txId=] [corrId=] c.d.f.i.m.ExecutorMetricsLogger - [EXECUTOR-METRICS][BG-Task       [aiTaskExecutor]] threads=0/1 queue=0/500 (0%) completed=1
2026-06-22 15:57:52.552 [scheduling-1] INFO  [txId=] [corrId=] c.d.f.i.m.ExecutorMetricsLogger - [EXECUTOR-METRICS][RT-Emotion    [realtimeEmotionExecutor]] threads=0/0 queue=0/30 (0%) completed=0
2026-06-22 15:57:52.552 [scheduling-1] INFO  [txId=] [corrId=] c.d.f.i.m.ExecutorMetricsLogger - [EXECUTOR-METRICS][BioVerify     [biometricVerifyExecutor]] threads=0/1 queue=0/50 (0%) completed=1
2026-06-22 15:57:52.563 [scheduling-1] INFO  [txId=] [corrId=] c.d.f.i.a.PerformanceTracerAspect - [TRACE-JAVA] com.datn.finrisk.core.repository.BiometricSessionRepository.deleteByExpiresAtBefore() executed in 7 ms
2026-06-22 15:57:52.563 [scheduling-1] INFO  [txId=] [corrId=] c.d.f.w.w.BiometricSessionCleanupScheduler - [BIOMETRIC-SCHEDULER] Expired biometric sessions purged from DB
2026-06-22 15:57:52.565 [scheduling-1] INFO  [txId=] [corrId=] c.d.f.w.w.WebSocketMetricsLogger - [WS-METRICS] active_sessions=0 total_buffered_frames=0 total_buffer_size={ Milan}MB
2026-06-22 15:57:52.742 [scheduling-1] INFO  [txId=] [corrId=] c.d.f.i.a.PerformanceTracerAspect - [TRACE-JAVA] com.datn.finrisk.core.repository.TransactionRepository.findStalledTransactionIds() executed in 4 ms
2026-06-22 15:58:22.539 [scheduling-1] INFO  [txId=] [corrId=] c.d.f.i.m.ExecutorMetricsLogger - [EXECUTOR-METRICS][BG-Task       [aiTaskExecutor]] threads=0/1 queue=0/500 (0%) completed=1
2026-06-22 15:58:22.539 [scheduling-1] INFO  [txId=] [corrId=] c.d.f.i.m.ExecutorMetricsLogger - [EXECUTOR-METRICS][RT-Emotion    [realtimeEmotionExecutor]] threads=0/0 queue=0/30 (0%) completed=0
2026-06-22 15:58:22.539 [scheduling-1] INFO  [txId=] [corrId=] c.d.f.i.m.ExecutorMetricsLogger - [EXECUTOR-METRICS][BioVerify     [biometricVerifyExecutor]] threads=0/1 queue=0/50 (0%) completed=1
2026-06-22 15:58:52.539 [scheduling-1] INFO  [txId=] [corrId=] c.d.f.i.m.ExecutorMetricsLogger - [EXECUTOR-METRICS][BG-Task       [aiTaskExecutor]] threads=0/1 queue=0/500 (0%) completed=1
2026-06-22 15:58:52.539 [scheduling-1] INFO  [txId=] [corrId=] c.d.f.i.m.ExecutorMetricsLogger - [EXECUTOR-METRICS][RT-Emotion    [realtimeEmotionExecutor]] threads=0/0 queue=0/30 (0%) completed=0
2026-06-22 15:58:52.539 [scheduling-1] INFO  [txId=] [corrId=] c.d.f.i.m.ExecutorMetricsLogger - [EXECUTOR-METRICS][BioVerify     [biometricVerifyExecutor]] threads=0/1 queue=0/50 (0%) completed=1
2026-06-22 15:59:22.537 [scheduling-1] INFO  [txId=] [corrId=] c.d.f.i.m.ExecutorMetricsLogger - [EXECUTOR-METRICS][BG-Task       [aiTaskExecutor]] threads=0/1 queue=0/500 (0%) completed=1
2026-06-22 15:59:22.538 [scheduling-1] INFO  [txId=] [corrId=] c.d.f.i.m.ExecutorMetricsLogger - [EXECUTOR-METRICS][RT-Emotion    [realtimeEmotionExecutor]] threads=0/0 queue=0/30 (0%) completed=0
2026-06-22 15:59:22.538 [scheduling-1] INFO  [txId=] [corrId=] c.d.f.i.m.ExecutorMetricsLogger - [EXECUTOR-METRICS][BioVerify     [biometricVerifyExecutor]] threads=0/1 queue=0/50 (0%) completed=1
2026-06-22 15:59:52.547 [scheduling-1] INFO  [txId=] [corrId=] c.d.f.i.m.ExecutorMetricsLogger - [EXECUTOR-METRICS][BG-Task       [aiTaskExecutor]] threads=0/1 queue=0/500 (0%) completed=1
2026-06-22 15:59:52.547 [scheduling-1] INFO  [txId=] [corrId=] c.d.f.i.m.ExecutorMetricsLogger - [EXECUTOR-METRICS][RT-Emotion    [realtimeEmotionExecutor]] threads=0/0 queue=0/30 (0%) completed=0
2026-06-22 15:59:52.547 [scheduling-1] INFO  [txId=] [corrId=] c.d.f.i.m.ExecutorMetricsLogger - [EXECUTOR-METRICS][BioVerify     [biometricVerifyExecutor]] threads=0/1 queue=0/50 (0%) completed=1
2026-06-22 16:00:22.551 [scheduling-1] INFO  [txId=] [corrId=] c.d.f.i.m.ExecutorMetricsLogger - [EXECUTOR-METRICS][BG-Task       [aiTaskExecutor]] threads=0/1 queue=0/500 (0%) completed=1
2026-06-22 16:00:22.551 [scheduling-1] INFO  [txId=] [corrId=] c.d.f.i.m.ExecutorMetricsLogger - [EXECUTOR-METRICS][RT-Emotion    [realtimeEmotionExecutor]] threads=0/0 queue=0/30 (0%) completed=0
2026-06-22 16:00:22.551 [scheduling-1] INFO  [txId=] [corrId=] c.d.f.i.m.ExecutorMetricsLogger - [EXECUTOR-METRICS][BioVerify     [biometricVerifyExecutor]] threads=0/1 queue=0/50 (0%) completed=1
2026-06-22 16:00:52.545 [scheduling-1] INFO  [txId=] [corrId=] c.d.f.i.m.ExecutorMetricsLogger - [EXECUTOR-METRICS][BG-Task       [aiTaskExecutor]] threads=0/1 queue=0/500 (0%) completed=1
2026-06-22 16:00:52.546 [scheduling-1] INFO  [txId=] [corrId=] c.d.f.i.m.ExecutorMetricsLogger - [EXECUTOR-METRICS][RT-Emotion    [realtimeEmotionExecutor]] threads=0/0 queue=0/30 (0%) completed=0
2026-06-22 16:00:52.546 [scheduling-1] INFO  [txId=] [corrId=] c.d.f.i.m.ExecutorMetricsLogger - [EXECUTOR-METRICS][BioVerify     [biometricVerifyExecutor]] threads=0/1 queue=0/50 (0%) completed=1
2026-06-22 16:01:22.551 [scheduling-1] INFO  [txId=] [corrId=] c.d.f.i.m.ExecutorMetricsLogger - [EXECUTOR-METRICS][BG-Task       [aiTaskExecutor]] threads=0/1 queue=0/500 (0%) completed=1
2026-06-22 16:01:22.551 [scheduling-1] INFO  [txId=] [corrId=] c.d.f.i.m.ExecutorMetricsLogger - [EXECUTOR-METRICS][RT-Emotion    [realtimeEmotionExecutor]] threads=0/0 queue=0/30 (0%) completed=0
2026-06-22 16:01:22.551 [scheduling-1] INFO  [txId=] [corrId=] c.d.f.i.m.ExecutorMetricsLogger - [EXECUTOR-METRICS][BioVerify     [biometricVerifyExecutor]] threads=0/1 queue=0/50 (0%) completed=1
2026-06-22 16:01:52.551 [scheduling-1] INFO  [txId=] [corrId=] c.d.f.i.m.ExecutorMetricsLogger - [EXECUTOR-METRICS][BG-Task       [aiTaskExecutor]] threads=0/1 queue=0/500 (0%) completed=1
2026-06-22 16:01:52.551 [scheduling-1] INFO  [txId=] [corrId=] c.d.f.i.m.ExecutorMetricsLogger - [EXECUTOR-METRICS][RT-Emotion    [realtimeEmotionExecutor]] threads=0/0 queue=0/30 (0%) completed=0
2026-06-22 16:01:52.551 [scheduling-1] INFO  [txId=] [corrId=] c.d.f.i.m.ExecutorMetricsLogger - [EXECUTOR-METRICS][BioVerify     [biometricVerifyExecutor]] threads=0/1 queue=0/50 (0%) completed=1
2026-06-22 16:02:22.549 [scheduling-1] INFO  [txId=] [corrId=] c.d.f.i.m.ExecutorMetricsLogger - [EXECUTOR-METRICS][BG-Task       [aiTaskExecutor]] threads=0/1 queue=0/500 (0%) completed=1
2026-06-22 16:02:22.549 [scheduling-1] INFO  [txId=] [corrId=] c.d.f.i.m.ExecutorMetricsLogger - [EXECUTOR-METRICS][RT-Emotion    [realtimeEmotionExecutor]] threads=0/0 queue=0/30 (0%) completed=0
2026-06-22 16:02:22.549 [scheduling-1] INFO  [txId=] [corrId=] c.d.f.i.m.ExecutorMetricsLogger - [EXECUTOR-METRICS][BioVerify     [biometricVerifyExecutor]] threads=0/1 queue=0/50 (0%) completed=1
2026-06-22 16:02:52.552 [scheduling-1] INFO  [txId=] [corrId=] c.d.f.i.m.ExecutorMetricsLogger - [EXECUTOR-METRICS][BG-Task       [aiTaskExecutor]] threads=0/1 queue=0/500 (0%) completed=1
2026-06-22 16:02:52.552 [scheduling-1] INFO  [txId=] [corrId=] c.d.f.i.m.ExecutorMetricsLogger - [EXECUTOR-METRICS][RT-Emotion    [realtimeEmotionExecutor]] threads=0/0 queue=0/30 (0%) completed=0
2026-06-22 16:02:52.552 [scheduling-1] INFO  [txId=] [corrId=] c.d.f.i.m.ExecutorMetricsLogger - [EXECUTOR-METRICS][BioVerify     [biometricVerifyExecutor]] threads=0/1 queue=0/50 (0%) completed=1
2026-06-22 16:02:52.556 [scheduling-1] INFO  [txId=] [corrId=] c.d.f.i.a.PerformanceTracerAspect - [TRACE-JAVA] com.datn.finrisk.core.repository.BiometricSessionRepository.deleteByExpiresAtBefore() executed in 3 ms
2026-06-22 16:02:52.556 [scheduling-1] INFO  [txId=] [corrId=] c.d.f.w.w.BiometricSessionCleanupScheduler - [BIOMETRIC-SCHEDULER] Expired biometric sessions purged from DB
2026-06-22 16:02:52.556 [scheduling-1] INFO  [txId=] [corrId=] c.d.f.w.w.WebSocketMetricsLogger - [WS-METRICS] active_sessions=0 total_buffered_frames=0 total_buffer_size={ Milan}MB
2026-06-22 16:02:52.761 [scheduling-1] INFO  [txId=] [corrId=] c.d.f.i.a.PerformanceTracerAspect - [TRACE-JAVA] com.datn.finrisk.core.repository.TransactionRepository.findStalledTransactionIds() executed in 7 ms
2026-06-22 16:03:22.549 [scheduling-1] INFO  [txId=] [corrId=] c.d.f.i.m.ExecutorMetricsLogger - [EXECUTOR-METRICS][BG-Task       [aiTaskExecutor]] threads=0/1 queue=0/500 (0%) completed=1
2026-06-22 16:03:22.550 [scheduling-1] INFO  [txId=] [corrId=] c.d.f.i.m.ExecutorMetricsLogger - [EXECUTOR-METRICS][RT-Emotion    [realtimeEmotionExecutor]] threads=0/0 queue=0/30 (0%) completed=0
2026-06-22 16:03:22.550 [scheduling-1] INFO  [txId=] [corrId=] c.d.f.i.m.ExecutorMetricsLogger - [EXECUTOR-METRICS][BioVerify     [biometricVerifyExecutor]] threads=0/1 queue=0/50 (0%) completed=1
2026-06-22 16:03:52.545 [scheduling-1] INFO  [txId=] [corrId=] c.d.f.i.m.ExecutorMetricsLogger - [EXECUTOR-METRICS][BG-Task       [aiTaskExecutor]] threads=0/1 queue=0/500 (0%) completed=1
2026-06-22 16:03:52.545 [scheduling-1] INFO  [txId=] [corrId=] c.d.f.i.m.ExecutorMetricsLogger - [EXECUTOR-METRICS][RT-Emotion    [realtimeEmotionExecutor]] threads=0/0 queue=0/30 (0%) completed=0
2026-06-22 16:03:52.545 [scheduling-1] INFO  [txId=] [corrId=] c.d.f.i.m.ExecutorMetricsLogger - [EXECUTOR-METRICS][BioVerify     [biometricVerifyExecutor]] threads=0/1 queue=0/50 (0%) completed=1
2026-06-22 16:04:22.538 [scheduling-1] INFO  [txId=] [corrId=] c.d.f.i.m.ExecutorMetricsLogger - [EXECUTOR-METRICS][BG-Task       [aiTaskExecutor]] threads=0/1 queue=0/500 (0%) completed=1
2026-06-22 16:04:22.538 [scheduling-1] INFO  [txId=] [corrId=] c.d.f.i.m.ExecutorMetricsLogger - [EXECUTOR-METRICS][RT-Emotion    [realtimeEmotionExecutor]] threads=0/0 queue=0/30 (0%) completed=0
2026-06-22 16:04:22.538 [scheduling-1] INFO  [txId=] [corrId=] c.d.f.i.m.ExecutorMetricsLogger - [EXECUTOR-METRICS][BioVerify     [biometricVerifyExecutor]] threads=0/1 queue=0/50 (0%) completed=1
2026-06-22 16:04:52.541 [scheduling-1] INFO  [txId=] [corrId=] c.d.f.i.m.ExecutorMetricsLogger - [EXECUTOR-METRICS][BG-Task       [aiTaskExecutor]] threads=0/1 queue=0/500 (0%) completed=1
2026-06-22 16:04:52.541 [scheduling-1] INFO  [txId=] [corrId=] c.d.f.i.m.ExecutorMetricsLogger - [EXECUTOR-METRICS][RT-Emotion    [realtimeEmotionExecutor]] threads=0/0 queue=0/30 (0%) completed=0
2026-06-22 16:04:52.541 [scheduling-1] INFO  [txId=] [corrId=] c.d.f.i.m.ExecutorMetricsLogger - [EXECUTOR-METRICS][BioVerify     [biometricVerifyExecutor]] threads=0/1 queue=0/50 (0%) completed=1
2026-06-22 16:05:22.551 [scheduling-1] INFO  [txId=] [corrId=] c.d.f.i.m.ExecutorMetricsLogger - [EXECUTOR-METRICS][BG-Task       [aiTaskExecutor]] threads=0/1 queue=0/500 (0%) completed=1
2026-06-22 16:05:22.551 [scheduling-1] INFO  [txId=] [corrId=] c.d.f.i.m.ExecutorMetricsLogger - [EXECUTOR-METRICS][RT-Emotion    [realtimeEmotionExecutor]] threads=0/0 queue=0/30 (0%) completed=0
2026-06-22 16:05:22.551 [scheduling-1] INFO  [txId=] [corrId=] c.d.f.i.m.ExecutorMetricsLogger - [EXECUTOR-METRICS][BioVerify     [biometricVerifyExecutor]] threads=0/1 queue=0/50 (0%) completed=1
2026-06-22 16:05:52.549 [scheduling-1] INFO  [txId=] [corrId=] c.d.f.i.m.ExecutorMetricsLogger - [EXECUTOR-METRICS][BG-Task       [aiTaskExecutor]] threads=0/1 queue=0/500 (0%) completed=1
2026-06-22 16:05:52.549 [scheduling-1] INFO  [txId=] [corrId=] c.d.f.i.m.ExecutorMetricsLogger - [EXECUTOR-METRICS][RT-Emotion    [realtimeEmotionExecutor]] threads=0/0 queue=0/30 (0%) completed=0
2026-06-22 16:05:52.549 [scheduling-1] INFO  [txId=] [corrId=] c.d.f.i.m.ExecutorMetricsLogger - [EXECUTOR-METRICS][BioVerify     [biometricVerifyExecutor]] threads=0/1 queue=0/50 (0%) completed=1
2026-06-22 16:06:22.547 [scheduling-1] INFO  [txId=] [corrId=] c.d.f.i.m.ExecutorMetricsLogger - [EXECUTOR-METRICS][BG-Task       [aiTaskExecutor]] threads=0/1 queue=0/500 (0%) completed=1
2026-06-22 16:06:22.547 [scheduling-1] INFO  [txId=] [corrId=] c.d.f.i.m.ExecutorMetricsLogger - [EXECUTOR-METRICS][RT-Emotion    [realtimeEmotionExecutor]] threads=0/0 queue=0/30 (0%) completed=0
2026-06-22 16:06:22.547 [scheduling-1] INFO  [txId=] [corrId=] c.d.f.i.m.ExecutorMetricsLogger - [EXECUTOR-METRICS][BioVerify     [biometricVerifyExecutor]] threads=0/1 queue=0/50 (0%) completed=1
2026-06-22 16:06:52.548 [scheduling-1] INFO  [txId=] [corrId=] c.d.f.i.m.ExecutorMetricsLogger - [EXECUTOR-METRICS][BG-Task       [aiTaskExecutor]] threads=0/1 queue=0/500 (0%) completed=1
2026-06-22 16:06:52.548 [scheduling-1] INFO  [txId=] [corrId=] c.d.f.i.m.ExecutorMetricsLogger - [EXECUTOR-METRICS][RT-Emotion    [realtimeEmotionExecutor]] threads=0/0 queue=0/30 (0%) completed=0
2026-06-22 16:06:52.548 [scheduling-1] INFO  [txId=] [corrId=] c.d.f.i.m.ExecutorMetricsLogger - [EXECUTOR-METRICS][BioVerify     [biometricVerifyExecutor]] threads=0/1 queue=0/50 (0%) completed=1
2026-06-22 16:07:22.547 [scheduling-1] INFO  [txId=] [corrId=] c.d.f.i.m.ExecutorMetricsLogger - [EXECUTOR-METRICS][BG-Task       [aiTaskExecutor]] threads=0/1 queue=0/500 (0%) completed=1
2026-06-22 16:07:22.547 [scheduling-1] INFO  [txId=] [corrId=] c.d.f.i.m.ExecutorMetricsLogger - [EXECUTOR-METRICS][RT-Emotion    [realtimeEmotionExecutor]] threads=0/0 queue=0/30 (0%) completed=0
2026-06-22 16:07:22.547 [scheduling-1] INFO  [txId=] [corrId=] c.d.f.i.m.ExecutorMetricsLogger - [EXECUTOR-METRICS][BioVerify     [biometricVerifyExecutor]] threads=0/1 queue=0/50 (0%) completed=1
2026-06-22 16:07:52.540 [scheduling-1] INFO  [txId=] [corrId=] c.d.f.i.m.ExecutorMetricsLogger - [EXECUTOR-METRICS][BG-Task       [aiTaskExecutor]] threads=0/1 queue=0/500 (0%) completed=1
2026-06-22 16:07:52.540 [scheduling-1] INFO  [txId=] [corrId=] c.d.f.i.m.ExecutorMetricsLogger - [EXECUTOR-METRICS][RT-Emotion    [realtimeEmotionExecutor]] threads=0/0 queue=0/30 (0%) completed=0
2026-06-22 16:07:52.541 [scheduling-1] INFO  [txId=] [corrId=] c.d.f.i.m.ExecutorMetricsLogger - [EXECUTOR-METRICS][BioVerify     [biometricVerifyExecutor]] threads=0/1 queue=0/50 (0%) completed=1
2026-06-22 16:07:52.563 [scheduling-1] INFO  [txId=] [corrId=] c.d.f.i.a.PerformanceTracerAspect - [TRACE-JAVA] com.datn.finrisk.core.repository.BiometricSessionRepository.deleteByExpiresAtBefore() executed in 20 ms
2026-06-22 16:07:52.563 [scheduling-1] INFO  [txId=] [corrId=] c.d.f.w.w.BiometricSessionCleanupScheduler - [BIOMETRIC-SCHEDULER] Expired biometric sessions purged from DB
2026-06-22 16:07:52.564 [scheduling-1] INFO  [txId=] [corrId=] c.d.f.w.w.WebSocketMetricsLogger - [WS-METRICS] active_sessions=0 total_buffered_frames=0 total_buffer_size={ Milan}MB
2026-06-22 16:07:52.778 [scheduling-1] INFO  [txId=] [corrId=] c.d.f.i.a.PerformanceTracerAspect - [TRACE-JAVA] com.datn.finrisk.core.repository.TransactionRepository.findStalledTransactionIds() executed in 3 ms
2026-06-22 16:08:22.544 [scheduling-1] INFO  [txId=] [corrId=] c.d.f.i.m.ExecutorMetricsLogger - [EXECUTOR-METRICS][BG-Task       [aiTaskExecutor]] threads=0/1 queue=0/500 (0%) completed=1
2026-06-22 16:08:22.544 [scheduling-1] INFO  [txId=] [corrId=] c.d.f.i.m.ExecutorMetricsLogger - [EXECUTOR-METRICS][RT-Emotion    [realtimeEmotionExecutor]] threads=0/0 queue=0/30 (0%) completed=0
2026-06-22 16:08:22.544 [scheduling-1] INFO  [txId=] [corrId=] c.d.f.i.m.ExecutorMetricsLogger - [EXECUTOR-METRICS][BioVerify     [biometricVerifyExecutor]] threads=0/1 queue=0/50 (0%) completed=1
2026-06-22 16:08:52.541 [scheduling-1] INFO  [txId=] [corrId=] c.d.f.i.m.ExecutorMetricsLogger - [EXECUTOR-METRICS][BG-Task       [aiTaskExecutor]] threads=0/1 queue=0/500 (0%) completed=1
2026-06-22 16:08:52.542 [scheduling-1] INFO  [txId=] [corrId=] c.d.f.i.m.ExecutorMetricsLogger - [EXECUTOR-METRICS][RT-Emotion    [realtimeEmotionExecutor]] threads=0/0 queue=0/30 (0%) completed=0
2026-06-22 16:08:52.542 [scheduling-1] INFO  [txId=] [corrId=] c.d.f.i.m.ExecutorMetricsLogger - [EXECUTOR-METRICS][BioVerify     [biometricVerifyExecutor]] threads=0/1 queue=0/50 (0%) completed=1
2026-06-22 16:09:22.553 [scheduling-1] INFO  [txId=] [corrId=] c.d.f.i.m.ExecutorMetricsLogger - [EXECUTOR-METRICS][BG-Task       [aiTaskExecutor]] threads=0/1 queue=0/500 (0%) completed=1
2026-06-22 16:09:22.553 [scheduling-1] INFO  [txId=] [corrId=] c.d.f.i.m.ExecutorMetricsLogger - [EXECUTOR-METRICS][RT-Emotion    [realtimeEmotionExecutor]] threads=0/0 queue=0/30 (0%) completed=0
2026-06-22 16:09:22.553 [scheduling-1] INFO  [txId=] [corrId=] c.d.f.i.m.ExecutorMetricsLogger - [EXECUTOR-METRICS][BioVerify     [biometricVerifyExecutor]] threads=0/1 queue=0/50 (0%) completed=1
2026-06-22 16:09:52.537 [scheduling-1] INFO  [txId=] [corrId=] c.d.f.i.m.ExecutorMetricsLogger - [EXECUTOR-METRICS][BG-Task       [aiTaskExecutor]] threads=0/1 queue=0/500 (0%) completed=1
2026-06-22 16:09:52.537 [scheduling-1] INFO  [txId=] [corrId=] c.d.f.i.m.ExecutorMetricsLogger - [EXECUTOR-METRICS][RT-Emotion    [realtimeEmotionExecutor]] threads=0/0 queue=0/30 (0%) completed=0
2026-06-22 16:09:52.537 [scheduling-1] INFO  [txId=] [corrId=] c.d.f.i.m.ExecutorMetricsLogger - [EXECUTOR-METRICS][BioVerify     [biometricVerifyExecutor]] threads=0/1 queue=0/50 (0%) completed=1
2026-06-22 16:10:22.538 [scheduling-1] INFO  [txId=] [corrId=] c.d.f.i.m.ExecutorMetricsLogger - [EXECUTOR-METRICS][BG-Task       [aiTaskExecutor]] threads=0/1 queue=0/500 (0%) completed=1
2026-06-22 16:10:22.538 [scheduling-1] INFO  [txId=] [corrId=] c.d.f.i.m.ExecutorMetricsLogger - [EXECUTOR-METRICS][RT-Emotion    [realtimeEmotionExecutor]] threads=0/0 queue=0/30 (0%) completed=0
2026-06-22 16:10:22.539 [scheduling-1] INFO  [txId=] [corrId=] c.d.f.i.m.ExecutorMetricsLogger - [EXECUTOR-METRICS][BioVerify     [biometricVerifyExecutor]] threads=0/1 queue=0/50 (0%) completed=1
2026-06-22 16:10:26.363 [SpringApplicationShutdownHook] INFO  [txId=] [corrId=] o.s.b.w.e.tomcat.GracefulShutdown - Commencing graceful shutdown. Waiting for active requests to complete
2026-06-22 16:10:26.387 [tomcat-shutdown] INFO  [txId=] [corrId=] o.s.b.w.e.tomcat.GracefulShutdown - Graceful shutdown complete
2026-06-22 16:10:26.443 [SpringApplicationShutdownHook] INFO  [txId=] [corrId=] o.s.o.j.LocalContainerEntityManagerFactoryBean - Closing JPA EntityManagerFactory for persistence unit 'default'
2026-06-22 16:10:26.453 [SpringApplicationShutdownHook] INFO  [txId=] [corrId=] com.zaxxer.hikari.HikariDataSource - HikariPool-1 - Shutdown initiated...
2026-06-22 16:10:26.457 [SpringApplicationShutdownHook] INFO  [txId=] [corrId=] com.zaxxer.hikari.HikariDataSource - HikariPool-1 - Shutdown completed.
2026-06-22 16:10:44.816 [main] INFO  [txId=] [corrId=] com.datn.finrisk.FinriskApplication - Starting FinriskApplication using Java 22.0.1 with PID 30664 (C:\Users\thach\fin-risk-system\backend\finrisk\target\classes started by thach in C:\Users\thach\fin-risk-system\backend\finrisk)
2026-06-22 16:10:44.817 [main] DEBUG [txId=] [corrId=] com.datn.finrisk.FinriskApplication - Running with Spring Boot v3.5.13, Spring v6.2.17
2026-06-22 16:10:44.818 [main] INFO  [txId=] [corrId=] com.datn.finrisk.FinriskApplication - No active profile set, falling back to 1 default profile: "default"
2026-06-22 16:10:45.921 [main] INFO  [txId=] [corrId=] o.s.d.r.c.RepositoryConfigurationDelegate - Multiple Spring Data modules found, entering strict repository configuration mode
2026-06-22 16:10:45.923 [main] INFO  [txId=] [corrId=] o.s.d.r.c.RepositoryConfigurationDelegate - Bootstrapping Spring Data JPA repositories in DEFAULT mode.
2026-06-22 16:10:46.145 [main] INFO  [txId=] [corrId=] o.s.d.r.c.RepositoryConfigurationDelegate - Finished Spring Data repository scanning in 211 ms. Found 18 JPA repository interfaces.
2026-06-22 16:10:46.164 [main] INFO  [txId=] [corrId=] o.s.d.r.c.RepositoryConfigurationDelegate - Multiple Spring Data modules found, entering strict repository configuration mode
2026-06-22 16:10:46.166 [main] INFO  [txId=] [corrId=] o.s.d.r.c.RepositoryConfigurationDelegate - Bootstrapping Spring Data Redis repositories in DEFAULT mode.
2026-06-22 16:10:46.187 [main] INFO  [txId=] [corrId=] o.s.d.r.c.RepositoryConfigurationExtensionSupport - Spring Data Redis - Could not safely identify store assignment for repository candidate interface com.datn.finrisk.core.repository.AccountRepository; If you want this repository to be a Redis repository, consider annotating your entities with one of these annotations: org.springframework.data.redis.core.RedisHash (preferred), or consider extending one of the following types with your repository: org.springframework.data.keyvalue.repository.KeyValueRepository
2026-06-22 16:10:46.187 [main] INFO  [txId=] [corrId=] o.s.d.r.c.RepositoryConfigurationExtensionSupport - Spring Data Redis - Could not safely identify store assignment for repository candidate interface com.datn.finrisk.core.repository.AiScanLogRepository; If you want this repository to be a Redis repository, consider annotating your entities with one of these annotations: org.springframework.data.redis.core.RedisHash (preferred), or consider extending one of the following types with your repository: org.springframework.data.keyvalue.repository.KeyValueRepository
2026-06-22 16:10:46.188 [main] INFO  [txId=] [corrId=] o.s.d.r.c.RepositoryConfigurationExtensionSupport - Spring Data Redis - Could not safely identify store assignment for repository candidate interface com.datn.finrisk.core.repository.AuditLogRepository; If you want this repository to be a Redis repository, consider annotating your entities with one of these annotations: org.springframework.data.redis.core.RedisHash (preferred), or consider extending one of the following types with your repository: org.springframework.data.keyvalue.repository.KeyValueRepository
2026-06-22 16:10:46.188 [main] INFO  [txId=] [corrId=] o.s.d.r.c.RepositoryConfigurationExtensionSupport - Spring Data Redis - Could not safely identify store assignment for repository candidate interface com.datn.finrisk.core.repository.AuthenticationLogRepository; If you want this repository to be a Redis repository, consider annotating your entities with one of these annotations: org.springframework.data.redis.core.RedisHash (preferred), or consider extending one of the following types with your repository: org.springframework.data.keyvalue.repository.KeyValueRepository
2026-06-22 16:10:46.188 [main] INFO  [txId=] [corrId=] o.s.d.r.c.RepositoryConfigurationExtensionSupport - Spring Data Redis - Could not safely identify store assignment for repository candidate interface com.datn.finrisk.core.repository.BiometricSessionRepository; If you want this repository to be a Redis repository, consider annotating your entities with one of these annotations: org.springframework.data.redis.core.RedisHash (preferred), or consider extending one of the following types with your repository: org.springframework.data.keyvalue.repository.KeyValueRepository
2026-06-22 16:10:46.189 [main] INFO  [txId=] [corrId=] o.s.d.r.c.RepositoryConfigurationExtensionSupport - Spring Data Redis - Could not safely identify store assignment for repository candidate interface com.datn.finrisk.core.repository.PeerGroupRepository; If you want this repository to be a Redis repository, consider annotating your entities with one of these annotations: org.springframework.data.redis.core.RedisHash (preferred), or consider extending one of the following types with your repository: org.springframework.data.keyvalue.repository.KeyValueRepository
2026-06-22 16:10:46.189 [main] INFO  [txId=] [corrId=] o.s.d.r.c.RepositoryConfigurationExtensionSupport - Spring Data Redis - Could not safely identify store assignment for repository candidate interface com.datn.finrisk.core.repository.RiskPolicyRepository; If you want this repository to be a Redis repository, consider annotating your entities with one of these annotations: org.springframework.data.redis.core.RedisHash (preferred), or consider extending one of the following types with your repository: org.springframework.data.keyvalue.repository.KeyValueRepository
2026-06-22 16:10:46.190 [main] INFO  [txId=] [corrId=] o.s.d.r.c.RepositoryConfigurationExtensionSupport - Spring Data Redis - Could not safely identify store assignment for repository candidate interface com.datn.finrisk.core.repository.RiskScoreRepository; If you want this repository to be a Redis repository, consider annotating your entities with one of these annotations: org.springframework.data.redis.core.RedisHash (preferred), or consider extending one of the following types with your repository: org.springframework.data.keyvalue.repository.KeyValueRepository
2026-06-22 16:10:46.190 [main] INFO  [txId=] [corrId=] o.s.d.r.c.RepositoryConfigurationExtensionSupport - Spring Data Redis - Could not safely identify store assignment for repository candidate interface com.datn.finrisk.core.repository.RuleRepository; If you want this repository to be a Redis repository, consider annotating your entities with one of these annotations: org.springframework.data.redis.core.RedisHash (preferred), or consider extending one of the following types with your repository: org.springframework.data.keyvalue.repository.KeyValueRepository
2026-06-22 16:10:46.190 [main] INFO  [txId=] [corrId=] o.s.d.r.c.RepositoryConfigurationExtensionSupport - Spring Data Redis - Could not safely identify store assignment for repository candidate interface com.datn.finrisk.core.repository.SystemConfigLogRepository; If you want this repository to be a Redis repository, consider annotating your entities with one of these annotations: org.springframework.data.redis.core.RedisHash (preferred), or consider extending one of the following types with your repository: org.springframework.data.keyvalue.repository.KeyValueRepository
2026-06-22 16:10:46.190 [main] INFO  [txId=] [corrId=] o.s.d.r.c.RepositoryConfigurationExtensionSupport - Spring Data Redis - Could not safely identify store assignment for repository candidate interface com.datn.finrisk.core.repository.TransactionAiInsightRepository; If you want this repository to be a Redis repository, consider annotating your entities with one of these annotations: org.springframework.data.redis.core.RedisHash (preferred), or consider extending one of the following types with your repository: org.springframework.data.keyvalue.repository.KeyValueRepository
2026-06-22 16:10:46.192 [main] INFO  [txId=] [corrId=] o.s.d.r.c.RepositoryConfigurationExtensionSupport - Spring Data Redis - Could not safely identify store assignment for repository candidate interface com.datn.finrisk.core.repository.TransactionLedgerRepository; If you want this repository to be a Redis repository, consider annotating your entities with one of these annotations: org.springframework.data.redis.core.RedisHash (preferred), or consider extending one of the following types with your repository: org.springframework.data.keyvalue.repository.KeyValueRepository
2026-06-22 16:10:46.192 [main] INFO  [txId=] [corrId=] o.s.d.r.c.RepositoryConfigurationExtensionSupport - Spring Data Redis - Could not safely identify store assignment for repository candidate interface com.datn.finrisk.core.repository.TransactionRepository; If you want this repository to be a Redis repository, consider annotating your entities with one of these annotations: org.springframework.data.redis.core.RedisHash (preferred), or consider extending one of the following types with your repository: org.springframework.data.keyvalue.repository.KeyValueRepository
2026-06-22 16:10:46.192 [main] INFO  [txId=] [corrId=] o.s.d.r.c.RepositoryConfigurationExtensionSupport - Spring Data Redis - Could not safely identify store assignment for repository candidate interface com.datn.finrisk.core.repository.UserBehaviorProfileRepository; If you want this repository to be a Redis repository, consider annotating your entities with one of these annotations: org.springframework.data.redis.core.RedisHash (preferred), or consider extending one of the following types with your repository: org.springframework.data.keyvalue.repository.KeyValueRepository
2026-06-22 16:10:46.192 [main] INFO  [txId=] [corrId=] o.s.d.r.c.RepositoryConfigurationExtensionSupport - Spring Data Redis - Could not safely identify store assignment for repository candidate interface com.datn.finrisk.core.repository.UserContactRepository; If you want this repository to be a Redis repository, consider annotating your entities with one of these annotations: org.springframework.data.redis.core.RedisHash (preferred), or consider extending one of the following types with your repository: org.springframework.data.keyvalue.repository.KeyValueRepository
2026-06-22 16:10:46.192 [main] INFO  [txId=] [corrId=] o.s.d.r.c.RepositoryConfigurationExtensionSupport - Spring Data Redis - Could not safely identify store assignment for repository candidate interface com.datn.finrisk.core.repository.UserDeviceRepository; If you want this repository to be a Redis repository, consider annotating your entities with one of these annotations: org.springframework.data.redis.core.RedisHash (preferred), or consider extending one of the following types with your repository: org.springframework.data.keyvalue.repository.KeyValueRepository
2026-06-22 16:10:46.193 [main] INFO  [txId=] [corrId=] o.s.d.r.c.RepositoryConfigurationExtensionSupport - Spring Data Redis - Could not safely identify store assignment for repository candidate interface com.datn.finrisk.core.repository.UserRepository; If you want this repository to be a Redis repository, consider annotating your entities with one of these annotations: org.springframework.data.redis.core.RedisHash (preferred), or consider extending one of the following types with your repository: org.springframework.data.keyvalue.repository.KeyValueRepository
2026-06-22 16:10:46.193 [main] INFO  [txId=] [corrId=] o.s.d.r.c.RepositoryConfigurationExtensionSupport - Spring Data Redis - Could not safely identify store assignment for repository candidate interface com.datn.finrisk.core.repository.UserSecurityRepository; If you want this repository to be a Redis repository, consider annotating your entities with one of these annotations: org.springframework.data.redis.core.RedisHash (preferred), or consider extending one of the following types with your repository: org.springframework.data.keyvalue.repository.KeyValueRepository
2026-06-22 16:10:46.193 [main] INFO  [txId=] [corrId=] o.s.d.r.c.RepositoryConfigurationDelegate - Finished Spring Data repository scanning in 16 ms. Found 0 Redis repository interfaces.
2026-06-22 16:10:47.260 [main] INFO  [txId=] [corrId=] o.s.b.w.e.tomcat.TomcatWebServer - Tomcat initialized with port 8081 (http)
2026-06-22 16:10:47.280 [main] INFO  [txId=] [corrId=] o.a.catalina.core.StandardService - Starting service [Tomcat]
2026-06-22 16:10:47.281 [main] INFO  [txId=] [corrId=] o.a.catalina.core.StandardEngine - Starting Servlet engine: [Apache Tomcat/10.1.53]
2026-06-22 16:10:47.389 [main] INFO  [txId=] [corrId=] o.a.c.c.C.[Tomcat].[localhost].[/] - Initializing Spring embedded WebApplicationContext
2026-06-22 16:10:47.389 [main] INFO  [txId=] [corrId=] o.s.b.w.s.c.ServletWebServerApplicationContext - Root WebApplicationContext: initialization completed in 2527 ms
2026-06-22 16:10:47.657 [main] INFO  [txId=] [corrId=] o.h.jpa.internal.util.LogHelper - HHH000204: Processing PersistenceUnitInfo [name: default]
2026-06-22 16:10:47.738 [main] INFO  [txId=] [corrId=] org.hibernate.Version - HHH000412: Hibernate ORM core version 6.6.45.Final
2026-06-22 16:10:47.800 [main] INFO  [txId=] [corrId=] o.h.c.i.RegionFactoryInitiator - HHH000026: Second-level cache disabled
2026-06-22 16:10:47.937 [main] INFO  [txId=] [corrId=] com.zaxxer.hikari.HikariDataSource - HikariPool-1 - Starting...
2026-06-22 16:10:48.136 [main] INFO  [txId=] [corrId=] com.zaxxer.hikari.pool.HikariPool - HikariPool-1 - Added connection com.mysql.cj.jdbc.ConnectionImpl@6f7b8ae1
2026-06-22 16:10:48.138 [main] INFO  [txId=] [corrId=] com.zaxxer.hikari.HikariDataSource - HikariPool-1 - Start completed.
2026-06-22 16:10:48.234 [main] WARN  [txId=] [corrId=] org.hibernate.orm.deprecation - HHH90000025: MySQLDialect does not need to be specified explicitly using 'hibernate.dialect' (remove the property setting and it will be selected by default)
2026-06-22 16:10:48.257 [main] INFO  [txId=] [corrId=] o.hibernate.orm.connections.pooling - HHH10001005: Database info:
	Database JDBC URL [Connecting through datasource 'HikariDataSource (HikariPool-1)']
	Database driver: undefined/unknown
	Database version: 8.0.42
	Autocommit mode: undefined/unknown
	Isolation level: undefined/unknown
	Minimum pool size: undefined/unknown
	Maximum pool size: undefined/unknown
2026-06-22 16:10:48.525 [main] INFO  [txId=] [corrId=] o.s.o.j.p.SpringPersistenceUnitInfo - No LoadTimeWeaver setup: ignoring JPA class transformer
2026-06-22 16:10:49.867 [main] INFO  [txId=] [corrId=] o.h.e.t.j.p.i.JtaPlatformInitiator - HHH000489: No JTA platform available (set 'hibernate.transaction.jta.platform' to enable JTA platform integration)
2026-06-22 16:10:50.062 [main] INFO  [txId=] [corrId=] o.s.o.j.LocalContainerEntityManagerFactoryBean - Initialized JPA EntityManagerFactory for persistence unit 'default'
2026-06-22 16:10:50.412 [main] INFO  [txId=] [corrId=] o.s.d.j.r.query.QueryEnhancerFactory - Hibernate is in classpath; If applicable, HQL parser will be used.
2026-06-22 16:10:51.835 [main] DEBUG [txId=] [corrId=] c.d.f.i.config.CorrelationIdFilter - Filter 'correlationIdFilter' configured for use
2026-06-22 16:10:51.836 [main] DEBUG [txId=] [corrId=] c.d.f.core.security.JwtAuthFilter - Filter 'jwtAuthFilter' configured for use
2026-06-22 16:10:53.344 [main] WARN  [txId=] [corrId=] o.s.b.a.o.j.JpaBaseConfiguration$JpaWebConfiguration - spring.jpa.open-in-view is enabled by default. Therefore, database queries may be performed during view rendering. Explicitly configure spring.jpa.open-in-view to disable this warning
2026-06-22 16:10:53.386 [main] INFO  [txId=] [corrId=] c.d.f.i.config.WebSocketConfig - [WS-CONFIG] Registering handler at /ws/emotion-stream
2026-06-22 16:10:53.388 [main] INFO  [txId=] [corrId=] c.d.f.i.config.WebSocketConfig - [WS-CONFIG] Registering handler at /ws/voice-stream
2026-06-22 16:10:53.704 [main] WARN  [txId=] [corrId=] o.s.b.a.s.s.UserDetailsServiceAutoConfiguration - 

Using generated security password: 671f3779-36d3-471f-8674-2058758c53ff

This generated password is for development use only. Your security configuration must be updated before running your application in production.

2026-06-22 16:10:53.719 [main] INFO  [txId=] [corrId=] o.s.s.c.a.a.c.InitializeUserDetailsBeanManagerConfigurer$InitializeUserDetailsManagerConfigurer - Global AuthenticationManager configured with UserDetailsService bean with name inMemoryUserDetailsManager
2026-06-22 16:10:55.193 [main] INFO  [txId=] [corrId=] o.s.b.w.e.tomcat.TomcatWebServer - Tomcat started on port 8081 (http) with context path '/'
2026-06-22 16:10:55.211 [main] INFO  [txId=] [corrId=] com.datn.finrisk.FinriskApplication - Started FinriskApplication in 10.979 seconds (process running for 11.381)
2026-06-22 16:10:55.344 [scheduling-1] INFO  [txId=] [corrId=] c.d.f.i.a.PerformanceTracerAspect - [TRACE-JAVA] com.datn.finrisk.core.repository.BiometricSessionRepository.deleteByExpiresAtBefore() executed in 108 ms
2026-06-22 16:10:55.344 [scheduling-1] INFO  [txId=] [corrId=] c.d.f.w.w.BiometricSessionCleanupScheduler - [BIOMETRIC-SCHEDULER] Expired biometric sessions purged from DB
2026-06-22 16:10:55.349 [scheduling-1] INFO  [txId=] [corrId=] c.d.f.w.w.WebSocketMetricsLogger - [WS-METRICS] active_sessions=0 total_buffered_frames=0 total_buffer_size={ Milan}MB
2026-06-22 16:10:55.398 [scheduling-1] INFO  [txId=] [corrId=] c.d.f.i.a.PerformanceTracerAspect - [TRACE-JAVA] com.datn.finrisk.core.repository.TransactionRepository.findStaleUnderReviewIds() executed in 47 ms
2026-06-22 16:10:55.405 [scheduling-1] INFO  [txId=] [corrId=] c.d.f.i.a.PerformanceTracerAspect - [TRACE-JAVA] com.datn.finrisk.core.repository.TransactionRepository.findStalledTransactionIds() executed in 7 ms
2026-06-22 16:10:58.555 [http-nio-8081-exec-1] INFO  [txId=] [corrId=] o.a.c.c.C.[Tomcat].[localhost].[/] - Initializing Spring DispatcherServlet 'dispatcherServlet'
2026-06-22 16:10:58.556 [http-nio-8081-exec-1] INFO  [txId=] [corrId=] o.s.web.servlet.DispatcherServlet - Initializing Servlet 'dispatcherServlet'
2026-06-22 16:10:58.557 [http-nio-8081-exec-1] INFO  [txId=] [corrId=] o.s.web.servlet.DispatcherServlet - Completed initialization in 1 ms
2026-06-22 16:10:59.143 [http-nio-8081-exec-2] INFO  [txId=] [corrId=e83448e09720] c.d.f.i.a.PerformanceTracerAspect - [TRACE-JAVA] com.datn.finrisk.core.services.RateLimitService.isLoginBlocked() executed in 451 ms
2026-06-22 16:10:59.144 [http-nio-8081-exec-2] INFO  [txId=] [corrId=e83448e09720] c.d.f.core.services.AuthService - === BẮT ĐẦU XỬ LÝ LOGIN CHO USER: congnhan_b ===
2026-06-22 16:10:59.209 [http-nio-8081-exec-2] INFO  [txId=] [corrId=e83448e09720] c.d.f.i.a.PerformanceTracerAspect - [TRACE-JAVA] com.datn.finrisk.core.repository.UserRepository.findByUsername() executed in 64 ms
2026-06-22 16:10:59.210 [http-nio-8081-exec-2] INFO  [txId=] [corrId=e83448e09720] c.d.f.core.services.AuthService - 🔍 ĐANG SO SÁNH MẬT KHẨU...
2026-06-22 16:10:59.294 [http-nio-8081-exec-2] DEBUG [txId=] [corrId=e83448e09720] c.d.f.core.services.AuthService - 🎯 KẾT QUẢ SO SÁNH: true
2026-06-22 16:10:59.311 [http-nio-8081-exec-2] INFO  [txId=] [corrId=e83448e09720] c.d.f.i.a.PerformanceTracerAspect - [TRACE-JAVA] com.datn.finrisk.core.repository.AccountRepository.findByUserId() executed in 16 ms
2026-06-22 16:10:59.312 [http-nio-8081-exec-2] INFO  [txId=] [corrId=e83448e09720] c.d.f.core.services.AuthService - ✅ LOGIN THÀNH CÔNG CHO USER: congnhan_b
2026-06-22 16:10:59.312 [http-nio-8081-exec-2] INFO  [txId=] [corrId=e83448e09720] c.d.f.i.a.PerformanceTracerAspect - [TRACE-JAVA] com.datn.finrisk.core.services.AuthService.login() executed in 168 ms
2026-06-22 16:10:59.314 [http-nio-8081-exec-2] INFO  [txId=] [corrId=e83448e09720] c.d.f.i.a.PerformanceTracerAspect - [TRACE-JAVA] com.datn.finrisk.core.services.RateLimitService.clearLoginAttempts() executed in 1 ms
2026-06-22 16:10:59.323 [http-nio-8081-exec-2] INFO  [txId=] [corrId=e83448e09720] c.d.f.i.a.PerformanceTracerAspect - [TRACE-JAVA] com.datn.finrisk.core.repository.UserDeviceRepository.findByUserIdAndDeviceFingerprint() executed in 6 ms
2026-06-22 16:10:59.386 [http-nio-8081-exec-2] INFO  [txId=] [corrId=e83448e09720] c.d.f.core.services.AuditLogService - [AUDIT] action=LOGIN_SUCCESS user=congnhan_b
2026-06-22 16:10:59.386 [http-nio-8081-exec-2] INFO  [txId=] [corrId=e83448e09720] c.d.f.i.a.PerformanceTracerAspect - [TRACE-JAVA] com.datn.finrisk.core.services.AuditLogService.logAction() executed in 61 ms
2026-06-22 16:10:59.522 [http-nio-8081-exec-2] INFO  [txId=] [corrId=e83448e09720] c.d.f.i.a.PerformanceTracerAspect - [TRACE-JAVA] com.datn.finrisk.core.repository.UserDeviceRepository.findByUserIdAndDeviceFingerprint() executed in 2 ms
2026-06-22 16:10:59.538 [http-nio-8081-exec-2] INFO  [txId=] [corrId=e83448e09720] c.d.f.i.a.PerformanceTracerAspect - [TRACE-JAVA] com.datn.finrisk.core.repository.AccountRepository.findByUser() executed in 5 ms
2026-06-22 16:10:59.538 [http-nio-8081-exec-2] DEBUG [txId=] [corrId=e83448e09720] c.d.f.web.controllers.AuthController - [AUTH] Account linked user=congnhan_b account=CN_MAIN_001
2026-06-22 16:10:59.541 [http-nio-8081-exec-2] INFO  [txId=] [corrId=e83448e09720] c.d.f.i.a.PerformanceTracerAspect - [TRACE-JAVA] com.datn.finrisk.web.controllers.AuthController.login() executed in 850 ms
2026-06-22 16:11:00.722 [http-nio-8081-exec-7] INFO  [txId=] [corrId=534fb6b91313] c.d.f.i.a.PerformanceTracerAspect - [TRACE-JAVA] com.datn.finrisk.core.services.JwtBlocklistService.isBlocked() executed in 3 ms
2026-06-22 16:11:00.722 [http-nio-8081-exec-6] INFO  [txId=] [corrId=6da9db32bb35] c.d.f.i.a.PerformanceTracerAspect - [TRACE-JAVA] com.datn.finrisk.core.services.JwtBlocklistService.isBlocked() executed in 3 ms
2026-06-22 16:11:00.754 [http-nio-8081-exec-6] INFO  [txId=] [corrId=6da9db32bb35] c.d.f.i.a.PerformanceTracerAspect - [TRACE-JAVA] com.datn.finrisk.core.repository.TransactionLedgerRepository.findRecentDebitsWithTransaction() executed in 26 ms
2026-06-22 16:11:00.763 [http-nio-8081-exec-6] INFO  [txId=] [corrId=6da9db32bb35] c.d.f.i.a.PerformanceTracerAspect - [TRACE-JAVA] com.datn.finrisk.core.repository.AccountRepository.findAccountNumbersAndNames() executed in 6 ms
2026-06-22 16:11:00.764 [http-nio-8081-exec-6] INFO  [txId=] [corrId=6da9db32bb35] c.d.f.i.a.PerformanceTracerAspect - [TRACE-JAVA] com.datn.finrisk.web.controllers.TransactionController.getRecentRecipients() executed in 37 ms
2026-06-22 16:11:00.772 [http-nio-8081-exec-7] INFO  [txId=] [corrId=534fb6b91313] c.d.f.i.a.PerformanceTracerAspect - [TRACE-JAVA] com.datn.finrisk.web.controllers.UserController.getContacts() executed in 45 ms
2026-06-22 16:11:00.772 [http-nio-8081-exec-8] INFO  [txId=] [corrId=ac29c4e61e2d] c.d.f.i.a.PerformanceTracerAspect - [TRACE-JAVA] com.datn.finrisk.core.services.JwtBlocklistService.isBlocked() executed in 1 ms
2026-06-22 16:11:00.779 [http-nio-8081-exec-9] INFO  [txId=] [corrId=b725102028f3] c.d.f.i.a.PerformanceTracerAspect - [TRACE-JAVA] com.datn.finrisk.core.services.JwtBlocklistService.isBlocked() executed in 2 ms
2026-06-22 16:11:00.782 [http-nio-8081-exec-8] INFO  [txId=] [corrId=ac29c4e61e2d] c.d.f.i.a.PerformanceTracerAspect - [TRACE-JAVA] com.datn.finrisk.core.repository.TransactionLedgerRepository.findRecentDebitsWithTransaction() executed in 7 ms
2026-06-22 16:11:00.785 [http-nio-8081-exec-8] INFO  [txId=] [corrId=ac29c4e61e2d] c.d.f.i.a.PerformanceTracerAspect - [TRACE-JAVA] com.datn.finrisk.core.repository.AccountRepository.findAccountNumbersAndNames() executed in 2 ms
2026-06-22 16:11:00.785 [http-nio-8081-exec-8] INFO  [txId=] [corrId=ac29c4e61e2d] c.d.f.i.a.PerformanceTracerAspect - [TRACE-JAVA] com.datn.finrisk.web.controllers.TransactionController.getRecentRecipients() executed in 10 ms
2026-06-22 16:11:00.789 [http-nio-8081-exec-9] INFO  [txId=] [corrId=b725102028f3] c.d.f.i.a.PerformanceTracerAspect - [TRACE-JAVA] com.datn.finrisk.web.controllers.UserController.getContacts() executed in 7 ms
2026-06-22 16:11:08.571 [http-nio-8081-exec-1] INFO  [txId=] [corrId=c838bc700b6d] c.d.f.i.a.PerformanceTracerAspect - [TRACE-JAVA] com.datn.finrisk.core.services.JwtBlocklistService.isBlocked() executed in 1 ms
2026-06-22 16:11:08.583 [http-nio-8081-exec-1] INFO  [txId=] [corrId=c838bc700b6d] c.d.f.i.a.PerformanceTracerAspect - [TRACE-JAVA] com.datn.finrisk.core.repository.AccountRepository.findFullNameByAccountNumber() executed in 4 ms
2026-06-22 16:11:08.584 [http-nio-8081-exec-1] INFO  [txId=] [corrId=c838bc700b6d] c.d.f.i.a.PerformanceTracerAspect - [TRACE-JAVA] com.datn.finrisk.web.controllers.TransactionController.lookupAccountName() executed in 5 ms
2026-06-22 16:11:09.574 [http-nio-8081-exec-3] INFO  [txId=] [corrId=b1660d6746a3] c.d.f.i.a.PerformanceTracerAspect - [TRACE-JAVA] com.datn.finrisk.core.services.JwtBlocklistService.isBlocked() executed in 1 ms
2026-06-22 16:11:09.634 [http-nio-8081-exec-3] INFO  [txId=] [corrId=b1660d6746a3] c.d.f.i.a.PerformanceTracerAspect - [TRACE-JAVA] com.datn.finrisk.core.repository.AccountRepository.findByIdWithUserAndSecurity() executed in 9 ms
2026-06-22 16:11:09.640 [http-nio-8081-exec-3] INFO  [txId=] [corrId=b1660d6746a3] c.d.f.i.a.PerformanceTracerAspect - [TRACE-JAVA] com.datn.finrisk.core.repository.AccountRepository.findByIdWithUserAndSecurity() executed in 4 ms
2026-06-22 16:11:09.665 [http-nio-8081-exec-3] INFO  [txId=] [corrId=b1660d6746a3] c.d.f.i.a.PerformanceTracerAspect - [TRACE-JAVA] com.datn.finrisk.core.repository.TransactionLedgerRepository.existsByAccountIdAndToAccountNumber() executed in 25 ms
2026-06-22 16:11:09.668 [http-nio-8081-exec-3] DEBUG [txId=] [corrId=b1660d6746a3] c.d.f.c.s.RiskEvaluationService - [RISK-ENGINE][START] tx=null evaluating risk
2026-06-22 16:11:09.674 [http-nio-8081-exec-3] INFO  [txId=] [corrId=b1660d6746a3] c.d.f.i.a.PerformanceTracerAspect - [TRACE-JAVA] com.datn.finrisk.core.repository.RuleRepository.findByIsActiveTrue() executed in 6 ms
2026-06-22 16:11:09.681 [http-nio-8081-exec-3] INFO  [txId=] [corrId=b1660d6746a3] c.d.f.i.a.PerformanceTracerAspect - [TRACE-JAVA] com.datn.finrisk.core.repository.TransactionRepository.countRecentTransactions() executed in 5 ms
2026-06-22 16:11:09.687 [http-nio-8081-exec-3] INFO  [txId=] [corrId=b1660d6746a3] c.d.f.i.a.PerformanceTracerAspect - [TRACE-JAVA] com.datn.finrisk.core.repository.TransactionRepository.sumSuccessfulAmountToday() executed in 5 ms
2026-06-22 16:11:09.719 [http-nio-8081-exec-3] INFO  [txId=] [corrId=b1660d6746a3] c.d.f.i.a.PerformanceTracerAspect - [TRACE-JAVA] com.datn.finrisk.core.services.BehavioralProfilingService.calculateBehavioralAnomalyScore() executed in 31 ms
2026-06-22 16:11:09.725 [http-nio-8081-exec-3] INFO  [txId=] [corrId=b1660d6746a3] c.d.f.i.a.PerformanceTracerAspect - [TRACE-JAVA] com.datn.finrisk.core.repository.UserDeviceRepository.findByUserIdAndDeviceFingerprint() executed in 4 ms
2026-06-22 16:11:09.725 [http-nio-8081-exec-3] DEBUG [txId=] [corrId=b1660d6746a3] c.d.f.c.s.RiskEvaluationService - [RISK-ENGINE][CTX] tx=null amount=10000000 deviceTrusted=true isNewRecipient=false suspiciousSession=false isNightTime=false recentTxCount=0 balanceRatio=0.012 dailyTotalAmount=130000000
2026-06-22 16:11:09.733 [http-nio-8081-exec-3] DEBUG [txId=] [corrId=b1660d6746a3] c.d.f.c.s.RiskEvaluationService - [RISK-ENGINE][RULE-HIT] tx=null rule='Tuân thủ QĐ 2345/NHNN' id=7 cat=FINANCIAL score=0
2026-06-22 16:11:09.734 [http-nio-8081-exec-3] DEBUG [txId=] [corrId=b1660d6746a3] c.d.f.c.s.RiskEvaluationService - [RISK-ENGINE][RULE-HIT] tx=null rule='Hạn mức tích lũy ngày cao' id=11 cat=FINANCIAL score=40
2026-06-22 16:11:09.734 [http-nio-8081-exec-3] DEBUG [txId=] [corrId=b1660d6746a3] c.d.f.c.s.RiskEvaluationService - [RISK-ENGINE][AI] tx=null txCount=371 behavioralScore=40 reliability=1.00 contribution=14
2026-06-22 16:11:09.736 [http-nio-8081-exec-3] INFO  [txId=] [corrId=b1660d6746a3] c.d.f.c.s.RiskEvaluationService - [RISK-ENGINE][RESULT] tx=null final=54 cat_total=40 ai=14 cats={FINANCIAL=40} override=MEDIUM_2
2026-06-22 16:11:09.736 [http-nio-8081-exec-3] INFO  [txId=] [corrId=b1660d6746a3] c.d.f.i.a.PerformanceTracerAspect - [TRACE-JAVA] com.datn.finrisk.core.services.RiskEvaluationService.evaluateRisk() executed in 70 ms
2026-06-22 16:11:09.749 [http-nio-8081-exec-3] DEBUG [txId=] [corrId=b1660d6746a3] c.d.f.c.services.TransactionService - Transaction saved: id=4853
2026-06-22 16:11:09.755 [http-nio-8081-exec-3] DEBUG [txId=] [corrId=b1660d6746a3] c.d.f.c.services.TransactionService - Saved 1 risk score(s) for tx=4853
2026-06-22 16:11:09.765 [http-nio-8081-exec-3] DEBUG [txId=] [corrId=b1660d6746a3] c.d.f.c.services.TransactionService - Saved 5 AI insight(s) for tx=4853
2026-06-22 16:11:09.776 [http-nio-8081-exec-3] INFO  [txId=] [corrId=b1660d6746a3] c.d.f.i.a.PerformanceTracerAspect - [TRACE-JAVA] com.datn.finrisk.core.repository.RiskPolicyRepository.findByScore() executed in 10 ms
2026-06-22 16:11:09.781 [http-nio-8081-exec-3] INFO  [txId=] [corrId=b1660d6746a3] c.d.f.i.a.PerformanceTracerAspect - [TRACE-JAVA] com.datn.finrisk.core.repository.RiskPolicyRepository.findByRiskLevel() executed in 4 ms
2026-06-22 16:11:09.781 [http-nio-8081-exec-3] INFO  [txId=] [corrId=b1660d6746a3] c.d.f.c.services.TransactionService - Risk evaluation: score=54 level=MEDIUM_2 desc=Duyệt bằng PIN + OTP + Quét Mặt Tĩnh (QĐ 2345)
2026-06-22 16:11:09.783 [http-nio-8081-exec-3] INFO  [txId=] [corrId=b1660d6746a3] c.d.f.i.a.PerformanceTracerAspect - [TRACE-JAVA] com.datn.finrisk.core.strategies.BasicFaceActionStrategy.execute() executed in 2 ms
2026-06-22 16:11:09.783 [http-nio-8081-exec-3] INFO  [txId=] [corrId=b1660d6746a3] c.d.f.i.a.PerformanceTracerAspect - [TRACE-JAVA] com.datn.finrisk.core.services.TransactionService.initiateTransaction() executed in 148 ms
2026-06-22 16:11:09.799 [http-nio-8081-exec-3] INFO  [txId=] [corrId=b1660d6746a3] c.d.f.core.services.AuditLogService - [AUDIT] action=TRANSACTION_INITIATED user=congnhan_b
2026-06-22 16:11:09.799 [http-nio-8081-exec-3] INFO  [txId=] [corrId=b1660d6746a3] c.d.f.i.a.PerformanceTracerAspect - [TRACE-JAVA] com.datn.finrisk.core.services.AuditLogService.logAction() executed in 6 ms
2026-06-22 16:11:09.799 [http-nio-8081-exec-3] INFO  [txId=] [corrId=b1660d6746a3] c.d.f.i.a.PerformanceTracerAspect - [TRACE-JAVA] com.datn.finrisk.web.controllers.TransactionController.processTransaction() executed in 175 ms
2026-06-22 16:11:11.252 [http-nio-8081-exec-4] INFO  [txId=] [corrId=4b133723d3fd] c.d.f.i.a.PerformanceTracerAspect - [TRACE-JAVA] com.datn.finrisk.core.services.JwtBlocklistService.isBlocked() executed in 1 ms
2026-06-22 16:11:11.257 [http-nio-8081-exec-4] INFO  [txId=] [corrId=4b133723d3fd] c.d.f.w.c.TransactionController - 🚨 [BẪY DEBUG] Nhận request verify cho TxID: 4853 - Lúc: 1782119471257
2026-06-22 16:11:11.271 [http-nio-8081-exec-4] INFO  [txId=] [corrId=4b133723d3fd] c.d.f.i.a.PerformanceTracerAspect - [TRACE-JAVA] com.datn.finrisk.core.repository.TransactionRepository.findByIdWithUserSecurity() executed in 13 ms
2026-06-22 16:11:11.346 [http-nio-8081-exec-4] INFO  [txId=] [corrId=4b133723d3fd] c.d.f.i.a.PerformanceTracerAspect - [TRACE-JAVA] com.datn.finrisk.core.services.PinService.verifyPin() executed in 74 ms
2026-06-22 16:11:11.355 [http-nio-8081-exec-4] INFO  [txId=] [corrId=4b133723d3fd] c.d.f.i.a.PerformanceTracerAspect - [TRACE-JAVA] com.datn.finrisk.web.controllers.TransactionController.verifyAndExecute() executed in 98 ms
2026-06-22 16:11:17.629 [http-nio-8081-exec-7] INFO  [txId=] [corrId=8736f972a969] c.d.f.i.a.PerformanceTracerAspect - [TRACE-JAVA] com.datn.finrisk.core.services.JwtBlocklistService.isBlocked() executed in 0 ms
2026-06-22 16:11:17.638 [http-nio-8081-exec-7] INFO  [txId=] [corrId=8736f972a969] c.d.f.w.c.TransactionController - 🚨 [BẪY DEBUG] Nhận request verify cho TxID: 4853 - Lúc: 1782119477638
2026-06-22 16:11:17.647 [http-nio-8081-exec-7] INFO  [txId=] [corrId=8736f972a969] c.d.f.i.a.PerformanceTracerAspect - [TRACE-JAVA] com.datn.finrisk.core.repository.TransactionRepository.findByIdWithUserSecurity() executed in 9 ms
2026-06-22 16:11:17.655 [http-nio-8081-exec-7] INFO  [txId=] [corrId=8736f972a969] c.d.f.i.a.PerformanceTracerAspect - [TRACE-JAVA] com.datn.finrisk.web.controllers.TransactionController.verifyAndExecute() executed in 17 ms
2026-06-22 16:11:17.658 [BioVerify-1] INFO  [txId=] [corrId=8736f972a969] c.d.f.i.a.PerformanceTracerAspect - [TRACE-JAVA] com.datn.finrisk.core.services.FaceEnrollService.parseEmbeddings() executed in 4 ms
2026-06-22 16:11:17.658 [BioVerify-1] INFO  [txId=] [corrId=8736f972a969] c.d.f.c.s.RiskEvaluationService - [FACE-STATIC][START] userId=2002 embeddings=5 frames=3
2026-06-22 16:11:17.658 [BioVerify-1] INFO  [txId=] [corrId=8736f972a969] c.d.f.c.s.RiskEvaluationService - [FACE-STATIC][START] mode=MULTI_EMBEDDING registered=5 frames=3
2026-06-22 16:11:20.042 [BioVerify-1] INFO  [txId=] [corrId=8736f972a969] c.d.f.c.s.RiskEvaluationService - [FACE-STATIC][DONE] elapsed=2384ms matched=true distance=0.257096 band=HIGH backend=insightface/buffalo_l
2026-06-22 16:11:20.042 [BioVerify-1] INFO  [txId=] [corrId=8736f972a969] c.d.f.i.a.PerformanceTracerAspect - [TRACE-JAVA] com.datn.finrisk.core.services.RiskEvaluationService.verifyFaceStaticAsync() executed in 2389 ms
2026-06-22 16:11:20.066 [BioVerify-1] INFO  [txId=] [corrId=8736f972a969] c.d.f.i.a.PerformanceTracerAspect - [TRACE-JAVA] com.datn.finrisk.core.repository.TransactionRepository.claimForExecution() executed in 19 ms
2026-06-22 16:11:20.066 [BioVerify-1] INFO  [txId=] [corrId=8736f972a969] c.d.f.c.services.TransactionService - Transaction execution claimed: id=4853
2026-06-22 16:11:20.094 [BioVerify-1] INFO  [txId=] [corrId=8736f972a969] c.d.f.i.a.PerformanceTracerAspect - [TRACE-JAVA] com.datn.finrisk.core.repository.TransactionLedgerRepository.existsByAccountIdAndToAccountNumber() executed in 5 ms
2026-06-22 16:11:20.110 [BioVerify-1] INFO  [txId=] [corrId=8736f972a969] c.d.f.i.a.PerformanceTracerAspect - [TRACE-JAVA] com.datn.finrisk.core.repository.AccountRepository.findByIdForUpdate() executed in 14 ms
2026-06-22 16:11:20.128 [BioVerify-1] INFO  [txId=] [corrId=8736f972a969] c.d.f.i.a.PerformanceTracerAspect - [TRACE-JAVA] com.datn.finrisk.core.repository.AccountRepository.findByAccountNumberForUpdate() executed in 7 ms
2026-06-22 16:11:20.134 [BioVerify-1] INFO  [txId=] [corrId=8736f972a969] c.d.f.i.a.PerformanceTracerAspect - [TRACE-JAVA] com.datn.finrisk.core.services.TransactionService.executeTransactionCore() executed in 89 ms
2026-06-22 16:11:20.145 [BioVerify-1] INFO  [txId=] [corrId=8736f972a969] c.d.f.core.services.AuditLogService - [AUDIT] action=TX_SUCCESS user=congnhan_b
2026-06-22 16:11:20.145 [BioVerify-1] INFO  [txId=] [corrId=8736f972a969] c.d.f.i.a.PerformanceTracerAspect - [TRACE-JAVA] com.datn.finrisk.core.services.AuditLogService.logAction() executed in 6 ms
2026-06-22 16:11:20.147 [BG-Task-1] INFO  [txId=] [corrId=8736f972a969] c.d.f.i.a.PerformanceTracerAspect - [TRACE-JAVA] com.datn.finrisk.core.repository.UserBehaviorProfileRepository.findByUserId() executed in 7 ms
2026-06-22 16:11:20.167 [BG-Task-1] INFO  [txId=] [corrId=8736f972a969] c.d.f.i.a.PerformanceTracerAspect - [TRACE-JAVA] com.datn.finrisk.core.services.PeerGroupService.updatePeerGroupStats() executed in 16 ms
2026-06-22 16:11:20.168 [BG-Task-1] INFO  [txId=] [corrId=8736f972a969] c.d.f.i.a.PerformanceTracerAspect - [TRACE-JAVA] com.datn.finrisk.core.services.BehaviorLearningService.learnFromTransaction() executed in 31 ms
2026-06-22 16:11:25.225 [scheduling-1] INFO  [txId=] [corrId=] c.d.f.i.m.ExecutorMetricsLogger - [EXECUTOR-METRICS][BG-Task       [aiTaskExecutor]] threads=0/1 queue=0/500 (0%) completed=1
2026-06-22 16:11:25.225 [scheduling-1] INFO  [txId=] [corrId=] c.d.f.i.m.ExecutorMetricsLogger - [EXECUTOR-METRICS][RT-Emotion    [realtimeEmotionExecutor]] threads=0/0 queue=0/30 (0%) completed=0
2026-06-22 16:11:25.226 [scheduling-1] INFO  [txId=] [corrId=] c.d.f.i.m.ExecutorMetricsLogger - [EXECUTOR-METRICS][BioVerify     [biometricVerifyExecutor]] threads=0/1 queue=0/50 (0%) completed=1
2026-06-22 16:11:25.810 [http-nio-8081-exec-1] ERROR [txId=] [corrId=96eb2a845914] c.d.finrisk.core.security.JwtUtils - Token JWT đã hết hạn: JWT expired 1584806 milliseconds ago at 2026-06-22T08:45:01.000Z. Current time: 2026-06-22T09:11:25.806Z. Allowed clock skew: 0 milliseconds.
2026-06-22 16:11:25.823 [http-nio-8081-exec-2] ERROR [txId=] [corrId=5e47fbc0c493] c.d.finrisk.core.security.JwtUtils - Token JWT đã hết hạn: JWT expired 1584822 milliseconds ago at 2026-06-22T08:45:01.000Z. Current time: 2026-06-22T09:11:25.822Z. Allowed clock skew: 0 milliseconds.
2026-06-22 16:11:25.840 [http-nio-8081-exec-4] INFO  [txId=] [corrId=d26d2c5cac10] c.d.f.i.a.PerformanceTracerAspect - [TRACE-JAVA] com.datn.finrisk.core.repository.UserRepository.findByUsername() executed in 5 ms
2026-06-22 16:11:25.840 [http-nio-8081-exec-5] INFO  [txId=] [corrId=3d8e202aed2c] c.d.f.i.a.PerformanceTracerAspect - [TRACE-JAVA] com.datn.finrisk.core.repository.UserRepository.findByUsername() executed in 5 ms
2026-06-22 16:11:25.851 [http-nio-8081-exec-5] INFO  [txId=] [corrId=3d8e202aed2c] c.d.f.i.a.PerformanceTracerAspect - [TRACE-JAVA] com.datn.finrisk.web.controllers.AuthController.refreshToken() executed in 18 ms
2026-06-22 16:11:25.851 [http-nio-8081-exec-4] INFO  [txId=] [corrId=d26d2c5cac10] c.d.f.i.a.PerformanceTracerAspect - [TRACE-JAVA] com.datn.finrisk.web.controllers.AuthController.refreshToken() executed in 18 ms
2026-06-22 16:11:25.859 [http-nio-8081-exec-6] INFO  [txId=] [corrId=09f01c61d7a9] c.d.f.i.a.PerformanceTracerAspect - [TRACE-JAVA] com.datn.finrisk.core.services.JwtBlocklistService.isBlocked() executed in 1 ms
2026-06-22 16:11:25.869 [http-nio-8081-exec-6] INFO  [txId=] [corrId=09f01c61d7a9] c.d.f.i.a.PerformanceTracerAspect - [TRACE-JAVA] com.datn.finrisk.core.repository.TransactionRepository.countTotalTransactions() executed in 4 ms
2026-06-22 16:11:25.876 [http-nio-8081-exec-6] INFO  [txId=] [corrId=09f01c61d7a9] c.d.f.i.a.PerformanceTracerAspect - [TRACE-JAVA] com.datn.finrisk.core.repository.TransactionRepository.countHighRiskTransactions() executed in 6 ms
2026-06-22 16:11:25.886 [http-nio-8081-exec-6] INFO  [txId=] [corrId=09f01c61d7a9] c.d.f.i.a.PerformanceTracerAspect - [TRACE-JAVA] com.datn.finrisk.core.repository.TransactionRepository.sumTotalSuccessfulAmount() executed in 8 ms
2026-06-22 16:11:25.887 [http-nio-8081-exec-6] INFO  [txId=] [corrId=09f01c61d7a9] c.d.f.i.a.PerformanceTracerAspect - [TRACE-JAVA] com.datn.finrisk.web.controllers.AdminController.getDashboardStats() executed in 22 ms
2026-06-22 16:11:25.892 [http-nio-8081-exec-7] INFO  [txId=] [corrId=d4cbce46f357] c.d.f.i.a.PerformanceTracerAspect - [TRACE-JAVA] com.datn.finrisk.core.services.JwtBlocklistService.isBlocked() executed in 1 ms
2026-06-22 16:11:25.897 [http-nio-8081-exec-7] INFO  [txId=] [corrId=d4cbce46f357] c.d.f.i.a.PerformanceTracerAspect - [TRACE-JAVA] com.datn.finrisk.core.repository.TransactionRepository.countTotalTransactions() executed in 2 ms
2026-06-22 16:11:25.899 [http-nio-8081-exec-7] INFO  [txId=] [corrId=d4cbce46f357] c.d.f.i.a.PerformanceTracerAspect - [TRACE-JAVA] com.datn.finrisk.core.repository.TransactionRepository.countHighRiskTransactions() executed in 2 ms
2026-06-22 16:11:25.902 [http-nio-8081-exec-7] INFO  [txId=] [corrId=d4cbce46f357] c.d.f.i.a.PerformanceTracerAspect - [TRACE-JAVA] com.datn.finrisk.core.repository.TransactionRepository.sumTotalSuccessfulAmount() executed in 2 ms
2026-06-22 16:11:25.903 [http-nio-8081-exec-7] INFO  [txId=] [corrId=d4cbce46f357] c.d.f.i.a.PerformanceTracerAspect - [TRACE-JAVA] com.datn.finrisk.web.controllers.AdminController.getDashboardStats() executed in 8 ms
2026-06-22 16:11:27.513 [http-nio-8081-exec-8] INFO  [txId=] [corrId=2d551a844729] c.d.f.i.a.PerformanceTracerAspect - [TRACE-JAVA] com.datn.finrisk.core.services.JwtBlocklistService.isBlocked() executed in 2 ms
2026-06-22 16:11:27.518 [http-nio-8081-exec-8] INFO  [txId=] [corrId=2d551a844729] c.d.f.i.a.PerformanceTracerAspect - [TRACE-JAVA] com.datn.finrisk.core.repository.TransactionRepository.countTotalTransactions() executed in 3 ms
2026-06-22 16:11:27.524 [http-nio-8081-exec-8] INFO  [txId=] [corrId=2d551a844729] c.d.f.i.a.PerformanceTracerAspect - [TRACE-JAVA] com.datn.finrisk.core.repository.TransactionRepository.countHighRiskTransactions() executed in 6 ms
2026-06-22 16:11:27.529 [http-nio-8081-exec-8] INFO  [txId=] [corrId=2d551a844729] c.d.f.i.a.PerformanceTracerAspect - [TRACE-JAVA] com.datn.finrisk.core.repository.TransactionRepository.sumTotalSuccessfulAmount() executed in 5 ms
2026-06-22 16:11:27.529 [http-nio-8081-exec-8] INFO  [txId=] [corrId=2d551a844729] c.d.f.i.a.PerformanceTracerAspect - [TRACE-JAVA] com.datn.finrisk.web.controllers.AdminController.getDashboardStats() executed in 14 ms
2026-06-22 16:11:27.534 [http-nio-8081-exec-9] INFO  [txId=] [corrId=e4f556a327b8] c.d.f.i.a.PerformanceTracerAspect - [TRACE-JAVA] com.datn.finrisk.core.services.JwtBlocklistService.isBlocked() executed in 1 ms
2026-06-22 16:11:27.539 [http-nio-8081-exec-9] INFO  [txId=] [corrId=e4f556a327b8] c.d.f.i.a.PerformanceTracerAspect - [TRACE-JAVA] com.datn.finrisk.core.repository.TransactionRepository.countTotalTransactions() executed in 2 ms
2026-06-22 16:11:27.543 [http-nio-8081-exec-9] INFO  [txId=] [corrId=e4f556a327b8] c.d.f.i.a.PerformanceTracerAspect - [TRACE-JAVA] com.datn.finrisk.core.repository.TransactionRepository.countHighRiskTransactions() executed in 4 ms
2026-06-22 16:11:27.545 [http-nio-8081-exec-9] INFO  [txId=] [corrId=e4f556a327b8] c.d.f.i.a.PerformanceTracerAspect - [TRACE-JAVA] com.datn.finrisk.core.repository.TransactionRepository.sumTotalSuccessfulAmount() executed in 2 ms
2026-06-22 16:11:27.546 [http-nio-8081-exec-9] INFO  [txId=] [corrId=e4f556a327b8] c.d.f.i.a.PerformanceTracerAspect - [TRACE-JAVA] com.datn.finrisk.web.controllers.AdminController.getDashboardStats() executed in 9 ms
2026-06-22 16:11:30.697 [http-nio-8081-exec-1] INFO  [txId=] [corrId=57cb718c4e8b] c.d.f.i.a.PerformanceTracerAspect - [TRACE-JAVA] com.datn.finrisk.core.services.RateLimitService.isLoginBlocked() executed in 2 ms
2026-06-22 16:11:30.697 [http-nio-8081-exec-1] INFO  [txId=] [corrId=57cb718c4e8b] c.d.f.core.services.AuthService - === BẮT ĐẦU XỬ LÝ LOGIN CHO USER: Administrator@gmail.com ===
2026-06-22 16:11:30.702 [http-nio-8081-exec-1] INFO  [txId=] [corrId=57cb718c4e8b] c.d.f.i.a.PerformanceTracerAspect - [TRACE-JAVA] com.datn.finrisk.core.repository.UserRepository.findByUsername() executed in 5 ms
2026-06-22 16:11:30.703 [http-nio-8081-exec-1] INFO  [txId=] [corrId=57cb718c4e8b] c.d.f.core.services.AuthService - 🔍 ĐANG SO SÁNH MẬT KHẨU...
2026-06-22 16:11:30.785 [http-nio-8081-exec-1] DEBUG [txId=] [corrId=57cb718c4e8b] c.d.f.core.services.AuthService - 🎯 KẾT QUẢ SO SÁNH: true
2026-06-22 16:11:30.788 [http-nio-8081-exec-1] INFO  [txId=] [corrId=57cb718c4e8b] c.d.f.i.a.PerformanceTracerAspect - [TRACE-JAVA] com.datn.finrisk.core.repository.AccountRepository.findByUserId() executed in 3 ms
2026-06-22 16:11:30.788 [http-nio-8081-exec-1] INFO  [txId=] [corrId=57cb718c4e8b] c.d.f.core.services.AuthService - ✅ LOGIN THÀNH CÔNG CHO USER: Administrator@gmail.com
2026-06-22 16:11:30.788 [http-nio-8081-exec-1] INFO  [txId=] [corrId=57cb718c4e8b] c.d.f.i.a.PerformanceTracerAspect - [TRACE-JAVA] com.datn.finrisk.core.services.AuthService.login() executed in 91 ms
2026-06-22 16:11:30.789 [http-nio-8081-exec-1] INFO  [txId=] [corrId=57cb718c4e8b] c.d.f.i.a.PerformanceTracerAspect - [TRACE-JAVA] com.datn.finrisk.core.services.RateLimitService.clearLoginAttempts() executed in 1 ms
2026-06-22 16:11:30.794 [http-nio-8081-exec-1] INFO  [txId=] [corrId=57cb718c4e8b] c.d.f.i.a.PerformanceTracerAspect - [TRACE-JAVA] com.datn.finrisk.core.repository.UserDeviceRepository.findByUserIdAndDeviceFingerprint() executed in 4 ms
2026-06-22 16:11:30.799 [http-nio-8081-exec-1] INFO  [txId=] [corrId=57cb718c4e8b] c.d.f.core.services.AuditLogService - [AUDIT] action=LOGIN_SUCCESS user=Administrator@gmail.com
2026-06-22 16:11:30.799 [http-nio-8081-exec-1] INFO  [txId=] [corrId=57cb718c4e8b] c.d.f.i.a.PerformanceTracerAspect - [TRACE-JAVA] com.datn.finrisk.core.services.AuditLogService.logAction() executed in 5 ms
2026-06-22 16:11:30.808 [http-nio-8081-exec-1] INFO  [txId=] [corrId=57cb718c4e8b] c.d.f.i.a.PerformanceTracerAspect - [TRACE-JAVA] com.datn.finrisk.core.repository.UserDeviceRepository.findByUserIdAndDeviceFingerprint() executed in 3 ms
2026-06-22 16:11:30.815 [http-nio-8081-exec-1] INFO  [txId=] [corrId=57cb718c4e8b] c.d.f.i.a.PerformanceTracerAspect - [TRACE-JAVA] com.datn.finrisk.core.repository.AccountRepository.findByUser() executed in 2 ms
2026-06-22 16:11:30.815 [http-nio-8081-exec-1] DEBUG [txId=] [corrId=57cb718c4e8b] c.d.f.web.controllers.AuthController - [AUTH] Account linked user=Administrator@gmail.com account=9999999999
2026-06-22 16:11:30.815 [http-nio-8081-exec-1] INFO  [txId=] [corrId=57cb718c4e8b] c.d.f.i.a.PerformanceTracerAspect - [TRACE-JAVA] com.datn.finrisk.web.controllers.AuthController.login() executed in 120 ms
2026-06-22 16:11:30.839 [http-nio-8081-exec-4] INFO  [txId=] [corrId=104b981bdaa5] c.d.f.i.a.PerformanceTracerAspect - [TRACE-JAVA] com.datn.finrisk.core.services.JwtBlocklistService.isBlocked() executed in 1 ms
2026-06-22 16:11:30.845 [http-nio-8081-exec-4] INFO  [txId=] [corrId=104b981bdaa5] c.d.f.i.a.PerformanceTracerAspect - [TRACE-JAVA] com.datn.finrisk.core.repository.TransactionRepository.countTotalTransactions() executed in 3 ms
2026-06-22 16:11:30.848 [http-nio-8081-exec-4] INFO  [txId=] [corrId=104b981bdaa5] c.d.f.i.a.PerformanceTracerAspect - [TRACE-JAVA] com.datn.finrisk.core.repository.TransactionRepository.countHighRiskTransactions() executed in 3 ms
2026-06-22 16:11:30.853 [http-nio-8081-exec-4] INFO  [txId=] [corrId=104b981bdaa5] c.d.f.i.a.PerformanceTracerAspect - [TRACE-JAVA] com.datn.finrisk.core.repository.TransactionRepository.sumTotalSuccessfulAmount() executed in 4 ms
2026-06-22 16:11:30.854 [http-nio-8081-exec-4] INFO  [txId=] [corrId=104b981bdaa5] c.d.f.i.a.PerformanceTracerAspect - [TRACE-JAVA] com.datn.finrisk.web.controllers.AdminController.getDashboardStats() executed in 12 ms
2026-06-22 16:11:30.861 [http-nio-8081-exec-5] INFO  [txId=] [corrId=3b923c818e1c] c.d.f.i.a.PerformanceTracerAspect - [TRACE-JAVA] com.datn.finrisk.core.services.JwtBlocklistService.isBlocked() executed in 1 ms
2026-06-22 16:11:30.868 [http-nio-8081-exec-5] INFO  [txId=] [corrId=3b923c818e1c] c.d.f.i.a.PerformanceTracerAspect - [TRACE-JAVA] com.datn.finrisk.core.repository.TransactionRepository.countTotalTransactions() executed in 4 ms
2026-06-22 16:11:30.873 [http-nio-8081-exec-5] INFO  [txId=] [corrId=3b923c818e1c] c.d.f.i.a.PerformanceTracerAspect - [TRACE-JAVA] com.datn.finrisk.core.repository.TransactionRepository.countHighRiskTransactions() executed in 5 ms
2026-06-22 16:11:30.881 [http-nio-8081-exec-5] INFO  [txId=] [corrId=3b923c818e1c] c.d.f.i.a.PerformanceTracerAspect - [TRACE-JAVA] com.datn.finrisk.core.repository.TransactionRepository.sumTotalSuccessfulAmount() executed in 8 ms
2026-06-22 16:11:30.881 [http-nio-8081-exec-5] INFO  [txId=] [corrId=3b923c818e1c] c.d.f.i.a.PerformanceTracerAspect - [TRACE-JAVA] com.datn.finrisk.web.controllers.AdminController.getDashboardStats() executed in 17 ms
2026-06-22 16:11:55.221 [scheduling-1] INFO  [txId=] [corrId=] c.d.f.i.m.ExecutorMetricsLogger - [EXECUTOR-METRICS][BG-Task       [aiTaskExecutor]] threads=0/1 queue=0/500 (0%) completed=1
2026-06-22 16:11:55.221 [scheduling-1] INFO  [txId=] [corrId=] c.d.f.i.m.ExecutorMetricsLogger - [EXECUTOR-METRICS][RT-Emotion    [realtimeEmotionExecutor]] threads=0/0 queue=0/30 (0%) completed=0
2026-06-22 16:11:55.221 [scheduling-1] INFO  [txId=] [corrId=] c.d.f.i.m.ExecutorMetricsLogger - [EXECUTOR-METRICS][BioVerify     [biometricVerifyExecutor]] threads=0/1 queue=0/50 (0%) completed=1
2026-06-22 16:12:25.213 [scheduling-1] INFO  [txId=] [corrId=] c.d.f.i.m.ExecutorMetricsLogger - [EXECUTOR-METRICS][BG-Task       [aiTaskExecutor]] threads=0/1 queue=0/500 (0%) completed=1
2026-06-22 16:12:25.213 [scheduling-1] INFO  [txId=] [corrId=] c.d.f.i.m.ExecutorMetricsLogger - [EXECUTOR-METRICS][RT-Emotion    [realtimeEmotionExecutor]] threads=0/0 queue=0/30 (0%) completed=0
2026-06-22 16:12:25.213 [scheduling-1] INFO  [txId=] [corrId=] c.d.f.i.m.ExecutorMetricsLogger - [EXECUTOR-METRICS][BioVerify     [biometricVerifyExecutor]] threads=0/1 queue=0/50 (0%) completed=1
2026-06-22 16:12:55.212 [scheduling-1] INFO  [txId=] [corrId=] c.d.f.i.m.ExecutorMetricsLogger - [EXECUTOR-METRICS][BG-Task       [aiTaskExecutor]] threads=0/1 queue=0/500 (0%) completed=1
2026-06-22 16:12:55.212 [scheduling-1] INFO  [txId=] [corrId=] c.d.f.i.m.ExecutorMetricsLogger - [EXECUTOR-METRICS][RT-Emotion    [realtimeEmotionExecutor]] threads=0/0 queue=0/30 (0%) completed=0
2026-06-22 16:12:55.212 [scheduling-1] INFO  [txId=] [corrId=] c.d.f.i.m.ExecutorMetricsLogger - [EXECUTOR-METRICS][BioVerify     [biometricVerifyExecutor]] threads=0/1 queue=0/50 (0%) completed=1
2026-06-22 16:13:25.223 [scheduling-1] INFO  [txId=] [corrId=] c.d.f.i.m.ExecutorMetricsLogger - [EXECUTOR-METRICS][BG-Task       [aiTaskExecutor]] threads=0/1 queue=0/500 (0%) completed=1
2026-06-22 16:13:25.223 [scheduling-1] INFO  [txId=] [corrId=] c.d.f.i.m.ExecutorMetricsLogger - [EXECUTOR-METRICS][RT-Emotion    [realtimeEmotionExecutor]] threads=0/0 queue=0/30 (0%) completed=0
2026-06-22 16:13:25.223 [scheduling-1] INFO  [txId=] [corrId=] c.d.f.i.m.ExecutorMetricsLogger - [EXECUTOR-METRICS][BioVerify     [biometricVerifyExecutor]] threads=0/1 queue=0/50 (0%) completed=1
2026-06-22 16:13:55.218 [scheduling-1] INFO  [txId=] [corrId=] c.d.f.i.m.ExecutorMetricsLogger - [EXECUTOR-METRICS][BG-Task       [aiTaskExecutor]] threads=0/1 queue=0/500 (0%) completed=1
2026-06-22 16:13:55.218 [scheduling-1] INFO  [txId=] [corrId=] c.d.f.i.m.ExecutorMetricsLogger - [EXECUTOR-METRICS][RT-Emotion    [realtimeEmotionExecutor]] threads=0/0 queue=0/30 (0%) completed=0
2026-06-22 16:13:55.218 [scheduling-1] INFO  [txId=] [corrId=] c.d.f.i.m.ExecutorMetricsLogger - [EXECUTOR-METRICS][BioVerify     [biometricVerifyExecutor]] threads=0/1 queue=0/50 (0%) completed=1
2026-06-22 16:14:25.219 [scheduling-1] INFO  [txId=] [corrId=] c.d.f.i.m.ExecutorMetricsLogger - [EXECUTOR-METRICS][BG-Task       [aiTaskExecutor]] threads=0/1 queue=0/500 (0%) completed=1
2026-06-22 16:14:25.219 [scheduling-1] INFO  [txId=] [corrId=] c.d.f.i.m.ExecutorMetricsLogger - [EXECUTOR-METRICS][RT-Emotion    [realtimeEmotionExecutor]] threads=0/0 queue=0/30 (0%) completed=0
2026-06-22 16:14:25.219 [scheduling-1] INFO  [txId=] [corrId=] c.d.f.i.m.ExecutorMetricsLogger - [EXECUTOR-METRICS][BioVerify     [biometricVerifyExecutor]] threads=0/1 queue=0/50 (0%) completed=1
2026-06-22 16:14:30.834 [http-nio-8081-exec-2] INFO  [txId=] [corrId=3a01ed2322ba] c.d.f.i.a.PerformanceTracerAspect - [TRACE-JAVA] com.datn.finrisk.core.services.JwtBlocklistService.isBlocked() executed in 2 ms
2026-06-22 16:14:30.839 [http-nio-8081-exec-2] INFO  [txId=] [corrId=3a01ed2322ba] c.d.f.i.a.PerformanceTracerAspect - [TRACE-JAVA] com.datn.finrisk.core.repository.TransactionRepository.countTotalTransactions() executed in 4 ms
2026-06-22 16:14:30.842 [http-nio-8081-exec-2] INFO  [txId=] [corrId=3a01ed2322ba] c.d.f.i.a.PerformanceTracerAspect - [TRACE-JAVA] com.datn.finrisk.core.repository.TransactionRepository.countHighRiskTransactions() executed in 3 ms
2026-06-22 16:14:30.844 [http-nio-8081-exec-2] INFO  [txId=] [corrId=3a01ed2322ba] c.d.f.i.a.PerformanceTracerAspect - [TRACE-JAVA] com.datn.finrisk.core.repository.TransactionRepository.sumTotalSuccessfulAmount() executed in 2 ms
2026-06-22 16:14:30.844 [http-nio-8081-exec-2] INFO  [txId=] [corrId=3a01ed2322ba] c.d.f.i.a.PerformanceTracerAspect - [TRACE-JAVA] com.datn.finrisk.web.controllers.AdminController.getDashboardStats() executed in 9 ms
2026-06-22 16:14:55.224 [scheduling-1] INFO  [txId=] [corrId=] c.d.f.i.m.ExecutorMetricsLogger - [EXECUTOR-METRICS][BG-Task       [aiTaskExecutor]] threads=0/1 queue=0/500 (0%) completed=1
2026-06-22 16:14:55.224 [scheduling-1] INFO  [txId=] [corrId=] c.d.f.i.m.ExecutorMetricsLogger - [EXECUTOR-METRICS][RT-Emotion    [realtimeEmotionExecutor]] threads=0/0 queue=0/30 (0%) completed=0
2026-06-22 16:14:55.224 [scheduling-1] INFO  [txId=] [corrId=] c.d.f.i.m.ExecutorMetricsLogger - [EXECUTOR-METRICS][BioVerify     [biometricVerifyExecutor]] threads=0/1 queue=0/50 (0%) completed=1
2026-06-22 16:15:25.211 [scheduling-1] INFO  [txId=] [corrId=] c.d.f.i.m.ExecutorMetricsLogger - [EXECUTOR-METRICS][BG-Task       [aiTaskExecutor]] threads=0/1 queue=0/500 (0%) completed=1
2026-06-22 16:15:25.211 [scheduling-1] INFO  [txId=] [corrId=] c.d.f.i.m.ExecutorMetricsLogger - [EXECUTOR-METRICS][RT-Emotion    [realtimeEmotionExecutor]] threads=0/0 queue=0/30 (0%) completed=0
2026-06-22 16:15:25.211 [scheduling-1] INFO  [txId=] [corrId=] c.d.f.i.m.ExecutorMetricsLogger - [EXECUTOR-METRICS][BioVerify     [biometricVerifyExecutor]] threads=0/1 queue=0/50 (0%) completed=1
2026-06-22 16:15:55.220 [scheduling-1] INFO  [txId=] [corrId=] c.d.f.i.m.ExecutorMetricsLogger - [EXECUTOR-METRICS][BG-Task       [aiTaskExecutor]] threads=0/1 queue=0/500 (0%) completed=1
2026-06-22 16:15:55.221 [scheduling-1] INFO  [txId=] [corrId=] c.d.f.i.m.ExecutorMetricsLogger - [EXECUTOR-METRICS][RT-Emotion    [realtimeEmotionExecutor]] threads=0/0 queue=0/30 (0%) completed=0
2026-06-22 16:15:55.221 [scheduling-1] INFO  [txId=] [corrId=] c.d.f.i.m.ExecutorMetricsLogger - [EXECUTOR-METRICS][BioVerify     [biometricVerifyExecutor]] threads=0/1 queue=0/50 (0%) completed=1
2026-06-22 16:15:55.225 [scheduling-1] INFO  [txId=] [corrId=] c.d.f.i.a.PerformanceTracerAspect - [TRACE-JAVA] com.datn.finrisk.core.repository.BiometricSessionRepository.deleteByExpiresAtBefore() executed in 3 ms
2026-06-22 16:15:55.225 [scheduling-1] INFO  [txId=] [corrId=] c.d.f.w.w.BiometricSessionCleanupScheduler - [BIOMETRIC-SCHEDULER] Expired biometric sessions purged from DB
2026-06-22 16:15:55.226 [scheduling-1] INFO  [txId=] [corrId=] c.d.f.w.w.WebSocketMetricsLogger - [WS-METRICS] active_sessions=0 total_buffered_frames=0 total_buffer_size={ Milan}MB
2026-06-22 16:15:55.410 [scheduling-1] INFO  [txId=] [corrId=] c.d.f.i.a.PerformanceTracerAspect - [TRACE-JAVA] com.datn.finrisk.core.repository.TransactionRepository.findStalledTransactionIds() executed in 4 ms
2026-06-22 16:16:25.218 [scheduling-1] INFO  [txId=] [corrId=] c.d.f.i.m.ExecutorMetricsLogger - [EXECUTOR-METRICS][BG-Task       [aiTaskExecutor]] threads=0/1 queue=0/500 (0%) completed=1
2026-06-22 16:16:25.218 [scheduling-1] INFO  [txId=] [corrId=] c.d.f.i.m.ExecutorMetricsLogger - [EXECUTOR-METRICS][RT-Emotion    [realtimeEmotionExecutor]] threads=0/0 queue=0/30 (0%) completed=0
2026-06-22 16:16:25.218 [scheduling-1] INFO  [txId=] [corrId=] c.d.f.i.m.ExecutorMetricsLogger - [EXECUTOR-METRICS][BioVerify     [biometricVerifyExecutor]] threads=0/1 queue=0/50 (0%) completed=1
2026-06-22 16:16:26.987 [http-nio-8081-exec-5] INFO  [txId=] [corrId=e99b2e52f8a6] c.d.f.i.a.PerformanceTracerAspect - [TRACE-JAVA] com.datn.finrisk.core.services.JwtBlocklistService.isBlocked() executed in 2 ms
2026-06-22 16:16:26.993 [http-nio-8081-exec-5] INFO  [txId=] [corrId=e99b2e52f8a6] c.d.f.i.a.PerformanceTracerAspect - [TRACE-JAVA] com.datn.finrisk.core.repository.TransactionRepository.countTotalTransactions() executed in 4 ms
2026-06-22 16:16:26.996 [http-nio-8081-exec-5] INFO  [txId=] [corrId=e99b2e52f8a6] c.d.f.i.a.PerformanceTracerAspect - [TRACE-JAVA] com.datn.finrisk.core.repository.TransactionRepository.countHighRiskTransactions() executed in 2 ms
2026-06-22 16:16:27.000 [http-nio-8081-exec-5] INFO  [txId=] [corrId=e99b2e52f8a6] c.d.f.i.a.PerformanceTracerAspect - [TRACE-JAVA] com.datn.finrisk.core.repository.TransactionRepository.sumTotalSuccessfulAmount() executed in 4 ms
2026-06-22 16:16:27.001 [http-nio-8081-exec-5] INFO  [txId=] [corrId=e99b2e52f8a6] c.d.f.i.a.PerformanceTracerAspect - [TRACE-JAVA] com.datn.finrisk.web.controllers.AdminController.getDashboardStats() executed in 12 ms
2026-06-22 16:16:55.221 [scheduling-1] INFO  [txId=] [corrId=] c.d.f.i.m.ExecutorMetricsLogger - [EXECUTOR-METRICS][BG-Task       [aiTaskExecutor]] threads=0/1 queue=0/500 (0%) completed=1
2026-06-22 16:16:55.221 [scheduling-1] INFO  [txId=] [corrId=] c.d.f.i.m.ExecutorMetricsLogger - [EXECUTOR-METRICS][RT-Emotion    [realtimeEmotionExecutor]] threads=0/0 queue=0/30 (0%) completed=0
2026-06-22 16:16:55.221 [scheduling-1] INFO  [txId=] [corrId=] c.d.f.i.m.ExecutorMetricsLogger - [EXECUTOR-METRICS][BioVerify     [biometricVerifyExecutor]] threads=0/1 queue=0/50 (0%) completed=1
2026-06-22 16:17:25.222 [scheduling-1] INFO  [txId=] [corrId=] c.d.f.i.m.ExecutorMetricsLogger - [EXECUTOR-METRICS][BG-Task       [aiTaskExecutor]] threads=0/1 queue=0/500 (0%) completed=1
2026-06-22 16:17:25.222 [scheduling-1] INFO  [txId=] [corrId=] c.d.f.i.m.ExecutorMetricsLogger - [EXECUTOR-METRICS][RT-Emotion    [realtimeEmotionExecutor]] threads=0/0 queue=0/30 (0%) completed=0
2026-06-22 16:17:25.222 [scheduling-1] INFO  [txId=] [corrId=] c.d.f.i.m.ExecutorMetricsLogger - [EXECUTOR-METRICS][BioVerify     [biometricVerifyExecutor]] threads=0/1 queue=0/50 (0%) completed=1
2026-06-22 16:17:55.223 [scheduling-1] INFO  [txId=] [corrId=] c.d.f.i.m.ExecutorMetricsLogger - [EXECUTOR-METRICS][BG-Task       [aiTaskExecutor]] threads=0/1 queue=0/500 (0%) completed=1
2026-06-22 16:17:55.223 [scheduling-1] INFO  [txId=] [corrId=] c.d.f.i.m.ExecutorMetricsLogger - [EXECUTOR-METRICS][RT-Emotion    [realtimeEmotionExecutor]] threads=0/0 queue=0/30 (0%) completed=0
2026-06-22 16:17:55.223 [scheduling-1] INFO  [txId=] [corrId=] c.d.f.i.m.ExecutorMetricsLogger - [EXECUTOR-METRICS][BioVerify     [biometricVerifyExecutor]] threads=0/1 queue=0/50 (0%) completed=1
2026-06-22 16:18:25.214 [scheduling-1] INFO  [txId=] [corrId=] c.d.f.i.m.ExecutorMetricsLogger - [EXECUTOR-METRICS][BG-Task       [aiTaskExecutor]] threads=0/1 queue=0/500 (0%) completed=1
2026-06-22 16:18:25.214 [scheduling-1] INFO  [txId=] [corrId=] c.d.f.i.m.ExecutorMetricsLogger - [EXECUTOR-METRICS][RT-Emotion    [realtimeEmotionExecutor]] threads=0/0 queue=0/30 (0%) completed=0
2026-06-22 16:18:25.215 [scheduling-1] INFO  [txId=] [corrId=] c.d.f.i.m.ExecutorMetricsLogger - [EXECUTOR-METRICS][BioVerify     [biometricVerifyExecutor]] threads=0/1 queue=0/50 (0%) completed=1
2026-06-22 16:18:55.210 [scheduling-1] INFO  [txId=] [corrId=] c.d.f.i.m.ExecutorMetricsLogger - [EXECUTOR-METRICS][BG-Task       [aiTaskExecutor]] threads=0/1 queue=0/500 (0%) completed=1
2026-06-22 16:18:55.210 [scheduling-1] INFO  [txId=] [corrId=] c.d.f.i.m.ExecutorMetricsLogger - [EXECUTOR-METRICS][RT-Emotion    [realtimeEmotionExecutor]] threads=0/0 queue=0/30 (0%) completed=0
2026-06-22 16:18:55.211 [scheduling-1] INFO  [txId=] [corrId=] c.d.f.i.m.ExecutorMetricsLogger - [EXECUTOR-METRICS][BioVerify     [biometricVerifyExecutor]] threads=0/1 queue=0/50 (0%) completed=1
2026-06-22 16:19:25.212 [scheduling-1] INFO  [txId=] [corrId=] c.d.f.i.m.ExecutorMetricsLogger - [EXECUTOR-METRICS][BG-Task       [aiTaskExecutor]] threads=0/1 queue=0/500 (0%) completed=1
2026-06-22 16:19:25.212 [scheduling-1] INFO  [txId=] [corrId=] c.d.f.i.m.ExecutorMetricsLogger - [EXECUTOR-METRICS][RT-Emotion    [realtimeEmotionExecutor]] threads=0/0 queue=0/30 (0%) completed=0
2026-06-22 16:19:25.212 [scheduling-1] INFO  [txId=] [corrId=] c.d.f.i.m.ExecutorMetricsLogger - [EXECUTOR-METRICS][BioVerify     [biometricVerifyExecutor]] threads=0/1 queue=0/50 (0%) completed=1
2026-06-22 16:19:26.975 [http-nio-8081-exec-8] INFO  [txId=] [corrId=5b5d6f56b314] c.d.f.i.a.PerformanceTracerAspect - [TRACE-JAVA] com.datn.finrisk.core.services.JwtBlocklistService.isBlocked() executed in 2 ms
2026-06-22 16:19:26.980 [http-nio-8081-exec-8] INFO  [txId=] [corrId=5b5d6f56b314] c.d.f.i.a.PerformanceTracerAspect - [TRACE-JAVA] com.datn.finrisk.core.repository.TransactionRepository.countTotalTransactions() executed in 3 ms
2026-06-22 16:19:26.987 [http-nio-8081-exec-8] INFO  [txId=] [corrId=5b5d6f56b314] c.d.f.i.a.PerformanceTracerAspect - [TRACE-JAVA] com.datn.finrisk.core.repository.TransactionRepository.countHighRiskTransactions() executed in 7 ms
2026-06-22 16:19:26.990 [http-nio-8081-exec-8] INFO  [txId=] [corrId=5b5d6f56b314] c.d.f.i.a.PerformanceTracerAspect - [TRACE-JAVA] com.datn.finrisk.core.repository.TransactionRepository.sumTotalSuccessfulAmount() executed in 2 ms
2026-06-22 16:19:26.990 [http-nio-8081-exec-8] INFO  [txId=] [corrId=5b5d6f56b314] c.d.f.i.a.PerformanceTracerAspect - [TRACE-JAVA] com.datn.finrisk.web.controllers.AdminController.getDashboardStats() executed in 13 ms
2026-06-22 16:19:55.214 [scheduling-1] INFO  [txId=] [corrId=] c.d.f.i.m.ExecutorMetricsLogger - [EXECUTOR-METRICS][BG-Task       [aiTaskExecutor]] threads=0/1 queue=0/500 (0%) completed=1
2026-06-22 16:19:55.215 [scheduling-1] INFO  [txId=] [corrId=] c.d.f.i.m.ExecutorMetricsLogger - [EXECUTOR-METRICS][RT-Emotion    [realtimeEmotionExecutor]] threads=0/0 queue=0/30 (0%) completed=0
2026-06-22 16:19:55.215 [scheduling-1] INFO  [txId=] [corrId=] c.d.f.i.m.ExecutorMetricsLogger - [EXECUTOR-METRICS][BioVerify     [biometricVerifyExecutor]] threads=0/1 queue=0/50 (0%) completed=1
2026-06-22 16:20:07.923 [http-nio-8081-exec-10] INFO  [txId=] [corrId=fde654aa5512] c.d.f.i.a.PerformanceTracerAspect - [TRACE-JAVA] com.datn.finrisk.core.services.JwtBlocklistService.isBlocked() executed in 1 ms
2026-06-22 16:20:07.934 [http-nio-8081-exec-10] INFO  [txId=] [corrId=fde654aa5512] c.d.f.i.a.PerformanceTracerAspect - [TRACE-JAVA] com.datn.finrisk.web.controllers.AdminEmotionOverrideController.status() executed in 0 ms
2026-06-22 16:20:07.943 [http-nio-8081-exec-1] INFO  [txId=] [corrId=bfad31670dc1] c.d.f.i.a.PerformanceTracerAspect - [TRACE-JAVA] com.datn.finrisk.core.services.JwtBlocklistService.isBlocked() executed in 2 ms
2026-06-22 16:20:07.946 [http-nio-8081-exec-1] INFO  [txId=] [corrId=bfad31670dc1] c.d.f.i.a.PerformanceTracerAspect - [TRACE-JAVA] com.datn.finrisk.web.controllers.AdminEmotionOverrideController.status() executed in 0 ms
2026-06-22 16:20:25.218 [scheduling-1] INFO  [txId=] [corrId=] c.d.f.i.m.ExecutorMetricsLogger - [EXECUTOR-METRICS][BG-Task       [aiTaskExecutor]] threads=0/1 queue=0/500 (0%) completed=1
2026-06-22 16:20:25.219 [scheduling-1] INFO  [txId=] [corrId=] c.d.f.i.m.ExecutorMetricsLogger - [EXECUTOR-METRICS][RT-Emotion    [realtimeEmotionExecutor]] threads=0/0 queue=0/30 (0%) completed=0
2026-06-22 16:20:25.219 [scheduling-1] INFO  [txId=] [corrId=] c.d.f.i.m.ExecutorMetricsLogger - [EXECUTOR-METRICS][BioVerify     [biometricVerifyExecutor]] threads=0/1 queue=0/50 (0%) completed=1
2026-06-22 16:20:55.217 [scheduling-1] INFO  [txId=] [corrId=] c.d.f.i.m.ExecutorMetricsLogger - [EXECUTOR-METRICS][BG-Task       [aiTaskExecutor]] threads=0/1 queue=0/500 (0%) completed=1
2026-06-22 16:20:55.217 [scheduling-1] INFO  [txId=] [corrId=] c.d.f.i.m.ExecutorMetricsLogger - [EXECUTOR-METRICS][RT-Emotion    [realtimeEmotionExecutor]] threads=0/0 queue=0/30 (0%) completed=0
2026-06-22 16:20:55.217 [scheduling-1] INFO  [txId=] [corrId=] c.d.f.i.m.ExecutorMetricsLogger - [EXECUTOR-METRICS][BioVerify     [biometricVerifyExecutor]] threads=0/1 queue=0/50 (0%) completed=1
2026-06-22 16:20:55.222 [scheduling-1] INFO  [txId=] [corrId=] c.d.f.i.a.PerformanceTracerAspect - [TRACE-JAVA] com.datn.finrisk.core.repository.BiometricSessionRepository.deleteByExpiresAtBefore() executed in 4 ms
2026-06-22 16:20:55.222 [scheduling-1] INFO  [txId=] [corrId=] c.d.f.w.w.BiometricSessionCleanupScheduler - [BIOMETRIC-SCHEDULER] Expired biometric sessions purged from DB
2026-06-22 16:20:55.223 [scheduling-1] INFO  [txId=] [corrId=] c.d.f.w.w.WebSocketMetricsLogger - [WS-METRICS] active_sessions=0 total_buffered_frames=0 total_buffer_size={ Milan}MB
2026-06-22 16:20:55.423 [scheduling-1] INFO  [txId=] [corrId=] c.d.f.i.a.PerformanceTracerAspect - [TRACE-JAVA] com.datn.finrisk.core.repository.TransactionRepository.findStalledTransactionIds() executed in 5 ms
2026-06-22 16:21:25.219 [scheduling-1] INFO  [txId=] [corrId=] c.d.f.i.m.ExecutorMetricsLogger - [EXECUTOR-METRICS][BG-Task       [aiTaskExecutor]] threads=0/1 queue=0/500 (0%) completed=1
2026-06-22 16:21:25.219 [scheduling-1] INFO  [txId=] [corrId=] c.d.f.i.m.ExecutorMetricsLogger - [EXECUTOR-METRICS][RT-Emotion    [realtimeEmotionExecutor]] threads=0/0 queue=0/30 (0%) completed=0
2026-06-22 16:21:25.219 [scheduling-1] INFO  [txId=] [corrId=] c.d.f.i.m.ExecutorMetricsLogger - [EXECUTOR-METRICS][BioVerify     [biometricVerifyExecutor]] threads=0/1 queue=0/50 (0%) completed=1
2026-06-22 16:21:55.211 [scheduling-1] INFO  [txId=] [corrId=] c.d.f.i.m.ExecutorMetricsLogger - [EXECUTOR-METRICS][BG-Task       [aiTaskExecutor]] threads=0/1 queue=0/500 (0%) completed=1
2026-06-22 16:21:55.211 [scheduling-1] INFO  [txId=] [corrId=] c.d.f.i.m.ExecutorMetricsLogger - [EXECUTOR-METRICS][RT-Emotion    [realtimeEmotionExecutor]] threads=0/0 queue=0/30 (0%) completed=0
2026-06-22 16:21:55.212 [scheduling-1] INFO  [txId=] [corrId=] c.d.f.i.m.ExecutorMetricsLogger - [EXECUTOR-METRICS][BioVerify     [biometricVerifyExecutor]] threads=0/1 queue=0/50 (0%) completed=1
2026-06-22 16:22:25.214 [scheduling-1] INFO  [txId=] [corrId=] c.d.f.i.m.ExecutorMetricsLogger - [EXECUTOR-METRICS][BG-Task       [aiTaskExecutor]] threads=0/1 queue=0/500 (0%) completed=1
2026-06-22 16:22:25.215 [scheduling-1] INFO  [txId=] [corrId=] c.d.f.i.m.ExecutorMetricsLogger - [EXECUTOR-METRICS][RT-Emotion    [realtimeEmotionExecutor]] threads=0/0 queue=0/30 (0%) completed=0
2026-06-22 16:22:25.216 [scheduling-1] INFO  [txId=] [corrId=] c.d.f.i.m.ExecutorMetricsLogger - [EXECUTOR-METRICS][BioVerify     [biometricVerifyExecutor]] threads=0/1 queue=0/50 (0%) completed=1
2026-06-22 16:22:55.218 [scheduling-1] INFO  [txId=] [corrId=] c.d.f.i.m.ExecutorMetricsLogger - [EXECUTOR-METRICS][BG-Task       [aiTaskExecutor]] threads=0/1 queue=0/500 (0%) completed=1
2026-06-22 16:22:55.218 [scheduling-1] INFO  [txId=] [corrId=] c.d.f.i.m.ExecutorMetricsLogger - [EXECUTOR-METRICS][RT-Emotion    [realtimeEmotionExecutor]] threads=0/0 queue=0/30 (0%) completed=0
2026-06-22 16:22:55.218 [scheduling-1] INFO  [txId=] [corrId=] c.d.f.i.m.ExecutorMetricsLogger - [EXECUTOR-METRICS][BioVerify     [biometricVerifyExecutor]] threads=0/1 queue=0/50 (0%) completed=1
2026-06-22 16:22:59.320 [http-nio-8081-exec-4] ERROR [txId=] [corrId=e6b746971601] c.d.finrisk.core.security.JwtUtils - Token JWT đã hết hạn: JWT expired 89320 milliseconds ago at 2026-06-22T09:21:30.000Z. Current time: 2026-06-22T09:22:59.320Z. Allowed clock skew: 0 milliseconds.
2026-06-22 16:22:59.328 [http-nio-8081-exec-7] ERROR [txId=] [corrId=59a550655e13] c.d.finrisk.core.security.JwtUtils - Token JWT đã hết hạn: JWT expired 89328 milliseconds ago at 2026-06-22T09:21:30.000Z. Current time: 2026-06-22T09:22:59.328Z. Allowed clock skew: 0 milliseconds.
2026-06-22 16:22:59.364 [http-nio-8081-exec-8] INFO  [txId=] [corrId=c149f16f4885] c.d.f.i.a.PerformanceTracerAspect - [TRACE-JAVA] com.datn.finrisk.core.repository.UserRepository.findByUsername() executed in 21 ms
2026-06-22 16:22:59.364 [http-nio-8081-exec-9] INFO  [txId=] [corrId=730fc3176955] c.d.f.i.a.PerformanceTracerAspect - [TRACE-JAVA] com.datn.finrisk.core.repository.UserRepository.findByUsername() executed in 21 ms
2026-06-22 16:22:59.415 [http-nio-8081-exec-8] INFO  [txId=] [corrId=c149f16f4885] c.d.f.i.a.PerformanceTracerAspect - [TRACE-JAVA] com.datn.finrisk.web.controllers.AuthController.refreshToken() executed in 73 ms
2026-06-22 16:22:59.415 [http-nio-8081-exec-9] INFO  [txId=] [corrId=730fc3176955] c.d.f.i.a.PerformanceTracerAspect - [TRACE-JAVA] com.datn.finrisk.web.controllers.AuthController.refreshToken() executed in 74 ms
2026-06-22 16:22:59.423 [http-nio-8081-exec-10] INFO  [txId=] [corrId=51c0bb94442d] c.d.f.i.a.PerformanceTracerAspect - [TRACE-JAVA] com.datn.finrisk.core.services.JwtBlocklistService.isBlocked() executed in 1 ms
2026-06-22 16:22:59.428 [http-nio-8081-exec-10] INFO  [txId=] [corrId=51c0bb94442d] c.d.f.i.a.PerformanceTracerAspect - [TRACE-JAVA] com.datn.finrisk.core.repository.TransactionRepository.countTotalTransactions() executed in 2 ms
2026-06-22 16:22:59.432 [http-nio-8081-exec-10] INFO  [txId=] [corrId=51c0bb94442d] c.d.f.i.a.PerformanceTracerAspect - [TRACE-JAVA] com.datn.finrisk.core.repository.TransactionRepository.countHighRiskTransactions() executed in 4 ms
2026-06-22 16:22:59.435 [http-nio-8081-exec-10] INFO  [txId=] [corrId=51c0bb94442d] c.d.f.i.a.PerformanceTracerAspect - [TRACE-JAVA] com.datn.finrisk.core.repository.TransactionRepository.sumTotalSuccessfulAmount() executed in 2 ms
2026-06-22 16:22:59.436 [http-nio-8081-exec-10] INFO  [txId=] [corrId=51c0bb94442d] c.d.f.i.a.PerformanceTracerAspect - [TRACE-JAVA] com.datn.finrisk.web.controllers.AdminController.getDashboardStats() executed in 10 ms
2026-06-22 16:22:59.441 [http-nio-8081-exec-1] INFO  [txId=] [corrId=2b6ccd7fe978] c.d.f.i.a.PerformanceTracerAspect - [TRACE-JAVA] com.datn.finrisk.core.services.JwtBlocklistService.isBlocked() executed in 0 ms
2026-06-22 16:22:59.447 [http-nio-8081-exec-1] INFO  [txId=] [corrId=2b6ccd7fe978] c.d.f.i.a.PerformanceTracerAspect - [TRACE-JAVA] com.datn.finrisk.core.repository.TransactionRepository.countTotalTransactions() executed in 4 ms
2026-06-22 16:22:59.451 [http-nio-8081-exec-1] INFO  [txId=] [corrId=2b6ccd7fe978] c.d.f.i.a.PerformanceTracerAspect - [TRACE-JAVA] com.datn.finrisk.core.repository.TransactionRepository.countHighRiskTransactions() executed in 4 ms
2026-06-22 16:22:59.457 [http-nio-8081-exec-1] INFO  [txId=] [corrId=2b6ccd7fe978] c.d.f.i.a.PerformanceTracerAspect - [TRACE-JAVA] com.datn.finrisk.core.repository.TransactionRepository.sumTotalSuccessfulAmount() executed in 4 ms
2026-06-22 16:22:59.457 [http-nio-8081-exec-1] INFO  [txId=] [corrId=2b6ccd7fe978] c.d.f.i.a.PerformanceTracerAspect - [TRACE-JAVA] com.datn.finrisk.web.controllers.AdminController.getDashboardStats() executed in 14 ms
2026-06-22 16:23:25.217 [scheduling-1] INFO  [txId=] [corrId=] c.d.f.i.m.ExecutorMetricsLogger - [EXECUTOR-METRICS][BG-Task       [aiTaskExecutor]] threads=0/1 queue=0/500 (0%) completed=1
2026-06-22 16:23:25.217 [scheduling-1] INFO  [txId=] [corrId=] c.d.f.i.m.ExecutorMetricsLogger - [EXECUTOR-METRICS][RT-Emotion    [realtimeEmotionExecutor]] threads=0/0 queue=0/30 (0%) completed=0
2026-06-22 16:23:25.217 [scheduling-1] INFO  [txId=] [corrId=] c.d.f.i.m.ExecutorMetricsLogger - [EXECUTOR-METRICS][BioVerify     [biometricVerifyExecutor]] threads=0/1 queue=0/50 (0%) completed=1
2026-06-22 16:23:55.217 [scheduling-1] INFO  [txId=] [corrId=] c.d.f.i.m.ExecutorMetricsLogger - [EXECUTOR-METRICS][BG-Task       [aiTaskExecutor]] threads=0/1 queue=0/500 (0%) completed=1
2026-06-22 16:23:55.217 [scheduling-1] INFO  [txId=] [corrId=] c.d.f.i.m.ExecutorMetricsLogger - [EXECUTOR-METRICS][RT-Emotion    [realtimeEmotionExecutor]] threads=0/0 queue=0/30 (0%) completed=0
2026-06-22 16:23:55.217 [scheduling-1] INFO  [txId=] [corrId=] c.d.f.i.m.ExecutorMetricsLogger - [EXECUTOR-METRICS][BioVerify     [biometricVerifyExecutor]] threads=0/1 queue=0/50 (0%) completed=1
2026-06-22 16:24:25.215 [scheduling-1] INFO  [txId=] [corrId=] c.d.f.i.m.ExecutorMetricsLogger - [EXECUTOR-METRICS][BG-Task       [aiTaskExecutor]] threads=0/1 queue=0/500 (0%) completed=1
2026-06-22 16:24:25.215 [scheduling-1] INFO  [txId=] [corrId=] c.d.f.i.m.ExecutorMetricsLogger - [EXECUTOR-METRICS][RT-Emotion    [realtimeEmotionExecutor]] threads=0/0 queue=0/30 (0%) completed=0
2026-06-22 16:24:25.215 [scheduling-1] INFO  [txId=] [corrId=] c.d.f.i.m.ExecutorMetricsLogger - [EXECUTOR-METRICS][BioVerify     [biometricVerifyExecutor]] threads=0/1 queue=0/50 (0%) completed=1
2026-06-22 16:24:55.210 [scheduling-1] INFO  [txId=] [corrId=] c.d.f.i.m.ExecutorMetricsLogger - [EXECUTOR-METRICS][BG-Task       [aiTaskExecutor]] threads=0/1 queue=0/500 (0%) completed=1
2026-06-22 16:24:55.210 [scheduling-1] INFO  [txId=] [corrId=] c.d.f.i.m.ExecutorMetricsLogger - [EXECUTOR-METRICS][RT-Emotion    [realtimeEmotionExecutor]] threads=0/0 queue=0/30 (0%) completed=0
2026-06-22 16:24:55.210 [scheduling-1] INFO  [txId=] [corrId=] c.d.f.i.m.ExecutorMetricsLogger - [EXECUTOR-METRICS][BioVerify     [biometricVerifyExecutor]] threads=0/1 queue=0/50 (0%) completed=1
2026-06-22 16:25:25.222 [scheduling-1] INFO  [txId=] [corrId=] c.d.f.i.m.ExecutorMetricsLogger - [EXECUTOR-METRICS][BG-Task       [aiTaskExecutor]] threads=0/1 queue=0/500 (0%) completed=1
2026-06-22 16:25:25.222 [scheduling-1] INFO  [txId=] [corrId=] c.d.f.i.m.ExecutorMetricsLogger - [EXECUTOR-METRICS][RT-Emotion    [realtimeEmotionExecutor]] threads=0/0 queue=0/30 (0%) completed=0
2026-06-22 16:25:25.222 [scheduling-1] INFO  [txId=] [corrId=] c.d.f.i.m.ExecutorMetricsLogger - [EXECUTOR-METRICS][BioVerify     [biometricVerifyExecutor]] threads=0/1 queue=0/50 (0%) completed=1
2026-06-22 16:25:55.211 [scheduling-1] INFO  [txId=] [corrId=] c.d.f.i.m.ExecutorMetricsLogger - [EXECUTOR-METRICS][BG-Task       [aiTaskExecutor]] threads=0/1 queue=0/500 (0%) completed=1
2026-06-22 16:25:55.212 [scheduling-1] INFO  [txId=] [corrId=] c.d.f.i.m.ExecutorMetricsLogger - [EXECUTOR-METRICS][RT-Emotion    [realtimeEmotionExecutor]] threads=0/0 queue=0/30 (0%) completed=0
2026-06-22 16:25:55.212 [scheduling-1] INFO  [txId=] [corrId=] c.d.f.i.m.ExecutorMetricsLogger - [EXECUTOR-METRICS][BioVerify     [biometricVerifyExecutor]] threads=0/1 queue=0/50 (0%) completed=1
2026-06-22 16:25:55.216 [scheduling-1] INFO  [txId=] [corrId=] c.d.f.i.a.PerformanceTracerAspect - [TRACE-JAVA] com.datn.finrisk.core.repository.BiometricSessionRepository.deleteByExpiresAtBefore() executed in 3 ms
2026-06-22 16:25:55.217 [scheduling-1] INFO  [txId=] [corrId=] c.d.f.w.w.BiometricSessionCleanupScheduler - [BIOMETRIC-SCHEDULER] Expired biometric sessions purged from DB
2026-06-22 16:25:55.217 [scheduling-1] INFO  [txId=] [corrId=] c.d.f.w.w.WebSocketMetricsLogger - [WS-METRICS] active_sessions=0 total_buffered_frames=0 total_buffer_size={ Milan}MB
2026-06-22 16:25:55.435 [scheduling-1] INFO  [txId=] [corrId=] c.d.f.i.a.PerformanceTracerAspect - [TRACE-JAVA] com.datn.finrisk.core.repository.TransactionRepository.findStalledTransactionIds() executed in 4 ms
2026-06-22 16:25:59.310 [http-nio-8081-exec-4] INFO  [txId=] [corrId=02be3ffb2ecd] c.d.f.i.a.PerformanceTracerAspect - [TRACE-JAVA] com.datn.finrisk.core.services.JwtBlocklistService.isBlocked() executed in 2 ms
2026-06-22 16:25:59.316 [http-nio-8081-exec-4] INFO  [txId=] [corrId=02be3ffb2ecd] c.d.f.i.a.PerformanceTracerAspect - [TRACE-JAVA] com.datn.finrisk.core.repository.TransactionRepository.countTotalTransactions() executed in 3 ms
2026-06-22 16:25:59.320 [http-nio-8081-exec-4] INFO  [txId=] [corrId=02be3ffb2ecd] c.d.f.i.a.PerformanceTracerAspect - [TRACE-JAVA] com.datn.finrisk.core.repository.TransactionRepository.countHighRiskTransactions() executed in 3 ms
2026-06-22 16:25:59.324 [http-nio-8081-exec-4] INFO  [txId=] [corrId=02be3ffb2ecd] c.d.f.i.a.PerformanceTracerAspect - [TRACE-JAVA] com.datn.finrisk.core.repository.TransactionRepository.sumTotalSuccessfulAmount() executed in 3 ms
2026-06-22 16:25:59.324 [http-nio-8081-exec-4] INFO  [txId=] [corrId=02be3ffb2ecd] c.d.f.i.a.PerformanceTracerAspect - [TRACE-JAVA] com.datn.finrisk.web.controllers.AdminController.getDashboardStats() executed in 11 ms
2026-06-22 16:26:25.219 [scheduling-1] INFO  [txId=] [corrId=] c.d.f.i.m.ExecutorMetricsLogger - [EXECUTOR-METRICS][BG-Task       [aiTaskExecutor]] threads=0/1 queue=0/500 (0%) completed=1
2026-06-22 16:26:25.219 [scheduling-1] INFO  [txId=] [corrId=] c.d.f.i.m.ExecutorMetricsLogger - [EXECUTOR-METRICS][RT-Emotion    [realtimeEmotionExecutor]] threads=0/0 queue=0/30 (0%) completed=0
2026-06-22 16:26:25.219 [scheduling-1] INFO  [txId=] [corrId=] c.d.f.i.m.ExecutorMetricsLogger - [EXECUTOR-METRICS][BioVerify     [biometricVerifyExecutor]] threads=0/1 queue=0/50 (0%) completed=1
2026-06-22 16:26:55.220 [scheduling-1] INFO  [txId=] [corrId=] c.d.f.i.m.ExecutorMetricsLogger - [EXECUTOR-METRICS][BG-Task       [aiTaskExecutor]] threads=0/1 queue=0/500 (0%) completed=1
2026-06-22 16:26:55.220 [scheduling-1] INFO  [txId=] [corrId=] c.d.f.i.m.ExecutorMetricsLogger - [EXECUTOR-METRICS][RT-Emotion    [realtimeEmotionExecutor]] threads=0/0 queue=0/30 (0%) completed=0
2026-06-22 16:26:55.220 [scheduling-1] INFO  [txId=] [corrId=] c.d.f.i.m.ExecutorMetricsLogger - [EXECUTOR-METRICS][BioVerify     [biometricVerifyExecutor]] threads=0/1 queue=0/50 (0%) completed=1
2026-06-22 16:27:25.213 [scheduling-1] INFO  [txId=] [corrId=] c.d.f.i.m.ExecutorMetricsLogger - [EXECUTOR-METRICS][BG-Task       [aiTaskExecutor]] threads=0/1 queue=0/500 (0%) completed=1
2026-06-22 16:27:25.213 [scheduling-1] INFO  [txId=] [corrId=] c.d.f.i.m.ExecutorMetricsLogger - [EXECUTOR-METRICS][RT-Emotion    [realtimeEmotionExecutor]] threads=0/0 queue=0/30 (0%) completed=0
2026-06-22 16:27:25.213 [scheduling-1] INFO  [txId=] [corrId=] c.d.f.i.m.ExecutorMetricsLogger - [EXECUTOR-METRICS][BioVerify     [biometricVerifyExecutor]] threads=0/1 queue=0/50 (0%) completed=1
2026-06-22 16:27:55.216 [scheduling-1] INFO  [txId=] [corrId=] c.d.f.i.m.ExecutorMetricsLogger - [EXECUTOR-METRICS][BG-Task       [aiTaskExecutor]] threads=0/1 queue=0/500 (0%) completed=1
2026-06-22 16:27:55.217 [scheduling-1] INFO  [txId=] [corrId=] c.d.f.i.m.ExecutorMetricsLogger - [EXECUTOR-METRICS][RT-Emotion    [realtimeEmotionExecutor]] threads=0/0 queue=0/30 (0%) completed=0
2026-06-22 16:27:55.217 [scheduling-1] INFO  [txId=] [corrId=] c.d.f.i.m.ExecutorMetricsLogger - [EXECUTOR-METRICS][BioVerify     [biometricVerifyExecutor]] threads=0/1 queue=0/50 (0%) completed=1
2026-06-22 16:28:25.222 [scheduling-1] INFO  [txId=] [corrId=] c.d.f.i.m.ExecutorMetricsLogger - [EXECUTOR-METRICS][BG-Task       [aiTaskExecutor]] threads=0/1 queue=0/500 (0%) completed=1
2026-06-22 16:28:25.223 [scheduling-1] INFO  [txId=] [corrId=] c.d.f.i.m.ExecutorMetricsLogger - [EXECUTOR-METRICS][RT-Emotion    [realtimeEmotionExecutor]] threads=0/0 queue=0/30 (0%) completed=0
2026-06-22 16:28:25.223 [scheduling-1] INFO  [txId=] [corrId=] c.d.f.i.m.ExecutorMetricsLogger - [EXECUTOR-METRICS][BioVerify     [biometricVerifyExecutor]] threads=0/1 queue=0/50 (0%) completed=1
2026-06-22 16:28:55.223 [scheduling-1] INFO  [txId=] [corrId=] c.d.f.i.m.ExecutorMetricsLogger - [EXECUTOR-METRICS][BG-Task       [aiTaskExecutor]] threads=0/1 queue=0/500 (0%) completed=1
2026-06-22 16:28:55.223 [scheduling-1] INFO  [txId=] [corrId=] c.d.f.i.m.ExecutorMetricsLogger - [EXECUTOR-METRICS][RT-Emotion    [realtimeEmotionExecutor]] threads=0/0 queue=0/30 (0%) completed=0
2026-06-22 16:28:55.223 [scheduling-1] INFO  [txId=] [corrId=] c.d.f.i.m.ExecutorMetricsLogger - [EXECUTOR-METRICS][BioVerify     [biometricVerifyExecutor]] threads=0/1 queue=0/50 (0%) completed=1
2026-06-22 16:28:59.307 [http-nio-8081-exec-9] INFO  [txId=] [corrId=0abca0c50234] c.d.f.i.a.PerformanceTracerAspect - [TRACE-JAVA] com.datn.finrisk.core.services.JwtBlocklistService.isBlocked() executed in 1 ms
2026-06-22 16:28:59.311 [http-nio-8081-exec-9] INFO  [txId=] [corrId=0abca0c50234] c.d.f.i.a.PerformanceTracerAspect - [TRACE-JAVA] com.datn.finrisk.core.repository.TransactionRepository.countTotalTransactions() executed in 2 ms
2026-06-22 16:28:59.314 [http-nio-8081-exec-9] INFO  [txId=] [corrId=0abca0c50234] c.d.f.i.a.PerformanceTracerAspect - [TRACE-JAVA] com.datn.finrisk.core.repository.TransactionRepository.countHighRiskTransactions() executed in 3 ms
2026-06-22 16:28:59.316 [http-nio-8081-exec-9] INFO  [txId=] [corrId=0abca0c50234] c.d.f.i.a.PerformanceTracerAspect - [TRACE-JAVA] com.datn.finrisk.core.repository.TransactionRepository.sumTotalSuccessfulAmount() executed in 2 ms
2026-06-22 16:28:59.317 [http-nio-8081-exec-9] INFO  [txId=] [corrId=0abca0c50234] c.d.f.i.a.PerformanceTracerAspect - [TRACE-JAVA] com.datn.finrisk.web.controllers.AdminController.getDashboardStats() executed in 8 ms
2026-06-22 16:29:25.210 [scheduling-1] INFO  [txId=] [corrId=] c.d.f.i.m.ExecutorMetricsLogger - [EXECUTOR-METRICS][BG-Task       [aiTaskExecutor]] threads=0/1 queue=0/500 (0%) completed=1
2026-06-22 16:29:25.210 [scheduling-1] INFO  [txId=] [corrId=] c.d.f.i.m.ExecutorMetricsLogger - [EXECUTOR-METRICS][RT-Emotion    [realtimeEmotionExecutor]] threads=0/0 queue=0/30 (0%) completed=0
2026-06-22 16:29:25.210 [scheduling-1] INFO  [txId=] [corrId=] c.d.f.i.m.ExecutorMetricsLogger - [EXECUTOR-METRICS][BioVerify     [biometricVerifyExecutor]] threads=0/1 queue=0/50 (0%) completed=1
2026-06-22 16:29:55.211 [scheduling-1] INFO  [txId=] [corrId=] c.d.f.i.m.ExecutorMetricsLogger - [EXECUTOR-METRICS][BG-Task       [aiTaskExecutor]] threads=0/1 queue=0/500 (0%) completed=1
2026-06-22 16:29:55.212 [scheduling-1] INFO  [txId=] [corrId=] c.d.f.i.m.ExecutorMetricsLogger - [EXECUTOR-METRICS][RT-Emotion    [realtimeEmotionExecutor]] threads=0/0 queue=0/30 (0%) completed=0
2026-06-22 16:29:55.212 [scheduling-1] INFO  [txId=] [corrId=] c.d.f.i.m.ExecutorMetricsLogger - [EXECUTOR-METRICS][BioVerify     [biometricVerifyExecutor]] threads=0/1 queue=0/50 (0%) completed=1
2026-06-22 16:30:25.223 [scheduling-1] INFO  [txId=] [corrId=] c.d.f.i.m.ExecutorMetricsLogger - [EXECUTOR-METRICS][BG-Task       [aiTaskExecutor]] threads=0/1 queue=0/500 (0%) completed=1
2026-06-22 16:30:25.223 [scheduling-1] INFO  [txId=] [corrId=] c.d.f.i.m.ExecutorMetricsLogger - [EXECUTOR-METRICS][RT-Emotion    [realtimeEmotionExecutor]] threads=0/0 queue=0/30 (0%) completed=0
2026-06-22 16:30:25.223 [scheduling-1] INFO  [txId=] [corrId=] c.d.f.i.m.ExecutorMetricsLogger - [EXECUTOR-METRICS][BioVerify     [biometricVerifyExecutor]] threads=0/1 queue=0/50 (0%) completed=1
2026-06-22 16:30:55.219 [scheduling-1] INFO  [txId=] [corrId=] c.d.f.i.m.ExecutorMetricsLogger - [EXECUTOR-METRICS][BG-Task       [aiTaskExecutor]] threads=0/1 queue=0/500 (0%) completed=1
2026-06-22 16:30:55.219 [scheduling-1] INFO  [txId=] [corrId=] c.d.f.i.m.ExecutorMetricsLogger - [EXECUTOR-METRICS][RT-Emotion    [realtimeEmotionExecutor]] threads=0/0 queue=0/30 (0%) completed=0
2026-06-22 16:30:55.219 [scheduling-1] INFO  [txId=] [corrId=] c.d.f.i.m.ExecutorMetricsLogger - [EXECUTOR-METRICS][BioVerify     [biometricVerifyExecutor]] threads=0/1 queue=0/50 (0%) completed=1
2026-06-22 16:30:55.225 [scheduling-1] INFO  [txId=] [corrId=] c.d.f.i.a.PerformanceTracerAspect - [TRACE-JAVA] com.datn.finrisk.core.repository.BiometricSessionRepository.deleteByExpiresAtBefore() executed in 5 ms
2026-06-22 16:30:55.225 [scheduling-1] INFO  [txId=] [corrId=] c.d.f.w.w.BiometricSessionCleanupScheduler - [BIOMETRIC-SCHEDULER] Expired biometric sessions purged from DB
2026-06-22 16:30:55.226 [scheduling-1] INFO  [txId=] [corrId=] c.d.f.w.w.WebSocketMetricsLogger - [WS-METRICS] active_sessions=0 total_buffered_frames=0 total_buffer_size={ Milan}MB
2026-06-22 16:30:55.458 [scheduling-1] INFO  [txId=] [corrId=] c.d.f.i.a.PerformanceTracerAspect - [TRACE-JAVA] com.datn.finrisk.core.repository.TransactionRepository.findStalledTransactionIds() executed in 7 ms
2026-06-22 16:31:00.889 [http-nio-8081-exec-2] INFO  [txId=] [corrId=45b8ccf55850] c.d.f.i.a.PerformanceTracerAspect - [TRACE-JAVA] com.datn.finrisk.core.services.JwtBlocklistService.isBlocked() executed in 3 ms
2026-06-22 16:31:00.891 [http-nio-8081-exec-2] INFO  [txId=] [corrId=45b8ccf55850] c.d.f.i.a.PerformanceTracerAspect - [TRACE-JAVA] com.datn.finrisk.web.controllers.AdminEmotionOverrideController.status() executed in 0 ms
2026-06-22 16:31:00.897 [http-nio-8081-exec-3] INFO  [txId=] [corrId=4502cfa12b09] c.d.f.i.a.PerformanceTracerAspect - [TRACE-JAVA] com.datn.finrisk.core.services.JwtBlocklistService.isBlocked() executed in 1 ms
2026-06-22 16:31:00.900 [http-nio-8081-exec-3] INFO  [txId=] [corrId=4502cfa12b09] c.d.f.i.a.PerformanceTracerAspect - [TRACE-JAVA] com.datn.finrisk.web.controllers.AdminEmotionOverrideController.status() executed in 0 ms
2026-06-22 16:31:25.215 [scheduling-1] INFO  [txId=] [corrId=] c.d.f.i.m.ExecutorMetricsLogger - [EXECUTOR-METRICS][BG-Task       [aiTaskExecutor]] threads=0/1 queue=0/500 (0%) completed=1
2026-06-22 16:31:25.216 [scheduling-1] INFO  [txId=] [corrId=] c.d.f.i.m.ExecutorMetricsLogger - [EXECUTOR-METRICS][RT-Emotion    [realtimeEmotionExecutor]] threads=0/0 queue=0/30 (0%) completed=0
2026-06-22 16:31:25.216 [scheduling-1] INFO  [txId=] [corrId=] c.d.f.i.m.ExecutorMetricsLogger - [EXECUTOR-METRICS][BioVerify     [biometricVerifyExecutor]] threads=0/1 queue=0/50 (0%) completed=1
2026-06-22 16:31:55.215 [scheduling-1] INFO  [txId=] [corrId=] c.d.f.i.m.ExecutorMetricsLogger - [EXECUTOR-METRICS][BG-Task       [aiTaskExecutor]] threads=0/1 queue=0/500 (0%) completed=1
2026-06-22 16:31:55.216 [scheduling-1] INFO  [txId=] [corrId=] c.d.f.i.m.ExecutorMetricsLogger - [EXECUTOR-METRICS][RT-Emotion    [realtimeEmotionExecutor]] threads=0/0 queue=0/30 (0%) completed=0
2026-06-22 16:31:55.216 [scheduling-1] INFO  [txId=] [corrId=] c.d.f.i.m.ExecutorMetricsLogger - [EXECUTOR-METRICS][BioVerify     [biometricVerifyExecutor]] threads=0/1 queue=0/50 (0%) completed=1
2026-06-22 16:32:25.218 [scheduling-1] INFO  [txId=] [corrId=] c.d.f.i.m.ExecutorMetricsLogger - [EXECUTOR-METRICS][BG-Task       [aiTaskExecutor]] threads=0/1 queue=0/500 (0%) completed=1
2026-06-22 16:32:25.219 [scheduling-1] INFO  [txId=] [corrId=] c.d.f.i.m.ExecutorMetricsLogger - [EXECUTOR-METRICS][RT-Emotion    [realtimeEmotionExecutor]] threads=0/0 queue=0/30 (0%) completed=0
2026-06-22 16:32:25.219 [scheduling-1] INFO  [txId=] [corrId=] c.d.f.i.m.ExecutorMetricsLogger - [EXECUTOR-METRICS][BioVerify     [biometricVerifyExecutor]] threads=0/1 queue=0/50 (0%) completed=1
2026-06-22 16:32:55.224 [scheduling-1] INFO  [txId=] [corrId=] c.d.f.i.m.ExecutorMetricsLogger - [EXECUTOR-METRICS][BG-Task       [aiTaskExecutor]] threads=0/1 queue=0/500 (0%) completed=1
2026-06-22 16:32:55.225 [scheduling-1] INFO  [txId=] [corrId=] c.d.f.i.m.ExecutorMetricsLogger - [EXECUTOR-METRICS][RT-Emotion    [realtimeEmotionExecutor]] threads=0/0 queue=0/30 (0%) completed=0
2026-06-22 16:32:55.225 [scheduling-1] INFO  [txId=] [corrId=] c.d.f.i.m.ExecutorMetricsLogger - [EXECUTOR-METRICS][BioVerify     [biometricVerifyExecutor]] threads=0/1 queue=0/50 (0%) completed=1
2026-06-22 16:33:14.591 [http-nio-8081-exec-6] ERROR [txId=] [corrId=69f4fa6a20c0] c.d.finrisk.core.security.JwtUtils - Token JWT đã hết hạn: JWT expired 15591 milliseconds ago at 2026-06-22T09:32:59.000Z. Current time: 2026-06-22T09:33:14.591Z. Allowed clock skew: 0 milliseconds.
2026-06-22 16:33:14.613 [http-nio-8081-exec-8] INFO  [txId=] [corrId=0481e67d8eab] c.d.f.i.a.PerformanceTracerAspect - [TRACE-JAVA] com.datn.finrisk.core.repository.UserRepository.findByUsername() executed in 10 ms
2026-06-22 16:33:14.621 [http-nio-8081-exec-8] INFO  [txId=] [corrId=0481e67d8eab] c.d.f.i.a.PerformanceTracerAspect - [TRACE-JAVA] com.datn.finrisk.web.controllers.AuthController.refreshToken() executed in 18 ms
2026-06-22 16:33:14.628 [http-nio-8081-exec-10] INFO  [txId=] [corrId=99096a119da4] c.d.f.i.a.PerformanceTracerAspect - [TRACE-JAVA] com.datn.finrisk.core.services.JwtBlocklistService.isBlocked() executed in 2 ms
2026-06-22 16:33:14.639 [http-nio-8081-exec-10] WARN  [txId=] [corrId=99096a119da4] c.d.f.w.c.AdminEmotionOverrideController - [EMOTION-OVERRIDE] Enabled by admin — emotion=FEAR confidence=0.9
2026-06-22 16:33:14.640 [http-nio-8081-exec-10] INFO  [txId=] [corrId=99096a119da4] c.d.f.i.a.PerformanceTracerAspect - [TRACE-JAVA] com.datn.finrisk.web.controllers.AdminEmotionOverrideController.enable() executed in 1 ms
2026-06-22 16:33:14.651 [http-nio-8081-exec-2] INFO  [txId=] [corrId=502b9c291ab9] c.d.f.i.a.PerformanceTracerAspect - [TRACE-JAVA] com.datn.finrisk.core.services.JwtBlocklistService.isBlocked() executed in 0 ms
2026-06-22 16:33:14.655 [http-nio-8081-exec-2] INFO  [txId=] [corrId=502b9c291ab9] c.d.f.i.a.PerformanceTracerAspect - [TRACE-JAVA] com.datn.finrisk.web.controllers.AdminEmotionOverrideController.status() executed in 0 ms
2026-06-22 16:33:25.224 [scheduling-1] INFO  [txId=] [corrId=] c.d.f.i.m.ExecutorMetricsLogger - [EXECUTOR-METRICS][BG-Task       [aiTaskExecutor]] threads=0/1 queue=0/500 (0%) completed=1
2026-06-22 16:33:25.224 [scheduling-1] INFO  [txId=] [corrId=] c.d.f.i.m.ExecutorMetricsLogger - [EXECUTOR-METRICS][RT-Emotion    [realtimeEmotionExecutor]] threads=0/0 queue=0/30 (0%) completed=0
2026-06-22 16:33:25.224 [scheduling-1] INFO  [txId=] [corrId=] c.d.f.i.m.ExecutorMetricsLogger - [EXECUTOR-METRICS][BioVerify     [biometricVerifyExecutor]] threads=0/1 queue=0/50 (0%) completed=1
2026-06-22 16:33:35.449 [http-nio-8081-exec-5] INFO  [txId=] [corrId=815232ba8baf] c.d.f.i.a.PerformanceTracerAspect - [TRACE-JAVA] com.datn.finrisk.core.services.RateLimitService.isLoginBlocked() executed in 1 ms
2026-06-22 16:33:35.450 [http-nio-8081-exec-5] INFO  [txId=] [corrId=815232ba8baf] c.d.f.core.services.AuthService - === BẮT ĐẦU XỬ LÝ LOGIN CHO USER: congnhan_b ===
2026-06-22 16:33:35.465 [http-nio-8081-exec-5] INFO  [txId=] [corrId=815232ba8baf] c.d.f.i.a.PerformanceTracerAspect - [TRACE-JAVA] com.datn.finrisk.core.repository.UserRepository.findByUsername() executed in 14 ms
2026-06-22 16:33:35.465 [http-nio-8081-exec-5] INFO  [txId=] [corrId=815232ba8baf] c.d.f.core.services.AuthService - 🔍 ĐANG SO SÁNH MẬT KHẨU...
2026-06-22 16:33:35.538 [http-nio-8081-exec-5] DEBUG [txId=] [corrId=815232ba8baf] c.d.f.core.services.AuthService - 🎯 KẾT QUẢ SO SÁNH: true
2026-06-22 16:33:35.545 [http-nio-8081-exec-5] INFO  [txId=] [corrId=815232ba8baf] c.d.f.i.a.PerformanceTracerAspect - [TRACE-JAVA] com.datn.finrisk.core.repository.AccountRepository.findByUserId() executed in 6 ms
2026-06-22 16:33:35.545 [http-nio-8081-exec-5] INFO  [txId=] [corrId=815232ba8baf] c.d.f.core.services.AuthService - ✅ LOGIN THÀNH CÔNG CHO USER: congnhan_b
2026-06-22 16:33:35.545 [http-nio-8081-exec-5] INFO  [txId=] [corrId=815232ba8baf] c.d.f.i.a.PerformanceTracerAspect - [TRACE-JAVA] com.datn.finrisk.core.services.AuthService.login() executed in 95 ms
2026-06-22 16:33:35.547 [http-nio-8081-exec-5] INFO  [txId=] [corrId=815232ba8baf] c.d.f.i.a.PerformanceTracerAspect - [TRACE-JAVA] com.datn.finrisk.core.services.RateLimitService.clearLoginAttempts() executed in 2 ms
2026-06-22 16:33:35.564 [http-nio-8081-exec-5] INFO  [txId=] [corrId=815232ba8baf] c.d.f.i.a.PerformanceTracerAspect - [TRACE-JAVA] com.datn.finrisk.core.repository.UserDeviceRepository.findByUserIdAndDeviceFingerprint() executed in 17 ms
2026-06-22 16:33:35.574 [http-nio-8081-exec-5] INFO  [txId=] [corrId=815232ba8baf] c.d.f.core.services.AuditLogService - [AUDIT] action=LOGIN_SUCCESS user=congnhan_b
2026-06-22 16:33:35.574 [http-nio-8081-exec-5] INFO  [txId=] [corrId=815232ba8baf] c.d.f.i.a.PerformanceTracerAspect - [TRACE-JAVA] com.datn.finrisk.core.services.AuditLogService.logAction() executed in 10 ms
2026-06-22 16:33:35.588 [http-nio-8081-exec-5] INFO  [txId=] [corrId=815232ba8baf] c.d.f.i.a.PerformanceTracerAspect - [TRACE-JAVA] com.datn.finrisk.core.repository.UserDeviceRepository.findByUserIdAndDeviceFingerprint() executed in 4 ms
2026-06-22 16:33:35.596 [http-nio-8081-exec-5] INFO  [txId=] [corrId=815232ba8baf] c.d.f.i.a.PerformanceTracerAspect - [TRACE-JAVA] com.datn.finrisk.core.repository.AccountRepository.findByUser() executed in 2 ms
2026-06-22 16:33:35.597 [http-nio-8081-exec-5] DEBUG [txId=] [corrId=815232ba8baf] c.d.f.web.controllers.AuthController - [AUTH] Account linked user=congnhan_b account=CN_MAIN_001
2026-06-22 16:33:35.597 [http-nio-8081-exec-5] INFO  [txId=] [corrId=815232ba8baf] c.d.f.i.a.PerformanceTracerAspect - [TRACE-JAVA] com.datn.finrisk.web.controllers.AuthController.login() executed in 149 ms
2026-06-22 16:33:36.574 [http-nio-8081-exec-9] INFO  [txId=] [corrId=884e4b25e02b] c.d.f.i.a.PerformanceTracerAspect - [TRACE-JAVA] com.datn.finrisk.core.services.JwtBlocklistService.isBlocked() executed in 0 ms
2026-06-22 16:33:36.577 [http-nio-8081-exec-8] INFO  [txId=] [corrId=2d434a43f42d] c.d.f.i.a.PerformanceTracerAspect - [TRACE-JAVA] com.datn.finrisk.core.services.JwtBlocklistService.isBlocked() executed in 1 ms
2026-06-22 16:33:36.591 [http-nio-8081-exec-9] INFO  [txId=] [corrId=884e4b25e02b] c.d.f.i.a.PerformanceTracerAspect - [TRACE-JAVA] com.datn.finrisk.core.repository.TransactionLedgerRepository.findRecentDebitsWithTransaction() executed in 13 ms
2026-06-22 16:33:36.596 [http-nio-8081-exec-9] INFO  [txId=] [corrId=884e4b25e02b] c.d.f.i.a.PerformanceTracerAspect - [TRACE-JAVA] com.datn.finrisk.core.repository.AccountRepository.findAccountNumbersAndNames() executed in 5 ms
2026-06-22 16:33:36.596 [http-nio-8081-exec-9] INFO  [txId=] [corrId=884e4b25e02b] c.d.f.i.a.PerformanceTracerAspect - [TRACE-JAVA] com.datn.finrisk.web.controllers.TransactionController.getRecentRecipients() executed in 19 ms
2026-06-22 16:33:36.601 [http-nio-8081-exec-8] INFO  [txId=] [corrId=2d434a43f42d] c.d.f.i.a.PerformanceTracerAspect - [TRACE-JAVA] com.datn.finrisk.web.controllers.UserController.getContacts() executed in 22 ms
2026-06-22 16:33:36.602 [http-nio-8081-exec-10] INFO  [txId=] [corrId=a6b292866e7c] c.d.f.i.a.PerformanceTracerAspect - [TRACE-JAVA] com.datn.finrisk.core.services.JwtBlocklistService.isBlocked() executed in 1 ms
2026-06-22 16:33:36.604 [http-nio-8081-exec-1] INFO  [txId=] [corrId=151b3bbce999] c.d.f.i.a.PerformanceTracerAspect - [TRACE-JAVA] com.datn.finrisk.core.services.JwtBlocklistService.isBlocked() executed in 1 ms
2026-06-22 16:33:36.609 [http-nio-8081-exec-10] INFO  [txId=] [corrId=a6b292866e7c] c.d.f.i.a.PerformanceTracerAspect - [TRACE-JAVA] com.datn.finrisk.core.repository.TransactionLedgerRepository.findRecentDebitsWithTransaction() executed in 6 ms
2026-06-22 16:33:36.611 [http-nio-8081-exec-10] INFO  [txId=] [corrId=a6b292866e7c] c.d.f.i.a.PerformanceTracerAspect - [TRACE-JAVA] com.datn.finrisk.core.repository.AccountRepository.findAccountNumbersAndNames() executed in 2 ms
2026-06-22 16:33:36.611 [http-nio-8081-exec-10] INFO  [txId=] [corrId=a6b292866e7c] c.d.f.i.a.PerformanceTracerAspect - [TRACE-JAVA] com.datn.finrisk.web.controllers.TransactionController.getRecentRecipients() executed in 8 ms
2026-06-22 16:33:36.613 [http-nio-8081-exec-1] INFO  [txId=] [corrId=151b3bbce999] c.d.f.i.a.PerformanceTracerAspect - [TRACE-JAVA] com.datn.finrisk.web.controllers.UserController.getContacts() executed in 6 ms
2026-06-22 16:33:38.874 [http-nio-8081-exec-3] INFO  [txId=] [corrId=2a9ddb2f30fd] c.d.f.i.a.PerformanceTracerAspect - [TRACE-JAVA] com.datn.finrisk.core.services.JwtBlocklistService.isBlocked() executed in 0 ms
2026-06-22 16:33:38.879 [http-nio-8081-exec-3] INFO  [txId=] [corrId=2a9ddb2f30fd] c.d.f.i.a.PerformanceTracerAspect - [TRACE-JAVA] com.datn.finrisk.core.repository.AccountRepository.findFullNameByAccountNumber() executed in 2 ms
2026-06-22 16:33:38.879 [http-nio-8081-exec-3] INFO  [txId=] [corrId=2a9ddb2f30fd] c.d.f.i.a.PerformanceTracerAspect - [TRACE-JAVA] com.datn.finrisk.web.controllers.TransactionController.lookupAccountName() executed in 2 ms
2026-06-22 16:33:45.373 [http-nio-8081-exec-6] INFO  [txId=] [corrId=37797fd2f21d] c.d.f.i.a.PerformanceTracerAspect - [TRACE-JAVA] com.datn.finrisk.core.services.JwtBlocklistService.isBlocked() executed in 0 ms
2026-06-22 16:33:45.380 [http-nio-8081-exec-6] INFO  [txId=] [corrId=37797fd2f21d] c.d.f.i.a.PerformanceTracerAspect - [TRACE-JAVA] com.datn.finrisk.core.repository.TransactionRepository.countTotalTransactions() executed in 3 ms
2026-06-22 16:33:45.385 [http-nio-8081-exec-6] INFO  [txId=] [corrId=37797fd2f21d] c.d.f.i.a.PerformanceTracerAspect - [TRACE-JAVA] com.datn.finrisk.core.repository.TransactionRepository.countHighRiskTransactions() executed in 5 ms
2026-06-22 16:33:45.389 [http-nio-8081-exec-6] INFO  [txId=] [corrId=37797fd2f21d] c.d.f.i.a.PerformanceTracerAspect - [TRACE-JAVA] com.datn.finrisk.core.repository.TransactionRepository.sumTotalSuccessfulAmount() executed in 4 ms
2026-06-22 16:33:45.390 [http-nio-8081-exec-6] INFO  [txId=] [corrId=37797fd2f21d] c.d.f.i.a.PerformanceTracerAspect - [TRACE-JAVA] com.datn.finrisk.web.controllers.AdminController.getDashboardStats() executed in 13 ms
2026-06-22 16:33:45.395 [http-nio-8081-exec-7] INFO  [txId=] [corrId=4108dc79d339] c.d.f.i.a.PerformanceTracerAspect - [TRACE-JAVA] com.datn.finrisk.core.services.JwtBlocklistService.isBlocked() executed in 1 ms
2026-06-22 16:33:45.399 [http-nio-8081-exec-7] INFO  [txId=] [corrId=4108dc79d339] c.d.f.i.a.PerformanceTracerAspect - [TRACE-JAVA] com.datn.finrisk.core.repository.TransactionRepository.countTotalTransactions() executed in 3 ms
2026-06-22 16:33:45.403 [http-nio-8081-exec-7] INFO  [txId=] [corrId=4108dc79d339] c.d.f.i.a.PerformanceTracerAspect - [TRACE-JAVA] com.datn.finrisk.core.repository.TransactionRepository.countHighRiskTransactions() executed in 4 ms
2026-06-22 16:33:45.406 [http-nio-8081-exec-7] INFO  [txId=] [corrId=4108dc79d339] c.d.f.i.a.PerformanceTracerAspect - [TRACE-JAVA] com.datn.finrisk.core.repository.TransactionRepository.sumTotalSuccessfulAmount() executed in 3 ms
2026-06-22 16:33:45.406 [http-nio-8081-exec-7] INFO  [txId=] [corrId=4108dc79d339] c.d.f.i.a.PerformanceTracerAspect - [TRACE-JAVA] com.datn.finrisk.web.controllers.AdminController.getDashboardStats() executed in 10 ms
2026-06-22 16:33:47.195 [http-nio-8081-exec-8] INFO  [txId=] [corrId=67f956488a28] c.d.f.i.a.PerformanceTracerAspect - [TRACE-JAVA] com.datn.finrisk.core.services.JwtBlocklistService.isBlocked() executed in 1 ms
2026-06-22 16:33:47.260 [http-nio-8081-exec-8] INFO  [txId=] [corrId=67f956488a28] c.d.f.i.a.PerformanceTracerAspect - [TRACE-JAVA] com.datn.finrisk.core.repository.UserRepository.searchUsers() executed in 54 ms
2026-06-22 16:33:47.261 [http-nio-8081-exec-8] INFO  [txId=] [corrId=67f956488a28] c.d.f.i.a.PerformanceTracerAspect - [TRACE-JAVA] com.datn.finrisk.core.services.AdminUserService.getUsers() executed in 59 ms
2026-06-22 16:33:47.261 [http-nio-8081-exec-8] INFO  [txId=] [corrId=67f956488a28] c.d.f.i.a.PerformanceTracerAspect - [TRACE-JAVA] com.datn.finrisk.web.controllers.AdminController.getAllUsers() executed in 63 ms
2026-06-22 16:33:47.273 [http-nio-8081-exec-8] WARN  [txId=] [corrId=67f956488a28] o.s.d.w.c.SpringDataJacksonConfiguration$PageModule$WarningLoggingModifier - Serializing PageImpl instances as-is is not supported, meaning that there is no guarantee about the stability of the resulting JSON structure!
	For a stable JSON structure, please use Spring Data's PagedModel (globally via @EnableSpringDataWebSupport(pageSerializationMode = VIA_DTO))
	or Spring HATEOAS and Spring Data's PagedResourcesAssembler as documented in https://docs.spring.io/spring-data/commons/reference/repositories/core-extensions.html#core.web.pageables.

2026-06-22 16:33:49.915 [http-nio-8081-exec-1] INFO  [txId=] [corrId=fc0b76cddf3f] c.d.f.i.a.PerformanceTracerAspect - [TRACE-JAVA] com.datn.finrisk.core.services.JwtBlocklistService.isBlocked() executed in 1 ms
2026-06-22 16:33:49.925 [http-nio-8081-exec-1] INFO  [txId=] [corrId=fc0b76cddf3f] c.d.f.i.a.PerformanceTracerAspect - [TRACE-JAVA] com.datn.finrisk.core.repository.UserRepository.searchUsers() executed in 7 ms
2026-06-22 16:33:49.925 [http-nio-8081-exec-1] INFO  [txId=] [corrId=fc0b76cddf3f] c.d.f.i.a.PerformanceTracerAspect - [TRACE-JAVA] com.datn.finrisk.core.services.AdminUserService.getUsers() executed in 7 ms
2026-06-22 16:33:49.925 [http-nio-8081-exec-1] INFO  [txId=] [corrId=fc0b76cddf3f] c.d.f.i.a.PerformanceTracerAspect - [TRACE-JAVA] com.datn.finrisk.web.controllers.AdminController.getAllUsers() executed in 7 ms
2026-06-22 16:33:54.357 [http-nio-8081-exec-5] INFO  [txId=] [corrId=754422da1819] c.d.f.i.a.PerformanceTracerAspect - [TRACE-JAVA] com.datn.finrisk.core.services.JwtBlocklistService.isBlocked() executed in 2 ms
2026-06-22 16:33:54.362 [http-nio-8081-exec-5] INFO  [txId=] [corrId=754422da1819] c.d.f.i.a.PerformanceTracerAspect - [TRACE-JAVA] com.datn.finrisk.core.repository.TransactionRepository.countTotalTransactions() executed in 2 ms
2026-06-22 16:33:54.366 [http-nio-8081-exec-5] INFO  [txId=] [corrId=754422da1819] c.d.f.i.a.PerformanceTracerAspect - [TRACE-JAVA] com.datn.finrisk.core.repository.TransactionRepository.countHighRiskTransactions() executed in 4 ms
2026-06-22 16:33:54.369 [http-nio-8081-exec-5] INFO  [txId=] [corrId=754422da1819] c.d.f.i.a.PerformanceTracerAspect - [TRACE-JAVA] com.datn.finrisk.core.repository.TransactionRepository.sumTotalSuccessfulAmount() executed in 3 ms
2026-06-22 16:33:54.369 [http-nio-8081-exec-5] INFO  [txId=] [corrId=754422da1819] c.d.f.i.a.PerformanceTracerAspect - [TRACE-JAVA] com.datn.finrisk.web.controllers.AdminController.getDashboardStats() executed in 9 ms
2026-06-22 16:33:54.372 [http-nio-8081-exec-4] INFO  [txId=] [corrId=f3c9b813835f] c.d.f.i.a.PerformanceTracerAspect - [TRACE-JAVA] com.datn.finrisk.core.services.JwtBlocklistService.isBlocked() executed in 0 ms
2026-06-22 16:33:54.377 [http-nio-8081-exec-4] INFO  [txId=] [corrId=f3c9b813835f] c.d.f.i.a.PerformanceTracerAspect - [TRACE-JAVA] com.datn.finrisk.core.repository.TransactionRepository.countTotalTransactions() executed in 1 ms
2026-06-22 16:33:54.380 [http-nio-8081-exec-4] INFO  [txId=] [corrId=f3c9b813835f] c.d.f.i.a.PerformanceTracerAspect - [TRACE-JAVA] com.datn.finrisk.core.repository.TransactionRepository.countHighRiskTransactions() executed in 3 ms
2026-06-22 16:33:54.382 [http-nio-8081-exec-4] INFO  [txId=] [corrId=f3c9b813835f] c.d.f.i.a.PerformanceTracerAspect - [TRACE-JAVA] com.datn.finrisk.core.repository.TransactionRepository.sumTotalSuccessfulAmount() executed in 2 ms
2026-06-22 16:33:54.382 [http-nio-8081-exec-4] INFO  [txId=] [corrId=f3c9b813835f] c.d.f.i.a.PerformanceTracerAspect - [TRACE-JAVA] com.datn.finrisk.web.controllers.AdminController.getDashboardStats() executed in 7 ms
2026-06-22 16:33:55.219 [scheduling-1] INFO  [txId=] [corrId=] c.d.f.i.m.ExecutorMetricsLogger - [EXECUTOR-METRICS][BG-Task       [aiTaskExecutor]] threads=0/1 queue=0/500 (0%) completed=1
2026-06-22 16:33:55.219 [scheduling-1] INFO  [txId=] [corrId=] c.d.f.i.m.ExecutorMetricsLogger - [EXECUTOR-METRICS][RT-Emotion    [realtimeEmotionExecutor]] threads=0/0 queue=0/30 (0%) completed=0
2026-06-22 16:33:55.219 [scheduling-1] INFO  [txId=] [corrId=] c.d.f.i.m.ExecutorMetricsLogger - [EXECUTOR-METRICS][BioVerify     [biometricVerifyExecutor]] threads=0/1 queue=0/50 (0%) completed=1
2026-06-22 16:34:01.305 [http-nio-8081-exec-7] INFO  [txId=] [corrId=9f29f0e39748] c.d.f.i.a.PerformanceTracerAspect - [TRACE-JAVA] com.datn.finrisk.core.services.JwtBlocklistService.isBlocked() executed in 0 ms
2026-06-22 16:34:01.317 [http-nio-8081-exec-7] INFO  [txId=] [corrId=9f29f0e39748] c.d.f.i.a.PerformanceTracerAspect - [TRACE-JAVA] com.datn.finrisk.core.repository.UserRepository.searchUsers() executed in 9 ms
2026-06-22 16:34:01.318 [http-nio-8081-exec-7] INFO  [txId=] [corrId=9f29f0e39748] c.d.f.i.a.PerformanceTracerAspect - [TRACE-JAVA] com.datn.finrisk.core.services.AdminUserService.getUsers() executed in 10 ms
2026-06-22 16:34:01.318 [http-nio-8081-exec-7] INFO  [txId=] [corrId=9f29f0e39748] c.d.f.i.a.PerformanceTracerAspect - [TRACE-JAVA] com.datn.finrisk.web.controllers.AdminController.getAllUsers() executed in 10 ms
2026-06-22 16:34:04.745 [http-nio-8081-exec-8] INFO  [txId=] [corrId=2ca0d593fbe9] c.d.f.i.a.PerformanceTracerAspect - [TRACE-JAVA] com.datn.finrisk.core.services.JwtBlocklistService.isBlocked() executed in 1 ms
2026-06-22 16:34:04.751 [http-nio-8081-exec-8] INFO  [txId=] [corrId=2ca0d593fbe9] c.d.f.i.a.PerformanceTracerAspect - [TRACE-JAVA] com.datn.finrisk.core.repository.UserRepository.searchUsers() executed in 4 ms
2026-06-22 16:34:04.751 [http-nio-8081-exec-8] INFO  [txId=] [corrId=2ca0d593fbe9] c.d.f.i.a.PerformanceTracerAspect - [TRACE-JAVA] com.datn.finrisk.core.services.AdminUserService.getUsers() executed in 4 ms
2026-06-22 16:34:04.751 [http-nio-8081-exec-8] INFO  [txId=] [corrId=2ca0d593fbe9] c.d.f.i.a.PerformanceTracerAspect - [TRACE-JAVA] com.datn.finrisk.web.controllers.AdminController.getAllUsers() executed in 4 ms
2026-06-22 16:34:08.477 [http-nio-8081-exec-1] INFO  [txId=] [corrId=0f3b8a21a9f2] c.d.f.i.a.PerformanceTracerAspect - [TRACE-JAVA] com.datn.finrisk.core.services.JwtBlocklistService.isBlocked() executed in 1 ms
2026-06-22 16:34:08.495 [http-nio-8081-exec-1] INFO  [txId=] [corrId=0f3b8a21a9f2] c.d.f.core.services.AuditLogService - [AUDIT] action=TOGGLE_ADMIN_FLAG user=Administrator@gmail.com
2026-06-22 16:34:08.495 [http-nio-8081-exec-1] INFO  [txId=] [corrId=0f3b8a21a9f2] c.d.f.i.a.PerformanceTracerAspect - [TRACE-JAVA] com.datn.finrisk.core.services.AuditLogService.logAction() executed in 2 ms
2026-06-22 16:34:08.504 [http-nio-8081-exec-1] INFO  [txId=] [corrId=0f3b8a21a9f2] c.d.f.i.a.PerformanceTracerAspect - [TRACE-JAVA] com.datn.finrisk.core.services.AdminUserService.toggleSuspicious() executed in 24 ms
2026-06-22 16:34:08.510 [http-nio-8081-exec-1] INFO  [txId=] [corrId=0f3b8a21a9f2] c.d.f.i.a.PerformanceTracerAspect - [TRACE-JAVA] com.datn.finrisk.web.controllers.AdminController.toggleSuspicious() executed in 31 ms
2026-06-22 16:34:08.520 [http-nio-8081-exec-2] INFO  [txId=] [corrId=25c6e0cf1652] c.d.f.i.a.PerformanceTracerAspect - [TRACE-JAVA] com.datn.finrisk.core.services.JwtBlocklistService.isBlocked() executed in 1 ms
2026-06-22 16:34:08.528 [http-nio-8081-exec-2] INFO  [txId=] [corrId=25c6e0cf1652] c.d.f.i.a.PerformanceTracerAspect - [TRACE-JAVA] com.datn.finrisk.core.repository.UserRepository.searchUsers() executed in 6 ms
2026-06-22 16:34:08.528 [http-nio-8081-exec-2] INFO  [txId=] [corrId=25c6e0cf1652] c.d.f.i.a.PerformanceTracerAspect - [TRACE-JAVA] com.datn.finrisk.core.services.AdminUserService.getUsers() executed in 6 ms
2026-06-22 16:34:08.528 [http-nio-8081-exec-2] INFO  [txId=] [corrId=25c6e0cf1652] c.d.f.i.a.PerformanceTracerAspect - [TRACE-JAVA] com.datn.finrisk.web.controllers.AdminController.getAllUsers() executed in 7 ms
2026-06-22 16:34:11.685 [http-nio-8081-exec-5] INFO  [txId=] [corrId=f96f6bd447fa] c.d.f.i.a.PerformanceTracerAspect - [TRACE-JAVA] com.datn.finrisk.core.services.JwtBlocklistService.isBlocked() executed in 1 ms
2026-06-22 16:34:11.694 [http-nio-8081-exec-5] INFO  [txId=] [corrId=f96f6bd447fa] c.d.f.i.a.PerformanceTracerAspect - [TRACE-JAVA] com.datn.finrisk.core.repository.AccountRepository.findByIdWithUserAndSecurity() executed in 5 ms
2026-06-22 16:34:11.698 [http-nio-8081-exec-5] INFO  [txId=] [corrId=f96f6bd447fa] c.d.f.i.a.PerformanceTracerAspect - [TRACE-JAVA] com.datn.finrisk.core.repository.AccountRepository.findByIdWithUserAndSecurity() executed in 3 ms
2026-06-22 16:34:11.703 [http-nio-8081-exec-5] INFO  [txId=] [corrId=f96f6bd447fa] c.d.f.i.a.PerformanceTracerAspect - [TRACE-JAVA] com.datn.finrisk.core.repository.TransactionLedgerRepository.existsByAccountIdAndToAccountNumber() executed in 5 ms
2026-06-22 16:34:11.703 [http-nio-8081-exec-5] DEBUG [txId=] [corrId=f96f6bd447fa] c.d.f.c.s.RiskEvaluationService - [RISK-ENGINE][START] tx=null evaluating risk
2026-06-22 16:34:11.708 [http-nio-8081-exec-5] INFO  [txId=] [corrId=f96f6bd447fa] c.d.f.i.a.PerformanceTracerAspect - [TRACE-JAVA] com.datn.finrisk.core.repository.RuleRepository.findByIsActiveTrue() executed in 4 ms
2026-06-22 16:34:11.710 [http-nio-8081-exec-5] INFO  [txId=] [corrId=f96f6bd447fa] c.d.f.i.a.PerformanceTracerAspect - [TRACE-JAVA] com.datn.finrisk.core.repository.TransactionRepository.countRecentTransactions() executed in 2 ms
2026-06-22 16:34:11.713 [http-nio-8081-exec-5] INFO  [txId=] [corrId=f96f6bd447fa] c.d.f.i.a.PerformanceTracerAspect - [TRACE-JAVA] com.datn.finrisk.core.repository.TransactionRepository.sumSuccessfulAmountToday() executed in 2 ms
2026-06-22 16:34:11.716 [http-nio-8081-exec-5] INFO  [txId=] [corrId=f96f6bd447fa] c.d.f.i.a.PerformanceTracerAspect - [TRACE-JAVA] com.datn.finrisk.core.services.BehavioralProfilingService.calculateBehavioralAnomalyScore() executed in 2 ms
2026-06-22 16:34:11.720 [http-nio-8081-exec-5] INFO  [txId=] [corrId=f96f6bd447fa] c.d.f.i.a.PerformanceTracerAspect - [TRACE-JAVA] com.datn.finrisk.core.repository.UserDeviceRepository.findByUserIdAndDeviceFingerprint() executed in 4 ms
2026-06-22 16:34:11.720 [http-nio-8081-exec-5] DEBUG [txId=] [corrId=f96f6bd447fa] c.d.f.c.s.RiskEvaluationService - [RISK-ENGINE][CTX] tx=null amount=100000000 deviceTrusted=true isNewRecipient=false suspiciousSession=true isNightTime=false recentTxCount=0 balanceRatio=0.118 dailyTotalAmount=140000000
2026-06-22 16:34:11.722 [http-nio-8081-exec-5] DEBUG [txId=] [corrId=f96f6bd447fa] c.d.f.c.s.RiskEvaluationService - [RISK-ENGINE][RULE-HIT] tx=null rule='Phiên rủi ro vị trí/IP' id=5 cat=DEVICE score=40
2026-06-22 16:34:11.723 [http-nio-8081-exec-5] DEBUG [txId=] [corrId=f96f6bd447fa] c.d.f.c.s.RiskEvaluationService - [RISK-ENGINE][RULE-HIT] tx=null rule='Tuân thủ QĐ 2345/NHNN' id=7 cat=FINANCIAL score=0
2026-06-22 16:34:11.724 [http-nio-8081-exec-5] DEBUG [txId=] [corrId=f96f6bd447fa] c.d.f.c.s.RiskEvaluationService - [RISK-ENGINE][RULE-HIT] tx=null rule='Hạn mức tích lũy ngày cao' id=11 cat=FINANCIAL score=40
2026-06-22 16:34:11.724 [http-nio-8081-exec-5] DEBUG [txId=] [corrId=f96f6bd447fa] c.d.f.c.s.RiskEvaluationService - [RISK-ENGINE][AI] tx=null txCount=372 behavioralScore=100 reliability=1.00 contribution=35
2026-06-22 16:34:11.724 [http-nio-8081-exec-5] INFO  [txId=] [corrId=f96f6bd447fa] c.d.f.c.s.RiskEvaluationService - [RISK-ENGINE][RESULT] tx=null final=100 cat_total=80 ai=35 cats={DEVICE=40, FINANCIAL=40} override=MEDIUM_2
2026-06-22 16:34:11.724 [http-nio-8081-exec-5] INFO  [txId=] [corrId=f96f6bd447fa] c.d.f.i.a.PerformanceTracerAspect - [TRACE-JAVA] com.datn.finrisk.core.services.RiskEvaluationService.evaluateRisk() executed in 21 ms
2026-06-22 16:34:11.732 [http-nio-8081-exec-5] DEBUG [txId=] [corrId=f96f6bd447fa] c.d.f.c.services.TransactionService - Transaction saved: id=4854
2026-06-22 16:34:11.736 [http-nio-8081-exec-5] DEBUG [txId=] [corrId=f96f6bd447fa] c.d.f.c.services.TransactionService - Saved 2 risk score(s) for tx=4854
2026-06-22 16:34:11.742 [http-nio-8081-exec-5] DEBUG [txId=] [corrId=f96f6bd447fa] c.d.f.c.services.TransactionService - Saved 5 AI insight(s) for tx=4854
2026-06-22 16:34:11.747 [http-nio-8081-exec-5] INFO  [txId=] [corrId=f96f6bd447fa] c.d.f.i.a.PerformanceTracerAspect - [TRACE-JAVA] com.datn.finrisk.core.repository.RiskPolicyRepository.findByScore() executed in 4 ms
2026-06-22 16:34:11.750 [http-nio-8081-exec-5] INFO  [txId=] [corrId=f96f6bd447fa] c.d.f.i.a.PerformanceTracerAspect - [TRACE-JAVA] com.datn.finrisk.core.repository.RiskPolicyRepository.findByRiskLevel() executed in 3 ms
2026-06-22 16:34:11.750 [http-nio-8081-exec-5] INFO  [txId=] [corrId=f96f6bd447fa] c.d.f.c.services.TransactionService - Risk evaluation: score=100 level=HIGH desc=CẢNH BÁO: AI Cảm xúc + Voice OTP
2026-06-22 16:34:11.753 [http-nio-8081-exec-5] INFO  [txId=] [corrId=f96f6bd447fa] c.d.f.c.s.AdvancedFaceActionStrategy - [FaceStrategy][EXECUTE] tx=4854 riskLevel=HIGH → PENDING_PIN_HIGH
2026-06-22 16:34:11.754 [http-nio-8081-exec-5] INFO  [txId=] [corrId=f96f6bd447fa] c.d.f.i.a.PerformanceTracerAspect - [TRACE-JAVA] com.datn.finrisk.core.strategies.AdvancedFaceActionStrategy.execute() executed in 1 ms
2026-06-22 16:34:11.754 [http-nio-8081-exec-5] INFO  [txId=] [corrId=f96f6bd447fa] c.d.f.i.a.PerformanceTracerAspect - [TRACE-JAVA] com.datn.finrisk.core.services.TransactionService.initiateTransaction() executed in 59 ms
2026-06-22 16:34:11.764 [http-nio-8081-exec-5] INFO  [txId=] [corrId=f96f6bd447fa] c.d.f.core.services.AuditLogService - [AUDIT] action=TRANSACTION_INITIATED user=congnhan_b
2026-06-22 16:34:11.764 [http-nio-8081-exec-5] INFO  [txId=] [corrId=f96f6bd447fa] c.d.f.i.a.PerformanceTracerAspect - [TRACE-JAVA] com.datn.finrisk.core.services.AuditLogService.logAction() executed in 4 ms
2026-06-22 16:34:11.764 [http-nio-8081-exec-5] INFO  [txId=] [corrId=f96f6bd447fa] c.d.f.i.a.PerformanceTracerAspect - [TRACE-JAVA] com.datn.finrisk.web.controllers.TransactionController.processTransaction() executed in 75 ms
2026-06-22 16:34:13.971 [http-nio-8081-exec-6] INFO  [txId=] [corrId=710d3f7c81e6] c.d.f.i.a.PerformanceTracerAspect - [TRACE-JAVA] com.datn.finrisk.core.services.JwtBlocklistService.isBlocked() executed in 1 ms
2026-06-22 16:34:13.973 [http-nio-8081-exec-6] INFO  [txId=] [corrId=710d3f7c81e6] c.d.f.w.c.TransactionController - 🚨 [BẪY DEBUG] Nhận request verify cho TxID: 4854 - Lúc: 1782120853973
2026-06-22 16:34:13.978 [http-nio-8081-exec-6] INFO  [txId=] [corrId=710d3f7c81e6] c.d.f.i.a.PerformanceTracerAspect - [TRACE-JAVA] com.datn.finrisk.core.repository.TransactionRepository.findByIdWithUserSecurity() executed in 5 ms
2026-06-22 16:34:14.053 [http-nio-8081-exec-6] INFO  [txId=] [corrId=710d3f7c81e6] c.d.f.i.a.PerformanceTracerAspect - [TRACE-JAVA] com.datn.finrisk.core.services.PinService.verifyPin() executed in 74 ms
2026-06-22 16:34:14.117 [http-nio-8081-exec-6] INFO  [txId=] [corrId=710d3f7c81e6] c.d.f.i.a.PerformanceTracerAspect - [TRACE-JAVA] com.datn.finrisk.core.services.OtpService.generateVoiceOtp() executed in 43 ms
2026-06-22 16:34:14.118 [http-nio-8081-exec-6] INFO  [txId=] [corrId=710d3f7c81e6] c.d.f.i.a.PerformanceTracerAspect - [TRACE-JAVA] com.datn.finrisk.web.controllers.TransactionController.verifyAndExecute() executed in 145 ms
2026-06-22 16:34:14.179 [http-nio-8081-exec-7] INFO  [txId=] [corrId=2a40b189b7ec] c.d.f.i.a.PerformanceTracerAspect - [TRACE-JAVA] com.datn.finrisk.core.repository.BiometricSessionRepository.findBySessionTokenEager() executed in 12 ms
2026-06-22 16:34:14.179 [http-nio-8081-exec-7] DEBUG [txId=] [corrId=2a40b189b7ec] c.d.f.w.websocket.WsConnectionGuard - [WS-GUARD] ip=0:0:0:0:0:0:0:1 — slot acquired (1/5)
2026-06-22 16:34:14.180 [http-nio-8081-exec-7] INFO  [txId=] [corrId=2a40b189b7ec] c.d.f.w.w.BiometricHandshakeInterceptor - [WS-SECURITY] ip=0:0:0:0:0:0:0:1 user=congnhan_b — handshake accepted
2026-06-22 16:34:14.191 [http-nio-8081-exec-9] INFO  [txId=] [corrId=b7ab1bc42f4d] c.d.f.i.a.PerformanceTracerAspect - [TRACE-JAVA] com.datn.finrisk.core.repository.BiometricSessionRepository.findBySessionTokenEager() executed in 6 ms
2026-06-22 16:34:14.192 [http-nio-8081-exec-9] DEBUG [txId=] [corrId=b7ab1bc42f4d] c.d.f.w.websocket.WsConnectionGuard - [WS-GUARD] ip=0:0:0:0:0:0:0:1 — slot acquired (2/5)
2026-06-22 16:34:14.192 [http-nio-8081-exec-9] INFO  [txId=] [corrId=b7ab1bc42f4d] c.d.f.w.w.BiometricHandshakeInterceptor - [WS-SECURITY] ip=0:0:0:0:0:0:0:1 user=congnhan_b — handshake accepted
2026-06-22 16:34:14.262 [http-nio-8081-exec-8] INFO  [txId=] [corrId=c44e1790e5b8] c.d.f.i.a.PerformanceTracerAspect - [TRACE-JAVA] com.datn.finrisk.core.repository.BiometricSessionRepository.findBySessionTokenEager() executed in 5 ms
2026-06-22 16:34:14.262 [http-nio-8081-exec-8] DEBUG [txId=] [corrId=c44e1790e5b8] c.d.f.w.websocket.WsConnectionGuard - [WS-GUARD] ip=0:0:0:0:0:0:0:1 — slot acquired (3/5)
2026-06-22 16:34:14.262 [http-nio-8081-exec-8] INFO  [txId=] [corrId=c44e1790e5b8] c.d.f.w.w.BiometricHandshakeInterceptor - [WS-SECURITY] ip=0:0:0:0:0:0:0:1 user=congnhan_b — handshake accepted
2026-06-22 16:34:14.290 [http-nio-8081-exec-7] INFO  [txId=] [corrId=] c.d.f.w.w.LiveEmotionWebSocketHandler - [WS-FACE] connected session=c2964ecf-98b5-9679-4626-22af0239a5aa ip=0:0:0:0:0:0:0:1
2026-06-22 16:34:14.290 [http-nio-8081-exec-8] INFO  [txId=4854] [corrId=WS-04495901] c.d.f.w.w.LiveVoiceWebSocketHandler - [WS-VOICE] session=04495901-b78d-d367-6ad7-383e98054469 ip=0:0:0:0:0:0:0:1 user=congnhan_b txId=4854 — opening bridge to Python voice service
2026-06-22 16:34:14.290 [http-nio-8081-exec-7] DEBUG [txId=] [corrId=] c.d.f.w.w.FaceSessionRegistry - [FACE-REGISTRY] registered bsToken=95481497-dce9-4ff2-8d6f-8c808ad47cf0 session=c2964ecf-98b5-9679-4626-22af0239a5aa
2026-06-22 16:34:14.294 [http-nio-8081-exec-7] ERROR [txId=] [corrId=] c.d.f.w.w.LiveEmotionWebSocketHandler - [WS-FACE] transport error session=c2964ecf-98b5-9679-4626-22af0239a5aa ip=0:0:0:0:0:0:0:1 error=An established connection was aborted by the software in your host machine
2026-06-22 16:34:14.294 [http-nio-8081-exec-7] DEBUG [txId=] [corrId=] c.d.f.w.websocket.WsConnectionGuard - [WS-GUARD] ip=0:0:0:0:0:0:0:1 — slot released (2 remaining)
2026-06-22 16:34:14.299 [http-nio-8081-exec-9] INFO  [txId=] [corrId=] c.d.f.w.w.LiveEmotionWebSocketHandler - [WS-FACE] connected session=f637b81f-23ca-f45e-a723-f169a31cb89e ip=0:0:0:0:0:0:0:1
2026-06-22 16:34:14.299 [http-nio-8081-exec-9] WARN  [txId=] [corrId=] c.d.f.w.w.FaceSessionRegistry - [FACE-REGISTRY] bsToken=95481497-dce9-4ff2-8d6f-8c808ad47cf0 already has open session=c2964ecf-98b5-9679-4626-22af0239a5aa, ignoring duplicate session=f637b81f-23ca-f45e-a723-f169a31cb89e
2026-06-22 16:34:14.302 [http-nio-8081-exec-7] ERROR [txId=] [corrId=] c.d.f.w.w.LiveEmotionWebSocketHandler - [WS-FACE] transport error session=c2964ecf-98b5-9679-4626-22af0239a5aa ip=0:0:0:0:0:0:0:1 error=java.io.IOException: An established connection was aborted by the software in your host machine
2026-06-22 16:34:14.302 [http-nio-8081-exec-7] DEBUG [txId=] [corrId=] c.d.f.w.websocket.WsConnectionGuard - [WS-GUARD] ip=0:0:0:0:0:0:0:1 — slot released (1 remaining)
2026-06-22 16:34:14.302 [http-nio-8081-exec-7] DEBUG [txId=] [corrId=] c.d.f.w.websocket.WsConnectionGuard - [WS-GUARD] ip=0:0:0:0:0:0:0:1 — slot released (0 remaining)
2026-06-22 16:34:14.303 [http-nio-8081-exec-7] DEBUG [txId=] [corrId=] c.d.f.w.w.FaceSessionRegistry - [FACE-REGISTRY] unregistered bsToken=95481497-dce9-4ff2-8d6f-8c808ad47cf0 session=c2964ecf-98b5-9679-4626-22af0239a5aa
2026-06-22 16:34:14.303 [http-nio-8081-exec-7] INFO  [txId=] [corrId=] c.d.f.w.w.LiveEmotionWebSocketHandler - [WS-FACE] closed session=c2964ecf-98b5-9679-4626-22af0239a5aa ip=0:0:0:0:0:0:0:1 status=1011
2026-06-22 16:34:14.442 [http-nio-8081-exec-8] INFO  [txId=4854] [corrId=WS-04495901] c.d.f.w.w.LiveVoiceWebSocketHandler - [WS-VOICE] bridge established session=04495901-b78d-d367-6ad7-383e98054469 ip=0:0:0:0:0:0:0:1 txId=4854
2026-06-22 16:34:22.432 [http-nio-8081-exec-10] INFO  [txId=4854] [corrId=WS-f637b81f] c.d.f.i.a.PerformanceTracerAspect - [TRACE-JAVA] com.datn.finrisk.core.repository.TransactionRepository.findByIdWithUserSecurity() executed in 4 ms
2026-06-22 16:34:22.433 [http-nio-8081-exec-10] DEBUG [txId=4854] [corrId=WS-f637b81f] c.d.f.w.w.LiveEmotionWebSocketHandler - [WS-FACE][BUFFER] tx=4854 frames=1 totalBytes=6551
2026-06-22 16:34:22.977 [http-nio-8081-exec-1] DEBUG [txId=4854] [corrId=WS-f637b81f] c.d.f.w.w.LiveEmotionWebSocketHandler - [WS-FACE][BUFFER] tx=4854 frames=2 totalBytes=13028
2026-06-22 16:34:23.153 [http-nio-8081-exec-2] DEBUG [txId=4854] [corrId=WS-f637b81f] c.d.f.w.w.LiveEmotionWebSocketHandler - [WS-FACE][BUFFER] tx=4854 frames=3 totalBytes=19507
2026-06-22 16:34:23.401 [http-nio-8081-exec-6] DEBUG [txId=4854] [corrId=WS-f637b81f] c.d.f.w.w.LiveEmotionWebSocketHandler - [WS-FACE][BUFFER] tx=4854 frames=4 totalBytes=25965
2026-06-22 16:34:23.468 [RT-Emotion-3] DEBUG [txId=4854] [corrId=WS-f637b81f] c.d.f.c.s.RiskEvaluationService - [RT-EMOTION][DONE] elapsed=313ms emotion=SAD
2026-06-22 16:34:23.468 [RT-Emotion-3] INFO  [txId=4854] [corrId=WS-f637b81f] c.d.f.i.a.PerformanceTracerAspect - [TRACE-JAVA] com.datn.finrisk.core.services.RiskEvaluationService.detectEmotionAsync() executed in 313 ms
2026-06-22 16:34:23.469 [RT-Emotion-1] DEBUG [txId=4854] [corrId=WS-f637b81f] c.d.f.c.s.RiskEvaluationService - [RT-EMOTION][DONE] elapsed=1033ms emotion=SAD
2026-06-22 16:34:23.469 [RT-Emotion-1] WARN  [txId=4854] [corrId=WS-f637b81f] c.d.f.c.s.RiskEvaluationService - [RT-EMOTION][SLOW] elapsed=1033ms
2026-06-22 16:34:23.469 [RT-Emotion-1] INFO  [txId=4854] [corrId=WS-f637b81f] c.d.f.i.a.PerformanceTracerAspect - [TRACE-JAVA] com.datn.finrisk.core.services.RiskEvaluationService.detectEmotionAsync() executed in 1033 ms
2026-06-22 16:34:23.470 [RT-Emotion-2] DEBUG [txId=4854] [corrId=WS-f637b81f] c.d.f.c.s.RiskEvaluationService - [RT-EMOTION][DONE] elapsed=491ms emotion=SAD
2026-06-22 16:34:23.470 [RT-Emotion-2] INFO  [txId=4854] [corrId=WS-f637b81f] c.d.f.i.a.PerformanceTracerAspect - [TRACE-JAVA] com.datn.finrisk.core.services.RiskEvaluationService.detectEmotionAsync() executed in 491 ms
2026-06-22 16:34:23.540 [RT-Emotion-3] DEBUG [txId=4854] [corrId=WS-f637b81f] c.d.f.c.s.RiskEvaluationService - [RT-EMOTION][DONE] elapsed=70ms emotion=SAD
2026-06-22 16:34:23.541 [RT-Emotion-3] INFO  [txId=4854] [corrId=WS-f637b81f] c.d.f.i.a.PerformanceTracerAspect - [TRACE-JAVA] com.datn.finrisk.core.services.RiskEvaluationService.detectEmotionAsync() executed in 71 ms
2026-06-22 16:34:23.650 [http-nio-8081-exec-1] DEBUG [txId=4854] [corrId=WS-f637b81f] c.d.f.w.w.LiveEmotionWebSocketHandler - [WS-FACE][BUFFER] tx=4854 frames=5 totalBytes=32475
2026-06-22 16:34:23.760 [RT-Emotion-1] DEBUG [txId=4854] [corrId=WS-f637b81f] c.d.f.c.s.RiskEvaluationService - [RT-EMOTION][DONE] elapsed=110ms emotion=SAD
2026-06-22 16:34:23.760 [RT-Emotion-1] INFO  [txId=4854] [corrId=WS-f637b81f] c.d.f.i.a.PerformanceTracerAspect - [TRACE-JAVA] com.datn.finrisk.core.services.RiskEvaluationService.detectEmotionAsync() executed in 110 ms
2026-06-22 16:34:23.907 [http-nio-8081-exec-9] DEBUG [txId=4854] [corrId=WS-f637b81f] c.d.f.w.w.LiveEmotionWebSocketHandler - [WS-FACE][BUFFER] tx=4854 frames=5 totalBytes=38896
2026-06-22 16:34:23.995 [RT-Emotion-2] DEBUG [txId=4854] [corrId=WS-f637b81f] c.d.f.c.s.RiskEvaluationService - [RT-EMOTION][DONE] elapsed=87ms emotion=SAD
2026-06-22 16:34:23.995 [RT-Emotion-2] INFO  [txId=4854] [corrId=WS-f637b81f] c.d.f.i.a.PerformanceTracerAspect - [TRACE-JAVA] com.datn.finrisk.core.services.RiskEvaluationService.detectEmotionAsync() executed in 87 ms
2026-06-22 16:34:24.159 [http-nio-8081-exec-10] DEBUG [txId=4854] [corrId=WS-f637b81f] c.d.f.w.w.LiveEmotionWebSocketHandler - [WS-FACE][BUFFER] tx=4854 frames=5 totalBytes=45294
2026-06-22 16:34:24.250 [RT-Emotion-3] DEBUG [txId=4854] [corrId=WS-f637b81f] c.d.f.c.s.RiskEvaluationService - [RT-EMOTION][DONE] elapsed=91ms emotion=SAD
2026-06-22 16:34:24.250 [RT-Emotion-3] INFO  [txId=4854] [corrId=WS-f637b81f] c.d.f.i.a.PerformanceTracerAspect - [TRACE-JAVA] com.datn.finrisk.core.services.RiskEvaluationService.detectEmotionAsync() executed in 91 ms
2026-06-22 16:34:24.407 [http-nio-8081-exec-5] DEBUG [txId=4854] [corrId=WS-f637b81f] c.d.f.w.w.LiveEmotionWebSocketHandler - [WS-FACE][BUFFER] tx=4854 frames=5 totalBytes=51666
2026-06-22 16:34:24.480 [RT-Emotion-1] DEBUG [txId=4854] [corrId=WS-f637b81f] c.d.f.c.s.RiskEvaluationService - [RT-EMOTION][DONE] elapsed=72ms emotion=SAD
2026-06-22 16:34:24.480 [RT-Emotion-1] INFO  [txId=4854] [corrId=WS-f637b81f] c.d.f.i.a.PerformanceTracerAspect - [TRACE-JAVA] com.datn.finrisk.core.services.RiskEvaluationService.detectEmotionAsync() executed in 72 ms
2026-06-22 16:34:24.658 [http-nio-8081-exec-7] DEBUG [txId=4854] [corrId=WS-f637b81f] c.d.f.w.w.LiveEmotionWebSocketHandler - [WS-FACE][BUFFER] tx=4854 frames=5 totalBytes=58018
2026-06-22 16:34:24.744 [RT-Emotion-2] DEBUG [txId=4854] [corrId=WS-f637b81f] c.d.f.c.s.RiskEvaluationService - [RT-EMOTION][DONE] elapsed=86ms emotion=SAD
2026-06-22 16:34:24.744 [RT-Emotion-2] INFO  [txId=4854] [corrId=WS-f637b81f] c.d.f.i.a.PerformanceTracerAspect - [TRACE-JAVA] com.datn.finrisk.core.services.RiskEvaluationService.detectEmotionAsync() executed in 86 ms
2026-06-22 16:34:24.900 [http-nio-8081-exec-3] DEBUG [txId=4854] [corrId=WS-f637b81f] c.d.f.w.w.LiveEmotionWebSocketHandler - [WS-FACE][BUFFER] tx=4854 frames=5 totalBytes=64380
2026-06-22 16:34:24.994 [RT-Emotion-3] DEBUG [txId=4854] [corrId=WS-f637b81f] c.d.f.c.s.RiskEvaluationService - [RT-EMOTION][DONE] elapsed=93ms emotion=SAD
2026-06-22 16:34:24.994 [RT-Emotion-3] INFO  [txId=4854] [corrId=WS-f637b81f] c.d.f.i.a.PerformanceTracerAspect - [TRACE-JAVA] com.datn.finrisk.core.services.RiskEvaluationService.detectEmotionAsync() executed in 93 ms
2026-06-22 16:34:25.158 [http-nio-8081-exec-8] DEBUG [txId=4854] [corrId=WS-f637b81f] c.d.f.w.w.LiveEmotionWebSocketHandler - [WS-FACE][BUFFER] tx=4854 frames=5 totalBytes=70670
2026-06-22 16:34:25.209 [scheduling-1] INFO  [txId=] [corrId=] c.d.f.i.m.ExecutorMetricsLogger - [EXECUTOR-METRICS][BG-Task       [aiTaskExecutor]] threads=0/1 queue=0/500 (0%) completed=1
2026-06-22 16:34:25.210 [scheduling-1] INFO  [txId=] [corrId=] c.d.f.i.m.ExecutorMetricsLogger - [EXECUTOR-METRICS][RT-Emotion    [realtimeEmotionExecutor]] threads=1/3 queue=0/30 (0%) completed=10
2026-06-22 16:34:25.211 [scheduling-1] INFO  [txId=] [corrId=] c.d.f.i.m.ExecutorMetricsLogger - [EXECUTOR-METRICS][BioVerify     [biometricVerifyExecutor]] threads=0/1 queue=0/50 (0%) completed=1
2026-06-22 16:34:25.245 [RT-Emotion-1] DEBUG [txId=4854] [corrId=WS-f637b81f] c.d.f.c.s.RiskEvaluationService - [RT-EMOTION][DONE] elapsed=86ms emotion=SAD
2026-06-22 16:34:25.245 [RT-Emotion-1] INFO  [txId=4854] [corrId=WS-f637b81f] c.d.f.i.a.PerformanceTracerAspect - [TRACE-JAVA] com.datn.finrisk.core.services.RiskEvaluationService.detectEmotionAsync() executed in 86 ms
2026-06-22 16:34:25.399 [http-nio-8081-exec-3] DEBUG [txId=4854] [corrId=WS-f637b81f] c.d.f.w.w.LiveEmotionWebSocketHandler - [WS-FACE][BUFFER] tx=4854 frames=5 totalBytes=76896
2026-06-22 16:34:25.474 [RT-Emotion-2] DEBUG [txId=4854] [corrId=WS-f637b81f] c.d.f.c.s.RiskEvaluationService - [RT-EMOTION][DONE] elapsed=75ms emotion=SAD
2026-06-22 16:34:25.475 [RT-Emotion-2] INFO  [txId=4854] [corrId=WS-f637b81f] c.d.f.i.a.PerformanceTracerAspect - [TRACE-JAVA] com.datn.finrisk.core.services.RiskEvaluationService.detectEmotionAsync() executed in 76 ms
2026-06-22 16:34:25.650 [http-nio-8081-exec-6] DEBUG [txId=4854] [corrId=WS-f637b81f] c.d.f.w.w.LiveEmotionWebSocketHandler - [WS-FACE][BUFFER] tx=4854 frames=5 totalBytes=83131
2026-06-22 16:34:25.746 [RT-Emotion-3] DEBUG [txId=4854] [corrId=WS-f637b81f] c.d.f.c.s.RiskEvaluationService - [RT-EMOTION][DONE] elapsed=95ms emotion=SAD
2026-06-22 16:34:25.746 [RT-Emotion-3] INFO  [txId=4854] [corrId=WS-f637b81f] c.d.f.i.a.PerformanceTracerAspect - [TRACE-JAVA] com.datn.finrisk.core.services.RiskEvaluationService.detectEmotionAsync() executed in 95 ms
2026-06-22 16:34:25.901 [http-nio-8081-exec-2] DEBUG [txId=4854] [corrId=WS-f637b81f] c.d.f.w.w.LiveEmotionWebSocketHandler - [WS-FACE][BUFFER] tx=4854 frames=5 totalBytes=89393
2026-06-22 16:34:25.984 [RT-Emotion-1] DEBUG [txId=4854] [corrId=WS-f637b81f] c.d.f.c.s.RiskEvaluationService - [RT-EMOTION][DONE] elapsed=83ms emotion=SAD
2026-06-22 16:34:25.984 [RT-Emotion-1] INFO  [txId=4854] [corrId=WS-f637b81f] c.d.f.i.a.PerformanceTracerAspect - [TRACE-JAVA] com.datn.finrisk.core.services.RiskEvaluationService.detectEmotionAsync() executed in 83 ms
2026-06-22 16:34:26.152 [http-nio-8081-exec-9] DEBUG [txId=4854] [corrId=WS-f637b81f] c.d.f.w.w.LiveEmotionWebSocketHandler - [WS-FACE][BUFFER] tx=4854 frames=5 totalBytes=95616
2026-06-22 16:34:26.232 [RT-Emotion-2] DEBUG [txId=4854] [corrId=WS-f637b81f] c.d.f.c.s.RiskEvaluationService - [RT-EMOTION][DONE] elapsed=79ms emotion=SAD
2026-06-22 16:34:26.232 [RT-Emotion-2] INFO  [txId=4854] [corrId=WS-f637b81f] c.d.f.i.a.PerformanceTracerAspect - [TRACE-JAVA] com.datn.finrisk.core.services.RiskEvaluationService.detectEmotionAsync() executed in 79 ms
2026-06-22 16:34:26.399 [http-nio-8081-exec-1] DEBUG [txId=4854] [corrId=WS-f637b81f] c.d.f.w.w.LiveEmotionWebSocketHandler - [WS-FACE][BUFFER] tx=4854 frames=5 totalBytes=101846
2026-06-22 16:34:26.469 [RT-Emotion-3] DEBUG [txId=4854] [corrId=WS-f637b81f] c.d.f.c.s.RiskEvaluationService - [RT-EMOTION][DONE] elapsed=69ms emotion=SAD
2026-06-22 16:34:26.469 [RT-Emotion-3] INFO  [txId=4854] [corrId=WS-f637b81f] c.d.f.i.a.PerformanceTracerAspect - [TRACE-JAVA] com.datn.finrisk.core.services.RiskEvaluationService.detectEmotionAsync() executed in 69 ms
2026-06-22 16:34:26.646 [http-nio-8081-exec-7] DEBUG [txId=4854] [corrId=WS-f637b81f] c.d.f.w.w.LiveEmotionWebSocketHandler - [WS-FACE][BUFFER] tx=4854 frames=5 totalBytes=108033
2026-06-22 16:34:26.742 [RT-Emotion-1] DEBUG [txId=4854] [corrId=WS-f637b81f] c.d.f.c.s.RiskEvaluationService - [RT-EMOTION][DONE] elapsed=94ms emotion=SAD
2026-06-22 16:34:26.742 [RT-Emotion-1] INFO  [txId=4854] [corrId=WS-f637b81f] c.d.f.i.a.PerformanceTracerAspect - [TRACE-JAVA] com.datn.finrisk.core.services.RiskEvaluationService.detectEmotionAsync() executed in 94 ms
2026-06-22 16:34:26.906 [http-nio-8081-exec-1] DEBUG [txId=4854] [corrId=WS-f637b81f] c.d.f.w.w.LiveEmotionWebSocketHandler - [WS-FACE][BUFFER] tx=4854 frames=5 totalBytes=113537
2026-06-22 16:34:27.042 [RT-Emotion-2] DEBUG [txId=4854] [corrId=WS-f637b81f] c.d.f.c.s.RiskEvaluationService - [RT-EMOTION][DONE] elapsed=136ms emotion=SAD
2026-06-22 16:34:27.042 [RT-Emotion-2] INFO  [txId=4854] [corrId=WS-f637b81f] c.d.f.i.a.PerformanceTracerAspect - [TRACE-JAVA] com.datn.finrisk.core.services.RiskEvaluationService.detectEmotionAsync() executed in 136 ms
2026-06-22 16:34:27.151 [http-nio-8081-exec-10] DEBUG [txId=4854] [corrId=WS-f637b81f] c.d.f.w.w.LiveEmotionWebSocketHandler - [WS-FACE][BUFFER] tx=4854 frames=5 totalBytes=119030
2026-06-22 16:34:27.227 [RT-Emotion-3] DEBUG [txId=4854] [corrId=WS-f637b81f] c.d.f.c.s.RiskEvaluationService - [RT-EMOTION][DONE] elapsed=75ms emotion=SAD
2026-06-22 16:34:27.227 [RT-Emotion-3] INFO  [txId=4854] [corrId=WS-f637b81f] c.d.f.i.a.PerformanceTracerAspect - [TRACE-JAVA] com.datn.finrisk.core.services.RiskEvaluationService.detectEmotionAsync() executed in 75 ms
2026-06-22 16:34:27.406 [http-nio-8081-exec-4] DEBUG [txId=4854] [corrId=WS-f637b81f] c.d.f.w.w.LiveEmotionWebSocketHandler - [WS-FACE][BUFFER] tx=4854 frames=5 totalBytes=124510
2026-06-22 16:34:27.472 [RT-Emotion-1] DEBUG [txId=4854] [corrId=WS-f637b81f] c.d.f.c.s.RiskEvaluationService - [RT-EMOTION][DONE] elapsed=65ms emotion=SAD
2026-06-22 16:34:27.472 [RT-Emotion-1] INFO  [txId=4854] [corrId=WS-f637b81f] c.d.f.i.a.PerformanceTracerAspect - [TRACE-JAVA] com.datn.finrisk.core.services.RiskEvaluationService.detectEmotionAsync() executed in 65 ms
2026-06-22 16:34:27.649 [http-nio-8081-exec-8] DEBUG [txId=4854] [corrId=WS-f637b81f] c.d.f.w.w.LiveEmotionWebSocketHandler - [WS-FACE][BUFFER] tx=4854 frames=5 totalBytes=130124
2026-06-22 16:34:27.723 [RT-Emotion-2] DEBUG [txId=4854] [corrId=WS-f637b81f] c.d.f.c.s.RiskEvaluationService - [RT-EMOTION][DONE] elapsed=72ms emotion=SAD
2026-06-22 16:34:27.723 [RT-Emotion-2] INFO  [txId=4854] [corrId=WS-f637b81f] c.d.f.i.a.PerformanceTracerAspect - [TRACE-JAVA] com.datn.finrisk.core.services.RiskEvaluationService.detectEmotionAsync() executed in 72 ms
2026-06-22 16:34:27.906 [http-nio-8081-exec-5] DEBUG [txId=4854] [corrId=WS-f637b81f] c.d.f.w.w.LiveEmotionWebSocketHandler - [WS-FACE][BUFFER] tx=4854 frames=5 totalBytes=135768
2026-06-22 16:34:27.971 [RT-Emotion-3] DEBUG [txId=4854] [corrId=WS-f637b81f] c.d.f.c.s.RiskEvaluationService - [RT-EMOTION][DONE] elapsed=65ms emotion=SAD
2026-06-22 16:34:27.971 [RT-Emotion-3] INFO  [txId=4854] [corrId=WS-f637b81f] c.d.f.i.a.PerformanceTracerAspect - [TRACE-JAVA] com.datn.finrisk.core.services.RiskEvaluationService.detectEmotionAsync() executed in 65 ms
2026-06-22 16:34:28.150 [http-nio-8081-exec-6] DEBUG [txId=4854] [corrId=WS-f637b81f] c.d.f.w.w.LiveEmotionWebSocketHandler - [WS-FACE][BUFFER] tx=4854 frames=5 totalBytes=141434
2026-06-22 16:34:28.226 [RT-Emotion-1] DEBUG [txId=4854] [corrId=WS-f637b81f] c.d.f.c.s.RiskEvaluationService - [RT-EMOTION][DONE] elapsed=76ms emotion=SAD
2026-06-22 16:34:28.228 [RT-Emotion-1] INFO  [txId=4854] [corrId=WS-f637b81f] c.d.f.i.a.PerformanceTracerAspect - [TRACE-JAVA] com.datn.finrisk.core.services.RiskEvaluationService.detectEmotionAsync() executed in 78 ms
2026-06-22 16:34:28.400 [http-nio-8081-exec-3] DEBUG [txId=4854] [corrId=WS-f637b81f] c.d.f.w.w.LiveEmotionWebSocketHandler - [WS-FACE][BUFFER] tx=4854 frames=5 totalBytes=147171
2026-06-22 16:34:28.470 [RT-Emotion-2] DEBUG [txId=4854] [corrId=WS-f637b81f] c.d.f.c.s.RiskEvaluationService - [RT-EMOTION][DONE] elapsed=69ms emotion=SAD
2026-06-22 16:34:28.471 [RT-Emotion-2] INFO  [txId=4854] [corrId=WS-f637b81f] c.d.f.i.a.PerformanceTracerAspect - [TRACE-JAVA] com.datn.finrisk.core.services.RiskEvaluationService.detectEmotionAsync() executed in 70 ms
2026-06-22 16:34:28.657 [http-nio-8081-exec-6] DEBUG [txId=4854] [corrId=WS-f637b81f] c.d.f.w.w.LiveEmotionWebSocketHandler - [WS-FACE][BUFFER] tx=4854 frames=5 totalBytes=152987
2026-06-22 16:34:28.731 [RT-Emotion-3] DEBUG [txId=4854] [corrId=WS-f637b81f] c.d.f.c.s.RiskEvaluationService - [RT-EMOTION][DONE] elapsed=74ms emotion=SAD
2026-06-22 16:34:28.731 [RT-Emotion-3] INFO  [txId=4854] [corrId=WS-f637b81f] c.d.f.i.a.PerformanceTracerAspect - [TRACE-JAVA] com.datn.finrisk.core.services.RiskEvaluationService.detectEmotionAsync() executed in 74 ms
2026-06-22 16:34:28.899 [http-nio-8081-exec-5] DEBUG [txId=4854] [corrId=WS-f637b81f] c.d.f.w.w.LiveEmotionWebSocketHandler - [WS-FACE][BUFFER] tx=4854 frames=5 totalBytes=158878
2026-06-22 16:34:28.973 [RT-Emotion-1] DEBUG [txId=4854] [corrId=WS-f637b81f] c.d.f.c.s.RiskEvaluationService - [RT-EMOTION][DONE] elapsed=72ms emotion=HAPPY
2026-06-22 16:34:28.973 [RT-Emotion-1] INFO  [txId=4854] [corrId=WS-f637b81f] c.d.f.i.a.PerformanceTracerAspect - [TRACE-JAVA] com.datn.finrisk.core.services.RiskEvaluationService.detectEmotionAsync() executed in 72 ms
2026-06-22 16:34:29.158 [http-nio-8081-exec-10] DEBUG [txId=4854] [corrId=WS-f637b81f] c.d.f.w.w.LiveEmotionWebSocketHandler - [WS-FACE][BUFFER] tx=4854 frames=5 totalBytes=164795
2026-06-22 16:34:29.222 [RT-Emotion-2] DEBUG [txId=4854] [corrId=WS-f637b81f] c.d.f.c.s.RiskEvaluationService - [RT-EMOTION][DONE] elapsed=64ms emotion=SAD
2026-06-22 16:34:29.222 [RT-Emotion-2] INFO  [txId=4854] [corrId=WS-f637b81f] c.d.f.i.a.PerformanceTracerAspect - [TRACE-JAVA] com.datn.finrisk.core.services.RiskEvaluationService.detectEmotionAsync() executed in 64 ms
2026-06-22 16:34:29.406 [http-nio-8081-exec-5] DEBUG [txId=4854] [corrId=WS-f637b81f] c.d.f.w.w.LiveEmotionWebSocketHandler - [WS-FACE][BUFFER] tx=4854 frames=5 totalBytes=170802
2026-06-22 16:34:29.481 [RT-Emotion-3] DEBUG [txId=4854] [corrId=WS-f637b81f] c.d.f.c.s.RiskEvaluationService - [RT-EMOTION][DONE] elapsed=74ms emotion=SAD
2026-06-22 16:34:29.481 [RT-Emotion-3] INFO  [txId=4854] [corrId=WS-f637b81f] c.d.f.i.a.PerformanceTracerAspect - [TRACE-JAVA] com.datn.finrisk.core.services.RiskEvaluationService.detectEmotionAsync() executed in 74 ms
2026-06-22 16:34:29.664 [http-nio-8081-exec-10] DEBUG [txId=4854] [corrId=WS-f637b81f] c.d.f.w.w.LiveEmotionWebSocketHandler - [WS-FACE][BUFFER] tx=4854 frames=5 totalBytes=176803
2026-06-22 16:34:29.736 [RT-Emotion-1] DEBUG [txId=4854] [corrId=WS-f637b81f] c.d.f.c.s.RiskEvaluationService - [RT-EMOTION][DONE] elapsed=72ms emotion=HAPPY
2026-06-22 16:34:29.736 [RT-Emotion-1] INFO  [txId=4854] [corrId=WS-f637b81f] c.d.f.i.a.PerformanceTracerAspect - [TRACE-JAVA] com.datn.finrisk.core.services.RiskEvaluationService.detectEmotionAsync() executed in 72 ms
2026-06-22 16:34:29.907 [http-nio-8081-exec-3] DEBUG [txId=4854] [corrId=WS-f637b81f] c.d.f.w.w.LiveEmotionWebSocketHandler - [WS-FACE][BUFFER] tx=4854 frames=5 totalBytes=182859
2026-06-22 16:34:29.978 [RT-Emotion-2] DEBUG [txId=4854] [corrId=WS-f637b81f] c.d.f.c.s.RiskEvaluationService - [RT-EMOTION][DONE] elapsed=71ms emotion=SAD
2026-06-22 16:34:29.978 [RT-Emotion-2] INFO  [txId=4854] [corrId=WS-f637b81f] c.d.f.i.a.PerformanceTracerAspect - [TRACE-JAVA] com.datn.finrisk.core.services.RiskEvaluationService.detectEmotionAsync() executed in 71 ms
2026-06-22 16:34:30.150 [http-nio-8081-exec-6] DEBUG [txId=4854] [corrId=WS-f637b81f] c.d.f.w.w.LiveEmotionWebSocketHandler - [WS-FACE][BUFFER] tx=4854 frames=5 totalBytes=188914
2026-06-22 16:34:30.223 [RT-Emotion-3] DEBUG [txId=4854] [corrId=WS-f637b81f] c.d.f.c.s.RiskEvaluationService - [RT-EMOTION][DONE] elapsed=73ms emotion=SAD
2026-06-22 16:34:30.223 [RT-Emotion-3] INFO  [txId=4854] [corrId=WS-f637b81f] c.d.f.i.a.PerformanceTracerAspect - [TRACE-JAVA] com.datn.finrisk.core.services.RiskEvaluationService.detectEmotionAsync() executed in 73 ms
2026-06-22 16:34:30.407 [http-nio-8081-exec-4] DEBUG [txId=4854] [corrId=WS-f637b81f] c.d.f.w.w.LiveEmotionWebSocketHandler - [WS-FACE][BUFFER] tx=4854 frames=5 totalBytes=194928
2026-06-22 16:34:30.466 [RT-Emotion-1] DEBUG [txId=4854] [corrId=WS-f637b81f] c.d.f.c.s.RiskEvaluationService - [RT-EMOTION][DONE] elapsed=59ms emotion=SAD
2026-06-22 16:34:30.466 [RT-Emotion-1] INFO  [txId=4854] [corrId=WS-f637b81f] c.d.f.i.a.PerformanceTracerAspect - [TRACE-JAVA] com.datn.finrisk.core.services.RiskEvaluationService.detectEmotionAsync() executed in 59 ms
2026-06-22 16:34:30.650 [http-nio-8081-exec-9] DEBUG [txId=4854] [corrId=WS-f637b81f] c.d.f.w.w.LiveEmotionWebSocketHandler - [WS-FACE][BUFFER] tx=4854 frames=5 totalBytes=200968
2026-06-22 16:34:30.728 [RT-Emotion-2] DEBUG [txId=4854] [corrId=WS-f637b81f] c.d.f.c.s.RiskEvaluationService - [RT-EMOTION][DONE] elapsed=78ms emotion=SAD
2026-06-22 16:34:30.728 [RT-Emotion-2] INFO  [txId=4854] [corrId=WS-f637b81f] c.d.f.i.a.PerformanceTracerAspect - [TRACE-JAVA] com.datn.finrisk.core.services.RiskEvaluationService.detectEmotionAsync() executed in 78 ms
2026-06-22 16:34:30.909 [http-nio-8081-exec-2] DEBUG [txId=4854] [corrId=WS-f637b81f] c.d.f.w.w.LiveEmotionWebSocketHandler - [WS-FACE][BUFFER] tx=4854 frames=5 totalBytes=207013
2026-06-22 16:34:30.979 [RT-Emotion-3] DEBUG [txId=4854] [corrId=WS-f637b81f] c.d.f.c.s.RiskEvaluationService - [RT-EMOTION][DONE] elapsed=70ms emotion=SAD
2026-06-22 16:34:30.979 [RT-Emotion-3] INFO  [txId=4854] [corrId=WS-f637b81f] c.d.f.i.a.PerformanceTracerAspect - [TRACE-JAVA] com.datn.finrisk.core.services.RiskEvaluationService.detectEmotionAsync() executed in 70 ms
2026-06-22 16:34:31.152 [http-nio-8081-exec-7] DEBUG [txId=4854] [corrId=WS-f637b81f] c.d.f.w.w.LiveEmotionWebSocketHandler - [WS-FACE][BUFFER] tx=4854 frames=5 totalBytes=213130
2026-06-22 16:34:31.221 [RT-Emotion-1] DEBUG [txId=4854] [corrId=WS-f637b81f] c.d.f.c.s.RiskEvaluationService - [RT-EMOTION][DONE] elapsed=69ms emotion=SAD
2026-06-22 16:34:31.221 [RT-Emotion-1] INFO  [txId=4854] [corrId=WS-f637b81f] c.d.f.i.a.PerformanceTracerAspect - [TRACE-JAVA] com.datn.finrisk.core.services.RiskEvaluationService.detectEmotionAsync() executed in 69 ms
2026-06-22 16:34:31.408 [http-nio-8081-exec-1] DEBUG [txId=4854] [corrId=WS-f637b81f] c.d.f.w.w.LiveEmotionWebSocketHandler - [WS-FACE][BUFFER] tx=4854 frames=5 totalBytes=219269
2026-06-22 16:34:31.478 [RT-Emotion-2] DEBUG [txId=4854] [corrId=WS-f637b81f] c.d.f.c.s.RiskEvaluationService - [RT-EMOTION][DONE] elapsed=70ms emotion=SAD
2026-06-22 16:34:31.478 [RT-Emotion-2] INFO  [txId=4854] [corrId=WS-f637b81f] c.d.f.i.a.PerformanceTracerAspect - [TRACE-JAVA] com.datn.finrisk.core.services.RiskEvaluationService.detectEmotionAsync() executed in 70 ms
2026-06-22 16:34:31.656 [http-nio-8081-exec-5] DEBUG [txId=4854] [corrId=WS-f637b81f] c.d.f.w.w.LiveEmotionWebSocketHandler - [WS-FACE][BUFFER] tx=4854 frames=5 totalBytes=225366
2026-06-22 16:34:31.719 [RT-Emotion-3] DEBUG [txId=4854] [corrId=WS-f637b81f] c.d.f.c.s.RiskEvaluationService - [RT-EMOTION][DONE] elapsed=62ms emotion=SAD
2026-06-22 16:34:31.720 [RT-Emotion-3] INFO  [txId=4854] [corrId=WS-f637b81f] c.d.f.i.a.PerformanceTracerAspect - [TRACE-JAVA] com.datn.finrisk.core.services.RiskEvaluationService.detectEmotionAsync() executed in 63 ms
2026-06-22 16:34:31.910 [http-nio-8081-exec-10] DEBUG [txId=4854] [corrId=WS-f637b81f] c.d.f.w.w.LiveEmotionWebSocketHandler - [WS-FACE][BUFFER] tx=4854 frames=5 totalBytes=231436
2026-06-22 16:34:31.984 [RT-Emotion-1] DEBUG [txId=4854] [corrId=WS-f637b81f] c.d.f.c.s.RiskEvaluationService - [RT-EMOTION][DONE] elapsed=73ms emotion=SAD
2026-06-22 16:34:31.984 [RT-Emotion-1] INFO  [txId=4854] [corrId=WS-f637b81f] c.d.f.i.a.PerformanceTracerAspect - [TRACE-JAVA] com.datn.finrisk.core.services.RiskEvaluationService.detectEmotionAsync() executed in 73 ms
2026-06-22 16:34:32.158 [http-nio-8081-exec-7] DEBUG [txId=4854] [corrId=WS-f637b81f] c.d.f.w.w.LiveEmotionWebSocketHandler - [WS-FACE][BUFFER] tx=4854 frames=5 totalBytes=237611
2026-06-22 16:34:32.232 [RT-Emotion-2] DEBUG [txId=4854] [corrId=WS-f637b81f] c.d.f.c.s.RiskEvaluationService - [RT-EMOTION][DONE] elapsed=73ms emotion=SAD
2026-06-22 16:34:32.232 [RT-Emotion-2] INFO  [txId=4854] [corrId=WS-f637b81f] c.d.f.i.a.PerformanceTracerAspect - [TRACE-JAVA] com.datn.finrisk.core.services.RiskEvaluationService.detectEmotionAsync() executed in 73 ms
2026-06-22 16:34:32.400 [http-nio-8081-exec-8] DEBUG [txId=4854] [corrId=WS-f637b81f] c.d.f.w.w.LiveEmotionWebSocketHandler - [WS-FACE][BUFFER] tx=4854 frames=5 totalBytes=243747
2026-06-22 16:34:32.460 [RT-Emotion-3] DEBUG [txId=4854] [corrId=WS-f637b81f] c.d.f.c.s.RiskEvaluationService - [RT-EMOTION][DONE] elapsed=59ms emotion=SAD
2026-06-22 16:34:32.460 [RT-Emotion-3] INFO  [txId=4854] [corrId=WS-f637b81f] c.d.f.i.a.PerformanceTracerAspect - [TRACE-JAVA] com.datn.finrisk.core.services.RiskEvaluationService.detectEmotionAsync() executed in 59 ms
2026-06-22 16:34:32.656 [http-nio-8081-exec-3] DEBUG [txId=4854] [corrId=WS-f637b81f] c.d.f.w.w.LiveEmotionWebSocketHandler - [WS-FACE][BUFFER] tx=4854 frames=5 totalBytes=249843
2026-06-22 16:34:32.729 [RT-Emotion-1] DEBUG [txId=4854] [corrId=WS-f637b81f] c.d.f.c.s.RiskEvaluationService - [RT-EMOTION][DONE] elapsed=71ms emotion=SAD
2026-06-22 16:34:32.730 [RT-Emotion-1] INFO  [txId=4854] [corrId=WS-f637b81f] c.d.f.i.a.PerformanceTracerAspect - [TRACE-JAVA] com.datn.finrisk.core.services.RiskEvaluationService.detectEmotionAsync() executed in 72 ms
2026-06-22 16:34:32.900 [http-nio-8081-exec-6] DEBUG [txId=4854] [corrId=WS-f637b81f] c.d.f.w.w.LiveEmotionWebSocketHandler - [WS-FACE][BUFFER] tx=4854 frames=5 totalBytes=255972
2026-06-22 16:34:32.980 [RT-Emotion-2] DEBUG [txId=4854] [corrId=WS-f637b81f] c.d.f.c.s.RiskEvaluationService - [RT-EMOTION][DONE] elapsed=80ms emotion=SAD
2026-06-22 16:34:32.980 [RT-Emotion-2] INFO  [txId=4854] [corrId=WS-f637b81f] c.d.f.i.a.PerformanceTracerAspect - [TRACE-JAVA] com.datn.finrisk.core.services.RiskEvaluationService.detectEmotionAsync() executed in 80 ms
2026-06-22 16:34:33.046 [http-nio-8081-exec-1] INFO  [txId=4854] [corrId=WS-f637b81f] c.d.f.i.a.PerformanceTracerAspect - [TRACE-JAVA] com.datn.finrisk.core.repository.TransactionRepository.findByIdWithUserSecurity() executed in 15 ms
2026-06-22 16:34:33.049 [http-nio-8081-exec-1] INFO  [txId=4854] [corrId=WS-f637b81f] c.d.f.w.w.LiveEmotionWebSocketHandler - [WS-FACE][FINALIZE] txKey=4854 frames=5 totalBytes=255972 session=f637b81f-23ca-f45e-a723-f169a31cb89e
2026-06-22 16:34:33.058 [http-nio-8081-exec-1] INFO  [txId=4854] [corrId=WS-f637b81f] c.d.f.i.a.PerformanceTracerAspect - [TRACE-JAVA] com.datn.finrisk.core.repository.TransactionRepository.findByIdWithUserSecurity() executed in 9 ms
2026-06-22 16:34:33.059 [http-nio-8081-exec-1] INFO  [txId=4854] [corrId=WS-f637b81f] c.d.f.w.w.LiveEmotionWebSocketHandler - [WS-FACE][FINALIZE][ASYNC-SUBMIT] txKey=4854 user=congnhan_b frames=5
2026-06-22 16:34:33.063 [WebSocketClient-AsyncIO-12] INFO  [txId=4854] [corrId=WS-04495901] c.d.f.w.w.LiveVoiceWebSocketHandler - [WS-VOICE][PYTHON] received VERIFICATION_COMPLETE txKey=95481497-dce9-4ff2-8d6f-8c808ad47cf0 authCode_length=6
2026-06-22 16:34:33.064 [http-nio-8081-exec-1] INFO  [txId=4854] [corrId=WS-f637b81f] c.d.f.c.s.AdvancedFaceActionStrategy - [FaceAI][ASYNC-START] tx=4854 frames=5
2026-06-22 16:34:33.073 [WebSocketClient-AsyncIO-12] INFO  [txId=4854] [corrId=WS-04495901] c.d.f.i.a.PerformanceTracerAspect - [TRACE-JAVA] com.datn.finrisk.core.repository.TransactionRepository.findByIdWithUserSecurity() executed in 10 ms
2026-06-22 16:34:33.076 [http-nio-8081-exec-1] WARN  [txId=4854] [corrId=WS-f637b81f] c.d.f.c.s.b.OverridableEmotionEvaluator - [EMOTION-OVERRIDE] ACTIVE — skipping AI call, returning emotion=FEAR confidence=0.9
2026-06-22 16:34:33.076 [http-nio-8081-exec-1] INFO  [txId=4854] [corrId=WS-f637b81f] c.d.f.i.a.PerformanceTracerAspect - [TRACE-JAVA] com.datn.finrisk.core.services.biometric.OverridableEmotionEvaluator.evaluateSequenceAsync() executed in 1 ms
2026-06-22 16:34:33.077 [BioVerify-2] INFO  [txId=4854] [corrId=WS-f637b81f] c.d.f.i.a.PerformanceTracerAspect - [TRACE-JAVA] com.datn.finrisk.core.services.FaceEnrollService.parseEmbeddings() executed in 2 ms
2026-06-22 16:34:33.077 [BioVerify-2] INFO  [txId=4854] [corrId=WS-f637b81f] c.d.f.c.s.RiskEvaluationService - [FACE-ID][START] userId=2002 embeddings=5 frames=5
2026-06-22 16:34:33.077 [BioVerify-2] INFO  [txId=4854] [corrId=WS-f637b81f] c.d.f.c.s.RiskEvaluationService - [FACE-ID][START] mode=MULTI_EMBEDDING frames=5 registered=5
2026-06-22 16:34:33.081 [http-nio-8081-exec-1] INFO  [txId=4854] [corrId=WS-f637b81f] c.d.f.i.a.PerformanceTracerAspect - [TRACE-JAVA] com.datn.finrisk.core.strategies.AdvancedFaceActionStrategy.validateFaceAndEmotionAsync() executed in 19 ms
2026-06-22 16:34:33.084 [WebSocketClient-AsyncIO-12] INFO  [txId=4854] [corrId=WS-04495901] c.d.f.i.a.PerformanceTracerAspect - [TRACE-JAVA] com.datn.finrisk.core.services.OtpService.verifyVoiceOtp() executed in 8 ms
2026-06-22 16:34:33.084 [WebSocketClient-AsyncIO-12] INFO  [txId=4854] [corrId=WS-04495901] c.d.f.w.w.LiveVoiceWebSocketHandler - [WS-VOICE] voice OTP match=true txId=4854
2026-06-22 16:34:33.101 [WebSocketClient-AsyncIO-12] INFO  [txId=4854] [corrId=WS-04495901] c.d.f.i.a.PerformanceTracerAspect - [TRACE-JAVA] com.datn.finrisk.core.repository.BiometricSessionRepository.findBySessionTokenForUpdate() executed in 8 ms
2026-06-22 16:34:33.104 [WebSocketClient-AsyncIO-12] INFO  [txId=4854] [corrId=WS-04495901] c.d.f.i.a.PerformanceTracerAspect - [TRACE-JAVA] com.datn.finrisk.core.services.VerificationSyncManager.updateVoiceResult() executed in 16 ms
2026-06-22 16:34:33.116 [WebSocketClient-AsyncIO-11] INFO  [txId=] [corrId=] c.d.f.w.w.LiveVoiceWebSocketHandler - [WS-VOICE][PYTHON] normal close after VERIFICATION_COMPLETE status=1000 txKey=95481497-dce9-4ff2-8d6f-8c808ad47cf0
2026-06-22 16:34:36.696 [BioVerify-2] INFO  [txId=4854] [corrId=WS-f637b81f] c.d.f.c.s.RiskEvaluationService - [FACE-ID][DONE] elapsed=3619ms matched=true distance=0.25167 band=HIGH backend=insightface/buffalo_l
2026-06-22 16:34:36.696 [BioVerify-2] INFO  [txId=4854] [corrId=WS-f637b81f] c.d.f.i.a.PerformanceTracerAspect - [TRACE-JAVA] com.datn.finrisk.core.services.RiskEvaluationService.verifyIdentityAsync() executed in 3623 ms
2026-06-22 16:34:36.696 [BioVerify-2] INFO  [txId=4854] [corrId=WS-f637b81f] c.d.f.c.s.AdvancedFaceActionStrategy - [FaceAI][ASYNC-RESULT] tx=4854 elapsed=3632ms matched=true distance=0.2517 band=HIGH emotion=FEAR
2026-06-22 16:34:36.697 [BioVerify-2] INFO  [txId=4854] [corrId=WS-f637b81f] c.d.f.c.s.AdvancedFaceActionStrategy - [FaceAI][LIVENESS] tx=4854 liveness_pass=true liveness_score=0.9987 spoof_detected=false
2026-06-22 16:34:36.750 [BioVerify-2] INFO  [txId=4854] [corrId=WS-f637b81f] c.d.f.i.a.PerformanceTracerAspect - [TRACE-JAVA] com.datn.finrisk.core.repository.TransactionRepository.updateEmotionSignal() executed in 48 ms
2026-06-22 16:34:36.764 [BioVerify-2] WARN  [txId=4854] [corrId=WS-f637b81f] c.d.f.c.s.AdvancedFaceActionStrategy - [FaceAI][ASYNC-COERCION] tx=4854 elapsed=3632ms emotion=FEAR — setting UNDER_REVIEW
2026-06-22 16:34:36.778 [BioVerify-2] INFO  [txId=4854] [corrId=WS-f637b81f] c.d.f.w.w.LiveEmotionWebSocketHandler - [WS-FACE][FINALIZE][ASYNC-DONE] txKey=4854 elapsed=3719ms result=false
2026-06-22 16:34:36.781 [BG-Task-2] INFO  [txId=4854] [corrId=WS-f637b81f] c.d.f.i.a.PerformanceTracerAspect - [TRACE-JAVA] com.datn.finrisk.core.services.AiAuditService.logEmotionScan() executed in 16 ms
2026-06-22 16:34:36.782 [BioVerify-2] INFO  [txId=4854] [corrId=WS-f637b81f] c.d.f.i.a.PerformanceTracerAspect - [TRACE-JAVA] com.datn.finrisk.core.repository.BiometricSessionRepository.findBySessionTokenForUpdate() executed in 3 ms
2026-06-22 16:34:36.785 [BioVerify-2] WARN  [txId=4854] [corrId=WS-f637b81f] c.d.f.c.s.VerificationSyncManager - [SYNC][COERCION] tx=4854 UNDER_REVIEW — locking frontend, no fund movement
2026-06-22 16:34:36.788 [BioVerify-2] INFO  [txId=4854] [corrId=WS-f637b81f] c.d.f.i.a.PerformanceTracerAspect - [TRACE-JAVA] com.datn.finrisk.core.services.VerificationSyncManager.updateFaceResult() executed in 9 ms
2026-06-22 16:34:36.791 [BioVerify-2] WARN  [txId=4854] [corrId=WS-f637b81f] c.d.f.c.s.VerificationSyncManager - [SYNC] afterCommit: face session closed or missing for txId=4854 — client must poll REST
2026-06-22 16:34:53.050 [http-nio-8081-exec-7] INFO  [txId=] [corrId=c51925848129] c.d.f.i.a.PerformanceTracerAspect - [TRACE-JAVA] com.datn.finrisk.core.services.JwtBlocklistService.isBlocked() executed in 1 ms
2026-06-22 16:34:53.059 [http-nio-8081-exec-7] INFO  [txId=] [corrId=c51925848129] c.d.f.i.a.PerformanceTracerAspect - [TRACE-JAVA] com.datn.finrisk.core.repository.TransactionRepository.findByIdWithUserSecurity() executed in 4 ms
2026-06-22 16:34:53.059 [http-nio-8081-exec-7] INFO  [txId=] [corrId=c51925848129] c.d.f.i.a.PerformanceTracerAspect - [TRACE-JAVA] com.datn.finrisk.web.controllers.TransactionController.getVerificationStatus() executed in 4 ms
2026-06-22 16:34:55.218 [scheduling-1] INFO  [txId=] [corrId=] c.d.f.i.m.ExecutorMetricsLogger - [EXECUTOR-METRICS][BG-Task       [aiTaskExecutor]] threads=0/2 queue=0/500 (0%) completed=2
2026-06-22 16:34:55.218 [scheduling-1] INFO  [txId=] [corrId=] c.d.f.i.m.ExecutorMetricsLogger - [EXECUTOR-METRICS][RT-Emotion    [realtimeEmotionExecutor]] threads=0/3 queue=0/30 (0%) completed=42
2026-06-22 16:34:55.218 [scheduling-1] INFO  [txId=] [corrId=] c.d.f.i.m.ExecutorMetricsLogger - [EXECUTOR-METRICS][BioVerify     [biometricVerifyExecutor]] threads=0/2 queue=0/50 (0%) completed=2
2026-06-22 16:34:58.931 [http-nio-8081-exec-10] INFO  [txId=] [corrId=813aed3ed0e1] c.d.f.i.a.PerformanceTracerAspect - [TRACE-JAVA] com.datn.finrisk.core.services.JwtBlocklistService.isBlocked() executed in 1 ms
2026-06-22 16:34:58.937 [http-nio-8081-exec-10] INFO  [txId=] [corrId=813aed3ed0e1] c.d.f.i.a.PerformanceTracerAspect - [TRACE-JAVA] com.datn.finrisk.core.repository.TransactionRepository.countTotalTransactions() executed in 3 ms
2026-06-22 16:34:58.941 [http-nio-8081-exec-10] INFO  [txId=] [corrId=813aed3ed0e1] c.d.f.i.a.PerformanceTracerAspect - [TRACE-JAVA] com.datn.finrisk.core.repository.TransactionRepository.countHighRiskTransactions() executed in 3 ms
2026-06-22 16:34:58.944 [http-nio-8081-exec-10] INFO  [txId=] [corrId=813aed3ed0e1] c.d.f.i.a.PerformanceTracerAspect - [TRACE-JAVA] com.datn.finrisk.core.repository.TransactionRepository.sumTotalSuccessfulAmount() executed in 3 ms
2026-06-22 16:34:58.944 [http-nio-8081-exec-10] INFO  [txId=] [corrId=813aed3ed0e1] c.d.f.i.a.PerformanceTracerAspect - [TRACE-JAVA] com.datn.finrisk.web.controllers.AdminController.getDashboardStats() executed in 11 ms
2026-06-22 16:34:58.949 [http-nio-8081-exec-2] INFO  [txId=] [corrId=24f9b07cb34a] c.d.f.i.a.PerformanceTracerAspect - [TRACE-JAVA] com.datn.finrisk.core.services.JwtBlocklistService.isBlocked() executed in 1 ms
2026-06-22 16:34:58.952 [http-nio-8081-exec-2] INFO  [txId=] [corrId=24f9b07cb34a] c.d.f.i.a.PerformanceTracerAspect - [TRACE-JAVA] com.datn.finrisk.core.repository.TransactionRepository.countTotalTransactions() executed in 2 ms
2026-06-22 16:34:58.957 [http-nio-8081-exec-2] INFO  [txId=] [corrId=24f9b07cb34a] c.d.f.i.a.PerformanceTracerAspect - [TRACE-JAVA] com.datn.finrisk.core.repository.TransactionRepository.countHighRiskTransactions() executed in 4 ms
2026-06-22 16:34:58.961 [http-nio-8081-exec-2] INFO  [txId=] [corrId=24f9b07cb34a] c.d.f.i.a.PerformanceTracerAspect - [TRACE-JAVA] com.datn.finrisk.core.repository.TransactionRepository.sumTotalSuccessfulAmount() executed in 4 ms
2026-06-22 16:34:58.961 [http-nio-8081-exec-2] INFO  [txId=] [corrId=24f9b07cb34a] c.d.f.i.a.PerformanceTracerAspect - [TRACE-JAVA] com.datn.finrisk.web.controllers.AdminController.getDashboardStats() executed in 11 ms
2026-06-22 16:35:00.622 [http-nio-8081-exec-7] INFO  [txId=] [corrId=cda4356c6edd] c.d.f.i.a.PerformanceTracerAspect - [TRACE-JAVA] com.datn.finrisk.core.services.JwtBlocklistService.isBlocked() executed in 1 ms
2026-06-22 16:35:00.622 [http-nio-8081-exec-9] INFO  [txId=] [corrId=c4fc3a0dabe0] c.d.f.i.a.PerformanceTracerAspect - [TRACE-JAVA] com.datn.finrisk.core.services.JwtBlocklistService.isBlocked() executed in 1 ms
2026-06-22 16:35:00.663 [http-nio-8081-exec-9] INFO  [txId=] [corrId=c4fc3a0dabe0] c.d.f.i.a.PerformanceTracerAspect - [TRACE-JAVA] com.datn.finrisk.core.repository.TransactionRepository.findRecipientNamesBulk() executed in 5 ms
2026-06-22 16:35:00.664 [http-nio-8081-exec-9] INFO  [txId=] [corrId=c4fc3a0dabe0] c.d.f.i.a.PerformanceTracerAspect - [TRACE-JAVA] com.datn.finrisk.core.services.AdminTransactionService.getTransactions() executed in 33 ms
2026-06-22 16:35:00.664 [http-nio-8081-exec-9] INFO  [txId=] [corrId=c4fc3a0dabe0] c.d.f.i.a.PerformanceTracerAspect - [TRACE-JAVA] com.datn.finrisk.web.controllers.AdminTransactionController.getAllTransactions() executed in 35 ms
2026-06-22 16:35:00.670 [http-nio-8081-exec-6] INFO  [txId=] [corrId=2b7c8460a1b7] c.d.f.i.a.PerformanceTracerAspect - [TRACE-JAVA] com.datn.finrisk.core.services.JwtBlocklistService.isBlocked() executed in 0 ms
2026-06-22 16:35:00.690 [http-nio-8081-exec-6] INFO  [txId=] [corrId=2b7c8460a1b7] c.d.f.i.a.PerformanceTracerAspect - [TRACE-JAVA] com.datn.finrisk.core.repository.TransactionRepository.findRecipientNamesBulk() executed in 3 ms
2026-06-22 16:35:00.690 [http-nio-8081-exec-6] INFO  [txId=] [corrId=2b7c8460a1b7] c.d.f.i.a.PerformanceTracerAspect - [TRACE-JAVA] com.datn.finrisk.core.services.AdminTransactionService.getTransactions() executed in 18 ms
2026-06-22 16:35:00.690 [http-nio-8081-exec-6] INFO  [txId=] [corrId=2b7c8460a1b7] c.d.f.i.a.PerformanceTracerAspect - [TRACE-JAVA] com.datn.finrisk.web.controllers.AdminTransactionController.getAllTransactions() executed in 18 ms
2026-06-22 16:35:01.387 [http-nio-8081-exec-7] INFO  [txId=] [corrId=cda4356c6edd] c.d.f.i.a.PerformanceTracerAspect - [TRACE-JAVA] com.datn.finrisk.core.repository.TransactionRepository.findRecipientNamesBulk() executed in 4 ms
2026-06-22 16:35:01.387 [http-nio-8081-exec-7] INFO  [txId=] [corrId=cda4356c6edd] c.d.f.i.a.PerformanceTracerAspect - [TRACE-JAVA] com.datn.finrisk.core.services.AdminTransactionService.getTransactions() executed in 756 ms
2026-06-22 16:35:01.387 [http-nio-8081-exec-7] INFO  [txId=] [corrId=cda4356c6edd] c.d.f.i.a.PerformanceTracerAspect - [TRACE-JAVA] com.datn.finrisk.web.controllers.AdminTransactionController.getAllTransactions() executed in 758 ms
2026-06-22 16:35:01.394 [http-nio-8081-exec-8] INFO  [txId=] [corrId=b71e7a70a42e] c.d.f.i.a.PerformanceTracerAspect - [TRACE-JAVA] com.datn.finrisk.core.services.JwtBlocklistService.isBlocked() executed in 1 ms
2026-06-22 16:35:01.873 [http-nio-8081-exec-8] INFO  [txId=] [corrId=b71e7a70a42e] c.d.f.i.a.PerformanceTracerAspect - [TRACE-JAVA] com.datn.finrisk.core.repository.TransactionRepository.findRecipientNamesBulk() executed in 2 ms
2026-06-22 16:35:01.873 [http-nio-8081-exec-8] INFO  [txId=] [corrId=b71e7a70a42e] c.d.f.i.a.PerformanceTracerAspect - [TRACE-JAVA] com.datn.finrisk.core.services.AdminTransactionService.getTransactions() executed in 478 ms
2026-06-22 16:35:01.873 [http-nio-8081-exec-8] INFO  [txId=] [corrId=b71e7a70a42e] c.d.f.i.a.PerformanceTracerAspect - [TRACE-JAVA] com.datn.finrisk.web.controllers.AdminTransactionController.getAllTransactions() executed in 478 ms
2026-06-22 16:35:04.788 [http-nio-8081-exec-2] INFO  [txId=] [corrId=1836bf241a54] c.d.f.i.a.PerformanceTracerAspect - [TRACE-JAVA] com.datn.finrisk.core.services.JwtBlocklistService.isBlocked() executed in 1 ms
2026-06-22 16:35:04.804 [http-nio-8081-exec-2] INFO  [txId=] [corrId=1836bf241a54] c.d.f.i.a.PerformanceTracerAspect - [TRACE-JAVA] com.datn.finrisk.core.repository.RiskScoreRepository.findByTransactionIdInWithRule() executed in 7 ms
2026-06-22 16:35:04.818 [http-nio-8081-exec-2] INFO  [txId=] [corrId=1836bf241a54] c.d.f.i.a.PerformanceTracerAspect - [TRACE-JAVA] com.datn.finrisk.core.repository.TransactionAiInsightRepository.findByTransactionIdIn() executed in 5 ms
2026-06-22 16:35:04.826 [http-nio-8081-exec-2] INFO  [txId=] [corrId=1836bf241a54] c.d.f.i.a.PerformanceTracerAspect - [TRACE-JAVA] com.datn.finrisk.core.repository.UserBehaviorProfileRepository.findByUserId() executed in 4 ms
2026-06-22 16:35:04.830 [http-nio-8081-exec-2] INFO  [txId=] [corrId=1836bf241a54] c.d.f.i.a.PerformanceTracerAspect - [TRACE-JAVA] com.datn.finrisk.core.services.AdminTransactionService.getTransactionRiskDetail() executed in 39 ms
2026-06-22 16:35:04.832 [http-nio-8081-exec-2] INFO  [txId=] [corrId=1836bf241a54] c.d.f.i.a.PerformanceTracerAspect - [TRACE-JAVA] com.datn.finrisk.web.controllers.AdminTransactionController.getTransactionRiskDetails() executed in 42 ms
2026-06-22 16:35:25.213 [scheduling-1] INFO  [txId=] [corrId=] c.d.f.i.m.ExecutorMetricsLogger - [EXECUTOR-METRICS][BG-Task       [aiTaskExecutor]] threads=0/2 queue=0/500 (0%) completed=2
2026-06-22 16:35:25.214 [scheduling-1] INFO  [txId=] [corrId=] c.d.f.i.m.ExecutorMetricsLogger - [EXECUTOR-METRICS][RT-Emotion    [realtimeEmotionExecutor]] threads=0/3 queue=0/30 (0%) completed=42
2026-06-22 16:35:25.214 [scheduling-1] INFO  [txId=] [corrId=] c.d.f.i.m.ExecutorMetricsLogger - [EXECUTOR-METRICS][BioVerify     [biometricVerifyExecutor]] threads=0/2 queue=0/50 (0%) completed=2
2026-06-22 16:35:25.662 [http-nio-8081-exec-3] INFO  [txId=] [corrId=197b76d3cfa2] c.d.f.i.a.PerformanceTracerAspect - [TRACE-JAVA] com.datn.finrisk.core.services.JwtBlocklistService.isBlocked() executed in 1 ms
2026-06-22 16:35:25.685 [http-nio-8081-exec-3] INFO  [txId=] [corrId=197b76d3cfa2] c.d.f.i.a.PerformanceTracerAspect - [TRACE-JAVA] com.datn.finrisk.core.repository.TransactionRepository.claimForExecution() executed in 3 ms
2026-06-22 16:35:25.685 [http-nio-8081-exec-3] INFO  [txId=] [corrId=197b76d3cfa2] c.d.f.c.services.TransactionService - Transaction execution claimed: id=4854
2026-06-22 16:35:25.696 [http-nio-8081-exec-3] INFO  [txId=] [corrId=197b76d3cfa2] c.d.f.i.a.PerformanceTracerAspect - [TRACE-JAVA] com.datn.finrisk.core.repository.TransactionLedgerRepository.existsByAccountIdAndToAccountNumber() executed in 7 ms
2026-06-22 16:35:25.699 [http-nio-8081-exec-3] INFO  [txId=] [corrId=197b76d3cfa2] c.d.f.i.a.PerformanceTracerAspect - [TRACE-JAVA] com.datn.finrisk.core.repository.AccountRepository.findByIdForUpdate() executed in 2 ms
2026-06-22 16:35:25.709 [http-nio-8081-exec-3] INFO  [txId=] [corrId=197b76d3cfa2] c.d.f.i.a.PerformanceTracerAspect - [TRACE-JAVA] com.datn.finrisk.core.repository.AccountRepository.findByAccountNumberForUpdate() executed in 6 ms
2026-06-22 16:35:25.713 [http-nio-8081-exec-3] INFO  [txId=] [corrId=197b76d3cfa2] c.d.f.i.a.PerformanceTracerAspect - [TRACE-JAVA] com.datn.finrisk.core.services.TransactionService.executeTransactionCore() executed in 31 ms
2026-06-22 16:35:25.717 [BG-Task-3] INFO  [txId=] [corrId=197b76d3cfa2] c.d.f.i.a.PerformanceTracerAspect - [TRACE-JAVA] com.datn.finrisk.core.repository.UserBehaviorProfileRepository.findByUserId() executed in 3 ms
2026-06-22 16:35:25.720 [BG-Task-3] INFO  [txId=] [corrId=197b76d3cfa2] c.d.f.i.a.PerformanceTracerAspect - [TRACE-JAVA] com.datn.finrisk.core.services.PeerGroupService.updatePeerGroupStats() executed in 2 ms
2026-06-22 16:35:25.720 [BG-Task-3] INFO  [txId=] [corrId=197b76d3cfa2] c.d.f.i.a.PerformanceTracerAspect - [TRACE-JAVA] com.datn.finrisk.core.services.BehaviorLearningService.learnFromTransaction() executed in 7 ms
2026-06-22 16:35:25.721 [http-nio-8081-exec-3] INFO  [txId=] [corrId=197b76d3cfa2] c.d.f.core.services.AuditLogService - [AUDIT] action=RESOLVE_REVIEW_APPROVE user=ADMIN
2026-06-22 16:35:25.721 [http-nio-8081-exec-3] INFO  [txId=] [corrId=197b76d3cfa2] c.d.f.i.a.PerformanceTracerAspect - [TRACE-JAVA] com.datn.finrisk.core.services.AuditLogService.logAction() executed in 6 ms
2026-06-22 16:35:25.722 [http-nio-8081-exec-3] INFO  [txId=] [corrId=197b76d3cfa2] c.d.f.i.a.PerformanceTracerAspect - [TRACE-JAVA] com.datn.finrisk.web.controllers.AdminTransactionController.resolveUnderReviewTransaction() executed in 57 ms
2026-06-22 16:35:25.734 [http-nio-8081-exec-5] INFO  [txId=] [corrId=4bdb54e13de5] c.d.f.i.a.PerformanceTracerAspect - [TRACE-JAVA] com.datn.finrisk.core.services.JwtBlocklistService.isBlocked() executed in 1 ms
2026-06-22 16:35:26.201 [http-nio-8081-exec-5] INFO  [txId=] [corrId=4bdb54e13de5] c.d.f.i.a.PerformanceTracerAspect - [TRACE-JAVA] com.datn.finrisk.core.repository.TransactionRepository.findRecipientNamesBulk() executed in 2 ms
2026-06-22 16:35:26.201 [http-nio-8081-exec-5] INFO  [txId=] [corrId=4bdb54e13de5] c.d.f.i.a.PerformanceTracerAspect - [TRACE-JAVA] com.datn.finrisk.core.services.AdminTransactionService.getTransactions() executed in 466 ms
2026-06-22 16:35:26.201 [http-nio-8081-exec-5] INFO  [txId=] [corrId=4bdb54e13de5] c.d.f.i.a.PerformanceTracerAspect - [TRACE-JAVA] com.datn.finrisk.web.controllers.AdminTransactionController.getAllTransactions() executed in 466 ms
2026-06-22 16:35:35.105 [WebSocket background processing] INFO  [txId=] [corrId=] c.d.f.w.w.LiveEmotionWebSocketHandler - [WS-FACE] closed session=f637b81f-23ca-f45e-a723-f169a31cb89e ip=0:0:0:0:0:0:0:1 status=1006
2026-06-22 16:35:35.105 [WebSocket background processing] INFO  [txId=] [corrId=] c.d.f.w.w.LiveVoiceWebSocketHandler - [WS-VOICE] closed session=04495901-b78d-d367-6ad7-383e98054469 ip=0:0:0:0:0:0:0:1 status=1006
2026-06-22 16:35:55.218 [scheduling-1] INFO  [txId=] [corrId=] c.d.f.i.m.ExecutorMetricsLogger - [EXECUTOR-METRICS][BG-Task       [aiTaskExecutor]] threads=0/3 queue=0/500 (0%) completed=3
2026-06-22 16:35:55.218 [scheduling-1] INFO  [txId=] [corrId=] c.d.f.i.m.ExecutorMetricsLogger - [EXECUTOR-METRICS][RT-Emotion    [realtimeEmotionExecutor]] threads=0/3 queue=0/30 (0%) completed=42
2026-06-22 16:35:55.218 [scheduling-1] INFO  [txId=] [corrId=] c.d.f.i.m.ExecutorMetricsLogger - [EXECUTOR-METRICS][BioVerify     [biometricVerifyExecutor]] threads=0/2 queue=0/50 (0%) completed=2
2026-06-22 16:35:55.222 [scheduling-1] INFO  [txId=] [corrId=] c.d.f.i.a.PerformanceTracerAspect - [TRACE-JAVA] com.datn.finrisk.core.repository.BiometricSessionRepository.deleteByExpiresAtBefore() executed in 3 ms
2026-06-22 16:35:55.222 [scheduling-1] INFO  [txId=] [corrId=] c.d.f.w.w.BiometricSessionCleanupScheduler - [BIOMETRIC-SCHEDULER] Expired biometric sessions purged from DB
2026-06-22 16:35:55.223 [scheduling-1] INFO  [txId=] [corrId=] c.d.f.w.w.WebSocketMetricsLogger - [WS-METRICS] active_sessions=0 total_buffered_frames=0 total_buffer_size={ Milan}MB
2026-06-22 16:35:55.471 [scheduling-1] INFO  [txId=] [corrId=] c.d.f.i.a.PerformanceTracerAspect - [TRACE-JAVA] com.datn.finrisk.core.repository.TransactionRepository.findStalledTransactionIds() executed in 3 ms
2026-06-22 16:36:25.220 [scheduling-1] INFO  [txId=] [corrId=] c.d.f.i.m.ExecutorMetricsLogger - [EXECUTOR-METRICS][BG-Task       [aiTaskExecutor]] threads=0/3 queue=0/500 (0%) completed=3
2026-06-22 16:36:25.220 [scheduling-1] INFO  [txId=] [corrId=] c.d.f.i.m.ExecutorMetricsLogger - [EXECUTOR-METRICS][RT-Emotion    [realtimeEmotionExecutor]] threads=0/3 queue=0/30 (0%) completed=42
2026-06-22 16:36:25.220 [scheduling-1] INFO  [txId=] [corrId=] c.d.f.i.m.ExecutorMetricsLogger - [EXECUTOR-METRICS][BioVerify     [biometricVerifyExecutor]] threads=0/2 queue=0/50 (0%) completed=2
2026-06-22 16:36:55.216 [scheduling-1] INFO  [txId=] [corrId=] c.d.f.i.m.ExecutorMetricsLogger - [EXECUTOR-METRICS][BG-Task       [aiTaskExecutor]] threads=0/3 queue=0/500 (0%) completed=3
2026-06-22 16:36:55.216 [scheduling-1] INFO  [txId=] [corrId=] c.d.f.i.m.ExecutorMetricsLogger - [EXECUTOR-METRICS][RT-Emotion    [realtimeEmotionExecutor]] threads=0/3 queue=0/30 (0%) completed=42
2026-06-22 16:36:55.216 [scheduling-1] INFO  [txId=] [corrId=] c.d.f.i.m.ExecutorMetricsLogger - [EXECUTOR-METRICS][BioVerify     [biometricVerifyExecutor]] threads=0/2 queue=0/50 (0%) completed=2
2026-06-22 16:37:25.212 [scheduling-1] INFO  [txId=] [corrId=] c.d.f.i.m.ExecutorMetricsLogger - [EXECUTOR-METRICS][BG-Task       [aiTaskExecutor]] threads=0/3 queue=0/500 (0%) completed=3
2026-06-22 16:37:25.213 [scheduling-1] INFO  [txId=] [corrId=] c.d.f.i.m.ExecutorMetricsLogger - [EXECUTOR-METRICS][RT-Emotion    [realtimeEmotionExecutor]] threads=0/3 queue=0/30 (0%) completed=42
2026-06-22 16:37:25.213 [scheduling-1] INFO  [txId=] [corrId=] c.d.f.i.m.ExecutorMetricsLogger - [EXECUTOR-METRICS][BioVerify     [biometricVerifyExecutor]] threads=0/2 queue=0/50 (0%) completed=2
2026-06-22 16:37:55.223 [scheduling-1] INFO  [txId=] [corrId=] c.d.f.i.m.ExecutorMetricsLogger - [EXECUTOR-METRICS][BG-Task       [aiTaskExecutor]] threads=0/3 queue=0/500 (0%) completed=3
2026-06-22 16:37:55.223 [scheduling-1] INFO  [txId=] [corrId=] c.d.f.i.m.ExecutorMetricsLogger - [EXECUTOR-METRICS][RT-Emotion    [realtimeEmotionExecutor]] threads=0/3 queue=0/30 (0%) completed=42
2026-06-22 16:37:55.223 [scheduling-1] INFO  [txId=] [corrId=] c.d.f.i.m.ExecutorMetricsLogger - [EXECUTOR-METRICS][BioVerify     [biometricVerifyExecutor]] threads=0/2 queue=0/50 (0%) completed=2
2026-06-22 16:38:25.217 [scheduling-1] INFO  [txId=] [corrId=] c.d.f.i.m.ExecutorMetricsLogger - [EXECUTOR-METRICS][BG-Task       [aiTaskExecutor]] threads=0/3 queue=0/500 (0%) completed=3
2026-06-22 16:38:25.217 [scheduling-1] INFO  [txId=] [corrId=] c.d.f.i.m.ExecutorMetricsLogger - [EXECUTOR-METRICS][RT-Emotion    [realtimeEmotionExecutor]] threads=0/3 queue=0/30 (0%) completed=42
2026-06-22 16:38:25.217 [scheduling-1] INFO  [txId=] [corrId=] c.d.f.i.m.ExecutorMetricsLogger - [EXECUTOR-METRICS][BioVerify     [biometricVerifyExecutor]] threads=0/2 queue=0/50 (0%) completed=2
2026-06-22 16:38:55.222 [scheduling-1] INFO  [txId=] [corrId=] c.d.f.i.m.ExecutorMetricsLogger - [EXECUTOR-METRICS][BG-Task       [aiTaskExecutor]] threads=0/3 queue=0/500 (0%) completed=3
2026-06-22 16:38:55.222 [scheduling-1] INFO  [txId=] [corrId=] c.d.f.i.m.ExecutorMetricsLogger - [EXECUTOR-METRICS][RT-Emotion    [realtimeEmotionExecutor]] threads=0/3 queue=0/30 (0%) completed=42
2026-06-22 16:38:55.222 [scheduling-1] INFO  [txId=] [corrId=] c.d.f.i.m.ExecutorMetricsLogger - [EXECUTOR-METRICS][BioVerify     [biometricVerifyExecutor]] threads=0/2 queue=0/50 (0%) completed=2
2026-06-22 16:39:25.212 [scheduling-1] INFO  [txId=] [corrId=] c.d.f.i.m.ExecutorMetricsLogger - [EXECUTOR-METRICS][BG-Task       [aiTaskExecutor]] threads=0/3 queue=0/500 (0%) completed=3
2026-06-22 16:39:25.212 [scheduling-1] INFO  [txId=] [corrId=] c.d.f.i.m.ExecutorMetricsLogger - [EXECUTOR-METRICS][RT-Emotion    [realtimeEmotionExecutor]] threads=0/3 queue=0/30 (0%) completed=42
2026-06-22 16:39:25.212 [scheduling-1] INFO  [txId=] [corrId=] c.d.f.i.m.ExecutorMetricsLogger - [EXECUTOR-METRICS][BioVerify     [biometricVerifyExecutor]] threads=0/2 queue=0/50 (0%) completed=2
2026-06-22 16:39:55.223 [scheduling-1] INFO  [txId=] [corrId=] c.d.f.i.m.ExecutorMetricsLogger - [EXECUTOR-METRICS][BG-Task       [aiTaskExecutor]] threads=0/3 queue=0/500 (0%) completed=3
2026-06-22 16:39:55.223 [scheduling-1] INFO  [txId=] [corrId=] c.d.f.i.m.ExecutorMetricsLogger - [EXECUTOR-METRICS][RT-Emotion    [realtimeEmotionExecutor]] threads=0/3 queue=0/30 (0%) completed=42
2026-06-22 16:39:55.223 [scheduling-1] INFO  [txId=] [corrId=] c.d.f.i.m.ExecutorMetricsLogger - [EXECUTOR-METRICS][BioVerify     [biometricVerifyExecutor]] threads=0/2 queue=0/50 (0%) completed=2
2026-06-22 16:40:25.218 [scheduling-1] INFO  [txId=] [corrId=] c.d.f.i.m.ExecutorMetricsLogger - [EXECUTOR-METRICS][BG-Task       [aiTaskExecutor]] threads=0/3 queue=0/500 (0%) completed=3
2026-06-22 16:40:25.218 [scheduling-1] INFO  [txId=] [corrId=] c.d.f.i.m.ExecutorMetricsLogger - [EXECUTOR-METRICS][RT-Emotion    [realtimeEmotionExecutor]] threads=0/3 queue=0/30 (0%) completed=42
2026-06-22 16:40:25.218 [scheduling-1] INFO  [txId=] [corrId=] c.d.f.i.m.ExecutorMetricsLogger - [EXECUTOR-METRICS][BioVerify     [biometricVerifyExecutor]] threads=0/2 queue=0/50 (0%) completed=2
2026-06-22 16:40:55.217 [scheduling-1] INFO  [txId=] [corrId=] c.d.f.i.m.ExecutorMetricsLogger - [EXECUTOR-METRICS][BG-Task       [aiTaskExecutor]] threads=0/3 queue=0/500 (0%) completed=3
2026-06-22 16:40:55.217 [scheduling-1] INFO  [txId=] [corrId=] c.d.f.i.m.ExecutorMetricsLogger - [EXECUTOR-METRICS][RT-Emotion    [realtimeEmotionExecutor]] threads=0/3 queue=0/30 (0%) completed=42
2026-06-22 16:40:55.217 [scheduling-1] INFO  [txId=] [corrId=] c.d.f.i.m.ExecutorMetricsLogger - [EXECUTOR-METRICS][BioVerify     [biometricVerifyExecutor]] threads=0/2 queue=0/50 (0%) completed=2
2026-06-22 16:40:55.228 [scheduling-1] INFO  [txId=] [corrId=] c.d.f.i.a.PerformanceTracerAspect - [TRACE-JAVA] com.datn.finrisk.core.repository.BiometricSessionRepository.deleteByExpiresAtBefore() executed in 10 ms
2026-06-22 16:40:55.228 [scheduling-1] INFO  [txId=] [corrId=] c.d.f.w.w.BiometricSessionCleanupScheduler - [BIOMETRIC-SCHEDULER] Expired biometric sessions purged from DB
2026-06-22 16:40:55.240 [scheduling-1] INFO  [txId=] [corrId=] c.d.f.w.w.WebSocketMetricsLogger - [WS-METRICS] active_sessions=0 total_buffered_frames=0 total_buffer_size={ Milan}MB
2026-06-22 16:40:55.496 [scheduling-1] INFO  [txId=] [corrId=] c.d.f.i.a.PerformanceTracerAspect - [TRACE-JAVA] com.datn.finrisk.core.repository.TransactionRepository.findStalledTransactionIds() executed in 12 ms
2026-06-22 16:41:25.209 [scheduling-1] INFO  [txId=] [corrId=] c.d.f.i.m.ExecutorMetricsLogger - [EXECUTOR-METRICS][BG-Task       [aiTaskExecutor]] threads=0/3 queue=0/500 (0%) completed=3
2026-06-22 16:41:25.209 [scheduling-1] INFO  [txId=] [corrId=] c.d.f.i.m.ExecutorMetricsLogger - [EXECUTOR-METRICS][RT-Emotion    [realtimeEmotionExecutor]] threads=0/3 queue=0/30 (0%) completed=42
2026-06-22 16:41:25.210 [scheduling-1] INFO  [txId=] [corrId=] c.d.f.i.m.ExecutorMetricsLogger - [EXECUTOR-METRICS][BioVerify     [biometricVerifyExecutor]] threads=0/2 queue=0/50 (0%) completed=2
2026-06-22 16:41:55.223 [scheduling-1] INFO  [txId=] [corrId=] c.d.f.i.m.ExecutorMetricsLogger - [EXECUTOR-METRICS][BG-Task       [aiTaskExecutor]] threads=0/3 queue=0/500 (0%) completed=3
2026-06-22 16:41:55.223 [scheduling-1] INFO  [txId=] [corrId=] c.d.f.i.m.ExecutorMetricsLogger - [EXECUTOR-METRICS][RT-Emotion    [realtimeEmotionExecutor]] threads=0/3 queue=0/30 (0%) completed=42
2026-06-22 16:41:55.223 [scheduling-1] INFO  [txId=] [corrId=] c.d.f.i.m.ExecutorMetricsLogger - [EXECUTOR-METRICS][BioVerify     [biometricVerifyExecutor]] threads=0/2 queue=0/50 (0%) completed=2
2026-06-22 16:42:25.219 [scheduling-1] INFO  [txId=] [corrId=] c.d.f.i.m.ExecutorMetricsLogger - [EXECUTOR-METRICS][BG-Task       [aiTaskExecutor]] threads=0/3 queue=0/500 (0%) completed=3
2026-06-22 16:42:25.219 [scheduling-1] INFO  [txId=] [corrId=] c.d.f.i.m.ExecutorMetricsLogger - [EXECUTOR-METRICS][RT-Emotion    [realtimeEmotionExecutor]] threads=0/3 queue=0/30 (0%) completed=42
2026-06-22 16:42:25.220 [scheduling-1] INFO  [txId=] [corrId=] c.d.f.i.m.ExecutorMetricsLogger - [EXECUTOR-METRICS][BioVerify     [biometricVerifyExecutor]] threads=0/2 queue=0/50 (0%) completed=2
2026-06-22 16:42:55.223 [scheduling-1] INFO  [txId=] [corrId=] c.d.f.i.m.ExecutorMetricsLogger - [EXECUTOR-METRICS][BG-Task       [aiTaskExecutor]] threads=0/3 queue=0/500 (0%) completed=3
2026-06-22 16:42:55.223 [scheduling-1] INFO  [txId=] [corrId=] c.d.f.i.m.ExecutorMetricsLogger - [EXECUTOR-METRICS][RT-Emotion    [realtimeEmotionExecutor]] threads=0/3 queue=0/30 (0%) completed=42
2026-06-22 16:42:55.224 [scheduling-1] INFO  [txId=] [corrId=] c.d.f.i.m.ExecutorMetricsLogger - [EXECUTOR-METRICS][BioVerify     [biometricVerifyExecutor]] threads=0/2 queue=0/50 (0%) completed=2
2026-06-22 16:43:25.222 [scheduling-1] INFO  [txId=] [corrId=] c.d.f.i.m.ExecutorMetricsLogger - [EXECUTOR-METRICS][BG-Task       [aiTaskExecutor]] threads=0/3 queue=0/500 (0%) completed=3
2026-06-22 16:43:25.222 [scheduling-1] INFO  [txId=] [corrId=] c.d.f.i.m.ExecutorMetricsLogger - [EXECUTOR-METRICS][RT-Emotion    [realtimeEmotionExecutor]] threads=0/3 queue=0/30 (0%) completed=42
2026-06-22 16:43:25.223 [scheduling-1] INFO  [txId=] [corrId=] c.d.f.i.m.ExecutorMetricsLogger - [EXECUTOR-METRICS][BioVerify     [biometricVerifyExecutor]] threads=0/2 queue=0/50 (0%) completed=2
2026-06-22 16:43:55.215 [scheduling-1] INFO  [txId=] [corrId=] c.d.f.i.m.ExecutorMetricsLogger - [EXECUTOR-METRICS][BG-Task       [aiTaskExecutor]] threads=0/3 queue=0/500 (0%) completed=3
2026-06-22 16:43:55.216 [scheduling-1] INFO  [txId=] [corrId=] c.d.f.i.m.ExecutorMetricsLogger - [EXECUTOR-METRICS][RT-Emotion    [realtimeEmotionExecutor]] threads=0/3 queue=0/30 (0%) completed=42
2026-06-22 16:43:55.216 [scheduling-1] INFO  [txId=] [corrId=] c.d.f.i.m.ExecutorMetricsLogger - [EXECUTOR-METRICS][BioVerify     [biometricVerifyExecutor]] threads=0/2 queue=0/50 (0%) completed=2
2026-06-22 16:44:25.211 [scheduling-1] INFO  [txId=] [corrId=] c.d.f.i.m.ExecutorMetricsLogger - [EXECUTOR-METRICS][BG-Task       [aiTaskExecutor]] threads=0/3 queue=0/500 (0%) completed=3
2026-06-22 16:44:25.211 [scheduling-1] INFO  [txId=] [corrId=] c.d.f.i.m.ExecutorMetricsLogger - [EXECUTOR-METRICS][RT-Emotion    [realtimeEmotionExecutor]] threads=0/3 queue=0/30 (0%) completed=42
2026-06-22 16:44:25.211 [scheduling-1] INFO  [txId=] [corrId=] c.d.f.i.m.ExecutorMetricsLogger - [EXECUTOR-METRICS][BioVerify     [biometricVerifyExecutor]] threads=0/2 queue=0/50 (0%) completed=2
2026-06-22 16:44:55.222 [scheduling-1] INFO  [txId=] [corrId=] c.d.f.i.m.ExecutorMetricsLogger - [EXECUTOR-METRICS][BG-Task       [aiTaskExecutor]] threads=0/3 queue=0/500 (0%) completed=3
2026-06-22 16:44:55.222 [scheduling-1] INFO  [txId=] [corrId=] c.d.f.i.m.ExecutorMetricsLogger - [EXECUTOR-METRICS][RT-Emotion    [realtimeEmotionExecutor]] threads=0/3 queue=0/30 (0%) completed=42
2026-06-22 16:44:55.222 [scheduling-1] INFO  [txId=] [corrId=] c.d.f.i.m.ExecutorMetricsLogger - [EXECUTOR-METRICS][BioVerify     [biometricVerifyExecutor]] threads=0/2 queue=0/50 (0%) completed=2
2026-06-22 16:45:25.216 [scheduling-1] INFO  [txId=] [corrId=] c.d.f.i.m.ExecutorMetricsLogger - [EXECUTOR-METRICS][BG-Task       [aiTaskExecutor]] threads=0/3 queue=0/500 (0%) completed=3
2026-06-22 16:45:25.217 [scheduling-1] INFO  [txId=] [corrId=] c.d.f.i.m.ExecutorMetricsLogger - [EXECUTOR-METRICS][RT-Emotion    [realtimeEmotionExecutor]] threads=0/3 queue=0/30 (0%) completed=42
2026-06-22 16:45:25.217 [scheduling-1] INFO  [txId=] [corrId=] c.d.f.i.m.ExecutorMetricsLogger - [EXECUTOR-METRICS][BioVerify     [biometricVerifyExecutor]] threads=0/2 queue=0/50 (0%) completed=2
2026-06-22 16:45:55.222 [scheduling-1] INFO  [txId=] [corrId=] c.d.f.i.m.ExecutorMetricsLogger - [EXECUTOR-METRICS][BG-Task       [aiTaskExecutor]] threads=0/3 queue=0/500 (0%) completed=3
2026-06-22 16:45:55.222 [scheduling-1] INFO  [txId=] [corrId=] c.d.f.i.m.ExecutorMetricsLogger - [EXECUTOR-METRICS][RT-Emotion    [realtimeEmotionExecutor]] threads=0/3 queue=0/30 (0%) completed=42
2026-06-22 16:45:55.222 [scheduling-1] INFO  [txId=] [corrId=] c.d.f.i.m.ExecutorMetricsLogger - [EXECUTOR-METRICS][BioVerify     [biometricVerifyExecutor]] threads=0/2 queue=0/50 (0%) completed=2
2026-06-22 16:45:55.226 [scheduling-1] INFO  [txId=] [corrId=] c.d.f.i.a.PerformanceTracerAspect - [TRACE-JAVA] com.datn.finrisk.core.repository.BiometricSessionRepository.deleteByExpiresAtBefore() executed in 3 ms
2026-06-22 16:45:55.226 [scheduling-1] INFO  [txId=] [corrId=] c.d.f.w.w.BiometricSessionCleanupScheduler - [BIOMETRIC-SCHEDULER] Expired biometric sessions purged from DB
2026-06-22 16:45:55.227 [scheduling-1] INFO  [txId=] [corrId=] c.d.f.w.w.WebSocketMetricsLogger - [WS-METRICS] active_sessions=0 total_buffered_frames=0 total_buffer_size={ Milan}MB
2026-06-22 16:45:55.507 [scheduling-1] INFO  [txId=] [corrId=] c.d.f.i.a.PerformanceTracerAspect - [TRACE-JAVA] com.datn.finrisk.core.repository.TransactionRepository.findStalledTransactionIds() executed in 3 ms
2026-06-22 16:46:25.211 [scheduling-1] INFO  [txId=] [corrId=] c.d.f.i.m.ExecutorMetricsLogger - [EXECUTOR-METRICS][BG-Task       [aiTaskExecutor]] threads=0/3 queue=0/500 (0%) completed=3
2026-06-22 16:46:25.212 [scheduling-1] INFO  [txId=] [corrId=] c.d.f.i.m.ExecutorMetricsLogger - [EXECUTOR-METRICS][RT-Emotion    [realtimeEmotionExecutor]] threads=0/3 queue=0/30 (0%) completed=42
2026-06-22 16:46:25.212 [scheduling-1] INFO  [txId=] [corrId=] c.d.f.i.m.ExecutorMetricsLogger - [EXECUTOR-METRICS][BioVerify     [biometricVerifyExecutor]] threads=0/2 queue=0/50 (0%) completed=2
2026-06-22 16:46:55.212 [scheduling-1] INFO  [txId=] [corrId=] c.d.f.i.m.ExecutorMetricsLogger - [EXECUTOR-METRICS][BG-Task       [aiTaskExecutor]] threads=0/3 queue=0/500 (0%) completed=3
2026-06-22 16:46:55.212 [scheduling-1] INFO  [txId=] [corrId=] c.d.f.i.m.ExecutorMetricsLogger - [EXECUTOR-METRICS][RT-Emotion    [realtimeEmotionExecutor]] threads=0/3 queue=0/30 (0%) completed=42
2026-06-22 16:46:55.212 [scheduling-1] INFO  [txId=] [corrId=] c.d.f.i.m.ExecutorMetricsLogger - [EXECUTOR-METRICS][BioVerify     [biometricVerifyExecutor]] threads=0/2 queue=0/50 (0%) completed=2
2026-06-22 16:47:25.219 [scheduling-1] INFO  [txId=] [corrId=] c.d.f.i.m.ExecutorMetricsLogger - [EXECUTOR-METRICS][BG-Task       [aiTaskExecutor]] threads=0/3 queue=0/500 (0%) completed=3
2026-06-22 16:47:25.219 [scheduling-1] INFO  [txId=] [corrId=] c.d.f.i.m.ExecutorMetricsLogger - [EXECUTOR-METRICS][RT-Emotion    [realtimeEmotionExecutor]] threads=0/3 queue=0/30 (0%) completed=42
2026-06-22 16:47:25.219 [scheduling-1] INFO  [txId=] [corrId=] c.d.f.i.m.ExecutorMetricsLogger - [EXECUTOR-METRICS][BioVerify     [biometricVerifyExecutor]] threads=0/2 queue=0/50 (0%) completed=2
2026-06-22 16:47:55.210 [scheduling-1] INFO  [txId=] [corrId=] c.d.f.i.m.ExecutorMetricsLogger - [EXECUTOR-METRICS][BG-Task       [aiTaskExecutor]] threads=0/3 queue=0/500 (0%) completed=3
2026-06-22 16:47:55.210 [scheduling-1] INFO  [txId=] [corrId=] c.d.f.i.m.ExecutorMetricsLogger - [EXECUTOR-METRICS][RT-Emotion    [realtimeEmotionExecutor]] threads=0/3 queue=0/30 (0%) completed=42
2026-06-22 16:47:55.210 [scheduling-1] INFO  [txId=] [corrId=] c.d.f.i.m.ExecutorMetricsLogger - [EXECUTOR-METRICS][BioVerify     [biometricVerifyExecutor]] threads=0/2 queue=0/50 (0%) completed=2
2026-06-22 16:48:25.223 [scheduling-1] INFO  [txId=] [corrId=] c.d.f.i.m.ExecutorMetricsLogger - [EXECUTOR-METRICS][BG-Task       [aiTaskExecutor]] threads=0/3 queue=0/500 (0%) completed=3
2026-06-22 16:48:25.223 [scheduling-1] INFO  [txId=] [corrId=] c.d.f.i.m.ExecutorMetricsLogger - [EXECUTOR-METRICS][RT-Emotion    [realtimeEmotionExecutor]] threads=0/3 queue=0/30 (0%) completed=42
2026-06-22 16:48:25.223 [scheduling-1] INFO  [txId=] [corrId=] c.d.f.i.m.ExecutorMetricsLogger - [EXECUTOR-METRICS][BioVerify     [biometricVerifyExecutor]] threads=0/2 queue=0/50 (0%) completed=2
2026-06-22 16:48:55.217 [scheduling-1] INFO  [txId=] [corrId=] c.d.f.i.m.ExecutorMetricsLogger - [EXECUTOR-METRICS][BG-Task       [aiTaskExecutor]] threads=0/3 queue=0/500 (0%) completed=3
2026-06-22 16:48:55.217 [scheduling-1] INFO  [txId=] [corrId=] c.d.f.i.m.ExecutorMetricsLogger - [EXECUTOR-METRICS][RT-Emotion    [realtimeEmotionExecutor]] threads=0/3 queue=0/30 (0%) completed=42
2026-06-22 16:48:55.217 [scheduling-1] INFO  [txId=] [corrId=] c.d.f.i.m.ExecutorMetricsLogger - [EXECUTOR-METRICS][BioVerify     [biometricVerifyExecutor]] threads=0/2 queue=0/50 (0%) completed=2
2026-06-22 16:49:25.218 [scheduling-1] INFO  [txId=] [corrId=] c.d.f.i.m.ExecutorMetricsLogger - [EXECUTOR-METRICS][BG-Task       [aiTaskExecutor]] threads=0/3 queue=0/500 (0%) completed=3
2026-06-22 16:49:25.218 [scheduling-1] INFO  [txId=] [corrId=] c.d.f.i.m.ExecutorMetricsLogger - [EXECUTOR-METRICS][RT-Emotion    [realtimeEmotionExecutor]] threads=0/3 queue=0/30 (0%) completed=42
2026-06-22 16:49:25.218 [scheduling-1] INFO  [txId=] [corrId=] c.d.f.i.m.ExecutorMetricsLogger - [EXECUTOR-METRICS][BioVerify     [biometricVerifyExecutor]] threads=0/2 queue=0/50 (0%) completed=2
2026-06-22 16:49:55.211 [scheduling-1] INFO  [txId=] [corrId=] c.d.f.i.m.ExecutorMetricsLogger - [EXECUTOR-METRICS][BG-Task       [aiTaskExecutor]] threads=0/3 queue=0/500 (0%) completed=3
2026-06-22 16:49:55.211 [scheduling-1] INFO  [txId=] [corrId=] c.d.f.i.m.ExecutorMetricsLogger - [EXECUTOR-METRICS][RT-Emotion    [realtimeEmotionExecutor]] threads=0/3 queue=0/30 (0%) completed=42
2026-06-22 16:49:55.211 [scheduling-1] INFO  [txId=] [corrId=] c.d.f.i.m.ExecutorMetricsLogger - [EXECUTOR-METRICS][BioVerify     [biometricVerifyExecutor]] threads=0/2 queue=0/50 (0%) completed=2
2026-06-22 16:50:25.216 [scheduling-1] INFO  [txId=] [corrId=] c.d.f.i.m.ExecutorMetricsLogger - [EXECUTOR-METRICS][BG-Task       [aiTaskExecutor]] threads=0/3 queue=0/500 (0%) completed=3
2026-06-22 16:50:25.216 [scheduling-1] INFO  [txId=] [corrId=] c.d.f.i.m.ExecutorMetricsLogger - [EXECUTOR-METRICS][RT-Emotion    [realtimeEmotionExecutor]] threads=0/3 queue=0/30 (0%) completed=42
2026-06-22 16:50:25.216 [scheduling-1] INFO  [txId=] [corrId=] c.d.f.i.m.ExecutorMetricsLogger - [EXECUTOR-METRICS][BioVerify     [biometricVerifyExecutor]] threads=0/2 queue=0/50 (0%) completed=2
2026-06-22 16:50:55.214 [scheduling-1] INFO  [txId=] [corrId=] c.d.f.i.m.ExecutorMetricsLogger - [EXECUTOR-METRICS][BG-Task       [aiTaskExecutor]] threads=0/3 queue=0/500 (0%) completed=3
2026-06-22 16:50:55.215 [scheduling-1] INFO  [txId=] [corrId=] c.d.f.i.m.ExecutorMetricsLogger - [EXECUTOR-METRICS][RT-Emotion    [realtimeEmotionExecutor]] threads=0/3 queue=0/30 (0%) completed=42
2026-06-22 16:50:55.215 [scheduling-1] INFO  [txId=] [corrId=] c.d.f.i.m.ExecutorMetricsLogger - [EXECUTOR-METRICS][BioVerify     [biometricVerifyExecutor]] threads=0/2 queue=0/50 (0%) completed=2
2026-06-22 16:50:55.221 [scheduling-1] INFO  [txId=] [corrId=] c.d.f.i.a.PerformanceTracerAspect - [TRACE-JAVA] com.datn.finrisk.core.repository.BiometricSessionRepository.deleteByExpiresAtBefore() executed in 4 ms
2026-06-22 16:50:55.222 [scheduling-1] INFO  [txId=] [corrId=] c.d.f.w.w.BiometricSessionCleanupScheduler - [BIOMETRIC-SCHEDULER] Expired biometric sessions purged from DB
2026-06-22 16:50:55.222 [scheduling-1] INFO  [txId=] [corrId=] c.d.f.w.w.WebSocketMetricsLogger - [WS-METRICS] active_sessions=0 total_buffered_frames=0 total_buffer_size={ Milan}MB
2026-06-22 16:50:55.514 [scheduling-1] INFO  [txId=] [corrId=] c.d.f.i.a.PerformanceTracerAspect - [TRACE-JAVA] com.datn.finrisk.core.repository.TransactionRepository.findStalledTransactionIds() executed in 4 ms
2026-06-22 16:51:25.224 [scheduling-1] INFO  [txId=] [corrId=] c.d.f.i.m.ExecutorMetricsLogger - [EXECUTOR-METRICS][BG-Task       [aiTaskExecutor]] threads=0/3 queue=0/500 (0%) completed=3
2026-06-22 16:51:25.224 [scheduling-1] INFO  [txId=] [corrId=] c.d.f.i.m.ExecutorMetricsLogger - [EXECUTOR-METRICS][RT-Emotion    [realtimeEmotionExecutor]] threads=0/3 queue=0/30 (0%) completed=42
2026-06-22 16:51:25.224 [scheduling-1] INFO  [txId=] [corrId=] c.d.f.i.m.ExecutorMetricsLogger - [EXECUTOR-METRICS][BioVerify     [biometricVerifyExecutor]] threads=0/2 queue=0/50 (0%) completed=2
2026-06-22 16:51:55.210 [scheduling-1] INFO  [txId=] [corrId=] c.d.f.i.m.ExecutorMetricsLogger - [EXECUTOR-METRICS][BG-Task       [aiTaskExecutor]] threads=0/3 queue=0/500 (0%) completed=3
2026-06-22 16:51:55.210 [scheduling-1] INFO  [txId=] [corrId=] c.d.f.i.m.ExecutorMetricsLogger - [EXECUTOR-METRICS][RT-Emotion    [realtimeEmotionExecutor]] threads=0/3 queue=0/30 (0%) completed=42
2026-06-22 16:51:55.210 [scheduling-1] INFO  [txId=] [corrId=] c.d.f.i.m.ExecutorMetricsLogger - [EXECUTOR-METRICS][BioVerify     [biometricVerifyExecutor]] threads=0/2 queue=0/50 (0%) completed=2
2026-06-22 16:52:25.224 [scheduling-1] INFO  [txId=] [corrId=] c.d.f.i.m.ExecutorMetricsLogger - [EXECUTOR-METRICS][BG-Task       [aiTaskExecutor]] threads=0/3 queue=0/500 (0%) completed=3
2026-06-22 16:52:25.225 [scheduling-1] INFO  [txId=] [corrId=] c.d.f.i.m.ExecutorMetricsLogger - [EXECUTOR-METRICS][RT-Emotion    [realtimeEmotionExecutor]] threads=0/3 queue=0/30 (0%) completed=42
2026-06-22 16:52:25.225 [scheduling-1] INFO  [txId=] [corrId=] c.d.f.i.m.ExecutorMetricsLogger - [EXECUTOR-METRICS][BioVerify     [biometricVerifyExecutor]] threads=0/2 queue=0/50 (0%) completed=2
2026-06-22 16:52:55.212 [scheduling-1] INFO  [txId=] [corrId=] c.d.f.i.m.ExecutorMetricsLogger - [EXECUTOR-METRICS][BG-Task       [aiTaskExecutor]] threads=0/3 queue=0/500 (0%) completed=3
2026-06-22 16:52:55.212 [scheduling-1] INFO  [txId=] [corrId=] c.d.f.i.m.ExecutorMetricsLogger - [EXECUTOR-METRICS][RT-Emotion    [realtimeEmotionExecutor]] threads=0/3 queue=0/30 (0%) completed=42
2026-06-22 16:52:55.213 [scheduling-1] INFO  [txId=] [corrId=] c.d.f.i.m.ExecutorMetricsLogger - [EXECUTOR-METRICS][BioVerify     [biometricVerifyExecutor]] threads=0/2 queue=0/50 (0%) completed=2
2026-06-22 16:53:25.222 [scheduling-1] INFO  [txId=] [corrId=] c.d.f.i.m.ExecutorMetricsLogger - [EXECUTOR-METRICS][BG-Task       [aiTaskExecutor]] threads=0/3 queue=0/500 (0%) completed=3
2026-06-22 16:53:25.222 [scheduling-1] INFO  [txId=] [corrId=] c.d.f.i.m.ExecutorMetricsLogger - [EXECUTOR-METRICS][RT-Emotion    [realtimeEmotionExecutor]] threads=0/3 queue=0/30 (0%) completed=42
2026-06-22 16:53:25.222 [scheduling-1] INFO  [txId=] [corrId=] c.d.f.i.m.ExecutorMetricsLogger - [EXECUTOR-METRICS][BioVerify     [biometricVerifyExecutor]] threads=0/2 queue=0/50 (0%) completed=2
2026-06-22 16:53:55.223 [scheduling-1] INFO  [txId=] [corrId=] c.d.f.i.m.ExecutorMetricsLogger - [EXECUTOR-METRICS][BG-Task       [aiTaskExecutor]] threads=0/3 queue=0/500 (0%) completed=3
2026-06-22 16:53:55.223 [scheduling-1] INFO  [txId=] [corrId=] c.d.f.i.m.ExecutorMetricsLogger - [EXECUTOR-METRICS][RT-Emotion    [realtimeEmotionExecutor]] threads=0/3 queue=0/30 (0%) completed=42
2026-06-22 16:53:55.224 [scheduling-1] INFO  [txId=] [corrId=] c.d.f.i.m.ExecutorMetricsLogger - [EXECUTOR-METRICS][BioVerify     [biometricVerifyExecutor]] threads=0/2 queue=0/50 (0%) completed=2
2026-06-22 16:54:25.222 [scheduling-1] INFO  [txId=] [corrId=] c.d.f.i.m.ExecutorMetricsLogger - [EXECUTOR-METRICS][BG-Task       [aiTaskExecutor]] threads=0/3 queue=0/500 (0%) completed=3
2026-06-22 16:54:25.223 [scheduling-1] INFO  [txId=] [corrId=] c.d.f.i.m.ExecutorMetricsLogger - [EXECUTOR-METRICS][RT-Emotion    [realtimeEmotionExecutor]] threads=0/3 queue=0/30 (0%) completed=42
2026-06-22 16:54:25.223 [scheduling-1] INFO  [txId=] [corrId=] c.d.f.i.m.ExecutorMetricsLogger - [EXECUTOR-METRICS][BioVerify     [biometricVerifyExecutor]] threads=0/2 queue=0/50 (0%) completed=2
2026-06-22 16:54:55.217 [scheduling-1] INFO  [txId=] [corrId=] c.d.f.i.m.ExecutorMetricsLogger - [EXECUTOR-METRICS][BG-Task       [aiTaskExecutor]] threads=0/3 queue=0/500 (0%) completed=3
2026-06-22 16:54:55.218 [scheduling-1] INFO  [txId=] [corrId=] c.d.f.i.m.ExecutorMetricsLogger - [EXECUTOR-METRICS][RT-Emotion    [realtimeEmotionExecutor]] threads=0/3 queue=0/30 (0%) completed=42
2026-06-22 16:54:55.218 [scheduling-1] INFO  [txId=] [corrId=] c.d.f.i.m.ExecutorMetricsLogger - [EXECUTOR-METRICS][BioVerify     [biometricVerifyExecutor]] threads=0/2 queue=0/50 (0%) completed=2
2026-06-22 16:55:25.211 [scheduling-1] INFO  [txId=] [corrId=] c.d.f.i.m.ExecutorMetricsLogger - [EXECUTOR-METRICS][BG-Task       [aiTaskExecutor]] threads=0/3 queue=0/500 (0%) completed=3
2026-06-22 16:55:25.212 [scheduling-1] INFO  [txId=] [corrId=] c.d.f.i.m.ExecutorMetricsLogger - [EXECUTOR-METRICS][RT-Emotion    [realtimeEmotionExecutor]] threads=0/3 queue=0/30 (0%) completed=42
2026-06-22 16:55:25.212 [scheduling-1] INFO  [txId=] [corrId=] c.d.f.i.m.ExecutorMetricsLogger - [EXECUTOR-METRICS][BioVerify     [biometricVerifyExecutor]] threads=0/2 queue=0/50 (0%) completed=2
2026-06-22 16:55:55.209 [scheduling-1] INFO  [txId=] [corrId=] c.d.f.i.m.ExecutorMetricsLogger - [EXECUTOR-METRICS][BG-Task       [aiTaskExecutor]] threads=0/3 queue=0/500 (0%) completed=3
2026-06-22 16:55:55.209 [scheduling-1] INFO  [txId=] [corrId=] c.d.f.i.m.ExecutorMetricsLogger - [EXECUTOR-METRICS][RT-Emotion    [realtimeEmotionExecutor]] threads=0/3 queue=0/30 (0%) completed=42
2026-06-22 16:55:55.209 [scheduling-1] INFO  [txId=] [corrId=] c.d.f.i.m.ExecutorMetricsLogger - [EXECUTOR-METRICS][BioVerify     [biometricVerifyExecutor]] threads=0/2 queue=0/50 (0%) completed=2
2026-06-22 16:55:55.215 [scheduling-1] INFO  [txId=] [corrId=] c.d.f.i.a.PerformanceTracerAspect - [TRACE-JAVA] com.datn.finrisk.core.repository.BiometricSessionRepository.deleteByExpiresAtBefore() executed in 4 ms
2026-06-22 16:55:55.216 [scheduling-1] INFO  [txId=] [corrId=] c.d.f.w.w.BiometricSessionCleanupScheduler - [BIOMETRIC-SCHEDULER] Expired biometric sessions purged from DB
2026-06-22 16:55:55.217 [scheduling-1] INFO  [txId=] [corrId=] c.d.f.w.w.WebSocketMetricsLogger - [WS-METRICS] active_sessions=0 total_buffered_frames=0 total_buffer_size={ Milan}MB
2026-06-22 16:55:55.523 [scheduling-1] INFO  [txId=] [corrId=] c.d.f.i.a.PerformanceTracerAspect - [TRACE-JAVA] com.datn.finrisk.core.repository.TransactionRepository.findStalledTransactionIds() executed in 4 ms
2026-06-22 16:56:25.219 [scheduling-1] INFO  [txId=] [corrId=] c.d.f.i.m.ExecutorMetricsLogger - [EXECUTOR-METRICS][BG-Task       [aiTaskExecutor]] threads=0/3 queue=0/500 (0%) completed=3
2026-06-22 16:56:25.219 [scheduling-1] INFO  [txId=] [corrId=] c.d.f.i.m.ExecutorMetricsLogger - [EXECUTOR-METRICS][RT-Emotion    [realtimeEmotionExecutor]] threads=0/3 queue=0/30 (0%) completed=42
2026-06-22 16:56:25.219 [scheduling-1] INFO  [txId=] [corrId=] c.d.f.i.m.ExecutorMetricsLogger - [EXECUTOR-METRICS][BioVerify     [biometricVerifyExecutor]] threads=0/2 queue=0/50 (0%) completed=2
2026-06-22 16:56:55.223 [scheduling-1] INFO  [txId=] [corrId=] c.d.f.i.m.ExecutorMetricsLogger - [EXECUTOR-METRICS][BG-Task       [aiTaskExecutor]] threads=0/3 queue=0/500 (0%) completed=3
2026-06-22 16:56:55.223 [scheduling-1] INFO  [txId=] [corrId=] c.d.f.i.m.ExecutorMetricsLogger - [EXECUTOR-METRICS][RT-Emotion    [realtimeEmotionExecutor]] threads=0/3 queue=0/30 (0%) completed=42
2026-06-22 16:56:55.223 [scheduling-1] INFO  [txId=] [corrId=] c.d.f.i.m.ExecutorMetricsLogger - [EXECUTOR-METRICS][BioVerify     [biometricVerifyExecutor]] threads=0/2 queue=0/50 (0%) completed=2
2026-06-22 16:57:25.222 [scheduling-1] INFO  [txId=] [corrId=] c.d.f.i.m.ExecutorMetricsLogger - [EXECUTOR-METRICS][BG-Task       [aiTaskExecutor]] threads=0/3 queue=0/500 (0%) completed=3
2026-06-22 16:57:25.222 [scheduling-1] INFO  [txId=] [corrId=] c.d.f.i.m.ExecutorMetricsLogger - [EXECUTOR-METRICS][RT-Emotion    [realtimeEmotionExecutor]] threads=0/3 queue=0/30 (0%) completed=42
2026-06-22 16:57:25.223 [scheduling-1] INFO  [txId=] [corrId=] c.d.f.i.m.ExecutorMetricsLogger - [EXECUTOR-METRICS][BioVerify     [biometricVerifyExecutor]] threads=0/2 queue=0/50 (0%) completed=2
2026-06-22 16:57:55.215 [scheduling-1] INFO  [txId=] [corrId=] c.d.f.i.m.ExecutorMetricsLogger - [EXECUTOR-METRICS][BG-Task       [aiTaskExecutor]] threads=0/3 queue=0/500 (0%) completed=3
2026-06-22 16:57:55.217 [scheduling-1] INFO  [txId=] [corrId=] c.d.f.i.m.ExecutorMetricsLogger - [EXECUTOR-METRICS][RT-Emotion    [realtimeEmotionExecutor]] threads=0/3 queue=0/30 (0%) completed=42
2026-06-22 16:57:55.217 [scheduling-1] INFO  [txId=] [corrId=] c.d.f.i.m.ExecutorMetricsLogger - [EXECUTOR-METRICS][BioVerify     [biometricVerifyExecutor]] threads=0/2 queue=0/50 (0%) completed=2
2026-06-22 16:58:25.220 [scheduling-1] INFO  [txId=] [corrId=] c.d.f.i.m.ExecutorMetricsLogger - [EXECUTOR-METRICS][BG-Task       [aiTaskExecutor]] threads=0/3 queue=0/500 (0%) completed=3
2026-06-22 16:58:25.220 [scheduling-1] INFO  [txId=] [corrId=] c.d.f.i.m.ExecutorMetricsLogger - [EXECUTOR-METRICS][RT-Emotion    [realtimeEmotionExecutor]] threads=0/3 queue=0/30 (0%) completed=42
2026-06-22 16:58:25.220 [scheduling-1] INFO  [txId=] [corrId=] c.d.f.i.m.ExecutorMetricsLogger - [EXECUTOR-METRICS][BioVerify     [biometricVerifyExecutor]] threads=0/2 queue=0/50 (0%) completed=2
2026-06-22 16:58:55.215 [scheduling-1] INFO  [txId=] [corrId=] c.d.f.i.m.ExecutorMetricsLogger - [EXECUTOR-METRICS][BG-Task       [aiTaskExecutor]] threads=0/3 queue=0/500 (0%) completed=3
2026-06-22 16:58:55.215 [scheduling-1] INFO  [txId=] [corrId=] c.d.f.i.m.ExecutorMetricsLogger - [EXECUTOR-METRICS][RT-Emotion    [realtimeEmotionExecutor]] threads=0/3 queue=0/30 (0%) completed=42
2026-06-22 16:58:55.215 [scheduling-1] INFO  [txId=] [corrId=] c.d.f.i.m.ExecutorMetricsLogger - [EXECUTOR-METRICS][BioVerify     [biometricVerifyExecutor]] threads=0/2 queue=0/50 (0%) completed=2
2026-06-22 16:59:25.219 [scheduling-1] INFO  [txId=] [corrId=] c.d.f.i.m.ExecutorMetricsLogger - [EXECUTOR-METRICS][BG-Task       [aiTaskExecutor]] threads=0/3 queue=0/500 (0%) completed=3
2026-06-22 16:59:25.219 [scheduling-1] INFO  [txId=] [corrId=] c.d.f.i.m.ExecutorMetricsLogger - [EXECUTOR-METRICS][RT-Emotion    [realtimeEmotionExecutor]] threads=0/3 queue=0/30 (0%) completed=42
2026-06-22 16:59:25.220 [scheduling-1] INFO  [txId=] [corrId=] c.d.f.i.m.ExecutorMetricsLogger - [EXECUTOR-METRICS][BioVerify     [biometricVerifyExecutor]] threads=0/2 queue=0/50 (0%) completed=2
2026-06-22 16:59:55.217 [scheduling-1] INFO  [txId=] [corrId=] c.d.f.i.m.ExecutorMetricsLogger - [EXECUTOR-METRICS][BG-Task       [aiTaskExecutor]] threads=0/3 queue=0/500 (0%) completed=3
2026-06-22 16:59:55.217 [scheduling-1] INFO  [txId=] [corrId=] c.d.f.i.m.ExecutorMetricsLogger - [EXECUTOR-METRICS][RT-Emotion    [realtimeEmotionExecutor]] threads=0/3 queue=0/30 (0%) completed=42
2026-06-22 16:59:55.217 [scheduling-1] INFO  [txId=] [corrId=] c.d.f.i.m.ExecutorMetricsLogger - [EXECUTOR-METRICS][BioVerify     [biometricVerifyExecutor]] threads=0/2 queue=0/50 (0%) completed=2
2026-06-22 17:00:18.931 [SpringApplicationShutdownHook] INFO  [txId=] [corrId=] o.s.b.w.e.tomcat.GracefulShutdown - Commencing graceful shutdown. Waiting for active requests to complete
2026-06-22 17:00:18.951 [tomcat-shutdown] INFO  [txId=] [corrId=] o.s.b.w.e.tomcat.GracefulShutdown - Graceful shutdown complete
2026-06-22 17:00:18.999 [SpringApplicationShutdownHook] INFO  [txId=] [corrId=] o.s.o.j.LocalContainerEntityManagerFactoryBean - Closing JPA EntityManagerFactory for persistence unit 'default'
2026-06-22 17:00:19.008 [SpringApplicationShutdownHook] INFO  [txId=] [corrId=] com.zaxxer.hikari.HikariDataSource - HikariPool-1 - Shutdown initiated...
2026-06-22 17:00:19.011 [SpringApplicationShutdownHook] INFO  [txId=] [corrId=] com.zaxxer.hikari.HikariDataSource - HikariPool-1 - Shutdown completed.
2026-06-22 17:00:32.073 [main] INFO  [txId=] [corrId=] com.datn.finrisk.FinriskApplication - Starting FinriskApplication using Java 22.0.1 with PID 32952 (C:\Users\thach\fin-risk-system\backend\finrisk\target\classes started by thach in C:\Users\thach\fin-risk-system\backend\finrisk)
2026-06-22 17:00:32.075 [main] DEBUG [txId=] [corrId=] com.datn.finrisk.FinriskApplication - Running with Spring Boot v3.5.13, Spring v6.2.17
2026-06-22 17:00:32.075 [main] INFO  [txId=] [corrId=] com.datn.finrisk.FinriskApplication - No active profile set, falling back to 1 default profile: "default"
2026-06-22 17:00:33.298 [main] INFO  [txId=] [corrId=] o.s.d.r.c.RepositoryConfigurationDelegate - Multiple Spring Data modules found, entering strict repository configuration mode
2026-06-22 17:00:33.300 [main] INFO  [txId=] [corrId=] o.s.d.r.c.RepositoryConfigurationDelegate - Bootstrapping Spring Data JPA repositories in DEFAULT mode.
2026-06-22 17:00:33.527 [main] INFO  [txId=] [corrId=] o.s.d.r.c.RepositoryConfigurationDelegate - Finished Spring Data repository scanning in 216 ms. Found 18 JPA repository interfaces.
2026-06-22 17:00:33.546 [main] INFO  [txId=] [corrId=] o.s.d.r.c.RepositoryConfigurationDelegate - Multiple Spring Data modules found, entering strict repository configuration mode
2026-06-22 17:00:33.547 [main] INFO  [txId=] [corrId=] o.s.d.r.c.RepositoryConfigurationDelegate - Bootstrapping Spring Data Redis repositories in DEFAULT mode.
2026-06-22 17:00:33.576 [main] INFO  [txId=] [corrId=] o.s.d.r.c.RepositoryConfigurationExtensionSupport - Spring Data Redis - Could not safely identify store assignment for repository candidate interface com.datn.finrisk.core.repository.AccountRepository; If you want this repository to be a Redis repository, consider annotating your entities with one of these annotations: org.springframework.data.redis.core.RedisHash (preferred), or consider extending one of the following types with your repository: org.springframework.data.keyvalue.repository.KeyValueRepository
2026-06-22 17:00:33.576 [main] INFO  [txId=] [corrId=] o.s.d.r.c.RepositoryConfigurationExtensionSupport - Spring Data Redis - Could not safely identify store assignment for repository candidate interface com.datn.finrisk.core.repository.AiScanLogRepository; If you want this repository to be a Redis repository, consider annotating your entities with one of these annotations: org.springframework.data.redis.core.RedisHash (preferred), or consider extending one of the following types with your repository: org.springframework.data.keyvalue.repository.KeyValueRepository
2026-06-22 17:00:33.576 [main] INFO  [txId=] [corrId=] o.s.d.r.c.RepositoryConfigurationExtensionSupport - Spring Data Redis - Could not safely identify store assignment for repository candidate interface com.datn.finrisk.core.repository.AuditLogRepository; If you want this repository to be a Redis repository, consider annotating your entities with one of these annotations: org.springframework.data.redis.core.RedisHash (preferred), or consider extending one of the following types with your repository: org.springframework.data.keyvalue.repository.KeyValueRepository
2026-06-22 17:00:33.577 [main] INFO  [txId=] [corrId=] o.s.d.r.c.RepositoryConfigurationExtensionSupport - Spring Data Redis - Could not safely identify store assignment for repository candidate interface com.datn.finrisk.core.repository.AuthenticationLogRepository; If you want this repository to be a Redis repository, consider annotating your entities with one of these annotations: org.springframework.data.redis.core.RedisHash (preferred), or consider extending one of the following types with your repository: org.springframework.data.keyvalue.repository.KeyValueRepository
2026-06-22 17:00:33.577 [main] INFO  [txId=] [corrId=] o.s.d.r.c.RepositoryConfigurationExtensionSupport - Spring Data Redis - Could not safely identify store assignment for repository candidate interface com.datn.finrisk.core.repository.BiometricSessionRepository; If you want this repository to be a Redis repository, consider annotating your entities with one of these annotations: org.springframework.data.redis.core.RedisHash (preferred), or consider extending one of the following types with your repository: org.springframework.data.keyvalue.repository.KeyValueRepository
2026-06-22 17:00:33.578 [main] INFO  [txId=] [corrId=] o.s.d.r.c.RepositoryConfigurationExtensionSupport - Spring Data Redis - Could not safely identify store assignment for repository candidate interface com.datn.finrisk.core.repository.PeerGroupRepository; If you want this repository to be a Redis repository, consider annotating your entities with one of these annotations: org.springframework.data.redis.core.RedisHash (preferred), or consider extending one of the following types with your repository: org.springframework.data.keyvalue.repository.KeyValueRepository
2026-06-22 17:00:33.579 [main] INFO  [txId=] [corrId=] o.s.d.r.c.RepositoryConfigurationExtensionSupport - Spring Data Redis - Could not safely identify store assignment for repository candidate interface com.datn.finrisk.core.repository.RiskPolicyRepository; If you want this repository to be a Redis repository, consider annotating your entities with one of these annotations: org.springframework.data.redis.core.RedisHash (preferred), or consider extending one of the following types with your repository: org.springframework.data.keyvalue.repository.KeyValueRepository
2026-06-22 17:00:33.579 [main] INFO  [txId=] [corrId=] o.s.d.r.c.RepositoryConfigurationExtensionSupport - Spring Data Redis - Could not safely identify store assignment for repository candidate interface com.datn.finrisk.core.repository.RiskScoreRepository; If you want this repository to be a Redis repository, consider annotating your entities with one of these annotations: org.springframework.data.redis.core.RedisHash (preferred), or consider extending one of the following types with your repository: org.springframework.data.keyvalue.repository.KeyValueRepository
2026-06-22 17:00:33.579 [main] INFO  [txId=] [corrId=] o.s.d.r.c.RepositoryConfigurationExtensionSupport - Spring Data Redis - Could not safely identify store assignment for repository candidate interface com.datn.finrisk.core.repository.RuleRepository; If you want this repository to be a Redis repository, consider annotating your entities with one of these annotations: org.springframework.data.redis.core.RedisHash (preferred), or consider extending one of the following types with your repository: org.springframework.data.keyvalue.repository.KeyValueRepository
2026-06-22 17:00:33.579 [main] INFO  [txId=] [corrId=] o.s.d.r.c.RepositoryConfigurationExtensionSupport - Spring Data Redis - Could not safely identify store assignment for repository candidate interface com.datn.finrisk.core.repository.SystemConfigLogRepository; If you want this repository to be a Redis repository, consider annotating your entities with one of these annotations: org.springframework.data.redis.core.RedisHash (preferred), or consider extending one of the following types with your repository: org.springframework.data.keyvalue.repository.KeyValueRepository
2026-06-22 17:00:33.580 [main] INFO  [txId=] [corrId=] o.s.d.r.c.RepositoryConfigurationExtensionSupport - Spring Data Redis - Could not safely identify store assignment for repository candidate interface com.datn.finrisk.core.repository.TransactionAiInsightRepository; If you want this repository to be a Redis repository, consider annotating your entities with one of these annotations: org.springframework.data.redis.core.RedisHash (preferred), or consider extending one of the following types with your repository: org.springframework.data.keyvalue.repository.KeyValueRepository
2026-06-22 17:00:33.580 [main] INFO  [txId=] [corrId=] o.s.d.r.c.RepositoryConfigurationExtensionSupport - Spring Data Redis - Could not safely identify store assignment for repository candidate interface com.datn.finrisk.core.repository.TransactionLedgerRepository; If you want this repository to be a Redis repository, consider annotating your entities with one of these annotations: org.springframework.data.redis.core.RedisHash (preferred), or consider extending one of the following types with your repository: org.springframework.data.keyvalue.repository.KeyValueRepository
2026-06-22 17:00:33.580 [main] INFO  [txId=] [corrId=] o.s.d.r.c.RepositoryConfigurationExtensionSupport - Spring Data Redis - Could not safely identify store assignment for repository candidate interface com.datn.finrisk.core.repository.TransactionRepository; If you want this repository to be a Redis repository, consider annotating your entities with one of these annotations: org.springframework.data.redis.core.RedisHash (preferred), or consider extending one of the following types with your repository: org.springframework.data.keyvalue.repository.KeyValueRepository
2026-06-22 17:00:33.580 [main] INFO  [txId=] [corrId=] o.s.d.r.c.RepositoryConfigurationExtensionSupport - Spring Data Redis - Could not safely identify store assignment for repository candidate interface com.datn.finrisk.core.repository.UserBehaviorProfileRepository; If you want this repository to be a Redis repository, consider annotating your entities with one of these annotations: org.springframework.data.redis.core.RedisHash (preferred), or consider extending one of the following types with your repository: org.springframework.data.keyvalue.repository.KeyValueRepository
2026-06-22 17:00:33.580 [main] INFO  [txId=] [corrId=] o.s.d.r.c.RepositoryConfigurationExtensionSupport - Spring Data Redis - Could not safely identify store assignment for repository candidate interface com.datn.finrisk.core.repository.UserContactRepository; If you want this repository to be a Redis repository, consider annotating your entities with one of these annotations: org.springframework.data.redis.core.RedisHash (preferred), or consider extending one of the following types with your repository: org.springframework.data.keyvalue.repository.KeyValueRepository
2026-06-22 17:00:33.581 [main] INFO  [txId=] [corrId=] o.s.d.r.c.RepositoryConfigurationExtensionSupport - Spring Data Redis - Could not safely identify store assignment for repository candidate interface com.datn.finrisk.core.repository.UserDeviceRepository; If you want this repository to be a Redis repository, consider annotating your entities with one of these annotations: org.springframework.data.redis.core.RedisHash (preferred), or consider extending one of the following types with your repository: org.springframework.data.keyvalue.repository.KeyValueRepository
2026-06-22 17:00:33.581 [main] INFO  [txId=] [corrId=] o.s.d.r.c.RepositoryConfigurationExtensionSupport - Spring Data Redis - Could not safely identify store assignment for repository candidate interface com.datn.finrisk.core.repository.UserRepository; If you want this repository to be a Redis repository, consider annotating your entities with one of these annotations: org.springframework.data.redis.core.RedisHash (preferred), or consider extending one of the following types with your repository: org.springframework.data.keyvalue.repository.KeyValueRepository
2026-06-22 17:00:33.581 [main] INFO  [txId=] [corrId=] o.s.d.r.c.RepositoryConfigurationExtensionSupport - Spring Data Redis - Could not safely identify store assignment for repository candidate interface com.datn.finrisk.core.repository.UserSecurityRepository; If you want this repository to be a Redis repository, consider annotating your entities with one of these annotations: org.springframework.data.redis.core.RedisHash (preferred), or consider extending one of the following types with your repository: org.springframework.data.keyvalue.repository.KeyValueRepository
2026-06-22 17:00:33.581 [main] INFO  [txId=] [corrId=] o.s.d.r.c.RepositoryConfigurationDelegate - Finished Spring Data repository scanning in 21 ms. Found 0 Redis repository interfaces.
2026-06-22 17:00:34.782 [main] INFO  [txId=] [corrId=] o.s.b.w.e.tomcat.TomcatWebServer - Tomcat initialized with port 8081 (http)
2026-06-22 17:00:34.804 [main] INFO  [txId=] [corrId=] o.a.catalina.core.StandardService - Starting service [Tomcat]
2026-06-22 17:00:34.804 [main] INFO  [txId=] [corrId=] o.a.catalina.core.StandardEngine - Starting Servlet engine: [Apache Tomcat/10.1.53]
2026-06-22 17:00:34.919 [main] INFO  [txId=] [corrId=] o.a.c.c.C.[Tomcat].[localhost].[/] - Initializing Spring embedded WebApplicationContext
2026-06-22 17:00:34.919 [main] INFO  [txId=] [corrId=] o.s.b.w.s.c.ServletWebServerApplicationContext - Root WebApplicationContext: initialization completed in 2799 ms
2026-06-22 17:00:35.224 [main] INFO  [txId=] [corrId=] o.h.jpa.internal.util.LogHelper - HHH000204: Processing PersistenceUnitInfo [name: default]
2026-06-22 17:00:35.321 [main] INFO  [txId=] [corrId=] org.hibernate.Version - HHH000412: Hibernate ORM core version 6.6.45.Final
2026-06-22 17:00:35.372 [main] INFO  [txId=] [corrId=] o.h.c.i.RegionFactoryInitiator - HHH000026: Second-level cache disabled
2026-06-22 17:00:35.529 [main] INFO  [txId=] [corrId=] com.zaxxer.hikari.HikariDataSource - HikariPool-1 - Starting...
2026-06-22 17:00:35.755 [main] INFO  [txId=] [corrId=] com.zaxxer.hikari.pool.HikariPool - HikariPool-1 - Added connection com.mysql.cj.jdbc.ConnectionImpl@3e63bd6b
2026-06-22 17:00:35.758 [main] INFO  [txId=] [corrId=] com.zaxxer.hikari.HikariDataSource - HikariPool-1 - Start completed.
2026-06-22 17:00:35.833 [main] WARN  [txId=] [corrId=] org.hibernate.orm.deprecation - HHH90000025: MySQLDialect does not need to be specified explicitly using 'hibernate.dialect' (remove the property setting and it will be selected by default)
2026-06-22 17:00:35.854 [main] INFO  [txId=] [corrId=] o.hibernate.orm.connections.pooling - HHH10001005: Database info:
	Database JDBC URL [Connecting through datasource 'HikariDataSource (HikariPool-1)']
	Database driver: undefined/unknown
	Database version: 8.0.42
	Autocommit mode: undefined/unknown
	Isolation level: undefined/unknown
	Minimum pool size: undefined/unknown
	Maximum pool size: undefined/unknown
2026-06-22 17:00:36.120 [main] INFO  [txId=] [corrId=] o.s.o.j.p.SpringPersistenceUnitInfo - No LoadTimeWeaver setup: ignoring JPA class transformer
2026-06-22 17:00:37.425 [main] INFO  [txId=] [corrId=] o.h.e.t.j.p.i.JtaPlatformInitiator - HHH000489: No JTA platform available (set 'hibernate.transaction.jta.platform' to enable JTA platform integration)
2026-06-22 17:00:37.609 [main] INFO  [txId=] [corrId=] o.s.o.j.LocalContainerEntityManagerFactoryBean - Initialized JPA EntityManagerFactory for persistence unit 'default'
2026-06-22 17:00:37.931 [main] INFO  [txId=] [corrId=] o.s.d.j.r.query.QueryEnhancerFactory - Hibernate is in classpath; If applicable, HQL parser will be used.
2026-06-22 17:00:39.400 [main] DEBUG [txId=] [corrId=] c.d.f.i.config.CorrelationIdFilter - Filter 'correlationIdFilter' configured for use
2026-06-22 17:00:39.400 [main] DEBUG [txId=] [corrId=] c.d.f.core.security.JwtAuthFilter - Filter 'jwtAuthFilter' configured for use
2026-06-22 17:00:41.000 [main] WARN  [txId=] [corrId=] o.s.b.a.o.j.JpaBaseConfiguration$JpaWebConfiguration - spring.jpa.open-in-view is enabled by default. Therefore, database queries may be performed during view rendering. Explicitly configure spring.jpa.open-in-view to disable this warning
2026-06-22 17:00:41.041 [main] INFO  [txId=] [corrId=] c.d.f.i.config.WebSocketConfig - [WS-CONFIG] Registering handler at /ws/emotion-stream
2026-06-22 17:00:41.043 [main] INFO  [txId=] [corrId=] c.d.f.i.config.WebSocketConfig - [WS-CONFIG] Registering handler at /ws/voice-stream
2026-06-22 17:00:41.315 [main] WARN  [txId=] [corrId=] o.s.b.a.s.s.UserDetailsServiceAutoConfiguration - 

Using generated security password: d8de2194-4191-41e5-83b5-605c1f7e37ed

This generated password is for development use only. Your security configuration must be updated before running your application in production.

2026-06-22 17:00:41.327 [main] INFO  [txId=] [corrId=] o.s.s.c.a.a.c.InitializeUserDetailsBeanManagerConfigurer$InitializeUserDetailsManagerConfigurer - Global AuthenticationManager configured with UserDetailsService bean with name inMemoryUserDetailsManager
2026-06-22 17:00:42.701 [main] INFO  [txId=] [corrId=] o.s.b.w.e.tomcat.TomcatWebServer - Tomcat started on port 8081 (http) with context path '/'
2026-06-22 17:00:42.714 [main] INFO  [txId=] [corrId=] com.datn.finrisk.FinriskApplication - Started FinriskApplication in 11.411 seconds (process running for 11.973)
2026-06-22 17:00:42.816 [scheduling-1] INFO  [txId=] [corrId=] c.d.f.i.a.PerformanceTracerAspect - [TRACE-JAVA] com.datn.finrisk.core.repository.BiometricSessionRepository.deleteByExpiresAtBefore() executed in 85 ms
2026-06-22 17:00:42.818 [scheduling-1] INFO  [txId=] [corrId=] c.d.f.w.w.BiometricSessionCleanupScheduler - [BIOMETRIC-SCHEDULER] Expired biometric sessions purged from DB
2026-06-22 17:00:42.820 [scheduling-1] INFO  [txId=] [corrId=] c.d.f.w.w.WebSocketMetricsLogger - [WS-METRICS] active_sessions=0 total_buffered_frames=0 total_buffer_size={ Milan}MB
2026-06-22 17:00:42.861 [scheduling-1] INFO  [txId=] [corrId=] c.d.f.i.a.PerformanceTracerAspect - [TRACE-JAVA] com.datn.finrisk.core.repository.TransactionRepository.findStalledTransactionIds() executed in 40 ms
2026-06-22 17:00:42.866 [scheduling-1] INFO  [txId=] [corrId=] c.d.f.i.a.PerformanceTracerAspect - [TRACE-JAVA] com.datn.finrisk.core.repository.TransactionRepository.findStaleUnderReviewIds() executed in 4 ms
2026-06-22 17:01:12.723 [scheduling-1] INFO  [txId=] [corrId=] c.d.f.i.m.ExecutorMetricsLogger - [EXECUTOR-METRICS][BG-Task       [aiTaskExecutor]] threads=0/0 queue=0/500 (0%) completed=0
2026-06-22 17:01:12.724 [scheduling-1] INFO  [txId=] [corrId=] c.d.f.i.m.ExecutorMetricsLogger - [EXECUTOR-METRICS][RT-Emotion    [realtimeEmotionExecutor]] threads=0/0 queue=0/30 (0%) completed=0
2026-06-22 17:01:12.724 [scheduling-1] INFO  [txId=] [corrId=] c.d.f.i.m.ExecutorMetricsLogger - [EXECUTOR-METRICS][BioVerify     [biometricVerifyExecutor]] threads=0/0 queue=0/50 (0%) completed=0
2026-06-22 17:01:42.724 [scheduling-1] INFO  [txId=] [corrId=] c.d.f.i.m.ExecutorMetricsLogger - [EXECUTOR-METRICS][BG-Task       [aiTaskExecutor]] threads=0/0 queue=0/500 (0%) completed=0
2026-06-22 17:01:42.725 [scheduling-1] INFO  [txId=] [corrId=] c.d.f.i.m.ExecutorMetricsLogger - [EXECUTOR-METRICS][RT-Emotion    [realtimeEmotionExecutor]] threads=0/0 queue=0/30 (0%) completed=0
2026-06-22 17:01:42.725 [scheduling-1] INFO  [txId=] [corrId=] c.d.f.i.m.ExecutorMetricsLogger - [EXECUTOR-METRICS][BioVerify     [biometricVerifyExecutor]] threads=0/0 queue=0/50 (0%) completed=0
2026-06-22 17:02:12.727 [scheduling-1] INFO  [txId=] [corrId=] c.d.f.i.m.ExecutorMetricsLogger - [EXECUTOR-METRICS][BG-Task       [aiTaskExecutor]] threads=0/0 queue=0/500 (0%) completed=0
2026-06-22 17:02:12.727 [scheduling-1] INFO  [txId=] [corrId=] c.d.f.i.m.ExecutorMetricsLogger - [EXECUTOR-METRICS][RT-Emotion    [realtimeEmotionExecutor]] threads=0/0 queue=0/30 (0%) completed=0
2026-06-22 17:02:12.727 [scheduling-1] INFO  [txId=] [corrId=] c.d.f.i.m.ExecutorMetricsLogger - [EXECUTOR-METRICS][BioVerify     [biometricVerifyExecutor]] threads=0/0 queue=0/50 (0%) completed=0
2026-06-22 17:02:42.728 [scheduling-1] INFO  [txId=] [corrId=] c.d.f.i.m.ExecutorMetricsLogger - [EXECUTOR-METRICS][BG-Task       [aiTaskExecutor]] threads=0/0 queue=0/500 (0%) completed=0
2026-06-22 17:02:42.728 [scheduling-1] INFO  [txId=] [corrId=] c.d.f.i.m.ExecutorMetricsLogger - [EXECUTOR-METRICS][RT-Emotion    [realtimeEmotionExecutor]] threads=0/0 queue=0/30 (0%) completed=0
2026-06-22 17:02:42.728 [scheduling-1] INFO  [txId=] [corrId=] c.d.f.i.m.ExecutorMetricsLogger - [EXECUTOR-METRICS][BioVerify     [biometricVerifyExecutor]] threads=0/0 queue=0/50 (0%) completed=0
2026-06-22 17:03:12.725 [scheduling-1] INFO  [txId=] [corrId=] c.d.f.i.m.ExecutorMetricsLogger - [EXECUTOR-METRICS][BG-Task       [aiTaskExecutor]] threads=0/0 queue=0/500 (0%) completed=0
2026-06-22 17:03:12.725 [scheduling-1] INFO  [txId=] [corrId=] c.d.f.i.m.ExecutorMetricsLogger - [EXECUTOR-METRICS][RT-Emotion    [realtimeEmotionExecutor]] threads=0/0 queue=0/30 (0%) completed=0
2026-06-22 17:03:12.725 [scheduling-1] INFO  [txId=] [corrId=] c.d.f.i.m.ExecutorMetricsLogger - [EXECUTOR-METRICS][BioVerify     [biometricVerifyExecutor]] threads=0/0 queue=0/50 (0%) completed=0
2026-06-22 17:03:42.718 [scheduling-1] INFO  [txId=] [corrId=] c.d.f.i.m.ExecutorMetricsLogger - [EXECUTOR-METRICS][BG-Task       [aiTaskExecutor]] threads=0/0 queue=0/500 (0%) completed=0
2026-06-22 17:03:42.719 [scheduling-1] INFO  [txId=] [corrId=] c.d.f.i.m.ExecutorMetricsLogger - [EXECUTOR-METRICS][RT-Emotion    [realtimeEmotionExecutor]] threads=0/0 queue=0/30 (0%) completed=0
2026-06-22 17:03:42.719 [scheduling-1] INFO  [txId=] [corrId=] c.d.f.i.m.ExecutorMetricsLogger - [EXECUTOR-METRICS][BioVerify     [biometricVerifyExecutor]] threads=0/0 queue=0/50 (0%) completed=0
2026-06-22 17:04:12.724 [scheduling-1] INFO  [txId=] [corrId=] c.d.f.i.m.ExecutorMetricsLogger - [EXECUTOR-METRICS][BG-Task       [aiTaskExecutor]] threads=0/0 queue=0/500 (0%) completed=0
2026-06-22 17:04:12.725 [scheduling-1] INFO  [txId=] [corrId=] c.d.f.i.m.ExecutorMetricsLogger - [EXECUTOR-METRICS][RT-Emotion    [realtimeEmotionExecutor]] threads=0/0 queue=0/30 (0%) completed=0
2026-06-22 17:04:12.725 [scheduling-1] INFO  [txId=] [corrId=] c.d.f.i.m.ExecutorMetricsLogger - [EXECUTOR-METRICS][BioVerify     [biometricVerifyExecutor]] threads=0/0 queue=0/50 (0%) completed=0
2026-06-22 17:04:20.088 [http-nio-8081-exec-2] INFO  [txId=] [corrId=] o.a.c.c.C.[Tomcat].[localhost].[/] - Initializing Spring DispatcherServlet 'dispatcherServlet'
2026-06-22 17:04:20.088 [http-nio-8081-exec-2] INFO  [txId=] [corrId=] o.s.web.servlet.DispatcherServlet - Initializing Servlet 'dispatcherServlet'
2026-06-22 17:04:20.091 [http-nio-8081-exec-2] INFO  [txId=] [corrId=] o.s.web.servlet.DispatcherServlet - Completed initialization in 2 ms
2026-06-22 17:04:20.394 [http-nio-8081-exec-6] ERROR [txId=] [corrId=0844539f1706] c.d.finrisk.core.security.JwtUtils - Token JWT đã hết hạn: JWT expired 1245391 milliseconds ago at 2026-06-22T09:43:35.000Z. Current time: 2026-06-22T10:04:20.391Z. Allowed clock skew: 0 milliseconds.
2026-06-22 17:04:20.394 [http-nio-8081-exec-5] ERROR [txId=] [corrId=19174dd91d49] c.d.finrisk.core.security.JwtUtils - Token JWT đã hết hạn: JWT expired 1245391 milliseconds ago at 2026-06-22T09:43:35.000Z. Current time: 2026-06-22T10:04:20.391Z. Allowed clock skew: 0 milliseconds.
2026-06-22 17:04:20.416 [http-nio-8081-exec-7] ERROR [txId=] [corrId=8d62cacd7ca3] c.d.finrisk.core.security.JwtUtils - Token JWT đã hết hạn: JWT expired 1245416 milliseconds ago at 2026-06-22T09:43:35.000Z. Current time: 2026-06-22T10:04:20.416Z. Allowed clock skew: 0 milliseconds.
2026-06-22 17:04:20.416 [http-nio-8081-exec-8] ERROR [txId=] [corrId=1fe1c33bca76] c.d.finrisk.core.security.JwtUtils - Token JWT đã hết hạn: JWT expired 1245416 milliseconds ago at 2026-06-22T09:43:35.000Z. Current time: 2026-06-22T10:04:20.416Z. Allowed clock skew: 0 milliseconds.
2026-06-22 17:04:20.604 [http-nio-8081-exec-6] INFO  [txId=] [corrId=a0a7aa273d34] c.d.f.i.a.PerformanceTracerAspect - [TRACE-JAVA] com.datn.finrisk.core.repository.UserRepository.findByUsername() executed in 104 ms
2026-06-22 17:04:20.604 [http-nio-8081-exec-3] INFO  [txId=] [corrId=a086d5fbda1b] c.d.f.i.a.PerformanceTracerAspect - [TRACE-JAVA] com.datn.finrisk.core.repository.UserRepository.findByUsername() executed in 104 ms
2026-06-22 17:04:20.604 [http-nio-8081-exec-4] INFO  [txId=] [corrId=5ed5befaf8f0] c.d.f.i.a.PerformanceTracerAspect - [TRACE-JAVA] com.datn.finrisk.core.repository.UserRepository.findByUsername() executed in 104 ms
2026-06-22 17:04:20.604 [http-nio-8081-exec-2] INFO  [txId=] [corrId=4c261e6d0993] c.d.f.i.a.PerformanceTracerAspect - [TRACE-JAVA] com.datn.finrisk.core.repository.UserRepository.findByUsername() executed in 104 ms
2026-06-22 17:04:20.736 [http-nio-8081-exec-2] INFO  [txId=] [corrId=4c261e6d0993] c.d.f.i.a.PerformanceTracerAspect - [TRACE-JAVA] com.datn.finrisk.web.controllers.AuthController.refreshToken() executed in 240 ms
2026-06-22 17:04:20.736 [http-nio-8081-exec-4] INFO  [txId=] [corrId=5ed5befaf8f0] c.d.f.i.a.PerformanceTracerAspect - [TRACE-JAVA] com.datn.finrisk.web.controllers.AuthController.refreshToken() executed in 240 ms
2026-06-22 17:04:20.736 [http-nio-8081-exec-6] INFO  [txId=] [corrId=a0a7aa273d34] c.d.f.i.a.PerformanceTracerAspect - [TRACE-JAVA] com.datn.finrisk.web.controllers.AuthController.refreshToken() executed in 240 ms
2026-06-22 17:04:20.736 [http-nio-8081-exec-3] INFO  [txId=] [corrId=a086d5fbda1b] c.d.f.i.a.PerformanceTracerAspect - [TRACE-JAVA] com.datn.finrisk.web.controllers.AuthController.refreshToken() executed in 240 ms
2026-06-22 17:04:21.348 [http-nio-8081-exec-5] INFO  [txId=] [corrId=d15360b5ec29] c.d.f.i.a.PerformanceTracerAspect - [TRACE-JAVA] com.datn.finrisk.core.services.JwtBlocklistService.isBlocked() executed in 591 ms
2026-06-22 17:04:21.348 [http-nio-8081-exec-7] INFO  [txId=] [corrId=199b26a8a7c7] c.d.f.i.a.PerformanceTracerAspect - [TRACE-JAVA] com.datn.finrisk.core.services.JwtBlocklistService.isBlocked() executed in 591 ms
2026-06-22 17:04:21.391 [http-nio-8081-exec-7] INFO  [txId=] [corrId=199b26a8a7c7] c.d.f.i.a.PerformanceTracerAspect - [TRACE-JAVA] com.datn.finrisk.core.repository.TransactionLedgerRepository.findRecentDebitsWithTransaction() executed in 33 ms
2026-06-22 17:04:21.401 [http-nio-8081-exec-7] INFO  [txId=] [corrId=199b26a8a7c7] c.d.f.i.a.PerformanceTracerAspect - [TRACE-JAVA] com.datn.finrisk.core.repository.AccountRepository.findAccountNumbersAndNames() executed in 5 ms
2026-06-22 17:04:21.402 [http-nio-8081-exec-7] INFO  [txId=] [corrId=199b26a8a7c7] c.d.f.i.a.PerformanceTracerAspect - [TRACE-JAVA] com.datn.finrisk.web.controllers.TransactionController.getRecentRecipients() executed in 46 ms
2026-06-22 17:04:21.410 [http-nio-8081-exec-8] INFO  [txId=] [corrId=e1eea2854152] c.d.f.i.a.PerformanceTracerAspect - [TRACE-JAVA] com.datn.finrisk.core.services.JwtBlocklistService.isBlocked() executed in 1 ms
2026-06-22 17:04:21.418 [http-nio-8081-exec-5] INFO  [txId=] [corrId=d15360b5ec29] c.d.f.i.a.PerformanceTracerAspect - [TRACE-JAVA] com.datn.finrisk.web.controllers.UserController.getContacts() executed in 61 ms
2026-06-22 17:04:21.422 [http-nio-8081-exec-8] INFO  [txId=] [corrId=e1eea2854152] c.d.f.i.a.PerformanceTracerAspect - [TRACE-JAVA] com.datn.finrisk.core.repository.TransactionLedgerRepository.findRecentDebitsWithTransaction() executed in 9 ms
2026-06-22 17:04:21.423 [http-nio-8081-exec-10] INFO  [txId=] [corrId=411b7ee99956] c.d.f.i.a.PerformanceTracerAspect - [TRACE-JAVA] com.datn.finrisk.core.services.JwtBlocklistService.isBlocked() executed in 1 ms
2026-06-22 17:04:21.425 [http-nio-8081-exec-8] INFO  [txId=] [corrId=e1eea2854152] c.d.f.i.a.PerformanceTracerAspect - [TRACE-JAVA] com.datn.finrisk.core.repository.AccountRepository.findAccountNumbersAndNames() executed in 3 ms
2026-06-22 17:04:21.426 [http-nio-8081-exec-8] INFO  [txId=] [corrId=e1eea2854152] c.d.f.i.a.PerformanceTracerAspect - [TRACE-JAVA] com.datn.finrisk.web.controllers.TransactionController.getRecentRecipients() executed in 13 ms
2026-06-22 17:04:21.433 [http-nio-8081-exec-10] INFO  [txId=] [corrId=411b7ee99956] c.d.f.i.a.PerformanceTracerAspect - [TRACE-JAVA] com.datn.finrisk.web.controllers.UserController.getContacts() executed in 7 ms
2026-06-22 17:04:35.511 [http-nio-8081-exec-1] INFO  [txId=] [corrId=56eecddf36fe] c.d.f.i.a.PerformanceTracerAspect - [TRACE-JAVA] com.datn.finrisk.core.services.RateLimitService.isLoginBlocked() executed in 1 ms
2026-06-22 17:04:35.513 [http-nio-8081-exec-1] INFO  [txId=] [corrId=56eecddf36fe] c.d.f.core.services.AuthService - === BẮT ĐẦU XỬ LÝ LOGIN CHO USER: congnhan_b ===
2026-06-22 17:04:35.521 [http-nio-8081-exec-1] INFO  [txId=] [corrId=56eecddf36fe] c.d.f.i.a.PerformanceTracerAspect - [TRACE-JAVA] com.datn.finrisk.core.repository.UserRepository.findByUsername() executed in 8 ms
2026-06-22 17:04:35.521 [http-nio-8081-exec-1] INFO  [txId=] [corrId=56eecddf36fe] c.d.f.core.services.AuthService - 🔍 ĐANG SO SÁNH MẬT KHẨU...
2026-06-22 17:04:35.605 [http-nio-8081-exec-1] DEBUG [txId=] [corrId=56eecddf36fe] c.d.f.core.services.AuthService - 🎯 KẾT QUẢ SO SÁNH: true
2026-06-22 17:04:35.622 [http-nio-8081-exec-1] INFO  [txId=] [corrId=56eecddf36fe] c.d.f.i.a.PerformanceTracerAspect - [TRACE-JAVA] com.datn.finrisk.core.repository.AccountRepository.findByUserId() executed in 16 ms
2026-06-22 17:04:35.622 [http-nio-8081-exec-1] INFO  [txId=] [corrId=56eecddf36fe] c.d.f.core.services.AuthService - ✅ LOGIN THÀNH CÔNG CHO USER: congnhan_b
2026-06-22 17:04:35.623 [http-nio-8081-exec-1] INFO  [txId=] [corrId=56eecddf36fe] c.d.f.i.a.PerformanceTracerAspect - [TRACE-JAVA] com.datn.finrisk.core.services.AuthService.login() executed in 111 ms
2026-06-22 17:04:35.626 [http-nio-8081-exec-1] INFO  [txId=] [corrId=56eecddf36fe] c.d.f.i.a.PerformanceTracerAspect - [TRACE-JAVA] com.datn.finrisk.core.services.RateLimitService.clearLoginAttempts() executed in 3 ms
2026-06-22 17:04:35.633 [http-nio-8081-exec-1] INFO  [txId=] [corrId=56eecddf36fe] c.d.f.i.a.PerformanceTracerAspect - [TRACE-JAVA] com.datn.finrisk.core.repository.UserDeviceRepository.findByUserIdAndDeviceFingerprint() executed in 5 ms
2026-06-22 17:04:35.657 [http-nio-8081-exec-1] INFO  [txId=] [corrId=56eecddf36fe] c.d.f.core.services.AuditLogService - [AUDIT] action=LOGIN_SUCCESS user=congnhan_b
2026-06-22 17:04:35.657 [http-nio-8081-exec-1] INFO  [txId=] [corrId=56eecddf36fe] c.d.f.i.a.PerformanceTracerAspect - [TRACE-JAVA] com.datn.finrisk.core.services.AuditLogService.logAction() executed in 23 ms
2026-06-22 17:04:35.672 [http-nio-8081-exec-1] INFO  [txId=] [corrId=56eecddf36fe] c.d.f.i.a.PerformanceTracerAspect - [TRACE-JAVA] com.datn.finrisk.core.repository.UserDeviceRepository.findByUserIdAndDeviceFingerprint() executed in 3 ms
2026-06-22 17:04:35.686 [http-nio-8081-exec-1] INFO  [txId=] [corrId=56eecddf36fe] c.d.f.i.a.PerformanceTracerAspect - [TRACE-JAVA] com.datn.finrisk.core.repository.AccountRepository.findByUser() executed in 6 ms
2026-06-22 17:04:35.686 [http-nio-8081-exec-1] DEBUG [txId=] [corrId=56eecddf36fe] c.d.f.web.controllers.AuthController - [AUTH] Account linked user=congnhan_b account=CN_MAIN_001
2026-06-22 17:04:35.686 [http-nio-8081-exec-1] INFO  [txId=] [corrId=56eecddf36fe] c.d.f.i.a.PerformanceTracerAspect - [TRACE-JAVA] com.datn.finrisk.web.controllers.AuthController.login() executed in 176 ms
2026-06-22 17:04:37.712 [http-nio-8081-exec-5] INFO  [txId=] [corrId=18604db3819f] c.d.f.i.a.PerformanceTracerAspect - [TRACE-JAVA] com.datn.finrisk.core.services.JwtBlocklistService.isBlocked() executed in 2 ms
2026-06-22 17:04:37.712 [http-nio-8081-exec-7] INFO  [txId=] [corrId=b873d873ac18] c.d.f.i.a.PerformanceTracerAspect - [TRACE-JAVA] com.datn.finrisk.core.services.JwtBlocklistService.isBlocked() executed in 2 ms
2026-06-22 17:04:37.720 [http-nio-8081-exec-7] INFO  [txId=] [corrId=b873d873ac18] c.d.f.i.a.PerformanceTracerAspect - [TRACE-JAVA] com.datn.finrisk.core.repository.TransactionLedgerRepository.findRecentDebitsWithTransaction() executed in 5 ms
2026-06-22 17:04:37.723 [http-nio-8081-exec-5] INFO  [txId=] [corrId=18604db3819f] c.d.f.i.a.PerformanceTracerAspect - [TRACE-JAVA] com.datn.finrisk.web.controllers.UserController.getContacts() executed in 9 ms
2026-06-22 17:04:37.724 [http-nio-8081-exec-7] INFO  [txId=] [corrId=b873d873ac18] c.d.f.i.a.PerformanceTracerAspect - [TRACE-JAVA] com.datn.finrisk.core.repository.AccountRepository.findAccountNumbersAndNames() executed in 4 ms
2026-06-22 17:04:37.725 [http-nio-8081-exec-7] INFO  [txId=] [corrId=b873d873ac18] c.d.f.i.a.PerformanceTracerAspect - [TRACE-JAVA] com.datn.finrisk.web.controllers.TransactionController.getRecentRecipients() executed in 10 ms
2026-06-22 17:04:37.728 [http-nio-8081-exec-10] INFO  [txId=] [corrId=b7eb12ac2a7d] c.d.f.i.a.PerformanceTracerAspect - [TRACE-JAVA] com.datn.finrisk.core.services.JwtBlocklistService.isBlocked() executed in 1 ms
2026-06-22 17:04:37.728 [http-nio-8081-exec-8] INFO  [txId=] [corrId=f77b27991efb] c.d.f.i.a.PerformanceTracerAspect - [TRACE-JAVA] com.datn.finrisk.core.services.JwtBlocklistService.isBlocked() executed in 1 ms
2026-06-22 17:04:37.737 [http-nio-8081-exec-10] INFO  [txId=] [corrId=b7eb12ac2a7d] c.d.f.i.a.PerformanceTracerAspect - [TRACE-JAVA] com.datn.finrisk.core.repository.TransactionLedgerRepository.findRecentDebitsWithTransaction() executed in 6 ms
2026-06-22 17:04:37.739 [http-nio-8081-exec-8] INFO  [txId=] [corrId=f77b27991efb] c.d.f.i.a.PerformanceTracerAspect - [TRACE-JAVA] com.datn.finrisk.web.controllers.UserController.getContacts() executed in 8 ms
2026-06-22 17:04:37.740 [http-nio-8081-exec-10] INFO  [txId=] [corrId=b7eb12ac2a7d] c.d.f.i.a.PerformanceTracerAspect - [TRACE-JAVA] com.datn.finrisk.core.repository.AccountRepository.findAccountNumbersAndNames() executed in 3 ms
2026-06-22 17:04:37.740 [http-nio-8081-exec-10] INFO  [txId=] [corrId=b7eb12ac2a7d] c.d.f.i.a.PerformanceTracerAspect - [TRACE-JAVA] com.datn.finrisk.web.controllers.TransactionController.getRecentRecipients() executed in 9 ms
2026-06-22 17:04:39.884 [http-nio-8081-exec-1] INFO  [txId=] [corrId=6dfbbbccda7d] c.d.f.i.a.PerformanceTracerAspect - [TRACE-JAVA] com.datn.finrisk.core.services.JwtBlocklistService.isBlocked() executed in 1 ms
2026-06-22 17:04:39.894 [http-nio-8081-exec-1] INFO  [txId=] [corrId=6dfbbbccda7d] c.d.f.i.a.PerformanceTracerAspect - [TRACE-JAVA] com.datn.finrisk.core.repository.AccountRepository.findFullNameByAccountNumber() executed in 4 ms
2026-06-22 17:04:39.894 [http-nio-8081-exec-1] INFO  [txId=] [corrId=6dfbbbccda7d] c.d.f.i.a.PerformanceTracerAspect - [TRACE-JAVA] com.datn.finrisk.web.controllers.TransactionController.lookupAccountName() executed in 4 ms
2026-06-22 17:04:40.517 [http-nio-8081-exec-6] INFO  [txId=] [corrId=a6476c95c21d] c.d.f.i.a.PerformanceTracerAspect - [TRACE-JAVA] com.datn.finrisk.core.services.JwtBlocklistService.isBlocked() executed in 2 ms
2026-06-22 17:04:40.577 [http-nio-8081-exec-6] INFO  [txId=] [corrId=a6476c95c21d] c.d.f.i.a.PerformanceTracerAspect - [TRACE-JAVA] com.datn.finrisk.core.repository.AccountRepository.findByIdWithUserAndSecurity() executed in 11 ms
2026-06-22 17:04:40.583 [http-nio-8081-exec-6] INFO  [txId=] [corrId=a6476c95c21d] c.d.f.i.a.PerformanceTracerAspect - [TRACE-JAVA] com.datn.finrisk.core.repository.AccountRepository.findByIdWithUserAndSecurity() executed in 3 ms
2026-06-22 17:04:40.600 [http-nio-8081-exec-6] INFO  [txId=] [corrId=a6476c95c21d] c.d.f.i.a.PerformanceTracerAspect - [TRACE-JAVA] com.datn.finrisk.core.repository.TransactionLedgerRepository.existsByAccountIdAndToAccountNumber() executed in 15 ms
2026-06-22 17:04:40.604 [http-nio-8081-exec-6] DEBUG [txId=] [corrId=a6476c95c21d] c.d.f.c.s.RiskEvaluationService - [RISK-ENGINE][START] tx=null evaluating risk
2026-06-22 17:04:40.609 [http-nio-8081-exec-6] INFO  [txId=] [corrId=a6476c95c21d] c.d.f.i.a.PerformanceTracerAspect - [TRACE-JAVA] com.datn.finrisk.core.repository.RuleRepository.findByIsActiveTrue() executed in 5 ms
2026-06-22 17:04:40.617 [http-nio-8081-exec-6] INFO  [txId=] [corrId=a6476c95c21d] c.d.f.i.a.PerformanceTracerAspect - [TRACE-JAVA] com.datn.finrisk.core.repository.TransactionRepository.countRecentTransactions() executed in 5 ms
2026-06-22 17:04:40.627 [http-nio-8081-exec-6] INFO  [txId=] [corrId=a6476c95c21d] c.d.f.i.a.PerformanceTracerAspect - [TRACE-JAVA] com.datn.finrisk.core.repository.TransactionRepository.sumSuccessfulAmountToday() executed in 7 ms
2026-06-22 17:04:40.671 [http-nio-8081-exec-6] INFO  [txId=] [corrId=a6476c95c21d] c.d.f.i.a.PerformanceTracerAspect - [TRACE-JAVA] com.datn.finrisk.core.services.BehavioralProfilingService.calculateBehavioralAnomalyScore() executed in 43 ms
2026-06-22 17:04:40.679 [http-nio-8081-exec-6] INFO  [txId=] [corrId=a6476c95c21d] c.d.f.i.a.PerformanceTracerAspect - [TRACE-JAVA] com.datn.finrisk.core.repository.UserDeviceRepository.findByUserIdAndDeviceFingerprint() executed in 4 ms
2026-06-22 17:04:40.681 [http-nio-8081-exec-6] DEBUG [txId=] [corrId=a6476c95c21d] c.d.f.c.s.RiskEvaluationService - [RISK-ENGINE][CTX] tx=null amount=100000000 deviceTrusted=true isNewRecipient=false suspiciousSession=true isNightTime=false recentTxCount=0 balanceRatio=0.133 dailyTotalAmount=240000000
2026-06-22 17:04:40.685 [http-nio-8081-exec-6] DEBUG [txId=] [corrId=a6476c95c21d] c.d.f.c.s.RiskEvaluationService - [RISK-ENGINE][RULE-HIT] tx=null rule='Phiên rủi ro vị trí/IP' id=5 cat=DEVICE score=40
2026-06-22 17:04:40.687 [http-nio-8081-exec-6] DEBUG [txId=] [corrId=a6476c95c21d] c.d.f.c.s.RiskEvaluationService - [RISK-ENGINE][RULE-HIT] tx=null rule='Tuân thủ QĐ 2345/NHNN' id=7 cat=FINANCIAL score=0
2026-06-22 17:04:40.688 [http-nio-8081-exec-6] DEBUG [txId=] [corrId=a6476c95c21d] c.d.f.c.s.RiskEvaluationService - [RISK-ENGINE][RULE-HIT] tx=null rule='Hạn mức tích lũy ngày cao' id=11 cat=FINANCIAL score=40
2026-06-22 17:04:40.688 [http-nio-8081-exec-6] DEBUG [txId=] [corrId=a6476c95c21d] c.d.f.c.s.RiskEvaluationService - [RISK-ENGINE][AI] tx=null txCount=373 behavioralScore=100 reliability=1.00 contribution=35
2026-06-22 17:04:40.688 [http-nio-8081-exec-6] INFO  [txId=] [corrId=a6476c95c21d] c.d.f.c.s.RiskEvaluationService - [RISK-ENGINE][RESULT] tx=null final=100 cat_total=80 ai=35 cats={DEVICE=40, FINANCIAL=40} override=MEDIUM_2
2026-06-22 17:04:40.688 [http-nio-8081-exec-6] INFO  [txId=] [corrId=a6476c95c21d] c.d.f.i.a.PerformanceTracerAspect - [TRACE-JAVA] com.datn.finrisk.core.services.RiskEvaluationService.evaluateRisk() executed in 87 ms
2026-06-22 17:04:40.701 [http-nio-8081-exec-6] DEBUG [txId=] [corrId=a6476c95c21d] c.d.f.c.services.TransactionService - Transaction saved: id=4855
2026-06-22 17:04:40.709 [http-nio-8081-exec-6] DEBUG [txId=] [corrId=a6476c95c21d] c.d.f.c.services.TransactionService - Saved 2 risk score(s) for tx=4855
2026-06-22 17:04:40.721 [http-nio-8081-exec-6] DEBUG [txId=] [corrId=a6476c95c21d] c.d.f.c.services.TransactionService - Saved 5 AI insight(s) for tx=4855
2026-06-22 17:04:40.732 [http-nio-8081-exec-6] INFO  [txId=] [corrId=a6476c95c21d] c.d.f.i.a.PerformanceTracerAspect - [TRACE-JAVA] com.datn.finrisk.core.repository.RiskPolicyRepository.findByScore() executed in 9 ms
2026-06-22 17:04:40.738 [http-nio-8081-exec-6] INFO  [txId=] [corrId=a6476c95c21d] c.d.f.i.a.PerformanceTracerAspect - [TRACE-JAVA] com.datn.finrisk.core.repository.RiskPolicyRepository.findByRiskLevel() executed in 5 ms
2026-06-22 17:04:40.738 [http-nio-8081-exec-6] INFO  [txId=] [corrId=a6476c95c21d] c.d.f.c.services.TransactionService - Risk evaluation: score=100 level=HIGH desc=CẢNH BÁO: AI Cảm xúc + Voice OTP
2026-06-22 17:04:40.739 [http-nio-8081-exec-6] INFO  [txId=] [corrId=a6476c95c21d] c.d.f.c.s.AdvancedFaceActionStrategy - [FaceStrategy][EXECUTE] tx=4855 riskLevel=HIGH → PENDING_PIN_HIGH
2026-06-22 17:04:40.739 [http-nio-8081-exec-6] INFO  [txId=] [corrId=a6476c95c21d] c.d.f.i.a.PerformanceTracerAspect - [TRACE-JAVA] com.datn.finrisk.core.strategies.AdvancedFaceActionStrategy.execute() executed in 0 ms
2026-06-22 17:04:40.739 [http-nio-8081-exec-6] INFO  [txId=] [corrId=a6476c95c21d] c.d.f.i.a.PerformanceTracerAspect - [TRACE-JAVA] com.datn.finrisk.core.services.TransactionService.initiateTransaction() executed in 159 ms
2026-06-22 17:04:40.756 [http-nio-8081-exec-6] INFO  [txId=] [corrId=a6476c95c21d] c.d.f.core.services.AuditLogService - [AUDIT] action=TRANSACTION_INITIATED user=congnhan_b
2026-06-22 17:04:40.756 [http-nio-8081-exec-6] INFO  [txId=] [corrId=a6476c95c21d] c.d.f.i.a.PerformanceTracerAspect - [TRACE-JAVA] com.datn.finrisk.core.services.AuditLogService.logAction() executed in 5 ms
2026-06-22 17:04:40.756 [http-nio-8081-exec-6] INFO  [txId=] [corrId=a6476c95c21d] c.d.f.i.a.PerformanceTracerAspect - [TRACE-JAVA] com.datn.finrisk.web.controllers.TransactionController.processTransaction() executed in 190 ms
2026-06-22 17:04:42.318 [http-nio-8081-exec-3] INFO  [txId=] [corrId=98fc7eab95e8] c.d.f.i.a.PerformanceTracerAspect - [TRACE-JAVA] com.datn.finrisk.core.services.JwtBlocklistService.isBlocked() executed in 1 ms
2026-06-22 17:04:42.325 [http-nio-8081-exec-3] INFO  [txId=] [corrId=98fc7eab95e8] c.d.f.w.c.TransactionController - 🚨 [BẪY DEBUG] Nhận request verify cho TxID: 4855 - Lúc: 1782122682325
2026-06-22 17:04:42.338 [http-nio-8081-exec-3] INFO  [txId=] [corrId=98fc7eab95e8] c.d.f.i.a.PerformanceTracerAspect - [TRACE-JAVA] com.datn.finrisk.core.repository.TransactionRepository.findByIdWithUserSecurity() executed in 12 ms
2026-06-22 17:04:42.422 [http-nio-8081-exec-3] INFO  [txId=] [corrId=98fc7eab95e8] c.d.f.i.a.PerformanceTracerAspect - [TRACE-JAVA] com.datn.finrisk.core.services.PinService.verifyPin() executed in 81 ms
2026-06-22 17:04:42.455 [http-nio-8081-exec-3] INFO  [txId=] [corrId=98fc7eab95e8] c.d.f.i.a.PerformanceTracerAspect - [TRACE-JAVA] com.datn.finrisk.core.services.OtpService.generateVoiceOtp() executed in 13 ms
2026-06-22 17:04:42.455 [http-nio-8081-exec-3] INFO  [txId=] [corrId=98fc7eab95e8] c.d.f.i.a.PerformanceTracerAspect - [TRACE-JAVA] com.datn.finrisk.web.controllers.TransactionController.verifyAndExecute() executed in 130 ms
2026-06-22 17:04:42.539 [http-nio-8081-exec-7] INFO  [txId=] [corrId=6927ffbef179] c.d.f.i.a.PerformanceTracerAspect - [TRACE-JAVA] com.datn.finrisk.core.repository.BiometricSessionRepository.findBySessionTokenEager() executed in 13 ms
2026-06-22 17:04:42.540 [http-nio-8081-exec-7] DEBUG [txId=] [corrId=6927ffbef179] c.d.f.w.websocket.WsConnectionGuard - [WS-GUARD] ip=0:0:0:0:0:0:0:1 — slot acquired (1/5)
2026-06-22 17:04:42.540 [http-nio-8081-exec-7] INFO  [txId=] [corrId=6927ffbef179] c.d.f.w.w.BiometricHandshakeInterceptor - [WS-SECURITY] ip=0:0:0:0:0:0:0:1 user=congnhan_b — handshake accepted
2026-06-22 17:04:42.602 [http-nio-8081-exec-7] INFO  [txId=] [corrId=] c.d.f.w.w.LiveEmotionWebSocketHandler - [WS-FACE] connected session=81b92146-2cb1-d574-b4cc-286492257baf ip=0:0:0:0:0:0:0:1
2026-06-22 17:04:42.603 [http-nio-8081-exec-7] DEBUG [txId=] [corrId=] c.d.f.w.w.FaceSessionRegistry - [FACE-REGISTRY] registered bsToken=f45e50ca-9223-4602-b128-e9d331104a5d session=81b92146-2cb1-d574-b4cc-286492257baf
2026-06-22 17:04:42.607 [http-nio-8081-exec-8] INFO  [txId=] [corrId=da679b497851] c.d.f.i.a.PerformanceTracerAspect - [TRACE-JAVA] com.datn.finrisk.core.repository.BiometricSessionRepository.findBySessionTokenEager() executed in 7 ms
2026-06-22 17:04:42.607 [http-nio-8081-exec-8] DEBUG [txId=] [corrId=da679b497851] c.d.f.w.websocket.WsConnectionGuard - [WS-GUARD] ip=0:0:0:0:0:0:0:1 — slot acquired (2/5)
2026-06-22 17:04:42.607 [http-nio-8081-exec-8] INFO  [txId=] [corrId=da679b497851] c.d.f.w.w.BiometricHandshakeInterceptor - [WS-SECURITY] ip=0:0:0:0:0:0:0:1 user=congnhan_b — handshake accepted
2026-06-22 17:04:42.614 [http-nio-8081-exec-8] INFO  [txId=4855] [corrId=WS-346f994b] c.d.f.w.w.LiveVoiceWebSocketHandler - [WS-VOICE] session=346f994b-a275-f7a0-f0a6-6c82c335cdb0 ip=0:0:0:0:0:0:0:1 user=congnhan_b txId=4855 — opening bridge to Python voice service
2026-06-22 17:04:42.719 [scheduling-1] INFO  [txId=] [corrId=] c.d.f.i.m.ExecutorMetricsLogger - [EXECUTOR-METRICS][BG-Task       [aiTaskExecutor]] threads=0/0 queue=0/500 (0%) completed=0
2026-06-22 17:04:42.719 [scheduling-1] INFO  [txId=] [corrId=] c.d.f.i.m.ExecutorMetricsLogger - [EXECUTOR-METRICS][RT-Emotion    [realtimeEmotionExecutor]] threads=0/0 queue=0/30 (0%) completed=0
2026-06-22 17:04:42.719 [scheduling-1] INFO  [txId=] [corrId=] c.d.f.i.m.ExecutorMetricsLogger - [EXECUTOR-METRICS][BioVerify     [biometricVerifyExecutor]] threads=0/0 queue=0/50 (0%) completed=0
2026-06-22 17:04:42.739 [http-nio-8081-exec-8] INFO  [txId=4855] [corrId=WS-346f994b] c.d.f.w.w.LiveVoiceWebSocketHandler - [WS-VOICE] bridge established session=346f994b-a275-f7a0-f0a6-6c82c335cdb0 ip=0:0:0:0:0:0:0:1 txId=4855
2026-06-22 17:04:52.574 [http-nio-8081-exec-9] INFO  [txId=4855] [corrId=WS-81b92146] c.d.f.i.a.PerformanceTracerAspect - [TRACE-JAVA] com.datn.finrisk.core.repository.TransactionRepository.findByIdWithUserSecurity() executed in 6 ms
2026-06-22 17:04:52.576 [http-nio-8081-exec-9] DEBUG [txId=4855] [corrId=WS-81b92146] c.d.f.w.w.LiveEmotionWebSocketHandler - [WS-FACE][BUFFER] tx=4855 frames=1 totalBytes=6819
2026-06-22 17:04:52.801 [http-nio-8081-exec-6] DEBUG [txId=4855] [corrId=WS-81b92146] c.d.f.w.w.LiveEmotionWebSocketHandler - [WS-FACE][BUFFER] tx=4855 frames=2 totalBytes=13547
2026-06-22 17:04:53.044 [http-nio-8081-exec-7] DEBUG [txId=4855] [corrId=WS-81b92146] c.d.f.w.w.LiveEmotionWebSocketHandler - [WS-FACE][BUFFER] tx=4855 frames=3 totalBytes=20256
2026-06-22 17:04:53.284 [RT-Emotion-2] DEBUG [txId=4855] [corrId=WS-81b92146] c.d.f.c.s.RiskEvaluationService - [RT-EMOTION][DONE] elapsed=482ms emotion=SAD
2026-06-22 17:04:53.284 [RT-Emotion-3] DEBUG [txId=4855] [corrId=WS-81b92146] c.d.f.c.s.RiskEvaluationService - [RT-EMOTION][DONE] elapsed=238ms emotion=SAD
2026-06-22 17:04:53.284 [RT-Emotion-1] DEBUG [txId=4855] [corrId=WS-81b92146] c.d.f.c.s.RiskEvaluationService - [RT-EMOTION][DONE] elapsed=701ms emotion=SAD
2026-06-22 17:04:53.284 [RT-Emotion-2] INFO  [txId=4855] [corrId=WS-81b92146] c.d.f.i.a.PerformanceTracerAspect - [TRACE-JAVA] com.datn.finrisk.core.services.RiskEvaluationService.detectEmotionAsync() executed in 482 ms
2026-06-22 17:04:53.284 [RT-Emotion-3] INFO  [txId=4855] [corrId=WS-81b92146] c.d.f.i.a.PerformanceTracerAspect - [TRACE-JAVA] com.datn.finrisk.core.services.RiskEvaluationService.detectEmotionAsync() executed in 238 ms
2026-06-22 17:04:53.285 [RT-Emotion-1] INFO  [txId=4855] [corrId=WS-81b92146] c.d.f.i.a.PerformanceTracerAspect - [TRACE-JAVA] com.datn.finrisk.core.services.RiskEvaluationService.detectEmotionAsync() executed in 703 ms
2026-06-22 17:04:53.303 [http-nio-8081-exec-2] DEBUG [txId=4855] [corrId=WS-81b92146] c.d.f.w.w.LiveEmotionWebSocketHandler - [WS-FACE][BUFFER] tx=4855 frames=4 totalBytes=27011
2026-06-22 17:04:53.371 [RT-Emotion-3] DEBUG [txId=4855] [corrId=WS-81b92146] c.d.f.c.s.RiskEvaluationService - [RT-EMOTION][DONE] elapsed=68ms emotion=SAD
2026-06-22 17:04:53.371 [RT-Emotion-3] INFO  [txId=4855] [corrId=WS-81b92146] c.d.f.i.a.PerformanceTracerAspect - [TRACE-JAVA] com.datn.finrisk.core.services.RiskEvaluationService.detectEmotionAsync() executed in 68 ms
2026-06-22 17:04:53.551 [http-nio-8081-exec-5] DEBUG [txId=4855] [corrId=WS-81b92146] c.d.f.w.w.LiveEmotionWebSocketHandler - [WS-FACE][BUFFER] tx=4855 frames=5 totalBytes=33817
2026-06-22 17:04:53.616 [RT-Emotion-1] DEBUG [txId=4855] [corrId=WS-81b92146] c.d.f.c.s.RiskEvaluationService - [RT-EMOTION][DONE] elapsed=65ms emotion=SAD
2026-06-22 17:04:53.616 [RT-Emotion-1] INFO  [txId=4855] [corrId=WS-81b92146] c.d.f.i.a.PerformanceTracerAspect - [TRACE-JAVA] com.datn.finrisk.core.services.RiskEvaluationService.detectEmotionAsync() executed in 65 ms
2026-06-22 17:04:53.801 [http-nio-8081-exec-10] DEBUG [txId=4855] [corrId=WS-81b92146] c.d.f.w.w.LiveEmotionWebSocketHandler - [WS-FACE][BUFFER] tx=4855 frames=5 totalBytes=40638
2026-06-22 17:04:53.878 [RT-Emotion-2] DEBUG [txId=4855] [corrId=WS-81b92146] c.d.f.c.s.RiskEvaluationService - [RT-EMOTION][DONE] elapsed=77ms emotion=SAD
2026-06-22 17:04:53.879 [RT-Emotion-2] INFO  [txId=4855] [corrId=WS-81b92146] c.d.f.i.a.PerformanceTracerAspect - [TRACE-JAVA] com.datn.finrisk.core.services.RiskEvaluationService.detectEmotionAsync() executed in 78 ms
2026-06-22 17:04:54.050 [http-nio-8081-exec-6] DEBUG [txId=4855] [corrId=WS-81b92146] c.d.f.w.w.LiveEmotionWebSocketHandler - [WS-FACE][BUFFER] tx=4855 frames=5 totalBytes=47435
2026-06-22 17:04:54.113 [RT-Emotion-3] DEBUG [txId=4855] [corrId=WS-81b92146] c.d.f.c.s.RiskEvaluationService - [RT-EMOTION][DONE] elapsed=63ms emotion=SAD
2026-06-22 17:04:54.114 [RT-Emotion-3] INFO  [txId=4855] [corrId=WS-81b92146] c.d.f.i.a.PerformanceTracerAspect - [TRACE-JAVA] com.datn.finrisk.core.services.RiskEvaluationService.detectEmotionAsync() executed in 64 ms
2026-06-22 17:04:54.301 [http-nio-8081-exec-10] DEBUG [txId=4855] [corrId=WS-81b92146] c.d.f.w.w.LiveEmotionWebSocketHandler - [WS-FACE][BUFFER] tx=4855 frames=5 totalBytes=54239
2026-06-22 17:04:54.383 [RT-Emotion-1] DEBUG [txId=4855] [corrId=WS-81b92146] c.d.f.c.s.RiskEvaluationService - [RT-EMOTION][DONE] elapsed=80ms emotion=SAD
2026-06-22 17:04:54.383 [RT-Emotion-1] INFO  [txId=4855] [corrId=WS-81b92146] c.d.f.i.a.PerformanceTracerAspect - [TRACE-JAVA] com.datn.finrisk.core.services.RiskEvaluationService.detectEmotionAsync() executed in 80 ms
2026-06-22 17:04:54.552 [http-nio-8081-exec-6] DEBUG [txId=4855] [corrId=WS-81b92146] c.d.f.w.w.LiveEmotionWebSocketHandler - [WS-FACE][BUFFER] tx=4855 frames=5 totalBytes=61057
2026-06-22 17:04:54.635 [RT-Emotion-2] DEBUG [txId=4855] [corrId=WS-81b92146] c.d.f.c.s.RiskEvaluationService - [RT-EMOTION][DONE] elapsed=83ms emotion=SAD
2026-06-22 17:04:54.635 [RT-Emotion-2] INFO  [txId=4855] [corrId=WS-81b92146] c.d.f.i.a.PerformanceTracerAspect - [TRACE-JAVA] com.datn.finrisk.core.services.RiskEvaluationService.detectEmotionAsync() executed in 83 ms
2026-06-22 17:04:54.793 [http-nio-8081-exec-7] DEBUG [txId=4855] [corrId=WS-81b92146] c.d.f.w.w.LiveEmotionWebSocketHandler - [WS-FACE][BUFFER] tx=4855 frames=5 totalBytes=67829
2026-06-22 17:04:54.870 [RT-Emotion-3] DEBUG [txId=4855] [corrId=WS-81b92146] c.d.f.c.s.RiskEvaluationService - [RT-EMOTION][DONE] elapsed=77ms emotion=SAD
2026-06-22 17:04:54.870 [RT-Emotion-3] INFO  [txId=4855] [corrId=WS-81b92146] c.d.f.i.a.PerformanceTracerAspect - [TRACE-JAVA] com.datn.finrisk.core.services.RiskEvaluationService.detectEmotionAsync() executed in 77 ms
2026-06-22 17:04:55.051 [http-nio-8081-exec-2] DEBUG [txId=4855] [corrId=WS-81b92146] c.d.f.w.w.LiveEmotionWebSocketHandler - [WS-FACE][BUFFER] tx=4855 frames=5 totalBytes=74498
2026-06-22 17:04:55.126 [RT-Emotion-1] DEBUG [txId=4855] [corrId=WS-81b92146] c.d.f.c.s.RiskEvaluationService - [RT-EMOTION][DONE] elapsed=74ms emotion=SAD
2026-06-22 17:04:55.126 [RT-Emotion-1] INFO  [txId=4855] [corrId=WS-81b92146] c.d.f.i.a.PerformanceTracerAspect - [TRACE-JAVA] com.datn.finrisk.core.services.RiskEvaluationService.detectEmotionAsync() executed in 74 ms
2026-06-22 17:04:55.300 [http-nio-8081-exec-5] DEBUG [txId=4855] [corrId=WS-81b92146] c.d.f.w.w.LiveEmotionWebSocketHandler - [WS-FACE][BUFFER] tx=4855 frames=5 totalBytes=81120
2026-06-22 17:04:55.360 [RT-Emotion-2] DEBUG [txId=4855] [corrId=WS-81b92146] c.d.f.c.s.RiskEvaluationService - [RT-EMOTION][DONE] elapsed=60ms emotion=SAD
2026-06-22 17:04:55.360 [RT-Emotion-2] INFO  [txId=4855] [corrId=WS-81b92146] c.d.f.i.a.PerformanceTracerAspect - [TRACE-JAVA] com.datn.finrisk.core.services.RiskEvaluationService.detectEmotionAsync() executed in 60 ms
2026-06-22 17:04:55.550 [http-nio-8081-exec-1] DEBUG [txId=4855] [corrId=WS-81b92146] c.d.f.w.w.LiveEmotionWebSocketHandler - [WS-FACE][BUFFER] tx=4855 frames=5 totalBytes=87732
2026-06-22 17:04:55.618 [RT-Emotion-3] DEBUG [txId=4855] [corrId=WS-81b92146] c.d.f.c.s.RiskEvaluationService - [RT-EMOTION][DONE] elapsed=68ms emotion=SAD
2026-06-22 17:04:55.618 [RT-Emotion-3] INFO  [txId=4855] [corrId=WS-81b92146] c.d.f.i.a.PerformanceTracerAspect - [TRACE-JAVA] com.datn.finrisk.core.services.RiskEvaluationService.detectEmotionAsync() executed in 68 ms
2026-06-22 17:04:55.800 [http-nio-8081-exec-6] DEBUG [txId=4855] [corrId=WS-81b92146] c.d.f.w.w.LiveEmotionWebSocketHandler - [WS-FACE][BUFFER] tx=4855 frames=5 totalBytes=94379
2026-06-22 17:04:55.872 [RT-Emotion-1] DEBUG [txId=4855] [corrId=WS-81b92146] c.d.f.c.s.RiskEvaluationService - [RT-EMOTION][DONE] elapsed=71ms emotion=SAD
2026-06-22 17:04:55.872 [RT-Emotion-1] INFO  [txId=4855] [corrId=WS-81b92146] c.d.f.i.a.PerformanceTracerAspect - [TRACE-JAVA] com.datn.finrisk.core.services.RiskEvaluationService.detectEmotionAsync() executed in 71 ms
2026-06-22 17:04:56.051 [http-nio-8081-exec-8] DEBUG [txId=4855] [corrId=WS-81b92146] c.d.f.w.w.LiveEmotionWebSocketHandler - [WS-FACE][BUFFER] tx=4855 frames=5 totalBytes=101105
2026-06-22 17:04:56.133 [RT-Emotion-2] DEBUG [txId=4855] [corrId=WS-81b92146] c.d.f.c.s.RiskEvaluationService - [RT-EMOTION][DONE] elapsed=81ms emotion=SAD
2026-06-22 17:04:56.133 [RT-Emotion-2] INFO  [txId=4855] [corrId=WS-81b92146] c.d.f.i.a.PerformanceTracerAspect - [TRACE-JAVA] com.datn.finrisk.core.services.RiskEvaluationService.detectEmotionAsync() executed in 81 ms
2026-06-22 17:04:56.301 [http-nio-8081-exec-4] DEBUG [txId=4855] [corrId=WS-81b92146] c.d.f.w.w.LiveEmotionWebSocketHandler - [WS-FACE][BUFFER] tx=4855 frames=5 totalBytes=107737
2026-06-22 17:04:56.380 [RT-Emotion-3] DEBUG [txId=4855] [corrId=WS-81b92146] c.d.f.c.s.RiskEvaluationService - [RT-EMOTION][DONE] elapsed=78ms emotion=SAD
2026-06-22 17:04:56.380 [RT-Emotion-3] INFO  [txId=4855] [corrId=WS-81b92146] c.d.f.i.a.PerformanceTracerAspect - [TRACE-JAVA] com.datn.finrisk.core.services.RiskEvaluationService.detectEmotionAsync() executed in 78 ms
2026-06-22 17:04:56.544 [http-nio-8081-exec-5] DEBUG [txId=4855] [corrId=WS-81b92146] c.d.f.w.w.LiveEmotionWebSocketHandler - [WS-FACE][BUFFER] tx=4855 frames=5 totalBytes=114377
2026-06-22 17:04:56.613 [RT-Emotion-1] DEBUG [txId=4855] [corrId=WS-81b92146] c.d.f.c.s.RiskEvaluationService - [RT-EMOTION][DONE] elapsed=69ms emotion=SAD
2026-06-22 17:04:56.613 [RT-Emotion-1] INFO  [txId=4855] [corrId=WS-81b92146] c.d.f.i.a.PerformanceTracerAspect - [TRACE-JAVA] com.datn.finrisk.core.services.RiskEvaluationService.detectEmotionAsync() executed in 69 ms
2026-06-22 17:04:56.794 [http-nio-8081-exec-1] DEBUG [txId=4855] [corrId=WS-81b92146] c.d.f.w.w.LiveEmotionWebSocketHandler - [WS-FACE][BUFFER] tx=4855 frames=5 totalBytes=121044
2026-06-22 17:04:56.861 [RT-Emotion-2] DEBUG [txId=4855] [corrId=WS-81b92146] c.d.f.c.s.RiskEvaluationService - [RT-EMOTION][DONE] elapsed=67ms emotion=SAD
2026-06-22 17:04:56.861 [RT-Emotion-2] INFO  [txId=4855] [corrId=WS-81b92146] c.d.f.i.a.PerformanceTracerAspect - [TRACE-JAVA] com.datn.finrisk.core.services.RiskEvaluationService.detectEmotionAsync() executed in 67 ms
2026-06-22 17:04:57.052 [http-nio-8081-exec-3] DEBUG [txId=4855] [corrId=WS-81b92146] c.d.f.w.w.LiveEmotionWebSocketHandler - [WS-FACE][BUFFER] tx=4855 frames=5 totalBytes=127713
2026-06-22 17:04:57.119 [RT-Emotion-3] DEBUG [txId=4855] [corrId=WS-81b92146] c.d.f.c.s.RiskEvaluationService - [RT-EMOTION][DONE] elapsed=67ms emotion=SAD
2026-06-22 17:04:57.119 [RT-Emotion-3] INFO  [txId=4855] [corrId=WS-81b92146] c.d.f.i.a.PerformanceTracerAspect - [TRACE-JAVA] com.datn.finrisk.core.services.RiskEvaluationService.detectEmotionAsync() executed in 67 ms
2026-06-22 17:04:57.301 [http-nio-8081-exec-10] DEBUG [txId=4855] [corrId=WS-81b92146] c.d.f.w.w.LiveEmotionWebSocketHandler - [WS-FACE][BUFFER] tx=4855 frames=5 totalBytes=134353
2026-06-22 17:04:57.380 [RT-Emotion-1] DEBUG [txId=4855] [corrId=WS-81b92146] c.d.f.c.s.RiskEvaluationService - [RT-EMOTION][DONE] elapsed=79ms emotion=SAD
2026-06-22 17:04:57.380 [RT-Emotion-1] INFO  [txId=4855] [corrId=WS-81b92146] c.d.f.i.a.PerformanceTracerAspect - [TRACE-JAVA] com.datn.finrisk.core.services.RiskEvaluationService.detectEmotionAsync() executed in 79 ms
2026-06-22 17:04:57.550 [http-nio-8081-exec-2] DEBUG [txId=4855] [corrId=WS-81b92146] c.d.f.w.w.LiveEmotionWebSocketHandler - [WS-FACE][BUFFER] tx=4855 frames=5 totalBytes=140986
2026-06-22 17:04:57.617 [RT-Emotion-2] DEBUG [txId=4855] [corrId=WS-81b92146] c.d.f.c.s.RiskEvaluationService - [RT-EMOTION][DONE] elapsed=65ms emotion=SAD
2026-06-22 17:04:57.617 [RT-Emotion-2] INFO  [txId=4855] [corrId=WS-81b92146] c.d.f.i.a.PerformanceTracerAspect - [TRACE-JAVA] com.datn.finrisk.core.services.RiskEvaluationService.detectEmotionAsync() executed in 65 ms
2026-06-22 17:04:57.800 [http-nio-8081-exec-7] DEBUG [txId=4855] [corrId=WS-81b92146] c.d.f.w.w.LiveEmotionWebSocketHandler - [WS-FACE][BUFFER] tx=4855 frames=5 totalBytes=147600
2026-06-22 17:04:57.866 [RT-Emotion-3] DEBUG [txId=4855] [corrId=WS-81b92146] c.d.f.c.s.RiskEvaluationService - [RT-EMOTION][DONE] elapsed=65ms emotion=SAD
2026-06-22 17:04:57.868 [RT-Emotion-3] INFO  [txId=4855] [corrId=WS-81b92146] c.d.f.i.a.PerformanceTracerAspect - [TRACE-JAVA] com.datn.finrisk.core.services.RiskEvaluationService.detectEmotionAsync() executed in 67 ms
2026-06-22 17:04:58.043 [http-nio-8081-exec-9] DEBUG [txId=4855] [corrId=WS-81b92146] c.d.f.w.w.LiveEmotionWebSocketHandler - [WS-FACE][BUFFER] tx=4855 frames=5 totalBytes=154209
2026-06-22 17:04:58.122 [RT-Emotion-1] DEBUG [txId=4855] [corrId=WS-81b92146] c.d.f.c.s.RiskEvaluationService - [RT-EMOTION][DONE] elapsed=78ms emotion=SAD
2026-06-22 17:04:58.122 [RT-Emotion-1] INFO  [txId=4855] [corrId=WS-81b92146] c.d.f.i.a.PerformanceTracerAspect - [TRACE-JAVA] com.datn.finrisk.core.services.RiskEvaluationService.detectEmotionAsync() executed in 78 ms
2026-06-22 17:04:58.301 [http-nio-8081-exec-5] DEBUG [txId=4855] [corrId=WS-81b92146] c.d.f.w.w.LiveEmotionWebSocketHandler - [WS-FACE][BUFFER] tx=4855 frames=5 totalBytes=160812
2026-06-22 17:04:58.377 [RT-Emotion-2] DEBUG [txId=4855] [corrId=WS-81b92146] c.d.f.c.s.RiskEvaluationService - [RT-EMOTION][DONE] elapsed=76ms emotion=SAD
2026-06-22 17:04:58.377 [RT-Emotion-2] INFO  [txId=4855] [corrId=WS-81b92146] c.d.f.i.a.PerformanceTracerAspect - [TRACE-JAVA] com.datn.finrisk.core.services.RiskEvaluationService.detectEmotionAsync() executed in 76 ms
2026-06-22 17:04:58.537 [http-nio-8081-exec-1] DEBUG [txId=4855] [corrId=WS-81b92146] c.d.f.w.w.LiveEmotionWebSocketHandler - [WS-FACE][BUFFER] tx=4855 frames=5 totalBytes=164994
2026-06-22 17:04:58.600 [RT-Emotion-3] DEBUG [txId=4855] [corrId=WS-81b92146] c.d.f.c.s.RiskEvaluationService - [RT-EMOTION][DONE] elapsed=62ms emotion=SAD
2026-06-22 17:04:58.600 [RT-Emotion-3] INFO  [txId=4855] [corrId=WS-81b92146] c.d.f.i.a.PerformanceTracerAspect - [TRACE-JAVA] com.datn.finrisk.core.services.RiskEvaluationService.detectEmotionAsync() executed in 62 ms
2026-06-22 17:04:58.788 [http-nio-8081-exec-6] DEBUG [txId=4855] [corrId=WS-81b92146] c.d.f.w.w.LiveEmotionWebSocketHandler - [WS-FACE][BUFFER] tx=4855 frames=5 totalBytes=169159
2026-06-22 17:04:58.860 [RT-Emotion-1] DEBUG [txId=4855] [corrId=WS-81b92146] c.d.f.c.s.RiskEvaluationService - [RT-EMOTION][DONE] elapsed=72ms emotion=SAD
2026-06-22 17:04:58.860 [RT-Emotion-1] INFO  [txId=4855] [corrId=WS-81b92146] c.d.f.i.a.PerformanceTracerAspect - [TRACE-JAVA] com.datn.finrisk.core.services.RiskEvaluationService.detectEmotionAsync() executed in 72 ms
2026-06-22 17:04:59.053 [http-nio-8081-exec-1] DEBUG [txId=4855] [corrId=WS-81b92146] c.d.f.w.w.LiveEmotionWebSocketHandler - [WS-FACE][BUFFER] tx=4855 frames=5 totalBytes=175166
2026-06-22 17:04:59.131 [RT-Emotion-2] DEBUG [txId=4855] [corrId=WS-81b92146] c.d.f.c.s.RiskEvaluationService - [RT-EMOTION][DONE] elapsed=78ms emotion=HAPPY
2026-06-22 17:04:59.131 [RT-Emotion-2] INFO  [txId=4855] [corrId=WS-81b92146] c.d.f.i.a.PerformanceTracerAspect - [TRACE-JAVA] com.datn.finrisk.core.services.RiskEvaluationService.detectEmotionAsync() executed in 78 ms
2026-06-22 17:04:59.302 [http-nio-8081-exec-2] DEBUG [txId=4855] [corrId=WS-81b92146] c.d.f.w.w.LiveEmotionWebSocketHandler - [WS-FACE][BUFFER] tx=4855 frames=5 totalBytes=181100
2026-06-22 17:04:59.372 [RT-Emotion-3] DEBUG [txId=4855] [corrId=WS-81b92146] c.d.f.c.s.RiskEvaluationService - [RT-EMOTION][DONE] elapsed=70ms emotion=HAPPY
2026-06-22 17:04:59.372 [RT-Emotion-3] INFO  [txId=4855] [corrId=WS-81b92146] c.d.f.i.a.PerformanceTracerAspect - [TRACE-JAVA] com.datn.finrisk.core.services.RiskEvaluationService.detectEmotionAsync() executed in 70 ms
2026-06-22 17:04:59.550 [http-nio-8081-exec-7] DEBUG [txId=4855] [corrId=WS-81b92146] c.d.f.w.w.LiveEmotionWebSocketHandler - [WS-FACE][BUFFER] tx=4855 frames=5 totalBytes=186989
2026-06-22 17:04:59.611 [RT-Emotion-1] DEBUG [txId=4855] [corrId=WS-81b92146] c.d.f.c.s.RiskEvaluationService - [RT-EMOTION][DONE] elapsed=59ms emotion=HAPPY
2026-06-22 17:04:59.611 [RT-Emotion-1] INFO  [txId=4855] [corrId=WS-81b92146] c.d.f.i.a.PerformanceTracerAspect - [TRACE-JAVA] com.datn.finrisk.core.services.RiskEvaluationService.detectEmotionAsync() executed in 59 ms
2026-06-22 17:04:59.800 [http-nio-8081-exec-9] DEBUG [txId=4855] [corrId=WS-81b92146] c.d.f.w.w.LiveEmotionWebSocketHandler - [WS-FACE][BUFFER] tx=4855 frames=5 totalBytes=192850
2026-06-22 17:04:59.859 [RT-Emotion-2] DEBUG [txId=4855] [corrId=WS-81b92146] c.d.f.c.s.RiskEvaluationService - [RT-EMOTION][DONE] elapsed=59ms emotion=HAPPY
2026-06-22 17:04:59.859 [RT-Emotion-2] INFO  [txId=4855] [corrId=WS-81b92146] c.d.f.i.a.PerformanceTracerAspect - [TRACE-JAVA] com.datn.finrisk.core.services.RiskEvaluationService.detectEmotionAsync() executed in 59 ms
2026-06-22 17:05:00.050 [http-nio-8081-exec-3] DEBUG [txId=4855] [corrId=WS-81b92146] c.d.f.w.w.LiveEmotionWebSocketHandler - [WS-FACE][BUFFER] tx=4855 frames=5 totalBytes=198705
2026-06-22 17:05:00.122 [RT-Emotion-3] DEBUG [txId=4855] [corrId=WS-81b92146] c.d.f.c.s.RiskEvaluationService - [RT-EMOTION][DONE] elapsed=70ms emotion=HAPPY
2026-06-22 17:05:00.122 [RT-Emotion-3] INFO  [txId=4855] [corrId=WS-81b92146] c.d.f.i.a.PerformanceTracerAspect - [TRACE-JAVA] com.datn.finrisk.core.services.RiskEvaluationService.detectEmotionAsync() executed in 70 ms
2026-06-22 17:05:00.302 [http-nio-8081-exec-10] DEBUG [txId=4855] [corrId=WS-81b92146] c.d.f.w.w.LiveEmotionWebSocketHandler - [WS-FACE][BUFFER] tx=4855 frames=5 totalBytes=204634
2026-06-22 17:05:00.360 [RT-Emotion-1] DEBUG [txId=4855] [corrId=WS-81b92146] c.d.f.c.s.RiskEvaluationService - [RT-EMOTION][DONE] elapsed=58ms emotion=HAPPY
2026-06-22 17:05:00.360 [RT-Emotion-1] INFO  [txId=4855] [corrId=WS-81b92146] c.d.f.i.a.PerformanceTracerAspect - [TRACE-JAVA] com.datn.finrisk.core.services.RiskEvaluationService.detectEmotionAsync() executed in 58 ms
2026-06-22 17:05:00.545 [http-nio-8081-exec-6] DEBUG [txId=4855] [corrId=WS-81b92146] c.d.f.w.w.LiveEmotionWebSocketHandler - [WS-FACE][BUFFER] tx=4855 frames=5 totalBytes=210670
2026-06-22 17:05:00.608 [RT-Emotion-2] DEBUG [txId=4855] [corrId=WS-81b92146] c.d.f.c.s.RiskEvaluationService - [RT-EMOTION][DONE] elapsed=63ms emotion=HAPPY
2026-06-22 17:05:00.609 [RT-Emotion-2] INFO  [txId=4855] [corrId=WS-81b92146] c.d.f.i.a.PerformanceTracerAspect - [TRACE-JAVA] com.datn.finrisk.core.services.RiskEvaluationService.detectEmotionAsync() executed in 63 ms
2026-06-22 17:05:00.800 [http-nio-8081-exec-7] DEBUG [txId=4855] [corrId=WS-81b92146] c.d.f.w.w.LiveEmotionWebSocketHandler - [WS-FACE][BUFFER] tx=4855 frames=5 totalBytes=216728
2026-06-22 17:05:00.866 [RT-Emotion-3] DEBUG [txId=4855] [corrId=WS-81b92146] c.d.f.c.s.RiskEvaluationService - [RT-EMOTION][DONE] elapsed=65ms emotion=HAPPY
2026-06-22 17:05:00.866 [RT-Emotion-3] INFO  [txId=4855] [corrId=WS-81b92146] c.d.f.i.a.PerformanceTracerAspect - [TRACE-JAVA] com.datn.finrisk.core.services.RiskEvaluationService.detectEmotionAsync() executed in 65 ms
2026-06-22 17:05:01.052 [http-nio-8081-exec-2] DEBUG [txId=4855] [corrId=WS-81b92146] c.d.f.w.w.LiveEmotionWebSocketHandler - [WS-FACE][BUFFER] tx=4855 frames=5 totalBytes=222668
2026-06-22 17:05:01.122 [RT-Emotion-1] DEBUG [txId=4855] [corrId=WS-81b92146] c.d.f.c.s.RiskEvaluationService - [RT-EMOTION][DONE] elapsed=70ms emotion=HAPPY
2026-06-22 17:05:01.122 [RT-Emotion-1] INFO  [txId=4855] [corrId=WS-81b92146] c.d.f.i.a.PerformanceTracerAspect - [TRACE-JAVA] com.datn.finrisk.core.services.RiskEvaluationService.detectEmotionAsync() executed in 70 ms
2026-06-22 17:05:01.300 [http-nio-8081-exec-8] DEBUG [txId=4855] [corrId=WS-81b92146] c.d.f.w.w.LiveEmotionWebSocketHandler - [WS-FACE][BUFFER] tx=4855 frames=5 totalBytes=228737
2026-06-22 17:05:01.378 [RT-Emotion-2] DEBUG [txId=4855] [corrId=WS-81b92146] c.d.f.c.s.RiskEvaluationService - [RT-EMOTION][DONE] elapsed=77ms emotion=HAPPY
2026-06-22 17:05:01.378 [RT-Emotion-2] INFO  [txId=4855] [corrId=WS-81b92146] c.d.f.i.a.PerformanceTracerAspect - [TRACE-JAVA] com.datn.finrisk.core.services.RiskEvaluationService.detectEmotionAsync() executed in 77 ms
2026-06-22 17:05:01.549 [http-nio-8081-exec-9] DEBUG [txId=4855] [corrId=WS-81b92146] c.d.f.w.w.LiveEmotionWebSocketHandler - [WS-FACE][BUFFER] tx=4855 frames=5 totalBytes=234885
2026-06-22 17:05:01.623 [RT-Emotion-3] DEBUG [txId=4855] [corrId=WS-81b92146] c.d.f.c.s.RiskEvaluationService - [RT-EMOTION][DONE] elapsed=72ms emotion=HAPPY
2026-06-22 17:05:01.623 [RT-Emotion-3] INFO  [txId=4855] [corrId=WS-81b92146] c.d.f.i.a.PerformanceTracerAspect - [TRACE-JAVA] com.datn.finrisk.core.services.RiskEvaluationService.detectEmotionAsync() executed in 72 ms
2026-06-22 17:05:01.801 [http-nio-8081-exec-3] DEBUG [txId=4855] [corrId=WS-81b92146] c.d.f.w.w.LiveEmotionWebSocketHandler - [WS-FACE][BUFFER] tx=4855 frames=5 totalBytes=241041
2026-06-22 17:05:01.879 [RT-Emotion-1] DEBUG [txId=4855] [corrId=WS-81b92146] c.d.f.c.s.RiskEvaluationService - [RT-EMOTION][DONE] elapsed=76ms emotion=HAPPY
2026-06-22 17:05:01.879 [RT-Emotion-1] INFO  [txId=4855] [corrId=WS-81b92146] c.d.f.i.a.PerformanceTracerAspect - [TRACE-JAVA] com.datn.finrisk.core.services.RiskEvaluationService.detectEmotionAsync() executed in 77 ms
2026-06-22 17:05:02.050 [http-nio-8081-exec-7] DEBUG [txId=4855] [corrId=WS-81b92146] c.d.f.w.w.LiveEmotionWebSocketHandler - [WS-FACE][BUFFER] tx=4855 frames=5 totalBytes=247169
2026-06-22 17:05:02.121 [RT-Emotion-2] DEBUG [txId=4855] [corrId=WS-81b92146] c.d.f.c.s.RiskEvaluationService - [RT-EMOTION][DONE] elapsed=70ms emotion=HAPPY
2026-06-22 17:05:02.122 [RT-Emotion-2] INFO  [txId=4855] [corrId=WS-81b92146] c.d.f.i.a.PerformanceTracerAspect - [TRACE-JAVA] com.datn.finrisk.core.services.RiskEvaluationService.detectEmotionAsync() executed in 71 ms
2026-06-22 17:05:02.300 [http-nio-8081-exec-2] DEBUG [txId=4855] [corrId=WS-81b92146] c.d.f.w.w.LiveEmotionWebSocketHandler - [WS-FACE][BUFFER] tx=4855 frames=5 totalBytes=253322
2026-06-22 17:05:02.370 [RT-Emotion-3] DEBUG [txId=4855] [corrId=WS-81b92146] c.d.f.c.s.RiskEvaluationService - [RT-EMOTION][DONE] elapsed=68ms emotion=SAD
2026-06-22 17:05:02.370 [RT-Emotion-3] INFO  [txId=4855] [corrId=WS-81b92146] c.d.f.i.a.PerformanceTracerAspect - [TRACE-JAVA] com.datn.finrisk.core.services.RiskEvaluationService.detectEmotionAsync() executed in 68 ms
2026-06-22 17:05:02.546 [http-nio-8081-exec-5] INFO  [txId=4855] [corrId=WS-81b92146] c.d.f.i.a.PerformanceTracerAspect - [TRACE-JAVA] com.datn.finrisk.core.repository.TransactionRepository.findByIdWithUserSecurity() executed in 9 ms
2026-06-22 17:05:02.548 [http-nio-8081-exec-5] INFO  [txId=4855] [corrId=WS-81b92146] c.d.f.w.w.LiveEmotionWebSocketHandler - [WS-FACE][FINALIZE] txKey=4855 frames=5 totalBytes=253322 session=81b92146-2cb1-d574-b4cc-286492257baf
2026-06-22 17:05:02.551 [WebSocketClient-AsyncIO-11] INFO  [txId=4855] [corrId=WS-346f994b] c.d.f.w.w.LiveVoiceWebSocketHandler - [WS-VOICE][PYTHON] received VERIFICATION_COMPLETE txKey=f45e50ca-9223-4602-b128-e9d331104a5d authCode_length=6
2026-06-22 17:05:02.557 [http-nio-8081-exec-5] INFO  [txId=4855] [corrId=WS-81b92146] c.d.f.i.a.PerformanceTracerAspect - [TRACE-JAVA] com.datn.finrisk.core.repository.TransactionRepository.findByIdWithUserSecurity() executed in 8 ms
2026-06-22 17:05:02.558 [http-nio-8081-exec-5] INFO  [txId=4855] [corrId=WS-81b92146] c.d.f.w.w.LiveEmotionWebSocketHandler - [WS-FACE][FINALIZE][ASYNC-SUBMIT] txKey=4855 user=congnhan_b frames=5
2026-06-22 17:05:02.559 [WebSocketClient-AsyncIO-11] INFO  [txId=4855] [corrId=WS-346f994b] c.d.f.i.a.PerformanceTracerAspect - [TRACE-JAVA] com.datn.finrisk.core.repository.TransactionRepository.findByIdWithUserSecurity() executed in 7 ms
2026-06-22 17:05:02.559 [http-nio-8081-exec-5] INFO  [txId=4855] [corrId=WS-81b92146] c.d.f.c.s.AdvancedFaceActionStrategy - [FaceAI][ASYNC-START] tx=4855 frames=5
2026-06-22 17:05:02.563 [http-nio-8081-exec-5] INFO  [txId=4855] [corrId=WS-81b92146] c.d.f.i.a.PerformanceTracerAspect - [TRACE-JAVA] com.datn.finrisk.core.services.biometric.OverridableEmotionEvaluator.evaluateSequenceAsync() executed in 1 ms
2026-06-22 17:05:02.563 [BioVerify-2] INFO  [txId=4855] [corrId=WS-81b92146] c.d.f.c.s.b.BatchEmotionEvaluator - [BATCH-EMOTION][START] frames=5 thread=BioVerify-2
2026-06-22 17:05:02.565 [BioVerify-1] INFO  [txId=4855] [corrId=WS-81b92146] c.d.f.i.a.PerformanceTracerAspect - [TRACE-JAVA] com.datn.finrisk.core.services.FaceEnrollService.parseEmbeddings() executed in 3 ms
2026-06-22 17:05:02.565 [WebSocketClient-AsyncIO-11] INFO  [txId=4855] [corrId=WS-346f994b] c.d.f.i.a.PerformanceTracerAspect - [TRACE-JAVA] com.datn.finrisk.core.services.OtpService.verifyVoiceOtp() executed in 6 ms
2026-06-22 17:05:02.565 [BioVerify-1] INFO  [txId=4855] [corrId=WS-81b92146] c.d.f.c.s.RiskEvaluationService - [FACE-ID][START] userId=2002 embeddings=5 frames=5
2026-06-22 17:05:02.565 [WebSocketClient-AsyncIO-11] INFO  [txId=4855] [corrId=WS-346f994b] c.d.f.w.w.LiveVoiceWebSocketHandler - [WS-VOICE] voice OTP match=true txId=4855
2026-06-22 17:05:02.565 [BioVerify-1] INFO  [txId=4855] [corrId=WS-81b92146] c.d.f.c.s.RiskEvaluationService - [FACE-ID][START] mode=MULTI_EMBEDDING frames=5 registered=5
2026-06-22 17:05:02.566 [http-nio-8081-exec-5] INFO  [txId=4855] [corrId=WS-81b92146] c.d.f.i.a.PerformanceTracerAspect - [TRACE-JAVA] com.datn.finrisk.core.strategies.AdvancedFaceActionStrategy.validateFaceAndEmotionAsync() executed in 7 ms
2026-06-22 17:05:02.585 [WebSocketClient-AsyncIO-11] INFO  [txId=4855] [corrId=WS-346f994b] c.d.f.i.a.PerformanceTracerAspect - [TRACE-JAVA] com.datn.finrisk.core.repository.BiometricSessionRepository.findBySessionTokenForUpdate() executed in 14 ms
2026-06-22 17:05:02.587 [WebSocketClient-AsyncIO-11] INFO  [txId=4855] [corrId=WS-346f994b] c.d.f.i.a.PerformanceTracerAspect - [TRACE-JAVA] com.datn.finrisk.core.services.VerificationSyncManager.updateVoiceResult() executed in 20 ms
2026-06-22 17:05:02.594 [WebSocketClient-AsyncIO-12] INFO  [txId=] [corrId=] c.d.f.w.w.LiveVoiceWebSocketHandler - [WS-VOICE][PYTHON] normal close after VERIFICATION_COMPLETE status=1000 txKey=f45e50ca-9223-4602-b128-e9d331104a5d
2026-06-22 17:05:02.936 [BioVerify-2] INFO  [txId=4855] [corrId=WS-81b92146] c.d.f.c.s.b.BatchEmotionEvaluator - [BATCH-EMOTION][DONE] elapsed=373ms emotion=HAPPY
2026-06-22 17:05:02.937 [BioVerify-2] INFO  [txId=4855] [corrId=WS-81b92146] c.d.f.i.a.PerformanceTracerAspect - [TRACE-JAVA] com.datn.finrisk.core.services.biometric.BatchEmotionEvaluator.evaluateSequenceAsync() executed in 374 ms
2026-06-22 17:05:05.994 [BioVerify-1] INFO  [txId=4855] [corrId=WS-81b92146] c.d.f.c.s.RiskEvaluationService - [FACE-ID][DONE] elapsed=3428ms matched=true distance=0.263977 band=HIGH backend=insightface/buffalo_l
2026-06-22 17:05:05.994 [BioVerify-1] INFO  [txId=4855] [corrId=WS-81b92146] c.d.f.i.a.PerformanceTracerAspect - [TRACE-JAVA] com.datn.finrisk.core.services.RiskEvaluationService.verifyIdentityAsync() executed in 3433 ms
2026-06-22 17:05:05.994 [BioVerify-1] INFO  [txId=4855] [corrId=WS-81b92146] c.d.f.c.s.AdvancedFaceActionStrategy - [FaceAI][ASYNC-RESULT] tx=4855 elapsed=3435ms matched=true distance=0.2640 band=HIGH emotion=HAPPY
2026-06-22 17:05:05.994 [BioVerify-1] INFO  [txId=4855] [corrId=WS-81b92146] c.d.f.c.s.AdvancedFaceActionStrategy - [FaceAI][LIVENESS] tx=4855 liveness_pass=true liveness_score=0.9995 spoof_detected=false
2026-06-22 17:05:06.018 [BioVerify-1] INFO  [txId=4855] [corrId=WS-81b92146] c.d.f.i.a.PerformanceTracerAspect - [TRACE-JAVA] com.datn.finrisk.core.repository.TransactionRepository.updateEmotionSignal() executed in 22 ms
2026-06-22 17:05:06.020 [BioVerify-1] INFO  [txId=4855] [corrId=WS-81b92146] c.d.f.c.s.AdvancedFaceActionStrategy - [FaceAI][ASYNC-PASS] tx=4855 elapsed=3435ms — identity + emotion OK
2026-06-22 17:05:06.022 [BioVerify-1] INFO  [txId=4855] [corrId=WS-81b92146] c.d.f.w.w.LiveEmotionWebSocketHandler - [WS-FACE][FINALIZE][ASYNC-DONE] txKey=4855 elapsed=3464ms result=true
2026-06-22 17:05:06.027 [BioVerify-1] INFO  [txId=4855] [corrId=WS-81b92146] c.d.f.i.a.PerformanceTracerAspect - [TRACE-JAVA] com.datn.finrisk.core.repository.BiometricSessionRepository.findBySessionTokenForUpdate() executed in 4 ms
2026-06-22 17:05:06.037 [BG-Task-1] INFO  [txId=4855] [corrId=WS-81b92146] c.d.f.i.a.PerformanceTracerAspect - [TRACE-JAVA] com.datn.finrisk.core.services.AiAuditService.logEmotionScan() executed in 15 ms
2026-06-22 17:05:06.052 [BioVerify-1] INFO  [txId=4855] [corrId=WS-81b92146] c.d.f.i.a.PerformanceTracerAspect - [TRACE-JAVA] com.datn.finrisk.core.repository.TransactionRepository.claimForExecution() executed in 9 ms
2026-06-22 17:05:06.052 [BioVerify-1] INFO  [txId=4855] [corrId=WS-81b92146] c.d.f.c.services.TransactionService - Transaction execution claimed: id=4855
2026-06-22 17:05:06.078 [BioVerify-1] INFO  [txId=4855] [corrId=WS-81b92146] c.d.f.i.a.PerformanceTracerAspect - [TRACE-JAVA] com.datn.finrisk.core.repository.TransactionLedgerRepository.existsByAccountIdAndToAccountNumber() executed in 6 ms
2026-06-22 17:05:06.085 [BioVerify-1] INFO  [txId=4855] [corrId=WS-81b92146] c.d.f.i.a.PerformanceTracerAspect - [TRACE-JAVA] com.datn.finrisk.core.repository.AccountRepository.findByIdForUpdate() executed in 5 ms
2026-06-22 17:05:06.101 [BioVerify-1] INFO  [txId=4855] [corrId=WS-81b92146] c.d.f.i.a.PerformanceTracerAspect - [TRACE-JAVA] com.datn.finrisk.core.repository.AccountRepository.findByAccountNumberForUpdate() executed in 10 ms
2026-06-22 17:05:06.105 [BioVerify-1] INFO  [txId=4855] [corrId=WS-81b92146] c.d.f.i.a.PerformanceTracerAspect - [TRACE-JAVA] com.datn.finrisk.core.services.TransactionService.executeTransactionCore() executed in 62 ms
2026-06-22 17:05:06.108 [BioVerify-1] INFO  [txId=4855] [corrId=WS-81b92146] c.d.f.core.services.AuditLogService - [AUDIT] action=TX_SUCCESS user=congnhan_b
2026-06-22 17:05:06.108 [BioVerify-1] INFO  [txId=4855] [corrId=WS-81b92146] c.d.f.i.a.PerformanceTracerAspect - [TRACE-JAVA] com.datn.finrisk.core.services.AuditLogService.logAction() executed in 2 ms
2026-06-22 17:05:06.114 [BG-Task-2] INFO  [txId=4855] [corrId=WS-81b92146] c.d.f.i.a.PerformanceTracerAspect - [TRACE-JAVA] com.datn.finrisk.core.repository.UserBehaviorProfileRepository.findByUserId() executed in 6 ms
2026-06-22 17:05:06.114 [BioVerify-1] INFO  [txId=4855] [corrId=WS-81b92146] c.d.f.i.a.PerformanceTracerAspect - [TRACE-JAVA] com.datn.finrisk.core.services.VerificationSyncManager.updateFaceResult() executed in 91 ms
2026-06-22 17:05:06.121 [http-nio-8081-exec-8] DEBUG [txId=] [corrId=] c.d.f.w.websocket.WsConnectionGuard - [WS-GUARD] ip=0:0:0:0:0:0:0:1 — slot released (1 remaining)
2026-06-22 17:05:06.121 [http-nio-8081-exec-8] INFO  [txId=] [corrId=] c.d.f.w.w.LiveVoiceWebSocketHandler - [WS-VOICE] closed session=346f994b-a275-f7a0-f0a6-6c82c335cdb0 ip=0:0:0:0:0:0:0:1 status=1000
2026-06-22 17:05:06.129 [BG-Task-2] INFO  [txId=4855] [corrId=WS-81b92146] c.d.f.i.a.PerformanceTracerAspect - [TRACE-JAVA] com.datn.finrisk.core.services.PeerGroupService.updatePeerGroupStats() executed in 11 ms
2026-06-22 17:05:06.130 [BG-Task-2] INFO  [txId=4855] [corrId=WS-81b92146] c.d.f.i.a.PerformanceTracerAspect - [TRACE-JAVA] com.datn.finrisk.core.services.BehaviorLearningService.learnFromTransaction() executed in 24 ms
2026-06-22 17:05:06.144 [http-nio-8081-exec-7] DEBUG [txId=] [corrId=] c.d.f.w.websocket.WsConnectionGuard - [WS-GUARD] ip=0:0:0:0:0:0:0:1 — slot released (0 remaining)
2026-06-22 17:05:06.144 [http-nio-8081-exec-7] DEBUG [txId=] [corrId=] c.d.f.w.w.FaceSessionRegistry - [FACE-REGISTRY] unregistered bsToken=f45e50ca-9223-4602-b128-e9d331104a5d session=81b92146-2cb1-d574-b4cc-286492257baf
2026-06-22 17:05:06.144 [http-nio-8081-exec-7] INFO  [txId=] [corrId=] c.d.f.w.w.LiveEmotionWebSocketHandler - [WS-FACE] closed session=81b92146-2cb1-d574-b4cc-286492257baf ip=0:0:0:0:0:0:0:1 status=1000
2026-06-22 17:05:10.444 [http-nio-8081-exec-4] ERROR [txId=] [corrId=223d1ed71bc6] c.d.finrisk.core.security.JwtUtils - Token JWT đã hết hạn: JWT expired 1316444 milliseconds ago at 2026-06-22T09:43:14.000Z. Current time: 2026-06-22T10:05:10.444Z. Allowed clock skew: 0 milliseconds.
2026-06-22 17:05:10.450 [http-nio-8081-exec-2] ERROR [txId=] [corrId=56b470d0c647] c.d.finrisk.core.security.JwtUtils - Token JWT đã hết hạn: JWT expired 1316450 milliseconds ago at 2026-06-22T09:43:14.000Z. Current time: 2026-06-22T10:05:10.450Z. Allowed clock skew: 0 milliseconds.
2026-06-22 17:05:10.463 [http-nio-8081-exec-1] INFO  [txId=] [corrId=837e2b181687] c.d.f.i.a.PerformanceTracerAspect - [TRACE-JAVA] com.datn.finrisk.core.repository.UserRepository.findByUsername() executed in 6 ms
2026-06-22 17:05:10.463 [http-nio-8081-exec-3] INFO  [txId=] [corrId=d13304aa345a] c.d.f.i.a.PerformanceTracerAspect - [TRACE-JAVA] com.datn.finrisk.core.repository.UserRepository.findByUsername() executed in 6 ms
2026-06-22 17:05:10.470 [http-nio-8081-exec-3] INFO  [txId=] [corrId=d13304aa345a] c.d.f.i.a.PerformanceTracerAspect - [TRACE-JAVA] com.datn.finrisk.web.controllers.AuthController.refreshToken() executed in 14 ms
2026-06-22 17:05:10.470 [http-nio-8081-exec-1] INFO  [txId=] [corrId=837e2b181687] c.d.f.i.a.PerformanceTracerAspect - [TRACE-JAVA] com.datn.finrisk.web.controllers.AuthController.refreshToken() executed in 14 ms
2026-06-22 17:05:10.505 [http-nio-8081-exec-5] INFO  [txId=] [corrId=d412835697f1] c.d.f.i.a.PerformanceTracerAspect - [TRACE-JAVA] com.datn.finrisk.core.services.JwtBlocklistService.isBlocked() executed in 1 ms
2026-06-22 17:05:10.514 [http-nio-8081-exec-5] INFO  [txId=] [corrId=d412835697f1] c.d.f.i.a.PerformanceTracerAspect - [TRACE-JAVA] com.datn.finrisk.core.repository.TransactionRepository.countTotalTransactions() executed in 4 ms
2026-06-22 17:05:10.519 [http-nio-8081-exec-5] INFO  [txId=] [corrId=d412835697f1] c.d.f.i.a.PerformanceTracerAspect - [TRACE-JAVA] com.datn.finrisk.core.repository.TransactionRepository.countHighRiskTransactions() executed in 4 ms
2026-06-22 17:05:10.525 [http-nio-8081-exec-5] INFO  [txId=] [corrId=d412835697f1] c.d.f.i.a.PerformanceTracerAspect - [TRACE-JAVA] com.datn.finrisk.core.repository.TransactionRepository.sumTotalSuccessfulAmount() executed in 5 ms
2026-06-22 17:05:10.525 [http-nio-8081-exec-5] INFO  [txId=] [corrId=d412835697f1] c.d.f.i.a.PerformanceTracerAspect - [TRACE-JAVA] com.datn.finrisk.web.controllers.AdminController.getDashboardStats() executed in 15 ms
2026-06-22 17:05:10.531 [http-nio-8081-exec-5] INFO  [txId=] [corrId=106d66b06b55] c.d.f.i.a.PerformanceTracerAspect - [TRACE-JAVA] com.datn.finrisk.core.services.JwtBlocklistService.isBlocked() executed in 1 ms
2026-06-22 17:05:10.536 [http-nio-8081-exec-5] INFO  [txId=] [corrId=106d66b06b55] c.d.f.i.a.PerformanceTracerAspect - [TRACE-JAVA] com.datn.finrisk.core.repository.TransactionRepository.countTotalTransactions() executed in 3 ms
2026-06-22 17:05:10.538 [http-nio-8081-exec-5] INFO  [txId=] [corrId=106d66b06b55] c.d.f.i.a.PerformanceTracerAspect - [TRACE-JAVA] com.datn.finrisk.core.repository.TransactionRepository.countHighRiskTransactions() executed in 2 ms
2026-06-22 17:05:10.543 [http-nio-8081-exec-5] INFO  [txId=] [corrId=106d66b06b55] c.d.f.i.a.PerformanceTracerAspect - [TRACE-JAVA] com.datn.finrisk.core.repository.TransactionRepository.sumTotalSuccessfulAmount() executed in 4 ms
2026-06-22 17:05:10.543 [http-nio-8081-exec-5] INFO  [txId=] [corrId=106d66b06b55] c.d.f.i.a.PerformanceTracerAspect - [TRACE-JAVA] com.datn.finrisk.web.controllers.AdminController.getDashboardStats() executed in 10 ms
2026-06-22 17:05:11.887 [http-nio-8081-exec-9] INFO  [txId=] [corrId=5cde09f90c83] c.d.f.i.a.PerformanceTracerAspect - [TRACE-JAVA] com.datn.finrisk.core.services.JwtBlocklistService.isBlocked() executed in 2 ms
2026-06-22 17:05:11.890 [http-nio-8081-exec-9] INFO  [txId=] [corrId=5cde09f90c83] c.d.f.i.a.PerformanceTracerAspect - [TRACE-JAVA] com.datn.finrisk.web.controllers.AdminEmotionOverrideController.status() executed in 0 ms
2026-06-22 17:05:11.895 [http-nio-8081-exec-4] INFO  [txId=] [corrId=1cc71d3cbe1d] c.d.f.i.a.PerformanceTracerAspect - [TRACE-JAVA] com.datn.finrisk.core.services.JwtBlocklistService.isBlocked() executed in 1 ms
2026-06-22 17:05:11.897 [http-nio-8081-exec-4] INFO  [txId=] [corrId=1cc71d3cbe1d] c.d.f.i.a.PerformanceTracerAspect - [TRACE-JAVA] com.datn.finrisk.web.controllers.AdminEmotionOverrideController.status() executed in 0 ms
2026-06-22 17:05:12.720 [scheduling-1] INFO  [txId=] [corrId=] c.d.f.i.m.ExecutorMetricsLogger - [EXECUTOR-METRICS][BG-Task       [aiTaskExecutor]] threads=0/2 queue=0/500 (0%) completed=2
2026-06-22 17:05:12.720 [scheduling-1] INFO  [txId=] [corrId=] c.d.f.i.m.ExecutorMetricsLogger - [EXECUTOR-METRICS][RT-Emotion    [realtimeEmotionExecutor]] threads=0/3 queue=0/30 (0%) completed=40
2026-06-22 17:05:12.720 [scheduling-1] INFO  [txId=] [corrId=] c.d.f.i.m.ExecutorMetricsLogger - [EXECUTOR-METRICS][BioVerify     [biometricVerifyExecutor]] threads=0/2 queue=0/50 (0%) completed=2
2026-06-22 17:05:19.021 [http-nio-8081-exec-6] INFO  [txId=] [corrId=187bee3e9a30] c.d.f.i.a.PerformanceTracerAspect - [TRACE-JAVA] com.datn.finrisk.core.services.JwtBlocklistService.isBlocked() executed in 1 ms
2026-06-22 17:05:19.025 [http-nio-8081-exec-6] WARN  [txId=] [corrId=187bee3e9a30] c.d.f.w.c.AdminEmotionOverrideController - [EMOTION-OVERRIDE] Enabled by admin — emotion=FEAR confidence=0.9
2026-06-22 17:05:19.025 [http-nio-8081-exec-6] INFO  [txId=] [corrId=187bee3e9a30] c.d.f.i.a.PerformanceTracerAspect - [TRACE-JAVA] com.datn.finrisk.web.controllers.AdminEmotionOverrideController.enable() executed in 0 ms
2026-06-22 17:05:19.032 [http-nio-8081-exec-3] INFO  [txId=] [corrId=2a55e28b3045] c.d.f.i.a.PerformanceTracerAspect - [TRACE-JAVA] com.datn.finrisk.core.services.JwtBlocklistService.isBlocked() executed in 0 ms
2026-06-22 17:05:19.034 [http-nio-8081-exec-3] INFO  [txId=] [corrId=2a55e28b3045] c.d.f.i.a.PerformanceTracerAspect - [TRACE-JAVA] com.datn.finrisk.web.controllers.AdminEmotionOverrideController.status() executed in 0 ms
2026-06-22 17:05:23.742 [http-nio-8081-exec-7] INFO  [txId=] [corrId=7c9942e0deb6] c.d.f.i.a.PerformanceTracerAspect - [TRACE-JAVA] com.datn.finrisk.core.services.JwtBlocklistService.isBlocked() executed in 1 ms
2026-06-22 17:05:23.747 [http-nio-8081-exec-7] INFO  [txId=] [corrId=7c9942e0deb6] c.d.f.i.a.PerformanceTracerAspect - [TRACE-JAVA] com.datn.finrisk.core.repository.TransactionRepository.countTotalTransactions() executed in 2 ms
2026-06-22 17:05:23.751 [http-nio-8081-exec-7] INFO  [txId=] [corrId=7c9942e0deb6] c.d.f.i.a.PerformanceTracerAspect - [TRACE-JAVA] com.datn.finrisk.core.repository.TransactionRepository.countHighRiskTransactions() executed in 3 ms
2026-06-22 17:05:23.754 [http-nio-8081-exec-7] INFO  [txId=] [corrId=7c9942e0deb6] c.d.f.i.a.PerformanceTracerAspect - [TRACE-JAVA] com.datn.finrisk.core.repository.TransactionRepository.sumTotalSuccessfulAmount() executed in 3 ms
2026-06-22 17:05:23.754 [http-nio-8081-exec-7] INFO  [txId=] [corrId=7c9942e0deb6] c.d.f.i.a.PerformanceTracerAspect - [TRACE-JAVA] com.datn.finrisk.web.controllers.AdminController.getDashboardStats() executed in 9 ms
2026-06-22 17:05:23.758 [http-nio-8081-exec-10] INFO  [txId=] [corrId=46c790f70e08] c.d.f.i.a.PerformanceTracerAspect - [TRACE-JAVA] com.datn.finrisk.core.services.JwtBlocklistService.isBlocked() executed in 1 ms
2026-06-22 17:05:23.762 [http-nio-8081-exec-10] INFO  [txId=] [corrId=46c790f70e08] c.d.f.i.a.PerformanceTracerAspect - [TRACE-JAVA] com.datn.finrisk.core.repository.TransactionRepository.countTotalTransactions() executed in 2 ms
2026-06-22 17:05:23.764 [http-nio-8081-exec-10] INFO  [txId=] [corrId=46c790f70e08] c.d.f.i.a.PerformanceTracerAspect - [TRACE-JAVA] com.datn.finrisk.core.repository.TransactionRepository.countHighRiskTransactions() executed in 2 ms
2026-06-22 17:05:23.767 [http-nio-8081-exec-10] INFO  [txId=] [corrId=46c790f70e08] c.d.f.i.a.PerformanceTracerAspect - [TRACE-JAVA] com.datn.finrisk.core.repository.TransactionRepository.sumTotalSuccessfulAmount() executed in 3 ms
2026-06-22 17:05:23.767 [http-nio-8081-exec-10] INFO  [txId=] [corrId=46c790f70e08] c.d.f.i.a.PerformanceTracerAspect - [TRACE-JAVA] com.datn.finrisk.web.controllers.AdminController.getDashboardStats() executed in 7 ms
2026-06-22 17:05:25.189 [http-nio-8081-exec-3] INFO  [txId=] [corrId=2e2f8de2acbf] c.d.f.i.a.PerformanceTracerAspect - [TRACE-JAVA] com.datn.finrisk.core.services.JwtBlocklistService.isBlocked() executed in 1 ms
2026-06-22 17:05:25.189 [http-nio-8081-exec-1] INFO  [txId=] [corrId=f57a79c562d1] c.d.f.i.a.PerformanceTracerAspect - [TRACE-JAVA] com.datn.finrisk.core.services.JwtBlocklistService.isBlocked() executed in 1 ms
2026-06-22 17:05:25.218 [http-nio-8081-exec-3] INFO  [txId=] [corrId=2e2f8de2acbf] c.d.f.i.a.PerformanceTracerAspect - [TRACE-JAVA] com.datn.finrisk.core.services.AdminTransactionService.getTransactions() executed in 22 ms
2026-06-22 17:05:25.218 [http-nio-8081-exec-3] INFO  [txId=] [corrId=2e2f8de2acbf] c.d.f.i.a.PerformanceTracerAspect - [TRACE-JAVA] com.datn.finrisk.web.controllers.AdminTransactionController.getAllTransactions() executed in 23 ms
2026-06-22 17:05:25.222 [http-nio-8081-exec-3] WARN  [txId=] [corrId=2e2f8de2acbf] o.s.d.w.c.SpringDataJacksonConfiguration$PageModule$WarningLoggingModifier - Serializing PageImpl instances as-is is not supported, meaning that there is no guarantee about the stability of the resulting JSON structure!
	For a stable JSON structure, please use Spring Data's PagedModel (globally via @EnableSpringDataWebSupport(pageSerializationMode = VIA_DTO))
	or Spring HATEOAS and Spring Data's PagedResourcesAssembler as documented in https://docs.spring.io/spring-data/commons/reference/repositories/core-extensions.html#core.web.pageables.

2026-06-22 17:05:25.238 [http-nio-8081-exec-8] INFO  [txId=] [corrId=558565ad5cdc] c.d.f.i.a.PerformanceTracerAspect - [TRACE-JAVA] com.datn.finrisk.core.services.JwtBlocklistService.isBlocked() executed in 1 ms
2026-06-22 17:05:25.250 [http-nio-8081-exec-8] INFO  [txId=] [corrId=558565ad5cdc] c.d.f.i.a.PerformanceTracerAspect - [TRACE-JAVA] com.datn.finrisk.core.services.AdminTransactionService.getTransactions() executed in 10 ms
2026-06-22 17:05:25.250 [http-nio-8081-exec-8] INFO  [txId=] [corrId=558565ad5cdc] c.d.f.i.a.PerformanceTracerAspect - [TRACE-JAVA] com.datn.finrisk.web.controllers.AdminTransactionController.getAllTransactions() executed in 10 ms
2026-06-22 17:05:25.846 [http-nio-8081-exec-1] INFO  [txId=] [corrId=f57a79c562d1] c.d.f.i.a.PerformanceTracerAspect - [TRACE-JAVA] com.datn.finrisk.core.repository.TransactionRepository.findRecipientNamesBulk() executed in 4 ms
2026-06-22 17:05:25.847 [http-nio-8081-exec-1] INFO  [txId=] [corrId=f57a79c562d1] c.d.f.i.a.PerformanceTracerAspect - [TRACE-JAVA] com.datn.finrisk.core.services.AdminTransactionService.getTransactions() executed in 651 ms
2026-06-22 17:05:25.847 [http-nio-8081-exec-1] INFO  [txId=] [corrId=f57a79c562d1] c.d.f.i.a.PerformanceTracerAspect - [TRACE-JAVA] com.datn.finrisk.web.controllers.AdminTransactionController.getAllTransactions() executed in 652 ms
2026-06-22 17:05:25.853 [http-nio-8081-exec-5] INFO  [txId=] [corrId=b8156942ffc6] c.d.f.i.a.PerformanceTracerAspect - [TRACE-JAVA] com.datn.finrisk.core.services.JwtBlocklistService.isBlocked() executed in 1 ms
2026-06-22 17:05:26.584 [http-nio-8081-exec-5] INFO  [txId=] [corrId=b8156942ffc6] c.d.f.i.a.PerformanceTracerAspect - [TRACE-JAVA] com.datn.finrisk.core.repository.TransactionRepository.findRecipientNamesBulk() executed in 2 ms
2026-06-22 17:05:26.585 [http-nio-8081-exec-5] INFO  [txId=] [corrId=b8156942ffc6] c.d.f.i.a.PerformanceTracerAspect - [TRACE-JAVA] com.datn.finrisk.core.services.AdminTransactionService.getTransactions() executed in 730 ms
2026-06-22 17:05:26.585 [http-nio-8081-exec-5] INFO  [txId=] [corrId=b8156942ffc6] c.d.f.i.a.PerformanceTracerAspect - [TRACE-JAVA] com.datn.finrisk.web.controllers.AdminTransactionController.getAllTransactions() executed in 730 ms
2026-06-22 17:05:28.375 [http-nio-8081-exec-7] INFO  [txId=] [corrId=d950171304fd] c.d.f.i.a.PerformanceTracerAspect - [TRACE-JAVA] com.datn.finrisk.core.services.JwtBlocklistService.isBlocked() executed in 1 ms
2026-06-22 17:05:28.379 [http-nio-8081-exec-7] INFO  [txId=] [corrId=d950171304fd] c.d.f.i.a.PerformanceTracerAspect - [TRACE-JAVA] com.datn.finrisk.core.repository.TransactionRepository.countTotalTransactions() executed in 2 ms
2026-06-22 17:05:28.383 [http-nio-8081-exec-7] INFO  [txId=] [corrId=d950171304fd] c.d.f.i.a.PerformanceTracerAspect - [TRACE-JAVA] com.datn.finrisk.core.repository.TransactionRepository.countHighRiskTransactions() executed in 4 ms
2026-06-22 17:05:28.387 [http-nio-8081-exec-7] INFO  [txId=] [corrId=d950171304fd] c.d.f.i.a.PerformanceTracerAspect - [TRACE-JAVA] com.datn.finrisk.core.repository.TransactionRepository.sumTotalSuccessfulAmount() executed in 4 ms
2026-06-22 17:05:28.387 [http-nio-8081-exec-7] INFO  [txId=] [corrId=d950171304fd] c.d.f.i.a.PerformanceTracerAspect - [TRACE-JAVA] com.datn.finrisk.web.controllers.AdminController.getDashboardStats() executed in 10 ms
2026-06-22 17:05:28.391 [http-nio-8081-exec-10] INFO  [txId=] [corrId=41666d7944ad] c.d.f.i.a.PerformanceTracerAspect - [TRACE-JAVA] com.datn.finrisk.core.services.JwtBlocklistService.isBlocked() executed in 0 ms
2026-06-22 17:05:28.397 [http-nio-8081-exec-10] INFO  [txId=] [corrId=41666d7944ad] c.d.f.i.a.PerformanceTracerAspect - [TRACE-JAVA] com.datn.finrisk.core.repository.TransactionRepository.countTotalTransactions() executed in 4 ms
2026-06-22 17:05:28.399 [http-nio-8081-exec-10] INFO  [txId=] [corrId=41666d7944ad] c.d.f.i.a.PerformanceTracerAspect - [TRACE-JAVA] com.datn.finrisk.core.repository.TransactionRepository.countHighRiskTransactions() executed in 2 ms
2026-06-22 17:05:28.401 [http-nio-8081-exec-10] INFO  [txId=] [corrId=41666d7944ad] c.d.f.i.a.PerformanceTracerAspect - [TRACE-JAVA] com.datn.finrisk.core.repository.TransactionRepository.sumTotalSuccessfulAmount() executed in 1 ms
2026-06-22 17:05:28.402 [http-nio-8081-exec-10] INFO  [txId=] [corrId=41666d7944ad] c.d.f.i.a.PerformanceTracerAspect - [TRACE-JAVA] com.datn.finrisk.web.controllers.AdminController.getDashboardStats() executed in 9 ms
2026-06-22 17:05:29.886 [http-nio-8081-exec-4] INFO  [txId=] [corrId=7967a9e0be54] c.d.f.i.a.PerformanceTracerAspect - [TRACE-JAVA] com.datn.finrisk.core.services.JwtBlocklistService.isBlocked() executed in 1 ms
2026-06-22 17:05:29.917 [http-nio-8081-exec-4] INFO  [txId=] [corrId=7967a9e0be54] c.d.f.i.a.PerformanceTracerAspect - [TRACE-JAVA] com.datn.finrisk.core.repository.UserRepository.searchUsers() executed in 23 ms
2026-06-22 17:05:29.919 [http-nio-8081-exec-4] INFO  [txId=] [corrId=7967a9e0be54] c.d.f.i.a.PerformanceTracerAspect - [TRACE-JAVA] com.datn.finrisk.core.services.AdminUserService.getUsers() executed in 27 ms
2026-06-22 17:05:29.919 [http-nio-8081-exec-4] INFO  [txId=] [corrId=7967a9e0be54] c.d.f.i.a.PerformanceTracerAspect - [TRACE-JAVA] com.datn.finrisk.web.controllers.AdminController.getAllUsers() executed in 30 ms
2026-06-22 17:05:32.469 [http-nio-8081-exec-6] INFO  [txId=] [corrId=d71f7480e8b1] c.d.f.i.a.PerformanceTracerAspect - [TRACE-JAVA] com.datn.finrisk.core.services.JwtBlocklistService.isBlocked() executed in 1 ms
2026-06-22 17:05:32.476 [http-nio-8081-exec-6] INFO  [txId=] [corrId=d71f7480e8b1] c.d.f.i.a.PerformanceTracerAspect - [TRACE-JAVA] com.datn.finrisk.core.repository.UserRepository.searchUsers() executed in 6 ms
2026-06-22 17:05:32.477 [http-nio-8081-exec-6] INFO  [txId=] [corrId=d71f7480e8b1] c.d.f.i.a.PerformanceTracerAspect - [TRACE-JAVA] com.datn.finrisk.core.services.AdminUserService.getUsers() executed in 7 ms
2026-06-22 17:05:32.477 [http-nio-8081-exec-6] INFO  [txId=] [corrId=d71f7480e8b1] c.d.f.i.a.PerformanceTracerAspect - [TRACE-JAVA] com.datn.finrisk.web.controllers.AdminController.getAllUsers() executed in 7 ms
2026-06-22 17:05:33.999 [http-nio-8081-exec-1] INFO  [txId=] [corrId=3a6ddb2ac4fb] c.d.f.i.a.PerformanceTracerAspect - [TRACE-JAVA] com.datn.finrisk.core.services.JwtBlocklistService.isBlocked() executed in 1 ms
2026-06-22 17:05:34.005 [http-nio-8081-exec-1] INFO  [txId=] [corrId=3a6ddb2ac4fb] c.d.f.i.a.PerformanceTracerAspect - [TRACE-JAVA] com.datn.finrisk.core.repository.TransactionRepository.countTotalTransactions() executed in 3 ms
2026-06-22 17:05:34.008 [http-nio-8081-exec-1] INFO  [txId=] [corrId=3a6ddb2ac4fb] c.d.f.i.a.PerformanceTracerAspect - [TRACE-JAVA] com.datn.finrisk.core.repository.TransactionRepository.countHighRiskTransactions() executed in 3 ms
2026-06-22 17:05:34.013 [http-nio-8081-exec-1] INFO  [txId=] [corrId=3a6ddb2ac4fb] c.d.f.i.a.PerformanceTracerAspect - [TRACE-JAVA] com.datn.finrisk.core.repository.TransactionRepository.sumTotalSuccessfulAmount() executed in 4 ms
2026-06-22 17:05:34.013 [http-nio-8081-exec-1] INFO  [txId=] [corrId=3a6ddb2ac4fb] c.d.f.i.a.PerformanceTracerAspect - [TRACE-JAVA] com.datn.finrisk.web.controllers.AdminController.getDashboardStats() executed in 11 ms
2026-06-22 17:05:34.017 [http-nio-8081-exec-5] INFO  [txId=] [corrId=282a354c6f12] c.d.f.i.a.PerformanceTracerAspect - [TRACE-JAVA] com.datn.finrisk.core.services.JwtBlocklistService.isBlocked() executed in 1 ms
2026-06-22 17:05:34.021 [http-nio-8081-exec-5] INFO  [txId=] [corrId=282a354c6f12] c.d.f.i.a.PerformanceTracerAspect - [TRACE-JAVA] com.datn.finrisk.core.repository.TransactionRepository.countTotalTransactions() executed in 3 ms
2026-06-22 17:05:34.023 [http-nio-8081-exec-5] INFO  [txId=] [corrId=282a354c6f12] c.d.f.i.a.PerformanceTracerAspect - [TRACE-JAVA] com.datn.finrisk.core.repository.TransactionRepository.countHighRiskTransactions() executed in 2 ms
2026-06-22 17:05:34.025 [http-nio-8081-exec-5] INFO  [txId=] [corrId=282a354c6f12] c.d.f.i.a.PerformanceTracerAspect - [TRACE-JAVA] com.datn.finrisk.core.repository.TransactionRepository.sumTotalSuccessfulAmount() executed in 2 ms
2026-06-22 17:05:34.025 [http-nio-8081-exec-5] INFO  [txId=] [corrId=282a354c6f12] c.d.f.i.a.PerformanceTracerAspect - [TRACE-JAVA] com.datn.finrisk.web.controllers.AdminController.getDashboardStats() executed in 7 ms
2026-06-22 17:05:35.740 [http-nio-8081-exec-6] INFO  [txId=] [corrId=25c11f0a2665] c.d.f.i.a.PerformanceTracerAspect - [TRACE-JAVA] com.datn.finrisk.core.services.JwtBlocklistService.isBlocked() executed in 1 ms
2026-06-22 17:05:35.740 [http-nio-8081-exec-2] INFO  [txId=] [corrId=58da9cc77dff] c.d.f.i.a.PerformanceTracerAspect - [TRACE-JAVA] com.datn.finrisk.core.services.JwtBlocklistService.isBlocked() executed in 1 ms
2026-06-22 17:05:35.753 [http-nio-8081-exec-6] INFO  [txId=] [corrId=25c11f0a2665] c.d.f.i.a.PerformanceTracerAspect - [TRACE-JAVA] com.datn.finrisk.core.services.AdminTransactionService.getTransactions() executed in 11 ms
2026-06-22 17:05:35.753 [http-nio-8081-exec-6] INFO  [txId=] [corrId=25c11f0a2665] c.d.f.i.a.PerformanceTracerAspect - [TRACE-JAVA] com.datn.finrisk.web.controllers.AdminTransactionController.getAllTransactions() executed in 11 ms
2026-06-22 17:05:35.758 [http-nio-8081-exec-3] INFO  [txId=] [corrId=16cbd5389a87] c.d.f.i.a.PerformanceTracerAspect - [TRACE-JAVA] com.datn.finrisk.core.services.JwtBlocklistService.isBlocked() executed in 2 ms
2026-06-22 17:05:35.767 [http-nio-8081-exec-3] INFO  [txId=] [corrId=16cbd5389a87] c.d.f.i.a.PerformanceTracerAspect - [TRACE-JAVA] com.datn.finrisk.core.services.AdminTransactionService.getTransactions() executed in 7 ms
2026-06-22 17:05:35.767 [http-nio-8081-exec-3] INFO  [txId=] [corrId=16cbd5389a87] c.d.f.i.a.PerformanceTracerAspect - [TRACE-JAVA] com.datn.finrisk.web.controllers.AdminTransactionController.getAllTransactions() executed in 7 ms
2026-06-22 17:05:36.389 [http-nio-8081-exec-2] INFO  [txId=] [corrId=58da9cc77dff] c.d.f.i.a.PerformanceTracerAspect - [TRACE-JAVA] com.datn.finrisk.core.repository.TransactionRepository.findRecipientNamesBulk() executed in 2 ms
2026-06-22 17:05:36.389 [http-nio-8081-exec-2] INFO  [txId=] [corrId=58da9cc77dff] c.d.f.i.a.PerformanceTracerAspect - [TRACE-JAVA] com.datn.finrisk.core.services.AdminTransactionService.getTransactions() executed in 647 ms
2026-06-22 17:05:36.390 [http-nio-8081-exec-2] INFO  [txId=] [corrId=58da9cc77dff] c.d.f.i.a.PerformanceTracerAspect - [TRACE-JAVA] com.datn.finrisk.web.controllers.AdminTransactionController.getAllTransactions() executed in 648 ms
2026-06-22 17:05:36.394 [http-nio-8081-exec-8] INFO  [txId=] [corrId=6267b9161d9a] c.d.f.i.a.PerformanceTracerAspect - [TRACE-JAVA] com.datn.finrisk.core.services.JwtBlocklistService.isBlocked() executed in 1 ms
2026-06-22 17:05:36.926 [http-nio-8081-exec-8] INFO  [txId=] [corrId=6267b9161d9a] c.d.f.i.a.PerformanceTracerAspect - [TRACE-JAVA] com.datn.finrisk.core.repository.TransactionRepository.findRecipientNamesBulk() executed in 3 ms
2026-06-22 17:05:36.926 [http-nio-8081-exec-8] INFO  [txId=] [corrId=6267b9161d9a] c.d.f.i.a.PerformanceTracerAspect - [TRACE-JAVA] com.datn.finrisk.core.services.AdminTransactionService.getTransactions() executed in 530 ms
2026-06-22 17:05:36.927 [http-nio-8081-exec-8] INFO  [txId=] [corrId=6267b9161d9a] c.d.f.i.a.PerformanceTracerAspect - [TRACE-JAVA] com.datn.finrisk.web.controllers.AdminTransactionController.getAllTransactions() executed in 531 ms
2026-06-22 17:05:37.188 [http-nio-8081-exec-5] INFO  [txId=] [corrId=df7579b4e932] c.d.f.i.a.PerformanceTracerAspect - [TRACE-JAVA] com.datn.finrisk.core.services.JwtBlocklistService.isBlocked() executed in 0 ms
2026-06-22 17:05:37.200 [http-nio-8081-exec-5] INFO  [txId=] [corrId=df7579b4e932] c.d.f.i.a.PerformanceTracerAspect - [TRACE-JAVA] com.datn.finrisk.core.repository.RiskScoreRepository.findByTransactionIdInWithRule() executed in 6 ms
2026-06-22 17:05:37.210 [http-nio-8081-exec-5] INFO  [txId=] [corrId=df7579b4e932] c.d.f.i.a.PerformanceTracerAspect - [TRACE-JAVA] com.datn.finrisk.core.repository.TransactionAiInsightRepository.findByTransactionIdIn() executed in 6 ms
2026-06-22 17:05:37.214 [http-nio-8081-exec-5] INFO  [txId=] [corrId=df7579b4e932] c.d.f.i.a.PerformanceTracerAspect - [TRACE-JAVA] com.datn.finrisk.core.repository.UserBehaviorProfileRepository.findByUserId() executed in 2 ms
2026-06-22 17:05:37.218 [http-nio-8081-exec-5] INFO  [txId=] [corrId=df7579b4e932] c.d.f.i.a.PerformanceTracerAspect - [TRACE-JAVA] com.datn.finrisk.core.services.AdminTransactionService.getTransactionRiskDetail() executed in 27 ms
2026-06-22 17:05:37.219 [http-nio-8081-exec-5] INFO  [txId=] [corrId=df7579b4e932] c.d.f.i.a.PerformanceTracerAspect - [TRACE-JAVA] com.datn.finrisk.web.controllers.AdminTransactionController.getTransactionRiskDetails() executed in 29 ms
2026-06-22 17:05:42.726 [scheduling-1] INFO  [txId=] [corrId=] c.d.f.i.m.ExecutorMetricsLogger - [EXECUTOR-METRICS][BG-Task       [aiTaskExecutor]] threads=0/2 queue=0/500 (0%) completed=2
2026-06-22 17:05:42.726 [scheduling-1] INFO  [txId=] [corrId=] c.d.f.i.m.ExecutorMetricsLogger - [EXECUTOR-METRICS][RT-Emotion    [realtimeEmotionExecutor]] threads=0/3 queue=0/30 (0%) completed=40
2026-06-22 17:05:42.726 [scheduling-1] INFO  [txId=] [corrId=] c.d.f.i.m.ExecutorMetricsLogger - [EXECUTOR-METRICS][BioVerify     [biometricVerifyExecutor]] threads=0/2 queue=0/50 (0%) completed=2
2026-06-22 17:05:42.732 [scheduling-1] INFO  [txId=] [corrId=] c.d.f.i.a.PerformanceTracerAspect - [TRACE-JAVA] com.datn.finrisk.core.repository.BiometricSessionRepository.deleteByExpiresAtBefore() executed in 5 ms
2026-06-22 17:05:42.732 [scheduling-1] INFO  [txId=] [corrId=] c.d.f.w.w.BiometricSessionCleanupScheduler - [BIOMETRIC-SCHEDULER] Expired biometric sessions purged from DB
2026-06-22 17:05:42.733 [scheduling-1] INFO  [txId=] [corrId=] c.d.f.w.w.WebSocketMetricsLogger - [WS-METRICS] active_sessions=0 total_buffered_frames=0 total_buffer_size={ Milan}MB
2026-06-22 17:05:42.875 [scheduling-1] INFO  [txId=] [corrId=] c.d.f.i.a.PerformanceTracerAspect - [TRACE-JAVA] com.datn.finrisk.core.repository.TransactionRepository.findStalledTransactionIds() executed in 6 ms
2026-06-22 17:05:53.662 [http-nio-8081-exec-2] INFO  [txId=] [corrId=2009c9bd2916] c.d.f.i.a.PerformanceTracerAspect - [TRACE-JAVA] com.datn.finrisk.core.services.JwtBlocklistService.isBlocked() executed in 2 ms
2026-06-22 17:05:53.666 [http-nio-8081-exec-2] INFO  [txId=] [corrId=2009c9bd2916] c.d.f.i.a.PerformanceTracerAspect - [TRACE-JAVA] com.datn.finrisk.core.repository.TransactionRepository.countTotalTransactions() executed in 2 ms
2026-06-22 17:05:53.668 [http-nio-8081-exec-2] INFO  [txId=] [corrId=2009c9bd2916] c.d.f.i.a.PerformanceTracerAspect - [TRACE-JAVA] com.datn.finrisk.core.repository.TransactionRepository.countHighRiskTransactions() executed in 1 ms
2026-06-22 17:05:53.671 [http-nio-8081-exec-2] INFO  [txId=] [corrId=2009c9bd2916] c.d.f.i.a.PerformanceTracerAspect - [TRACE-JAVA] com.datn.finrisk.core.repository.TransactionRepository.sumTotalSuccessfulAmount() executed in 3 ms
2026-06-22 17:05:53.672 [http-nio-8081-exec-2] INFO  [txId=] [corrId=2009c9bd2916] c.d.f.i.a.PerformanceTracerAspect - [TRACE-JAVA] com.datn.finrisk.web.controllers.AdminController.getDashboardStats() executed in 8 ms
2026-06-22 17:05:53.676 [http-nio-8081-exec-8] INFO  [txId=] [corrId=04096dc4002f] c.d.f.i.a.PerformanceTracerAspect - [TRACE-JAVA] com.datn.finrisk.core.services.JwtBlocklistService.isBlocked() executed in 1 ms
2026-06-22 17:05:53.680 [http-nio-8081-exec-8] INFO  [txId=] [corrId=04096dc4002f] c.d.f.i.a.PerformanceTracerAspect - [TRACE-JAVA] com.datn.finrisk.core.repository.TransactionRepository.countTotalTransactions() executed in 2 ms
2026-06-22 17:05:53.682 [http-nio-8081-exec-8] INFO  [txId=] [corrId=04096dc4002f] c.d.f.i.a.PerformanceTracerAspect - [TRACE-JAVA] com.datn.finrisk.core.repository.TransactionRepository.countHighRiskTransactions() executed in 2 ms
2026-06-22 17:05:53.685 [http-nio-8081-exec-8] INFO  [txId=] [corrId=04096dc4002f] c.d.f.i.a.PerformanceTracerAspect - [TRACE-JAVA] com.datn.finrisk.core.repository.TransactionRepository.sumTotalSuccessfulAmount() executed in 2 ms
2026-06-22 17:05:53.685 [http-nio-8081-exec-8] INFO  [txId=] [corrId=04096dc4002f] c.d.f.i.a.PerformanceTracerAspect - [TRACE-JAVA] com.datn.finrisk.web.controllers.AdminController.getDashboardStats() executed in 7 ms
2026-06-22 17:05:55.756 [http-nio-8081-exec-7] INFO  [txId=] [corrId=b57c7e5dd797] c.d.f.i.a.PerformanceTracerAspect - [TRACE-JAVA] com.datn.finrisk.core.services.JwtBlocklistService.isBlocked() executed in 2 ms
2026-06-22 17:05:55.758 [http-nio-8081-exec-10] INFO  [txId=] [corrId=e9edda902540] c.d.f.i.a.PerformanceTracerAspect - [TRACE-JAVA] com.datn.finrisk.core.services.JwtBlocklistService.isBlocked() executed in 1 ms
2026-06-22 17:05:55.772 [http-nio-8081-exec-7] INFO  [txId=] [corrId=b57c7e5dd797] c.d.f.i.a.PerformanceTracerAspect - [TRACE-JAVA] com.datn.finrisk.core.repository.TransactionLedgerRepository.findRecentDebitsWithTransaction() executed in 14 ms
2026-06-22 17:05:55.773 [http-nio-8081-exec-10] INFO  [txId=] [corrId=e9edda902540] c.d.f.i.a.PerformanceTracerAspect - [TRACE-JAVA] com.datn.finrisk.web.controllers.UserController.getContacts() executed in 12 ms
2026-06-22 17:05:55.776 [http-nio-8081-exec-7] INFO  [txId=] [corrId=b57c7e5dd797] c.d.f.i.a.PerformanceTracerAspect - [TRACE-JAVA] com.datn.finrisk.core.repository.AccountRepository.findAccountNumbersAndNames() executed in 3 ms
2026-06-22 17:05:55.776 [http-nio-8081-exec-7] INFO  [txId=] [corrId=b57c7e5dd797] c.d.f.i.a.PerformanceTracerAspect - [TRACE-JAVA] com.datn.finrisk.web.controllers.TransactionController.getRecentRecipients() executed in 18 ms
2026-06-22 17:05:55.779 [http-nio-8081-exec-6] INFO  [txId=] [corrId=de2419d5075f] c.d.f.i.a.PerformanceTracerAspect - [TRACE-JAVA] com.datn.finrisk.core.services.JwtBlocklistService.isBlocked() executed in 1 ms
2026-06-22 17:05:55.782 [http-nio-8081-exec-3] INFO  [txId=] [corrId=5daa388eadba] c.d.f.i.a.PerformanceTracerAspect - [TRACE-JAVA] com.datn.finrisk.core.services.JwtBlocklistService.isBlocked() executed in 1 ms
2026-06-22 17:05:55.789 [http-nio-8081-exec-3] INFO  [txId=] [corrId=5daa388eadba] c.d.f.i.a.PerformanceTracerAspect - [TRACE-JAVA] com.datn.finrisk.core.repository.TransactionLedgerRepository.findRecentDebitsWithTransaction() executed in 5 ms
2026-06-22 17:05:55.791 [http-nio-8081-exec-6] INFO  [txId=] [corrId=de2419d5075f] c.d.f.i.a.PerformanceTracerAspect - [TRACE-JAVA] com.datn.finrisk.web.controllers.UserController.getContacts() executed in 10 ms
2026-06-22 17:05:55.794 [http-nio-8081-exec-3] INFO  [txId=] [corrId=5daa388eadba] c.d.f.i.a.PerformanceTracerAspect - [TRACE-JAVA] com.datn.finrisk.core.repository.AccountRepository.findAccountNumbersAndNames() executed in 4 ms
2026-06-22 17:05:55.794 [http-nio-8081-exec-3] INFO  [txId=] [corrId=5daa388eadba] c.d.f.i.a.PerformanceTracerAspect - [TRACE-JAVA] com.datn.finrisk.web.controllers.TransactionController.getRecentRecipients() executed in 11 ms
2026-06-22 17:05:58.332 [http-nio-8081-exec-8] INFO  [txId=] [corrId=3ed3f017018d] c.d.f.i.a.PerformanceTracerAspect - [TRACE-JAVA] com.datn.finrisk.core.services.JwtBlocklistService.isBlocked() executed in 1 ms
2026-06-22 17:05:58.335 [http-nio-8081-exec-8] INFO  [txId=] [corrId=3ed3f017018d] c.d.f.i.a.PerformanceTracerAspect - [TRACE-JAVA] com.datn.finrisk.core.repository.AccountRepository.findFullNameByAccountNumber() executed in 2 ms
2026-06-22 17:05:58.336 [http-nio-8081-exec-8] INFO  [txId=] [corrId=3ed3f017018d] c.d.f.i.a.PerformanceTracerAspect - [TRACE-JAVA] com.datn.finrisk.web.controllers.TransactionController.lookupAccountName() executed in 3 ms
2026-06-22 17:05:59.881 [http-nio-8081-exec-4] INFO  [txId=] [corrId=90aeff8d00ec] c.d.f.i.a.PerformanceTracerAspect - [TRACE-JAVA] com.datn.finrisk.core.services.JwtBlocklistService.isBlocked() executed in 1 ms
2026-06-22 17:05:59.887 [http-nio-8081-exec-4] INFO  [txId=] [corrId=90aeff8d00ec] c.d.f.i.a.PerformanceTracerAspect - [TRACE-JAVA] com.datn.finrisk.core.repository.AccountRepository.findByIdWithUserAndSecurity() executed in 3 ms
2026-06-22 17:05:59.892 [http-nio-8081-exec-4] INFO  [txId=] [corrId=90aeff8d00ec] c.d.f.i.a.PerformanceTracerAspect - [TRACE-JAVA] com.datn.finrisk.core.repository.AccountRepository.findByIdWithUserAndSecurity() executed in 4 ms
2026-06-22 17:05:59.896 [http-nio-8081-exec-4] INFO  [txId=] [corrId=90aeff8d00ec] c.d.f.i.a.PerformanceTracerAspect - [TRACE-JAVA] com.datn.finrisk.core.repository.TransactionLedgerRepository.existsByAccountIdAndToAccountNumber() executed in 4 ms
2026-06-22 17:05:59.896 [http-nio-8081-exec-4] DEBUG [txId=] [corrId=90aeff8d00ec] c.d.f.c.s.RiskEvaluationService - [RISK-ENGINE][START] tx=null evaluating risk
2026-06-22 17:05:59.899 [http-nio-8081-exec-4] INFO  [txId=] [corrId=90aeff8d00ec] c.d.f.i.a.PerformanceTracerAspect - [TRACE-JAVA] com.datn.finrisk.core.repository.RuleRepository.findByIsActiveTrue() executed in 3 ms
2026-06-22 17:05:59.900 [http-nio-8081-exec-4] INFO  [txId=] [corrId=90aeff8d00ec] c.d.f.i.a.PerformanceTracerAspect - [TRACE-JAVA] com.datn.finrisk.core.repository.TransactionRepository.countRecentTransactions() executed in 1 ms
2026-06-22 17:05:59.904 [http-nio-8081-exec-4] INFO  [txId=] [corrId=90aeff8d00ec] c.d.f.i.a.PerformanceTracerAspect - [TRACE-JAVA] com.datn.finrisk.core.repository.TransactionRepository.sumSuccessfulAmountToday() executed in 4 ms
2026-06-22 17:05:59.905 [http-nio-8081-exec-4] INFO  [txId=] [corrId=90aeff8d00ec] c.d.f.i.a.PerformanceTracerAspect - [TRACE-JAVA] com.datn.finrisk.core.services.BehavioralProfilingService.calculateBehavioralAnomalyScore() executed in 1 ms
2026-06-22 17:05:59.909 [http-nio-8081-exec-4] INFO  [txId=] [corrId=90aeff8d00ec] c.d.f.i.a.PerformanceTracerAspect - [TRACE-JAVA] com.datn.finrisk.core.repository.UserDeviceRepository.findByUserIdAndDeviceFingerprint() executed in 4 ms
2026-06-22 17:05:59.910 [http-nio-8081-exec-4] DEBUG [txId=] [corrId=90aeff8d00ec] c.d.f.c.s.RiskEvaluationService - [RISK-ENGINE][CTX] tx=null amount=100000000 deviceTrusted=true isNewRecipient=false suspiciousSession=true isNightTime=false recentTxCount=0 balanceRatio=0.154 dailyTotalAmount=340000000
2026-06-22 17:05:59.910 [http-nio-8081-exec-4] DEBUG [txId=] [corrId=90aeff8d00ec] c.d.f.c.s.RiskEvaluationService - [RISK-ENGINE][RULE-HIT] tx=null rule='Phiên rủi ro vị trí/IP' id=5 cat=DEVICE score=40
2026-06-22 17:05:59.910 [http-nio-8081-exec-4] DEBUG [txId=] [corrId=90aeff8d00ec] c.d.f.c.s.RiskEvaluationService - [RISK-ENGINE][RULE-HIT] tx=null rule='Tuân thủ QĐ 2345/NHNN' id=7 cat=FINANCIAL score=0
2026-06-22 17:05:59.910 [http-nio-8081-exec-4] DEBUG [txId=] [corrId=90aeff8d00ec] c.d.f.c.s.RiskEvaluationService - [RISK-ENGINE][RULE-HIT] tx=null rule='Hạn mức tích lũy ngày cao' id=11 cat=FINANCIAL score=40
2026-06-22 17:05:59.910 [http-nio-8081-exec-4] DEBUG [txId=] [corrId=90aeff8d00ec] c.d.f.c.s.RiskEvaluationService - [RISK-ENGINE][AI] tx=null txCount=374 behavioralScore=100 reliability=1.00 contribution=35
2026-06-22 17:05:59.910 [http-nio-8081-exec-4] INFO  [txId=] [corrId=90aeff8d00ec] c.d.f.c.s.RiskEvaluationService - [RISK-ENGINE][RESULT] tx=null final=100 cat_total=80 ai=35 cats={DEVICE=40, FINANCIAL=40} override=MEDIUM_2
2026-06-22 17:05:59.911 [http-nio-8081-exec-4] INFO  [txId=] [corrId=90aeff8d00ec] c.d.f.i.a.PerformanceTracerAspect - [TRACE-JAVA] com.datn.finrisk.core.services.RiskEvaluationService.evaluateRisk() executed in 15 ms
2026-06-22 17:05:59.914 [http-nio-8081-exec-4] DEBUG [txId=] [corrId=90aeff8d00ec] c.d.f.c.services.TransactionService - Transaction saved: id=4856
2026-06-22 17:05:59.919 [http-nio-8081-exec-4] DEBUG [txId=] [corrId=90aeff8d00ec] c.d.f.c.services.TransactionService - Saved 2 risk score(s) for tx=4856
2026-06-22 17:05:59.927 [http-nio-8081-exec-4] DEBUG [txId=] [corrId=90aeff8d00ec] c.d.f.c.services.TransactionService - Saved 5 AI insight(s) for tx=4856
2026-06-22 17:05:59.931 [http-nio-8081-exec-4] INFO  [txId=] [corrId=90aeff8d00ec] c.d.f.i.a.PerformanceTracerAspect - [TRACE-JAVA] com.datn.finrisk.core.repository.RiskPolicyRepository.findByScore() executed in 4 ms
2026-06-22 17:05:59.934 [http-nio-8081-exec-4] INFO  [txId=] [corrId=90aeff8d00ec] c.d.f.i.a.PerformanceTracerAspect - [TRACE-JAVA] com.datn.finrisk.core.repository.RiskPolicyRepository.findByRiskLevel() executed in 3 ms
2026-06-22 17:05:59.935 [http-nio-8081-exec-4] INFO  [txId=] [corrId=90aeff8d00ec] c.d.f.c.services.TransactionService - Risk evaluation: score=100 level=HIGH desc=CẢNH BÁO: AI Cảm xúc + Voice OTP
2026-06-22 17:05:59.935 [http-nio-8081-exec-4] INFO  [txId=] [corrId=90aeff8d00ec] c.d.f.c.s.AdvancedFaceActionStrategy - [FaceStrategy][EXECUTE] tx=4856 riskLevel=HIGH → PENDING_PIN_HIGH
2026-06-22 17:05:59.935 [http-nio-8081-exec-4] INFO  [txId=] [corrId=90aeff8d00ec] c.d.f.i.a.PerformanceTracerAspect - [TRACE-JAVA] com.datn.finrisk.core.strategies.AdvancedFaceActionStrategy.execute() executed in 0 ms
2026-06-22 17:05:59.935 [http-nio-8081-exec-4] INFO  [txId=] [corrId=90aeff8d00ec] c.d.f.i.a.PerformanceTracerAspect - [TRACE-JAVA] com.datn.finrisk.core.services.TransactionService.initiateTransaction() executed in 47 ms
2026-06-22 17:05:59.947 [http-nio-8081-exec-4] INFO  [txId=] [corrId=90aeff8d00ec] c.d.f.core.services.AuditLogService - [AUDIT] action=TRANSACTION_INITIATED user=congnhan_b
2026-06-22 17:05:59.947 [http-nio-8081-exec-4] INFO  [txId=] [corrId=90aeff8d00ec] c.d.f.i.a.PerformanceTracerAspect - [TRACE-JAVA] com.datn.finrisk.core.services.AuditLogService.logAction() executed in 6 ms
2026-06-22 17:05:59.947 [http-nio-8081-exec-4] INFO  [txId=] [corrId=90aeff8d00ec] c.d.f.i.a.PerformanceTracerAspect - [TRACE-JAVA] com.datn.finrisk.web.controllers.TransactionController.processTransaction() executed in 64 ms
2026-06-22 17:06:01.703 [http-nio-8081-exec-9] INFO  [txId=] [corrId=e3f895954433] c.d.f.i.a.PerformanceTracerAspect - [TRACE-JAVA] com.datn.finrisk.core.services.JwtBlocklistService.isBlocked() executed in 1 ms
2026-06-22 17:06:01.705 [http-nio-8081-exec-9] INFO  [txId=] [corrId=e3f895954433] c.d.f.w.c.TransactionController - 🚨 [BẪY DEBUG] Nhận request verify cho TxID: 4856 - Lúc: 1782122761705
2026-06-22 17:06:01.710 [http-nio-8081-exec-9] INFO  [txId=] [corrId=e3f895954433] c.d.f.i.a.PerformanceTracerAspect - [TRACE-JAVA] com.datn.finrisk.core.repository.TransactionRepository.findByIdWithUserSecurity() executed in 5 ms
2026-06-22 17:06:01.783 [http-nio-8081-exec-9] INFO  [txId=] [corrId=e3f895954433] c.d.f.i.a.PerformanceTracerAspect - [TRACE-JAVA] com.datn.finrisk.core.services.PinService.verifyPin() executed in 72 ms
2026-06-22 17:06:01.799 [http-nio-8081-exec-9] INFO  [txId=] [corrId=e3f895954433] c.d.f.i.a.PerformanceTracerAspect - [TRACE-JAVA] com.datn.finrisk.core.services.OtpService.generateVoiceOtp() executed in 1 ms
2026-06-22 17:06:01.800 [http-nio-8081-exec-9] INFO  [txId=] [corrId=e3f895954433] c.d.f.i.a.PerformanceTracerAspect - [TRACE-JAVA] com.datn.finrisk.web.controllers.TransactionController.verifyAndExecute() executed in 95 ms
2026-06-22 17:06:01.842 [http-nio-8081-exec-7] INFO  [txId=] [corrId=e6b872100fd0] c.d.f.i.a.PerformanceTracerAspect - [TRACE-JAVA] com.datn.finrisk.core.repository.BiometricSessionRepository.findBySessionTokenEager() executed in 6 ms
2026-06-22 17:06:01.842 [http-nio-8081-exec-7] DEBUG [txId=] [corrId=e6b872100fd0] c.d.f.w.websocket.WsConnectionGuard - [WS-GUARD] ip=0:0:0:0:0:0:0:1 — slot acquired (1/5)
2026-06-22 17:06:01.842 [http-nio-8081-exec-7] INFO  [txId=] [corrId=e6b872100fd0] c.d.f.w.w.BiometricHandshakeInterceptor - [WS-SECURITY] ip=0:0:0:0:0:0:0:1 user=congnhan_b — handshake accepted
2026-06-22 17:06:01.846 [http-nio-8081-exec-7] INFO  [txId=] [corrId=] c.d.f.w.w.LiveEmotionWebSocketHandler - [WS-FACE] connected session=fa7d80bd-5f52-212b-d5f5-878e1f99b553 ip=0:0:0:0:0:0:0:1
2026-06-22 17:06:01.846 [http-nio-8081-exec-7] DEBUG [txId=] [corrId=] c.d.f.w.w.FaceSessionRegistry - [FACE-REGISTRY] registered bsToken=c41db2f1-c49d-4e74-a87d-94514685d94b session=fa7d80bd-5f52-212b-d5f5-878e1f99b553
2026-06-22 17:06:01.864 [http-nio-8081-exec-6] INFO  [txId=] [corrId=ffff0c36e11d] c.d.f.i.a.PerformanceTracerAspect - [TRACE-JAVA] com.datn.finrisk.core.repository.BiometricSessionRepository.findBySessionTokenEager() executed in 6 ms
2026-06-22 17:06:01.864 [http-nio-8081-exec-6] DEBUG [txId=] [corrId=ffff0c36e11d] c.d.f.w.websocket.WsConnectionGuard - [WS-GUARD] ip=0:0:0:0:0:0:0:1 — slot acquired (2/5)
2026-06-22 17:06:01.864 [http-nio-8081-exec-6] INFO  [txId=] [corrId=ffff0c36e11d] c.d.f.w.w.BiometricHandshakeInterceptor - [WS-SECURITY] ip=0:0:0:0:0:0:0:1 user=congnhan_b — handshake accepted
2026-06-22 17:06:01.876 [http-nio-8081-exec-6] INFO  [txId=4856] [corrId=WS-ef8d80f1] c.d.f.w.w.LiveVoiceWebSocketHandler - [WS-VOICE] session=ef8d80f1-b205-756c-9e4a-161e5804c844 ip=0:0:0:0:0:0:0:1 user=congnhan_b txId=4856 — opening bridge to Python voice service
2026-06-22 17:06:01.889 [http-nio-8081-exec-6] INFO  [txId=4856] [corrId=WS-ef8d80f1] c.d.f.w.w.LiveVoiceWebSocketHandler - [WS-VOICE] bridge established session=ef8d80f1-b205-756c-9e4a-161e5804c844 ip=0:0:0:0:0:0:0:1 txId=4856
2026-06-22 17:06:08.820 [http-nio-8081-exec-3] INFO  [txId=4856] [corrId=WS-fa7d80bd] c.d.f.i.a.PerformanceTracerAspect - [TRACE-JAVA] com.datn.finrisk.core.repository.TransactionRepository.findByIdWithUserSecurity() executed in 5 ms
2026-06-22 17:06:08.820 [http-nio-8081-exec-3] DEBUG [txId=4856] [corrId=WS-fa7d80bd] c.d.f.w.w.LiveEmotionWebSocketHandler - [WS-FACE][BUFFER] tx=4856 frames=1 totalBytes=6490
2026-06-22 17:06:08.907 [RT-Emotion-1] DEBUG [txId=4856] [corrId=WS-fa7d80bd] c.d.f.c.s.RiskEvaluationService - [RT-EMOTION][DONE] elapsed=86ms emotion=HAPPY
2026-06-22 17:06:08.907 [RT-Emotion-1] INFO  [txId=4856] [corrId=WS-fa7d80bd] c.d.f.i.a.PerformanceTracerAspect - [TRACE-JAVA] com.datn.finrisk.core.services.RiskEvaluationService.detectEmotionAsync() executed in 86 ms
2026-06-22 17:06:09.306 [http-nio-8081-exec-2] DEBUG [txId=4856] [corrId=WS-fa7d80bd] c.d.f.w.w.LiveEmotionWebSocketHandler - [WS-FACE][BUFFER] tx=4856 frames=2 totalBytes=13047
2026-06-22 17:06:09.386 [RT-Emotion-2] DEBUG [txId=4856] [corrId=WS-fa7d80bd] c.d.f.c.s.RiskEvaluationService - [RT-EMOTION][DONE] elapsed=79ms emotion=HAPPY
2026-06-22 17:06:09.386 [RT-Emotion-2] INFO  [txId=4856] [corrId=WS-fa7d80bd] c.d.f.i.a.PerformanceTracerAspect - [TRACE-JAVA] com.datn.finrisk.core.services.RiskEvaluationService.detectEmotionAsync() executed in 79 ms
2026-06-22 17:06:09.559 [http-nio-8081-exec-9] DEBUG [txId=4856] [corrId=WS-fa7d80bd] c.d.f.w.w.LiveEmotionWebSocketHandler - [WS-FACE][BUFFER] tx=4856 frames=3 totalBytes=19579
2026-06-22 17:06:09.635 [RT-Emotion-3] DEBUG [txId=4856] [corrId=WS-fa7d80bd] c.d.f.c.s.RiskEvaluationService - [RT-EMOTION][DONE] elapsed=75ms emotion=HAPPY
2026-06-22 17:06:09.635 [RT-Emotion-3] INFO  [txId=4856] [corrId=WS-fa7d80bd] c.d.f.i.a.PerformanceTracerAspect - [TRACE-JAVA] com.datn.finrisk.core.services.RiskEvaluationService.detectEmotionAsync() executed in 75 ms
2026-06-22 17:06:09.810 [http-nio-8081-exec-2] DEBUG [txId=4856] [corrId=WS-fa7d80bd] c.d.f.w.w.LiveEmotionWebSocketHandler - [WS-FACE][BUFFER] tx=4856 frames=4 totalBytes=26099
2026-06-22 17:06:09.881 [RT-Emotion-1] DEBUG [txId=4856] [corrId=WS-fa7d80bd] c.d.f.c.s.RiskEvaluationService - [RT-EMOTION][DONE] elapsed=71ms emotion=HAPPY
2026-06-22 17:06:09.881 [RT-Emotion-1] INFO  [txId=4856] [corrId=WS-fa7d80bd] c.d.f.i.a.PerformanceTracerAspect - [TRACE-JAVA] com.datn.finrisk.core.services.RiskEvaluationService.detectEmotionAsync() executed in 71 ms
2026-06-22 17:06:10.058 [http-nio-8081-exec-5] DEBUG [txId=4856] [corrId=WS-fa7d80bd] c.d.f.w.w.LiveEmotionWebSocketHandler - [WS-FACE][BUFFER] tx=4856 frames=5 totalBytes=32662
2026-06-22 17:06:10.135 [RT-Emotion-2] DEBUG [txId=4856] [corrId=WS-fa7d80bd] c.d.f.c.s.RiskEvaluationService - [RT-EMOTION][DONE] elapsed=76ms emotion=HAPPY
2026-06-22 17:06:10.136 [RT-Emotion-2] INFO  [txId=4856] [corrId=WS-fa7d80bd] c.d.f.i.a.PerformanceTracerAspect - [TRACE-JAVA] com.datn.finrisk.core.services.RiskEvaluationService.detectEmotionAsync() executed in 77 ms
2026-06-22 17:06:10.307 [http-nio-8081-exec-6] DEBUG [txId=4856] [corrId=WS-fa7d80bd] c.d.f.w.w.LiveEmotionWebSocketHandler - [WS-FACE][BUFFER] tx=4856 frames=5 totalBytes=39111
2026-06-22 17:06:10.379 [RT-Emotion-3] DEBUG [txId=4856] [corrId=WS-fa7d80bd] c.d.f.c.s.RiskEvaluationService - [RT-EMOTION][DONE] elapsed=71ms emotion=HAPPY
2026-06-22 17:06:10.379 [RT-Emotion-3] INFO  [txId=4856] [corrId=WS-fa7d80bd] c.d.f.i.a.PerformanceTracerAspect - [TRACE-JAVA] com.datn.finrisk.core.services.RiskEvaluationService.detectEmotionAsync() executed in 71 ms
2026-06-22 17:06:10.560 [http-nio-8081-exec-4] DEBUG [txId=4856] [corrId=WS-fa7d80bd] c.d.f.w.w.LiveEmotionWebSocketHandler - [WS-FACE][BUFFER] tx=4856 frames=5 totalBytes=45580
2026-06-22 17:06:10.631 [RT-Emotion-1] DEBUG [txId=4856] [corrId=WS-fa7d80bd] c.d.f.c.s.RiskEvaluationService - [RT-EMOTION][DONE] elapsed=71ms emotion=HAPPY
2026-06-22 17:06:10.632 [RT-Emotion-1] INFO  [txId=4856] [corrId=WS-fa7d80bd] c.d.f.i.a.PerformanceTracerAspect - [TRACE-JAVA] com.datn.finrisk.core.services.RiskEvaluationService.detectEmotionAsync() executed in 72 ms
2026-06-22 17:06:10.811 [http-nio-8081-exec-3] DEBUG [txId=4856] [corrId=WS-fa7d80bd] c.d.f.w.w.LiveEmotionWebSocketHandler - [WS-FACE][BUFFER] tx=4856 frames=5 totalBytes=52016
2026-06-22 17:06:10.884 [RT-Emotion-2] DEBUG [txId=4856] [corrId=WS-fa7d80bd] c.d.f.c.s.RiskEvaluationService - [RT-EMOTION][DONE] elapsed=72ms emotion=HAPPY
2026-06-22 17:06:10.884 [RT-Emotion-2] INFO  [txId=4856] [corrId=WS-fa7d80bd] c.d.f.i.a.PerformanceTracerAspect - [TRACE-JAVA] com.datn.finrisk.core.services.RiskEvaluationService.detectEmotionAsync() executed in 72 ms
2026-06-22 17:06:11.060 [http-nio-8081-exec-1] DEBUG [txId=4856] [corrId=WS-fa7d80bd] c.d.f.w.w.LiveEmotionWebSocketHandler - [WS-FACE][BUFFER] tx=4856 frames=5 totalBytes=58452
2026-06-22 17:06:11.132 [RT-Emotion-3] DEBUG [txId=4856] [corrId=WS-fa7d80bd] c.d.f.c.s.RiskEvaluationService - [RT-EMOTION][DONE] elapsed=71ms emotion=HAPPY
2026-06-22 17:06:11.133 [RT-Emotion-3] INFO  [txId=4856] [corrId=WS-fa7d80bd] c.d.f.i.a.PerformanceTracerAspect - [TRACE-JAVA] com.datn.finrisk.core.services.RiskEvaluationService.detectEmotionAsync() executed in 72 ms
2026-06-22 17:06:11.310 [http-nio-8081-exec-10] DEBUG [txId=4856] [corrId=WS-fa7d80bd] c.d.f.w.w.LiveEmotionWebSocketHandler - [WS-FACE][BUFFER] tx=4856 frames=5 totalBytes=64949
2026-06-22 17:06:11.387 [RT-Emotion-1] DEBUG [txId=4856] [corrId=WS-fa7d80bd] c.d.f.c.s.RiskEvaluationService - [RT-EMOTION][DONE] elapsed=77ms emotion=HAPPY
2026-06-22 17:06:11.387 [RT-Emotion-1] INFO  [txId=4856] [corrId=WS-fa7d80bd] c.d.f.i.a.PerformanceTracerAspect - [TRACE-JAVA] com.datn.finrisk.core.services.RiskEvaluationService.detectEmotionAsync() executed in 77 ms
2026-06-22 17:06:11.558 [http-nio-8081-exec-8] DEBUG [txId=4856] [corrId=WS-fa7d80bd] c.d.f.w.w.LiveEmotionWebSocketHandler - [WS-FACE][BUFFER] tx=4856 frames=5 totalBytes=71350
2026-06-22 17:06:11.654 [RT-Emotion-2] DEBUG [txId=4856] [corrId=WS-fa7d80bd] c.d.f.c.s.RiskEvaluationService - [RT-EMOTION][DONE] elapsed=96ms emotion=HAPPY
2026-06-22 17:06:11.654 [RT-Emotion-2] INFO  [txId=4856] [corrId=WS-fa7d80bd] c.d.f.i.a.PerformanceTracerAspect - [TRACE-JAVA] com.datn.finrisk.core.services.RiskEvaluationService.detectEmotionAsync() executed in 96 ms
2026-06-22 17:06:11.810 [http-nio-8081-exec-9] DEBUG [txId=4856] [corrId=WS-fa7d80bd] c.d.f.w.w.LiveEmotionWebSocketHandler - [WS-FACE][BUFFER] tx=4856 frames=5 totalBytes=77779
2026-06-22 17:06:11.881 [RT-Emotion-3] DEBUG [txId=4856] [corrId=WS-fa7d80bd] c.d.f.c.s.RiskEvaluationService - [RT-EMOTION][DONE] elapsed=71ms emotion=HAPPY
2026-06-22 17:06:11.881 [RT-Emotion-3] INFO  [txId=4856] [corrId=WS-fa7d80bd] c.d.f.i.a.PerformanceTracerAspect - [TRACE-JAVA] com.datn.finrisk.core.services.RiskEvaluationService.detectEmotionAsync() executed in 71 ms
2026-06-22 17:06:12.063 [http-nio-8081-exec-2] DEBUG [txId=4856] [corrId=WS-fa7d80bd] c.d.f.w.w.LiveEmotionWebSocketHandler - [WS-FACE][BUFFER] tx=4856 frames=5 totalBytes=84254
2026-06-22 17:06:12.124 [RT-Emotion-1] DEBUG [txId=4856] [corrId=WS-fa7d80bd] c.d.f.c.s.RiskEvaluationService - [RT-EMOTION][DONE] elapsed=60ms emotion=SAD
2026-06-22 17:06:12.124 [RT-Emotion-1] INFO  [txId=4856] [corrId=WS-fa7d80bd] c.d.f.i.a.PerformanceTracerAspect - [TRACE-JAVA] com.datn.finrisk.core.services.RiskEvaluationService.detectEmotionAsync() executed in 60 ms
2026-06-22 17:06:12.314 [http-nio-8081-exec-9] DEBUG [txId=4856] [corrId=WS-fa7d80bd] c.d.f.w.w.LiveEmotionWebSocketHandler - [WS-FACE][BUFFER] tx=4856 frames=5 totalBytes=90701
2026-06-22 17:06:12.402 [RT-Emotion-2] DEBUG [txId=4856] [corrId=WS-fa7d80bd] c.d.f.c.s.RiskEvaluationService - [RT-EMOTION][DONE] elapsed=87ms emotion=HAPPY
2026-06-22 17:06:12.402 [RT-Emotion-2] INFO  [txId=4856] [corrId=WS-fa7d80bd] c.d.f.i.a.PerformanceTracerAspect - [TRACE-JAVA] com.datn.finrisk.core.services.RiskEvaluationService.detectEmotionAsync() executed in 87 ms
2026-06-22 17:06:12.559 [http-nio-8081-exec-2] DEBUG [txId=4856] [corrId=WS-fa7d80bd] c.d.f.w.w.LiveEmotionWebSocketHandler - [WS-FACE][BUFFER] tx=4856 frames=5 totalBytes=97071
2026-06-22 17:06:12.638 [RT-Emotion-3] DEBUG [txId=4856] [corrId=WS-fa7d80bd] c.d.f.c.s.RiskEvaluationService - [RT-EMOTION][DONE] elapsed=79ms emotion=SAD
2026-06-22 17:06:12.638 [RT-Emotion-3] INFO  [txId=4856] [corrId=WS-fa7d80bd] c.d.f.i.a.PerformanceTracerAspect - [TRACE-JAVA] com.datn.finrisk.core.services.RiskEvaluationService.detectEmotionAsync() executed in 79 ms
2026-06-22 17:06:12.721 [scheduling-1] INFO  [txId=] [corrId=] c.d.f.i.m.ExecutorMetricsLogger - [EXECUTOR-METRICS][BG-Task       [aiTaskExecutor]] threads=0/2 queue=0/500 (0%) completed=2
2026-06-22 17:06:12.722 [scheduling-1] INFO  [txId=] [corrId=] c.d.f.i.m.ExecutorMetricsLogger - [EXECUTOR-METRICS][RT-Emotion    [realtimeEmotionExecutor]] threads=0/3 queue=0/30 (0%) completed=55
2026-06-22 17:06:12.722 [scheduling-1] INFO  [txId=] [corrId=] c.d.f.i.m.ExecutorMetricsLogger - [EXECUTOR-METRICS][BioVerify     [biometricVerifyExecutor]] threads=0/2 queue=0/50 (0%) completed=2
2026-06-22 17:06:12.809 [http-nio-8081-exec-5] DEBUG [txId=4856] [corrId=WS-fa7d80bd] c.d.f.w.w.LiveEmotionWebSocketHandler - [WS-FACE][BUFFER] tx=4856 frames=5 totalBytes=103474
2026-06-22 17:06:12.887 [RT-Emotion-1] DEBUG [txId=4856] [corrId=WS-fa7d80bd] c.d.f.c.s.RiskEvaluationService - [RT-EMOTION][DONE] elapsed=78ms emotion=HAPPY
2026-06-22 17:06:12.887 [RT-Emotion-1] INFO  [txId=4856] [corrId=WS-fa7d80bd] c.d.f.i.a.PerformanceTracerAspect - [TRACE-JAVA] com.datn.finrisk.core.services.RiskEvaluationService.detectEmotionAsync() executed in 78 ms
2026-06-22 17:06:13.059 [http-nio-8081-exec-3] DEBUG [txId=4856] [corrId=WS-fa7d80bd] c.d.f.w.w.LiveEmotionWebSocketHandler - [WS-FACE][BUFFER] tx=4856 frames=5 totalBytes=109881
2026-06-22 17:06:13.138 [RT-Emotion-2] DEBUG [txId=4856] [corrId=WS-fa7d80bd] c.d.f.c.s.RiskEvaluationService - [RT-EMOTION][DONE] elapsed=78ms emotion=SAD
2026-06-22 17:06:13.139 [RT-Emotion-2] INFO  [txId=4856] [corrId=WS-fa7d80bd] c.d.f.i.a.PerformanceTracerAspect - [TRACE-JAVA] com.datn.finrisk.core.services.RiskEvaluationService.detectEmotionAsync() executed in 79 ms
2026-06-22 17:06:13.314 [http-nio-8081-exec-9] DEBUG [txId=4856] [corrId=WS-fa7d80bd] c.d.f.w.w.LiveEmotionWebSocketHandler - [WS-FACE][BUFFER] tx=4856 frames=5 totalBytes=116284
2026-06-22 17:06:13.401 [RT-Emotion-3] DEBUG [txId=4856] [corrId=WS-fa7d80bd] c.d.f.c.s.RiskEvaluationService - [RT-EMOTION][DONE] elapsed=87ms emotion=SAD
2026-06-22 17:06:13.401 [RT-Emotion-3] INFO  [txId=4856] [corrId=WS-fa7d80bd] c.d.f.i.a.PerformanceTracerAspect - [TRACE-JAVA] com.datn.finrisk.core.services.RiskEvaluationService.detectEmotionAsync() executed in 87 ms
2026-06-22 17:06:13.558 [http-nio-8081-exec-6] DEBUG [txId=4856] [corrId=WS-fa7d80bd] c.d.f.w.w.LiveEmotionWebSocketHandler - [WS-FACE][BUFFER] tx=4856 frames=5 totalBytes=122706
2026-06-22 17:06:13.631 [RT-Emotion-1] DEBUG [txId=4856] [corrId=WS-fa7d80bd] c.d.f.c.s.RiskEvaluationService - [RT-EMOTION][DONE] elapsed=73ms emotion=SAD
2026-06-22 17:06:13.631 [RT-Emotion-1] INFO  [txId=4856] [corrId=WS-fa7d80bd] c.d.f.i.a.PerformanceTracerAspect - [TRACE-JAVA] com.datn.finrisk.core.services.RiskEvaluationService.detectEmotionAsync() executed in 73 ms
2026-06-22 17:06:13.810 [http-nio-8081-exec-5] DEBUG [txId=4856] [corrId=WS-fa7d80bd] c.d.f.w.w.LiveEmotionWebSocketHandler - [WS-FACE][BUFFER] tx=4856 frames=5 totalBytes=129139
2026-06-22 17:06:13.879 [RT-Emotion-2] DEBUG [txId=4856] [corrId=WS-fa7d80bd] c.d.f.c.s.RiskEvaluationService - [RT-EMOTION][DONE] elapsed=68ms emotion=SAD
2026-06-22 17:06:13.879 [RT-Emotion-2] INFO  [txId=4856] [corrId=WS-fa7d80bd] c.d.f.i.a.PerformanceTracerAspect - [TRACE-JAVA] com.datn.finrisk.core.services.RiskEvaluationService.detectEmotionAsync() executed in 68 ms
2026-06-22 17:06:14.063 [http-nio-8081-exec-3] DEBUG [txId=4856] [corrId=WS-fa7d80bd] c.d.f.w.w.LiveEmotionWebSocketHandler - [WS-FACE][BUFFER] tx=4856 frames=5 totalBytes=135521
2026-06-22 17:06:14.145 [RT-Emotion-3] DEBUG [txId=4856] [corrId=WS-fa7d80bd] c.d.f.c.s.RiskEvaluationService - [RT-EMOTION][DONE] elapsed=81ms emotion=SAD
2026-06-22 17:06:14.145 [RT-Emotion-3] INFO  [txId=4856] [corrId=WS-fa7d80bd] c.d.f.i.a.PerformanceTracerAspect - [TRACE-JAVA] com.datn.finrisk.core.services.RiskEvaluationService.detectEmotionAsync() executed in 81 ms
2026-06-22 17:06:14.309 [http-nio-8081-exec-4] DEBUG [txId=4856] [corrId=WS-fa7d80bd] c.d.f.w.w.LiveEmotionWebSocketHandler - [WS-FACE][BUFFER] tx=4856 frames=5 totalBytes=141926
2026-06-22 17:06:14.381 [RT-Emotion-1] DEBUG [txId=4856] [corrId=WS-fa7d80bd] c.d.f.c.s.RiskEvaluationService - [RT-EMOTION][DONE] elapsed=72ms emotion=SAD
2026-06-22 17:06:14.381 [RT-Emotion-1] INFO  [txId=4856] [corrId=WS-fa7d80bd] c.d.f.i.a.PerformanceTracerAspect - [TRACE-JAVA] com.datn.finrisk.core.services.RiskEvaluationService.detectEmotionAsync() executed in 72 ms
2026-06-22 17:06:14.556 [http-nio-8081-exec-10] DEBUG [txId=4856] [corrId=WS-fa7d80bd] c.d.f.w.w.LiveEmotionWebSocketHandler - [WS-FACE][BUFFER] tx=4856 frames=5 totalBytes=148286
2026-06-22 17:06:14.626 [RT-Emotion-2] DEBUG [txId=4856] [corrId=WS-fa7d80bd] c.d.f.c.s.RiskEvaluationService - [RT-EMOTION][DONE] elapsed=69ms emotion=SAD
2026-06-22 17:06:14.626 [RT-Emotion-2] INFO  [txId=4856] [corrId=WS-fa7d80bd] c.d.f.i.a.PerformanceTracerAspect - [TRACE-JAVA] com.datn.finrisk.core.services.RiskEvaluationService.detectEmotionAsync() executed in 69 ms
2026-06-22 17:06:14.802 [http-nio-8081-exec-8] DEBUG [txId=4856] [corrId=WS-fa7d80bd] c.d.f.w.w.LiveEmotionWebSocketHandler - [WS-FACE][BUFFER] tx=4856 frames=5 totalBytes=152311
2026-06-22 17:06:14.865 [RT-Emotion-3] DEBUG [txId=4856] [corrId=WS-fa7d80bd] c.d.f.c.s.RiskEvaluationService - [RT-EMOTION][DONE] elapsed=63ms emotion=SAD
2026-06-22 17:06:14.865 [RT-Emotion-3] INFO  [txId=4856] [corrId=WS-fa7d80bd] c.d.f.i.a.PerformanceTracerAspect - [TRACE-JAVA] com.datn.finrisk.core.services.RiskEvaluationService.detectEmotionAsync() executed in 63 ms
2026-06-22 17:06:15.067 [http-nio-8081-exec-6] DEBUG [txId=4856] [corrId=WS-fa7d80bd] c.d.f.w.w.LiveEmotionWebSocketHandler - [WS-FACE][BUFFER] tx=4856 frames=5 totalBytes=158267
2026-06-22 17:06:15.146 [RT-Emotion-1] DEBUG [txId=4856] [corrId=WS-fa7d80bd] c.d.f.c.s.RiskEvaluationService - [RT-EMOTION][DONE] elapsed=79ms emotion=HAPPY
2026-06-22 17:06:15.146 [RT-Emotion-1] INFO  [txId=4856] [corrId=WS-fa7d80bd] c.d.f.i.a.PerformanceTracerAspect - [TRACE-JAVA] com.datn.finrisk.core.services.RiskEvaluationService.detectEmotionAsync() executed in 79 ms
2026-06-22 17:06:15.315 [http-nio-8081-exec-8] DEBUG [txId=4856] [corrId=WS-fa7d80bd] c.d.f.w.w.LiveEmotionWebSocketHandler - [WS-FACE][BUFFER] tx=4856 frames=5 totalBytes=164208
2026-06-22 17:06:15.378 [RT-Emotion-2] DEBUG [txId=4856] [corrId=WS-fa7d80bd] c.d.f.c.s.RiskEvaluationService - [RT-EMOTION][DONE] elapsed=63ms emotion=HAPPY
2026-06-22 17:06:15.378 [RT-Emotion-2] INFO  [txId=4856] [corrId=WS-fa7d80bd] c.d.f.i.a.PerformanceTracerAspect - [TRACE-JAVA] com.datn.finrisk.core.services.RiskEvaluationService.detectEmotionAsync() executed in 63 ms
2026-06-22 17:06:15.558 [http-nio-8081-exec-9] DEBUG [txId=4856] [corrId=WS-fa7d80bd] c.d.f.w.w.LiveEmotionWebSocketHandler - [WS-FACE][BUFFER] tx=4856 frames=5 totalBytes=170163
2026-06-22 17:06:15.620 [RT-Emotion-3] DEBUG [txId=4856] [corrId=WS-fa7d80bd] c.d.f.c.s.RiskEvaluationService - [RT-EMOTION][DONE] elapsed=62ms emotion=HAPPY
2026-06-22 17:06:15.620 [RT-Emotion-3] INFO  [txId=4856] [corrId=WS-fa7d80bd] c.d.f.i.a.PerformanceTracerAspect - [TRACE-JAVA] com.datn.finrisk.core.services.RiskEvaluationService.detectEmotionAsync() executed in 62 ms
2026-06-22 17:06:15.816 [http-nio-8081-exec-3] DEBUG [txId=4856] [corrId=WS-fa7d80bd] c.d.f.w.w.LiveEmotionWebSocketHandler - [WS-FACE][BUFFER] tx=4856 frames=5 totalBytes=176131
2026-06-22 17:06:15.891 [RT-Emotion-1] DEBUG [txId=4856] [corrId=WS-fa7d80bd] c.d.f.c.s.RiskEvaluationService - [RT-EMOTION][DONE] elapsed=75ms emotion=HAPPY
2026-06-22 17:06:15.891 [RT-Emotion-1] INFO  [txId=4856] [corrId=WS-fa7d80bd] c.d.f.i.a.PerformanceTracerAspect - [TRACE-JAVA] com.datn.finrisk.core.services.RiskEvaluationService.detectEmotionAsync() executed in 75 ms
2026-06-22 17:06:16.065 [http-nio-8081-exec-4] DEBUG [txId=4856] [corrId=WS-fa7d80bd] c.d.f.w.w.LiveEmotionWebSocketHandler - [WS-FACE][BUFFER] tx=4856 frames=5 totalBytes=182060
2026-06-22 17:06:16.142 [RT-Emotion-2] DEBUG [txId=4856] [corrId=WS-fa7d80bd] c.d.f.c.s.RiskEvaluationService - [RT-EMOTION][DONE] elapsed=77ms emotion=HAPPY
2026-06-22 17:06:16.142 [RT-Emotion-2] INFO  [txId=4856] [corrId=WS-fa7d80bd] c.d.f.i.a.PerformanceTracerAspect - [TRACE-JAVA] com.datn.finrisk.core.services.RiskEvaluationService.detectEmotionAsync() executed in 77 ms
2026-06-22 17:06:16.315 [http-nio-8081-exec-6] DEBUG [txId=4856] [corrId=WS-fa7d80bd] c.d.f.w.w.LiveEmotionWebSocketHandler - [WS-FACE][BUFFER] tx=4856 frames=5 totalBytes=188025
2026-06-22 17:06:16.389 [RT-Emotion-3] DEBUG [txId=4856] [corrId=WS-fa7d80bd] c.d.f.c.s.RiskEvaluationService - [RT-EMOTION][DONE] elapsed=73ms emotion=HAPPY
2026-06-22 17:06:16.389 [RT-Emotion-3] INFO  [txId=4856] [corrId=WS-fa7d80bd] c.d.f.i.a.PerformanceTracerAspect - [TRACE-JAVA] com.datn.finrisk.core.services.RiskEvaluationService.detectEmotionAsync() executed in 73 ms
2026-06-22 17:06:16.565 [http-nio-8081-exec-1] DEBUG [txId=4856] [corrId=WS-fa7d80bd] c.d.f.w.w.LiveEmotionWebSocketHandler - [WS-FACE][BUFFER] tx=4856 frames=5 totalBytes=194066
2026-06-22 17:06:16.640 [RT-Emotion-1] DEBUG [txId=4856] [corrId=WS-fa7d80bd] c.d.f.c.s.RiskEvaluationService - [RT-EMOTION][DONE] elapsed=75ms emotion=HAPPY
2026-06-22 17:06:16.640 [RT-Emotion-1] INFO  [txId=4856] [corrId=WS-fa7d80bd] c.d.f.i.a.PerformanceTracerAspect - [TRACE-JAVA] com.datn.finrisk.core.services.RiskEvaluationService.detectEmotionAsync() executed in 75 ms
2026-06-22 17:06:16.827 [http-nio-8081-exec-6] DEBUG [txId=4856] [corrId=WS-fa7d80bd] c.d.f.w.w.LiveEmotionWebSocketHandler - [WS-FACE][BUFFER] tx=4856 frames=5 totalBytes=200075
2026-06-22 17:06:16.899 [RT-Emotion-2] DEBUG [txId=4856] [corrId=WS-fa7d80bd] c.d.f.c.s.RiskEvaluationService - [RT-EMOTION][DONE] elapsed=71ms emotion=HAPPY
2026-06-22 17:06:16.899 [RT-Emotion-2] INFO  [txId=4856] [corrId=WS-fa7d80bd] c.d.f.i.a.PerformanceTracerAspect - [TRACE-JAVA] com.datn.finrisk.core.services.RiskEvaluationService.detectEmotionAsync() executed in 71 ms
2026-06-22 17:06:17.058 [http-nio-8081-exec-2] DEBUG [txId=4856] [corrId=WS-fa7d80bd] c.d.f.w.w.LiveEmotionWebSocketHandler - [WS-FACE][BUFFER] tx=4856 frames=5 totalBytes=206245
2026-06-22 17:06:17.128 [RT-Emotion-3] DEBUG [txId=4856] [corrId=WS-fa7d80bd] c.d.f.c.s.RiskEvaluationService - [RT-EMOTION][DONE] elapsed=70ms emotion=HAPPY
2026-06-22 17:06:17.128 [RT-Emotion-3] INFO  [txId=4856] [corrId=WS-fa7d80bd] c.d.f.i.a.PerformanceTracerAspect - [TRACE-JAVA] com.datn.finrisk.core.services.RiskEvaluationService.detectEmotionAsync() executed in 70 ms
2026-06-22 17:06:17.315 [http-nio-8081-exec-9] DEBUG [txId=4856] [corrId=WS-fa7d80bd] c.d.f.w.w.LiveEmotionWebSocketHandler - [WS-FACE][BUFFER] tx=4856 frames=5 totalBytes=212231
2026-06-22 17:06:17.398 [RT-Emotion-1] DEBUG [txId=4856] [corrId=WS-fa7d80bd] c.d.f.c.s.RiskEvaluationService - [RT-EMOTION][DONE] elapsed=83ms emotion=HAPPY
2026-06-22 17:06:17.399 [RT-Emotion-1] INFO  [txId=4856] [corrId=WS-fa7d80bd] c.d.f.i.a.PerformanceTracerAspect - [TRACE-JAVA] com.datn.finrisk.core.services.RiskEvaluationService.detectEmotionAsync() executed in 84 ms
2026-06-22 17:06:17.566 [http-nio-8081-exec-2] DEBUG [txId=4856] [corrId=WS-fa7d80bd] c.d.f.w.w.LiveEmotionWebSocketHandler - [WS-FACE][BUFFER] tx=4856 frames=5 totalBytes=218252
2026-06-22 17:06:17.652 [RT-Emotion-2] DEBUG [txId=4856] [corrId=WS-fa7d80bd] c.d.f.c.s.RiskEvaluationService - [RT-EMOTION][DONE] elapsed=86ms emotion=HAPPY
2026-06-22 17:06:17.652 [RT-Emotion-2] INFO  [txId=4856] [corrId=WS-fa7d80bd] c.d.f.i.a.PerformanceTracerAspect - [TRACE-JAVA] com.datn.finrisk.core.services.RiskEvaluationService.detectEmotionAsync() executed in 86 ms
2026-06-22 17:06:17.816 [http-nio-8081-exec-9] DEBUG [txId=4856] [corrId=WS-fa7d80bd] c.d.f.w.w.LiveEmotionWebSocketHandler - [WS-FACE][BUFFER] tx=4856 frames=5 totalBytes=224251
2026-06-22 17:06:17.900 [RT-Emotion-3] DEBUG [txId=4856] [corrId=WS-fa7d80bd] c.d.f.c.s.RiskEvaluationService - [RT-EMOTION][DONE] elapsed=84ms emotion=HAPPY
2026-06-22 17:06:17.900 [RT-Emotion-3] INFO  [txId=4856] [corrId=WS-fa7d80bd] c.d.f.i.a.PerformanceTracerAspect - [TRACE-JAVA] com.datn.finrisk.core.services.RiskEvaluationService.detectEmotionAsync() executed in 84 ms
2026-06-22 17:06:18.067 [http-nio-8081-exec-3] DEBUG [txId=4856] [corrId=WS-fa7d80bd] c.d.f.w.w.LiveEmotionWebSocketHandler - [WS-FACE][BUFFER] tx=4856 frames=5 totalBytes=230212
2026-06-22 17:06:18.178 [RT-Emotion-1] DEBUG [txId=4856] [corrId=WS-fa7d80bd] c.d.f.c.s.RiskEvaluationService - [RT-EMOTION][DONE] elapsed=111ms emotion=HAPPY
2026-06-22 17:06:18.178 [RT-Emotion-1] INFO  [txId=4856] [corrId=WS-fa7d80bd] c.d.f.i.a.PerformanceTracerAspect - [TRACE-JAVA] com.datn.finrisk.core.services.RiskEvaluationService.detectEmotionAsync() executed in 111 ms
2026-06-22 17:06:18.309 [http-nio-8081-exec-9] DEBUG [txId=4856] [corrId=WS-fa7d80bd] c.d.f.w.w.LiveEmotionWebSocketHandler - [WS-FACE][BUFFER] tx=4856 frames=5 totalBytes=236762
2026-06-22 17:06:18.397 [RT-Emotion-2] DEBUG [txId=4856] [corrId=WS-fa7d80bd] c.d.f.c.s.RiskEvaluationService - [RT-EMOTION][DONE] elapsed=88ms emotion=SAD
2026-06-22 17:06:18.398 [RT-Emotion-2] INFO  [txId=4856] [corrId=WS-fa7d80bd] c.d.f.i.a.PerformanceTracerAspect - [TRACE-JAVA] com.datn.finrisk.core.services.RiskEvaluationService.detectEmotionAsync() executed in 89 ms
2026-06-22 17:06:18.572 [http-nio-8081-exec-8] DEBUG [txId=4856] [corrId=WS-fa7d80bd] c.d.f.w.w.LiveEmotionWebSocketHandler - [WS-FACE][BUFFER] tx=4856 frames=5 totalBytes=243347
2026-06-22 17:06:18.658 [RT-Emotion-3] DEBUG [txId=4856] [corrId=WS-fa7d80bd] c.d.f.c.s.RiskEvaluationService - [RT-EMOTION][DONE] elapsed=86ms emotion=SAD
2026-06-22 17:06:18.658 [RT-Emotion-3] INFO  [txId=4856] [corrId=WS-fa7d80bd] c.d.f.i.a.PerformanceTracerAspect - [TRACE-JAVA] com.datn.finrisk.core.services.RiskEvaluationService.detectEmotionAsync() executed in 86 ms
2026-06-22 17:06:18.816 [http-nio-8081-exec-9] DEBUG [txId=4856] [corrId=WS-fa7d80bd] c.d.f.w.w.LiveEmotionWebSocketHandler - [WS-FACE][BUFFER] tx=4856 frames=5 totalBytes=249916
2026-06-22 17:06:18.895 [RT-Emotion-1] DEBUG [txId=4856] [corrId=WS-fa7d80bd] c.d.f.c.s.RiskEvaluationService - [RT-EMOTION][DONE] elapsed=77ms emotion=SAD
2026-06-22 17:06:18.895 [RT-Emotion-1] INFO  [txId=4856] [corrId=WS-fa7d80bd] c.d.f.i.a.PerformanceTracerAspect - [TRACE-JAVA] com.datn.finrisk.core.services.RiskEvaluationService.detectEmotionAsync() executed in 77 ms
2026-06-22 17:06:19.059 [http-nio-8081-exec-2] DEBUG [txId=4856] [corrId=WS-fa7d80bd] c.d.f.w.w.LiveEmotionWebSocketHandler - [WS-FACE][BUFFER] tx=4856 frames=5 totalBytes=256499
2026-06-22 17:06:19.137 [RT-Emotion-2] DEBUG [txId=4856] [corrId=WS-fa7d80bd] c.d.f.c.s.RiskEvaluationService - [RT-EMOTION][DONE] elapsed=77ms emotion=SAD
2026-06-22 17:06:19.137 [RT-Emotion-2] INFO  [txId=4856] [corrId=WS-fa7d80bd] c.d.f.i.a.PerformanceTracerAspect - [TRACE-JAVA] com.datn.finrisk.core.services.RiskEvaluationService.detectEmotionAsync() executed in 77 ms
2026-06-22 17:06:19.314 [http-nio-8081-exec-5] INFO  [txId=4856] [corrId=WS-fa7d80bd] c.d.f.i.a.PerformanceTracerAspect - [TRACE-JAVA] com.datn.finrisk.core.repository.TransactionRepository.findByIdWithUserSecurity() executed in 6 ms
2026-06-22 17:06:19.316 [http-nio-8081-exec-5] INFO  [txId=4856] [corrId=WS-fa7d80bd] c.d.f.w.w.LiveEmotionWebSocketHandler - [WS-FACE][FINALIZE] txKey=4856 frames=5 totalBytes=256499 session=fa7d80bd-5f52-212b-d5f5-878e1f99b553
2026-06-22 17:06:19.325 [WebSocketClient-AsyncIO-11] INFO  [txId=4856] [corrId=WS-ef8d80f1] c.d.f.w.w.LiveVoiceWebSocketHandler - [WS-VOICE][PYTHON] received VERIFICATION_COMPLETE txKey=c41db2f1-c49d-4e74-a87d-94514685d94b authCode_length=6
2026-06-22 17:06:19.326 [http-nio-8081-exec-5] INFO  [txId=4856] [corrId=WS-fa7d80bd] c.d.f.i.a.PerformanceTracerAspect - [TRACE-JAVA] com.datn.finrisk.core.repository.TransactionRepository.findByIdWithUserSecurity() executed in 10 ms
2026-06-22 17:06:19.326 [http-nio-8081-exec-5] INFO  [txId=4856] [corrId=WS-fa7d80bd] c.d.f.w.w.LiveEmotionWebSocketHandler - [WS-FACE][FINALIZE][ASYNC-SUBMIT] txKey=4856 user=congnhan_b frames=5
2026-06-22 17:06:19.326 [http-nio-8081-exec-5] INFO  [txId=4856] [corrId=WS-fa7d80bd] c.d.f.c.s.AdvancedFaceActionStrategy - [FaceAI][ASYNC-START] tx=4856 frames=5
2026-06-22 17:06:19.327 [http-nio-8081-exec-5] WARN  [txId=4856] [corrId=WS-fa7d80bd] c.d.f.c.s.b.OverridableEmotionEvaluator - [EMOTION-OVERRIDE] ACTIVE — skipping AI call, returning emotion=FEAR confidence=0.9
2026-06-22 17:06:19.328 [http-nio-8081-exec-5] INFO  [txId=4856] [corrId=WS-fa7d80bd] c.d.f.i.a.PerformanceTracerAspect - [TRACE-JAVA] com.datn.finrisk.core.services.biometric.OverridableEmotionEvaluator.evaluateSequenceAsync() executed in 1 ms
2026-06-22 17:06:19.328 [http-nio-8081-exec-5] INFO  [txId=4856] [corrId=WS-fa7d80bd] c.d.f.i.a.PerformanceTracerAspect - [TRACE-JAVA] com.datn.finrisk.core.strategies.AdvancedFaceActionStrategy.validateFaceAndEmotionAsync() executed in 2 ms
2026-06-22 17:06:19.329 [http-nio-8081-exec-5] DEBUG [txId=4856] [corrId=WS-fa7d80bd] c.d.f.w.w.LiveEmotionWebSocketHandler - [WS-FACE][BUFFER] tx=4856 frames=5 totalBytes=263055
2026-06-22 17:06:19.334 [BioVerify-3] INFO  [txId=4856] [corrId=WS-fa7d80bd] c.d.f.i.a.PerformanceTracerAspect - [TRACE-JAVA] com.datn.finrisk.core.services.FaceEnrollService.parseEmbeddings() executed in 5 ms
2026-06-22 17:06:19.334 [WebSocketClient-AsyncIO-11] INFO  [txId=4856] [corrId=WS-ef8d80f1] c.d.f.i.a.PerformanceTracerAspect - [TRACE-JAVA] com.datn.finrisk.core.repository.TransactionRepository.findByIdWithUserSecurity() executed in 8 ms
2026-06-22 17:06:19.334 [BioVerify-3] INFO  [txId=4856] [corrId=WS-fa7d80bd] c.d.f.c.s.RiskEvaluationService - [FACE-ID][START] userId=2002 embeddings=5 frames=5
2026-06-22 17:06:19.334 [BioVerify-3] INFO  [txId=4856] [corrId=WS-fa7d80bd] c.d.f.c.s.RiskEvaluationService - [FACE-ID][START] mode=MULTI_EMBEDDING frames=5 registered=5
2026-06-22 17:06:19.340 [WebSocketClient-AsyncIO-11] INFO  [txId=4856] [corrId=WS-ef8d80f1] c.d.f.i.a.PerformanceTracerAspect - [TRACE-JAVA] com.datn.finrisk.core.services.OtpService.verifyVoiceOtp() executed in 6 ms
2026-06-22 17:06:19.340 [WebSocketClient-AsyncIO-11] INFO  [txId=4856] [corrId=WS-ef8d80f1] c.d.f.w.w.LiveVoiceWebSocketHandler - [WS-VOICE] voice OTP match=true txId=4856
2026-06-22 17:06:19.346 [WebSocketClient-AsyncIO-11] INFO  [txId=4856] [corrId=WS-ef8d80f1] c.d.f.i.a.PerformanceTracerAspect - [TRACE-JAVA] com.datn.finrisk.core.repository.BiometricSessionRepository.findBySessionTokenForUpdate() executed in 4 ms
2026-06-22 17:06:19.347 [WebSocketClient-AsyncIO-11] INFO  [txId=4856] [corrId=WS-ef8d80f1] c.d.f.i.a.PerformanceTracerAspect - [TRACE-JAVA] com.datn.finrisk.core.services.VerificationSyncManager.updateVoiceResult() executed in 5 ms
2026-06-22 17:06:19.354 [WebSocketClient-AsyncIO-12] INFO  [txId=] [corrId=] c.d.f.w.w.LiveVoiceWebSocketHandler - [WS-VOICE][PYTHON] normal close after VERIFICATION_COMPLETE status=1000 txKey=c41db2f1-c49d-4e74-a87d-94514685d94b
2026-06-22 17:06:19.461 [RT-Emotion-3] DEBUG [txId=4856] [corrId=WS-fa7d80bd] c.d.f.c.s.RiskEvaluationService - [RT-EMOTION][DONE] elapsed=132ms emotion=SAD
2026-06-22 17:06:19.461 [RT-Emotion-3] INFO  [txId=4856] [corrId=WS-fa7d80bd] c.d.f.i.a.PerformanceTracerAspect - [TRACE-JAVA] com.datn.finrisk.core.services.RiskEvaluationService.detectEmotionAsync() executed in 132 ms
2026-06-22 17:06:22.686 [BioVerify-3] INFO  [txId=4856] [corrId=WS-fa7d80bd] c.d.f.c.s.RiskEvaluationService - [FACE-ID][DONE] elapsed=3352ms matched=true distance=0.230245 band=HIGH backend=insightface/buffalo_l
2026-06-22 17:06:22.687 [BioVerify-3] INFO  [txId=4856] [corrId=WS-fa7d80bd] c.d.f.i.a.PerformanceTracerAspect - [TRACE-JAVA] com.datn.finrisk.core.services.RiskEvaluationService.verifyIdentityAsync() executed in 3358 ms
2026-06-22 17:06:22.687 [BioVerify-3] INFO  [txId=4856] [corrId=WS-fa7d80bd] c.d.f.c.s.AdvancedFaceActionStrategy - [FaceAI][ASYNC-RESULT] tx=4856 elapsed=3361ms matched=true distance=0.2302 band=HIGH emotion=FEAR
2026-06-22 17:06:22.687 [BioVerify-3] INFO  [txId=4856] [corrId=WS-fa7d80bd] c.d.f.c.s.AdvancedFaceActionStrategy - [FaceAI][LIVENESS] tx=4856 liveness_pass=true liveness_score=0.9996 spoof_detected=false
2026-06-22 17:06:22.692 [BioVerify-3] INFO  [txId=4856] [corrId=WS-fa7d80bd] c.d.f.i.a.PerformanceTracerAspect - [TRACE-JAVA] com.datn.finrisk.core.repository.TransactionRepository.updateEmotionSignal() executed in 5 ms
2026-06-22 17:06:22.693 [BioVerify-3] WARN  [txId=4856] [corrId=WS-fa7d80bd] c.d.f.c.s.AdvancedFaceActionStrategy - [FaceAI][ASYNC-COERCION] tx=4856 elapsed=3361ms emotion=FEAR — setting UNDER_REVIEW
2026-06-22 17:06:22.700 [BG-Task-3] INFO  [txId=4856] [corrId=WS-fa7d80bd] c.d.f.i.a.PerformanceTracerAspect - [TRACE-JAVA] com.datn.finrisk.core.services.AiAuditService.logEmotionScan() executed in 7 ms
2026-06-22 17:06:22.702 [BioVerify-3] INFO  [txId=4856] [corrId=WS-fa7d80bd] c.d.f.w.w.LiveEmotionWebSocketHandler - [WS-FACE][FINALIZE][ASYNC-DONE] txKey=4856 elapsed=3376ms result=false
2026-06-22 17:06:22.704 [BioVerify-3] INFO  [txId=4856] [corrId=WS-fa7d80bd] c.d.f.i.a.PerformanceTracerAspect - [TRACE-JAVA] com.datn.finrisk.core.repository.BiometricSessionRepository.findBySessionTokenForUpdate() executed in 1 ms
2026-06-22 17:06:22.706 [BioVerify-3] WARN  [txId=4856] [corrId=WS-fa7d80bd] c.d.f.c.s.VerificationSyncManager - [SYNC][COERCION] tx=4856 UNDER_REVIEW — locking frontend, no fund movement
2026-06-22 17:06:22.707 [BioVerify-3] INFO  [txId=4856] [corrId=WS-fa7d80bd] c.d.f.i.a.PerformanceTracerAspect - [TRACE-JAVA] com.datn.finrisk.core.services.VerificationSyncManager.updateFaceResult() executed in 4 ms
2026-06-22 17:06:22.774 [http-nio-8081-exec-3] INFO  [txId=] [corrId=9ba7a130f6dc] c.d.f.i.a.PerformanceTracerAspect - [TRACE-JAVA] com.datn.finrisk.core.services.JwtBlocklistService.isBlocked() executed in 2 ms
2026-06-22 17:06:22.774 [http-nio-8081-exec-10] INFO  [txId=] [corrId=f64b4ab859cd] c.d.f.i.a.PerformanceTracerAspect - [TRACE-JAVA] com.datn.finrisk.core.services.JwtBlocklistService.isBlocked() executed in 0 ms
2026-06-22 17:06:22.794 [http-nio-8081-exec-10] INFO  [txId=] [corrId=f64b4ab859cd] c.d.f.i.a.PerformanceTracerAspect - [TRACE-JAVA] com.datn.finrisk.core.repository.TransactionRepository.findRecipientNamesBulk() executed in 2 ms
2026-06-22 17:06:22.795 [http-nio-8081-exec-10] INFO  [txId=] [corrId=f64b4ab859cd] c.d.f.i.a.PerformanceTracerAspect - [TRACE-JAVA] com.datn.finrisk.core.services.AdminTransactionService.getTransactions() executed in 20 ms
2026-06-22 17:06:22.795 [http-nio-8081-exec-10] INFO  [txId=] [corrId=f64b4ab859cd] c.d.f.i.a.PerformanceTracerAspect - [TRACE-JAVA] com.datn.finrisk.web.controllers.AdminTransactionController.getAllTransactions() executed in 20 ms
2026-06-22 17:06:22.801 [http-nio-8081-exec-8] INFO  [txId=] [corrId=50e104bf41f5] c.d.f.i.a.PerformanceTracerAspect - [TRACE-JAVA] com.datn.finrisk.core.services.JwtBlocklistService.isBlocked() executed in 2 ms
2026-06-22 17:06:22.820 [http-nio-8081-exec-8] INFO  [txId=] [corrId=50e104bf41f5] c.d.f.i.a.PerformanceTracerAspect - [TRACE-JAVA] com.datn.finrisk.core.repository.TransactionRepository.findRecipientNamesBulk() executed in 3 ms
2026-06-22 17:06:22.820 [http-nio-8081-exec-8] INFO  [txId=] [corrId=50e104bf41f5] c.d.f.i.a.PerformanceTracerAspect - [TRACE-JAVA] com.datn.finrisk.core.services.AdminTransactionService.getTransactions() executed in 18 ms
2026-06-22 17:06:22.820 [http-nio-8081-exec-8] INFO  [txId=] [corrId=50e104bf41f5] c.d.f.i.a.PerformanceTracerAspect - [TRACE-JAVA] com.datn.finrisk.web.controllers.AdminTransactionController.getAllTransactions() executed in 18 ms
2026-06-22 17:06:23.344 [http-nio-8081-exec-3] INFO  [txId=] [corrId=9ba7a130f6dc] c.d.f.i.a.PerformanceTracerAspect - [TRACE-JAVA] com.datn.finrisk.core.repository.TransactionRepository.findRecipientNamesBulk() executed in 4 ms
2026-06-22 17:06:23.344 [http-nio-8081-exec-3] INFO  [txId=] [corrId=9ba7a130f6dc] c.d.f.i.a.PerformanceTracerAspect - [TRACE-JAVA] com.datn.finrisk.core.services.AdminTransactionService.getTransactions() executed in 569 ms
2026-06-22 17:06:23.344 [http-nio-8081-exec-3] INFO  [txId=] [corrId=9ba7a130f6dc] c.d.f.i.a.PerformanceTracerAspect - [TRACE-JAVA] com.datn.finrisk.web.controllers.AdminTransactionController.getAllTransactions() executed in 569 ms
2026-06-22 17:06:23.349 [http-nio-8081-exec-1] INFO  [txId=] [corrId=dc26d10e354d] c.d.f.i.a.PerformanceTracerAspect - [TRACE-JAVA] com.datn.finrisk.core.services.JwtBlocklistService.isBlocked() executed in 1 ms
2026-06-22 17:06:23.844 [http-nio-8081-exec-1] INFO  [txId=] [corrId=dc26d10e354d] c.d.f.i.a.PerformanceTracerAspect - [TRACE-JAVA] com.datn.finrisk.core.repository.TransactionRepository.findRecipientNamesBulk() executed in 4 ms
2026-06-22 17:06:23.844 [http-nio-8081-exec-1] INFO  [txId=] [corrId=dc26d10e354d] c.d.f.i.a.PerformanceTracerAspect - [TRACE-JAVA] com.datn.finrisk.core.services.AdminTransactionService.getTransactions() executed in 494 ms
2026-06-22 17:06:23.844 [http-nio-8081-exec-1] INFO  [txId=] [corrId=dc26d10e354d] c.d.f.i.a.PerformanceTracerAspect - [TRACE-JAVA] com.datn.finrisk.web.controllers.AdminTransactionController.getAllTransactions() executed in 494 ms
2026-06-22 17:06:27.724 [http-nio-8081-exec-9] INFO  [txId=] [corrId=d7c7cf8a7b19] c.d.f.i.a.PerformanceTracerAspect - [TRACE-JAVA] com.datn.finrisk.core.services.JwtBlocklistService.isBlocked() executed in 2 ms
2026-06-22 17:06:27.734 [http-nio-8081-exec-9] INFO  [txId=] [corrId=d7c7cf8a7b19] c.d.f.i.a.PerformanceTracerAspect - [TRACE-JAVA] com.datn.finrisk.core.repository.TransactionRepository.findByIdWithUserSecurity() executed in 6 ms
2026-06-22 17:06:27.734 [http-nio-8081-exec-9] INFO  [txId=] [corrId=d7c7cf8a7b19] c.d.f.i.a.PerformanceTracerAspect - [TRACE-JAVA] com.datn.finrisk.web.controllers.TransactionController.getVerificationStatus() executed in 6 ms
2026-06-22 17:06:32.718 [http-nio-8081-exec-5] INFO  [txId=] [corrId=6b083949fba4] c.d.f.i.a.PerformanceTracerAspect - [TRACE-JAVA] com.datn.finrisk.core.services.JwtBlocklistService.isBlocked() executed in 1 ms
2026-06-22 17:06:32.724 [http-nio-8081-exec-5] INFO  [txId=] [corrId=6b083949fba4] c.d.f.i.a.PerformanceTracerAspect - [TRACE-JAVA] com.datn.finrisk.core.repository.TransactionRepository.findByIdWithUserSecurity() executed in 4 ms
2026-06-22 17:06:32.724 [http-nio-8081-exec-5] INFO  [txId=] [corrId=6b083949fba4] c.d.f.i.a.PerformanceTracerAspect - [TRACE-JAVA] com.datn.finrisk.web.controllers.TransactionController.getVerificationStatus() executed in 4 ms
2026-06-22 17:06:33.602 [http-nio-8081-exec-6] INFO  [txId=] [corrId=ec554fc3d43d] c.d.f.i.a.PerformanceTracerAspect - [TRACE-JAVA] com.datn.finrisk.core.services.JwtBlocklistService.isBlocked() executed in 1 ms
2026-06-22 17:06:33.612 [http-nio-8081-exec-6] INFO  [txId=] [corrId=ec554fc3d43d] c.d.f.i.a.PerformanceTracerAspect - [TRACE-JAVA] com.datn.finrisk.core.repository.RiskScoreRepository.findByTransactionIdInWithRule() executed in 5 ms
2026-06-22 17:06:33.616 [http-nio-8081-exec-6] INFO  [txId=] [corrId=ec554fc3d43d] c.d.f.i.a.PerformanceTracerAspect - [TRACE-JAVA] com.datn.finrisk.core.repository.TransactionAiInsightRepository.findByTransactionIdIn() executed in 4 ms
2026-06-22 17:06:33.622 [http-nio-8081-exec-6] INFO  [txId=] [corrId=ec554fc3d43d] c.d.f.i.a.PerformanceTracerAspect - [TRACE-JAVA] com.datn.finrisk.core.repository.UserBehaviorProfileRepository.findByUserId() executed in 4 ms
2026-06-22 17:06:33.622 [http-nio-8081-exec-6] INFO  [txId=] [corrId=ec554fc3d43d] c.d.f.i.a.PerformanceTracerAspect - [TRACE-JAVA] com.datn.finrisk.core.services.AdminTransactionService.getTransactionRiskDetail() executed in 18 ms
2026-06-22 17:06:33.623 [http-nio-8081-exec-6] INFO  [txId=] [corrId=ec554fc3d43d] c.d.f.i.a.PerformanceTracerAspect - [TRACE-JAVA] com.datn.finrisk.web.controllers.AdminTransactionController.getTransactionRiskDetails() executed in 20 ms
2026-06-22 17:06:37.723 [http-nio-8081-exec-8] INFO  [txId=] [corrId=08aebc0cc1fa] c.d.f.i.a.PerformanceTracerAspect - [TRACE-JAVA] com.datn.finrisk.core.services.JwtBlocklistService.isBlocked() executed in 1 ms
2026-06-22 17:06:37.730 [http-nio-8081-exec-8] INFO  [txId=] [corrId=08aebc0cc1fa] c.d.f.i.a.PerformanceTracerAspect - [TRACE-JAVA] com.datn.finrisk.core.repository.TransactionRepository.findByIdWithUserSecurity() executed in 5 ms
2026-06-22 17:06:37.730 [http-nio-8081-exec-8] INFO  [txId=] [corrId=08aebc0cc1fa] c.d.f.i.a.PerformanceTracerAspect - [TRACE-JAVA] com.datn.finrisk.web.controllers.TransactionController.getVerificationStatus() executed in 5 ms
2026-06-22 17:06:42.719 [http-nio-8081-exec-3] INFO  [txId=] [corrId=0dde4dcdf1e5] c.d.f.i.a.PerformanceTracerAspect - [TRACE-JAVA] com.datn.finrisk.core.services.JwtBlocklistService.isBlocked() executed in 1 ms
2026-06-22 17:06:42.723 [scheduling-1] INFO  [txId=] [corrId=] c.d.f.i.m.ExecutorMetricsLogger - [EXECUTOR-METRICS][BG-Task       [aiTaskExecutor]] threads=0/3 queue=0/500 (0%) completed=3
2026-06-22 17:06:42.723 [scheduling-1] INFO  [txId=] [corrId=] c.d.f.i.m.ExecutorMetricsLogger - [EXECUTOR-METRICS][RT-Emotion    [realtimeEmotionExecutor]] threads=0/3 queue=0/30 (0%) completed=82
2026-06-22 17:06:42.723 [scheduling-1] INFO  [txId=] [corrId=] c.d.f.i.m.ExecutorMetricsLogger - [EXECUTOR-METRICS][BioVerify     [biometricVerifyExecutor]] threads=0/3 queue=0/50 (0%) completed=3
2026-06-22 17:06:42.726 [http-nio-8081-exec-3] INFO  [txId=] [corrId=0dde4dcdf1e5] c.d.f.i.a.PerformanceTracerAspect - [TRACE-JAVA] com.datn.finrisk.core.repository.TransactionRepository.findByIdWithUserSecurity() executed in 6 ms
2026-06-22 17:06:42.726 [http-nio-8081-exec-3] INFO  [txId=] [corrId=0dde4dcdf1e5] c.d.f.i.a.PerformanceTracerAspect - [TRACE-JAVA] com.datn.finrisk.web.controllers.TransactionController.getVerificationStatus() executed in 6 ms
2026-06-22 17:06:46.154 [http-nio-8081-exec-4] INFO  [txId=] [corrId=fe7b64ec7561] c.d.f.i.a.PerformanceTracerAspect - [TRACE-JAVA] com.datn.finrisk.core.services.JwtBlocklistService.isBlocked() executed in 2 ms
2026-06-22 17:06:46.162 [http-nio-8081-exec-4] INFO  [txId=] [corrId=fe7b64ec7561] c.d.f.i.a.PerformanceTracerAspect - [TRACE-JAVA] com.datn.finrisk.core.repository.RiskScoreRepository.findByTransactionIdInWithRule() executed in 2 ms
2026-06-22 17:06:46.166 [http-nio-8081-exec-4] INFO  [txId=] [corrId=fe7b64ec7561] c.d.f.i.a.PerformanceTracerAspect - [TRACE-JAVA] com.datn.finrisk.core.repository.TransactionAiInsightRepository.findByTransactionIdIn() executed in 3 ms
2026-06-22 17:06:46.172 [http-nio-8081-exec-4] INFO  [txId=] [corrId=fe7b64ec7561] c.d.f.i.a.PerformanceTracerAspect - [TRACE-JAVA] com.datn.finrisk.core.repository.UserBehaviorProfileRepository.findByUserId() executed in 4 ms
2026-06-22 17:06:46.173 [http-nio-8081-exec-4] INFO  [txId=] [corrId=fe7b64ec7561] c.d.f.i.a.PerformanceTracerAspect - [TRACE-JAVA] com.datn.finrisk.core.services.AdminTransactionService.getTransactionRiskDetail() executed in 16 ms
2026-06-22 17:06:46.174 [http-nio-8081-exec-4] INFO  [txId=] [corrId=fe7b64ec7561] c.d.f.i.a.PerformanceTracerAspect - [TRACE-JAVA] com.datn.finrisk.web.controllers.AdminTransactionController.getTransactionRiskDetails() executed in 18 ms
2026-06-22 17:06:47.721 [http-nio-8081-exec-5] INFO  [txId=] [corrId=a16f4fcdfb1f] c.d.f.i.a.PerformanceTracerAspect - [TRACE-JAVA] com.datn.finrisk.core.services.JwtBlocklistService.isBlocked() executed in 2 ms
2026-06-22 17:06:47.728 [http-nio-8081-exec-5] INFO  [txId=] [corrId=a16f4fcdfb1f] c.d.f.i.a.PerformanceTracerAspect - [TRACE-JAVA] com.datn.finrisk.core.repository.TransactionRepository.findByIdWithUserSecurity() executed in 5 ms
2026-06-22 17:06:47.728 [http-nio-8081-exec-5] INFO  [txId=] [corrId=a16f4fcdfb1f] c.d.f.i.a.PerformanceTracerAspect - [TRACE-JAVA] com.datn.finrisk.web.controllers.TransactionController.getVerificationStatus() executed in 5 ms
2026-06-22 17:06:52.719 [http-nio-8081-exec-7] INFO  [txId=] [corrId=5889128eed27] c.d.f.i.a.PerformanceTracerAspect - [TRACE-JAVA] com.datn.finrisk.core.services.JwtBlocklistService.isBlocked() executed in 1 ms
2026-06-22 17:06:52.726 [http-nio-8081-exec-7] INFO  [txId=] [corrId=5889128eed27] c.d.f.i.a.PerformanceTracerAspect - [TRACE-JAVA] com.datn.finrisk.core.repository.TransactionRepository.findByIdWithUserSecurity() executed in 5 ms
2026-06-22 17:06:52.726 [http-nio-8081-exec-7] INFO  [txId=] [corrId=5889128eed27] c.d.f.i.a.PerformanceTracerAspect - [TRACE-JAVA] com.datn.finrisk.web.controllers.TransactionController.getVerificationStatus() executed in 5 ms
2026-06-22 17:06:53.240 [http-nio-8081-exec-2] INFO  [txId=] [corrId=26d22370e495] c.d.f.i.a.PerformanceTracerAspect - [TRACE-JAVA] com.datn.finrisk.core.services.JwtBlocklistService.isBlocked() executed in 2 ms
2026-06-22 17:06:53.258 [http-nio-8081-exec-2] INFO  [txId=] [corrId=26d22370e495] c.d.f.i.a.PerformanceTracerAspect - [TRACE-JAVA] com.datn.finrisk.core.repository.TransactionRepository.claimForExecution() executed in 3 ms
2026-06-22 17:06:53.259 [http-nio-8081-exec-2] INFO  [txId=] [corrId=26d22370e495] c.d.f.c.services.TransactionService - Transaction execution claimed: id=4856
2026-06-22 17:06:53.271 [http-nio-8081-exec-2] INFO  [txId=] [corrId=26d22370e495] c.d.f.i.a.PerformanceTracerAspect - [TRACE-JAVA] com.datn.finrisk.core.repository.TransactionLedgerRepository.existsByAccountIdAndToAccountNumber() executed in 7 ms
2026-06-22 17:06:53.273 [http-nio-8081-exec-2] INFO  [txId=] [corrId=26d22370e495] c.d.f.i.a.PerformanceTracerAspect - [TRACE-JAVA] com.datn.finrisk.core.repository.AccountRepository.findByIdForUpdate() executed in 2 ms
2026-06-22 17:06:53.281 [http-nio-8081-exec-2] INFO  [txId=] [corrId=26d22370e495] c.d.f.i.a.PerformanceTracerAspect - [TRACE-JAVA] com.datn.finrisk.core.repository.AccountRepository.findByAccountNumberForUpdate() executed in 3 ms
2026-06-22 17:06:53.285 [http-nio-8081-exec-2] INFO  [txId=] [corrId=26d22370e495] c.d.f.i.a.PerformanceTracerAspect - [TRACE-JAVA] com.datn.finrisk.core.services.TransactionService.executeTransactionCore() executed in 30 ms
2026-06-22 17:06:53.290 [BG-Task-4] INFO  [txId=] [corrId=26d22370e495] c.d.f.i.a.PerformanceTracerAspect - [TRACE-JAVA] com.datn.finrisk.core.repository.UserBehaviorProfileRepository.findByUserId() executed in 4 ms
2026-06-22 17:06:53.293 [BG-Task-4] INFO  [txId=] [corrId=26d22370e495] c.d.f.i.a.PerformanceTracerAspect - [TRACE-JAVA] com.datn.finrisk.core.services.PeerGroupService.updatePeerGroupStats() executed in 2 ms
2026-06-22 17:06:53.294 [BG-Task-4] INFO  [txId=] [corrId=26d22370e495] c.d.f.i.a.PerformanceTracerAspect - [TRACE-JAVA] com.datn.finrisk.core.services.BehaviorLearningService.learnFromTransaction() executed in 8 ms
2026-06-22 17:06:53.296 [http-nio-8081-exec-2] INFO  [txId=] [corrId=26d22370e495] c.d.f.core.services.AuditLogService - [AUDIT] action=RESOLVE_REVIEW_APPROVE user=ADMIN
2026-06-22 17:06:53.296 [http-nio-8081-exec-2] INFO  [txId=] [corrId=26d22370e495] c.d.f.i.a.PerformanceTracerAspect - [TRACE-JAVA] com.datn.finrisk.core.services.AuditLogService.logAction() executed in 6 ms
2026-06-22 17:06:53.296 [http-nio-8081-exec-2] INFO  [txId=] [corrId=26d22370e495] c.d.f.i.a.PerformanceTracerAspect - [TRACE-JAVA] com.datn.finrisk.web.controllers.AdminTransactionController.resolveUnderReviewTransaction() executed in 53 ms
2026-06-22 17:06:53.307 [http-nio-8081-exec-8] INFO  [txId=] [corrId=98716abb5656] c.d.f.i.a.PerformanceTracerAspect - [TRACE-JAVA] com.datn.finrisk.core.services.JwtBlocklistService.isBlocked() executed in 2 ms
2026-06-22 17:06:53.753 [http-nio-8081-exec-8] INFO  [txId=] [corrId=98716abb5656] c.d.f.i.a.PerformanceTracerAspect - [TRACE-JAVA] com.datn.finrisk.core.repository.TransactionRepository.findRecipientNamesBulk() executed in 1 ms
2026-06-22 17:06:53.755 [http-nio-8081-exec-8] INFO  [txId=] [corrId=98716abb5656] c.d.f.i.a.PerformanceTracerAspect - [TRACE-JAVA] com.datn.finrisk.core.services.AdminTransactionService.getTransactions() executed in 446 ms
2026-06-22 17:06:53.755 [http-nio-8081-exec-8] INFO  [txId=] [corrId=98716abb5656] c.d.f.i.a.PerformanceTracerAspect - [TRACE-JAVA] com.datn.finrisk.web.controllers.AdminTransactionController.getAllTransactions() executed in 446 ms
2026-06-22 17:06:57.720 [http-nio-8081-exec-5] INFO  [txId=] [corrId=ece11f23a67e] c.d.f.i.a.PerformanceTracerAspect - [TRACE-JAVA] com.datn.finrisk.core.services.JwtBlocklistService.isBlocked() executed in 1 ms
2026-06-22 17:06:57.726 [http-nio-8081-exec-5] INFO  [txId=] [corrId=ece11f23a67e] c.d.f.i.a.PerformanceTracerAspect - [TRACE-JAVA] com.datn.finrisk.core.repository.TransactionRepository.findByIdWithUserSecurity() executed in 3 ms
2026-06-22 17:06:57.726 [http-nio-8081-exec-5] INFO  [txId=] [corrId=ece11f23a67e] c.d.f.i.a.PerformanceTracerAspect - [TRACE-JAVA] com.datn.finrisk.web.controllers.TransactionController.getVerificationStatus() executed in 4 ms
2026-06-22 17:06:57.734 [http-nio-8081-exec-6] DEBUG [txId=] [corrId=] c.d.f.w.websocket.WsConnectionGuard - [WS-GUARD] ip=0:0:0:0:0:0:0:1 — slot released (0 remaining)
2026-06-22 17:06:57.734 [http-nio-8081-exec-7] DEBUG [txId=] [corrId=] c.d.f.w.websocket.WsConnectionGuard - [WS-GUARD] ip=0:0:0:0:0:0:0:1 — slot released (1 remaining)
2026-06-22 17:06:57.735 [http-nio-8081-exec-6] INFO  [txId=] [corrId=] c.d.f.w.w.LiveVoiceWebSocketHandler - [WS-VOICE] closed session=ef8d80f1-b205-756c-9e4a-161e5804c844 ip=0:0:0:0:0:0:0:1 status=1000
2026-06-22 17:06:57.735 [http-nio-8081-exec-7] DEBUG [txId=] [corrId=] c.d.f.w.w.FaceSessionRegistry - [FACE-REGISTRY] unregistered bsToken=c41db2f1-c49d-4e74-a87d-94514685d94b session=fa7d80bd-5f52-212b-d5f5-878e1f99b553
2026-06-22 17:06:57.735 [http-nio-8081-exec-7] INFO  [txId=] [corrId=] c.d.f.w.w.LiveEmotionWebSocketHandler - [WS-FACE] closed session=fa7d80bd-5f52-212b-d5f5-878e1f99b553 ip=0:0:0:0:0:0:0:1 status=1000
2026-06-22 17:07:06.138 [http-nio-8081-exec-1] INFO  [txId=] [corrId=aae44be495ce] c.d.f.i.a.PerformanceTracerAspect - [TRACE-JAVA] com.datn.finrisk.core.services.JwtBlocklistService.isBlocked() executed in 1 ms
2026-06-22 17:07:06.141 [http-nio-8081-exec-4] INFO  [txId=] [corrId=6e62e258938d] c.d.f.i.a.PerformanceTracerAspect - [TRACE-JAVA] com.datn.finrisk.core.services.JwtBlocklistService.isBlocked() executed in 2 ms
2026-06-22 17:07:06.144 [http-nio-8081-exec-1] INFO  [txId=] [corrId=aae44be495ce] c.d.f.i.a.PerformanceTracerAspect - [TRACE-JAVA] com.datn.finrisk.core.repository.TransactionLedgerRepository.findRecentDebitsWithTransaction() executed in 5 ms
2026-06-22 17:07:06.146 [http-nio-8081-exec-1] INFO  [txId=] [corrId=aae44be495ce] c.d.f.i.a.PerformanceTracerAspect - [TRACE-JAVA] com.datn.finrisk.core.repository.AccountRepository.findAccountNumbersAndNames() executed in 2 ms
2026-06-22 17:07:06.147 [http-nio-8081-exec-1] INFO  [txId=] [corrId=aae44be495ce] c.d.f.i.a.PerformanceTracerAspect - [TRACE-JAVA] com.datn.finrisk.web.controllers.TransactionController.getRecentRecipients() executed in 8 ms
2026-06-22 17:07:06.151 [http-nio-8081-exec-4] INFO  [txId=] [corrId=6e62e258938d] c.d.f.i.a.PerformanceTracerAspect - [TRACE-JAVA] com.datn.finrisk.web.controllers.UserController.getContacts() executed in 8 ms
2026-06-22 17:07:06.151 [http-nio-8081-exec-9] INFO  [txId=] [corrId=4a833b903f28] c.d.f.i.a.PerformanceTracerAspect - [TRACE-JAVA] com.datn.finrisk.core.services.JwtBlocklistService.isBlocked() executed in 1 ms
2026-06-22 17:07:06.155 [http-nio-8081-exec-5] INFO  [txId=] [corrId=ba90f8697dcd] c.d.f.i.a.PerformanceTracerAspect - [TRACE-JAVA] com.datn.finrisk.core.services.JwtBlocklistService.isBlocked() executed in 1 ms
2026-06-22 17:07:06.156 [http-nio-8081-exec-9] INFO  [txId=] [corrId=4a833b903f28] c.d.f.i.a.PerformanceTracerAspect - [TRACE-JAVA] com.datn.finrisk.core.repository.TransactionLedgerRepository.findRecentDebitsWithTransaction() executed in 4 ms
2026-06-22 17:07:06.158 [http-nio-8081-exec-9] INFO  [txId=] [corrId=4a833b903f28] c.d.f.i.a.PerformanceTracerAspect - [TRACE-JAVA] com.datn.finrisk.core.repository.AccountRepository.findAccountNumbersAndNames() executed in 2 ms
2026-06-22 17:07:06.159 [http-nio-8081-exec-9] INFO  [txId=] [corrId=4a833b903f28] c.d.f.i.a.PerformanceTracerAspect - [TRACE-JAVA] com.datn.finrisk.web.controllers.TransactionController.getRecentRecipients() executed in 7 ms
2026-06-22 17:07:06.163 [http-nio-8081-exec-5] INFO  [txId=] [corrId=ba90f8697dcd] c.d.f.i.a.PerformanceTracerAspect - [TRACE-JAVA] com.datn.finrisk.web.controllers.UserController.getContacts() executed in 7 ms
2026-06-22 17:07:10.200 [http-nio-8081-exec-7] INFO  [txId=] [corrId=3b953e3d6539] c.d.f.i.a.PerformanceTracerAspect - [TRACE-JAVA] com.datn.finrisk.core.services.JwtBlocklistService.isBlocked() executed in 1 ms
2026-06-22 17:07:10.204 [http-nio-8081-exec-7] INFO  [txId=] [corrId=3b953e3d6539] c.d.f.i.a.PerformanceTracerAspect - [TRACE-JAVA] com.datn.finrisk.core.repository.AccountRepository.findFullNameByAccountNumber() executed in 3 ms
2026-06-22 17:07:10.204 [http-nio-8081-exec-7] INFO  [txId=] [corrId=3b953e3d6539] c.d.f.i.a.PerformanceTracerAspect - [TRACE-JAVA] com.datn.finrisk.web.controllers.TransactionController.lookupAccountName() executed in 3 ms
2026-06-22 17:07:10.764 [http-nio-8081-exec-10] INFO  [txId=] [corrId=87a0bb47cc05] c.d.f.i.a.PerformanceTracerAspect - [TRACE-JAVA] com.datn.finrisk.core.services.JwtBlocklistService.isBlocked() executed in 1 ms
2026-06-22 17:07:10.768 [http-nio-8081-exec-10] INFO  [txId=] [corrId=87a0bb47cc05] c.d.f.i.a.PerformanceTracerAspect - [TRACE-JAVA] com.datn.finrisk.core.repository.AccountRepository.findByIdWithUserAndSecurity() executed in 2 ms
2026-06-22 17:07:10.771 [http-nio-8081-exec-10] INFO  [txId=] [corrId=87a0bb47cc05] c.d.f.i.a.PerformanceTracerAspect - [TRACE-JAVA] com.datn.finrisk.core.repository.AccountRepository.findByIdWithUserAndSecurity() executed in 2 ms
2026-06-22 17:07:10.773 [http-nio-8081-exec-10] INFO  [txId=] [corrId=87a0bb47cc05] c.d.f.i.a.PerformanceTracerAspect - [TRACE-JAVA] com.datn.finrisk.core.repository.TransactionLedgerRepository.existsByAccountIdAndToAccountNumber() executed in 2 ms
2026-06-22 17:07:10.773 [http-nio-8081-exec-10] DEBUG [txId=] [corrId=87a0bb47cc05] c.d.f.c.s.RiskEvaluationService - [RISK-ENGINE][START] tx=null evaluating risk
2026-06-22 17:07:10.775 [http-nio-8081-exec-10] INFO  [txId=] [corrId=87a0bb47cc05] c.d.f.i.a.PerformanceTracerAspect - [TRACE-JAVA] com.datn.finrisk.core.repository.RuleRepository.findByIsActiveTrue() executed in 2 ms
2026-06-22 17:07:10.777 [http-nio-8081-exec-10] INFO  [txId=] [corrId=87a0bb47cc05] c.d.f.i.a.PerformanceTracerAspect - [TRACE-JAVA] com.datn.finrisk.core.repository.TransactionRepository.countRecentTransactions() executed in 1 ms
2026-06-22 17:07:10.780 [http-nio-8081-exec-10] INFO  [txId=] [corrId=87a0bb47cc05] c.d.f.i.a.PerformanceTracerAspect - [TRACE-JAVA] com.datn.finrisk.core.repository.TransactionRepository.sumSuccessfulAmountToday() executed in 3 ms
2026-06-22 17:07:10.781 [http-nio-8081-exec-10] INFO  [txId=] [corrId=87a0bb47cc05] c.d.f.i.a.PerformanceTracerAspect - [TRACE-JAVA] com.datn.finrisk.core.services.BehavioralProfilingService.calculateBehavioralAnomalyScore() executed in 1 ms
2026-06-22 17:07:10.784 [http-nio-8081-exec-10] INFO  [txId=] [corrId=87a0bb47cc05] c.d.f.i.a.PerformanceTracerAspect - [TRACE-JAVA] com.datn.finrisk.core.repository.UserDeviceRepository.findByUserIdAndDeviceFingerprint() executed in 3 ms
2026-06-22 17:07:10.784 [http-nio-8081-exec-10] DEBUG [txId=] [corrId=87a0bb47cc05] c.d.f.c.s.RiskEvaluationService - [RISK-ENGINE][CTX] tx=null amount=100000000 deviceTrusted=true isNewRecipient=false suspiciousSession=true isNightTime=false recentTxCount=0 balanceRatio=0.182 dailyTotalAmount=440000000
2026-06-22 17:07:10.785 [http-nio-8081-exec-10] DEBUG [txId=] [corrId=87a0bb47cc05] c.d.f.c.s.RiskEvaluationService - [RISK-ENGINE][RULE-HIT] tx=null rule='Phiên rủi ro vị trí/IP' id=5 cat=DEVICE score=40
2026-06-22 17:07:10.785 [http-nio-8081-exec-10] DEBUG [txId=] [corrId=87a0bb47cc05] c.d.f.c.s.RiskEvaluationService - [RISK-ENGINE][RULE-HIT] tx=null rule='Tuân thủ QĐ 2345/NHNN' id=7 cat=FINANCIAL score=0
2026-06-22 17:07:10.785 [http-nio-8081-exec-10] DEBUG [txId=] [corrId=87a0bb47cc05] c.d.f.c.s.RiskEvaluationService - [RISK-ENGINE][RULE-HIT] tx=null rule='Hạn mức tích lũy ngày cao' id=11 cat=FINANCIAL score=40
2026-06-22 17:07:10.785 [http-nio-8081-exec-10] DEBUG [txId=] [corrId=87a0bb47cc05] c.d.f.c.s.RiskEvaluationService - [RISK-ENGINE][AI] tx=null txCount=375 behavioralScore=100 reliability=1.00 contribution=35
2026-06-22 17:07:10.785 [http-nio-8081-exec-10] INFO  [txId=] [corrId=87a0bb47cc05] c.d.f.c.s.RiskEvaluationService - [RISK-ENGINE][RESULT] tx=null final=100 cat_total=80 ai=35 cats={DEVICE=40, FINANCIAL=40} override=MEDIUM_2
2026-06-22 17:07:10.785 [http-nio-8081-exec-10] INFO  [txId=] [corrId=87a0bb47cc05] c.d.f.i.a.PerformanceTracerAspect - [TRACE-JAVA] com.datn.finrisk.core.services.RiskEvaluationService.evaluateRisk() executed in 12 ms
2026-06-22 17:07:10.788 [http-nio-8081-exec-10] DEBUG [txId=] [corrId=87a0bb47cc05] c.d.f.c.services.TransactionService - Transaction saved: id=4857
2026-06-22 17:07:10.791 [http-nio-8081-exec-10] DEBUG [txId=] [corrId=87a0bb47cc05] c.d.f.c.services.TransactionService - Saved 2 risk score(s) for tx=4857
2026-06-22 17:07:10.795 [http-nio-8081-exec-10] DEBUG [txId=] [corrId=87a0bb47cc05] c.d.f.c.services.TransactionService - Saved 5 AI insight(s) for tx=4857
2026-06-22 17:07:10.798 [http-nio-8081-exec-10] INFO  [txId=] [corrId=87a0bb47cc05] c.d.f.i.a.PerformanceTracerAspect - [TRACE-JAVA] com.datn.finrisk.core.repository.RiskPolicyRepository.findByScore() executed in 3 ms
2026-06-22 17:07:10.800 [http-nio-8081-exec-10] INFO  [txId=] [corrId=87a0bb47cc05] c.d.f.i.a.PerformanceTracerAspect - [TRACE-JAVA] com.datn.finrisk.core.repository.RiskPolicyRepository.findByRiskLevel() executed in 2 ms
2026-06-22 17:07:10.800 [http-nio-8081-exec-10] INFO  [txId=] [corrId=87a0bb47cc05] c.d.f.c.services.TransactionService - Risk evaluation: score=100 level=HIGH desc=CẢNH BÁO: AI Cảm xúc + Voice OTP
2026-06-22 17:07:10.800 [http-nio-8081-exec-10] INFO  [txId=] [corrId=87a0bb47cc05] c.d.f.c.s.AdvancedFaceActionStrategy - [FaceStrategy][EXECUTE] tx=4857 riskLevel=HIGH → PENDING_PIN_HIGH
2026-06-22 17:07:10.801 [http-nio-8081-exec-10] INFO  [txId=] [corrId=87a0bb47cc05] c.d.f.i.a.PerformanceTracerAspect - [TRACE-JAVA] com.datn.finrisk.core.strategies.AdvancedFaceActionStrategy.execute() executed in 1 ms
2026-06-22 17:07:10.801 [http-nio-8081-exec-10] INFO  [txId=] [corrId=87a0bb47cc05] c.d.f.i.a.PerformanceTracerAspect - [TRACE-JAVA] com.datn.finrisk.core.services.TransactionService.initiateTransaction() executed in 32 ms
2026-06-22 17:07:10.809 [http-nio-8081-exec-10] INFO  [txId=] [corrId=87a0bb47cc05] c.d.f.core.services.AuditLogService - [AUDIT] action=TRANSACTION_INITIATED user=congnhan_b
2026-06-22 17:07:10.809 [http-nio-8081-exec-10] INFO  [txId=] [corrId=87a0bb47cc05] c.d.f.i.a.PerformanceTracerAspect - [TRACE-JAVA] com.datn.finrisk.core.services.AuditLogService.logAction() executed in 4 ms
2026-06-22 17:07:10.809 [http-nio-8081-exec-10] INFO  [txId=] [corrId=87a0bb47cc05] c.d.f.i.a.PerformanceTracerAspect - [TRACE-JAVA] com.datn.finrisk.web.controllers.TransactionController.processTransaction() executed in 44 ms
2026-06-22 17:07:12.715 [scheduling-1] INFO  [txId=] [corrId=] c.d.f.i.m.ExecutorMetricsLogger - [EXECUTOR-METRICS][BG-Task       [aiTaskExecutor]] threads=0/4 queue=0/500 (0%) completed=4
2026-06-22 17:07:12.715 [scheduling-1] INFO  [txId=] [corrId=] c.d.f.i.m.ExecutorMetricsLogger - [EXECUTOR-METRICS][RT-Emotion    [realtimeEmotionExecutor]] threads=0/3 queue=0/30 (0%) completed=82
2026-06-22 17:07:12.715 [scheduling-1] INFO  [txId=] [corrId=] c.d.f.i.m.ExecutorMetricsLogger - [EXECUTOR-METRICS][BioVerify     [biometricVerifyExecutor]] threads=0/3 queue=0/50 (0%) completed=3
2026-06-22 17:07:12.825 [http-nio-8081-exec-8] INFO  [txId=] [corrId=3e867d3687f3] c.d.f.i.a.PerformanceTracerAspect - [TRACE-JAVA] com.datn.finrisk.core.services.JwtBlocklistService.isBlocked() executed in 1 ms
2026-06-22 17:07:12.827 [http-nio-8081-exec-8] INFO  [txId=] [corrId=3e867d3687f3] c.d.f.w.c.TransactionController - 🚨 [BẪY DEBUG] Nhận request verify cho TxID: 4857 - Lúc: 1782122832827
2026-06-22 17:07:12.831 [http-nio-8081-exec-8] INFO  [txId=] [corrId=3e867d3687f3] c.d.f.i.a.PerformanceTracerAspect - [TRACE-JAVA] com.datn.finrisk.core.repository.TransactionRepository.findByIdWithUserSecurity() executed in 4 ms
2026-06-22 17:07:12.905 [http-nio-8081-exec-8] INFO  [txId=] [corrId=3e867d3687f3] c.d.f.i.a.PerformanceTracerAspect - [TRACE-JAVA] com.datn.finrisk.core.services.PinService.verifyPin() executed in 73 ms
2026-06-22 17:07:12.919 [http-nio-8081-exec-8] INFO  [txId=] [corrId=3e867d3687f3] c.d.f.i.a.PerformanceTracerAspect - [TRACE-JAVA] com.datn.finrisk.core.services.OtpService.generateVoiceOtp() executed in 2 ms
2026-06-22 17:07:12.919 [http-nio-8081-exec-8] INFO  [txId=] [corrId=3e867d3687f3] c.d.f.i.a.PerformanceTracerAspect - [TRACE-JAVA] com.datn.finrisk.web.controllers.TransactionController.verifyAndExecute() executed in 92 ms
2026-06-22 17:07:12.953 [http-nio-8081-exec-4] INFO  [txId=] [corrId=21dfdd7cc342] c.d.f.i.a.PerformanceTracerAspect - [TRACE-JAVA] com.datn.finrisk.core.repository.BiometricSessionRepository.findBySessionTokenEager() executed in 5 ms
2026-06-22 17:07:12.953 [http-nio-8081-exec-4] DEBUG [txId=] [corrId=21dfdd7cc342] c.d.f.w.websocket.WsConnectionGuard - [WS-GUARD] ip=0:0:0:0:0:0:0:1 — slot acquired (1/5)
2026-06-22 17:07:12.953 [http-nio-8081-exec-4] INFO  [txId=] [corrId=21dfdd7cc342] c.d.f.w.w.BiometricHandshakeInterceptor - [WS-SECURITY] ip=0:0:0:0:0:0:0:1 user=congnhan_b — handshake accepted
2026-06-22 17:07:12.957 [http-nio-8081-exec-4] INFO  [txId=] [corrId=] c.d.f.w.w.LiveEmotionWebSocketHandler - [WS-FACE] connected session=3ae67f63-6b56-f81d-2845-305150e15f5b ip=0:0:0:0:0:0:0:1
2026-06-22 17:07:12.957 [http-nio-8081-exec-4] DEBUG [txId=] [corrId=] c.d.f.w.w.FaceSessionRegistry - [FACE-REGISTRY] registered bsToken=3bf48237-4f79-4cba-9ec8-b4133c035e24 session=3ae67f63-6b56-f81d-2845-305150e15f5b
2026-06-22 17:07:12.971 [http-nio-8081-exec-9] INFO  [txId=] [corrId=0c2d44b6a040] c.d.f.i.a.PerformanceTracerAspect - [TRACE-JAVA] com.datn.finrisk.core.repository.BiometricSessionRepository.findBySessionTokenEager() executed in 4 ms
2026-06-22 17:07:12.972 [http-nio-8081-exec-9] DEBUG [txId=] [corrId=0c2d44b6a040] c.d.f.w.websocket.WsConnectionGuard - [WS-GUARD] ip=0:0:0:0:0:0:0:1 — slot acquired (2/5)
2026-06-22 17:07:12.972 [http-nio-8081-exec-9] INFO  [txId=] [corrId=0c2d44b6a040] c.d.f.w.w.BiometricHandshakeInterceptor - [WS-SECURITY] ip=0:0:0:0:0:0:0:1 user=congnhan_b — handshake accepted
2026-06-22 17:07:12.974 [http-nio-8081-exec-9] INFO  [txId=4857] [corrId=WS-7e4c2d6d] c.d.f.w.w.LiveVoiceWebSocketHandler - [WS-VOICE] session=7e4c2d6d-c3c3-2614-c181-d8263e1403c0 ip=0:0:0:0:0:0:0:1 user=congnhan_b txId=4857 — opening bridge to Python voice service
2026-06-22 17:07:12.982 [http-nio-8081-exec-9] INFO  [txId=4857] [corrId=WS-7e4c2d6d] c.d.f.w.w.LiveVoiceWebSocketHandler - [WS-VOICE] bridge established session=7e4c2d6d-c3c3-2614-c181-d8263e1403c0 ip=0:0:0:0:0:0:0:1 txId=4857
2026-06-22 17:07:21.415 [http-nio-8081-exec-5] INFO  [txId=4857] [corrId=WS-3ae67f63] c.d.f.i.a.PerformanceTracerAspect - [TRACE-JAVA] com.datn.finrisk.core.repository.TransactionRepository.findByIdWithUserSecurity() executed in 3 ms
2026-06-22 17:07:21.416 [http-nio-8081-exec-5] DEBUG [txId=4857] [corrId=WS-3ae67f63] c.d.f.w.w.LiveEmotionWebSocketHandler - [WS-FACE][BUFFER] tx=4857 frames=1 totalBytes=6440
2026-06-22 17:07:21.472 [RT-Emotion-1] DEBUG [txId=4857] [corrId=WS-3ae67f63] c.d.f.c.s.RiskEvaluationService - [RT-EMOTION][DONE] elapsed=56ms emotion=SAD
2026-06-22 17:07:21.472 [RT-Emotion-1] INFO  [txId=4857] [corrId=WS-3ae67f63] c.d.f.i.a.PerformanceTracerAspect - [TRACE-JAVA] com.datn.finrisk.core.services.RiskEvaluationService.detectEmotionAsync() executed in 56 ms
2026-06-22 17:07:21.863 [http-nio-8081-exec-6] DEBUG [txId=4857] [corrId=WS-3ae67f63] c.d.f.w.w.LiveEmotionWebSocketHandler - [WS-FACE][BUFFER] tx=4857 frames=2 totalBytes=12897
2026-06-22 17:07:21.911 [http-nio-8081-exec-4] DEBUG [txId=4857] [corrId=WS-3ae67f63] c.d.f.w.w.LiveEmotionWebSocketHandler - [WS-FACE][BUFFER] tx=4857 frames=3 totalBytes=19386
2026-06-22 17:07:21.937 [RT-Emotion-2] DEBUG [txId=4857] [corrId=WS-3ae67f63] c.d.f.c.s.RiskEvaluationService - [RT-EMOTION][DONE] elapsed=74ms emotion=HAPPY
2026-06-22 17:07:21.938 [RT-Emotion-2] INFO  [txId=4857] [corrId=WS-3ae67f63] c.d.f.i.a.PerformanceTracerAspect - [TRACE-JAVA] com.datn.finrisk.core.services.RiskEvaluationService.detectEmotionAsync() executed in 75 ms
2026-06-22 17:07:21.976 [RT-Emotion-3] DEBUG [txId=4857] [corrId=WS-3ae67f63] c.d.f.c.s.RiskEvaluationService - [RT-EMOTION][DONE] elapsed=64ms emotion=HAPPY
2026-06-22 17:07:21.976 [RT-Emotion-3] INFO  [txId=4857] [corrId=WS-3ae67f63] c.d.f.i.a.PerformanceTracerAspect - [TRACE-JAVA] com.datn.finrisk.core.services.RiskEvaluationService.detectEmotionAsync() executed in 64 ms
2026-06-22 17:07:22.162 [http-nio-8081-exec-2] DEBUG [txId=4857] [corrId=WS-3ae67f63] c.d.f.w.w.LiveEmotionWebSocketHandler - [WS-FACE][BUFFER] tx=4857 frames=4 totalBytes=25861
2026-06-22 17:07:22.241 [RT-Emotion-1] DEBUG [txId=4857] [corrId=WS-3ae67f63] c.d.f.c.s.RiskEvaluationService - [RT-EMOTION][DONE] elapsed=79ms emotion=SAD
2026-06-22 17:07:22.241 [RT-Emotion-1] INFO  [txId=4857] [corrId=WS-3ae67f63] c.d.f.i.a.PerformanceTracerAspect - [TRACE-JAVA] com.datn.finrisk.core.services.RiskEvaluationService.detectEmotionAsync() executed in 79 ms
2026-06-22 17:07:22.414 [http-nio-8081-exec-4] DEBUG [txId=4857] [corrId=WS-3ae67f63] c.d.f.w.w.LiveEmotionWebSocketHandler - [WS-FACE][BUFFER] tx=4857 frames=5 totalBytes=32216
2026-06-22 17:07:22.480 [RT-Emotion-2] DEBUG [txId=4857] [corrId=WS-3ae67f63] c.d.f.c.s.RiskEvaluationService - [RT-EMOTION][DONE] elapsed=66ms emotion=SAD
2026-06-22 17:07:22.480 [RT-Emotion-2] INFO  [txId=4857] [corrId=WS-3ae67f63] c.d.f.i.a.PerformanceTracerAspect - [TRACE-JAVA] com.datn.finrisk.core.services.RiskEvaluationService.detectEmotionAsync() executed in 66 ms
2026-06-22 17:07:22.668 [http-nio-8081-exec-7] DEBUG [txId=4857] [corrId=WS-3ae67f63] c.d.f.w.w.LiveEmotionWebSocketHandler - [WS-FACE][BUFFER] tx=4857 frames=5 totalBytes=38644
2026-06-22 17:07:22.728 [RT-Emotion-3] DEBUG [txId=4857] [corrId=WS-3ae67f63] c.d.f.c.s.RiskEvaluationService - [RT-EMOTION][DONE] elapsed=60ms emotion=SAD
2026-06-22 17:07:22.728 [RT-Emotion-3] INFO  [txId=4857] [corrId=WS-3ae67f63] c.d.f.i.a.PerformanceTracerAspect - [TRACE-JAVA] com.datn.finrisk.core.services.RiskEvaluationService.detectEmotionAsync() executed in 60 ms
2026-06-22 17:07:22.912 [http-nio-8081-exec-3] DEBUG [txId=4857] [corrId=WS-3ae67f63] c.d.f.w.w.LiveEmotionWebSocketHandler - [WS-FACE][BUFFER] tx=4857 frames=5 totalBytes=45011
2026-06-22 17:07:22.977 [RT-Emotion-1] DEBUG [txId=4857] [corrId=WS-3ae67f63] c.d.f.c.s.RiskEvaluationService - [RT-EMOTION][DONE] elapsed=64ms emotion=SAD
2026-06-22 17:07:22.977 [RT-Emotion-1] INFO  [txId=4857] [corrId=WS-3ae67f63] c.d.f.i.a.PerformanceTracerAspect - [TRACE-JAVA] com.datn.finrisk.core.services.RiskEvaluationService.detectEmotionAsync() executed in 64 ms
2026-06-22 17:07:23.164 [http-nio-8081-exec-2] DEBUG [txId=4857] [corrId=WS-3ae67f63] c.d.f.w.w.LiveEmotionWebSocketHandler - [WS-FACE][BUFFER] tx=4857 frames=5 totalBytes=51414
2026-06-22 17:07:23.236 [RT-Emotion-2] DEBUG [txId=4857] [corrId=WS-3ae67f63] c.d.f.c.s.RiskEvaluationService - [RT-EMOTION][DONE] elapsed=72ms emotion=SAD
2026-06-22 17:07:23.236 [RT-Emotion-2] INFO  [txId=4857] [corrId=WS-3ae67f63] c.d.f.i.a.PerformanceTracerAspect - [TRACE-JAVA] com.datn.finrisk.core.services.RiskEvaluationService.detectEmotionAsync() executed in 72 ms
2026-06-22 17:07:23.419 [http-nio-8081-exec-1] DEBUG [txId=4857] [corrId=WS-3ae67f63] c.d.f.w.w.LiveEmotionWebSocketHandler - [WS-FACE][BUFFER] tx=4857 frames=5 totalBytes=57792
2026-06-22 17:07:23.477 [RT-Emotion-3] DEBUG [txId=4857] [corrId=WS-3ae67f63] c.d.f.c.s.RiskEvaluationService - [RT-EMOTION][DONE] elapsed=58ms emotion=SAD
2026-06-22 17:07:23.477 [RT-Emotion-3] INFO  [txId=4857] [corrId=WS-3ae67f63] c.d.f.i.a.PerformanceTracerAspect - [TRACE-JAVA] com.datn.finrisk.core.services.RiskEvaluationService.detectEmotionAsync() executed in 58 ms
2026-06-22 17:07:23.662 [http-nio-8081-exec-2] DEBUG [txId=4857] [corrId=WS-3ae67f63] c.d.f.w.w.LiveEmotionWebSocketHandler - [WS-FACE][BUFFER] tx=4857 frames=5 totalBytes=64262
2026-06-22 17:07:23.728 [RT-Emotion-1] DEBUG [txId=4857] [corrId=WS-3ae67f63] c.d.f.c.s.RiskEvaluationService - [RT-EMOTION][DONE] elapsed=66ms emotion=SAD
2026-06-22 17:07:23.728 [RT-Emotion-1] INFO  [txId=4857] [corrId=WS-3ae67f63] c.d.f.i.a.PerformanceTracerAspect - [TRACE-JAVA] com.datn.finrisk.core.services.RiskEvaluationService.detectEmotionAsync() executed in 66 ms
2026-06-22 17:07:23.918 [http-nio-8081-exec-8] DEBUG [txId=4857] [corrId=WS-3ae67f63] c.d.f.w.w.LiveEmotionWebSocketHandler - [WS-FACE][BUFFER] tx=4857 frames=5 totalBytes=70652
2026-06-22 17:07:23.989 [RT-Emotion-2] DEBUG [txId=4857] [corrId=WS-3ae67f63] c.d.f.c.s.RiskEvaluationService - [RT-EMOTION][DONE] elapsed=71ms emotion=SAD
2026-06-22 17:07:23.989 [RT-Emotion-2] INFO  [txId=4857] [corrId=WS-3ae67f63] c.d.f.i.a.PerformanceTracerAspect - [TRACE-JAVA] com.datn.finrisk.core.services.RiskEvaluationService.detectEmotionAsync() executed in 71 ms
2026-06-22 17:07:24.162 [http-nio-8081-exec-5] DEBUG [txId=4857] [corrId=WS-3ae67f63] c.d.f.w.w.LiveEmotionWebSocketHandler - [WS-FACE][BUFFER] tx=4857 frames=5 totalBytes=76919
2026-06-22 17:07:24.224 [RT-Emotion-3] DEBUG [txId=4857] [corrId=WS-3ae67f63] c.d.f.c.s.RiskEvaluationService - [RT-EMOTION][DONE] elapsed=61ms emotion=SAD
2026-06-22 17:07:24.224 [RT-Emotion-3] INFO  [txId=4857] [corrId=WS-3ae67f63] c.d.f.i.a.PerformanceTracerAspect - [TRACE-JAVA] com.datn.finrisk.core.services.RiskEvaluationService.detectEmotionAsync() executed in 61 ms
2026-06-22 17:07:24.421 [http-nio-8081-exec-3] DEBUG [txId=4857] [corrId=WS-3ae67f63] c.d.f.w.w.LiveEmotionWebSocketHandler - [WS-FACE][BUFFER] tx=4857 frames=5 totalBytes=83284
2026-06-22 17:07:24.505 [RT-Emotion-1] DEBUG [txId=4857] [corrId=WS-3ae67f63] c.d.f.c.s.RiskEvaluationService - [RT-EMOTION][DONE] elapsed=84ms emotion=HAPPY
2026-06-22 17:07:24.505 [RT-Emotion-1] INFO  [txId=4857] [corrId=WS-3ae67f63] c.d.f.i.a.PerformanceTracerAspect - [TRACE-JAVA] com.datn.finrisk.core.services.RiskEvaluationService.detectEmotionAsync() executed in 84 ms
2026-06-22 17:07:24.663 [http-nio-8081-exec-6] DEBUG [txId=4857] [corrId=WS-3ae67f63] c.d.f.w.w.LiveEmotionWebSocketHandler - [WS-FACE][BUFFER] tx=4857 frames=5 totalBytes=89666
2026-06-22 17:07:24.736 [RT-Emotion-2] DEBUG [txId=4857] [corrId=WS-3ae67f63] c.d.f.c.s.RiskEvaluationService - [RT-EMOTION][DONE] elapsed=72ms emotion=HAPPY
2026-06-22 17:07:24.736 [RT-Emotion-2] INFO  [txId=4857] [corrId=WS-3ae67f63] c.d.f.i.a.PerformanceTracerAspect - [TRACE-JAVA] com.datn.finrisk.core.services.RiskEvaluationService.detectEmotionAsync() executed in 72 ms
2026-06-22 17:07:24.911 [http-nio-8081-exec-7] DEBUG [txId=4857] [corrId=WS-3ae67f63] c.d.f.w.w.LiveEmotionWebSocketHandler - [WS-FACE][BUFFER] tx=4857 frames=5 totalBytes=96091
2026-06-22 17:07:24.970 [RT-Emotion-3] DEBUG [txId=4857] [corrId=WS-3ae67f63] c.d.f.c.s.RiskEvaluationService - [RT-EMOTION][DONE] elapsed=58ms emotion=SAD
2026-06-22 17:07:24.970 [RT-Emotion-3] INFO  [txId=4857] [corrId=WS-3ae67f63] c.d.f.i.a.PerformanceTracerAspect - [TRACE-JAVA] com.datn.finrisk.core.services.RiskEvaluationService.detectEmotionAsync() executed in 58 ms
2026-06-22 17:07:25.162 [http-nio-8081-exec-4] DEBUG [txId=4857] [corrId=WS-3ae67f63] c.d.f.w.w.LiveEmotionWebSocketHandler - [WS-FACE][BUFFER] tx=4857 frames=5 totalBytes=102495
2026-06-22 17:07:25.225 [RT-Emotion-1] DEBUG [txId=4857] [corrId=WS-3ae67f63] c.d.f.c.s.RiskEvaluationService - [RT-EMOTION][DONE] elapsed=62ms emotion=SAD
2026-06-22 17:07:25.225 [RT-Emotion-1] INFO  [txId=4857] [corrId=WS-3ae67f63] c.d.f.i.a.PerformanceTracerAspect - [TRACE-JAVA] com.datn.finrisk.core.services.RiskEvaluationService.detectEmotionAsync() executed in 62 ms
2026-06-22 17:07:25.412 [http-nio-8081-exec-7] DEBUG [txId=4857] [corrId=WS-3ae67f63] c.d.f.w.w.LiveEmotionWebSocketHandler - [WS-FACE][BUFFER] tx=4857 frames=5 totalBytes=108852
2026-06-22 17:07:25.475 [RT-Emotion-2] DEBUG [txId=4857] [corrId=WS-3ae67f63] c.d.f.c.s.RiskEvaluationService - [RT-EMOTION][DONE] elapsed=63ms emotion=SAD
2026-06-22 17:07:25.475 [RT-Emotion-2] INFO  [txId=4857] [corrId=WS-3ae67f63] c.d.f.i.a.PerformanceTracerAspect - [TRACE-JAVA] com.datn.finrisk.core.services.RiskEvaluationService.detectEmotionAsync() executed in 63 ms
2026-06-22 17:07:25.666 [http-nio-8081-exec-4] DEBUG [txId=4857] [corrId=WS-3ae67f63] c.d.f.w.w.LiveEmotionWebSocketHandler - [WS-FACE][BUFFER] tx=4857 frames=5 totalBytes=115251
2026-06-22 17:07:25.731 [RT-Emotion-3] DEBUG [txId=4857] [corrId=WS-3ae67f63] c.d.f.c.s.RiskEvaluationService - [RT-EMOTION][DONE] elapsed=65ms emotion=SAD
2026-06-22 17:07:25.731 [RT-Emotion-3] INFO  [txId=4857] [corrId=WS-3ae67f63] c.d.f.i.a.PerformanceTracerAspect - [TRACE-JAVA] com.datn.finrisk.core.services.RiskEvaluationService.detectEmotionAsync() executed in 65 ms
2026-06-22 17:07:25.912 [http-nio-8081-exec-2] DEBUG [txId=4857] [corrId=WS-3ae67f63] c.d.f.w.w.LiveEmotionWebSocketHandler - [WS-FACE][BUFFER] tx=4857 frames=5 totalBytes=121613
2026-06-22 17:07:25.968 [RT-Emotion-1] DEBUG [txId=4857] [corrId=WS-3ae67f63] c.d.f.c.s.RiskEvaluationService - [RT-EMOTION][DONE] elapsed=56ms emotion=SAD
2026-06-22 17:07:25.968 [RT-Emotion-1] INFO  [txId=4857] [corrId=WS-3ae67f63] c.d.f.i.a.PerformanceTracerAspect - [TRACE-JAVA] com.datn.finrisk.core.services.RiskEvaluationService.detectEmotionAsync() executed in 56 ms
2026-06-22 17:07:26.170 [http-nio-8081-exec-1] DEBUG [txId=4857] [corrId=WS-3ae67f63] c.d.f.w.w.LiveEmotionWebSocketHandler - [WS-FACE][BUFFER] tx=4857 frames=5 totalBytes=128005
2026-06-22 17:07:26.232 [RT-Emotion-2] DEBUG [txId=4857] [corrId=WS-3ae67f63] c.d.f.c.s.RiskEvaluationService - [RT-EMOTION][DONE] elapsed=62ms emotion=SAD
2026-06-22 17:07:26.232 [RT-Emotion-2] INFO  [txId=4857] [corrId=WS-3ae67f63] c.d.f.i.a.PerformanceTracerAspect - [TRACE-JAVA] com.datn.finrisk.core.services.RiskEvaluationService.detectEmotionAsync() executed in 62 ms
2026-06-22 17:07:26.411 [http-nio-8081-exec-9] DEBUG [txId=4857] [corrId=WS-3ae67f63] c.d.f.w.w.LiveEmotionWebSocketHandler - [WS-FACE][BUFFER] tx=4857 frames=5 totalBytes=134332
2026-06-22 17:07:26.481 [RT-Emotion-3] DEBUG [txId=4857] [corrId=WS-3ae67f63] c.d.f.c.s.RiskEvaluationService - [RT-EMOTION][DONE] elapsed=68ms emotion=SAD
2026-06-22 17:07:26.481 [RT-Emotion-3] INFO  [txId=4857] [corrId=WS-3ae67f63] c.d.f.i.a.PerformanceTracerAspect - [TRACE-JAVA] com.datn.finrisk.core.services.RiskEvaluationService.detectEmotionAsync() executed in 68 ms
2026-06-22 17:07:26.661 [http-nio-8081-exec-3] DEBUG [txId=4857] [corrId=WS-3ae67f63] c.d.f.w.w.LiveEmotionWebSocketHandler - [WS-FACE][BUFFER] tx=4857 frames=5 totalBytes=140729
2026-06-22 17:07:26.734 [RT-Emotion-1] DEBUG [txId=4857] [corrId=WS-3ae67f63] c.d.f.c.s.RiskEvaluationService - [RT-EMOTION][DONE] elapsed=72ms emotion=SAD
2026-06-22 17:07:26.734 [RT-Emotion-1] INFO  [txId=4857] [corrId=WS-3ae67f63] c.d.f.i.a.PerformanceTracerAspect - [TRACE-JAVA] com.datn.finrisk.core.services.RiskEvaluationService.detectEmotionAsync() executed in 72 ms
2026-06-22 17:07:26.920 [http-nio-8081-exec-5] DEBUG [txId=4857] [corrId=WS-3ae67f63] c.d.f.w.w.LiveEmotionWebSocketHandler - [WS-FACE][BUFFER] tx=4857 frames=5 totalBytes=147122
2026-06-22 17:07:26.985 [RT-Emotion-2] DEBUG [txId=4857] [corrId=WS-3ae67f63] c.d.f.c.s.RiskEvaluationService - [RT-EMOTION][DONE] elapsed=65ms emotion=SAD
2026-06-22 17:07:26.985 [RT-Emotion-2] INFO  [txId=4857] [corrId=WS-3ae67f63] c.d.f.i.a.PerformanceTracerAspect - [TRACE-JAVA] com.datn.finrisk.core.services.RiskEvaluationService.detectEmotionAsync() executed in 65 ms
2026-06-22 17:07:27.170 [http-nio-8081-exec-8] DEBUG [txId=4857] [corrId=WS-3ae67f63] c.d.f.w.w.LiveEmotionWebSocketHandler - [WS-FACE][BUFFER] tx=4857 frames=5 totalBytes=153461
2026-06-22 17:07:27.229 [RT-Emotion-3] DEBUG [txId=4857] [corrId=WS-3ae67f63] c.d.f.c.s.RiskEvaluationService - [RT-EMOTION][DONE] elapsed=58ms emotion=SAD
2026-06-22 17:07:27.229 [RT-Emotion-3] INFO  [txId=4857] [corrId=WS-3ae67f63] c.d.f.i.a.PerformanceTracerAspect - [TRACE-JAVA] com.datn.finrisk.core.services.RiskEvaluationService.detectEmotionAsync() executed in 58 ms
2026-06-22 17:07:27.418 [http-nio-8081-exec-6] DEBUG [txId=4857] [corrId=WS-3ae67f63] c.d.f.w.w.LiveEmotionWebSocketHandler - [WS-FACE][BUFFER] tx=4857 frames=5 totalBytes=159813
2026-06-22 17:07:27.479 [RT-Emotion-1] DEBUG [txId=4857] [corrId=WS-3ae67f63] c.d.f.c.s.RiskEvaluationService - [RT-EMOTION][DONE] elapsed=60ms emotion=SAD
2026-06-22 17:07:27.479 [RT-Emotion-1] INFO  [txId=4857] [corrId=WS-3ae67f63] c.d.f.i.a.PerformanceTracerAspect - [TRACE-JAVA] com.datn.finrisk.core.services.RiskEvaluationService.detectEmotionAsync() executed in 60 ms
2026-06-22 17:07:27.662 [http-nio-8081-exec-10] DEBUG [txId=4857] [corrId=WS-3ae67f63] c.d.f.w.w.LiveEmotionWebSocketHandler - [WS-FACE][BUFFER] tx=4857 frames=5 totalBytes=166103
2026-06-22 17:07:27.731 [RT-Emotion-2] DEBUG [txId=4857] [corrId=WS-3ae67f63] c.d.f.c.s.RiskEvaluationService - [RT-EMOTION][DONE] elapsed=68ms emotion=SAD
2026-06-22 17:07:27.731 [RT-Emotion-2] INFO  [txId=4857] [corrId=WS-3ae67f63] c.d.f.i.a.PerformanceTracerAspect - [TRACE-JAVA] com.datn.finrisk.core.services.RiskEvaluationService.detectEmotionAsync() executed in 68 ms
2026-06-22 17:07:27.920 [http-nio-8081-exec-6] DEBUG [txId=4857] [corrId=WS-3ae67f63] c.d.f.w.w.LiveEmotionWebSocketHandler - [WS-FACE][BUFFER] tx=4857 frames=5 totalBytes=172496
2026-06-22 17:07:27.980 [RT-Emotion-3] DEBUG [txId=4857] [corrId=WS-3ae67f63] c.d.f.c.s.RiskEvaluationService - [RT-EMOTION][DONE] elapsed=60ms emotion=SAD
2026-06-22 17:07:27.980 [RT-Emotion-3] INFO  [txId=4857] [corrId=WS-3ae67f63] c.d.f.i.a.PerformanceTracerAspect - [TRACE-JAVA] com.datn.finrisk.core.services.RiskEvaluationService.detectEmotionAsync() executed in 60 ms
2026-06-22 17:07:28.163 [http-nio-8081-exec-7] DEBUG [txId=4857] [corrId=WS-3ae67f63] c.d.f.w.w.LiveEmotionWebSocketHandler - [WS-FACE][BUFFER] tx=4857 frames=5 totalBytes=178901
2026-06-22 17:07:28.231 [RT-Emotion-1] DEBUG [txId=4857] [corrId=WS-3ae67f63] c.d.f.c.s.RiskEvaluationService - [RT-EMOTION][DONE] elapsed=68ms emotion=SAD
2026-06-22 17:07:28.232 [RT-Emotion-1] INFO  [txId=4857] [corrId=WS-3ae67f63] c.d.f.i.a.PerformanceTracerAspect - [TRACE-JAVA] com.datn.finrisk.core.services.RiskEvaluationService.detectEmotionAsync() executed in 69 ms
2026-06-22 17:07:28.419 [http-nio-8081-exec-1] DEBUG [txId=4857] [corrId=WS-3ae67f63] c.d.f.w.w.LiveEmotionWebSocketHandler - [WS-FACE][BUFFER] tx=4857 frames=5 totalBytes=185285
2026-06-22 17:07:28.479 [RT-Emotion-2] DEBUG [txId=4857] [corrId=WS-3ae67f63] c.d.f.c.s.RiskEvaluationService - [RT-EMOTION][DONE] elapsed=58ms emotion=SAD
2026-06-22 17:07:28.479 [RT-Emotion-2] INFO  [txId=4857] [corrId=WS-3ae67f63] c.d.f.i.a.PerformanceTracerAspect - [TRACE-JAVA] com.datn.finrisk.core.services.RiskEvaluationService.detectEmotionAsync() executed in 59 ms
2026-06-22 17:07:28.664 [http-nio-8081-exec-2] DEBUG [txId=4857] [corrId=WS-3ae67f63] c.d.f.w.w.LiveEmotionWebSocketHandler - [WS-FACE][BUFFER] tx=4857 frames=5 totalBytes=191602
2026-06-22 17:07:28.727 [RT-Emotion-3] DEBUG [txId=4857] [corrId=WS-3ae67f63] c.d.f.c.s.RiskEvaluationService - [RT-EMOTION][DONE] elapsed=62ms emotion=SAD
2026-06-22 17:07:28.727 [RT-Emotion-3] INFO  [txId=4857] [corrId=WS-3ae67f63] c.d.f.i.a.PerformanceTracerAspect - [TRACE-JAVA] com.datn.finrisk.core.services.RiskEvaluationService.detectEmotionAsync() executed in 62 ms
2026-06-22 17:07:28.919 [http-nio-8081-exec-1] DEBUG [txId=4857] [corrId=WS-3ae67f63] c.d.f.w.w.LiveEmotionWebSocketHandler - [WS-FACE][BUFFER] tx=4857 frames=5 totalBytes=197913
2026-06-22 17:07:28.984 [RT-Emotion-1] DEBUG [txId=4857] [corrId=WS-3ae67f63] c.d.f.c.s.RiskEvaluationService - [RT-EMOTION][DONE] elapsed=65ms emotion=SAD
2026-06-22 17:07:28.985 [RT-Emotion-1] INFO  [txId=4857] [corrId=WS-3ae67f63] c.d.f.i.a.PerformanceTracerAspect - [TRACE-JAVA] com.datn.finrisk.core.services.RiskEvaluationService.detectEmotionAsync() executed in 66 ms
2026-06-22 17:07:29.170 [http-nio-8081-exec-9] DEBUG [txId=4857] [corrId=WS-3ae67f63] c.d.f.w.w.LiveEmotionWebSocketHandler - [WS-FACE][BUFFER] tx=4857 frames=5 totalBytes=204170
2026-06-22 17:07:29.270 [RT-Emotion-2] DEBUG [txId=4857] [corrId=WS-3ae67f63] c.d.f.c.s.RiskEvaluationService - [RT-EMOTION][DONE] elapsed=100ms emotion=SAD
2026-06-22 17:07:29.270 [RT-Emotion-2] INFO  [txId=4857] [corrId=WS-3ae67f63] c.d.f.i.a.PerformanceTracerAspect - [TRACE-JAVA] com.datn.finrisk.core.services.RiskEvaluationService.detectEmotionAsync() executed in 100 ms
2026-06-22 17:07:29.419 [http-nio-8081-exec-3] DEBUG [txId=4857] [corrId=WS-3ae67f63] c.d.f.w.w.LiveEmotionWebSocketHandler - [WS-FACE][BUFFER] tx=4857 frames=5 totalBytes=209609
2026-06-22 17:07:29.503 [RT-Emotion-3] DEBUG [txId=4857] [corrId=WS-3ae67f63] c.d.f.c.s.RiskEvaluationService - [RT-EMOTION][DONE] elapsed=83ms emotion=SAD
2026-06-22 17:07:29.503 [RT-Emotion-3] INFO  [txId=4857] [corrId=WS-3ae67f63] c.d.f.i.a.PerformanceTracerAspect - [TRACE-JAVA] com.datn.finrisk.core.services.RiskEvaluationService.detectEmotionAsync() executed in 83 ms
2026-06-22 17:07:29.669 [http-nio-8081-exec-6] DEBUG [txId=4857] [corrId=WS-3ae67f63] c.d.f.w.w.LiveEmotionWebSocketHandler - [WS-FACE][BUFFER] tx=4857 frames=5 totalBytes=215036
2026-06-22 17:07:29.737 [RT-Emotion-1] DEBUG [txId=4857] [corrId=WS-3ae67f63] c.d.f.c.s.RiskEvaluationService - [RT-EMOTION][DONE] elapsed=68ms emotion=SAD
2026-06-22 17:07:29.737 [RT-Emotion-1] INFO  [txId=4857] [corrId=WS-3ae67f63] c.d.f.i.a.PerformanceTracerAspect - [TRACE-JAVA] com.datn.finrisk.core.services.RiskEvaluationService.detectEmotionAsync() executed in 68 ms
2026-06-22 17:07:29.912 [http-nio-8081-exec-10] DEBUG [txId=4857] [corrId=WS-3ae67f63] c.d.f.w.w.LiveEmotionWebSocketHandler - [WS-FACE][BUFFER] tx=4857 frames=5 totalBytes=220554
2026-06-22 17:07:29.976 [RT-Emotion-2] DEBUG [txId=4857] [corrId=WS-3ae67f63] c.d.f.c.s.RiskEvaluationService - [RT-EMOTION][DONE] elapsed=64ms emotion=SAD
2026-06-22 17:07:29.976 [RT-Emotion-2] INFO  [txId=4857] [corrId=WS-3ae67f63] c.d.f.i.a.PerformanceTracerAspect - [TRACE-JAVA] com.datn.finrisk.core.services.RiskEvaluationService.detectEmotionAsync() executed in 64 ms
2026-06-22 17:07:30.171 [http-nio-8081-exec-4] DEBUG [txId=4857] [corrId=WS-3ae67f63] c.d.f.w.w.LiveEmotionWebSocketHandler - [WS-FACE][BUFFER] tx=4857 frames=5 totalBytes=226286
2026-06-22 17:07:30.240 [RT-Emotion-3] DEBUG [txId=4857] [corrId=WS-3ae67f63] c.d.f.c.s.RiskEvaluationService - [RT-EMOTION][DONE] elapsed=69ms emotion=SAD
2026-06-22 17:07:30.240 [RT-Emotion-3] INFO  [txId=4857] [corrId=WS-3ae67f63] c.d.f.i.a.PerformanceTracerAspect - [TRACE-JAVA] com.datn.finrisk.core.services.RiskEvaluationService.detectEmotionAsync() executed in 69 ms
2026-06-22 17:07:30.411 [http-nio-8081-exec-2] DEBUG [txId=4857] [corrId=WS-3ae67f63] c.d.f.w.w.LiveEmotionWebSocketHandler - [WS-FACE][BUFFER] tx=4857 frames=5 totalBytes=232087
2026-06-22 17:07:30.476 [RT-Emotion-1] DEBUG [txId=4857] [corrId=WS-3ae67f63] c.d.f.c.s.RiskEvaluationService - [RT-EMOTION][DONE] elapsed=65ms emotion=SAD
2026-06-22 17:07:30.477 [RT-Emotion-1] INFO  [txId=4857] [corrId=WS-3ae67f63] c.d.f.i.a.PerformanceTracerAspect - [TRACE-JAVA] com.datn.finrisk.core.services.RiskEvaluationService.detectEmotionAsync() executed in 66 ms
2026-06-22 17:07:30.662 [http-nio-8081-exec-1] DEBUG [txId=4857] [corrId=WS-3ae67f63] c.d.f.w.w.LiveEmotionWebSocketHandler - [WS-FACE][BUFFER] tx=4857 frames=5 totalBytes=237937
2026-06-22 17:07:30.729 [RT-Emotion-2] DEBUG [txId=4857] [corrId=WS-3ae67f63] c.d.f.c.s.RiskEvaluationService - [RT-EMOTION][DONE] elapsed=67ms emotion=SAD
2026-06-22 17:07:30.729 [RT-Emotion-2] INFO  [txId=4857] [corrId=WS-3ae67f63] c.d.f.i.a.PerformanceTracerAspect - [TRACE-JAVA] com.datn.finrisk.core.services.RiskEvaluationService.detectEmotionAsync() executed in 67 ms
2026-06-22 17:07:30.920 [http-nio-8081-exec-9] DEBUG [txId=4857] [corrId=WS-3ae67f63] c.d.f.w.w.LiveEmotionWebSocketHandler - [WS-FACE][BUFFER] tx=4857 frames=5 totalBytes=243799
2026-06-22 17:07:30.991 [RT-Emotion-3] DEBUG [txId=4857] [corrId=WS-3ae67f63] c.d.f.c.s.RiskEvaluationService - [RT-EMOTION][DONE] elapsed=71ms emotion=HAPPY
2026-06-22 17:07:30.991 [RT-Emotion-3] INFO  [txId=4857] [corrId=WS-3ae67f63] c.d.f.i.a.PerformanceTracerAspect - [TRACE-JAVA] com.datn.finrisk.core.services.RiskEvaluationService.detectEmotionAsync() executed in 71 ms
2026-06-22 17:07:31.169 [http-nio-8081-exec-8] DEBUG [txId=4857] [corrId=WS-3ae67f63] c.d.f.w.w.LiveEmotionWebSocketHandler - [WS-FACE][BUFFER] tx=4857 frames=5 totalBytes=249727
2026-06-22 17:07:31.248 [RT-Emotion-1] DEBUG [txId=4857] [corrId=WS-3ae67f63] c.d.f.c.s.RiskEvaluationService - [RT-EMOTION][DONE] elapsed=78ms emotion=SAD
2026-06-22 17:07:31.248 [RT-Emotion-1] INFO  [txId=4857] [corrId=WS-3ae67f63] c.d.f.i.a.PerformanceTracerAspect - [TRACE-JAVA] com.datn.finrisk.core.services.RiskEvaluationService.detectEmotionAsync() executed in 78 ms
2026-06-22 17:07:31.420 [http-nio-8081-exec-6] DEBUG [txId=4857] [corrId=WS-3ae67f63] c.d.f.w.w.LiveEmotionWebSocketHandler - [WS-FACE][BUFFER] tx=4857 frames=5 totalBytes=255745
2026-06-22 17:07:31.507 [RT-Emotion-2] DEBUG [txId=4857] [corrId=WS-3ae67f63] c.d.f.c.s.RiskEvaluationService - [RT-EMOTION][DONE] elapsed=87ms emotion=HAPPY
2026-06-22 17:07:31.507 [RT-Emotion-2] INFO  [txId=4857] [corrId=WS-3ae67f63] c.d.f.i.a.PerformanceTracerAspect - [TRACE-JAVA] com.datn.finrisk.core.services.RiskEvaluationService.detectEmotionAsync() executed in 87 ms
2026-06-22 17:07:31.662 [http-nio-8081-exec-7] DEBUG [txId=4857] [corrId=WS-3ae67f63] c.d.f.w.w.LiveEmotionWebSocketHandler - [WS-FACE][BUFFER] tx=4857 frames=5 totalBytes=261916
2026-06-22 17:07:31.727 [RT-Emotion-3] DEBUG [txId=4857] [corrId=WS-3ae67f63] c.d.f.c.s.RiskEvaluationService - [RT-EMOTION][DONE] elapsed=64ms emotion=HAPPY
2026-06-22 17:07:31.727 [RT-Emotion-3] INFO  [txId=4857] [corrId=WS-3ae67f63] c.d.f.i.a.PerformanceTracerAspect - [TRACE-JAVA] com.datn.finrisk.core.services.RiskEvaluationService.detectEmotionAsync() executed in 64 ms
2026-06-22 17:07:31.869 [http-nio-8081-exec-7] INFO  [txId=4857] [corrId=WS-3ae67f63] c.d.f.i.a.PerformanceTracerAspect - [TRACE-JAVA] com.datn.finrisk.core.repository.TransactionRepository.findByIdWithUserSecurity() executed in 5 ms
2026-06-22 17:07:31.869 [http-nio-8081-exec-7] INFO  [txId=4857] [corrId=WS-3ae67f63] c.d.f.w.w.LiveEmotionWebSocketHandler - [WS-FACE][FINALIZE] txKey=4857 frames=5 totalBytes=261916 session=3ae67f63-6b56-f81d-2845-305150e15f5b
2026-06-22 17:07:31.876 [http-nio-8081-exec-7] INFO  [txId=4857] [corrId=WS-3ae67f63] c.d.f.i.a.PerformanceTracerAspect - [TRACE-JAVA] com.datn.finrisk.core.repository.TransactionRepository.findByIdWithUserSecurity() executed in 7 ms
2026-06-22 17:07:31.876 [http-nio-8081-exec-7] INFO  [txId=4857] [corrId=WS-3ae67f63] c.d.f.w.w.LiveEmotionWebSocketHandler - [WS-FACE][FINALIZE][ASYNC-SUBMIT] txKey=4857 user=congnhan_b frames=5
2026-06-22 17:07:31.876 [http-nio-8081-exec-7] INFO  [txId=4857] [corrId=WS-3ae67f63] c.d.f.c.s.AdvancedFaceActionStrategy - [FaceAI][ASYNC-START] tx=4857 frames=5
2026-06-22 17:07:31.877 [http-nio-8081-exec-7] WARN  [txId=4857] [corrId=WS-3ae67f63] c.d.f.c.s.b.OverridableEmotionEvaluator - [EMOTION-OVERRIDE] ACTIVE — skipping AI call, returning emotion=FEAR confidence=0.9
2026-06-22 17:07:31.877 [WebSocketClient-AsyncIO-11] INFO  [txId=4857] [corrId=WS-7e4c2d6d] c.d.f.w.w.LiveVoiceWebSocketHandler - [WS-VOICE][PYTHON] received VERIFICATION_COMPLETE txKey=3bf48237-4f79-4cba-9ec8-b4133c035e24 authCode_length=6
2026-06-22 17:07:31.877 [http-nio-8081-exec-7] INFO  [txId=4857] [corrId=WS-3ae67f63] c.d.f.i.a.PerformanceTracerAspect - [TRACE-JAVA] com.datn.finrisk.core.services.biometric.OverridableEmotionEvaluator.evaluateSequenceAsync() executed in 0 ms
2026-06-22 17:07:31.877 [http-nio-8081-exec-7] INFO  [txId=4857] [corrId=WS-3ae67f63] c.d.f.i.a.PerformanceTracerAspect - [TRACE-JAVA] com.datn.finrisk.core.strategies.AdvancedFaceActionStrategy.validateFaceAndEmotionAsync() executed in 1 ms
2026-06-22 17:07:31.879 [BioVerify-4] INFO  [txId=4857] [corrId=WS-3ae67f63] c.d.f.i.a.PerformanceTracerAspect - [TRACE-JAVA] com.datn.finrisk.core.services.FaceEnrollService.parseEmbeddings() executed in 2 ms
2026-06-22 17:07:31.879 [BioVerify-4] INFO  [txId=4857] [corrId=WS-3ae67f63] c.d.f.c.s.RiskEvaluationService - [FACE-ID][START] userId=2002 embeddings=5 frames=5
2026-06-22 17:07:31.879 [BioVerify-4] INFO  [txId=4857] [corrId=WS-3ae67f63] c.d.f.c.s.RiskEvaluationService - [FACE-ID][START] mode=MULTI_EMBEDDING frames=5 registered=5
2026-06-22 17:07:31.882 [WebSocketClient-AsyncIO-11] INFO  [txId=4857] [corrId=WS-7e4c2d6d] c.d.f.i.a.PerformanceTracerAspect - [TRACE-JAVA] com.datn.finrisk.core.repository.TransactionRepository.findByIdWithUserSecurity() executed in 5 ms
2026-06-22 17:07:31.885 [WebSocketClient-AsyncIO-11] INFO  [txId=4857] [corrId=WS-7e4c2d6d] c.d.f.i.a.PerformanceTracerAspect - [TRACE-JAVA] com.datn.finrisk.core.services.OtpService.verifyVoiceOtp() executed in 2 ms
2026-06-22 17:07:31.885 [WebSocketClient-AsyncIO-11] INFO  [txId=4857] [corrId=WS-7e4c2d6d] c.d.f.w.w.LiveVoiceWebSocketHandler - [WS-VOICE] voice OTP match=true txId=4857
2026-06-22 17:07:31.890 [WebSocketClient-AsyncIO-11] INFO  [txId=4857] [corrId=WS-7e4c2d6d] c.d.f.i.a.PerformanceTracerAspect - [TRACE-JAVA] com.datn.finrisk.core.repository.BiometricSessionRepository.findBySessionTokenForUpdate() executed in 3 ms
2026-06-22 17:07:31.890 [WebSocketClient-AsyncIO-11] INFO  [txId=4857] [corrId=WS-7e4c2d6d] c.d.f.i.a.PerformanceTracerAspect - [TRACE-JAVA] com.datn.finrisk.core.services.VerificationSyncManager.updateVoiceResult() executed in 3 ms
2026-06-22 17:07:31.896 [WebSocketClient-AsyncIO-12] INFO  [txId=] [corrId=] c.d.f.w.w.LiveVoiceWebSocketHandler - [WS-VOICE][PYTHON] normal close after VERIFICATION_COMPLETE status=1000 txKey=3bf48237-4f79-4cba-9ec8-b4133c035e24
2026-06-22 17:07:35.068 [BioVerify-4] INFO  [txId=4857] [corrId=WS-3ae67f63] c.d.f.c.s.RiskEvaluationService - [FACE-ID][DONE] elapsed=3189ms matched=true distance=0.275593 band=HIGH backend=insightface/buffalo_l
2026-06-22 17:07:35.068 [BioVerify-4] INFO  [txId=4857] [corrId=WS-3ae67f63] c.d.f.i.a.PerformanceTracerAspect - [TRACE-JAVA] com.datn.finrisk.core.services.RiskEvaluationService.verifyIdentityAsync() executed in 3191 ms
2026-06-22 17:07:35.068 [BioVerify-4] INFO  [txId=4857] [corrId=WS-3ae67f63] c.d.f.c.s.AdvancedFaceActionStrategy - [FaceAI][ASYNC-RESULT] tx=4857 elapsed=3192ms matched=true distance=0.2756 band=HIGH emotion=FEAR
2026-06-22 17:07:35.070 [BioVerify-4] INFO  [txId=4857] [corrId=WS-3ae67f63] c.d.f.c.s.AdvancedFaceActionStrategy - [FaceAI][LIVENESS] tx=4857 liveness_pass=true liveness_score=0.9974 spoof_detected=false
2026-06-22 17:07:35.075 [BioVerify-4] INFO  [txId=4857] [corrId=WS-3ae67f63] c.d.f.i.a.PerformanceTracerAspect - [TRACE-JAVA] com.datn.finrisk.core.repository.TransactionRepository.updateEmotionSignal() executed in 5 ms
2026-06-22 17:07:35.075 [BioVerify-4] WARN  [txId=4857] [corrId=WS-3ae67f63] c.d.f.c.s.AdvancedFaceActionStrategy - [FaceAI][ASYNC-COERCION] tx=4857 elapsed=3192ms emotion=FEAR — setting UNDER_REVIEW
2026-06-22 17:07:35.082 [BG-Task-5] INFO  [txId=4857] [corrId=WS-3ae67f63] c.d.f.i.a.PerformanceTracerAspect - [TRACE-JAVA] com.datn.finrisk.core.services.AiAuditService.logEmotionScan() executed in 5 ms
2026-06-22 17:07:35.084 [BioVerify-4] INFO  [txId=4857] [corrId=WS-3ae67f63] c.d.f.w.w.LiveEmotionWebSocketHandler - [WS-FACE][FINALIZE][ASYNC-DONE] txKey=4857 elapsed=3208ms result=false
2026-06-22 17:07:35.087 [BioVerify-4] INFO  [txId=4857] [corrId=WS-3ae67f63] c.d.f.i.a.PerformanceTracerAspect - [TRACE-JAVA] com.datn.finrisk.core.repository.BiometricSessionRepository.findBySessionTokenForUpdate() executed in 1 ms
2026-06-22 17:07:35.088 [BioVerify-4] WARN  [txId=4857] [corrId=WS-3ae67f63] c.d.f.c.s.VerificationSyncManager - [SYNC][COERCION] tx=4857 UNDER_REVIEW — locking frontend, no fund movement
2026-06-22 17:07:35.088 [BioVerify-4] INFO  [txId=4857] [corrId=WS-3ae67f63] c.d.f.i.a.PerformanceTracerAspect - [TRACE-JAVA] com.datn.finrisk.core.services.VerificationSyncManager.updateFaceResult() executed in 2 ms
2026-06-22 17:07:35.373 [http-nio-8081-exec-8] INFO  [txId=] [corrId=2a6af511e812] c.d.f.i.a.PerformanceTracerAspect - [TRACE-JAVA] com.datn.finrisk.core.services.JwtBlocklistService.isBlocked() executed in 1 ms
2026-06-22 17:07:35.381 [http-nio-8081-exec-8] INFO  [txId=] [corrId=2a6af511e812] c.d.f.i.a.PerformanceTracerAspect - [TRACE-JAVA] com.datn.finrisk.core.repository.TransactionRepository.countTotalTransactions() executed in 5 ms
2026-06-22 17:07:35.385 [http-nio-8081-exec-8] INFO  [txId=] [corrId=2a6af511e812] c.d.f.i.a.PerformanceTracerAspect - [TRACE-JAVA] com.datn.finrisk.core.repository.TransactionRepository.countHighRiskTransactions() executed in 4 ms
2026-06-22 17:07:35.391 [http-nio-8081-exec-8] INFO  [txId=] [corrId=2a6af511e812] c.d.f.i.a.PerformanceTracerAspect - [TRACE-JAVA] com.datn.finrisk.core.repository.TransactionRepository.sumTotalSuccessfulAmount() executed in 5 ms
2026-06-22 17:07:35.392 [http-nio-8081-exec-8] INFO  [txId=] [corrId=2a6af511e812] c.d.f.i.a.PerformanceTracerAspect - [TRACE-JAVA] com.datn.finrisk.web.controllers.AdminController.getDashboardStats() executed in 16 ms
2026-06-22 17:07:35.401 [http-nio-8081-exec-1] INFO  [txId=] [corrId=9f56fbebfac7] c.d.f.i.a.PerformanceTracerAspect - [TRACE-JAVA] com.datn.finrisk.core.services.JwtBlocklistService.isBlocked() executed in 2 ms
2026-06-22 17:07:35.407 [http-nio-8081-exec-1] INFO  [txId=] [corrId=9f56fbebfac7] c.d.f.i.a.PerformanceTracerAspect - [TRACE-JAVA] com.datn.finrisk.core.repository.TransactionRepository.countTotalTransactions() executed in 3 ms
2026-06-22 17:07:35.413 [http-nio-8081-exec-1] INFO  [txId=] [corrId=9f56fbebfac7] c.d.f.i.a.PerformanceTracerAspect - [TRACE-JAVA] com.datn.finrisk.core.repository.TransactionRepository.countHighRiskTransactions() executed in 5 ms
2026-06-22 17:07:35.416 [http-nio-8081-exec-1] INFO  [txId=] [corrId=9f56fbebfac7] c.d.f.i.a.PerformanceTracerAspect - [TRACE-JAVA] com.datn.finrisk.core.repository.TransactionRepository.sumTotalSuccessfulAmount() executed in 3 ms
2026-06-22 17:07:35.418 [http-nio-8081-exec-1] INFO  [txId=] [corrId=9f56fbebfac7] c.d.f.i.a.PerformanceTracerAspect - [TRACE-JAVA] com.datn.finrisk.web.controllers.AdminController.getDashboardStats() executed in 14 ms
2026-06-22 17:07:36.735 [http-nio-8081-exec-5] INFO  [txId=] [corrId=44155151e1d2] c.d.f.i.a.PerformanceTracerAspect - [TRACE-JAVA] com.datn.finrisk.core.services.JwtBlocklistService.isBlocked() executed in 1 ms
2026-06-22 17:07:36.737 [http-nio-8081-exec-2] INFO  [txId=] [corrId=eddc3810ded9] c.d.f.i.a.PerformanceTracerAspect - [TRACE-JAVA] com.datn.finrisk.core.services.JwtBlocklistService.isBlocked() executed in 1 ms
2026-06-22 17:07:36.753 [http-nio-8081-exec-2] INFO  [txId=] [corrId=eddc3810ded9] c.d.f.i.a.PerformanceTracerAspect - [TRACE-JAVA] com.datn.finrisk.core.repository.TransactionRepository.findRecipientNamesBulk() executed in 3 ms
2026-06-22 17:07:36.753 [http-nio-8081-exec-2] INFO  [txId=] [corrId=eddc3810ded9] c.d.f.i.a.PerformanceTracerAspect - [TRACE-JAVA] com.datn.finrisk.core.services.AdminTransactionService.getTransactions() executed in 15 ms
2026-06-22 17:07:36.753 [http-nio-8081-exec-2] INFO  [txId=] [corrId=eddc3810ded9] c.d.f.i.a.PerformanceTracerAspect - [TRACE-JAVA] com.datn.finrisk.web.controllers.AdminTransactionController.getAllTransactions() executed in 15 ms
2026-06-22 17:07:36.756 [http-nio-8081-exec-10] INFO  [txId=] [corrId=c98eb49b7b22] c.d.f.i.a.PerformanceTracerAspect - [TRACE-JAVA] com.datn.finrisk.core.services.JwtBlocklistService.isBlocked() executed in 1 ms
2026-06-22 17:07:36.772 [http-nio-8081-exec-10] INFO  [txId=] [corrId=c98eb49b7b22] c.d.f.i.a.PerformanceTracerAspect - [TRACE-JAVA] com.datn.finrisk.core.repository.TransactionRepository.findRecipientNamesBulk() executed in 2 ms
2026-06-22 17:07:36.772 [http-nio-8081-exec-10] INFO  [txId=] [corrId=c98eb49b7b22] c.d.f.i.a.PerformanceTracerAspect - [TRACE-JAVA] com.datn.finrisk.core.services.AdminTransactionService.getTransactions() executed in 13 ms
2026-06-22 17:07:36.772 [http-nio-8081-exec-10] INFO  [txId=] [corrId=c98eb49b7b22] c.d.f.i.a.PerformanceTracerAspect - [TRACE-JAVA] com.datn.finrisk.web.controllers.AdminTransactionController.getAllTransactions() executed in 13 ms
2026-06-22 17:07:37.239 [http-nio-8081-exec-5] INFO  [txId=] [corrId=44155151e1d2] c.d.f.i.a.PerformanceTracerAspect - [TRACE-JAVA] com.datn.finrisk.core.repository.TransactionRepository.findRecipientNamesBulk() executed in 2 ms
2026-06-22 17:07:37.239 [http-nio-8081-exec-5] INFO  [txId=] [corrId=44155151e1d2] c.d.f.i.a.PerformanceTracerAspect - [TRACE-JAVA] com.datn.finrisk.core.services.AdminTransactionService.getTransactions() executed in 502 ms
2026-06-22 17:07:37.239 [http-nio-8081-exec-5] INFO  [txId=] [corrId=44155151e1d2] c.d.f.i.a.PerformanceTracerAspect - [TRACE-JAVA] com.datn.finrisk.web.controllers.AdminTransactionController.getAllTransactions() executed in 502 ms
2026-06-22 17:07:37.245 [http-nio-8081-exec-7] INFO  [txId=] [corrId=dac68eb7642c] c.d.f.i.a.PerformanceTracerAspect - [TRACE-JAVA] com.datn.finrisk.core.services.JwtBlocklistService.isBlocked() executed in 2 ms
2026-06-22 17:07:37.741 [http-nio-8081-exec-7] INFO  [txId=] [corrId=dac68eb7642c] c.d.f.i.a.PerformanceTracerAspect - [TRACE-JAVA] com.datn.finrisk.core.repository.TransactionRepository.findRecipientNamesBulk() executed in 1 ms
2026-06-22 17:07:37.741 [http-nio-8081-exec-7] INFO  [txId=] [corrId=dac68eb7642c] c.d.f.i.a.PerformanceTracerAspect - [TRACE-JAVA] com.datn.finrisk.core.services.AdminTransactionService.getTransactions() executed in 494 ms
2026-06-22 17:07:37.741 [http-nio-8081-exec-7] INFO  [txId=] [corrId=dac68eb7642c] c.d.f.i.a.PerformanceTracerAspect - [TRACE-JAVA] com.datn.finrisk.web.controllers.AdminTransactionController.getAllTransactions() executed in 494 ms
2026-06-22 17:07:39.095 [http-nio-8081-exec-8] INFO  [txId=] [corrId=d2a18d70e36e] c.d.f.i.a.PerformanceTracerAspect - [TRACE-JAVA] com.datn.finrisk.core.services.JwtBlocklistService.isBlocked() executed in 1 ms
2026-06-22 17:07:39.104 [http-nio-8081-exec-8] INFO  [txId=] [corrId=d2a18d70e36e] c.d.f.i.a.PerformanceTracerAspect - [TRACE-JAVA] com.datn.finrisk.core.repository.RiskScoreRepository.findByTransactionIdInWithRule() executed in 5 ms
2026-06-22 17:07:39.109 [http-nio-8081-exec-8] INFO  [txId=] [corrId=d2a18d70e36e] c.d.f.i.a.PerformanceTracerAspect - [TRACE-JAVA] com.datn.finrisk.core.repository.TransactionAiInsightRepository.findByTransactionIdIn() executed in 5 ms
2026-06-22 17:07:39.114 [http-nio-8081-exec-8] INFO  [txId=] [corrId=d2a18d70e36e] c.d.f.i.a.PerformanceTracerAspect - [TRACE-JAVA] com.datn.finrisk.core.repository.UserBehaviorProfileRepository.findByUserId() executed in 4 ms
2026-06-22 17:07:39.114 [http-nio-8081-exec-8] INFO  [txId=] [corrId=d2a18d70e36e] c.d.f.i.a.PerformanceTracerAspect - [TRACE-JAVA] com.datn.finrisk.core.services.AdminTransactionService.getTransactionRiskDetail() executed in 17 ms
2026-06-22 17:07:39.115 [http-nio-8081-exec-8] INFO  [txId=] [corrId=d2a18d70e36e] c.d.f.i.a.PerformanceTracerAspect - [TRACE-JAVA] com.datn.finrisk.web.controllers.AdminTransactionController.getTransactionRiskDetails() executed in 19 ms
2026-06-22 17:07:40.102 [http-nio-8081-exec-4] INFO  [txId=] [corrId=d0597ddc3f4a] c.d.f.i.a.PerformanceTracerAspect - [TRACE-JAVA] com.datn.finrisk.core.services.JwtBlocklistService.isBlocked() executed in 1 ms
2026-06-22 17:07:40.106 [http-nio-8081-exec-4] INFO  [txId=] [corrId=d0597ddc3f4a] c.d.f.i.a.PerformanceTracerAspect - [TRACE-JAVA] com.datn.finrisk.core.repository.TransactionRepository.findByIdWithUserSecurity() executed in 3 ms
2026-06-22 17:07:40.107 [http-nio-8081-exec-4] INFO  [txId=] [corrId=d0597ddc3f4a] c.d.f.i.a.PerformanceTracerAspect - [TRACE-JAVA] com.datn.finrisk.web.controllers.TransactionController.getVerificationStatus() executed in 4 ms
2026-06-22 17:07:40.900 [http-nio-8081-exec-9] INFO  [txId=] [corrId=fb1257b853f0] c.d.f.i.a.PerformanceTracerAspect - [TRACE-JAVA] com.datn.finrisk.core.services.JwtBlocklistService.isBlocked() executed in 1 ms
2026-06-22 17:07:40.920 [http-nio-8081-exec-9] INFO  [txId=] [corrId=fb1257b853f0] c.d.f.i.a.PerformanceTracerAspect - [TRACE-JAVA] com.datn.finrisk.core.repository.TransactionRepository.blockIfUnderReview() executed in 8 ms
2026-06-22 17:07:40.926 [http-nio-8081-exec-9] INFO  [txId=] [corrId=fb1257b853f0] c.d.f.core.services.AuditLogService - [AUDIT] action=RESOLVE_REVIEW_REJECT user=ADMIN
2026-06-22 17:07:40.926 [http-nio-8081-exec-9] INFO  [txId=] [corrId=fb1257b853f0] c.d.f.i.a.PerformanceTracerAspect - [TRACE-JAVA] com.datn.finrisk.core.services.AuditLogService.logAction() executed in 6 ms
2026-06-22 17:07:40.926 [http-nio-8081-exec-9] INFO  [txId=] [corrId=fb1257b853f0] c.d.f.i.a.PerformanceTracerAspect - [TRACE-JAVA] com.datn.finrisk.web.controllers.AdminTransactionController.resolveUnderReviewTransaction() executed in 23 ms
2026-06-22 17:07:40.934 [http-nio-8081-exec-2] INFO  [txId=] [corrId=0618fce31969] c.d.f.i.a.PerformanceTracerAspect - [TRACE-JAVA] com.datn.finrisk.core.services.JwtBlocklistService.isBlocked() executed in 1 ms
2026-06-22 17:07:41.468 [http-nio-8081-exec-2] INFO  [txId=] [corrId=0618fce31969] c.d.f.i.a.PerformanceTracerAspect - [TRACE-JAVA] com.datn.finrisk.core.repository.TransactionRepository.findRecipientNamesBulk() executed in 1 ms
2026-06-22 17:07:41.468 [http-nio-8081-exec-2] INFO  [txId=] [corrId=0618fce31969] c.d.f.i.a.PerformanceTracerAspect - [TRACE-JAVA] com.datn.finrisk.core.services.AdminTransactionService.getTransactions() executed in 532 ms
2026-06-22 17:07:41.468 [http-nio-8081-exec-2] INFO  [txId=] [corrId=0618fce31969] c.d.f.i.a.PerformanceTracerAspect - [TRACE-JAVA] com.datn.finrisk.web.controllers.AdminTransactionController.getAllTransactions() executed in 532 ms
2026-06-22 17:07:42.726 [scheduling-1] INFO  [txId=] [corrId=] c.d.f.i.m.ExecutorMetricsLogger - [EXECUTOR-METRICS][BG-Task       [aiTaskExecutor]] threads=0/5 queue=0/500 (0%) completed=5
2026-06-22 17:07:42.726 [scheduling-1] INFO  [txId=] [corrId=] c.d.f.i.m.ExecutorMetricsLogger - [EXECUTOR-METRICS][RT-Emotion    [realtimeEmotionExecutor]] threads=0/3 queue=0/30 (0%) completed=124
2026-06-22 17:07:42.726 [scheduling-1] INFO  [txId=] [corrId=] c.d.f.i.m.ExecutorMetricsLogger - [EXECUTOR-METRICS][BioVerify     [biometricVerifyExecutor]] threads=0/4 queue=0/50 (0%) completed=4
2026-06-22 17:07:45.100 [http-nio-8081-exec-10] INFO  [txId=] [corrId=35e7a93239db] c.d.f.i.a.PerformanceTracerAspect - [TRACE-JAVA] com.datn.finrisk.core.services.JwtBlocklistService.isBlocked() executed in 1 ms
2026-06-22 17:07:45.104 [http-nio-8081-exec-10] INFO  [txId=] [corrId=35e7a93239db] c.d.f.i.a.PerformanceTracerAspect - [TRACE-JAVA] com.datn.finrisk.core.repository.TransactionRepository.findByIdWithUserSecurity() executed in 3 ms
2026-06-22 17:07:45.104 [http-nio-8081-exec-10] INFO  [txId=] [corrId=35e7a93239db] c.d.f.i.a.PerformanceTracerAspect - [TRACE-JAVA] com.datn.finrisk.web.controllers.TransactionController.getVerificationStatus() executed in 3 ms
2026-06-22 17:07:49.117 [http-nio-8081-exec-5] DEBUG [txId=] [corrId=] c.d.f.w.websocket.WsConnectionGuard - [WS-GUARD] ip=0:0:0:0:0:0:0:1 — slot released (1 remaining)
2026-06-22 17:07:49.117 [http-nio-8081-exec-7] DEBUG [txId=] [corrId=] c.d.f.w.websocket.WsConnectionGuard - [WS-GUARD] ip=0:0:0:0:0:0:0:1 — slot released (0 remaining)
2026-06-22 17:07:49.117 [http-nio-8081-exec-5] DEBUG [txId=] [corrId=] c.d.f.w.w.FaceSessionRegistry - [FACE-REGISTRY] unregistered bsToken=3bf48237-4f79-4cba-9ec8-b4133c035e24 session=3ae67f63-6b56-f81d-2845-305150e15f5b
2026-06-22 17:07:49.117 [http-nio-8081-exec-7] INFO  [txId=] [corrId=] c.d.f.w.w.LiveVoiceWebSocketHandler - [WS-VOICE] closed session=7e4c2d6d-c3c3-2614-c181-d8263e1403c0 ip=0:0:0:0:0:0:0:1 status=1000
2026-06-22 17:07:49.117 [http-nio-8081-exec-5] INFO  [txId=] [corrId=] c.d.f.w.w.LiveEmotionWebSocketHandler - [WS-FACE] closed session=3ae67f63-6b56-f81d-2845-305150e15f5b ip=0:0:0:0:0:0:0:1 status=1000
2026-06-22 17:08:12.724 [scheduling-1] INFO  [txId=] [corrId=] c.d.f.i.m.ExecutorMetricsLogger - [EXECUTOR-METRICS][BG-Task       [aiTaskExecutor]] threads=0/5 queue=0/500 (0%) completed=5
2026-06-22 17:08:12.724 [scheduling-1] INFO  [txId=] [corrId=] c.d.f.i.m.ExecutorMetricsLogger - [EXECUTOR-METRICS][RT-Emotion    [realtimeEmotionExecutor]] threads=0/3 queue=0/30 (0%) completed=124
2026-06-22 17:08:12.724 [scheduling-1] INFO  [txId=] [corrId=] c.d.f.i.m.ExecutorMetricsLogger - [EXECUTOR-METRICS][BioVerify     [biometricVerifyExecutor]] threads=0/4 queue=0/50 (0%) completed=4
2026-06-22 17:08:42.720 [scheduling-1] INFO  [txId=] [corrId=] c.d.f.i.m.ExecutorMetricsLogger - [EXECUTOR-METRICS][BG-Task       [aiTaskExecutor]] threads=0/5 queue=0/500 (0%) completed=5
2026-06-22 17:08:42.720 [scheduling-1] INFO  [txId=] [corrId=] c.d.f.i.m.ExecutorMetricsLogger - [EXECUTOR-METRICS][RT-Emotion    [realtimeEmotionExecutor]] threads=0/3 queue=0/30 (0%) completed=124
2026-06-22 17:08:42.720 [scheduling-1] INFO  [txId=] [corrId=] c.d.f.i.m.ExecutorMetricsLogger - [EXECUTOR-METRICS][BioVerify     [biometricVerifyExecutor]] threads=0/4 queue=0/50 (0%) completed=4
2026-06-22 17:09:12.713 [scheduling-1] INFO  [txId=] [corrId=] c.d.f.i.m.ExecutorMetricsLogger - [EXECUTOR-METRICS][BG-Task       [aiTaskExecutor]] threads=0/5 queue=0/500 (0%) completed=5
2026-06-22 17:09:12.713 [scheduling-1] INFO  [txId=] [corrId=] c.d.f.i.m.ExecutorMetricsLogger - [EXECUTOR-METRICS][RT-Emotion    [realtimeEmotionExecutor]] threads=0/3 queue=0/30 (0%) completed=124
2026-06-22 17:09:12.713 [scheduling-1] INFO  [txId=] [corrId=] c.d.f.i.m.ExecutorMetricsLogger - [EXECUTOR-METRICS][BioVerify     [biometricVerifyExecutor]] threads=0/4 queue=0/50 (0%) completed=4
2026-06-22 17:09:42.719 [scheduling-1] INFO  [txId=] [corrId=] c.d.f.i.m.ExecutorMetricsLogger - [EXECUTOR-METRICS][BG-Task       [aiTaskExecutor]] threads=0/5 queue=0/500 (0%) completed=5
2026-06-22 17:09:42.719 [scheduling-1] INFO  [txId=] [corrId=] c.d.f.i.m.ExecutorMetricsLogger - [EXECUTOR-METRICS][RT-Emotion    [realtimeEmotionExecutor]] threads=0/3 queue=0/30 (0%) completed=124
2026-06-22 17:09:42.719 [scheduling-1] INFO  [txId=] [corrId=] c.d.f.i.m.ExecutorMetricsLogger - [EXECUTOR-METRICS][BioVerify     [biometricVerifyExecutor]] threads=0/4 queue=0/50 (0%) completed=4
2026-06-22 17:10:12.724 [scheduling-1] INFO  [txId=] [corrId=] c.d.f.i.m.ExecutorMetricsLogger - [EXECUTOR-METRICS][BG-Task       [aiTaskExecutor]] threads=0/5 queue=0/500 (0%) completed=5
2026-06-22 17:10:12.724 [scheduling-1] INFO  [txId=] [corrId=] c.d.f.i.m.ExecutorMetricsLogger - [EXECUTOR-METRICS][RT-Emotion    [realtimeEmotionExecutor]] threads=0/3 queue=0/30 (0%) completed=124
2026-06-22 17:10:12.724 [scheduling-1] INFO  [txId=] [corrId=] c.d.f.i.m.ExecutorMetricsLogger - [EXECUTOR-METRICS][BioVerify     [biometricVerifyExecutor]] threads=0/4 queue=0/50 (0%) completed=4
2026-06-22 17:10:42.718 [scheduling-1] INFO  [txId=] [corrId=] c.d.f.i.m.ExecutorMetricsLogger - [EXECUTOR-METRICS][BG-Task       [aiTaskExecutor]] threads=0/5 queue=0/500 (0%) completed=5
2026-06-22 17:10:42.720 [scheduling-1] INFO  [txId=] [corrId=] c.d.f.i.m.ExecutorMetricsLogger - [EXECUTOR-METRICS][RT-Emotion    [realtimeEmotionExecutor]] threads=0/3 queue=0/30 (0%) completed=124
2026-06-22 17:10:42.725 [scheduling-1] INFO  [txId=] [corrId=] c.d.f.i.m.ExecutorMetricsLogger - [EXECUTOR-METRICS][BioVerify     [biometricVerifyExecutor]] threads=0/4 queue=0/50 (0%) completed=4
2026-06-22 17:10:42.748 [scheduling-1] INFO  [txId=] [corrId=] c.d.f.i.a.PerformanceTracerAspect - [TRACE-JAVA] com.datn.finrisk.core.repository.BiometricSessionRepository.deleteByExpiresAtBefore() executed in 20 ms
2026-06-22 17:10:42.749 [scheduling-1] INFO  [txId=] [corrId=] c.d.f.w.w.BiometricSessionCleanupScheduler - [BIOMETRIC-SCHEDULER] Expired biometric sessions purged from DB
2026-06-22 17:10:42.785 [scheduling-1] INFO  [txId=] [corrId=] c.d.f.w.w.WebSocketMetricsLogger - [WS-METRICS] active_sessions=0 total_buffered_frames=0 total_buffer_size={ Milan}MB
2026-06-22 17:10:42.903 [scheduling-1] INFO  [txId=] [corrId=] c.d.f.i.a.PerformanceTracerAspect - [TRACE-JAVA] com.datn.finrisk.core.repository.TransactionRepository.findStalledTransactionIds() executed in 15 ms
2026-06-22 17:11:12.721 [scheduling-1] INFO  [txId=] [corrId=] c.d.f.i.m.ExecutorMetricsLogger - [EXECUTOR-METRICS][BG-Task       [aiTaskExecutor]] threads=0/5 queue=0/500 (0%) completed=5
2026-06-22 17:11:12.721 [scheduling-1] INFO  [txId=] [corrId=] c.d.f.i.m.ExecutorMetricsLogger - [EXECUTOR-METRICS][RT-Emotion    [realtimeEmotionExecutor]] threads=0/3 queue=0/30 (0%) completed=124
2026-06-22 17:11:12.721 [scheduling-1] INFO  [txId=] [corrId=] c.d.f.i.m.ExecutorMetricsLogger - [EXECUTOR-METRICS][BioVerify     [biometricVerifyExecutor]] threads=0/4 queue=0/50 (0%) completed=4
2026-06-22 17:11:42.727 [scheduling-1] INFO  [txId=] [corrId=] c.d.f.i.m.ExecutorMetricsLogger - [EXECUTOR-METRICS][BG-Task       [aiTaskExecutor]] threads=0/5 queue=0/500 (0%) completed=5
2026-06-22 17:11:42.727 [scheduling-1] INFO  [txId=] [corrId=] c.d.f.i.m.ExecutorMetricsLogger - [EXECUTOR-METRICS][RT-Emotion    [realtimeEmotionExecutor]] threads=0/3 queue=0/30 (0%) completed=124
2026-06-22 17:11:42.727 [scheduling-1] INFO  [txId=] [corrId=] c.d.f.i.m.ExecutorMetricsLogger - [EXECUTOR-METRICS][BioVerify     [biometricVerifyExecutor]] threads=0/4 queue=0/50 (0%) completed=4
2026-06-22 17:12:12.713 [scheduling-1] INFO  [txId=] [corrId=] c.d.f.i.m.ExecutorMetricsLogger - [EXECUTOR-METRICS][BG-Task       [aiTaskExecutor]] threads=0/5 queue=0/500 (0%) completed=5
2026-06-22 17:12:12.713 [scheduling-1] INFO  [txId=] [corrId=] c.d.f.i.m.ExecutorMetricsLogger - [EXECUTOR-METRICS][RT-Emotion    [realtimeEmotionExecutor]] threads=0/3 queue=0/30 (0%) completed=124
2026-06-22 17:12:12.713 [scheduling-1] INFO  [txId=] [corrId=] c.d.f.i.m.ExecutorMetricsLogger - [EXECUTOR-METRICS][BioVerify     [biometricVerifyExecutor]] threads=0/4 queue=0/50 (0%) completed=4
2026-06-22 17:12:42.728 [scheduling-1] INFO  [txId=] [corrId=] c.d.f.i.m.ExecutorMetricsLogger - [EXECUTOR-METRICS][BG-Task       [aiTaskExecutor]] threads=0/5 queue=0/500 (0%) completed=5
2026-06-22 17:12:42.728 [scheduling-1] INFO  [txId=] [corrId=] c.d.f.i.m.ExecutorMetricsLogger - [EXECUTOR-METRICS][RT-Emotion    [realtimeEmotionExecutor]] threads=0/3 queue=0/30 (0%) completed=124
2026-06-22 17:12:42.728 [scheduling-1] INFO  [txId=] [corrId=] c.d.f.i.m.ExecutorMetricsLogger - [EXECUTOR-METRICS][BioVerify     [biometricVerifyExecutor]] threads=0/4 queue=0/50 (0%) completed=4
2026-06-22 17:13:12.719 [scheduling-1] INFO  [txId=] [corrId=] c.d.f.i.m.ExecutorMetricsLogger - [EXECUTOR-METRICS][BG-Task       [aiTaskExecutor]] threads=0/5 queue=0/500 (0%) completed=5
2026-06-22 17:13:12.719 [scheduling-1] INFO  [txId=] [corrId=] c.d.f.i.m.ExecutorMetricsLogger - [EXECUTOR-METRICS][RT-Emotion    [realtimeEmotionExecutor]] threads=0/3 queue=0/30 (0%) completed=124
2026-06-22 17:13:12.720 [scheduling-1] INFO  [txId=] [corrId=] c.d.f.i.m.ExecutorMetricsLogger - [EXECUTOR-METRICS][BioVerify     [biometricVerifyExecutor]] threads=0/4 queue=0/50 (0%) completed=4
2026-06-22 17:13:42.726 [scheduling-1] INFO  [txId=] [corrId=] c.d.f.i.m.ExecutorMetricsLogger - [EXECUTOR-METRICS][BG-Task       [aiTaskExecutor]] threads=0/5 queue=0/500 (0%) completed=5
2026-06-22 17:13:42.726 [scheduling-1] INFO  [txId=] [corrId=] c.d.f.i.m.ExecutorMetricsLogger - [EXECUTOR-METRICS][RT-Emotion    [realtimeEmotionExecutor]] threads=0/3 queue=0/30 (0%) completed=124
2026-06-22 17:13:42.726 [scheduling-1] INFO  [txId=] [corrId=] c.d.f.i.m.ExecutorMetricsLogger - [EXECUTOR-METRICS][BioVerify     [biometricVerifyExecutor]] threads=0/4 queue=0/50 (0%) completed=4
2026-06-22 17:14:12.719 [scheduling-1] INFO  [txId=] [corrId=] c.d.f.i.m.ExecutorMetricsLogger - [EXECUTOR-METRICS][BG-Task       [aiTaskExecutor]] threads=0/5 queue=0/500 (0%) completed=5
2026-06-22 17:14:12.720 [scheduling-1] INFO  [txId=] [corrId=] c.d.f.i.m.ExecutorMetricsLogger - [EXECUTOR-METRICS][RT-Emotion    [realtimeEmotionExecutor]] threads=0/3 queue=0/30 (0%) completed=124
2026-06-22 17:14:12.720 [scheduling-1] INFO  [txId=] [corrId=] c.d.f.i.m.ExecutorMetricsLogger - [EXECUTOR-METRICS][BioVerify     [biometricVerifyExecutor]] threads=0/4 queue=0/50 (0%) completed=4
2026-06-22 17:14:42.727 [scheduling-1] INFO  [txId=] [corrId=] c.d.f.i.m.ExecutorMetricsLogger - [EXECUTOR-METRICS][BG-Task       [aiTaskExecutor]] threads=0/5 queue=0/500 (0%) completed=5
2026-06-22 17:14:42.727 [scheduling-1] INFO  [txId=] [corrId=] c.d.f.i.m.ExecutorMetricsLogger - [EXECUTOR-METRICS][RT-Emotion    [realtimeEmotionExecutor]] threads=0/3 queue=0/30 (0%) completed=124
2026-06-22 17:14:42.727 [scheduling-1] INFO  [txId=] [corrId=] c.d.f.i.m.ExecutorMetricsLogger - [EXECUTOR-METRICS][BioVerify     [biometricVerifyExecutor]] threads=0/4 queue=0/50 (0%) completed=4
2026-06-22 17:15:12.720 [scheduling-1] INFO  [txId=] [corrId=] c.d.f.i.m.ExecutorMetricsLogger - [EXECUTOR-METRICS][BG-Task       [aiTaskExecutor]] threads=0/5 queue=0/500 (0%) completed=5
2026-06-22 17:15:12.720 [scheduling-1] INFO  [txId=] [corrId=] c.d.f.i.m.ExecutorMetricsLogger - [EXECUTOR-METRICS][RT-Emotion    [realtimeEmotionExecutor]] threads=0/3 queue=0/30 (0%) completed=124
2026-06-22 17:15:12.720 [scheduling-1] INFO  [txId=] [corrId=] c.d.f.i.m.ExecutorMetricsLogger - [EXECUTOR-METRICS][BioVerify     [biometricVerifyExecutor]] threads=0/4 queue=0/50 (0%) completed=4
2026-06-22 17:15:42.715 [scheduling-1] INFO  [txId=] [corrId=] c.d.f.i.m.ExecutorMetricsLogger - [EXECUTOR-METRICS][BG-Task       [aiTaskExecutor]] threads=0/5 queue=0/500 (0%) completed=5
2026-06-22 17:15:42.717 [scheduling-1] INFO  [txId=] [corrId=] c.d.f.i.m.ExecutorMetricsLogger - [EXECUTOR-METRICS][RT-Emotion    [realtimeEmotionExecutor]] threads=0/3 queue=0/30 (0%) completed=124
2026-06-22 17:15:42.717 [scheduling-1] INFO  [txId=] [corrId=] c.d.f.i.m.ExecutorMetricsLogger - [EXECUTOR-METRICS][BioVerify     [biometricVerifyExecutor]] threads=0/4 queue=0/50 (0%) completed=4
2026-06-22 17:15:42.723 [scheduling-1] INFO  [txId=] [corrId=] c.d.f.i.a.PerformanceTracerAspect - [TRACE-JAVA] com.datn.finrisk.core.repository.BiometricSessionRepository.deleteByExpiresAtBefore() executed in 4 ms
2026-06-22 17:15:42.723 [scheduling-1] INFO  [txId=] [corrId=] c.d.f.w.w.BiometricSessionCleanupScheduler - [BIOMETRIC-SCHEDULER] Expired biometric sessions purged from DB
2026-06-22 17:15:42.730 [scheduling-1] INFO  [txId=] [corrId=] c.d.f.w.w.WebSocketMetricsLogger - [WS-METRICS] active_sessions=0 total_buffered_frames=0 total_buffer_size={ Milan}MB
2026-06-22 17:15:42.922 [scheduling-1] INFO  [txId=] [corrId=] c.d.f.i.a.PerformanceTracerAspect - [TRACE-JAVA] com.datn.finrisk.core.repository.TransactionRepository.findStalledTransactionIds() executed in 4 ms
2026-06-22 17:16:12.728 [scheduling-1] INFO  [txId=] [corrId=] c.d.f.i.m.ExecutorMetricsLogger - [EXECUTOR-METRICS][BG-Task       [aiTaskExecutor]] threads=0/5 queue=0/500 (0%) completed=5
2026-06-22 17:16:12.728 [scheduling-1] INFO  [txId=] [corrId=] c.d.f.i.m.ExecutorMetricsLogger - [EXECUTOR-METRICS][RT-Emotion    [realtimeEmotionExecutor]] threads=0/3 queue=0/30 (0%) completed=124
2026-06-22 17:16:12.728 [scheduling-1] INFO  [txId=] [corrId=] c.d.f.i.m.ExecutorMetricsLogger - [EXECUTOR-METRICS][BioVerify     [biometricVerifyExecutor]] threads=0/4 queue=0/50 (0%) completed=4
2026-06-22 17:16:42.724 [scheduling-1] INFO  [txId=] [corrId=] c.d.f.i.m.ExecutorMetricsLogger - [EXECUTOR-METRICS][BG-Task       [aiTaskExecutor]] threads=0/5 queue=0/500 (0%) completed=5
2026-06-22 17:16:42.724 [scheduling-1] INFO  [txId=] [corrId=] c.d.f.i.m.ExecutorMetricsLogger - [EXECUTOR-METRICS][RT-Emotion    [realtimeEmotionExecutor]] threads=0/3 queue=0/30 (0%) completed=124
2026-06-22 17:16:42.725 [scheduling-1] INFO  [txId=] [corrId=] c.d.f.i.m.ExecutorMetricsLogger - [EXECUTOR-METRICS][BioVerify     [biometricVerifyExecutor]] threads=0/4 queue=0/50 (0%) completed=4
2026-06-22 17:17:12.714 [scheduling-1] INFO  [txId=] [corrId=] c.d.f.i.m.ExecutorMetricsLogger - [EXECUTOR-METRICS][BG-Task       [aiTaskExecutor]] threads=0/5 queue=0/500 (0%) completed=5
2026-06-22 17:17:12.714 [scheduling-1] INFO  [txId=] [corrId=] c.d.f.i.m.ExecutorMetricsLogger - [EXECUTOR-METRICS][RT-Emotion    [realtimeEmotionExecutor]] threads=0/3 queue=0/30 (0%) completed=124
2026-06-22 17:17:12.714 [scheduling-1] INFO  [txId=] [corrId=] c.d.f.i.m.ExecutorMetricsLogger - [EXECUTOR-METRICS][BioVerify     [biometricVerifyExecutor]] threads=0/4 queue=0/50 (0%) completed=4
2026-06-22 17:17:42.719 [scheduling-1] INFO  [txId=] [corrId=] c.d.f.i.m.ExecutorMetricsLogger - [EXECUTOR-METRICS][BG-Task       [aiTaskExecutor]] threads=0/5 queue=0/500 (0%) completed=5
2026-06-22 17:17:42.730 [scheduling-1] INFO  [txId=] [corrId=] c.d.f.i.m.ExecutorMetricsLogger - [EXECUTOR-METRICS][RT-Emotion    [realtimeEmotionExecutor]] threads=0/3 queue=0/30 (0%) completed=124
2026-06-22 17:17:42.732 [scheduling-1] INFO  [txId=] [corrId=] c.d.f.i.m.ExecutorMetricsLogger - [EXECUTOR-METRICS][BioVerify     [biometricVerifyExecutor]] threads=0/4 queue=0/50 (0%) completed=4
2026-06-22 17:18:12.718 [scheduling-1] INFO  [txId=] [corrId=] c.d.f.i.m.ExecutorMetricsLogger - [EXECUTOR-METRICS][BG-Task       [aiTaskExecutor]] threads=0/5 queue=0/500 (0%) completed=5
2026-06-22 17:18:12.718 [scheduling-1] INFO  [txId=] [corrId=] c.d.f.i.m.ExecutorMetricsLogger - [EXECUTOR-METRICS][RT-Emotion    [realtimeEmotionExecutor]] threads=0/3 queue=0/30 (0%) completed=124
2026-06-22 17:18:12.718 [scheduling-1] INFO  [txId=] [corrId=] c.d.f.i.m.ExecutorMetricsLogger - [EXECUTOR-METRICS][BioVerify     [biometricVerifyExecutor]] threads=0/4 queue=0/50 (0%) completed=4
2026-06-22 17:18:42.723 [scheduling-1] INFO  [txId=] [corrId=] c.d.f.i.m.ExecutorMetricsLogger - [EXECUTOR-METRICS][BG-Task       [aiTaskExecutor]] threads=0/5 queue=0/500 (0%) completed=5
2026-06-22 17:18:42.723 [scheduling-1] INFO  [txId=] [corrId=] c.d.f.i.m.ExecutorMetricsLogger - [EXECUTOR-METRICS][RT-Emotion    [realtimeEmotionExecutor]] threads=0/3 queue=0/30 (0%) completed=124
2026-06-22 17:18:42.723 [scheduling-1] INFO  [txId=] [corrId=] c.d.f.i.m.ExecutorMetricsLogger - [EXECUTOR-METRICS][BioVerify     [biometricVerifyExecutor]] threads=0/4 queue=0/50 (0%) completed=4
2026-06-22 17:19:12.727 [scheduling-1] INFO  [txId=] [corrId=] c.d.f.i.m.ExecutorMetricsLogger - [EXECUTOR-METRICS][BG-Task       [aiTaskExecutor]] threads=0/5 queue=0/500 (0%) completed=5
2026-06-22 17:19:12.727 [scheduling-1] INFO  [txId=] [corrId=] c.d.f.i.m.ExecutorMetricsLogger - [EXECUTOR-METRICS][RT-Emotion    [realtimeEmotionExecutor]] threads=0/3 queue=0/30 (0%) completed=124
2026-06-22 17:19:12.727 [scheduling-1] INFO  [txId=] [corrId=] c.d.f.i.m.ExecutorMetricsLogger - [EXECUTOR-METRICS][BioVerify     [biometricVerifyExecutor]] threads=0/4 queue=0/50 (0%) completed=4
2026-06-22 17:19:42.717 [scheduling-1] INFO  [txId=] [corrId=] c.d.f.i.m.ExecutorMetricsLogger - [EXECUTOR-METRICS][BG-Task       [aiTaskExecutor]] threads=0/5 queue=0/500 (0%) completed=5
2026-06-22 17:19:42.718 [scheduling-1] INFO  [txId=] [corrId=] c.d.f.i.m.ExecutorMetricsLogger - [EXECUTOR-METRICS][RT-Emotion    [realtimeEmotionExecutor]] threads=0/3 queue=0/30 (0%) completed=124
2026-06-22 17:19:42.718 [scheduling-1] INFO  [txId=] [corrId=] c.d.f.i.m.ExecutorMetricsLogger - [EXECUTOR-METRICS][BioVerify     [biometricVerifyExecutor]] threads=0/4 queue=0/50 (0%) completed=4
2026-06-22 17:20:12.726 [scheduling-1] INFO  [txId=] [corrId=] c.d.f.i.m.ExecutorMetricsLogger - [EXECUTOR-METRICS][BG-Task       [aiTaskExecutor]] threads=0/5 queue=0/500 (0%) completed=5
2026-06-22 17:20:12.726 [scheduling-1] INFO  [txId=] [corrId=] c.d.f.i.m.ExecutorMetricsLogger - [EXECUTOR-METRICS][RT-Emotion    [realtimeEmotionExecutor]] threads=0/3 queue=0/30 (0%) completed=124
2026-06-22 17:20:12.726 [scheduling-1] INFO  [txId=] [corrId=] c.d.f.i.m.ExecutorMetricsLogger - [EXECUTOR-METRICS][BioVerify     [biometricVerifyExecutor]] threads=0/4 queue=0/50 (0%) completed=4
2026-06-22 17:20:42.728 [scheduling-1] INFO  [txId=] [corrId=] c.d.f.i.m.ExecutorMetricsLogger - [EXECUTOR-METRICS][BG-Task       [aiTaskExecutor]] threads=0/5 queue=0/500 (0%) completed=5
2026-06-22 17:20:42.728 [scheduling-1] INFO  [txId=] [corrId=] c.d.f.i.m.ExecutorMetricsLogger - [EXECUTOR-METRICS][RT-Emotion    [realtimeEmotionExecutor]] threads=0/3 queue=0/30 (0%) completed=124
2026-06-22 17:20:42.728 [scheduling-1] INFO  [txId=] [corrId=] c.d.f.i.m.ExecutorMetricsLogger - [EXECUTOR-METRICS][BioVerify     [biometricVerifyExecutor]] threads=0/4 queue=0/50 (0%) completed=4
2026-06-22 17:20:42.732 [scheduling-1] INFO  [txId=] [corrId=] c.d.f.i.a.PerformanceTracerAspect - [TRACE-JAVA] com.datn.finrisk.core.repository.BiometricSessionRepository.deleteByExpiresAtBefore() executed in 2 ms
2026-06-22 17:20:42.733 [scheduling-1] INFO  [txId=] [corrId=] c.d.f.w.w.BiometricSessionCleanupScheduler - [BIOMETRIC-SCHEDULER] Expired biometric sessions purged from DB
2026-06-22 17:20:42.733 [scheduling-1] INFO  [txId=] [corrId=] c.d.f.w.w.WebSocketMetricsLogger - [WS-METRICS] active_sessions=0 total_buffered_frames=0 total_buffer_size={ Milan}MB
2026-06-22 17:20:42.934 [scheduling-1] INFO  [txId=] [corrId=] c.d.f.i.a.PerformanceTracerAspect - [TRACE-JAVA] com.datn.finrisk.core.repository.TransactionRepository.findStalledTransactionIds() executed in 2 ms
2026-06-22 17:21:12.718 [scheduling-1] INFO  [txId=] [corrId=] c.d.f.i.m.ExecutorMetricsLogger - [EXECUTOR-METRICS][BG-Task       [aiTaskExecutor]] threads=0/5 queue=0/500 (0%) completed=5
2026-06-22 17:21:12.718 [scheduling-1] INFO  [txId=] [corrId=] c.d.f.i.m.ExecutorMetricsLogger - [EXECUTOR-METRICS][RT-Emotion    [realtimeEmotionExecutor]] threads=0/3 queue=0/30 (0%) completed=124
2026-06-22 17:21:12.718 [scheduling-1] INFO  [txId=] [corrId=] c.d.f.i.m.ExecutorMetricsLogger - [EXECUTOR-METRICS][BioVerify     [biometricVerifyExecutor]] threads=0/4 queue=0/50 (0%) completed=4
2026-06-22 17:21:42.719 [scheduling-1] INFO  [txId=] [corrId=] c.d.f.i.m.ExecutorMetricsLogger - [EXECUTOR-METRICS][BG-Task       [aiTaskExecutor]] threads=0/5 queue=0/500 (0%) completed=5
2026-06-22 17:21:42.719 [scheduling-1] INFO  [txId=] [corrId=] c.d.f.i.m.ExecutorMetricsLogger - [EXECUTOR-METRICS][RT-Emotion    [realtimeEmotionExecutor]] threads=0/3 queue=0/30 (0%) completed=124
2026-06-22 17:21:42.719 [scheduling-1] INFO  [txId=] [corrId=] c.d.f.i.m.ExecutorMetricsLogger - [EXECUTOR-METRICS][BioVerify     [biometricVerifyExecutor]] threads=0/4 queue=0/50 (0%) completed=4
2026-06-22 17:22:12.715 [scheduling-1] INFO  [txId=] [corrId=] c.d.f.i.m.ExecutorMetricsLogger - [EXECUTOR-METRICS][BG-Task       [aiTaskExecutor]] threads=0/5 queue=0/500 (0%) completed=5
2026-06-22 17:22:12.716 [scheduling-1] INFO  [txId=] [corrId=] c.d.f.i.m.ExecutorMetricsLogger - [EXECUTOR-METRICS][RT-Emotion    [realtimeEmotionExecutor]] threads=0/3 queue=0/30 (0%) completed=124
2026-06-22 17:22:12.716 [scheduling-1] INFO  [txId=] [corrId=] c.d.f.i.m.ExecutorMetricsLogger - [EXECUTOR-METRICS][BioVerify     [biometricVerifyExecutor]] threads=0/4 queue=0/50 (0%) completed=4
2026-06-22 17:22:42.723 [scheduling-1] INFO  [txId=] [corrId=] c.d.f.i.m.ExecutorMetricsLogger - [EXECUTOR-METRICS][BG-Task       [aiTaskExecutor]] threads=0/5 queue=0/500 (0%) completed=5
2026-06-22 17:22:42.726 [scheduling-1] INFO  [txId=] [corrId=] c.d.f.i.m.ExecutorMetricsLogger - [EXECUTOR-METRICS][RT-Emotion    [realtimeEmotionExecutor]] threads=0/3 queue=0/30 (0%) completed=124
2026-06-22 17:22:42.726 [scheduling-1] INFO  [txId=] [corrId=] c.d.f.i.m.ExecutorMetricsLogger - [EXECUTOR-METRICS][BioVerify     [biometricVerifyExecutor]] threads=0/4 queue=0/50 (0%) completed=4
2026-06-22 17:23:12.714 [scheduling-1] INFO  [txId=] [corrId=] c.d.f.i.m.ExecutorMetricsLogger - [EXECUTOR-METRICS][BG-Task       [aiTaskExecutor]] threads=0/5 queue=0/500 (0%) completed=5
2026-06-22 17:23:12.715 [scheduling-1] INFO  [txId=] [corrId=] c.d.f.i.m.ExecutorMetricsLogger - [EXECUTOR-METRICS][RT-Emotion    [realtimeEmotionExecutor]] threads=0/3 queue=0/30 (0%) completed=124
2026-06-22 17:23:12.715 [scheduling-1] INFO  [txId=] [corrId=] c.d.f.i.m.ExecutorMetricsLogger - [EXECUTOR-METRICS][BioVerify     [biometricVerifyExecutor]] threads=0/4 queue=0/50 (0%) completed=4
2026-06-22 17:23:42.716 [scheduling-1] INFO  [txId=] [corrId=] c.d.f.i.m.ExecutorMetricsLogger - [EXECUTOR-METRICS][BG-Task       [aiTaskExecutor]] threads=0/5 queue=0/500 (0%) completed=5
2026-06-22 17:23:42.717 [scheduling-1] INFO  [txId=] [corrId=] c.d.f.i.m.ExecutorMetricsLogger - [EXECUTOR-METRICS][RT-Emotion    [realtimeEmotionExecutor]] threads=0/3 queue=0/30 (0%) completed=124
2026-06-22 17:23:42.717 [scheduling-1] INFO  [txId=] [corrId=] c.d.f.i.m.ExecutorMetricsLogger - [EXECUTOR-METRICS][BioVerify     [biometricVerifyExecutor]] threads=0/4 queue=0/50 (0%) completed=4
2026-06-22 17:24:12.727 [scheduling-1] INFO  [txId=] [corrId=] c.d.f.i.m.ExecutorMetricsLogger - [EXECUTOR-METRICS][BG-Task       [aiTaskExecutor]] threads=0/5 queue=0/500 (0%) completed=5
2026-06-22 17:24:12.727 [scheduling-1] INFO  [txId=] [corrId=] c.d.f.i.m.ExecutorMetricsLogger - [EXECUTOR-METRICS][RT-Emotion    [realtimeEmotionExecutor]] threads=0/3 queue=0/30 (0%) completed=124
2026-06-22 17:24:12.727 [scheduling-1] INFO  [txId=] [corrId=] c.d.f.i.m.ExecutorMetricsLogger - [EXECUTOR-METRICS][BioVerify     [biometricVerifyExecutor]] threads=0/4 queue=0/50 (0%) completed=4
2026-06-22 17:24:42.723 [scheduling-1] INFO  [txId=] [corrId=] c.d.f.i.m.ExecutorMetricsLogger - [EXECUTOR-METRICS][BG-Task       [aiTaskExecutor]] threads=0/5 queue=0/500 (0%) completed=5
2026-06-22 17:24:42.723 [scheduling-1] INFO  [txId=] [corrId=] c.d.f.i.m.ExecutorMetricsLogger - [EXECUTOR-METRICS][RT-Emotion    [realtimeEmotionExecutor]] threads=0/3 queue=0/30 (0%) completed=124
2026-06-22 17:24:42.723 [scheduling-1] INFO  [txId=] [corrId=] c.d.f.i.m.ExecutorMetricsLogger - [EXECUTOR-METRICS][BioVerify     [biometricVerifyExecutor]] threads=0/4 queue=0/50 (0%) completed=4
2026-06-22 17:25:12.721 [scheduling-1] INFO  [txId=] [corrId=] c.d.f.i.m.ExecutorMetricsLogger - [EXECUTOR-METRICS][BG-Task       [aiTaskExecutor]] threads=0/5 queue=0/500 (0%) completed=5
2026-06-22 17:25:12.721 [scheduling-1] INFO  [txId=] [corrId=] c.d.f.i.m.ExecutorMetricsLogger - [EXECUTOR-METRICS][RT-Emotion    [realtimeEmotionExecutor]] threads=0/3 queue=0/30 (0%) completed=124
2026-06-22 17:25:12.721 [scheduling-1] INFO  [txId=] [corrId=] c.d.f.i.m.ExecutorMetricsLogger - [EXECUTOR-METRICS][BioVerify     [biometricVerifyExecutor]] threads=0/4 queue=0/50 (0%) completed=4
2026-06-22 17:25:42.713 [scheduling-1] INFO  [txId=] [corrId=] c.d.f.i.m.ExecutorMetricsLogger - [EXECUTOR-METRICS][BG-Task       [aiTaskExecutor]] threads=0/5 queue=0/500 (0%) completed=5
2026-06-22 17:25:42.714 [scheduling-1] INFO  [txId=] [corrId=] c.d.f.i.m.ExecutorMetricsLogger - [EXECUTOR-METRICS][RT-Emotion    [realtimeEmotionExecutor]] threads=0/3 queue=0/30 (0%) completed=124
2026-06-22 17:25:42.714 [scheduling-1] INFO  [txId=] [corrId=] c.d.f.i.m.ExecutorMetricsLogger - [EXECUTOR-METRICS][BioVerify     [biometricVerifyExecutor]] threads=0/4 queue=0/50 (0%) completed=4
2026-06-22 17:25:42.718 [scheduling-1] INFO  [txId=] [corrId=] c.d.f.i.a.PerformanceTracerAspect - [TRACE-JAVA] com.datn.finrisk.core.repository.BiometricSessionRepository.deleteByExpiresAtBefore() executed in 3 ms
2026-06-22 17:25:42.718 [scheduling-1] INFO  [txId=] [corrId=] c.d.f.w.w.BiometricSessionCleanupScheduler - [BIOMETRIC-SCHEDULER] Expired biometric sessions purged from DB
2026-06-22 17:25:42.719 [scheduling-1] INFO  [txId=] [corrId=] c.d.f.w.w.WebSocketMetricsLogger - [WS-METRICS] active_sessions=0 total_buffered_frames=0 total_buffer_size={ Milan}MB
2026-06-22 17:25:42.951 [scheduling-1] INFO  [txId=] [corrId=] c.d.f.i.a.PerformanceTracerAspect - [TRACE-JAVA] com.datn.finrisk.core.repository.TransactionRepository.findStalledTransactionIds() executed in 2 ms
2026-06-22 17:26:12.723 [scheduling-1] INFO  [txId=] [corrId=] c.d.f.i.m.ExecutorMetricsLogger - [EXECUTOR-METRICS][BG-Task       [aiTaskExecutor]] threads=0/5 queue=0/500 (0%) completed=5
2026-06-22 17:26:12.723 [scheduling-1] INFO  [txId=] [corrId=] c.d.f.i.m.ExecutorMetricsLogger - [EXECUTOR-METRICS][RT-Emotion    [realtimeEmotionExecutor]] threads=0/3 queue=0/30 (0%) completed=124
2026-06-22 17:26:12.723 [scheduling-1] INFO  [txId=] [corrId=] c.d.f.i.m.ExecutorMetricsLogger - [EXECUTOR-METRICS][BioVerify     [biometricVerifyExecutor]] threads=0/4 queue=0/50 (0%) completed=4
2026-06-22 17:26:42.714 [scheduling-1] INFO  [txId=] [corrId=] c.d.f.i.m.ExecutorMetricsLogger - [EXECUTOR-METRICS][BG-Task       [aiTaskExecutor]] threads=0/5 queue=0/500 (0%) completed=5
2026-06-22 17:26:42.714 [scheduling-1] INFO  [txId=] [corrId=] c.d.f.i.m.ExecutorMetricsLogger - [EXECUTOR-METRICS][RT-Emotion    [realtimeEmotionExecutor]] threads=0/3 queue=0/30 (0%) completed=124
2026-06-22 17:26:42.714 [scheduling-1] INFO  [txId=] [corrId=] c.d.f.i.m.ExecutorMetricsLogger - [EXECUTOR-METRICS][BioVerify     [biometricVerifyExecutor]] threads=0/4 queue=0/50 (0%) completed=4
2026-06-22 17:27:12.718 [scheduling-1] INFO  [txId=] [corrId=] c.d.f.i.m.ExecutorMetricsLogger - [EXECUTOR-METRICS][BG-Task       [aiTaskExecutor]] threads=0/5 queue=0/500 (0%) completed=5
2026-06-22 17:27:12.718 [scheduling-1] INFO  [txId=] [corrId=] c.d.f.i.m.ExecutorMetricsLogger - [EXECUTOR-METRICS][RT-Emotion    [realtimeEmotionExecutor]] threads=0/3 queue=0/30 (0%) completed=124
2026-06-22 17:27:12.718 [scheduling-1] INFO  [txId=] [corrId=] c.d.f.i.m.ExecutorMetricsLogger - [EXECUTOR-METRICS][BioVerify     [biometricVerifyExecutor]] threads=0/4 queue=0/50 (0%) completed=4
2026-06-22 17:27:13.150 [http-nio-8081-exec-5] ERROR [txId=] [corrId=c208c5279aa5] c.d.finrisk.core.security.JwtUtils - Token JWT đã hết hạn: JWT expired 723150 milliseconds ago at 2026-06-22T10:15:10.000Z. Current time: 2026-06-22T10:27:13.150Z. Allowed clock skew: 0 milliseconds.
2026-06-22 17:27:13.150 [http-nio-8081-exec-8] ERROR [txId=] [corrId=db63546d29e5] c.d.finrisk.core.security.JwtUtils - Token JWT đã hết hạn: JWT expired 723150 milliseconds ago at 2026-06-22T10:15:10.000Z. Current time: 2026-06-22T10:27:13.150Z. Allowed clock skew: 0 milliseconds.
2026-06-22 17:27:13.173 [http-nio-8081-exec-4] INFO  [txId=] [corrId=8772e2d872c1] c.d.f.i.a.PerformanceTracerAspect - [TRACE-JAVA] com.datn.finrisk.core.repository.UserRepository.findByUsername() executed in 7 ms
2026-06-22 17:27:13.173 [http-nio-8081-exec-6] INFO  [txId=] [corrId=492a03bf9ec1] c.d.f.i.a.PerformanceTracerAspect - [TRACE-JAVA] com.datn.finrisk.core.repository.UserRepository.findByUsername() executed in 7 ms
2026-06-22 17:27:13.186 [http-nio-8081-exec-6] INFO  [txId=] [corrId=492a03bf9ec1] c.d.f.i.a.PerformanceTracerAspect - [TRACE-JAVA] com.datn.finrisk.web.controllers.AuthController.refreshToken() executed in 21 ms
2026-06-22 17:27:13.186 [http-nio-8081-exec-4] INFO  [txId=] [corrId=8772e2d872c1] c.d.f.i.a.PerformanceTracerAspect - [TRACE-JAVA] com.datn.finrisk.web.controllers.AuthController.refreshToken() executed in 21 ms
2026-06-22 17:27:13.198 [http-nio-8081-exec-9] INFO  [txId=] [corrId=b33be507615d] c.d.f.i.a.PerformanceTracerAspect - [TRACE-JAVA] com.datn.finrisk.core.services.JwtBlocklistService.isBlocked() executed in 4 ms
2026-06-22 17:27:13.231 [http-nio-8081-exec-2] INFO  [txId=] [corrId=1247eb7acbc0] c.d.f.i.a.PerformanceTracerAspect - [TRACE-JAVA] com.datn.finrisk.core.services.JwtBlocklistService.isBlocked() executed in 0 ms
2026-06-22 17:27:13.243 [http-nio-8081-exec-2] INFO  [txId=] [corrId=1247eb7acbc0] c.d.f.i.a.PerformanceTracerAspect - [TRACE-JAVA] com.datn.finrisk.core.services.AdminTransactionService.getTransactions() executed in 10 ms
2026-06-22 17:27:13.243 [http-nio-8081-exec-2] INFO  [txId=] [corrId=1247eb7acbc0] c.d.f.i.a.PerformanceTracerAspect - [TRACE-JAVA] com.datn.finrisk.web.controllers.AdminTransactionController.getAllTransactions() executed in 10 ms
2026-06-22 17:27:13.886 [http-nio-8081-exec-9] INFO  [txId=] [corrId=b33be507615d] c.d.f.i.a.PerformanceTracerAspect - [TRACE-JAVA] com.datn.finrisk.core.repository.TransactionRepository.findRecipientNamesBulk() executed in 2 ms
2026-06-22 17:27:13.886 [http-nio-8081-exec-9] INFO  [txId=] [corrId=b33be507615d] c.d.f.i.a.PerformanceTracerAspect - [TRACE-JAVA] com.datn.finrisk.core.services.AdminTransactionService.getTransactions() executed in 685 ms
2026-06-22 17:27:13.886 [http-nio-8081-exec-9] INFO  [txId=] [corrId=b33be507615d] c.d.f.i.a.PerformanceTracerAspect - [TRACE-JAVA] com.datn.finrisk.web.controllers.AdminTransactionController.getAllTransactions() executed in 685 ms
2026-06-22 17:27:24.141 [http-nio-8081-exec-5] INFO  [txId=] [corrId=6a0fd1e322d9] c.d.f.i.a.PerformanceTracerAspect - [TRACE-JAVA] com.datn.finrisk.core.services.JwtBlocklistService.isBlocked() executed in 1 ms
2026-06-22 17:27:24.141 [http-nio-8081-exec-8] INFO  [txId=] [corrId=0ca35b229f57] c.d.f.i.a.PerformanceTracerAspect - [TRACE-JAVA] com.datn.finrisk.core.services.JwtBlocklistService.isBlocked() executed in 1 ms
2026-06-22 17:27:24.152 [http-nio-8081-exec-5] INFO  [txId=] [corrId=6a0fd1e322d9] c.d.f.i.a.PerformanceTracerAspect - [TRACE-JAVA] com.datn.finrisk.core.services.AdminTransactionService.getTransactions() executed in 10 ms
2026-06-22 17:27:24.152 [http-nio-8081-exec-5] INFO  [txId=] [corrId=6a0fd1e322d9] c.d.f.i.a.PerformanceTracerAspect - [TRACE-JAVA] com.datn.finrisk.web.controllers.AdminTransactionController.getAllTransactions() executed in 10 ms
2026-06-22 17:27:24.594 [http-nio-8081-exec-8] INFO  [txId=] [corrId=0ca35b229f57] c.d.f.i.a.PerformanceTracerAspect - [TRACE-JAVA] com.datn.finrisk.core.repository.TransactionRepository.findRecipientNamesBulk() executed in 2 ms
2026-06-22 17:27:24.595 [http-nio-8081-exec-8] INFO  [txId=] [corrId=0ca35b229f57] c.d.f.i.a.PerformanceTracerAspect - [TRACE-JAVA] com.datn.finrisk.core.services.AdminTransactionService.getTransactions() executed in 453 ms
2026-06-22 17:27:24.595 [http-nio-8081-exec-8] INFO  [txId=] [corrId=0ca35b229f57] c.d.f.i.a.PerformanceTracerAspect - [TRACE-JAVA] com.datn.finrisk.web.controllers.AdminTransactionController.getAllTransactions() executed in 453 ms
2026-06-22 17:27:42.718 [scheduling-1] INFO  [txId=] [corrId=] c.d.f.i.m.ExecutorMetricsLogger - [EXECUTOR-METRICS][BG-Task       [aiTaskExecutor]] threads=0/5 queue=0/500 (0%) completed=5
2026-06-22 17:27:42.719 [scheduling-1] INFO  [txId=] [corrId=] c.d.f.i.m.ExecutorMetricsLogger - [EXECUTOR-METRICS][RT-Emotion    [realtimeEmotionExecutor]] threads=0/3 queue=0/30 (0%) completed=124
2026-06-22 17:27:42.719 [scheduling-1] INFO  [txId=] [corrId=] c.d.f.i.m.ExecutorMetricsLogger - [EXECUTOR-METRICS][BioVerify     [biometricVerifyExecutor]] threads=0/4 queue=0/50 (0%) completed=4
2026-06-22 17:28:12.720 [scheduling-1] INFO  [txId=] [corrId=] c.d.f.i.m.ExecutorMetricsLogger - [EXECUTOR-METRICS][BG-Task       [aiTaskExecutor]] threads=0/5 queue=0/500 (0%) completed=5
2026-06-22 17:28:12.720 [scheduling-1] INFO  [txId=] [corrId=] c.d.f.i.m.ExecutorMetricsLogger - [EXECUTOR-METRICS][RT-Emotion    [realtimeEmotionExecutor]] threads=0/3 queue=0/30 (0%) completed=124
2026-06-22 17:28:12.721 [scheduling-1] INFO  [txId=] [corrId=] c.d.f.i.m.ExecutorMetricsLogger - [EXECUTOR-METRICS][BioVerify     [biometricVerifyExecutor]] threads=0/4 queue=0/50 (0%) completed=4
2026-06-22 17:28:42.714 [scheduling-1] INFO  [txId=] [corrId=] c.d.f.i.m.ExecutorMetricsLogger - [EXECUTOR-METRICS][BG-Task       [aiTaskExecutor]] threads=0/5 queue=0/500 (0%) completed=5
2026-06-22 17:28:42.714 [scheduling-1] INFO  [txId=] [corrId=] c.d.f.i.m.ExecutorMetricsLogger - [EXECUTOR-METRICS][RT-Emotion    [realtimeEmotionExecutor]] threads=0/3 queue=0/30 (0%) completed=124
2026-06-22 17:28:42.714 [scheduling-1] INFO  [txId=] [corrId=] c.d.f.i.m.ExecutorMetricsLogger - [EXECUTOR-METRICS][BioVerify     [biometricVerifyExecutor]] threads=0/4 queue=0/50 (0%) completed=4
2026-06-22 17:29:12.721 [scheduling-1] INFO  [txId=] [corrId=] c.d.f.i.m.ExecutorMetricsLogger - [EXECUTOR-METRICS][BG-Task       [aiTaskExecutor]] threads=0/5 queue=0/500 (0%) completed=5
2026-06-22 17:29:12.721 [scheduling-1] INFO  [txId=] [corrId=] c.d.f.i.m.ExecutorMetricsLogger - [EXECUTOR-METRICS][RT-Emotion    [realtimeEmotionExecutor]] threads=0/3 queue=0/30 (0%) completed=124
2026-06-22 17:29:12.721 [scheduling-1] INFO  [txId=] [corrId=] c.d.f.i.m.ExecutorMetricsLogger - [EXECUTOR-METRICS][BioVerify     [biometricVerifyExecutor]] threads=0/4 queue=0/50 (0%) completed=4
2026-06-22 17:29:42.714 [scheduling-1] INFO  [txId=] [corrId=] c.d.f.i.m.ExecutorMetricsLogger - [EXECUTOR-METRICS][BG-Task       [aiTaskExecutor]] threads=0/5 queue=0/500 (0%) completed=5
2026-06-22 17:29:42.714 [scheduling-1] INFO  [txId=] [corrId=] c.d.f.i.m.ExecutorMetricsLogger - [EXECUTOR-METRICS][RT-Emotion    [realtimeEmotionExecutor]] threads=0/3 queue=0/30 (0%) completed=124
2026-06-22 17:29:42.714 [scheduling-1] INFO  [txId=] [corrId=] c.d.f.i.m.ExecutorMetricsLogger - [EXECUTOR-METRICS][BioVerify     [biometricVerifyExecutor]] threads=0/4 queue=0/50 (0%) completed=4
2026-06-22 17:30:12.721 [scheduling-1] INFO  [txId=] [corrId=] c.d.f.i.m.ExecutorMetricsLogger - [EXECUTOR-METRICS][BG-Task       [aiTaskExecutor]] threads=0/5 queue=0/500 (0%) completed=5
2026-06-22 17:30:12.721 [scheduling-1] INFO  [txId=] [corrId=] c.d.f.i.m.ExecutorMetricsLogger - [EXECUTOR-METRICS][RT-Emotion    [realtimeEmotionExecutor]] threads=0/3 queue=0/30 (0%) completed=124
2026-06-22 17:30:12.721 [scheduling-1] INFO  [txId=] [corrId=] c.d.f.i.m.ExecutorMetricsLogger - [EXECUTOR-METRICS][BioVerify     [biometricVerifyExecutor]] threads=0/4 queue=0/50 (0%) completed=4
2026-06-22 17:30:42.720 [scheduling-1] INFO  [txId=] [corrId=] c.d.f.i.m.ExecutorMetricsLogger - [EXECUTOR-METRICS][BG-Task       [aiTaskExecutor]] threads=0/5 queue=0/500 (0%) completed=5
2026-06-22 17:30:42.720 [scheduling-1] INFO  [txId=] [corrId=] c.d.f.i.m.ExecutorMetricsLogger - [EXECUTOR-METRICS][RT-Emotion    [realtimeEmotionExecutor]] threads=0/3 queue=0/30 (0%) completed=124
2026-06-22 17:30:42.720 [scheduling-1] INFO  [txId=] [corrId=] c.d.f.i.m.ExecutorMetricsLogger - [EXECUTOR-METRICS][BioVerify     [biometricVerifyExecutor]] threads=0/4 queue=0/50 (0%) completed=4
2026-06-22 17:30:42.725 [scheduling-1] INFO  [txId=] [corrId=] c.d.f.i.a.PerformanceTracerAspect - [TRACE-JAVA] com.datn.finrisk.core.repository.BiometricSessionRepository.deleteByExpiresAtBefore() executed in 4 ms
2026-06-22 17:30:42.725 [scheduling-1] INFO  [txId=] [corrId=] c.d.f.w.w.BiometricSessionCleanupScheduler - [BIOMETRIC-SCHEDULER] Expired biometric sessions purged from DB
2026-06-22 17:30:42.726 [scheduling-1] INFO  [txId=] [corrId=] c.d.f.w.w.WebSocketMetricsLogger - [WS-METRICS] active_sessions=0 total_buffered_frames=0 total_buffer_size={ Milan}MB
2026-06-22 17:30:43.015 [scheduling-1] INFO  [txId=] [corrId=] c.d.f.i.a.PerformanceTracerAspect - [TRACE-JAVA] com.datn.finrisk.core.repository.TransactionRepository.findStalledTransactionIds() executed in 62 ms
2026-06-22 17:31:12.723 [scheduling-1] INFO  [txId=] [corrId=] c.d.f.i.m.ExecutorMetricsLogger - [EXECUTOR-METRICS][BG-Task       [aiTaskExecutor]] threads=0/5 queue=0/500 (0%) completed=5
2026-06-22 17:31:12.723 [scheduling-1] INFO  [txId=] [corrId=] c.d.f.i.m.ExecutorMetricsLogger - [EXECUTOR-METRICS][RT-Emotion    [realtimeEmotionExecutor]] threads=0/3 queue=0/30 (0%) completed=124
2026-06-22 17:31:12.723 [scheduling-1] INFO  [txId=] [corrId=] c.d.f.i.m.ExecutorMetricsLogger - [EXECUTOR-METRICS][BioVerify     [biometricVerifyExecutor]] threads=0/4 queue=0/50 (0%) completed=4
2026-06-22 17:31:42.716 [scheduling-1] INFO  [txId=] [corrId=] c.d.f.i.m.ExecutorMetricsLogger - [EXECUTOR-METRICS][BG-Task       [aiTaskExecutor]] threads=0/5 queue=0/500 (0%) completed=5
2026-06-22 17:31:42.716 [scheduling-1] INFO  [txId=] [corrId=] c.d.f.i.m.ExecutorMetricsLogger - [EXECUTOR-METRICS][RT-Emotion    [realtimeEmotionExecutor]] threads=0/3 queue=0/30 (0%) completed=124
2026-06-22 17:31:42.716 [scheduling-1] INFO  [txId=] [corrId=] c.d.f.i.m.ExecutorMetricsLogger - [EXECUTOR-METRICS][BioVerify     [biometricVerifyExecutor]] threads=0/4 queue=0/50 (0%) completed=4
2026-06-22 17:32:12.721 [scheduling-1] INFO  [txId=] [corrId=] c.d.f.i.m.ExecutorMetricsLogger - [EXECUTOR-METRICS][BG-Task       [aiTaskExecutor]] threads=0/5 queue=0/500 (0%) completed=5
2026-06-22 17:32:12.722 [scheduling-1] INFO  [txId=] [corrId=] c.d.f.i.m.ExecutorMetricsLogger - [EXECUTOR-METRICS][RT-Emotion    [realtimeEmotionExecutor]] threads=0/3 queue=0/30 (0%) completed=124
2026-06-22 17:32:12.722 [scheduling-1] INFO  [txId=] [corrId=] c.d.f.i.m.ExecutorMetricsLogger - [EXECUTOR-METRICS][BioVerify     [biometricVerifyExecutor]] threads=0/4 queue=0/50 (0%) completed=4
2026-06-22 17:32:42.720 [scheduling-1] INFO  [txId=] [corrId=] c.d.f.i.m.ExecutorMetricsLogger - [EXECUTOR-METRICS][BG-Task       [aiTaskExecutor]] threads=0/5 queue=0/500 (0%) completed=5
2026-06-22 17:32:42.720 [scheduling-1] INFO  [txId=] [corrId=] c.d.f.i.m.ExecutorMetricsLogger - [EXECUTOR-METRICS][RT-Emotion    [realtimeEmotionExecutor]] threads=0/3 queue=0/30 (0%) completed=124
2026-06-22 17:32:42.720 [scheduling-1] INFO  [txId=] [corrId=] c.d.f.i.m.ExecutorMetricsLogger - [EXECUTOR-METRICS][BioVerify     [biometricVerifyExecutor]] threads=0/4 queue=0/50 (0%) completed=4
2026-06-22 17:33:12.723 [scheduling-1] INFO  [txId=] [corrId=] c.d.f.i.m.ExecutorMetricsLogger - [EXECUTOR-METRICS][BG-Task       [aiTaskExecutor]] threads=0/5 queue=0/500 (0%) completed=5
2026-06-22 17:33:12.723 [scheduling-1] INFO  [txId=] [corrId=] c.d.f.i.m.ExecutorMetricsLogger - [EXECUTOR-METRICS][RT-Emotion    [realtimeEmotionExecutor]] threads=0/3 queue=0/30 (0%) completed=124
2026-06-22 17:33:12.723 [scheduling-1] INFO  [txId=] [corrId=] c.d.f.i.m.ExecutorMetricsLogger - [EXECUTOR-METRICS][BioVerify     [biometricVerifyExecutor]] threads=0/4 queue=0/50 (0%) completed=4
2026-06-22 17:33:42.724 [scheduling-1] INFO  [txId=] [corrId=] c.d.f.i.m.ExecutorMetricsLogger - [EXECUTOR-METRICS][BG-Task       [aiTaskExecutor]] threads=0/5 queue=0/500 (0%) completed=5
2026-06-22 17:33:42.724 [scheduling-1] INFO  [txId=] [corrId=] c.d.f.i.m.ExecutorMetricsLogger - [EXECUTOR-METRICS][RT-Emotion    [realtimeEmotionExecutor]] threads=0/3 queue=0/30 (0%) completed=124
2026-06-22 17:33:42.724 [scheduling-1] INFO  [txId=] [corrId=] c.d.f.i.m.ExecutorMetricsLogger - [EXECUTOR-METRICS][BioVerify     [biometricVerifyExecutor]] threads=0/4 queue=0/50 (0%) completed=4
2026-06-22 17:34:12.719 [scheduling-1] INFO  [txId=] [corrId=] c.d.f.i.m.ExecutorMetricsLogger - [EXECUTOR-METRICS][BG-Task       [aiTaskExecutor]] threads=0/5 queue=0/500 (0%) completed=5
2026-06-22 17:34:12.719 [scheduling-1] INFO  [txId=] [corrId=] c.d.f.i.m.ExecutorMetricsLogger - [EXECUTOR-METRICS][RT-Emotion    [realtimeEmotionExecutor]] threads=0/3 queue=0/30 (0%) completed=124
2026-06-22 17:34:12.719 [scheduling-1] INFO  [txId=] [corrId=] c.d.f.i.m.ExecutorMetricsLogger - [EXECUTOR-METRICS][BioVerify     [biometricVerifyExecutor]] threads=0/4 queue=0/50 (0%) completed=4
2026-06-22 17:34:42.724 [scheduling-1] INFO  [txId=] [corrId=] c.d.f.i.m.ExecutorMetricsLogger - [EXECUTOR-METRICS][BG-Task       [aiTaskExecutor]] threads=0/5 queue=0/500 (0%) completed=5
2026-06-22 17:34:42.724 [scheduling-1] INFO  [txId=] [corrId=] c.d.f.i.m.ExecutorMetricsLogger - [EXECUTOR-METRICS][RT-Emotion    [realtimeEmotionExecutor]] threads=0/3 queue=0/30 (0%) completed=124
2026-06-22 17:34:42.724 [scheduling-1] INFO  [txId=] [corrId=] c.d.f.i.m.ExecutorMetricsLogger - [EXECUTOR-METRICS][BioVerify     [biometricVerifyExecutor]] threads=0/4 queue=0/50 (0%) completed=4
2026-06-22 17:35:12.724 [scheduling-1] INFO  [txId=] [corrId=] c.d.f.i.m.ExecutorMetricsLogger - [EXECUTOR-METRICS][BG-Task       [aiTaskExecutor]] threads=0/5 queue=0/500 (0%) completed=5
2026-06-22 17:35:12.724 [scheduling-1] INFO  [txId=] [corrId=] c.d.f.i.m.ExecutorMetricsLogger - [EXECUTOR-METRICS][RT-Emotion    [realtimeEmotionExecutor]] threads=0/3 queue=0/30 (0%) completed=124
2026-06-22 17:35:12.724 [scheduling-1] INFO  [txId=] [corrId=] c.d.f.i.m.ExecutorMetricsLogger - [EXECUTOR-METRICS][BioVerify     [biometricVerifyExecutor]] threads=0/4 queue=0/50 (0%) completed=4
2026-06-22 17:35:42.715 [scheduling-1] INFO  [txId=] [corrId=] c.d.f.i.m.ExecutorMetricsLogger - [EXECUTOR-METRICS][BG-Task       [aiTaskExecutor]] threads=0/5 queue=0/500 (0%) completed=5
2026-06-22 17:35:42.715 [scheduling-1] INFO  [txId=] [corrId=] c.d.f.i.m.ExecutorMetricsLogger - [EXECUTOR-METRICS][RT-Emotion    [realtimeEmotionExecutor]] threads=0/3 queue=0/30 (0%) completed=124
2026-06-22 17:35:42.715 [scheduling-1] INFO  [txId=] [corrId=] c.d.f.i.m.ExecutorMetricsLogger - [EXECUTOR-METRICS][BioVerify     [biometricVerifyExecutor]] threads=0/4 queue=0/50 (0%) completed=4
2026-06-22 17:35:42.720 [scheduling-1] INFO  [txId=] [corrId=] c.d.f.i.a.PerformanceTracerAspect - [TRACE-JAVA] com.datn.finrisk.core.repository.BiometricSessionRepository.deleteByExpiresAtBefore() executed in 4 ms
2026-06-22 17:35:42.720 [scheduling-1] INFO  [txId=] [corrId=] c.d.f.w.w.BiometricSessionCleanupScheduler - [BIOMETRIC-SCHEDULER] Expired biometric sessions purged from DB
2026-06-22 17:35:42.721 [scheduling-1] INFO  [txId=] [corrId=] c.d.f.w.w.WebSocketMetricsLogger - [WS-METRICS] active_sessions=0 total_buffered_frames=0 total_buffer_size={ Milan}MB
2026-06-22 17:35:43.031 [scheduling-1] INFO  [txId=] [corrId=] c.d.f.i.a.PerformanceTracerAspect - [TRACE-JAVA] com.datn.finrisk.core.repository.TransactionRepository.findStalledTransactionIds() executed in 3 ms
2026-06-22 17:36:12.726 [scheduling-1] INFO  [txId=] [corrId=] c.d.f.i.m.ExecutorMetricsLogger - [EXECUTOR-METRICS][BG-Task       [aiTaskExecutor]] threads=0/5 queue=0/500 (0%) completed=5
2026-06-22 17:36:12.726 [scheduling-1] INFO  [txId=] [corrId=] c.d.f.i.m.ExecutorMetricsLogger - [EXECUTOR-METRICS][RT-Emotion    [realtimeEmotionExecutor]] threads=0/3 queue=0/30 (0%) completed=124
2026-06-22 17:36:12.726 [scheduling-1] INFO  [txId=] [corrId=] c.d.f.i.m.ExecutorMetricsLogger - [EXECUTOR-METRICS][BioVerify     [biometricVerifyExecutor]] threads=0/4 queue=0/50 (0%) completed=4
2026-06-22 17:36:42.725 [scheduling-1] INFO  [txId=] [corrId=] c.d.f.i.m.ExecutorMetricsLogger - [EXECUTOR-METRICS][BG-Task       [aiTaskExecutor]] threads=0/5 queue=0/500 (0%) completed=5
2026-06-22 17:36:42.725 [scheduling-1] INFO  [txId=] [corrId=] c.d.f.i.m.ExecutorMetricsLogger - [EXECUTOR-METRICS][RT-Emotion    [realtimeEmotionExecutor]] threads=0/3 queue=0/30 (0%) completed=124
2026-06-22 17:36:42.726 [scheduling-1] INFO  [txId=] [corrId=] c.d.f.i.m.ExecutorMetricsLogger - [EXECUTOR-METRICS][BioVerify     [biometricVerifyExecutor]] threads=0/4 queue=0/50 (0%) completed=4
2026-06-22 17:37:12.714 [scheduling-1] INFO  [txId=] [corrId=] c.d.f.i.m.ExecutorMetricsLogger - [EXECUTOR-METRICS][BG-Task       [aiTaskExecutor]] threads=0/5 queue=0/500 (0%) completed=5
2026-06-22 17:37:12.715 [scheduling-1] INFO  [txId=] [corrId=] c.d.f.i.m.ExecutorMetricsLogger - [EXECUTOR-METRICS][RT-Emotion    [realtimeEmotionExecutor]] threads=0/3 queue=0/30 (0%) completed=124
2026-06-22 17:37:12.715 [scheduling-1] INFO  [txId=] [corrId=] c.d.f.i.m.ExecutorMetricsLogger - [EXECUTOR-METRICS][BioVerify     [biometricVerifyExecutor]] threads=0/4 queue=0/50 (0%) completed=4
2026-06-22 17:37:42.727 [scheduling-1] INFO  [txId=] [corrId=] c.d.f.i.m.ExecutorMetricsLogger - [EXECUTOR-METRICS][BG-Task       [aiTaskExecutor]] threads=0/5 queue=0/500 (0%) completed=5
2026-06-22 17:37:42.727 [scheduling-1] INFO  [txId=] [corrId=] c.d.f.i.m.ExecutorMetricsLogger - [EXECUTOR-METRICS][RT-Emotion    [realtimeEmotionExecutor]] threads=0/3 queue=0/30 (0%) completed=124
2026-06-22 17:37:42.727 [scheduling-1] INFO  [txId=] [corrId=] c.d.f.i.m.ExecutorMetricsLogger - [EXECUTOR-METRICS][BioVerify     [biometricVerifyExecutor]] threads=0/4 queue=0/50 (0%) completed=4
2026-06-22 17:38:12.715 [scheduling-1] INFO  [txId=] [corrId=] c.d.f.i.m.ExecutorMetricsLogger - [EXECUTOR-METRICS][BG-Task       [aiTaskExecutor]] threads=0/5 queue=0/500 (0%) completed=5
2026-06-22 17:38:12.715 [scheduling-1] INFO  [txId=] [corrId=] c.d.f.i.m.ExecutorMetricsLogger - [EXECUTOR-METRICS][RT-Emotion    [realtimeEmotionExecutor]] threads=0/3 queue=0/30 (0%) completed=124
2026-06-22 17:38:12.715 [scheduling-1] INFO  [txId=] [corrId=] c.d.f.i.m.ExecutorMetricsLogger - [EXECUTOR-METRICS][BioVerify     [biometricVerifyExecutor]] threads=0/4 queue=0/50 (0%) completed=4
2026-06-22 17:38:42.716 [scheduling-1] INFO  [txId=] [corrId=] c.d.f.i.m.ExecutorMetricsLogger - [EXECUTOR-METRICS][BG-Task       [aiTaskExecutor]] threads=0/5 queue=0/500 (0%) completed=5
2026-06-22 17:38:42.716 [scheduling-1] INFO  [txId=] [corrId=] c.d.f.i.m.ExecutorMetricsLogger - [EXECUTOR-METRICS][RT-Emotion    [realtimeEmotionExecutor]] threads=0/3 queue=0/30 (0%) completed=124
2026-06-22 17:38:42.716 [scheduling-1] INFO  [txId=] [corrId=] c.d.f.i.m.ExecutorMetricsLogger - [EXECUTOR-METRICS][BioVerify     [biometricVerifyExecutor]] threads=0/4 queue=0/50 (0%) completed=4
2026-06-22 17:39:12.717 [scheduling-1] INFO  [txId=] [corrId=] c.d.f.i.m.ExecutorMetricsLogger - [EXECUTOR-METRICS][BG-Task       [aiTaskExecutor]] threads=0/5 queue=0/500 (0%) completed=5
2026-06-22 17:39:12.717 [scheduling-1] INFO  [txId=] [corrId=] c.d.f.i.m.ExecutorMetricsLogger - [EXECUTOR-METRICS][RT-Emotion    [realtimeEmotionExecutor]] threads=0/3 queue=0/30 (0%) completed=124
2026-06-22 17:39:12.717 [scheduling-1] INFO  [txId=] [corrId=] c.d.f.i.m.ExecutorMetricsLogger - [EXECUTOR-METRICS][BioVerify     [biometricVerifyExecutor]] threads=0/4 queue=0/50 (0%) completed=4
2026-06-22 17:39:42.718 [scheduling-1] INFO  [txId=] [corrId=] c.d.f.i.m.ExecutorMetricsLogger - [EXECUTOR-METRICS][BG-Task       [aiTaskExecutor]] threads=0/5 queue=0/500 (0%) completed=5
2026-06-22 17:39:42.718 [scheduling-1] INFO  [txId=] [corrId=] c.d.f.i.m.ExecutorMetricsLogger - [EXECUTOR-METRICS][RT-Emotion    [realtimeEmotionExecutor]] threads=0/3 queue=0/30 (0%) completed=124
2026-06-22 17:39:42.718 [scheduling-1] INFO  [txId=] [corrId=] c.d.f.i.m.ExecutorMetricsLogger - [EXECUTOR-METRICS][BioVerify     [biometricVerifyExecutor]] threads=0/4 queue=0/50 (0%) completed=4
2026-06-22 17:40:12.715 [scheduling-1] INFO  [txId=] [corrId=] c.d.f.i.m.ExecutorMetricsLogger - [EXECUTOR-METRICS][BG-Task       [aiTaskExecutor]] threads=0/5 queue=0/500 (0%) completed=5
2026-06-22 17:40:12.715 [scheduling-1] INFO  [txId=] [corrId=] c.d.f.i.m.ExecutorMetricsLogger - [EXECUTOR-METRICS][RT-Emotion    [realtimeEmotionExecutor]] threads=0/3 queue=0/30 (0%) completed=124
2026-06-22 17:40:12.715 [scheduling-1] INFO  [txId=] [corrId=] c.d.f.i.m.ExecutorMetricsLogger - [EXECUTOR-METRICS][BioVerify     [biometricVerifyExecutor]] threads=0/4 queue=0/50 (0%) completed=4
2026-06-22 17:40:42.719 [scheduling-1] INFO  [txId=] [corrId=] c.d.f.i.m.ExecutorMetricsLogger - [EXECUTOR-METRICS][BG-Task       [aiTaskExecutor]] threads=0/5 queue=0/500 (0%) completed=5
2026-06-22 17:40:42.719 [scheduling-1] INFO  [txId=] [corrId=] c.d.f.i.m.ExecutorMetricsLogger - [EXECUTOR-METRICS][RT-Emotion    [realtimeEmotionExecutor]] threads=0/3 queue=0/30 (0%) completed=124
2026-06-22 17:40:42.719 [scheduling-1] INFO  [txId=] [corrId=] c.d.f.i.m.ExecutorMetricsLogger - [EXECUTOR-METRICS][BioVerify     [biometricVerifyExecutor]] threads=0/4 queue=0/50 (0%) completed=4
2026-06-22 17:40:42.723 [scheduling-1] INFO  [txId=] [corrId=] c.d.f.i.a.PerformanceTracerAspect - [TRACE-JAVA] com.datn.finrisk.core.repository.BiometricSessionRepository.deleteByExpiresAtBefore() executed in 3 ms
2026-06-22 17:40:42.723 [scheduling-1] INFO  [txId=] [corrId=] c.d.f.w.w.BiometricSessionCleanupScheduler - [BIOMETRIC-SCHEDULER] Expired biometric sessions purged from DB
2026-06-22 17:40:42.723 [scheduling-1] INFO  [txId=] [corrId=] c.d.f.w.w.WebSocketMetricsLogger - [WS-METRICS] active_sessions=0 total_buffered_frames=0 total_buffer_size={ Milan}MB
2026-06-22 17:40:43.047 [scheduling-1] INFO  [txId=] [corrId=] c.d.f.i.a.PerformanceTracerAspect - [TRACE-JAVA] com.datn.finrisk.core.repository.TransactionRepository.findStalledTransactionIds() executed in 3 ms
2026-06-22 17:41:12.723 [scheduling-1] INFO  [txId=] [corrId=] c.d.f.i.m.ExecutorMetricsLogger - [EXECUTOR-METRICS][BG-Task       [aiTaskExecutor]] threads=0/5 queue=0/500 (0%) completed=5
2026-06-22 17:41:12.723 [scheduling-1] INFO  [txId=] [corrId=] c.d.f.i.m.ExecutorMetricsLogger - [EXECUTOR-METRICS][RT-Emotion    [realtimeEmotionExecutor]] threads=0/3 queue=0/30 (0%) completed=124
2026-06-22 17:41:12.723 [scheduling-1] INFO  [txId=] [corrId=] c.d.f.i.m.ExecutorMetricsLogger - [EXECUTOR-METRICS][BioVerify     [biometricVerifyExecutor]] threads=0/4 queue=0/50 (0%) completed=4
2026-06-22 17:41:42.722 [scheduling-1] INFO  [txId=] [corrId=] c.d.f.i.m.ExecutorMetricsLogger - [EXECUTOR-METRICS][BG-Task       [aiTaskExecutor]] threads=0/5 queue=0/500 (0%) completed=5
2026-06-22 17:41:42.722 [scheduling-1] INFO  [txId=] [corrId=] c.d.f.i.m.ExecutorMetricsLogger - [EXECUTOR-METRICS][RT-Emotion    [realtimeEmotionExecutor]] threads=0/3 queue=0/30 (0%) completed=124
2026-06-22 17:41:42.722 [scheduling-1] INFO  [txId=] [corrId=] c.d.f.i.m.ExecutorMetricsLogger - [EXECUTOR-METRICS][BioVerify     [biometricVerifyExecutor]] threads=0/4 queue=0/50 (0%) completed=4
2026-06-22 17:42:12.716 [scheduling-1] INFO  [txId=] [corrId=] c.d.f.i.m.ExecutorMetricsLogger - [EXECUTOR-METRICS][BG-Task       [aiTaskExecutor]] threads=0/5 queue=0/500 (0%) completed=5
2026-06-22 17:42:12.716 [scheduling-1] INFO  [txId=] [corrId=] c.d.f.i.m.ExecutorMetricsLogger - [EXECUTOR-METRICS][RT-Emotion    [realtimeEmotionExecutor]] threads=0/3 queue=0/30 (0%) completed=124
2026-06-22 17:42:12.716 [scheduling-1] INFO  [txId=] [corrId=] c.d.f.i.m.ExecutorMetricsLogger - [EXECUTOR-METRICS][BioVerify     [biometricVerifyExecutor]] threads=0/4 queue=0/50 (0%) completed=4
2026-06-22 17:42:42.718 [scheduling-1] INFO  [txId=] [corrId=] c.d.f.i.m.ExecutorMetricsLogger - [EXECUTOR-METRICS][BG-Task       [aiTaskExecutor]] threads=0/5 queue=0/500 (0%) completed=5
2026-06-22 17:42:42.718 [scheduling-1] INFO  [txId=] [corrId=] c.d.f.i.m.ExecutorMetricsLogger - [EXECUTOR-METRICS][RT-Emotion    [realtimeEmotionExecutor]] threads=0/3 queue=0/30 (0%) completed=124
2026-06-22 17:42:42.718 [scheduling-1] INFO  [txId=] [corrId=] c.d.f.i.m.ExecutorMetricsLogger - [EXECUTOR-METRICS][BioVerify     [biometricVerifyExecutor]] threads=0/4 queue=0/50 (0%) completed=4
2026-06-22 17:43:12.714 [scheduling-1] INFO  [txId=] [corrId=] c.d.f.i.m.ExecutorMetricsLogger - [EXECUTOR-METRICS][BG-Task       [aiTaskExecutor]] threads=0/5 queue=0/500 (0%) completed=5
2026-06-22 17:43:12.714 [scheduling-1] INFO  [txId=] [corrId=] c.d.f.i.m.ExecutorMetricsLogger - [EXECUTOR-METRICS][RT-Emotion    [realtimeEmotionExecutor]] threads=0/3 queue=0/30 (0%) completed=124
2026-06-22 17:43:12.714 [scheduling-1] INFO  [txId=] [corrId=] c.d.f.i.m.ExecutorMetricsLogger - [EXECUTOR-METRICS][BioVerify     [biometricVerifyExecutor]] threads=0/4 queue=0/50 (0%) completed=4
2026-06-22 17:43:42.723 [scheduling-1] INFO  [txId=] [corrId=] c.d.f.i.m.ExecutorMetricsLogger - [EXECUTOR-METRICS][BG-Task       [aiTaskExecutor]] threads=0/5 queue=0/500 (0%) completed=5
2026-06-22 17:43:42.723 [scheduling-1] INFO  [txId=] [corrId=] c.d.f.i.m.ExecutorMetricsLogger - [EXECUTOR-METRICS][RT-Emotion    [realtimeEmotionExecutor]] threads=0/3 queue=0/30 (0%) completed=124
2026-06-22 17:43:42.723 [scheduling-1] INFO  [txId=] [corrId=] c.d.f.i.m.ExecutorMetricsLogger - [EXECUTOR-METRICS][BioVerify     [biometricVerifyExecutor]] threads=0/4 queue=0/50 (0%) completed=4
2026-06-22 17:44:12.721 [scheduling-1] INFO  [txId=] [corrId=] c.d.f.i.m.ExecutorMetricsLogger - [EXECUTOR-METRICS][BG-Task       [aiTaskExecutor]] threads=0/5 queue=0/500 (0%) completed=5
2026-06-22 17:44:12.722 [scheduling-1] INFO  [txId=] [corrId=] c.d.f.i.m.ExecutorMetricsLogger - [EXECUTOR-METRICS][RT-Emotion    [realtimeEmotionExecutor]] threads=0/3 queue=0/30 (0%) completed=124
2026-06-22 17:44:12.722 [scheduling-1] INFO  [txId=] [corrId=] c.d.f.i.m.ExecutorMetricsLogger - [EXECUTOR-METRICS][BioVerify     [biometricVerifyExecutor]] threads=0/4 queue=0/50 (0%) completed=4
2026-06-22 17:44:42.718 [scheduling-1] INFO  [txId=] [corrId=] c.d.f.i.m.ExecutorMetricsLogger - [EXECUTOR-METRICS][BG-Task       [aiTaskExecutor]] threads=0/5 queue=0/500 (0%) completed=5
2026-06-22 17:44:42.718 [scheduling-1] INFO  [txId=] [corrId=] c.d.f.i.m.ExecutorMetricsLogger - [EXECUTOR-METRICS][RT-Emotion    [realtimeEmotionExecutor]] threads=0/3 queue=0/30 (0%) completed=124
2026-06-22 17:44:42.718 [scheduling-1] INFO  [txId=] [corrId=] c.d.f.i.m.ExecutorMetricsLogger - [EXECUTOR-METRICS][BioVerify     [biometricVerifyExecutor]] threads=0/4 queue=0/50 (0%) completed=4
2026-06-22 17:45:12.726 [scheduling-1] INFO  [txId=] [corrId=] c.d.f.i.m.ExecutorMetricsLogger - [EXECUTOR-METRICS][BG-Task       [aiTaskExecutor]] threads=0/5 queue=0/500 (0%) completed=5
2026-06-22 17:45:12.726 [scheduling-1] INFO  [txId=] [corrId=] c.d.f.i.m.ExecutorMetricsLogger - [EXECUTOR-METRICS][RT-Emotion    [realtimeEmotionExecutor]] threads=0/3 queue=0/30 (0%) completed=124
2026-06-22 17:45:12.726 [scheduling-1] INFO  [txId=] [corrId=] c.d.f.i.m.ExecutorMetricsLogger - [EXECUTOR-METRICS][BioVerify     [biometricVerifyExecutor]] threads=0/4 queue=0/50 (0%) completed=4
2026-06-22 17:45:42.717 [scheduling-1] INFO  [txId=] [corrId=] c.d.f.i.m.ExecutorMetricsLogger - [EXECUTOR-METRICS][BG-Task       [aiTaskExecutor]] threads=0/5 queue=0/500 (0%) completed=5
2026-06-22 17:45:42.718 [scheduling-1] INFO  [txId=] [corrId=] c.d.f.i.m.ExecutorMetricsLogger - [EXECUTOR-METRICS][RT-Emotion    [realtimeEmotionExecutor]] threads=0/3 queue=0/30 (0%) completed=124
2026-06-22 17:45:42.718 [scheduling-1] INFO  [txId=] [corrId=] c.d.f.i.m.ExecutorMetricsLogger - [EXECUTOR-METRICS][BioVerify     [biometricVerifyExecutor]] threads=0/4 queue=0/50 (0%) completed=4
2026-06-22 17:45:42.722 [scheduling-1] INFO  [txId=] [corrId=] c.d.f.i.a.PerformanceTracerAspect - [TRACE-JAVA] com.datn.finrisk.core.repository.BiometricSessionRepository.deleteByExpiresAtBefore() executed in 3 ms
2026-06-22 17:45:42.722 [scheduling-1] INFO  [txId=] [corrId=] c.d.f.w.w.BiometricSessionCleanupScheduler - [BIOMETRIC-SCHEDULER] Expired biometric sessions purged from DB
2026-06-22 17:45:42.722 [scheduling-1] INFO  [txId=] [corrId=] c.d.f.w.w.WebSocketMetricsLogger - [WS-METRICS] active_sessions=0 total_buffered_frames=0 total_buffer_size={ Milan}MB
2026-06-22 17:45:43.063 [scheduling-1] INFO  [txId=] [corrId=] c.d.f.i.a.PerformanceTracerAspect - [TRACE-JAVA] com.datn.finrisk.core.repository.TransactionRepository.findStalledTransactionIds() executed in 3 ms
2026-06-22 17:46:12.727 [scheduling-1] INFO  [txId=] [corrId=] c.d.f.i.m.ExecutorMetricsLogger - [EXECUTOR-METRICS][BG-Task       [aiTaskExecutor]] threads=0/5 queue=0/500 (0%) completed=5
2026-06-22 17:46:12.728 [scheduling-1] INFO  [txId=] [corrId=] c.d.f.i.m.ExecutorMetricsLogger - [EXECUTOR-METRICS][RT-Emotion    [realtimeEmotionExecutor]] threads=0/3 queue=0/30 (0%) completed=124
2026-06-22 17:46:12.728 [scheduling-1] INFO  [txId=] [corrId=] c.d.f.i.m.ExecutorMetricsLogger - [EXECUTOR-METRICS][BioVerify     [biometricVerifyExecutor]] threads=0/4 queue=0/50 (0%) completed=4
2026-06-22 17:46:42.722 [scheduling-1] INFO  [txId=] [corrId=] c.d.f.i.m.ExecutorMetricsLogger - [EXECUTOR-METRICS][BG-Task       [aiTaskExecutor]] threads=0/5 queue=0/500 (0%) completed=5
2026-06-22 17:46:42.722 [scheduling-1] INFO  [txId=] [corrId=] c.d.f.i.m.ExecutorMetricsLogger - [EXECUTOR-METRICS][RT-Emotion    [realtimeEmotionExecutor]] threads=0/3 queue=0/30 (0%) completed=124
2026-06-22 17:46:42.722 [scheduling-1] INFO  [txId=] [corrId=] c.d.f.i.m.ExecutorMetricsLogger - [EXECUTOR-METRICS][BioVerify     [biometricVerifyExecutor]] threads=0/4 queue=0/50 (0%) completed=4
2026-06-22 17:47:12.719 [scheduling-1] INFO  [txId=] [corrId=] c.d.f.i.m.ExecutorMetricsLogger - [EXECUTOR-METRICS][BG-Task       [aiTaskExecutor]] threads=0/5 queue=0/500 (0%) completed=5
2026-06-22 17:47:12.719 [scheduling-1] INFO  [txId=] [corrId=] c.d.f.i.m.ExecutorMetricsLogger - [EXECUTOR-METRICS][RT-Emotion    [realtimeEmotionExecutor]] threads=0/3 queue=0/30 (0%) completed=124
2026-06-22 17:47:12.720 [scheduling-1] INFO  [txId=] [corrId=] c.d.f.i.m.ExecutorMetricsLogger - [EXECUTOR-METRICS][BioVerify     [biometricVerifyExecutor]] threads=0/4 queue=0/50 (0%) completed=4
2026-06-22 17:47:42.714 [scheduling-1] INFO  [txId=] [corrId=] c.d.f.i.m.ExecutorMetricsLogger - [EXECUTOR-METRICS][BG-Task       [aiTaskExecutor]] threads=0/5 queue=0/500 (0%) completed=5
2026-06-22 17:47:42.715 [scheduling-1] INFO  [txId=] [corrId=] c.d.f.i.m.ExecutorMetricsLogger - [EXECUTOR-METRICS][RT-Emotion    [realtimeEmotionExecutor]] threads=0/3 queue=0/30 (0%) completed=124
2026-06-22 17:47:42.715 [scheduling-1] INFO  [txId=] [corrId=] c.d.f.i.m.ExecutorMetricsLogger - [EXECUTOR-METRICS][BioVerify     [biometricVerifyExecutor]] threads=0/4 queue=0/50 (0%) completed=4
2026-06-22 17:48:12.724 [scheduling-1] INFO  [txId=] [corrId=] c.d.f.i.m.ExecutorMetricsLogger - [EXECUTOR-METRICS][BG-Task       [aiTaskExecutor]] threads=0/5 queue=0/500 (0%) completed=5
2026-06-22 17:48:12.724 [scheduling-1] INFO  [txId=] [corrId=] c.d.f.i.m.ExecutorMetricsLogger - [EXECUTOR-METRICS][RT-Emotion    [realtimeEmotionExecutor]] threads=0/3 queue=0/30 (0%) completed=124
2026-06-22 17:48:12.724 [scheduling-1] INFO  [txId=] [corrId=] c.d.f.i.m.ExecutorMetricsLogger - [EXECUTOR-METRICS][BioVerify     [biometricVerifyExecutor]] threads=0/4 queue=0/50 (0%) completed=4
2026-06-22 17:48:42.726 [scheduling-1] INFO  [txId=] [corrId=] c.d.f.i.m.ExecutorMetricsLogger - [EXECUTOR-METRICS][BG-Task       [aiTaskExecutor]] threads=0/5 queue=0/500 (0%) completed=5
2026-06-22 17:48:42.726 [scheduling-1] INFO  [txId=] [corrId=] c.d.f.i.m.ExecutorMetricsLogger - [EXECUTOR-METRICS][RT-Emotion    [realtimeEmotionExecutor]] threads=0/3 queue=0/30 (0%) completed=124
2026-06-22 17:48:42.726 [scheduling-1] INFO  [txId=] [corrId=] c.d.f.i.m.ExecutorMetricsLogger - [EXECUTOR-METRICS][BioVerify     [biometricVerifyExecutor]] threads=0/4 queue=0/50 (0%) completed=4
2026-06-22 17:49:12.727 [scheduling-1] INFO  [txId=] [corrId=] c.d.f.i.m.ExecutorMetricsLogger - [EXECUTOR-METRICS][BG-Task       [aiTaskExecutor]] threads=0/5 queue=0/500 (0%) completed=5
2026-06-22 17:49:12.727 [scheduling-1] INFO  [txId=] [corrId=] c.d.f.i.m.ExecutorMetricsLogger - [EXECUTOR-METRICS][RT-Emotion    [realtimeEmotionExecutor]] threads=0/3 queue=0/30 (0%) completed=124
2026-06-22 17:49:12.727 [scheduling-1] INFO  [txId=] [corrId=] c.d.f.i.m.ExecutorMetricsLogger - [EXECUTOR-METRICS][BioVerify     [biometricVerifyExecutor]] threads=0/4 queue=0/50 (0%) completed=4
2026-06-22 17:49:42.724 [scheduling-1] INFO  [txId=] [corrId=] c.d.f.i.m.ExecutorMetricsLogger - [EXECUTOR-METRICS][BG-Task       [aiTaskExecutor]] threads=0/5 queue=0/500 (0%) completed=5
2026-06-22 17:49:42.724 [scheduling-1] INFO  [txId=] [corrId=] c.d.f.i.m.ExecutorMetricsLogger - [EXECUTOR-METRICS][RT-Emotion    [realtimeEmotionExecutor]] threads=0/3 queue=0/30 (0%) completed=124
2026-06-22 17:49:42.724 [scheduling-1] INFO  [txId=] [corrId=] c.d.f.i.m.ExecutorMetricsLogger - [EXECUTOR-METRICS][BioVerify     [biometricVerifyExecutor]] threads=0/4 queue=0/50 (0%) completed=4
2026-06-22 17:50:12.713 [scheduling-1] INFO  [txId=] [corrId=] c.d.f.i.m.ExecutorMetricsLogger - [EXECUTOR-METRICS][BG-Task       [aiTaskExecutor]] threads=0/5 queue=0/500 (0%) completed=5
2026-06-22 17:50:12.713 [scheduling-1] INFO  [txId=] [corrId=] c.d.f.i.m.ExecutorMetricsLogger - [EXECUTOR-METRICS][RT-Emotion    [realtimeEmotionExecutor]] threads=0/3 queue=0/30 (0%) completed=124
2026-06-22 17:50:12.713 [scheduling-1] INFO  [txId=] [corrId=] c.d.f.i.m.ExecutorMetricsLogger - [EXECUTOR-METRICS][BioVerify     [biometricVerifyExecutor]] threads=0/4 queue=0/50 (0%) completed=4
2026-06-22 17:50:42.725 [scheduling-1] INFO  [txId=] [corrId=] c.d.f.i.m.ExecutorMetricsLogger - [EXECUTOR-METRICS][BG-Task       [aiTaskExecutor]] threads=0/5 queue=0/500 (0%) completed=5
2026-06-22 17:50:42.725 [scheduling-1] INFO  [txId=] [corrId=] c.d.f.i.m.ExecutorMetricsLogger - [EXECUTOR-METRICS][RT-Emotion    [realtimeEmotionExecutor]] threads=0/3 queue=0/30 (0%) completed=124
2026-06-22 17:50:42.725 [scheduling-1] INFO  [txId=] [corrId=] c.d.f.i.m.ExecutorMetricsLogger - [EXECUTOR-METRICS][BioVerify     [biometricVerifyExecutor]] threads=0/4 queue=0/50 (0%) completed=4
2026-06-22 17:50:42.728 [scheduling-1] INFO  [txId=] [corrId=] c.d.f.i.a.PerformanceTracerAspect - [TRACE-JAVA] com.datn.finrisk.core.repository.BiometricSessionRepository.deleteByExpiresAtBefore() executed in 2 ms
2026-06-22 17:50:42.728 [scheduling-1] INFO  [txId=] [corrId=] c.d.f.w.w.BiometricSessionCleanupScheduler - [BIOMETRIC-SCHEDULER] Expired biometric sessions purged from DB
2026-06-22 17:50:42.729 [scheduling-1] INFO  [txId=] [corrId=] c.d.f.w.w.WebSocketMetricsLogger - [WS-METRICS] active_sessions=0 total_buffered_frames=0 total_buffer_size={ Milan}MB
2026-06-22 17:50:43.068 [scheduling-1] INFO  [txId=] [corrId=] c.d.f.i.a.PerformanceTracerAspect - [TRACE-JAVA] com.datn.finrisk.core.repository.TransactionRepository.findStalledTransactionIds() executed in 2 ms
2026-06-22 17:51:12.727 [scheduling-1] INFO  [txId=] [corrId=] c.d.f.i.m.ExecutorMetricsLogger - [EXECUTOR-METRICS][BG-Task       [aiTaskExecutor]] threads=0/5 queue=0/500 (0%) completed=5
2026-06-22 17:51:12.727 [scheduling-1] INFO  [txId=] [corrId=] c.d.f.i.m.ExecutorMetricsLogger - [EXECUTOR-METRICS][RT-Emotion    [realtimeEmotionExecutor]] threads=0/3 queue=0/30 (0%) completed=124
2026-06-22 17:51:12.727 [scheduling-1] INFO  [txId=] [corrId=] c.d.f.i.m.ExecutorMetricsLogger - [EXECUTOR-METRICS][BioVerify     [biometricVerifyExecutor]] threads=0/4 queue=0/50 (0%) completed=4
2026-06-22 17:51:42.725 [scheduling-1] INFO  [txId=] [corrId=] c.d.f.i.m.ExecutorMetricsLogger - [EXECUTOR-METRICS][BG-Task       [aiTaskExecutor]] threads=0/5 queue=0/500 (0%) completed=5
2026-06-22 17:51:42.725 [scheduling-1] INFO  [txId=] [corrId=] c.d.f.i.m.ExecutorMetricsLogger - [EXECUTOR-METRICS][RT-Emotion    [realtimeEmotionExecutor]] threads=0/3 queue=0/30 (0%) completed=124
2026-06-22 17:51:42.725 [scheduling-1] INFO  [txId=] [corrId=] c.d.f.i.m.ExecutorMetricsLogger - [EXECUTOR-METRICS][BioVerify     [biometricVerifyExecutor]] threads=0/4 queue=0/50 (0%) completed=4
2026-06-22 17:52:12.726 [scheduling-1] INFO  [txId=] [corrId=] c.d.f.i.m.ExecutorMetricsLogger - [EXECUTOR-METRICS][BG-Task       [aiTaskExecutor]] threads=0/5 queue=0/500 (0%) completed=5
2026-06-22 17:52:12.726 [scheduling-1] INFO  [txId=] [corrId=] c.d.f.i.m.ExecutorMetricsLogger - [EXECUTOR-METRICS][RT-Emotion    [realtimeEmotionExecutor]] threads=0/3 queue=0/30 (0%) completed=124
2026-06-22 17:52:12.726 [scheduling-1] INFO  [txId=] [corrId=] c.d.f.i.m.ExecutorMetricsLogger - [EXECUTOR-METRICS][BioVerify     [biometricVerifyExecutor]] threads=0/4 queue=0/50 (0%) completed=4
2026-06-22 17:52:42.725 [scheduling-1] INFO  [txId=] [corrId=] c.d.f.i.m.ExecutorMetricsLogger - [EXECUTOR-METRICS][BG-Task       [aiTaskExecutor]] threads=0/5 queue=0/500 (0%) completed=5
2026-06-22 17:52:42.725 [scheduling-1] INFO  [txId=] [corrId=] c.d.f.i.m.ExecutorMetricsLogger - [EXECUTOR-METRICS][RT-Emotion    [realtimeEmotionExecutor]] threads=0/3 queue=0/30 (0%) completed=124
2026-06-22 17:52:42.725 [scheduling-1] INFO  [txId=] [corrId=] c.d.f.i.m.ExecutorMetricsLogger - [EXECUTOR-METRICS][BioVerify     [biometricVerifyExecutor]] threads=0/4 queue=0/50 (0%) completed=4
2026-06-22 17:53:12.714 [scheduling-1] INFO  [txId=] [corrId=] c.d.f.i.m.ExecutorMetricsLogger - [EXECUTOR-METRICS][BG-Task       [aiTaskExecutor]] threads=0/5 queue=0/500 (0%) completed=5
2026-06-22 17:53:12.714 [scheduling-1] INFO  [txId=] [corrId=] c.d.f.i.m.ExecutorMetricsLogger - [EXECUTOR-METRICS][RT-Emotion    [realtimeEmotionExecutor]] threads=0/3 queue=0/30 (0%) completed=124
2026-06-22 17:53:12.714 [scheduling-1] INFO  [txId=] [corrId=] c.d.f.i.m.ExecutorMetricsLogger - [EXECUTOR-METRICS][BioVerify     [biometricVerifyExecutor]] threads=0/4 queue=0/50 (0%) completed=4
2026-06-22 17:53:42.725 [scheduling-1] INFO  [txId=] [corrId=] c.d.f.i.m.ExecutorMetricsLogger - [EXECUTOR-METRICS][BG-Task       [aiTaskExecutor]] threads=0/5 queue=0/500 (0%) completed=5
2026-06-22 17:53:42.725 [scheduling-1] INFO  [txId=] [corrId=] c.d.f.i.m.ExecutorMetricsLogger - [EXECUTOR-METRICS][RT-Emotion    [realtimeEmotionExecutor]] threads=0/3 queue=0/30 (0%) completed=124
2026-06-22 17:53:42.725 [scheduling-1] INFO  [txId=] [corrId=] c.d.f.i.m.ExecutorMetricsLogger - [EXECUTOR-METRICS][BioVerify     [biometricVerifyExecutor]] threads=0/4 queue=0/50 (0%) completed=4
2026-06-22 17:54:12.725 [scheduling-1] INFO  [txId=] [corrId=] c.d.f.i.m.ExecutorMetricsLogger - [EXECUTOR-METRICS][BG-Task       [aiTaskExecutor]] threads=0/5 queue=0/500 (0%) completed=5
2026-06-22 17:54:12.725 [scheduling-1] INFO  [txId=] [corrId=] c.d.f.i.m.ExecutorMetricsLogger - [EXECUTOR-METRICS][RT-Emotion    [realtimeEmotionExecutor]] threads=0/3 queue=0/30 (0%) completed=124
2026-06-22 17:54:12.725 [scheduling-1] INFO  [txId=] [corrId=] c.d.f.i.m.ExecutorMetricsLogger - [EXECUTOR-METRICS][BioVerify     [biometricVerifyExecutor]] threads=0/4 queue=0/50 (0%) completed=4
2026-06-22 17:54:42.719 [scheduling-1] INFO  [txId=] [corrId=] c.d.f.i.m.ExecutorMetricsLogger - [EXECUTOR-METRICS][BG-Task       [aiTaskExecutor]] threads=0/5 queue=0/500 (0%) completed=5
2026-06-22 17:54:42.719 [scheduling-1] INFO  [txId=] [corrId=] c.d.f.i.m.ExecutorMetricsLogger - [EXECUTOR-METRICS][RT-Emotion    [realtimeEmotionExecutor]] threads=0/3 queue=0/30 (0%) completed=124
2026-06-22 17:54:42.719 [scheduling-1] INFO  [txId=] [corrId=] c.d.f.i.m.ExecutorMetricsLogger - [EXECUTOR-METRICS][BioVerify     [biometricVerifyExecutor]] threads=0/4 queue=0/50 (0%) completed=4
2026-06-22 17:55:12.725 [scheduling-1] INFO  [txId=] [corrId=] c.d.f.i.m.ExecutorMetricsLogger - [EXECUTOR-METRICS][BG-Task       [aiTaskExecutor]] threads=0/5 queue=0/500 (0%) completed=5
2026-06-22 17:55:12.725 [scheduling-1] INFO  [txId=] [corrId=] c.d.f.i.m.ExecutorMetricsLogger - [EXECUTOR-METRICS][RT-Emotion    [realtimeEmotionExecutor]] threads=0/3 queue=0/30 (0%) completed=124
2026-06-22 17:55:12.725 [scheduling-1] INFO  [txId=] [corrId=] c.d.f.i.m.ExecutorMetricsLogger - [EXECUTOR-METRICS][BioVerify     [biometricVerifyExecutor]] threads=0/4 queue=0/50 (0%) completed=4
2026-06-22 17:55:42.720 [scheduling-1] INFO  [txId=] [corrId=] c.d.f.i.m.ExecutorMetricsLogger - [EXECUTOR-METRICS][BG-Task       [aiTaskExecutor]] threads=0/5 queue=0/500 (0%) completed=5
2026-06-22 17:55:42.721 [scheduling-1] INFO  [txId=] [corrId=] c.d.f.i.m.ExecutorMetricsLogger - [EXECUTOR-METRICS][RT-Emotion    [realtimeEmotionExecutor]] threads=0/3 queue=0/30 (0%) completed=124
2026-06-22 17:55:42.721 [scheduling-1] INFO  [txId=] [corrId=] c.d.f.i.m.ExecutorMetricsLogger - [EXECUTOR-METRICS][BioVerify     [biometricVerifyExecutor]] threads=0/4 queue=0/50 (0%) completed=4
2026-06-22 17:55:42.734 [scheduling-1] INFO  [txId=] [corrId=] c.d.f.i.a.PerformanceTracerAspect - [TRACE-JAVA] com.datn.finrisk.core.repository.BiometricSessionRepository.deleteByExpiresAtBefore() executed in 11 ms
2026-06-22 17:55:42.734 [scheduling-1] INFO  [txId=] [corrId=] c.d.f.w.w.BiometricSessionCleanupScheduler - [BIOMETRIC-SCHEDULER] Expired biometric sessions purged from DB
2026-06-22 17:55:42.735 [scheduling-1] INFO  [txId=] [corrId=] c.d.f.w.w.WebSocketMetricsLogger - [WS-METRICS] active_sessions=0 total_buffered_frames=0 total_buffer_size={ Milan}MB
2026-06-22 17:55:43.082 [scheduling-1] INFO  [txId=] [corrId=] c.d.f.i.a.PerformanceTracerAspect - [TRACE-JAVA] com.datn.finrisk.core.repository.TransactionRepository.findStalledTransactionIds() executed in 3 ms
2026-06-22 17:56:12.717 [scheduling-1] INFO  [txId=] [corrId=] c.d.f.i.m.ExecutorMetricsLogger - [EXECUTOR-METRICS][BG-Task       [aiTaskExecutor]] threads=0/5 queue=0/500 (0%) completed=5
2026-06-22 17:56:12.717 [scheduling-1] INFO  [txId=] [corrId=] c.d.f.i.m.ExecutorMetricsLogger - [EXECUTOR-METRICS][RT-Emotion    [realtimeEmotionExecutor]] threads=0/3 queue=0/30 (0%) completed=124
2026-06-22 17:56:12.717 [scheduling-1] INFO  [txId=] [corrId=] c.d.f.i.m.ExecutorMetricsLogger - [EXECUTOR-METRICS][BioVerify     [biometricVerifyExecutor]] threads=0/4 queue=0/50 (0%) completed=4
2026-06-22 17:56:42.714 [scheduling-1] INFO  [txId=] [corrId=] c.d.f.i.m.ExecutorMetricsLogger - [EXECUTOR-METRICS][BG-Task       [aiTaskExecutor]] threads=0/5 queue=0/500 (0%) completed=5
2026-06-22 17:56:42.714 [scheduling-1] INFO  [txId=] [corrId=] c.d.f.i.m.ExecutorMetricsLogger - [EXECUTOR-METRICS][RT-Emotion    [realtimeEmotionExecutor]] threads=0/3 queue=0/30 (0%) completed=124
2026-06-22 17:56:42.714 [scheduling-1] INFO  [txId=] [corrId=] c.d.f.i.m.ExecutorMetricsLogger - [EXECUTOR-METRICS][BioVerify     [biometricVerifyExecutor]] threads=0/4 queue=0/50 (0%) completed=4
2026-06-22 17:57:12.720 [scheduling-1] INFO  [txId=] [corrId=] c.d.f.i.m.ExecutorMetricsLogger - [EXECUTOR-METRICS][BG-Task       [aiTaskExecutor]] threads=0/5 queue=0/500 (0%) completed=5
2026-06-22 17:57:12.720 [scheduling-1] INFO  [txId=] [corrId=] c.d.f.i.m.ExecutorMetricsLogger - [EXECUTOR-METRICS][RT-Emotion    [realtimeEmotionExecutor]] threads=0/3 queue=0/30 (0%) completed=124
2026-06-22 17:57:12.720 [scheduling-1] INFO  [txId=] [corrId=] c.d.f.i.m.ExecutorMetricsLogger - [EXECUTOR-METRICS][BioVerify     [biometricVerifyExecutor]] threads=0/4 queue=0/50 (0%) completed=4
2026-06-22 17:57:42.724 [scheduling-1] INFO  [txId=] [corrId=] c.d.f.i.m.ExecutorMetricsLogger - [EXECUTOR-METRICS][BG-Task       [aiTaskExecutor]] threads=0/5 queue=0/500 (0%) completed=5
2026-06-22 17:57:42.724 [scheduling-1] INFO  [txId=] [corrId=] c.d.f.i.m.ExecutorMetricsLogger - [EXECUTOR-METRICS][RT-Emotion    [realtimeEmotionExecutor]] threads=0/3 queue=0/30 (0%) completed=124
2026-06-22 17:57:42.724 [scheduling-1] INFO  [txId=] [corrId=] c.d.f.i.m.ExecutorMetricsLogger - [EXECUTOR-METRICS][BioVerify     [biometricVerifyExecutor]] threads=0/4 queue=0/50 (0%) completed=4
2026-06-22 17:57:58.629 [SpringApplicationShutdownHook] INFO  [txId=] [corrId=] o.s.b.w.e.tomcat.GracefulShutdown - Commencing graceful shutdown. Waiting for active requests to complete
2026-06-22 17:57:58.656 [tomcat-shutdown] INFO  [txId=] [corrId=] o.s.b.w.e.tomcat.GracefulShutdown - Graceful shutdown complete
2026-06-22 17:57:58.738 [SpringApplicationShutdownHook] INFO  [txId=] [corrId=] o.s.o.j.LocalContainerEntityManagerFactoryBean - Closing JPA EntityManagerFactory for persistence unit 'default'
2026-06-22 17:57:58.756 [SpringApplicationShutdownHook] INFO  [txId=] [corrId=] com.zaxxer.hikari.HikariDataSource - HikariPool-1 - Shutdown initiated...
2026-06-22 17:57:58.761 [SpringApplicationShutdownHook] INFO  [txId=] [corrId=] com.zaxxer.hikari.HikariDataSource - HikariPool-1 - Shutdown completed.
